ID,Description,setSize,enrichmentScore,NES,pvalue,p.adjust,qvalue,rank,leading_edge,core_enrichment,log2err
GO:0000070,mitotic sister chromatid segregation,198,0.7082185463100276,1.827376970518763,5.352422771602952e-8,8.714814756723927e-5,4.2366531153288725e-5,2346,"tags=35%, list=11%, signal=32%",UBE2C/BIRC5/CENPF/TPX2/KIF14/KIFC1/MAD2L1/KIF23/SMC4/NCAPG/DLGAP5/CCNB1/CDK1/BUB1/KNL1/CENPE/KIF2C/ZWINT/PLK1/BUB1B/SPC24/KIF11/PRC1/CDC20/NDC80/CDCA8/KIF15/KIF4A/SPAG5/KNSTRN/NCAPH/EML4/RHOA/DYNLT1/NCAPD2/ANAPC11/BUB3/NUP62/DYNLL1/CENPK/CDT1/FLNA/INCENP/PSRC1/NUF2/CHMP4B/AURKB/SPDL1/RCC1/TRIP13/TTK/KIF18B/NSMCE2/GEN1/SMC2/CENPA/CHMP4C/NCAPG2/RAD21/NUSAP1/KIF18A/SKA1/TUBG1/MZT1/MAD2L2/DYNLRB1/ANAPC15/SKA3/NCAPD3/SMC1A,0.7195128263389107
GO:0000819,sister chromatid segregation,237,0.6899466931091466,1.8089456465785803,1.0073295608886815e-8,2.7335566517315852e-5,1.328901603508112e-5,2346,"tags=34%, list=11%, signal=31%",TOP2A/UBE2C/BIRC5/CENPF/TPX2/KIF14/KIFC1/MAD2L1/KIF23/SMC4/NCAPG/DLGAP5/CCNB1/CDK1/BUB1/KNL1/CENPE/KIF2C/ZWINT/PLK1/BUB1B/SPC24/KIF11/PRC1/ACTB/CDC20/NDC80/CDCA8/KIF15/KIF4A/SPAG5/KNSTRN/NCAPH/EML4/RMI2/RHOA/DYNLT1/NCAPD2/ANAPC11/BUB3/NUP62/DYNLL1/TACC3/CENPK/CDT1/FLNA/INCENP/PSRC1/NEK6/NUF2/SMARCA4/CHMP4B/AURKB/SPDL1/RCC1/TRIP13/TTK/KIF18B/NSMCE2/GEN1/SMC2/CENPA/CHMP4C/NCAPG2/RAD21/NUSAP1/SMARCB1/CHFR/CDC6/SMARCC1/KIF18A/SKA1/ACTL6A/TUBG1/MZT1/MAD2L2/DYNLRB1/ANAPC15/SKA3/NCAPD3/SMC1A,0.7477396631498854
GO:0034341,response to type II interferon,105,0.758373857805651,1.8048296257182568,9.260640108563943e-7,8.376763458202117e-4,4.072311574285975e-4,2332,"tags=43%, list=11%, signal=38%",GAPDH/STAT1/PSMA7/CLDN1/GBP5/CD74/CXCL16/PSMA4/HLA-DPA1/SLC11A1/NLRC5/DAPK1/NUB1/LGALS9/TLR2/GBP1/DAPK3/PARP14/CD58/AIF1/GBP4/CCL5/PSMA1/HCK/BST2/PSMB9/SLC26A6/SEC61A1/IRF8/PSMB2/PSMB8/GCH1/PSMA5/PARP9/KYNU/PSMB3/PSMB4/GBP2/PSMA3/TRIM21/WNT5A/IRF1/CIITA/EPRS1/CALM1,0.6594443980379349
GO:0098813,nuclear chromosome segregation,293,0.6717746964579855,1.7993603886699654,5.224352520001702e-9,2.1265726932666928e-5,1.0338201186606191e-5,2419,"tags=31%, list=12%, signal=28%",TOP2A/UBE2C/BIRC5/CENPF/PTTG1/TPX2/KIF14/KIFC1/MAD2L1/KIF23/SMC4/NCAPG/DLGAP5/CCNB1/CDK1/BUB1/KNL1/CENPE/KIF2C/ZWINT/PLK1/BUB1B/SPC24/KIF11/PRC1/ACTB/CDC20/NDC80/CDCA8/ECT2/KIF15/KIF4A/SPAG5/KNSTRN/NCAPH/EML4/RMI2/RHOA/DYNLT1/NCAPD2/SGO2/ANAPC11/BUB3/NUP62/DYNLL1/TACC3/CENPK/CDT1/FLNA/SGO1/INCENP/PSRC1/NEK6/NUF2/SMARCA4/CHMP4B/AURKB/SPDL1/PSMC3IP/RCC1/TRIP13/NEK2/TTK/KIF18B/NSMCE2/GEN1/SMC2/CENPA/CHMP4C/NCAPG2/RAD21/NUSAP1/SMARCB1/CHFR/CDC6/SMARCC1/KIF18A/SKA1/ACTL6A/CDC42/TUBG1/MZT1/MAD2L2/DYNLRB1/P3H4/ANAPC15/SKA3/NCAPD3/SMC1A/ZW10/DSN1,0.7614608014455848
GO:0072012,glomerulus vasculature development,27,-0.871049594952032,-1.7989411630072032,0.0011012691115103042,0.06310362907356896,0.0306774376927313,1114,"tags=37%, list=5%, signal=35%",NOTCH2/PDGFRB/TEK/BMP4/PDGFRA/CD34/OSR1/PDGFD/EGR1/AQP1,0.45505986738722953
GO:0007059,chromosome segregation,391,0.6498380309919731,1.7890306640743514,5.305179515981924e-10,4.318946643960884e-6,2.0996291102984492e-6,2545,"tags=30%, list=12%, signal=27%",MKI67/TOP2A/UBE2C/BIRC5/CENPF/PTTG1/TPX2/KIF14/KIFC1/MAD2L1/KIF23/SMC4/NCAPG/DLGAP5/CCNB1/CDK1/BUB1/KNL1/CENPE/KIF2C/ZWINT/HJURP/PLK1/BUB1B/SPC24/CDCA2/KIF11/PRC1/ACTB/SLC25A5/CDC20/CENPU/NDC80/CDCA8/ECT2/KIF15/KIF4A/SPAG5/KNSTRN/NCAPH/EML4/RMI2/RHOA/DYNLT1/NCAPD2/SGO2/ANAPC11/BUB3/CENPH/SAC3D1/NUP62/DYNLL1/TACC3/CENPK/CDT1/CENPM/FLNA/SGO1/INCENP/CIAO2A/CENPL/PSRC1/NEK6/SMC6/NUF2/SMARCA4/CHMP4B/CENPN/AURKB/SPDL1/PSMC3IP/RCC1/CENPS/TRIP13/NEK2/TTK/KIF18B/STIL/CEP85/NSMCE2/GEN1/SMC2/CENPA/CHMP4C/NCAPG2/RAD21/NUSAP1/SMARCB1/CHFR/CDC6/SMARCC1/KIF18A/SRPK1/SKA1/ACTL6A/CDC42/CENPX/TUBG1/MZT1/MAD2L2/DYNLRB1/PUM2/P3H4/HAUS1/ANAPC15/RIOK3/ARL8A/SKA3/NCAPD3/SMC1A/TOP3A/ZW10/DSN1/NDE1/NTMT1/MAP1S/RGS14/NEK7,0.8012155746177786
GO:0061437,renal system vasculature development,29,-0.8703426547162794,-1.770685486435424,3.7461184601527304e-4,0.03505419584379699,0.017041379785196917,1114,"tags=38%, list=5%, signal=36%",NOTCH2/PDGFRB/TEK/NRP1/BMP4/PDGFRA/CD34/OSR1/PDGFD/EGR1/AQP1,0.49849310876659025
GO:0061440,kidney vasculature development,29,-0.8703426547162794,-1.770685486435424,3.7461184601527304e-4,0.03505419584379699,0.017041379785196917,1114,"tags=38%, list=5%, signal=36%",NOTCH2/PDGFRB/TEK/NRP1/BMP4/PDGFRA/CD34/OSR1/PDGFD/EGR1/AQP1,0.49849310876659025
GO:0019882,antigen processing and presentation,100,0.7417119680838848,1.7696025759014407,1.2314163061059075e-5,0.006683306765338796,0.0032490481115762986,2443,"tags=45%, list=12%, signal=40%",CTSD/TREM2/HLA-A/HLA-B/B2M/HLA-C/HLA-DRA/HLA-DQB1/HLA-DRB1/HLA-DPB1/HLA-DQA1/CD74/CD68/TAP1/HLA-DPA1/TAPBP/SLC11A1/PDIA3/HLA-DMB/CTSS/CALR/RAB10/NOD2/CTSL/HLA-F/CTSH/WAS/HLA-DOA/TAP2/HLA-DOB/CCR7/MARCHF1/HLA-DMA/CD8A/CLEC4A/RAB3B/FCGR2B/LILRB2/LGMN/IFI30/THBS1/RAB32/CST7/RAB27A/HLA-DQA2,0.5933254763964051
GO:0002715,regulation of natural killer cell mediated immunity,52,0.827044068129633,1.7637028135156314,1.1448578669017858e-5,0.0066573484960338845,0.0032364286600343887,1484,"tags=35%, list=7%, signal=32%",HLA-A/HLA-B/B2M/TIGIT/HLA-C/HAVCR2/CALHM6/GRB2/CADM1/LGALS9/TGFB1/RASGRP1/KLRD1/HLA-F/SLAMF6/CD226/ARRB2/LILRB1,0.5933254763964051
GO:0051607,defense response to virus,263,0.6561925870193919,1.7467566813958075,4.692885123251034e-7,5.457825398340953e-4,2.6532879495759477e-4,3593,"tags=37%, list=18%, signal=30%",IFI6/CXCL10/ISG15/RSAD2/STAT1/IFI27/GBP5/OAS3/MICB/AIM2/OAS1/NLRC5/IKBKE/ISG20/MX1/FOXP3/IFI44L/RNASE6/PMAIP1/TLR2/GBP1/VAMP8/OASL/OAS2/FADD/RTP4/DTX3L/ADAR/IFIT2/IFIT3/IFIH1/IFIT1/BST2/STAT2/HSP90AA1/ATAD3A/ZBP1/NMB/TLR7/POLR3K/PTPRC/IRF5/IRF2/TNFAIP3/EIF2AK2/NCBP1/PARP9/TRIM26/IRF7/LILRB1/APOBEC3H/HERC5/GBP2/C1QBP/TRIM21/CXADR/APOBEC3G/IRF1/DDX60L/TRAF3IP3/RIOK3/USP18/PML/IRF9/HYAL2/TLR3/POLR3D/CGAS/UNC93B1/IL1B/TICAM1/RIPK3/PYCARD/EXOSC4/TRIM22/RNF26/APOBEC3A/DDIT4/POLR3B/PRF1/APOBEC3F/IL12RB1/RNF185/MMP12/PLSCR1/MYD88/SHFL/DDX60/EXOSC5/F2RL1/ILRUN/TBK1/TRIM35/MARCHF2/MICA/MX2,0.674962860011025
GO:0002228,natural killer cell mediated immunity,76,0.7609042373870585,1.745464891622677,3.252632582354241e-5,0.01059187274117835,0.005149173206631564,1638,"tags=33%, list=8%, signal=30%",FCGR3A/HLA-A/HLA-B/B2M/TIGIT/HLA-C/HAVCR2/CALHM6/TUBB/GRB2/CADM1/LGALS9/TGFB1/KIF5B/CD2/RASGRP1/KLRD1/TYROBP/HLA-F/SLAMF6/CD226/ARRB2/LILRB1/VAV1/GZMB,0.557332238758646
GO:0002706,regulation of lymphocyte mediated immunity,155,0.7032585775718025,1.7436113649761504,2.0006870278284853e-6,0.0014806902812319726,7.198283919894621e-4,3108,"tags=35%, list=15%, signal=30%",LILRB4/IL4I1/TREM2/HLA-A/HLA-B/B2M/TNFSF4/TIGIT/HLA-C/HLA-DRA/HLA-DRB1/RSAD2/HAVCR2/CALHM6/LAG3/IL18/GRB2/CADM1/LGALS9/TGFB1/FOXP3/SMAD7/RASGRP1/CD7/FADD/KLRD1/HLA-F/TFRC/WAS/SLAMF6/CD226/PTPRC/ARRB2/TRAF2/CD274/CD55/LILRB1/NCKAP1L/FCGR2B/NECTIN4/MAD2L2/YWHAG/FUT7/SHLD1/DENND1B/IL1B/RIPK3/CD80/CRTAM/PDCD1/HSPD1/AGER/IL12RB1/SLC15A4/MALT1,0.6272567397185284
GO:0032729,positive regulation of type II interferon production,72,0.7793053663502485,1.742604074929005,1.3307279074416344e-5,0.006770909934051466,0.0032916358484358643,1514,"tags=38%, list=7%, signal=35%",HLA-A/ISG15/TNFSF4/CLEC7A/SLC7A5/HLA-DPB1/PSMA7/HAVCR2/PSMA4/IL18/HLA-DPA1/SLC11A1/LGALS9/CD276/CD2/FADD/PSMA1/PSMB9/PTPN22/SLAMF6/TLR7/PSMB2/PSMB8/PSMA5/PSMB3/LILRB1/PSMB4,0.5933254763964051
GO:0000280,nuclear division,382,0.6306269665049202,1.737825548238969,4.0477674499966394e-8,8.23821870260566e-5,4.0049589010742655e-5,2701,"tags=29%, list=13%, signal=26%",MKI67/TOP2A/UBE2C/BIRC5/CENPF/PTTG1/TPX2/KIF14/KIFC1/MAD2L1/KIF23/ANLN/SMC4/NCAPG/CHEK1/DLGAP5/CCNB1/CDK1/BUB1/KNL1/CENPE/KIF2C/ZWINT/PLK1/BUB1B/SPC24/CDCA2/KIF11/PRC1/BRIP1/CDC20/RAD51AP1/NDC80/PKMYT1/CDCA8/KIF15/KIF4A/SPAG5/AURKA/REEP4/KNSTRN/NCAPH/EML4/TGFB1/RHOA/DYNLT1/NCAPD2/SGO2/ANAPC11/BUB3/DAPK3/NUP62/DYNLL1/CENPK/CDT1/FLNA/SGO1/INCENP/PSRC1/NUF2/TDRKH/CHMP4B/AURKB/SPDL1/BORA/PSMC3IP/TESMIN/RCC1/CENPS/CYP26B1/TRIP13/NEK2/TTK/RAD54L/KIF18B/RMI1/CEP85/NSMCE2/REEP3/GEN1/PIN1/SMC2/CENPA/CHMP4C/NCAPG2/RAD21/NUSAP1/CHFR/KIF18A/SKA1/BRCA2/CENPX/TUBG1/MZT1/MAD2L2/DYNLRB1/P3H4/ANAPC15/SKA3/NCAPD3/SMC1A/ZW10/NDE1/ING2/RAD51/RAD1/KIF20B/AURKC/RAB24/IL1B/KIF2A,0.7195128263389107
GO:0090090,negative regulation of canonical Wnt signaling pathway,118,-0.6818913328030477,-1.7349099950991342,2.6544475351624554e-4,0.030871224833939354,0.015007854385638605,1794,"tags=30%, list=9%, signal=27%",SMAD4/TLE5/GLI3/LATS1/LATS2/PFDN5/NPHP3/DKK2/LRP4/KREMEN1/WNT11/ZNRF3/JADE1/TLE1/MCC/DAB2/WWTR1/SOX13/IGFBP2/AXIN2/SOX17/BICC1/MEST/FRZB/TLE2/TBX18/CDON/TMEM88/CAV1/IGFBP4/TCF7L2/RBMS3/IGFBP6/SFRP1/EGR1,0.49849310876659025
GO:0042269,regulation of natural killer cell mediated cytotoxicity,46,0.8129725086494906,1.7348981055574235,8.652564802710241e-5,0.018536981594437913,0.009011638573301372,1484,"tags=35%, list=7%, signal=32%",HLA-A/HLA-B/TIGIT/HLA-C/HAVCR2/GRB2/CADM1/LGALS9/TGFB1/RASGRP1/KLRD1/HLA-F/SLAMF6/CD226/ARRB2/LILRB1,0.5384340963099162
GO:0002704,negative regulation of leukocyte mediated immunity,60,0.7858040955717513,1.7348737107018783,9.548711884165946e-5,0.01942734236262577,0.009444481935737653,1798,"tags=40%, list=9%, signal=37%",LILRB4/IL4I1/HLA-A/HLA-B/TIGIT/HAVCR2/LAG3/GRB2/LGALS9/TGFB1/FOXP3/SMAD7/CD300A/SPI1/KLRD1/HLA-F/BST2/PTPRC/ARRB2/CD84/CD274/LILRB1/NCKAP1L/FCGR2B,0.5384340963099162
GO:0001910,regulation of leukocyte mediated cytotoxicity,82,0.7476073805480469,1.7322830058172003,2.4300899263911008e-5,0.009371648920434173,0.004555968968117412,2056,"tags=33%, list=10%, signal=30%",HLA-A/HLA-B/TIGIT/HLA-C/HLA-DRA/HLA-DRB1/HAVCR2/GRB2/CADM1/LGALS9/TGFB1/SPI1/RASGRP1/FADD/KLRD1/TYROBP/HLA-F/SLAMF6/CD226/PTPRC/ARRB2/LILRB1/ITGAM/NCKAP1L/FCGR2B/ICAM1/NECTIN4,0.5756102610711286
GO:0014888,striated muscle adaptation,28,-0.8508778043459417,-1.7299416140877457,0.001582472717942877,0.074467690154757,0.036202005469144004,2067,"tags=32%, list=10%, signal=29%",ATP2B4/KLF15/ERRFI1/SMAD4/PPARG/LMNA/HDAC4/SMAD3/GSN,0.45505986738722953
GO:0019884,antigen processing and presentation of exogenous antigen,42,0.8148379235054604,1.7243451145030406,5.493342282513327e-4,0.044472423196496816,0.021619992569123857,2041,"tags=52%, list=10%, signal=47%",CTSD/HLA-A/HLA-B/B2M/HLA-C/HLA-DRA/HLA-DQB1/HLA-DRB1/HLA-DPB1/HLA-DQA1/HLA-DPA1/HLA-DMB/CTSS/CTSL/HLA-F/HLA-DOA/HLA-DOB/HLA-DMA/CLEC4A/FCGR2B/LGMN/IFI30,0.47727081536286214
GO:0051310,metaphase chromosome alignment,103,0.7274219742027447,1.7201257803157808,2.6476836404616877e-5,0.009371648920434173,0.004555968968117412,2649,"tags=39%, list=13%, signal=34%",BIRC5/CENPF/KIF14/KIFC1/CCNB1/CDK1/KNL1/CENPE/KIF2C/ZWINT/SPC24/NDC80/CDCA8/ECT2/SPAG5/KNSTRN/EML4/BUB3/NUP62/CDT1/SGO1/INCENP/PSRC1/NUF2/CHMP4B/AURKB/SPDL1/NEK2/TTK/CENPA/CHMP4C/KIF18A/SKA1/CDC42/SKA3/ZW10/DSN1/MAP1S/AURKC/RAB24,0.5756102610711286
GO:0051304,chromosome separation,83,0.7397901954614008,1.7168571918376945,4.184910023919921e-5,0.01146178939971298,0.005572077792023198,2418,"tags=49%, list=12%, signal=44%",UBE2C/BIRC5/CENPF/MAD2L1/SMC4/NCAPG/DLGAP5/CCNB1/BUB1/KNL1/ZWINT/PLK1/BUB1B/SPC24/CDC20/NDC80/CDCA8/NCAPH/DYNLT1/ANAPC11/BUB3/DYNLL1/INCENP/NUF2/AURKB/SPDL1/TRIP13/TTK/NSMCE2/GEN1/SMC2/NCAPG2/RAD21/CHFR/SKA1/MAD2L2/DYNLRB1/ANAPC15/SKA3/TOP3A/ZW10,0.557332238758646
GO:0030574,collagen catabolic process,37,0.8438521840673177,1.7162683757630397,4.2237278220291046e-5,0.01146178939971298,0.005572077792023198,831,"tags=38%, list=4%, signal=36%",MMP11/CTSB/MMP9/MMP1/MMP7/MMP13/FAP/MMP14/ADAMTS14/CTSS/ITGB1/MMP3/ADAMTS2/CTSL,0.557332238758646
GO:0008608,attachment of spindle microtubules to kinetochore,54,0.7916568193638949,1.715940971107919,6.650089789521071e-5,0.015468108850426012,0.007519725132291697,2649,"tags=50%, list=13%, signal=44%",BIRC5/CCNB1/CDK1/KNL1/CENPE/KIF2C/SPC24/NDC80/CDCA8/ECT2/SPAG5/KNSTRN/EML4/BUB3/CDT1/SGO1/INCENP/NUF2/AURKB/NEK2/SKA1/CDC42/SKA3/ZW10/DSN1/AURKC/RAB24,0.5384340963099162
GO:0048002,antigen processing and presentation of peptide antigen,64,0.7806914383345178,1.7126827123492285,4.2043821205669625e-5,0.01146178939971298,0.005572077792023198,1864,"tags=45%, list=9%, signal=41%",CTSD/TREM2/HLA-A/HLA-B/B2M/HLA-C/HLA-DRA/HLA-DQB1/HLA-DRB1/HLA-DPB1/HLA-DQA1/TAP1/HLA-DPA1/TAPBP/SLC11A1/PDIA3/HLA-DMB/CTSS/CALR/CTSL/HLA-F/HLA-DOA/TAP2/HLA-DOB/MARCHF1/HLA-DMA/CLEC4A/FCGR2B/LGMN,0.557332238758646
GO:0050000,chromosome localization,114,0.7122844384866165,1.7045701893893632,3.1704175407781467e-5,0.01059187274117835,0.005149173206631564,2649,"tags=38%, list=13%, signal=33%",BIRC5/CENPF/KIF14/KIFC1/DLGAP5/CCNB1/CDK1/KNL1/CENPE/KIF2C/ZWINT/SPC24/NDC80/CDCA8/ECT2/SPAG5/KNSTRN/EML4/XRCC4/BUB3/NUP62/CDT1/SGO1/INCENP/PSRC1/NUF2/CHMP4B/AURKB/SPDL1/NEK2/TTK/CENPA/CHMP4C/KIF18A/SKA1/CDC42/SKA3/ZW10/DSN1/NDE1/MAP1S/AURKC/RAB24,0.557332238758646
GO:0071357,cellular response to type I interferon,101,0.720283163386992,1.700956168299109,5.527028748878578e-5,0.01388857119026792,0.006751842700421889,3794,"tags=55%, list=19%, signal=45%",ISG15/STAT1/PSMA7/IFI27/PSMA4/OAS3/OAS1/PSMD14/NLRC5/IKBKE/PSMD1/OASL/OAS2/FADD/TTLL12/PSMD7/PSMA1/IFIT1/PSMD2/PSME2/STAT2/IRAK1/ZBP1/PSMD6/UBE2K/PSMB2/PSMA5/PSMD8/PSMB3/RBM47/IRF7/PSMB4/PSMB6/PSMA3/PTPN1/PSMD4/WNT5A/EIF4E2/PSMD3/USP18/PSMC4/PSMC1/PSMC3/ADRM1/PTPN6/RNF185/MMP12/PSMB1/PSMD13/MYD88/PSMB7/TBK1/SMIM30/PSMA6/TYK2/SP100,0.557332238758646
GO:0051983,regulation of chromosome segregation,131,0.7003633500006838,1.6998944673524725,4.7887146031195554e-6,0.0032487437986663584,0.0015793566380634429,2418,"tags=41%, list=12%, signal=37%",UBE2C/BIRC5/CENPF/MAD2L1/SMC4/NCAPG/DLGAP5/CCNB1/CDK1/BUB1/KNL1/CENPE/KIF2C/ZWINT/PLK1/BUB1B/SPC24/ACTB/CDC20/NDC80/CDCA8/NCAPH/RMI2/DYNLT1/ANAPC11/BUB3/DYNLL1/TACC3/INCENP/NEK6/SMC6/NUF2/SMARCA4/AURKB/SPDL1/TRIP13/TTK/NSMCE2/GEN1/SMC2/NCAPG2/RAD21/SMARCB1/CHFR/CDC6/SMARCC1/SKA1/ACTL6A/MAD2L2/DYNLRB1/PUM2/ANAPC15/SKA3/ZW10,0.610526878385931
GO:0140014,mitotic nuclear division,270,0.640566666696533,1.6986594183604045,1.6740088337876809e-6,0.0013628105915865511,6.625219123554629e-4,2431,"tags=32%, list=12%, signal=28%",MKI67/UBE2C/BIRC5/CENPF/TPX2/KIF14/KIFC1/MAD2L1/KIF23/ANLN/SMC4/NCAPG/CHEK1/DLGAP5/CCNB1/CDK1/BUB1/KNL1/CENPE/KIF2C/ZWINT/PLK1/BUB1B/SPC24/CDCA2/KIF11/PRC1/CDC20/NDC80/PKMYT1/CDCA8/KIF15/KIF4A/SPAG5/AURKA/REEP4/KNSTRN/NCAPH/EML4/TGFB1/RHOA/DYNLT1/NCAPD2/ANAPC11/BUB3/DAPK3/NUP62/DYNLL1/CENPK/CDT1/FLNA/INCENP/PSRC1/NUF2/CHMP4B/AURKB/SPDL1/BORA/RCC1/TRIP13/NEK2/TTK/KIF18B/CEP85/NSMCE2/REEP3/GEN1/PIN1/SMC2/CENPA/CHMP4C/NCAPG2/RAD21/NUSAP1/KIF18A/SKA1/TUBG1/MZT1/MAD2L2/DYNLRB1/ANAPC15/SKA3/NCAPD3/SMC1A/ZW10/NDE1,0.6435518361507222
GO:0060070,canonical Wnt signaling pathway,272,-0.6066157086845627,-1.6973500497106795,1.0684862031062553e-5,0.0066573484960338845,0.0032364286600343887,1795,"tags=23%, list=9%, signal=21%",USP34/SMAD4/TLE5/GNAQ/PYGO1/GLI3/EDN1/LATS1/LATS2/TCF7L1/DIXDC1/PFDN5/NPHP3/DKK2/LRRK2/LRP4/USP8/KREMEN1/WNT11/DDX3X/ZNRF3/JADE1/TLE1/SMAD3/MCC/DAB2/FZD7/DAAM2/WWTR1/LRP5/SOX13/IGFBP2/AXIN2/ZEB2/NR4A2/SOX17/BICC1/WLS/RECK/FZD4/ZNF703/MEST/FRZB/SEMA5A/LRP6/EGFR/TLE2/TBX18/CDON/TMEM88/CAV1/IGFBP4/TCF7L2/PLEKHA4/RSPO3/RBMS3/KLF4/ADGRA2/IGFBP6/EDNRB/SFRP1/EGR1/GPC3,0.5933254763964051
GO:0050951,sensory perception of temperature stimulus,19,-0.8880824046439442,-1.697259998296555,0.003554322335743236,0.1139202288790775,0.05538161235236124,1059,"tags=21%, list=5%, signal=20%",NTRK1/SCN9A/TAC1/CXCL12,0.4317076958033464
GO:0050961,detection of temperature stimulus involved in sensory perception,14,-0.9063478739790027,-1.6960382851551532,0.0054495409131769335,0.1444744843631371,0.07023537405546798,1059,"tags=29%, list=5%, signal=27%",NTRK1/SCN9A/TAC1/CXCL12,0.40701791892395395
GO:0008306,associative learning,49,-0.7597712851490295,-1.6903349302046686,0.0037234097871475485,0.11661489967223092,0.056691609837022726,996,"tags=24%, list=5%, signal=23%",TSC1/MAP1A/CLSTN2/ABL1/SHANK3/RELN/ADCY3/TACR1/KIT/FOS/RAPGEF3/TAC1,0.4317076958033464
GO:0034340,response to type I interferon,107,0.7080660503212265,1.69032571733528,5.297398155094908e-5,0.01388857119026792,0.006751842700421889,3794,"tags=56%, list=19%, signal=46%",ISG15/STAT1/PSMA7/IFI27/PSMA4/OAS3/OAS1/PSMD14/NLRC5/IKBKE/MX1/SHMT2/PSMD1/OASL/OAS2/FADD/TTLL12/PSMD7/PSMA1/IFIT1/PSMD2/PSME2/STAT2/IRAK1/ZBP1/PSMD6/UBE2K/SMPD1/PSMB2/PSMA5/PSMD8/PSMB3/RBM47/IRF7/PSMB4/PSMB6/PSMA3/PTPN1/PSMD4/WNT5A/EIF4E2/PSMD3/USP18/PSMC4/PSMC1/PSMC3/ADRM1/PTPN6/RNF185/MMP12/PSMB1/PSMD13/MYD88/SHFL/PSMB7/TBK1/SMIM30/PSMA6/TYK2/SP100,0.557332238758646
GO:0002709,regulation of T cell mediated immunity,91,0.7172841598055849,1.6882220809450332,2.4920930895021406e-4,0.02940308672701004,0.01429412815529549,3108,"tags=41%, list=15%, signal=35%",LILRB4/IL4I1/HLA-A/HLA-B/B2M/TNFSF4/HLA-C/HLA-DRA/HLA-DRB1/RSAD2/LAG3/IL18/FOXP3/SMAD7/CD7/FADD/KLRD1/HLA-F/WAS/PTPRC/TRAF2/CD274/CD55/LILRB1/NCKAP1L/FCGR2B/YWHAG/FUT7/DENND1B/IL1B/RIPK3/CD80/PDCD1/HSPD1/AGER/IL12RB1/MALT1,0.49849310876659025
GO:0060828,regulation of canonical Wnt signaling pathway,224,-0.6146499596135891,-1.6879143592490928,2.0086121003144154e-5,0.008575396886848333,0.004168875983028358,1795,"tags=24%, list=9%, signal=22%",USP34/SMAD4/TLE5/GNAQ/GLI3/LATS1/LATS2/PFDN5/NPHP3/DKK2/LRRK2/LRP4/USP8/KREMEN1/WNT11/DDX3X/ZNRF3/JADE1/TLE1/SMAD3/MCC/DAB2/FZD7/DAAM2/WWTR1/SOX13/IGFBP2/AXIN2/ZEB2/SOX17/BICC1/WLS/RECK/ZNF703/MEST/FRZB/SEMA5A/EGFR/TLE2/TBX18/CDON/TMEM88/CAV1/IGFBP4/TCF7L2/PLEKHA4/RSPO3/RBMS3/ADGRA2/IGFBP6/SFRP1/EGR1/GPC3,0.5756102610711286
GO:0035987,endodermal cell differentiation,42,0.7959124601494891,1.68429539499909,0.001337392918447608,0.06823026524033524,0.03316972005252903,243,"tags=26%, list=1%, signal=26%",FN1/COL11A1/MMP9/INHBA/COL8A1/COL5A2/ITGB2/COL12A1/COL5A1/MMP14/MACROH2A1,0.45505986738722953
GO:0007612,learning,89,-0.6838917447202089,-1.6831961015270862,0.001116257985872715,0.06310362907356896,0.0306774376927313,996,"tags=21%, list=5%, signal=20%",TSC1/MAP1A/DLG4/CIC/CLSTN2/NTRK2/PLCB1/PTN/ABL1/SHANK3/RELN/ADCY3/TACR1/KIT/NRXN2/FOS/RAPGEF3/CLDN5/TAC1,0.45505986738722953
GO:1905818,regulation of chromosome separation,78,0.7406204122899784,1.6828095065877633,8.614919005311297e-5,0.018536981594437913,0.009011638573301372,2418,"tags=51%, list=12%, signal=45%",UBE2C/BIRC5/CENPF/MAD2L1/SMC4/NCAPG/DLGAP5/CCNB1/BUB1/KNL1/ZWINT/PLK1/BUB1B/SPC24/CDC20/NDC80/CDCA8/NCAPH/DYNLT1/ANAPC11/BUB3/DYNLL1/INCENP/NUF2/AURKB/SPDL1/TRIP13/TTK/NSMCE2/GEN1/SMC2/NCAPG2/RAD21/CHFR/SKA1/MAD2L2/DYNLRB1/ANAPC15/SKA3/ZW10,0.5384340963099162
GO:0042267,natural killer cell mediated cytotoxicity,70,0.7403745251531513,1.679239640705997,1.1817017783754504e-4,0.020042154536988627,0.009743369059166963,1638,"tags=31%, list=8%, signal=29%",FCGR3A/HLA-A/HLA-B/TIGIT/HLA-C/HAVCR2/TUBB/GRB2/CADM1/LGALS9/TGFB1/KIF5B/CD2/RASGRP1/KLRD1/HLA-F/SLAMF6/CD226/ARRB2/LILRB1/VAV1/GZMB,0.5384340963099162
GO:0002478,antigen processing and presentation of exogenous peptide antigen,36,0.8307469129626268,1.6792287629553215,2.8387699970519695e-4,0.03174399706864023,0.01543214719166355,2041,"tags=61%, list=10%, signal=55%",CTSD/HLA-A/HLA-B/B2M/HLA-C/HLA-DRA/HLA-DQB1/HLA-DRB1/HLA-DPB1/HLA-DQA1/HLA-DPA1/HLA-DMB/CTSS/CTSL/HLA-F/HLA-DOA/HLA-DOB/HLA-DMA/CLEC4A/FCGR2B/LGMN/IFI30,0.49849310876659025
GO:0016048,detection of temperature stimulus,15,-0.9062024195418871,-1.6782568057565386,0.005181686277727547,0.14020655739421026,0.06816054784359137,1059,"tags=27%, list=5%, signal=25%",NTRK1/SCN9A/TAC1/CXCL12,0.40701791892395395
GO:0050909,sensory perception of taste,33,-0.8016288946048596,-1.6781863793471319,0.005717917690891971,0.1474838152222528,0.07169834157861481,892,"tags=15%, list=4%, signal=15%",SCNN1D/AZGP1/PIGR/PIP/CD36,0.40701791892395395
GO:0002708,positive regulation of lymphocyte mediated immunity,100,0.703388467873193,1.6781690173118482,2.2407230974947552e-4,0.028502698026101253,0.013856409775593966,1411,"tags=22%, list=7%, signal=21%",TREM2/HLA-A/HLA-B/B2M/TNFSF4/HLA-C/HLA-DRA/HLA-DRB1/RSAD2/IL18/CADM1/TGFB1/RASGRP1/CD7/FADD/KLRD1/HLA-F/TFRC/SLAMF6/CD226/TRAF2/CD55,0.5188480777437918
GO:0003352,regulation of cilium movement,25,-0.8369944186832026,-1.676698053654907,0.008982029164304468,0.18104049978808634,0.08801171554864178,365,"tags=12%, list=2%, signal=12%",CFAP69/TACR1/TAC1,0.3807304007227924
GO:0002367,cytokine production involved in immune response,86,0.72391103934264,1.6752451529446835,1.0569848140357777e-4,0.01942734236262577,0.009444481935737653,1484,"tags=31%, list=7%, signal=29%",LAPTM5/LILRB4/HLA-A/B2M/TNFSF4/CLEC7A/RSAD2/SLC7A5/CALHM6/CD74/IL18/SEMA7A/TGFB1/FOXP3/SMAD7/CD7/NOD2/PKP3/HLA-F/BST2/CD226/IRF5/HK1/SCIMP/TRAF2/CD55/LILRB1,0.5384340963099162
GO:0002718,regulation of cytokine production involved in immune response,86,0.72391103934264,1.6752451529446835,1.0569848140357777e-4,0.01942734236262577,0.009444481935737653,1484,"tags=31%, list=7%, signal=29%",LAPTM5/LILRB4/HLA-A/B2M/TNFSF4/CLEC7A/RSAD2/SLC7A5/CALHM6/CD74/IL18/SEMA7A/TGFB1/FOXP3/SMAD7/CD7/NOD2/PKP3/HLA-F/BST2/CD226/IRF5/HK1/SCIMP/TRAF2/CD55/LILRB1,0.5384340963099162
GO:0019883,antigen processing and presentation of endogenous antigen,29,0.8605281586910505,1.6750739962755488,1.6465730316809208e-4,0.02437227463802614,0.011848430076287775,1136,"tags=38%, list=6%, signal=36%",HLA-A/HLA-B/B2M/HLA-C/HLA-DRA/HLA-DRB1/CD74/TAP1/TAPBP/HLA-F/TAP2,0.5188480777437918
GO:1902850,microtubule cytoskeleton organization involved in mitosis,157,0.6653118921958275,1.6747687842087022,5.800410520441092e-5,0.01388857119026792,0.006751842700421889,2485,"tags=32%, list=12%, signal=29%",BIRC5/TPX2/KIFC1/KIF23/DLGAP5/CCNB1/CDK1/CENPE/PLK1/STMN1/KIF11/PRC1/NDC80/CDCA8/KIF15/KIF4A/VCP/ITGB1/AURKA/CLTC/RHOA/DYNLT1/CENPH/NUP62/TACC3/SAPCD2/FLNA/WDR62/INCENP/PSRC1/NEK6/NUF2/CHMP4B/AURKB/SPDL1/BORA/RCC1/TTK/FAM110A/STIL/SBDS/CENPA/CHMP4C/NUSAP1/TUBG1/MZT1/SMC1A/CKAP5/ZW10/NDE1/MAP1S,0.557332238758646
GO:0072224,metanephric glomerulus development,13,-0.9351753402980679,-1.6739920903189014,0.0014897536015246698,0.0721909766072163,0.03509519530585767,222,"tags=38%, list=1%, signal=38%",PDGFRA/CD34/OSR1/EGR1/AQP1,0.45505986738722953
GO:0014821,phasic smooth muscle contraction,15,-0.9031404326639614,-1.6725861076804798,0.00612380040824159,0.1532453099825625,0.07449925650413104,687,"tags=20%, list=3%, signal=19%",PTGER3/KIT/EDNRB,0.40701791892395395
GO:0001912,positive regulation of leukocyte mediated cytotoxicity,54,0.7714861575458246,1.6722204293512022,2.3732869564700384e-4,0.029274135019125125,0.014231439082700335,1094,"tags=26%, list=5%, signal=25%",HLA-A/HLA-B/HLA-C/HLA-DRA/HLA-DRB1/CADM1/SPI1/RASGRP1/FADD/KLRD1/TYROBP/HLA-F/SLAMF6/CD226,0.5188480777437918
GO:0034242,negative regulation of syncytium formation by plasma membrane fusion,48,-0.7598410665394089,-1.672148406206058,0.0032468242469008597,0.10628600894334765,0.05167028370376766,1847,"tags=40%, list=9%, signal=36%",RPL41/RPL37A/RPL19/RPL9/RPL7A/RPL12/RPL18/RPL23/RPL35A/RPL15/RPL35/RPL4/RPL11/RPL5/RPL32/RPL31/RPL34/RPL13/RAPGEF3,0.4317076958033464
GO:0042573,retinoic acid metabolic process,23,-0.8398314769834758,-1.6712379819193623,0.008064601440501796,0.17165899007008006,0.08345095281497458,497,"tags=17%, list=2%, signal=17%",ALDH1A2/AKR1C3/ALDH1A1/ADH1B,0.3807304007227924
GO:0002456,T cell mediated immunity,113,0.6871509613642961,1.6710108793375447,1.5748715621831513e-4,0.024136894773238687,0.01173400161564057,3136,"tags=39%, list=15%, signal=33%",LILRB4/IL4I1/HLA-A/HLA-B/B2M/TNFSF4/HLA-C/HLA-DRA/HLA-DRB1/RSAD2/LAG3/IL18/FOXP3/SMAD7/CD7/FADD/KLRD1/HLA-F/CTSH/WAS/PTPRC/TRAF2/CD274/CD55/LILRB1/NCKAP1L/MYO1G/CD8A/FCGR2B/YWHAG/FUT7/CD70/DENND1B/IL1B/RIPK3/CD80/PDCD1/BTN3A3/HSPD1/AGER/PRF1/IL12RB1/MALT1/RFTN1,0.5188480777437918
GO:0060295,regulation of cilium movement involved in cell motility,18,-0.8887086676212809,-1.669658472632406,0.004323121867507616,0.1263660836747974,0.06143208743016305,365,"tags=17%, list=2%, signal=16%",CFAP69/TACR1/TAC1,0.40701791892395395
GO:1902019,regulation of cilium-dependent cell motility,18,-0.8887086676212809,-1.669658472632406,0.004323121867507616,0.1263660836747974,0.06143208743016305,365,"tags=17%, list=2%, signal=16%",CFAP69/TACR1/TAC1,0.40701791892395395
GO:0006957,"complement activation, alternative pathway",15,-0.9013270592260006,-1.6692278002559926,0.006622597477038822,0.15900468160611475,0.07729913927988748,1369,"tags=40%, list=7%, signal=37%",MASP1/CR1/C3/CFH/C7/CFD,0.40701791892395395
GO:0051281,positive regulation of release of sequestered calcium ion into cytosol,26,0.8651365296057529,1.66746930949973,3.059178126510589e-4,0.03230316201105271,0.015703981758591865,388,"tags=27%, list=2%, signal=26%",CEMIP/CXCL11/CXCL10/CXCL9/THY1/GSTO1/P2RY6,0.49849310876659025
GO:0045444,fat cell differentiation,166,-0.632187209416752,-1.667350233784714,1.7270357210275389e-4,0.024621438641773914,0.011969559610554853,1404,"tags=23%, list=7%, signal=22%",ANKRD26/ZNF516/BBS2/PPARG/INHBB/LPL/ZBTB7A/WDFY2/CLIP3/MEDAG/SMAD3/IL6/TFAP2B/WWTR1/LRP5/SOX13/AXIN2/NR4A2/YTHDC1/PLCB1/ADIPOQ/GDF10/GATA2/EGR2/PER2/MEST/FRZB/ZFP36L1/PTGS2/ZFP36L2/TCF7L2/NR4A1/ZBTB16/ZFP36/KLF4/SFRP1/ADIRF/STEAP4/RUNX1T1,0.5188480777437918
GO:0002707,negative regulation of lymphocyte mediated immunity,53,0.7830729703283661,1.6671373926155122,1.1239639468107652e-4,0.019891718458666174,0.00967023549320207,1798,"tags=38%, list=9%, signal=35%",LILRB4/IL4I1/HLA-A/HLA-B/TIGIT/HAVCR2/LAG3/GRB2/LGALS9/TGFB1/FOXP3/SMAD7/KLRD1/HLA-F/PTPRC/ARRB2/CD274/LILRB1/NCKAP1L/FCGR2B,0.5384340963099162
GO:0000075,cell cycle checkpoint signaling,186,0.6403542720517249,1.6633845253747213,5.7005347779370454e-5,0.01388857119026792,0.006751842700421889,2954,"tags=40%, list=14%, signal=34%",BIRC5/CENPF/MAD2L1/CHEK1/CCNB1/CDK1/BUB1/KNL1/ZWINT/PLK1/BUB1B/SPC24/BRIP1/CDC20/NDC80/CDCA8/CLSPN/DTL/DYNLT1/BUB3/DYNLL1/H2AX/CDT1/LYN/DTX3L/E2F1/INCENP/CDC7/FBXO6/BARD1/NUF2/STK38/AURKB/SPDL1/RFC4/TRIP13/PARP9/INTS7/TTK/DNA2/RFWD3/BRCC3/BLM/GEN1/NBN/CHMP4C/WDR76/PRKDC/TIMELESS/CHFR/CDC6/TIPRL/CDC45/SKA1/BRCA2/MAD2L2/DYNLRB1/RHNO1/ANAPC15/SKA3/RFC2/ZW10/TIPIN/DBF4/RBX1/RAD51/RAD1/NABP2/DGKZ/RPS27L/DYNLT3/BABAM1/DONSON/MUC1,0.557332238758646
GO:0045589,regulation of regulatory T cell differentiation,41,0.7998494320545485,1.6623849443911276,3.998724921229946e-4,0.035803833480720186,0.017405811470608018,2169,"tags=59%, list=11%, signal=52%",LILRB4/IL4I1/TNFSF4/HLA-DRA/HLA-DRB1/PSMA7/PSMA4/LAG3/DUSP10/TGFB1/FOXP3/CTLA4/PSMA1/PSMB9/PSMB2/PSMB8/PSMA5/PSMB3/PSMB4/SOCS1/LILRB2/PSMA3/IRF1/FANCA,0.49849310876659025
GO:0046068,cGMP metabolic process,15,-0.8975786079351316,-1.6622857928696868,0.007736649198176496,0.1688580727140881,0.08208930422308838,1290,"tags=53%, list=6%, signal=50%",PDE1A/PDE9A/PDE10A/GUCY1A2/PDE5A/NPR1/PDE2A/EDNRB,0.40701791892395395
GO:0002260,lymphocyte homeostasis,48,0.7773258769822876,1.6600419213364666,4.962153621301341e-4,0.0425230448747518,0.02067231439462182,1882,"tags=50%, list=9%, signal=46%",PSMA7/CD74/PSMA4/AIM2/GAPT/TNFSF13B/LGALS9/FOXP3/PMAIP1/PACS1/FADD/LYN/PSMA1/PSMB9/PSMB2/PSMB8/TNFAIP3/PSMA5/SIT1/PSMB3/PSMB4/AKT1/NCKAP1L/PSMA3,0.47727081536286214
GO:0002705,positive regulation of leukocyte mediated immunity,119,0.6826552013744979,1.6598152424091357,1.5559466021583396e-4,0.024136894773238687,0.01173400161564057,1535,"tags=24%, list=8%, signal=23%",TREM2/HLA-A/HLA-B/B2M/TNFSF4/HLA-C/CLEC7A/HLA-DRA/HLA-DRB1/RSAD2/ITGB2/IL18/CADM1/TGFB1/SPI1/RASGRP1/CD7/FADD/KLRD1/TYROBP/NOD2/HLA-F/TFRC/SLAMF6/CD226/SCIMP/TRAF2/CD55/ITGAM,0.5188480777437918
GO:0031343,positive regulation of cell killing,56,0.7620867739634054,1.6578209983959575,2.885463435793363e-4,0.03174399706864023,0.01543214719166355,1094,"tags=25%, list=5%, signal=24%",HLA-A/HLA-B/HLA-C/HLA-DRA/HLA-DRB1/CADM1/SPI1/RASGRP1/FADD/KLRD1/TYROBP/HLA-F/SLAMF6/CD226,0.49849310876659025
GO:0007080,mitotic metaphase chromosome alignment,66,0.7401245985092677,1.657649695382861,2.4541837774350755e-4,0.02938163254720434,0.014283698338914078,1963,"tags=35%, list=10%, signal=32%",BIRC5/KIF14/KIFC1/CCNB1/CDK1/CENPE/KIF2C/NDC80/CDCA8/EML4/NUP62/CDT1/INCENP/PSRC1/NUF2/CHMP4B/AURKB/SPDL1/TTK/CENPA/CHMP4C/KIF18A/SKA1,0.49849310876659025
GO:0032609,type II interferon production,107,0.6934751853676193,1.6554937772104013,1.7907086678454491e-4,0.024621438641773914,0.011969559610554853,1983,"tags=36%, list=10%, signal=32%",INHBA/LAPTM5/LILRB4/HLA-A/ISG15/TNFSF4/CLEC7A/HLA-DRB1/SLC7A5/HLA-DPB1/PSMA7/HAVCR2/ZNF683/PSMA4/IL18/HLA-DPA1/SLC11A1/LGALS9/FOXP3/CD276/CD2/FADD/PSMA1/PSMB9/PTPN22/SLAMF6/TLR7/PSMB2/PSMB8/PSMA5/CD274/PSMB3/LILRB1/PSMB4/CCR7/C1QBP/PSMA3/WNT5A,0.5188480777437918
GO:0032649,regulation of type II interferon production,107,0.6934751853676193,1.6554937772104013,1.7907086678454491e-4,0.024621438641773914,0.011969559610554853,1983,"tags=36%, list=10%, signal=32%",INHBA/LAPTM5/LILRB4/HLA-A/ISG15/TNFSF4/CLEC7A/HLA-DRB1/SLC7A5/HLA-DPB1/PSMA7/HAVCR2/ZNF683/PSMA4/IL18/HLA-DPA1/SLC11A1/LGALS9/FOXP3/CD276/CD2/FADD/PSMA1/PSMB9/PTPN22/SLAMF6/TLR7/PSMB2/PSMB8/PSMA5/CD274/PSMB3/LILRB1/PSMB4/CCR7/C1QBP/PSMA3/WNT5A,0.5188480777437918
GO:0030261,chromosome condensation,37,0.813330572695117,1.6541920105364272,3.007276234601222e-4,0.03221346819195862,0.01566037766502263,1774,"tags=32%, list=9%, signal=30%",TOP2A/SMC4/NCAPG/CCNB1/CDK1/PLK1/NCAPH/NCAPD2/CTPS1/SMC2/NCAPG2/NUSAP1,0.49849310876659025
GO:0002483,antigen processing and presentation of endogenous peptide antigen,23,0.8743591240904667,1.65071487588833,3.872582179235311e-4,0.035803833480720186,0.017405811470608018,1136,"tags=43%, list=6%, signal=41%",HLA-A/HLA-B/B2M/HLA-C/HLA-DRA/HLA-DRB1/TAP1/TAPBP/HLA-F/TAP2,0.49849310876659025
GO:0007616,long-term memory,25,-0.8239274150729853,-1.6505217506458356,0.015388256550357618,0.23372350107548764,0.1136232297069816,593,"tags=28%, list=3%, signal=27%",KAT2A/RELN/TACR1/NFATC4/PRNP/TAC1/EGR1,0.3807304007227924
GO:0033045,regulation of sister chromatid segregation,110,0.687490944026184,1.6505210821944873,2.844307855885059e-4,0.03174399706864023,0.01543214719166355,2418,"tags=42%, list=12%, signal=37%",UBE2C/BIRC5/CENPF/MAD2L1/DLGAP5/CCNB1/CDK1/BUB1/KNL1/CENPE/ZWINT/PLK1/BUB1B/SPC24/ACTB/CDC20/NDC80/CDCA8/RMI2/DYNLT1/ANAPC11/BUB3/DYNLL1/TACC3/INCENP/NEK6/NUF2/SMARCA4/AURKB/SPDL1/TRIP13/TTK/NSMCE2/GEN1/RAD21/SMARCB1/CHFR/CDC6/SMARCC1/SKA1/ACTL6A/MAD2L2/DYNLRB1/ANAPC15/SKA3/ZW10,0.49849310876659025
GO:0002824,positive regulation of adaptive immune response based on somatic recombination of immune receptors built from immunoglobulin superfamily domains,95,0.7017370619146766,1.6481847122545723,2.079871025293084e-4,0.026876555582398407,0.013065870717403815,1411,"tags=23%, list=7%, signal=22%",TREM2/HLA-A/HLA-B/B2M/TNFSF4/HLA-C/CLEC7A/HLA-DRA/HLA-DRB1/RSAD2/IL18/SLC11A1/TGFB1/CARD9/CD7/FADD/HLA-F/CD4/TFRC/CD226/TRAF2/CD55,0.5188480777437918
GO:1902099,regulation of metaphase/anaphase transition of cell cycle,98,0.6878992796308432,1.6472657413233431,6.997357720311629e-4,0.049108180345738765,0.02387363714063821,2418,"tags=44%, list=12%, signal=39%",UBE2C/BIRC5/CENPF/MAD2L1/DLGAP5/CCNB1/BUB1/KNL1/CENPE/ZWINT/PLK1/BUB1B/SPC24/ACTB/CDC20/NDC80/CDCA8/DYNLT1/ANAPC11/BUB3/DYNLL1/INCENP/NEK6/NUF2/SMARCA4/AURKB/SPDL1/TRIP13/TTK/NSMCE2/GEN1/RAD21/SMARCB1/CHFR/CDC6/SMARCC1/SKA1/ACTL6A/MAD2L2/DYNLRB1/ANAPC15/SKA3/ZW10,0.47727081536286214
GO:0007051,spindle organization,189,0.636390264702415,1.6471702059176379,1.1804794344751747e-4,0.020042154536988627,0.009743369059166963,3489,"tags=38%, list=17%, signal=31%",ASPM/BIRC5/TPX2/KIFC1/KIF23/DLGAP5/CCNB1/CENPE/PLK1/STMN1/KIF11/PRC1/NDC80/CDCA8/KIF15/KIF4A/VCP/SPAG5/AURKA/KNSTRN/CLTC/EZR/RHOA/CENPH/SAC3D1/NUP62/TACC3/FLNA/WDR62/INCENP/PSRC1/NEK6/NUF2/CHMP4B/AURKB/BORA/RCC1/NEK2/TTK/FAM110A/STIL/SBDS/CHMP4C/LIMK2/SKA1/TUBG1/MZT1/HAUS1/TRIM36/SKA3/SMC1A/CKAP5/NTMT1/MAP1S/RGS14/NEK7/AURKC/KIF2A/INTS13/SMC3/SKA2/SUN2/SPAST/WRAP73/WASHC5/PTPA/MAP10/RNF4/PPP2R1A/CHMP5/RACGAP1,0.5384340963099162
GO:0048285,organelle fission,428,0.5957238244363785,1.6466119491515203,1.1152583455512877e-7,1.513219698522172e-4,7.356423663480136e-5,2701,"tags=28%, list=13%, signal=24%",MKI67/TOP2A/UBE2C/BIRC5/CENPF/PTTG1/TPX2/KIF14/KIFC1/MAD2L1/KIF23/ANLN/SMC4/NCAPG/CHEK1/DLGAP5/CCNB1/CDK1/BUB1/KNL1/CENPE/KIF2C/ZWINT/PLK1/BUB1B/SPC24/CDCA2/KIF11/PRC1/BRIP1/CDC20/RAD51AP1/NDC80/PKMYT1/CDCA8/KIF15/KIF4A/SPAG5/AURKA/REEP4/KNSTRN/NCAPH/EML4/TGFB1/RALA/RHOA/DYNLT1/NCAPD2/SGO2/ANAPC11/BUB3/DAPK3/NUP62/DYNLL1/CENPK/CDT1/FLNA/SGO1/INCENP/MTFR1/PSRC1/STAT2/NUF2/TDRKH/CHMP4B/AURKB/SPDL1/BORA/PSMC3IP/TESMIN/RCC1/CENPS/CYP26B1/TRIP13/CORO1C/NEK2/TTK/RAD54L/KIF18B/RMI1/CEP85/NSMCE2/REEP3/GEN1/PIN1/SMC2/CENPA/CHMP4C/NCAPG2/RAD21/NUSAP1/CHFR/KIF18A/VPS35/UCP2/SKA1/MTFP1/BRCA2/CENPX/TUBG1/MZT1/MAD2L2/DYNLRB1/P3H4/ANAPC15/SKA3/NCAPD3/SMC1A/ZW10/NDE1/ING2/RAD51/RAD1/KIF20B/AURKC/RAB24/IL1B/KIF2A,0.7049757151672383
GO:0001916,positive regulation of T cell mediated cytotoxicity,32,0.8168602970432659,1.6461395449862988,0.0013626692512407502,0.06847833564414166,0.033290317939970816,865,"tags=22%, list=4%, signal=21%",HLA-A/HLA-B/HLA-C/HLA-DRA/HLA-DRB1/FADD/HLA-F,0.45505986738722953
GO:0002703,regulation of leukocyte mediated immunity,200,0.6439789566926922,1.6454314040029032,2.1067183114723824e-5,0.008575396886848333,0.004168875983028358,3108,"tags=38%, list=15%, signal=33%",LILRB4/IL4I1/TREM2/HLA-A/HLA-B/B2M/TNFSF4/TIGIT/HLA-C/CLEC7A/HLA-DRA/ADORA3/HLA-DRB1/RSAD2/ITGB2/HAVCR2/CALHM6/LAG3/IL18/GRB2/CADM1/LGALS9/TGFB1/FOXP3/SMAD7/CD300A/SPI1/VAMP8/RASGRP1/CD7/FADD/KLRD1/LYN/TYROBP/NOD2/ADGRE2/HLA-F/BST2/TFRC/WAS/SLAMF6/CD226/PTPRC/STXBP2/SCIMP/ARRB2/CD84/TRAF2/CD274/CD55/LILRB1/ITGAM/NCKAP1L/RAC2/FCGR2B/ICAM1/NECTIN4/SNX4/MAD2L2/YWHAG/FUT7/SHLD1/DENND1B/IL1B/TICAM1/SYK/RIPK3/CD80/CRTAM/PDCD1/FGR/HSPD1/AGER/IL12RB1/SLC15A4/MALT1,0.5756102610711286
GO:0036037,"CD8-positive, alpha-beta T cell activation",37,0.8081370315773255,1.643629129326915,4.002148196469152e-4,0.035803833480720186,0.017405811470608018,2175,"tags=59%, list=11%, signal=53%",LILRB4/HLA-A/PSMA7/PSMA4/RUNX1/RUNX3/PSMA1/PSMB9/PSMB2/ZBTB7B/PSMA5/CD274/PSMB3/LILRB1/PSMB4/TOX/NCKAP1L/SOCS1/CLEC4A/PSMA3/IRF1/CBFB,0.49849310876659025
GO:0007610,behavior,337,-0.5719464355039225,-1.6434484424664433,2.08208079664183e-5,0.008575396886848333,0.004168875983028358,1116,"tags=15%, list=5%, signal=14%",PJA2/CRBN/NTRK1/MME/TSC1/SCN3A/MAP1A/NR3C1/NR1D2/DLG4/CPT1A/SERPINA5/NLGN1/CIC/NLGN2/CLSTN2/PER3/NTRK2/MAPT/PLCB1/KAT2A/PTN/AHI1/NCOA1/ABL1/FOXP2/SHANK3/CFAP69/RELN/EGFR/FGF2/ADCY3/CNTN1/TACR1/KIT/PTGDS/NFATC4/NRXN2/ATP1B2/FOS/RAPGEF3/PRNP/CLDN5/TAC1/EDNRB/LEPR/FOSB/EGR1/CXCL12,0.5756102610711286
GO:1901317,regulation of flagellated sperm motility,12,-0.9647506184112289,-1.6433650740234544,1.8146251302130387e-4,0.024621438641773914,0.011969559610554853,365,"tags=25%, list=2%, signal=25%",CFAP69/TACR1/TAC1,0.5188480777437918
GO:0071346,cellular response to type II interferon,67,0.7285198567186855,1.6429656739041634,6.070285331260643e-4,0.04533779163467238,0.022040686065411322,2332,"tags=39%, list=11%, signal=34%",GAPDH/STAT1/CLDN1/GBP5/HLA-DPA1/NLRC5/DAPK1/LGALS9/TLR2/GBP1/DAPK3/PARP14/CD58/AIF1/GBP4/CCL5/HCK/SLC26A6/IRF8/PARP9/GBP2/WNT5A/IRF1/CIITA/EPRS1/CALM1,0.47727081536286214
GO:0006119,oxidative phosphorylation,129,0.6765175496112925,1.6420740146483424,9.845717661932697e-5,0.01942734236262577,0.009444481935737653,4903,"tags=57%, list=24%, signal=44%",CCNB1/CDK1/MACROH2A1/COX8A/ATP5F1E/COX7A2/VCP/SHMT2/UQCR10/RHOA/SDHB/NDUFS5/COX6C/ATP5MF/NDUFS8/NDUFS6/COX6B1/NDUFA7/UQCRH/NDUFA1/NDUFB9/COX5A/COX7B/PPIF/GHITM/UQCR11/ATP5F1C/UQCRFS1/UQCRQ/NDUFB2/CYC1/DNAJC30/NDUFA6/SDHA/COX6A1/NDUFB11/NDUFB3/COX5B/NDUFAB1/NDUFC2/UQCC2/ATP5PD/ATP5F1B/CHCHD2/UQCRC1/STOML2/ABCD1/NDUFS3/NDUFV2/ATP5F1D/C2orf69/SLC25A51/UQCRB/NDUFB5/UQCC3/NDUFA9/TEFM/PARK7/DGUOK/NDUFB4/MT-CO2/CYCS/NDUFB8/NDUFA3/NDUFA12/NDUFS7/MT-CO1/NDUFAF1/NDUFS2/ATP5MG/ATP5IF1/NDUFA2/ATP5F1A/SLC25A33,0.5384340963099162
GO:0052652,cyclic purine nucleotide metabolic process,35,-0.7962749093505053,-1.6414908473617564,0.0038100153963110646,0.11793663627896721,0.05733416388652252,1290,"tags=40%, list=6%, signal=38%",PDE1A/ADCY6/PDE9A/PDE10A/GUCY1A2/ADCY5/PDE5A/PDE7B/ADCY4/NPR1/ADCY3/PDE2A/ADCYAP1R1/EDNRB,0.4317076958033464
GO:1903046,meiotic cell cycle process,161,0.6501769967829604,1.640558547519898,1.2989162976900833e-4,0.021148955158989936,0.010281433313445216,2649,"tags=24%, list=13%, signal=21%",TOP2A/PTTG1/SMC4/KNL1/ZWINT/BRIP1/CDC20/RAD51AP1/NDC80/PKMYT1/AURKA/NCAPH/NCAPD2/SGO2/SGO1/INCENP/NUF2/TDRKH/PSMC3IP/TESMIN/CENPS/CYP26B1/TRIP13/TTK/RAD54L/RMI1/RAD21/CHFR/SKA1/BRCA2/CENPX/TUBG1/P3H4/SKA3/NCAPD3/ING2/RAD51/RAD1/RAB24,0.5188480777437918
GO:1902548,negative regulation of cellular response to vascular endothelial growth factor stimulus,13,-0.9164716178677882,-1.640511862538484,0.004500686808894233,0.129470287318756,0.0629411767689405,175,"tags=31%, list=1%, signal=31%",SEMA6A/NR2F2/SPRY2/DCN,0.40701791892395395
GO:0010965,regulation of mitotic sister chromatid separation,66,0.732233241298275,1.6399755011954136,3.922072047340554e-4,0.035803833480720186,0.017405811470608018,2418,"tags=52%, list=12%, signal=46%",UBE2C/BIRC5/CENPF/MAD2L1/DLGAP5/CCNB1/BUB1/KNL1/ZWINT/PLK1/BUB1B/SPC24/CDC20/NDC80/CDCA8/DYNLT1/ANAPC11/BUB3/DYNLL1/INCENP/NUF2/AURKB/SPDL1/TRIP13/TTK/NSMCE2/GEN1/RAD21/SKA1/MAD2L2/DYNLRB1/ANAPC15/SKA3/ZW10,0.49849310876659025
GO:0042733,embryonic digit morphogenesis,21,-0.8483061563796073,-1.6383809922168666,0.009803902973791205,0.19031652962651727,0.09252119989339513,2145,"tags=62%, list=10%, signal=55%",ECE1/TBX2/SMAD4/GLI3/TWIST1/OSR2/MSX1/INTU/TBX3/CREBBP/MAP3K20/ZBTB16/OSR1,0.3807304007227924
GO:0007617,mating behavior,16,-0.8981728759180775,-1.6382755332844778,0.0058956752234007,0.15045984951004732,0.07314512218023142,839,"tags=31%, list=4%, signal=30%",SERPINA5/NCOA1/TACR1/TAC1/EDNRB,0.40701791892395395
GO:0001911,negative regulation of leukocyte mediated cytotoxicity,28,0.8338861511480534,1.636482445855656,0.00150989404713652,0.07248492763611097,0.03523809777447984,2056,"tags=54%, list=10%, signal=48%",HLA-A/HLA-B/TIGIT/HAVCR2/GRB2/LGALS9/TGFB1/KLRD1/HLA-F/PTPRC/ARRB2/LILRB1/NCKAP1L/FCGR2B/NECTIN4,0.45505986738722953
GO:0098868,bone growth,18,-0.8709641083417679,-1.6363209405213852,0.008408854243584,0.1743293704623725,0.08474914167198845,55,"tags=11%, list=0%, signal=11%",LEPR/FBLN5,0.3807304007227924
GO:0060760,positive regulation of response to cytokine stimulus,62,0.7466331171843267,1.6353115366614512,3.600970556975845e-4,0.03505419584379699,0.017041379785196917,1459,"tags=31%, list=7%, signal=29%",LAPTM5/TREM2/CXCR4/CD74/NLRC5/IKBKE/HIF1A/EZR/TLR2/FADD/PARP14/IFIH1/CDK5R1/ZBP1/UBE2K/CD300LF/PARP9/TRAF2/RBM47,0.49849310876659025
GO:2000630,positive regulation of miRNA metabolic process,63,-0.7193592393892654,-1.6343028965388107,0.0024399404689809294,0.09070760785221006,0.044096940683058215,1344,"tags=30%, list=7%, signal=28%",FOXO3/FOXA1/PPARG/NOTCH2/SMAD3/NR3C1/IL6/MYC/GATA2/ATOH8/AR/EGFR/FGF2/NGFR/MRTFB/FOS/KLF4/JUN/EGR1,0.4317076958033464
GO:0007091,metaphase/anaphase transition of mitotic cell cycle,100,0.6849130234138892,1.634089650235476,6.866625631798154e-4,0.049108180345738765,0.02387363714063821,2418,"tags=43%, list=12%, signal=38%",UBE2C/BIRC5/CENPF/MAD2L1/DLGAP5/CCNB1/BUB1/KNL1/CENPE/ZWINT/PLK1/BUB1B/SPC24/ACTB/CDC20/NDC80/CDCA8/DYNLT1/ANAPC11/BUB3/DYNLL1/TACC3/INCENP/NEK6/NUF2/SMARCA4/AURKB/SPDL1/TRIP13/TTK/NSMCE2/GEN1/RAD21/SMARCB1/CDC6/SMARCC1/SKA1/ACTL6A/MAD2L2/DYNLRB1/ANAPC15/SKA3/ZW10,0.47727081536286214
GO:0019233,sensory perception of pain,55,-0.7319250274970598,-1.633913773677258,0.002486845692705641,0.09119554407349831,0.044334147849212566,1610,"tags=22%, list=8%, signal=20%",MAPK3/CCL2/KCNA1/NTRK1/MME/NLGN2/SCN9A/TMEM100/MGLL/PTGES/TAC1/CXCL12,0.4317076958033464
GO:0072488,ammonium transmembrane transport,9,-0.9767218763219919,-1.6333882180920156,2.4500920538173405e-4,0.02938163254720434,0.014283698338914078,10,"tags=11%, list=0%, signal=11%",AQP1,0.49849310876659025
GO:0019098,reproductive behavior,20,-0.8646295193075324,-1.633307835147952,0.006475877369885538,0.15831867167639088,0.07696563980949785,839,"tags=25%, list=4%, signal=24%",SERPINA5/NCOA1/TACR1/TAC1/EDNRB,0.40701791892395395
GO:0070293,renal absorption,28,-0.8029234110185637,-1.6324442999356483,0.012349497612387732,0.21381848024636918,0.10394652734893027,523,"tags=18%, list=3%, signal=17%",ADIPOQ/AKR1C3/HBB/EDNRB/GSN,0.3807304007227924
GO:0045600,positive regulation of fat cell differentiation,50,-0.7265740785554747,-1.631821977197747,0.006600338803233509,0.15900468160611475,0.07729913927988748,1205,"tags=28%, list=6%, signal=26%",PPARG/LPL/WDFY2/MEDAG/LRP5/SOX13/AXIN2/FRZB/ZFP36L1/PTGS2/ZBTB16/ZFP36/SFRP1/ADIRF,0.40701791892395395
GO:0046365,monosaccharide catabolic process,46,0.7639012572931886,1.630179163514962,0.0013409706962846872,0.06823026524033524,0.03316972005252903,2475,"tags=37%, list=12%, signal=33%",GAPDH/ENO1/PKM/PGK1/TPI1/GALM/GLB1/HK1/HK3/PFKL/FOXK2/FUT8/ENO2/PGM1/FUT7/NUDT5/PFKP,0.45505986738722953
GO:0002832,negative regulation of response to biotic stimulus,116,0.6717385223737631,1.6284864708094526,6.373727358645051e-4,0.047171376751572146,0.022932072091917555,3192,"tags=39%, list=16%, signal=33%",IL4I1/GRN/HLA-A/ISG15/HLA-B/TIGIT/SLAMF8/HAVCR2/OAS3/LAG3/MICB/OAS1/NLRC5/GRB2/LGALS9/TGFB1/FOXP3/PARP14/KLRD1/TTLL12/YWHAZ/HLA-F/NMI/STAT2/AURKB/TNFAIP3/ARRB2/CD274/LILRB1/C1QBP/TRIM21/CARD16/NECTIN4/EIF4E2/SFN/USP18/ZDHHC18/NFKBIL1/PDCD1/PTPN6/DDX39A/RNF26/MMP12/NLRC3/INPP5D,0.47727081536286214
GO:0042572,retinol metabolic process,46,-0.7385559478037141,-1.6259912357425743,0.009904516680333854,0.19062096996358843,0.09266920167409723,1309,"tags=17%, list=6%, signal=16%",PNPLA2/CES2/DHRS3/ALDH1A2/AKR1C3/LIPE/ALDH1A1/ADH1B,0.3807304007227924
GO:0051384,response to glucocorticoid,101,-0.6531328690782372,-1.6252089526489515,0.002385965515378487,0.08992659842914938,0.04371725779848992,1378,"tags=26%, list=7%, signal=24%",USP8/FOXO3/BMP6/TAT/LCAT/ANXA1/NR3C1/IL6/IGFBP2/AXIN2/CDO1/NTRK3/ALPL/GHR/ZFP36L1/FAM107A/PTGDS/SLIT2/ZFP36L2/FOS/KLF9/ZFP36/SLIT3/DUSP1/FOSB/AQP1,0.4317076958033464
GO:0034308,primary alcohol metabolic process,88,-0.6629800962331741,-1.6246527594085527,0.004677826518306981,0.13299119111130583,0.06465284229917684,1328,"tags=18%, list=6%, signal=17%",BMP6/PNPLA2/AKR1C1/CES2/GDPD3/DAB2/DHRS3/SULT1A1/ALDH1A2/AKR1C3/SULT1C4/LIPE/ALDH1A1/EDNRB/IGF1/ADH1B,0.40701791892395395
GO:1900747,negative regulation of vascular endothelial growth factor signaling pathway,11,-0.942551930135272,-1.624463488182224,0.003582195280657293,0.1141643587757592,0.055500294586716646,175,"tags=36%, list=1%, signal=36%",SEMA6A/NR2F2/SPRY2/DCN,0.4317076958033464
GO:0002716,negative regulation of natural killer cell mediated immunity,24,0.8359871476731296,1.6236974096814103,0.0012780675162163025,0.06585283322479062,0.032013946231017984,1484,"tags=46%, list=7%, signal=43%",HLA-A/HLA-B/TIGIT/HAVCR2/GRB2/LGALS9/TGFB1/KLRD1/HLA-F/ARRB2/LILRB1,0.45505986738722953
GO:0045953,negative regulation of natural killer cell mediated cytotoxicity,24,0.8359871476731296,1.6236974096814103,0.0012780675162163025,0.06585283322479062,0.032013946231017984,1484,"tags=46%, list=7%, signal=43%",HLA-A/HLA-B/TIGIT/HAVCR2/GRB2/LGALS9/TGFB1/KLRD1/HLA-F/ARRB2/LILRB1,0.45505986738722953
GO:0045088,regulation of innate immune response,434,0.584755642575099,1.623477610150113,8.653548721994892e-7,8.376763458202117e-4,4.072311574285975e-4,3208,"tags=36%, list=16%, signal=31%",GRN/TREM2/HLA-A/ISG15/HLA-B/B2M/TIGIT/MSR1/HLA-C/CLEC7A/SLAMF8/ADAM8/RSAD2/HAVCR2/CALHM6/SLC15A3/S100A14/GBP5/OAS3/AIM2/APOE/OAS1/NLRC5/GRB2/CADM1/CTSS/IKBKE/LGALS9/TGFB1/TLR2/CD300A/SPI1/TLR1/RASGRP1/OASL/FADD/PARP14/KLRD1/TTLL12/LYN/TYROBP/NOD2/IFIH1/RIPK2/YWHAZ/CCL5/HLA-F/HCK/MNDA/NAGK/NMI/PIK3AP1/MAPKAPK3/STAT2/IRAK1/MAPKAPK2/ADCY7/PPT1/HSP90AA1/PTPN22/CYBA/TNIP2/ZBP1/SLAMF6/CASP8/UBE2K/CD226/TLR7/AURKB/IRF5/IRF2/SCIMP/ZDHHC12/TNFAIP3/ARRB2/EIF2AK2/HMGB2/CD300LF/PARP9/TRAF2/CD274/BRCC3/RBM47/IRF7/LILRB1/N4BP1/LAMP2/OTULIN/SLC19A1/WDFY1/AKT1/PRKDC/ZDHHC5/TRIM62/GBP2/FCGR2B/PAK1/DDX41/LRP8/C1QBP/LY96/PTPN1/TRIM21/UBQLN1/BIRC2/BIRC3/WNT5A/IFI35/NECTIN4/EIF4E2/CLEC4E/IRF1/NONO/TRAF3IP3/TLR10/P2RX7/KCNK6/PUM2/SFN/RIOK3/USP18/ZDHHC18/HSPA8/RNF34/TLR3/POLR3D/TNIP1/CGAS/NEK7/TNIP3/ZDHHC4/UNC93B1/SRC/TICAM1/SYK/NFKBIL1/PYCARD/CRTAM/PYHIN1/CYLD/PTPN6/FGR/LACC1/DDX39A/HSPD1/S100A9/IRAK2/POLR3B/MFHAS1/CD300C/SLC15A4/RNF185/MMP12/RFTN1/PLSCR1/NLRC3/INPP5D/MYD88,0.6594443980379349
GO:0003353,positive regulation of cilium movement,9,-0.9706602161101172,-1.6232512030295114,5.939783065087078e-4,0.04477386475266103,0.021766536511096616,365,"tags=33%, list=2%, signal=33%",CFAP69/TACR1/TAC1,0.47727081536286214
GO:1902093,positive regulation of flagellated sperm motility,9,-0.9706602161101172,-1.6232512030295114,5.939783065087078e-4,0.04477386475266103,0.021766536511096616,365,"tags=33%, list=2%, signal=33%",CFAP69/TACR1/TAC1,0.47727081536286214
GO:2000155,positive regulation of cilium-dependent cell motility,9,-0.9706602161101172,-1.6232512030295114,5.939783065087078e-4,0.04477386475266103,0.021766536511096616,365,"tags=33%, list=2%, signal=33%",CFAP69/TACR1/TAC1,0.47727081536286214
GO:0050965,detection of temperature stimulus involved in sensory perception of pain,13,-0.9066916625538002,-1.6230054472879814,0.00814609734564707,0.17165899007008006,0.08345095281497458,1059,"tags=31%, list=5%, signal=29%",NTRK1/SCN9A/TAC1/CXCL12,0.3807304007227924
GO:1902895,positive regulation of miRNA transcription,54,-0.7296052775180195,-1.6222714254647699,0.00396835369849542,0.11921168804225542,0.05795402238907677,1344,"tags=35%, list=7%, signal=33%",FOXO3/FOXA1/PPARG/NOTCH2/SMAD3/NR3C1/IL6/MYC/GATA2/ATOH8/AR/EGFR/FGF2/NGFR/MRTFB/FOS/KLF4/JUN/EGR1,0.40701791892395395
GO:0061982,meiosis I cell cycle process,102,0.6869195809068755,1.6217266619184538,4.811933562485905e-4,0.041674416098082714,0.020259758780899927,2583,"tags=22%, list=13%, signal=19%",TOP2A/PTTG1/KNL1/ZWINT/BRIP1/CDC20/RAD51AP1/NDC80/PKMYT1/SGO2/SGO1/PSMC3IP/CENPS/TRIP13/RAD54L/RMI1/RAD21/BRCA2/CENPX/P3H4/ING2/RAD51,0.49849310876659025
GO:2001251,negative regulation of chromosome organization,98,0.6766936900575173,1.6204324761026332,0.0011015292783110122,0.06310362907356896,0.0306774376927313,2527,"tags=39%, list=12%, signal=34%",BIRC5/CENPF/MAD2L1/CCNB1/BUB1/KNL1/ZWINT/PLK1/BUB1B/SPC24/CDC20/NDC80/CDCA8/DYNLT1/BUB3/DYNLL1/INCENP/NAA10/MCRS1/NUF2/AURKB/SPDL1/HNRNPC/TRIP13/TTK/GEN1/CTPS1/NBN/RAD21/PIF1/SKA1/MAD2L2/DYNLRB1/ANAPC15/SKA3/PML/ZW10/STN1,0.45505986738722953
GO:0002042,cell migration involved in sprouting angiogenesis,58,-0.7149399538621062,-1.6198077617519817,0.00544157190442936,0.1444744843631371,0.07023537405546798,594,"tags=28%, list=3%, signal=27%",NRP1/CARD10/CLEC14A/GATA2/ABL1/PTGS2/FGF2/MMRN2/MMRN1/RHOJ/EGR3/MEOX2/SLIT2/NR4A1/KLF4/TGFBR3,0.40701791892395395
GO:0140013,meiotic nuclear division,137,0.6544278184994243,1.619199623519108,3.005673358236835e-4,0.03221346819195862,0.01566037766502263,2649,"tags=24%, list=13%, signal=21%",TOP2A/PTTG1/SMC4/KNL1/ZWINT/BRIP1/RAD51AP1/NDC80/NCAPH/SGO2/SGO1/INCENP/NUF2/TDRKH/PSMC3IP/TESMIN/CENPS/CYP26B1/TRIP13/TTK/RAD54L/RMI1/RAD21/CHFR/SKA1/BRCA2/CENPX/P3H4/SKA3/ING2/RAD51/RAD1/RAB24,0.49849310876659025
GO:0002440,production of molecular mediator of immune response,163,0.6413114554787751,1.618203285516058,1.2595963471764143e-4,0.02092729359665957,0.010173673920410378,1798,"tags=26%, list=9%, signal=24%",LAPTM5/LILRB4/HLA-A/B2M/TNFSF4/CLEC7A/SMC4/RSAD2/SLC7A5/CALHM6/CD74/EPHB2/IL18/SEMA7A/CD86/NCAPH/TGFB1/FOXP3/SMAD7/TNFRSF4/XRCC4/CD7/NOD2/PKP3/HLA-F/BST2/GALNT2/TFRC/BATF/CD226/POLQ/GPI/PTPRC/IRF5/HK1/SCIMP/TRAF2/CD55/LILRB1/SMC2/NBN/PRKDC/FCGR2B,0.5188480777437918
GO:0015670,carbon dioxide transport,9,-0.9674612941287282,-1.617901592662769,7.905436974546049e-4,0.052030083910067686,0.025294102426943174,545,"tags=44%, list=3%, signal=43%",HBA2/HBA1/HBB/AQP1,0.47727081536286214
GO:0044784,metaphase/anaphase transition of cell cycle,102,0.6852942710484645,1.6178895193991152,5.16509342955773e-4,0.043349510938174726,0.021074095742826923,2418,"tags=43%, list=12%, signal=38%",UBE2C/BIRC5/CENPF/MAD2L1/DLGAP5/CCNB1/BUB1/KNL1/CENPE/ZWINT/PLK1/BUB1B/SPC24/ACTB/CDC20/NDC80/CDCA8/DYNLT1/ANAPC11/BUB3/DYNLL1/TACC3/INCENP/NEK6/NUF2/SMARCA4/AURKB/SPDL1/TRIP13/TTK/NSMCE2/GEN1/RAD21/SMARCB1/CHFR/CDC6/SMARCC1/SKA1/ACTL6A/MAD2L2/DYNLRB1/ANAPC15/SKA3/ZW10,0.47727081536286214
GO:0001776,leukocyte homeostasis,71,0.7130410293217339,1.6177441316001064,7.379983204396735e-4,0.05066121795882807,0.024628636739068125,3149,"tags=51%, list=15%, signal=43%",PSMA7/CD74/PSMA4/AIM2/GAPT/TNFSF13B/LGALS9/FOXP3/PMAIP1/PACS1/FADD/LYN/IL2RG/PSMA1/PSMB9/LTB/PSMB2/XKR8/PSMB8/TNFAIP3/PSMA5/SIT1/PSMB3/PSMB4/AKT1/NCKAP1L/PSMA3/SH2B3/LGALS2/GPR183/PIK3CB/RIPK3/MTHFD1/SLC15A4/PSMB1/DOCK10,0.47727081536286214
GO:0002396,MHC protein complex assembly,19,0.8830643852096859,1.6174676451798826,9.236457060322031e-4,0.05653683979555012,0.02748503383458144,1622,"tags=79%, list=8%, signal=73%",HLA-A/B2M/HLA-DRA/HLA-DQB1/HLA-DRB1/HLA-DPB1/HLA-DQA1/HLA-DPA1/TAPBP/PDIA3/HLA-DMB/CALR/HLA-DOA/HLA-DOB/HLA-DMA,0.47727081536286214
GO:0002501,peptide antigen assembly with MHC protein complex,19,0.8830643852096859,1.6174676451798826,9.236457060322031e-4,0.05653683979555012,0.02748503383458144,1622,"tags=79%, list=8%, signal=73%",HLA-A/B2M/HLA-DRA/HLA-DQB1/HLA-DRB1/HLA-DPB1/HLA-DQA1/HLA-DPA1/TAPBP/PDIA3/HLA-DMB/CALR/HLA-DOA/HLA-DOB/HLA-DMA,0.47727081536286214
GO:0002040,sprouting angiogenesis,134,-0.6313963605849952,-1.6174382915987477,7.530134757062392e-4,0.05066121795882807,0.024628636739068125,724,"tags=22%, list=4%, signal=22%",ACVRL1/ADAMTS9/TEK/NRP1/CARD10/CLEC14A/GATA2/ABL1/RECK/SEMA5A/BMP4/PTGS2/AGTR1/FGF2/MMRN2/MMRN1/RHOJ/EGR3/MEOX2/SEMA6A/TNN/NGFR/SLIT2/KLF2/VEGFD/RSPO3/NR4A1/KLF4/ADGRA2/TGFBR3,0.47727081536286214
GO:0030641,regulation of cellular pH,83,0.696420979158799,1.6162087223523058,5.392222945189748e-4,0.044472423196496816,0.021619992569123857,3089,"tags=36%, list=15%, signal=31%",GRN/SLAMF8/ATP6V1B2/SLC11A1/ATP6V1F/CA2/ATP6AP2/ATP6AP1/ATP6V1A/SLC9A7/SLC7A11/PPT1/SLC26A6/DMXL2/ATP6V0B/LAMP2/RAB20/TMEM165/ATP6V0E2/ATP6V0E1/SLC4A2/CHP1/ATP5F1B/CLN3/SLC9A6/LACC1/ATP6V1H/SLC9A1/FASLG/ROGDI,0.47727081536286214
GO:0051306,mitotic sister chromatid separation,68,0.7315919657815152,1.6162053417850488,5.423718301783653e-4,0.044472423196496816,0.021619992569123857,2418,"tags=50%, list=12%, signal=44%",UBE2C/BIRC5/CENPF/MAD2L1/DLGAP5/CCNB1/BUB1/KNL1/ZWINT/PLK1/BUB1B/SPC24/CDC20/NDC80/CDCA8/DYNLT1/ANAPC11/BUB3/DYNLL1/INCENP/NUF2/AURKB/SPDL1/TRIP13/TTK/NSMCE2/GEN1/RAD21/SKA1/MAD2L2/DYNLRB1/ANAPC15/SKA3/ZW10,0.47727081536286214
GO:0035150,regulation of tube size,106,-0.636134641235867,-1.6151168604838286,0.0019062763565353413,0.08082810322163653,0.039294080812889286,650,"tags=15%, list=3%, signal=15%",ITGA9/ADM/ADRB2/ABL1/PER2/OXTR/AGTR1/NPR1/SCARB1/TACR1/ADD3/HBB/KLF2/CAV1/EDNRB/SVEP1,0.45505986738722953
GO:0035296,regulation of tube diameter,106,-0.636134641235867,-1.6151168604838286,0.0019062763565353413,0.08082810322163653,0.039294080812889286,650,"tags=15%, list=3%, signal=15%",ITGA9/ADM/ADRB2/ABL1/PER2/OXTR/AGTR1/NPR1/SCARB1/TACR1/ADD3/HBB/KLF2/CAV1/EDNRB/SVEP1,0.45505986738722953
GO:0097746,blood vessel diameter maintenance,106,-0.636134641235867,-1.6151168604838286,0.0019062763565353413,0.08082810322163653,0.039294080812889286,650,"tags=15%, list=3%, signal=15%",ITGA9/ADM/ADRB2/ABL1/PER2/OXTR/AGTR1/NPR1/SCARB1/TACR1/ADD3/HBB/KLF2/CAV1/EDNRB/SVEP1,0.45505986738722953
GO:0019320,hexose catabolic process,42,0.7632213066379333,1.6151149736919777,0.004982744093572641,0.13658087429553828,0.06639794450387812,2475,"tags=38%, list=12%, signal=34%",GAPDH/ENO1/PKM/PGK1/TPI1/GALM/GLB1/HK1/HK3/PFKL/FOXK2/FUT8/ENO2/PGM1/FUT7/PFKP,0.40701791892395395
GO:0007127,meiosis I,91,0.6859176304625445,1.614396851828188,0.0015363412358602492,0.07271717442522262,0.03535100310982914,2583,"tags=22%, list=13%, signal=19%",TOP2A/PTTG1/KNL1/ZWINT/BRIP1/RAD51AP1/NDC80/SGO2/SGO1/PSMC3IP/CENPS/TRIP13/RAD54L/RMI1/RAD21/BRCA2/CENPX/P3H4/ING2/RAD51,0.45505986738722953
GO:0045824,negative regulation of innate immune response,83,0.6952684515014376,1.6135340107793865,5.760913260137456e-4,0.04477386475266103,0.021766536511096616,2367,"tags=36%, list=12%, signal=32%",GRN/HLA-A/ISG15/HLA-B/TIGIT/SLAMF8/HAVCR2/OAS3/OAS1/NLRC5/GRB2/LGALS9/TGFB1/PARP14/KLRD1/TTLL12/YWHAZ/HLA-F/NMI/STAT2/AURKB/TNFAIP3/ARRB2/LILRB1/TRIM21/NECTIN4/EIF4E2/SFN/USP18/ZDHHC18,0.47727081536286214
GO:0002504,antigen processing and presentation of peptide or polysaccharide antigen via MHC class II,31,0.801565476814771,1.6127557896044762,0.0020574378098553673,0.08310162982125731,0.04039934166122054,2161,"tags=65%, list=11%, signal=58%",CTSD/TREM2/B2M/HLA-DRA/HLA-DQB1/HLA-DRB1/HLA-DPB1/HLA-DQA1/HLA-DPA1/HLA-DMB/CTSS/CTSL/HLA-DOA/HLA-DOB/MARCHF1/HLA-DMA/FCGR2B/LGMN/IFI30/THBS1,0.4317076958033464
GO:0007052,mitotic spindle organization,131,0.6643866802079512,1.6125733047953894,7.897009088202022e-5,0.01785820860751463,0.008681657297746335,1557,"tags=27%, list=8%, signal=26%",BIRC5/TPX2/KIFC1/KIF23/DLGAP5/CCNB1/CENPE/PLK1/STMN1/KIF11/PRC1/NDC80/CDCA8/KIF15/KIF4A/VCP/AURKA/CLTC/RHOA/CENPH/NUP62/TACC3/FLNA/WDR62/INCENP/PSRC1/NEK6/NUF2/CHMP4B/AURKB/BORA/RCC1/TTK/FAM110A/STIL/SBDS,0.5384340963099162
GO:0022900,electron transport chain,113,0.6628000499840399,1.6117944332782916,7.52545347133728e-4,0.05066121795882807,0.024628636739068125,4746,"tags=55%, list=23%, signal=42%",CCNB1/CDK1/COX8A/COX7A2/UQCR10/SDHB/PDIA5/NDUFS5/COX6C/PLEC/NDUFS8/NDUFS6/COX6B1/NDUFA7/UQCRH/NDUFA1/NDUFB9/COX5A/COX7B/GHITM/HIGD2A/UQCR11/UQCRFS1/UQCRQ/NDUFB2/CYC1/HCCS/NDUFA6/SDHA/COX6A1/PUM2/NDUFB11/NDUFB3/COX5B/NDUFAB1/NDUFC2/CHCHD2/ENOX2/UQCRC1/NDUFS3/NDUFV2/C2orf69/SLC25A51/UQCRB/FDX1/NDUFB5/UQCC3/NDUFA9/PARK7/DGUOK/NDUFB4/MT-CO2/CYCS/NDUFB8/NDUFA3/HIGD1A/NDUFA12/NDUFS7/MT-CO1/NDUFAF1/NDUFS2/ETFA,0.47727081536286214
GO:2000628,regulation of miRNA metabolic process,86,-0.6614756934934123,-1.6107267408600332,0.0021987717944302442,0.08599661067379726,0.0418067186382547,1344,"tags=27%, list=7%, signal=25%",FOXO3/FOXA1/PPARG/NOTCH2/SMAD3/NR3C1/ESR1/IL6/MYC/GATA2/ATOH8/AR/BMP4/EGFR/FGF2/NFIB/NFATC4/NGFR/MRTFB/FOS/KLF4/JUN/EGR1,0.4317076958033464
GO:0046541,saliva secretion,8,-0.9843946346740939,-1.6097952852651072,2.0678735448875839e-4,0.026876555582398407,0.013065870717403815,72,"tags=25%, list=0%, signal=25%",FGF10/AQP1,0.5188480777437918
GO:0098543,detection of other organism,16,0.9175150624979267,1.6093046394517478,3.708961149165001e-4,0.03505419584379699,0.017041379785196917,754,"tags=44%, list=4%, signal=42%",HLA-A/HLA-B/CLEC7A/HLA-DRB1/TLR2/TLR1/NOD2,0.49849310876659025
GO:0051453,regulation of intracellular pH,80,0.6950989173652047,1.6084883434354074,0.0012242255345982058,0.06451904260631719,0.031365532198511785,3089,"tags=36%, list=15%, signal=31%",GRN/SLAMF8/ATP6V1B2/SLC11A1/ATP6V1F/CA2/ATP6AP2/ATP6AP1/ATP6V1A/SLC9A7/SLC7A11/PPT1/SLC26A6/DMXL2/ATP6V0B/LAMP2/RAB20/TMEM165/ATP6V0E2/ATP6V0E1/SLC4A2/CHP1/ATP5F1B/CLN3/SLC9A6/ATP6V1H/SLC9A1/FASLG/ROGDI,0.45505986738722953
GO:0001961,positive regulation of cytokine-mediated signaling pathway,56,0.7390960709442665,1.6078077039324008,0.0011207869616885555,0.06310362907356896,0.0306774376927313,1459,"tags=30%, list=7%, signal=28%",LAPTM5/TREM2/CXCR4/CD74/NLRC5/IKBKE/HIF1A/EZR/FADD/PARP14/CDK5R1/ZBP1/UBE2K/CD300LF/PARP9/TRAF2/RBM47,0.45505986738722953
GO:0002695,negative regulation of leukocyte activation,158,0.6279146566321794,1.6073001210549902,5.149251216858605e-4,0.043349510938174726,0.021074095742826923,2871,"tags=46%, list=14%, signal=40%",FN1/INHBA/LAPTM5/LILRB4/IL4I1/GRN/TNFSF4/TIGIT/HLA-DRB1/PSMA7/HAVCR2/SOX11/PSMA4/LAG3/RUNX1/CDKN2A/LGALS1/LGALS9/CD86/FOXP3/SMAD7/CD300A/CTLA4/LYN/TYROBP/PAG1/RUNX3/PSMA1/MNDA/PSMB9/SAMSN1/SPN/PTPN22/LST1/MILR1/PTPRC/PSMB2/PSMB8/ZBTB7B/TNFAIP3/CSK/PSMA5/BTN2A2/CD300LF/CD84/ASCL2/CD274/PSMB3/GNRH1/LILRB1/PSMB4/SOCS1/FCGR2B/LILRB2/PSMA3/GPNMB/PLA2G2D/LOXL3/ID2/IRF1/CBFB/CST7/SYT11/TWSG1/TMEM131L/BANK1/SLC4A2/SRC/CD80/CRTAM/PDCD1/PTPN6/FGR,0.47727081536286214
GO:0043374,"CD8-positive, alpha-beta T cell differentiation",24,0.8272441294763432,1.6067162682387068,0.0018495404381853363,0.08035823269902165,0.03906565617404064,2175,"tags=71%, list=11%, signal=63%",LILRB4/PSMA7/PSMA4/RUNX1/RUNX3/PSMA1/PSMB9/PSMB2/ZBTB7B/PSMA5/PSMB3/PSMB4/TOX/NCKAP1L/SOCS1/PSMA3/CBFB,0.45505986738722953
GO:0051321,meiotic cell cycle,241,0.612497983798191,1.6060370656638436,1.0701799377134983e-4,0.01942734236262577,0.009444481935737653,2649,"tags=25%, list=13%, signal=22%",MKI67/TOP2A/ASPM/PTTG1/SMC4/KNL1/ZWINT/PSMA4/CDCA2/BRIP1/CDC20/RAD51AP1/NDC80/PKMYT1/AURKA/NCAPH/NCAPD2/SGO2/ANAPC11/BUB3/H2AX/SGO1/INCENP/PSMA1/NUF2/TDRKH/PSMB2/PSMC3IP/TESMIN/CENPS/PSMA5/CYP26B1/TRIP13/NEK2/TTK/PSMB3/RAD54L/PSMB4/RMI1/NBN/RAD21/CHFR/PSMB6/PSMA3/SKA1/BRCA2/CENPX/TUBG1/XRCC2/P3H4/ANAPC15/SKA3/NCAPD3/SMC1A/TOP3A/ZW10/ING2/RAD51/RAD1/AURKC/RAB24,0.5384340963099162
GO:1905820,positive regulation of chromosome separation,29,0.8248124250872793,1.6055509992494155,0.0014418619496950789,0.07082723476002872,0.03443222066937055,1963,"tags=55%, list=10%, signal=50%",UBE2C/BIRC5/SMC4/NCAPG/DLGAP5/PLK1/CDC20/CDCA8/NCAPH/ANAPC11/INCENP/AURKB/NSMCE2/SMC2/NCAPG2/SKA1,0.45505986738722953
GO:0015804,neutral amino acid transport,48,0.7511463429044042,1.6041334210057443,0.001823243654704028,0.07980121824164242,0.03879486705206669,1861,"tags=29%, list=9%, signal=27%",SLC6A6/SLC7A5/SLC1A3/SLC7A7/SLC38A5/RGS4/MFSD12/SLC7A11/SLC38A7/SLC43A2/SLC1A4/SLC36A1/SLC38A1/LLGL2,0.45505986738722953
GO:0001909,leukocyte mediated cytotoxicity,118,0.6564934812083444,1.6012419110521543,8.001037494969882e-4,0.052030083910067686,0.025294102426943174,2056,"tags=33%, list=10%, signal=30%",FCGR3A/HLA-A/HLA-B/TIGIT/HLA-C/HLA-DRA/HLA-DRB1/HAVCR2/TUBB/FCGR1A/TREM1/GRB2/CADM1/LGALS9/TGFB1/SPI1/KIF5B/CD2/RASGRP1/FADD/KLRD1/TYROBP/HLA-F/CTSH/FCGR2A/SLAMF6/CD226/PTPRC/STXBP2/ARRB2/LILRB1/ITGAM/VAV1/GZMB/NCKAP1L/IGHG1/FCGR2B/ICAM1/NECTIN4,0.47727081536286214
GO:0045581,negative regulation of T cell differentiation,48,0.7496968745567538,1.601037964785901,0.0019621534061580615,0.08191738912580912,0.03982363039578042,2609,"tags=58%, list=13%, signal=51%",LILRB4/TNFSF4/PSMA7/PSMA4/LAG3/RUNX1/CDKN2A/LGALS1/FOXP3/SMAD7/CTLA4/RUNX3/PSMA1/PSMB9/PSMB2/PSMB8/ZBTB7B/PSMA5/ASCL2/PSMB3/PSMB4/SOCS1/PSMA3/LOXL3/IRF1/CBFB/TMEM131L/SLC4A2,0.4317076958033464
GO:0009187,cyclic nucleotide metabolic process,36,-0.7773221374345811,-1.600926693379712,0.009609266071208338,0.18850369900170383,0.09163990353442733,1290,"tags=39%, list=6%, signal=36%",PDE1A/ADCY6/PDE9A/PDE10A/GUCY1A2/ADCY5/PDE5A/PDE7B/ADCY4/NPR1/ADCY3/PDE2A/ADCYAP1R1/EDNRB,0.3807304007227924
GO:0086012,membrane depolarization during cardiac muscle cell action potential,20,-0.8463983043810478,-1.598868592074755,0.011175089737508583,0.20310160010258657,0.09873658256923987,678,"tags=20%, list=3%, signal=19%",CACNA1G/SCN4B/CACNA1D/ANK2,0.3807304007227924
GO:0051984,positive regulation of chromosome segregation,26,0.8291625158669382,1.5981327807597738,0.0026153878794097397,0.09422150195711941,0.045805198497145865,2329,"tags=58%, list=11%, signal=51%",BIRC5/SMC4/NCAPG/CCNB1/CDK1/CDCA8/NCAPH/INCENP/SMC6/AURKB/SMC2/NCAPG2/CDC6/SKA1/SKA3,0.4317076958033464
GO:0030178,negative regulation of Wnt signaling pathway,146,-0.6096213246019314,-1.5978683509123113,0.0016128247704303082,0.07502860832041794,0.03647469235467515,1794,"tags=28%, list=9%, signal=26%",SMAD4/TLE5/GLI3/LATS1/LATS2/PFDN5/NPHP3/DKK2/LRP4/KREMEN1/WNT11/ZNRF3/JADE1/RACK1/TLE1/TRABD2B/MCC/DAB2/WWTR1/APCDD1/SOX13/IGFBP2/AXIN2/LRP1/SOX17/BICC1/MEST/FRZB/TLE2/TBX18/HIC1/CDON/TMEM88/NFATC4/CAV1/IGFBP4/TCF7L2/RBMS3/IGFBP6/SFRP1/EGR1,0.45505986738722953
GO:0022904,respiratory electron transport chain,104,0.6657989571031766,1.5973687804827554,9.819446095953237e-4,0.058350445742449124,0.028366707111569956,4840,"tags=58%, list=24%, signal=44%",CCNB1/CDK1/COX8A/COX7A2/UQCR10/SDHB/NDUFS5/COX6C/PLEC/NDUFS8/NDUFS6/COX6B1/NDUFA7/UQCRH/NDUFA1/NDUFB9/COX5A/COX7B/GHITM/HIGD2A/UQCR11/UQCRFS1/UQCRQ/NDUFB2/CYC1/HCCS/NDUFA6/SDHA/COX6A1/PUM2/NDUFB11/NDUFB3/COX5B/NDUFAB1/NDUFC2/CHCHD2/UQCRC1/NDUFS3/NDUFV2/C2orf69/SLC25A51/UQCRB/NDUFB5/UQCC3/NDUFA9/PARK7/DGUOK/NDUFB4/MT-CO2/CYCS/NDUFB8/NDUFA3/HIGD1A/NDUFA12/NDUFS7/MT-CO1/NDUFAF1/NDUFS2/ETFA/NDUFA2,0.45505986738722953
GO:0002711,positive regulation of T cell mediated immunity,61,0.7214021527429122,1.5971391840875626,0.001689721468378912,0.07815921860268593,0.037996619116803736,1411,"tags=23%, list=7%, signal=21%",HLA-A/HLA-B/B2M/TNFSF4/HLA-C/HLA-DRA/HLA-DRB1/RSAD2/IL18/CD7/FADD/HLA-F/TRAF2/CD55,0.45505986738722953
GO:0030071,regulation of mitotic metaphase/anaphase transition,96,0.6875338980393341,1.5969882098348205,3.095008766566898e-4,0.03230316201105271,0.015703981758591865,2418,"tags=44%, list=12%, signal=39%",UBE2C/BIRC5/CENPF/MAD2L1/DLGAP5/CCNB1/BUB1/KNL1/CENPE/ZWINT/PLK1/BUB1B/SPC24/ACTB/CDC20/NDC80/CDCA8/DYNLT1/ANAPC11/BUB3/DYNLL1/INCENP/NEK6/NUF2/SMARCA4/AURKB/SPDL1/TRIP13/TTK/NSMCE2/GEN1/RAD21/SMARCB1/CDC6/SMARCC1/SKA1/ACTL6A/MAD2L2/DYNLRB1/ANAPC15/SKA3/ZW10,0.49849310876659025
GO:0031341,regulation of cell killing,91,0.6783651050517281,1.5966209955080168,0.0020127796196001435,0.0827577721371958,0.040232177381878294,2056,"tags=31%, list=10%, signal=28%",HLA-A/HLA-B/TIGIT/HLA-C/HLA-DRA/HLA-DRB1/HAVCR2/GRB2/CADM1/LGALS9/TGFB1/SPI1/RASGRP1/FADD/KLRD1/TYROBP/HLA-F/SLAMF6/CD226/PTPRC/ARRB2/CD55/LILRB1/ITGAM/NCKAP1L/FCGR2B/ICAM1/NECTIN4,0.4317076958033464
GO:0043567,regulation of insulin-like growth factor receptor signaling pathway,17,-0.8538490303770435,-1.5962756015379784,0.0189120134400738,0.25990145018674704,0.126349477223553,757,"tags=29%, list=4%, signal=28%",IGFBP2/PHIP/IGFBP4/IGFBP6/IGF1,0.35248785758361917
GO:0007613,memory,78,-0.6632809734440617,-1.596180907375143,0.0038484034607575235,0.11808197001063041,0.05740481697832096,1402,"tags=23%, list=7%, signal=22%",KCNK2/PGRMC1/CAMK2N1/PJA2/MAP1A/CIC/MAPT/PLCB1/KAT2A/PTN/SHANK3/RELN/TACR1/NFATC4/FOS/PRNP/TAC1/EGR1,0.4317076958033464
GO:0009615,response to virus,347,0.5810627906110353,1.5956522186681374,2.55645986837131e-5,0.009371648920434173,0.004555968968117412,3542,"tags=36%, list=17%, signal=30%",CFL1/IFI6/CXCL10/ISG15/TNFSF4/RSAD2/STAT1/ENO1/CXCR4/IFI27/GBP5/CCL22/OAS3/STMN1/MICB/AIM2/CCL11/OAS1/NLRC5/AP1S1/CALR/IKBKE/LGALS9/ISG20/TGFB1/MX1/FOXP3/IFI44L/RNASE6/PMAIP1/HIF1A/TLR2/GBP1/VAMP8/OASL/OAS2/BAX/FADD/RTP4/DTX3L/ADAR/IFIT2/IFIT3/IFIH1/CCL5/IFIT1/BST2/NMI/IFI44/STAT2/HSP90AA1/ATAD3A/ZBP1/NMB/TLR7/SMPD1/POLR3K/PTPRC/IRF5/IRF2/NPC2/FOSL1/TNFAIP3/EIF2AK2/NCBP1/PARP9/TRIM26/IRF7/LILRB1/APOBEC3H/HERC5/GBP2/C1QBP/TRIM21/CXADR/APOBEC3G/CCT5/IRF1/DDX60L/ARF1/TRAF3IP3/RIOK3/USP18/PML/IRF9/HYAL2/HSPB1/TLR3/POLR3D/EIF5A/POU2F2/CGAS/UNC93B1/IL1B/TICAM1/RIPK3/IVNS1ABP/PYCARD/EXOSC4/TRIM22/FGR/RNF26/APOBEC3A/DDIT4/POLR3B/PRF1/APOBEC3F/IL12RB1/RNF185/MMP12/PLSCR1/MYD88/LAMTOR5/SHFL/DDX60/EXOSC5/IFNGR2/F2RL1/ILRUN/TBK1/TRIM35/MARCHF2/AUP1/MICA,0.5756102610711286
GO:0051985,negative regulation of chromosome segregation,57,0.7261473289635125,1.595620034233449,0.003171575741029058,0.10628600894334765,0.05167028370376766,2418,"tags=54%, list=12%, signal=48%",BIRC5/CENPF/MAD2L1/CCNB1/BUB1/KNL1/ZWINT/PLK1/BUB1B/SPC24/CDC20/NDC80/CDCA8/DYNLT1/BUB3/DYNLL1/INCENP/NUF2/AURKB/SPDL1/TRIP13/TTK/GEN1/RAD21/CHFR/SKA1/MAD2L2/DYNLRB1/ANAPC15/SKA3/ZW10,0.4317076958033464
GO:0072109,glomerular mesangium development,14,-0.8525615286074434,-1.5953885196647166,0.03181876526839345,0.32314851620624874,0.15709664589747016,948,"tags=36%, list=5%, signal=34%",PDGFRB/BMP4/CD34/PDGFD/EGR1,0.3217759180753611
GO:1904035,regulation of epithelial cell apoptotic process,30,-0.7986631260763699,-1.5950956751918919,0.00834036136503667,0.1743293704623725,0.08474914167198845,891,"tags=20%, list=4%, signal=19%",PLA2R1/IL6/ZFP36L1/TCF7L2/ZFP36/GSN,0.3807304007227924
GO:0140888,interferon-mediated signaling pathway,84,0.6848115145842109,1.5930965664511743,0.001352271742757129,0.06837791464463222,0.033241498894208785,4270,"tags=50%, list=21%, signal=40%",ISG15/STAT1/IFI27/OAS3/OAS1/NLRC5/IKBKE/OASL/OAS2/FADD/PARP14/TTLL12/HCK/STAT2/IRAK1/ZBP1/UBE2K/PARP9/RBM47/IRF7/PTPN1/WNT5A/EIF4E2/IRF1/CIITA/USP18/PTPN6/RNF185/MMP12/MYD88/IFNGR2/JAK2/TBK1/DNAJA3/SMIM30/TP53/TYK2/SP100/TANK/YTHDF2/IFNAR2/IFNLR1,0.45505986738722953
GO:0071383,cellular response to steroid hormone stimulus,182,-0.588189400735214,-1.5920010127362982,0.0010001065173631328,0.05899903737574829,0.028682015909347103,1840,"tags=23%, list=9%, signal=21%",SAFB2/DDX5/PAQR7/HSPA1B/PLPP1/EDN1/LATS1/MT-ND3/CALCOCO1/ASS1/USP8/FOXO3/FOXA1/ZBTB7A/TP63/ANXA1/CRY2/DAB2/SCNN1D/NR3C1/ESR1/AXIN2/SCGB2A2/DDX17/PGR/NR3C2/RXRA/KANK2/RBFOX2/NCOA1/AKR1C3/AR/ZFP36L1/FAM107A/PER1/ZFP36L2/TCF7L2/KLF9/ZFP36/SFRP1/TFPI/AQP1,0.45505986738722953
GO:0090307,mitotic spindle assembly,73,0.7036627972089384,1.5919282732196425,0.001234333693290216,0.06451904260631719,0.031365532198511785,1235,"tags=22%, list=6%, signal=21%",BIRC5/TPX2/KIFC1/KIF23/PLK1/KIF11/PRC1/CDCA8/KIF15/KIF4A/RHOA/FLNA/INCENP/CHMP4B/AURKB/RCC1,0.45505986738722953
GO:0002697,regulation of immune effector process,306,0.5898560951724515,1.5916043609446342,3.863962037123054e-5,0.01146178939971298,0.005572077792023198,2093,"tags=26%, list=10%, signal=24%",LAPTM5/LILRB4/IL4I1/GRN/TREM2/HLA-A/HLA-B/B2M/TNFSF4/TIGIT/HLA-C/CLEC7A/HLA-DRA/ADORA3/HLA-DRB1/SLAMF8/RSAD2/SLC7A5/ITGB2/HAVCR2/CALHM6/CD74/EPHB2/LAG3/IL18/SEMA7A/GRB2/HLA-DMB/CADM1/LGALS1/LGALS9/CD86/TGFB1/FOXP3/SMAD7/TNFRSF4/CD300A/SPI1/VAMP8/RASGRP1/CD7/FADD/KLRD1/LYN/TYROBP/NOD2/PKP3/ADGRE2/HLA-F/BST2/GALNT2/TFRC/WAS/SLAMF6/BATF/CD226/C2/GPI/PTPRC/IRF5/STXBP2/HK1/SCIMP/ARRB2/CD84/TRAF2/ASCL2/CD274/CD55/LILRB1/ITGAM/NCKAP1L/RAC2/FCGR2B/C1QBP/ICAM1/WNT5A/NECTIN4/LOXL3/SNX4/NFKBID,0.557332238758646
GO:0014059,regulation of dopamine secretion,19,-0.8327517361075627,-1.5915147094644255,0.023086980550955687,0.27885921166962946,0.13556567532852667,768,"tags=11%, list=4%, signal=10%",GABBR1/CXCL12,0.35248785758361917
GO:0010463,mesenchymal cell proliferation,23,-0.7992401463230828,-1.5904625223236375,0.022854952558578473,0.2788353270522154,0.13555406396998376,1041,"tags=43%, list=5%, signal=41%",MSX1/CHRD/LRP5/FGF7/MYC/TGFBR2/BMP4/NFIB/OSR1/GPC3,0.35248785758361917
GO:0072111,cell proliferation involved in kidney development,18,-0.8464690469427611,-1.5903009248598172,0.021182133577726803,0.270970959692972,0.131730850579599,573,"tags=33%, list=3%, signal=32%",MYC/BMP4/OSR1/PDGFD/EGR1/GPC3,0.35248785758361917
GO:0009190,cyclic nucleotide biosynthetic process,18,-0.8463627009955331,-1.5901011277628736,0.021182133577726803,0.270970959692972,0.131730850579599,736,"tags=39%, list=4%, signal=38%",GUCY1A2/ADCY5/ADCY4/NPR1/ADCY3/ADCYAP1R1/EDNRB,0.35248785758361917
GO:0032963,collagen metabolic process,89,0.6902506679387672,1.5894776872803666,6.980678747761378e-4,0.049108180345738765,0.02387363714063821,831,"tags=24%, list=4%, signal=23%",MMP11/CTSB/MMP9/INHBA/MMP1/COL1A1/PLOD2/MMP7/MMP13/FAP/COL5A1/MMP14/ADAMTS14/RUNX1/CTSS/ITGB1/MMP3/TGFB1/HIF1A/ADAMTS2/CTSL,0.47727081536286214
GO:0051450,myoblast proliferation,16,-0.871162631039174,-1.5890085998025476,0.013924398887240303,0.22395587020083074,0.10887475656903346,479,"tags=31%, list=2%, signal=31%",ABL1/ATOH8/MEIS2/FOS/IGF1,0.3807304007227924
GO:0061615,glycolytic process through fructose-6-phosphate,22,0.8531265600706915,1.5888510214466998,7.931858715984303e-4,0.052030083910067686,0.025294102426943174,2529,"tags=55%, list=12%, signal=48%",GAPDH/ENO1/PKM/PGK1/TPI1/HK1/HK3/PFKL/FOXK2/ENO2/PFKP/ADPGK,0.47727081536286214
GO:0019886,antigen processing and presentation of exogenous peptide antigen via MHC class II,24,0.8175635930246289,1.5879142304266125,0.0031882234472977757,0.10628600894334765,0.05167028370376766,2041,"tags=71%, list=10%, signal=64%",CTSD/B2M/HLA-DRA/HLA-DQB1/HLA-DRB1/HLA-DPB1/HLA-DQA1/HLA-DPA1/HLA-DMB/CTSS/CTSL/HLA-DOA/HLA-DOB/HLA-DMA/FCGR2B/LGMN/IFI30,0.4317076958033464
GO:1901740,negative regulation of myoblast fusion,47,-0.7214340654713641,-1.5874124288847504,0.009435476069316811,0.1864422589327868,0.09063774723692228,1847,"tags=38%, list=9%, signal=35%",RPL41/RPL37A/RPL19/RPL9/RPL7A/RPL12/RPL18/RPL23/RPL35A/RPL15/RPL35/RPL4/RPL11/RPL5/RPL32/RPL31/RPL34/RPL13,0.3807304007227924
GO:0045071,negative regulation of viral genome replication,43,0.7525121678099658,1.5874102026860881,0.006565454812364989,0.15900468160611475,0.07729913927988748,3270,"tags=53%, list=16%, signal=45%",ISG15/RSAD2/OAS3/OAS1/ISG20/MX1/OASL/OAS2/IFIH1/CCL5/IFIT1/BST2/EIF2AK2/APOBEC3H/N4BP1/SRPK1/APOBEC3G/TNIP1/SRPK2/APOBEC3A/APOBEC3F/PLSCR1/SHFL,0.40701791892395395
GO:0051653,spindle localization,51,0.7363049317108474,1.5871853022984623,0.0029641958445603524,0.10139293433010851,0.04929154584388123,2525,"tags=29%, list=12%, signal=26%",CFL1/ASPM/NDC80/ITGB1/DYNLT1/SAPCD2/SPDL1/CENPA/NUSAP1/LLGL2/SKA1/SKA3/ZW10/NDE1/NLRP2,0.4317076958033464
GO:1903900,regulation of viral life cycle,101,0.6720215076679684,1.5869857672674033,0.0011225917716107595,0.06310362907356896,0.0306774376927313,3270,"tags=43%, list=16%, signal=36%",TOP2A/P4HB/ISG15/RSAD2/OAS3/KPNA2/LAMP3/PABPC1/OAS1/LGALS1/LGALS9/ISG20/IL32/MX1/OASL/OAS2/ADAR/IFIH1/CCL5/IFIT1/BST2/SMPD1/EIF2AK2/NOTCH1/APOBEC3H/N4BP1/PPIH/TRIM62/SRPK1/TRIM21/APOBEC3G/FURIN/BSG/TNIP1/CSNK2B/SRPK2/LARP1/RAD23A/APOBEC3A/APOBEC3F/CXCL8/PLSCR1/SHFL,0.45505986738722953
GO:0001914,regulation of T cell mediated cytotoxicity,41,0.7633430114754057,1.5865110092324932,0.0022018822032815045,0.08599661067379726,0.0418067186382547,1798,"tags=29%, list=9%, signal=27%",HLA-A/HLA-B/HLA-C/HLA-DRA/HLA-DRB1/FADD/KLRD1/HLA-F/PTPRC/LILRB1/NCKAP1L/FCGR2B,0.4317076958033464
GO:0010586,miRNA metabolic process,102,-0.6390518926883133,-1.5864234077058725,0.003927710002505524,0.11887372465906572,0.05778972358752704,1845,"tags=31%, list=9%, signal=29%",RARA/DDX5/SMAD4/BMPR1A/STAT3/SMAD1/TWIST1/FOXO3/DICER1/FOXA1/PPARG/NOTCH2/SMAD3/NR3C1/ESR1/IL6/DDX17/MYC/GATA2/ATOH8/AR/BMP4/EGFR/FGF2/NFIB/NFATC4/NGFR/MRTFB/FOS/KLF4/JUN/EGR1,0.40701791892395395
GO:1902600,proton transmembrane transport,169,0.6271570979809676,1.5863282821807683,3.6868243088654444e-4,0.03505419584379699,0.017041379785196917,3921,"tags=42%, list=19%, signal=34%",SLC15A3/ATP6V1B2/SLC25A5/COX8A/ATP5F1E/ATP5MC3/SLC11A1/UQCR10/ATP6V1F/FXYD5/ATP6AP2/NDUFS5/ATP6AP1/ATP6V1G1/ATP6V1A/ATP5MF/SLC9A7/SLC7A11/NDUFS8/ATP6V0B/NDUFS6/SLC25A22/COX6B1/NDUFA7/UQCRH/NDUFA1/NDUFB9/COX5A/SLC36A1/COX7B/GHITM/SLC11A2/ATP5F1C/ATP6V0E2/SURF1/SLC25A14/UQCRFS1/UCP2/NDUFB2/CYC1/ATP6V1C2/NDUFA6/SLC16A1/SLC15A1/ATP6V0E1/NDUFB3/COX5B/NDUFC2/SLC4A11/ATP5PD/SLC17A5/ATP5F1B/ATP5MC1/SLC9A6/ATP6V1H/SLC9A1/UQCRC1/SLC15A4/NDUFS3/NDUFV2/ATP5F1D/NDUFB5/HVCN1/SLC9A8/NDUFA9/SLC45A4/SLC25A13/LETM1/NDUFB4/MT-CO2/CLCN7,0.49849310876659025
GO:0050866,negative regulation of cell activation,178,0.620552190587651,1.5860574727955272,3.3150775180289715e-4,0.03373505759284232,0.0164000889102366,2871,"tags=44%, list=14%, signal=38%",FN1/INHBA/LAPTM5/LILRB4/IL4I1/GRN/TREM2/TNFSF4/TIGIT/HLA-DRB1/PSMA7/HAVCR2/SOX11/PSMA4/LAG3/RUNX1/APOE/CD9/CDKN2A/LGALS1/LGALS9/CD86/FOXP3/SMAD7/CD300A/CTLA4/LYN/TYROBP/PAG1/PRKCD/RUNX3/PSMA1/MNDA/PSMB9/SAMSN1/SPN/PTPN22/LST1/MILR1/PTPRC/PSMB2/PSMB8/ZBTB7B/TNFAIP3/CSK/PSMA5/BTN2A2/CD300LF/CD84/ASCL2/CD274/PSMB3/GNRH1/LILRB1/PSMB4/SOCS1/FCGR2B/LILRB2/PSMA3/SH2B3/GPNMB/PLA2G2D/LOXL3/ID2/IRF1/CBFB/CST7/SYT11/TWSG1/TMEM131L/BANK1/SLC4A2/SRC/TMX1/CD80/CRTAM/PDCD1/PTPN6/FGR,0.49849310876659025
GO:0002449,lymphocyte mediated immunity,268,0.5929447668577221,1.58599022919242,1.601022377785148e-4,0.024136894773238687,0.01173400161564057,3136,"tags=35%, list=15%, signal=30%",FCGR3A/LILRB4/IL4I1/TREM2/HLA-A/HLA-B/B2M/TNFSF4/TIGIT/HLA-C/HLA-DRA/HLA-DRB1/RSAD2/IL21R/FCER1G/HAVCR2/CALHM6/TUBB/C1QB/CD74/FCGR1A/LAG3/IL18/IGHG3/GRB2/CADM1/LGALS9/TGFB1/FOXP3/SMAD7/CARD9/KIF5B/CD2/RASGRP1/CD7/FADD/C1QC/IGHG4/KLRD1/C1QA/TYROBP/IL2RG/HLA-F/IGLC7/TFRC/IL2RB/CTSH/WAS/FCGR2A/SLAMF6/BATF/CD226/C2/PTPRC/IGHG2/ARRB2/TRAF2/CD274/CD55/LILRB1/VAV1/GZMB/NCKAP1L/MYO1G/CD8A/NBN/IGHG1/FCGR2B/C1QBP/NECTIN4/EXOSC3/MAD2L2/YWHAG/FUT7/SHLD1/GSDMB/CD70/DENND1B/PIK3CB/IL1B/RIPK3/CD80/SLA2/CRTAM/PDCD1/BTN3A3/HSPD1/TUBB4B/AGER/PRF1/IL12RB1/SLC15A4/MALT1/RFTN1,0.5188480777437918
GO:0033044,regulation of chromosome organization,236,0.6010878135652197,1.5843762811257662,3.3744643862864955e-4,0.03391545008488687,0.016487785600841846,2668,"tags=33%, list=13%, signal=29%",UBE2C/BIRC5/CENPF/MAD2L1/SMC4/NCAPG/DLGAP5/CCNB1/CDK1/BUB1/KNL1/CENPE/MACROH2A1/ZWINT/PLK1/BUB1B/SPC24/ACTB/CDC20/NDC80/FEN1/CDCA8/PKIB/CCT3/NCAPH/RMI2/DYNLT1/NCAPD2/ANAPC11/BUB3/DYNLL1/TACC3/INCENP/TFPT/NAA10/NEK6/MCRS1/SMC6/NUF2/HSP90AA1/SMARCA4/AURKB/SPDL1/HNRNPC/TRIP13/NEK2/TTK/SMG5/NSMCE2/GEN1/CTPS1/SMC2/NBN/RAD21/SMARCB1/CHFR/PIF1/CDC6/SMARCC1/SKA1/ACTL6A/CCT5/SIRT6/CCT6A/MAD2L2/DYNLRB1/INO80C/ANAPC15/SKA3/PML/UCHL5/ZW10/STN1/NEK7/NABP2/DKC1/SRC,0.49849310876659025
GO:0070306,lens fiber cell differentiation,25,-0.7902389988831738,-1.5830358742823605,0.03716873336221559,0.3543216139365306,0.17225125391843257,1627,"tags=44%, list=8%, signal=41%",PLAAT3/SPRED2/PROX1/EFNA5/ABI2/TMOD1/ZEB2/MAF/FGF2/SPRY2/SPRY1,0.3217759180753611
GO:0031577,spindle checkpoint signaling,54,0.7300522945738382,1.5824112325807747,0.001977407814010102,0.08213304598906244,0.03992847064162034,2418,"tags=56%, list=12%, signal=49%",BIRC5/CENPF/MAD2L1/CCNB1/BUB1/KNL1/ZWINT/PLK1/BUB1B/SPC24/CDC20/NDC80/CDCA8/DYNLT1/BUB3/DYNLL1/INCENP/NUF2/AURKB/SPDL1/TRIP13/TTK/GEN1/CHFR/SKA1/MAD2L2/DYNLRB1/ANAPC15/SKA3/ZW10,0.4317076958033464
GO:1904019,epithelial cell apoptotic process,40,-0.7514282526568028,-1.5823555942822418,0.007099524090873018,0.16200297434716182,0.07875674069043084,1383,"tags=22%, list=7%, signal=21%",PRKAA2/NFKBIZ/PLA2R1/IL6/ABL1/ZFP36L1/TCF7L2/ZFP36/GSN,0.40701791892395395
GO:0003007,heart morphogenesis,169,-0.5937080082381334,-1.5815976567637793,0.0011394464407093279,0.06310362907356896,0.0306774376927313,1961,"tags=29%, list=10%, signal=26%",RBPJ/EPHB4/FHL2/JAG1/TBX1/HAND2/SMAD4/BMPR1A/EDN1/MDM4/PARVA/NPHP3/ENG/PDCD4/TWIST1/EMP2/DLL1/BBS5/WNT11/MEF2C/SMO/PROX1/MEGF8/SOX18/SHOX2/NOTCH2/CITED2/TBX3/TTN/ACVRL1/S1PR1/DCHS1/TEK/CCM2L/ELN/NRP1/FLRT2/SOX17/TGFBR2/BMP4/ADAMTS5/OLFM1/SLIT2/DLC1/CLDN5/SLIT3/CPE/SPRY1/TGFBR3,0.45505986738722953
GO:1902100,negative regulation of metaphase/anaphase transition of cell cycle,56,0.7266042316595449,1.580633326706175,0.0022089038769412305,0.08599661067379726,0.0418067186382547,2418,"tags=55%, list=12%, signal=49%",BIRC5/CENPF/MAD2L1/CCNB1/BUB1/KNL1/ZWINT/PLK1/BUB1B/SPC24/CDC20/NDC80/CDCA8/DYNLT1/BUB3/DYNLL1/INCENP/NUF2/AURKB/SPDL1/TRIP13/TTK/GEN1/RAD21/CHFR/SKA1/MAD2L2/DYNLRB1/ANAPC15/SKA3/ZW10,0.4317076958033464
GO:1905819,negative regulation of chromosome separation,56,0.7266042316595449,1.580633326706175,0.0022089038769412305,0.08599661067379726,0.0418067186382547,2418,"tags=55%, list=12%, signal=49%",BIRC5/CENPF/MAD2L1/CCNB1/BUB1/KNL1/ZWINT/PLK1/BUB1B/SPC24/CDC20/NDC80/CDCA8/DYNLT1/BUB3/DYNLL1/INCENP/NUF2/AURKB/SPDL1/TRIP13/TTK/GEN1/RAD21/CHFR/SKA1/MAD2L2/DYNLRB1/ANAPC15/SKA3/ZW10,0.4317076958033464
GO:0070104,negative regulation of interleukin-6-mediated signaling pathway,5,-0.9948059770425666,-1.580501042342075,1.759751180065673e-4,0.024621438641773914,0.011969559610554853,45,"tags=20%, list=0%, signal=20%",IL6ST,0.5188480777437918
GO:0002720,positive regulation of cytokine production involved in immune response,64,0.7203422846603836,1.580288597174741,0.001232442625448788,0.06451904260631719,0.031365532198511785,1484,"tags=31%, list=7%, signal=29%",LAPTM5/HLA-A/B2M/TNFSF4/CLEC7A/RSAD2/SLC7A5/CD74/IL18/SEMA7A/CD7/NOD2/HLA-F/CD226/IRF5/HK1/SCIMP/TRAF2/CD55/LILRB1,0.45505986738722953
GO:0033047,regulation of mitotic sister chromatid segregation,62,0.7214805154844111,1.580221106314564,0.0013808903261484202,0.06896827082929011,0.033528496890001494,2418,"tags=50%, list=12%, signal=44%",BIRC5/CENPF/MAD2L1/CCNB1/CDK1/BUB1/KNL1/ZWINT/PLK1/BUB1B/SPC24/CDC20/NDC80/CDCA8/DYNLT1/BUB3/DYNLL1/INCENP/NUF2/AURKB/SPDL1/TRIP13/TTK/GEN1/RAD21/SKA1/MAD2L2/DYNLRB1/ANAPC15/SKA3/ZW10,0.45505986738722953
GO:0042773,ATP synthesis coupled electron transport,87,0.6849980350329953,1.580199700959514,9.584146933296511e-4,0.05737098542938742,0.027890548558288923,4679,"tags=57%, list=23%, signal=45%",CCNB1/CDK1/COX8A/COX7A2/UQCR10/SDHB/NDUFS5/COX6C/NDUFS8/NDUFS6/COX6B1/NDUFA7/UQCRH/NDUFA1/NDUFB9/COX5A/COX7B/GHITM/UQCR11/UQCRFS1/UQCRQ/NDUFB2/CYC1/NDUFA6/SDHA/COX6A1/NDUFB3/COX5B/NDUFAB1/NDUFC2/CHCHD2/UQCRC1/NDUFS3/NDUFV2/UQCRB/NDUFB5/UQCC3/NDUFA9/PARK7/DGUOK/NDUFB4/MT-CO2/CYCS/NDUFB8/NDUFA3/NDUFA12/NDUFS7/MT-CO1/NDUFAF1/NDUFS2,0.47727081536286214
GO:0042775,mitochondrial ATP synthesis coupled electron transport,87,0.6849980350329953,1.580199700959514,9.584146933296511e-4,0.05737098542938742,0.027890548558288923,4679,"tags=57%, list=23%, signal=45%",CCNB1/CDK1/COX8A/COX7A2/UQCR10/SDHB/NDUFS5/COX6C/NDUFS8/NDUFS6/COX6B1/NDUFA7/UQCRH/NDUFA1/NDUFB9/COX5A/COX7B/GHITM/UQCR11/UQCRFS1/UQCRQ/NDUFB2/CYC1/NDUFA6/SDHA/COX6A1/NDUFB3/COX5B/NDUFAB1/NDUFC2/CHCHD2/UQCRC1/NDUFS3/NDUFV2/UQCRB/NDUFB5/UQCC3/NDUFA9/PARK7/DGUOK/NDUFB4/MT-CO2/CYCS/NDUFB8/NDUFA3/NDUFA12/NDUFS7/MT-CO1/NDUFAF1/NDUFS2,0.47727081536286214
GO:1990839,response to endothelin,10,-0.9143172935332018,-1.579687552788365,0.01475094858223134,0.23182909731263576,0.11270227707314796,150,"tags=30%, list=1%, signal=30%",KLF2/KLF4/EDNRB,0.3807304007227924
GO:0033046,negative regulation of sister chromatid segregation,55,0.7248777854135265,1.578875130971376,0.003263911342075533,0.10628600894334765,0.05167028370376766,2418,"tags=55%, list=12%, signal=48%",BIRC5/CENPF/MAD2L1/CCNB1/BUB1/KNL1/ZWINT/PLK1/BUB1B/SPC24/CDC20/NDC80/CDCA8/DYNLT1/BUB3/DYNLL1/INCENP/NUF2/AURKB/SPDL1/TRIP13/TTK/GEN1/RAD21/SKA1/MAD2L2/DYNLRB1/ANAPC15/SKA3/ZW10,0.4317076958033464
GO:0033048,negative regulation of mitotic sister chromatid segregation,55,0.7248777854135265,1.578875130971376,0.003263911342075533,0.10628600894334765,0.05167028370376766,2418,"tags=55%, list=12%, signal=48%",BIRC5/CENPF/MAD2L1/CCNB1/BUB1/KNL1/ZWINT/PLK1/BUB1B/SPC24/CDC20/NDC80/CDCA8/DYNLT1/BUB3/DYNLL1/INCENP/NUF2/AURKB/SPDL1/TRIP13/TTK/GEN1/RAD21/SKA1/MAD2L2/DYNLRB1/ANAPC15/SKA3/ZW10,0.4317076958033464
GO:0045841,negative regulation of mitotic metaphase/anaphase transition,55,0.7248777854135265,1.578875130971376,0.003263911342075533,0.10628600894334765,0.05167028370376766,2418,"tags=55%, list=12%, signal=48%",BIRC5/CENPF/MAD2L1/CCNB1/BUB1/KNL1/ZWINT/PLK1/BUB1B/SPC24/CDC20/NDC80/CDCA8/DYNLT1/BUB3/DYNLL1/INCENP/NUF2/AURKB/SPDL1/TRIP13/TTK/GEN1/RAD21/SKA1/MAD2L2/DYNLRB1/ANAPC15/SKA3/ZW10,0.4317076958033464
GO:2000816,negative regulation of mitotic sister chromatid separation,55,0.7248777854135265,1.578875130971376,0.003263911342075533,0.10628600894334765,0.05167028370376766,2418,"tags=55%, list=12%, signal=48%",BIRC5/CENPF/MAD2L1/CCNB1/BUB1/KNL1/ZWINT/PLK1/BUB1B/SPC24/CDC20/NDC80/CDCA8/DYNLT1/BUB3/DYNLL1/INCENP/NUF2/AURKB/SPDL1/TRIP13/TTK/GEN1/RAD21/SKA1/MAD2L2/DYNLRB1/ANAPC15/SKA3/ZW10,0.4317076958033464
GO:0002700,regulation of production of molecular mediator of immune response,131,0.6499339666751384,1.5774942450864042,2.2842479466195348e-4,0.028609326974507125,0.013908246777189374,1484,"tags=26%, list=7%, signal=24%",LAPTM5/LILRB4/HLA-A/B2M/TNFSF4/CLEC7A/RSAD2/SLC7A5/CALHM6/CD74/EPHB2/IL18/SEMA7A/CD86/TGFB1/FOXP3/SMAD7/TNFRSF4/CD7/NOD2/PKP3/HLA-F/BST2/GALNT2/TFRC/CD226/GPI/PTPRC/IRF5/HK1/SCIMP/TRAF2/CD55/LILRB1,0.5188480777437918
GO:1900746,regulation of vascular endothelial growth factor signaling pathway,27,-0.7636880847102112,-1.5772120660465798,0.04358930277014743,0.37604796186528605,0.18281338314396334,175,"tags=19%, list=1%, signal=18%",SEMA6A/SMOC2/NR2F2/SPRY2/DCN,0.3217759180753611
GO:0006310,DNA recombination,305,0.5884568635773493,1.5769627934035921,3.452827990788959e-5,0.010811335643466508,0.00525586373473038,3092,"tags=28%, list=15%, signal=24%",TOP2A/TNFSF4/SMC4/HMGB3/CHEK1/ACTR2/PLK1/ACTB/BRIP1/KPNA2/RAD51AP1/PSMD14/FEN1/NCAPH/TGFB1/MCM2/RMI2/PPP4C/XRCC4/MCM4/H2AX/GINS4/CDC7/RECQL4/TFPT/BARD1/MCRS1/SMC6/TFRC/WAS/BATF/POLQ/PSMC3IP/RPA3/CENPS/HMGB2/TRIP13/RAD54L/RFWD3/RECQL/RMI1/MCM7/NSMCE2/BLM/MCM6/GEN1/SMC2/NBN/PRKDC/RAD21/TIMELESS/PIF1/VPS72/C1QBP/CDC45/HELLS/ACTL6A/BRCA2/EXOSC3/CENPX/AP5S1/MRGBP/SIRT6/NONO/MAD2L2/XRCC2/RHNO1/INO80C/APEX2/UCHL5/SHLD1/TOP3A/GINS2/CGAS/RAD51/PGBD5/NABP2/TCF3/ACTR5/HSPD1/MCM9/TEP1/SLC15A4/MCM3,0.557332238758646
GO:0002495,antigen processing and presentation of peptide antigen via MHC class II,29,0.8099183469520466,1.576558708025879,0.0030919037259675543,0.10487995097125775,0.0509867373457465,2041,"tags=66%, list=10%, signal=59%",CTSD/TREM2/B2M/HLA-DRA/HLA-DQB1/HLA-DRB1/HLA-DPB1/HLA-DQA1/HLA-DPA1/HLA-DMB/CTSS/CTSL/HLA-DOA/HLA-DOB/MARCHF1/HLA-DMA/FCGR2B/LGMN/IFI30,0.4317076958033464
GO:0042308,negative regulation of protein import into nucleus,14,-0.8424329768832239,-1.5764350780661451,0.037003957346836105,0.3535788929114938,0.17189018470096992,20,"tags=14%, list=0%, signal=14%",CD36/APOD,0.3217759180753611
GO:0031639,plasminogen activation,22,0.8463051782969311,1.5761469750529042,0.0011745551687989209,0.06417485657175849,0.03119820829361286,2340,"tags=50%, list=11%, signal=44%",PLAU/CTSZ/PLAUR/ENO1/PGK1/RUNX1/PLGRKT/SERPINE1/ANXA2/THBS1/S100A10,0.45505986738722953
GO:0032543,mitochondrial translation,127,0.6455373393769747,1.5754269632451856,8.320015733972005e-4,0.05333326621280795,0.025927636416691626,5716,"tags=66%, list=28%, signal=48%",SHMT2/MRPS23/DAP3/MRPL14/MRPS16/MRPL13/CHCHD1/AURKAIP1/MRPS34/DARS2/GARS1/MRPL15/MRPS6/MRPL17/MRPL51/SARS2/C1QBP/MRPL3/MRPL19/MRPL44/MRPL12/MRPS18B/MRPL4/MRPS7/QRSL1/UQCC2/MRPL37/MRPS10/MRPL20/MPV17L2/MRPL23/MRPL18/MRPL47/MRPL57/GATB/MTG1/MRPL24/MRPL39/HARS2/MRPL52/MRPS22/GADD45GIP1/TACO1/YARS2/MRPL49/IARS2/MRPL40/MRPS33/MRPL48/MRPS35/MRPL28/MRPS17/MTIF2/MRPL36/MRPL21/MRPS11/MRPL33/MRPL30/EARS2/MRPL35/MRPL54/MRPL32/RPUSD3/MRPS15/MRPL16/MRPL55/MRPS12/MRPS18A/MRPL1/LARS2/MRPL34/MRPL50/MRPL46/FASTKD3/MRPS18C/MRPL41/MTG2/MRPL9/COA3/MRPS14/ALKBH1/MRPL11/NGRN/MRPS28,0.47727081536286214
GO:0046877,regulation of saliva secretion,5,-0.9916049988648284,-1.5754154784600911,5.613376266850828e-4,0.044472423196496816,0.021619992569123857,72,"tags=40%, list=0%, signal=40%",FGF10/AQP1,0.47727081536286214
GO:0045580,regulation of T cell differentiation,153,0.6176748764032738,1.5749376961055195,0.0016119004080437445,0.07502860832041794,0.03647469235467515,2175,"tags=37%, list=11%, signal=34%",LILRB4/IL4I1/TNFSF4/HLA-DRA/HLA-DRB1/ADAM8/PSMA7/ZNF683/LEF1/PSMA4/LAG3/ACTB/IL18/RUNX1/DUSP10/CDKN2A/LGALS1/CD86/TGFB1/FOXP3/SMAD7/RHOA/CD2/IL2RA/RASGRP1/CTLA4/RUNX3/IL2RG/PSMA1/PNP/PSMB9/SMARCA4/BATF/PSMB2/PSMB8/SOX4/ZBTB7B/PSMA5/ASCL2/PSMB3/PSMB4/VNN1/TOX/NCKAP1L/SOCS1/GPR65/PRELID1/SMARCB1/LILRB2/SMARCC1/PSMA3/ACTL6A/LOXL3/NFKBID/IRF1/FANCA/CBFB,0.45505986738722953
GO:0072239,metanephric glomerulus vasculature development,9,-0.9415451888019857,-1.574561659232653,0.0048087695368840165,0.13452987216416762,0.06540086254493993,222,"tags=56%, list=1%, signal=55%",PDGFRA/CD34/OSR1/EGR1/AQP1,0.40701791892395395
GO:0035377,transepithelial water transport,5,-0.990988105063138,-1.5744353865435903,6.758947087122105e-4,0.049108180345738765,0.02387363714063821,10,"tags=20%, list=0%, signal=20%",AQP1,0.47727081536286214
GO:0061614,miRNA transcription,74,-0.6712006556801317,-1.5743891974334028,0.0029436809511214183,0.10139293433010851,0.04929154584388123,1845,"tags=41%, list=9%, signal=37%",RARA/DDX5/SMAD4/BMPR1A/STAT3/SMAD1/TWIST1/FOXO3/FOXA1/PPARG/NOTCH2/SMAD3/NR3C1/ESR1/IL6/MYC/GATA2/ATOH8/AR/BMP4/EGFR/FGF2/NFIB/NFATC4/NGFR/MRTFB/FOS/KLF4/JUN/EGR1,0.4317076958033464
GO:0034196,acylglycerol transport,5,-0.9908837393375963,-1.574269575177545,6.988061539849811e-4,0.049108180345738765,0.02387363714063821,20,"tags=20%, list=0%, signal=20%",CD36,0.47727081536286214
GO:0034197,triglyceride transport,5,-0.9908837393375963,-1.574269575177545,6.988061539849811e-4,0.049108180345738765,0.02387363714063821,20,"tags=20%, list=0%, signal=20%",CD36,0.47727081536286214
GO:0035107,appendage morphogenesis,56,-0.6967049599099902,-1.573588159665197,0.007923941379881269,0.17148927321924587,0.08336844602109743,2145,"tags=38%, list=10%, signal=34%",ECE1/TBX2/CACNA1C/ZNF219/SMAD4/GLI3/IFT122/TWIST1/PCSK5/MEGF8/OSR2/MSX1/INTU/TBX3/CREBBP/TFAP2B/AFF3/MAP3K20/ZBTB16/OSR1/NFIA,0.3807304007227924
GO:0035108,limb morphogenesis,56,-0.6967049599099902,-1.573588159665197,0.007923941379881269,0.17148927321924587,0.08336844602109743,2145,"tags=38%, list=10%, signal=34%",ECE1/TBX2/CACNA1C/ZNF219/SMAD4/GLI3/IFT122/TWIST1/PCSK5/MEGF8/OSR2/MSX1/INTU/TBX3/CREBBP/TFAP2B/AFF3/MAP3K20/ZBTB16/OSR1/NFIA,0.3807304007227924
GO:0002474,antigen processing and presentation of peptide antigen via MHC class I,34,0.7887314824380443,1.5732504429354577,0.0018056312523603928,0.07945753527278895,0.03862778770943865,1136,"tags=29%, list=6%, signal=28%",HLA-A/HLA-B/B2M/HLA-C/TAP1/TAPBP/PDIA3/CALR/HLA-F/TAP2,0.45505986738722953
GO:2000851,positive regulation of glucocorticoid secretion,5,-0.9902410816957083,-1.5732485508810359,8.05280748393137e-4,0.052030083910067686,0.025294102426943174,145,"tags=40%, list=1%, signal=40%",ECRG4/TAC1,0.47727081536286214
GO:0071280,cellular response to copper ion,18,-0.8366452037771517,-1.5718444119744701,0.0283360761490925,0.3061065789421753,0.14881181384807182,1810,"tags=39%, list=9%, signal=35%",MT1X/MT1E/MT1M/MT1A/MAP1LC3A/PRNP/AQP1,0.35248785758361917
GO:0018107,peptidyl-threonine phosphorylation,32,0.7793183275540589,1.5704848451599718,0.005993995531464177,0.15154384354549646,0.07367209915398064,1759,"tags=25%, list=9%, signal=23%",CEMIP/CHEK1/CDK1/PRKCD/CDK5R1/UBE2K/AKT1/PRKDC,0.40701791892395395
GO:0018210,peptidyl-threonine modification,32,0.7793183275540589,1.5704848451599718,0.005993995531464177,0.15154384354549646,0.07367209915398064,1759,"tags=25%, list=9%, signal=23%",CEMIP/CHEK1/CDK1/PRKCD/CDK5R1/UBE2K/AKT1/PRKDC,0.40701791892395395
GO:0007620,copulation,9,-0.9385145613626492,-1.5694934906241242,0.005724712640981683,0.1474838152222528,0.07169834157861481,839,"tags=44%, list=4%, signal=43%",SERPINA5/TACR1/TAC1/EDNRB,0.40701791892395395
GO:0044058,regulation of digestive system process,27,-0.7598085646613633,-1.5691998606003805,0.04402302361507525,0.378449245248498,0.18398075215985932,687,"tags=11%, list=3%, signal=11%",PTGER3/FGF10/AQP1,0.3217759180753611
GO:0061620,glycolytic process through glucose-6-phosphate,19,0.8565277631042628,1.568861758240285,0.0029298982464705295,0.10139293433010851,0.04929154584388123,2529,"tags=63%, list=12%, signal=55%",GAPDH/ENO1/PKM/PGK1/TPI1/HK1/HK3/PFKL/FOXK2/ENO2/PFKP/ADPGK,0.4317076958033464
GO:0002702,positive regulation of production of molecular mediator of immune response,104,0.6532502194462446,1.5672621521172425,0.0019352663166324212,0.0812113561015698,0.03948039682224281,1484,"tags=27%, list=7%, signal=25%",LAPTM5/HLA-A/B2M/TNFSF4/CLEC7A/RSAD2/SLC7A5/CD74/EPHB2/IL18/SEMA7A/CD86/TGFB1/TNFRSF4/CD7/NOD2/HLA-F/GALNT2/TFRC/CD226/GPI/PTPRC/IRF5/HK1/SCIMP/TRAF2/CD55/LILRB1,0.45505986738722953
GO:1902893,regulation of miRNA transcription,73,-0.6716485189222743,-1.5671201624723146,0.002955955078929416,0.10139293433010851,0.04929154584388123,1344,"tags=32%, list=7%, signal=30%",FOXO3/FOXA1/PPARG/NOTCH2/SMAD3/NR3C1/ESR1/IL6/MYC/GATA2/ATOH8/AR/BMP4/EGFR/FGF2/NFIB/NFATC4/NGFR/MRTFB/FOS/KLF4/JUN/EGR1,0.4317076958033464
GO:0007093,mitotic cell cycle checkpoint signaling,136,0.6284419349811081,1.5669796999223278,0.001192515843137443,0.06451904260631719,0.031365532198511785,2954,"tags=39%, list=14%, signal=34%",BIRC5/CENPF/MAD2L1/CHEK1/CCNB1/CDK1/BUB1/KNL1/ZWINT/PLK1/BUB1B/SPC24/CDC20/NDC80/CDCA8/CLSPN/DTL/DYNLT1/BUB3/DYNLL1/INCENP/CDC7/BARD1/NUF2/AURKB/SPDL1/TRIP13/TTK/RFWD3/BRCC3/BLM/GEN1/NBN/CHMP4C/PRKDC/TIMELESS/CHFR/CDC6/SKA1/MAD2L2/DYNLRB1/ANAPC15/SKA3/ZW10/TIPIN/DBF4/NABP2/DGKZ/RPS27L/DYNLT3/BABAM1/DONSON/MUC1,0.45505986738722953
GO:0045132,meiotic chromosome segregation,59,0.7013042842457097,1.5665669707955696,0.003885526421931322,0.11847217453536664,0.05759451248665793,2329,"tags=27%, list=11%, signal=24%",PTTG1/SMC4/KNL1/ZWINT/NDC80/NCAPH/SGO2/SGO1/NUF2/PSMC3IP/TRIP13/TTK/CHFR/SKA1/P3H4/SKA3,0.4317076958033464
GO:0072124,regulation of glomerular mesangial cell proliferation,10,-0.9064543682881128,-1.5661025913903648,0.01882836645973789,0.25990145018674704,0.126349477223553,375,"tags=30%, list=2%, signal=29%",BMP4/PDGFD/EGR1,0.35248785758361917
GO:0014889,muscle atrophy,9,-0.9363489677773884,-1.565871932498836,0.006575232717852143,0.15900468160611475,0.07729913927988748,18,"tags=11%, list=0%, signal=11%",GSN,0.40701791892395395
GO:0070103,regulation of interleukin-6-mediated signaling pathway,8,-0.9570214010543889,-1.5650314264717786,0.00468332337505226,0.13299119111130583,0.06465284229917684,45,"tags=12%, list=0%, signal=12%",IL6ST,0.40701791892395395
GO:0072126,positive regulation of glomerular mesangial cell proliferation,7,-0.9579031785803208,-1.565002643364579,0.005403099571263611,0.1442184708513346,0.07011091467536384,66,"tags=29%, list=0%, signal=28%",PDGFD/EGR1,0.40701791892395395
GO:0043500,muscle adaptation,83,-0.6571612244172874,-1.5647507079332184,0.0033711098442100796,0.10933946311439943,0.053154701501210724,2067,"tags=28%, list=10%, signal=25%",ATP2B4/ROCK2/NR4A3/KLF15/ERRFI1/CAMK2D/HAND2/SMAD4/EDN1/FOXO3/PPARG/LMNA/HDAC4/PDE9A/TNFRSF1A/SMAD3/PDGFRB/ARRB1/JUND/KLF4/IGF1/IL6ST/GSN,0.4317076958033464
GO:1901724,positive regulation of cell proliferation involved in kidney development,9,-0.9355582117471355,-1.5645495380542023,0.006640657381903822,0.15900468160611475,0.07729913927988748,573,"tags=33%, list=3%, signal=32%",MYC/PDGFD/EGR1,0.40701791892395395
GO:0045069,regulation of viral genome replication,71,0.6895006209692169,1.5643357639161606,0.002198301138331913,0.08599661067379726,0.0418067186382547,3270,"tags=44%, list=16%, signal=37%",TOP2A/ISG15/RSAD2/OAS3/PABPC1/OAS1/ISG20/MX1/OASL/OAS2/ADAR/IFIH1/CCL5/IFIT1/BST2/EIF2AK2/NOTCH1/APOBEC3H/N4BP1/PPIH/SRPK1/APOBEC3G/TNIP1/SRPK2/LARP1/RAD23A/APOBEC3A/APOBEC3F/CXCL8/PLSCR1/SHFL,0.4317076958033464
GO:0030534,adult behavior,59,-0.7004322580641508,-1.5638853889779913,0.006114475769263726,0.1532453099825625,0.07449925650413104,996,"tags=12%, list=5%, signal=11%",TSC1/NLGN2/SHANK3/FGF2/NRXN2/FOSB/CXCL12,0.40701791892395395
GO:0042310,vasoconstriction,61,-0.6700760349990651,-1.5635459720099087,0.02156129434967315,0.2732950385334564,0.13286068708613075,650,"tags=18%, list=3%, signal=18%",ITGA9/ADM/ABL1/PER2/OXTR/AGTR1/TACR1/ADD3/CAV1/EDNRB/SVEP1,0.35248785758361917
GO:0009394,2'-deoxyribonucleotide metabolic process,44,0.7442155881025329,1.5631053528602414,0.004266885690979238,0.1258576681531231,0.06118492437920765,2436,"tags=39%, list=12%, signal=34%",TYMP/RRM2/TK1/TYMS/CMPK2/DCK/UPP1/DNPH1/PNP/ADK/RRM1/NUDT18/RRM2B/DCTPP1/GUK1/TDG/DTYMK,0.40701791892395395
GO:0086015,SA node cell action potential,11,-0.9068203940570447,-1.5628811245161545,0.020335937043643962,0.26836860996403583,0.13046573440742035,678,"tags=36%, list=3%, signal=35%",CACNA1G/TBX18/CACNA1D/ANK2,0.35248785758361917
GO:0086018,SA node cell to atrial cardiac muscle cell signaling,11,-0.9068203940570447,-1.5628811245161545,0.020335937043643962,0.26836860996403583,0.13046573440742035,678,"tags=36%, list=3%, signal=35%",CACNA1G/TBX18/CACNA1D/ANK2,0.35248785758361917
GO:0019885,antigen processing and presentation of endogenous peptide antigen via MHC class I,21,0.8559307852997279,1.5623885046294512,0.002205246062565002,0.08599661067379726,0.0418067186382547,1136,"tags=38%, list=6%, signal=36%",HLA-A/HLA-B/B2M/HLA-C/TAP1/TAPBP/HLA-F/TAP2,0.4317076958033464
GO:0015669,gas transport,12,-0.916928421044234,-1.5619043033163071,0.006020543160944383,0.1517437828893134,0.07376929842527959,545,"tags=33%, list=3%, signal=32%",HBA2/HBA1/HBB/AQP1,0.40701791892395395
GO:0071384,cellular response to corticosteroid stimulus,49,-0.701771180939882,-1.5612966208916201,0.02209881757068286,0.27620382822303713,0.13427477714360334,1705,"tags=33%, list=8%, signal=30%",EDN1/MT-ND3/ASS1/USP8/FOXO3/ANXA1/SCNN1D/NR3C1/AXIN2/AKR1C3/ZFP36L1/FAM107A/ZFP36L2/KLF9/ZFP36/AQP1,0.35248785758361917
GO:0014891,striated muscle atrophy,6,-0.9793106521409953,-1.5608959503058275,0.001891918502457959,0.08082810322163653,0.039294080812889286,18,"tags=17%, list=0%, signal=17%",GSN,0.45505986738722953
GO:0043029,T cell homeostasis,33,0.7845696126336881,1.560759826446932,0.006694427766685014,0.1591829968632098,0.07738582613561204,2201,"tags=58%, list=11%, signal=51%",PSMA7/PSMA4/AIM2/LGALS9/FOXP3/PMAIP1/FADD/PSMA1/PSMB9/PSMB2/PSMB8/PSMA5/SIT1/PSMB3/PSMB4/AKT1/NCKAP1L/PSMA3/LGALS2,0.40701791892395395
GO:0060976,coronary vasculature development,21,-0.8080763324797249,-1.5606828895895124,0.02485535799123432,0.2900864134837078,0.14102370982149642,948,"tags=29%, list=5%, signal=27%",PDGFRB/NRP1/BMP4/FGF2/TGFBR3/GPC3,0.35248785758361917
GO:0001706,endoderm formation,48,0.7306119431308458,1.5602805589526703,0.0043462109604401515,0.1263660836747974,0.06143208743016305,981,"tags=29%, list=5%, signal=28%",FN1/COL11A1/MMP9/INHBA/COL8A1/COL5A2/ITGB2/COL12A1/COL5A1/MMP14/MACROH2A1/ITGAV/COL4A2/DUSP4,0.40701791892395395
GO:0033628,regulation of cell adhesion mediated by integrin,43,0.7396163583595422,1.5602067362583296,0.010310136525310869,0.19599027140113434,0.09527945424945665,3002,"tags=44%, list=15%, signal=38%",CXCL13/PLAU/CIB1/RAC3/LYN/PDE3B/CCL5/FERMT3/LPXN/SERPINE1/PIEZO1/NCKAP1L/ADAM9/CD3E/WNK1/SYK/EFNA1/MUC1/ADA,0.3807304007227924
GO:0070343,white fat cell proliferation,5,-0.9819146485077431,-1.560019904656278,0.0031863780508149396,0.10628600894334765,0.05167028370376766,15,"tags=20%, list=0%, signal=20%",FABP4,0.4317076958033464
GO:0045590,negative regulation of regulatory T cell differentiation,19,0.8515181470798896,1.5596858793690358,0.0037243426992728213,0.11661489967223092,0.056691609837022726,2140,"tags=74%, list=10%, signal=66%",TNFSF4/PSMA7/PSMA4/LAG3/CTLA4/PSMA1/PSMB9/PSMB2/PSMB8/PSMA5/PSMB3/PSMB4/PSMA3/IRF1,0.4317076958033464
GO:0061621,canonical glycolysis,18,0.8586409506283207,1.559557540259659,0.0071030304866448,0.16200297434716182,0.07875674069043084,2475,"tags=61%, list=12%, signal=54%",GAPDH/ENO1/PKM/PGK1/TPI1/HK1/HK3/PFKL/FOXK2/ENO2/PFKP,0.40701791892395395
GO:0061718,glucose catabolic process to pyruvate,18,0.8586409506283207,1.559557540259659,0.0071030304866448,0.16200297434716182,0.07875674069043084,2475,"tags=61%, list=12%, signal=54%",GAPDH/ENO1/PKM/PGK1/TPI1/HK1/HK3/PFKL/FOXK2/ENO2/PFKP,0.40701791892395395
GO:0002475,antigen processing and presentation via MHC class Ib,20,0.8365312062957435,1.5593869253197838,0.00433946669769515,0.1263660836747974,0.06143208743016305,1136,"tags=30%, list=6%, signal=28%",HLA-A/HLA-B/B2M/HLA-C/HLA-F/TAP2,0.40701791892395395
GO:0120163,negative regulation of cold-induced thermogenesis,47,-0.7084388192780995,-1.5588182491656,0.012654110985423938,0.21381848024636918,0.10394652734893027,543,"tags=15%, list=3%, signal=15%",ARRDC3/ADIPOQ/ID1/ZNF423/ADAMTS5/ALDH1A1/NOVA1,0.3807304007227924
GO:0097283,keratinocyte apoptotic process,6,-0.9773392964225825,-1.5577538613775026,0.002451255831898564,0.09070760785221006,0.044096940683058215,370,"tags=50%, list=2%, signal=49%",ZFP36L1/ZFP36/GSN,0.4317076958033464
GO:1902172,regulation of keratinocyte apoptotic process,6,-0.9773392964225825,-1.5577538613775026,0.002451255831898564,0.09070760785221006,0.044096940683058215,370,"tags=50%, list=2%, signal=49%",ZFP36L1/ZFP36/GSN,0.4317076958033464
GO:0002686,negative regulation of leukocyte migration,41,-0.7365749316916828,-1.5576554584964197,0.009100492734613223,0.18203221462527333,0.08849383156278245,836,"tags=20%, list=4%, signal=19%",CCL21/PLCB1/PTGER4/SLIT2/IL33/DUSP1/CXCL12/APOD,0.3807304007227924
GO:0032615,interleukin-12 production,50,0.7383083931956452,1.556258180184617,0.0014529109697733443,0.07082723476002872,0.03443222066937055,2978,"tags=42%, list=15%, signal=36%",LAPTM5/HLA-B/TNFSF4/TIGIT/CLEC7A/LGALS9/TLR2/RIPK2/LTB/IRF5/SCIMP/ARRB2/LILRB1/CCR7/C1QBP/CMKLR1/THBS1/TLR3/SYK/HSPD1/AGER,0.45505986738722953
GO:0032655,regulation of interleukin-12 production,50,0.7383083931956452,1.556258180184617,0.0014529109697733443,0.07082723476002872,0.03443222066937055,2978,"tags=42%, list=15%, signal=36%",LAPTM5/HLA-B/TNFSF4/TIGIT/CLEC7A/LGALS9/TLR2/RIPK2/LTB/IRF5/SCIMP/ARRB2/LILRB1/CCR7/C1QBP/CMKLR1/THBS1/TLR3/SYK/HSPD1/AGER,0.45505986738722953
GO:0070120,ciliary neurotrophic factor-mediated signaling pathway,7,-0.95250075915836,-1.5561762808834945,0.007971348923620187,0.17165899007008006,0.08345095281497458,163,"tags=43%, list=1%, signal=43%",CNTFR/IL6ST/LIFR,0.3807304007227924
GO:0001913,T cell mediated cytotoxicity,46,0.7286768095674258,1.5550095520231175,0.004863729505350365,0.13560144487348397,0.06592180096806864,1798,"tags=28%, list=9%, signal=26%",HLA-A/HLA-B/HLA-C/HLA-DRA/HLA-DRB1/FADD/KLRD1/HLA-F/CTSH/PTPRC/LILRB1/NCKAP1L/FCGR2B,0.40701791892395395
GO:0001656,metanephros development,62,-0.6723908696110481,-1.5538995928821147,0.01260378713657539,0.21381848024636918,0.10394652734893027,1265,"tags=24%, list=6%, signal=23%",SMO/OSR2/PKD1/PDGFRB/TFAP2B/MYC/ADIPOQ/SOX17/BMP4/PDGFRA/CD34/OSR1/FGF10/EGR1/AQP1,0.3807304007227924
GO:0016045,detection of bacterium,14,0.9094802191042077,1.5537105289204103,0.0020619738636400904,0.08310162982125731,0.04039934166122054,754,"tags=43%, list=4%, signal=41%",HLA-A/HLA-B/HLA-DRB1/TLR2/TLR1/NOD2,0.4317076958033464
GO:0051452,intracellular pH reduction,49,0.7278588925908763,1.5535816119556787,0.004688425481997884,0.13299119111130583,0.06465284229917684,3089,"tags=41%, list=15%, signal=35%",GRN/SLAMF8/ATP6V1B2/SLC11A1/ATP6V1F/ATP6AP2/ATP6AP1/ATP6V1A/SLC9A7/PPT1/DMXL2/ATP6V0B/LAMP2/RAB20/ATP6V0E2/ATP6V0E1/CLN3/ATP6V1H/FASLG/ROGDI,0.40701791892395395
GO:0021952,central nervous system projection neuron axonogenesis,14,-0.8298780318140747,-1.5529411546879013,0.04784575115588009,0.3849684502962864,0.1871500232397604,2622,"tags=50%, list=13%, signal=44%",SZT2/C12orf57/GLI2/MYCBP2/SCN1B/NFIB/SLIT2,0.3217759180753611
GO:0140053,mitochondrial gene expression,167,0.6132902312352047,1.552893801961928,0.0010926794516775574,0.06310362907356896,0.0306774376927313,5517,"tags=60%, list=27%, signal=44%",SHMT2/MRPS23/DAP3/MRPL14/MRPS16/MRPL13/CHCHD1/AURKAIP1/MRPS34/DARS2/GARS1/POLRMT/MRPL15/MRPS6/MRPL17/MRPL51/SARS2/C1QBP/MRPL3/MRPL19/MRPL44/FASTKD1/YRDC/MRPL12/MRPS18B/MRPL4/HSD17B10/MRPS7/QRSL1/UQCC2/MTERF3/MRPL37/MRPS10/MRPL20/MPV17L2/MRPL23/MRPL18/METTL4/MRPL47/OSGEPL1/MRPL57/GATB/MTG1/MRPL24/MRPL39/HARS2/MRPL52/MRPS22/GADD45GIP1/TACO1/YARS2/MRPL49/SLIRP/IARS2/MRPL40/MTO1/MRPS33/MRPL48/MRPS35/MRPL28/MRPS17/TEFM/MTIF2/MRPL36/TFB1M/MRPL21/MRPS11/MRPL33/FASTK/MRPL30/EARS2/MRPL35/MRPL54/MRPL32/RPUSD3/MRPS15/MRPL16/MRPL55/PUS1/TRMT5/TBRG4/MRPS12/MRPS18A/MRPL1/GTPBP3/LARS2/MRPL34/MRPL50/SLC25A33/PNPT1/MRPL46/FASTKD3/MRPS18C/MRPL41/MTG2/ELAC2/MRPL9/COA3/MRPS14/ALKBH1,0.45505986738722953
GO:0002699,positive regulation of immune effector process,206,0.6029980715724622,1.5528556490077934,3.303019524782334e-4,0.03373505759284232,0.0164000889102366,1535,"tags=23%, list=8%, signal=21%",LAPTM5/TREM2/HLA-A/HLA-B/B2M/TNFSF4/HLA-C/CLEC7A/HLA-DRA/ADORA3/HLA-DRB1/RSAD2/SLC7A5/ITGB2/CD74/EPHB2/IL18/SEMA7A/HLA-DMB/CADM1/LGALS9/CD86/TGFB1/TNFRSF4/SPI1/VAMP8/RASGRP1/CD7/FADD/KLRD1/TYROBP/NOD2/HLA-F/GALNT2/TFRC/SLAMF6/CD226/C2/GPI/PTPRC/IRF5/HK1/SCIMP/TRAF2/CD55/LILRB1/ITGAM,0.49849310876659025
GO:0060317,cardiac epithelial to mesenchymal transition,25,-0.775116089806643,-1.5527411057053953,0.048087398165487495,0.3849684502962864,0.1871500232397604,1515,"tags=36%, list=7%, signal=33%",ENG/PDCD4/TWIST1/EMP2/TBX3/TGFBR2/OLFM1/SPRY1/TGFBR3,0.3217759180753611
GO:0009142,nucleoside triphosphate biosynthetic process,113,0.63843464479596,1.552542741236834,0.0024786375728719353,0.09119554407349831,0.044334147849212566,4853,"tags=54%, list=24%, signal=41%",TREM2/TYMS/ENO1/ATP5F1E/ATP5MC3/NME1/VCP/CMPK2/TGFB1/SDHB/MAP2K1/NDUFS5/ATP5MF/NDUFS8/NDUFS6/NDUFA7/NDUFA1/NDUFB9/CTPS1/ATP5F1C/TMSB4X/VPS9D1/NDUFB2/DNAJC30/NDUFA6/SDHA/IMPDH1/NDUFB11/NDUFB3/NDUFAB1/NDUFC2/DTYMK/ATP5PD/ATP5F1B/UCK2/NUDT2/ATP5MC1/STOML2/NDUFS3/NDUFV2/ATP5F1D/AK1/NDUFB5/UQCC3/CAD/NDUFA9/SLC25A13/NDUFB4/NME4/NME6/NDUFB8/NDUFA3/NDUFA12/NDUFS7/ATP5MGL/NDUFS2/ATP5MG/ATP5IF1/PARP1/NDUFA2/ATP5F1A,0.4317076958033464
GO:0051315,attachment of mitotic spindle microtubules to kinetochore,25,0.8140149685057525,1.5520542181918582,0.004414653824101423,0.12744573326953787,0.061956952381020634,1166,"tags=40%, list=6%, signal=38%",BIRC5/CDK1/CENPE/KIF2C/NDC80/CDCA8/CDT1/INCENP/NUF2/AURKB,0.40701791892395395
GO:0051783,regulation of nuclear division,122,0.6294846417833148,1.5508879620176155,0.002939170076364423,0.10139293433010851,0.04929154584388123,1774,"tags=34%, list=9%, signal=31%",MKI67/UBE2C/BIRC5/CENPF/MAD2L1/CHEK1/DLGAP5/CCNB1/BUB1/KNL1/ZWINT/PLK1/BUB1B/SPC24/CDCA2/CDC20/RAD51AP1/NDC80/PKMYT1/CDCA8/AURKA/DYNLT1/ANAPC11/BUB3/DAPK3/NUP62/DYNLL1/INCENP/NUF2/AURKB/SPDL1/BORA/RCC1/TRIP13/NEK2/TTK/NSMCE2/GEN1/PIN1/RAD21/NUSAP1,0.4317076958033464
GO:0014046,dopamine secretion,20,-0.8208767917985059,-1.550657785555823,0.022702103574523583,0.2788353270522154,0.13555406396998376,1119,"tags=15%, list=5%, signal=14%",SLC18A2/GABBR1/CXCL12,0.35248785758361917
GO:0007094,mitotic spindle assembly checkpoint signaling,53,0.7283346190367195,1.5506011875538546,0.0026272301860049267,0.09422150195711941,0.045805198497145865,2418,"tags=55%, list=12%, signal=48%",BIRC5/CENPF/MAD2L1/CCNB1/BUB1/KNL1/ZWINT/PLK1/BUB1B/SPC24/CDC20/NDC80/CDCA8/DYNLT1/BUB3/DYNLL1/INCENP/NUF2/AURKB/SPDL1/TRIP13/TTK/GEN1/SKA1/MAD2L2/DYNLRB1/ANAPC15/SKA3/ZW10,0.4317076958033464
GO:0071173,spindle assembly checkpoint signaling,53,0.7283346190367195,1.5506011875538546,0.0026272301860049267,0.09422150195711941,0.045805198497145865,2418,"tags=55%, list=12%, signal=48%",BIRC5/CENPF/MAD2L1/CCNB1/BUB1/KNL1/ZWINT/PLK1/BUB1B/SPC24/CDC20/NDC80/CDCA8/DYNLT1/BUB3/DYNLL1/INCENP/NUF2/AURKB/SPDL1/TRIP13/TTK/GEN1/SKA1/MAD2L2/DYNLRB1/ANAPC15/SKA3/ZW10,0.4317076958033464
GO:0071174,mitotic spindle checkpoint signaling,53,0.7283346190367195,1.5506011875538546,0.0026272301860049267,0.09422150195711941,0.045805198497145865,2418,"tags=55%, list=12%, signal=48%",BIRC5/CENPF/MAD2L1/CCNB1/BUB1/KNL1/ZWINT/PLK1/BUB1B/SPC24/CDC20/NDC80/CDCA8/DYNLT1/BUB3/DYNLL1/INCENP/NUF2/AURKB/SPDL1/TRIP13/TTK/GEN1/SKA1/MAD2L2/DYNLRB1/ANAPC15/SKA3/ZW10,0.4317076958033464
GO:0060337,type I interferon-mediated signaling pathway,65,0.6949943539076756,1.550277785739801,0.0022711133612497527,0.08680344541753163,0.04219895634221283,4184,"tags=49%, list=20%, signal=39%",ISG15/STAT1/IFI27/OAS3/OAS1/NLRC5/IKBKE/OASL/OAS2/FADD/TTLL12/STAT2/IRAK1/ZBP1/UBE2K/RBM47/IRF7/PTPN1/WNT5A/EIF4E2/USP18/PTPN6/RNF185/MMP12/MYD88/TBK1/SMIM30/TYK2/SP100/TANK/YTHDF2/IFNAR2,0.4317076958033464
GO:0002063,chondrocyte development,13,0.8992418925375532,1.5491771532683964,0.0034700791295796023,0.11165973989686775,0.054282689660831114,669,"tags=38%, list=3%, signal=37%",SULF1/RFLNA/SULF2/SMAD7/BMPR1B,0.4317076958033464
GO:0072178,nephric duct morphogenesis,6,-0.9717863999720315,-1.5489032545111487,0.004182605636886413,0.12427223536457041,0.060414176067250254,375,"tags=50%, list=2%, signal=49%",BMP4/OSR1/GPC3,0.40701791892395395
GO:0033603,positive regulation of dopamine secretion,6,-0.9716700713772807,-1.5487178416066179,0.004182605636886413,0.12427223536457041,0.060414176067250254,12,"tags=17%, list=0%, signal=17%",CXCL12,0.40701791892395395
GO:1901970,positive regulation of mitotic sister chromatid separation,20,0.8307628979198083,1.5486341589018076,0.0056586397131889905,0.1474838152222528,0.07169834157861481,2329,"tags=60%, list=11%, signal=53%",UBE2C/BIRC5/DLGAP5/PLK1/CDC20/CDCA8/ANAPC11/INCENP/AURKB/NSMCE2/SKA1/SKA3,0.40701791892395395
GO:0009262,deoxyribonucleotide metabolic process,45,0.7422862542750684,1.5466603649847297,0.003216587538533602,0.10628600894334765,0.05167028370376766,2436,"tags=38%, list=12%, signal=33%",TYMP/RRM2/TK1/TYMS/CMPK2/DCK/UPP1/DNPH1/PNP/ADK/RRM1/NUDT18/RRM2B/DCTPP1/GUK1/TDG/DTYMK,0.4317076958033464
GO:0002819,regulation of adaptive immune response,176,0.601830627829538,1.543729118653232,0.0011278396910095237,0.06310362907356896,0.0306774376927313,3153,"tags=36%, list=15%, signal=31%",LILRB4/IL4I1/TREM2/HLA-A/HLA-B/B2M/TNFSF4/HLA-C/CLEC7A/HLA-DRA/HLA-DRB1/RSAD2/HAVCR2/EPHB2/LAG3/IL18/SLC11A1/LGALS1/LGALS9/TGFB1/FOXP3/SMAD7/CARD9/CD7/FADD/KLRD1/HLA-F/CD4/SAMSN1/TFRC/ADCY7/WAS/BATF/CD226/PTPRC/TNFAIP3/TRAF2/ASCL2/CD274/CD55/IRF7/LILRB1/NCKAP1L/FCGR2B/LOXL3/NFKBID/IRF1/MAD2L2/YWHAG/FUT7/SHLD1/DENND1B/IL1B/RIPK3/CD80/PYCARD/PDCD1/HSPD1/AGER/EBI3/IL12RB1/SLC15A4/MALT1/STAT5A,0.45505986738722953
GO:0045839,negative regulation of mitotic nuclear division,61,0.6970590105670398,1.5432449919437308,0.006706764270247017,0.1591829968632098,0.07738582613561204,2418,"tags=51%, list=12%, signal=45%",BIRC5/CENPF/MAD2L1/CHEK1/CCNB1/BUB1/KNL1/ZWINT/PLK1/BUB1B/SPC24/CDC20/NDC80/CDCA8/DYNLT1/BUB3/DYNLL1/INCENP/NUF2/AURKB/SPDL1/TRIP13/TTK/GEN1/RAD21/SKA1/MAD2L2/DYNLRB1/ANAPC15/SKA3/ZW10,0.40701791892395395
GO:0019646,aerobic electron transport chain,82,0.6658875962255019,1.5429298810296719,0.0030240079755521577,0.10300606246431011,0.05007575807626595,4679,"tags=55%, list=23%, signal=42%",COX8A/COX7A2/UQCR10/SDHB/NDUFS5/COX6C/NDUFS8/NDUFS6/COX6B1/NDUFA7/UQCRH/NDUFA1/NDUFB9/COX5A/COX7B/UQCR11/UQCRFS1/UQCRQ/NDUFB2/CYC1/NDUFA6/SDHA/COX6A1/NDUFB3/COX5B/NDUFAB1/NDUFC2/UQCRC1/NDUFS3/NDUFV2/SLC25A51/UQCRB/NDUFB5/UQCC3/NDUFA9/PARK7/NDUFB4/MT-CO2/CYCS/NDUFB8/NDUFA3/NDUFS7/MT-CO1/NDUFAF1/NDUFS2,0.4317076958033464
GO:0090715,immunological memory formation process,10,0.9359069746925204,1.5427270157763755,0.0017352583404274962,0.07831520779192239,0.03807245229318037,140,"tags=30%, list=1%, signal=30%",TNFSF4/HLA-DRA/HLA-DRB1,0.45505986738722953
GO:0002710,negative regulation of T cell mediated immunity,27,0.786561254458802,1.5425416824876377,0.012168361198673197,0.2121637719150192,0.1031421011617224,1798,"tags=44%, list=9%, signal=41%",LILRB4/IL4I1/LAG3/FOXP3/SMAD7/KLRD1/HLA-F/PTPRC/CD274/LILRB1/NCKAP1L/FCGR2B,0.3807304007227924
GO:0106106,cold-induced thermogenesis,146,-0.5884960398392233,-1.5424972171213749,0.0036539342508509296,0.1157458316582779,0.05626911781492829,598,"tags=12%, list=3%, signal=12%",EPAS1/CLSTN3/ARRDC3/ALPL/ADIPOQ/ADRB2/ID1/ZNF423/THRA/PER2/OXTR/ADAMTS5/CAV1/ALDH1A1/LEPR/NOVA1/CD36/FABP4,0.4317076958033464
GO:0072176,nephric duct development,9,-0.9214728878307997,-1.5409944168977188,0.011798322900064832,0.20895381397834203,0.10158160002978436,1286,"tags=56%, list=6%, signal=52%",WNT11/PKD1/BMP4/OSR1/GPC3,0.3807304007227924
GO:0019755,one-carbon compound transport,17,-0.8240587004008622,-1.5405824108087638,0.03816550686112349,0.36005236482004016,0.17503722289901955,545,"tags=24%, list=3%, signal=23%",HBA2/HBA1/HBB/AQP1,0.3217759180753611
GO:0043502,regulation of muscle adaptation,65,-0.6753447109350019,-1.5402214178991995,0.009006436852250948,0.18104049978808634,0.08801171554864178,2067,"tags=31%, list=10%, signal=28%",ATP2B4/ROCK2/NR4A3/ERRFI1/CAMK2D/HAND2/SMAD4/EDN1/FOXO3/PPARG/LMNA/HDAC4/PDE9A/TNFRSF1A/SMAD3/ARRB1/JUND/KLF4/IGF1/IL6ST,0.3807304007227924
GO:0070474,positive regulation of uterine smooth muscle contraction,7,-0.9422783783673696,-1.5394751639886852,0.014990796162846756,0.2320214826620324,0.11279580401693481,212,"tags=14%, list=1%, signal=14%",TACR1,0.3807304007227924
GO:0051784,negative regulation of nuclear division,65,0.6901101712512314,1.5393829636003005,0.0028952253015144475,0.10139293433010851,0.04929154584388123,2418,"tags=48%, list=12%, signal=42%",BIRC5/CENPF/MAD2L1/CHEK1/CCNB1/BUB1/KNL1/ZWINT/PLK1/BUB1B/SPC24/CDC20/NDC80/CDCA8/DYNLT1/BUB3/DYNLL1/INCENP/NUF2/AURKB/SPDL1/TRIP13/TTK/GEN1/RAD21/SKA1/MAD2L2/DYNLRB1/ANAPC15/SKA3/ZW10,0.4317076958033464
GO:0000302,response to reactive oxygen species,160,-0.5901611055969517,-1.5393803978078304,0.0011490982834369348,0.0632081697666222,0.030728259501945424,906,"tags=17%, list=4%, signal=16%",SESN3/MET/IL6/CAT/MAPT/NFE2L2/HBA2/EEF2/ABL1/MAP1LC3A/HBA1/PDGFRA/RHOB/TACR1/HBB/HGF/KLF2/SOD3/FOS/TXNIP/KLF4/PDGFD/DUSP1/FBLN5/CD36/AQP1/APOD,0.45505986738722953
GO:1904321,response to forskolin,13,-0.8595694105272911,-1.5386551936283328,0.03867282992497995,0.3611554736554737,0.17557349241416675,1279,"tags=46%, list=6%, signal=43%",ADCY6/AHR/ADCY5/ADCY3/JUND/FOS,0.3217759180753611
GO:0050851,antigen receptor-mediated signaling pathway,192,0.5960507011044913,1.5382914932119343,0.0012127542293023429,0.06451904260631719,0.031365532198511785,3415,"tags=46%, list=17%, signal=39%",LAPTM5/LILRB4/HLA-A/HLA-DQB1/HLA-DRB1/HLA-DPB1/ZNF683/FYB1/THY1/LAG3/TRAC/IGHG3/GRB2/CARD11/CD86/EZR/CD276/CD300A/GBP1/THEMIS2/BAX/NFAM1/IGHG4/KCNN4/CTLA4/TRBC1/LYN/RAB29/CD247/RIPK2/CD4/IGLC7/MNDA/LCP2/PTPN22/LAT2/TRBC2/PTPRJ/CD226/PTPRC/LPXN/CD3G/CSK/IGHG2/BTN2A2/CD274/CD38/LCK/CCR7/KLHL6/NCKAP1L/CD8A/IGHG1/FCGR2B/PLCG1/UBASH3A/CD72/FCHO1/CD3E/NFKBID/BCAR1/ZAP70/WNK1/ITPRIPL1/DENND1B/BANK1/CD3D/SPG21/PRKCB/MS4A1/SYK/CD80/DGKZ/EIF2B2/SLA2/PDCD1/PTPN6/BTN3A3/MALT1/CBL/RFTN1/STOML2/LAX1/INPP5D/BLNK/ITK/PDE4D/BTN2A3P,0.45505986738722953
GO:0045954,positive regulation of natural killer cell mediated cytotoxicity,24,0.7917694211535011,1.5378154577737069,0.008415605280888392,0.1743293704623725,0.08474914167198845,1094,"tags=29%, list=5%, signal=28%",HLA-C/CADM1/RASGRP1/KLRD1/HLA-F/SLAMF6/CD226,0.3807304007227924
GO:0035567,non-canonical Wnt signaling pathway,61,-0.6588219303746711,-1.537285802961968,0.029386595382294944,0.30929419796904534,0.15036145505762832,1966,"tags=30%, list=10%, signal=27%",RYK/CSNK1E/PRICKLE2/MAGI2/DAAM1/NPHP3/WNT11/ZNRF3/TMEM67/DAB2/FZD7/DAAM2/FZD4/FRZB/PLEKHA4/RSPO3/SFRP1/GPC3,0.35248785758361917
GO:2001185,"regulation of CD8-positive, alpha-beta T cell activation",20,0.8245718892809242,1.5370934323235756,0.007047247251203716,0.16200297434716182,0.07875674069043084,2788,"tags=65%, list=14%, signal=56%",LILRB4/HLA-A/RUNX1/RUNX3/ZBTB7B/CD274/LILRB1/NCKAP1L/SOCS1/IRF1/CBFB/SLC4A2/CRTAM,0.40701791892395395
GO:0003018,vascular process in circulatory system,227,-0.5604501640134562,-1.5363347784666284,8.428426826696216e-4,0.053606111559479606,0.026060278488869652,733,"tags=13%, list=4%, signal=13%",SLC16A2/ZEB2/TEK/ITGA9/ADM/LRP1/C2CD4B/ADRB2/ABL1/PER2/OXTR/AGTR1/NPR1/SCARB1/ABCB1/PDE2A/TACR1/ADD3/HBB/SLIT2/KLF2/ATP1B2/CAV1/AKAP12/CLDN5/SLC7A2/EDNRB/LEPR/SVEP1/CD36,0.47727081536286214
GO:0003010,voluntary skeletal muscle contraction,5,-0.9668823977466132,-1.5361373702274597,0.011119306753286021,0.20296474501906167,0.09867005131962071,256,"tags=20%, list=1%, signal=20%",SYNM,0.3807304007227924
GO:0014721,twitch skeletal muscle contraction,5,-0.9668823977466132,-1.5361373702274597,0.011119306753286021,0.20296474501906167,0.09867005131962071,256,"tags=20%, list=1%, signal=20%",SYNM,0.3807304007227924
GO:0002717,positive regulation of natural killer cell mediated immunity,30,0.7778776276430639,1.5360363282293283,0.008677599079631618,0.17794542596292445,0.08650706461461845,1094,"tags=23%, list=5%, signal=22%",HLA-C/CADM1/RASGRP1/KLRD1/HLA-F/SLAMF6/CD226,0.3807304007227924
GO:0009812,flavonoid metabolic process,5,-0.9668019582789035,-1.5360095717768125,0.011119306753286021,0.20296474501906167,0.09867005131962071,542,"tags=40%, list=3%, signal=39%",SULT1A1/SULT1C4,0.3807304007227924
GO:0002369,T cell cytokine production,35,0.7763918893661015,1.5356783906765983,0.008737666714266817,0.17827905945074227,0.08666925846440174,1411,"tags=34%, list=7%, signal=32%",LILRB4/HLA-A/B2M/TNFSF4/RSAD2/IL18/FOXP3/SMAD7/CD7/HLA-F/TRAF2/CD55,0.3807304007227924
GO:0002724,regulation of T cell cytokine production,35,0.7763918893661015,1.5356783906765983,0.008737666714266817,0.17827905945074227,0.08666925846440174,1411,"tags=34%, list=7%, signal=32%",LILRB4/HLA-A/B2M/TNFSF4/RSAD2/IL18/FOXP3/SMAD7/CD7/HLA-F/TRAF2/CD55,0.3807304007227924
GO:0086046,membrane depolarization during SA node cell action potential,5,-0.966509082253996,-1.5355442640953896,0.011349756665468818,0.204045591980739,0.09919549836298454,678,"tags=60%, list=3%, signal=58%",CACNA1G/CACNA1D/ANK2,0.3807304007227924
GO:0033512,L-lysine catabolic process to acetyl-CoA via L-saccharopine,5,-0.9659406620682891,-1.5346411847847194,0.011922520301321135,0.20928195174103797,0.10174112216690269,331,"tags=40%, list=2%, signal=39%",ALDH7A1/AASS,0.3807304007227924
GO:0007611,learning or memory,160,-0.5883342171372393,-1.5346151290410623,0.0012116333047337306,0.06451904260631719,0.031365532198511785,1426,"tags=21%, list=7%, signal=19%",MECP2/KCNK2/PGRMC1/MEF2C/CAMK2N1/PJA2/NTRK1/MME/TSC1/MAP1A/DLG4/CIC/CLSTN2/NTRK2/MAPT/PLCB1/KAT2A/PTN/ABL1/SHANK3/RELN/EGFR/ADCY3/TACR1/KIT/NFATC4/NRXN2/FOS/RAPGEF3/PRNP/CLDN5/TAC1/EGR1,0.45505986738722953
GO:0045591,positive regulation of regulatory T cell differentiation,20,0.8231314026391909,1.5344082054984303,0.007184082745667864,0.16336764701810638,0.07942016784111132,540,"tags=35%, list=3%, signal=34%",LILRB4/IL4I1/HLA-DRA/HLA-DRB1/DUSP10/TGFB1/FOXP3,0.40701791892395395
GO:0009129,pyrimidine nucleoside monophosphate metabolic process,22,0.8230213050996286,1.532783413953946,0.002881092108287948,0.10139293433010851,0.04929154584388123,783,"tags=23%, list=4%, signal=22%",TYMP/TK1/TYMS/DCK/UPP1,0.4317076958033464
GO:2000405,negative regulation of T cell migration,7,-0.9378753933587328,-1.5322816570338138,0.017629124217996943,0.2529037986096769,0.12294761233237947,2,"tags=14%, list=0%, signal=14%",APOD,0.35248785758361917
GO:1901381,positive regulation of potassium ion transmembrane transport,22,-0.7839468825831779,-1.5321514475681424,0.031246105973503465,0.32259654106171853,0.15682830660616695,144,"tags=14%, list=1%, signal=14%",ATP1B2/FHL1/ANK2,0.35248785758361917
GO:0001659,temperature homeostasis,183,-0.5777680544475499,-1.5309816643263727,0.00095810729353685935,0.05737098542938742,0.027890548558288923,687,"tags=13%, list=3%, signal=12%",PTGER3/EPAS1/CLSTN3/ARRDC3/ALPL/ADIPOQ/ADRB2/ID1/ZNF423/THRA/PER2/OXTR/PTGS2/ADAMTS5/PTGES/CAV1/ALDH1A1/EDNRB/LEPR/NOVA1/CD36/EGR1/FABP4,0.47727081536286214
GO:0014850,response to muscle activity,21,0.8383954807948382,1.5303801242158144,0.004962197424731733,0.13658087429553828,0.06639794450387812,705,"tags=19%, list=3%, signal=18%",FN1/SLC7A5/ITGB1/SRD5A1,0.40701791892395395
GO:0043379,memory T cell differentiation,9,0.9441743333079478,1.5302862988057022,0.0017659094358639317,0.07831520779192239,0.03807245229318037,140,"tags=33%, list=1%, signal=33%",TNFSF4/HLA-DRA/HLA-DRB1,0.45505986738722953
GO:0043380,regulation of memory T cell differentiation,9,0.9441743333079478,1.5302862988057022,0.0017659094358639317,0.07831520779192239,0.03807245229318037,140,"tags=33%, list=1%, signal=33%",TNFSF4/HLA-DRA/HLA-DRB1,0.45505986738722953
GO:0043382,positive regulation of memory T cell differentiation,9,0.9441743333079478,1.5302862988057022,0.0017659094358639317,0.07831520779192239,0.03807245229318037,140,"tags=33%, list=1%, signal=33%",TNFSF4/HLA-DRA/HLA-DRB1,0.45505986738722953
GO:0006553,lysine metabolic process,9,-0.9147714100753943,-1.5297874243291645,0.014358361586673233,0.22797904850751602,0.11083059973751742,331,"tags=22%, list=2%, signal=22%",ALDH7A1/AASS,0.3807304007227924
GO:0090232,positive regulation of spindle checkpoint,20,0.8205679744214615,1.5296296910609066,0.007457753966676535,0.16717680385157666,0.08127196579847429,1657,"tags=50%, list=8%, signal=46%",BIRC5/MAD2L1/KNL1/NDC80/CDCA8/DYNLT1/DYNLL1/INCENP/AURKB/GEN1,0.40701791892395395
GO:0050777,negative regulation of immune response,179,0.6012128600781455,1.5291616811122881,0.0012363309970010417,0.06451904260631719,0.031365532198511785,2367,"tags=34%, list=12%, signal=30%",LILRB4/IL4I1/GRN/TREM2/HLA-A/ISG15/HLA-B/TNFSF4/TIGIT/HLA-DRB1/SLAMF8/HAVCR2/OAS3/LAG3/IL18/OAS1/NLRC5/GRB2/LGALS1/LGALS9/COL3A1/TGFB1/FOXP3/SMAD7/CD300A/SPI1/PARP14/KLRD1/TTLL12/RHBDF2/LYN/YWHAZ/HLA-F/PSMA1/HCK/NMI/STAT2/SELENOS/SAMSN1/PTPRC/AURKB/TNFAIP3/ARRB2/ASCL2/CD274/CD55/LILRB1/PSMB4/NCKAP1L/FCGR2B/PLCG1/GNAS/TRIM21/NECTIN4/LOXL3/EIF4E2/SFN/FURIN/USP18/ZDHHC18,0.45505986738722953
GO:0007035,vacuolar acidification,33,0.7683000411173047,1.5283944464890769,0.010352022687936098,0.19599027140113434,0.09527945424945665,3089,"tags=48%, list=15%, signal=41%",GRN/ATP6V1B2/SLC11A1/ATP6V1F/ATP6AP2/ATP6AP1/ATP6V1A/PPT1/DMXL2/ATP6V0B/LAMP2/ATP6V0E2/ATP6V0E1/CLN3/ATP6V1H/ROGDI,0.3807304007227924
GO:0051412,response to corticosterone,11,-0.8865452057054153,-1.5279373700765315,0.0358602962604661,0.34630921928405045,0.16835607797800495,585,"tags=27%, list=3%, signal=27%",NTRK3/FOS/FOSB,0.3217759180753611
GO:0002822,regulation of adaptive immune response based on somatic recombination of immune receptors built from immunoglobulin superfamily domains,164,0.5998901290033962,1.5275264736245813,0.0020310413347104208,0.08290437480407056,0.04030344735865562,1484,"tags=24%, list=7%, signal=22%",LILRB4/IL4I1/TREM2/HLA-A/HLA-B/B2M/TNFSF4/HLA-C/CLEC7A/HLA-DRA/HLA-DRB1/RSAD2/HAVCR2/EPHB2/LAG3/IL18/SLC11A1/LGALS1/LGALS9/TGFB1/FOXP3/SMAD7/CARD9/CD7/FADD/KLRD1/HLA-F/CD4/TFRC/WAS/BATF/CD226/PTPRC/TNFAIP3/TRAF2/ASCL2/CD274/CD55/LILRB1,0.4317076958033464
GO:0071499,cellular response to laminar fluid shear stress,28,-0.7511500742354076,-1.5271825933264265,0.041955408903337967,0.3694886377521986,0.1796246084294208,1622,"tags=39%, list=8%, signal=36%",PRKAR1B/ASS1/PKN2/ADCY6/PRKAR1A/ADCY5/NFE2L2/ADCY4/ADCY3/KLF2/KLF4,0.3217759180753611
GO:1902105,regulation of leukocyte differentiation,265,0.5735247399264962,1.5269533813256524,4.642596633066305e-4,0.04064019267719655,0.019756977482575395,2175,"tags=33%, list=11%, signal=30%",INHBA/LILRB4/IL4I1/TREM2/HLA-B/TNFSF4/HLA-DRA/HLA-DRB1/SLAMF8/ADAM8/PSMA7/ZNF683/MMP14/CD74/LEF1/PSMA4/LAG3/ACTB/IL18/RUNX1/DUSP10/CDKN2A/LGALS1/LGALS9/CD86/TGFB1/FOXP3/SMAD7/RHOA/SPI1/CD2/IL2RA/RASGRP1/FADD/NFAM1/C1QC/CTLA4/LYN/TYROBP/RUNX3/LILRB3/IL2RG/PSMA1/CD4/PNP/PSMB9/GPR137B/IL2RB/SMARCA4/CASP8/BATF/UBASH3B/PSMB2/PSMB8/SOX4/ZBTB7B/PSMA5/ASCL2/CORO1C/PSMB3/IRF7/LILRB1/PSMB4/IL4R/VNN1/TOX/NCKAP1L/SOCS1/EVI2B/GPR65/CCR1/PRKDC/HCLS1/PRELID1/SMARCB1/FCGR2B/LILRB2/SMARCC1/PSMA3/ACTL6A/FBN1/LOXL3/ID2/NFKBID/IRF1/FANCA/CBFB,0.49849310876659025
GO:0001570,vasculogenesis,54,-0.6860343281245289,-1.5253917723708603,0.013639838169543783,0.22164056394861464,0.10774918480185121,1515,"tags=30%, list=7%, signal=28%",ENG/EMP2/SOX18/RAMP2/PDGFRB/ADM/NRP1/EGFL8/SOX17/TMEM100/TGFBR2/EGFL7/RASIP1/CD34/CAV1/TGFBR3,0.3807304007227924
GO:0071391,cellular response to estrogen stimulus,17,-0.81574466307953,-1.5250392709161549,0.04618724521844389,0.3844636529318133,0.18690461913347634,877,"tags=18%, list=4%, signal=17%",ESR1/AR/SFRP1,0.3217759180753611
GO:0007088,regulation of mitotic nuclear division,114,0.6370732839047437,1.5245821325363924,0.001996880886427946,0.08252084922035487,0.0401169987760505,1774,"tags=35%, list=9%, signal=32%",MKI67/UBE2C/BIRC5/CENPF/MAD2L1/CHEK1/DLGAP5/CCNB1/BUB1/KNL1/ZWINT/PLK1/BUB1B/SPC24/CDCA2/CDC20/NDC80/PKMYT1/CDCA8/AURKA/DYNLT1/ANAPC11/BUB3/DAPK3/NUP62/DYNLL1/INCENP/NUF2/AURKB/SPDL1/BORA/RCC1/TRIP13/NEK2/TTK/NSMCE2/GEN1/PIN1/RAD21/NUSAP1,0.4317076958033464
GO:0010224,response to UV-B,17,-0.8153598541650121,-1.5243198684695327,0.04618724521844389,0.3844636529318133,0.18690461913347634,1031,"tags=18%, list=5%, signal=17%",MME/MAP3K20/MFAP4,0.3217759180753611
GO:1902547,regulation of cellular response to vascular endothelial growth factor stimulus,29,-0.7491785108154976,-1.5241807449765257,0.028482515819113652,0.3061065789421753,0.14881181384807182,175,"tags=17%, list=1%, signal=17%",SEMA6A/SMOC2/NR2F2/SPRY2/DCN,0.35248785758361917
GO:0051988,regulation of attachment of spindle microtubules to kinetochore,23,0.8072651391473638,1.5240471989844993,0.006799421286170676,0.16091304851952173,0.07822688001271694,1392,"tags=43%, list=7%, signal=41%",BIRC5/CCNB1/CDK1/CDCA8/ECT2/SPAG5/KNSTRN/INCENP/AURKB/NEK2,0.40701791892395395
GO:0038084,vascular endothelial growth factor signaling pathway,46,-0.6921787743320041,-1.5238881007969265,0.02767273551637936,0.303738804136892,0.14766073481940276,594,"tags=17%, list=3%, signal=17%",NRP1/PDGFRA/SEMA6A/VEGFD/SMOC2/NR2F2/SPRY2/DCN,0.35248785758361917
GO:0003228,atrial cardiac muscle tissue development,16,-0.83542864663509,-1.5238294857081252,0.034700394494628924,0.34121501459418424,0.16587956197945292,1515,"tags=44%, list=7%, signal=41%",ENG/PROX1/SHOX2/TBX3/CACNA1G/BMP4/TBX18,0.3217759180753611
GO:0071503,response to heparin,5,-0.959081167908125,-1.523743142432472,0.016691404844699234,0.2457228333466482,0.1194566306303065,155,"tags=60%, list=1%, signal=60%",SLIT2/GPIHBP1/EGR1,0.35248785758361917
GO:0048861,leukemia inhibitory factor signaling pathway,6,-0.9551951676090175,-1.5224589517259246,0.012588520667304648,0.21381848024636918,0.10394652734893027,45,"tags=33%, list=0%, signal=33%",IL6ST/LIFR,0.3807304007227924
GO:2000848,positive regulation of corticosteroid hormone secretion,8,-0.9309407124635399,-1.522381285917207,0.017943716594253964,0.2536107583226068,0.12329129640987357,1328,"tags=50%, list=6%, signal=47%",BMP6/DAB2/ECRG4/TAC1,0.35248785758361917
GO:0030262,apoptotic nuclear changes,23,0.806251864839846,1.5221342241819376,0.007205446421162763,0.16339704544480796,0.07943445970382416,805,"tags=22%, list=4%, signal=21%",TOP2A/DNASE2/NME1/BAX/CASP3,0.40701791892395395
GO:1902107,positive regulation of leukocyte differentiation,155,0.6138832308338672,1.5220202244044772,0.002249821673488036,0.08639527473521746,0.04200052669785602,2175,"tags=32%, list=11%, signal=29%",LILRB4/IL4I1/TREM2/TNFSF4/HLA-DRA/HLA-DRB1/ADAM8/MMP14/CD74/LEF1/ACTB/IL18/RUNX1/DUSP10/LGALS9/CD86/TGFB1/FOXP3/RHOA/SPI1/IL2RA/RASGRP1/FADD/TYROBP/RUNX3/IL2RG/CD4/PNP/IL2RB/SMARCA4/CASP8/SOX4/ZBTB7B/CORO1C/IL4R/VNN1/NCKAP1L/SOCS1/EVI2B/GPR65/CCR1/PRKDC/HCLS1/SMARCB1/LILRB2/SMARCC1/ACTL6A/ID2/NFKBID/CBFB,0.4317076958033464
GO:1903708,positive regulation of hemopoiesis,155,0.6138832308338672,1.5220202244044772,0.002249821673488036,0.08639527473521746,0.04200052669785602,2175,"tags=32%, list=11%, signal=29%",LILRB4/IL4I1/TREM2/TNFSF4/HLA-DRA/HLA-DRB1/ADAM8/MMP14/CD74/LEF1/ACTB/IL18/RUNX1/DUSP10/LGALS9/CD86/TGFB1/FOXP3/RHOA/SPI1/IL2RA/RASGRP1/FADD/TYROBP/RUNX3/IL2RG/CD4/PNP/IL2RB/SMARCA4/CASP8/SOX4/ZBTB7B/CORO1C/IL4R/VNN1/NCKAP1L/SOCS1/EVI2B/GPR65/CCR1/PRKDC/HCLS1/SMARCB1/LILRB2/SMARCC1/ACTL6A/ID2/NFKBID/CBFB,0.4317076958033464
GO:0086003,cardiac muscle cell contraction,80,-0.6280949531251254,-1.5217484375276422,0.011027153762832753,0.20296474501906167,0.09867005131962071,933,"tags=12%, list=5%, signal=12%",SCN3A/SCN9A/CACNA1G/SCN4B/ADRB2/CACNA1D/CAV1/SCN7A/ANK2/GSN,0.3807304007227924
GO:0030185,nitric oxide transport,5,-0.9575033659933826,-1.5212364048088471,0.01759976696870722,0.2529037986096769,0.12294761233237947,545,"tags=80%, list=3%, signal=78%",HBA2/HBA1/HBB/AQP1,0.35248785758361917
GO:0010559,regulation of glycoprotein biosynthetic process,35,-0.737809445736967,-1.520966487895671,0.01863185480295597,0.2592853503433582,0.1260499641078172,836,"tags=23%, list=4%, signal=22%",CCL21/PLCB1/RECK/MEST/ITM2A/TCF7L2/IL33/IGF1,0.35248785758361917
GO:0120161,regulation of cold-induced thermogenesis,145,-0.583422434122487,-1.5193980628053447,0.005061459096082604,0.13827294799063247,0.06722053563080434,598,"tags=12%, list=3%, signal=11%",EPAS1/ARRDC3/ALPL/ADIPOQ/ADRB2/ID1/ZNF423/THRA/PER2/OXTR/ADAMTS5/CAV1/ALDH1A1/LEPR/NOVA1/CD36/FABP4,0.40701791892395395
GO:0007209,phospholipase C-activating tachykinin receptor signaling pathway,5,-0.9563358252641143,-1.5193814708999545,0.01805394828140745,0.2546181547051647,0.12378103590998651,212,"tags=40%, list=1%, signal=40%",TACR1/TAC1,0.35248785758361917
GO:0061760,antifungal innate immune response,17,0.8443161696301703,1.5191629390633055,0.015751609285881856,0.23835288326461745,0.11587377513119643,2115,"tags=41%, list=10%, signal=37%",GAPDH/CLEC7A/SPI1/CARD9/CLEC4A/TRIM62/CLEC4E,0.35248785758361917
GO:0072110,glomerular mesangial cell proliferation,11,-0.8811221052941878,-1.5185907989973966,0.043360391384834815,0.3747313654606584,0.18217332797182184,948,"tags=36%, list=5%, signal=35%",PDGFRB/BMP4/PDGFD/EGR1,0.3217759180753611
GO:0051225,spindle assembly,123,0.6239664414838183,1.518530264687194,0.0031480357702332773,0.10628600894334765,0.05167028370376766,3590,"tags=33%, list=18%, signal=28%",BIRC5/TPX2/KIFC1/KIF23/PLK1/KIF11/PRC1/NDC80/CDCA8/KIF15/KIF4A/SPAG5/RHOA/SAC3D1/FLNA/INCENP/NEK6/CHMP4B/AURKB/RCC1/NEK2/STIL/CHMP4C/SKA1/MZT1/HAUS1/SKA3/SMC1A/NEK7/AURKC/KIF2A/SMC3/SKA2/WRAP73/WASHC5/MAP10/RNF4/PPP2R1A/CHMP5/RACGAP1/CCSAP,0.4317076958033464
GO:0045089,positive regulation of innate immune response,358,0.5554720414833315,1.518490260547258,1.0715194403865335e-4,0.01942734236262577,0.009444481935737653,3208,"tags=35%, list=16%, signal=30%",TREM2/MSR1/HLA-C/CLEC7A/ADAM8/RSAD2/HAVCR2/SLC15A3/S100A14/GBP5/OAS3/AIM2/OAS1/NLRC5/CADM1/CTSS/IKBKE/TLR2/CD300A/SPI1/TLR1/RASGRP1/OASL/FADD/KLRD1/LYN/TYROBP/NOD2/IFIH1/RIPK2/CCL5/HLA-F/HCK/MNDA/NAGK/NMI/PIK3AP1/MAPKAPK3/IRAK1/MAPKAPK2/ADCY7/PPT1/HSP90AA1/PTPN22/CYBA/TNIP2/ZBP1/SLAMF6/UBE2K/CD226/TLR7/AURKB/IRF5/IRF2/SCIMP/ZDHHC12/TNFAIP3/ARRB2/EIF2AK2/HMGB2/CD300LF/PARP9/TRAF2/CD274/BRCC3/RBM47/IRF7/LAMP2/OTULIN/SLC19A1/WDFY1/AKT1/PRKDC/ZDHHC5/TRIM62/GBP2/PAK1/DDX41/C1QBP/LY96/UBQLN1/BIRC2/BIRC3/WNT5A/IFI35/CLEC4E/IRF1/NONO/TRAF3IP3/TLR10/P2RX7/KCNK6/PUM2/RIOK3/ZDHHC18/HSPA8/RNF34/TLR3/POLR3D/TNIP1/CGAS/NEK7/TNIP3/ZDHHC4/UNC93B1/SRC/TICAM1/SYK/NFKBIL1/PYCARD/CRTAM/PYHIN1/CYLD/LACC1/HSPD1/S100A9/IRAK2/POLR3B/MFHAS1/SLC15A4/RNF185/MMP12/RFTN1/PLSCR1/NLRC3/MYD88,0.5384340963099162
GO:0060338,regulation of type I interferon-mediated signaling pathway,39,0.7345453879852706,1.5178835876711896,0.012947490276528372,0.2168837825950977,0.10543670506442857,3666,"tags=51%, list=18%, signal=42%",ISG15/OAS3/OAS1/NLRC5/IKBKE/FADD/TTLL12/STAT2/ZBP1/UBE2K/RBM47/PTPN1/WNT5A/EIF4E2/USP18/PTPN6/RNF185/MMP12/TBK1/SMIM30,0.3807304007227924
GO:0043568,positive regulation of insulin-like growth factor receptor signaling pathway,5,-0.9553196444114163,-1.5177670104584602,0.0189623113481591,0.25990145018674704,0.126349477223553,493,"tags=40%, list=2%, signal=39%",PHIP/IGF1,0.35248785758361917
GO:0007379,segment specification,10,-0.8782656044334349,-1.517400199228832,0.03616248976827902,0.3479891598150822,0.16917277064251302,79,"tags=10%, list=0%, signal=10%",OSR1,0.3217759180753611
GO:0010755,regulation of plasminogen activation,17,0.8432632326269628,1.5172684084005301,0.016020861063464436,0.23975336381923523,0.11655461006232347,2340,"tags=59%, list=11%, signal=52%",PLAU/CTSZ/PLAUR/ENO1/RUNX1/PLGRKT/SERPINE1/ANXA2/THBS1/S100A10,0.35248785758361917
GO:0098586,cellular response to virus,56,0.6971188535406747,1.5164917083745926,0.008168113040499943,0.17165899007008006,0.08345095281497458,2518,"tags=36%, list=12%, signal=31%",IFI6/CXCL10/OAS1/CALR/IKBKE/LGALS9/TGFB1/HIF1A/BAX/ADAR/IFIH1/CCL5/HSP90AA1/TLR7/IRF5/ARF1/RIOK3/TLR3/EIF5A/POU2F2,0.3807304007227924
GO:0051458,corticotropin secretion,5,-0.9535105358524165,-1.514892783695459,0.02100613005105923,0.270970959692972,0.131730850579599,145,"tags=20%, list=1%, signal=20%",ECRG4,0.35248785758361917
GO:0051459,regulation of corticotropin secretion,5,-0.9535105358524165,-1.514892783695459,0.02100613005105923,0.270970959692972,0.131730850579599,145,"tags=20%, list=1%, signal=20%",ECRG4,0.35248785758361917
GO:0032276,regulation of gonadotropin secretion,11,0.9019642085577593,1.514869798035512,0.005154539287135846,0.14020655739421026,0.06816054784359137,8,"tags=9%, list=0%, signal=9%",INHBA,0.40701791892395395
GO:0003097,renal water transport,6,-0.9501903331688898,-1.5144818856208357,0.014735046221228221,0.23182909731263576,0.11270227707314796,10,"tags=17%, list=0%, signal=17%",AQP1,0.3807304007227924
GO:0010828,positive regulation of D-glucose transmembrane transport,31,-0.7519599999689068,-1.5137607802328157,0.029007696592695184,0.3088610161922515,0.15015086642489334,1983,"tags=42%, list=10%, signal=38%",NR4A3/AKT2/APPL1/BRAF/SORBS1/CLIP3/IRS1/IRS2/C3/NFE2L2/ADIPOQ/PIK3R1/IGF1,0.35248785758361917
GO:0001508,action potential,141,-0.5839458569149828,-1.5136192471976018,0.004172156961666634,0.12427223536457041,0.060414176067250254,1754,"tags=16%, list=9%, signal=14%",KCNC4/GNA11/GPD1L/NOS1AP/BIN1/KCNK2/SCN1B/KCNA1/SCN3A/KCNB1/SCN9A/CACNA1G/SCN4B/DMD/TBX18/TACR1/CACNA1D/CAV1/SCN7A/TAC1/ANK2/CD36,0.40701791892395395
GO:0045066,regulatory T cell differentiation,48,0.7086430883147788,1.5133643028002244,0.009509968860427832,0.1870064166491376,0.0909120090099187,2169,"tags=52%, list=11%, signal=47%",LILRB4/IL4I1/TNFSF4/HLA-DRA/HLA-DRB1/PSMA7/PSMA4/LAG3/DUSP10/TGFB1/FOXP3/CTLA4/PSMA1/PSMB9/PSMB2/PSMB8/PSMA5/PSMB3/PSMB4/TOX/SOCS1/LILRB2/PSMA3/IRF1/FANCA,0.3807304007227924
GO:0051823,regulation of synapse structural plasticity,7,-0.9257609317007793,-1.5124892970734523,0.026708402515631675,0.299907730868631,0.14579828232326586,751,"tags=29%, list=4%, signal=28%",CAMK1/SHANK3,0.35248785758361917
GO:0097638,L-arginine import across plasma membrane,5,-0.9519667664782295,-1.5124401153748568,0.022595768198807695,0.27862818314396354,0.13545336224439172,73,"tags=20%, list=0%, signal=20%",SLC7A2,0.35248785758361917
GO:0050966,detection of mechanical stimulus involved in sensory perception of pain,10,-0.8750634927359544,-1.5118678353252675,0.03899872455917922,0.3611554736554737,0.17557349241416675,1183,"tags=30%, list=6%, signal=28%",KCNA1/NTRK1/CXCL12,0.3217759180753611
GO:0032350,regulation of hormone metabolic process,32,-0.7355379817747578,-1.511717810784221,0.04229040329671663,0.3694886377521986,0.1796246084294208,920,"tags=25%, list=5%, signal=24%",ARNT/DAB2/NR5A2/STC2/ADM/AKR1C3/TCF7L2/EGR1,0.3217759180753611
GO:0032941,secretion by tissue,26,-0.7536728220752883,-1.5114821660205435,0.03679780716663089,0.3522532432668325,0.17124572835236473,72,"tags=8%, list=0%, signal=8%",FGF10/AQP1,0.3217759180753611
GO:0048009,insulin-like growth factor receptor signaling pathway,41,-0.714668294608737,-1.511328884835841,0.014854774584415701,0.2320214826620324,0.11279580401693481,1082,"tags=27%, list=5%, signal=25%",IRS1/IRS2/IGFBP2/PLCB1/PHIP/GHR/CRIM1/PIK3R1/IGFBP4/IGFBP6/IGF1,0.3807304007227924
GO:0002428,antigen processing and presentation of peptide antigen via MHC class Ib,15,0.8685315273740765,1.5111582501104686,0.009494758013830701,0.1870064166491376,0.0909120090099187,1136,"tags=40%, list=6%, signal=38%",HLA-A/HLA-B/B2M/HLA-C/HLA-F/TAP2,0.3807304007227924
GO:0050688,regulation of defense response to virus,57,0.6876412457990461,1.5110076211783992,0.011928120084491048,0.20928195174103797,0.10174112216690269,3120,"tags=37%, list=15%, signal=31%",STAT1/MICB/AIM2/FOXP3/DTX3L/HSP90AA1/TNFAIP3/PARP9/LILRB1/HERC5/C1QBP/APOBEC3G/PML/CGAS/IL1B/PYCARD/TRIM22/RNF26/APOBEC3F/IL12RB1/MMP12,0.3807304007227924
GO:0050852,T cell receptor signaling pathway,135,0.6132412482609224,1.5106251223395475,0.0036968247479483058,0.11661489967223092,0.056691609837022726,3192,"tags=44%, list=16%, signal=38%",LAPTM5/LILRB4/HLA-A/HLA-DQB1/HLA-DRB1/HLA-DPB1/ZNF683/FYB1/THY1/LAG3/TRAC/CARD11/CD86/EZR/CD276/CD300A/GBP1/THEMIS2/KCNN4/CTLA4/TRBC1/RAB29/CD247/RIPK2/CD4/LCP2/PTPN22/TRBC2/PTPRJ/CD226/PTPRC/CD3G/CSK/BTN2A2/CD274/LCK/CCR7/CD8A/PLCG1/UBASH3A/FCHO1/CD3E/NFKBID/BCAR1/ZAP70/WNK1/ITPRIPL1/DENND1B/CD3D/CD80/DGKZ/EIF2B2/SLA2/PDCD1/BTN3A3/MALT1/CBL/RFTN1/STOML2/INPP5D,0.4317076958033464
GO:0001523,retinoid metabolic process,69,-0.6386949456545,-1.510360241263932,0.018586920630994024,0.25910294667281225,0.1259612896952636,1739,"tags=20%, list=9%, signal=19%",CYP3A5/LDLR/SCPEP1/PNPLA2/AKR1C1/CES2/LPL/DHRS3/LRP1/ALDH1A2/AKR1C3/LIPE/ALDH1A1/ADH1B,0.35248785758361917
GO:0009176,pyrimidine deoxyribonucleoside monophosphate metabolic process,13,0.876610261939671,1.5101883057131376,0.008034139948936474,0.17165899007008006,0.08345095281497458,783,"tags=31%, list=4%, signal=30%",TYMP/TK1/TYMS/UPP1,0.3807304007227924
GO:0097011,cellular response to granulocyte macrophage colony-stimulating factor stimulus,10,-0.8738818536236679,-1.5098262895612649,0.03994413674698502,0.3637418537552629,0.1768308450502331,236,"tags=30%, list=1%, signal=30%",PDE2A/ZFP36L2/ZFP36,0.3217759180753611
GO:0097012,response to granulocyte macrophage colony-stimulating factor,10,-0.8738818536236679,-1.5098262895612649,0.03994413674698502,0.3637418537552629,0.1768308450502331,236,"tags=30%, list=1%, signal=30%",PDE2A/ZFP36L2/ZFP36,0.3217759180753611
GO:0022617,extracellular matrix disassembly,62,0.6891774003276553,1.5094692796541553,0.006194229055068769,0.15421167809576405,0.07496905036569201,525,"tags=24%, list=3%, signal=24%",MMP11/MMP9/KLK4/PLAU/MMP1/ADAM8/PLAUR/HPSE/MMP7/MMP13/FAP/MMP14/CTSS/MMP3/TGFB1,0.40701791892395395
GO:0072189,ureter development,9,-0.9026103209704144,-1.5094502330111592,0.02299860839515949,0.27885921166962946,0.13556567532852667,504,"tags=44%, list=2%, signal=43%",SOX17/BMP4/TBX18/OSR1,0.35248785758361917
GO:0003163,sinoatrial node development,11,-0.8757525571712249,-1.5093365238801215,0.047579201010164884,0.3849684502962864,0.1871500232397604,1131,"tags=45%, list=6%, signal=43%",SHOX2/TBX3/CACNA1G/BMP4/TBX18,0.3217759180753611
GO:0120255,olefinic compound biosynthetic process,24,-0.7785774797269922,-1.5081199608489941,0.03316740758612785,0.33130781001063414,0.16106323594903288,1328,"tags=21%, list=6%, signal=20%",BMP6/DAB2/ADM/AKR1C3/EGR1,0.3217759180753611
GO:0007567,parturition,7,-0.9229594604461684,-1.5079123105712529,0.029071918772825507,0.30897453097855415,0.15020605093385306,665,"tags=57%, list=3%, signal=55%",HPGD/MAFF/OXTR/PTGFR,0.35248785758361917
GO:0002698,negative regulation of immune effector process,98,0.6294546506862052,1.50731235297771,0.0063673564359731805,0.15708075377350805,0.07636383370275034,2060,"tags=33%, list=10%, signal=30%",LILRB4/IL4I1/GRN/HLA-A/HLA-B/TNFSF4/TIGIT/SLAMF8/HAVCR2/LAG3/GRB2/LGALS1/LGALS9/TGFB1/FOXP3/SMAD7/CD300A/SPI1/KLRD1/HLA-F/BST2/PTPRC/ARRB2/CD84/ASCL2/CD274/CD55/LILRB1/NCKAP1L/FCGR2B/NECTIN4/LOXL3,0.40701791892395395
GO:0050691,regulation of defense response to virus by host,40,0.7214043398860956,1.507029065588987,0.014219576897310796,0.22698348141373959,0.11034661097274047,3120,"tags=42%, list=15%, signal=36%",STAT1/MICB/AIM2/DTX3L/HSP90AA1/TNFAIP3/PARP9/LILRB1/APOBEC3G/PML/CGAS/IL1B/PYCARD/TRIM22/APOBEC3F/IL12RB1/MMP12,0.3807304007227924
GO:0014827,intestine smooth muscle contraction,8,-0.9209670754225567,-1.5060712479304237,0.024131119558863025,0.2861808094394915,0.13912502465111992,687,"tags=25%, list=3%, signal=24%",PTGER3/KIT,0.35248785758361917
GO:0042045,epithelial fluid transport,12,-0.8839037780377383,-1.5056498227663557,0.01630121616001795,0.24313856077725363,0.1182003025570635,65,"tags=17%, list=0%, signal=17%",EDNRB/AQP1,0.35248785758361917
GO:0035115,embryonic forelimb morphogenesis,10,-0.8713232377480085,-1.5054057085663162,0.04183496188869476,0.3694886377521986,0.1796246084294208,2038,"tags=50%, list=10%, signal=45%",CACNA1C/IFT122/OSR2/TBX3/OSR1,0.3217759180753611
GO:0001660,fever generation,9,-0.9001902112920621,-1.5054030433956296,0.024015111349993623,0.2861808094394915,0.13912502465111992,687,"tags=44%, list=3%, signal=43%",PTGER3/PTGS2/PTGES/EDNRB,0.35248785758361917
GO:0019058,viral life cycle,263,0.5655073681312979,1.50535649625178,9.124543808244862e-4,0.05653683979555012,0.02748503383458144,3211,"tags=36%, list=16%, signal=31%",CTSB/LRRC15/TOP2A/P4HB/ISG15/CLEC5A/RSAD2/CLDN1/CDK1/CXCR4/OAS3/APOE/KPNA2/LAMP3/PABPC1/OAS1/LGALS1/VCP/MYH9/ITGB1/LGALS9/CD86/ISG20/IL32/MX1/F11R/TNFRSF4/CCR5/DYNLT1/VAMP8/OASL/OAS2/NPC1/ITGAV/SELPLG/ADAR/IFIH1/CTSL/CCL5/CD4/IFIT1/BST2/SMC6/TFRC/SLC52A2/CHMP4B/RAB1A/SMPD1/GRK2/DEK/EIF2AK2/NOTCH1/CD55/ITGB7/APOBEC3H/N4BP1/ITGB5/PPIH/CHMP4C/TRIM62/SMARCB1/SRPK1/TRIM21/ICAM1/CXADR/APOBEC3G/NECTIN4/SLC20A2/FURIN/BSG/PCBP1/HYAL2/ITGA5/TNIP1/VPS37C/CSNK2B/SRPK2/SIGLEC1/JPT2/USP6NL/CXCR6/SRC/CD80/LARP1/ITGB6/RAD23A/APOBEC3A/APOBEC3F/SLC3A2/CBL/CXCL8/BICD1/PLSCR1/LAMTOR5,0.47727081536286214
GO:0009201,ribonucleoside triphosphate biosynthetic process,107,0.6304927242422456,1.5051393381958618,0.004398663474518272,0.1274360119076628,0.06195222640126972,4853,"tags=53%, list=24%, signal=41%",TREM2/ENO1/ATP5F1E/ATP5MC3/NME1/VCP/TGFB1/SDHB/MAP2K1/NDUFS5/ATP5MF/NDUFS8/NDUFS6/NDUFA7/NDUFA1/NDUFB9/CTPS1/ATP5F1C/TMSB4X/VPS9D1/NDUFB2/DNAJC30/NDUFA6/SDHA/IMPDH1/NDUFB11/NDUFB3/NDUFAB1/NDUFC2/ATP5PD/ATP5F1B/UCK2/NUDT2/ATP5MC1/STOML2/NDUFS3/NDUFV2/ATP5F1D/NDUFB5/UQCC3/CAD/NDUFA9/SLC25A13/NDUFB4/NME4/NME6/NDUFB8/NDUFA3/NDUFA12/NDUFS7/ATP5MGL/NDUFS2/ATP5MG/ATP5IF1/PARP1/NDUFA2/ATP5F1A,0.40701791892395395
GO:0002429,immune response-activating cell surface receptor signaling pathway,303,0.5538032097912211,1.504552229349092,7.406143527169355e-4,0.05066121795882807,0.024628636739068125,3208,"tags=42%, list=16%, signal=36%",LAPTM5/LILRB4/TREM2/HLA-A/PLPP4/CLEC7A/HLA-DQB1/HLA-DRB1/HLA-DPB1/ZNF683/S100A14/FYB1/FPR3/THY1/LAG3/MICB/TRAC/IGHG3/OAS1/GRB2/CARD11/CD86/EZR/TLR2/CD276/CD300A/GBP1/TLR1/THEMIS2/BAX/C5AR1/NFAM1/IGHG4/KCNN4/KLRD1/CTLA4/TRBC1/LIMK1/LYN/TYROBP/PRKCD/RAB29/CD247/RIPK2/CD4/HCK/IGLC7/MNDA/NMI/PIK3AP1/IRAK1/FPR1/LCP2/PTPN22/CYBA/TNIP2/LAT2/TRBC2/PTPRJ/CD226/PTPRC/LPXN/CD3G/SCIMP/TNFAIP3/CSK/IGHG2/BTN2A2/CD274/CD38/ITGAM/LCK/WDFY1/CCR7/VAV1/AKT1/KLHL6/NCKAP1L/MYO1G/CD8A/IGHG1/FCGR2B/PAK1/PLCG1/LY96/UBASH3A/CMKLR1/CD72/IFI35/FCHO1/CD3E/NFKBID/BCAR1/RAP1A/ZAP70/WNK1/ITPRIPL1/DENND1B/BANK1/CD3D/TNIP3/SPG21/PRKCB/MS4A1/SRC/TICAM1/SYK/CD80/DGKZ/EIF2B2/SLA2/PDCD1/PTPN6/C3AR1/FGR/BTN3A3/IRAK2/MFHAS1/MALT1/CBL/RFTN1/STOML2/LAX1/PLSCR1/INPP5D/MYD88,0.47727081536286214
GO:0050918,positive chemotaxis,56,-0.665848155911347,-1.5038945243225585,0.018313307326467975,0.257049370594441,0.12496295642796337,952,"tags=25%, list=5%, signal=24%",SMAD3/MET/FGF7/S1PR1/NRP1/NTRK3/SEMA5A/BMP4/LGALS3/FGF2/HGF/VEGFD/FGF10/CXCL12,0.35248785758361917
GO:0072528,pyrimidine-containing compound biosynthetic process,40,0.7198065688499403,1.5036912877873974,0.015263187292521175,0.2330592697791939,0.11330031778408954,2641,"tags=28%, list=13%, signal=24%",TK1/TYMS/NME1/CMPK2/DCK/UPP1/SLC25A19/CTPS1/TPK1/DTYMK/UCK2,0.3807304007227924
GO:0014745,negative regulation of muscle adaptation,12,-0.8824172692739519,-1.503117690070075,0.01763190793197195,0.2529037986096769,0.12294761233237947,2067,"tags=50%, list=10%, signal=45%",ATP2B4/ERRFI1/PPARG/LMNA/SMAD3/KLF4,0.35248785758361917
GO:1902423,regulation of attachment of mitotic spindle microtubules to kinetochore,10,0.9116736629505153,1.5027813954134068,0.004258748510771852,0.1258576681531231,0.06118492437920765,1166,"tags=50%, list=6%, signal=47%",BIRC5/CDK1/CDCA8/INCENP/AURKB,0.40701791892395395
GO:0090235,regulation of metaphase plate congression,14,0.8795365771608624,1.5025563083179854,0.006414782576295401,0.15777264336441346,0.0767001915339379,1166,"tags=43%, list=6%, signal=40%",BIRC5/CDK1/CDCA8/SPAG5/INCENP/AURKB,0.40701791892395395
GO:0006941,striated muscle contraction,210,-0.5539181557266919,-1.5014513535580873,0.001714867305703872,0.07831520779192239,0.03807245229318037,1593,"tags=19%, list=8%, signal=17%",RPL19/GPD1L/NOS1AP/RPL9/BIN1/RPL7A/RPL12/SCN1B/ASPH/RPL18/RPL23/STAC2/RPL35A/SCN3A/TTN/RPL15/ADGRD1/RPL35/RPL4/SCN9A/RYR3/CACNA1G/RPL11/RPL5/SCN4B/EEF2/ADRB2/RPL32/TNNT3/RPL31/DMD/RPL34/RPL13/SYNM/CACNA1D/CAV1/SCN7A/ANK2/GSN,0.45505986738722953
GO:0007492,endoderm development,53,0.7052054085241495,1.5013598356387041,0.005671002736202808,0.1474838152222528,0.07169834157861481,981,"tags=26%, list=5%, signal=25%",FN1/COL11A1/MMP9/INHBA/COL8A1/COL5A2/ITGB2/COL12A1/COL5A1/MMP14/MACROH2A1/ITGAV/COL4A2/DUSP4,0.40701791892395395
GO:0061438,renal system vasculature morphogenesis,8,-0.9178382838342827,-1.5009546881992257,0.02512110570028424,0.2900864134837078,0.14102370982149642,1114,"tags=62%, list=5%, signal=59%",NOTCH2/PDGFRB/NRP1/BMP4/PDGFRA,0.35248785758361917
GO:0061439,kidney vasculature morphogenesis,8,-0.9178382838342827,-1.5009546881992257,0.02512110570028424,0.2900864134837078,0.14102370982149642,1114,"tags=62%, list=5%, signal=59%",NOTCH2/PDGFRB/NRP1/BMP4/PDGFRA,0.35248785758361917
GO:0007638,mechanosensory behavior,8,-0.9177768802309995,-1.5008542739673905,0.02512110570028424,0.2900864134837078,0.14102370982149642,451,"tags=25%, list=2%, signal=24%",SHANK3/NRXN2,0.35248785758361917
GO:0031223,auditory behavior,8,-0.9177768802309995,-1.5008542739673905,0.02512110570028424,0.2900864134837078,0.14102370982149642,451,"tags=25%, list=2%, signal=24%",SHANK3/NRXN2,0.35248785758361917
GO:0071385,cellular response to glucocorticoid stimulus,40,-0.7125135074283653,-1.5004090283997766,0.02021068691005951,0.26836860996403583,0.13046573440742035,1705,"tags=35%, list=8%, signal=32%",EDN1/MT-ND3/ASS1/USP8/FOXO3/ANXA1/NR3C1/AXIN2/ZFP36L1/FAM107A/ZFP36L2/KLF9/ZFP36/AQP1,0.35248785758361917
GO:0098598,learned vocalization behavior or vocal learning,7,-0.9183339769955777,-1.5003552902075226,0.033798963176105444,0.33625560813155964,0.1634685773026014,451,"tags=29%, list=2%, signal=28%",SHANK3/NRXN2,0.3217759180753611
GO:0051145,smooth muscle cell differentiation,45,-0.6855866023002655,-1.5003104707757005,0.03361078213041635,0.3349147825259725,0.16281674325476458,1576,"tags=31%, list=8%, signal=29%",RCAN1/ENG/PDCD4/MECP2/NOTCH4/MEF2C/SMARCD3/RAMP2/NOTCH2/ADM/TBX18/KIT/MRTFB/EDNRB,0.3217759180753611
GO:0035878,nail development,5,-0.9437024746108242,-1.4993101963634288,0.029315780909566446,0.30929419796904534,0.15036145505762832,1041,"tags=60%, list=5%, signal=57%",MSX1/ITGA6/ITGB4,0.35248785758361917
GO:0032735,positive regulation of interleukin-12 production,33,0.7534598121955453,1.4988724859856535,0.015068448962860343,0.23233379357319328,0.11294763202839084,2978,"tags=42%, list=15%, signal=36%",LAPTM5/TNFSF4/CLEC7A/LGALS9/TLR2/RIPK2/LTB/IRF5/SCIMP/CCR7/TLR3/SYK/HSPD1/AGER,0.3807304007227924
GO:0051250,negative regulation of lymphocyte activation,133,0.616772975545167,1.4983380553337708,0.002657842478766548,0.0949012965773617,0.04613567643339932,2175,"tags=41%, list=11%, signal=37%",INHBA/LAPTM5/LILRB4/IL4I1/TNFSF4/TIGIT/HLA-DRB1/PSMA7/HAVCR2/SOX11/PSMA4/LAG3/RUNX1/CDKN2A/LGALS1/LGALS9/CD86/FOXP3/SMAD7/CD300A/CTLA4/LYN/TYROBP/PAG1/RUNX3/PSMA1/MNDA/PSMB9/SAMSN1/SPN/PTPN22/LST1/PSMB2/PSMB8/ZBTB7B/TNFAIP3/CSK/PSMA5/BTN2A2/ASCL2/CD274/PSMB3/GNRH1/LILRB1/PSMB4/SOCS1/FCGR2B/LILRB2/PSMA3/GPNMB/PLA2G2D/LOXL3/ID2/IRF1/CBFB,0.4317076958033464
GO:0035265,organ growth,89,-0.6086464489744497,-1.4980021882574794,0.01104895046419879,0.20296474501906167,0.09867005131962071,1762,"tags=28%, list=9%, signal=26%",BMPR1A/EDN1/LATS1/LATS2/WWC2/FES/KCNK2/DLL1/MEF2C/SMO/PROX1/DDR2/SORBS2/FGF7/S1PR1/MEIS1/DUSP6/ABL1/FGF2/ACACB/FGF10/IGF1/LEPR/FBLN5/TGFBR3,0.3807304007227924
GO:0045619,regulation of lymphocyte differentiation,176,0.5839876660507624,1.4979609267613525,0.002957890904876299,0.10139293433010851,0.04929154584388123,2175,"tags=36%, list=11%, signal=33%",INHBA/LILRB4/IL4I1/TNFSF4/HLA-DRA/HLA-DRB1/SLAMF8/ADAM8/PSMA7/ZNF683/MMP14/LEF1/PSMA4/LAG3/ACTB/IL18/RUNX1/DUSP10/CDKN2A/LGALS1/CD86/TGFB1/FOXP3/SMAD7/RHOA/SPI1/CD2/IL2RA/RASGRP1/NFAM1/CTLA4/RUNX3/IL2RG/PSMA1/PNP/PSMB9/SMARCA4/BATF/PSMB2/PSMB8/SOX4/ZBTB7B/PSMA5/ASCL2/PSMB3/PSMB4/VNN1/TOX/NCKAP1L/SOCS1/GPR65/PRKDC/PRELID1/SMARCB1/LILRB2/SMARCC1/PSMA3/ACTL6A/LOXL3/ID2/NFKBID/IRF1/FANCA/CBFB,0.4317076958033464
GO:0019477,L-lysine catabolic process,8,-0.9159579772406014,-1.4978797946730504,0.028047749312279543,0.30567165615966235,0.14860037883621005,331,"tags=25%, list=2%, signal=25%",ALDH7A1/AASS,0.35248785758361917
GO:0098656,monoatomic anion transmembrane transport,121,0.6063382796093,1.4977579741617577,0.006313867856702002,0.15623464504988144,0.07595250319717717,3222,"tags=24%, list=16%, signal=20%",CLIC1/SLC1A3/TTYH3/CLIC3/CLDN4/PACC1/PANX1/VDAC1/CLIC4/SLC26A6/SLC1A4/GABRB2/APOL1/CLCN2/SLC39A14/SLC19A1/GABRD/LRRC8D/SLC25A14/UCP2/SLC6A1/CLIC6/ANO10/SLC5A6/VDAC3/SLC4A2/GLRB/LRRC8E/KCNK1,0.40701791892395395
GO:0072102,glomerulus morphogenesis,8,-0.9154881952214887,-1.497111553103225,0.02853552406862655,0.3061065789421753,0.14881181384807182,1280,"tags=62%, list=6%, signal=59%",MEF2C/NOTCH2/PDGFRB/BMP4/PDGFRA,0.35248785758361917
GO:0002138,retinoic acid biosynthetic process,8,-0.9151967769502293,-1.4966349924408755,0.02853552406862655,0.3061065789421753,0.14881181384807182,497,"tags=38%, list=2%, signal=37%",ALDH1A2/AKR1C3/ALDH1A1,0.35248785758361917
GO:0016102,diterpenoid biosynthetic process,8,-0.9151967769502293,-1.4966349924408755,0.02853552406862655,0.3061065789421753,0.14881181384807182,497,"tags=38%, list=2%, signal=37%",ALDH1A2/AKR1C3/ALDH1A1,0.35248785758361917
GO:0006182,cGMP biosynthetic process,8,-0.9148552115076122,-1.4960764253583594,0.02853552406862655,0.3061065789421753,0.14881181384807182,736,"tags=38%, list=4%, signal=36%",GUCY1A2/NPR1/EDNRB,0.35248785758361917
GO:0060623,regulation of chromosome condensation,10,0.907526210666038,1.4959448327432667,0.004795273288961144,0.13452987216416762,0.06540086254493993,1691,"tags=70%, list=8%, signal=64%",SMC4/NCAPG/CCNB1/NCAPH/NCAPD2/CTPS1/SMC2,0.40701791892395395
GO:0033209,tumor necrosis factor-mediated signaling pathway,110,0.6229216420057052,1.4955037758962324,0.005183905389467791,0.14020655739421026,0.06816054784359137,4095,"tags=43%, list=20%, signal=34%",LAPTM5/STAT1/SPHK1/AIM2/LIMS1/TNFSF13B/TNFRSF4/GSTP1/TRAF1/CDK5R1/MAPKAPK2/CASP8/UBE2K/TNFAIP3/TNFRSF18/TRAF2/TXNDC17/OTULIN/COMMD7/TMSB4X/TRAF5/SPATA2/BIRC2/BIRC3/TRADD/CARD16/TRAIP/CD70/ADAM10/EIF5A/RFFL/ZNF675/SYK/PYCARD/CYLD/ACTN4/NRDC/TNFRSF19/JAK2/F2RL1/CPNE1/TP53/SPPL2A/PTK2B/ANXA4/TNFRSF13C/TANK,0.40701791892395395
GO:0048545,response to steroid hormone,281,-0.5306171194397963,-1.4953154918393312,7.59202627561359e-4,0.05066121795882807,0.024628636739068125,1121,"tags=17%, list=5%, signal=16%",ZBTB7A/LCAT/TP63/ANXA1/CRY2/DAB2/SCNN1D/NR3C1/ESR1/IL6/IGFBP2/AXIN2/SCGB2A2/DDX17/CDO1/PGR/NTRK3/NR3C2/RXRA/JUNB/KANK2/ALPL/RBFOX2/NCOA1/AKR1C3/GHR/AR/ZFP36L1/FAM107A/PER1/JUND/TACR1/PTGDS/SLIT2/ZFP36L2/CAV1/TCF7L2/FOS/TXNIP/KLF9/ZFP36/SLIT3/SFRP1/DUSP1/JUN/FOSB/TFPI/AQP1,0.47727081536286214
GO:0002285,lymphocyte activation involved in immune response,168,0.5916981752408911,1.495311065722991,0.0022183132589973496,0.08599661067379726,0.0418067186382547,2253,"tags=31%, list=11%, signal=28%",FCGR3A/TREM2/TNFSF4/HLA-DRA/HLA-DRB1/PSMA7/HAVCR2/CD74/LEF1/PSMA4/IL18/GAPT/SLC11A1/HLA-DMB/LGALS1/LGALS9/CD86/TGFB1/FOXP3/SMAD7/SPI1/LCP1/CD180/TYROBP/HLA-F/PSMA1/PSMB9/TFRC/SPN/SLAMF6/BATF/IRF8/PSMB2/ENTPD7/PSMB8/PSMA5/ASCL2/PSMB3/PLXNA1/LILRB1/PSMB4/NCKAP1L/NBN/FCGR2B/ITGAL/PSMA3/ICAM1/LOXL3/NFKBID/EXOSC3/MAD2L2/GPR183,0.4317076958033464
GO:0002833,positive regulation of response to biotic stimulus,382,0.5423546648647268,1.4945726124465573,2.863367446010414e-4,0.03174399706864023,0.01543214719166355,3208,"tags=34%, list=16%, signal=29%",GRN/TREM2/MSR1/HLA-C/CLEC7A/HLA-DRB1/ADAM8/RSAD2/HAVCR2/SLC15A3/S100A14/GBP5/OAS3/AIM2/OAS1/NLRC5/CADM1/CTSS/IKBKE/TLR2/CD300A/SPI1/TLR1/RASGRP1/CD180/OASL/FADD/KLRD1/LYN/TYROBP/NOD2/IFIH1/RIPK2/CCL5/HLA-F/HCK/MNDA/NAGK/NMI/PIK3AP1/MAPKAPK3/IRAK1/MAPKAPK2/ADCY7/PPT1/HSP90AA1/PTPN22/CYBA/TNIP2/ZBP1/SLAMF6/UBE2K/CD226/TLR7/AURKB/IRF5/IRF2/SCIMP/ZDHHC12/TNFAIP3/ARRB2/EIF2AK2/HMGB2/CD300LF/LY86/PARP9/TRAF2/CD274/BRCC3/RBM47/IRF7/LAMP2/OTULIN/SLC19A1/WDFY1/AKT1/PRKDC/ZDHHC5/TRIM62/GBP2/PAK1/DDX41/C1QBP/LY96/UBQLN1/BIRC2/BIRC3/WNT5A/IFI35/CLEC4E/IRF1/NONO/TRAF3IP3/TLR10/P2RX7/KCNK6/PUM2/YWHAG/RIOK3/ZDHHC18/HSPA8/RNF34/TLR3/POLR3D/TNIP1/CGAS/NEK7/TNIP3/ZDHHC4/UNC93B1/SRC/TICAM1/SYK/NFKBIL1/PYCARD/CRTAM/PYHIN1/CYLD/LACC1/HSPD1/S100A9/IRAK2/POLR3B/MFHAS1/SLC15A4/RNF185/MMP12/RFTN1/PLSCR1/NLRC3/MYD88,0.49849310876659025
GO:0007131,reciprocal meiotic recombination,54,0.689470743068927,1.4944494476316392,0.011417249463771047,0.20428094040562658,0.09930991153931952,2583,"tags=20%, list=13%, signal=18%",TOP2A/BRIP1/RAD51AP1/PSMC3IP/CENPS/TRIP13/RAD54L/RMI1/RAD21/CENPX/RAD51,0.3807304007227924
GO:0140527,reciprocal homologous recombination,54,0.689470743068927,1.4944494476316392,0.011417249463771047,0.20428094040562658,0.09930991153931952,2583,"tags=20%, list=13%, signal=18%",TOP2A/BRIP1/RAD51AP1/PSMC3IP/CENPS/TRIP13/RAD54L/RMI1/RAD21/CENPX/RAD51,0.3807304007227924
GO:0035924,cellular response to vascular endothelial growth factor stimulus,67,-0.6424852559943475,-1.4943245360966337,0.018887997976155094,0.25990145018674704,0.126349477223553,1372,"tags=22%, list=7%, signal=21%",DLL1/PROX1/RAMP2/ANXA1/PDGFRB/NRP1/PDGFRA/EGR3/SEMA6A/VEGFD/SMOC2/NR4A1/NR2F2/SPRY2/DCN,0.35248785758361917
GO:0001969,regulation of activation of membrane attack complex,5,-0.9405066868617805,-1.4942328787909276,0.032448707216332806,0.3261295375903276,0.15854585094499862,1199,"tags=80%, list=6%, signal=75%",CD59/CR1/C3/CLU,0.3217759180753611
GO:0072070,loop of Henle development,12,-0.8771544871835192,-1.4941530186673697,0.018962601035501774,0.25990145018674704,0.126349477223553,1858,"tags=42%, list=9%, signal=38%",JAG1/IRX2/DLL1/PKD1/AQP1,0.35248785758361917
GO:0035872,"nucleotide-binding domain, leucine rich repeat containing receptor signaling pathway",27,0.7618726026743633,1.4941242525086809,0.025078333811694598,0.2900864134837078,0.14102370982149642,3062,"tags=52%, list=15%, signal=44%",SLC15A3/NOD2/RIPK2/NAGK/PTPN22/IRF5/TNFAIP3/OTULIN/BIRC2/BIRC3/RNF34/CYLD/LACC1/SLC15A4,0.35248785758361917
GO:0015986,proton motive force-driven ATP synthesis,73,0.6601062297118285,1.4933882742910645,0.007104171703959804,0.16200297434716182,0.07875674069043084,5376,"tags=62%, list=26%, signal=46%",ATP5F1E/ATP5MC3/SDHB/NDUFS5/ATP5MF/NDUFS8/NDUFS6/NDUFA7/NDUFA1/NDUFB9/ATP5F1C/VPS9D1/NDUFB2/DNAJC30/NDUFA6/SDHA/NDUFB11/NDUFB3/NDUFAB1/NDUFC2/ATP5PD/ATP5F1B/ATP5MC1/STOML2/NDUFS3/NDUFV2/ATP5F1D/NDUFB5/NDUFA9/NDUFB4/NDUFB8/NDUFA3/NDUFA12/NDUFS7/ATP5MGL/NDUFS2/ATP5MG/ATP5IF1/NDUFA2/ATP5F1A/ATP5ME/MT-ND1/NDUFB7/ATP5PO/ATP5PF,0.40701791892395395
GO:0060216,definitive hemopoiesis,10,-0.8642259387471091,-1.4931435376881812,0.047980149333284254,0.3849684502962864,0.1871500232397604,683,"tags=40%, list=3%, signal=39%",TEK/KMT2A/ZFP36L2/TGFBR3,0.3217759180753611
GO:0002692,negative regulation of cellular extravasation,8,-0.9128754987516471,-1.4928389714466088,0.02902329902801528,0.3088610161922515,0.15015086642489334,836,"tags=50%, list=4%, signal=48%",CCL21/PLCB1/PTGER4/CXCL12,0.35248785758361917
GO:0045760,positive regulation of action potential,7,-0.9136902467585543,-1.492768458616897,0.037107901047248565,0.3541564155048659,0.17217094372599617,212,"tags=29%, list=1%, signal=28%",TACR1/TAC1,0.3217759180753611
GO:0061303,cornea development in camera-type eye,8,0.9317171490648322,1.4922489555768563,0.004780929938896784,0.13452987216416762,0.06540086254493993,183,"tags=12%, list=1%, signal=12%",SOX11,0.40701791892395395
GO:0002399,MHC class II protein complex assembly,14,0.8732210191710954,1.4917671248496815,0.008141608829882723,0.17165899007008006,0.08345095281497458,1622,"tags=79%, list=8%, signal=72%",B2M/HLA-DRA/HLA-DQB1/HLA-DRB1/HLA-DPB1/HLA-DQA1/HLA-DPA1/HLA-DMB/HLA-DOA/HLA-DOB/HLA-DMA,0.3807304007227924
GO:0002503,peptide antigen assembly with MHC class II protein complex,14,0.8732210191710954,1.4917671248496815,0.008141608829882723,0.17165899007008006,0.08345095281497458,1622,"tags=79%, list=8%, signal=72%",B2M/HLA-DRA/HLA-DQB1/HLA-DRB1/HLA-DPB1/HLA-DQA1/HLA-DPA1/HLA-DMB/HLA-DOA/HLA-DOB/HLA-DMA,0.3807304007227924
GO:0072236,metanephric loop of Henle development,6,-0.9356702319761127,-1.491338701075373,0.026558540200636898,0.2994640938689543,0.14558261094880487,10,"tags=17%, list=0%, signal=17%",AQP1,0.35248785758361917
GO:0072348,sulfur compound transport,61,0.6735491165394771,1.4911955590131534,0.017135104442261392,0.24980429873845972,0.12144080970353165,3649,"tags=34%, list=18%, signal=28%",SLC6A6/SLC7A5/MFSD12/SLC7A11/SLC43A2/SLC26A6/SLC1A4/SLC25A19/SLC36A1/LRRC8D/UCP2/SLC5A6/SLC25A39/SLC16A6/SLC33A1/ABCC1/SLC3A2/ABCD1/SLC35B3/RACGAP1/MGST1,0.35248785758361917
GO:0031547,brain-derived neurotrophic factor receptor signaling pathway,5,-0.9385389422567442,-1.4911066185240072,0.03423895307847694,0.33951195738353324,0.16505163128459552,631,"tags=40%, list=3%, signal=39%",NTRK2/NFATC4,0.3217759180753611
GO:0098900,regulation of action potential,59,-0.6677897534490296,-1.4910030574755504,0.014805094079176972,0.2320214826620324,0.11279580401693481,303,"tags=10%, list=1%, signal=10%",TBX18/TACR1/CAV1/TAC1/ANK2/CD36,0.3807304007227924
GO:0044771,meiotic cell cycle phase transition,13,0.8653116498482485,1.4907235189178063,0.013345871152674828,0.21963760305974017,0.10677545779483885,1811,"tags=54%, list=9%, signal=49%",KNL1/ZWINT/CDC20/NDC80/PKMYT1/TTK/CHFR,0.3807304007227924
GO:0032814,regulation of natural killer cell activation,34,0.7473315048440435,1.4906716001511569,0.009873336882005769,0.19047117430428664,0.09259637944386521,4385,"tags=56%, list=21%, signal=44%",FCGR3A/HAVCR2/ZNF683/IL18/RASGRP1/KLRD1/TYROBP/PTPN22/RBX1/DDA1/FGR/IL12RB1/PRDM1/AXL/MICA/DCAF15/ZBTB1/CLEC12A/IL12RB2,0.3807304007227924
GO:1904995,negative regulation of leukocyte adhesion to vascular endothelial cell,6,-0.9351609212434752,-1.4905269248955846,0.02755135444291489,0.303738804136892,0.14766073481940276,836,"tags=50%, list=4%, signal=48%",CCL21/KLF4/CXCL12,0.35248785758361917
GO:0050868,negative regulation of T cell activation,110,0.6206852671058257,1.4901347103805112,0.005939166034502777,0.1510960958965222,0.07345442941287175,2175,"tags=41%, list=11%, signal=37%",LAPTM5/LILRB4/IL4I1/TNFSF4/TIGIT/HLA-DRB1/PSMA7/HAVCR2/PSMA4/LAG3/RUNX1/CDKN2A/LGALS1/LGALS9/CD86/FOXP3/SMAD7/CD300A/CTLA4/PAG1/RUNX3/PSMA1/PSMB9/SPN/PTPN22/PSMB2/PSMB8/ZBTB7B/CSK/PSMA5/BTN2A2/ASCL2/CD274/PSMB3/GNRH1/LILRB1/PSMB4/SOCS1/LILRB2/PSMA3/GPNMB/PLA2G2D/LOXL3/IRF1/CBFB,0.40701791892395395
GO:1990859,cellular response to endothelin,9,-0.8910084685397557,-1.490048262473097,0.03180407215160174,0.32314851620624874,0.15709664589747016,1007,"tags=33%, list=5%, signal=32%",IRS2/KLF2/KLF4,0.3217759180753611
GO:0006007,glucose catabolic process,21,0.816295938391189,1.4900403308563062,0.010858879403022643,0.20176192585411473,0.09808530824652006,2475,"tags=52%, list=12%, signal=46%",GAPDH/ENO1/PKM/PGK1/TPI1/HK1/HK3/PFKL/FOXK2/ENO2/PFKP,0.3807304007227924
GO:0050927,positive regulation of positive chemotaxis,22,-0.7623367381130832,-1.4899164251863815,0.04502367532274995,0.38252444519624285,0.18596188532633084,952,"tags=23%, list=5%, signal=22%",SMAD3/S1PR1/NTRK3/VEGFD/CXCL12,0.3217759180753611
GO:0072103,glomerulus vasculature morphogenesis,6,-0.9346912405258377,-1.4897783138920238,0.02755135444291489,0.303738804136892,0.14766073481940276,1114,"tags=67%, list=5%, signal=63%",NOTCH2/PDGFRB/BMP4/PDGFRA,0.35248785758361917
GO:0072104,glomerular capillary formation,6,-0.9346912405258377,-1.4897783138920238,0.02755135444291489,0.303738804136892,0.14766073481940276,1114,"tags=67%, list=5%, signal=63%",NOTCH2/PDGFRB/BMP4/PDGFRA,0.35248785758361917
GO:0002443,leukocyte mediated immunity,347,0.5423215986766611,1.4892653188996525,5.84406351767329e-4,0.04477386475266103,0.021766536511096616,1798,"tags=25%, list=9%, signal=23%",FCGR3A/LILRB4/IL4I1/TREM2/HLA-A/HLA-B/B2M/TNFSF4/TIGIT/HLA-C/CLEC7A/HLA-DRA/ADORA3/HLA-DRB1/RSAD2/IL21R/ITGB2/FCER1G/HAVCR2/CALHM6/TUBB/C1QB/CD74/FCGR1A/LAG3/IL18/TREM1/IGHG3/GRB2/CADM1/LGALS9/WDR1/TGFB1/FOXP3/SMAD7/CD300A/SPI1/CARD9/KIF5B/CD2/VAMP8/RASGRP1/CD7/FADD/C1QC/IGHG4/KLRD1/C1QA/LYN/TYROBP/NOD2/ADGRE2/IL2RG/HLA-F/IGLC7/BST2/TFRC/IL2RB/CTSH/WAS/FCGR2A/SLAMF6/BATF/LAT2/CD226/MILR1/C2/PTPRC/STXBP2/SCIMP/IGHG2/ARRB2/CD84/TRAF2/CD274/CD55/LILRB1/ITGAM/VAV1/GZMB/NCKAP1L/MYO1G/CD8A/RAC2/NBN/IGHG1/FCGR2B,0.47727081536286214
GO:0002407,dendritic cell chemotaxis,22,0.7995265875798623,1.4890271793258867,0.008085944596929462,0.17165899007008006,0.08345095281497458,2253,"tags=55%, list=11%, signal=49%",SLAMF8/CXCR4/CALR/LGALS9/CCR5/SPI1/TRPM2/CCL5/CCR7/CCR1/C1QBP/GPR183,0.3807304007227924
GO:0002577,regulation of antigen processing and presentation,21,0.8156250101844928,1.4888156401037629,0.011263553028290399,0.20377018934069363,0.09906161307850185,2224,"tags=67%, list=11%, signal=59%",TREM2/CD74/CD68/SLC11A1/CTSS/NOD2/WAS/HLA-DOA/HLA-DOB/CCR7/FCGR2B/LILRB2/THBS1/CST7,0.3807304007227924
GO:1901031,regulation of response to reactive oxygen species,9,-0.8901797073599788,-1.4886623113856112,0.03180407215160174,0.32314851620624874,0.15709664589747016,1255,"tags=56%, list=6%, signal=52%",SESN1/SESN3/NFE2L2/FBLN5/CD36,0.3217759180753611
GO:0072177,mesonephric duct development,6,-0.9339501625705782,-1.4885971303965755,0.02755135444291489,0.303738804136892,0.14766073481940276,79,"tags=33%, list=0%, signal=33%",OSR1/GPC3,0.35248785758361917
GO:0031342,negative regulation of cell killing,32,0.7386803725677689,1.4885911052237264,0.022737587864810737,0.2788353270522154,0.13555406396998376,2056,"tags=47%, list=10%, signal=42%",HLA-A/HLA-B/TIGIT/HAVCR2/GRB2/LGALS9/TGFB1/KLRD1/HLA-F/PTPRC/ARRB2/LILRB1/NCKAP1L/FCGR2B/NECTIN4,0.35248785758361917
GO:0035136,forelimb morphogenesis,12,-0.8737160854334495,-1.488296013511124,0.021402207692820065,0.27266881506611607,0.1325562524334317,2038,"tags=50%, list=10%, signal=45%",CACNA1C/IFT122/OSR2/TBX3/TFAP2B/OSR1,0.35248785758361917
GO:0035751,regulation of lysosomal lumen pH,26,0.7721506334973783,1.4882477384863055,0.01897467171592711,0.25990145018674704,0.126349477223553,1577,"tags=38%, list=8%, signal=36%",GRN/ATP6V1F/ATP6AP2/ATP6AP1/ATP6V1A/SLC7A11/PPT1/ATP6V0B/LAMP2/TMEM165,0.35248785758361917
GO:0090049,regulation of cell migration involved in sprouting angiogenesis,40,-0.7066799210073795,-1.4881246777976551,0.0247480763273078,0.28989077608721264,0.14092860191519282,1018,"tags=35%, list=5%, signal=33%",ANXA1/PIK3C2A/NRP1/CARD10/GATA2/ABL1/PTGS2/FGF2/MMRN2/MMRN1/RHOJ/MEOX2/KLF4/TGFBR3,0.35248785758361917
GO:0035825,homologous recombination,63,0.6690621814725589,1.4876283078650927,0.013829296092703893,0.2233815466085365,0.10859555271853016,2111,"tags=19%, list=10%, signal=17%",TOP2A/BRIP1/RAD51AP1/BARD1/PSMC3IP/CENPS/TRIP13/RAD54L/RMI1/NBN/RAD21/CENPX,0.3807304007227924
GO:0002725,negative regulation of T cell cytokine production,10,0.9020981428751661,1.4869973336318354,0.006136589000652915,0.1532453099825625,0.07449925650413104,865,"tags=40%, list=4%, signal=38%",LILRB4/FOXP3/SMAD7/HLA-F,0.40701791892395395
GO:0050792,regulation of viral process,125,0.6088327645091741,1.4862800170961619,0.00473443038420579,0.13382985332576158,0.06506055273052494,2556,"tags=33%, list=13%, signal=29%",TOP2A/P4HB/ISG15/RSAD2/STAT1/OAS3/KPNA2/LAMP3/PABPC1/OAS1/TRIM14/LGALS1/LGALS9/ISG20/IL32/MX1/DYNLT1/OASL/OAS2/ADAR/IFIH1/CCL5/IFIT1/BST2/SMPD1/EIF2AK2/NOTCH1/APOBEC3H/N4BP1/UBP1/PPIH/TMEM250/TRIM62/SRPK1/TRIM21/APOBEC3G/FURIN/BSG/TNIP1/CSNK2B/SRPK2,0.40701791892395395
GO:0045061,thymic T cell selection,24,0.7649498979137159,1.4857251947421077,0.024137067183273825,0.2861808094394915,0.13912502465111992,2579,"tags=62%, list=13%, signal=55%",PSMA7/PSMA4/PSMA1/PSMB9/PSMB2/CD3G/PSMA5/PSMB3/PSMB4/CCR7/TOX/PSMA3/CD3E/ZAP70/CD3D,0.35248785758361917
GO:0035378,carbon dioxide transmembrane transport,4,-0.9987961429174328,-1.485613927709213,1.8447923948037773e-5,0.008575396886848333,0.004168875983028358,10,"tags=25%, list=0%, signal=25%",AQP1,0.5756102610711286
GO:0021670,lateral ventricle development,7,-0.9093001288855984,-1.4855959737254276,0.04041684294000999,0.3655589263760134,0.1777142036292025,144,"tags=29%, list=1%, signal=28%",ATP1B2/AQP1,0.3217759180753611
GO:0051293,establishment of spindle localization,50,0.70470823881647,1.4854334197051557,0.005643473596706678,0.1474838152222528,0.07169834157861481,2525,"tags=28%, list=12%, signal=25%",CFL1/NDC80/ITGB1/DYNLT1/SAPCD2/SPDL1/CENPA/NUSAP1/LLGL2/SKA1/SKA3/ZW10/NDE1/NLRP2,0.40701791892395395
GO:0140374,antiviral innate immune response,67,0.6585723465286794,1.4852193102911562,0.013014640989673964,0.2173096450532946,0.10564373545584675,2333,"tags=27%, list=11%, signal=24%",CXCL10/OAS3/OAS1/MX1/OASL/OAS2/IFIT2/IFIT3/IFIH1/IFIT1/ATAD3A/ZBP1/NMB/EIF2AK2/TRIM21/APOBEC3G/TRAF3IP3/USP18,0.3807304007227924
GO:0120254,olefinic compound metabolic process,134,-0.579628822350609,-1.4848261895515946,0.005286647027185232,0.14251189883548004,0.06928127527976741,1328,"tags=15%, list=6%, signal=14%",BMP6/PNPLA2/AKR1C1/CES2/CYP46A1/DAB2/DHRS3/ADM/ALDH1A2/AKR1C3/MGLL/PTGS2/PTGES/LIPE/PTGDS/EPHX1/ALDH1A1/EDNRB/EGR1/ADH1B,0.40701791892395395
GO:0043534,blood vessel endothelial cell migration,111,-0.5796375851831321,-1.4841287931811982,0.013464098838265142,0.2205457316746811,0.10721693888571808,1280,"tags=23%, list=6%, signal=22%",MEF2C/AKT3/PPARG/SOX18/ANXA1/PIK3C2A/ACVRL1/NFE2L2/NRP1/CARD10/CLEC14A/GATA2/ID1/ABL1/FGFR1/PTGS2/FGF2/MMRN2/MMRN1/RHOJ/EGR3/MEOX2/SLIT2/NR4A1/KLF4/TGFBR3,0.3807304007227924
GO:0045989,positive regulation of striated muscle contraction,10,0.9002563978495076,1.4839614445060079,0.006673116246799084,0.1591829968632098,0.07738582613561204,1004,"tags=30%, list=5%, signal=29%",GSTO1/TRPV4/HSP90AA1,0.40701791892395395
GO:0051987,positive regulation of attachment of spindle microtubules to kinetochore,11,0.8835309157932,1.483910655508085,0.008963689795883812,0.18104049978808634,0.08801171554864178,1166,"tags=45%, list=6%, signal=43%",BIRC5/CCNB1/CDCA8/INCENP/AURKB,0.3807304007227924
GO:0045063,T-helper 1 cell differentiation,36,0.734034587909767,1.4837394804470243,0.016361173471675282,0.24350331486820562,0.11837762549494563,1882,"tags=42%, list=9%, signal=38%",TNFSF4/PSMA7/LEF1/PSMA4/IL18/PSMA1/PSMB9/SPN/PSMB2/PSMB8/PSMA5/ASCL2/PSMB3/PSMB4/PSMA3,0.35248785758361917
GO:0000305,response to oxygen radical,21,-0.7681938610231943,-1.4836556481088183,0.04988500652092128,0.3880362249761678,0.18864140286370695,596,"tags=19%, list=3%, signal=19%",NFE2L2/SOD3/FBLN5/CD36,0.3217759180753611
GO:1905523,positive regulation of macrophage migration,26,0.7697251811795032,1.4835729072159685,0.020283249689113794,0.26836860996403583,0.13046573440742035,2864,"tags=42%, list=14%, signal=36%",TREM2/MMP14/TRPV4/C5AR1/CCL5/PTPRJ/CMKLR1/THBS1/CSF1R/AKIRIN1/C3AR1,0.35248785758361917
GO:1901987,regulation of cell cycle phase transition,412,0.5402511642057459,1.4834055338498302,1.5331681558414058e-4,0.024136894773238687,0.01173400161564057,2336,"tags=29%, list=11%, signal=26%",INHBA/UBE2C/BIRC5/CENPF/RRM2/KIF14/MAD2L1/ANLN/CHEK1/DLGAP5/CCNB1/PSMA7/CDK1/BUB1/KNL1/CENPE/MACROH2A1/ZWINT/EZH2/PLK1/BUB1B/PSMA4/SPC24/ACTB/ZC3H12D/BRIP1/CDC20/NDC80/PKMYT1/CDCA8/CDKN2A/CDKN2B/CLSPN/ATF5/AURKA/TGFB1/DTL/DYNLT1/ANAPC11/BUB3/GPR132/DYNLL1/H2AX/CDT1/LYN/DTX3L/E2F1/AIF1/INCENP/PKP3/CDC7/CDKN2D/DACT1/PSMA1/FBXO6/PSME2/BARD1/NEK6/NUF2/SMARCA4/STK38/PSMB2/AURKB/SPDL1/CDK2AP2/PSMA5/RFC4/TRIP13/CCNE2/PARP9/INTS7/TTK/PSMB3/DNA2/RFWD3/BRCC3/STIL/ZNF16/PSMB4/RRM1/LSM10/NSMCE2/BLM/AKT1/GEN1/NBN/UBE2E2/CHMP4C/TMSB4X/WDR76/PRKDC/RAD21/TIMELESS/SMARCB1/CHFR/CDK16/CDC6/PSMB6/SMARCC1/RRM2B/PSMA3/TIPRL/GPNMB/CDC45/CCNE1/SKA1/ACTL6A/BRCA2/ID2/CDK5/PSME3/MAD2L2/DYNLRB1/RHNO1/CDK7/EIF4G1/ANAPC15/SKA3/RFC2,0.5188480777437918
GO:0002477,antigen processing and presentation of exogenous peptide antigen via MHC class Ib,7,0.9525182912754938,1.4830076625951136,0.005465930620789365,0.1444744843631371,0.07023537405546798,865,"tags=71%, list=4%, signal=68%",HLA-A/HLA-B/B2M/HLA-C/HLA-F,0.40701791892395395
GO:0001819,positive regulation of cytokine production,439,0.5367813666093708,1.4826626225604782,1.0738612041741307e-4,0.01942734236262577,0.009444481935737653,3211,"tags=38%, list=16%, signal=33%",SULF1/FCGR3A/LAPTM5/GAPDH/TREM2/HLA-A/ISG15/B2M/CLEC5A/TNFSF4/TIGIT/CLEC7A/ADAM8/RSAD2/HPSE/STAT1/SLC7A5/HLA-DPB1/PSMA7/FCER1G/HAVCR2/CYBB/GBP5/CD74/FCGR1A/SPHK1/EPHB2/PSMA4/OAS3/AIM2/IL18/RUNX1/HLA-DPA1/KPNA2/HMOX1/OAS1/SLC11A1/SULF2/TRPV4/SEMA7A/CADM1/CARD11/IKBKE/LGALS9/CD86/IL32/TGFB1/OSM/HIF1A/TLR2/CD276/CARD9/TLR1/CD2/OAS2/CD7/FADD/C5AR1/NFAM1/CD58/TYROBP/NOD2/ATP6AP2/AIF1/IFIH1/CHI3L1/RIPK2/PANX1/HLA-F/PSMA1/CD4/PNP/PSMB9/IRAK1/SPN/C1QTNF3/HSP90AA1/PTPN22/CD6/CYBA/FCGR2A/SLAMF6/CASP8/BATF/NMB/PTPRJ/RAB1A/CD226/TLR7/LTB/PTPRC/PSMB2/IRF5/PSMB8/HK1/SCIMP/ZBTB7B/SERPINE1/PSMA5/CCDC88B/EIF2AK2/HMGB2/TRAF2/CD274/CD55/PSMB3/RBM47/IRF7/LILRB1/PSMB4/IL4R/CCR7/SORL1/GPR65/HILPDA/RAD21/FCGR2B/LILRB2/PSMA3/LY96/WNT5A/TRADD/CLEC4E/IRF1/THBS1/TRAF3IP3/P2RX7/IL1RAP/RIOK3/BSG/HYAL2/HSPB1/TLR3/POLR3D/ADAM10/DENND1B/POU2F2/NLRP2/CGAS/ATF4/FRMD8/IL1B/TICAM1/SYK/CSF1R/CD80/PYCARD/CRTAM/C3AR1/FGR/LACC1/HSPD1/TRIM16/AGER/EBI3/POLR3B/IL12RB1/TMED10/MALT1/AGPAT1/MMP12/PSMB1/RFTN1/STOML2/NRDC/MYD88/LAMTOR5,0.5384340963099162
GO:0008015,blood circulation,414,-0.5046436463556071,-1.4825413242774972,1.8893043940790285e-4,0.025214470610159627,0.012257858422002617,1454,"tags=16%, list=7%, signal=15%",SCPEP1/KL/BIN1/CYB5R3/DLL1/SCN1B/ASPH/BMP6/TJP1/ADCY6/PCSK5/PPARG/RAMP2/SHOX2/PDE1C/MME/PIK3C2A/SMAD3/SCN3A/TTN/SCNN1D/TRPC1/SCN9A/LRP5/CMA1/ACVRL1/ZEB2/TEK/CACNA1G/ITGA9/SCN4B/ADM/ELN/ADIPOQ/SERPING1/C2CD4B/ADRB2/ABL1/CPA3/PER2/OXTR/PTGS2/DMD/AGTR1/NPR1/SCARB1/TBX18/PDE2A/TACR1/CACNA1D/ADD3/HBB/SLIT2/KLF2/ATP1B2/CAV1/SCN7A/AKAP12/CLDN5/TAC1/NR2F2/EDNRB/CTSG/ANK2/SVEP1/GSN/CXCL12,0.5188480777437918
GO:0051591,response to cAMP,74,-0.6319354783845504,-1.4822875726117923,0.010698176138361824,0.20039035055688922,0.09741852542690645,1288,"tags=18%, list=6%, signal=17%",MMP19/INHBB/TAT/AHR/CDO1/ZFP36L1/PER1/PDE2A/FOS/RAPGEF3/DUSP1/FOSB/AQP1,0.3807304007227924
GO:0000281,mitotic cytokinesis,103,0.626771511104402,1.4821188702744206,0.007941463702696928,0.17148927321924587,0.08336844602109743,1774,"tags=28%, list=9%, signal=26%",CFL1/BIRC5/KIF23/ANLN/CEP55/PLK1/STMN1/IQGAP3/CDCA8/ECT2/KIF4A/KIF20A/RHOA/NUP62/INCENP/ARF6/CKAP2/CIT/CHMP4B/AURKB/MYH14/UNC119/JTB/IQGAP1/RTKN/SEPTIN6/CENPA/CHMP4C/NUSAP1,0.3807304007227924
GO:0043370,"regulation of CD4-positive, alpha-beta T cell differentiation",51,0.6874821422573452,1.4819424735457651,0.019027301843913675,0.25990145018674704,0.126349477223553,2175,"tags=37%, list=11%, signal=33%",TNFSF4/HLA-DRA/HLA-DRB1/IL18/RUNX1/LGALS1/CD86/FOXP3/SMAD7/RUNX3/BATF/ZBTB7B/ASCL2/NCKAP1L/SOCS1/GPR65/LOXL3/NFKBID/CBFB,0.35248785758361917
GO:0090267,positive regulation of mitotic cell cycle spindle assembly checkpoint,19,0.8083491013838987,1.4806151616999306,0.02216376861270195,0.27620382822303713,0.13427477714360334,2202,"tags=53%, list=11%, signal=47%",BIRC5/MAD2L1/NDC80/CDCA8/DYNLT1/DYNLL1/INCENP/AURKB/GEN1/DYNLRB1,0.35248785758361917
GO:1903018,regulation of glycoprotein metabolic process,39,-0.7009141119010905,-1.4803228226614602,0.0358602962604661,0.34630921928405045,0.16835607797800495,937,"tags=23%, list=5%, signal=22%",CST3/CCL21/PLCB1/RECK/MEST/ITM2A/TCF7L2/IL33/IGF1,0.3217759180753611
GO:0034440,lipid oxidation,97,-0.6004413612864666,-1.480201982577594,0.01062577761249849,0.19977934305623607,0.09712148792199173,1596,"tags=18%, list=8%, signal=16%",ETFBKMT/CYGB/TWIST1/ADH5/LONP2/APPL2/IRS1/IRS2/ACADVL/CPT1A/BDH2/ADIPOQ/ACOX2/ECHDC2/ACACB/PDK4/APOD,0.3807304007227924
GO:0045639,positive regulation of myeloid cell differentiation,85,0.6349659709096211,1.4800344903210094,0.007585549517487746,0.16785117057942509,0.08159980499852255,1767,"tags=27%, list=9%, signal=25%",INHBA/TREM2/ISG15/HLA-DRB1/STAT1/CD74/LEF1/RUNX1/TGFB1/HIF1A/FADD/TYROBP/CD4/SCIN/CASP8/HMGB2/CORO1C/ZNF16/NCKAP1L/EVI2B/CCR1/PRKDC/HCLS1,0.40701791892395395
GO:0002323,natural killer cell activation involved in immune response,12,0.8803041985590888,1.479949354505465,0.008511082164139962,0.1754144807550973,0.08527666130728544,865,"tags=17%, list=4%, signal=16%",FCGR3A/HLA-F,0.3807304007227924
GO:0009145,purine nucleoside triphosphate biosynthetic process,101,0.6265490212363989,1.4796020184651018,0.006941760218087292,0.16200297434716182,0.07875674069043084,4853,"tags=53%, list=24%, signal=41%",TREM2/ENO1/ATP5F1E/ATP5MC3/NME1/VCP/TGFB1/SDHB/MAP2K1/NDUFS5/ATP5MF/NDUFS8/NDUFS6/NDUFA7/NDUFA1/NDUFB9/ATP5F1C/TMSB4X/VPS9D1/NDUFB2/DNAJC30/NDUFA6/SDHA/IMPDH1/NDUFB11/NDUFB3/NDUFAB1/NDUFC2/ATP5PD/ATP5F1B/NUDT2/ATP5MC1/STOML2/NDUFS3/NDUFV2/ATP5F1D/NDUFB5/UQCC3/NDUFA9/SLC25A13/NDUFB4/NME4/NME6/NDUFB8/NDUFA3/NDUFA12/NDUFS7/ATP5MGL/NDUFS2/ATP5MG/ATP5IF1/PARP1/NDUFA2/ATP5F1A,0.40701791892395395
GO:0009206,purine ribonucleoside triphosphate biosynthetic process,101,0.6265490212363989,1.4796020184651018,0.006941760218087292,0.16200297434716182,0.07875674069043084,4853,"tags=53%, list=24%, signal=41%",TREM2/ENO1/ATP5F1E/ATP5MC3/NME1/VCP/TGFB1/SDHB/MAP2K1/NDUFS5/ATP5MF/NDUFS8/NDUFS6/NDUFA7/NDUFA1/NDUFB9/ATP5F1C/TMSB4X/VPS9D1/NDUFB2/DNAJC30/NDUFA6/SDHA/IMPDH1/NDUFB11/NDUFB3/NDUFAB1/NDUFC2/ATP5PD/ATP5F1B/NUDT2/ATP5MC1/STOML2/NDUFS3/NDUFV2/ATP5F1D/NDUFB5/UQCC3/NDUFA9/SLC25A13/NDUFB4/NME4/NME6/NDUFB8/NDUFA3/NDUFA12/NDUFS7/ATP5MGL/NDUFS2/ATP5MG/ATP5IF1/PARP1/NDUFA2/ATP5F1A,0.40701791892395395
GO:0098883,synapse pruning,21,0.8101982665784264,1.4789098370022649,0.012612466274953358,0.21381848024636918,0.10394652734893027,1535,"tags=43%, list=8%, signal=40%",TREM2/C1QB/ITGB1/C1QC/C1QA/CASP3/XKR8/PLXNC1/ITGAM,0.3807304007227924
GO:0071798,response to prostaglandin D,6,-0.9276104121209042,-1.4784923788744602,0.032019029222230884,0.32314851620624874,0.15709664589747016,431,"tags=33%, list=2%, signal=33%",AKR1C3/PTGFR,0.3217759180753611
GO:0071799,cellular response to prostaglandin D stimulus,6,-0.9276104121209042,-1.4784923788744602,0.032019029222230884,0.32314851620624874,0.15709664589747016,431,"tags=33%, list=2%, signal=33%",AKR1C3/PTGFR,0.3217759180753611
GO:0008209,androgen metabolic process,20,0.7928480733736061,1.4779567218520306,0.017934321133914986,0.2536107583226068,0.12329129640987357,2319,"tags=25%, list=11%, signal=22%",SPP1/HSD17B6/SRD5A1/SRD5A3/HSD17B10,0.35248785758361917
GO:0010799,regulation of peptidyl-threonine phosphorylation,13,0.8575255883985479,1.4773100107039234,0.017666095180118916,0.2529037986096769,0.12294761233237947,1093,"tags=15%, list=5%, signal=15%",CEMIP/UBE2K,0.35248785758361917
GO:0050863,regulation of T cell activation,315,0.5475828475012073,1.4769464578378406,7.179327273100699e-4,0.04995461823103657,0.02428512766611524,3156,"tags=43%, list=15%, signal=37%",LAPTM5/LILRB4/IL4I1/HLA-A/B2M/TNFSF4/TIGIT/HLA-DRA/HLA-DQB1/HLA-DRB1/ADAM8/HLA-DPB1/PSMA7/HAVCR2/HLA-DQA1/ZNF683/LEF1/PSMA4/THY1/LAG3/ACTB/IL18/RUNX1/HLA-DPA1/DUSP10/CDKN2A/HLA-DMB/LGALS1/CARD11/CD24/LGALS9/CD86/ICOS/TGFB1/FOXP3/SMAD7/CD276/RHOA/CD300A/CD2/IL2RA/RASGRP1/FADD/CTLA4/LYN/NOD2/PAG1/AIF1/RUNX3/IL2RG/CCL5/PSMA1/CD4/PNP/PSMB9/TFRC/SPN/PTPN22/SMARCA4/CD6/BATF/SIRPG/HLA-DOA/PTPRC/PSMB2/PSMB8/SOX4/ZBTB7B/CSK/PSMA5/BTN2A2/CCDC88B/ASCL2/CD274/CD55/SIT1/PSMB3/GNRH1/HLA-DOB/LILRB1/PSMB4/LCK/VNN1/CCR7/VAV1/HLA-DMA/AKT1/TOX/NCKAP1L/SOCS1/GPR65/RAC2/PRELID1/SMARCB1/LILRB2/SMARCC1/PSMA3/GPNMB/ACTL6A/PLA2G2D/FCHO1/LOXL3/CD3E/NFKBID/IRF1/FANCA/CBFB/YWHAG/TWSG1/ZAP70/HLA-DQA2/TMEM131L/CD70/RHOH/CAMK4/SLC4A2/SRC/IL1B/RIPK3/CD80/PYCARD/CRTAM/PDCD1/PTPN6/HSPH1/HSPD1/HLA-DQB2/AGER/EBI3/IL12RB1/MALT1/CBL/PSMB1/STAT5A/LAX1,0.47727081536286214
GO:0006302,double-strand break repair,306,0.5472812381337174,1.476724937498764,0.0011321785019216487,0.06310362907356896,0.0306774376927313,4918,"tags=40%, list=24%, signal=31%",CDCA5/CHEK1/ACTR2/PLK1/ACTB/BRIP1/FOXM1/RAD51AP1/PSMD14/FEN1/VCP/CIB1/MCM2/RMI2/PPP4C/XRCC4/MCM4/H2AX/DTX3L/GINS4/CDC7/RECQL4/SMC6/WAS/SMARCA4/POLQ/NSD2/DCLRE1B/RPA3/DEK/HMGB2/TRIP13/PARP9/DNA2/RAD54L/RFWD3/BRCC3/RECQL/RMI1/MCM7/NSMCE2/BLM/MCM6/GEN1/NBN/PRKDC/RAD21/UBE2V2/TIMELESS/SMARCB1/VPS72/SMARCC1/C1QBP/TDP1/CDC45/HELLS/ACTL6A/POLB/BRCA2/AP5S1/MRGBP/SIRT6/MAD2L2/XRCC2/RHNO1/TDP2/PML/SHLD1/TOP3A/GINS2/CGAS/KDM2A/RAD51/NABP2/SMARCAL1/HSF1/ACTR5/BABAM1/POT1/AGER/MCM9/MCM3/DCLRE1C/MCM5/ACTR8/RNF138/PRPF19/RUVBL1/POLN/PRMT1/MAGEF1/SMCHD1/BRCA1/ZGRF1/PPP4R3A/MGMT/SKP2/PARPBP/DDX1/MORF4L1/ATM/HUS1/HELB/HMGB1/MORF4L2/NABP1/CHEK2/NSMCE3/BCL7B/FBH1/NUDT16L1/WRAP53/FANCB/XRCC6/POLM/ZNF365/PNKP/MEAF6/PARP1/PPP4R2/TFIP11/LIG4/RNF126,0.45505986738722953
GO:0032945,negative regulation of mononuclear cell proliferation,62,0.6741445552327787,1.4765436238712937,0.012480700727382806,0.21381848024636918,0.10394652734893027,2788,"tags=50%, list=14%, signal=43%",LAPTM5/LILRB4/IL4I1/HLA-DRB1/HAVCR2/SOX11/CDKN2A/LGALS9/CD86/FOXP3/CD300A/CTLA4/LYN/TYROBP/MNDA/SPN/LST1/ZBTB7B/BTN2A2/CD274/GNRH1/LILRB1/FCGR2B/LILRB2/GPNMB/PLA2G2D/TWSG1/TMEM131L/SLC4A2/CD80/CRTAM,0.3807304007227924
GO:0050672,negative regulation of lymphocyte proliferation,62,0.6741445552327787,1.4765436238712937,0.012480700727382806,0.21381848024636918,0.10394652734893027,2788,"tags=50%, list=14%, signal=43%",LAPTM5/LILRB4/IL4I1/HLA-DRB1/HAVCR2/SOX11/CDKN2A/LGALS9/CD86/FOXP3/CD300A/CTLA4/LYN/TYROBP/MNDA/SPN/LST1/ZBTB7B/BTN2A2/CD274/GNRH1/LILRB1/FCGR2B/LILRB2/GPNMB/PLA2G2D/TWSG1/TMEM131L/SLC4A2/CD80/CRTAM,0.3807304007227924
GO:0007042,lysosomal lumen acidification,20,0.792071726455599,1.4765095251134734,0.019282741812008876,0.2616346684859404,0.12719207054444456,1545,"tags=40%, list=8%, signal=37%",GRN/ATP6V1F/ATP6AP2/ATP6AP1/ATP6V1A/PPT1/ATP6V0B/LAMP2,0.35248785758361917
GO:0030326,embryonic limb morphogenesis,41,-0.6981984263950071,-1.4764995972507842,0.02167686222050742,0.27359896951496265,0.1330084412467857,2145,"tags=41%, list=10%, signal=37%",ECE1/TBX2/CACNA1C/SMAD4/GLI3/IFT122/TWIST1/MEGF8/OSR2/MSX1/INTU/TBX3/CREBBP/AFF3/MAP3K20/ZBTB16/OSR1,0.35248785758361917
GO:0035113,embryonic appendage morphogenesis,41,-0.6981984263950071,-1.4764995972507842,0.02167686222050742,0.27359896951496265,0.1330084412467857,2145,"tags=41%, list=10%, signal=37%",ECE1/TBX2/CACNA1C/SMAD4/GLI3/IFT122/TWIST1/MEGF8/OSR2/MSX1/INTU/TBX3/CREBBP/AFF3/MAP3K20/ZBTB16/OSR1,0.35248785758361917
GO:1901379,regulation of potassium ion transmembrane transport,53,-0.6621467883441174,-1.4762957322296821,0.023699294828851327,0.2833127154209672,0.1377307185415997,194,"tags=9%, list=1%, signal=9%",CACNA1D/ATP1B2/CAV1/FHL1/ANK2,0.35248785758361917
GO:0022029,telencephalon cell migration,35,-0.7161233143230551,-1.4762613417048203,0.031265037574953435,0.32259654106171853,0.15682830660616695,834,"tags=20%, list=4%, signal=19%",LAMB1/SYNE2/SUN1/RELN/LHX6/SLIT2/CXCL12,0.3217759180753611
GO:0042117,monocyte activation,13,0.8566841311746826,1.4758603826144376,0.017927810357183976,0.2536107583226068,0.12329129640987357,47,"tags=15%, list=0%, signal=15%",FN1/LILRB4,0.35248785758361917
GO:0002437,inflammatory response to antigenic stimulus,52,0.691968785426877,1.4756496548997486,0.017507178881187534,0.2529037986096769,0.12294761233237947,2871,"tags=52%, list=14%, signal=45%",FCGR3A/TREM2/HLA-DRB1/FCGR1A/CD68/IL2RA/RHBDF2/LYN/PSMA1/HCK/SELENOS/CD6/FCGR2A/HMGB2/PSMB4/CCR7/IGHG1/FCGR2B/PLCG1/GNAS/PLA2G2D/KARS1/FUT7/FURIN/SRC/SYK/FGR,0.35248785758361917
GO:0046073,dTMP metabolic process,10,0.8951309768337593,1.4755128212111333,0.00839335789755172,0.1743293704623725,0.08474914167198845,783,"tags=40%, list=4%, signal=38%",TYMP/TK1/TYMS/UPP1,0.3807304007227924
GO:0002484,antigen processing and presentation of endogenous peptide antigen via MHC class I via ER pathway,13,0.8564418187510816,1.4754429366816904,0.017927810357183976,0.2536107583226068,0.12329129640987357,865,"tags=31%, list=4%, signal=29%",HLA-A/HLA-B/HLA-C/HLA-F,0.35248785758361917
GO:0002486,"antigen processing and presentation of endogenous peptide antigen via MHC class I via ER pathway, TAP-independent",13,0.8564418187510816,1.4754429366816904,0.017927810357183976,0.2536107583226068,0.12329129640987357,865,"tags=31%, list=4%, signal=29%",HLA-A/HLA-B/HLA-C/HLA-F,0.35248785758361917
GO:0033033,negative regulation of myeloid cell apoptotic process,8,0.920717035886684,1.4746310471614166,0.007083163584788672,0.16200297434716182,0.07875674069043084,1476,"tags=62%, list=7%, signal=58%",CCR5/NOD2/CCL5/SELENOS/IRF7,0.40701791892395395
GO:0031620,regulation of fever generation,8,-0.9010939380352909,-1.4735724088037376,0.039754384378717554,0.36364094744622427,0.17678179007425499,687,"tags=50%, list=3%, signal=48%",PTGER3/PTGS2/PTGES/EDNRB,0.3217759180753611
GO:0038001,paracrine signaling,7,-0.9016671257066299,-1.473125329072593,0.04984339866029463,0.3880362249761678,0.18864140286370695,807,"tags=57%, list=4%, signal=55%",IL6/FGF2/CD34/IL6ST,0.3217759180753611
GO:0003205,cardiac chamber development,103,-0.5961185511592971,-1.472688727722408,0.007608043476699159,0.16785117057942509,0.08159980499852255,1892,"tags=27%, list=9%, signal=25%",FHL2/JAG1/TBX1/HAND2/SMAD4/BMPR1A/MDM4/PARVA/NPHP3/ENG/HECTD1/KCNK2/WNT11/MEF2C/PROX1/SHOX2/NOTCH2/CITED2/TEK/NRP1/TGFBR2/BMP4/PDE2A/SLIT2/SLIT3/ANK2/CPE/TGFBR3,0.40701791892395395
GO:0045621,positive regulation of lymphocyte differentiation,109,0.618292538079361,1.4725719658878613,0.008116441569203024,0.17165899007008006,0.08345095281497458,2175,"tags=33%, list=11%, signal=30%",LILRB4/IL4I1/TNFSF4/HLA-DRA/HLA-DRB1/ADAM8/MMP14/LEF1/ACTB/IL18/RUNX1/DUSP10/CD86/TGFB1/FOXP3/RHOA/SPI1/IL2RA/RASGRP1/RUNX3/IL2RG/PNP/SMARCA4/SOX4/ZBTB7B/VNN1/NCKAP1L/SOCS1/GPR65/PRKDC/SMARCB1/LILRB2/SMARCC1/ACTL6A/NFKBID/CBFB,0.3807304007227924
GO:2000096,"positive regulation of Wnt signaling pathway, planar cell polarity pathway",6,-0.9238762174122481,-1.4725405500184663,0.03499748644959389,0.34121501459418424,0.16587956197945292,893,"tags=50%, list=4%, signal=48%",DAB2/PLEKHA4/RSPO3,0.3217759180753611
GO:0007076,mitotic chromosome condensation,19,0.8039010659328997,1.4724679036436612,0.026410671610095787,0.29820981633535343,0.14497285170910132,2335,"tags=47%, list=11%, signal=42%",SMC4/NCAPG/PLK1/NCAPH/NCAPD2/SMC2/NCAPG2/NUSAP1/NCAPD3,0.35248785758361917
GO:0042297,vocal learning,6,-0.9235404103943836,-1.4720053165732638,0.03499748644959389,0.34121501459418424,0.16587956197945292,451,"tags=33%, list=2%, signal=33%",SHANK3/NRXN2,0.3217759180753611
GO:0098596,imitative learning,6,-0.9235404103943836,-1.4720053165732638,0.03499748644959389,0.34121501459418424,0.16587956197945292,451,"tags=33%, list=2%, signal=33%",SHANK3/NRXN2,0.3217759180753611
GO:0098597,observational learning,6,-0.9235404103943836,-1.4720053165732638,0.03499748644959389,0.34121501459418424,0.16587956197945292,451,"tags=33%, list=2%, signal=33%",SHANK3/NRXN2,0.3217759180753611
GO:0002460,adaptive immune response based on somatic recombination of immune receptors built from immunoglobulin superfamily domains,305,0.5490090584913498,1.4712494866985182,5.542823130164357e-4,0.044472423196496816,0.021619992569123857,1882,"tags=26%, list=9%, signal=24%",FCGR3A/CXCL13/LILRB4/IL4I1/TREM2/HLA-A/HLA-B/B2M/TNFSF4/HLA-C/CLEC7A/HLA-DRA/HLA-DRB1/RSAD2/IL21R/PSMA7/FCER1G/HAVCR2/C1QB/CD74/FCGR1A/LEF1/EPHB2/PSMA4/LAG3/IL18/IGHG3/SLC11A1/LGALS1/LGALS9/TGFB1/FOXP3/SMAD7/CARD9/CD7/FADD/C1QC/IGHG4/KLRD1/C1QA/IL2RG/HLA-F/PSMA1/CD4/IGLC7/PSMB9/TFRC/IL2RB/SPN/CTSH/WAS/FCGR2A/SLAMF6/BATF/CD226/C2/PTPRC/PSMB2/ENTPD7/PSMB8/TNFAIP3/IGHG2/PSMA5/NOTCH1/TRAF2/ASCL2/CD274/CD55/PSMB3/LILRB1/PSMB4/KLHL6/NCKAP1L/MYO1G/CD8A/NBN/IGHG1/FCGR2B/C1QBP/PSMA3,0.47727081536286214
GO:0002768,immune response-regulating cell surface receptor signaling pathway,344,0.5424049784768503,1.471208479838312,4.5560552637421937e-4,0.04031613685013609,0.019599439753136348,3208,"tags=39%, list=16%, signal=34%",FCGR3A/LAPTM5/LILRB4/TREM2/HLA-A/PLPP4/CLEC7A/HLA-DQB1/HLA-DRB1/HLA-DPB1/FCER1G/ZNF683/S100A14/FYB1/FCGR1A/FPR3/THY1/LAG3/MICB/TRAC/IGHG3/OAS1/GRB2/CARD11/CD24/CD86/EZR/TLR2/CD276/CD300A/LAIR1/GBP1/TLR1/THEMIS2/BAX/C5AR1/NFAM1/IGHG4/KCNN4/KLRD1/CTLA4/TRBC1/LIMK1/LYN/TYROBP/PRKCD/RAB29/CD247/RIPK2/LILRB3/CD4/HCK/IGLC7/MNDA/NMI/PIK3AP1/IRAK1/FPR1/LCP2/PTPN22/CYBA/TNIP2/FCGR2A/LAT2/TRBC2/PTPRJ/CD226/PTPRC/LPXN/CD3G/SCIMP/TNFAIP3/CSK/IGHG2/BTN2A2/CD274/CD38/LILRB1/ITGAM/LCK/WDFY1/CCR7/VAV1/AKT1/KLHL6/NCKAP1L/MYO1G/CD8A/IGHG1/FCGR2B/PAK1/LILRB2/PLCG1/LY96/UBASH3A/CMKLR1/CD72/IFI35/FCHO1/CD3E/NFKBID/BCAR1/RAP1A/ZAP70/WNK1/ITPRIPL1/DENND1B/BANK1/CD3D/TNIP3/SPG21/PRKCB/MS4A1/SRC/TICAM1/SYK/CD80/DGKZ/EIF2B2/SLA2/PDCD1/PTPN6/C3AR1/FGR/BTN3A3/IRAK2/MFHAS1/MALT1/CBL/RFTN1/STOML2/LAX1/PLSCR1/INPP5D/MYD88,0.49849310876659025
GO:0006921,cellular component disassembly involved in execution phase of apoptosis,25,0.7712906049817138,1.470593150284508,0.01927442956294018,0.2616346684859404,0.12719207054444456,805,"tags=20%, list=4%, signal=19%",TOP2A/DNASE2/NME1/BAX/CASP3,0.35248785758361917
GO:1990314,cellular response to insulin-like growth factor stimulus,11,0.8754519149932901,1.470341786373402,0.011353967960603705,0.204045591980739,0.09919549836298454,525,"tags=27%, list=3%, signal=27%",CFL1/CCNA2/TGFB1,0.3807304007227924
GO:1903286,regulation of potassium ion import,6,-0.9214665531424463,-1.4686998533078697,0.03946518001336728,0.3626172658960034,0.17628413364093817,144,"tags=33%, list=1%, signal=33%",ATP1B2/ANK2,0.3217759180753611
GO:0002397,MHC class I protein complex assembly,6,0.9688251485040705,1.468566375864542,0.0015225307242077112,0.07248492763611097,0.03523809777447984,459,"tags=83%, list=2%, signal=81%",HLA-A/B2M/TAPBP/PDIA3/CALR,0.45505986738722953
GO:0002502,peptide antigen assembly with MHC class I protein complex,6,0.9688251485040705,1.468566375864542,0.0015225307242077112,0.07248492763611097,0.03523809777447984,459,"tags=83%, list=2%, signal=81%",HLA-A/B2M/TAPBP/PDIA3/CALR,0.45505986738722953
GO:0006754,ATP biosynthetic process,92,0.6328625419271448,1.4680664233448009,0.006982122183104536,0.16200297434716182,0.07875674069043084,4853,"tags=54%, list=24%, signal=42%",TREM2/ENO1/ATP5F1E/ATP5MC3/VCP/TGFB1/SDHB/MAP2K1/NDUFS5/ATP5MF/NDUFS8/NDUFS6/NDUFA7/NDUFA1/NDUFB9/ATP5F1C/TMSB4X/VPS9D1/NDUFB2/DNAJC30/NDUFA6/SDHA/NDUFB11/NDUFB3/NDUFAB1/NDUFC2/ATP5PD/ATP5F1B/NUDT2/ATP5MC1/STOML2/NDUFS3/NDUFV2/ATP5F1D/NDUFB5/UQCC3/NDUFA9/SLC25A13/NDUFB4/NDUFB8/NDUFA3/NDUFA12/NDUFS7/ATP5MGL/NDUFS2/ATP5MG/ATP5IF1/PARP1/NDUFA2/ATP5F1A,0.40701791892395395
GO:0001823,mesonephros development,69,-0.6207175706877779,-1.4678480645561511,0.03352391344654081,0.33445855314741263,0.1625949501734499,1286,"tags=25%, list=6%, signal=23%",WNT11/SMO/OSR2/SMAD5/PKD1/TMEM59L/SMAD3/CAT/MYC/BMP4/FGF2/SLIT2/ZBTB16/OSR1/FGF10/SFRP1/GPC3,0.3217759180753611
GO:0140894,endolysosomal toll-like receptor signaling pathway,49,0.6875983250638973,1.4676472666677214,0.01661593307158127,0.24505491147779554,0.11913192455846626,3208,"tags=55%, list=16%, signal=47%",MSR1/RSAD2/HAVCR2/OAS1/LYN/PIK3AP1/IRAK1/ADCY7/PPT1/PTPN22/TNIP2/TLR7/IRF5/IRF2/SCIMP/TNFAIP3/WDFY1/UBQLN1/IRF1/TLR3/UNC93B1/SRC/TICAM1/SYK/SLC15A4/RFTN1/MYD88,0.35248785758361917
GO:0006221,pyrimidine nucleotide biosynthetic process,31,0.729416574803,1.4675916541735559,0.03607504759187011,0.34755853543836046,0.16896342527395344,2641,"tags=29%, list=13%, signal=25%",TK1/TYMS/NME1/CMPK2/DCK/UPP1/CTPS1/DTYMK/UCK2,0.3217759180753611
GO:0009225,nucleotide-sugar metabolic process,40,0.702357810751565,1.4672404596473356,0.025699352156620954,0.29425938946139407,0.1430523761981875,3615,"tags=50%, list=18%, signal=41%",NAGK/GMDS/GNPNAT1/HK1/FUOM/SLC35C1/NANS/CMAS/UGDH/UGGT1/NANP/FUT8/GUK1/UAP1L1/PGM3/GMPPA/PARG/ENTPD5/FPGT/GFPT1,0.35248785758361917
GO:2000121,regulation of removal of superoxide radicals,6,-0.9201015390551416,-1.4665241954036834,0.040458001801349716,0.3655589263760134,0.1777142036292025,596,"tags=50%, list=3%, signal=49%",NFE2L2/FBLN5/CD36,0.3217759180753611
GO:0048662,negative regulation of smooth muscle cell proliferation,44,-0.6659227063346416,-1.4664266695286692,0.03815289339989141,0.36005236482004016,0.17503722289901955,523,"tags=16%, list=3%, signal=16%",ADIPOQ/BMP4/NPR1/RGS5/KLF4/OGN/APOD,0.3217759180753611
GO:0006213,pyrimidine nucleoside metabolic process,12,0.8721444605430687,1.466231370393258,0.010310136525310869,0.19599027140113434,0.09527945424945665,783,"tags=25%, list=4%, signal=24%",TYMP/TK1/UPP1,0.3807304007227924
GO:0090200,positive regulation of release of cytochrome c from mitochondria,23,0.7766176304894884,1.4661873367647316,0.017386015176651393,0.25274919563056963,0.12287245305345519,2975,"tags=39%, list=15%, signal=33%",MMP9/PLAUR/PMAIP1/BAX/BID/GZMK/BAK1/PYCARD/MLLT11,0.35248785758361917
GO:0034502,protein localization to chromosome,101,0.6208658360138335,1.4661811175593351,0.008181266201595757,0.17165899007008006,0.08345095281497458,3762,"tags=34%, list=18%, signal=28%",CDK1/KNL1/LEF1/MACROH2A1/PLK1/VCP/SPI1/XRCC4/BUB3/H2AX/AURKB/SPDL1/TTK/NBN/CENPA/RAD21/H4C3/SIRT6/RHNO1/VCPIP1/PML/ZW10/VRK1/H4C8/MCM9/ZWILCH/RNF4/JAK2/MTBP/MSL2/TPP1/RCC2/BRD2/H2AC8,0.3807304007227924
GO:2000515,"negative regulation of CD4-positive, alpha-beta T cell activation",27,0.7476048015606753,1.4661433701418645,0.03646170013945117,0.35004092079631133,0.17017022151160094,2358,"tags=44%, list=12%, signal=39%",TNFSF4/RUNX1/LGALS1/LGALS9/FOXP3/SMAD7/RUNX3/ASCL2/CD274/LOXL3/CBFB/TWSG1,0.3217759180753611
GO:0045598,regulation of fat cell differentiation,100,-0.5902440445288788,-1.465825530327292,0.015995117372061864,0.23975336381923523,0.11655461006232347,1205,"tags=20%, list=6%, signal=19%",PPARG/LPL/WDFY2/MEDAG/SMAD3/IL6/WWTR1/LRP5/SOX13/AXIN2/ADIPOQ/FRZB/ZFP36L1/PTGS2/ZFP36L2/ZBTB16/ZFP36/SFRP1/ADIRF/RUNX1T1,0.35248785758361917
GO:0070670,response to interleukin-4,25,0.7685048653377694,1.4652816767459995,0.02033782994866877,0.26836860996403583,0.13046573440742035,1540,"tags=32%, list=8%, signal=30%",LEF1/CCL11/RUFY4/PARP14/IL2RG/PTPRC/CD300LF/IL4R,0.35248785758361917
GO:0070252,actin-mediated cell contraction,102,-0.5900535923589889,-1.464786884178424,0.015019693079829392,0.2320214826620324,0.11279580401693481,1587,"tags=19%, list=8%, signal=17%",GPD1L/PARVA/NOS1AP/EMP2/BIN1/SCN1B/LIMCH1/SCN3A/TTN/SCN9A/ZEB2/CACNA1G/SCN4B/ADRB2/CACNA1D/CAV1/SCN7A/ANK2/GSN,0.3807304007227924
GO:0071459,"protein localization to chromosome, centromeric region",27,0.7467297590793454,1.4644273060797877,0.037542027336589436,0.35662735653112554,0.17337217637280838,4054,"tags=56%, list=20%, signal=45%",CDK1/KNL1/BUB3/AURKB/SPDL1/TTK/CENPA/H4C3/ZW10/H4C8/ZWILCH/MTBP/RCC2/H2AC8/KNTC1,0.3217759180753611
GO:0001963,"synaptic transmission, dopaminergic",17,0.8138262410506726,1.4643029574844273,0.03953457346548785,0.3626172658960034,0.17628413364093817,2425,"tags=29%, list=12%, signal=26%",ARRB2/DRD4/RASD2/RAB3B/TOR1A,0.3217759180753611
GO:0021885,forebrain cell migration,36,-0.7107669893235655,-1.463853647262159,0.04889970650439203,0.3853751313187372,0.18734772869521854,834,"tags=19%, list=4%, signal=19%",LAMB1/SYNE2/SUN1/RELN/LHX6/SLIT2/CXCL12,0.3217759180753611
GO:0022616,DNA strand elongation,37,0.7197183584362605,1.463798851697589,0.01190040941852379,0.20928195174103797,0.10174112216690269,3912,"tags=57%, list=19%, signal=46%",PCNA/MCM4/TFPT/GINS1/MCRS1/DCLRE1B/RFC4/DNA2/MCM7/POLE3/NBN/ACTL6A/INO80C/UCHL5/ACTR5/POT1/MCM3/ACTR8/RUVBL1/RFC3/LIG1,0.3807304007227924
GO:0051639,actin filament network formation,13,0.8492748040298788,1.4630958968525134,0.02133011292481735,0.2721762528541348,0.132316796370608,1220,"tags=31%, list=6%, signal=29%",LIMS1/ACTN1/LCP1/CARMIL2,0.35248785758361917
GO:0034975,protein folding in endoplasmic reticulum,12,0.8697390325766426,1.462187414256222,0.010863692803349576,0.20176192585411473,0.09808530824652006,1268,"tags=50%, list=6%, signal=47%",P4HB/PDIA3/CALR/HSPA5/CANX/ERO1A,0.3807304007227924
GO:0032278,positive regulation of gonadotropin secretion,8,0.9128333713377188,1.4620044788932254,0.010202280760527684,0.1949689381959058,0.0947829394494855,8,"tags=12%, list=0%, signal=13%",INHBA,0.3807304007227924
GO:0050890,cognition,199,-0.5362511788950127,-1.4619430258661312,0.00759513982815062,0.16785117057942509,0.08159980499852255,1426,"tags=19%, list=7%, signal=17%",MECP2/KCNK2/PGRMC1/MEF2C/CAMK2N1/TUSC3/SHROOM4/PJA2/NTRK1/MME/TSC1/MAP1A/DLG4/CIC/SOBP/CLSTN2/NTRK2/MAPT/PLCB1/KAT2A/PTN/ABL1/SHANK3/RELN/EGFR/ADCY3/FAM107A/TACR1/KIT/NFATC4/NRXN2/FOS/RAPGEF3/PRNP/CLDN5/TAC1/EGR1,0.40701791892395395
GO:0032819,positive regulation of natural killer cell proliferation,10,0.8866432067876486,1.4615217809604348,0.010904710401155936,0.20176192585411473,0.09808530824652006,301,"tags=20%, list=1%, signal=20%",FCGR3A/IL18,0.3807304007227924
GO:0002821,positive regulation of adaptive immune response,102,0.6190159587259698,1.4614151529842792,0.007259966419978405,0.16404426806954744,0.07974910296658523,1411,"tags=22%, list=7%, signal=20%",TREM2/HLA-A/HLA-B/B2M/TNFSF4/HLA-C/CLEC7A/HLA-DRA/HLA-DRB1/RSAD2/IL18/SLC11A1/TGFB1/CARD9/CD7/FADD/HLA-F/CD4/TFRC/CD226/TRAF2/CD55,0.40701791892395395
GO:0090263,positive regulation of canonical Wnt signaling pathway,99,-0.578326314299243,-1.461183999171259,0.016438848616365593,0.24376806299787304,0.11850633115532325,952,"tags=12%, list=5%, signal=12%",SMAD3/DAAM2/ZEB2/WLS/RECK/SEMA5A/EGFR/PLEKHA4/RSPO3/ADGRA2/SFRP1/GPC3,0.35248785758361917
GO:1901988,negative regulation of cell cycle phase transition,240,0.5535195986818252,1.461161670446767,0.002036712315540365,0.08290437480407056,0.04030344735865562,2617,"tags=34%, list=13%, signal=30%",INHBA/BIRC5/CENPF/MAD2L1/CHEK1/CCNB1/CDK1/BUB1/KNL1/MACROH2A1/ZWINT/PLK1/BUB1B/SPC24/ZC3H12D/BRIP1/CDC20/NDC80/PKMYT1/CDCA8/CDKN2B/CLSPN/ATF5/DTL/DYNLT1/BUB3/GPR132/DYNLL1/H2AX/CDT1/LYN/DTX3L/E2F1/INCENP/CDC7/CDKN2D/DACT1/FBXO6/BARD1/NUF2/STK38/AURKB/SPDL1/CDK2AP2/RFC4/TRIP13/PARP9/INTS7/TTK/DNA2/RFWD3/BRCC3/BLM/GEN1/NBN/CHMP4C/TMSB4X/WDR76/PRKDC/RAD21/TIMELESS/CHFR/CDC6/TIPRL/GPNMB/CDC45/SKA1/BRCA2/MAD2L2/DYNLRB1/RHNO1/ANAPC15/SKA3/RFC2/ZW10/TIPIN/DBF4/RBX1/RAD51/RAD1/NABP2,0.4317076958033464
GO:1903430,negative regulation of cell maturation,4,-0.9821880881143381,-1.4609110314249258,0.007498587043813584,0.1672493071881819,0.08130721284565487,65,"tags=25%, list=0%, signal=25%",EDNRB,0.40701791892395395
GO:0061640,cytoskeleton-dependent cytokinesis,126,0.5970417554494503,1.4606615473156395,0.007274288265950943,0.16404426806954744,0.07974910296658523,1774,"tags=25%, list=9%, signal=23%",CFL1/BIRC5/KIF23/ANLN/CEP55/PLK1/STMN1/IQGAP3/CDCA8/ECT2/KIF4A/KIF20A/RHOA/NUP62/INCENP/PLEC/ARF6/CKAP2/CIT/CHMP4B/AURKB/MYH14/UNC119/JTB/IQGAP1/SEPTIN3/RTKN/SEPTIN6/CENPA/CHMP4C/NUSAP1,0.40701791892395395
GO:0015698,inorganic anion transport,135,0.592891000094858,1.460495428336281,0.008647702076265407,0.17778015808807243,0.0864267206628075,2894,"tags=25%, list=14%, signal=22%",CLIC1/ANKH/SLC11A1/SLC1A3/TSPO/VDR/ENPP1/TTYH3/SLC20A1/CLIC3/CLDN4/PACC1/CLIC4/SLC26A6/SLC1A4/CLDN3/OSTM1/GABRB2/APOL1/CLCN2/SLC37A2/GABRD/SLC25A14/UCP2/SLC6A1/CLIC6/SLC20A2/CLNS1A/SLC4A11/ANO10/SLC5A6/SLC4A2/SLC37A1/GLRB,0.3807304007227924
GO:0034614,cellular response to reactive oxygen species,121,-0.5752241603890886,-1.4600559923500116,0.008471705638501815,0.17504608021076976,0.08509756566872238,1458,"tags=21%, list=7%, signal=19%",PXN/LRRK2/FOXO3/TET1/FER/RACK1/DDR2/MET/IL6/CAT/MAPT/NFE2L2/ABL1/MAP1LC3A/PDGFRA/RHOB/HGF/KLF2/SOD3/FOS/KLF4/PDGFD/FBLN5/CD36/AQP1,0.3807304007227924
GO:0060236,regulation of mitotic spindle organization,43,0.6921143420701015,1.4600021302312,0.04380994529999178,0.3770156074917897,0.18328379806068873,1741,"tags=26%, list=9%, signal=23%",TPX2/PLK1/CLTC/NUP62/TACC3/PSRC1/CHMP4B/BORA/RCC1/STIL/CHMP4C,0.3217759180753611
GO:0019732,antifungal humoral response,9,-0.8726900251046097,-1.4594140252289949,0.042321763934305555,0.3694886377521986,0.1796246084294208,77,"tags=11%, list=0%, signal=11%",TAC1,0.3217759180753611
GO:1904666,regulation of ubiquitin protein ligase activity,10,0.8850630018462098,1.4589170083499712,0.011565594080472667,0.20648136273931575,0.10037963320240717,407,"tags=40%, list=2%, signal=39%",UBE2C/MAD2L1/CDC20/CDKN2A,0.3807304007227924
GO:0030336,negative regulation of cell migration,259,-0.5277547629568116,-1.4588619437007744,0.003927899758418951,0.11887372465906572,0.05778972358752704,1023,"tags=17%, list=5%, signal=17%",MITF/CITED2/SRGAP1/SIN3B/MCC/PTPRT/CCL21/CHRD/ACVRL1/ADAMTS9/ZEB2/LIMA1/PLCB1/NFE2L2/PODN/CARD10/LRP1/ADIPOQ/NAV3/RECK/PTPRG/BMP4/FGF2/PTGER4/DACH1/MMRN2/MMRN1/RHOB/MIR335/MEOX2/TNN/NGFR/SLIT2/DLC1/ATP1B2/IL33/KLF4/CLDN5/NR2F2/SFRP1/DUSP1/DCN/CXCL12/TGFBR3/APOD,0.40701791892395395
GO:0009141,nucleoside triphosphate metabolic process,244,0.5502154743461098,1.4585415823992791,0.0017126223174513929,0.07831520779192239,0.03807245229318037,3651,"tags=38%, list=18%, signal=32%",GAPDH/TREM2/TYMS/ENO1/PKM/PGK1/UCHL1/ATP6V1B2/ATP5F1E/ATP5MC3/TPI1/NME1/VCP/TSPO/CMPK2/TGFB1/ENPP1/HIF1A/SDHB/MAP2K1/NDUFS5/ATP6V1A/ATP5MF/DHTKD1/NDUFS8/LDHA/GPI/NADK/NDUFS6/ENTPD7/NDUFA7/HK1/NDUFA1/NDUFB9/SLC2A6/HK3/EFL1/PFKL/CTPS1/ATP5F1C/FBP1/TMSB4X/OLA1/VPS9D1/TIGAR/DCTPP1/UCP2/EIF6/FOXK2/NDUFB2/DNAJC30/ENO2/NDUFA6/SDHA/IMPDH1/PGM1/GUK1/SIRT6/P2RX7/BPGM/NDUFB11/HSPA8/NDUFB3/NDUFAB1/NDUFC2/DTYMK/NUDT5/PFKP/ADPGK/ATP5PD/ITPA/ATP5F1B/UCK2/SRC/PFKFB4/AK2/NUDT2/ATP5MC1/RAB23/STOML2/NDUFS3/NDUFV2/ATP5F1D/PARG/AK1/PFKFB2/PRKAG1/NDUFB5/UQCC3/CAD/ENTPD4/NDUFA9/SLC25A13,0.45505986738722953
GO:0006888,endoplasmic reticulum to Golgi vesicle-mediated transport,127,0.5975437430959483,1.458299105517844,0.006441175063908721,0.15794459697373764,0.07678378571407501,4192,"tags=39%, list=21%, signal=31%",ARF4/VCP/LMAN1/TMED9/SEC13/TMED2/GOLT1B/RAB2A/YKT6/RAB1A/TMED3/YIF1B/TRAPPC1/COPE/GLTP/SORL1/SURF4/SEC24A/SEC31A/YIF1A/HYOU1/TFG/ZW10/COPB2/BCAP31/LMAN2/COPA/BET1/YIPF5/COPG1/ACBD3/TRAPPC10/TMED10/TRAPPC9/SPAST/PREB/TMED7/ERGIC2/CNIH4/ARCN1/PDCD6/IER3IP1/SEC16A/ANK1/TRAPPC3/TRAPPC4/COPB1/NRBP1/STX5/TRAPPC2,0.40701791892395395
GO:0071498,cellular response to fluid shear stress,40,-0.6924904634660004,-1.458244556254386,0.03181876526839345,0.32314851620624874,0.15709664589747016,1622,"tags=32%, list=8%, signal=30%",PRKAR1B/ASS1/PKN2/MEF2C/ADCY6/PRKAR1A/ADCY5/NFE2L2/ABL1/ADCY4/ADCY3/KLF2/KLF4,0.3217759180753611
GO:0099188,postsynaptic cytoskeleton organization,18,0.8028372711447495,1.4582007984816758,0.03489804767043878,0.34121501459418424,0.16587956197945292,2143,"tags=44%, list=10%, signal=40%",ACTG1/KIF2C/ACTB/EZR/RAC3/DBNL/ENAH/FARP1,0.3217759180753611
GO:0034138,toll-like receptor 3 signaling pathway,23,0.7723120578414215,1.4580587856653477,0.021102044202731086,0.270970959692972,0.131730850579599,3472,"tags=70%, list=17%, signal=58%",HAVCR2/OAS1/PTPN22/TNIP2/IRF2/SCIMP/TNFAIP3/WDFY1/UBQLN1/IRF1/TLR3/UNC93B1/SRC/TICAM1/RFTN1/F2RL1,0.35248785758361917
GO:0009311,oligosaccharide metabolic process,50,0.6916573186508167,1.4579237754238232,0.008773639485143061,0.17856549762137414,0.08680850860359954,3706,"tags=36%, list=18%, signal=30%",GAL3ST4/ST6GAL2/ST6GALNAC5/B4GALT1/ST8SIA4/MGAT2/NAGA/MPDU1/MANBA/FUT8/MOGS/FUT7/ST6GALNAC6/GLA/GAA/MAN1B1/B3GALT4/LALBA,0.3807304007227924
GO:0042100,B cell proliferation,69,0.6460093823263136,1.4575613664688853,0.012540800409858166,0.21381848024636918,0.10394652734893027,2982,"tags=38%, list=15%, signal=32%",CD74/EPHB2/GAPT/CDKN2A/TNFSF13B/TNFRSF4/CD300A/RASGRP1/CD180/CTLA4/LYN/TYROBP/MNDA/TFRC/PTPRC/CD38/VAV1/NCKAP1L/CTPS1/FCGR2B/GPR183/CD70/MS4A1/TCF3/HSPD1/EBI3,0.3807304007227924
GO:0045876,positive regulation of sister chromatid cohesion,9,0.8992948182801039,1.457547076268762,0.014529239508613276,0.23012167089420366,0.11187222231504035,1761,"tags=56%, list=9%, signal=51%",BUB1/MACROH2A1/FEN1/NSMCE2/RAD21,0.3807304007227924
GO:0031644,regulation of nervous system process,106,-0.573797622546112,-1.4568460112143766,0.014110679855921942,0.2256877106229087,0.10971668004351558,1447,"tags=15%, list=7%, signal=14%",PARD3/LRRK2/DICER1/TMEM98/DLG4/NLGN1/NLGN2/ADRB2/EGR2/SHANK3/TMEM100/MGLL/RELN/JAM2/TAC1/IGF1,0.3807304007227924
GO:0032740,positive regulation of interleukin-17 production,24,0.7499645632133295,1.4566199038247167,0.03959793015373382,0.3626172658960034,0.17628413364093817,1243,"tags=38%, list=6%, signal=35%",SLC7A5/SPHK1/IL18/TGFB1/OSM/CARD9/NOD2/SLAMF6/ZBTB7B,0.3217759180753611
GO:1903903,regulation of establishment of T cell polarity,6,-0.9138248064783916,-1.4565198863126074,0.04691135000973712,0.38451365469814186,0.18692892718189755,479,"tags=33%, list=2%, signal=33%",ABL1/GSN,0.3217759180753611
GO:0051299,centrosome separation,15,0.8370334092651255,1.4563546655046165,0.024649127686456242,0.2891477644026517,0.1405673913954061,1552,"tags=47%, list=8%, signal=43%",CHEK1/KIF11/KIF15/AURKA/NUP62/NEK2/CEP85,0.35248785758361917
GO:1905668,positive regulation of protein localization to endosome,13,0.8451923183147845,1.4560627574371312,0.025255855156981626,0.29081742126306565,0.1413790847172573,1621,"tags=46%, list=8%, signal=43%",MSN/EZR/DTX3L/VEGFA/ABHD17C/SORL1,0.35248785758361917
GO:0009116,nucleoside metabolic process,37,0.7157354038547159,1.4556981213570483,0.013913485431258088,0.22395587020083074,0.10887475656903346,3002,"tags=32%, list=15%, signal=28%",TYMP/TK1/UPP1/DNPH1/PNP/NUDT1/ADK/ADA2/HPRT1/DTYMK/APRT/ADA,0.3807304007227924
GO:0006820,monoatomic anion transport,137,0.5882588367723037,1.4554828815461494,0.007651455287938201,0.16835269594352673,0.08184361844212999,3222,"tags=26%, list=16%, signal=22%",CLIC1/SLC1A3/TSPO/TTYH3/CLIC3/CA2/CLDN4/PACC1/PANX1/VDAC1/CLIC4/SLC26A6/SLC1A4/OSTM1/GABRB2/APOL1/CLCN2/SLC39A14/SLC19A1/GABRD/LRRC8D/SLC25A14/UCP2/SLC6A1/CLIC6/CLNS1A/SLC4A11/ANO10/SLC5A6/VDAC3/SLC17A5/SLC4A2/STC1/GLRB/LRRC8E/KCNK1,0.40701791892395395
GO:0003012,muscle system process,415,-0.5010139530887469,-1.4553228956808182,3.5697433807585206e-4,0.03505419584379699,0.017041379785196917,1440,"tags=16%, list=7%, signal=16%",RPL9/BIN1/RPL7A/RPL12/SCN1B/FOXO3/CACNB4/ASPH/RPL18/PPARG/RPL23/KCNA1/LMNA/STAC2/HDAC4/PDE9A/SMTN/PIK3C2A/TNFRSF1A/MYOM2/RPL35A/CNN1/SMAD3/PDGFRB/SORBS2/SCN3A/TTN/RPL15/ADGRD1/RPL35/RPL4/TMOD1/SCN9A/RYR3/UTRN/ARRB1/PTGER3/CACNA1G/RPL11/MEIS1/RPL5/SCN4B/EEF2/ADRB2/RPL32/SSPN/OXTR/LMOD1/TNNT3/RPL31/DMD/RPL34/RPL13/SYNM/PPP1R12B/JUND/MYH11/TACR1/CACNA1D/KIT/CAV1/SCN7A/KLF4/EDNRB/IGF1/ANK2/IL6ST/GSN,0.49849310876659025
GO:0060124,positive regulation of growth hormone secretion,6,-0.9127748103582417,-1.4548463267651892,0.04840058553367145,0.3849684502962864,0.1871500232397604,1105,"tags=50%, list=5%, signal=47%",ADCYAP1/GABBR1/ITSN1,0.3217759180753611
GO:0032836,glomerular basement membrane development,8,0.9082745148945582,1.4547029617184484,0.012801556379843041,0.21509853054327108,0.10456881585758308,1770,"tags=62%, list=9%, signal=57%",SULF1/SULF2/MYO1E/WT1/MPV17,0.3807304007227924
GO:0051255,spindle midzone assembly,12,0.8650350024753937,1.4542790953781422,0.011832417177744218,0.20895381397834203,0.10158160002978436,1166,"tags=58%, list=6%, signal=55%",BIRC5/KIF23/PRC1/CDCA8/KIF4A/INCENP/AURKB,0.3807304007227924
GO:0090068,positive regulation of cell cycle process,216,0.5576060500981397,1.4540266844915937,0.002302497843101504,0.08759175205929601,0.04258218672437198,2675,"tags=33%, list=13%, signal=29%",UBE2C/BIRC5/RRM2/KIF14/MAD2L1/KIF23/SMC4/NCAPG/DLGAP5/CCNB1/CDK1/BUB1/KNL1/LEF1/MACROH2A1/EZH2/PLK1/CDC20/RAD51AP1/NDC80/FEN1/CDCA8/ECT2/SPAG5/AURKA/NCAPH/TGFB1/RHOA/DTL/DYNLT1/ANAPC11/NUP62/DYNLL1/AIF1/INCENP/PKP3/CDC7/SMC6/ARF6/CIT/AURKB/RCC1/CCNE2/STIL/ZNF16/RRM1/LSM10/NSMCE2/AKT1/GEN1/SMC2/UBE2E2/NCAPG2/RAD21/NUSAP1/CDC6/RRM2B/CCNE1/SKA1/CDC42/DYNLRB1/RHNO1/EIF4G1/GIPC1/SKA3/WNK1/DBF4/KIF20B/AURKC/IL1B/PLK4,0.4317076958033464
GO:0002370,natural killer cell cytokine production,9,0.8970613296625249,1.4539271123389599,0.01528726815650283,0.2330592697791939,0.11330031778408954,1094,"tags=33%, list=5%, signal=32%",CALHM6/HLA-F/CD226,0.3807304007227924
GO:0002727,regulation of natural killer cell cytokine production,9,0.8970613296625249,1.4539271123389599,0.01528726815650283,0.2330592697791939,0.11330031778408954,1094,"tags=33%, list=5%, signal=32%",CALHM6/HLA-F/CD226,0.3807304007227924
GO:0051231,spindle elongation,12,0.8645436204875901,1.4534529940635559,0.01210919574713994,0.2120020700590672,0.10306349080787122,1166,"tags=67%, list=6%, signal=63%",BIRC5/KIF23/KIF11/PRC1/CDCA8/KIF4A/INCENP/AURKB,0.3807304007227924
GO:2000052,positive regulation of non-canonical Wnt signaling pathway,12,-0.8532419612290867,-1.4534202020873617,0.031690166008678265,0.32314851620624874,0.15709664589747016,893,"tags=33%, list=4%, signal=32%",DAB2/PLEKHA4/RSPO3/SFRP1,0.3217759180753611
GO:0010800,positive regulation of peptidyl-threonine phosphorylation,8,0.9073301611875818,1.4531904739056554,0.013703721656036392,0.22179323658408007,0.10782340565619249,1093,"tags=25%, list=5%, signal=24%",CEMIP/UBE2K,0.3807304007227924
GO:0086009,membrane repolarization,47,-0.6602273000232339,-1.4527356997775467,0.04011953738957654,0.3644675714674372,0.17718364821265953,1495,"tags=17%, list=7%, signal=16%",NOS1AP/SCN1B/KCNA1/SCN4B/CACNA1D/ATP1B2/CAV1/ANK2,0.3217759180753611
GO:0002286,T cell activation involved in immune response,107,0.6085377880261228,1.4527275705482927,0.010885235216653162,0.20176192585411473,0.09808530824652006,2093,"tags=37%, list=10%, signal=34%",TREM2/TNFSF4/HLA-DRA/HLA-DRB1/PSMA7/HAVCR2/CD74/LEF1/PSMA4/IL18/SLC11A1/HLA-DMB/LGALS1/LGALS9/CD86/FOXP3/SMAD7/LCP1/TYROBP/PSMA1/PSMB9/SPN/SLAMF6/BATF/PSMB2/ENTPD7/PSMB8/PSMA5/ASCL2/PSMB3/PLXNA1/LILRB1/PSMB4/NCKAP1L/FCGR2B/ITGAL/PSMA3/ICAM1/LOXL3/NFKBID,0.3807304007227924
GO:0002088,lens development in camera-type eye,44,-0.6596120420317018,-1.4525299719866829,0.04186503226139508,0.3694886377521986,0.1796246084294208,1256,"tags=23%, list=6%, signal=21%",PROX1/EFNA5/ABI2/TMOD1/ZEB2/MAF/FGF2/CRYBG3/SPRY2/SPRY1,0.3217759180753611
GO:0043038,amino acid activation,46,0.6803940828915328,1.4519733359765197,0.02291145873669356,0.2788353270522154,0.13555406396998376,5271,"tags=65%, list=26%, signal=49%",WARS1/DARS2/AIMP2/TARS1/GARS1/MARS1/YARS1/SARS2/CARS1/VARS1/KARS1/EPRS1/AARSD1/IARS1/MARS2/QRSL1/FARSA/EEF1E1/GATB/HARS2/YARS2/NARS2/IARS2/EARS2/FARS2/LARS2/PARS2/RARS1/DARS1/CARS2,0.35248785758361917
GO:0043039,tRNA aminoacylation,46,0.6803940828915328,1.4519733359765197,0.02291145873669356,0.2788353270522154,0.13555406396998376,5271,"tags=65%, list=26%, signal=49%",WARS1/DARS2/AIMP2/TARS1/GARS1/MARS1/YARS1/SARS2/CARS1/VARS1/KARS1/EPRS1/AARSD1/IARS1/MARS2/QRSL1/FARSA/EEF1E1/GATB/HARS2/YARS2/NARS2/IARS2/EARS2/FARS2/LARS2/PARS2/RARS1/DARS1/CARS2,0.35248785758361917
GO:0070508,cholesterol import,8,-0.8875030221723791,-1.4513469805985204,0.048046614901508744,0.3849684502962864,0.1871500232397604,523,"tags=38%, list=3%, signal=37%",ADIPOQ/SCARB1/CD36,0.3217759180753611
GO:0009263,deoxyribonucleotide biosynthetic process,16,0.8274513217832659,1.451334485388135,0.02066898502393054,0.26836860996403583,0.13046573440742035,2436,"tags=62%, list=12%, signal=55%",RRM2/TK1/TYMS/CMPK2/DCK/ADK/RRM1/RRM2B/GUK1/DTYMK,0.35248785758361917
GO:0009265,2'-deoxyribonucleotide biosynthetic process,16,0.8274513217832659,1.451334485388135,0.02066898502393054,0.26836860996403583,0.13046573440742035,2436,"tags=62%, list=12%, signal=55%",RRM2/TK1/TYMS/CMPK2/DCK/ADK/RRM1/RRM2B/GUK1/DTYMK,0.35248785758361917
GO:0046385,deoxyribose phosphate biosynthetic process,16,0.8274513217832659,1.451334485388135,0.02066898502393054,0.26836860996403583,0.13046573440742035,2436,"tags=62%, list=12%, signal=55%",RRM2/TK1/TYMS/CMPK2/DCK/ADK/RRM1/RRM2B/GUK1/DTYMK,0.35248785758361917
GO:0002476,antigen processing and presentation of endogenous peptide antigen via MHC class Ib,14,0.8494515425629289,1.451160539574621,0.01578499316624943,0.2384148967837414,0.11590392261870168,1136,"tags=36%, list=6%, signal=34%",HLA-A/HLA-B/HLA-C/HLA-F/TAP2,0.35248785758361917
GO:0032506,cytokinetic process,53,0.6815656030739418,1.451031443377034,0.010343665424580173,0.19599027140113434,0.09527945424945665,1741,"tags=30%, list=9%, signal=28%",ANLN/CEP55/PLK1/IQGAP3/ECT2/MYH9/KIF20A/RHOA/NUP62/PLEC/ARF6/CHMP4B/AURKB/IQGAP1/RTKN/CHMP4C,0.3807304007227924
GO:0007218,neuropeptide signaling pathway,65,-0.6361758082305982,-1.4508910627722476,0.022622924586434084,0.27862818314396354,0.13545336224439172,1105,"tags=8%, list=5%, signal=7%",ADCYAP1/TENM1/ECRG4/TAC1/CPE,0.35248785758361917
GO:0043648,dicarboxylic acid metabolic process,82,0.6261167725132646,1.4507768019715757,0.014278058429321356,0.22747098566165394,0.11058360813771966,3188,"tags=30%, list=16%, signal=26%",IDH2/KMO/IDO1/SDHB/MTHFD2/GLS/MDH2/PCK2/FOLH1/MTHFS/KYNU/SLC19A1/ALDH18A1/MTHFD1L/ACLY/GPT2/IDH1/SDHA/FAHD1/ALDH1L2/ATIC/GLUL/ME1/MTHFD1/MDH1,0.3807304007227924
GO:0034134,toll-like receptor 2 signaling pathway,16,0.8270253588390374,1.4505873541742722,0.020935677928400145,0.2709655866694842,0.13172823851757204,1251,"tags=62%, list=6%, signal=59%",TREM2/TLR2/TLR1/LYN/RIPK2/PIK3AP1/IRAK1/CYBA/TNIP2/TNFAIP3,0.35248785758361917
GO:1902412,regulation of mitotic cytokinesis,21,0.7946217686091596,1.4504769989883308,0.01900857960615093,0.25990145018674704,0.126349477223553,2615,"tags=48%, list=13%, signal=42%",BIRC5/CDCA8/ECT2/NUP62/INCENP/ARF6/AURKB/WNK1/RBX1/KIF20B,0.35248785758361917
GO:1902425,positive regulation of attachment of mitotic spindle microtubules to kinetochore,8,0.9055790911841701,1.4503859399477308,0.013959858597816536,0.22395587020083074,0.10887475656903346,1166,"tags=50%, list=6%, signal=47%",BIRC5/CDCA8/INCENP/AURKB,0.3807304007227924
GO:0016447,somatic recombination of immunoglobulin gene segments,42,0.6850813255804162,1.4497565745587704,0.04463686393137362,0.3808875144043589,0.18516610157961813,3062,"tags=38%, list=15%, signal=32%",TNFSF4/SMC4/NCAPH/TGFB1/XRCC4/TFRC/BATF/SMC2/NBN/PRKDC/EXOSC3/MAD2L2/SHLD1/TCF3/HSPD1/SLC15A4,0.3217759180753611
GO:0002230,positive regulation of defense response to virus by host,30,0.7341073146668387,1.4496052644729864,0.038559554493075486,0.3611554736554737,0.17557349241416675,3041,"tags=43%, list=15%, signal=37%",STAT1/AIM2/DTX3L/HSP90AA1/PARP9/LILRB1/APOBEC3G/PML/CGAS/PYCARD/TRIM22/APOBEC3F/IL12RB1,0.3217759180753611
GO:0045620,negative regulation of lymphocyte differentiation,53,0.6805840411106029,1.448941729245329,0.011176700263598916,0.20310160010258657,0.09873658256923987,2175,"tags=53%, list=11%, signal=47%",INHBA/LILRB4/TNFSF4/PSMA7/PSMA4/LAG3/RUNX1/CDKN2A/LGALS1/FOXP3/SMAD7/CTLA4/RUNX3/PSMA1/PSMB9/PSMB2/PSMB8/ZBTB7B/PSMA5/ASCL2/PSMB3/PSMB4/SOCS1/PSMA3/LOXL3/ID2/IRF1/CBFB,0.3807304007227924
GO:0006261,DNA-templated DNA replication,162,0.5773627048171107,1.4487612251809758,0.005311488400045431,0.1427090002137619,0.0693770948917321,4037,"tags=46%, list=20%, signal=37%",TK1/ORC6/FAM111B/FEN1/MCM2/PCNA/DTL/MCM4/DYNLL1/CDT1/GINS4/CDC7/GINS1/MCM10/MGME1/BARD1/WDHD1/POLA2/POLQ/POLRMT/CENPS/POLD1/RFC4/DNA2/RFWD3/RECQL/RRM1/ELOC/MCM7/BLM/MCM6/POLE3/GEN1/NBN/PRIM2/GMNN/TIMELESS/CDK2AP1/CDC6/RRM2B/CDC45/POLB/BRCA2/CENPX/TRAIP/RFC2/CARM1/TIPIN/DBF4/RBX1/RAD51/SMARCAL1/METTL4/CHRAC1/SSBP1/DONSON/AGER/MCM9/MCM3/ORC5/FBXO5/MCM5/LRWD1/POLD4/ATAD5/PRIM1/CUL2/RFC3/POLN/ZPR1/ELOB/LIG1/BRCA1/ASF1A,0.40701791892395395
GO:0030970,"retrograde protein transport, ER to cytosol",28,0.7381970086564962,1.448694698414565,0.041782589923809094,0.3694886377521986,0.1796246084294208,3577,"tags=61%, list=18%, signal=50%",VCP/EDEM1/HM13/SEC61B/SELENOS/SVIP/DERL1/EDEM2/ERLEC1/UBAC2/SEL1L/RHBDD1/UBE2J1/BCAP31/YOD1/AUP1/UFD1,0.3217759180753611
GO:1903513,endoplasmic reticulum to cytosol transport,28,0.7381970086564962,1.448694698414565,0.041782589923809094,0.3694886377521986,0.1796246084294208,3577,"tags=61%, list=18%, signal=50%",VCP/EDEM1/HM13/SEC61B/SELENOS/SVIP/DERL1/EDEM2/ERLEC1/UBAC2/SEL1L/RHBDD1/UBE2J1/BCAP31/YOD1/AUP1/UFD1,0.3217759180753611
GO:0007096,regulation of exit from mitosis,14,0.8479503734872142,1.4485960173897132,0.016306799433040225,0.24313856077725363,0.1182003025570635,525,"tags=29%, list=3%, signal=28%",UBE2C/BIRC5/ANLN/TGFB1,0.35248785758361917
GO:0097401,synaptic vesicle lumen acidification,16,0.8257017044542867,1.4482656885913547,0.0212023708788138,0.270970959692972,0.131730850579599,839,"tags=38%, list=4%, signal=36%",ATP6V1B2/ATP6V1F/ATP6AP2/ATP6AP1/ATP6V1G1/ATP6V1A,0.35248785758361917
GO:0050678,regulation of epithelial cell proliferation,243,-0.5222259284263759,-1.447447432359738,0.006882486583172336,0.1619373505017514,0.07872483806520483,1280,"tags=21%, list=6%, signal=20%",MEF2C/PROX1/AKT3/CAV2/LAMC1/PPARG/OSR2/NOTCH2/MCC/ARNT/DAB2/FZD7/LAMB1/ACVRL1/FGF7/TEK/NRP1/MYC/PTN/GATA2/FGFR1/ZNF703/SEMA5A/ATOH8/EGFL7/BMP4/ZFP36L1/EGFR/AGTR1/FGF2/MMRN2/JUND/TACR1/EGR3/NFIB/NGFR/CAV1/CDKN1C/TCF7L2/NR4A1/KLF9/ZFP36/OSR1/NR2F2/FGF10/EDNRB/SFRP1/IGF1/CXCL12/TGFBR3,0.40701791892395395
GO:0032817,regulation of natural killer cell proliferation,12,0.8609680276041602,1.4474417806801958,0.013216310670311142,0.21957311208441538,0.10674410590737508,1005,"tags=25%, list=5%, signal=24%",FCGR3A/IL18/PTPN22,0.3807304007227924
GO:0006706,steroid catabolic process,20,0.7762179878472579,1.4469563984432123,0.031625327322560834,0.32314851620624874,0.15709664589747016,705,"tags=20%, list=3%, signal=19%",SPP1/YWHAH/HSD17B6/SRD5A1,0.3217759180753611
GO:0070471,uterine smooth muscle contraction,9,-0.8650804403373593,-1.4466883902199745,0.04682935735610115,0.38451365469814186,0.18692892718189755,1769,"tags=22%, list=9%, signal=20%",ADRA2A/TACR1,0.3217759180753611
GO:0070472,regulation of uterine smooth muscle contraction,9,-0.8650804403373593,-1.4466883902199745,0.04682935735610115,0.38451365469814186,0.18692892718189755,1769,"tags=22%, list=9%, signal=20%",ADRA2A/TACR1,0.3217759180753611
GO:0071888,macrophage apoptotic process,12,0.8605144678819727,1.4466792653824387,0.013354700100057902,0.21963760305974017,0.10677545779483885,1476,"tags=67%, list=7%, signal=62%",CDKN2A/CCR5/NOD2/PLEKHO2/CTSL/CCL5/SELENOS/IRF7,0.3807304007227924
GO:0002834,regulation of response to tumor cell,31,0.7189941016085973,1.4466215594371097,0.04614232308588875,0.3844636529318133,0.18690461913347634,2915,"tags=39%, list=14%, signal=33%",IL4I1/HLA-DRB1/HAVCR2/LAG3/DAPK1/TGFB1/CD226/CD274/YWHAG/CRTAM/PDCD1/HSPD1,0.3217759180753611
GO:0002562,somatic diversification of immune receptors via germline recombination within a single locus,46,0.677850759692445,1.4465458380562672,0.024251295273744717,0.2861808094394915,0.13912502465111992,3062,"tags=37%, list=15%, signal=31%",TNFSF4/SMC4/NCAPH/TGFB1/XRCC4/TFRC/BATF/HMGB2/SMC2/NBN/PRKDC/EXOSC3/MAD2L2/SHLD1/TCF3/HSPD1/SLC15A4,0.35248785758361917
GO:0016444,somatic cell DNA recombination,46,0.677850759692445,1.4465458380562672,0.024251295273744717,0.2861808094394915,0.13912502465111992,3062,"tags=37%, list=15%, signal=31%",TNFSF4/SMC4/NCAPH/TGFB1/XRCC4/TFRC/BATF/HMGB2/SMC2/NBN/PRKDC/EXOSC3/MAD2L2/SHLD1/TCF3/HSPD1/SLC15A4,0.35248785758361917
GO:0051249,regulation of lymphocyte activation,416,0.5231928437182607,1.4464050790174718,5.626654697505432e-4,0.044472423196496816,0.021619992569123857,2792,"tags=37%, list=14%, signal=33%",INHBA/FCGR3A/LAPTM5/LILRB4/IL4I1/HLA-A/B2M/TNFSF4/TIGIT/CLEC7A/HLA-DRA/HLA-DQB1/HLA-DRB1/SLAMF8/ADAM8/HLA-DPB1/PSMA7/HAVCR2/SOX11/HLA-DQA1/ZNF683/MMP14/CD74/LEF1/EPHB2/PSMA4/THY1/LAG3/ACTB/IL18/RUNX1/HLA-DPA1/DUSP10/CDKN2A/HLA-DMB/LGALS1/CARD11/TNFSF13B/CD24/LGALS9/CD86/ICOS/TGFB1/FOXP3/SMAD7/TNFRSF4/CD276/RHOA/CD300A/SPI1/THEMIS2/CD2/IL2RA/RASGRP1/FADD/NFAM1/KLRD1/CTLA4/LYN/TYROBP/NOD2/PAG1/AIF1/RUNX3/IL2RG/CCL5/PSMA1/CD4/MNDA/PNP/PSMB9/SAMSN1/TFRC/SPN/PTPN22/SMARCA4/CD6/TNIP2/LST1/BATF/SIRPG/HLA-DOA/PTPRC/PSMB2/PSMB8/SOX4/ZBTB7B/TNFAIP3/CSK/PSMA5/BTN2A2/CCDC88B/ASCL2/CD274/CD38/CD55/SIT1/PSMB3/GNRH1/HLA-DOB/LILRB1/PSMB4/LCK/VNN1/CCR7/VAV1/HLA-DMA/AKT1/TOX/NCKAP1L/SOCS1/GPR65/RAC2/PRKDC/PRELID1/SMARCB1/FCGR2B/LILRB2/SMARCC1/PSMA3/GPNMB/ACTL6A/PLA2G2D/FCHO1/LOXL3/CD3E/ID2/NFKBID/IRF1/FANCA/CBFB/MAD2L2/GPR183/YWHAG/TWSG1/SHLD1/ZAP70/HLA-DQA2/TMEM131L/CD70/RBX1/RHOH/BANK1/CAMK4/SLC4A2/SRC/IL1B/SYK/RIPK3/CD80/DDA1/TCF3/PYCARD/CRTAM/PDCD1,0.47727081536286214
GO:0106001,intestinal hexose absorption,7,0.9286937542148258,1.445914442084419,0.014718562377035413,0.23182909731263576,0.11270227707314796,568,"tags=29%, list=3%, signal=28%",SLC2A5/EZR,0.3807304007227924
GO:0044403,biological process involved in symbiotic interaction,170,0.5696969081886991,1.4458882518525173,0.009841943124034367,0.19031652962651727,0.09252119989339513,2712,"tags=29%, list=13%, signal=26%",FN1/CTSB/LRRC15/P4HB/CLEC5A/CLDN1/CDK1/CXCR4/KPNA2/LGALS1/MYH9/ITGB1/LGALS9/CD86/F11R/TNFRSF4/CCR5/DYNLT1/VAMP8/NPC1/ITGAV/SELPLG/CTSL/CD4/IFIT1/BST2/TFRC/SLC52A2/CHMP4B/MUC5B/SMPD1/GRK2/CD55/ITGB7/ITGB5/CHMP4C/TRIM62/TRIM21/ICAM1/CXADR/NECTIN4/SLC20A2/FURIN/BSG/HYAL2/ITGA5/SIGLEC1/JPT2/SRC/CD80,0.3807304007227924
GO:0060907,positive regulation of macrophage cytokine production,9,0.8910393244322272,1.4441668469195703,0.01882474484618067,0.25990145018674704,0.126349477223553,1983,"tags=56%, list=10%, signal=50%",LAPTM5/CD74/SEMA7A/LILRB1/WNT5A,0.35248785758361917
GO:0051256,mitotic spindle midzone assembly,10,0.8759019851888867,1.4438162042408098,0.01497906116522669,0.2320214826620324,0.11279580401693481,1166,"tags=70%, list=6%, signal=66%",BIRC5/KIF23/PRC1/CDCA8/KIF4A/INCENP/AURKB,0.3807304007227924
GO:0045582,positive regulation of T cell differentiation,96,0.621550361569153,1.4437231416155127,0.006214364413241822,0.15424128258598072,0.074983442404904,2175,"tags=34%, list=11%, signal=31%",LILRB4/IL4I1/TNFSF4/HLA-DRA/HLA-DRB1/ADAM8/LEF1/ACTB/IL18/RUNX1/DUSP10/CD86/TGFB1/FOXP3/RHOA/IL2RA/RASGRP1/RUNX3/IL2RG/PNP/SMARCA4/SOX4/ZBTB7B/VNN1/NCKAP1L/SOCS1/GPR65/SMARCB1/LILRB2/SMARCC1/ACTL6A/NFKBID/CBFB,0.40701791892395395
GO:0006568,L-tryptophan metabolic process,15,0.8297524774922795,1.443686570253897,0.028232465346963116,0.3061065789421753,0.14881181384807182,1381,"tags=33%, list=7%, signal=31%",IL4I1/TDO2/KMO/IDO1/KYNU,0.35248785758361917
GO:1903039,positive regulation of leukocyte cell-cell adhesion,234,0.5551210317831843,1.4435844956286694,0.0019268682943733078,0.0812113561015698,0.03948039682224281,2982,"tags=39%, list=15%, signal=34%",LILRB4/IL4I1/HLA-A/B2M/TNFSF4/HLA-DRA/HLA-DQB1/HLA-DRB1/ADAM8/ITGB2/HLA-DPB1/HAVCR2/HLA-DQA1/LEF1/THY1/ACTB/IL18/RUNX1/HLA-DPA1/DUSP10/HLA-DMB/CARD11/CD24/LGALS9/CD86/ICOS/TGFB1/FOXP3/CD276/RHOA/GCNT1/IL2RA/RASGRP1/FADD/LYN/NOD2/AIF1/RUNX3/IL2RG/CCL5/CD4/ALOX5/PNP/IRAK1/TFRC/SMARCA4/CD6/SIRPG/HLA-DOA/PTPRC/SOX4/ZBTB7B/CSK/CCDC88B/ITGA4/CD274/CD55/HLA-DOB/LCK/VNN1/CCR7/VAV1/HLA-DMA/AKT1/NCKAP1L/SOCS1/GPR65/SMARCB1/LILRB2/SMARCC1/ACTL6A/FCHO1/CD3E/NFKBID/CBFB/CD44/YWHAG/FUT7/ZAP70/HLA-DQA2/CD70/RHOH/SRC/IL1B/CD80/PYCARD/PTPN6/HSPH1/HSPD1/HLA-DQB2/AGER/EBI3,0.45505986738722953
GO:0030866,cortical actin cytoskeleton organization,36,0.7140782980547904,1.4434008702115173,0.028451946809400896,0.3061065789421753,0.14881181384807182,1861,"tags=39%, list=9%, signal=35%",ARPC2/ANLN/IQGAP3/ARPC1B/ECT2/EZR/LCP1/FMNL3/PLEC/ARF6/IQGAP1/NCKAP1L/RTKN/LLGL2,0.35248785758361917
GO:0032536,regulation of cell projection size,7,0.927052613062201,1.4433592944016551,0.01497906116522669,0.2320214826620324,0.11279580401693481,804,"tags=29%, list=4%, signal=27%",EZR/TWF2,0.3807304007227924
GO:0046689,response to mercury ion,9,-0.8630045172627782,-1.443216789579212,0.04682935735610115,0.38451365469814186,0.18692892718189755,1273,"tags=44%, list=6%, signal=42%",MT-CYB/TAT/JUND/AQP1,0.3217759180753611
GO:0071492,cellular response to UV-A,10,0.8754571732637131,1.4430829867390058,0.01497906116522669,0.2320214826620324,0.11279580401693481,492,"tags=40%, list=2%, signal=39%",MMP9/MMP1/TIMP1/MMP3,0.3807304007227924
GO:0019359,nicotinamide nucleotide biosynthetic process,19,0.7877983135824839,1.4429732468990601,0.04472773170010651,0.3808875144043589,0.18516610157961813,1381,"tags=32%, list=7%, signal=29%",IDH2/KMO/IDO1/PNP/NADK/KYNU,0.3217759180753611
GO:0019363,pyridine nucleotide biosynthetic process,19,0.7877983135824839,1.4429732468990601,0.04472773170010651,0.3808875144043589,0.18516610157961813,1381,"tags=32%, list=7%, signal=29%",IDH2/KMO/IDO1/PNP/NADK/KYNU,0.3217759180753611
GO:0006569,L-tryptophan catabolic process,8,0.9002827741788004,1.4419032974122794,0.01652123425621959,0.24410048653336422,0.11866793679429118,1381,"tags=62%, list=7%, signal=58%",IL4I1/TDO2/KMO/IDO1/KYNU,0.35248785758361917
GO:0050870,positive regulation of T cell activation,211,0.5527122238641924,1.441314792208061,0.005518459941083428,0.1453908814898388,0.07068087483203053,2982,"tags=40%, list=15%, signal=35%",LILRB4/IL4I1/HLA-A/B2M/TNFSF4/HLA-DRA/HLA-DQB1/HLA-DRB1/ADAM8/HLA-DPB1/HAVCR2/HLA-DQA1/LEF1/THY1/ACTB/IL18/RUNX1/HLA-DPA1/DUSP10/HLA-DMB/CARD11/CD24/LGALS9/CD86/ICOS/TGFB1/FOXP3/CD276/RHOA/IL2RA/RASGRP1/FADD/LYN/NOD2/AIF1/RUNX3/IL2RG/CCL5/CD4/PNP/TFRC/SMARCA4/CD6/SIRPG/HLA-DOA/PTPRC/SOX4/ZBTB7B/CSK/CCDC88B/CD274/CD55/HLA-DOB/LCK/VNN1/CCR7/VAV1/HLA-DMA/AKT1/NCKAP1L/SOCS1/GPR65/SMARCB1/LILRB2/SMARCC1/ACTL6A/FCHO1/CD3E/NFKBID/CBFB/YWHAG/ZAP70/HLA-DQA2/CD70/RHOH/SRC/IL1B/CD80/PYCARD/PTPN6/HSPH1/HSPD1/HLA-DQB2/AGER/EBI3,0.40701791892395395
GO:0030199,collagen fibril organization,63,0.6481945591489715,1.4412301306163322,0.02418053075381669,0.2861808094394915,0.13912502465111992,1228,"tags=32%, list=6%, signal=30%",COL11A1/COL1A1/COL5A2/PLOD2/COL12A1/COL5A1/COL1A2/ADAMTS14/SERPINH1/COL3A1/COL4A1/AEBP1/PXDN/ADAMTS2/COLGALT1/LOXL2/COL4A2/LOXL1/BMP1/GREM1,0.35248785758361917
GO:0042776,proton motive force-driven mitochondrial ATP synthesis,68,0.6522580255670906,1.4409437971582715,0.016407926339460262,0.24375351884953647,0.11849926060786126,5376,"tags=60%, list=26%, signal=45%",ATP5F1E/SDHB/NDUFS5/ATP5MF/NDUFS8/NDUFS6/NDUFA7/NDUFA1/NDUFB9/ATP5F1C/NDUFB2/DNAJC30/NDUFA6/SDHA/NDUFB11/NDUFB3/NDUFAB1/NDUFC2/ATP5PD/ATP5F1B/STOML2/NDUFS3/NDUFV2/ATP5F1D/NDUFB5/NDUFA9/NDUFB4/NDUFB8/NDUFA3/NDUFA12/NDUFS7/NDUFS2/ATP5MG/ATP5IF1/NDUFA2/ATP5F1A/ATP5ME/MT-ND1/NDUFB7/ATP5PO/ATP5PF,0.35248785758361917
GO:0035456,response to interferon-beta,31,0.7161642545738498,1.4409278858433818,0.04837949987256426,0.3849684502962864,0.1871500232397604,3270,"tags=45%, list=16%, signal=38%",STAT1/AIM2/OAS1/IKBKE/MNDA/BST2/UBE2K/XAF1/IRF1/TRAF3IP3/CALM1/PYHIN1/PLSCR1/SHFL,0.3217759180753611
GO:0002862,negative regulation of inflammatory response to antigenic stimulus,26,0.747584812479821,1.4408994284708827,0.041990668740279936,0.3694886377521986,0.1796246084294208,2871,"tags=58%, list=14%, signal=50%",TREM2/HLA-DRB1/RHBDF2/LYN/PSMA1/HCK/SELENOS/PSMB4/FCGR2B/PLCG1/GNAS/FURIN/SRC/SYK/FGR,0.2765005992544716
GO:0033619,membrane protein proteolysis,56,0.6622438051182004,1.44062556088306,0.023673573894887025,0.2833127154209672,0.1377307185415997,3254,"tags=36%, list=16%, signal=30%",ADAM19/ADAM8/MMP7/APOE/TIMP1/MYH9/TGFB1/HM13/CTSH/CLPP/APH1A/PSENEN/ADAM9/FURIN/ADAM10/RHBDD1/IL1B/TSPAN17/NRDC/PRKCQ,0.35248785758361917
GO:0031649,heat generation,12,-0.8455989822881468,-1.4404010814842345,0.041306357541041255,0.3694886377521986,0.1796246084294208,687,"tags=33%, list=3%, signal=32%",PTGER3/PTGS2/PTGES/EDNRB,0.3217759180753611
GO:0014897,striated muscle hypertrophy,69,-0.6091087211163455,-1.440395921778447,0.044180384698682656,0.3790015930790047,0.18424927263013735,2067,"tags=32%, list=10%, signal=29%",ATP2B4/ROCK2/NR4A3/KLF15/ERRFI1/CAMK2D/HAND2/SMAD4/EDN1/PPARG/LMNA/HDAC4/PDE9A/TNFRSF1A/SMAD3/SORBS2/TTN/ARRB1/MEIS1/JUND/IGF1/IL6ST,0.3217759180753611
GO:0007605,sensory perception of sound,107,0.6031200046088261,1.439794005046805,0.012319202158164667,0.21381848024636918,0.10394652734893027,1462,"tags=10%, list=7%, signal=10%",COL11A1/CEMIP/GJB2/BIRC5/COL1A1/WDR1/IKZF2/WHRN/NDUFB9/MYH14/TMPRSS3,0.3807304007227924
GO:0001764,neuron migration,111,-0.5619704133517394,-1.4388930129638653,0.022209838171794408,0.27620382822303713,0.13427477714360334,972,"tags=17%, list=5%, signal=16%",NEO1/SEPTIN4/ABI2/DCX/MAP1B/NR4A2/NTRK2/NRP1/NTRK3/GATA2/FGFR1/MEST/RELN/LHX6/KIF26A/SEMA6A/TNN/IGSF10/CXCL12,0.35248785758361917
GO:0016445,somatic diversification of immunoglobulins,49,0.6741188957904302,1.438876039617966,0.0248572892127172,0.2900864134837078,0.14102370982149642,3062,"tags=35%, list=15%, signal=30%",TNFSF4/SMC4/NCAPH/TGFB1/XRCC4/TFRC/BATF/POLQ/SMC2/NBN/PRKDC/EXOSC3/MAD2L2/SHLD1/TCF3/HSPD1/SLC15A4,0.35248785758361917
GO:0010611,regulation of cardiac muscle hypertrophy,52,-0.6420278579598886,-1.438429388294156,0.04119022008285337,0.3694886377521986,0.1796246084294208,2067,"tags=33%, list=10%, signal=29%",ATP2B4/ROCK2/NR4A3/ERRFI1/CAMK2D/HAND2/SMAD4/EDN1/PPARG/LMNA/PDE9A/TNFRSF1A/SMAD3/ARRB1/JUND/IGF1/IL6ST,0.3217759180753611
GO:0060512,prostate gland morphogenesis,6,0.9489217911344995,1.4383964309112138,0.007019062556872032,0.16200297434716182,0.07875674069043084,4,"tags=17%, list=0%, signal=17%",SULF1,0.40701791892395395
GO:0016101,diterpenoid metabolic process,72,-0.6065845539606111,-1.4382464683178198,0.031868841858728576,0.32314851620624874,0.15709664589747016,1739,"tags=19%, list=9%, signal=18%",CYP3A5/LDLR/SCPEP1/PNPLA2/AKR1C1/CES2/LPL/DHRS3/LRP1/ALDH1A2/AKR1C3/LIPE/ALDH1A1/ADH1B,0.3217759180753611
GO:0036302,atrioventricular canal development,9,-0.8598957843568055,-1.438018003901418,0.04883273361879352,0.3853751313187372,0.18734772869521854,2320,"tags=67%, list=11%, signal=59%",BMP2/TBX2/RBPJ/SMAD4/ENG/TBX3,0.3217759180753611
GO:0044772,mitotic cell cycle phase transition,394,0.5196345859248016,1.437591696791875,8.818415353434963e-4,0.05522363030178003,0.026846625188136273,2344,"tags=27%, list=11%, signal=25%",INHBA/UBE2C/BIRC5/CENPF/RRM2/KIF14/MAD2L1/CCNB2/ANLN/CHEK1/DLGAP5/CCNB1/MELK/PSMA7/CDK1/BUB1/KNL1/CENPE/ZWINT/PLK1/BUB1B/PSMA4/SPC24/ACTB/ZC3H12D/CDC20/FOXM1/NDC80/CCNA2/PKMYT1/CDCA8/CDKN2A/CDKN2B/CLSPN/BCAT1/AURKA/TGFB1/EIF4EBP1/DTL/DYNLT1/E2F3/ANAPC11/BUB3/GPR132/DYNLL1/TACC3/CDKN3/E2F1/AIF1/INCENP/CDC7/CDKN2D/DACT1/PSMA1/PSME2/BARD1/NEK6/NUF2/SMARCA4/CHMP4B/MASTL/PSMB2/AURKB/SPDL1/CDK2AP2/RCC1/PSMA5/TRIP13/CCNE2/NEK2/TTK/PSMB3/RFWD3/BRCC3/STIL/PSMB4/RRM1/LSM10/NSMCE2/BLM/AKT1/GEN1/NBN/UBE2E2/CHMP4C/PRKDC/RAD21/SMARCB1/CHFR/CDC6/PSMB6/SMARCC1/RRM2B/PSMA3/GPNMB/CCNE1/SKA1/ACTL6A/ID2/PSME3/MAD2L2/DYNLRB1/UBE2A/CDK7/EIF4G1/ANAPC15/SKA3/CCNF,0.47727081536286214
GO:0007100,mitotic centrosome separation,13,0.8341622046036745,1.4370605286697582,0.030690830869794652,0.3178804759681912,0.15453562082587877,2431,"tags=54%, list=12%, signal=47%",CHEK1/KIF11/AURKA/NUP62/NEK2/CEP85/NDE1,0.35248785758361917
GO:0006487,protein N-linked glycosylation,82,0.6201841264167567,1.4370302522719531,0.016495944258097646,0.24410048653336422,0.11866793679429118,3320,"tags=45%, list=16%, signal=38%",OSTC/RPN2/OST4/B4GALT1/ST8SIA4/MGAT2/MGAT1/MPDU1/MGAT4A/MGAT4B/ALG3/TMEM165/GNPTAB/SRD5A3/RPN1/UGGT1/FUT8/RFT1/ST6GAL1/MOGS/DDOST/DOLPP1/ALG12/ALG5/STT3B/PGM3/ALG8/UBE2J1/NUS1/B4GALT7/ALG1/ALG2/DHDDS/MAGT1/DPM1/MAN1B1/ENTPD5,0.35248785758361917
GO:0060339,negative regulation of type I interferon-mediated signaling pathway,19,0.7844459225498823,1.4368328293711394,0.04786648528361336,0.3849684502962864,0.1871500232397604,2333,"tags=42%, list=11%, signal=37%",ISG15/OAS3/OAS1/NLRC5/TTLL12/STAT2/EIF4E2/USP18,0.3217759180753611
GO:0050854,regulation of antigen receptor-mediated signaling pathway,69,0.6367575280938543,1.4366868317231616,0.017152758014347007,0.24980429873845972,0.12144080970353165,2860,"tags=46%, list=14%, signal=40%",LAPTM5/LILRB4/THY1/LAG3/CARD11/CD86/EZR/CD300A/GBP1/NFAM1/KCNN4/CTLA4/LYN/RAB29/PTPN22/PTPRJ/CD226/PTPRC/LPXN/CSK/CD274/LCK/CCR7/FCGR2B/UBASH3A/CD72/ITPRIPL1/CD80/DGKZ/SLA2/PDCD1/PTPN6,0.35248785758361917
GO:0030889,negative regulation of B cell proliferation,12,0.8543431328489945,1.4363041435626829,0.01759230292761146,0.2529037986096769,0.12294761233237947,1798,"tags=58%, list=9%, signal=53%",CDKN2A/CD300A/CTLA4/LYN/TYROBP/MNDA/FCGR2B,0.35248785758361917
GO:0002468,dendritic cell antigen processing and presentation,14,0.8407269685360403,1.4362559135682702,0.018915835524559894,0.25990145018674704,0.126349477223553,2161,"tags=71%, list=11%, signal=64%",HLA-DRA/HLA-DRB1/CD74/CD68/SLC11A1/NOD2/CCR7/CLEC4A/FCGR2B/THBS1,0.35248785758361917
GO:0045143,homologous chromosome segregation,41,0.6909087308174211,1.4359656030623191,0.02943959051998686,0.30929419796904534,0.15036145505762832,1325,"tags=17%, list=6%, signal=16%",PTTG1/KNL1/ZWINT/SGO2/SGO1/PSMC3IP/TRIP13,0.35248785758361917
GO:0042904,9-cis-retinoic acid biosynthetic process,4,-0.9652598788129814,-1.435731935883153,0.022222516581020674,0.27620382822303713,0.13427477714360334,497,"tags=50%, list=2%, signal=49%",ALDH1A2/ALDH1A1,0.35248785758361917
GO:0042905,9-cis-retinoic acid metabolic process,4,-0.9652598788129814,-1.435731935883153,0.022222516581020674,0.27620382822303713,0.13427477714360334,497,"tags=50%, list=2%, signal=49%",ALDH1A2/ALDH1A1,0.35248785758361917
GO:0019229,regulation of vasoconstriction,51,-0.6558118088072327,-1.4356881368203214,0.033033817344522244,0.3303787555304123,0.16061158187860006,650,"tags=20%, list=3%, signal=19%",ITGA9/ADM/ABL1/PER2/OXTR/AGTR1/TACR1/ADD3/CAV1/SVEP1,0.3217759180753611
GO:0140639,positive regulation of pyroptotic inflammatory response,9,0.8857423869683245,1.4355817471761343,0.022109553997927522,0.27620382822303713,0.13427477714360334,1772,"tags=78%, list=9%, signal=71%",GBP5/GBP1/TRAF1/CASP3/TRAF2/ZDHHC5/GBP2,0.35248785758361917
GO:0000022,mitotic spindle elongation,11,0.8547122713336697,1.4355090740507979,0.020021533993012958,0.2676441842974031,0.13011355936491636,1166,"tags=64%, list=6%, signal=60%",BIRC5/KIF23/PRC1/CDCA8/KIF4A/INCENP/AURKB,0.35248785758361917
GO:0015840,urea transport,8,0.8960883560744793,1.4351854688934975,0.01959489552132014,0.264547337378221,0.1286080464522378,171,"tags=12%, list=1%, signal=12%",AQP9,0.35248785758361917
GO:0048102,autophagic cell death,9,0.8854911956382249,1.4351746246381984,0.022109553997927522,0.27620382822303713,0.13427477714360334,819,"tags=44%, list=4%, signal=43%",LAPTM5/TREM2/DAPK1/CDKN2D,0.35248785758361917
GO:0034694,response to prostaglandin,30,-0.7184352218266002,-1.4348639342735312,0.047564773659483084,0.3849684502962864,0.1871500232397604,836,"tags=20%, list=4%, signal=19%",CCL21/AKR1C3/PTGER4/PTGFR/SFRP1/TGFBR3,0.3217759180753611
GO:0071493,cellular response to UV-B,12,-0.8411941881037746,-1.43289791456968,0.04436606016272518,0.3798116067313248,0.1846430557407781,1031,"tags=25%, list=5%, signal=24%",MME/MAP3K20/MFAP4,0.3217759180753611
GO:0160165,"CD8-positive, alpha-beta T cell homeostasis",14,0.8385035642610099,1.4324575608833003,0.019437643515591203,0.26286022568177403,0.12778786757016292,1882,"tags=71%, list=9%, signal=65%",PSMA7/PSMA4/PSMA1/PSMB9/PSMB2/PSMB8/PSMA5/PSMB3/PSMB4/PSMA3,0.35248785758361917
GO:2000646,positive regulation of receptor catabolic process,9,0.8837764623701122,1.4323954420934815,0.023625621729204183,0.2833127154209672,0.1377307185415997,1975,"tags=56%, list=10%, signal=50%",LAPTM5/APOE/DTX3L/PTPN1/HAMP,0.35248785758361917
GO:0050766,positive regulation of phagocytosis,64,0.6525955218693107,1.4316655897322312,0.0169891387010146,0.24875643554848897,0.12093139751610645,2856,"tags=38%, list=14%, signal=32%",RAB31/TREM2/CLEC7A/FCGR1A/SLC11A1/CALR/IL2RG/DOCK2/IL2RB/CYBA/FCGR2A/PTPRJ/SIRPG/C2/PTPRC/CD300LF/CAMK1D/NCKAP1L/FCGR2B/RAP1A/RAB27A/LMAN2/PYCARD/ABCA7,0.35248785758361917
GO:0072599,establishment of protein localization to endoplasmic reticulum,44,0.6815217443279167,1.4314270000252227,0.027622556390428658,0.303738804136892,0.14766073481940276,4142,"tags=50%, list=20%, signal=40%",SSR3/SEC61G/HSPA5/EDEM1/RAB10/SEC61B/SRPRB/CHMP4B/RN7SL1/SEC61A1/SSR2/SRP9/SPCS2/SSR1/SSR4/SRP19/BHLHE40-AS1/TRAM1/SRP72/SPCS3/ZFAND2A/HERPUD1,0.35248785758361917
GO:1904044,response to aldosterone,15,0.8226635084031535,1.4313524709308716,0.033827950259150884,0.33625560813155964,0.1634685773026014,1146,"tags=33%, list=6%, signal=31%",INHBA/CYBB/CARD9/CYBA/PTPRC,0.3217759180753611
GO:0048660,regulation of smooth muscle cell proliferation,119,-0.5593969837713582,-1.43107583047118,0.0217758328306484,0.274242300589158,0.1333211926563983,1290,"tags=21%, list=6%, signal=20%",PDE1A/MEF2C/PPARG/DDR2/CNN1/PDGFRB/IL6/S1PR1/HPGD/ELN/ADIPOQ/BMP4/FGF2/NPR1/PIK3R1/RGS5/TACR1/TCF7L2/ADAMTS1/KLF4/PDGFD/IGF1/JUN/OGN/APOD,0.35248785758361917
GO:0043372,"positive regulation of CD4-positive, alpha-beta T cell differentiation",30,0.7245881125408702,1.4308081686810057,0.04227642276422764,0.3694886377521986,0.1796246084294208,3659,"tags=53%, list=18%, signal=44%",TNFSF4/HLA-DRA/HLA-DRB1/IL18/CD86/FOXP3/ZBTB7B/NCKAP1L/SOCS1/GPR65/NFKBID/CD80/IL12RB1/MALT1/PRKCZ/BRD2,0.2820133500117251
GO:0002761,regulation of myeloid leukocyte differentiation,95,0.6090778966008551,1.4305541665572743,0.013242893751805424,0.21957311208441538,0.10674410590737508,2073,"tags=26%, list=10%, signal=24%",INHBA/LILRB4/TREM2/HLA-DRB1/CD74/LEF1/RUNX1/TGFB1/FADD/C1QC/LYN/TYROBP/LILRB3/CD4/GPR137B/CASP8/UBASH3B/CORO1C/IRF7/LILRB1/EVI2B/CCR1/HCLS1/FBN1/ID2,0.3807304007227924
GO:0002283,neutrophil activation involved in immune response,13,0.8302028079570386,1.4302394420671458,0.03275403297148526,0.32838741677446004,0.1596435048993882,1535,"tags=46%, list=8%, signal=43%",ITGB2/FCER1G/SPI1/TYROBP/STXBP2/ITGAM,0.3217759180753611
GO:0071560,cellular response to transforming growth factor beta stimulus,226,-0.5196461303766029,-1.430125774996362,0.006615216490384435,0.15900468160611475,0.07729913927988748,1794,"tags=27%, list=9%, signal=24%",SMAD4/BMPR1A/STAT3/EDN1/CDH5/APPL1/LATS1/LATS2/SMAD1/ARID4A/SPRED2/ENG/SAP30L/GLG1/PXN/TET1/MEF2C/ZFYVE9/PPARG/NFKBIZ/APPL2/VASN/TSC22D1/SOX5/ZBTB7A/SMAD5/DDR2/CITED2/PEG10/SMAD3/DAB2/NR3C1/CREBBP/FMOD/ACVRL1/ZEB2/HPGD/SNRNP70/KMT2A/GDF10/LTBP3/ID1/ABL1/ZNF703/LTBP4/TGFBR2/IL17RD/ZFP36L1/PDE2A/SMAD9/ZFP36L2/CDKN1C/FOS/CLDN5/PDGFD/SFRP1/SPRY2/JUN/SPRY1/TGFBR3,0.40701791892395395
GO:0032816,positive regulation of natural killer cell activation,15,0.8217538394857723,1.4297697377242535,0.034845313331517046,0.34121501459418424,0.16587956197945292,752,"tags=27%, list=4%, signal=26%",FCGR3A/IL18/RASGRP1/TYROBP,0.3217759180753611
GO:0001738,morphogenesis of a polarized epithelium,28,0.7284953716596269,1.4296554583221586,0.046948356807511735,0.38451365469814186,0.18692892718189755,2036,"tags=32%, list=10%, signal=29%",ACTG1/MSN/ACTB/WDR1/RHOA/RAB10/SAPCD2/SH3BP1/CDC42,0.26166352171157314
GO:0006220,pyrimidine nucleotide metabolic process,51,0.6630293086564174,1.4292317331725308,0.040833245468094075,0.36731873077983856,0.17856972161988416,3607,"tags=33%, list=18%, signal=28%",TYMP/TK1/TYMS/NME1/CMPK2/DCK/UPP1/ENTPD7/CTPS1/DCTPP1/TDG/DTYMK/UCK2/NT5C/ENTPD5/CAD/ENTPD4,0.3217759180753611
GO:0006998,nuclear envelope organization,57,0.6499840209162986,1.4282604704833568,0.03569842039620566,0.34630921928405045,0.16835607797800495,4328,"tags=46%, list=21%, signal=36%",CDK1/PLK1/LMNB1/REEP4/NEK6/CHMP4B/LMNB2/RCC1/REEP3/CHMP4C/TOR1A/PRKCB/VRK1/TOR1B/TARDBP/SPAST/CTDNEP1/ANKLE2/CHMP5/NEMP1/NUP93/TMEM201/CHMP1B/UBXN2B/NUP155/BROX,0.3217759180753611
GO:0000353,formation of quadruple SL/U4/U5/U6 snRNP,6,0.9420491369513907,1.4279787112000333,0.009337228092032605,0.1849498148351276,0.08991220480001347,699,"tags=17%, list=3%, signal=16%",RNU5F-1,0.3807304007227924
GO:0000365,"mRNA trans splicing, via spliceosome",6,0.9420491369513907,1.4279787112000333,0.009337228092032605,0.1849498148351276,0.08991220480001347,699,"tags=17%, list=3%, signal=16%",RNU5F-1,0.3807304007227924
GO:0045291,"mRNA trans splicing, SL addition",6,0.9420491369513907,1.4279787112000333,0.009337228092032605,0.1849498148351276,0.08991220480001347,699,"tags=17%, list=3%, signal=16%",RNU5F-1,0.3807304007227924
GO:0030865,cortical cytoskeleton organization,53,0.6707199655022206,1.4279414267021,0.014365956502193309,0.22797904850751602,0.11083059973751742,2683,"tags=40%, list=13%, signal=35%",ARPC2/ANLN/IQGAP3/ARPC1B/TRPV4/ECT2/WDR1/EZR/LCP1/FMNL3/RAC3/PLEC/ARF6/IQGAP1/NCKAP1L/RTKN/RAC2/LLGL2/RHOG/PLEK/FMNL2,0.3807304007227924
GO:0006613,cotranslational protein targeting to membrane,27,0.7280140821033184,1.4277236015839951,0.04234527687296417,0.3694886377521986,0.1796246084294208,3815,"tags=52%, list=19%, signal=42%",SSR3/SEC61G/SEC61B/SRPRB/RN7SL1/SEC61A1/SSR2/SRP9/SSR1/ARL6IP1/SRP19/BHLHE40-AS1/TRAM1/SRP72,0.2820133500117251
GO:0086001,cardiac muscle cell action potential,81,-0.5984991366357018,-1.4268442569270674,0.01696656185996799,0.24875643554848897,0.12093139751610645,1587,"tags=17%, list=8%, signal=16%",GPD1L/NOS1AP/BIN1/SCN1B/SCN3A/SCN9A/CACNA1G/SCN4B/DMD/TBX18/CACNA1D/CAV1/SCN7A/ANK2,0.35248785758361917
GO:0031570,DNA integrity checkpoint signaling,122,0.5791251767704876,1.4268152160316605,0.017707304410700873,0.2529037986096769,0.12294761233237947,3071,"tags=35%, list=15%, signal=30%",CHEK1/CDK1/PLK1/BRIP1/CLSPN/DTL/H2AX/CDT1/LYN/DTX3L/E2F1/CDC7/FBXO6/BARD1/STK38/RFC4/PARP9/INTS7/DNA2/RFWD3/BRCC3/BLM/NBN/WDR76/PRKDC/TIMELESS/CDC6/TIPRL/CDC45/BRCA2/RHNO1/RFC2/TIPIN/DBF4/RBX1/RAD51/RAD1/DGKZ/RPS27L/BABAM1/DONSON/MUC1/CCND1,0.35248785758361917
GO:0003279,cardiac septum development,65,-0.6255732914653558,-1.426710487813938,0.027666632044105667,0.303738804136892,0.14766073481940276,1858,"tags=32%, list=9%, signal=29%",JAG1/TBX1/SMAD4/BMPR1A/MDM4/PARVA/NPHP3/ENG/HECTD1/WNT11/PROX1/NOTCH2/CITED2/NRP1/TGFBR2/BMP4/PDE2A/SLIT2/SLIT3/ANK2/TGFBR3,0.35248785758361917
GO:1903531,negative regulation of secretion by cell,117,0.584165585741377,1.4265621991539812,0.025409400924720264,0.29217222164992607,0.14203771251829148,3011,"tags=26%, list=15%, signal=23%",INHBA/RSAD2/IDH2/APOE/TSPO/LGALS9/BMP8A/OSM/CD300A/SPI1/VAMP8/RHBDF2/HLA-F/NMB/CD84/NOTCH1/DRD4/LILRB1/GNAI2/NCKAP1L/IL11/FCGR2B/UCP2/CDK5/SYT11/RAP1A/IL1B/ADTRP/WDR41/DPH3/RAB11FIP1,0.35248785758361917
GO:0001562,response to protozoan,15,0.8196909069059963,1.4261804407452763,0.03840608796664154,0.36062740730845305,0.1753167762364099,3208,"tags=60%, list=16%, signal=51%",CLEC7A/SLC11A1/GBP1/GBP4/BATF/CCDC88B/GBP2/BATF2/MYD88,0.3217759180753611
GO:0042832,defense response to protozoan,15,0.8196909069059963,1.4261804407452763,0.03840608796664154,0.36062740730845305,0.1753167762364099,3208,"tags=60%, list=16%, signal=51%",CLEC7A/SLC11A1/GBP1/GBP4/BATF/CCDC88B/GBP2/BATF2/MYD88,0.3217759180753611
GO:0014743,regulation of muscle hypertrophy,54,-0.6412324956923907,-1.425775260809479,0.038246657045765534,0.3603773553351588,0.17519521502125798,2067,"tags=31%, list=10%, signal=28%",ATP2B4/ROCK2/NR4A3/ERRFI1/CAMK2D/HAND2/SMAD4/EDN1/PPARG/LMNA/PDE9A/TNFRSF1A/SMAD3/ARRB1/JUND/IGF1/IL6ST,0.3217759180753611
GO:0032532,regulation of microvillus length,6,0.9404702945543385,1.4255854673203916,0.01062510244215194,0.19977934305623607,0.09712148792199173,804,"tags=33%, list=4%, signal=32%",EZR/TWF2,0.3807304007227924
GO:0046639,negative regulation of alpha-beta T cell differentiation,24,0.7338861023791373,1.4253914868797837,0.04326923076923077,0.3747313654606584,0.18217332797182184,2609,"tags=50%, list=13%, signal=44%",TNFSF4/RUNX1/LGALS1/FOXP3/SMAD7/RUNX3/ZBTB7B/ASCL2/SOCS1/LOXL3/CBFB/SLC4A2,0.2765005992544716
GO:0040013,negative regulation of locomotion,278,-0.5048444953685185,-1.425249047563159,0.002424055106744598,0.09070760785221006,0.044096940683058215,1023,"tags=17%, list=5%, signal=16%",MITF/CITED2/SRGAP1/SIN3B/MCC/PTPRT/CCL21/CHRD/ACVRL1/ADAMTS9/ZEB2/LIMA1/PLCB1/NFE2L2/PODN/CARD10/LRP1/ADIPOQ/NAV3/RECK/PTPRG/SEMA5A/BMP4/FGF2/PTGER4/DACH1/MMRN2/MMRN1/RHOB/MIR335/FBLN1/MEOX2/TNN/NGFR/SLIT2/DLC1/ATP1B2/IL33/KLF4/CLDN5/NR2F2/SFRP1/DUSP1/DCN/CXCL12/TGFBR3/APOD,0.4317076958033464
GO:0030101,natural killer cell activation,74,0.627561463104515,1.4250555741390298,0.016828635570866002,0.2472958884159208,0.12022136159084418,4495,"tags=47%, list=22%, signal=37%",FCGR3A/IL21R/HAVCR2/ZNF683/PRDX1/IL18/CD2/RASGRP1/KLRD1/TYROBP/IL2RG/HLA-F/PTPN22/CASP8/PTPRC/VAV1/TOX/RBX1/CD48/DDA1/ELF4/FGR/IL12RB1/PRDM1/AXL/SLAMF7/MICA/DCAF15/PIK3CD/ZBTB1/FYN/CLEC12A/IL12RB2/BAG6/SH2D1A,0.35248785758361917
GO:0042074,cell migration involved in gastrulation,4,-0.9579946038901141,-1.424925532904342,0.029557902717100758,0.30929419796904534,0.15036145505762832,4,"tags=25%, list=0%, signal=25%",GPC3,0.35248785758361917
GO:0043301,negative regulation of leukocyte degranulation,9,0.8789783959917661,1.4246188959827448,0.02664301790249983,0.29958675240918664,0.14564224063699718,1798,"tags=78%, list=9%, signal=71%",LGALS9/CD300A/SPI1/HLA-F/CD84/NCKAP1L/FCGR2B,0.35248785758361917
GO:0002679,respiratory burst involved in defense response,10,0.864221887447031,1.4245630061981416,0.02044955537588311,0.26836860996403583,0.13046573440742035,892,"tags=40%, list=4%, signal=38%",GRN/TREM2/SLAMF8/HCK,0.35248785758361917
GO:0050764,regulation of phagocytosis,87,0.6173492967265739,1.4241430255021217,0.015010846315491759,0.2320214826620324,0.11279580401693481,2871,"tags=40%, list=14%, signal=35%",RAB31/TREM2/CLEC7A/FCGR1A/SPHK1/SLC11A1/CALR/TGFB1/TLR2/CD300A/TGM2/ITGAV/IL2RG/DOCK2/HCK/IL2RB/CYBA/FCGR2A/PTPRJ/SIRPG/C2/PTPRC/CSK/CD300LF/CAMK1D/NCKAP1L/FCGR2B/SYT11/RAP1A/RAB27A/SYK/LMAN2/PYCARD/ABCA7/FGR,0.3807304007227924
GO:0007159,leukocyte cell-cell adhesion,364,0.5185588179294258,1.4240697009023537,0.0023611317916394877,0.08940452984063753,0.0434634573938138,2982,"tags=40%, list=15%, signal=35%",OLR1/LAPTM5/LILRB4/IL4I1/HLA-A/B2M/TNFSF4/TIGIT/HLA-DRA/HLA-DQB1/HLA-DRB1/ADAM8/ITGB2/HLA-DPB1/PSMA7/HAVCR2/HLA-DQA1/LEF1/MSN/ITGAX/PSMA4/THY1/LAG3/ACTB/IL18/RUNX1/HLA-DPA1/DUSP10/CDKN2A/HLA-DMB/LGALS1/CARD11/CD24/ITGB1/LGALS9/CD86/ICOS/TGFB1/FOXP3/SMAD7/F11R/EZR/CD276/RHOA/CD300A/GOLPH3/GCNT1/IL2RA/RASGRP1/FADD/CTLA4/SELPLG/LYN/NOD2/PAG1/AIF1/RUNX3/IL2RG/CCL5/CERCAM/PSMA1/CD4/ALOX5/PNP/PSMB9/IRAK1/TFRC/SPN/PTPN22/SMARCA4/CD6/FERMT3/SIRPG/HLA-DOA/PTPRC/PSMB2/PSMB8/SOX4/ZBTB7B/CSK/PSMA5/BTN2A2/CCDC88B/ITGA4/ASCL2/CD274/CD55/PSMB3/GNRH1/HLA-DOB/LILRB1/ITGB7/PSMB4/ITGAM/LCK/VNN1/CCR7/VAV1/HLA-DMA/AKT1/NCKAP1L/SOCS1/GPR65/RAC2/SMARCB1/ITGAL/LILRB2/SMARCC1/PSMA3/GPNMB/ICAM1/ACTL6A/SEMA4D/PLA2G2D/FCHO1/LOXL3/CD3E/NFKBID/IRF1/CBFB/CD44/YWHAG/FUT7/TWSG1/ZAP70/WNK1/HLA-DQA2/TMEM131L/CD70/TNIP1/RHOH/SLC4A2/SRC/IL1B/SYK/CD80/ADTRP/PYCARD/CRTAM/PDCD1/PTPN6/HSPH1/HSPD1/HLA-DQB2/S100A9/AGER/EBI3,0.4317076958033464
GO:0043320,natural killer cell degranulation,8,0.8890874664149676,1.4239727630921706,0.02292470307817788,0.2788353270522154,0.13555406396998376,865,"tags=25%, list=4%, signal=24%",FCGR3A/HLA-F,0.35248785758361917
GO:0044837,actomyosin contractile ring organization,10,0.863666260178291,1.4236471232937868,0.02044955537588311,0.26836860996403583,0.13046573440742035,1674,"tags=60%, list=8%, signal=55%",ANLN/IQGAP3/ECT2/PLEC/IQGAP1/RTKN,0.35248785758361917
GO:1905806,regulation of synapse pruning,10,0.863330512037825,1.4230936839661616,0.02044955537588311,0.26836860996403583,0.13046573440742035,1437,"tags=30%, list=7%, signal=28%",TREM2/ITGB1/PLXNC1,0.35248785758361917
GO:0009130,pyrimidine nucleoside monophosphate biosynthetic process,16,0.8113124606063268,1.4230272180427834,0.034428151103478244,0.34097272279004426,0.16576177332238062,783,"tags=25%, list=4%, signal=24%",TK1/TYMS/DCK/UPP1,0.3217759180753611
GO:0010594,regulation of endothelial cell migration,160,-0.5455234060484682,-1.422947106903873,0.007839227118256315,0.1706394330741301,0.08295530150812219,1280,"tags=22%, list=6%, signal=21%",MEF2C/PROX1/AKT3/PPARG/ANXA1/PIK3C2A/MET/ACVRL1/ADAMTS9/TEK/NFE2L2/NRP1/CARD10/PTN/GATA2/ABL1/FGFR1/SEMA5A/ATOH8/PTGS2/FGF2/SCARB1/MMRN2/MMRN1/RHOJ/RHOB/MEOX2/SASH1/SLIT2/SMOC2/KLF4/NR2F2/PLPP3/DCN/TGFBR3,0.3807304007227924
GO:2001187,"positive regulation of CD8-positive, alpha-beta T cell activation",8,0.8882555760907593,1.4226403979331732,0.02318084236211824,0.2795781298814883,0.13591517295606811,2175,"tags=75%, list=11%, signal=67%",LILRB4/HLA-A/RUNX1/RUNX3/NCKAP1L/CBFB,0.35248785758361917
GO:0043651,linoleic acid metabolic process,16,0.8110191870519967,1.4225128215920844,0.034953761598995846,0.34121501459418424,0.16587956197945292,3421,"tags=50%, list=17%, signal=42%",FADS2/GSTP1/ELOVL1/GSTA1/ELOVL5/ABCD1/FADS1/ALOX15B,0.3217759180753611
GO:0050673,epithelial cell proliferation,280,-0.5111402792340319,-1.4223343095674417,0.0034133280544342373,0.11026945909186162,0.05360681327468457,1280,"tags=20%, list=6%, signal=19%",MEF2C/PROX1/AKT3/CAV2/LAMC1/PPARG/NFKBIZ/OSR2/NOTCH2/MCC/ARNT/DAB2/FZD7/LAMB1/IL6/ACVRL1/FGF7/ZEB2/TEK/NRP1/MYC/PTN/GATA2/FGFR1/ZNF703/SEMA5A/ATOH8/EGFL7/BMP4/ZFP36L1/EGFR/AGTR1/FGF2/MMRN2/JUND/TACR1/EGR3/NFIB/KIT/CD34/NGFR/CAV1/CDKN1C/TCF7L2/NR4A1/KLF9/ZFP36/OSR1/NR2F2/FGF10/EDNRB/SFRP1/IGF1/CXCL12/TGFBR3,0.4317076958033464
GO:0051461,positive regulation of corticotropin secretion,4,-0.9560145426694537,-1.421980380835034,0.031715376853305936,0.32314851620624874,0.15709664589747016,145,"tags=25%, list=1%, signal=25%",ECRG4,0.3217759180753611
GO:0002200,somatic diversification of immune receptors,53,0.6678518890554722,1.4218353833697026,0.016007733014107576,0.23975336381923523,0.11655461006232347,3062,"tags=34%, list=15%, signal=29%",TNFSF4/SMC4/NCAPH/TGFB1/XRCC4/TFRC/BATF/POLQ/HMGB2/SMC2/NBN/PRKDC/EXOSC3/MAD2L2/SHLD1/TCF3/HSPD1/SLC15A4,0.35248785758361917
GO:0072527,pyrimidine-containing compound metabolic process,64,0.6481047211123584,1.4218136604764868,0.020734705167090885,0.26879177510396,0.13067145351429812,2641,"tags=23%, list=13%, signal=20%",TYMP/TK1/TYMS/NME1/CMPK2/DCK/UPP1/ENTPD7/SLC25A19/CTPS1/DCTPP1/TPK1/TDG/DTYMK/UCK2,0.35248785758361917
GO:1904152,"regulation of retrograde protein transport, ER to cytosol",13,0.8248423900588677,1.4210047333544724,0.035848841033695046,0.34630921928405045,0.16835607797800495,2909,"tags=62%, list=14%, signal=53%",EDEM1/SVIP/EDEM2/ERLEC1/UBAC2/UBE2J1/BCAP31/YOD1,0.3217759180753611
GO:0070664,negative regulation of leukocyte proliferation,70,0.6263552831710453,1.4206331862227126,0.01894871006408431,0.25990145018674704,0.126349477223553,2011,"tags=41%, list=10%, signal=37%",LAPTM5/LILRB4/IL4I1/HLA-DRB1/HAVCR2/SOX11/CDKN2A/LGALS9/CD86/FOXP3/CD300A/GSTP1/CTLA4/LYN/TYROBP/MNDA/SPN/LST1/GREM1/ZBTB7B/TNFAIP3/BTN2A2/CD274/GNRH1/LILRB1/FCGR2B/LILRB2/GPNMB/PLA2G2D,0.35248785758361917
GO:0009123,nucleoside monophosphate metabolic process,74,0.625573356689382,1.4205410169276114,0.01767711871312764,0.2529037986096769,0.12294761233237947,3042,"tags=32%, list=15%, signal=28%",TYMP/TK1/TYMS/AMPD3/CARD11/CMPK2/DCK/UPP1/DNPH1/PNP/CASK/ADK/IMPDH1/GUK1/HPRT1/PRPS2/ADSS2/ATIC/UCK2/AK2/NUDT2/APRT/ADA/NT5C,0.35248785758361917
GO:0071314,cellular response to cocaine,6,0.9370454861301404,1.420394067713021,0.01217055416832256,0.2121637719150192,0.1031421011617224,675,"tags=50%, list=3%, signal=48%",CCNA2/SLC1A3/TGM2,0.3807304007227924
GO:2000146,negative regulation of cell motility,270,-0.5065102661326142,-1.4198981881686303,0.004637034407986024,0.1329228771669515,0.0646196318990423,1023,"tags=17%, list=5%, signal=16%",MITF/CITED2/SRGAP1/SIN3B/MCC/PTPRT/CCL21/CHRD/ACVRL1/ADAMTS9/ZEB2/LIMA1/PLCB1/NFE2L2/PODN/CARD10/LRP1/ADIPOQ/NAV3/RECK/PTPRG/BMP4/FGF2/PTGER4/DACH1/MMRN2/MMRN1/RHOB/MIR335/FBLN1/MEOX2/TNN/NGFR/SLIT2/DLC1/ATP1B2/IL33/KLF4/CLDN5/NR2F2/SFRP1/DUSP1/DCN/CXCL12/TGFBR3/APOD,0.40701791892395395
GO:0003300,cardiac muscle hypertrophy,67,-0.6104810388434148,-1.4198875175020402,0.03722542586891797,0.35444700818580255,0.1723122135545984,2067,"tags=33%, list=10%, signal=30%",ATP2B4/ROCK2/NR4A3/KLF15/ERRFI1/CAMK2D/HAND2/SMAD4/EDN1/PPARG/LMNA/HDAC4/PDE9A/TNFRSF1A/SMAD3/SORBS2/TTN/ARRB1/MEIS1/JUND/IGF1/IL6ST,0.3217759180753611
GO:1901993,regulation of meiotic cell cycle phase transition,11,0.8451536719355937,1.4194551847697372,0.024994138804929192,0.2900864134837078,0.14102370982149642,1811,"tags=45%, list=9%, signal=41%",KNL1/ZWINT/PKMYT1/TTK/CHFR,0.35248785758361917
GO:1903706,regulation of hemopoiesis,339,0.520862224401354,1.4193772715306514,0.002874929813748283,0.10139293433010851,0.04929154584388123,2175,"tags=29%, list=11%, signal=26%",INHBA/LILRB4/IL4I1/TREM2/ISG15/HLA-B/TNFSF4/HLA-DRA/HLA-DRB1/SLAMF8/ADAM8/STAT1/PSMA7/ZNF683/MMP14/CD74/LEF1/PSMA4/LAG3/ACTB/IL18/RUNX1/DUSP10/CDKN2A/LGALS1/LGALS9/CD86/CIB1/TGFB1/FOXP3/SMAD7/HIF1A/RHOA/SPI1/CD2/IL2RA/RASGRP1/FADD/NFAM1/C1QC/CTLA4/LYN/TYROBP/RUNX3/LILRB3/IL2RG/PSMA1/CD4/PNP/PSMB9/SCIN/GPR137B/IL2RB/SMARCA4/CASP8/BATF/UBASH3B/PSMB2/PSMB8/SOX4/ZBTB7B/PSMA5/HMGB2/ASCL2/CORO1C/PSMB3/RBM15/IRF7/LILRB1/ZNF16/PSMB4/IL4R/VNN1/TOX/NCKAP1L/SOCS1/EVI2B/GPR65/CCR1/PRKDC/HCLS1/PRELID1/SMARCB1/FCGR2B/LILRB2/SMARCC1/PSMA3/EIF6/ACTL6A/FBN1/LOXL3/ID2/NFKBID/H4C3/IRF1/FANCA/CBFB,0.4317076958033464
GO:0042436,indole-containing compound catabolic process,10,0.8608719638438284,1.41904107102382,0.02149155718741146,0.2729528347312273,0.13269432683117835,1381,"tags=50%, list=7%, signal=47%",IL4I1/TDO2/KMO/IDO1/KYNU,0.35248785758361917
GO:1903969,regulation of response to macrophage colony-stimulating factor,6,0.9359639212732964,1.4187546080184308,0.012685705190885186,0.21381848024636918,0.10394652734893027,579,"tags=33%, list=3%, signal=32%",TREM2/TLR2,0.3807304007227924
GO:1903972,regulation of cellular response to macrophage colony-stimulating factor stimulus,6,0.9359639212732964,1.4187546080184308,0.012685705190885186,0.21381848024636918,0.10394652734893027,579,"tags=33%, list=3%, signal=32%",TREM2/TLR2,0.3807304007227924
GO:0002726,positive regulation of T cell cytokine production,25,0.7440679837294552,1.4186887188188737,0.03949447077409163,0.3626172658960034,0.17628413364093817,1411,"tags=32%, list=7%, signal=30%",HLA-A/B2M/TNFSF4/RSAD2/IL18/CD7/TRAF2/CD55,0.2878571172551493
GO:0033002,muscle cell proliferation,158,-0.5462805250017739,-1.4183580877411004,0.007681371745803272,0.16846240770367238,0.08189695413352271,1107,"tags=16%, list=5%, signal=16%",SIX5/DDR2/CNN1/PDGFRB/IL6/S1PR1/HPGD/ELN/ADIPOQ/ABL1/BMP4/FGF2/NPR1/PIK3R1/RGS5/TACR1/TCF7L2/ADAMTS1/FOS/KLF4/PDGFD/IGF1/JUN/OGN/TGFBR3/APOD,0.40701791892395395
GO:0031960,response to corticosteroid,120,-0.5565890177293562,-1.418280415240316,0.020669096971803275,0.26836860996403583,0.13046573440742035,1378,"tags=23%, list=7%, signal=22%",USP8/FOXO3/BMP6/TAT/LCAT/ANXA1/SCNN1D/NR3C1/IL6/IGFBP2/AXIN2/CDO1/NTRK3/ALPL/AKR1C3/GHR/ZFP36L1/FAM107A/PTGDS/SLIT2/ZFP36L2/FOS/KLF9/ZFP36/SLIT3/DUSP1/FOSB/AQP1,0.35248785758361917
GO:0050907,detection of chemical stimulus involved in sensory perception,111,-0.5538746117714899,-1.4181641773323146,0.02789650426718566,0.30453074427894744,0.1480457316051812,584,"tags=3%, list=3%, signal=3%",AZGP1/PIGR/PIP,0.35248785758361917
GO:0048659,smooth muscle cell proliferation,122,-0.5581262187345172,-1.4172937851895582,0.02065444917785256,0.26836860996403583,0.13046573440742035,1290,"tags=20%, list=6%, signal=19%",PDE1A/MEF2C/PPARG/DDR2/CNN1/PDGFRB/IL6/S1PR1/HPGD/ELN/ADIPOQ/BMP4/FGF2/NPR1/PIK3R1/RGS5/TACR1/TCF7L2/ADAMTS1/KLF4/PDGFD/IGF1/JUN/OGN/APOD,0.35248785758361917
GO:0002154,thyroid hormone receptor signaling pathway,4,-0.9527069547460574,-1.4170606595075492,0.03516734002732706,0.34205175049279524,0.16628633594430656,557,"tags=75%, list=3%, signal=73%",RXRA/THRA/THRB,0.3217759180753611
GO:0010994,free ubiquitin chain polymerization,9,0.8742005758537975,1.4168751643037916,0.028136976568836083,0.30582526868744264,0.14867505661336786,1093,"tags=22%, list=5%, signal=21%",UBE2C/UBE2K,0.35248785758361917
GO:0007507,heart development,379,-0.48801835491656664,-1.4168055106726725,0.002596799146917542,0.09422150195711941,0.045805198497145865,1567,"tags=21%, list=8%, signal=20%",IFT122/PARVA/FES/NPHP3/ENG/PDCD4/TWIST1/EMP2/HECTD1/KCNK2/DLL1/OBSL1/BMP6/BBS5/WNT11/MEF2C/SMO/PROX1/PCSK5/MEGF8/SOX18/RAMP2/SHOX2/KDM6B/NOTCH2/SMAD5/PKD1/MSX1/CITED2/TNFRSF1A/PDGFRB/SORBS2/TBX3/TTN/DZIP1/FZD7/AXIN2/POU6F1/ACVRL1/ADAMTS9/S1PR1/DCHS1/TEK/CACNA1G/MEIS1/CCM2L/DUSP6/ELN/NRP1/KAT2A/FLRT2/NTRK3/PLXNA4/PDLIM1/SOX17/ABL1/CARMN/TGFBR2/BMP4/EGFR/ADAMTS5/FGF2/TBX18/OLFM1/PDE2A/MYH11/PDGFRA/ACACB/SLIT2/DLC1/CLDN5/SLIT3/OSR1/IGF1/ANK2/CPE/SPRY1/TGFBR3/GPC3,0.4317076958033464
GO:0071224,cellular response to peptidoglycan,6,0.9344571187315263,1.4164705637289863,0.01281449297549275,0.21509853054327108,0.10456881585758308,1174,"tags=50%, list=6%, signal=47%",TREM2/NOD2/IRF5,0.3807304007227924
GO:0002763,positive regulation of myeloid leukocyte differentiation,47,0.6779002737535906,1.4164252413213942,0.02590056621058776,0.2951262897753117,0.14347381440636112,2073,"tags=32%, list=10%, signal=29%",TREM2/HLA-DRB1/CD74/LEF1/RUNX1/TGFB1/FADD/TYROBP/CD4/CASP8/CORO1C/EVI2B/CCR1/HCLS1/ID2,0.35248785758361917
GO:0061029,eyelid development in camera-type eye,9,0.8738454183959931,1.4162995369303035,0.028634963268337678,0.30673320522044345,0.1491164443248038,183,"tags=22%, list=1%, signal=22%",INHBA/SOX11,0.35248785758361917
GO:1901990,regulation of mitotic cell cycle phase transition,307,0.5326386070538968,1.416197822729288,0.0020803588041783108,0.08342956169859916,0.04055876370845155,2329,"tags=30%, list=11%, signal=27%",INHBA/UBE2C/BIRC5/CENPF/RRM2/KIF14/MAD2L1/ANLN/CHEK1/DLGAP5/CCNB1/PSMA7/CDK1/BUB1/KNL1/CENPE/ZWINT/PLK1/BUB1B/PSMA4/SPC24/ACTB/ZC3H12D/CDC20/NDC80/PKMYT1/CDCA8/CDKN2A/CDKN2B/CLSPN/AURKA/TGFB1/DTL/DYNLT1/ANAPC11/BUB3/GPR132/DYNLL1/E2F1/AIF1/INCENP/CDC7/CDKN2D/DACT1/PSMA1/PSME2/BARD1/NEK6/NUF2/SMARCA4/PSMB2/AURKB/SPDL1/CDK2AP2/PSMA5/TRIP13/CCNE2/TTK/PSMB3/RFWD3/BRCC3/STIL/PSMB4/RRM1/LSM10/NSMCE2/BLM/AKT1/GEN1/NBN/UBE2E2/CHMP4C/PRKDC/RAD21/SMARCB1/CHFR/CDC6/PSMB6/SMARCC1/RRM2B/PSMA3/GPNMB/CCNE1/SKA1/ACTL6A/ID2/PSME3/MAD2L2/DYNLRB1/CDK7/EIF4G1/ANAPC15/SKA3,0.4317076958033464
GO:0016055,Wnt signaling pathway,397,-0.49106409002229634,-1.415984918468794,8.576882698492955e-4,0.054127443448396234,0.026313720751609062,1814,"tags=21%, list=9%, signal=19%",PRICKLE2/USP34/SMAD4/TLE5/GRK5/GNAQ/PYGO1/GLI3/MAGI2/EDN1/LATS1/LATS2/TCF7L1/DIXDC1/PFDN5/DAAM1/CALCOCO1/NPHP3/DKK2/LRRK2/LRP4/PRKAA2/USP8/KREMEN1/WNT11/MARK1/DDX3X/ZNRF3/JADE1/RACK1/CRBN/PKD1/TLE1/TRABD2B/TMEM67/SMAD3/MCC/DAB2/FZD7/DAAM2/WWTR1/APCDD1/LRP5/SOX13/IGFBP2/AXIN2/ZEB2/NR4A2/LRP1/SOX17/BICC1/WLS/RECK/FZD4/ZNF703/MEST/FRZB/SEMA5A/LRP6/NDRG2/EGFR/TLE2/TBX18/HIC1/CDON/TMEM88/AMOTL2/NFATC4/CAV1/IGFBP4/TCF7L2/PLEKHA4/RSPO3/RBMS3/KLF4/ADGRA2/IGFBP6/EDNRB/SFRP1/CPE/EGR1/GPC3,0.47727081536286214
GO:0032479,regulation of type I interferon production,129,0.5831472984782413,1.415441515292092,0.010174651582691086,0.1948984436110309,0.09474866894449357,3208,"tags=38%, list=16%, signal=32%",GAPDH/ISG15/STAT1/HAVCR2/OAS3/KPNA2/OAS1/IKBKE/TLR2/OAS2/TYROBP/IFIH1/RIPK2/IRAK1/HSP90AA1/PTPN22/NMB/TLR7/LTB/IRF8/IRF5/IRF2/HMGB2/IRF7/LILRB1/XAF1/CTPS1/TRIM21/TRADD/IRF1/TRAF3IP3/TRAIP/RIOK3/TLR3/POLR3D/RBX1/CGAS/SIGLEC1/TICAM1/SYK/RELB/PYCARD/CYLD/RNF26/HSPD1/POLR3B/MMP12/NLRC3/MYD88,0.3807304007227924
GO:0032606,type I interferon production,129,0.5831472984782413,1.415441515292092,0.010174651582691086,0.1948984436110309,0.09474866894449357,3208,"tags=38%, list=16%, signal=32%",GAPDH/ISG15/STAT1/HAVCR2/OAS3/KPNA2/OAS1/IKBKE/TLR2/OAS2/TYROBP/IFIH1/RIPK2/IRAK1/HSP90AA1/PTPN22/NMB/TLR7/LTB/IRF8/IRF5/IRF2/HMGB2/IRF7/LILRB1/XAF1/CTPS1/TRIM21/TRADD/IRF1/TRAF3IP3/TRAIP/RIOK3/TLR3/POLR3D/RBX1/CGAS/SIGLEC1/TICAM1/SYK/RELB/PYCARD/CYLD/RNF26/HSPD1/POLR3B/MMP12/NLRC3/MYD88,0.3807304007227924
GO:0060333,type II interferon-mediated signaling pathway,24,0.7285215382821482,1.4149721534574988,0.04807692307692308,0.3849684502962864,0.1871500232397604,3794,"tags=54%, list=19%, signal=44%",STAT1/NLRC5/PARP14/HCK/PARP9/IRF1/CIITA/IFNGR2/JAK2/DNAJA3/TP53/TYK2/SP100,0.26166352171157314
GO:0002861,regulation of inflammatory response to antigenic stimulus,34,0.7092727077122147,1.4147572734399194,0.03987240829346093,0.3637418537552629,0.1768308450502331,2871,"tags=56%, list=14%, signal=48%",TREM2/HLA-DRB1/RHBDF2/LYN/PSMA1/HCK/SELENOS/PSMB4/CCR7/FCGR2B/PLCG1/GNAS/PLA2G2D/KARS1/FUT7/FURIN/SRC/SYK/FGR,0.2878571172551493
GO:0072525,pyridine-containing compound biosynthetic process,22,0.7596117274430118,1.4146902998198938,0.05,0.3880362249761678,0.18864140286370695,1460,"tags=32%, list=7%, signal=30%",IDH2/KMO/IDO1/PNP/NADK/KYNU/PDXK,0.24891111443470246
GO:0032604,granulocyte macrophage colony-stimulating factor production,13,0.8210000009894678,1.414385222620286,0.042038470062356025,0.3694886377521986,0.1796246084294208,2712,"tags=38%, list=13%, signal=33%",IL18/CARD9/CD84/IL1B/CD80,0.3217759180753611
GO:0032645,regulation of granulocyte macrophage colony-stimulating factor production,13,0.8210000009894678,1.414385222620286,0.042038470062356025,0.3694886377521986,0.1796246084294208,2712,"tags=38%, list=13%, signal=33%",IL18/CARD9/CD84/IL1B/CD80,0.3217759180753611
GO:0001704,formation of primary germ layer,80,0.6109898887202114,1.4138564877767028,0.023669397583410808,0.2833127154209672,0.1377307185415997,981,"tags=19%, list=5%, signal=18%",FN1/COL11A1/MMP9/INHBA/COL8A1/COL5A2/ITGB2/COL12A1/COL5A1/MMP14/MACROH2A1/ITGB1/ITGAV/COL4A2/DUSP4,0.35248785758361917
GO:1903490,positive regulation of mitotic cytokinesis,13,0.8205933934310023,1.413684735748902,0.042038470062356025,0.3694886377521986,0.1796246084294208,1166,"tags=54%, list=6%, signal=51%",BIRC5/CDCA8/ECT2/NUP62/INCENP/ARF6/AURKB,0.3217759180753611
GO:0016032,viral process,344,0.5210941411215657,1.4134053882855897,0.0017372166680729374,0.07831520779192239,0.03807245229318037,2668,"tags=30%, list=13%, signal=26%",CTSB/LRRC15/TOP2A/P4HB/ISG15/CLEC5A/RSAD2/STAT1/CLDN1/CDK1/CXCR4/OAS3/APOE/KPNA2/GALNT1/LAMP3/PABPC1/OAS1/TRIM14/LGALS1/VCP/MYH9/ITGB1/LGALS9/CD86/ISG20/IL32/MX1/F11R/TNFRSF4/CCR5/DYNLT1/VAMP8/OASL/OAS2/NPC1/ITGAV/SELPLG/ADAR/IFIH1/CTSL/CCL5/OAZ1/CD4/IFIT1/BST2/SMC6/TFRC/CANX/SLC52A2/CHMP4B/RAB1A/SMPD1/MGAT2/GRK2/DEK/RCC1/PARP10/MGAT1/EIF2AK2/PARP9/NOTCH1/CD55/MGAT4A/IRF7/MGAT4B/ITGB7/APOBEC3H/N4BP1/ITGB5/UBP1/PPIH/TMEM250/CHMP4C/TRIM62/SMARCB1/SRPK1/TRIM21/ICAM1/FUT8/CXADR/APOBEC3G/NECTIN4/ST6GAL1/MOGS/EDEM2/SLC20A2/PTBP1/FURIN/BSG/PCBP1/HYAL2/ITGA5/TNIP1/VPS37C/CSNK2B/SRPK2/SIGLEC1/JPT2/USP6NL/CXCR6/SRC,0.45505986738722953
GO:0072237,metanephric proximal tubule development,4,-0.9499836702004042,-1.4130100336828237,0.038619307493238116,0.3611554736554737,0.17557349241416675,10,"tags=25%, list=0%, signal=25%",AQP1,0.3217759180753611
GO:0070979,protein K11-linked ubiquitination,39,0.6837527367132268,1.4129243394052575,0.04513328925925051,0.38252444519624285,0.18596188532633084,3454,"tags=31%, list=17%, signal=26%",UBE2C/UBE2T/ANAPC11/RNF7/TRIM26/UBE2E2/UBE2A/ANAPC15/RNF26/ANAPC1/RNF4/CDC23,0.3217759180753611
GO:0000910,cytokinesis,178,0.5527387832381608,1.4127344822175187,0.011293558993623313,0.20386000835274365,0.09910527803384975,2624,"tags=28%, list=13%, signal=24%",CFL1/BIRC5/KIF14/KIF23/ANLN/CEP55/PLK1/STMN1/PRC1/IQGAP3/CDCA8/ECT2/KIF4A/MYH9/AURKA/KIF20A/RHOA/NUP62/INCENP/PLEC/ARF6/CKAP2/CIT/CHMP4B/AURKB/MYH14/UNC119/JTB/IQGAP1/SEPTIN3/PIN1/RTKN/SEPTIN6/CENPA/CHMP4C/NUSAP1/CDC6/SH3GLB1/CALM2/CDC42/SEPTIN8/ARF1/TRIM36/GIPC1/CALM1/WNK1/RBX1/KIF20B/AURKC,0.3807304007227924
GO:0032277,negative regulation of gonadotropin secretion,6,0.9319306165538834,1.4126408364016518,0.013579706075438777,0.221547870060415,0.10770412224330286,8,"tags=17%, list=0%, signal=17%",INHBA,0.3807304007227924
GO:0010496,intercellular transport,7,0.9066872512673965,1.4116517798375263,0.023054561040828692,0.27885921166962946,0.13556567532852667,254,"tags=29%, list=1%, signal=28%",GJB2/EPHB2,0.35248785758361917
GO:0006702,androgen biosynthetic process,10,0.8563484927012357,1.4115846877234868,0.023054561040828692,0.27885921166962946,0.13556567532852667,1789,"tags=30%, list=9%, signal=27%",HSD17B6/SRD5A1/SRD5A3,0.35248785758361917
GO:0009205,purine ribonucleoside triphosphate metabolic process,223,0.5342443571904083,1.411421014684261,0.013450462619388582,0.2205457316746811,0.10721693888571808,3515,"tags=36%, list=17%, signal=30%",GAPDH/TREM2/ENO1/PKM/PGK1/UCHL1/ATP6V1B2/ATP5F1E/ATP5MC3/TPI1/NME1/VCP/TSPO/TGFB1/ENPP1/HIF1A/SDHB/MAP2K1/NDUFS5/ATP6V1A/ATP5MF/DHTKD1/NDUFS8/LDHA/GPI/NADK/NDUFS6/ENTPD7/NDUFA7/HK1/NDUFA1/NDUFB9/SLC2A6/HK3/EFL1/PFKL/ATP5F1C/FBP1/TMSB4X/OLA1/VPS9D1/TIGAR/UCP2/EIF6/FOXK2/NDUFB2/DNAJC30/ENO2/NDUFA6/SDHA/IMPDH1/PGM1/SIRT6/P2RX7/BPGM/NDUFB11/HSPA8/NDUFB3/NDUFAB1/NDUFC2/NUDT5/PFKP/ADPGK/ATP5PD/ATP5F1B/SRC/PFKFB4/AK2/NUDT2/ATP5MC1/RAB23/STOML2/NDUFS3/NDUFV2/ATP5F1D/PARG/AK1/PFKFB2/PRKAG1/NDUFB5/UQCC3,0.3807304007227924
GO:0009159,deoxyribonucleoside monophosphate catabolic process,15,0.811116391908641,1.4112616396763906,0.04501896718439018,0.38252444519624285,0.18596188532633084,934,"tags=27%, list=5%, signal=25%",TYMP/UPP1/DNPH1/PNP,0.3217759180753611
GO:0003014,renal system process,104,-0.5601340160638824,-1.4111639934537141,0.024415636911824665,0.28762222685668637,0.13982576078396045,676,"tags=16%, list=3%, signal=16%",ADCY5/ADM/ADIPOQ/AKR1C3/ADCY4/AGTR1/NPR1/ADCY3/IGHA2/IGHA1/TACR1/HBB/CD34/JCHAIN/EDNRB/GSN/AQP1,0.35248785758361917
GO:0050864,regulation of B cell activation,101,0.5974817895997053,1.410959449179821,0.017478986966725077,0.2529037986096769,0.12294761233237947,1404,"tags=27%, list=7%, signal=25%",INHBA/LAPTM5/IL4I1/TNFSF4/SLAMF8/MMP14/CD74/EPHB2/CDKN2A/TNFSF13B/TGFB1/TNFRSF4/CD300A/SPI1/THEMIS2/NFAM1/CTLA4/LYN/TYROBP/NOD2/MNDA/SAMSN1/TFRC/TNIP2/PTPRC/TNFAIP3/CD38,0.35248785758361917
GO:0046034,ATP metabolic process,202,0.5458866898304926,1.4109235155165962,0.009049968963765465,0.1814674811182627,0.08821928987272974,2787,"tags=33%, list=14%, signal=28%",GAPDH/TREM2/ENO1/PKM/PGK1/UCHL1/ATP6V1B2/ATP5F1E/ATP5MC3/TPI1/VCP/TSPO/TGFB1/ENPP1/HIF1A/SDHB/MAP2K1/NDUFS5/ATP6V1A/ATP5MF/DHTKD1/NDUFS8/LDHA/GPI/NADK/NDUFS6/NDUFA7/HK1/NDUFA1/NDUFB9/SLC2A6/HK3/PFKL/ATP5F1C/FBP1/TMSB4X/OLA1/VPS9D1/TIGAR/UCP2/EIF6/FOXK2/NDUFB2/DNAJC30/ENO2/NDUFA6/SDHA/PGM1/SIRT6/P2RX7/BPGM/NDUFB11/HSPA8/NDUFB3/NDUFAB1/NDUFC2/NUDT5/PFKP/ADPGK/ATP5PD/ATP5F1B/SRC/PFKFB4/AK2/NUDT2/ATP5MC1,0.3807304007227924
GO:0032328,alanine transport,16,0.8041863849175594,1.4105282116114384,0.04441477086454013,0.3798116067313248,0.1846430557407781,1824,"tags=38%, list=9%, signal=34%",SLC6A6/SLC7A5/SLC38A5/SLC1A4/SLC36A1/SLC38A1,0.3217759180753611
GO:0002418,immune response to tumor cell,35,0.7130234612961628,1.4103376613735108,0.04159733777038269,0.3694886377521986,0.1796246084294208,3012,"tags=37%, list=15%, signal=32%",IL4I1/HLA-A/HLA-DRB1/HAVCR2/LAG3/TGFB1/CD226/CD274/YWHAG/CRTAM/PDCD1/HSPD1/PRF1,0.2878571172551493
GO:1904668,positive regulation of ubiquitin protein ligase activity,5,0.9517385131377307,1.4102904879127685,0.010707505526624101,0.20039035055688922,0.09741852542690645,330,"tags=40%, list=2%, signal=39%",UBE2C/CDC20,0.3807304007227924
GO:0001915,negative regulation of T cell mediated cytotoxicity,8,0.8802864061726992,1.4098768832774906,0.027007990750479282,0.30212293160500747,0.14687518841511446,1798,"tags=62%, list=9%, signal=57%",KLRD1/PTPRC/LILRB1/NCKAP1L/FCGR2B,0.35248785758361917
GO:0019395,fatty acid oxidation,90,-0.5706965596365103,-1.4098733823865834,0.02740043139214919,0.303738804136892,0.14766073481940276,1819,"tags=20%, list=9%, signal=18%",PPARGC1A/AKT2/ETFBKMT/CYGB/TWIST1/ADH5/LONP2/APPL2/IRS1/IRS2/ACADVL/CPT1A/BDH2/ADIPOQ/ACOX2/ECHDC2/ACACB/PDK4,0.35248785758361917
GO:1990138,neuron projection extension,123,-0.5577446018744068,-1.4097106467205023,0.019234342661014703,0.2616346684859404,0.12719207054444456,1011,"tags=16%, list=5%, signal=16%",VIM/SEMA6D/SEMA6C/RAB21/MAP1B/MAPT/NRN1/NRP1/CLSTN3/PLXNA4/RUFY3/ABL1/SEMA5A/OLFM1/TNN/SLIT2/SEMA3G/SLIT3/DCLK1/CXCL12,0.35248785758361917
GO:0045047,protein targeting to ER,41,0.6781510673434815,1.4094504280371782,0.04071661237785016,0.36674108036679615,0.17828890045611834,4142,"tags=51%, list=20%, signal=41%",SSR3/SEC61G/HSPA5/EDEM1/SEC61B/SRPRB/CHMP4B/RN7SL1/SEC61A1/SSR2/SRP9/SPCS2/SSR1/SSR4/SRP19/BHLHE40-AS1/TRAM1/SRP72/SPCS3/ZFAND2A/HERPUD1,0.2878571172551493
GO:0032465,regulation of cytokinesis,84,0.6058106530004149,1.4093146079771781,0.02066898502393054,0.26836860996403583,0.13046573440742035,2624,"tags=32%, list=13%, signal=28%",BIRC5/KIF14/KIF23/PLK1/PRC1/CDCA8/ECT2/AURKA/KIF20A/RHOA/NUP62/INCENP/ARF6/CIT/AURKB/PIN1/CHMP4C/CDC6/SH3GLB1/CALM2/CDC42/GIPC1/CALM1/WNK1/RBX1/KIF20B/AURKC,0.35248785758361917
GO:0044839,cell cycle G2/M phase transition,141,0.563232063718901,1.4088588798157817,0.017778602616124167,0.2534774148824288,0.12322647232387646,1876,"tags=23%, list=9%, signal=21%",BIRC5/CENPF/KIF14/CHEK1/CCNB1/MELK/CDK1/MACROH2A1/PLK1/FOXM1/NDC80/CCNA2/PKMYT1/CLSPN/ATF5/AURKA/DTL/GPR132/CDC7/BARD1/MASTL/AURKB/NEK2/BRCC3/RRM1/BLM/NBN/CHMP4C/RAD21/CHFR/CDC6/RRM2B,0.35248785758361917
GO:0031204,"post-translational protein targeting to membrane, translocation",11,0.8387266505271008,1.40866085331991,0.041990668740279936,0.3694886377521986,0.1796246084294208,2672,"tags=73%, list=13%, signal=63%",SSR3/SEC61G/HSPA5/SEC61B/SEC61A1/SSR2/SSR1/SSR4,0.2765005992544716
GO:0002218,activation of innate immune response,293,0.5258495481343717,1.4084973017023514,0.005391124714878644,0.1442184708513346,0.07011091467536384,3208,"tags=35%, list=16%, signal=30%",TREM2/MSR1/CLEC7A/RSAD2/HAVCR2/SLC15A3/S100A14/GBP5/OAS3/AIM2/OAS1/CTSS/IKBKE/TLR2/CD300A/TLR1/OASL/KLRD1/LYN/TYROBP/NOD2/IFIH1/RIPK2/HCK/MNDA/NAGK/NMI/PIK3AP1/MAPKAPK3/IRAK1/MAPKAPK2/ADCY7/PPT1/HSP90AA1/PTPN22/CYBA/TNIP2/ZBP1/TLR7/AURKB/IRF5/IRF2/SCIMP/ZDHHC12/TNFAIP3/ARRB2/EIF2AK2/CD300LF/TRAF2/CD274/BRCC3/IRF7/LAMP2/OTULIN/SLC19A1/WDFY1/AKT1/PRKDC/ZDHHC5/GBP2/PAK1/DDX41/C1QBP/LY96/UBQLN1/BIRC2/BIRC3/IFI35/CLEC4E/IRF1/NONO/TRAF3IP3/TLR10/P2RX7/KCNK6/PUM2/RIOK3/ZDHHC18/HSPA8/RNF34/TLR3/TNIP1/CGAS/NEK7/TNIP3/UNC93B1/SRC/TICAM1/SYK/NFKBIL1/PYCARD/PYHIN1/CYLD/LACC1/HSPD1/S100A9/IRAK2/MFHAS1/SLC15A4/RFTN1/NLRC3/MYD88,0.40701791892395395
GO:0000712,resolution of meiotic recombination intermediates,15,0.8091795594061415,1.4078917442575296,0.04603633426928161,0.3844636529318133,0.18690461913347634,2111,"tags=27%, list=10%, signal=24%",TOP2A/CENPS/RMI1/CENPX,0.3217759180753611
GO:0060740,prostate gland epithelium morphogenesis,5,0.949702186443889,1.4072730496910664,0.011253103704707244,0.20377018934069363,0.09906161307850185,4,"tags=20%, list=0%, signal=20%",SULF1,0.3807304007227924
GO:0090224,regulation of spindle organization,47,0.6734866784265457,1.407203342366273,0.02781910938542214,0.3044023783692495,0.14798332731473957,1741,"tags=26%, list=9%, signal=23%",TPX2/PLK1/SPAG5/CLTC/NUP62/TACC3/PSRC1/CHMP4B/BORA/RCC1/STIL/CHMP4C,0.35248785758361917
GO:1901222,regulation of non-canonical NF-kappaB signal transduction,80,0.6080428536605654,1.4070369237942062,0.02640571522916941,0.29820981633535343,0.14497285170910132,3172,"tags=38%, list=16%, signal=32%",LAPTM5/TREM2/HAVCR2/SPHK1/IL18/VCP/LGALS9/CD86/RHOA/SPI1/TRAF1/NOD2/NMI/C1QTNF3/PTPN22/EIF2AK2/ADIPOR1/TRIM26/TRIM21/IFI35/NDUFC2/NLRP2/IL1B/PYCARD/CYLD/AGER/UXT/AKIP1/ACTN4/NLRC3,0.35248785758361917
GO:0090713,immunological memory process,16,0.802120662989651,1.4069049731292824,0.04651722124282472,0.3844636529318133,0.18690461913347634,140,"tags=19%, list=1%, signal=19%",TNFSF4/HLA-DRA/HLA-DRB1,0.3217759180753611
GO:0072283,metanephric renal vesicle morphogenesis,11,0.8375761569191247,1.4067285726340248,0.041990668740279936,0.3694886377521986,0.1796246084294208,1228,"tags=27%, list=6%, signal=26%",KIF26B/STAT1/GREM1,0.2765005992544716
GO:0003206,cardiac chamber morphogenesis,84,-0.5862623247390344,-1.4066430889100052,0.025628547966482146,0.2939610201479774,0.1429073258079621,1961,"tags=26%, list=10%, signal=24%",RBPJ/FHL2/JAG1/TBX1/HAND2/SMAD4/BMPR1A/PARVA/ENG/MEF2C/PROX1/SHOX2/NOTCH2/CITED2/TEK/NRP1/TGFBR2/BMP4/SLIT2/SLIT3/CPE/TGFBR3,0.35248785758361917
GO:1903707,negative regulation of hemopoiesis,98,0.5873816274233916,1.406562938191398,0.028111832938214513,0.30582526868744264,0.14867505661336786,2610,"tags=40%, list=13%, signal=35%",INHBA/LILRB4/TNFSF4/PSMA7/PSMA4/LAG3/RUNX1/CDKN2A/LGALS1/FOXP3/SMAD7/C1QC/CTLA4/LYN/RUNX3/LILRB3/PSMA1/PSMB9/GPR137B/PSMB2/PSMB8/ZBTB7B/PSMA5/ASCL2/PSMB3/LILRB1/PSMB4/SOCS1/FCGR2B/PSMA3/FBN1/LOXL3/ID2/IRF1/CBFB/TMEM131L/TLR3/SLC4A2/ZNF675,0.35248785758361917
GO:0045842,positive regulation of mitotic metaphase/anaphase transition,16,0.8016490850434717,1.4060778340362374,0.04651722124282472,0.3844636529318133,0.18690461913347634,2329,"tags=50%, list=11%, signal=44%",UBE2C/DLGAP5/PLK1/CDC20/ANAPC11/NSMCE2/SKA1/SKA3,0.3217759180753611
GO:1902476,chloride transmembrane transport,96,0.6050862240235747,1.4054806147810277,0.011832417177744218,0.20895381397834203,0.10158160002978436,2894,"tags=21%, list=14%, signal=18%",CLIC1/SLC1A3/TTYH3/CLIC3/CLDN4/PACC1/CLIC4/SLC26A6/SLC1A4/GABRB2/APOL1/CLCN2/GABRD/SLC25A14/UCP2/SLC6A1/CLIC6/ANO10/SLC4A2/GLRB,0.3807304007227924
GO:0051620,norepinephrine uptake,8,0.8775306032859305,1.4054631575199643,0.02852241460402562,0.3061065789421753,0.14881181384807182,295,"tags=12%, list=1%, signal=12%",ACTB,0.35248785758361917
GO:0045649,regulation of macrophage differentiation,19,0.7672931352390202,1.4054148728046048,0.04258675078864353,0.3708007894870021,0.18026250285290815,2073,"tags=37%, list=10%, signal=33%",INHBA/TGFB1/FADD/C1QC/CASP8/HCLS1/ID2,0.2765005992544716
GO:0046174,polyol catabolic process,9,0.8671019323138706,1.405369919386577,0.03753753753753754,0.35662735653112554,0.17337217637280838,588,"tags=22%, list=3%, signal=22%",TPI1/GK,0.2878571172551493
GO:0032355,response to estradiol,98,-0.5651820678592785,-1.4049038049244524,0.029297731571896784,0.30929419796904534,0.15036145505762832,954,"tags=22%, list=5%, signal=22%",RAMP3/ESR1/IGFBP2/MAP1B/HPGD/CAT/STXBP1/EEF2/ALDH1A2/NCOA1/ZNF703/GHR/EGFR/SOCS2/TACR1/ADCYAP1R1/PTGFR/TXNIP/NR2F2/FGF10/SFRP1/DUSP1,0.35248785758361917
GO:2000110,negative regulation of macrophage apoptotic process,6,0.9266328683031836,1.404610393590804,0.01535644131558203,0.23367624065449216,0.11360025434658305,1476,"tags=83%, list=7%, signal=77%",CCR5/NOD2/CCL5/SELENOS/IRF7,0.3807304007227924
GO:0010948,negative regulation of cell cycle process,275,0.5253560505752474,1.4045036784699394,0.004929404650953216,0.13649756212044262,0.06635744280693825,2617,"tags=31%, list=13%, signal=27%",INHBA/BIRC5/CENPF/MAD2L1/CHEK1/CCNB1/CDK1/BUB1/KNL1/MACROH2A1/ZWINT/PLK1/BUB1B/SPC24/ZC3H12D/BRIP1/CDC20/NDC80/PKMYT1/CDCA8/CDKN2B/CLSPN/ATF5/DTL/DYNLT1/BUB3/GPR132/DYNLL1/H2AX/CDT1/LYN/DTX3L/E2F1/INCENP/CDC7/CDKN2D/DACT1/FBXO6/BARD1/NAA10/NUF2/STK38/AURKB/SPDL1/CDK2AP2/RFC4/TRIP13/PARP9/INTS7/NEK2/TTK/DNA2/RFWD3/BRCC3/BLM/GEN1/NBN/CHMP4C/TMSB4X/WDR76/PRKDC/RAD21/GMNN/TIMELESS/CHFR/CDC6/TIPRL/GPNMB/CDC45/SKA1/BRCA2/MAD2L2/DYNLRB1/RHNO1/ANAPC15/SKA3/RFC2/CCNF/ZW10/TIPIN/DBF4/RBX1/RAD51/RAD1/NABP2,0.40701791892395395
GO:0007178,cell surface receptor protein serine/threonine kinase signaling pathway,302,-0.4953863808130421,-1.4042924978270532,0.0037523960909306734,0.11704312864469966,0.05689979069466907,1764,"tags=25%, list=9%, signal=23%",RGMB/BMPR1A/STAT3/MAGI2/CDH5/APPL1/LATS1/LATS2/SMAD1/MAPK3/ARID4A/SPRED2/ENG/PDCD4/SAP30L/GLG1/PXN/NUMA1/TET1/BMP6/ZFYVE9/MEGF8/PPARG/INHBB/APPL2/FSTL3/VASN/TSC22D1/ZBTB7A/SMAD5/CITED2/PEG10/SMAD3/DAB2/CREBBP/FMOD/TFAP2B/CHRD/WWTR1/FSTL1/CCN1/ACVRL1/RBPMS/ZEB2/HPGD/ACVR2A/LRP1/GDF10/SPART/LTBP3/ID1/ZNF423/MAP1LC3A/ZNF703/TMEM100/LTBP4/TGFBR2/ATOH8/CRIM1/IL17RD/BMP4/SMAD9/GREM2/CAV1/CDKN1C/CHRDL1/RGMA/FOS/CLDN5/SPRY2/JUN/NFIA/SPRY1/TGFBR3,0.4317076958033464
GO:0038094,Fc-gamma receptor signaling pathway,34,0.7039957414484779,1.4042315245676704,0.049441786283891544,0.3871236879874116,0.18819777866925302,1799,"tags=44%, list=9%, signal=40%",FCGR3A/PLPP4/FCER1G/FCGR1A/LIMK1/LYN/PRKCD/CD247/HCK/FCGR2A/LCK/VAV1/MYO1G/FCGR2B/PAK1,0.25720646646883816
GO:1905666,regulation of protein localization to endosome,14,0.8219219556390164,1.4041303698556558,0.028538864195689847,0.3061065789421753,0.14881181384807182,1621,"tags=43%, list=8%, signal=39%",MSN/EZR/DTX3L/VEGFA/ABHD17C/SORL1,0.35248785758361917
GO:0002027,regulation of heart rate,88,-0.5728657069408183,-1.4038247254176937,0.041961439299137,0.3694886377521986,0.1796246084294208,1876,"tags=19%, list=9%, signal=18%",CAMK2D/ADM5/EDN1/GPD1L/NOS1AP/BIN1/SCN1B/SHOX2/CACNA1G/SCN4B/ADM/DMD/CACNA1D/CAV1/TAC1/EDNRB/ANK2,0.3217759180753611
GO:0071371,cellular response to gonadotropin stimulus,15,0.8065529954127846,1.4033217848226605,0.0485797529512683,0.3849684502962864,0.1871500232397604,1495,"tags=27%, list=7%, signal=25%",INHBA/CCNA2/NOTCH1/WT1,0.3217759180753611
GO:2000514,"regulation of CD4-positive, alpha-beta T cell activation",64,0.6396719146192484,1.4033137497715007,0.02608553020018223,0.29622262390703846,0.14400679044134085,3254,"tags=45%, list=16%, signal=38%",TNFSF4/HLA-DRA/HLA-DRB1/IL18/RUNX1/LGALS1/LGALS9/CD86/FOXP3/SMAD7/RUNX3/BATF/ZBTB7B/ASCL2/CD274/CD55/NCKAP1L/SOCS1/GPR65/LOXL3/NFKBID/CBFB/TWSG1/CD80/AGER/IL12RB1/MALT1/STAT5A/PRKCQ,0.35248785758361917
GO:0000725,recombinational repair,186,0.54018392142939,1.4031819806291572,0.014708518356138817,0.23182909731263576,0.11270227707314796,4966,"tags=42%, list=24%, signal=32%",CHEK1/ACTR2/PLK1/ACTB/RAD51AP1/PSMD14/FEN1/MCM2/RMI2/PPP4C/MCM4/GINS4/CDC7/RECQL4/SMC6/WAS/POLQ/RPA3/RAD54L/RFWD3/RECQL/RMI1/MCM7/NSMCE2/BLM/MCM6/GEN1/NBN/RAD21/TIMELESS/VPS72/C1QBP/CDC45/HELLS/ACTL6A/BRCA2/AP5S1/MRGBP/SIRT6/MAD2L2/XRCC2/RHNO1/SHLD1/TOP3A/GINS2/CGAS/RAD51/NABP2/MCM9/MCM3/MCM5/RNF138/RUVBL1/POLN/PRMT1/MAGEF1/SMCHD1/BRCA1/ZGRF1/SKP2/PARPBP/MORF4L1/ATM/HUS1/HELB/MORF4L2/NABP1/NSMCE3/FBH1/WRAP53/FANCB/XRCC6/ZNF365/MEAF6/PARP1/PPP4R2/RNF126/XRCC3,0.3807304007227924
GO:1901164,negative regulation of trophoblast cell migration,5,0.9469123663918348,1.4031390815600204,0.012344300991651099,0.21381848024636918,0.10394652734893027,464,"tags=60%, list=2%, signal=59%",ARHGDIB/CALR/TIMP1,0.3807304007227924
GO:0071608,macrophage inflammatory protein-1 alpha production,6,0.9255238095148265,1.4029292579927521,0.0158640808963966,0.2387236276849625,0.11605401023054075,404,"tags=33%, list=2%, signal=33%",TREM2/TRPV4,0.35248785758361917
GO:0071640,regulation of macrophage inflammatory protein 1 alpha production,6,0.9255238095148265,1.4029292579927521,0.0158640808963966,0.2387236276849625,0.11605401023054075,404,"tags=33%, list=2%, signal=33%",TREM2/TRPV4,0.35248785758361917
GO:0045651,positive regulation of macrophage differentiation,13,0.814345565229751,1.4029212328613625,0.04513328925925051,0.38252444519624285,0.18596188532633084,2682,"tags=46%, list=13%, signal=40%",TGFB1/FADD/CASP8/HCLS1/ID2/HSF1,0.3217759180753611
GO:0030316,osteoclast differentiation,83,0.604382592222445,1.4026119924872036,0.022063484208718193,0.27620382822303713,0.13427477714360334,2689,"tags=31%, list=13%, signal=27%",LILRB4/TREM2/CCN4/SNX10/OSCAR/SPI1/TYROBP/ATP6AP1/LILRB3/GPR137B/TFRC/UBASH3B/OSTM1/CORO1C/ANXA2/LILRB1/CCR1/FBN1/GPR183/TLR3/SBNO2/CAMK4/SLC4A2/ZNF675/SRC/CSF1R,0.35248785758361917
GO:0003231,cardiac ventricle development,82,-0.58153681992627,-1.4022914289479955,0.027905654739232868,0.30453074427894744,0.1480457316051812,1858,"tags=23%, list=9%, signal=21%",JAG1/HAND2/SMAD4/BMPR1A/MDM4/ENG/HECTD1/KCNK2/WNT11/MEF2C/PROX1/CITED2/TGFBR2/BMP4/PDE2A/SLIT2/SLIT3/CPE/TGFBR3,0.35248785758361917
GO:2000109,regulation of macrophage apoptotic process,9,0.8651394260803984,1.4021891546755925,0.03903903903903904,0.3611554736554737,0.17557349241416675,1476,"tags=67%, list=7%, signal=62%",CDKN2A/CCR5/NOD2/CCL5/SELENOS/IRF7,0.2820133500117251
GO:0000912,assembly of actomyosin apparatus involved in cytokinesis,9,0.8649891856800808,1.401945650040884,0.03903903903903904,0.3611554736554737,0.17557349241416675,1674,"tags=67%, list=8%, signal=61%",ANLN/IQGAP3/ECT2/PLEC/IQGAP1/RTKN,0.2820133500117251
GO:0000915,actomyosin contractile ring assembly,9,0.8649891856800808,1.401945650040884,0.03903903903903904,0.3611554736554737,0.17557349241416675,1674,"tags=67%, list=8%, signal=61%",ANLN/IQGAP3/ECT2/PLEC/IQGAP1/RTKN,0.2820133500117251
GO:0051048,negative regulation of secretion,133,0.5770651523817911,1.4018751023524711,0.012588264295784489,0.21381848024636918,0.10394652734893027,3011,"tags=26%, list=15%, signal=22%",INHBA/RSAD2/CD74/IDH2/SCT/APOE/TSPO/LGALS9/BMP8A/OSM/CD300A/SPI1/VAMP8/RHBDF2/HLA-F/NMB/CD84/NOTCH1/DRD4/LILRB1/GNAI2/NCKAP1L/IL11/NMU/FCGR2B/UCP2/CDK5/SYT11/RAP1A/IL1B/ADTRP/WDR41/DPH3/RAB11FIP1,0.3807304007227924
GO:0010992,ubiquitin recycling,13,0.8136064124703539,1.401647850718987,0.04616489619692195,0.3844636529318133,0.18690461913347634,1093,"tags=15%, list=5%, signal=15%",UBE2C/UBE2K,0.3217759180753611
GO:0007007,inner mitochondrial membrane organization,41,0.6742603662759753,1.4013641025132169,0.04560260586319218,0.3844636529318133,0.18690461913347634,4218,"tags=49%, list=21%, signal=39%",MICOS10/APOO/TMEM11/TIMM10/GHITM/IMMT/CHCHD3/AGK/TIMM8B/ROMO1/CHCHD10/MICU1/CHCHD6/TMEM126A/UQCC3/TIMM13/LETM1/TIMM8A/MICOS13/SLC25A46,0.27128855468895297
GO:0022411,cellular component disassembly,427,0.5048711910305321,1.4010872922482034,0.0014105589124564861,0.0700204884530991,0.03404002595841627,2519,"tags=22%, list=12%, signal=20%",MMP11/MMP9/CFL1/TOP2A/KLK4/CAPG/PLAU/TREM2/MICAL2/MMP1/TPX2/HMGA1/ADAM8/PLAUR/HPSE/MMP7/MMP13/CDK1/FAP/MMP14/C1QB/CAPZB/KIF2C/PLK1/DNASE2/STMN1/ATAD2/TRPV4/NME1/CTSS/PPP1CA/VCP/ITGB1/MMP3/AURKA/CIB1/WDR1/TGFB1/SMAD7/CLTC/KIF5B/VAMP8/BAX/C1QC/C1QA/MICAL1/TWF2/CASP3/SCIN/NEK6/ARF6/CKAP2/CHMP4B/SET/PLIN3/AURKB/XKR8/CARMIL2/CAPZA1/RNF7/TRAF2/PLEK2/SH3BP1/CLEC16A/PLXNC1/KIF18B/FSCN1/ITGAM/LAMP2/VMP1/ZNF598/CHMP4C/TOM1/PIF1/SMARCC1/KIF18A/TRIM21/UBQLN1/TGFBR1/BOK/JMJD4/PDPN/EIF4E2/STX1A/FURIN/CALM1/MID1IP1/ADAMTS4/HSPA8/TWF1/CKAP5/WNK1/SAYSD1/MAP1S/ADAM10/PLEK,0.45505986738722953
GO:1903224,regulation of endodermal cell differentiation,5,0.9451436082412532,1.4005181276312364,0.013026299814028714,0.2173096450532946,0.10564373545584675,243,"tags=60%, list=1%, signal=59%",COL5A2/COL5A1/MACROH2A1,0.3807304007227924
GO:0001788,antibody-dependent cellular cytotoxicity,9,0.8640297794518949,1.4003906763943987,0.03903903903903904,0.3611554736554737,0.17557349241416675,1798,"tags=56%, list=9%, signal=51%",FCGR3A/FCGR1A/FCGR2A/IGHG1/FCGR2B,0.2820133500117251
GO:0001794,type IIa hypersensitivity,9,0.8640297794518949,1.4003906763943987,0.03903903903903904,0.3611554736554737,0.17557349241416675,1798,"tags=56%, list=9%, signal=51%",FCGR3A/FCGR1A/FCGR2A/IGHG1/FCGR2B,0.2820133500117251
GO:0002445,type II hypersensitivity,9,0.8640297794518949,1.4003906763943987,0.03903903903903904,0.3611554736554737,0.17557349241416675,1798,"tags=56%, list=9%, signal=51%",FCGR3A/FCGR1A/FCGR2A/IGHG1/FCGR2B,0.2820133500117251
GO:0001906,cell killing,186,0.5388417709503942,1.3996956099825888,0.01523854096493928,0.2330592697791939,0.11330031778408954,1798,"tags=28%, list=9%, signal=26%",FCGR3A/CXCL11/CXCL13/CXCL10/HLA-A/HLA-B/CXCL9/TIGIT/HLA-C/HLA-DRA/LYZ/HLA-DRB1/HAVCR2/TUBB/GBP5/CCL22/FCGR1A/MICB/CCL11/TREM1/GRB2/CADM1/LGALS9/CCL17/TGFB1/SPI1/GBP1/KIF5B/CD2/RASGRP1/FADD/KLRD1/TYROBP/CCL18/GNLY/HLA-F/CTSH/FCGR2A/SLAMF6/CD226/PTPRC/STXBP2/ARRB2/CD55/LILRB1/ITGAM/VAV1/GZMB/NCKAP1L/GBP2/GZMA/IGHG1/FCGR2B,0.3807304007227924
GO:0042159,lipoprotein catabolic process,8,0.8738743184977812,1.399607209540598,0.02953203169553573,0.30929419796904534,0.15036145505762832,1002,"tags=38%, list=5%, signal=36%",CTSD/ABHD17C/PPT1,0.35248785758361917
GO:0046598,positive regulation of viral entry into host cell,12,0.8321807343132435,1.3990451739235916,0.03198412358067741,0.32314851620624874,0.15709664589747016,2326,"tags=58%, list=11%, signal=52%",P4HB/LGALS1/LGALS9/SMPD1/TRIM21/FURIN/BSG,0.3217759180753611
GO:0075294,positive regulation by symbiont of entry into host,12,0.8321807343132435,1.3990451739235916,0.03198412358067741,0.32314851620624874,0.15709664589747016,2326,"tags=58%, list=11%, signal=52%",P4HB/LGALS1/LGALS9/SMPD1/TRIM21/FURIN/BSG,0.3217759180753611
GO:0042270,protection from natural killer cell mediated cytotoxicity,5,0.9440479766113529,1.3988946156638467,0.01329909943739256,0.21963760305974017,0.10677545779483885,73,"tags=40%, list=0%, signal=40%",HLA-A/HLA-B,0.3807304007227924
GO:0002758,innate immune response-activating signaling pathway,273,0.5248499400551135,1.3987524545999797,0.00970310693576429,0.18903446092007428,0.09189793014746891,3208,"tags=35%, list=16%, signal=30%",TREM2/MSR1/CLEC7A/RSAD2/HAVCR2/SLC15A3/S100A14/GBP5/OAS3/AIM2/OAS1/CTSS/TLR2/CD300A/TLR1/OASL/KLRD1/LYN/TYROBP/NOD2/IFIH1/RIPK2/HCK/NAGK/NMI/PIK3AP1/MAPKAPK3/IRAK1/MAPKAPK2/ADCY7/PPT1/PTPN22/CYBA/TNIP2/TLR7/AURKB/IRF5/IRF2/SCIMP/ZDHHC12/TNFAIP3/ARRB2/EIF2AK2/CD300LF/TRAF2/CD274/BRCC3/IRF7/LAMP2/OTULIN/SLC19A1/WDFY1/AKT1/PRKDC/ZDHHC5/GBP2/PAK1/DDX41/C1QBP/LY96/UBQLN1/BIRC2/BIRC3/IFI35/CLEC4E/IRF1/TRAF3IP3/TLR10/P2RX7/KCNK6/PUM2/RIOK3/ZDHHC18/HSPA8/RNF34/TLR3/TNIP1/CGAS/NEK7/TNIP3/UNC93B1/SRC/TICAM1/SYK/NFKBIL1/PYCARD/CYLD/LACC1/HSPD1/S100A9/IRAK2/MFHAS1/SLC15A4/RFTN1/NLRC3/MYD88,0.3807304007227924
GO:0023035,CD40 signaling pathway,13,0.8117125404200687,1.3983851654105477,0.047712307048412665,0.3849684502962864,0.1871500232397604,2479,"tags=54%, list=12%, signal=47%",TREM2/ITGB1/TNIP2/TNFAIP3/TRAF2/TRAF5/ITGA5,0.3217759180753611
GO:0046602,regulation of mitotic centrosome separation,8,0.873088166576218,1.3983480995359632,0.02953203169553573,0.30929419796904534,0.15036145505762832,1552,"tags=50%, list=8%, signal=46%",CHEK1/KIF11/NEK2/CEP85,0.35248785758361917
GO:0071918,urea transmembrane transport,7,0.8978586299348879,1.3979062032893546,0.025920070899072334,0.2951262897753117,0.14347381440636112,171,"tags=14%, list=1%, signal=14%",AQP9,0.35248785758361917
GO:0097194,execution phase of apoptosis,78,0.615176469768803,1.3977805558385221,0.028781142888187353,0.3077450122655753,0.14960832804115734,1980,"tags=21%, list=10%, signal=19%",TOP2A/CTSD/FAP/DNASE2/NME1/XRCC4/BAX/FADD/CASP3/CASP8/XKR8/STK24/CXCR3/TP53BP2/BNIP1/BOK,0.35248785758361917
GO:0043376,"regulation of CD8-positive, alpha-beta T cell differentiation",8,0.8726996867658575,1.3977259057812865,0.02953203169553573,0.30929419796904534,0.15036145505762832,2609,"tags=100%, list=13%, signal=87%",LILRB4/RUNX1/RUNX3/ZBTB7B/NCKAP1L/SOCS1/CBFB/SLC4A2,0.35248785758361917
GO:0002221,pattern recognition receptor signaling pathway,261,0.5287082219396531,1.3969224935547842,0.007697827744228735,0.16846240770367238,0.08189695413352271,3208,"tags=35%, list=16%, signal=30%",TREM2/MSR1/CLEC7A/RSAD2/HAVCR2/SLC15A3/S100A14/GBP5/OAS3/AIM2/OAS1/CTSS/TLR2/CD300A/TLR1/OASL/LYN/NOD2/IFIH1/RIPK2/NAGK/NMI/PIK3AP1/MAPKAPK3/IRAK1/MAPKAPK2/ADCY7/PPT1/PTPN22/CYBA/TNIP2/TLR7/AURKB/IRF5/IRF2/SCIMP/ZDHHC12/TNFAIP3/ARRB2/EIF2AK2/CD300LF/TRAF2/CD274/BRCC3/IRF7/LAMP2/OTULIN/SLC19A1/WDFY1/AKT1/PRKDC/ZDHHC5/GBP2/DDX41/C1QBP/LY96/UBQLN1/BIRC2/BIRC3/IFI35/CLEC4E/IRF1/TRAF3IP3/TLR10/P2RX7/KCNK6/PUM2/RIOK3/ZDHHC18/HSPA8/RNF34/TLR3/TNIP1/CGAS/NEK7/TNIP3/UNC93B1/SRC/TICAM1/SYK/NFKBIL1/PYCARD/CYLD/LACC1/HSPD1/S100A9/IRAK2/MFHAS1/SLC15A4/RFTN1/NLRC3/MYD88,0.40701791892395395
GO:0071559,response to transforming growth factor beta,232,-0.5104190907851656,-1.3964541620793882,0.013237497104336164,0.21957311208441538,0.10674410590737508,1762,"tags=25%, list=9%, signal=24%",BMPR1A/STAT3/EDN1/CDH5/APPL1/LATS1/LATS2/SMAD1/ARID4A/SPRED2/ENG/SAP30L/GLG1/PXN/TET1/MEF2C/ZFYVE9/PPARG/NFKBIZ/APPL2/VASN/TSC22D1/SOX5/ZBTB7A/SMAD5/DDR2/CITED2/PEG10/SMAD3/DAB2/NR3C1/CREBBP/FMOD/ACVRL1/ZEB2/HPGD/SNRNP70/KMT2A/GDF10/LTBP3/ID1/ABL1/ZNF703/LTBP4/TGFBR2/IL17RD/ZFP36L1/PDE2A/SMAD9/ZFP36L2/CDKN1C/FOS/CLDN5/PDGFD/SFRP1/SPRY2/JUN/SPRY1/TGFBR3,0.3807304007227924
GO:0071353,cellular response to interleukin-4,23,0.7394459937930385,1.3960104815511778,0.04889589905362776,0.3853751313187372,0.18734772869521854,1540,"tags=30%, list=8%, signal=28%",LEF1/RUFY4/PARP14/IL2RG/PTPRC/CD300LF/IL4R,0.25720646646883816
GO:0009157,deoxyribonucleoside monophosphate biosynthetic process,9,0.8613187918789085,1.3959967980683072,0.042042042042042045,0.3694886377521986,0.1796246084294208,1291,"tags=44%, list=6%, signal=42%",TK1/TYMS/DCK/ADK,0.27128855468895297
GO:0035437,maintenance of protein localization in endoplasmic reticulum,10,0.8467605461594291,1.3957801424472598,0.04953560371517028,0.3871236879874116,0.18819777866925302,2026,"tags=50%, list=10%, signal=45%",HSPA5/KDELR3/KDELR1/INSIG2/KDELR2,0.2529611230696109
GO:0042554,superoxide anion generation,36,0.6904655015958916,1.3956711869964606,0.049019607843137254,0.38594644821177987,0.18762547085753836,1713,"tags=39%, list=8%, signal=36%",CLEC7A/ITGB2/CYBB/NOX4/TGFB1/GSTP1/TYROBP/PRKCD/NCF2/CYBA/ELAVL1/ITGAM/GNAI2/RAC2,0.26166352171157314
GO:0009060,aerobic respiration,253,0.5263196251722047,1.395493418863174,0.008899702984111895,0.18067950621859089,0.08783622076493033,3515,"tags=38%, list=17%, signal=32%",GAPDH/CCNB1/ENO1/CDK1/PKM/PGK1/MACROH2A1/UCHL1/IDH2/COX8A/ATP5F1E/TRPV4/COX7A2/TPI1/VCP/SHMT2/HIF1A/UQCR10/RHOA/SDHB/MDH2/NDUFS5/COX6C/ATP5MF/MTFR1/DHTKD1/NDUFS8/LDHA/GPI/NDUFS6/COX6B1/NDUFA7/HK1/UQCRH/NDUFA1/NDUFB9/SLC2A6/COX5A/HK3/PFKL/COX7B/PPIF/GHITM/CSKMT/UQCR11/ATP5F1C/FBP1/SURF1/SLC25A14/TIGAR/UQCRFS1/UCP2/UQCRQ/EIF6/FOXK2/NDUFB2/CYC1/DNAJC30/ENO2/NDUFA6/IDH1/SDHA/COX6A1/PGM1/TPK1/SIRT6/P2RX7/BPGM/NDUFB11/NDUFB3/COX5B/NDUFAB1/NDUFC2/UQCC2/PFKP/ADPGK/ATP5PD/ATP5F1B/CHCHD2/ACO2/SRC/PFKFB4/UQCRC1/STOML2/ABCD1/NDUFS3/MDH1/NDUFV2/ATP5F1D/C2orf69/SLC25A51/UQCRB/PFKFB2/PRKAG1/PDHA1/NDUFB5/UQCC3,0.3807304007227924
GO:1903509,liposaccharide metabolic process,106,0.5797065489282237,1.3952779323799012,0.027383101733124828,0.303738804136892,0.14766073481940276,5900,"tags=48%, list=29%, signal=34%",GAL3ST4/ST6GALNAC5/PRKCD/GM2A/ST8SIA4/GLB1/SMPD1/M6PR/PIGU/NAGA/GLTP/PIGW/AOAH/TM9SF2/B3GNT5/ST6GALNAC6/GLA/PIGS/SCCPDH/B4GALT4/GBGT1/B4GALT3/PLEKHA8/DEGS1/DPM1/DPM2/B3GALT4/FUCA1/PIGQ/CERK/B4GALNT1/HEXB/PIGF/SPTSSA/PIGA/ST6GALNAC4/HEXA/PIGK/NEU1/FUT4/SCARB2/PIGO/ST3GAL6/DPM3/B4GALT6/PIGM/PIGP/SUMF2/PIGB/UGCG/B3GALNT1,0.35248785758361917
GO:0038007,netrin-activated signaling pathway,8,0.8708352628559073,1.3947398228964023,0.030036840562066913,0.31309848785632105,0.15221088697930002,89,"tags=12%, list=0%, signal=12%",UNC5B,0.35248785758361917
GO:0033594,response to hydroxyisoflavone,4,0.981040449359418,1.3945540845164899,0.0038582242995734784,0.11808197001063041,0.05740481697832096,211,"tags=25%, list=1%, signal=25%",MMP14,0.4317076958033464
GO:0033595,response to genistein,4,0.981040449359418,1.3945540845164899,0.0038582242995734784,0.11808197001063041,0.05740481697832096,211,"tags=25%, list=1%, signal=25%",MMP14,0.4317076958033464
GO:0048524,positive regulation of viral process,60,0.6313584180302734,1.3938933732256609,0.03653059395351175,0.35028924072501666,0.17029094070402395,2984,"tags=33%, list=15%, signal=29%",TOP2A/P4HB/KPNA2/PABPC1/LGALS1/LGALS9/ADAR/CCL5/IFIT1/SMPD1/NOTCH1/PPIH/TMEM250/SRPK1/TRIM21/FURIN/BSG/SRPK2/LARP1/RAD23A,0.3217759180753611
GO:1902106,negative regulation of leukocyte differentiation,95,0.5934418375435744,1.3938294232071031,0.02324310173204146,0.2799143360954875,0.1360786175207198,2610,"tags=41%, list=13%, signal=36%",INHBA/LILRB4/TNFSF4/PSMA7/PSMA4/LAG3/RUNX1/CDKN2A/LGALS1/FOXP3/SMAD7/C1QC/CTLA4/LYN/RUNX3/LILRB3/PSMA1/PSMB9/GPR137B/PSMB2/PSMB8/ZBTB7B/PSMA5/ASCL2/PSMB3/LILRB1/PSMB4/SOCS1/FCGR2B/PSMA3/FBN1/LOXL3/ID2/IRF1/CBFB/TMEM131L/TLR3/SLC4A2/ZNF675,0.35248785758361917
GO:0051251,positive regulation of lymphocyte activation,270,0.5254062806858967,1.3932762560928291,0.009703097331721281,0.18903446092007428,0.09189793014746891,2982,"tags=38%, list=15%, signal=33%",FCGR3A/LILRB4/IL4I1/HLA-A/B2M/TNFSF4/CLEC7A/HLA-DRA/HLA-DQB1/HLA-DRB1/ADAM8/HLA-DPB1/HAVCR2/HLA-DQA1/MMP14/CD74/LEF1/EPHB2/THY1/ACTB/IL18/RUNX1/HLA-DPA1/DUSP10/HLA-DMB/CARD11/TNFSF13B/CD24/LGALS9/CD86/ICOS/TGFB1/FOXP3/TNFRSF4/CD276/RHOA/SPI1/IL2RA/RASGRP1/FADD/LYN/TYROBP/NOD2/AIF1/RUNX3/IL2RG/CCL5/CD4/PNP/TFRC/SMARCA4/CD6/TNIP2/SIRPG/HLA-DOA/PTPRC/SOX4/ZBTB7B/CSK/CCDC88B/CD274/CD38/CD55/HLA-DOB/LCK/VNN1/CCR7/VAV1/HLA-DMA/AKT1/NCKAP1L/SOCS1/GPR65/PRKDC/SMARCB1/LILRB2/SMARCC1/ACTL6A/FCHO1/CD3E/NFKBID/CBFB/MAD2L2/GPR183/YWHAG/SHLD1/ZAP70/HLA-DQA2/CD70/RHOH/SRC/IL1B/SYK/CD80/TCF3/PYCARD/PTPN6/HSPH1/HSPD1/HLA-DQB2/AGER/EBI3,0.3807304007227924
GO:1990845,adaptive thermogenesis,157,-0.5369057588100274,-1.3929881487397338,0.010623527091706985,0.19977934305623607,0.09712148792199173,598,"tags=11%, list=3%, signal=11%",EPAS1/CLSTN3/ARRDC3/ALPL/ADIPOQ/ADRB2/ID1/ZNF423/THRA/PER2/OXTR/ADAMTS5/CAV1/ALDH1A1/LEPR/NOVA1/CD36/FABP4,0.3807304007227924
GO:0042692,muscle cell differentiation,317,-0.4827746041748197,-1.3929735545051842,0.006541730587385691,0.15900468160611475,0.07729913927988748,1847,"tags=25%, list=9%, signal=23%",RPL41/TBX1/SMAD4/MAPK11/LAMB2/BMPR1A/EDN1/RPL37A/RPL19/RCAN1/SCGB3A1/ENG/PDCD4/RPL9/MECP2/BIN1/RPL7A/NOTCH4/RPL12/DLL1/OBSL1/RPL18/MEF2C/PROX1/SMARCD3/CAV2/LAMC1/OBSCN/RPL23/RAMP2/SHOX2/KDM6B/NOTCH2/HDAC4/NID1/MYOM2/RPL35A/EHD2/PDGFRB/SORBS2/TBX3/TTN/CD81/RPL15/FZD7/RPL35/RPL4/LAMB1/DOCK1/TMOD1/CAMK1/SYNE1/RPL11/MEIS1/RPL5/ADM/KAT2A/RPL32/ADAMTS15/CARMN/BMP4/LMOD1/TNNT3/RPL31/DMD/RPL34/RPL13/ADAMTS5/TBX18/PGM5/MYH11/PDGFRA/KIT/MRTFB/LAMA2/EDNRB/IGF1/ANK2,0.40701791892395395
GO:0048639,positive regulation of developmental growth,100,-0.5604837587283193,-1.391918157401376,0.032946098484939124,0.32990675001954417,0.1603821193284605,1372,"tags=20%, list=7%, signal=19%",DLL1/MEF2C/SMO/AGR2/PROX1/MEGF8/EFNA5/VIM/MAP1B/MAPT/PLCB1/NRP1/RUFY3/GHR/SEMA5A/FGF2/ACACB/IGF1/CXCL12/TGFBR3,0.3217759180753611
GO:0050679,positive regulation of epithelial cell proliferation,144,-0.5295527132782977,-1.3915607927415785,0.029192531092318574,0.30929419796904534,0.15036145505762832,1328,"tags=22%, list=6%, signal=21%",BMP6/PROX1/AKT3/LAMC1/OSR2/NOTCH2/ARNT/FZD7/LAMB1/ACVRL1/FGF7/TEK/NRP1/MYC/PTN/GATA2/FGFR1/ZNF703/SEMA5A/EGFL7/BMP4/EGFR/AGTR1/FGF2/TACR1/EGR3/TCF7L2/NR4A1/OSR1/FGF10/IGF1/CXCL12,0.35248785758361917
GO:0000724,double-strand break repair via homologous recombination,180,0.5429529278709913,1.3915150670482372,0.015544000904169289,0.23564936938704317,0.11455947863591835,2617,"tags=26%, list=13%, signal=23%",CHEK1/ACTR2/PLK1/ACTB/RAD51AP1/PSMD14/FEN1/MCM2/RMI2/PPP4C/MCM4/GINS4/CDC7/RECQL4/SMC6/WAS/POLQ/RPA3/RAD54L/RFWD3/RECQL/RMI1/MCM7/NSMCE2/BLM/MCM6/GEN1/NBN/RAD21/TIMELESS/VPS72/C1QBP/CDC45/HELLS/ACTL6A/BRCA2/AP5S1/MRGBP/SIRT6/MAD2L2/XRCC2/SHLD1/TOP3A/GINS2/CGAS/RAD51/NABP2,0.3807304007227924
GO:0032526,response to retinoic acid,90,-0.5632562381511312,-1.3914924914533768,0.03214687196809315,0.3234952839211944,0.15726522487026892,884,"tags=14%, list=4%, signal=14%",FZD7/IGFBP2/SNRNP70/NTRK3/RXRA/ALDH1A2/NCOA1/FZD4/MEST/KLF4/OSR1/DUSP1/AQP1,0.3217759180753611
GO:0048675,axon extension,84,-0.5799260549443204,-1.3914402185564119,0.029710872296487827,0.31049577838986825,0.15094559592296,1011,"tags=20%, list=5%, signal=19%",VIM/SEMA6D/SEMA6C/RAB21/MAP1B/MAPT/NRP1/PLXNA4/RUFY3/ABL1/SEMA5A/OLFM1/SLIT2/SEMA3G/SLIT3/DCLK1/CXCL12,0.35248785758361917
GO:0045333,cellular respiration,283,0.5223743961660803,1.3912801764385592,0.0039650341005259,0.11921168804225542,0.05795402238907677,3651,"tags=38%, list=18%, signal=32%",GAPDH/CCNB1/ENO1/CDK1/PKM/PGK1/MACROH2A1/UCHL1/IDH2/COX8A/ATP5F1E/OAS1/TRPV4/COX7A2/TPI1/VCP/SHMT2/HIF1A/UQCR10/RHOA/SDHB/MDH2/NDUFS5/COX6C/PLEC/ATP5MF/MTFR1/DHTKD1/NDUFS8/LDHA/GPI/NDUFS6/COX6B1/NDUFA7/HK1/UQCRH/NDUFA1/NDUFB9/SLC2A6/COX5A/HK3/PFKL/COX7B/PPIF/GHITM/OPN3/HIGD2A/CSKMT/UQCR11/ATP5F1C/FBP1/PRELID1/SURF1/SLC25A14/TIGAR/UQCRFS1/UCP2/UQCRQ/EIF6/FOXK2/NDUFB2/CYC1/DNAJC30/ENO2/HCCS/NDUFA6/IDH1/SDHA/COX6A1/PGM1/TPK1/SIRT6/P2RX7/BPGM/PUM2/NDUFB11/NDUFB3/COX5B/NDUFAB1/NDUFC2/UQCC2/PFKP/ADPGK/ATP5PD/ATP5F1B/CHCHD2/ACO2/SRC/PFKFB4/UQCRC1/STOML2/ABCD1/NDUFS3/MDH1/NDUFV2/ATP5F1D/C2orf69/SLC25A51/UQCRB/PFKFB2/PRKAG1/PDHA1/NDUFB5/UQCC3/NDUFA9/IDH3G/STARD7/SLC25A13,0.40701791892395395
GO:0002753,cytoplasmic pattern recognition receptor signaling pathway,176,0.5423722192230529,1.3912149851575022,0.01969585505221229,0.26543933496630556,0.1290416855445098,3322,"tags=39%, list=16%, signal=33%",TREM2/MSR1/RSAD2/HAVCR2/SLC15A3/GBP5/OAS3/OAS1/OASL/LYN/NOD2/IFIH1/RIPK2/NAGK/PIK3AP1/IRAK1/ADCY7/PPT1/PTPN22/TNIP2/TLR7/AURKB/IRF5/IRF2/SCIMP/ZDHHC12/TNFAIP3/EIF2AK2/BRCC3/IRF7/LAMP2/OTULIN/SLC19A1/WDFY1/AKT1/PRKDC/ZDHHC5/GBP2/DDX41/C1QBP/UBQLN1/BIRC2/BIRC3/IRF1/TRAF3IP3/P2RX7/KCNK6/PUM2/RIOK3/ZDHHC18/HSPA8/RNF34/TLR3/CGAS/NEK7/UNC93B1/SRC/TICAM1/SYK/PYCARD/CYLD/LACC1/IRAK2/SLC15A4/RFTN1/NLRC3/MYD88/STMP1/DDX60,0.35248785758361917
GO:1901142,insulin metabolic process,12,0.8274810366371385,1.3911441386297614,0.03467180424956074,0.34121501459418424,0.16587956197945292,42,"tags=17%, list=0%, signal=17%",CTSD/P4HB,0.3217759180753611
GO:0006270,DNA replication initiation,38,0.6842333465627983,1.3908317288626488,0.05,0.3880362249761678,0.18864140286370695,3262,"tags=50%, list=16%, signal=42%",ORC6/MCM2/DTL/MCM4/CDT1/MCM10/POLA2/MCM7/MCM6/NBN/PRIM2/GMNN/CDC6/CDC45/RBX1/MCM3/ORC5/MCM5/LRWD1,0.26166352171157314
GO:0022409,positive regulation of cell-cell adhesion,278,0.5169166946352908,1.390711156006706,0.009705982639060442,0.18903446092007428,0.09189793014746891,2296,"tags=32%, list=11%, signal=28%",CXCL13/LILRB4/IL4I1/HLA-A/ADAM19/B2M/TNFSF4/HLA-DRA/HLA-DQB1/HLA-DRB1/ADAM8/PLAUR/ITGB2/HLA-DPB1/HAVCR2/HLA-DQA1/LEF1/THY1/ACTB/IL18/RUNX1/HLA-DPA1/DUSP10/HLA-DMB/CARD11/CD24/LGALS9/CD86/ICOS/TGFB1/FOXP3/SMAD7/F11R/CD276/RHOA/GCNT1/IL2RA/RASGRP1/FADD/LYN/NOD2/AIF1/PKP3/RUNX3/IL2RG/CCL5/CD4/ALOX5/PNP/IRAK1/TFRC/SMARCA4/CD6/SIRPG/HLA-DOA/PTPRC/SOX4/ZBTB7B/CSK/PIEZO1/CCDC88B/GCNT2/ITGA4/CD274/CD55/HLA-DOB/LCK/VNN1/CCR7/VAV1/HLA-DMA/AKT1/NCKAP1L/SOCS1/GPR65/CEACAM6/SMARCB1/LILRB2/SMARCC1/ACTL6A/PDPN/FCHO1/CD3E/NFKBID/CBFB/CD44/YWHAG/FUT7,0.3807304007227924
GO:0009144,purine nucleoside triphosphate metabolic process,228,0.5341970463052033,1.3899353573553666,0.007474801204025783,0.16717680385157666,0.08127196579847429,2787,"tags=32%, list=14%, signal=28%",GAPDH/TREM2/ENO1/PKM/PGK1/UCHL1/ATP6V1B2/ATP5F1E/ATP5MC3/TPI1/NME1/VCP/TSPO/TGFB1/ENPP1/HIF1A/SDHB/MAP2K1/NDUFS5/ATP6V1A/ATP5MF/DHTKD1/NDUFS8/LDHA/GPI/NADK/NDUFS6/ENTPD7/NDUFA7/HK1/NDUFA1/NDUFB9/SLC2A6/HK3/EFL1/PFKL/ATP5F1C/FBP1/TMSB4X/OLA1/VPS9D1/TIGAR/UCP2/EIF6/FOXK2/NDUFB2/DNAJC30/ENO2/NDUFA6/SDHA/IMPDH1/PGM1/GUK1/SIRT6/P2RX7/BPGM/NDUFB11/HSPA8/NDUFB3/NDUFAB1/NDUFC2/NUDT5/PFKP/ADPGK/ATP5PD/ITPA/ATP5F1B/SRC/PFKFB4/AK2/NUDT2/ATP5MC1,0.40701791892395395
GO:1990036,calcium ion import into sarcoplasmic reticulum,5,0.9378756765520223,1.3897484731656102,0.017070556298623297,0.2494998183610274,0.12129278845745638,500,"tags=20%, list=2%, signal=20%",PLN,0.35248785758361917
GO:0030263,apoptotic chromosome condensation,4,0.9776191168359157,1.3896906425980098,0.004920094320841312,0.13649756212044262,0.06635744280693825,20,"tags=25%, list=0%, signal=25%",TOP2A,0.40701791892395395
GO:0051307,meiotic chromosome separation,9,0.8572290025805208,1.3893682038484265,0.04954954954954955,0.3871236879874116,0.18819777866925302,1811,"tags=56%, list=9%, signal=51%",KNL1/ZWINT/NCAPH/TTK/CHFR,0.24891111443470246
GO:0010803,regulation of tumor necrosis factor-mediated signaling pathway,60,0.6291880502798558,1.3891017031720516,0.04120443740095087,0.3694886377521986,0.1796246084294208,4095,"tags=42%, list=20%, signal=33%",LAPTM5/SPHK1/GSTP1/CDK5R1/MAPKAPK2/CASP8/UBE2K/TNFAIP3/TRAF2/OTULIN/SPATA2/CARD16/TRAIP/ADAM10/RFFL/ZNF675/SYK/PYCARD/CYLD/NRDC/F2RL1/CPNE1/SPPL2A/ANXA4/TANK,0.2820133500117251
GO:0003073,regulation of systemic arterial blood pressure,68,-0.5919741627950912,-1.3881617823232741,0.049915084094033085,0.3880362249761678,0.18864140286370695,1705,"tags=26%, list=8%, signal=24%",EDN1/ENPEP/ENG/KL/PCSK5/PDE1C/MME/CMA1/ADM/ADRB2/CPA3/OXTR/AGTR1/TACR1/TAC1/NR2F2/EDNRB/CTSG,0.3217759180753611
GO:0000101,sulfur amino acid transport,12,0.8256087904020275,1.3879965566783596,0.036821951851133086,0.3522532432668325,0.17124572835236473,1038,"tags=42%, list=5%, signal=40%",SLC7A5/MFSD12/SLC7A11/SLC43A2/SLC1A4,0.3217759180753611
GO:0022407,regulation of cell-cell adhesion,429,0.49808364837460273,1.387851404713217,0.0029109031800546494,0.10139293433010851,0.04929154584388123,3156,"tags=38%, list=15%, signal=33%",LAPTM5/CXCL13/LILRB4/IL4I1/HLA-A/ADAM19/B2M/TNFSF4/TIGIT/HLA-DRA/HLA-DQB1/HLA-DRB1/ADAM8/PLAUR/ITGB2/HLA-DPB1/PSMA7/HAVCR2/HLA-DQA1/LEF1/PSMA4/THY1/LAG3/ACTB/IL18/RUNX1/HLA-DPA1/TENM3/CD9/DUSP10/TRPV4/CDKN2A/HLA-DMB/LGALS1/CARD11/CD24/LGALS9/CD86/ICOS/TGFB1/IL1RN/FOXP3/SMAD7/F11R/CD276/RHOA/CD300A/SPI1/GCNT1/MAP2K1/EPCAM/IL2RA/RASGRP1/FADD/CTLA4/LYN/FXYD5/NOD2/PAG1/PRKCD/AIF1/PKP3/RUNX3/VEGFA/IL2RG/CCL5/PSMA1/CD4/SPINT2/ALOX5/PNP/PSMB9/IRAK1/TFRC/SPN/PTPN22/SMARCA4/CD6/FERMT3/SIRPG/HLA-DOA/PTPRC/PSMB2/PSMB8/SOX4/ZBTB7B/CSK/PSMA5/PIEZO1/BTN2A2/CCDC88B/NOTCH1/GCNT2/ITGA4/ASCL2/CD274/CD55/PSMB3/GNRH1/HLA-DOB/LILRB1/PSMB4/LCK/VNN1/CCR7/VAV1/HLA-DMA/AKT1/NCKAP1L/SOCS1/GPR65/CEACAM6/SMARCB1/LILRB2/SMARCC1/PSMA3/SH2B3/GPNMB/ACTL6A/PDPN/PLA2G2D/FCHO1/LOXL3/CD3E/NFKBID/IRF1/CBFB/MAD2L2/CD44/YWHAG/SFN/FUT7/TWSG1/ZAP70/WNK1/HLA-DQA2/TMEM131L/CD70/RHOH/SLC4A2/SRC/IL1B/SYK/TMX1/CD80/ADTRP/PYCARD/CRTAM/PDCD1/PTPN6/HSPH1/HSPD1/HLA-DQB2/AGER/ZDHHC2/EBI3/ADA/IL12RB1/CTNNB1/MALT1/CBL/PSMB1/STAT5A/LAX1,0.4317076958033464
GO:0002209,behavioral defense response,15,0.7976460044774306,1.3878245087752221,0.03834355828220859,0.36062740730845305,0.1753167762364099,1456,"tags=27%, list=7%, signal=25%",EPHB2/APOE/NPAS2/DRD4,0.2878571172551493
GO:0042113,B cell activation,211,0.5321598556415987,1.387720116615343,0.013307947059425439,0.21963760305974017,0.10677545779483885,1798,"tags=25%, list=9%, signal=23%",INHBA/LAPTM5/IL4I1/TNFSF4/SMC4/SLAMF8/MMP14/CD74/EZH2/EPHB2/SLC25A5/GAPT/CDKN2A/SLC39A7/TNFSF13B/ITGB1/CD86/NCAPH/TGFB1/TNFRSF4/CD300A/SPI1/THEMIS2/RASGRP1/CD180/NFAM1/CTLA4/LYN/TYROBP/NOD2/MNDA/BST2/SAMSN1/TFRC/TNIP2/CASP8/BATF/LAT2/PTPRJ/PTPRC/IRF8/TNFAIP3/TPD52/ITGA4/CD38/VAV1/NCKAP1L/IL11/CTPS1/SMC2/NBN/SPIB/FCGR2B,0.3807304007227924
GO:0032527,protein exit from endoplasmic reticulum,43,0.6578366189878212,1.3876939209114523,0.04862236628849271,0.3849684502962864,0.1871500232397604,3751,"tags=51%, list=18%, signal=42%",VCP/SEC13/EDEM1/HM13/SEC61B/SELENOS/SVIP/DERL1/SORL1/SEC24A/SEC31A/EDEM2/ERLEC1/UBAC2/SEL1L/RHBDD1/UBE2J1/BCAP31/YOD1/AUP1/UFD1/SEC16A,0.26166352171157314
GO:0030111,regulation of Wnt signaling pathway,287,-0.4909345958464673,-1.3872531544926767,0.011087614697548083,0.20296474501906167,0.09867005131962071,1648,"tags=20%, list=8%, signal=19%",LATS1/LATS2/TCF7L1/DIXDC1/PFDN5/NPHP3/DKK2/LRRK2/LRP4/USP8/KREMEN1/WNT11/DDX3X/ZNRF3/JADE1/RACK1/CRBN/TLE1/TRABD2B/SMAD3/MCC/DAB2/FZD7/DAAM2/WWTR1/APCDD1/SOX13/IGFBP2/AXIN2/ZEB2/LRP1/SOX17/BICC1/WLS/RECK/ZNF703/MEST/FRZB/SEMA5A/EGFR/TLE2/TBX18/HIC1/CDON/TMEM88/NFATC4/CAV1/IGFBP4/TCF7L2/PLEKHA4/RSPO3/RBMS3/ADGRA2/IGFBP6/SFRP1/EGR1/GPC3,0.3807304007227924
GO:0070269,pyroptotic inflammatory response,39,0.6713146321185253,1.3872219183774452,0.04821150855365474,0.3849684502962864,0.1871500232397604,2782,"tags=46%, list=14%, signal=40%",TREM2/IFI27/GBP5/AIM2/GBP1/TRAF1/CASP3/ZBP1/CASP8/TRAF2/GZMB/ZDHHC5/GBP2/GZMA/TRIM21/DPP9/GSDMB/PYCARD,0.25720646646883816
GO:0046719,regulation by virus of viral protein levels in host cell,8,0.8660328558375272,1.3870482323051745,0.0380517503805175,0.36005236482004016,0.17503722289901955,894,"tags=38%, list=4%, signal=36%",STAT1/DYNLT1/IFIT1,0.2878571172551493
GO:0019405,alditol catabolic process,6,0.9148027125829093,1.3866779844880244,0.021448133758562093,0.2728269639507094,0.13263313553230438,588,"tags=33%, list=3%, signal=32%",TPI1/GK,0.35248785758361917
GO:0043650,dicarboxylic acid biosynthetic process,13,0.8049044940042736,1.3866565414960428,0.038880248833592534,0.3611554736554737,0.17557349241416675,1817,"tags=46%, list=9%, signal=42%",KMO/IDO1/GLS/FOLH1/KYNU/MTHFD1L,0.2878571172551493
GO:1902749,regulation of cell cycle G2/M phase transition,106,0.5760744529093379,1.3865359517471039,0.041666666666666664,0.3694886377521986,0.1796246084294208,1876,"tags=24%, list=9%, signal=22%",CENPF/KIF14/CHEK1/CCNB1/CDK1/MACROH2A1/PLK1/PKMYT1/CLSPN/ATF5/AURKA/DTL/GPR132/CDC7/BARD1/AURKB/BRCC3/RRM1/BLM/NBN/CHMP4C/RAD21/CHFR/CDC6/RRM2B,0.2765005992544716
GO:0046683,response to organophosphorus,105,-0.5592205288054544,-1.3862972533232556,0.029387330757242265,0.30929419796904534,0.15036145505762832,1487,"tags=17%, list=7%, signal=16%",ASS1/NT5E/ASPH/MMP19/INHBB/TAT/AHR/RYR3/CDO1/ZFP36L1/LPAR1/PER1/PDE2A/FOS/RAPGEF3/DUSP1/FOSB/AQP1,0.35248785758361917
GO:0000018,regulation of DNA recombination,113,0.5699522601863103,1.3860075602359962,0.02759603409496872,0.303738804136892,0.14766073481940276,4918,"tags=42%, list=24%, signal=32%",TNFSF4/CHEK1/ACTR2/PLK1/ACTB/KPNA2/RAD51AP1/TGFB1/RMI2/PPP4C/TFRC/WAS/POLQ/BLM/NBN/TIMELESS/VPS72/C1QBP/ACTL6A/MRGBP/SIRT6/MAD2L2/SHLD1/CGAS/RAD51/SLC15A4/RUVBL1/PRMT1/MAGEF1/IL7R/SMCHD1/SKP2/PARPBP/MORF4L1/MSH2/HELB/MORF4L2/ERCC2/FBH1/WRAP53/FANCB/ZNF365/MEAF6/PARP1/PPP4R2/H1-3/RNF126,0.35248785758361917
GO:1990349,gap junction-mediated intercellular transport,3,0.9942353099515472,1.3859897146009617,0.0017700526021021642,0.07831520779192239,0.03807245229318037,22,"tags=33%, list=0%, signal=33%",GJB2,0.45505986738722953
GO:0000727,double-strand break repair via break-induced replication,12,0.8239775184267923,1.3852540957077955,0.04051863857374392,0.36570092752644046,0.17778323660731293,3244,"tags=83%, list=16%, signal=70%",MCM2/MCM4/GINS4/CDC7/MCM7/MCM6/CDC45/GINS2/MCM3/MCM5,0.2878571172551493
GO:0048589,developmental growth,334,-0.485008678474171,-1.38484465803447,0.005762184216575896,0.1477212438677331,0.0718137660412824,1402,"tags=16%, list=7%, signal=15%",KCNK2/DLL1/CPQ/BBS2/MEF2C/SMO/WASF1/AGR2/PROX1/MEGF8/DDR2/EFNA5/ANXA1/VIM/SEMA6D/SORBS2/SEMA6C/CD81/RAB21/NR5A2/FGF7/MAP1B/S1PR1/MEIS1/DUSP6/MAPT/NRN1/PLCB1/NRP1/CLSTN3/PLXNA4/RUFY3/PTN/ABL1/GHR/SEMA5A/BMP4/FGF2/OLFM1/TNN/ACACB/SLIT2/SEMA3G/RGMA/SLIT3/DCLK1/FGF10/IGF1/LEPR/FBLN5/CXCL12/TGFBR3/APOD,0.40701791892395395
GO:0009221,pyrimidine deoxyribonucleotide biosynthetic process,8,0.8643414487426012,1.3843392551511187,0.0395738203957382,0.3626172658960034,0.17628413364093817,495,"tags=38%, list=2%, signal=37%",TK1/TYMS/CMPK2,0.2820133500117251
GO:0009612,response to mechanical stimulus,185,-0.5195273989263081,-1.3843069665143513,0.00923222496275306,0.1842145672102271,0.08955476872965189,1093,"tags=17%, list=5%, signal=16%",PKD1/DDR2/NTRK1/TNFRSF1A/TTN/SCN9A/IGFBP2/MAP1B/TEK/SUN1/PTN/BTG2/SHANK3/KRT5/MEIS2/DMD/FGF2/PTGER4/USP53/JUND/PDE2A/PPL/TACR1/KIT/NRXN2/FOS/TXNIP/FOSB/GSN/CXCL12/AQP1,0.3807304007227924
GO:0006231,dTMP biosynthetic process,5,0.9341036114810531,1.3841590098666652,0.019758781106692196,0.26543933496630556,0.1290416855445098,83,"tags=40%, list=0%, signal=40%",TK1/TYMS,0.35248785758361917
GO:0009177,pyrimidine deoxyribonucleoside monophosphate biosynthetic process,5,0.9341036114810531,1.3841590098666652,0.019758781106692196,0.26543933496630556,0.1290416855445098,83,"tags=40%, list=0%, signal=40%",TK1/TYMS,0.35248785758361917
GO:0046634,regulation of alpha-beta T cell activation,92,0.5963050708585573,1.3832631805509328,0.02517324534200278,0.29027675684028986,0.1411162440631478,3521,"tags=49%, list=17%, signal=41%",LILRB4/HLA-A/TNFSF4/HLA-DRA/HLA-DRB1/ZNF683/IL18/RUNX1/LGALS1/LGALS9/CD86/FOXP3/SMAD7/RHOA/CD300A/RUNX3/PNP/BATF/ZBTB7B/ASCL2/CD274/CD55/LILRB1/NCKAP1L/SOCS1/GPR65/LOXL3/NFKBID/IRF1/CBFB/TWSG1/SLC4A2/CD80/CRTAM/HSPH1/AGER/EBI3/IL12RB1/MALT1/STAT5A/PRKCQ/PRDM1/JAK2/RASAL3/PRKCZ,0.35248785758361917
GO:0030098,lymphocyte differentiation,334,0.5078406582552353,1.3831077535776608,0.005770219328084894,0.1477212438677331,0.0718137660412824,2175,"tags=29%, list=11%, signal=26%",INHBA/LAPTM5/LILRB4/IL4I1/TNFSF4/SMC4/HLA-DRA/HLA-DRB1/SLAMF8/ADAM8/RSAD2/PSMA7/ZNF683/MMP14/CD74/LEF1/EZH2/PSMA4/LAG3/ACTB/IL18/RUNX1/SLC25A5/DUSP10/CDKN2A/SLC39A7/LGALS1/TNFSF13B/ITGB1/CD86/ICOS/NCAPH/TGFB1/FOXP3/SMAD7/RHOA/SPI1/CD2/IL2RA/RASGRP1/FADD/NFAM1/CTLA4/RUNX3/CTSL/IL2RG/PSMA1/CD4/PNP/PSMB9/SPN/PTPN22/SMARCA4/SLAMF6/BATF/PTPRJ/PTPRC/IRF8/PSMB2/ENTPD7/PSMB8/CD3G/SOX4/ZBTB7B/PRR7/PSMA5/TPD52/ITGA4/ASCL2/PSMB3/PSMB4/LCK/VNN1/CCR7/TOX/NCKAP1L/IL11/SMC2/SOCS1/CD8A/GPR65/PRKDC/PRELID1/SPIB/SMARCB1/FCGR2B/LILRB2/SMARCC1/PSMA3/ACTL6A/LOXL3/CD3E/ID2/NFKBID/IRF1/FANCA/CBFB,0.40701791892395395
GO:0002696,positive regulation of leukocyte activation,301,0.5118911079745847,1.3827654059535541,0.007028081586180295,0.16200297434716182,0.07875674069043084,2280,"tags=31%, list=11%, signal=28%",FCGR3A/LILRB4/IL4I1/TREM2/HLA-A/B2M/TNFSF4/CLEC7A/HLA-DRA/HLA-DQB1/HLA-DRB1/ADAM8/HLA-DPB1/HAVCR2/HLA-DQA1/MMP14/CD74/LEF1/EPHB2/THY1/ACTB/IL18/RUNX1/HLA-DPA1/DUSP10/HLA-DMB/CARD11/TNFSF13B/CD24/LGALS9/CD86/ICOS/TGFB1/FOXP3/TNFRSF4/CD276/RHOA/SPI1/CD2/IL2RA/RASGRP1/FADD/LYN/TYROBP/NOD2/AIF1/RUNX3/IL2RG/CCL5/CD4/PNP/TFRC/SMARCA4/CD6/TNIP2/CD226/SIRPG/HLA-DOA/PTPRC/SOX4/ZBTB7B/CSK/CCDC88B/CD274/CD38/CD55/HLA-DOB/IL4R/LCK/VNN1/CCR7/VAV1/HLA-DMA/AKT1/NCKAP1L/SOCS1/GPR65/PRKDC/SMARCB1/LILRB2/SMARCC1/WNT5A/ACTL6A/FCHO1/CD3E/NFKBID/THBS1/CBFB/MAD2L2/KARS1/GPR183/YWHAG,0.40701791892395395
GO:0071763,nuclear membrane organization,47,0.6617173363986444,1.3826121247971181,0.04234527687296417,0.3694886377521986,0.1796246084294208,4799,"tags=49%, list=23%, signal=38%",CDK1/PLK1/REEP4/NEK6/CHMP4B/RCC1/REEP3/CHMP4C/TOR1A/PRKCB/VRK1/TOR1B/TARDBP/SPAST/CTDNEP1/ANKLE2/CHMP5/NEMP1/CHMP1B/UBXN2B/BROX/CHMP2A/CHMP2B,0.2820133500117251
GO:0072077,renal vesicle morphogenesis,13,0.8018919951355072,1.381466731656812,0.04665629860031104,0.38451365469814186,0.18692892718189755,1228,"tags=23%, list=6%, signal=22%",KIF26B/STAT1/GREM1,0.26166352171157314
GO:0045780,positive regulation of bone resorption,13,0.8017739623846041,1.3812633896611222,0.04665629860031104,0.38451365469814186,0.18692892718189755,477,"tags=23%, list=2%, signal=23%",SPP1/ADAM8/RUFY4,0.26166352171157314
GO:0002578,negative regulation of antigen processing and presentation,8,0.861948643762261,1.3805069110363886,0.0441400304414003,0.3790015930790047,0.18424927263013735,2161,"tags=75%, list=11%, signal=67%",CD68/HLA-DOA/HLA-DOB/FCGR2B/LILRB2/THBS1,0.2663506570885256
GO:0061737,leukotriene signaling pathway,5,0.9315567748663488,1.3803850957059953,0.020565249772375928,0.26836860996403583,0.13046573440742035,50,"tags=20%, list=0%, signal=20%",RGS1,0.35248785758361917
GO:0030225,macrophage differentiation,46,0.6467744088520798,1.380228340690766,0.041401273885350316,0.3694886377521986,0.1796246084294208,2073,"tags=33%, list=10%, signal=29%",MMP9/INHBA/HLA-DRB1/TGFB1/TLR2/FADD/C1QC/VEGFA/CD4/CASP8/SOCS1/HCLS1/UCP2/CDC42/ID2,0.2820133500117251
GO:0014823,response to activity,59,0.6176719251621128,1.3797497869094164,0.046031746031746035,0.3844636529318133,0.18690461913347634,1018,"tags=14%, list=5%, signal=13%",FN1/CFL1/SLC7A5/CDK1/ITGB1/SRD5A1/COL4A2/CYBA,0.2663506570885256
GO:0002329,pre-B cell differentiation,6,0.910157939836672,1.3796373362459877,0.04072398190045249,0.36674108036679615,0.17828890045611834,24,"tags=17%, list=0%, signal=17%",LAPTM5,0.2765005992544716
GO:0034093,positive regulation of maintenance of sister chromatid cohesion,6,0.9095861730138594,1.3787706395751653,0.042232277526395176,0.3694886377521986,0.1796246084294208,1615,"tags=50%, list=8%, signal=46%",BUB1/MACROH2A1/NSMCE2,0.27128855468895297
GO:0034184,positive regulation of maintenance of mitotic sister chromatid cohesion,6,0.9095861730138594,1.3787706395751653,0.042232277526395176,0.3694886377521986,0.1796246084294208,1615,"tags=50%, list=8%, signal=46%",BUB1/MACROH2A1/NSMCE2,0.27128855468895297
GO:0032829,"regulation of CD4-positive, CD25-positive, alpha-beta regulatory T cell differentiation",4,0.9697678964571924,1.3785300921286208,0.007603984436611369,0.16785117057942509,0.08159980499852255,540,"tags=75%, list=3%, signal=73%",HLA-DRA/HLA-DRB1/FOXP3,0.40701791892395395
GO:1903131,mononuclear cell differentiation,409,0.501166472224871,1.3784701681060505,0.0018557115523174144,0.08035823269902165,0.03906565617404064,2175,"tags=28%, list=11%, signal=25%",MMP9/INHBA/LAPTM5/LILRB4/IL4I1/TREM2/HLA-B/TNFSF4/SMC4/HLA-DRA/HLA-DRB1/SLAMF8/ADAM8/RSAD2/PSMA7/ZNF683/MMP14/CD74/LEF1/EZH2/PSMA4/LAG3/ACTB/IL18/RUNX1/SLC25A5/DUSP10/CDKN2A/SLC39A7/LGALS1/TNFSF13B/MYH9/ITGB1/LGALS9/CD86/ICOS/NCAPH/TGFB1/FOXP3/SMAD7/TLR2/RHOA/SPI1/CD2/IL2RA/RASGRP1/FADD/NFAM1/C1QC/TRPM2/CTLA4/LYN/RUNX3/VEGFA/CTSL/IL2RG/PSMA1/CD4/PNP/PSMB9/SPN/PTPN22/SMARCA4/SLAMF6/CASP8/BATF/PTPRJ/PTPRC/IRF8/PSMB2/ENTPD7/PSMB8/CD3G/SOX4/ZBTB7B/PRR7/PSMA5/TPD52/ITGA4/ASCL2/PSMB3/IRF7/LILRB1/PSMB4/LCK/VNN1/CCR7/TOX/NCKAP1L/IL11/SMC2/SOCS1/CD8A/GPR65/PRKDC/HCLS1/PRELID1/SPIB/SMARCB1/FCGR2B/LILRB2/SMARCC1/PSMA3/UCP2/ACTL6A/CDC42/LOXL3/CD3E/ID2/NFKBID/FASN/IRF1/FANCA/CBFB,0.45505986738722953
GO:0141091,transforming growth factor beta receptor superfamily signaling pathway,281,-0.48912649479835024,-1.378392061517396,0.004968740266314086,0.13658087429553828,0.06639794450387812,1764,"tags=25%, list=9%, signal=23%",RGMB/BMPR1A/STAT3/MAGI2/CDH5/APPL1/LATS1/LATS2/SMAD1/MAPK3/ARID4A/SPRED2/ENG/PDCD4/SAP30L/GLG1/PXN/NUMA1/TET1/BMP6/ZFYVE9/MEGF8/PPARG/INHBB/APPL2/FSTL3/VASN/TSC22D1/ZBTB7A/SMAD5/CITED2/PEG10/SMAD3/DAB2/CREBBP/FMOD/TFAP2B/CHRD/FSTL1/CCN1/ACVRL1/ZEB2/HPGD/ACVR2A/GDF10/SPART/LTBP3/ID1/ZNF423/ZNF703/TMEM100/LTBP4/TGFBR2/CRIM1/IL17RD/BMP4/SMAD9/GREM2/CAV1/CDKN1C/CHRDL1/RGMA/FOS/CLDN5/SPRY2/JUN/NFIA/SPRY1/TGFBR3,0.40701791892395395
GO:0046813,receptor-mediated virion attachment to host cell,6,0.9091856501298291,1.3781635182167247,0.04524886877828054,0.38252444519624285,0.18596188532633084,9,"tags=17%, list=0%, signal=17%",LRRC15,0.26166352171157314
GO:0032571,response to vitamin K,4,0.968575991872298,1.3768357935823134,0.008022540951543282,0.17165899007008006,0.08345095281497458,133,"tags=50%, list=1%, signal=50%",POSTN/F5,0.3807304007227924
GO:1904124,microglial cell migration,8,0.8594523442710804,1.3765088089168127,0.0487062404870624,0.3849684502962864,0.1871500232397604,60,"tags=12%, list=0%, signal=12%",TREM2,0.2529611230696109
GO:1904139,regulation of microglial cell migration,8,0.8594523442710804,1.3765088089168127,0.0487062404870624,0.3849684502962864,0.1871500232397604,60,"tags=12%, list=0%, signal=12%",TREM2,0.2529611230696109
GO:0019218,regulation of steroid metabolic process,80,-0.5681127283817218,-1.3764235048426274,0.03804899990341015,0.36005236482004016,0.17503722289901955,1442,"tags=16%, list=7%, signal=15%",EPHX2/BMP6/PROX1/ACADVL/DAB2/NR5A2/ADM/CH25H/MARCHF6/GPR146/AKR1C3/AGTR1/EGR1,0.3217759180753611
GO:0045446,endothelial cell differentiation,91,-0.5608004557569384,-1.3749201294314306,0.03847164729049079,0.36082682095839347,0.17541371994489288,1438,"tags=32%, list=7%, signal=30%",ZEB1/NOTCH4/DLL1/BMP6/TJP1/PROX1/SOX18/KDM6B/ADD1/TNFRSF1A/MET/FSTL1/ACVRL1/S1PR1/PLCB1/ROBO4/NRP1/APOLD1/SOX17/TMEM100/ATOH8/BMP4/GSTM3/PDE2A/MAGI1/AMOTL2/RAPGEF3/CLDN5/NR2F2,0.3217759180753611
GO:0032959,inositol trisphosphate biosynthetic process,6,0.9069752573655923,1.3748129564605351,0.04675716440422323,0.38451365469814186,0.18692892718189755,388,"tags=17%, list=2%, signal=16%",P2RY6,0.25720646646883816
GO:0001787,natural killer cell proliferation,15,0.7901666439183007,1.374811167223129,0.04754601226993865,0.3849684502962864,0.1871500232397604,1005,"tags=20%, list=5%, signal=19%",FCGR3A/IL18/PTPN22,0.25720646646883816
GO:1901509,regulation of endothelial tube morphogenesis,6,0.9066983463742275,1.374393208715905,0.048265460030165915,0.3849684502962864,0.1871500232397604,242,"tags=33%, list=1%, signal=33%",CXCL10/ITGAX,0.2529611230696109
GO:0042770,signal transduction in response to DNA damage,182,0.5404288440477758,1.3743794151723447,0.018360855513584597,0.2572731923168541,0.12507176596941783,3205,"tags=33%, list=16%, signal=28%",CHEK1/GTSE1/CDK1/CD74/PLK1/BRIP1/FOXM1/PTTG1IP/CDKN2A/GRB2/CLSPN/PMAIP1/DTL/H2AX/LYN/DTX3L/E2F1/CDC7/FBXO6/BARD1/BATF/STK38/RBM38/SOX4/PARP9/INTS7/RFWD3/BRCC3/COPS3/BLM/NBN/SNAI1/WDR76/PRKDC/TIMELESS/ZNF385A/TIPRL/BRCA2/BID/MAD2L2/RHNO1/CD44/PML/TIPIN/DBF4/RBX1/RAD51/RAD1/PPP2R5C/DGKZ/RPS27L/PYHIN1/BABAM1/CRADD/EEF1E1/DONSON/MUC1/CCND1/USP10/SMYD2,0.35248785758361917
GO:0032714,negative regulation of interleukin-5 production,3,0.985887340812361,1.374352429896919,0.007422070933343154,0.16691458416670338,0.08114448932584338,237,"tags=67%, list=1%, signal=66%",LILRB4/LEF1,0.40701791892395395
GO:0032020,ISG15-protein conjugation,6,0.9063789902371913,1.3739091216899832,0.048265460030165915,0.3849684502962864,0.1871500232397604,1744,"tags=83%, list=9%, signal=76%",ISG15/UBE2L6/UBE2E1/UBE2E2/HERC5,0.2529611230696109
GO:0051582,positive regulation of neurotransmitter uptake,6,0.9062797912202428,1.3737587536477889,0.049773755656108594,0.3880362249761678,0.18864140286370695,1720,"tags=50%, list=8%, signal=46%",ITGB1/DRD4/RAB3B,0.24891111443470246
GO:0007144,female meiosis I,4,0.9662219279167014,1.3734894794658732,0.008999174832440907,0.18104049978808634,0.08801171554864178,368,"tags=25%, list=2%, signal=25%",NDC80,0.3807304007227924
GO:0045787,positive regulation of cell cycle,272,0.5146420466154563,1.3732979551210205,0.013499659605292933,0.2206841944712646,0.10728425171506421,2830,"tags=31%, list=14%, signal=27%",UBE2C/BIRC5/RRM2/KIF14/MAD2L1/KIF23/SMC4/NCAPG/CHEK1/DLGAP5/CCNB1/CDK1/BUB1/KNL1/LEF1/SPHK1/MACROH2A1/EZH2/PLK1/TGM1/CDC20/RAD51AP1/NDC80/FEN1/CDCA8/ECT2/CALR/SPAG5/AURKA/NCAPH/TGFB1/EIF4EBP1/RHOA/DTL/DYNLT1/ANAPC11/NUP62/DYNLL1/AIF1/INCENP/PKP3/CDC7/SMC6/ARF6/CIT/AURKB/RCC1/CCNE2/STIL/ZNF16/RRM1/LSM10/NSMCE2/AKT1/GEN1/SMC2/UBE2E2/NCAPG2/RAD21/NUSAP1/CDC6/LGMN/RRM2B/TRIM21/CCNE1/SKA1/CDC42/DYNLRB1/RHNO1/EIF4G1/GIPC1/SKA3/WNK1/DBF4/SRPK2/KIF20B/AURKC/IL1B/PLK4/HSF1/CPSF3/TCF3/FNTB/DYNLT3,0.3807304007227924
GO:0051081,nuclear membrane disassembly,12,0.8167236676507771,1.3730590706344006,0.04862236628849271,0.3849684502962864,0.1871500232397604,3234,"tags=50%, list=16%, signal=42%",CDK1/PLK1/NEK6/PRKCB/VRK1/CTDNEP1,0.26166352171157314
GO:1903980,positive regulation of microglial cell activation,7,0.8816474906543171,1.3726665370355025,0.04024767801857585,0.3644675714674372,0.17718364821265953,60,"tags=14%, list=0%, signal=14%",TREM2,0.2820133500117251
GO:0006664,glycolipid metabolic process,105,0.5767491125641511,1.3725867186066087,0.0320727184737316,0.32314851620624874,0.15709664589747016,5900,"tags=48%, list=29%, signal=34%",GAL3ST4/ST6GALNAC5/PRKCD/GM2A/ST8SIA4/GLB1/SMPD1/M6PR/PIGU/NAGA/GLTP/PIGW/TM9SF2/B3GNT5/ST6GALNAC6/GLA/PIGS/SCCPDH/B4GALT4/GBGT1/B4GALT3/PLEKHA8/DEGS1/DPM1/DPM2/B3GALT4/FUCA1/PIGQ/CERK/B4GALNT1/HEXB/PIGF/SPTSSA/PIGA/ST6GALNAC4/HEXA/PIGK/NEU1/FUT4/SCARB2/PIGO/ST3GAL6/DPM3/B4GALT6/PIGM/PIGP/SUMF2/PIGB/UGCG/B3GALNT1,0.3217759180753611
GO:0007179,transforming growth factor beta receptor signaling pathway,181,-0.5117449379758612,-1.372419577623587,0.0246008457731642,0.2889978144867673,0.14049449417429366,1794,"tags=25%, list=9%, signal=23%",SMAD4/BMPR1A/STAT3/CDH5/APPL1/LATS1/LATS2/SMAD1/ARID4A/SPRED2/ENG/SAP30L/GLG1/PXN/TET1/ZFYVE9/PPARG/APPL2/VASN/TSC22D1/ZBTB7A/SMAD5/CITED2/PEG10/SMAD3/DAB2/CREBBP/FMOD/ACVRL1/ZEB2/HPGD/GDF10/LTBP3/ID1/ZNF703/LTBP4/TGFBR2/IL17RD/SMAD9/CDKN1C/FOS/CLDN5/SPRY2/JUN/SPRY1/TGFBR3,0.35248785758361917
GO:0050856,regulation of T cell receptor signaling pathway,52,0.6435200934901574,1.3723309835341608,0.05,0.3880362249761678,0.18864140286370695,2792,"tags=50%, list=14%, signal=43%",LAPTM5/LILRB4/THY1/LAG3/CARD11/CD86/EZR/CD300A/GBP1/KCNN4/CTLA4/RAB29/PTPN22/PTPRJ/CD226/PTPRC/CSK/CD274/LCK/CCR7/UBASH3A/ITPRIPL1/CD80/DGKZ/SLA2/PDCD1,0.25720646646883816
GO:0051702,biological process involved in interaction with symbiont,4,0.9649519669221975,1.3716842233286584,0.0098362913213248665,0.19031652962651727,0.09252119989339513,1,"tags=25%, list=0%, signal=25%",FN1,0.3807304007227924
GO:0007224,smoothened signaling pathway,94,-0.5560642983185837,-1.3714920039576528,0.04196367901768446,0.3694886377521986,0.1796246084294208,2385,"tags=27%, list=12%, signal=24%",PTCH1/TTC23/FUZ/HIPK2/GLI2/RAB34/GAS1/GLI1/IFT172/TULP3/GLI3/IFT122/SMO/MEGF8/RACK1/TMEM231/INTU/PRKAR1A/CREBBP/SETD7/CC2D2A/PTCH2/CDON/SFRP1/GPC3,0.3217759180753611
GO:0033632,regulation of cell-cell adhesion mediated by integrin,12,0.8155865112823196,1.3711473066825473,0.04862236628849271,0.3849684502962864,0.1871500232397604,3002,"tags=58%, list=15%, signal=50%",CXCL13/CCL5/FERMT3/PIEZO1/CD3E/WNK1/ADA,0.26166352171157314
GO:1901994,negative regulation of meiotic cell cycle phase transition,7,0.880658267782166,1.3711263827803544,0.04024767801857585,0.3644675714674372,0.17718364821265953,1811,"tags=71%, list=9%, signal=65%",KNL1/ZWINT/PKMYT1/TTK/CHFR,0.2820133500117251
GO:0120162,positive regulation of cold-induced thermogenesis,98,-0.5508977517618193,-1.3693965035125815,0.037735318395969275,0.3580457191859975,0.1740617045760089,1513,"tags=18%, list=7%, signal=17%",IGF1R/EBF2/ZNF516/STAT6/APPL2/KDM6B/ADCYAP1/EPAS1/ALPL/ADIPOQ/ADRB2/THRA/PER2/OXTR/CAV1/LEPR/CD36/FABP4,0.3217759180753611
GO:0006612,protein targeting to membrane,112,0.5717257655304491,1.3690524585480501,0.020220355891628166,0.26836860996403583,0.13046573440742035,3227,"tags=29%, list=16%, signal=24%",CEMIP/ITGB2/SSR3/CIB1/SEC61G/HSPA5/RTP4/SEC61B/SRPRB/MICALL1/GOLGA7/CHMP4B/RN7SL1/SEC61A1/ZDHHC12/YIF1B/SSR2/ITGAM/SRP9/PAK1/ZDHHC20/ZDHHC18/SSR1/VPS37C/ARL6IP1/ZDHHC4/CHP1/SSR4/SRP19/ZDHHC2/CHML/BHLHE40-AS1,0.35248785758361917
GO:0038061,non-canonical NF-kappaB signal transduction,111,0.5662458310372909,1.3689382517392261,0.044374009508716325,0.3798116067313248,0.1846430557407781,3172,"tags=35%, list=16%, signal=30%",LAPTM5/TREM2/HAVCR2/SPHK1/IL18/VCP/LGALS9/CD86/RHOA/SPI1/TRAF1/NOD2/NMI/C1QTNF3/PTPN22/LTB/EIF2AK2/ADIPOR1/TRAF2/TRIM26/ZFP91/TRIM21/BIRC2/BIRC3/IFI35/NDUFC2/TLR3/NLRP2/IL1B/RELB/PYCARD/TAB2/CYLD/AGER/TAB3/UXT/AKIP1/ACTN4/NLRC3,0.27128855468895297
GO:0046513,ceramide biosynthetic process,62,0.6250054747971376,1.368916861425528,0.04952076677316294,0.3871236879874116,0.18819777866925302,4237,"tags=35%, list=21%, signal=28%",SPHK1/ST6GALNAC5/PAQR4/PRKCD/ELOVL1/ST8SIA4/SMPD1/GLTP/SMPD2/ORMDL2/ASAH1/CERS6/AGK/ST6GALNAC6/B4GALT4/SGMS2/DEGS1/B3GALT4/B4GALNT1/ORMDL1/SPTSSA/ST6GALNAC4,0.25720646646883816
GO:0033108,mitochondrial respiratory chain complex assembly,93,0.5873474339639032,1.3681475190803905,0.04641142700141985,0.3844636529318133,0.18690461913347634,5704,"tags=57%, list=28%, signal=41%",SCO2/NDUFS5/NDUFS8/RAB5IF/HIGD2A/SURF1/UQCRFS1/NDUFA6/AIFM1/COX17/NDUFAF8/OCIAD2/COX16/NDUFC2/UQCC2/COA4/SDHAF1/TMEM186/COA6/TMEM242/NDUFS3/ATP5F1D/STMP1/NDUFAF6/DMAC1/TMEM126A/UQCC3/SDHAF3/ATPAF2/COA7/CHCHD7/TIMMDC1/ATPAF1/LYRM2/HIGD1A/TMEM126B/NDUFS7/TMEM70/CEP89/NDUFAF1/NDUFS2/CHCHD4/COX20/SLC25A33/COX19/FASTKD3/COA1/MT-ND1/COX18/FMC1/COA3/NDUFAF5/COX14,0.3217759180753611
GO:0015727,lactate transport,7,0.8785693494101616,1.3678740757321926,0.043343653250773995,0.3747313654606584,0.18217332797182184,14,"tags=14%, list=0%, signal=14%",SLC16A3,0.27128855468895297
GO:0035873,lactate transmembrane transport,7,0.8785693494101616,1.3678740757321926,0.043343653250773995,0.3747313654606584,0.18217332797182184,14,"tags=14%, list=0%, signal=14%",SLC16A3,0.27128855468895297
GO:0006936,muscle contraction,335,-0.482528619207604,-1.3668553498927256,0.005721104723043033,0.1474838152222528,0.07169834157861481,1769,"tags=19%, list=9%, signal=17%",ADRA2A/BDKRB2/EDN1/RPL37A/MYLK/CRYAB/RPL19/GPD1L/NOS1AP/RPL9/BIN1/RPL7A/RPL12/SCN1B/CACNB4/ASPH/RPL18/RPL23/KCNA1/STAC2/SMTN/PIK3C2A/MYOM2/RPL35A/CNN1/SCN3A/TTN/RPL15/ADGRD1/RPL35/RPL4/TMOD1/SCN9A/RYR3/UTRN/PTGER3/CACNA1G/RPL11/RPL5/SCN4B/EEF2/ADRB2/RPL32/SSPN/OXTR/LMOD1/TNNT3/RPL31/DMD/RPL34/RPL13/SYNM/PPP1R12B/MYH11/TACR1/CACNA1D/KIT/CAV1/SCN7A/EDNRB/ANK2/GSN,0.40701791892395395
GO:0002536,respiratory burst involved in inflammatory response,5,0.9219397819488807,1.3661345915532155,0.027017011940602558,0.30212293160500747,0.14687518841511446,142,"tags=40%, list=1%, signal=40%",GRN/SLAMF8,0.35248785758361917
GO:0060264,regulation of respiratory burst involved in inflammatory response,5,0.9219397819488807,1.3661345915532155,0.027017011940602558,0.30212293160500747,0.14687518841511446,142,"tags=40%, list=1%, signal=40%",GRN/SLAMF8,0.35248785758361917
GO:0032960,regulation of inositol trisphosphate biosynthetic process,5,0.9216443136369703,1.365696765255325,0.02728583572308178,0.303738804136892,0.14766073481940276,388,"tags=20%, list=2%, signal=20%",P2RY6,0.35248785758361917
GO:0097530,granulocyte migration,120,0.564152197853887,1.3656052042592384,0.04006410256410257,0.3644266580719095,0.1771637584193065,2949,"tags=34%, list=14%, signal=29%",CXCL13/CXCL10/CXCL9/SLAMF8/ADAM8/ITGB2/S100A14/CCL22/CD74/CCL11/TREM1/TRPV4/WDR1/CD300A/CKLF/RAC3/C5AR1/ADGRE2/VEGFA/PPIB/CCL5/PTPRJ/CAMK1D/CCR7/S100A7/NCKAP1L/RAC2/C1QBP/CMKLR1/CXADR/THBS1/FUT7/BSG/MOSPD2/SYK/CSF1R/AKIRIN1/DPEP1/SCG2/C3AR1/S100A9,0.2878571172551493
GO:0070391,response to lipoteichoic acid,7,0.876796365243548,1.3651136572406726,0.043343653250773995,0.3747313654606584,0.18217332797182184,579,"tags=29%, list=3%, signal=28%",TREM2/TLR2,0.27128855468895297
GO:0071223,cellular response to lipoteichoic acid,7,0.876796365243548,1.3651136572406726,0.043343653250773995,0.3747313654606584,0.18217332797182184,579,"tags=29%, list=3%, signal=28%",TREM2/TLR2,0.27128855468895297
GO:0071612,IP-10 production,4,0.9602963536373896,1.3650662449094226,0.012626686962048349,0.21381848024636918,0.10394652734893027,386,"tags=75%, list=2%, signal=74%",LILRB4/OAS3/OAS1,0.3807304007227924
GO:0071658,regulation of IP-10 production,4,0.9602963536373896,1.3650662449094226,0.012626686962048349,0.21381848024636918,0.10394652734893027,386,"tags=75%, list=2%, signal=74%",LILRB4/OAS3/OAS1,0.3807304007227924
GO:1901991,negative regulation of mitotic cell cycle phase transition,167,0.5389521819838284,1.3646646568475487,0.01991467585617393,0.26709287668057985,0.12984554458806563,1963,"tags=29%, list=10%, signal=26%",INHBA/BIRC5/CENPF/MAD2L1/CHEK1/CCNB1/CDK1/BUB1/KNL1/ZWINT/PLK1/BUB1B/SPC24/ZC3H12D/CDC20/NDC80/PKMYT1/CDCA8/CDKN2B/CLSPN/DTL/DYNLT1/BUB3/GPR132/DYNLL1/INCENP/CDC7/CDKN2D/DACT1/BARD1/NUF2/AURKB/SPDL1/CDK2AP2/TRIP13/TTK/RFWD3/BRCC3/BLM/GEN1/NBN/CHMP4C/PRKDC/RAD21/CHFR/CDC6/GPNMB/SKA1,0.35248785758361917
GO:0046631,alpha-beta T cell activation,172,0.5360503983787791,1.3645593590511162,0.020655515979905958,0.26836860996403583,0.13046573440742035,3810,"tags=49%, list=19%, signal=41%",LILRB4/HLA-A/TNFSF4/HLA-DRA/HLA-DRB1/RSAD2/PSMA7/ZNF683/LEF1/PSMA4/IL18/RUNX1/TRAC/LGALS1/LGALS9/CD86/ICOS/FOXP3/SMAD7/RHOA/CD300A/TRBC1/CD247/RUNX3/CTSL/PSMA1/PNP/PSMB9/SPN/SLAMF6/BATF/TRBC2/PSMB2/ENTPD7/PSMB8/CD3G/ZBTB7B/PSMA5/ASCL2/CD274/CD55/PSMB3/LILRB1/PSMB4/LCK/TOX/NCKAP1L/SOCS1/GPR65/CLEC4A/PSMA3/LOXL3/CD3E/NFKBID/IRF1/CBFB/CD44/GPR183/TWSG1/CD3D/SLC4A2/CD80/ELF4/CRTAM/HSPH1/AGER/EBI3/IL12RB1/MALT1/PSMB1/STOML2/STAT5A/PRKCQ/PRDM1/ITK/JAK2/RASAL3/TBK1/PRKCZ/CLEC2D/BRD2/ZFPM1/PSMA6/TYK2/LY9,0.35248785758361917
GO:0006605,protein targeting,193,0.5335458219958353,1.363435116422767,0.012545328743972269,0.21381848024636918,0.10394652734893027,2700,"tags=24%, list=13%, signal=21%",CEMIP/LAPTM5/ITGB2/SSR3/GBP5/CIB1/SEC61G/HSPA5/GOLPH3/EDEM1/RTP4/SEC61B/SRPRB/MICALL1/GOLGA7/CHMP4B/RN7SL1/SEC61A1/M6PR/ZDHHC12/YIF1B/AP1M2/HOMER3/SSR2/ITGAM/LAMP2/SRP9/SORL1/GNPTAB/PAK1/LTBP2/ZDHHC20/SPCS2/AP1S3/GIPC1/PML/ZDHHC18/HSPA8/SSR1/IGF2R/VPS37C/ARL6IP1/ZDHHC4/CHP1/SSR4/SMURF1,0.3807304007227924
GO:0006821,chloride transport,106,0.5659157685927174,1.362085325692939,0.04938271604938271,0.3871236879874116,0.18819777866925302,2609,"tags=21%, list=13%, signal=18%",CLIC1/SLC1A3/TSPO/TTYH3/CLIC3/CLDN4/PACC1/CLIC4/SLC26A6/SLC1A4/OSTM1/GABRB2/APOL1/CLCN2/GABRD/SLC25A14/UCP2/SLC6A1/CLIC6/CLNS1A/ANO10/SLC4A2,0.2529611230696109
GO:1903037,regulation of leukocyte cell-cell adhesion,324,0.5049501889419388,1.3620770035316234,0.006843585992950232,0.1614887929524865,0.07850677459609538,3156,"tags=41%, list=15%, signal=36%",LAPTM5/LILRB4/IL4I1/HLA-A/B2M/TNFSF4/TIGIT/HLA-DRA/HLA-DQB1/HLA-DRB1/ADAM8/ITGB2/HLA-DPB1/PSMA7/HAVCR2/HLA-DQA1/LEF1/PSMA4/THY1/LAG3/ACTB/IL18/RUNX1/HLA-DPA1/DUSP10/CDKN2A/HLA-DMB/LGALS1/CARD11/CD24/LGALS9/CD86/ICOS/TGFB1/FOXP3/SMAD7/CD276/RHOA/CD300A/GCNT1/IL2RA/RASGRP1/FADD/CTLA4/LYN/NOD2/PAG1/AIF1/RUNX3/IL2RG/CCL5/PSMA1/CD4/ALOX5/PNP/PSMB9/IRAK1/TFRC/SPN/PTPN22/SMARCA4/CD6/SIRPG/HLA-DOA/PTPRC/PSMB2/PSMB8/SOX4/ZBTB7B/CSK/PSMA5/BTN2A2/CCDC88B/ITGA4/ASCL2/CD274/CD55/PSMB3/GNRH1/HLA-DOB/LILRB1/PSMB4/LCK/VNN1/CCR7/VAV1/HLA-DMA/AKT1/NCKAP1L/SOCS1/GPR65/SMARCB1/LILRB2/SMARCC1/PSMA3/GPNMB/ACTL6A/PLA2G2D/FCHO1/LOXL3/CD3E/NFKBID/IRF1/CBFB/CD44/YWHAG/FUT7/TWSG1/ZAP70/WNK1/HLA-DQA2/TMEM131L/CD70/RHOH/SLC4A2/SRC/IL1B/CD80/ADTRP/PYCARD/CRTAM/PDCD1/PTPN6/HSPH1/HSPD1/HLA-DQB2/AGER/EBI3/IL12RB1/MALT1/CBL/PSMB1/STAT5A/LAX1,0.40701791892395395
GO:0048736,appendage development,83,-0.5716925254834135,-1.3612432546724198,0.02884282574114163,0.3077450122655753,0.14960832804115734,1567,"tags=28%, list=8%, signal=26%",IFT122/TWIST1/LRP4/KREMEN1/PCSK5/MEGF8/ZNRF3/OSR2/CRBN/MSX1/INTU/TBX3/CREBBP/ITGA6/TFAP2B/ITGB4/AFF3/KAT2A/BMP4/MAP3K20/ZBTB16/OSR1/NFIA,0.35248785758361917
GO:0060173,limb development,83,-0.5716925254834135,-1.3612432546724198,0.02884282574114163,0.3077450122655753,0.14960832804115734,1567,"tags=28%, list=8%, signal=26%",IFT122/TWIST1/LRP4/KREMEN1/PCSK5/MEGF8/ZNRF3/OSR2/CRBN/MSX1/INTU/TBX3/CREBBP/ITGA6/TFAP2B/ITGB4/AFF3/KAT2A/BMP4/MAP3K20/ZBTB16/OSR1/NFIA,0.35248785758361917
GO:0043535,regulation of blood vessel endothelial cell migration,90,-0.5507848976651998,-1.3606827543051558,0.04379726451961332,0.3770156074917897,0.18328379806068873,1280,"tags=22%, list=6%, signal=21%",MEF2C/AKT3/PPARG/ANXA1/PIK3C2A/ACVRL1/NFE2L2/NRP1/CARD10/GATA2/ABL1/FGFR1/PTGS2/FGF2/MMRN2/MMRN1/RHOJ/MEOX2/KLF4/TGFBR3,0.3217759180753611
GO:0002366,leukocyte activation involved in immune response,246,0.5143627244042932,1.3606073163913444,0.011793435487354086,0.20895381397834203,0.10158160002978436,2253,"tags=29%, list=11%, signal=26%",FCGR3A/GRN/TREM2/TNFSF4/HLA-DRA/ADORA3/HLA-DRB1/ITGB2/PSMA7/FCER1G/HAVCR2/CD74/LEF1/PSMA4/IL18/GAPT/SLC11A1/HLA-DMB/LGALS1/LGALS9/CD86/TGFB1/FOXP3/SMAD7/CD300A/SPI1/LCP1/VAMP8/CD180/LYN/TYROBP/ADGRE2/DOCK2/HLA-F/PSMA1/NMI/PSMB9/TFRC/SPN/SLAMF6/BATF/LAT2/MILR1/IRF8/PSMB2/ENTPD7/STXBP2/PSMB8/PSMA5/CD84/ASCL2/PSMB3/PLXNA1/LILRB1/PSMB4/ITGAM/NCKAP1L/RAC2/NBN/FCGR2B/ITGAL/PSMA3/ICAM1/IFI35/LOXL3/SNX4/NFKBID/EXOSC3/MAD2L2/IL1RAP/KARS1/GPR183,0.3807304007227924
GO:0072073,kidney epithelium development,104,-0.5399419993816073,-1.3602935837302066,0.038943680733667115,0.3611554736554737,0.17557349241416675,1406,"tags=21%, list=7%, signal=20%",SIM1/DLL1/WNT11/MEF2C/SMO/NOTCH2/SMAD5/PKD1/TMEM59L/SMAD3/TFAP2B/CAT/MYC/KANK2/BMP4/FGF2/CD34/SLIT2/OSR1/SFRP1/AQP1/GPC3,0.3217759180753611
GO:0006446,regulation of translational initiation,85,0.5835287486878862,1.3601400920977227,0.04559748427672956,0.3844636529318133,0.18690461913347634,3105,"tags=31%, list=15%, signal=26%",GAPDH/PPP1CA/UHMK1/EIF4EBP1/EIF4G2/CCL5/PAIP1/EIF2AK2/NCBP1/ZNF598/EIF2S2/SH3BGRL/EIF4E2/CTIF/POLR2G/EPRS1/EIF4G1/PML/HSPB1/BZW1/ATF4/EIF2B2/LARP1/MIF4GD/EIF3H/EIF2AK1,0.2663506570885256
GO:0051754,"meiotic sister chromatid cohesion, centromeric",5,0.9177348669619079,1.3599037292662004,0.03152428793814371,0.32314851620624874,0.15709664589747016,257,"tags=40%, list=1%, signal=40%",BUB1/BUB1B,0.3217759180753611
GO:1905821,positive regulation of chromosome condensation,5,0.9174944947394177,1.3595475446059635,0.03152428793814371,0.32314851620624874,0.15709664589747016,1691,"tags=100%, list=8%, signal=92%",SMC4/NCAPG/NCAPH/NCAPD2/SMC2,0.3217759180753611
GO:0051701,biological process involved in interaction with host,160,0.5343759549387537,1.3589377715862665,0.025637185149866598,0.2939610201479774,0.1429073258079621,2712,"tags=29%, list=13%, signal=26%",CTSB/LRRC15/P4HB/CLEC5A/CLDN1/CDK1/CXCR4/LGALS1/MYH9/ITGB1/LGALS9/CD86/F11R/TNFRSF4/CCR5/DYNLT1/VAMP8/NPC1/ITGAV/SELPLG/CTSL/CD4/IFIT1/TFRC/SLC52A2/CHMP4B/MUC5B/SMPD1/GRK2/CD55/ITGB7/ITGB5/CHMP4C/TRIM62/TRIM21/ICAM1/CXADR/NECTIN4/SLC20A2/FURIN/BSG/HYAL2/ITGA5/SIGLEC1/JPT2/SRC/CD80,0.35248785758361917
GO:0071772,response to BMP,132,-0.5292868962118129,-1.358914050108264,0.029236166901485536,0.30929419796904534,0.15036145505762832,1835,"tags=26%, list=9%, signal=24%",DDX5/SMAD4/RGMB/BMPR1A/CDH5/SMAD1/MAPK3/ENG/PDCD4/NUMA1/BMP6/MEGF8/PPARG/FSTL3/SMAD5/TFAP2B/CHRD/FSTL1/CCN1/ACVRL1/ACVR2A/SPART/ZNF423/TMEM100/CRIM1/BMP4/SMAD9/GREM2/CAV1/CHRDL1/RGMA/SFRP1/NFIA/TGFBR3,0.35248785758361917
GO:0071773,cellular response to BMP stimulus,132,-0.5292868962118129,-1.358914050108264,0.029236166901485536,0.30929419796904534,0.15036145505762832,1835,"tags=26%, list=9%, signal=24%",DDX5/SMAD4/RGMB/BMPR1A/CDH5/SMAD1/MAPK3/ENG/PDCD4/NUMA1/BMP6/MEGF8/PPARG/FSTL3/SMAD5/TFAP2B/CHRD/FSTL1/CCN1/ACVRL1/ACVR2A/SPART/ZNF423/TMEM100/CRIM1/BMP4/SMAD9/GREM2/CAV1/CHRDL1/RGMA/SFRP1/NFIA/TGFBR3,0.35248785758361917
GO:0003056,regulation of vascular associated smooth muscle contraction,7,0.8726390516463717,1.3586409963197286,0.04953560371517028,0.3871236879874116,0.18819777866925302,1029,"tags=29%, list=5%, signal=27%",MAP2K1/DOCK5,0.2529611230696109
GO:0110053,regulation of actin filament organization,233,-0.4994626097930512,-1.3584002413891858,0.015238796422319033,0.2330592697791939,0.11330031778408954,1291,"tags=22%, list=6%, signal=21%",TJP1/ASAP3/WASF2/WASF1/WASF3/RAB40B/FER/PPM1F/TRIOBP/LIMCH1/ADD1/TSC1/SMAD3/PRKCE/KANK3/ABI2/CCL21/DAAM2/TMOD1/ESAM/S1PR1/TENM1/LIMA1/NRP1/SORBS3/PAK3/KANK2/ABL1/ARHGEF15/SHANK3/SEMA5A/LMOD1/LPAR1/ARHGAP6/EPS8/PTGER4/SVIL/PIK3R1/TACR1/ADD3/CDC42EP4/SLIT2/DLC1/PLEKHH2/SPTBN1/RAPGEF3/TAC1/SFRP1/SYNPO2/GSN/CXCL12,0.3807304007227924
GO:1902080,regulation of calcium ion import into sarcoplasmic reticulum,4,0.9552819453313999,1.3579382375075693,0.015261289470830308,0.2330592697791939,0.11330031778408954,500,"tags=25%, list=2%, signal=24%",PLN,0.3807304007227924
GO:0002361,"CD4-positive, CD25-positive, alpha-beta regulatory T cell differentiation",5,0.9159276115574467,1.3572257299302928,0.032054095536423806,0.32314851620624874,0.15709664589747016,1648,"tags=80%, list=8%, signal=74%",HLA-DRA/HLA-DRB1/FOXP3/TOX,0.3217759180753611
GO:0046718,symbiont entry into host cell,122,0.5504143612087575,1.356079164222278,0.0359480131204891,0.3467449938553338,0.16856792708169183,2712,"tags=34%, list=13%, signal=30%",CTSB/P4HB/CLEC5A/CLDN1/CDK1/CXCR4/LGALS1/MYH9/ITGB1/LGALS9/CD86/F11R/TNFRSF4/CCR5/DYNLT1/VAMP8/NPC1/ITGAV/SELPLG/CTSL/CD4/TFRC/SLC52A2/SMPD1/GRK2/CD55/ITGB7/ITGB5/TRIM62/TRIM21/ICAM1/CXADR/NECTIN4/SLC20A2/FURIN/BSG/HYAL2/ITGA5/SIGLEC1/JPT2/SRC/CD80,0.3217759180753611
GO:0019563,glycerol catabolic process,5,0.9150537308735734,1.355930809530388,0.03470313633593414,0.34121501459418424,0.16587956197945292,588,"tags=40%, list=3%, signal=39%",TPI1/GK,0.3217759180753611
GO:1903557,positive regulation of tumor necrosis factor superfamily cytokine production,108,0.565577132192513,1.3555913431356226,0.03928316123359285,0.36258981360848,0.1762707878817103,1983,"tags=36%, list=10%, signal=33%",FCGR3A/CLEC7A/ADAM8/PSMA7/HAVCR2/CYBB/FCGR1A/EPHB2/PSMA4/OAS3/OAS1/LGALS9/CD86/TGFB1/TLR2/TLR1/CD2/OAS2/FADD/TYROBP/NOD2/IFIH1/RIPK2/PSMA1/PSMB9/SPN/CYBA/FCGR2A/PTPRJ/PTPRC/PSMB2/PSMB8/PSMA5/PSMB3/PSMB4/FCGR2B/PSMA3/LY96/WNT5A,0.3217759180753611
GO:0060467,negative regulation of fertilization,3,0.9720646101791237,1.355083186194138,0.02294800013818749,0.2788353270522154,0.13555406396998376,465,"tags=33%, list=2%, signal=33%",MYH9,0.35248785758361917
GO:0060468,prevention of polyspermy,3,0.9720646101791237,1.355083186194138,0.02294800013818749,0.2788353270522154,0.13555406396998376,465,"tags=33%, list=2%, signal=33%",MYH9,0.35248785758361917
GO:0000077,DNA damage checkpoint signaling,109,0.5687900490736815,1.354673118559254,0.03921550286984897,0.3623761735112832,0.17616692807417397,3071,"tags=34%, list=15%, signal=29%",CHEK1/CDK1/PLK1/BRIP1/CLSPN/DTL/H2AX/LYN/DTX3L/E2F1/CDC7/FBXO6/BARD1/STK38/PARP9/INTS7/RFWD3/BRCC3/BLM/NBN/WDR76/PRKDC/TIMELESS/TIPRL/BRCA2/RHNO1/TIPIN/DBF4/RBX1/RAD51/RAD1/DGKZ/RPS27L/BABAM1/DONSON/MUC1/CCND1,0.3217759180753611
GO:0007346,regulation of mitotic cell cycle,444,0.48573134006819885,1.35437557487273,0.0035899859779627017,0.1141643587757592,0.055500294586716646,2862,"tags=30%, list=14%, signal=27%",INHBA/MKI67/UBE2C/BIRC5/CENPF/RRM2/KIF14/CKS2/MAD2L1/ANLN/CHEK1/DLGAP5/CCNB1/PSMA7/CDK1/BUB1/KNL1/CENPE/SPHK1/ZWINT/PLK1/BUB1B/PSMA4/SPC24/CDCA2/ACTB/ZC3H12D/CDC20/FOXM1/NDC80/PKMYT1/CDCA8/CDKN2A/CDKN2B/CLSPN/AURKA/TGFB1/EIF4EBP1/DTL/DYNLT1/ANAPC11/BUB3/DAPK3/NUP62/GPR132/DYNLL1/TTLL12/E2F1/AIF1/INCENP/CDC7/CDKN2D/DACT1/PSMA1/PSME2/BARD1/NEK6/NUF2/SMARCA4/MASTL/PSMB2/AURKB/SPDL1/BORA/CDK2AP2/RCC1/PSMA5/TRIP13/CCNE2/NEK2/TTK/PSMB3/RFWD3/BRCC3/STIL/PSMB4/RRM1/IQGAP1/LSM10/NSMCE2/BLM/AKT1/GEN1/PIN1/NBN/UBE2E2/CHMP4C/PRKDC/RAD21/GMNN/NUSAP1/TIMELESS/SMARCB1/CHFR/CDC6/PSMB6/SMARCC1/LGMN/RRM2B/PSMA3/GPNMB/CCNE1/SKA1/ACTL6A/ID2/PSME3/MAD2L2/DYNLRB1/CKS1B/THAP1/CDK7/EIF4G1/ANAPC15/SKA3/HECA/PML/FOXC1/ZW10/TIPIN/DBF4/RBX1/NEK7/KIF20B/NABP2/IL1B/HSF1/DGKZ/CPSF3/TCF3/RPS27L/DYNLT3/CYLD/PTPN6/BABAM1/INTS13,0.4317076958033464
GO:0097305,response to alcohol,226,-0.49212141815407484,-1.354374608774328,0.01857966138472475,0.25910294667281225,0.1259612896952636,1279,"tags=17%, list=6%, signal=16%",ADCY6/MT-CYB/SMO/INHBB/TAT/RPS6/SMAD3/AHR/SCNN1D/CPT1A/CCL21/GABBR1/ADCY5/HPGD/CDO1/CAT/NTRK3/EEF2/BTG2/AKR1C3/GHR/TGFBR2/LRP6/FGF2/PTGER4/ADCY3/JUND/TACR1/ADCYAP1R1/SLIT2/PTGFR/FOS/KLF9/CLDN5/SLIT3/SFRP1/FOSB/TGFBR3,0.35248785758361917
GO:0002573,myeloid leukocyte differentiation,184,0.5269525352334229,1.3535696028488744,0.021795205562115862,0.274242300589158,0.1333211926563983,2689,"tags=29%, list=13%, signal=26%",MMP9/INHBA/LILRB4/TREM2/CCN4/SNX10/HLA-DRB1/CD74/LEF1/RUNX1/OSCAR/MYH9/TGFB1/TLR2/SPI1/FADD/C1QC/LYN/TYROBP/ATP6AP1/VEGFA/LILRB3/CD4/GPR137B/TFRC/CASP8/BATF/UBASH3B/OSTM1/CORO1C/ANXA2/IRF7/LILRB1/CCR7/SOCS1/EVI2B/CCR1/HCLS1/UCP2/CDC42/FBN1/ID2/FASN/IL1RAP/GPR183/TLR3/SBNO2/CAMK4/SLC4A2/ZNF675/SRC/IL1B/HSF1/CSF1R,0.35248785758361917
GO:0007586,digestion,90,-0.5475409883831988,-1.3526688609771795,0.047198890785179366,0.3849684502962864,0.1871500232397604,687,"tags=7%, list=3%, signal=6%",PTGER3/LIMA1/TFF3/FGF10/CD36/AQP1,0.3217759180753611
GO:0009755,hormone-mediated signaling pathway,183,-0.5104049590017117,-1.3524815496420153,0.014903587052708561,0.2320214826620324,0.11279580401693481,1845,"tags=22%, list=9%, signal=21%",RARA/SAFB2/DDX5/TBX1/GNAQ/PAQR7/PLPP1/APPL1/LATS1/LATS2/CALCOCO1/FOXA1/PPARG/APPL2/ZBTB7A/TP63/CRY2/DAB2/NR3C1/ESR1/NR1D2/NR5A2/DHRS3/SCGB2A2/DDX17/PGR/NR3C2/RXRA/KANK2/RBFOX2/ADIPOQ/NCOA1/THRA/AKR1C3/GHR/AR/THRB/PER1/KLF2/TCF7L2/SFRP1,0.3807304007227924
GO:0048588,developmental cell growth,158,-0.5206839779152057,-1.3518994315802166,0.024255590039706315,0.2861808094394915,0.13912502465111992,1055,"tags=16%, list=5%, signal=15%",EFNA5/VIM/SEMA6D/SORBS2/SEMA6C/RAB21/MAP1B/MEIS1/MAPT/NRN1/NRP1/CLSTN3/PLXNA4/RUFY3/ABL1/SEMA5A/OLFM1/TNN/SLIT2/SEMA3G/RGMA/SLIT3/DCLK1/IGF1/CXCL12,0.35248785758361917
GO:0006885,regulation of pH,87,0.5857660047600859,1.3512845558886177,0.04582651391162029,0.3844636529318133,0.18690461913347634,3089,"tags=34%, list=15%, signal=29%",GRN/SLAMF8/ATP6V1B2/SLC11A1/ATP6V1F/CA2/ATP6AP2/ATP6AP1/ATP6V1A/SLC9A7/SLC7A11/PPT1/SLC26A6/DMXL2/ATP6V0B/LAMP2/RAB20/TMEM165/ATP6V0E2/ATP6V0E1/SLC4A2/CHP1/ATP5F1B/CLN3/SLC9A6/LACC1/ATP6V1H/SLC9A1/FASLG/ROGDI,0.27128855468895297
GO:0010389,regulation of G2/M transition of mitotic cell cycle,94,0.5703318338874516,1.3502069164962565,0.04582651391162029,0.3844636529318133,0.18690461913347634,1876,"tags=24%, list=9%, signal=22%",CENPF/KIF14/CHEK1/CCNB1/CDK1/PLK1/PKMYT1/CLSPN/AURKA/DTL/GPR132/CDC7/BARD1/AURKB/BRCC3/RRM1/BLM/NBN/CHMP4C/RAD21/CHFR/CDC6/RRM2B,0.27128855468895297
GO:0001837,epithelial to mesenchymal transition,147,-0.5225388133213882,-1.349306954375476,0.030210902129831022,0.31410849838946914,0.15270189733250064,1558,"tags=21%, list=8%, signal=20%",SPRED2/ENG/PDCD4/TWIST1/EMP2/NOTCH4/FOXA1/MARK1/VASN/MSX1/SMAD3/TBX3/DAB2/IL6/WWTR1/AXIN2/DDX17/FGFR1/ZNF703/TGFBR2/IL17RD/BMP4/LRP6/OLFM1/HGF/TCF7L2/SFRP1/IGF1/SPRY2/SPRY1/TGFBR3,0.35248785758361917
GO:1900425,negative regulation of defense response to bacterium,4,0.9479230888290222,1.3474775848408393,0.019110890461034948,0.2606059618815503,0.1266919712122257,180,"tags=25%, list=1%, signal=25%",HAVCR2,0.35248785758361917
GO:0070585,protein localization to mitochondrion,122,0.5467871689036113,1.3471426969781566,0.03955696202531646,0.3626172658960034,0.17628413364093817,3668,"tags=34%, list=18%, signal=28%",ISG15/CDKN2A/LMAN1/TSPO/RALA/SAE1/MTCH2/GRPEL2/TIMM17B/HSP90AA1/TIMM17A/TRABD/TOMM40/HK1/TIMM10/AKT1/GZMB/ATG13/PIN1/RAC2/SH3GLB1/AIFM1/MICALL2/DNAJA1/TOMM34/AGK/UBL5/TIMM8B/ROMO1/GRPEL1/BCAP31/HSPD1/GFER/HAX1/UQCRC1/NMT1/EIF2AK1/TIMM23/TMEM126A/TIMM13/IMMP1L/TOMM22,0.2878571172551493
GO:1901894,regulation of ATPase-coupled calcium transmembrane transporter activity,5,0.9086822061995299,1.3464894550855828,0.04153354632587859,0.3694886377521986,0.1796246084294208,1583,"tags=40%, list=8%, signal=37%",PLN/VMP1,0.2820133500117251
GO:0001822,kidney development,211,-0.4900983942936527,-1.3453039750499356,0.019962128599539584,0.26728896205403246,0.12994087027558726,1807,"tags=27%, list=9%, signal=25%",PECAM1/SMAD4/IRX2/PYGO1/KLHL3/MAGI2/EDN1/WFS1/SMAD1/ENPEP/NPHP3/ASS1/LRRK2/LRP4/SIM1/DLL1/BMP6/IFT88/WNT11/MEF2C/SMO/PROX1/PCSK5/OSR2/NOTCH2/SMAD5/PKD1/CR1/MME/TMEM59L/SMAD3/PDGFRB/TFAP2B/CEP290/TEK/HPGD/CAT/NRP1/MYC/KANK2/ADIPOQ/SOX17/ALDH1A2/BMP4/AGTR1/FGF2/PDGFRA/CD34/SLIT2/ZBTB16/OSR1/FGF10/GFRA1/PDGFD/SFRP1/EGR1/AQP1/GPC3,0.35248785758361917
GO:0010876,lipid localization,383,-0.4657375092689139,-1.3449589419356178,0.005715555348499432,0.1474838152222528,0.07169834157861481,1332,"tags=13%, list=7%, signal=12%",OSBPL1A/BMP6/SLCO3A1/PNPLA2/AKR1C1/RBP5/PPARG/LPL/CRABP2/LCAT/SPNS2/IRS2/CRY2/DAB2/PLA2R1/CPT1A/SERPINA5/C3/IL6/CERT1/ABCA5/PLPPR4/GULP1/CLSTN3/RXRA/APOLD1/LRP1/ADIPOQ/SPART/NCOA1/PLSCR4/CLU/AGTR1/SCARB1/ABCB1/RBP7/PLTP/ACACB/ECRG4/CAV1/TAC1/ABCA9/ABCA6/ABCA10/CD36/FABP4/ABCA8/APOD,0.40701791892395395
GO:0006565,L-serine catabolic process,4,0.9451170087531839,1.3434887274662064,0.0215856417856544,0.2732950385334564,0.13286068708613075,529,"tags=75%, list=3%, signal=73%",SDS/SDSL/SHMT2,0.35248785758361917
GO:0051410,detoxification of nitrogen compound,2,-0.9788626703587209,-1.343480420389288,0.021136514949399245,0.270970959692972,0.131730850579599,292,"tags=50%, list=1%, signal=49%",GSTM3,0.35248785758361917
GO:0070458,cellular detoxification of nitrogen compound,2,-0.9788626703587209,-1.343480420389288,0.021136514949399245,0.270970959692972,0.131730850579599,292,"tags=50%, list=1%, signal=49%",GSTM3,0.35248785758361917
GO:2000523,regulation of T cell costimulation,5,0.9063031821771289,1.3429642063928018,0.0463258785942492,0.3844636529318133,0.18690461913347634,1832,"tags=80%, list=9%, signal=73%",LILRB4/TNFSF4/CCR7/LILRB2,0.2663506570885256
GO:0050806,positive regulation of synaptic transmission,125,-0.5394253009772647,-1.3426387203644286,0.030116758530046403,0.31353009103977975,0.1524207081886809,1298,"tags=20%, list=6%, signal=19%",TSHZ3/GRIA3/CYP46A1/NTRK1/VAMP2/PDE9A/MME/DLG4/NLGN1/NLGN2/CLSTN2/MPP2/NTRK2/STXBP1/CLSTN3/PTN/ABL1/SHANK3/MICU3/RELN/FAM107A/TACR1/NFATC4/PRNP/TAC1,0.35248785758361917
GO:0007029,endoplasmic reticulum organization,86,0.5800424170123009,1.3423103044326508,0.048465266558966075,0.3849684502962864,0.1871500232397604,5371,"tags=38%, list=26%, signal=28%",REEP4/DOP1B/GET3/RAB10/RAB5IF/SEC61A1/EMC6/RAB18/REEP3/NOMO1/BNIP1/SEC31A/TMCO1/VCPIP1/EMC10/WNK1/ARL6IP1/TOR1B/TMEM147/TRAM1/NCLN/EMC9/JAGN1/SEC16A/BAG6/POLR2M/TOR1AIP2/VAPA/GAK/LNPK/TMCC1/EMC2/TMEM33,0.26166352171157314
GO:0032635,interleukin-6 production,120,0.5544782226616312,1.3421880644897308,0.046474358974358976,0.3844636529318133,0.18690461913347634,2978,"tags=38%, list=15%, signal=33%",LAPTM5/LILRB4/TREM2/HLA-B/TNFSF4/CLEC7A/HAVCR2/CD74/TRPV4/LGALS9/TGFB1/TLR2/CARD9/TLR1/TYROBP/NOD2/AIF1/IFIH1/RIPK2/MAPKAPK2/SELENOS/C1QTNF3/PTPN22/CYBA/NMB/TLR7/SCIMP/TNFAIP3/CSK/ARRB2/NCKAP1L/LILRB2/WNT5A/IL1RAP/SYT11/BSG/HYAL2/TLR3/POU2F2/IL1B/SYK/ELF4/PYCARD/PTPN6/HSPD1/AGER,0.2663506570885256
GO:0032675,regulation of interleukin-6 production,120,0.5544782226616312,1.3421880644897308,0.046474358974358976,0.3844636529318133,0.18690461913347634,2978,"tags=38%, list=15%, signal=33%",LAPTM5/LILRB4/TREM2/HLA-B/TNFSF4/CLEC7A/HAVCR2/CD74/TRPV4/LGALS9/TGFB1/TLR2/CARD9/TLR1/TYROBP/NOD2/AIF1/IFIH1/RIPK2/MAPKAPK2/SELENOS/C1QTNF3/PTPN22/CYBA/NMB/TLR7/SCIMP/TNFAIP3/CSK/ARRB2/NCKAP1L/LILRB2/WNT5A/IL1RAP/SYT11/BSG/HYAL2/TLR3/POU2F2/IL1B/SYK/ELF4/PYCARD/PTPN6/HSPD1/AGER,0.2663506570885256
GO:0051305,chromosome movement towards spindle pole,5,0.9053753774993187,1.341589381171699,0.0463258785942492,0.3844636529318133,0.18690461913347634,210,"tags=40%, list=1%, signal=40%",DLGAP5/CENPE,0.2663506570885256
GO:0042670,retinal cone cell differentiation,5,0.9051219349133586,1.3412138287870075,0.0463258785942492,0.3844636529318133,0.18690461913347634,278,"tags=20%, list=1%, signal=20%",THY1,0.2663506570885256
GO:0046549,retinal cone cell development,5,0.9051219349133586,1.3412138287870075,0.0463258785942492,0.3844636529318133,0.18690461913347634,278,"tags=20%, list=1%, signal=20%",THY1,0.2663506570885256
GO:0008217,regulation of blood pressure,131,-0.5201595106564307,-1.3401939685197588,0.027801728934400225,0.3044023783692495,0.14798332731473957,1705,"tags=24%, list=8%, signal=23%",EDN1/GNA11/ENPEP/EMILIN2/ENG/SCPEP1/KL/DLL1/PCSK5/PPARG/RAMP2/PDE1C/MME/SMAD3/SCNN1D/LRP5/CMA1/ACVRL1/ADM/ADIPOQ/ADRB2/CPA3/OXTR/PTGS2/AGTR1/NPR1/TACR1/HBB/TAC1/NR2F2/EDNRB/CTSG,0.35248785758361917
GO:0007389,pattern specification process,232,-0.4897002096082894,-1.3397694330490337,0.02608913172108421,0.29622262390703846,0.14400679044134085,1830,"tags=21%, list=9%, signal=19%",TBX1/IRX2/BMPR1A/OFD1/RFX3/SMAD1/IFT122/NPHP3/ENG/DLL1/BBS5/WNT11/MEF2C/SMO/PCSK5/MEGF8/SOX18/HOXA4/OSR2/HOXD3/NOTCH2/SMAD5/HOXA5/CITED2/TBX3/C3/SSBP3/CHRD/AXIN2/HOXD8/ACVRL1/MID1/MEIS1/NRP1/ACVR2A/HOXD4/SOX17/BICC1/WLS/TGFBR2/BMP4/MEIS2/RELN/HOXD9/TBX18/GREM2/CHRDL1/OSR1/SFRP1,0.35248785758361917
GO:0002263,cell activation involved in immune response,251,0.5063291428174064,1.3397296901866307,0.02746465527973714,0.303738804136892,0.14766073481940276,2253,"tags=29%, list=11%, signal=26%",FCGR3A/GRN/TREM2/TNFSF4/HLA-DRA/ADORA3/HLA-DRB1/ITGB2/PSMA7/FCER1G/HAVCR2/CD74/LEF1/PSMA4/IL18/GAPT/SLC11A1/HLA-DMB/LGALS1/LGALS9/CD86/TGFB1/FOXP3/SMAD7/CD300A/SPI1/LCP1/VAMP8/CD180/LYN/TYROBP/ADGRE2/DOCK2/HLA-F/PSMA1/NMI/PSMB9/TFRC/SPN/SLAMF6/BATF/LAT2/MILR1/IRF8/PSMB2/ENTPD7/STXBP2/PSMB8/PSMA5/CD84/ASCL2/PSMB3/PLXNA1/LILRB1/PSMB4/ITGAM/NCKAP1L/RAC2/NBN/FCGR2B/ITGAL/PSMA3/ICAM1/IFI35/LOXL3/SNX4/NFKBID/EXOSC3/MAD2L2/IL1RAP/KARS1/GPR183,0.35248785758361917
GO:0072001,renal system development,217,-0.48972201483695266,-1.3392725852946084,0.018108820977065513,0.2546181547051647,0.12378103590998651,1807,"tags=27%, list=9%, signal=25%",PECAM1/SMAD4/IRX2/PYGO1/KLHL3/MAGI2/EDN1/WFS1/SMAD1/ENPEP/NPHP3/ASS1/LRRK2/LRP4/SIM1/DLL1/BMP6/IFT88/WNT11/MEF2C/SMO/PROX1/PCSK5/OSR2/NOTCH2/SMAD5/PKD1/CR1/MME/TMEM59L/SMAD3/PDGFRB/TFAP2B/CEP290/TEK/HPGD/CAT/NRP1/MYC/KANK2/ADIPOQ/SOX17/ALDH1A2/BMP4/AGTR1/FGF2/TBX18/PDGFRA/CD34/SLIT2/ZBTB16/OSR1/FGF10/GFRA1/PDGFD/SFRP1/EGR1/AQP1/GPC3,0.35248785758361917
GO:0071863,regulation of cell proliferation in bone marrow,5,0.9037863986932306,1.3392348250990094,0.0463258785942492,0.3844636529318133,0.18690461913347634,237,"tags=20%, list=1%, signal=20%",LEF1,0.2663506570885256
GO:0042098,T cell proliferation,145,0.5349965523672306,1.339052679888065,0.03937007874015748,0.3626172658960034,0.17628413364093817,2788,"tags=39%, list=14%, signal=34%",LAPTM5/LILRB4/IL4I1/HLA-A/TNFSF4/HLA-DRB1/HLA-DPB1/HAVCR2/MSN/IL18/HLA-DPA1/SLC11A1/CDKN2A/HLA-DMB/CD24/LGALS9/CD86/FOXP3/TNFRSF4/CD276/IL2RA/RASGRP1/FADD/CTLA4/AIF1/CCL5/CD4/PNP/TFRC/SPN/CD6/PTPRC/ZBTB7B/BTN2A2/CCDC88B/CD274/CD55/GNRH1/LILRB1/NCKAP1L/CTPS1/RAC2/LILRB2/GPNMB/PLA2G2D/CD3E/IRF1/TWSG1/TMEM131L/CD70/SLC4A2/IL1B/RIPK3/CD80/ELF4/PYCARD/CRTAM,0.2878571172551493
GO:0030038,contractile actin filament bundle assembly,98,-0.5385217277053316,-1.3386327474142097,0.047579201010164884,0.3849684502962864,0.1871500232397604,1469,"tags=28%, list=7%, signal=26%",CGNL1/PXN/TJP1/ASAP3/WASF2/PPM1F/SORBS1/LIMCH1/TSC1/SMAD3/S1PR1/ZEB2/ARRB1/NRP1/SORBS3/PDLIM1/ABL1/ARHGEF15/LPAR1/ARHGAP6/PTGER4/PIK3R1/TACR1/DLC1/RAPGEF3/TAC1/SFRP1,0.3217759180753611
GO:0043149,stress fiber assembly,98,-0.5385217277053316,-1.3386327474142097,0.047579201010164884,0.3849684502962864,0.1871500232397604,1469,"tags=28%, list=7%, signal=26%",CGNL1/PXN/TJP1/ASAP3/WASF2/PPM1F/SORBS1/LIMCH1/TSC1/SMAD3/S1PR1/ZEB2/ARRB1/NRP1/SORBS3/PDLIM1/ABL1/ARHGEF15/LPAR1/ARHGAP6/PTGER4/PIK3R1/TACR1/DLC1/RAPGEF3/TAC1/SFRP1,0.3217759180753611
GO:1904848,negative regulation of cell chemotaxis to fibroblast growth factor,1,0.9984343656734674,1.3384355676199637,0.0038055488728846332,0.11793663627896721,0.05733416388652252,33,"tags=100%, list=0%, signal=100%",CXCL13,0.4317076958033464
GO:0046651,lymphocyte proliferation,205,0.5114897871038919,1.3384210530435037,0.027683846292786377,0.303738804136892,0.14766073481940276,2788,"tags=38%, list=14%, signal=33%",FCGR3A/LAPTM5/LILRB4/IL4I1/HLA-A/TNFSF4/HLA-DRB1/HLA-DPB1/HAVCR2/SOX11/CD74/MSN/EPHB2/IL18/HLA-DPA1/GAPT/SLC11A1/CDKN2A/HLA-DMB/TNFSF13B/CD24/LGALS9/CD86/FOXP3/TNFRSF4/CD276/CD300A/IL2RA/RASGRP1/CD180/FADD/CTLA4/LYN/TYROBP/AIF1/CCL5/CD4/MNDA/PNP/TFRC/SPN/PTPN22/CD6/LST1/PTPRC/ZBTB7B/BTN2A2/CCDC88B/CD274/CD38/CD55/GNRH1/LILRB1/VAV1/NCKAP1L/CTPS1/RAC2/FCGR2B/LILRB2/GPNMB/HELLS/PLA2G2D/CD3E/IRF1/GPR183/TWSG1/TMEM131L/CD70/SLC4A2/MS4A1/IL1B/RIPK3/CD80/TCF3/ELF4/PYCARD/CRTAM,0.35248785758361917
GO:0060047,heart contraction,208,-0.492232983578452,-1.3383138905140382,0.02444841923410232,0.28762222685668637,0.13982576078396045,933,"tags=9%, list=5%, signal=8%",SCN3A/TTN/TRPC1/SCN9A/CACNA1G/SCN4B/ADM/ADRB2/DMD/TBX18/CACNA1D/ATP1B2/CAV1/SCN7A/TAC1/EDNRB/ANK2/GSN,0.35248785758361917
GO:0043542,endothelial cell migration,213,-0.4895566862373712,-1.3383017082405495,0.022557492479888374,0.27862818314396354,0.13545336224439172,735,"tags=17%, list=4%, signal=16%",FSTL1/ACVRL1/ADAMTS9/ZEB2/TEK/PLEKHG5/NFE2L2/NRP1/CARD10/CLEC14A/PTN/GATA2/ID1/ABL1/FGFR1/SEMA5A/ATOH8/PTGS2/FGF2/SCARB1/MMRN2/MMRN1/RHOJ/RHOB/EGR3/MEOX2/SASH1/SLIT2/SMOC2/NR4A1/KLF4/ADGRA2/NR2F2/PLPP3/DCN/TGFBR3,0.35248785758361917
GO:0043367,"CD4-positive, alpha-beta T cell differentiation",104,0.5577790464728352,1.3382100193122937,0.04786324786324787,0.3849684502962864,0.1871500232397604,2253,"tags=37%, list=11%, signal=33%",TNFSF4/HLA-DRA/HLA-DRB1/RSAD2/PSMA7/LEF1/PSMA4/IL18/RUNX1/LGALS1/CD86/ICOS/FOXP3/SMAD7/RUNX3/CTSL/PSMA1/PSMB9/SPN/SLAMF6/BATF/PSMB2/ENTPD7/PSMB8/ZBTB7B/PSMA5/ASCL2/PSMB3/PSMB4/TOX/NCKAP1L/SOCS1/GPR65/PSMA3/LOXL3/NFKBID/CBFB/GPR183,0.27128855468895297
GO:0060677,ureteric bud elongation,5,0.9029773392676518,1.338035957136539,0.04792332268370607,0.3849684502962864,0.1871500232397604,1429,"tags=60%, list=7%, signal=56%",KIF26B/SIX1/SIX4,0.26166352171157314
GO:1902731,negative regulation of chondrocyte proliferation,4,0.9410462179418341,1.3377020772247337,0.024885316065215168,0.2900864134837078,0.14102370982149642,669,"tags=50%, list=3%, signal=48%",SMAD7/BMPR1B,0.35248785758361917
GO:0042940,D-amino acid transport,5,0.9027171019417207,1.3376503362750374,0.04792332268370607,0.3849684502962864,0.1871500232397604,393,"tags=20%, list=2%, signal=20%",SLC1A3,0.26166352171157314
GO:1901143,insulin catabolic process,3,0.9595307353616528,1.3376106408044983,0.039937431187002055,0.3637418537552629,0.1768308450502331,32,"tags=33%, list=0%, signal=33%",CTSD,0.3217759180753611
GO:1901654,response to ketone,178,-0.5017107748140855,-1.3366184756763861,0.025871681402344568,0.2951262897753117,0.14347381440636112,924,"tags=16%, list=5%, signal=16%",AHR/SCNN1D/NR3C1/CCL21/AXIN2/ADCY5/NTRK3/NCOA1/BTG2/AKR1C3/GHR/AR/FGF2/PTGER4/ADCY3/JUND/TACR1/SLIT2/CAV1/PTGFR/FOS/TXNIP/KLF9/SLIT3/SFRP1/DUSP1/FOSB/AQP1/TGFBR3,0.35248785758361917
GO:1903522,regulation of blood circulation,224,-0.48657757103577753,-1.3362097502717813,0.01846528501285589,0.25829189912312683,0.1255670039618344,678,"tags=9%, list=3%, signal=9%",CACNA1G/ITGA9/SCN4B/ADM/ADRB2/ABL1/PER2/OXTR/DMD/AGTR1/TBX18/TACR1/CACNA1D/ADD3/ATP1B2/CAV1/TAC1/EDNRB/ANK2/SVEP1,0.35248785758361917
GO:0141193,nuclear receptor-mediated signaling pathway,169,-0.501420948228091,-1.3357512207444135,0.029842710366834536,0.31147372448256405,0.1514210183474064,1845,"tags=21%, list=9%, signal=20%",RARA/SAFB2/DDX5/TBX1/PAQR7/PLPP1/LATS1/CALCOCO1/TWIST1/FOXA1/PPARG/ZBTB7A/TP63/CITED2/CRY2/DAB2/NR3C1/ESR1/DHRS3/SCGB2A2/DDX17/PGR/NR3C2/RXRA/KANK2/RBFOX2/NCOA1/THRA/AKR1C3/AR/THRB/PER1/JUND/KLF2/TCF7L2/SFRP1,0.35248785758361917
GO:0090150,establishment of protein localization to membrane,250,0.5070116204236418,1.3353349396565837,0.017626272262491277,0.2529037986096769,0.12294761233237947,3676,"tags=32%, list=18%, signal=26%",CEMIP/RAB31/ITGB2/SSR3/CD24/CIB1/SEC61G/HSPA5/GOLPH3/GET3/NPC1/RAB10/RTP4/SEC61B/MTCH2/ATP6AP1/SRPRB/MICALL1/OPTN/GOLGA7/CHMP4B/RAB5IF/RN7SL1/TOMM40/SEC61A1/EMC6/ZDHHC12/CSK/YIF1B/AKAP5/TIMM10/SSR2/ITGAM/RAB8A/SRP9/SORL1/NOMO1/PAK1/VPS35/ZDHHC20/TMCO1/BID/EMC10/ATP2C1/AGK/ZDHHC18/ATP13A1/SSR1/TIMM8B/ROMO1/WNK1/VPS37C/GGA1/ARL6IP1/ZDHHC4/CHP1/SSR4/CLN3/SRP19/LYPLA1/ZDHHC2/GRIP1/CHML/RFTN1/GGA3/BHLHE40-AS1/CNST/TMEM126A/KRT18/TIMM13/NSF/TMEM147/TRAM1/GGA2/ICMT/BLZF1/NCLN/TOMM22/EMC9,0.35248785758361917
GO:0001959,regulation of cytokine-mediated signaling pathway,155,0.5375513381527671,1.3327681344428484,0.03187113044865219,0.32314851620624874,0.15709664589747016,3182,"tags=39%, list=16%, signal=33%",LAPTM5/TREM2/ISG15/CXCR4/CD74/SPHK1/OAS3/OAS1/NLRC5/IKBKE/CD24/IL1RN/HIF1A/EZR/GSTP1/FADD/PARP14/PXDN/TTLL12/CCL5/CDK5R1/STAT2/IRAK1/MAPKAPK2/ZBP1/CASP8/UBE2K/PTPRC/TNFAIP3/CD300LF/PARP9/TRAF2/RBM47/OTULIN/SORL1/IL11/PADI2/PTPN1/SH2B3/SPATA2/WNT5A/CARD16/EIF4E2/IL1RAP/TRAIP/USP18/RNF113A/ADAM10/RFFL/ZNF675/IL1B/SYK/PYCARD/CYLD/PTPN6/IRAK2/RNF185/AGPAT1/MMP12/NRDC,0.3217759180753611
GO:0034343,type III interferon production,3,0.9551520024961079,1.3315065740369176,0.04522708436661488,0.38252444519624285,0.18596188532633084,818,"tags=67%, list=4%, signal=64%",IL32/IFIH1,0.3217759180753611
GO:0034344,regulation of type III interferon production,3,0.9551520024961079,1.3315065740369176,0.04522708436661488,0.38252444519624285,0.18596188532633084,818,"tags=67%, list=4%, signal=64%",IL32/IFIH1,0.3217759180753611
GO:0031032,actomyosin structure organization,186,-0.493846282246126,-1.3314865595002618,0.02636641284124371,0.29820981633535343,0.14497285170910132,1339,"tags=23%, list=7%, signal=21%",OBSL1/TJP1/ASAP3/WASF2/PROX1/OBSCN/PPM1F/SORBS1/LIMCH1/TSC1/MYOM2/MYO18A/CNN1/SMAD3/PDGFRB/TTN/CDC42BPB/EPB41L2/TMOD1/S1PR1/ZEB2/ARRB1/NRP1/SORBS3/EPB41L1/PDLIM1/ABL1/ARHGEF15/LMOD1/TNNT3/LPAR1/ARHGAP6/PTGER4/PIK3R1/PGM5/MYH11/PDGFRA/TACR1/DLC1/RAPGEF3/TAC1/SFRP1,0.35248785758361917
GO:0090220,chromosome localization to nuclear envelope involved in homologous chromosome segregation,2,-0.9688555591642173,-1.329745748139965,0.034824592138271875,0.34121501459418424,0.16587956197945292,618,"tags=50%, list=3%, signal=48%",SUN1,0.3217759180753611
GO:0019448,L-cysteine catabolic process,2,-0.9688325667873569,-1.3297141913046033,0.034824592138271875,0.34121501459418424,0.16587956197945292,640,"tags=100%, list=3%, signal=97%",CDO1/CSAD,0.3217759180753611
GO:0030162,regulation of proteolysis,123,0.5458973787759369,1.3285356967489523,0.03515236787426338,0.34205175049279524,0.16628633594430656,3182,"tags=34%, list=16%, signal=29%",CFL1/PLAU/GRN/CTSZ/ADAM8/PLAUR/HPSE/ENO1/MMP14/RUNX1/APOE/CSTB/TIMP1/MYH9/FADD/PLGRKT/AURKAIP1/CASP8/SERPINE1/SERPINB8/ANXA2/DNAJC1/NEDD8/AKT1/PSENEN/ADAM9/PRELID1/PTPN1/ECM1/CDK5/THBS1/FURIN/S100A10/RHBDD1/IL1B/CLN3/BAK1/TSPAN17/TBC1D10A/IST1/PRSS22/NRDC,0.3217759180753611
GO:0006869,lipid transport,368,-0.460540706601893,-1.326436713854754,0.00837109208498167,0.1743293704623725,0.08474914167198845,1332,"tags=11%, list=7%, signal=11%",OSBPL1A/BMP6/SLCO3A1/AKR1C1/RBP5/PPARG/CRABP2/LCAT/SPNS2/IRS2/CRY2/DAB2/PLA2R1/CPT1A/SERPINA5/CERT1/ABCA5/PLPPR4/GULP1/RXRA/APOLD1/LRP1/ADIPOQ/SPART/NCOA1/PLSCR4/CLU/AGTR1/SCARB1/ABCB1/RBP7/PLTP/ECRG4/CAV1/TAC1/ABCA9/ABCA6/ABCA10/CD36/FABP4/ABCA8/APOD,0.3807304007227924
GO:0032956,regulation of actin cytoskeleton organization,311,-0.47020962858684734,-1.3259332523142933,0.013974890315934407,0.22395587020083074,0.10887475656903346,1291,"tags=20%, list=6%, signal=19%",TJP1/ASAP3/WASF2/WASF1/PROX1/WASF3/GPM6B/RAB40B/FER/PPM1F/TRIOBP/LIMCH1/ADD1/EFNA5/TSC1/SMAD3/PDGFRB/ARAP3/PRKCE/KANK3/ABI2/CCL21/DAAM2/TMOD1/ESAM/CORO2B/S1PR1/TENM1/LIMA1/NRP1/SORBS3/PAK3/KANK2/LRP1/ABL1/ARHGEF15/SHANK3/SEMA5A/RND3/LMOD1/LPAR1/ARHGAP6/EPS8/PTGER4/SVIL/FAM107A/PIK3R1/PDGFRA/MIR335/TACR1/ADD3/CDC42EP4/SLIT2/DLC1/PLEKHH2/SPTBN1/RAPGEF3/TAC1/SFRP1/SYNPO2/GSN/CXCL12,0.3807304007227924
GO:0032970,regulation of actin filament-based process,354,-0.4638986677646146,-1.3258440554463258,0.011821912769734906,0.20895381397834203,0.10158160002978436,1291,"tags=19%, list=6%, signal=18%",TJP1/ASAP3/WASF2/WASF1/PROX1/WASF3/GPM6B/RAB40B/FER/PPM1F/TRIOBP/LIMCH1/ADD1/EFNA5/TSC1/SMAD3/PDGFRB/ARAP3/PRKCE/KANK3/ABI2/CCL21/DAAM2/TMOD1/ESAM/CORO2B/S1PR1/TENM1/ZEB2/LIMA1/NRP1/SORBS3/PAK3/KANK2/LRP1/ADRB2/ABL1/ARHGEF15/SHANK3/SEMA5A/RND3/LMOD1/LPAR1/ARHGAP6/EPS8/PTGER4/SVIL/FAM107A/PIK3R1/PDGFRA/MIR335/TACR1/ADD3/CDC42EP4/SLIT2/DLC1/CAV1/PLEKHH2/SPTBN1/RAPGEF3/TAC1/SFRP1/ANK2/SYNPO2/GSN/CXCL12,0.3807304007227924
GO:0090287,regulation of cellular response to growth factor stimulus,255,-0.4838387379093818,-1.3246014458047242,0.02260989998759008,0.27862818314396354,0.13545336224439172,1571,"tags=20%, list=8%, signal=18%",ARID4A/SPRED2/ENG/SAP30L/GLG1/NUMA1/DLL1/TET1/WASF1/PROX1/PPARG/FSTL3/VASN/TSC22D1/ZBTB7A/EPN2/CITED2/PEG10/ARNT/CREBBP/TFAP2B/CHRD/FSTL1/CCN1/ACVRL1/ZEB2/NRP1/SPART/ZNF423/ZNF703/LTBP4/CRIM1/IL17RD/BMP4/DMD/FGF2/MMRN2/MMRN1/GREM2/SEMA6A/SLIT2/CAV1/CDKN1C/CHRDL1/SMOC2/NR2F2/SPRY2/DCN/SPRY1/TGFBR3,0.35248785758361917
GO:0010915,regulation of very-low-density lipoprotein particle clearance,2,0.9660557914042545,1.322823951610532,0.04794520547945205,0.3849684502962864,0.1871500232397604,64,"tags=50%, list=0%, signal=50%",APOC1,0.27128855468895297
GO:0003015,heart process,216,-0.4816192325437182,-1.3209853301958459,0.031190950880276642,0.32259654106171853,0.15682830660616695,954,"tags=9%, list=5%, signal=9%",RAMP3/SCN3A/TTN/TRPC1/WWTR1/SCN9A/CACNA1G/SCN4B/ADM/ADRB2/DMD/TBX18/CACNA1D/ATP1B2/CAV1/SCN7A/TAC1/EDNRB/ANK2/GSN,0.35248785758361917
GO:0022408,negative regulation of cell-cell adhesion,169,0.5217506090704132,1.3197135934169963,0.02724231764377862,0.303738804136892,0.14766073481940276,2792,"tags=41%, list=14%, signal=36%",LAPTM5/LILRB4/IL4I1/TNFSF4/TIGIT/HLA-DRB1/PSMA7/HAVCR2/PSMA4/LAG3/RUNX1/CD9/TRPV4/CDKN2A/LGALS1/LGALS9/CD86/TGFB1/IL1RN/FOXP3/SMAD7/CD300A/SPI1/MAP2K1/EPCAM/CTLA4/FXYD5/PAG1/PRKCD/RUNX3/VEGFA/PSMA1/SPINT2/PSMB9/SPN/PTPN22/PSMB2/PSMB8/ZBTB7B/CSK/PSMA5/BTN2A2/NOTCH1/ASCL2/CD274/PSMB3/GNRH1/LILRB1/PSMB4/AKT1/SOCS1/LILRB2/PSMA3/SH2B3/GPNMB/PLA2G2D/LOXL3/IRF1/CBFB/MAD2L2/TWSG1/WNK1/TMEM131L/SLC4A2/TMX1/CD80/ADTRP/CRTAM/PDCD1,0.35248785758361917
GO:0140021,mitochondrial ADP transmembrane transport,3,0.9462663221683425,1.3191197060407338,0.0430622009569378,0.3745399337504601,0.18208026463381358,314,"tags=33%, list=2%, signal=33%",SLC25A5,0.2765005992544716
GO:1901136,carbohydrate derivative catabolic process,230,0.5050725201138341,1.3190911010930275,0.022480859484915617,0.278564196448551,0.13542225550947812,2533,"tags=31%, list=12%, signal=27%",SULF1/CEMIP/GAPDH/TYMP/HMMR/HPSE/ENO1/PKM/PGK1/UCHL1/NPL/AMPD3/SULF2/TPI1/ARSB/TGFB1/HIF1A/EDEM1/PRKCD/UPP1/DNPH1/GM2A/CTSL/CHI3L1/GALM/FBXO6/NAGK/PNP/DHTKD1/LDHA/GLB1/NUDT1/SMPD1/GPI/M6PR/ENTPD7/HK1/NAGA/ADA2/SLC2A6/HK3/PFKL/MANBA/GPC1/PDE7A/FBP1/AOAH/GALNS/NUDT18/TIGAR/DCTPP1/UCP2/EIF6/FOXK2/ENO2/CEMIP2/PGM1/EDEM2/SIRT6/P2RX7/BPGM/CD44/HPRT1/ADAMTS4/NCCRP1/STT3B/TDG/PFKP/HYAL2/ADPGK/GLA,0.35248785758361917
GO:0002419,T cell mediated cytotoxicity directed against tumor cell target,3,0.9454281678883993,1.3179512973153318,0.044657097288676235,0.3808875144043589,0.18516610157961813,62,"tags=33%, list=0%, signal=33%",HLA-A,0.27128855468895297
GO:0014074,response to purine-containing compound,120,-0.5170959544725104,-1.317645590673462,0.04869726827042316,0.3849684502962864,0.1871500232397604,1487,"tags=14%, list=7%, signal=13%",ASS1/NT5E/ASPH/MMP19/INHBB/TAT/AHR/RYR3/CDO1/ZFP36L1/PER1/PDE2A/FOS/RAPGEF3/DUSP1/FOSB/AQP1,0.3217759180753611
GO:0032943,mononuclear cell proliferation,207,0.5102127499040411,1.317198671494896,0.024205399776713675,0.2861808094394915,0.13912502465111992,2788,"tags=37%, list=14%, signal=32%",FCGR3A/LAPTM5/LILRB4/IL4I1/HLA-A/TNFSF4/HLA-DRB1/HLA-DPB1/HAVCR2/SOX11/CD74/MSN/EPHB2/IL18/HLA-DPA1/GAPT/SLC11A1/CDKN2A/HLA-DMB/TNFSF13B/CD24/LGALS9/CD86/FOXP3/TNFRSF4/CD276/CD300A/IL2RA/RASGRP1/CD180/FADD/CTLA4/LYN/TYROBP/AIF1/CCL5/CD4/MNDA/PNP/TFRC/SPN/PTPN22/CD6/LST1/PTPRC/ZBTB7B/BTN2A2/CCDC88B/CD274/CD38/CD55/GNRH1/LILRB1/VAV1/NCKAP1L/CTPS1/RAC2/FCGR2B/LILRB2/GPNMB/HELLS/PLA2G2D/CD3E/IRF1/GPR183/TWSG1/TMEM131L/CD70/SLC4A2/MS4A1/IL1B/RIPK3/CD80/TCF3/ELF4/PYCARD/CRTAM,0.35248785758361917
GO:0007411,axon guidance,173,-0.4914174243411889,-1.3163069910897085,0.03057714074182837,0.3171063729671653,0.15415929545552579,1395,"tags=18%, list=7%, signal=17%",ARHGEF40/EFNB1/PGRMC1/SCN1B/TENM2/CNTN4/SMO/MEGF8/SEMA3D/SEMA3B/NOTCH2/RPS6KA5/NTRK1/EFNA5/SEMA6D/NEO1/SEMA6C/NTN4/TENM1/ROBO4/NRP1/PLXNA4/SEMA5A/RELN/CNTN1/NFIB/SEMA6A/SLIT2/SEMA3G/SLIT3/BOC/CXCL12,0.35248785758361917
GO:0071706,tumor necrosis factor superfamily cytokine production,164,0.5150665912183415,1.3115365893295647,0.04813664596273292,0.3849684502962864,0.1871500232397604,1983,"tags=32%, list=10%, signal=29%",FCGR3A/LILRB4/TREM2/CLEC7A/ADAM8/PSMA7/HAVCR2/CYBB/FCGR1A/EPHB2/PSMA4/OAS3/OAS1/TSPO/LGALS9/CD86/TGFB1/TLR2/TLR1/GSTP1/CD2/OAS2/FADD/TYROBP/NOD2/IFIH1/RIPK2/PSMA1/PSMB9/MAPKAPK2/SELENOS/SPN/PTPN22/CYBA/FCGR2A/PTPRJ/PTPRC/PSMB2/PSMB8/TNFAIP3/PSMA5/ARRB2/CD274/PSMB3/LILRB1/PSMB4/CLEC4A/RAD21/FCGR2B/PSMA3/LY96/GPNMB/WNT5A,0.25720646646883816
GO:1903555,regulation of tumor necrosis factor superfamily cytokine production,164,0.5150665912183415,1.3115365893295647,0.04813664596273292,0.3849684502962864,0.1871500232397604,1983,"tags=32%, list=10%, signal=29%",FCGR3A/LILRB4/TREM2/CLEC7A/ADAM8/PSMA7/HAVCR2/CYBB/FCGR1A/EPHB2/PSMA4/OAS3/OAS1/TSPO/LGALS9/CD86/TGFB1/TLR2/TLR1/GSTP1/CD2/OAS2/FADD/TYROBP/NOD2/IFIH1/RIPK2/PSMA1/PSMB9/MAPKAPK2/SELENOS/SPN/PTPN22/CYBA/FCGR2A/PTPRJ/PTPRC/PSMB2/PSMB8/TNFAIP3/PSMA5/ARRB2/CD274/PSMB3/LILRB1/PSMB4/CLEC4A/RAD21/FCGR2B/PSMA3/LY96/GPNMB/WNT5A,0.25720646646883816
GO:0060485,mesenchyme development,246,-0.4744562386134685,-1.3113341447284055,0.013628275404300018,0.22164056394861464,0.10774918480185121,1871,"tags=26%, list=9%, signal=24%",TEAD2/JAG1/DDX5/TBX1/HAND2/SMAD4/BMPR1A/EDN1/MDM4/SEMA6B/ACTG2/TAPT1/SPRED2/ENG/PDCD4/TWIST1/EMP2/NOTCH4/FOXA1/WNT11/MEF2C/SMO/RADIL/MARK1/SEMA3D/SEMA3B/VASN/MSX1/CITED2/SEMA6D/SMAD3/TBX3/SEMA6C/DAB2/IL6/WWTR1/AXIN2/ACVRL1/DCHS1/DDX17/NRP1/MYC/FGFR1/ZNF703/FRZB/TGFBR2/SEMA5A/IL17RD/BMP4/LRP6/ADAMTS5/OLFM1/MEOX1/SEMA6A/HGF/SEMA3G/TCF7L2/OSR1/SFRP1/IGF1/SPRY2/SPRY1/TGFBR3,0.3807304007227924
GO:0048193,Golgi vesicle transport,303,0.4819941162249871,1.3094639201763352,0.025077280092315458,0.2900864134837078,0.14102370982149642,4324,"tags=35%, list=21%, signal=28%",RAB31/LAPTM5/ARF4/TAPBP/PSMD14/VCP/LMAN1/TMED9/SEC13/GOLPH3/DOP1B/RABIF/TMED2/RAB10/STX6/GOLT1B/RAB2A/YKT6/OPTN/KDELR3/GOLGA7/RAB1A/TMED3/SORT1/CSK/YIF1B/AP1M2/CORO7/TRAPPC1/COPE/GLTP/RAB8A/KDELR1/SORL1/EHD3/GOLGA5/SURF4/SEC24A/BNIP1/LLGL2/SEC31A/YIF1A/KDELR2/HYOU1/TFG/COPZ1/ATP2C1/ZW10/COMMD1/GGA1/USE1/COPB2/AP3M2/BCAP31/LMAN2/CLN3/COPA/CUX1/BET1/YIPF5/COPG1/RAB6A/AP2M1/LYPLA1/ACBD3/TRAPPC10/TMED10/TRAPPC9/SPAST/PREB/GGA3/TMED7/ERGIC2/CNIH4/SNX3/EXOC5/ARCN1/PDCD6/DNM2/CNST/SNX8/SCAMP3/KRT18/NSF/GGA2/ARFGAP3/IER3IP1/BLZF1/ARFGEF2/SEC16A/ANK1/TRAPPC3/AP1M1/TRAPPC4/SNAP23/COPB1/NRBP1/STX5/GABARAPL2/RAB4B/TRAPPC2/SYS1/ARF3/COG4/GOSR2/ARFRP1,0.35248785758361917
GO:0050867,positive regulation of cell activation,317,0.4846934709798469,1.307367367048084,0.024201959561757358,0.2861808094394915,0.13912502465111992,2280,"tags=30%, list=11%, signal=27%",FCGR3A/LILRB4/IL4I1/TREM2/HLA-A/B2M/TNFSF4/CLEC7A/HLA-DRA/HLA-DQB1/HLA-DRB1/ADAM8/HLA-DPB1/HAVCR2/HLA-DQA1/MMP14/CD74/LEF1/EPHB2/THY1/ACTB/IL18/RUNX1/HLA-DPA1/DUSP10/HLA-DMB/CARD11/TNFSF13B/CD24/LGALS9/CD86/ICOS/TGFB1/FOXP3/TNFRSF4/CD276/RHOA/SPI1/CD2/IL2RA/RASGRP1/FADD/LYN/TYROBP/NOD2/FLNA/AIF1/RUNX3/IL2RG/RPS6KA1/CCL5/CD4/PNP/TFRC/SMARCA4/CD6/TNIP2/PTPRJ/CD226/SIRPG/HLA-DOA/PTPRC/SOX4/ZBTB7B/CSK/CCDC88B/CD274/CD38/CD55/HLA-DOB/IL4R/LCK/VNN1/CCR7/VAV1/HLA-DMA/AKT1/NCKAP1L/SOCS1/GPR65/PRKDC/SMARCB1/LILRB2/SMARCC1/WNT5A/ACTL6A/FCHO1/CD3E/NFKBID/THBS1/CBFB/MAD2L2/KARS1/GPR183/YWHAG,0.35248785758361917
GO:0007204,positive regulation of cytosolic calcium ion concentration,136,-0.5091575541749498,-1.3059622705079685,0.03254999203365609,0.32674412471762543,0.1588446286631938,1105,"tags=15%, list=5%, signal=14%",ADCYAP1/PKD1/ESR1/DLG4/PTGER3/ADCY5/GATA2/ABL1/SAA1/LRP6/LPAR1/AGTR1/PTGER4/TACR1/ADCYAP1R1/CAV1/PTGFR/TAC1/EDNRB/CD36,0.3217759180753611
GO:0060537,muscle tissue development,248,-0.47322386299950897,-1.3020915858428568,0.019395739857234532,0.26272998032902883,0.12772454960014645,1634,"tags=20%, list=8%, signal=19%",SMAD1/MYLK/RCAN1/FES/ENG/TWIST1/KCNK2/DLL1/OBSL1/MEF2C/SMO/PROX1/CAV2/SHOX2/KDM6B/NOTCH2/SMAD5/MSX1/PDGFRB/SORBS2/TBX3/TTN/FZD7/NR1D2/TFAP2B/ADAMTS9/S1PR1/CACNA1G/MEIS1/DDX17/KAT2A/EEF2/EGR2/ABL1/FOXP2/CARMN/BMP4/DMD/FGF2/SVIL/TBX18/PGM5/MYH11/PDGFRA/TNN/MRTFB/CAV1/OSR1/IGF1/TGFBR3,0.35248785758361917
GO:0009165,nucleotide biosynthetic process,203,0.5015276668795187,1.3020073478443066,0.0472675609150013,0.3849684502962864,0.1871500232397604,3240,"tags=34%, list=16%, signal=29%",TREM2/RRM2/TK1/TYMS/ENO1/IDH2/AMPD3/ATP5F1E/ATP5MC3/NME1/KMO/VCP/CMPK2/TGFB1/DCK/IDO1/SDHB/MAP2K1/UPP1/NDUFS5/ATP5MF/PNP/ADCY7/NDUFS8/NADK/NDUFS6/PAPSS1/GARS1/NDUFA7/NDUFA1/ADK/NDUFB9/KYNU/RRM1/CTPS1/ATP5F1C/TMSB4X/VPS9D1/RRM2B/NDUFB2/DNAJC30/NDUFA6/SDHA/IMPDH1/GUK1/KARS1/FLAD1/HPRT1/NDUFB11/PRPS2/NDUFB3/NDUFAB1/NDUFC2/DTYMK/ADSS2/ATIC/ATP5PD/ATP5F1B/UCK2/AK2/NUDT2/ATP5MC1/ME1/APRT/ADA/MTHFD1/STOML2/NDUFS3/NDUFV2/ATP5F1D,0.3217759180753611
GO:1901342,regulation of vasculature development,280,-0.4677857227748469,-1.3016929208269867,0.026609427795293867,0.29958675240918664,0.14564224063699718,831,"tags=13%, list=4%, signal=13%",C3/IL6/ECSCR/CMA1/ADAMTS9/TEK/ADM/NFE2L2/NRP1/GATA2/ABL1/RECK/SEMA5A/FGF2/NPR1/RHOJ/RHOB/CD34/SASH1/SEMA6A/TNN/KLF2/SMOC2/ADAMTS1/RAPGEF3/KLF4/CLDN5/ADGRA2/SFRP1/SPRY2/HSPB6/DCN/FBLN5/CD36/CXCL12/AQP1,0.35248785758361917
GO:0043434,response to peptide hormone,371,-0.45350383242628495,-1.298990303973807,0.018108478122481394,0.2546181547051647,0.12378103590998651,1302,"tags=17%, list=6%, signal=16%",LEPROT/STAT6/ADCY6/MT-CYB/AKT3/CAV2/FER/PPARG/INHBB/TAT/APPL2/SORBS1/BLVRB/IRS1/DDR2/VAMP2/RPS6/PIK3C2A/IRS2/TSC1/CRY2/PRKAR1A/SMAD3/SESN3/SCNN1D/CPEB1/LRP5/MAP1B/NR4A2/STC2/ADCY5/CDO1/CAT/PLCB1/NFE2L2/ALPL/ADIPOQ/PHIP/NCOA1/BTG2/GHR/SRSF5/ADCY4/ZFP36L1/PID1/LRP6/AGTR1/ADCY3/PIK3R1/JUND/SOCS2/KLF2/CAV1/NR4A1/FOS/KLF4/TNS2/PDK4/EDNRB/IGF1/EGR1/CXCL12/TGFBR3,0.35248785758361917
GO:0097485,neuron projection guidance,174,-0.48732514131165505,-1.2971956930555917,0.031634263357517435,0.32314851620624874,0.15709664589747016,1395,"tags=18%, list=7%, signal=17%",ARHGEF40/EFNB1/PGRMC1/SCN1B/TENM2/CNTN4/SMO/MEGF8/SEMA3D/SEMA3B/NOTCH2/RPS6KA5/NTRK1/EFNA5/SEMA6D/NEO1/SEMA6C/NTN4/TENM1/ROBO4/NRP1/PLXNA4/SEMA5A/RELN/CNTN1/NFIB/SEMA6A/SLIT2/SEMA3G/SLIT3/BOC/CXCL12,0.3217759180753611
GO:0090066,regulation of anatomical structure size,378,-0.45352417267514633,-1.2962872130344925,0.010831262989952569,0.20176192585411473,0.09808530824652006,1055,"tags=15%, list=5%, signal=14%",EFNA5/PIK3C2A/VIM/SEMA6D/SEMA6C/ARHGAP5/RAB21/DNM1/PRKCE/KANK3/CCL21/DAAM2/TMOD1/ESAM/MAP1B/TENM1/ITGA9/ADM/LIMA1/MAPT/NRP1/PAK3/KANK2/PLXNA4/RUFY3/ADRB2/GPRC5B/ABL1/SHANK3/PER2/SEMA5A/OXTR/LMOD1/EPS8/AGTR1/SVIL/NPR1/SCARB1/OLFM1/TACR1/ADD3/HBB/CDC42EP4/SLIT2/SEMA3G/KLF2/CAV1/PLEKHH2/SPTBN1/RGMA/EDNRB/SVEP1/GSN/CXCL12/AQP1,0.3807304007227924
GO:0072524,pyridine-containing compound metabolic process,157,0.5142052081301504,1.2943926620816164,0.04866562009419152,0.3849684502962864,0.1871500232397604,3440,"tags=38%, list=17%, signal=32%",GAPDH/ENO1/PKM/PGK1/MACROH2A1/UCHL1/IDH2/TPI1/KMO/VCP/IDO1/HIF1A/TKT/PARP14/MDH2/PNP/DHTKD1/LDHA/GPI/NADK/SLC25A22/HK1/PARP10/PARP9/SLC2A6/KYNU/HK3/CD38/PGD/PFKL/PDXK/FBP1/TALDO1/TIGAR/UCP2/EIF6/FOXK2/RPIA/ENO2/IDH1/PGM1/ALDH1L2/SIRT6/P2RX7/BPGM/PRPS2/PFKP/ADPGK/SRC/PFKFB4/ME1/NNMT/LDHB/MDH1/NAXE/SLC25A51/ME2/PFKFB2/PRKAG1/PNPO,0.25720646646883816
GO:1901293,nucleoside phosphate biosynthetic process,291,0.4823762945928718,1.293198228082304,0.02237697680659962,0.2776996466197066,0.13500195997503717,3651,"tags=37%, list=18%, signal=31%",TREM2/RRM2/TK1/TYMS/ENO1/PGK1/IDH2/AMPD3/ATP5F1E/ATP5MC3/NME1/KMO/VCP/CMPK2/TGFB1/DCK/IDO1/SDHB/MAP2K1/ACOT7/ELOVL1/UPP1/NDUFS5/ATP5MF/NAGK/PNP/ADCY7/NDUFS8/PPT1/GMDS/NADK/GNPNAT1/NDUFS6/PAPSS1/GARS1/NDUFA7/HK1/FUOM/NDUFA1/ADK/NDUFB9/HACD2/KYNU/PPCDC/SLC35C1/RRM1/NANS/CMAS/CTPS1/ATP5F1C/TMSB4X/UGDH/PANK1/ACLY/VPS9D1/ELOVL6/RRM2B/NDUFB2/NANP/DNAJC30/ACSL1/NDUFA6/SDHA/IMPDH1/FASN/GUK1/TPK1/UAP1L1/KARS1/FLAD1/HPRT1/NDUFB11/PRPS2/NDUFB3/NDUFAB1/NDUFC2/DTYMK/PGM3/ADSS2/ATIC/ATP5PD/ATP5F1B/UCK2/AK2/NUDT2/ATP5MC1/ME1/APRT/ADA/MTHFD1/COASY/ELOVL5/STOML2/NDUFS3/NDUFV2/ATP5F1D/GMPPA/FPGT/AK1/HACD1/PDHA1/NDUFB5/UQCC3/CAD/GFPT1/NDUFA9/SLC25A13,0.35248785758361917
GO:0050670,regulation of lymphocyte proliferation,177,0.5030410708970838,1.2921008282901525,0.046875,0.38451365469814186,0.18692892718189755,2788,"tags=38%, list=14%, signal=33%",FCGR3A/LAPTM5/LILRB4/IL4I1/HLA-A/TNFSF4/HLA-DRB1/HLA-DPB1/HAVCR2/SOX11/CD74/EPHB2/IL18/HLA-DPA1/CDKN2A/HLA-DMB/TNFSF13B/CD24/LGALS9/CD86/FOXP3/TNFRSF4/CD276/CD300A/IL2RA/FADD/CTLA4/LYN/TYROBP/AIF1/CCL5/CD4/MNDA/PNP/TFRC/SPN/PTPN22/CD6/LST1/PTPRC/ZBTB7B/BTN2A2/CCDC88B/CD274/CD38/CD55/GNRH1/LILRB1/NCKAP1L/RAC2/FCGR2B/LILRB2/GPNMB/PLA2G2D/CD3E/IRF1/GPR183/TWSG1/TMEM131L/CD70/SLC4A2/IL1B/RIPK3/CD80/TCF3/PYCARD/CRTAM,0.26166352171157314
GO:0070661,leukocyte proliferation,234,0.49685436311390485,1.2920628369505365,0.025781477857953053,0.2947851281483087,0.14330796079842784,2788,"tags=37%, list=14%, signal=32%",FCGR3A/LAPTM5/LILRB4/IL4I1/TREM2/HLA-A/TNFSF4/HLA-DRB1/HLA-DPB1/HAVCR2/SOX11/CD74/MSN/EPHB2/IL18/HLA-DPA1/GAPT/SLC11A1/CDKN2A/HLA-DMB/TNFSF13B/CD24/LGALS9/CD86/FOXP3/TNFRSF4/CD276/CD300A/GSTP1/IL2RA/RASGRP1/CD180/FADD/CTLA4/LYN/TYROBP/AIF1/IL2RG/CCL5/CD4/MNDA/BST2/PNP/TFRC/IL2RB/SPN/PTPN22/CD6/LST1/NMB/PTPRC/GREM1/ZBTB7B/TNFAIP3/BTN2A2/CCDC88B/CD274/CD38/CD55/GNRH1/LILRB1/VAV1/NPR3/NCKAP1L/CTPS1/RAC2/FCGR2B/LILRB2/GPNMB/HELLS/PLA2G2D/CD3E/IRF1/GPR183/TWSG1/TMEM131L/CD70/SLC4A2/MS4A1/IL1B/CSF1R/RIPK3/CD80/TCF3/ELF4/PYCARD/CRTAM,0.35248785758361917
GO:0007623,circadian rhythm,174,-0.48508788721248147,-1.2912404156941413,0.03464700589297435,0.34121501459418424,0.16587956197945292,1383,"tags=16%, list=7%, signal=15%",PRKAA2/FBXL3/PROX1/PPARG/IMPDH2/NTRK1/CRY2/AHR/NR1D2/NLGN1/SCN9A/NFIL3/ID4/SFPQ/PER3/NTRK2/NTRK3/KMT2A/ID1/PER2/PER1/JUND/EGR3/PTGDS/NGFR/KLF9/IGF1/EGR1,0.3217759180753611
GO:0007517,muscle organ development,217,-0.47207100555826786,-1.291001296454155,0.03190814382251816,0.32314851620624874,0.15709664589747016,1619,"tags=15%, list=8%, signal=14%",MYLK/RCAN1/ENG/ASS1/TWIST1/DLL1/MEF2C/PROX1/CAV2/LMNA/SHOX2/SMTN/TTN/NR1D2/POU6F1/UTRN/S1PR1/DDX17/EEF2/EGR2/FOXP2/ITGA7/BMP4/DMD/SVIL/EGR3/SGCE/MRTFB/CAV1/LAMA2/FHL1/IGF1/TGFBR3,0.3217759180753611
GO:0030217,T cell differentiation,244,0.48666757736601646,1.2900853056476236,0.04251968503937008,0.3706132290208906,0.1801713214961902,2712,"tags=35%, list=13%, signal=31%",LILRB4/IL4I1/TNFSF4/HLA-DRA/HLA-DRB1/ADAM8/RSAD2/PSMA7/ZNF683/CD74/LEF1/PSMA4/LAG3/ACTB/IL18/RUNX1/DUSP10/CDKN2A/LGALS1/CD86/ICOS/TGFB1/FOXP3/SMAD7/RHOA/SPI1/CD2/IL2RA/RASGRP1/FADD/CTLA4/RUNX3/CTSL/IL2RG/PSMA1/CD4/PNP/PSMB9/SPN/PTPN22/SMARCA4/SLAMF6/BATF/PTPRC/PSMB2/ENTPD7/PSMB8/CD3G/SOX4/ZBTB7B/PRR7/PSMA5/ASCL2/PSMB3/PSMB4/LCK/VNN1/CCR7/TOX/NCKAP1L/SOCS1/CD8A/GPR65/PRELID1/SMARCB1/LILRB2/SMARCC1/PSMA3/ACTL6A/LOXL3/CD3E/NFKBID/IRF1/FANCA/CBFB/GPR183/ZAP70/TMEM131L/RHOH/CD3D/CAMK4/SLC4A2/IL1B/RIPK3/CD80,0.2765005992544716
GO:0070663,regulation of leukocyte proliferation,198,0.4998099914296336,1.2896319543344341,0.04024767801857585,0.3644675714674372,0.17718364821265953,2788,"tags=38%, list=14%, signal=33%",FCGR3A/LAPTM5/LILRB4/IL4I1/HLA-A/TNFSF4/HLA-DRB1/HLA-DPB1/HAVCR2/SOX11/CD74/EPHB2/IL18/HLA-DPA1/CDKN2A/HLA-DMB/TNFSF13B/CD24/LGALS9/CD86/FOXP3/TNFRSF4/CD276/CD300A/GSTP1/IL2RA/FADD/CTLA4/LYN/TYROBP/AIF1/IL2RG/CCL5/CD4/MNDA/BST2/PNP/TFRC/IL2RB/SPN/PTPN22/CD6/LST1/NMB/PTPRC/GREM1/ZBTB7B/TNFAIP3/BTN2A2/CCDC88B/CD274/CD38/CD55/GNRH1/LILRB1/NCKAP1L/RAC2/FCGR2B/LILRB2/GPNMB/PLA2G2D/CD3E/IRF1/GPR183/TWSG1/TMEM131L/CD70/SLC4A2/IL1B/CSF1R/RIPK3/CD80/TCF3/PYCARD/CRTAM,0.2820133500117251
GO:0009117,nucleotide metabolic process,433,0.4671253193158692,1.2891339848417693,0.013688995669799201,0.22179323658408007,0.10782340565619249,3425,"tags=33%, list=17%, signal=28%",GAPDH/TYMP/TREM2/RRM2/TK1/TYMS/ENO1/PKM/PGK1/MACROH2A1/UCHL1/IDH2/AMPD3/ATP6V1B2/ATP5F1E/ATP5MC3/TPI1/NME1/CARD11/KMO/VCP/TSPO/CMPK2/TGFB1/DCK/ENPP1/IDO1/HIF1A/TKT/SDHB/MAP2K1/PARP14/UPP1/MDH2/NDUFS5/DNPH1/ATP6V1A/ATP5MF/PNP/DHTKD1/ADCY7/NDUFS8/LDHA/GPI/NADK/NDUFS6/PAPSS1/GARS1/SLC25A22/ENTPD7/NDUFA7/HK1/CASK/NDUFA1/ADK/NDUFB9/SLC2A6/KYNU/HK3/EFL1/PGD/PFKL/GMPR/RRM1/PDE7A/CTPS1/ATP5F1C/FBP1/TMSB4X/OLA1/CNP/NUDT18/TALDO1/VPS9D1/RRM2B/TIGAR/DCTPP1/UCP2/EIF6/FOXK2/NDUFB2/DNAJC30/RPIA/ENO2/NDUFA6/IDH1/SDHA/IMPDH1/PGM1/GUK1/ALDH1L2/SIRT6/P2RX7/KARS1/BPGM/FLAD1/HPRT1/NDUFB11/PRPS2/HSPA8/NDUFB3/NDUFAB1/NDUFC2/TDG/DTYMK/NUDT5/PFKP/ADSS2/ADPGK/ATIC/ATP5PD/ITPA/ATP5F1B/UCK2/SRC/PFKFB4/AK2/NUDT2/ATP5MC1/ME1/LACC1/APRT/RAB23/NNMT/ADA/LDHB/MTHFD1/NT5C/STOML2/NDUFS3/MDH1/NDUFV2/NAXE/ATP5F1D/PARG/ENTPD5/ME2/AK1/PDE4D/PFKFB2/TPST2/PRKAG1,0.3807304007227924
GO:0043010,camera-type eye development,179,-0.4865197810669221,-1.2886645856964596,0.04360511927291856,0.37604796186528605,0.18281338314396334,1256,"tags=16%, list=6%, signal=15%",PROX1/SMARCD3/OSR2/EFNA5/SCAPER/PDGFRB/ABI2/TFAP2B/TMOD1/DCX/LRP5/ACVRL1/CEP290/ZEB2/NRP1/MAF/FZD4/NES/PER2/SSPN/DMD/FGF2/PDGFRA/EFEMP1/CRYBG3/FOS/SPRY2/SPRY1,0.3217759180753611
GO:0051495,positive regulation of cytoskeleton organization,167,-0.47646964534061187,-1.285198414960902,0.046001004947254745,0.3844636529318133,0.18690461913347634,1458,"tags=22%, list=7%, signal=20%",PXN/MECP2/BIN1/NUMA1/WASF2/WASF1/PROX1/WASF3/FER/PPM1F/LIMCH1/SMAD3/PRKCE/ABI2/CCL21/MAP1B/TENM1/LIMA1/MAPT/NRP1/SORBS3/NAV3/ABL1/ARHGEF15/NES/SEMA5A/LMOD1/LPAR1/TACR1/ADD3/CDC42EP4/RAPGEF3/TAC1/SFRP1/SYNPO2/GSN,0.3217759180753611
GO:0045165,cell fate commitment,162,-0.48242816103002717,-1.2828652390264905,0.03583856958770627,0.34630921928405045,0.16835607797800495,2320,"tags=27%, list=11%, signal=24%",BMP2/IL6R/PRDM11/CTR9/CD69/GSC/TBX2/GAS1/RBPJ/TAL1/CHD3/JAG1/RARA/TBX1/SMAD4/STAT3/EDN1/NOTCH4/DLL1/WNT11/MEF2C/PROX1/PPARG/SOX5/NOTCH2/JAG2/TBX3/FZD7/IL6/SOX13/SOCS3/EPAS1/NRP1/NTRK3/SOX17/GATA2/TBX15/BMP4/FGF2/TBX18/TCF7L2/KLF4/NR2F2/IL6ST,0.3217759180753611
GO:0045765,regulation of angiogenesis,273,-0.45754794161736156,-1.2799333080576911,0.036292342782473876,0.3488264021158439,0.16957979079162985,831,"tags=13%, list=4%, signal=12%",C3/IL6/ECSCR/CMA1/ADAMTS9/TEK/ADM/NFE2L2/NRP1/GATA2/ABL1/RECK/SEMA5A/FGF2/NPR1/RHOJ/RHOB/CD34/SASH1/SEMA6A/TNN/KLF2/SMOC2/ADAMTS1/RAPGEF3/KLF4/CLDN5/ADGRA2/SFRP1/SPRY2/HSPB6/DCN/FBLN5/CD36/AQP1,0.3217759180753611
GO:0045785,positive regulation of cell adhesion,411,0.45914825372877216,1.2794916112504324,0.026326780301283218,0.29820981633535343,0.14497285170910132,2296,"tags=27%, list=11%, signal=25%",FN1/CFL1/CXCL13/P4HB/LILRB4/IL4I1/HLA-A/ADAM19/B2M/TNFSF4/HLA-DRA/HLA-DQB1/HLA-DRB1/ADAM8/PLAUR/HPSE/ITGB2/HLA-DPB1/HAVCR2/HLA-DQA1/EDIL3/LEF1/THY1/ACTB/IL18/RUNX1/HLA-DPA1/DUSP10/HLA-DMB/CARD11/CALR/CD24/LGALS9/CD86/CIB1/ICOS/TGFB1/FOXP3/SMAD7/F11R/CD276/RHOA/GCNT1/IL2RA/RASGRP1/RAC3/FADD/TGM2/EPHA1/ITGAV/LYN/NOD2/FLNA/AIF1/PKP3/RUNX3/VEGFA/IL2RG/CCL5/CD4/ALOX5/PNP/IRAK1/TFRC/SMARCA4/CD6/DOCK5/PTPRJ/SIRPG/HLA-DOA/PTPRC/CASS4/TPM1/SOX4/ZBTB7B/TNFRSF18/CSK/PIEZO1/CCDC88B/GCNT2/ITGA4/CD274/CD55/HLA-DOB/LCK/VNN1/CCR7/VAV1/HLA-DMA/AKT1/NCKAP1L/SOCS1/GPR65/ADAM9/CEACAM6/SMARCB1/LILRB2/NPNT/SMARCC1/C1QBP/ACTL6A/PDPN/FCHO1/CDC42/CD3E/NFKBID/TMEM102/CBFB/DSG2/CD44/YWHAG/SFN/FUT7,0.35248785758361917
GO:0140694,membraneless organelle assembly,398,0.4613262144229423,1.27709750699827,0.020306111705856986,0.26836860996403583,0.13046573440742035,4160,"tags=31%, list=20%, signal=25%",BIRC5/CENPF/TPX2/KIFC1/KIF23/ANLN/RNF213/SQLE/DLGAP5/CENPE/HJURP/PLK1/KIF11/PRC1/NDC80/CDCA8/KIF15/KIF4A/SPAG5/WDR1/EZR/RHOA/CENPH/SAC3D1/NUP62/CENPK/FLNA/WDR62/INCENP/DBNL/PLEC/HCK/NEK6/CHMP4B/CENPN/AURKB/TPM1/DDX28/BIN2/RCC1/LSM4/NEK2/EFL1/SIX4/STIL/FSCN1/STYXL1/CEP85/SBDS/CENPA/CHMP4C/PRKDC/C1QBP/FHOD3/SKA1/EIF6/ERAL1/CENPX/KRT19/MZT1/PATL1/HAUS1/SKA3/HECA/SMC1A/NDUFAB1/WNK1/ABT1/MOSPD2/MTERF3/LSM3/NEK7/KRT8/SMIM22/MPV17L2/AURKC/BOP1/PLK4/CEP135/KIF2A/ZNF574/SMC3/MTG1/EDC3/SKA2/LIMD1/USP10/BICD1/RRS1/WRAP73/EIF2A/FLII/WASHC5/ATXN2L/MAP10/CENPO/RNF4/POC5/PPP2R1A/CHMP5/RACGAP1/AUP1/CCSAP/OGFOD1/RRP7A/GRB7/JMJD6/NEB/NBDY/CDS2/CHMP1B/TFB1M/TRIM37/DAZAP2/G3BP2/BRCA1/MCAT/KNTC1/RIPOR2/MAPRE1/SPICE1/YTHDF2/MIS12,0.35248785758361917
GO:0010720,positive regulation of cell development,333,0.4689781750356872,1.2736943101574187,0.03816793893129771,0.36005236482004016,0.17503722289901955,2093,"tags=23%, list=10%, signal=21%",LILRB4/SKIL/IL4I1/TREM2/TNFSF4/CLEC7A/HLA-DRA/HLA-DRB1/ADAM8/SLC7A5/SOX11/CXCR4/MMP14/CD74/LEF1/CDH2/EPHB2/WNT2/ACTB/IL18/RUNX1/DUSP10/SEMA7A/TSPO/LGALS9/CD86/TGFB1/FOXP3/SMAD7/F11R/RHOA/SPI1/TENM4/IL2RA/RASGRP1/FADD/TGM2/LIMK1/LYN/TYROBP/E2F1/WDR62/TWF2/RUNX3/VEGFA/IL2RG/CD4/PNP/IL2RB/SMARCA4/STAU2/CASP8/SOX4/ZBTB7B/NOTCH1/CORO1C/CLCN2/PLXNC1/IL4R/VNN1/NCKAP1L/SOCS1/EVI2B/GPR65/CCR1/PRKDC/HCLS1/SMARCB1/PAK1/LILRB2/SMARCC1/LRP8/TRPV2/ACTL6A/SEMA4D/SPINT1/ID2/NFKBID,0.2878571172551493
GO:0045786,negative regulation of cell cycle,343,0.4697550194248249,1.2724660800000878,0.04588607594936709,0.3844636529318133,0.18690461913347634,2617,"tags=27%, list=13%, signal=24%",INHBA/BIRC5/CENPF/MAD2L1/CHEK1/CCNB1/CDK1/BUB1/KNL1/MACROH2A1/ZWINT/PLK1/BUB1B/SPC24/ZC3H12D/BRIP1/CDC20/NDC80/PKMYT1/CDCA8/CDKN2A/CDKN2B/CLSPN/ATF5/TGFB1/DTL/DYNLT1/BUB3/GPR132/DYNLL1/H2AX/CDT1/LYN/DTX3L/E2F1/INCENP/RUNX3/CDC7/CDKN2D/DACT1/FBXO6/BARD1/NAA10/NUF2/STK38/AURKB/SPDL1/CDK2AP2/RFC4/TRIP13/PARP9/INTS7/NEK2/TTK/DNA2/RFWD3/BRCC3/LILRB1/SIPA1/TP53BP2/BLM/GEN1/NBN/CHMP4C/TMSB4X/WDR76/PRKDC/RAD21/GMNN/TIMELESS/CHFR/CDC6/TIPRL/GPNMB/CDC45/SKA1/BRCA2/MAD2L2/DYNLRB1/RHNO1/ANAPC15/SKA3/RFC2/HECA/CCNF/PML/FOXC1/ZW10/TIPIN/DBF4/RBX1/RAD51/RAD1/NABP2,0.2663506570885256
GO:0015980,energy derivation by oxidation of organic compounds,351,0.46448562505332286,1.2708287112054688,0.03040709437485048,0.3157450960531349,0.15349751913099724,3718,"tags=35%, list=18%, signal=29%",GAPDH/CCNB1/ENO1/CDK1/PKM/PGK1/MACROH2A1/UCHL1/IDH2/COX8A/ATP5F1E/OAS1/TRPV4/COX7A2/TPI1/PPP1CA/VCP/SHMT2/ENPP1/HIF1A/UQCR10/RHOA/SDHB/MDH2/NDUFS5/COX6C/PLEC/ATP5MF/MTFR1/PASK/DHTKD1/SELENOS/NDUFS8/LDHA/GPI/NDUFS6/COX6B1/NDUFA7/HK1/UQCRH/NDUFA1/NDUFB9/SLC2A6/COX5A/HK3/PPP1CB/PFKL/COX7B/PPIF/GHITM/OPN3/PPP1R3D/HIGD2A/CSKMT/DYRK2/AKT1/UQCR11/ATP5F1C/FBP1/PRELID1/SURF1/SLC25A14/TIGAR/UQCRFS1/UCP2/UQCRQ/EIF6/FOXK2/NDUFB2/CYC1/DNAJC30/ENO2/HCCS/NDUFA6/IDH1/SDHA/COX6A1/PGM1/TPK1/SIRT6/P2RX7/PHKG2/BPGM/PUM2/NDUFB11/NDUFB3/COX5B/NDUFAB1/NDUFC2/UQCC2/PFKP/ADPGK/ATP5PD/ATP5F1B/CHCHD2/ACO2/SRC/PFKFB4/PPP1R3B/UQCRC1/GAA/STOML2/ABCD1/PYGB/NDUFS3/MDH1/NDUFV2/ATP5F1D/C2orf69/SLC25A51/UQCRB/PFKFB2/PRKAG1/PDHA1/NDUFB5/UQCC3/GFPT1/NDUFA9/IDH3G/STARD7/SLC25A13/TEFM/PPP1R2,0.35248785758361917
GO:0051648,vesicle localization,201,0.4911261030477516,1.2701757463254566,0.04952076677316294,0.3871236879874116,0.18819777866925302,4729,"tags=36%, list=23%, signal=28%",SYNDIG1/SDC1/CDH2/TMED9/MX1/BICDL1/KIF5B/MAP2K1/TMED2/YKT6/RAB1A/TRIM46/STXBP2/AP1M2/TRAPPC1/ITGA4/GLTP/OPN3/MREG/BLOC1S3/LIMK2/CDK5/BORCS5/TFG/SYT11/MAP4K2/TOR1A/RAB27A/NDE1/PPFIA2/DNM3/SNF8/AP3M2/CLN3/CDR2L/PDZD11/DTNBP1/TANC2/TRAPPC10/CTNNB1/TMED10/BLOC1S2/ACTN4/TRAPPC9/PREB/FAM91A1/HGS/STAM/EXOC5/PDCD6/DNM2/TMEM230/ARFGAP3/MX2/SEC16A/TRAPPC3/C17orf75/TRAPPC4/BICDL2/SNAP23/STARD3NL/TRAPPC2/SNAPIN/KLHL12/TESK1/AP3B1/BLOC1S5/CHMP2A/SHROOM2/LIN7B/UNC13A/VPS33A,0.25720646646883816
GO:0044093,positive regulation of molecular function,338,0.4646483186767751,1.2620664174291438,0.03541352981234545,0.34403525799797646,0.1672506058095519,3168,"tags=27%, list=15%, signal=23%",MMP9/CEMIP/UBE2C/RGS1/GRN/TPX2/KIF14/ARHGAP11A/ADORA3/PLAUR/CAP1/EZH2/THY1/CDC20/AZIN2/ECT2/TXN/CTSS/RGS10/ITGB1/CIB1/RHOA/XRCC4/MAP2K1/RASGRP1/TBC1D2/DTX3L/PRKCD/ABI1/RGS16/RANGAP1/TBC1D7/LCP2/LTB/PTPRC/CASS4/P2RY11/GCH1/RFC4/PARP9/TRAF2/SH3BP1/CORO1C/CCDC88A/NET1/ZNF16/UNC119/JTB/DNAJC9/VMP1/ZFP91/AKT1/DSCC1/PSENEN/PDCD10/PRELID1/DNAJB11/GNAS/TIGAR/TRIM21/WNT5A/SEMA4D/TMIGD3/ADORA2B/RHOG/NIBAN2/RFC2/MID1IP1/S100A10/RAPGEF1/RAP1A/FOXC1/STAC3/TLR3/CHTOP/CHP1/USP6NL/CSF1R/RIPK3/USP9X/PIK3R5/TAB2/EDF1/PYHIN1/SSBP1/SYDE2/DPH3/MMD/DOCK10/PRSS22/ACTN4/PLSCR1,0.3217759180753611
GO:0006091,generation of precursor metabolites and energy,401,0.4570656215878752,1.257983592076342,0.023530353223381362,0.28295510427111914,0.13755686810021067,3718,"tags=33%, list=18%, signal=28%",GAPDH/CCNB1/ENO1/CDK1/PKM/PGK1/MACROH2A1/UCHL1/IDH2/COX8A/ATP5F1E/OAS1/TRPV4/COX7A2/TPI1/PPP1CA/VCP/SHMT2/ENPP1/HIF1A/UQCR10/TKT/RHOA/SDHB/PDIA5/MDH2/NDUFS5/COX6C/PLEC/ATP5MF/MTFR1/PASK/DHTKD1/SELENOS/NDUFS8/LDHA/GPI/NDUFS6/COX6B1/NDUFA7/HK1/UQCRH/NDUFA1/NDUFB9/SLC2A6/COX5A/HK3/PPP1CB/PGD/PFKL/COX7B/PPIF/GHITM/OPN3/PPP1R3D/HIGD2A/CSKMT/DYRK2/AKT1/UQCR11/ATP5F1C/FBP1/PRELID1/SURF1/TALDO1/SLC25A14/TIGAR/UQCRFS1/UCP2/UQCRQ/EIF6/FOXK2/NDUFB2/CYC1/DNAJC30/RPIA/ENO2/HCCS/NDUFA6/IDH1/SDHA/COX6A1/PGM1/TPK1/ALDH1L2/SIRT6/P2RX7/PHKG2/BPGM/PUM2/NDUFB11/PRPS2/NDUFB3/COX5B/NDUFAB1/NDUFC2/UQCC2/PFKP/ADPGK/ATP5PD/ATP5F1B/CHCHD2/ACO2/SRC/ENOX2/PFKFB4/PPP1R3B/UQCRC1/GAA/STOML2/ABCD1/PYGB/NDUFS3/MDH1/NDUFV2/ATP5F1D/C2orf69/SLC25A51/UQCRB/PFKFB2/PRKAG1/PDHA1/FDX1/NDUFB5/UQCC3/GFPT1/NDUFA9/IDH3G/STARD7/SLC25A13/TP53/TEFM/PPP1R2,0.35248785758361917
GO:0050878,regulation of body fluid levels,288,-0.44534026269434424,-1.247874693069112,0.04912514519734917,0.3864036783107435,0.18784775043286747,916,"tags=13%, list=4%, signal=12%",ANGPTL2/F8/IL6/THBD/ADCY5/SELP/ADM/CDO1/F13A1/NFE2L2/STXBP1/SERPING1/NCOA1/VWF/F10/OXTR/SAA1/ADCY4/NPR1/ADCY3/PRRG3/MMRN1/ANGPTL1/PDGFRA/FBLN1/HBB/PEAR1/CAV1/FGF10/PROS1/EDNRB/CTSG/SVEP1/IL6ST/TFPI/CD36/AQP1,0.3217759180753611
GO:0030900,forebrain development,234,-0.4527739939587212,-1.2384781262944984,0.047907751852660455,0.3849684502962864,0.1871500232397604,851,"tags=13%, list=4%, signal=13%",EZH1/LAMB1/SYNE2/NTRK2/SUN1/PLCB1/NRP1/PCDH9/PLXNA4/ALDH1A2/NCOA1/FGFR1/FOXP2/SHANK3/PCM1/SEMA5A/BMP4/LPAR1/RELN/LHX6/KIF26A/TACC1/NFIB/FAT4/SLIT2/SEMA3G/DLC1/ATP1B2/FOS/CXCL12/AQP1,0.3217759180753611
GO:0006979,response to oxidative stress,369,-0.4305582932484514,-1.2360562770153067,0.03393773530743628,0.3369354916315107,0.16379909844717372,947,"tags=11%, list=5%, signal=11%",GGT7/ARNT/SESN3/PLA2R1/MET/TPO/FBXO31/IL6/RBPMS/CAT/NCOA7/MAPT/NFE2L2/HBA2/EEF2/PDLIM1/ABL1/MAP1LC3A/PTGS2/HBA1/PDGFRA/RHOB/TACR1/GPX3/HBB/ADCYAP1R1/HGF/KLF2/SOD3/FOS/TXNIP/PRNP/KLF4/SELENOP/PDGFD/DUSP1/FBLN5/CD36/AQP1/APOD,0.3217759180753611
GO:0010817,regulation of hormone levels,406,-0.42163170347337,-1.2300468344078603,0.022795080887237723,0.2788353270522154,0.13555406396998376,1347,"tags=15%, list=7%, signal=14%",CPQ/BMP6/PNPLA2/MYRIP/PCSK5/AKR1C1/CES2/PPARG/INHBB/CYP46A1/SLC18A2/ADCYAP1/IRS1/EFNA5/MME/ANXA1/IRS2/CRY2/PTPRN2/TBX3/MIDN/ARNT/KCNB1/DAB2/CPT1A/HSD17B11/TPO/NR5A2/IL6/TFAP2B/NLGN2/GABBR1/CMA1/SLC16A2/DHRS3/STC2/ADCY5/FGF23/ADM/CPLX1/SULT1A1/ALDH1A2/CPA3/AKR1C3/GHR/PER2/ITSN1/AGTR1/DOC2B/TACR1/LIPE/ECRG4/ALDH1A1/TCF7L2/RAPGEF3/TAC1/EDNRB/CTSG/IL6ST/EGR1/ADH1B,0.35248785758361917
GO:0042391,regulation of membrane potential,368,-0.4225231610586305,-1.2169396217273036,0.04740776180403973,0.3849684502962864,0.1871500232397604,1437,"tags=11%, list=7%, signal=11%",LRRK2/BIN1/KCNK2/SCN1B/MEF2C/GRIA3/KCTD7/KCNA1/RACK1/ABCB5/SMAD3/SCN3A/KCNB1/MET/DLG4/NLGN1/NLGN2/SCN9A/MPP2/CACNA1G/SCN4B/MAPT/SLC25A27/KMT2A/SPART/ADRB2/ABL1/SHANK3/DMD/PID1/RELN/TBX18/TACR1/CACNA1D/ATP1B2/CAV1/SCN7A/TAC1/FHL1/ANK2/DCN/CD36,0.3217759180753611
NA,NA,NA,NA,NA,NA,NA,NA,NA,NA,,NA
NA,NA,NA,NA,NA,NA,NA,NA,NA,NA,,NA
NA,NA,NA,NA,NA,NA,NA,NA,NA,NA,,NA
NA,NA,NA,NA,NA,NA,NA,NA,NA,NA,,NA
NA,NA,NA,NA,NA,NA,NA,NA,NA,NA,,NA
