"","Sample","Cluster","Max_Coefficient","Rank"
"set1_3_11771_354_EN_S_S2_R1_001","set1_3_11771_354_EN_S_S2_R1_001",1,0.226311082914757,4
"set1_3_11773_354_IDC_S_S4_R1_001","set1_3_11773_354_IDC_S_S4_R1_001",4,0.179916939289953,4
"set1_3_11775_354_RS1_S_center_S6_R1_001","set1_3_11775_354_RS1_S_center_S6_R1_001",3,0.172812379135162,4
"set1_3_11777_354_RS1_S_peripheral_S8_R1_001","set1_3_11777_354_RS1_S_peripheral_S8_R1_001",1,0.21105328960415,4
"set1_3_11779_354_RS2_S_center_S10_R1_001","set1_3_11779_354_RS2_S_center_S10_R1_001",3,0.153085907614152,4
"set1_3_11781_354_RS2_S_peripheral_S12_R1_001","set1_3_11781_354_RS2_S_peripheral_S12_R1_001",1,0.227535331707384,4
"set1_3_11783_354_NL_S_S14_R1_001","set1_3_11783_354_NL_S_S14_R1_001",1,0.222183753374139,4
"set1_3_11785_355_RS1_S_center_S16_R1_001","set1_3_11785_355_RS1_S_center_S16_R1_001",4,0.198443649037861,4
"set1_3_11787_355_RS1_S_peripheral_S18_R1_001","set1_3_11787_355_RS1_S_peripheral_S18_R1_001",1,0.198787675884801,4
"set1_3_11790_355_RS2_S_center_S21_R1_001","set1_3_11790_355_RS2_S_center_S21_R1_001",4,0.200407503629183,4
"set1_3_11792_355_RS2_S_peripheral_S23_R1_001","set1_3_11792_355_RS2_S_peripheral_S23_R1_001",1,0.179005340503555,4
"set1_3_11795_355_NL_S_S26_R1_001","set1_3_11795_355_NL_S_S26_R1_001",1,0.219838837883644,4
"set1_3_11797_355_RS3_S_center_S28_R1_001","set1_3_11797_355_RS3_S_center_S28_R1_001",4,0.200235236244453,4
"set1_3_11799_355_RS3_S_peripheral_S30_R1_001","set1_3_11799_355_RS3_S_peripheral_S30_R1_001",1,0.194978166177183,4
"set1_3_11803_356_RS1_S_center_S33_R1_001","set1_3_11803_356_RS1_S_center_S33_R1_001",3,0.175075358611766,4
"set1_3_11805_356_RS1_S_peripheral_S35_R1_001","set1_3_11805_356_RS1_S_peripheral_S35_R1_001",1,0.180452596954583,4
"set1_3_11807_357_NL_S_S41_R1_001","set1_3_11807_357_NL_S_S41_R1_001",1,0.180011333496433,4
"set1_3_11809_357_RS1_S_center_S33_R1_001","set1_3_11809_357_RS1_S_center_S33_R1_001",3,0.166494663851524,4
"set1_3_11811_357_RS1_S_peripheral_S42_R1_001","set1_3_11811_357_RS1_S_peripheral_S42_R1_001",1,0.171671742601244,4
"set1_3_11814_358_NL_S_S37_R1_001","set1_3_11814_358_NL_S_S37_R1_001",1,0.198639497095185,4
"set1_3_11816_358_EN_S_S39_R1_001","set1_3_11816_358_EN_S_S39_R1_001",3,0.183603449763195,4
"set1_3_11818_358_RS1_S_center_S41_R1_001","set1_3_11818_358_RS1_S_center_S41_R1_001",3,0.184945019760666,4
"set1_3_11820_358_RS1_S_peripheral_S43_R1_001","set1_3_11820_358_RS1_S_peripheral_S43_R1_001",3,0.180583003572761,4
"set1_3_11822_358_IBC_S_S45_R1_001","set1_3_11822_358_IBC_S_S45_R1_001",4,0.21823783570723,4
"set1_3_11824_358_RS2_S_center_S47_R1_001","set1_3_11824_358_RS2_S_center_S47_R1_001",3,0.19902645196892,4
"set1_3_11826_358_RS2_S_peripheral_S49_R1_001","set1_3_11826_358_RS2_S_peripheral_S49_R1_001",1,0.202305902720171,4
"set1_3_11828_359_RS1_S_center_S51_R1_001","set1_3_11828_359_RS1_S_center_S51_R1_001",3,0.181589265798606,4
"set1_3_11830_359_RS1_S_peripheral_S53_R1_001","set1_3_11830_359_RS1_S_peripheral_S53_R1_001",1,0.163311291013797,4
"set1_3_11834_359_RS2_S_center_S56_R1_001","set1_3_11834_359_RS2_S_center_S56_R1_001",4,0.202914347602814,4
"set1_3_11836_359_RS2_S_peripheral_S58_R1_001","set1_3_11836_359_RS2_S_peripheral_S58_R1_001",1,0.212001457918803,4
"set1_3_11839_360_RS1_S_center_S43_R1_001","set1_3_11839_360_RS1_S_center_S43_R1_001",3,0.157285374053713,4
"set1_3_11841_360_RS1_S_peripheral_S36_R1_001","set1_3_11841_360_RS1_S_peripheral_S36_R1_001",1,0.192662163708081,4
"set1_3_11843_360_NL_S_S53_R1_001","set1_3_11843_360_NL_S_S53_R1_001",1,0.182524097801895,4
"set1_3_11845_361_RS1_S_center_S31_R1_001","set1_3_11845_361_RS1_S_center_S31_R1_001",3,0.136956937220854,4
"set1_3_11847_361_RS1_S_peripheral_S35_R1_001","set1_3_11847_361_RS1_S_peripheral_S35_R1_001",1,0.18209970472419,4
"set1_3_11849_361_RS2_S_center_S20_R1_001","set1_3_11849_361_RS2_S_center_S20_R1_001",3,0.146093809216947,4
"set1_3_11851_361_RS2_S_peripheral_S45_R1_001","set1_3_11851_361_RS2_S_peripheral_S45_R1_001",1,0.150039099286625,4
"set1_3_11853_361_RS4_S_center_S29_R1_001","set1_3_11853_361_RS4_S_center_S29_R1_001",4,0.172546835929707,4
"set1_3_11855_361_RS4_S_peripheral_S25_R1_001","set1_3_11855_361_RS4_S_peripheral_S25_R1_001",1,0.174135395403223,4
"set1_3_11857_361_RS3_S_center_S26_R1_001","set1_3_11857_361_RS3_S_center_S26_R1_001",4,0.169843239403566,4
"set1_3_11859_361_RS3_S_peripheral_S54_R1_001","set1_3_11859_361_RS3_S_peripheral_S54_R1_001",1,0.15708376640332,4
"set1_3_11863_362_RS1_S_center_S28_R1_001","set1_3_11863_362_RS1_S_center_S28_R1_001",4,0.165944948109354,4
"set1_3_11865_362_RS1_S_peripheral_S40_R1_001","set1_3_11865_362_RS1_S_peripheral_S40_R1_001",1,0.162525978344844,4
"set1_3_11868_363_RS1_S_center_S27_R1_001","set1_3_11868_363_RS1_S_center_S27_R1_001",4,0.17295684533551,4
"set1_3_11870_363_RS1_S_peripheral_S46_R1_001","set1_3_11870_363_RS1_S_peripheral_S46_R1_001",1,0.15667131735857,4
"set1_3_11872_363_NL_S_S57_R1_001","set1_3_11872_363_NL_S_S57_R1_001",1,0.17167146845197,4
"set1_3_11875_364_RS1_S_center_S52_R1_001","set1_3_11875_364_RS1_S_center_S52_R1_001",3,0.144297139952048,4
"set1_3_11877_364_RS1_S_peripheral_S56_R1_001","set1_3_11877_364_RS1_S_peripheral_S56_R1_001",1,0.168836821157266,4
"set1_3_11881_364_RS2_S_center_S37_R1_001","set1_3_11881_364_RS2_S_center_S37_R1_001",3,0.165223408083648,4
"set1_3_13814_552_IBC_Str_1","set1_3_13814_552_IBC_Str_1",3,0.206252236044111,4
"set1_3_13829_551_DCIS_Str","set1_3_13829_551_DCIS_Str",3,0.232966395015757,4
"set1_3_13831_550_ADH_Str_1","set1_3_13831_550_ADH_Str_1",3,0.20474627301553,4
"set1_3_13837_550_DCIS_Str_1","set1_3_13837_550_DCIS_Str_1",3,0.208339294788902,4
"set1_3_13841_549_DCIS_Str","set1_3_13841_549_DCIS_Str",4,0.193319277098887,4
"set1_3_13843_549_IBC_Str","set1_3_13843_549_IBC_Str",3,0.183271883657886,4
"set1_3_13845_549_IN_Str","set1_3_13845_549_IN_Str",2,0.176829501682325,4
"set1_3_13849_550_DCIS_Str_2","set1_3_13849_550_DCIS_Str_2",3,0.217472845947062,4
"set1_3_13855_549_NL_Str","set1_3_13855_549_NL_Str",1,0.186099143775042,4
"set1_3_13859_548_DCIS_Str","set1_3_13859_548_DCIS_Str",3,0.227581516155322,4
"set1_3_13861_548_IBC_Str","set1_3_13861_548_IBC_Str",3,0.229855478177729,4
"set1_3_13863_547_NL_Str","set1_3_13863_547_NL_Str",1,0.186917045409624,4
"set1_3_13865_547_CCC_Str_1","set1_3_13865_547_CCC_Str_1",3,0.211155690491106,4
"set1_3_13867_547_CCH_Str_1","set1_3_13867_547_CCH_Str_1",1,0.23148683180274,4
"set1_3_13869_547_IBC_Str_1","set1_3_13869_547_IBC_Str_1",3,0.225825364907352,4
"set1_3_13871_547_DCIS_Str","set1_3_13871_547_DCIS_Str",3,0.227246842679268,4
"set1_3_13873_547_CCC_Str_2","set1_3_13873_547_CCC_Str_2",3,0.207999603363273,4
"set1_3_13877_547_CCC_Str_3","set1_3_13877_547_CCC_Str_3",3,0.197948018650693,4
"set1_3_13879_547_IBC_Str_2","set1_3_13879_547_IBC_Str_2",4,0.270340495874603,4
"set1_3_13881_547_NL_Str","set1_3_13881_547_NL_Str",3,0.205808011459528,4
"set1_3_13883_546_NL_Str","set1_3_13883_546_NL_Str",1,0.220489745225222,4
"set1_3_13885_546_ALH_Str","set1_3_13885_546_ALH_Str",3,0.195956050974077,4
"set1_3_13887_546_IBC_Str","set1_3_13887_546_IBC_Str",2,0.212154698166283,4
"set1_3_13889_546_LIN_Str","set1_3_13889_546_LIN_Str",3,0.181796842582542,4
"set1_3_13891_546_CCH_Str","set1_3_13891_546_CCH_Str",3,0.204408519054572,4
"set1_3_13893_546_HIN_Str","set1_3_13893_546_HIN_Str",2,0.242890133157972,4
"set1_3_13895_546_MIN_Str","set1_3_13895_546_MIN_Str",2,0.227442843907116,4
"set1_3_13897_545_CCC_Str_1","set1_3_13897_545_CCC_Str_1",3,0.221039470986745,4
"set1_3_13899_545_ADH_Str","set1_3_13899_545_ADH_Str",3,0.215806857944595,4
"set1_3_13901_545_UDH_Str_1","set1_3_13901_545_UDH_Str_1",3,0.206776105960909,4
"set1_3_13903_545_AM_Str_1","set1_3_13903_545_AM_Str_1",3,0.245835418228237,4
"set1_3_13905_545_IBC_Str","set1_3_13905_545_IBC_Str",3,0.254656716660725,4
"set1_3_13907_545_DCIS_Str_1","set1_3_13907_545_DCIS_Str_1",3,0.22325619307566,4
"set1_3_13909_545_CCC_Str_2","set1_3_13909_545_CCC_Str_2",3,0.205891383725177,4
"set1_3_13917_545_DCIS_Str_2","set1_3_13917_545_DCIS_Str_2",3,0.241914397081449,4
"set1_3_13925_544_DCIS_Str_1","set1_3_13925_544_DCIS_Str_1",3,0.21647013589906,4
"set1_3_13927_544_DCIS_Str_2","set1_3_13927_544_DCIS_Str_2",3,0.231020026200178,4
"set1_3_13929_544_IBC_Str","set1_3_13929_544_IBC_Str",3,0.19372172490329,4
"set1_3_13931_544_DCIS_Str_3","set1_3_13931_544_DCIS_Str_3",3,0.199767452859196,4
"set1_3_13939_568_NL_Str","set1_3_13939_568_NL_Str",3,0.175548448251655,4
"set1_3_13941_568_IBC_Str","set1_3_13941_568_IBC_Str",3,0.217386590372734,4
"set1_3_13943_568_DCIS_Str","set1_3_13943_568_DCIS_Str",3,0.17340144257865,4
"set1_3_13947_570_CCC_Str_1","set1_3_13947_570_CCC_Str_1",1,0.221157874697121,4
"set1_3_13949_570_IBC_Str","set1_3_13949_570_IBC_Str",3,0.211512159429281,4
"set1_3_13951_570_DCIS_Str","set1_3_13951_570_DCIS_Str",3,0.195963894175569,4
"set1_3_13953_570_ADH_Str_1","set1_3_13953_570_ADH_Str_1",1,0.209321978171324,4
"set1_3_13955_570_NL_Str","set1_3_13955_570_NL_Str",1,0.205233857135909,4
"set1_3_13957_570_CCC_Str_2","set1_3_13957_570_CCC_Str_2",1,0.18146515097293,4
"set1_3_13959_570_CCH_Str","set1_3_13959_570_CCH_Str",1,0.222375602106796,4
"set1_3_13961_570_ADH_Str_2","set1_3_13961_570_ADH_Str_2",1,0.187401199604151,4
"set1_3_13963_569_IBC_Str","set1_3_13963_569_IBC_Str",3,0.197964378940541,4
"set1_3_13965_567_EN_Str","set1_3_13965_567_EN_Str",3,0.203347200782298,4
"set1_3_13969_567_DCIS_Str","set1_3_13969_567_DCIS_Str",2,0.213304803177176,4
"set1_3_13971_567_IBC_Str","set1_3_13971_567_IBC_Str",3,0.214107989356254,4
"set1_3_13977_565_EN_Str","set1_3_13977_565_EN_Str",1,0.222112365187352,4
"set1_3_13983_561_DCIS_Str","set1_3_13983_561_DCIS_Str",3,0.208991831650026,4
"set1_3_13985_561_IBC_Str","set1_3_13985_561_IBC_Str",3,0.219175894074761,4
"set1_3_13988_562_DCIS_Str_1","set1_3_13988_562_DCIS_Str_1",3,0.204131388308899,4
"set1_3_13992_562_DCIS_Str_2","set1_3_13992_562_DCIS_Str_2",3,0.195540063154703,4
"set1_3_13994_562_NL_Str_2","set1_3_13994_562_NL_Str_2",1,0.213076241851938,4
"set1_3_13996_563_NL_Str","set1_3_13996_563_NL_Str",3,0.186430786060556,4
"set1_3_13998_563_IBC_Str","set1_3_13998_563_IBC_Str",2,0.196319908757258,4
"set1_3_14002_553_DCIS_Str","set1_3_14002_553_DCIS_Str",3,0.205948530401233,4
"set1_3_14004_553_IBC_Str","set1_3_14004_553_IBC_Str",4,0.221335931745627,4
"set1_3_14008_553_EN_Str","set1_3_14008_553_EN_Str",1,0.203021056897582,4
"set1_3_14013_560_CCC_Str","set1_3_14013_560_CCC_Str",1,0.202634834829685,4
"set1_3_14015_560_AM_Str","set1_3_14015_560_AM_Str",3,0.224225234877153,4
"set1_3_14017_560_NL_Str_1","set1_3_14017_560_NL_Str_1",3,0.228450718644548,4
"set1_3_14019_560_NL_Str_2","set1_3_14019_560_NL_Str_2",3,0.196574157331613,4
"set1_3_14021_560_IBC_Str_1","set1_3_14021_560_IBC_Str_1",3,0.198310733958339,4
"set1_3_14023_560_SA_Str","set1_3_14023_560_SA_Str",3,0.186108493741519,4
"set1_3_14026_560_IBC_Str_2","set1_3_14026_560_IBC_Str_2",3,0.157876542697742,4
"set1_3_14035_572_IBC_Str","set1_3_14035_572_IBC_Str",2,0.235840656085621,4
"set1_3_14037_571_NL_Str","set1_3_14037_571_NL_Str",1,0.170588606735336,4
"set1_3_14039_571_EN_Str","set1_3_14039_571_EN_Str",2,0.27378012985779,4
"set1_3_14041_571_DCISw_Str","set1_3_14041_571_DCISw_Str",2,0.27113212901233,4
"set1_3_14043_571_DCIS_Str","set1_3_14043_571_DCIS_Str",2,0.20864357518425,4
"set1_3_14045_571_IBC_Str_1","set1_3_14045_571_IBC_Str_1",2,0.25531533526452,4
"set1_3_14047_571_IBC_Str_2","set1_3_14047_571_IBC_Str_2",3,0.194806325789868,4
"set1_3_14049_566_IBC_Str","set1_3_14049_566_IBC_Str",2,0.19397442705412,4
"set1_3_14051_566_DCIS_Str","set1_3_14051_566_DCIS_Str",2,0.215461078295427,4
"set1_3_14053_566_UDH_Str","set1_3_14053_566_UDH_Str",3,0.184624148305437,4
"set1_3_14063_564_DCIS_Str","set1_3_14063_564_DCIS_Str",3,0.210725735981211,4
"set1_3_14065_564_HP_Str","set1_3_14065_564_HP_Str",3,0.219025970907589,4
"set1_3_14067_564_NL_Str","set1_3_14067_564_NL_Str",3,0.187427098804443,4
"set1_3_14069_564_IBC_Str","set1_3_14069_564_IBC_Str",3,0.216629778899926,4
"set1_3_14071_559_DCIS_Str","set1_3_14071_559_DCIS_Str",3,0.196042737971903,4
"set1_3_14073_559_IBC_Str","set1_3_14073_559_IBC_Str",3,0.17624638886607,4
"set1_3_14075_559_CCH_Str","set1_3_14075_559_CCH_Str",1,0.236617023676518,4
"set1_3_14081_558_IBC_Str","set1_3_14081_558_IBC_Str",3,0.234660502055218,4
"set1_3_14085_558_DCIS_Str_1","set1_3_14085_558_DCIS_Str_1",3,0.223488301222084,4
"set1_3_14093_557_IBC_Str","set1_3_14093_557_IBC_Str",3,0.187092936617116,4
"set1_3_14095_557_DCIS_Str","set1_3_14095_557_DCIS_Str",3,0.206080543822633,4
"set1_3_14097_556_IBC_Str_1","set1_3_14097_556_IBC_Str_1",3,0.211946348913313,4
"set1_3_14099_556_ADH_Str_1","set1_3_14099_556_ADH_Str_1",3,0.208079089439618,4
"set1_3_14101_556_ADH_Str_2","set1_3_14101_556_ADH_Str_2",3,0.191745627502111,4
"set1_3_14105_556_IBC_Str_2","set1_3_14105_556_IBC_Str_2",3,0.234783761658149,4
"set1_3_14111_555_IN_Str","set1_3_14111_555_IN_Str",3,0.196738986768103,4
"set1_3_14113_555_iIBC_Str","set1_3_14113_555_iIBC_Str",3,0.193256964795258,4
"set1_3_14115_555_IBC_Str","set1_3_14115_555_IBC_Str",3,0.207565642582691,4
"set4_10_14732_656_IBC_Str","set4_10_14732_656_IBC_Str",4,0.203607816736837,4
"set4_10_14734_656_BBD_Str","set4_10_14734_656_BBD_Str",1,0.223985846094648,4
"set4_10_14736_656_NL_Str","set4_10_14736_656_NL_Str",1,0.223349599873829,4
"set4_10_14738_657_CCC_Str","set4_10_14738_657_CCC_Str",1,0.192930010506451,4
"set4_10_14740_657_NL_Str","set4_10_14740_657_NL_Str",1,0.202878050505817,4
"set4_10_14742_657_DCIS_Str","set4_10_14742_657_DCIS_Str",4,0.228712397819517,4
"set4_10_14743_657_IBC_Str","set4_10_14743_657_IBC_Str",4,0.306057960189924,4
"set4_10_14748_658_DCIS_Str","set4_10_14748_658_DCIS_Str",2,0.255424087592975,4
"set4_10_14749_658_IBC_Str","set4_10_14749_658_IBC_Str",2,0.230805995654672,4
"set4_10_14750_658_NL_Str","set4_10_14750_658_NL_Str",1,0.251824904104829,4
"set4_10_14753_659_DCIS_Str","set4_10_14753_659_DCIS_Str",1,0.201617894837677,4
"set4_10_14754_659_IBC_Str","set4_10_14754_659_IBC_Str",2,0.198501924782716,4
"set4_10_14756_659_DCIS_Str","set4_10_14756_659_DCIS_Str",1,0.203212541231754,4
"set4_10_14758_659_NL_Str","set4_10_14758_659_NL_Str",1,0.193717495841283,4
"set4_10_14792_663_DCIS_Str","set4_10_14792_663_DCIS_Str",1,0.178118171005773,4
"set4_10_14794_663_IBC_Str","set4_10_14794_663_IBC_Str",4,0.168559761191507,4
"set4_10_14796_663_NL_Str","set4_10_14796_663_NL_Str",1,0.243757187062795,4
"set4_10_14760_660_IBC_Str","set4_10_14760_660_IBC_Str",2,0.227632766782874,4
"set4_10_14762_660_DCIS_Str","set4_10_14762_660_DCIS_Str",2,0.201295285772705,4
"set4_10_14764_660_NL_Str","set4_10_14764_660_NL_Str",1,0.215258276893075,4
"set4_10_14766_660_LVI_Str","set4_10_14766_660_LVI_Str",2,0.209654557289855,4
"set4_10_14768_661_IBC_Str","set4_10_14768_661_IBC_Str",2,0.218693098865466,4
"set4_10_14770_661_AM_Str","set4_10_14770_661_AM_Str",1,0.174184385469327,4
"set4_10_14772_661_ADH_Str","set4_10_14772_661_ADH_Str",1,0.254138967428025,4
"set4_10_14774_661_DCIS_Str","set4_10_14774_661_DCIS_Str",1,0.244705531316157,4
"set4_10_14776_661_ADH_Str","set4_10_14776_661_ADH_Str",1,0.245582857152202,4
"set4_10_14778_661_NL_Str","set4_10_14778_661_NL_Str",1,0.25241356867463,4
"set4_10_14780_662_DCIS.1_Str","set4_10_14780_662_DCIS.1_Str",4,0.234723766597533,4
"set4_10_14782_662_MIV.1_Str","set4_10_14782_662_MIV.1_Str",2,0.226491490200511,4
"set4_10_14784_662_DCIS.2_Str","set4_10_14784_662_DCIS.2_Str",2,0.209336817892759,4
"set4_10_14786_662_MIV.2_Str","set4_10_14786_662_MIV.2_Str",2,0.228103664522246,4
"set4_10_14788_662_DCIS.3_Str","set4_10_14788_662_DCIS.3_Str",4,0.240606424276756,4
"set4_10_14790_662_IBC_Str","set4_10_14790_662_IBC_Str",4,0.255744688165567,4
"set4_10_14910_676_DCIS.2_Str","set4_10_14910_676_DCIS.2_Str",1,0.16400322244794,4
"set4_10_14799_664_BBD_Str","set4_10_14799_664_BBD_Str",1,0.264107573642651,4
"set4_10_14801_664_IBC_Str","set4_10_14801_664_IBC_Str",2,0.213401599170036,4
"set4_10_14803_664_ADH_Str","set4_10_14803_664_ADH_Str",1,0.247716602092061,4
"set4_10_14806_665_IBC_Str","set4_10_14806_665_IBC_Str",4,0.260758360391644,4
"set4_10_14808_665_inf_NL_Str","set4_10_14808_665_inf_NL_Str",2,0.265563003759939,4
"set4_10_14860_665_DCIS_Str","set4_10_14860_665_DCIS_Str",1,0.191666889167149,4
"set4_10_14811_665_NL_Str","set4_10_14811_665_NL_Str",1,0.258705909525923,4
"set4_10_14814_666_DCIS_Str","set4_10_14814_666_DCIS_Str",1,0.202853196421582,4
"set4_10_14815_666_IBC_Str","set4_10_14815_666_IBC_Str",4,0.254931818734512,4
"set4_10_14817_666_NL_Str","set4_10_14817_666_NL_Str",1,0.221323686513304,4
"set4_10_14819_666_BBD_Str","set4_10_14819_666_BBD_Str",1,0.253116302829885,4
"set4_10_14854_671_UDH_Str","set4_10_14854_671_UDH_Str",1,0.262864950018837,4
"set4_10_14858_671_IBC_Str","set4_10_14858_671_IBC_Str",4,0.251103720844969,4
"set4_10_14859_671_DCIS_Str","set4_10_14859_671_DCIS_Str",4,0.26059178483942,4
"set4_10_14861_671_AM_Str","set4_10_14861_671_AM_Str",1,0.223669890982932,4
"set4_10_14863_671_CCC_Str","set4_10_14863_671_CCC_Str",1,0.214468829546786,4
"set4_10_14823_667_IBC_Str","set4_10_14823_667_IBC_Str",2,0.232343833637528,4
"set4_10_14824_667_DCIS_Str","set4_10_14824_667_DCIS_Str",1,0.20029999956052,4
"set4_10_14825_667_NL_Str","set4_10_14825_667_NL_Str",1,0.223922236674835,4
"set4_10_14827_668_IBC_Str","set4_10_14827_668_IBC_Str",4,0.250237315129184,4
"set4_10_14831_668_DCIS_Str","set4_10_14831_668_DCIS_Str",1,0.217962854243267,4
"set4_10_14832_668_NL_Str","set4_10_14832_668_NL_Str",1,0.229232857314869,4
"set4_10_14835_669_IBC_Str","set4_10_14835_669_IBC_Str",4,0.262696832489618,4
"set4_10_14836_669_NL_Str","set4_10_14836_669_NL_Str",1,0.208107669484206,4
"set4_10_14838_669_DCIS_Str","set4_10_14838_669_DCIS_Str",1,0.196356276287049,4
"set4_10_14841_670_EN_Str","set4_10_14841_670_EN_Str",1,0.257337670829521,4
"set4_10_14842_670_DCIS_Str","set4_10_14842_670_DCIS_Str",4,0.200818945023583,4
"set4_10_14845_670_DCIS_Str","set4_10_14845_670_DCIS_Str",2,0.152790470054706,4
"set4_10_14846_670_IBC_Str","set4_10_14846_670_IBC_Str",4,0.232544334369326,4
"set4_10_14850_670_BBD_Str","set4_10_14850_670_BBD_Str",1,0.231593029760018,4
"set4_10_14851_670_CCC_Str","set4_10_14851_670_CCC_Str",1,0.265146521580453,4
"set4_10_14852_670_AM_Str","set4_10_14852_670_AM_Str",1,0.242320406571297,4
"set4_10_14865_672_inf_NL_Str_S2_R1_001","set4_10_14865_672_inf_NL_Str_S2_R1_001",1,0.2349973995581,4
"set4_10_14867_672_IBC_Str_1_S4_R1_001","set4_10_14867_672_IBC_Str_1_S4_R1_001",4,0.288233409034776,4
"set4_10_14871_672_DCIS_Str_S8_R1_001","set4_10_14871_672_DCIS_Str_S8_R1_001",2,0.179691319355061,4
"set4_10_14872_672_CaLob_Str_S9_R1_001","set4_10_14872_672_CaLob_Str_S9_R1_001",2,0.247996595910901,4
"set4_10_14874_672_NL_Str_S11_R1_001","set4_10_14874_672_NL_Str_S11_R1_001",1,0.266007547190387,4
"set4_10_14877_672_CCC_Str_S14_R1_001","set4_10_14877_672_CCC_Str_S14_R1_001",1,0.252640199775308,4
"set4_10_14879_673_IBC_Str_S16_R1_001","set4_10_14879_673_IBC_Str_S16_R1_001",4,0.272366799583043,4
"set4_10_14881_673_DCIS_Str_S18_R1_001","set4_10_14881_673_DCIS_Str_S18_R1_001",2,0.27896450121241,4
"set4_10_14883_673_NL_Str_S20_R1_001","set4_10_14883_673_NL_Str_S20_R1_001",1,0.234319690012522,4
"set4_10_14885_673_AM_Str_S22_R1_001","set4_10_14885_673_AM_Str_S22_R1_001",1,0.254622781331962,4
"set4_10_14887_673_CCC_Str_S24_R1_001","set4_10_14887_673_CCC_Str_S24_R1_001",1,0.267251036746376,4
"set4_10_14889_673_EN_Str_S26_R1_001","set4_10_14889_673_EN_Str_S26_R1_001",1,0.260447347897512,4
"set4_10_14891_674_DCIS_Str_S28_R1_001","set4_10_14891_674_DCIS_Str_S28_R1_001",4,0.143609711319206,4
"set4_10_14893_674_IBC_Str_S30_R1_001","set4_10_14893_674_IBC_Str_S30_R1_001",4,0.202822706941756,4
"set4_10_14895_674_BBD_Str_S32_R1_001","set4_10_14895_674_BBD_Str_S32_R1_001",1,0.222354060731394,4
"set4_10_14900_675_EN1_Str_S34_R1_001","set4_10_14900_675_EN1_Str_S34_R1_001",1,0.257071068534594,4
"set4_10_14902_675_EN2_Str","set4_10_14902_675_EN2_Str",1,0.253359153264476,4
"set4_10_14903_675_EN3_Str","set4_10_14903_675_EN3_Str",1,0.244139711175507,4
"set4_10_14906_675_NL_Str","set4_10_14906_675_NL_Str",1,0.257371843055615,4
"set4_10_14923_677_IBC_Str","set4_10_14923_677_IBC_Str",2,0.199920793594191,4
"set4_10_14925_677_DCIS_Str","set4_10_14925_677_DCIS_Str",2,0.207191231945285,4
"set4_10_14927_677_NL_Str","set4_10_14927_677_NL_Str",2,0.202538237169013,4
"set4_10_14929_677_LVI_Str","set4_10_14929_677_LVI_Str",2,0.206134811319353,4
"set4_10_14931_678_IBC_Str","set4_10_14931_678_IBC_Str",4,0.248874786339121,4
"set4_10_14933_678_PLC_Str","set4_10_14933_678_PLC_Str",1,0.256247039919242,4
"set4_10_14935_678_EN_Str","set4_10_14935_678_EN_Str",1,0.283208866899027,4
"set4_10_14937_678_NL_Str","set4_10_14937_678_NL_Str",1,0.234884883476335,4
"set4_10_14939_679_IBC_Str","set4_10_14939_679_IBC_Str",4,0.291626246264566,4
"set4_10_14941_679_DCIS_Str","set4_10_14941_679_DCIS_Str",1,0.218434793835639,4
"set4_10_14943_679_NL_Str","set4_10_14943_679_NL_Str",1,0.251691268276382,4
"set4_10_14955_680_DCIS_2_Str","set4_10_14955_680_DCIS_2_Str",2,0.185790312645232,4
"set4_10_14957_680_ADH_2_Str","set4_10_14957_680_ADH_2_Str",1,0.182200857427141,4
"set4_10_14945_680_ADH_1_Str","set4_10_14945_680_ADH_1_Str",1,0.24354715053615,4
"set4_10_14947_680_UDH_Str","set4_10_14947_680_UDH_Str",1,0.253101989013942,4
"set4_10_14949_680_NL_Str","set4_10_14949_680_NL_Str",1,0.239712107007176,4
"set4_10_14951_680_DCIS_1_Str","set4_10_14951_680_DCIS_1_Str",2,0.179829411137043,4
"set4_10_14953_680_IBC_Str","set4_10_14953_680_IBC_Str",4,0.212197982737147,4
"set4_10_14959_680_LG_DCIS_Str","set4_10_14959_680_LG_DCIS_Str",2,0.228698281800861,4
"set4_10_14961_680_AM_Str","set4_10_14961_680_AM_Str",4,0.298121925472272,4
"set4_10_14967_681_DCIS_Str","set4_10_14967_681_DCIS_Str",1,0.191391133059434,4
"set4_10_14969_681_AM_Str","set4_10_14969_681_AM_Str",1,0.26714438478357,4
"set4_10_14971_681_EN_Str","set4_10_14971_681_EN_Str",1,0.215014849793198,4
"set4_10_14973_681_ADH_1_Str","set4_10_14973_681_ADH_1_Str",1,0.192502432944748,4
"set4_10_14975_681_IBC_Str","set4_10_14975_681_IBC_Str",4,0.294160433226308,4
"set4_10_14977_681_NL_Str","set4_10_14977_681_NL_Str",1,0.273768422292649,4
"set4_10_14979_682_NL_Str","set4_10_14979_682_NL_Str",1,0.233594655808132,4
"set4_10_14981_682_EN_Str","set4_10_14981_682_EN_Str",1,0.22926018888789,4
"set4_10_14983_682_IBC_Str","set4_10_14983_682_IBC_Str",2,0.204333976639101,4
"set4_10_14985_682_Inf_NL_Str","set4_10_14985_682_Inf_NL_Str",2,0.224123203893132,4
"set4_10_14988_683_DCIS_Str","set4_10_14988_683_DCIS_Str",2,0.177900961966219,4
"set4_10_14991_684_ADH_DCIS_Str","set4_10_14991_684_ADH_DCIS_Str",2,0.18658453089013,4
"set4_10_14993_684_DCIS_Str","set4_10_14993_684_DCIS_Str",2,0.224600824170244,4
"set4_10_14995_684_NL_Str","set4_10_14995_684_NL_Str",1,0.237141477535918,4
"set4_10_14997_684_IBC_Str","set4_10_14997_684_IBC_Str",4,0.245998031327799,4
"set4_10_14999_685_DCIS_Str","set4_10_14999_685_DCIS_Str",2,0.195271672309576,4
"set4_10_15001_685_IBC_Str","set4_10_15001_685_IBC_Str",2,0.192583695867366,4
"set4_10_15003_685_NL_Str","set4_10_15003_685_NL_Str",1,0.232523901989424,4
"set4_10_15005_685_EN_Str","set4_10_15005_685_EN_Str",1,0.249002377286204,4
"set4_10_15014_687_DCIS_1_Str","set4_10_15014_687_DCIS_1_Str",2,0.21442864896496,4
"set4_10_15016_687_DCIS_2_Str","set4_10_15016_687_DCIS_2_Str",2,0.282686596851738,4
"set4_10_15018_687_UDH_Str","set4_10_15018_687_UDH_Str",1,0.247487489211564,4
"set4_10_15020_687_EN_Str","set4_10_15020_687_EN_Str",1,0.249058132398185,4
"set4_10_15022_687_NL_Str","set4_10_15022_687_NL_Str",1,0.266938653358517,4
"set4_10_15026_688_EN_1_Str","set4_10_15026_688_EN_1_Str",1,0.200583407996986,4
"set4_10_14912_676_EN_Str","set4_10_14912_676_EN_Str",1,0.216691708641435,4
"set4_10_14914_676_BBD_2_Str","set4_10_14914_676_BBD_2_Str",1,0.228948512701947,4
"set4_10_14917_676_DCIS_1_Str","set4_10_14917_676_DCIS_1_Str",2,0.173900941110985,4
"set4_10_14919_676_BBD_1_Str","set4_10_14919_676_BBD_1_Str",1,0.224714014840344,4
"set4_10_14921_676_NL_Str","set4_10_14921_676_NL_Str",1,0.230420200495017,4
"set4_10_15008_686_DCIS_Str","set4_10_15008_686_DCIS_Str",2,0.226189884419543,4
"set4_10_15010_686_EN_Str","set4_10_15010_686_EN_Str",1,0.252298724915932,4
"set4_10_15012_686_NL_Str","set4_10_15012_686_NL_Str",1,0.261130772288859,4
"set4_10_15033_689_IBC_Str","set4_10_15033_689_IBC_Str",4,0.276959000832332,4
"set4_10_15035_689_DCIS_1_Str","set4_10_15035_689_DCIS_1_Str",2,0.249044273080313,4
"set4_10_15037_689_NL_Str","set4_10_15037_689_NL_Str",1,0.268084379386246,4
"set4_10_15039_689_DCIS_2_Str","set4_10_15039_689_DCIS_2_Str",2,0.220506035687637,4
"set4_10_15041_689_EN_1_Str","set4_10_15041_689_EN_1_Str",1,0.232116663593247,4
"set4_10_15043_689_EN_2_Str","set4_10_15043_689_EN_2_Str",1,0.219025652054564,4
"set4_10_15053_690_EN_2_Str","set4_10_15053_690_EN_2_Str",1,0.278731392591192,4
"set4_10_15063_691_EN_2_Str","set4_10_15063_691_EN_2_Str",1,0.249498951008867,4
"set4_10_14965_681_ADH_2_Str","set4_10_14965_681_ADH_2_Str",1,0.23000057564927,4
"set4_10_15024_688_IBC_Str","set4_10_15024_688_IBC_Str",2,0.289800593508948,4
"set4_10_15028_688_NL_Str","set4_10_15028_688_NL_Str",1,0.263907317161696,4
"set4_10_15030_688_EN_4_Str","set4_10_15030_688_EN_4_Str",1,0.261333289921607,4
"set4_10_15107_688_EN_5_Str","set4_10_15107_688_EN_5_Str",1,0.279691630961799,4
"set4_10_15045_690_NL_Str","set4_10_15045_690_NL_Str",1,0.216082716095396,4
"set4_10_15047_690_EN_1_Str","set4_10_15047_690_EN_1_Str",1,0.213100307731192,4
"set4_10_15049_690_IBC_Str","set4_10_15049_690_IBC_Str",4,0.274995562212136,4
"set4_10_15051_690_DCIS_Str","set4_10_15051_690_DCIS_Str",2,0.213397821836361,4
"set4_10_15055_690_i_DCIS_Str","set4_10_15055_690_i_DCIS_Str",2,0.268463841921096,4
"set4_10_15057_691_IBC_Str","set4_10_15057_691_IBC_Str",4,0.255730929576733,4
"set4_10_15059_691_EN_1_Str","set4_10_15059_691_EN_1_Str",1,0.211884175376389,4
"set4_10_15061_691_DCIS_Str","set4_10_15061_691_DCIS_Str",1,0.212715715161371,4
"set4_10_15065_692_IBC_Str","set4_10_15065_692_IBC_Str",4,0.201474364369378,4
"set4_10_15067_692_DCIS_Str","set4_10_15067_692_DCIS_Str",2,0.258711616546665,4
"set4_10_15069_692_NL_Str","set4_10_15069_692_NL_Str",2,0.220715125547686,4
"set4_10_15586_744_IBC_Str","set4_10_15586_744_IBC_Str",4,0.249777282931365,4
"set4_10_15588_744_inF.NL_Str","set4_10_15588_744_inF.NL_Str",2,0.241865775919625,4
"set4_10_15590_744_DCIS_Str","set4_10_15590_744_DCIS_Str",2,0.167679091733512,4
"set4_10_15592_745_CCC_Str","set4_10_15592_745_CCC_Str",1,0.225607656616809,4
"set4_10_15594_745_BBD_Str","set4_10_15594_745_BBD_Str",1,0.254247247950487,4
"set4_10_15596_745_IP_Str","set4_10_15596_745_IP_Str",2,0.182738089742376,4
"set4_10_15599_746_DCIS_Str","set4_10_15599_746_DCIS_Str",2,0.268344024923781,4
"set4_10_15601_746_NL_Str","set4_10_15601_746_NL_Str",2,0.212158522787561,4
"set4_10_15603_747_IBC_Str","set4_10_15603_747_IBC_Str",4,0.32046078440565,4
"set4_10_15605_747_NL_Str","set4_10_15605_747_NL_Str",1,0.204346065958789,4
"set4_10_15607_747_ADH_Str","set4_10_15607_747_ADH_Str",1,0.253361142521644,4
"set4_10_15609_747_AM_Str","set4_10_15609_747_AM_Str",1,0.23577238786428,4
"set4_10_15611_748_AM_Str","set4_10_15611_748_AM_Str",1,0.233708190345561,4
"set4_10_15613_748_DCIS_Str","set4_10_15613_748_DCIS_Str",2,0.196765876896586,4
"set4_10_15615_748_IBC_Str","set4_10_15615_748_IBC_Str",4,0.254259844190672,4
"set4_10_15619_749_IBC_Str","set4_10_15619_749_IBC_Str",4,0.228778006432813,4
"set4_10_15620_749_DCIS_Str","set4_10_15620_749_DCIS_Str",4,0.189588909792462,4
"set4_10_15621_749_LVI_Str","set4_10_15621_749_LVI_Str",4,0.261688025168281,4
"set4_10_15623_750_NL_Str","set4_10_15623_750_NL_Str",1,0.233407014072645,4
"set4_10_15625_750_IBC_Str","set4_10_15625_750_IBC_Str",4,0.248212183200609,4
"set4_10_15627_750_DCIS_Str","set4_10_15627_750_DCIS_Str",4,0.223380177088247,4
"set4_10_15629_751_NL_Str","set4_10_15629_751_NL_Str",1,0.254551232522918,4
"set4_10_15631_751_IBC_Str","set4_10_15631_751_IBC_Str",4,0.24199104630042,4
"set4_10_15633_751_ADH_Str","set4_10_15633_751_ADH_Str",1,0.258506627280431,4
"set4_10_15635_751_CCC_Str","set4_10_15635_751_CCC_Str",1,0.278303242457969,4
"set4_10_15637_752_IBC_Str","set4_10_15637_752_IBC_Str",2,0.23161276389493,4
"set4_10_15641_752_DCIS_Str","set4_10_15641_752_DCIS_Str",1,0.240644398175732,4
"set4_10_15642_752_NL_Str","set4_10_15642_752_NL_Str",1,0.240002090331694,4
"set4_10_15643_752_BBD_Str","set4_10_15643_752_BBD_Str",1,0.246324858611555,4
"set4_10_15645_753_DCIS_Str","set4_10_15645_753_DCIS_Str",4,0.221177445309417,4
"set4_10_15648_753_NL_Str","set4_10_15648_753_NL_Str",1,0.260529620002895,4
"set4_10_15650_754_IBC_Str","set4_10_15650_754_IBC_Str",4,0.286923422777651,4
"set4_10_15652_754_ADH_Str","set4_10_15652_754_ADH_Str",4,0.194893815749305,4
"set4_10_15654_754_EN_1_Str","set4_10_15654_754_EN_1_Str",1,0.187085292990006,4
"set4_10_15656_754_DCIS_Str","set4_10_15656_754_DCIS_Str",4,0.273179296790757,4
"set4_10_15658_754_EN_2_Str","set4_10_15658_754_EN_2_Str",1,0.190106933357067,4
"set4_10_15660_755_EN_Str","set4_10_15660_755_EN_Str",1,0.249640559143882,4
"set4_10_15662_755_DCIS_inf_1_Str","set4_10_15662_755_DCIS_inf_1_Str",2,0.267784815886059,4
"set4_10_15664_755_IBC_Str","set4_10_15664_755_IBC_Str",2,0.268369980512681,4
"set4_10_15666_755_DCIS_inf_2_Str","set4_10_15666_755_DCIS_inf_2_Str",2,0.245747542739083,4
"set4_10_15668_755_NL_Str","set4_10_15668_755_NL_Str",1,0.258695449147036,4
"set4_10_15670_756_NL_Str","set4_10_15670_756_NL_Str",1,0.210650029947243,4
"set4_10_15672_756_EN_1_Str","set4_10_15672_756_EN_1_Str",1,0.27442957255494,4
"set4_10_15674_756_IBC_Str","set4_10_15674_756_IBC_Str",2,0.246582195129574,4
"set4_10_15676_756_UDH_1_Str","set4_10_15676_756_UDH_1_Str",1,0.18472417134099,4
"set4_10_15678_756_EN_2_Str","set4_10_15678_756_EN_2_Str",1,0.236628911456999,4
"set4_10_15680_756_UDH_2_Str","set4_10_15680_756_UDH_2_Str",1,0.222800105964159,4
"set4_10_15682_757_DCIS_Str","set4_10_15682_757_DCIS_Str",2,0.191632263877733,4
"set4_10_15684_757_IBC_Str","set4_10_15684_757_IBC_Str",4,0.227558994658281,4
"set4_10_15686_757_NL_Str","set4_10_15686_757_NL_Str",1,0.240923550947956,4
"set4_10_15688_757_UDH_Str","set4_10_15688_757_UDH_Str",1,0.266769883935666,4
"set4_10_15690_757_CCC_Str","set4_10_15690_757_CCC_Str",1,0.262549981079352,4
"set4_10_15692_757_EN_Str","set4_10_15692_757_EN_Str",1,0.23401510181895,4
"set4_10_15694_758_DCIS_1_Str","set4_10_15694_758_DCIS_1_Str",2,0.190763801953156,4
"set4_10_15696_758_IBC_1_Str","set4_10_15696_758_IBC_1_Str",2,0.236430353137073,4
"set4_10_15698_758_NL_Str","set4_10_15698_758_NL_Str",1,0.201392595945259,4
"set4_10_15704_758_EN_Str","set4_10_15704_758_EN_Str",1,0.208961585550392,4
"set4_10_15710_760_UDH_Str","set4_10_15710_760_UDH_Str",1,0.197313945653007,4
"set4_10_15714_760_IBC_Str","set4_10_15714_760_IBC_Str",2,0.247934114723991,4
"set4_10_15716_760_EN_1_Str","set4_10_15716_760_EN_1_Str",1,0.204744493647179,4
"set4_10_15718_760_NL_Str","set4_10_15718_760_NL_Str",1,0.200037415221512,4
"set4_10_15734_762_DCIS_2_Str","set4_10_15734_762_DCIS_2_Str",2,0.239102729820122,4
"set4_10_15700_758_DCIS_2_Str","set4_10_15700_758_DCIS_2_Str",1,0.17989043093547,4
"set4_10_15702_758_IBC_2_Str","set4_10_15702_758_IBC_2_Str",4,0.20602799413056,4
"set4_10_15706_759_DCIS_Str","set4_10_15706_759_DCIS_Str",4,0.17891754443765,4
"set4_10_15708_759_IBC_Str","set4_10_15708_759_IBC_Str",4,0.268455050965385,4
"set4_10_15712_760_EN_2_Str","set4_10_15712_760_EN_2_Str",1,0.220479137203985,4
"set4_10_15720_761_IBC_Str","set4_10_15720_761_IBC_Str",2,0.226490278905161,4
"set4_10_15722_761_DCIS_Str","set4_10_15722_761_DCIS_Str",2,0.218377049681216,4
"set4_10_15724_761_EN_1_Str","set4_10_15724_761_EN_1_Str",1,0.252135319518319,4
"set4_10_15726_761_ADH_Str","set4_10_15726_761_ADH_Str",1,0.249134553421128,4
"set4_10_15730_762_IBC_Str","set4_10_15730_762_IBC_Str",4,0.23984452684855,4
"set4_10_15732_762_DCIS_1_Str","set4_10_15732_762_DCIS_1_Str",4,0.204843245103768,4
"set4_10_15736_763_IBC_Str","set4_10_15736_763_IBC_Str",2,0.218999180378256,4
"set4_10_15738_763_ADH_Str","set4_10_15738_763_ADH_Str",4,0.178856541965055,4
"set4_10_15740_763_NL_1_Str","set4_10_15740_763_NL_1_Str",1,0.213655422317188,4
"set4_10_15742_763_EN_Str","set4_10_15742_763_EN_Str",1,0.193013210094397,4
"set4_10_15746_764_IBC_Str","set4_10_15746_764_IBC_Str",2,0.232061326610197,4
"set4_10_15748_764_DCIS_1_Str","set4_10_15748_764_DCIS_1_Str",2,0.238121869852364,4
"set4_10_15750_764_LVI_Str","set4_10_15750_764_LVI_Str",2,0.200998683023366,4
"set4_10_15752_764_DCIS_2_Str","set4_10_15752_764_DCIS_2_Str",2,0.223965383147243,4
"set4_10_15754_764_EN_Str","set4_10_15754_764_EN_Str",1,0.266586271609945,4
"set4_10_15756_764_NL_Str","set4_10_15756_764_NL_Str",1,0.238356135276512,4
"set4_10_15758_765_IBC_Str","set4_10_15758_765_IBC_Str",4,0.266180583011827,4
"set4_10_15760_765_DCIS_Str","set4_10_15760_765_DCIS_Str",4,0.168959509578647,4
"set4_10_15762_765_EN_1_Str","set4_10_15762_765_EN_1_Str",1,0.219848543604355,4
"set4_10_15766_765_NL_Str","set4_10_15766_765_NL_Str",1,0.224791139722292,4
"set4_10_15768_766_NL_Str","set4_10_15768_766_NL_Str",1,0.244250994457715,4
"set4_10_15770_766_inf_NL_Str","set4_10_15770_766_inf_NL_Str",2,0.258702056213163,4
"set4_10_15772_766_IBC_Str","set4_10_15772_766_IBC_Str",2,0.245760953312341,4
"set4_10_15774_766_AM_Str","set4_10_15774_766_AM_Str",1,0.249094441377214,4
"set4_10_15776_766_EN_Str","set4_10_15776_766_EN_Str",1,0.251842114969283,4
"set4_10_15778_767_IBC_Str","set4_10_15778_767_IBC_Str",4,0.213948853401528,4
"set4_10_15780_767_DCIS_Str","set4_10_15780_767_DCIS_Str",2,0.182955445118622,4
"set4_10_15782_767_AM_2_Str","set4_10_15782_767_AM_2_Str",1,0.24679204289291,4
"set4_10_15784_767_ADH_Str","set4_10_15784_767_ADH_Str",1,0.264502362943848,4
"set4_10_15788_767_NL_Str","set4_10_15788_767_NL_Str",1,0.249046848784511,4
"set4_10_15790_768_IBC_Str","set4_10_15790_768_IBC_Str",2,0.282177773261646,4
"set4_10_15792_768_NL_Str","set4_10_15792_768_NL_Str",1,0.254769292516841,4
"set4_10_15796_768_EN_2_Str","set4_10_15796_768_EN_2_Str",1,0.286595266567939,4
"set4_10_15798_768_EN_3_Str","set4_10_15798_768_EN_3_Str",1,0.227425505955785,4
"set4_10_15800_769_IBC_Str","set4_10_15800_769_IBC_Str",2,0.244952301515812,4
"set4_10_15802_769_DCIS_1_Str","set4_10_15802_769_DCIS_1_Str",2,0.233595785666911,4
"set4_10_15806_769_EN_1_Str","set4_10_15806_769_EN_1_Str",1,0.236118787110913,4
"set4_10_15810_769_NL_Str","set4_10_15810_769_NL_Str",1,0.252745999552381,4
"set4_10_15812_769_EN_4_Str","set4_10_15812_769_EN_4_Str",1,0.259843563977503,4
"set4_10_15818_769_AM_Str","set4_10_15818_769_AM_Str",1,0.217801242649918,4
"set4_10_15786_767_AM_1_Str","set4_10_15786_767_AM_1_Str",1,0.251733439539456,4
"set4_10_15794_768_EN_1_Str","set4_10_15794_768_EN_1_Str",1,0.224381968810911,4
"set4_10_15804_769_DCIS_2_Str","set4_10_15804_769_DCIS_2_Str",2,0.26340094090887,4
"set4_10_15808_769_EN_3_Str","set4_10_15808_769_EN_3_Str",1,0.264938829394242,4
"set4_10_15816_769_EN_6_Str","set4_10_15816_769_EN_6_Str",1,0.267794513011677,4
"set4_10_15820_770_DCIS_Str","set4_10_15820_770_DCIS_Str",2,0.240096075837679,4
"set4_10_15822_770_IBC_Str","set4_10_15822_770_IBC_Str",4,0.275371338054433,4
"set4_10_15824_770_EN_1_Str","set4_10_15824_770_EN_1_Str",1,0.267329427322418,4
"set4_10_15826_770_NL_Str","set4_10_15826_770_NL_Str",1,0.248282367250555,4
"set4_10_15830_771_EN_4_Str","set4_10_15830_771_EN_4_Str",1,0.27126436954887,4
"set4_10_15836_771_DCIS_3_Str","set4_10_15836_771_DCIS_3_Str",2,0.201473973867268,4
"set4_10_15832_771_NL_Str","set4_10_15832_771_NL_Str",1,0.262852543928439,4
"set4_10_15834_771_EN_2_Str","set4_10_15834_771_EN_2_Str",1,0.20417854464575,4
"set4_10_15840_771_DCIS_1_Str","set4_10_15840_771_DCIS_1_Str",4,0.214056262936343,4
"set4_10_15844_771_IBC_Str","set4_10_15844_771_IBC_Str",4,0.226747540136348,4
"set4_10_15728_761_EN_2_Str","set4_10_15728_761_EN_2_Str",1,0.228603536425244,4
"set4_10_15744_763_NL_2_Str","set4_10_15744_763_NL_2_Str",1,0.205832641524606,4
"set4_10_15764_765_EN_2_Str","set4_10_15764_765_EN_2_Str",1,0.180253978132659,4
"set4_10_15814_769_EN_5_Str","set4_10_15814_769_EN_5_Str",1,0.276873442076395,4
"set4_10_15828_771_EN_3_Str","set4_10_15828_771_EN_3_Str",1,0.232700319798708,4
"set4_10_15838_771_EN_1_Str","set4_10_15838_771_EN_1_Str",4,0.204602741556449,4
"set4_10_15842_771_DCIS_2_Str","set4_10_15842_771_DCIS_2_Str",2,0.229264773819095,4
"set4_10_15846_772_IBC_Str","set4_10_15846_772_IBC_Str",4,0.232169657497951,4
"set4_10_15848_772_DCIS_1_Str","set4_10_15848_772_DCIS_1_Str",4,0.191615739832685,4
"set4_10_15850_772_DCIS_2_Str","set4_10_15850_772_DCIS_2_Str",4,0.176291831057194,4
"set4_10_15852_772_EN_1_Str","set4_10_15852_772_EN_1_Str",1,0.222922003620817,4
"set4_10_15854_772_EN_2_Str","set4_10_15854_772_EN_2_Str",1,0.22711605570727,4
"set4_10_15856_772_EN_3_Str","set4_10_15856_772_EN_3_Str",1,0.201218542264373,4
"set4_10_15858_772_EN_4_Str","set4_10_15858_772_EN_4_Str",1,0.194797655727323,4
"set4_10_15860_772_NL_Str","set4_10_15860_772_NL_Str",1,0.240749988498322,4
"set1_3_11771_354_EN_S_S2_R1_0011","set1_3_11771_354_EN_S_S2_R1_001",5,0.190226803156749,5
"set1_3_11773_354_IDC_S_S4_R1_0011","set1_3_11773_354_IDC_S_S4_R1_001",2,0.181258508449347,5
"set1_3_11775_354_RS1_S_center_S6_R1_0011","set1_3_11775_354_RS1_S_center_S6_R1_001",3,0.157929222905349,5
"set1_3_11777_354_RS1_S_peripheral_S8_R1_0011","set1_3_11777_354_RS1_S_peripheral_S8_R1_001",5,0.186511026243829,5
"set1_3_11779_354_RS2_S_center_S10_R1_0011","set1_3_11779_354_RS2_S_center_S10_R1_001",3,0.150410808876158,5
"set1_3_11781_354_RS2_S_peripheral_S12_R1_0011","set1_3_11781_354_RS2_S_peripheral_S12_R1_001",5,0.149466788360045,5
"set1_3_11783_354_NL_S_S14_R1_0011","set1_3_11783_354_NL_S_S14_R1_001",5,0.164339707502821,5
"set1_3_11785_355_RS1_S_center_S16_R1_0011","set1_3_11785_355_RS1_S_center_S16_R1_001",3,0.187943977981999,5
"set1_3_11787_355_RS1_S_peripheral_S18_R1_0011","set1_3_11787_355_RS1_S_peripheral_S18_R1_001",3,0.161077493143035,5
"set1_3_11790_355_RS2_S_center_S21_R1_0011","set1_3_11790_355_RS2_S_center_S21_R1_001",3,0.182778362244093,5
"set1_3_11792_355_RS2_S_peripheral_S23_R1_0011","set1_3_11792_355_RS2_S_peripheral_S23_R1_001",3,0.163374710259832,5
"set1_3_11795_355_NL_S_S26_R1_0011","set1_3_11795_355_NL_S_S26_R1_001",5,0.197174973088302,5
"set1_3_11797_355_RS3_S_center_S28_R1_0011","set1_3_11797_355_RS3_S_center_S28_R1_001",3,0.163822496247618,5
"set1_3_11799_355_RS3_S_peripheral_S30_R1_0011","set1_3_11799_355_RS3_S_peripheral_S30_R1_001",5,0.168589969856474,5
"set1_3_11803_356_RS1_S_center_S33_R1_0011","set1_3_11803_356_RS1_S_center_S33_R1_001",3,0.158347713601525,5
"set1_3_11805_356_RS1_S_peripheral_S35_R1_0011","set1_3_11805_356_RS1_S_peripheral_S35_R1_001",3,0.157492675497426,5
"set1_3_11807_357_NL_S_S41_R1_0011","set1_3_11807_357_NL_S_S41_R1_001",5,0.150399206428871,5
"set1_3_11809_357_RS1_S_center_S33_R1_0011","set1_3_11809_357_RS1_S_center_S33_R1_001",3,0.158707962550694,5
"set1_3_11811_357_RS1_S_peripheral_S42_R1_0011","set1_3_11811_357_RS1_S_peripheral_S42_R1_001",5,0.133600659408514,5
"set1_3_11814_358_NL_S_S37_R1_0011","set1_3_11814_358_NL_S_S37_R1_001",3,0.168587070968436,5
"set1_3_11816_358_EN_S_S39_R1_0011","set1_3_11816_358_EN_S_S39_R1_001",3,0.176676493370058,5
"set1_3_11818_358_RS1_S_center_S41_R1_0011","set1_3_11818_358_RS1_S_center_S41_R1_001",3,0.165272817744578,5
"set1_3_11820_358_RS1_S_peripheral_S43_R1_0011","set1_3_11820_358_RS1_S_peripheral_S43_R1_001",3,0.157152015959098,5
"set1_3_11822_358_IBC_S_S45_R1_0011","set1_3_11822_358_IBC_S_S45_R1_001",1,0.172345715099422,5
"set1_3_11824_358_RS2_S_center_S47_R1_0011","set1_3_11824_358_RS2_S_center_S47_R1_001",3,0.180747391859968,5
"set1_3_11826_358_RS2_S_peripheral_S49_R1_0011","set1_3_11826_358_RS2_S_peripheral_S49_R1_001",5,0.174546487385541,5
"set1_3_11828_359_RS1_S_center_S51_R1_0011","set1_3_11828_359_RS1_S_center_S51_R1_001",3,0.16370223230024,5
"set1_3_11830_359_RS1_S_peripheral_S53_R1_0011","set1_3_11830_359_RS1_S_peripheral_S53_R1_001",5,0.125470538336246,5
"set1_3_11834_359_RS2_S_center_S56_R1_0011","set1_3_11834_359_RS2_S_center_S56_R1_001",3,0.164898210783198,5
"set1_3_11836_359_RS2_S_peripheral_S58_R1_0011","set1_3_11836_359_RS2_S_peripheral_S58_R1_001",5,0.170512643507512,5
"set1_3_11839_360_RS1_S_center_S43_R1_0011","set1_3_11839_360_RS1_S_center_S43_R1_001",3,0.146971475736616,5
"set1_3_11841_360_RS1_S_peripheral_S36_R1_0011","set1_3_11841_360_RS1_S_peripheral_S36_R1_001",5,0.130776943838588,5
"set1_3_11843_360_NL_S_S53_R1_0011","set1_3_11843_360_NL_S_S53_R1_001",5,0.147561032538074,5
"set1_3_11845_361_RS1_S_center_S31_R1_0011","set1_3_11845_361_RS1_S_center_S31_R1_001",3,0.135064541351049,5
"set1_3_11847_361_RS1_S_peripheral_S35_R1_0011","set1_3_11847_361_RS1_S_peripheral_S35_R1_001",1,0.132013463477991,5
"set1_3_11849_361_RS2_S_center_S20_R1_0011","set1_3_11849_361_RS2_S_center_S20_R1_001",3,0.136279170508201,5
"set1_3_11851_361_RS2_S_peripheral_S45_R1_0011","set1_3_11851_361_RS2_S_peripheral_S45_R1_001",5,0.123002889910377,5
"set1_3_11853_361_RS4_S_center_S29_R1_0011","set1_3_11853_361_RS4_S_center_S29_R1_001",1,0.163871698678153,5
"set1_3_11855_361_RS4_S_peripheral_S25_R1_0011","set1_3_11855_361_RS4_S_peripheral_S25_R1_001",5,0.140490279018713,5
"set1_3_11857_361_RS3_S_center_S26_R1_0011","set1_3_11857_361_RS3_S_center_S26_R1_001",3,0.149823306283445,5
"set1_3_11859_361_RS3_S_peripheral_S54_R1_0011","set1_3_11859_361_RS3_S_peripheral_S54_R1_001",5,0.133324955284125,5
"set1_3_11863_362_RS1_S_center_S28_R1_0011","set1_3_11863_362_RS1_S_center_S28_R1_001",3,0.144605706111423,5
"set1_3_11865_362_RS1_S_peripheral_S40_R1_0011","set1_3_11865_362_RS1_S_peripheral_S40_R1_001",5,0.130559469477011,5
"set1_3_11868_363_RS1_S_center_S27_R1_0011","set1_3_11868_363_RS1_S_center_S27_R1_001",3,0.157997810767329,5
"set1_3_11870_363_RS1_S_peripheral_S46_R1_0011","set1_3_11870_363_RS1_S_peripheral_S46_R1_001",3,0.13025460855136,5
"set1_3_11872_363_NL_S_S57_R1_0011","set1_3_11872_363_NL_S_S57_R1_001",5,0.134342166764129,5
"set1_3_11875_364_RS1_S_center_S52_R1_0011","set1_3_11875_364_RS1_S_center_S52_R1_001",3,0.131772531006636,5
"set1_3_11877_364_RS1_S_peripheral_S56_R1_0011","set1_3_11877_364_RS1_S_peripheral_S56_R1_001",5,0.131359686739916,5
"set1_3_11881_364_RS2_S_center_S37_R1_0011","set1_3_11881_364_RS2_S_center_S37_R1_001",3,0.155434390922412,5
"set1_3_13814_552_IBC_Str_11","set1_3_13814_552_IBC_Str_1",3,0.190310195588906,5
"set1_3_13829_551_DCIS_Str1","set1_3_13829_551_DCIS_Str",3,0.199532762212584,5
"set1_3_13831_550_ADH_Str_11","set1_3_13831_550_ADH_Str_1",3,0.176873224285534,5
"set1_3_13837_550_DCIS_Str_11","set1_3_13837_550_DCIS_Str_1",3,0.180697818325825,5
"set1_3_13841_549_DCIS_Str1","set1_3_13841_549_DCIS_Str",3,0.176153736479849,5
"set1_3_13843_549_IBC_Str1","set1_3_13843_549_IBC_Str",3,0.169158592055521,5
"set1_3_13845_549_IN_Str1","set1_3_13845_549_IN_Str",4,0.17042183060628,5
"set1_3_13849_550_DCIS_Str_21","set1_3_13849_550_DCIS_Str_2",3,0.186260419319786,5
"set1_3_13855_549_NL_Str1","set1_3_13855_549_NL_Str",3,0.148186452098819,5
"set1_3_13859_548_DCIS_Str1","set1_3_13859_548_DCIS_Str",3,0.186552024472879,5
"set1_3_13861_548_IBC_Str1","set1_3_13861_548_IBC_Str",3,0.187876616043227,5
"set1_3_13863_547_NL_Str1","set1_3_13863_547_NL_Str",3,0.155136874377577,5
"set1_3_13865_547_CCC_Str_11","set1_3_13865_547_CCC_Str_1",4,0.179880419743772,5
"set1_3_13867_547_CCH_Str_11","set1_3_13867_547_CCH_Str_1",5,0.185286031464005,5
"set1_3_13869_547_IBC_Str_11","set1_3_13869_547_IBC_Str_1",3,0.216951119725315,5
"set1_3_13871_547_DCIS_Str1","set1_3_13871_547_DCIS_Str",3,0.208381304027633,5
"set1_3_13873_547_CCC_Str_21","set1_3_13873_547_CCC_Str_2",5,0.180999545118296,5
"set1_3_13877_547_CCC_Str_31","set1_3_13877_547_CCC_Str_3",3,0.188595667336524,5
"set1_3_13879_547_IBC_Str_21","set1_3_13879_547_IBC_Str_2",3,0.20024777655662,5
"set1_3_13881_547_NL_Str1","set1_3_13881_547_NL_Str",3,0.197387078828687,5
"set1_3_13883_546_NL_Str1","set1_3_13883_546_NL_Str",3,0.160537407688923,5
"set1_3_13885_546_ALH_Str1","set1_3_13885_546_ALH_Str",3,0.185550262403825,5
"set1_3_13887_546_IBC_Str1","set1_3_13887_546_IBC_Str",4,0.196856396887016,5
"set1_3_13889_546_LIN_Str1","set1_3_13889_546_LIN_Str",4,0.16531072365017,5
"set1_3_13891_546_CCH_Str1","set1_3_13891_546_CCH_Str",3,0.167669939807043,5
"set1_3_13893_546_HIN_Str1","set1_3_13893_546_HIN_Str",4,0.239332599138589,5
"set1_3_13895_546_MIN_Str1","set1_3_13895_546_MIN_Str",4,0.226856734612535,5
"set1_3_13897_545_CCC_Str_11","set1_3_13897_545_CCC_Str_1",3,0.185665122453171,5
"set1_3_13899_545_ADH_Str1","set1_3_13899_545_ADH_Str",3,0.17922728384394,5
"set1_3_13901_545_UDH_Str_11","set1_3_13901_545_UDH_Str_1",3,0.186965840462229,5
"set1_3_13903_545_AM_Str_11","set1_3_13903_545_AM_Str_1",3,0.215119055862624,5
"set1_3_13905_545_IBC_Str1","set1_3_13905_545_IBC_Str",3,0.239909598536811,5
"set1_3_13907_545_DCIS_Str_11","set1_3_13907_545_DCIS_Str_1",3,0.207006287069377,5
"set1_3_13909_545_CCC_Str_21","set1_3_13909_545_CCC_Str_2",3,0.194458455870788,5
"set1_3_13917_545_DCIS_Str_21","set1_3_13917_545_DCIS_Str_2",3,0.240185112500315,5
"set1_3_13925_544_DCIS_Str_11","set1_3_13925_544_DCIS_Str_1",3,0.201044301808472,5
"set1_3_13927_544_DCIS_Str_21","set1_3_13927_544_DCIS_Str_2",3,0.186253831849287,5
"set1_3_13929_544_IBC_Str1","set1_3_13929_544_IBC_Str",4,0.171166472316921,5
"set1_3_13931_544_DCIS_Str_31","set1_3_13931_544_DCIS_Str_3",4,0.182352152471422,5
"set1_3_13939_568_NL_Str1","set1_3_13939_568_NL_Str",3,0.149882416845643,5
"set1_3_13941_568_IBC_Str1","set1_3_13941_568_IBC_Str",3,0.181353393833777,5
"set1_3_13943_568_DCIS_Str1","set1_3_13943_568_DCIS_Str",3,0.142956290206071,5
"set1_3_13947_570_CCC_Str_11","set1_3_13947_570_CCC_Str_1",3,0.16221712578914,5
"set1_3_13949_570_IBC_Str1","set1_3_13949_570_IBC_Str",3,0.190300940509742,5
"set1_3_13951_570_DCIS_Str1","set1_3_13951_570_DCIS_Str",3,0.170195515203199,5
"set1_3_13953_570_ADH_Str_11","set1_3_13953_570_ADH_Str_1",5,0.155526198589043,5
"set1_3_13955_570_NL_Str1","set1_3_13955_570_NL_Str",5,0.159087754985607,5
"set1_3_13957_570_CCC_Str_21","set1_3_13957_570_CCC_Str_2",5,0.148713221041724,5
"set1_3_13959_570_CCH_Str1","set1_3_13959_570_CCH_Str",5,0.163127814413243,5
"set1_3_13961_570_ADH_Str_21","set1_3_13961_570_ADH_Str_2",3,0.168645142542711,5
"set1_3_13963_569_IBC_Str1","set1_3_13963_569_IBC_Str",3,0.172744213142539,5
"set1_3_13965_567_EN_Str1","set1_3_13965_567_EN_Str",3,0.181998141432363,5
"set1_3_13969_567_DCIS_Str1","set1_3_13969_567_DCIS_Str",4,0.196114239968474,5
"set1_3_13971_567_IBC_Str1","set1_3_13971_567_IBC_Str",3,0.183551260339193,5
"set1_3_13977_565_EN_Str1","set1_3_13977_565_EN_Str",5,0.17232689301198,5
"set1_3_13983_561_DCIS_Str1","set1_3_13983_561_DCIS_Str",3,0.176555471586568,5
"set1_3_13985_561_IBC_Str1","set1_3_13985_561_IBC_Str",3,0.200198595152868,5
"set1_3_13988_562_DCIS_Str_11","set1_3_13988_562_DCIS_Str_1",3,0.175557280838623,5
"set1_3_13992_562_DCIS_Str_21","set1_3_13992_562_DCIS_Str_2",3,0.162305031889825,5
"set1_3_13994_562_NL_Str_21","set1_3_13994_562_NL_Str_2",5,0.163062788653978,5
"set1_3_13996_563_NL_Str1","set1_3_13996_563_NL_Str",4,0.186569477010268,5
"set1_3_13998_563_IBC_Str1","set1_3_13998_563_IBC_Str",4,0.188797920322803,5
"set1_3_14002_553_DCIS_Str1","set1_3_14002_553_DCIS_Str",3,0.197666139057996,5
"set1_3_14004_553_IBC_Str1","set1_3_14004_553_IBC_Str",3,0.216726755886054,5
"set1_3_14008_553_EN_Str1","set1_3_14008_553_EN_Str",3,0.175403160564123,5
"set1_3_14013_560_CCC_Str1","set1_3_14013_560_CCC_Str",3,0.178771611527786,5
"set1_3_14015_560_AM_Str1","set1_3_14015_560_AM_Str",3,0.201496971018522,5
"set1_3_14017_560_NL_Str_11","set1_3_14017_560_NL_Str_1",3,0.20470743760156,5
"set1_3_14019_560_NL_Str_21","set1_3_14019_560_NL_Str_2",3,0.171189782061335,5
"set1_3_14021_560_IBC_Str_11","set1_3_14021_560_IBC_Str_1",4,0.181245863602596,5
"set1_3_14023_560_SA_Str1","set1_3_14023_560_SA_Str",3,0.168596715991894,5
"set1_3_14026_560_IBC_Str_21","set1_3_14026_560_IBC_Str_2",3,0.138055149652573,5
"set1_3_14035_572_IBC_Str1","set1_3_14035_572_IBC_Str",4,0.21565346185539,5
"set1_3_14037_571_NL_Str1","set1_3_14037_571_NL_Str",3,0.138228881773849,5
"set1_3_14039_571_EN_Str1","set1_3_14039_571_EN_Str",4,0.24878916206326,5
"set1_3_14041_571_DCISw_Str1","set1_3_14041_571_DCISw_Str",4,0.24557960774069,5
"set1_3_14043_571_DCIS_Str1","set1_3_14043_571_DCIS_Str",4,0.172417336055132,5
"set1_3_14045_571_IBC_Str_11","set1_3_14045_571_IBC_Str_1",4,0.212610910112782,5
"set1_3_14047_571_IBC_Str_21","set1_3_14047_571_IBC_Str_2",2,0.169000722655818,5
"set1_3_14049_566_IBC_Str1","set1_3_14049_566_IBC_Str",3,0.158002310691771,5
"set1_3_14051_566_DCIS_Str1","set1_3_14051_566_DCIS_Str",4,0.221221224634423,5
"set1_3_14053_566_UDH_Str1","set1_3_14053_566_UDH_Str",3,0.15125358138227,5
"set1_3_14063_564_DCIS_Str1","set1_3_14063_564_DCIS_Str",4,0.177387843429056,5
"set1_3_14065_564_HP_Str1","set1_3_14065_564_HP_Str",3,0.177325043932112,5
"set1_3_14067_564_NL_Str1","set1_3_14067_564_NL_Str",3,0.155635035248735,5
"set1_3_14069_564_IBC_Str1","set1_3_14069_564_IBC_Str",3,0.1865006996319,5
"set1_3_14071_559_DCIS_Str1","set1_3_14071_559_DCIS_Str",3,0.159408669816061,5
"set1_3_14073_559_IBC_Str1","set1_3_14073_559_IBC_Str",3,0.144677033009346,5
"set1_3_14075_559_CCH_Str1","set1_3_14075_559_CCH_Str",5,0.173115120308255,5
"set1_3_14081_558_IBC_Str1","set1_3_14081_558_IBC_Str",3,0.218624253973566,5
"set1_3_14085_558_DCIS_Str_11","set1_3_14085_558_DCIS_Str_1",3,0.19915957278259,5
"set1_3_14093_557_IBC_Str1","set1_3_14093_557_IBC_Str",3,0.163687540921409,5
"set1_3_14095_557_DCIS_Str1","set1_3_14095_557_DCIS_Str",3,0.185615117728474,5
"set1_3_14097_556_IBC_Str_11","set1_3_14097_556_IBC_Str_1",3,0.182149339378345,5
"set1_3_14099_556_ADH_Str_11","set1_3_14099_556_ADH_Str_1",3,0.179213848131513,5
"set1_3_14101_556_ADH_Str_21","set1_3_14101_556_ADH_Str_2",3,0.168465720412546,5
"set1_3_14105_556_IBC_Str_21","set1_3_14105_556_IBC_Str_2",3,0.221291476498665,5
"set1_3_14111_555_IN_Str1","set1_3_14111_555_IN_Str",4,0.177684271298483,5
"set1_3_14113_555_iIBC_Str1","set1_3_14113_555_iIBC_Str",4,0.17087533859593,5
"set1_3_14115_555_IBC_Str1","set1_3_14115_555_IBC_Str",3,0.185843354279056,5
"set4_10_14732_656_IBC_Str1","set4_10_14732_656_IBC_Str",2,0.2184679748427,5
"set4_10_14734_656_BBD_Str1","set4_10_14734_656_BBD_Str",5,0.199092109673293,5
"set4_10_14736_656_NL_Str1","set4_10_14736_656_NL_Str",5,0.191269082274592,5
"set4_10_14738_657_CCC_Str1","set4_10_14738_657_CCC_Str",2,0.155397599719225,5
"set4_10_14740_657_NL_Str1","set4_10_14740_657_NL_Str",5,0.164687336533344,5
"set4_10_14742_657_DCIS_Str1","set4_10_14742_657_DCIS_Str",2,0.222215092186849,5
"set4_10_14743_657_IBC_Str1","set4_10_14743_657_IBC_Str",2,0.242233211302418,5
"set4_10_14748_658_DCIS_Str1","set4_10_14748_658_DCIS_Str",4,0.22104122017921,5
"set4_10_14749_658_IBC_Str1","set4_10_14749_658_IBC_Str",2,0.200210488876442,5
"set4_10_14750_658_NL_Str1","set4_10_14750_658_NL_Str",5,0.196777278266375,5
"set4_10_14753_659_DCIS_Str1","set4_10_14753_659_DCIS_Str",5,0.159552077737625,5
"set4_10_14754_659_IBC_Str1","set4_10_14754_659_IBC_Str",2,0.160215377960785,5
"set4_10_14756_659_DCIS_Str1","set4_10_14756_659_DCIS_Str",5,0.159501602923315,5
"set4_10_14758_659_NL_Str1","set4_10_14758_659_NL_Str",5,0.159687918073006,5
"set4_10_14792_663_DCIS_Str1","set4_10_14792_663_DCIS_Str",5,0.150713695850831,5
"set4_10_14794_663_IBC_Str1","set4_10_14794_663_IBC_Str",2,0.157064298518746,5
"set4_10_14796_663_NL_Str1","set4_10_14796_663_NL_Str",5,0.196212189497342,5
"set4_10_14760_660_IBC_Str1","set4_10_14760_660_IBC_Str",2,0.194863551518795,5
"set4_10_14762_660_DCIS_Str1","set4_10_14762_660_DCIS_Str",2,0.162976991061657,5
"set4_10_14764_660_NL_Str1","set4_10_14764_660_NL_Str",5,0.144840599538779,5
"set4_10_14766_660_LVI_Str1","set4_10_14766_660_LVI_Str",4,0.167771012964647,5
"set4_10_14768_661_IBC_Str1","set4_10_14768_661_IBC_Str",2,0.206179392166309,5
"set4_10_14770_661_AM_Str1","set4_10_14770_661_AM_Str",1,0.219021214834088,5
"set4_10_14772_661_ADH_Str1","set4_10_14772_661_ADH_Str",5,0.187203513599779,5
"set4_10_14774_661_DCIS_Str1","set4_10_14774_661_DCIS_Str",5,0.15991638746337,5
"set4_10_14776_661_ADH_Str1","set4_10_14776_661_ADH_Str",1,0.167223990724389,5
"set4_10_14778_661_NL_Str1","set4_10_14778_661_NL_Str",5,0.174448159431834,5
"set4_10_14780_662_DCIS.1_Str1","set4_10_14780_662_DCIS.1_Str",2,0.246100128257455,5
"set4_10_14782_662_MIV.1_Str1","set4_10_14782_662_MIV.1_Str",2,0.212165796695684,5
"set4_10_14784_662_DCIS.2_Str1","set4_10_14784_662_DCIS.2_Str",2,0.218079863976982,5
"set4_10_14786_662_MIV.2_Str1","set4_10_14786_662_MIV.2_Str",2,0.204312220806052,5
"set4_10_14788_662_DCIS.3_Str1","set4_10_14788_662_DCIS.3_Str",2,0.250511392646188,5
"set4_10_14790_662_IBC_Str1","set4_10_14790_662_IBC_Str",2,0.264458271888582,5
"set4_10_14910_676_DCIS.2_Str1","set4_10_14910_676_DCIS.2_Str",4,0.148086934031065,5
"set4_10_14799_664_BBD_Str1","set4_10_14799_664_BBD_Str",5,0.189135721859977,5
"set4_10_14801_664_IBC_Str1","set4_10_14801_664_IBC_Str",2,0.224861505906141,5
"set4_10_14803_664_ADH_Str1","set4_10_14803_664_ADH_Str",5,0.183359446990143,5
"set4_10_14806_665_IBC_Str1","set4_10_14806_665_IBC_Str",2,0.233564669223179,5
"set4_10_14808_665_inf_NL_Str1","set4_10_14808_665_inf_NL_Str",4,0.22918786067468,5
"set4_10_14860_665_DCIS_Str1","set4_10_14860_665_DCIS_Str",5,0.152127633807877,5
"set4_10_14811_665_NL_Str1","set4_10_14811_665_NL_Str",5,0.202350485032129,5
"set4_10_14814_666_DCIS_Str1","set4_10_14814_666_DCIS_Str",5,0.142511100465182,5
"set4_10_14815_666_IBC_Str1","set4_10_14815_666_IBC_Str",2,0.247460092232089,5
"set4_10_14817_666_NL_Str1","set4_10_14817_666_NL_Str",5,0.191416517982533,5
"set4_10_14819_666_BBD_Str1","set4_10_14819_666_BBD_Str",5,0.188502738391509,5
"set4_10_14854_671_UDH_Str1","set4_10_14854_671_UDH_Str",5,0.19236967456694,5
"set4_10_14858_671_IBC_Str1","set4_10_14858_671_IBC_Str",2,0.223378186190684,5
"set4_10_14859_671_DCIS_Str1","set4_10_14859_671_DCIS_Str",2,0.210299936161232,5
"set4_10_14861_671_AM_Str1","set4_10_14861_671_AM_Str",1,0.157494279707588,5
"set4_10_14863_671_CCC_Str1","set4_10_14863_671_CCC_Str",5,0.177654048547649,5
"set4_10_14823_667_IBC_Str1","set4_10_14823_667_IBC_Str",2,0.21199046078408,5
"set4_10_14824_667_DCIS_Str1","set4_10_14824_667_DCIS_Str",5,0.16202755525313,5
"set4_10_14825_667_NL_Str1","set4_10_14825_667_NL_Str",5,0.179097555813001,5
"set4_10_14827_668_IBC_Str1","set4_10_14827_668_IBC_Str",2,0.26131955139269,5
"set4_10_14831_668_DCIS_Str1","set4_10_14831_668_DCIS_Str",1,0.173679377053576,5
"set4_10_14832_668_NL_Str1","set4_10_14832_668_NL_Str",5,0.172143045249453,5
"set4_10_14835_669_IBC_Str1","set4_10_14835_669_IBC_Str",2,0.250656820546272,5
"set4_10_14836_669_NL_Str1","set4_10_14836_669_NL_Str",5,0.162162485032953,5
"set4_10_14838_669_DCIS_Str1","set4_10_14838_669_DCIS_Str",5,0.170301448288221,5
"set4_10_14841_670_EN_Str1","set4_10_14841_670_EN_Str",1,0.181986310391752,5
"set4_10_14842_670_DCIS_Str1","set4_10_14842_670_DCIS_Str",1,0.225673811773021,5
"set4_10_14845_670_DCIS_Str1","set4_10_14845_670_DCIS_Str",2,0.142549938109252,5
"set4_10_14846_670_IBC_Str1","set4_10_14846_670_IBC_Str",1,0.23266914417459,5
"set4_10_14850_670_BBD_Str1","set4_10_14850_670_BBD_Str",1,0.169594019787888,5
"set4_10_14851_670_CCC_Str1","set4_10_14851_670_CCC_Str",5,0.183264082177559,5
"set4_10_14852_670_AM_Str1","set4_10_14852_670_AM_Str",5,0.18750666737777,5
"set4_10_14865_672_inf_NL_Str_S2_R1_0011","set4_10_14865_672_inf_NL_Str_S2_R1_001",5,0.190057351633164,5
"set4_10_14867_672_IBC_Str_1_S4_R1_0011","set4_10_14867_672_IBC_Str_1_S4_R1_001",2,0.262426493401995,5
"set4_10_14871_672_DCIS_Str_S8_R1_0011","set4_10_14871_672_DCIS_Str_S8_R1_001",2,0.166257045437773,5
"set4_10_14872_672_CaLob_Str_S9_R1_0011","set4_10_14872_672_CaLob_Str_S9_R1_001",4,0.21236558884403,5
"set4_10_14874_672_NL_Str_S11_R1_0011","set4_10_14874_672_NL_Str_S11_R1_001",5,0.192867044416831,5
"set4_10_14877_672_CCC_Str_S14_R1_0011","set4_10_14877_672_CCC_Str_S14_R1_001",5,0.203034516382494,5
"set4_10_14879_673_IBC_Str_S16_R1_0011","set4_10_14879_673_IBC_Str_S16_R1_001",2,0.266022027229556,5
"set4_10_14881_673_DCIS_Str_S18_R1_0011","set4_10_14881_673_DCIS_Str_S18_R1_001",4,0.232524815159714,5
"set4_10_14883_673_NL_Str_S20_R1_0011","set4_10_14883_673_NL_Str_S20_R1_001",5,0.152669968274136,5
"set4_10_14885_673_AM_Str_S22_R1_0011","set4_10_14885_673_AM_Str_S22_R1_001",5,0.179165528383193,5
"set4_10_14887_673_CCC_Str_S24_R1_0011","set4_10_14887_673_CCC_Str_S24_R1_001",5,0.186446596194926,5
"set4_10_14889_673_EN_Str_S26_R1_0011","set4_10_14889_673_EN_Str_S26_R1_001",1,0.175434178717471,5
"set4_10_14891_674_DCIS_Str_S28_R1_0011","set4_10_14891_674_DCIS_Str_S28_R1_001",2,0.131483678689761,5
"set4_10_14893_674_IBC_Str_S30_R1_0011","set4_10_14893_674_IBC_Str_S30_R1_001",2,0.213594928240045,5
"set4_10_14895_674_BBD_Str_S32_R1_0011","set4_10_14895_674_BBD_Str_S32_R1_001",5,0.157693009037489,5
"set4_10_14900_675_EN1_Str_S34_R1_0011","set4_10_14900_675_EN1_Str_S34_R1_001",5,0.195860120490347,5
"set4_10_14902_675_EN2_Str1","set4_10_14902_675_EN2_Str",5,0.192023423064553,5
"set4_10_14903_675_EN3_Str1","set4_10_14903_675_EN3_Str",5,0.19411208531529,5
"set4_10_14906_675_NL_Str1","set4_10_14906_675_NL_Str",5,0.16973795208472,5
"set4_10_14923_677_IBC_Str1","set4_10_14923_677_IBC_Str",2,0.212808719896953,5
"set4_10_14925_677_DCIS_Str1","set4_10_14925_677_DCIS_Str",2,0.190925850522219,5
"set4_10_14927_677_NL_Str1","set4_10_14927_677_NL_Str",4,0.16264410677444,5
"set4_10_14929_677_LVI_Str1","set4_10_14929_677_LVI_Str",2,0.201877016307511,5
"set4_10_14931_678_IBC_Str1","set4_10_14931_678_IBC_Str",2,0.25638020353539,5
"set4_10_14933_678_PLC_Str1","set4_10_14933_678_PLC_Str",5,0.182677363594085,5
"set4_10_14935_678_EN_Str1","set4_10_14935_678_EN_Str",5,0.208306223922644,5
"set4_10_14937_678_NL_Str1","set4_10_14937_678_NL_Str",5,0.170062343473283,5
"set4_10_14939_679_IBC_Str1","set4_10_14939_679_IBC_Str",2,0.283339520667317,5
"set4_10_14941_679_DCIS_Str1","set4_10_14941_679_DCIS_Str",5,0.174692406437466,5
"set4_10_14943_679_NL_Str1","set4_10_14943_679_NL_Str",5,0.186185427650695,5
"set4_10_14955_680_DCIS_2_Str1","set4_10_14955_680_DCIS_2_Str",2,0.174903037440462,5
"set4_10_14957_680_ADH_2_Str1","set4_10_14957_680_ADH_2_Str",5,0.128108245407694,5
"set4_10_14945_680_ADH_1_Str1","set4_10_14945_680_ADH_1_Str",1,0.164012954425375,5
"set4_10_14947_680_UDH_Str1","set4_10_14947_680_UDH_Str",5,0.197778860393797,5
"set4_10_14949_680_NL_Str1","set4_10_14949_680_NL_Str",5,0.159626870687405,5
"set4_10_14951_680_DCIS_1_Str1","set4_10_14951_680_DCIS_1_Str",2,0.178034871004218,5
"set4_10_14953_680_IBC_Str1","set4_10_14953_680_IBC_Str",2,0.215348832586554,5
"set4_10_14959_680_LG_DCIS_Str1","set4_10_14959_680_LG_DCIS_Str",4,0.187664144702122,5
"set4_10_14961_680_AM_Str1","set4_10_14961_680_AM_Str",1,0.35836408708271,5
"set4_10_14967_681_DCIS_Str1","set4_10_14967_681_DCIS_Str",2,0.144428025591298,5
"set4_10_14969_681_AM_Str1","set4_10_14969_681_AM_Str",1,0.179775148873339,5
"set4_10_14971_681_EN_Str1","set4_10_14971_681_EN_Str",5,0.156053853294399,5
"set4_10_14973_681_ADH_1_Str1","set4_10_14973_681_ADH_1_Str",2,0.156457557494084,5
"set4_10_14975_681_IBC_Str1","set4_10_14975_681_IBC_Str",2,0.274604353351233,5
"set4_10_14977_681_NL_Str1","set4_10_14977_681_NL_Str",5,0.189480383967425,5
"set4_10_14979_682_NL_Str1","set4_10_14979_682_NL_Str",5,0.160161960505869,5
"set4_10_14981_682_EN_Str1","set4_10_14981_682_EN_Str",1,0.155143953481843,5
"set4_10_14983_682_IBC_Str1","set4_10_14983_682_IBC_Str",2,0.213968886265948,5
"set4_10_14985_682_Inf_NL_Str1","set4_10_14985_682_Inf_NL_Str",4,0.192248064783155,5
"set4_10_14988_683_DCIS_Str1","set4_10_14988_683_DCIS_Str",4,0.145633707789096,5
"set4_10_14991_684_ADH_DCIS_Str1","set4_10_14991_684_ADH_DCIS_Str",2,0.158120601354018,5
"set4_10_14993_684_DCIS_Str1","set4_10_14993_684_DCIS_Str",4,0.179531030943708,5
"set4_10_14995_684_NL_Str1","set4_10_14995_684_NL_Str",5,0.15871959784792,5
"set4_10_14997_684_IBC_Str1","set4_10_14997_684_IBC_Str",2,0.244925405162712,5
"set4_10_14999_685_DCIS_Str1","set4_10_14999_685_DCIS_Str",2,0.174292769507135,5
"set4_10_15001_685_IBC_Str1","set4_10_15001_685_IBC_Str",2,0.194313144895663,5
"set4_10_15003_685_NL_Str1","set4_10_15003_685_NL_Str",5,0.195951970990148,5
"set4_10_15005_685_EN_Str1","set4_10_15005_685_EN_Str",5,0.188518796863324,5
"set4_10_15014_687_DCIS_1_Str1","set4_10_15014_687_DCIS_1_Str",2,0.171808114592842,5
"set4_10_15016_687_DCIS_2_Str1","set4_10_15016_687_DCIS_2_Str",4,0.234349387802137,5
"set4_10_15018_687_UDH_Str1","set4_10_15018_687_UDH_Str",5,0.169322486327269,5
"set4_10_15020_687_EN_Str1","set4_10_15020_687_EN_Str",1,0.183703140842331,5
"set4_10_15022_687_NL_Str1","set4_10_15022_687_NL_Str",5,0.215972917015613,5
"set4_10_15026_688_EN_1_Str1","set4_10_15026_688_EN_1_Str",4,0.163026334986925,5
"set4_10_14912_676_EN_Str1","set4_10_14912_676_EN_Str",1,0.161691490226459,5
"set4_10_14914_676_BBD_2_Str1","set4_10_14914_676_BBD_2_Str",5,0.187592860733387,5
"set4_10_14917_676_DCIS_1_Str1","set4_10_14917_676_DCIS_1_Str",4,0.16739756965947,5
"set4_10_14919_676_BBD_1_Str1","set4_10_14919_676_BBD_1_Str",5,0.182260678010712,5
"set4_10_14921_676_NL_Str1","set4_10_14921_676_NL_Str",5,0.187195718611284,5
"set4_10_15008_686_DCIS_Str1","set4_10_15008_686_DCIS_Str",4,0.174596366848449,5
"set4_10_15010_686_EN_Str1","set4_10_15010_686_EN_Str",5,0.207295453253794,5
"set4_10_15012_686_NL_Str1","set4_10_15012_686_NL_Str",5,0.208680154730655,5
"set4_10_15033_689_IBC_Str1","set4_10_15033_689_IBC_Str",2,0.284931222206187,5
"set4_10_15035_689_DCIS_1_Str1","set4_10_15035_689_DCIS_1_Str",4,0.196657714702315,5
"set4_10_15037_689_NL_Str1","set4_10_15037_689_NL_Str",5,0.193327899800307,5
"set4_10_15039_689_DCIS_2_Str1","set4_10_15039_689_DCIS_2_Str",4,0.176508772486018,5
"set4_10_15041_689_EN_1_Str1","set4_10_15041_689_EN_1_Str",5,0.179229939177462,5
"set4_10_15043_689_EN_2_Str1","set4_10_15043_689_EN_2_Str",5,0.17046961904441,5
"set4_10_15053_690_EN_2_Str1","set4_10_15053_690_EN_2_Str",5,0.213671300883713,5
"set4_10_15063_691_EN_2_Str1","set4_10_15063_691_EN_2_Str",5,0.179732365120537,5
"set4_10_14965_681_ADH_2_Str1","set4_10_14965_681_ADH_2_Str",5,0.180654945095202,5
"set4_10_15024_688_IBC_Str1","set4_10_15024_688_IBC_Str",4,0.247413380160101,5
"set4_10_15028_688_NL_Str1","set4_10_15028_688_NL_Str",1,0.18082270766064,5
"set4_10_15030_688_EN_4_Str1","set4_10_15030_688_EN_4_Str",1,0.201623253866527,5
"set4_10_15107_688_EN_5_Str1","set4_10_15107_688_EN_5_Str",5,0.195203377629239,5
"set4_10_15045_690_NL_Str1","set4_10_15045_690_NL_Str",5,0.156454811007109,5
"set4_10_15047_690_EN_1_Str1","set4_10_15047_690_EN_1_Str",5,0.176671834769486,5
"set4_10_15049_690_IBC_Str1","set4_10_15049_690_IBC_Str",2,0.265169465162606,5
"set4_10_15051_690_DCIS_Str1","set4_10_15051_690_DCIS_Str",4,0.172883462469832,5
"set4_10_15055_690_i_DCIS_Str1","set4_10_15055_690_i_DCIS_Str",4,0.227583608892249,5
"set4_10_15057_691_IBC_Str1","set4_10_15057_691_IBC_Str",2,0.265429727489123,5
"set4_10_15059_691_EN_1_Str1","set4_10_15059_691_EN_1_Str",5,0.150476262225725,5
"set4_10_15061_691_DCIS_Str1","set4_10_15061_691_DCIS_Str",1,0.170080602070219,5
"set4_10_15065_692_IBC_Str1","set4_10_15065_692_IBC_Str",2,0.228700154556273,5
"set4_10_15067_692_DCIS_Str1","set4_10_15067_692_DCIS_Str",4,0.208905637756017,5
"set4_10_15069_692_NL_Str1","set4_10_15069_692_NL_Str",4,0.181791190460691,5
"set4_10_15586_744_IBC_Str1","set4_10_15586_744_IBC_Str",2,0.257230794681502,5
"set4_10_15588_744_inF.NL_Str1","set4_10_15588_744_inF.NL_Str",4,0.204372216083661,5
"set4_10_15590_744_DCIS_Str1","set4_10_15590_744_DCIS_Str",2,0.184699178703893,5
"set4_10_15592_745_CCC_Str1","set4_10_15592_745_CCC_Str",5,0.174668986615208,5
"set4_10_15594_745_BBD_Str1","set4_10_15594_745_BBD_Str",5,0.201217792352279,5
"set4_10_15596_745_IP_Str1","set4_10_15596_745_IP_Str",4,0.146008235138685,5
"set4_10_15599_746_DCIS_Str1","set4_10_15599_746_DCIS_Str",4,0.210816615385889,5
"set4_10_15601_746_NL_Str1","set4_10_15601_746_NL_Str",4,0.16727984926827,5
"set4_10_15603_747_IBC_Str1","set4_10_15603_747_IBC_Str",2,0.26454177284634,5
"set4_10_15605_747_NL_Str1","set4_10_15605_747_NL_Str",5,0.175538032037233,5
"set4_10_15607_747_ADH_Str1","set4_10_15607_747_ADH_Str",5,0.204125403427091,5
"set4_10_15609_747_AM_Str1","set4_10_15609_747_AM_Str",5,0.157610361920948,5
"set4_10_15611_748_AM_Str1","set4_10_15611_748_AM_Str",5,0.190362217118122,5
"set4_10_15613_748_DCIS_Str1","set4_10_15613_748_DCIS_Str",4,0.16376646810115,5
"set4_10_15615_748_IBC_Str1","set4_10_15615_748_IBC_Str",2,0.224264154863514,5
"set4_10_15619_749_IBC_Str1","set4_10_15619_749_IBC_Str",2,0.248701023263361,5
"set4_10_15620_749_DCIS_Str1","set4_10_15620_749_DCIS_Str",2,0.201091991988151,5
"set4_10_15621_749_LVI_Str1","set4_10_15621_749_LVI_Str",2,0.196867311994124,5
"set4_10_15623_750_NL_Str1","set4_10_15623_750_NL_Str",5,0.191413342370295,5
"set4_10_15625_750_IBC_Str1","set4_10_15625_750_IBC_Str",2,0.266909454462218,5
"set4_10_15627_750_DCIS_Str1","set4_10_15627_750_DCIS_Str",2,0.222666977288393,5
"set4_10_15629_751_NL_Str1","set4_10_15629_751_NL_Str",5,0.212366202235534,5
"set4_10_15631_751_IBC_Str1","set4_10_15631_751_IBC_Str",2,0.249178755479216,5
"set4_10_15633_751_ADH_Str1","set4_10_15633_751_ADH_Str",5,0.186334481099452,5
"set4_10_15635_751_CCC_Str1","set4_10_15635_751_CCC_Str",5,0.212477039942294,5
"set4_10_15637_752_IBC_Str1","set4_10_15637_752_IBC_Str",2,0.216905921417015,5
"set4_10_15641_752_DCIS_Str1","set4_10_15641_752_DCIS_Str",5,0.179300480393657,5
"set4_10_15642_752_NL_Str1","set4_10_15642_752_NL_Str",1,0.213664228775647,5
"set4_10_15643_752_BBD_Str1","set4_10_15643_752_BBD_Str",1,0.183882102798658,5
"set4_10_15645_753_DCIS_Str1","set4_10_15645_753_DCIS_Str",2,0.210174769477016,5
"set4_10_15648_753_NL_Str1","set4_10_15648_753_NL_Str",5,0.212841725490703,5
"set4_10_15650_754_IBC_Str1","set4_10_15650_754_IBC_Str",2,0.265879558495294,5
"set4_10_15652_754_ADH_Str1","set4_10_15652_754_ADH_Str",2,0.189143821564638,5
"set4_10_15654_754_EN_1_Str1","set4_10_15654_754_EN_1_Str",2,0.15892000039739,5
"set4_10_15656_754_DCIS_Str1","set4_10_15656_754_DCIS_Str",2,0.220517844505009,5
"set4_10_15658_754_EN_2_Str1","set4_10_15658_754_EN_2_Str",2,0.178585177673651,5
"set4_10_15660_755_EN_Str1","set4_10_15660_755_EN_Str",1,0.207736372199286,5
"set4_10_15662_755_DCIS_inf_1_Str1","set4_10_15662_755_DCIS_inf_1_Str",4,0.218941699589984,5
"set4_10_15664_755_IBC_Str1","set4_10_15664_755_IBC_Str",4,0.215169380442894,5
"set4_10_15666_755_DCIS_inf_2_Str1","set4_10_15666_755_DCIS_inf_2_Str",4,0.207499133478218,5
"set4_10_15668_755_NL_Str1","set4_10_15668_755_NL_Str",5,0.164926696080748,5
"set4_10_15670_756_NL_Str1","set4_10_15670_756_NL_Str",4,0.14944771529605,5
"set4_10_15672_756_EN_1_Str1","set4_10_15672_756_EN_1_Str",5,0.18840669172515,5
"set4_10_15674_756_IBC_Str1","set4_10_15674_756_IBC_Str",4,0.195898151458581,5
"set4_10_15676_756_UDH_1_Str1","set4_10_15676_756_UDH_1_Str",2,0.136982187271274,5
"set4_10_15678_756_EN_2_Str1","set4_10_15678_756_EN_2_Str",1,0.177109623525005,5
"set4_10_15680_756_UDH_2_Str1","set4_10_15680_756_UDH_2_Str",1,0.233667811381217,5
"set4_10_15682_757_DCIS_Str1","set4_10_15682_757_DCIS_Str",2,0.176550831457143,5
"set4_10_15684_757_IBC_Str1","set4_10_15684_757_IBC_Str",2,0.208204970518008,5
"set4_10_15686_757_NL_Str1","set4_10_15686_757_NL_Str",5,0.170241693567399,5
"set4_10_15688_757_UDH_Str1","set4_10_15688_757_UDH_Str",5,0.174651650517988,5
"set4_10_15690_757_CCC_Str1","set4_10_15690_757_CCC_Str",1,0.176592544376312,5
"set4_10_15692_757_EN_Str1","set4_10_15692_757_EN_Str",1,0.210041339604091,5
"set4_10_15694_758_DCIS_1_Str1","set4_10_15694_758_DCIS_1_Str",2,0.16477554566567,5
"set4_10_15696_758_IBC_1_Str1","set4_10_15696_758_IBC_1_Str",4,0.183340862025366,5
"set4_10_15698_758_NL_Str1","set4_10_15698_758_NL_Str",4,0.150391982389013,5
"set4_10_15704_758_EN_Str1","set4_10_15704_758_EN_Str",5,0.157182256528184,5
"set4_10_15710_760_UDH_Str1","set4_10_15710_760_UDH_Str",1,0.169332829329492,5
"set4_10_15714_760_IBC_Str1","set4_10_15714_760_IBC_Str",4,0.191654713559629,5
"set4_10_15716_760_EN_1_Str1","set4_10_15716_760_EN_1_Str",1,0.170123436739469,5
"set4_10_15718_760_NL_Str1","set4_10_15718_760_NL_Str",1,0.209939211312477,5
"set4_10_15734_762_DCIS_2_Str1","set4_10_15734_762_DCIS_2_Str",4,0.193096022688989,5
"set4_10_15700_758_DCIS_2_Str1","set4_10_15700_758_DCIS_2_Str",4,0.148179999878935,5
"set4_10_15702_758_IBC_2_Str1","set4_10_15702_758_IBC_2_Str",2,0.206371500784974,5
"set4_10_15706_759_DCIS_Str1","set4_10_15706_759_DCIS_Str",2,0.166865586735706,5
"set4_10_15708_759_IBC_Str1","set4_10_15708_759_IBC_Str",2,0.207924016206876,5
"set4_10_15712_760_EN_2_Str1","set4_10_15712_760_EN_2_Str",1,0.185687016102029,5
"set4_10_15720_761_IBC_Str1","set4_10_15720_761_IBC_Str",2,0.188666601970411,5
"set4_10_15722_761_DCIS_Str1","set4_10_15722_761_DCIS_Str",2,0.18074584390183,5
"set4_10_15724_761_EN_1_Str1","set4_10_15724_761_EN_1_Str",5,0.174027913321863,5
"set4_10_15726_761_ADH_Str1","set4_10_15726_761_ADH_Str",1,0.165454597284273,5
"set4_10_15730_762_IBC_Str1","set4_10_15730_762_IBC_Str",2,0.227921536301083,5
"set4_10_15732_762_DCIS_1_Str1","set4_10_15732_762_DCIS_1_Str",2,0.206974989822004,5
"set4_10_15736_763_IBC_Str1","set4_10_15736_763_IBC_Str",4,0.176767503933889,5
"set4_10_15738_763_ADH_Str1","set4_10_15738_763_ADH_Str",1,0.208868469629974,5
"set4_10_15740_763_NL_1_Str1","set4_10_15740_763_NL_1_Str",1,0.237246386966929,5
"set4_10_15742_763_EN_Str1","set4_10_15742_763_EN_Str",1,0.168762539406929,5
"set4_10_15746_764_IBC_Str1","set4_10_15746_764_IBC_Str",2,0.184729345772038,5
"set4_10_15748_764_DCIS_1_Str1","set4_10_15748_764_DCIS_1_Str",2,0.186229695078414,5
"set4_10_15750_764_LVI_Str1","set4_10_15750_764_LVI_Str",2,0.168115070027624,5
"set4_10_15752_764_DCIS_2_Str1","set4_10_15752_764_DCIS_2_Str",2,0.188629131367051,5
"set4_10_15754_764_EN_Str1","set4_10_15754_764_EN_Str",5,0.176461420358718,5
"set4_10_15756_764_NL_Str1","set4_10_15756_764_NL_Str",1,0.163001278871627,5
"set4_10_15758_765_IBC_Str1","set4_10_15758_765_IBC_Str",2,0.202392731325305,5
"set4_10_15760_765_DCIS_Str1","set4_10_15760_765_DCIS_Str",1,0.137966983607357,5
"set4_10_15762_765_EN_1_Str1","set4_10_15762_765_EN_1_Str",5,0.165025991951579,5
"set4_10_15766_765_NL_Str1","set4_10_15766_765_NL_Str",5,0.173078103156909,5
"set4_10_15768_766_NL_Str1","set4_10_15768_766_NL_Str",5,0.158238898039656,5
"set4_10_15770_766_inf_NL_Str1","set4_10_15770_766_inf_NL_Str",4,0.226892360468116,5
"set4_10_15772_766_IBC_Str1","set4_10_15772_766_IBC_Str",2,0.217342040333117,5
"set4_10_15774_766_AM_Str1","set4_10_15774_766_AM_Str",1,0.212138951812302,5
"set4_10_15776_766_EN_Str1","set4_10_15776_766_EN_Str",5,0.161942571345761,5
"set4_10_15778_767_IBC_Str1","set4_10_15778_767_IBC_Str",2,0.231148821224178,5
"set4_10_15780_767_DCIS_Str1","set4_10_15780_767_DCIS_Str",2,0.188836392471208,5
"set4_10_15782_767_AM_2_Str1","set4_10_15782_767_AM_2_Str",5,0.186924031780331,5
"set4_10_15784_767_ADH_Str1","set4_10_15784_767_ADH_Str",5,0.200051628296394,5
"set4_10_15788_767_NL_Str1","set4_10_15788_767_NL_Str",5,0.192193816380106,5
"set4_10_15790_768_IBC_Str1","set4_10_15790_768_IBC_Str",4,0.211204446241867,5
"set4_10_15792_768_NL_Str1","set4_10_15792_768_NL_Str",5,0.171438554948824,5
"set4_10_15796_768_EN_2_Str1","set4_10_15796_768_EN_2_Str",5,0.211757577026597,5
"set4_10_15798_768_EN_3_Str1","set4_10_15798_768_EN_3_Str",1,0.173585701268858,5
"set4_10_15800_769_IBC_Str1","set4_10_15800_769_IBC_Str",2,0.236398821171218,5
"set4_10_15802_769_DCIS_1_Str1","set4_10_15802_769_DCIS_1_Str",4,0.198896309581269,5
"set4_10_15806_769_EN_1_Str1","set4_10_15806_769_EN_1_Str",5,0.163325273765077,5
"set4_10_15810_769_NL_Str1","set4_10_15810_769_NL_Str",5,0.164468914683937,5
"set4_10_15812_769_EN_4_Str1","set4_10_15812_769_EN_4_Str",5,0.179355967004787,5
"set4_10_15818_769_AM_Str1","set4_10_15818_769_AM_Str",1,0.284911435162254,5
"set4_10_15786_767_AM_1_Str1","set4_10_15786_767_AM_1_Str",5,0.17504855769036,5
"set4_10_15794_768_EN_1_Str1","set4_10_15794_768_EN_1_Str",5,0.169410932119909,5
"set4_10_15804_769_DCIS_2_Str1","set4_10_15804_769_DCIS_2_Str",4,0.21464266374629,5
"set4_10_15808_769_EN_3_Str1","set4_10_15808_769_EN_3_Str",1,0.178617633721442,5
"set4_10_15816_769_EN_6_Str1","set4_10_15816_769_EN_6_Str",1,0.200788332717794,5
"set4_10_15820_770_DCIS_Str1","set4_10_15820_770_DCIS_Str",4,0.191850614735296,5
"set4_10_15822_770_IBC_Str1","set4_10_15822_770_IBC_Str",2,0.263305980322883,5
"set4_10_15824_770_EN_1_Str1","set4_10_15824_770_EN_1_Str",5,0.198562950773696,5
"set4_10_15826_770_NL_Str1","set4_10_15826_770_NL_Str",5,0.171772086117845,5
"set4_10_15830_771_EN_4_Str1","set4_10_15830_771_EN_4_Str",5,0.21787970026714,5
"set4_10_15836_771_DCIS_3_Str1","set4_10_15836_771_DCIS_3_Str",4,0.164207602887529,5
"set4_10_15832_771_NL_Str1","set4_10_15832_771_NL_Str",5,0.190769831318229,5
"set4_10_15834_771_EN_2_Str1","set4_10_15834_771_EN_2_Str",5,0.163647356687752,5
"set4_10_15840_771_DCIS_1_Str1","set4_10_15840_771_DCIS_1_Str",2,0.233814697106885,5
"set4_10_15844_771_IBC_Str1","set4_10_15844_771_IBC_Str",2,0.242878666673738,5
"set4_10_15728_761_EN_2_Str1","set4_10_15728_761_EN_2_Str",1,0.240903845199134,5
"set4_10_15744_763_NL_2_Str1","set4_10_15744_763_NL_2_Str",4,0.154382218614143,5
"set4_10_15764_765_EN_2_Str1","set4_10_15764_765_EN_2_Str",2,0.170682693003171,5
"set4_10_15814_769_EN_5_Str1","set4_10_15814_769_EN_5_Str",5,0.190421367169125,5
"set4_10_15828_771_EN_3_Str1","set4_10_15828_771_EN_3_Str",1,0.210110650233724,5
"set4_10_15838_771_EN_1_Str1","set4_10_15838_771_EN_1_Str",1,0.168595912469568,5
"set4_10_15842_771_DCIS_2_Str1","set4_10_15842_771_DCIS_2_Str",2,0.194322935240684,5
"set4_10_15846_772_IBC_Str1","set4_10_15846_772_IBC_Str",2,0.210575651975051,5
"set4_10_15848_772_DCIS_1_Str1","set4_10_15848_772_DCIS_1_Str",2,0.168485088594684,5
"set4_10_15850_772_DCIS_2_Str1","set4_10_15850_772_DCIS_2_Str",2,0.157842894720297,5
"set4_10_15852_772_EN_1_Str1","set4_10_15852_772_EN_1_Str",5,0.155466182781174,5
"set4_10_15854_772_EN_2_Str1","set4_10_15854_772_EN_2_Str",1,0.164933811986135,5
"set4_10_15856_772_EN_3_Str1","set4_10_15856_772_EN_3_Str",1,0.163340975774456,5
"set4_10_15858_772_EN_4_Str1","set4_10_15858_772_EN_4_Str",1,0.214997724739388,5
"set4_10_15860_772_NL_Str1","set4_10_15860_772_NL_Str",5,0.172628295780387,5
"set1_3_11771_354_EN_S_S2_R1_0012","set1_3_11771_354_EN_S_S2_R1_001",6,0.152401741782379,6
"set1_3_11773_354_IDC_S_S4_R1_0012","set1_3_11773_354_IDC_S_S4_R1_001",1,0.16886250161895,6
"set1_3_11775_354_RS1_S_center_S6_R1_0012","set1_3_11775_354_RS1_S_center_S6_R1_001",1,0.131041534171683,6
"set1_3_11777_354_RS1_S_peripheral_S8_R1_0012","set1_3_11777_354_RS1_S_peripheral_S8_R1_001",6,0.135259915704798,6
"set1_3_11779_354_RS2_S_center_S10_R1_0012","set1_3_11779_354_RS2_S_center_S10_R1_001",4,0.127744332014596,6
"set1_3_11781_354_RS2_S_peripheral_S12_R1_0012","set1_3_11781_354_RS2_S_peripheral_S12_R1_001",2,0.136929316110962,6
"set1_3_11783_354_NL_S_S14_R1_0012","set1_3_11783_354_NL_S_S14_R1_001",6,0.131156689402527,6
"set1_3_11785_355_RS1_S_center_S16_R1_0012","set1_3_11785_355_RS1_S_center_S16_R1_001",1,0.167958443103096,6
"set1_3_11787_355_RS1_S_peripheral_S18_R1_0012","set1_3_11787_355_RS1_S_peripheral_S18_R1_001",2,0.153185960123785,6
"set1_3_11790_355_RS2_S_center_S21_R1_0012","set1_3_11790_355_RS2_S_center_S21_R1_001",4,0.163600489009115,6
"set1_3_11792_355_RS2_S_peripheral_S23_R1_0012","set1_3_11792_355_RS2_S_peripheral_S23_R1_001",2,0.152959960896766,6
"set1_3_11795_355_NL_S_S26_R1_0012","set1_3_11795_355_NL_S_S26_R1_001",6,0.168189948808859,6
"set1_3_11797_355_RS3_S_center_S28_R1_0012","set1_3_11797_355_RS3_S_center_S28_R1_001",4,0.134161111073439,6
"set1_3_11799_355_RS3_S_peripheral_S30_R1_0012","set1_3_11799_355_RS3_S_peripheral_S30_R1_001",2,0.142410932373709,6
"set1_3_11803_356_RS1_S_center_S33_R1_0012","set1_3_11803_356_RS1_S_center_S33_R1_001",1,0.141228403924973,6
"set1_3_11805_356_RS1_S_peripheral_S35_R1_0012","set1_3_11805_356_RS1_S_peripheral_S35_R1_001",2,0.133622495565785,6
"set1_3_11807_357_NL_S_S41_R1_0012","set1_3_11807_357_NL_S_S41_R1_001",2,0.131137284812456,6
"set1_3_11809_357_RS1_S_center_S33_R1_0012","set1_3_11809_357_RS1_S_center_S33_R1_001",2,0.128063080204216,6
"set1_3_11811_357_RS1_S_peripheral_S42_R1_0012","set1_3_11811_357_RS1_S_peripheral_S42_R1_001",2,0.113755535414503,6
"set1_3_11814_358_NL_S_S37_R1_0012","set1_3_11814_358_NL_S_S37_R1_001",2,0.143999813605932,6
"set1_3_11816_358_EN_S_S39_R1_0012","set1_3_11816_358_EN_S_S39_R1_001",2,0.144011946478044,6
"set1_3_11818_358_RS1_S_center_S41_R1_0012","set1_3_11818_358_RS1_S_center_S41_R1_001",1,0.13577764440524,6
"set1_3_11820_358_RS1_S_peripheral_S43_R1_0012","set1_3_11820_358_RS1_S_peripheral_S43_R1_001",2,0.131483824504018,6
"set1_3_11822_358_IBC_S_S45_R1_0012","set1_3_11822_358_IBC_S_S45_R1_001",4,0.178046637550665,6
"set1_3_11824_358_RS2_S_center_S47_R1_0012","set1_3_11824_358_RS2_S_center_S47_R1_001",1,0.158133531999091,6
"set1_3_11826_358_RS2_S_peripheral_S49_R1_0012","set1_3_11826_358_RS2_S_peripheral_S49_R1_001",2,0.144230159849751,6
"set1_3_11828_359_RS1_S_center_S51_R1_0012","set1_3_11828_359_RS1_S_center_S51_R1_001",5,0.134003634002304,6
"set1_3_11830_359_RS1_S_peripheral_S53_R1_0012","set1_3_11830_359_RS1_S_peripheral_S53_R1_001",5,0.165518692888183,6
"set1_3_11834_359_RS2_S_center_S56_R1_0012","set1_3_11834_359_RS2_S_center_S56_R1_001",1,0.149880326278826,6
"set1_3_11836_359_RS2_S_peripheral_S58_R1_0012","set1_3_11836_359_RS2_S_peripheral_S58_R1_001",6,0.129089154719646,6
"set1_3_11839_360_RS1_S_center_S43_R1_0012","set1_3_11839_360_RS1_S_center_S43_R1_001",2,0.114018261658837,6
"set1_3_11841_360_RS1_S_peripheral_S36_R1_0012","set1_3_11841_360_RS1_S_peripheral_S36_R1_001",2,0.115957595815256,6
"set1_3_11843_360_NL_S_S53_R1_0012","set1_3_11843_360_NL_S_S53_R1_001",5,0.121333283112119,6
"set1_3_11845_361_RS1_S_center_S31_R1_0012","set1_3_11845_361_RS1_S_center_S31_R1_001",2,0.112234018502928,6
"set1_3_11847_361_RS1_S_peripheral_S35_R1_0012","set1_3_11847_361_RS1_S_peripheral_S35_R1_001",2,0.112663817745148,6
"set1_3_11849_361_RS2_S_center_S20_R1_0012","set1_3_11849_361_RS2_S_center_S20_R1_001",1,0.107611259773022,6
"set1_3_11851_361_RS2_S_peripheral_S45_R1_0012","set1_3_11851_361_RS2_S_peripheral_S45_R1_001",2,0.0962982738575842,6
"set1_3_11853_361_RS4_S_center_S29_R1_0012","set1_3_11853_361_RS4_S_center_S29_R1_001",4,0.145592428644699,6
"set1_3_11855_361_RS4_S_peripheral_S25_R1_0012","set1_3_11855_361_RS4_S_peripheral_S25_R1_001",6,0.109209948180421,6
"set1_3_11857_361_RS3_S_center_S26_R1_0012","set1_3_11857_361_RS3_S_center_S26_R1_001",4,0.109889174199228,6
"set1_3_11859_361_RS3_S_peripheral_S54_R1_0012","set1_3_11859_361_RS3_S_peripheral_S54_R1_001",2,0.107464495606345,6
"set1_3_11863_362_RS1_S_center_S28_R1_0012","set1_3_11863_362_RS1_S_center_S28_R1_001",2,0.114470517413657,6
"set1_3_11865_362_RS1_S_peripheral_S40_R1_0012","set1_3_11865_362_RS1_S_peripheral_S40_R1_001",2,0.130427520412423,6
"set1_3_11868_363_RS1_S_center_S27_R1_0012","set1_3_11868_363_RS1_S_center_S27_R1_001",1,0.122973642227549,6
"set1_3_11870_363_RS1_S_peripheral_S46_R1_0012","set1_3_11870_363_RS1_S_peripheral_S46_R1_001",2,0.12011398547855,6
"set1_3_11872_363_NL_S_S57_R1_0012","set1_3_11872_363_NL_S_S57_R1_001",2,0.102725337753694,6
"set1_3_11875_364_RS1_S_center_S52_R1_0012","set1_3_11875_364_RS1_S_center_S52_R1_001",2,0.102096886149143,6
"set1_3_11877_364_RS1_S_peripheral_S56_R1_0012","set1_3_11877_364_RS1_S_peripheral_S56_R1_001",5,0.115506686665504,6
"set1_3_11881_364_RS2_S_center_S37_R1_0012","set1_3_11881_364_RS2_S_center_S37_R1_001",1,0.133087985378201,6
"set1_3_13814_552_IBC_Str_12","set1_3_13814_552_IBC_Str_1",1,0.153720023165159,6
"set1_3_13829_551_DCIS_Str2","set1_3_13829_551_DCIS_Str",2,0.182947390017773,6
"set1_3_13831_550_ADH_Str_12","set1_3_13831_550_ADH_Str_1",5,0.174791774204503,6
"set1_3_13837_550_DCIS_Str_12","set1_3_13837_550_DCIS_Str_1",2,0.171546955250789,6
"set1_3_13841_549_DCIS_Str2","set1_3_13841_549_DCIS_Str",1,0.164200062065382,6
"set1_3_13843_549_IBC_Str2","set1_3_13843_549_IBC_Str",2,0.132337543169476,6
"set1_3_13845_549_IN_Str2","set1_3_13845_549_IN_Str",3,0.135977679909538,6
"set1_3_13849_550_DCIS_Str_22","set1_3_13849_550_DCIS_Str_2",2,0.161345032849159,6
"set1_3_13855_549_NL_Str2","set1_3_13855_549_NL_Str",2,0.145991969292618,6
"set1_3_13859_548_DCIS_Str2","set1_3_13859_548_DCIS_Str",2,0.163713522469206,6
"set1_3_13861_548_IBC_Str2","set1_3_13861_548_IBC_Str",2,0.166167979469104,6
"set1_3_13863_547_NL_Str2","set1_3_13863_547_NL_Str",2,0.146470052241813,6
"set1_3_13865_547_CCC_Str_12","set1_3_13865_547_CCC_Str_1",2,0.177916427783935,6
"set1_3_13867_547_CCH_Str_12","set1_3_13867_547_CCH_Str_1",2,0.171769170255876,6
"set1_3_13869_547_IBC_Str_12","set1_3_13869_547_IBC_Str_1",1,0.181517693428788,6
"set1_3_13871_547_DCIS_Str2","set1_3_13871_547_DCIS_Str",1,0.172472300381525,6
"set1_3_13873_547_CCC_Str_22","set1_3_13873_547_CCC_Str_2",2,0.16638918803839,6
"set1_3_13877_547_CCC_Str_32","set1_3_13877_547_CCC_Str_3",2,0.14932143534795,6
"set1_3_13879_547_IBC_Str_22","set1_3_13879_547_IBC_Str_2",1,0.17293335837168,6
"set1_3_13881_547_NL_Str2","set1_3_13881_547_NL_Str",2,0.159151435441169,6
"set1_3_13883_546_NL_Str2","set1_3_13883_546_NL_Str",2,0.156173140584746,6
"set1_3_13885_546_ALH_Str2","set1_3_13885_546_ALH_Str",2,0.185932806910717,6
"set1_3_13887_546_IBC_Str2","set1_3_13887_546_IBC_Str",3,0.16667710255194,6
"set1_3_13889_546_LIN_Str2","set1_3_13889_546_LIN_Str",2,0.156973330944924,6
"set1_3_13891_546_CCH_Str2","set1_3_13891_546_CCH_Str",2,0.183896037500607,6
"set1_3_13893_546_HIN_Str2","set1_3_13893_546_HIN_Str",3,0.201894657752415,6
"set1_3_13895_546_MIN_Str2","set1_3_13895_546_MIN_Str",3,0.19183922789816,6
"set1_3_13897_545_CCC_Str_12","set1_3_13897_545_CCC_Str_1",2,0.188889460253446,6
"set1_3_13899_545_ADH_Str2","set1_3_13899_545_ADH_Str",2,0.17203720531403,6
"set1_3_13901_545_UDH_Str_12","set1_3_13901_545_UDH_Str_1",2,0.16417832221735,6
"set1_3_13903_545_AM_Str_12","set1_3_13903_545_AM_Str_1",2,0.190786599296075,6
"set1_3_13905_545_IBC_Str2","set1_3_13905_545_IBC_Str",2,0.187297280611759,6
"set1_3_13907_545_DCIS_Str_12","set1_3_13907_545_DCIS_Str_1",2,0.185055856589867,6
"set1_3_13909_545_CCC_Str_22","set1_3_13909_545_CCC_Str_2",2,0.175105806513726,6
"set1_3_13917_545_DCIS_Str_22","set1_3_13917_545_DCIS_Str_2",5,0.176715877784884,6
"set1_3_13925_544_DCIS_Str_12","set1_3_13925_544_DCIS_Str_1",2,0.158454820172612,6
"set1_3_13927_544_DCIS_Str_22","set1_3_13927_544_DCIS_Str_2",2,0.178485153586264,6
"set1_3_13929_544_IBC_Str2","set1_3_13929_544_IBC_Str",3,0.146251882675453,6
"set1_3_13931_544_DCIS_Str_32","set1_3_13931_544_DCIS_Str_3",2,0.160263763997201,6
"set1_3_13939_568_NL_Str2","set1_3_13939_568_NL_Str",2,0.142489210867121,6
"set1_3_13941_568_IBC_Str2","set1_3_13941_568_IBC_Str",2,0.150434907311956,6
"set1_3_13943_568_DCIS_Str2","set1_3_13943_568_DCIS_Str",2,0.12808289691077,6
"set1_3_13947_570_CCC_Str_12","set1_3_13947_570_CCC_Str_1",2,0.16595146378994,6
"set1_3_13949_570_IBC_Str2","set1_3_13949_570_IBC_Str",2,0.170011013030153,6
"set1_3_13951_570_DCIS_Str2","set1_3_13951_570_DCIS_Str",2,0.178886358526985,6
"set1_3_13953_570_ADH_Str_12","set1_3_13953_570_ADH_Str_1",2,0.146370603093053,6
"set1_3_13955_570_NL_Str2","set1_3_13955_570_NL_Str",2,0.155395419932027,6
"set1_3_13957_570_CCC_Str_22","set1_3_13957_570_CCC_Str_2",2,0.160550773546524,6
"set1_3_13959_570_CCH_Str2","set1_3_13959_570_CCH_Str",2,0.148498370389498,6
"set1_3_13961_570_ADH_Str_22","set1_3_13961_570_ADH_Str_2",2,0.153414718204183,6
"set1_3_13963_569_IBC_Str2","set1_3_13963_569_IBC_Str",1,0.143269053958232,6
"set1_3_13965_567_EN_Str2","set1_3_13965_567_EN_Str",2,0.197496376281215,6
"set1_3_13969_567_DCIS_Str2","set1_3_13969_567_DCIS_Str",3,0.17245296920358,6
"set1_3_13971_567_IBC_Str2","set1_3_13971_567_IBC_Str",2,0.150785386651609,6
"set1_3_13977_565_EN_Str2","set1_3_13977_565_EN_Str",6,0.156839536415029,6
"set1_3_13983_561_DCIS_Str2","set1_3_13983_561_DCIS_Str",2,0.150882407449983,6
"set1_3_13985_561_IBC_Str2","set1_3_13985_561_IBC_Str",1,0.200204416720664,6
"set1_3_13988_562_DCIS_Str_12","set1_3_13988_562_DCIS_Str_1",2,0.163954534345232,6
"set1_3_13992_562_DCIS_Str_22","set1_3_13992_562_DCIS_Str_2",2,0.140600424453269,6
"set1_3_13994_562_NL_Str_22","set1_3_13994_562_NL_Str_2",2,0.150761486327943,6
"set1_3_13996_563_NL_Str2","set1_3_13996_563_NL_Str",2,0.163941942872337,6
"set1_3_13998_563_IBC_Str2","set1_3_13998_563_IBC_Str",2,0.158722639368524,6
"set1_3_14002_553_DCIS_Str2","set1_3_14002_553_DCIS_Str",2,0.152561580765817,6
"set1_3_14004_553_IBC_Str2","set1_3_14004_553_IBC_Str",1,0.169306224208847,6
"set1_3_14008_553_EN_Str2","set1_3_14008_553_EN_Str",2,0.173152240319421,6
"set1_3_14013_560_CCC_Str2","set1_3_14013_560_CCC_Str",2,0.177309747138822,6
"set1_3_14015_560_AM_Str2","set1_3_14015_560_AM_Str",2,0.186814154949753,6
"set1_3_14017_560_NL_Str_12","set1_3_14017_560_NL_Str_1",2,0.181476866750879,6
"set1_3_14019_560_NL_Str_22","set1_3_14019_560_NL_Str_2",2,0.176501295446601,6
"set1_3_14021_560_IBC_Str_12","set1_3_14021_560_IBC_Str_1",2,0.158141072260756,6
"set1_3_14023_560_SA_Str2","set1_3_14023_560_SA_Str",2,0.158825766466808,6
"set1_3_14026_560_IBC_Str_22","set1_3_14026_560_IBC_Str_2",2,0.13329511721027,6
"set1_3_14035_572_IBC_Str2","set1_3_14035_572_IBC_Str",3,0.188081319699623,6
"set1_3_14037_571_NL_Str2","set1_3_14037_571_NL_Str",5,0.147074109903683,6
"set1_3_14039_571_EN_Str2","set1_3_14039_571_EN_Str",3,0.223322917133773,6
"set1_3_14041_571_DCISw_Str2","set1_3_14041_571_DCISw_Str",3,0.220445195611838,6
"set1_3_14043_571_DCIS_Str2","set1_3_14043_571_DCIS_Str",3,0.160985826347046,6
"set1_3_14045_571_IBC_Str_12","set1_3_14045_571_IBC_Str_1",3,0.196217992652326,6
"set1_3_14047_571_IBC_Str_22","set1_3_14047_571_IBC_Str_2",1,0.162130394080405,6
"set1_3_14049_566_IBC_Str2","set1_3_14049_566_IBC_Str",3,0.139124117023643,6
"set1_3_14051_566_DCIS_Str2","set1_3_14051_566_DCIS_Str",3,0.179642510347184,6
"set1_3_14053_566_UDH_Str2","set1_3_14053_566_UDH_Str",2,0.152358617542965,6
"set1_3_14063_564_DCIS_Str2","set1_3_14063_564_DCIS_Str",2,0.168503335190762,6
"set1_3_14065_564_HP_Str2","set1_3_14065_564_HP_Str",2,0.158227608334763,6
"set1_3_14067_564_NL_Str2","set1_3_14067_564_NL_Str",5,0.161346816180286,6
"set1_3_14069_564_IBC_Str2","set1_3_14069_564_IBC_Str",2,0.15912052631362,6
"set1_3_14071_559_DCIS_Str2","set1_3_14071_559_DCIS_Str",2,0.157104662952379,6
"set1_3_14073_559_IBC_Str2","set1_3_14073_559_IBC_Str",2,0.132309189356944,6
"set1_3_14075_559_CCH_Str2","set1_3_14075_559_CCH_Str",2,0.172399110642353,6
"set1_3_14081_558_IBC_Str2","set1_3_14081_558_IBC_Str",1,0.168430032611403,6
"set1_3_14085_558_DCIS_Str_12","set1_3_14085_558_DCIS_Str_1",2,0.165106180777649,6
"set1_3_14093_557_IBC_Str2","set1_3_14093_557_IBC_Str",2,0.136591335222774,6
"set1_3_14095_557_DCIS_Str2","set1_3_14095_557_DCIS_Str",2,0.161864443255912,6
"set1_3_14097_556_IBC_Str_12","set1_3_14097_556_IBC_Str_1",2,0.146850960478843,6
"set1_3_14099_556_ADH_Str_12","set1_3_14099_556_ADH_Str_1",2,0.157887644885431,6
"set1_3_14101_556_ADH_Str_22","set1_3_14101_556_ADH_Str_2",2,0.155320629765005,6
"set1_3_14105_556_IBC_Str_22","set1_3_14105_556_IBC_Str_2",2,0.164552993553811,6
"set1_3_14111_555_IN_Str2","set1_3_14111_555_IN_Str",2,0.160731112517762,6
"set1_3_14113_555_iIBC_Str2","set1_3_14113_555_iIBC_Str",2,0.143778292687858,6
"set1_3_14115_555_IBC_Str2","set1_3_14115_555_IBC_Str",2,0.156379819360897,6
"set4_10_14732_656_IBC_Str2","set4_10_14732_656_IBC_Str",1,0.172594583551654,6
"set4_10_14734_656_BBD_Str2","set4_10_14734_656_BBD_Str",6,0.186312546431994,6
"set4_10_14736_656_NL_Str2","set4_10_14736_656_NL_Str",6,0.162020224857767,6
"set4_10_14738_657_CCC_Str2","set4_10_14738_657_CCC_Str",5,0.156942645569245,6
"set4_10_14740_657_NL_Str2","set4_10_14740_657_NL_Str",6,0.137797428354316,6
"set4_10_14742_657_DCIS_Str2","set4_10_14742_657_DCIS_Str",1,0.18468512431216,6
"set4_10_14743_657_IBC_Str2","set4_10_14743_657_IBC_Str",1,0.195193657361131,6
"set4_10_14748_658_DCIS_Str2","set4_10_14748_658_DCIS_Str",3,0.207161865513909,6
"set4_10_14749_658_IBC_Str2","set4_10_14749_658_IBC_Str",3,0.169843333622558,6
"set4_10_14750_658_NL_Str2","set4_10_14750_658_NL_Str",6,0.158705747400634,6
"set4_10_14753_659_DCIS_Str2","set4_10_14753_659_DCIS_Str",6,0.14355619496713,6
"set4_10_14754_659_IBC_Str2","set4_10_14754_659_IBC_Str",3,0.149055514464747,6
"set4_10_14756_659_DCIS_Str2","set4_10_14756_659_DCIS_Str",6,0.16565940926388,6
"set4_10_14758_659_NL_Str2","set4_10_14758_659_NL_Str",6,0.128762573942052,6
"set4_10_14792_663_DCIS_Str2","set4_10_14792_663_DCIS_Str",5,0.121625798553228,6
"set4_10_14794_663_IBC_Str2","set4_10_14794_663_IBC_Str",1,0.132477914908803,6
"set4_10_14796_663_NL_Str2","set4_10_14796_663_NL_Str",6,0.148167454780946,6
"set4_10_14760_660_IBC_Str2","set4_10_14760_660_IBC_Str",3,0.167804719722725,6
"set4_10_14762_660_DCIS_Str2","set4_10_14762_660_DCIS_Str",3,0.152866209813218,6
"set4_10_14764_660_NL_Str2","set4_10_14764_660_NL_Str",6,0.135545477272337,6
"set4_10_14766_660_LVI_Str2","set4_10_14766_660_LVI_Str",3,0.163615893975812,6
"set4_10_14768_661_IBC_Str2","set4_10_14768_661_IBC_Str",1,0.171485196344237,6
"set4_10_14770_661_AM_Str2","set4_10_14770_661_AM_Str",5,0.190678773713807,6
"set4_10_14772_661_ADH_Str2","set4_10_14772_661_ADH_Str",6,0.161572766249944,6
"set4_10_14774_661_DCIS_Str2","set4_10_14774_661_DCIS_Str",6,0.133174953224985,6
"set4_10_14776_661_ADH_Str2","set4_10_14776_661_ADH_Str",6,0.134262561958184,6
"set4_10_14778_661_NL_Str2","set4_10_14778_661_NL_Str",6,0.164928060414526,6
"set4_10_14780_662_DCIS.1_Str2","set4_10_14780_662_DCIS.1_Str",1,0.197016553514183,6
"set4_10_14782_662_MIV.1_Str2","set4_10_14782_662_MIV.1_Str",3,0.164318967848953,6
"set4_10_14784_662_DCIS.2_Str2","set4_10_14784_662_DCIS.2_Str",1,0.16587786394805,6
"set4_10_14786_662_MIV.2_Str2","set4_10_14786_662_MIV.2_Str",3,0.166041205688521,6
"set4_10_14788_662_DCIS.3_Str2","set4_10_14788_662_DCIS.3_Str",1,0.202102298364511,6
"set4_10_14790_662_IBC_Str2","set4_10_14790_662_IBC_Str",1,0.20781049991408,6
"set4_10_14910_676_DCIS.2_Str2","set4_10_14910_676_DCIS.2_Str",5,0.12582583816255,6
"set4_10_14799_664_BBD_Str2","set4_10_14799_664_BBD_Str",6,0.152099768150299,6
"set4_10_14801_664_IBC_Str2","set4_10_14801_664_IBC_Str",1,0.180114736775356,6
"set4_10_14803_664_ADH_Str2","set4_10_14803_664_ADH_Str",6,0.179266951772697,6
"set4_10_14806_665_IBC_Str2","set4_10_14806_665_IBC_Str",1,0.191787264184236,6
"set4_10_14808_665_inf_NL_Str2","set4_10_14808_665_inf_NL_Str",3,0.21348635757779,6
"set4_10_14860_665_DCIS_Str2","set4_10_14860_665_DCIS_Str",3,0.143528770026274,6
"set4_10_14811_665_NL_Str2","set4_10_14811_665_NL_Str",6,0.170170650120571,6
"set4_10_14814_666_DCIS_Str2","set4_10_14814_666_DCIS_Str",3,0.125788171542683,6
"set4_10_14815_666_IBC_Str2","set4_10_14815_666_IBC_Str",1,0.193421472824757,6
"set4_10_14817_666_NL_Str2","set4_10_14817_666_NL_Str",6,0.152387994090875,6
"set4_10_14819_666_BBD_Str2","set4_10_14819_666_BBD_Str",6,0.155973797872949,6
"set4_10_14854_671_UDH_Str2","set4_10_14854_671_UDH_Str",6,0.162787300035797,6
"set4_10_14858_671_IBC_Str2","set4_10_14858_671_IBC_Str",1,0.17585236956781,6
"set4_10_14859_671_DCIS_Str2","set4_10_14859_671_DCIS_Str",4,0.158497701763636,6
"set4_10_14861_671_AM_Str2","set4_10_14861_671_AM_Str",5,0.212140563375975,6
"set4_10_14863_671_CCC_Str2","set4_10_14863_671_CCC_Str",6,0.15674982651536,6
"set4_10_14823_667_IBC_Str2","set4_10_14823_667_IBC_Str",3,0.170420256183084,6
"set4_10_14824_667_DCIS_Str2","set4_10_14824_667_DCIS_Str",3,0.148876324617422,6
"set4_10_14825_667_NL_Str2","set4_10_14825_667_NL_Str",6,0.149134227605893,6
"set4_10_14827_668_IBC_Str2","set4_10_14827_668_IBC_Str",1,0.202769038751918,6
"set4_10_14831_668_DCIS_Str2","set4_10_14831_668_DCIS_Str",4,0.135632257328035,6
"set4_10_14832_668_NL_Str2","set4_10_14832_668_NL_Str",6,0.147098881638979,6
"set4_10_14835_669_IBC_Str2","set4_10_14835_669_IBC_Str",1,0.190513834817347,6
"set4_10_14836_669_NL_Str2","set4_10_14836_669_NL_Str",5,0.162722956463429,6
"set4_10_14838_669_DCIS_Str2","set4_10_14838_669_DCIS_Str",6,0.132292858447541,6
"set4_10_14841_670_EN_Str2","set4_10_14841_670_EN_Str",6,0.159413612054302,6
"set4_10_14842_670_DCIS_Str2","set4_10_14842_670_DCIS_Str",5,0.194069077750354,6
"set4_10_14845_670_DCIS_Str2","set4_10_14845_670_DCIS_Str",5,0.140600225771409,6
"set4_10_14846_670_IBC_Str2","set4_10_14846_670_IBC_Str",5,0.204184778482104,6
"set4_10_14850_670_BBD_Str2","set4_10_14850_670_BBD_Str",6,0.138648760937636,6
"set4_10_14851_670_CCC_Str2","set4_10_14851_670_CCC_Str",6,0.164876581048597,6
"set4_10_14852_670_AM_Str2","set4_10_14852_670_AM_Str",6,0.15429032267197,6
"set4_10_14865_672_inf_NL_Str_S2_R1_0012","set4_10_14865_672_inf_NL_Str_S2_R1_001",6,0.184791986985418,6
"set4_10_14867_672_IBC_Str_1_S4_R1_0012","set4_10_14867_672_IBC_Str_1_S4_R1_001",1,0.202718343807649,6
"set4_10_14871_672_DCIS_Str_S8_R1_0012","set4_10_14871_672_DCIS_Str_S8_R1_001",3,0.134058907694349,6
"set4_10_14872_672_CaLob_Str_S9_R1_0012","set4_10_14872_672_CaLob_Str_S9_R1_001",3,0.202427530826137,6
"set4_10_14874_672_NL_Str_S11_R1_0012","set4_10_14874_672_NL_Str_S11_R1_001",6,0.186963443596187,6
"set4_10_14877_672_CCC_Str_S14_R1_0012","set4_10_14877_672_CCC_Str_S14_R1_001",6,0.176357768811934,6
"set4_10_14879_673_IBC_Str_S16_R1_0012","set4_10_14879_673_IBC_Str_S16_R1_001",1,0.219578376210411,6
"set4_10_14881_673_DCIS_Str_S18_R1_0012","set4_10_14881_673_DCIS_Str_S18_R1_001",3,0.224193429921341,6
"set4_10_14883_673_NL_Str_S20_R1_0012","set4_10_14883_673_NL_Str_S20_R1_001",6,0.152431026836542,6
"set4_10_14885_673_AM_Str_S22_R1_0012","set4_10_14885_673_AM_Str_S22_R1_001",5,0.183401191582364,6
"set4_10_14887_673_CCC_Str_S24_R1_0012","set4_10_14887_673_CCC_Str_S24_R1_001",6,0.197048718487874,6
"set4_10_14889_673_EN_Str_S26_R1_0012","set4_10_14889_673_EN_Str_S26_R1_001",6,0.176113756202018,6
"set4_10_14891_674_DCIS_Str_S28_R1_0012","set4_10_14891_674_DCIS_Str_S28_R1_001",5,0.121663813133721,6
"set4_10_14893_674_IBC_Str_S30_R1_0012","set4_10_14893_674_IBC_Str_S30_R1_001",1,0.167660164235248,6
"set4_10_14895_674_BBD_Str_S32_R1_0012","set4_10_14895_674_BBD_Str_S32_R1_001",5,0.152389131955477,6
"set4_10_14900_675_EN1_Str_S34_R1_0012","set4_10_14900_675_EN1_Str_S34_R1_001",6,0.204574809108603,6
"set4_10_14902_675_EN2_Str2","set4_10_14902_675_EN2_Str",6,0.208288265651398,6
"set4_10_14903_675_EN3_Str2","set4_10_14903_675_EN3_Str",6,0.207921807902931,6
"set4_10_14906_675_NL_Str2","set4_10_14906_675_NL_Str",6,0.186241760155499,6
"set4_10_14923_677_IBC_Str2","set4_10_14923_677_IBC_Str",1,0.164707871682056,6
"set4_10_14925_677_DCIS_Str2","set4_10_14925_677_DCIS_Str",3,0.152732521662585,6
"set4_10_14927_677_NL_Str2","set4_10_14927_677_NL_Str",3,0.161918935952268,6
"set4_10_14929_677_LVI_Str2","set4_10_14929_677_LVI_Str",1,0.163266303813022,6
"set4_10_14931_678_IBC_Str2","set4_10_14931_678_IBC_Str",1,0.196523289349522,6
"set4_10_14933_678_PLC_Str2","set4_10_14933_678_PLC_Str",6,0.157125008268704,6
"set4_10_14935_678_EN_Str2","set4_10_14935_678_EN_Str",6,0.200371294677851,6
"set4_10_14937_678_NL_Str2","set4_10_14937_678_NL_Str",6,0.155336927759187,6
"set4_10_14939_679_IBC_Str2","set4_10_14939_679_IBC_Str",1,0.231762906580912,6
"set4_10_14941_679_DCIS_Str2","set4_10_14941_679_DCIS_Str",6,0.143832114781865,6
"set4_10_14943_679_NL_Str2","set4_10_14943_679_NL_Str",6,0.155744293262178,6
"set4_10_14955_680_DCIS_2_Str2","set4_10_14955_680_DCIS_2_Str",3,0.138066098795355,6
"set4_10_14957_680_ADH_2_Str2","set4_10_14957_680_ADH_2_Str",5,0.156165064408902,6
"set4_10_14945_680_ADH_1_Str2","set4_10_14945_680_ADH_1_Str",5,0.188149374858416,6
"set4_10_14947_680_UDH_Str2","set4_10_14947_680_UDH_Str",6,0.153527548018491,6
"set4_10_14949_680_NL_Str2","set4_10_14949_680_NL_Str",5,0.139903015545707,6
"set4_10_14951_680_DCIS_1_Str2","set4_10_14951_680_DCIS_1_Str",5,0.142393186148977,6
"set4_10_14953_680_IBC_Str2","set4_10_14953_680_IBC_Str",1,0.174274543114634,6
"set4_10_14959_680_LG_DCIS_Str2","set4_10_14959_680_LG_DCIS_Str",3,0.1783990720832,6
"set4_10_14961_680_AM_Str2","set4_10_14961_680_AM_Str",4,0.306448350904231,6
"set4_10_14967_681_DCIS_Str2","set4_10_14967_681_DCIS_Str",3,0.118837330724185,6
"set4_10_14969_681_AM_Str2","set4_10_14969_681_AM_Str",5,0.212755440683753,6
"set4_10_14971_681_EN_Str2","set4_10_14971_681_EN_Str",5,0.146535807094342,6
"set4_10_14973_681_ADH_1_Str2","set4_10_14973_681_ADH_1_Str",3,0.13996157038119,6
"set4_10_14975_681_IBC_Str2","set4_10_14975_681_IBC_Str",1,0.220783973329167,6
"set4_10_14977_681_NL_Str2","set4_10_14977_681_NL_Str",6,0.17355641908556,6
"set4_10_14979_682_NL_Str2","set4_10_14979_682_NL_Str",6,0.163140059545494,6
"set4_10_14981_682_EN_Str2","set4_10_14981_682_EN_Str",6,0.143563317935029,6
"set4_10_14983_682_IBC_Str2","set4_10_14983_682_IBC_Str",1,0.159377452536111,6
"set4_10_14985_682_Inf_NL_Str2","set4_10_14985_682_Inf_NL_Str",3,0.181543706703367,6
"set4_10_14988_683_DCIS_Str2","set4_10_14988_683_DCIS_Str",3,0.136467261622391,6
"set4_10_14991_684_ADH_DCIS_Str2","set4_10_14991_684_ADH_DCIS_Str",3,0.135474904802216,6
"set4_10_14993_684_DCIS_Str2","set4_10_14993_684_DCIS_Str",3,0.171188577398433,6
"set4_10_14995_684_NL_Str2","set4_10_14995_684_NL_Str",6,0.1533628142778,6
"set4_10_14997_684_IBC_Str2","set4_10_14997_684_IBC_Str",1,0.191792872835628,6
"set4_10_14999_685_DCIS_Str2","set4_10_14999_685_DCIS_Str",3,0.145487448651769,6
"set4_10_15001_685_IBC_Str2","set4_10_15001_685_IBC_Str",1,0.145071643894967,6
"set4_10_15003_685_NL_Str2","set4_10_15003_685_NL_Str",6,0.167120388566554,6
"set4_10_15005_685_EN_Str2","set4_10_15005_685_EN_Str",6,0.159850206940777,6
"set4_10_15014_687_DCIS_1_Str2","set4_10_15014_687_DCIS_1_Str",3,0.158906877070005,6
"set4_10_15016_687_DCIS_2_Str2","set4_10_15016_687_DCIS_2_Str",3,0.223751705632155,6
"set4_10_15018_687_UDH_Str2","set4_10_15018_687_UDH_Str",6,0.148896078325415,6
"set4_10_15020_687_EN_Str2","set4_10_15020_687_EN_Str",6,0.15612006190085,6
"set4_10_15022_687_NL_Str2","set4_10_15022_687_NL_Str",6,0.175583700428202,6
"set4_10_15026_688_EN_1_Str2","set4_10_15026_688_EN_1_Str",3,0.151623361438256,6
"set4_10_14912_676_EN_Str2","set4_10_14912_676_EN_Str",6,0.155238173067685,6
"set4_10_14914_676_BBD_2_Str2","set4_10_14914_676_BBD_2_Str",6,0.164972831967671,6
"set4_10_14917_676_DCIS_1_Str2","set4_10_14917_676_DCIS_1_Str",3,0.141616367680714,6
"set4_10_14919_676_BBD_1_Str2","set4_10_14919_676_BBD_1_Str",6,0.146976714732153,6
"set4_10_14921_676_NL_Str2","set4_10_14921_676_NL_Str",6,0.185260831146103,6
"set4_10_15008_686_DCIS_Str2","set4_10_15008_686_DCIS_Str",3,0.17320870278873,6
"set4_10_15010_686_EN_Str2","set4_10_15010_686_EN_Str",6,0.166550545963759,6
"set4_10_15012_686_NL_Str2","set4_10_15012_686_NL_Str",5,0.170938813761708,6
"set4_10_15033_689_IBC_Str2","set4_10_15033_689_IBC_Str",1,0.23952067649564,6
"set4_10_15035_689_DCIS_1_Str2","set4_10_15035_689_DCIS_1_Str",3,0.195305223346813,6
"set4_10_15037_689_NL_Str2","set4_10_15037_689_NL_Str",6,0.191112162862692,6
"set4_10_15039_689_DCIS_2_Str2","set4_10_15039_689_DCIS_2_Str",3,0.171420878181647,6
"set4_10_15041_689_EN_1_Str2","set4_10_15041_689_EN_1_Str",6,0.165152697929229,6
"set4_10_15043_689_EN_2_Str2","set4_10_15043_689_EN_2_Str",6,0.154770684466156,6
"set4_10_15053_690_EN_2_Str2","set4_10_15053_690_EN_2_Str",6,0.190708860978169,6
"set4_10_15063_691_EN_2_Str2","set4_10_15063_691_EN_2_Str",5,0.150473142553377,6
"set4_10_14965_681_ADH_2_Str2","set4_10_14965_681_ADH_2_Str",6,0.148835022931613,6
"set4_10_15024_688_IBC_Str2","set4_10_15024_688_IBC_Str",3,0.236036452558455,6
"set4_10_15028_688_NL_Str2","set4_10_15028_688_NL_Str",6,0.176062476370966,6
"set4_10_15030_688_EN_4_Str2","set4_10_15030_688_EN_4_Str",4,0.168896070060412,6
"set4_10_15107_688_EN_5_Str2","set4_10_15107_688_EN_5_Str",6,0.170662760081575,6
"set4_10_15045_690_NL_Str2","set4_10_15045_690_NL_Str",6,0.145727038677382,6
"set4_10_15047_690_EN_1_Str2","set4_10_15047_690_EN_1_Str",6,0.158665568532086,6
"set4_10_15049_690_IBC_Str2","set4_10_15049_690_IBC_Str",1,0.202145046681193,6
"set4_10_15051_690_DCIS_Str2","set4_10_15051_690_DCIS_Str",3,0.166619883243558,6
"set4_10_15055_690_i_DCIS_Str2","set4_10_15055_690_i_DCIS_Str",3,0.216994137738274,6
"set4_10_15057_691_IBC_Str2","set4_10_15057_691_IBC_Str",1,0.220895567297632,6
"set4_10_15059_691_EN_1_Str2","set4_10_15059_691_EN_1_Str",6,0.140549946048666,6
"set4_10_15061_691_DCIS_Str2","set4_10_15061_691_DCIS_Str",5,0.1628259804689,6
"set4_10_15065_692_IBC_Str2","set4_10_15065_692_IBC_Str",1,0.183404981078807,6
"set4_10_15067_692_DCIS_Str2","set4_10_15067_692_DCIS_Str",3,0.19979755773854,6
"set4_10_15069_692_NL_Str2","set4_10_15069_692_NL_Str",3,0.176117655540819,6
"set4_10_15586_744_IBC_Str2","set4_10_15586_744_IBC_Str",1,0.202333304034502,6
"set4_10_15588_744_inF.NL_Str2","set4_10_15588_744_inF.NL_Str",3,0.195930559695037,6
"set4_10_15590_744_DCIS_Str2","set4_10_15590_744_DCIS_Str",1,0.134727626426139,6
"set4_10_15592_745_CCC_Str2","set4_10_15592_745_CCC_Str",6,0.15274863287707,6
"set4_10_15594_745_BBD_Str2","set4_10_15594_745_BBD_Str",6,0.177805534545334,6
"set4_10_15596_745_IP_Str2","set4_10_15596_745_IP_Str",3,0.137702941230304,6
"set4_10_15599_746_DCIS_Str2","set4_10_15599_746_DCIS_Str",3,0.209780147788406,6
"set4_10_15601_746_NL_Str2","set4_10_15601_746_NL_Str",3,0.167030202446148,6
"set4_10_15603_747_IBC_Str2","set4_10_15603_747_IBC_Str",1,0.205095754331429,6
"set4_10_15605_747_NL_Str2","set4_10_15605_747_NL_Str",6,0.139407671154885,6
"set4_10_15607_747_ADH_Str2","set4_10_15607_747_ADH_Str",6,0.194657163911469,6
"set4_10_15609_747_AM_Str2","set4_10_15609_747_AM_Str",5,0.170717645465479,6
"set4_10_15611_748_AM_Str2","set4_10_15611_748_AM_Str",5,0.188829167393765,6
"set4_10_15613_748_DCIS_Str2","set4_10_15613_748_DCIS_Str",3,0.153515634177595,6
"set4_10_15615_748_IBC_Str2","set4_10_15615_748_IBC_Str",1,0.192818406887499,6
"set4_10_15619_749_IBC_Str2","set4_10_15619_749_IBC_Str",1,0.201535239201389,6
"set4_10_15620_749_DCIS_Str2","set4_10_15620_749_DCIS_Str",1,0.158140064823325,6
"set4_10_15621_749_LVI_Str2","set4_10_15621_749_LVI_Str",4,0.174898964194484,6
"set4_10_15623_750_NL_Str2","set4_10_15623_750_NL_Str",6,0.171714390305693,6
"set4_10_15625_750_IBC_Str2","set4_10_15625_750_IBC_Str",1,0.213645016873874,6
"set4_10_15627_750_DCIS_Str2","set4_10_15627_750_DCIS_Str",1,0.180516885948037,6
"set4_10_15629_751_NL_Str2","set4_10_15629_751_NL_Str",6,0.197365412768128,6
"set4_10_15631_751_IBC_Str2","set4_10_15631_751_IBC_Str",1,0.200955746883182,6
"set4_10_15633_751_ADH_Str2","set4_10_15633_751_ADH_Str",6,0.189859793273043,6
"set4_10_15635_751_CCC_Str2","set4_10_15635_751_CCC_Str",6,0.200223898285462,6
"set4_10_15637_752_IBC_Str2","set4_10_15637_752_IBC_Str",3,0.167858676272685,6
"set4_10_15641_752_DCIS_Str2","set4_10_15641_752_DCIS_Str",6,0.157084289665832,6
"set4_10_15642_752_NL_Str2","set4_10_15642_752_NL_Str",4,0.174127077235834,6
"set4_10_15643_752_BBD_Str2","set4_10_15643_752_BBD_Str",6,0.147631473372035,6
"set4_10_15645_753_DCIS_Str2","set4_10_15645_753_DCIS_Str",1,0.159155367359024,6
"set4_10_15648_753_NL_Str2","set4_10_15648_753_NL_Str",6,0.199884307815061,6
"set4_10_15650_754_IBC_Str2","set4_10_15650_754_IBC_Str",1,0.211190832071489,6
"set4_10_15652_754_ADH_Str2","set4_10_15652_754_ADH_Str",6,0.137081979498565,6
"set4_10_15654_754_EN_1_Str2","set4_10_15654_754_EN_1_Str",6,0.129600106402686,6
"set4_10_15656_754_DCIS_Str2","set4_10_15656_754_DCIS_Str",1,0.158259079557917,6
"set4_10_15658_754_EN_2_Str2","set4_10_15658_754_EN_2_Str",6,0.143487809531292,6
"set4_10_15660_755_EN_Str2","set4_10_15660_755_EN_Str",4,0.173066111495597,6
"set4_10_15662_755_DCIS_inf_1_Str2","set4_10_15662_755_DCIS_inf_1_Str",3,0.207636748265355,6
"set4_10_15664_755_IBC_Str2","set4_10_15664_755_IBC_Str",3,0.207087614337964,6
"set4_10_15666_755_DCIS_inf_2_Str2","set4_10_15666_755_DCIS_inf_2_Str",3,0.194740220278922,6
"set4_10_15668_755_NL_Str2","set4_10_15668_755_NL_Str",6,0.152490318694076,6
"set4_10_15670_756_NL_Str2","set4_10_15670_756_NL_Str",3,0.13479621004872,6
"set4_10_15672_756_EN_1_Str2","set4_10_15672_756_EN_1_Str",6,0.182594149155361,6
"set4_10_15674_756_IBC_Str2","set4_10_15674_756_IBC_Str",3,0.1872812760486,6
"set4_10_15676_756_UDH_1_Str2","set4_10_15676_756_UDH_1_Str",6,0.125480341821238,6
"set4_10_15678_756_EN_2_Str2","set4_10_15678_756_EN_2_Str",4,0.159503413836439,6
"set4_10_15680_756_UDH_2_Str2","set4_10_15680_756_UDH_2_Str",4,0.209613919232809,6
"set4_10_15682_757_DCIS_Str2","set4_10_15682_757_DCIS_Str",3,0.139399669163374,6
"set4_10_15684_757_IBC_Str2","set4_10_15684_757_IBC_Str",4,0.153728544975373,6
"set4_10_15686_757_NL_Str2","set4_10_15686_757_NL_Str",6,0.179261601188791,6
"set4_10_15688_757_UDH_Str2","set4_10_15688_757_UDH_Str",6,0.188865037140575,6
"set4_10_15690_757_CCC_Str2","set4_10_15690_757_CCC_Str",6,0.182071095388477,6
"set4_10_15692_757_EN_Str2","set4_10_15692_757_EN_Str",4,0.187964546344721,6
"set4_10_15694_758_DCIS_1_Str2","set4_10_15694_758_DCIS_1_Str",3,0.139780194513461,6
"set4_10_15696_758_IBC_1_Str2","set4_10_15696_758_IBC_1_Str",3,0.176383568606445,6
"set4_10_15698_758_NL_Str2","set4_10_15698_758_NL_Str",3,0.138963014120683,6
"set4_10_15704_758_EN_Str2","set4_10_15704_758_EN_Str",6,0.152870474213258,6
"set4_10_15710_760_UDH_Str2","set4_10_15710_760_UDH_Str",4,0.144853065682053,6
"set4_10_15714_760_IBC_Str2","set4_10_15714_760_IBC_Str",3,0.187186851761316,6
"set4_10_15716_760_EN_1_Str2","set4_10_15716_760_EN_1_Str",4,0.140557679708594,6
"set4_10_15718_760_NL_Str2","set4_10_15718_760_NL_Str",4,0.183025827570253,6
"set4_10_15734_762_DCIS_2_Str2","set4_10_15734_762_DCIS_2_Str",3,0.183737536543997,6
"set4_10_15700_758_DCIS_2_Str2","set4_10_15700_758_DCIS_2_Str",3,0.134425325730767,6
"set4_10_15702_758_IBC_2_Str2","set4_10_15702_758_IBC_2_Str",1,0.160902408947148,6
"set4_10_15706_759_DCIS_Str2","set4_10_15706_759_DCIS_Str",3,0.123350520495867,6
"set4_10_15708_759_IBC_Str2","set4_10_15708_759_IBC_Str",1,0.162161412850941,6
"set4_10_15712_760_EN_2_Str2","set4_10_15712_760_EN_2_Str",4,0.146782600676439,6
"set4_10_15720_761_IBC_Str2","set4_10_15720_761_IBC_Str",3,0.166663449314855,6
"set4_10_15722_761_DCIS_Str2","set4_10_15722_761_DCIS_Str",3,0.161278493740518,6
"set4_10_15724_761_EN_1_Str2","set4_10_15724_761_EN_1_Str",6,0.158788069593868,6
"set4_10_15726_761_ADH_Str2","set4_10_15726_761_ADH_Str",6,0.163707538703405,6
"set4_10_15730_762_IBC_Str2","set4_10_15730_762_IBC_Str",1,0.168330112737,6
"set4_10_15732_762_DCIS_1_Str2","set4_10_15732_762_DCIS_1_Str",1,0.151943172627252,6
"set4_10_15736_763_IBC_Str2","set4_10_15736_763_IBC_Str",4,0.17579806562943,6
"set4_10_15738_763_ADH_Str2","set4_10_15738_763_ADH_Str",4,0.194370730406711,6
"set4_10_15740_763_NL_1_Str2","set4_10_15740_763_NL_1_Str",4,0.215104596834033,6
"set4_10_15742_763_EN_Str2","set4_10_15742_763_EN_Str",4,0.140513381642708,6
"set4_10_15746_764_IBC_Str2","set4_10_15746_764_IBC_Str",3,0.17294206414366,6
"set4_10_15748_764_DCIS_1_Str2","set4_10_15748_764_DCIS_1_Str",3,0.177827200936474,6
"set4_10_15750_764_LVI_Str2","set4_10_15750_764_LVI_Str",3,0.148143607062635,6
"set4_10_15752_764_DCIS_2_Str2","set4_10_15752_764_DCIS_2_Str",3,0.165031445454557,6
"set4_10_15754_764_EN_Str2","set4_10_15754_764_EN_Str",6,0.177607283705279,6
"set4_10_15756_764_NL_Str2","set4_10_15756_764_NL_Str",6,0.153666030447374,6
"set4_10_15758_765_IBC_Str2","set4_10_15758_765_IBC_Str",1,0.164745795956324,6
"set4_10_15760_765_DCIS_Str2","set4_10_15760_765_DCIS_Str",5,0.132385769176836,6
"set4_10_15762_765_EN_1_Str2","set4_10_15762_765_EN_1_Str",5,0.198240619215891,6
"set4_10_15766_765_NL_Str2","set4_10_15766_765_NL_Str",5,0.157009477175154,6
"set4_10_15768_766_NL_Str2","set4_10_15768_766_NL_Str",6,0.166906315584415,6
"set4_10_15770_766_inf_NL_Str2","set4_10_15770_766_inf_NL_Str",3,0.208883237058337,6
"set4_10_15772_766_IBC_Str2","set4_10_15772_766_IBC_Str",3,0.179330048213637,6
"set4_10_15774_766_AM_Str2","set4_10_15774_766_AM_Str",5,0.184566275907178,6
"set4_10_15776_766_EN_Str2","set4_10_15776_766_EN_Str",6,0.155616333882381,6
"set4_10_15778_767_IBC_Str2","set4_10_15778_767_IBC_Str",1,0.181642239244198,6
"set4_10_15780_767_DCIS_Str2","set4_10_15780_767_DCIS_Str",1,0.143166214718299,6
"set4_10_15782_767_AM_2_Str2","set4_10_15782_767_AM_2_Str",6,0.152261313811492,6
"set4_10_15784_767_ADH_Str2","set4_10_15784_767_ADH_Str",6,0.172467875800329,6
"set4_10_15788_767_NL_Str2","set4_10_15788_767_NL_Str",6,0.159536425140335,6
"set4_10_15790_768_IBC_Str2","set4_10_15790_768_IBC_Str",3,0.216072992857344,6
"set4_10_15792_768_NL_Str2","set4_10_15792_768_NL_Str",6,0.172159842302985,6
"set4_10_15796_768_EN_2_Str2","set4_10_15796_768_EN_2_Str",6,0.199201565078412,6
"set4_10_15798_768_EN_3_Str2","set4_10_15798_768_EN_3_Str",4,0.154873317021669,6
"set4_10_15800_769_IBC_Str2","set4_10_15800_769_IBC_Str",1,0.186255661198775,6
"set4_10_15802_769_DCIS_1_Str2","set4_10_15802_769_DCIS_1_Str",3,0.189347392727704,6
"set4_10_15806_769_EN_1_Str2","set4_10_15806_769_EN_1_Str",6,0.16444862369718,6
"set4_10_15810_769_NL_Str2","set4_10_15810_769_NL_Str",6,0.138649025103071,6
"set4_10_15812_769_EN_4_Str2","set4_10_15812_769_EN_4_Str",6,0.18173739193621,6
"set4_10_15818_769_AM_Str2","set4_10_15818_769_AM_Str",5,0.24825872208338,6
"set4_10_15786_767_AM_1_Str2","set4_10_15786_767_AM_1_Str",5,0.186711430502743,6
"set4_10_15794_768_EN_1_Str2","set4_10_15794_768_EN_1_Str",6,0.15583747078015,6
"set4_10_15804_769_DCIS_2_Str2","set4_10_15804_769_DCIS_2_Str",3,0.206616639723307,6
"set4_10_15808_769_EN_3_Str2","set4_10_15808_769_EN_3_Str",6,0.147849997293429,6
"set4_10_15816_769_EN_6_Str2","set4_10_15816_769_EN_6_Str",6,0.171111818516969,6
"set4_10_15820_770_DCIS_Str2","set4_10_15820_770_DCIS_Str",3,0.184250599405623,6
"set4_10_15822_770_IBC_Str2","set4_10_15822_770_IBC_Str",1,0.208852375129928,6
"set4_10_15824_770_EN_1_Str2","set4_10_15824_770_EN_1_Str",6,0.18491067439867,6
"set4_10_15826_770_NL_Str2","set4_10_15826_770_NL_Str",6,0.156922067978322,6
"set4_10_15830_771_EN_4_Str2","set4_10_15830_771_EN_4_Str",6,0.212278310712787,6
"set4_10_15836_771_DCIS_3_Str2","set4_10_15836_771_DCIS_3_Str",3,0.155612699985324,6
"set4_10_15832_771_NL_Str2","set4_10_15832_771_NL_Str",6,0.15670634766804,6
"set4_10_15834_771_EN_2_Str2","set4_10_15834_771_EN_2_Str",5,0.139825548079135,6
"set4_10_15840_771_DCIS_1_Str2","set4_10_15840_771_DCIS_1_Str",1,0.179162473791276,6
"set4_10_15844_771_IBC_Str2","set4_10_15844_771_IBC_Str",1,0.186674132197732,6
"set4_10_15728_761_EN_2_Str2","set4_10_15728_761_EN_2_Str",4,0.199286707443425,6
"set4_10_15744_763_NL_2_Str2","set4_10_15744_763_NL_2_Str",3,0.141831645654702,6
"set4_10_15764_765_EN_2_Str2","set4_10_15764_765_EN_2_Str",5,0.127418486524824,6
"set4_10_15814_769_EN_5_Str2","set4_10_15814_769_EN_5_Str",6,0.20228953695458,6
"set4_10_15828_771_EN_3_Str2","set4_10_15828_771_EN_3_Str",4,0.17215135235989,6
"set4_10_15838_771_EN_1_Str2","set4_10_15838_771_EN_1_Str",4,0.14429131122234,6
"set4_10_15842_771_DCIS_2_Str2","set4_10_15842_771_DCIS_2_Str",3,0.16899409123991,6
"set4_10_15846_772_IBC_Str2","set4_10_15846_772_IBC_Str",1,0.15051088317249,6
"set4_10_15848_772_DCIS_1_Str2","set4_10_15848_772_DCIS_1_Str",4,0.139143359478665,6
"set4_10_15850_772_DCIS_2_Str2","set4_10_15850_772_DCIS_2_Str",4,0.127269619719624,6
"set4_10_15852_772_EN_1_Str2","set4_10_15852_772_EN_1_Str",6,0.165351488874897,6
"set4_10_15854_772_EN_2_Str2","set4_10_15854_772_EN_2_Str",6,0.154038373942703,6
"set4_10_15856_772_EN_3_Str2","set4_10_15856_772_EN_3_Str",4,0.146182703071479,6
"set4_10_15858_772_EN_4_Str2","set4_10_15858_772_EN_4_Str",4,0.191280296614524,6
"set4_10_15860_772_NL_Str2","set4_10_15860_772_NL_Str",6,0.171934397034398,6
"set1_3_11771_354_EN_S_S2_R1_0013","set1_3_11771_354_EN_S_S2_R1_001",2,0.115206036474725,7
"set1_3_11773_354_IDC_S_S4_R1_0013","set1_3_11773_354_IDC_S_S4_R1_001",5,0.155626771192553,7
"set1_3_11775_354_RS1_S_center_S6_R1_0013","set1_3_11775_354_RS1_S_center_S6_R1_001",5,0.123319049302819,7
"set1_3_11777_354_RS1_S_peripheral_S8_R1_0013","set1_3_11777_354_RS1_S_peripheral_S8_R1_001",2,0.140609567916272,7
"set1_3_11779_354_RS2_S_center_S10_R1_0013","set1_3_11779_354_RS2_S_center_S10_R1_001",7,0.119333128260894,7
"set1_3_11781_354_RS2_S_peripheral_S12_R1_0013","set1_3_11781_354_RS2_S_peripheral_S12_R1_001",2,0.141616805521657,7
"set1_3_11783_354_NL_S_S14_R1_0013","set1_3_11783_354_NL_S_S14_R1_001",2,0.117300432099816,7
"set1_3_11785_355_RS1_S_center_S16_R1_0013","set1_3_11785_355_RS1_S_center_S16_R1_001",5,0.154570313873181,7
"set1_3_11787_355_RS1_S_peripheral_S18_R1_0013","set1_3_11787_355_RS1_S_peripheral_S18_R1_001",2,0.150299522562338,7
"set1_3_11790_355_RS2_S_center_S21_R1_0013","set1_3_11790_355_RS2_S_center_S21_R1_001",7,0.154308231260972,7
"set1_3_11792_355_RS2_S_peripheral_S23_R1_0013","set1_3_11792_355_RS2_S_peripheral_S23_R1_001",2,0.144286217078411,7
"set1_3_11795_355_NL_S_S26_R1_0013","set1_3_11795_355_NL_S_S26_R1_001",2,0.156676894619037,7
"set1_3_11797_355_RS3_S_center_S28_R1_0013","set1_3_11797_355_RS3_S_center_S28_R1_001",7,0.126808446781963,7
"set1_3_11799_355_RS3_S_peripheral_S30_R1_0013","set1_3_11799_355_RS3_S_peripheral_S30_R1_001",2,0.141503602334235,7
"set1_3_11803_356_RS1_S_center_S33_R1_0013","set1_3_11803_356_RS1_S_center_S33_R1_001",5,0.123090308034413,7
"set1_3_11805_356_RS1_S_peripheral_S35_R1_0013","set1_3_11805_356_RS1_S_peripheral_S35_R1_001",2,0.140525663322723,7
"set1_3_11807_357_NL_S_S41_R1_0013","set1_3_11807_357_NL_S_S41_R1_001",2,0.132391034469967,7
"set1_3_11809_357_RS1_S_center_S33_R1_0013","set1_3_11809_357_RS1_S_center_S33_R1_001",2,0.111276450846309,7
"set1_3_11811_357_RS1_S_peripheral_S42_R1_0013","set1_3_11811_357_RS1_S_peripheral_S42_R1_001",2,0.116133233295733,7
"set1_3_11814_358_NL_S_S37_R1_0013","set1_3_11814_358_NL_S_S37_R1_001",2,0.155623786961597,7
"set1_3_11816_358_EN_S_S39_R1_0013","set1_3_11816_358_EN_S_S39_R1_001",2,0.129796013724953,7
"set1_3_11818_358_RS1_S_center_S41_R1_0013","set1_3_11818_358_RS1_S_center_S41_R1_001",5,0.12327860597418,7
"set1_3_11820_358_RS1_S_peripheral_S43_R1_0013","set1_3_11820_358_RS1_S_peripheral_S43_R1_001",2,0.13446609713892,7
"set1_3_11822_358_IBC_S_S45_R1_0013","set1_3_11822_358_IBC_S_S45_R1_001",7,0.143866457999024,7
"set1_3_11824_358_RS2_S_center_S47_R1_0013","set1_3_11824_358_RS2_S_center_S47_R1_001",5,0.156551747402014,7
"set1_3_11826_358_RS2_S_peripheral_S49_R1_0013","set1_3_11826_358_RS2_S_peripheral_S49_R1_001",2,0.151297869167693,7
"set1_3_11828_359_RS1_S_center_S51_R1_0013","set1_3_11828_359_RS1_S_center_S51_R1_001",2,0.128841994448586,7
"set1_3_11830_359_RS1_S_peripheral_S53_R1_0013","set1_3_11830_359_RS1_S_peripheral_S53_R1_001",6,0.163774497572885,7
"set1_3_11834_359_RS2_S_center_S56_R1_0013","set1_3_11834_359_RS2_S_center_S56_R1_001",7,0.137158313215087,7
"set1_3_11836_359_RS2_S_peripheral_S58_R1_0013","set1_3_11836_359_RS2_S_peripheral_S58_R1_001",2,0.131688678547574,7
"set1_3_11839_360_RS1_S_center_S43_R1_0013","set1_3_11839_360_RS1_S_center_S43_R1_001",2,0.112676310808451,7
"set1_3_11841_360_RS1_S_peripheral_S36_R1_0013","set1_3_11841_360_RS1_S_peripheral_S36_R1_001",2,0.122634960143343,7
"set1_3_11843_360_NL_S_S53_R1_0013","set1_3_11843_360_NL_S_S53_R1_001",2,0.127748845202923,7
"set1_3_11845_361_RS1_S_center_S31_R1_0013","set1_3_11845_361_RS1_S_center_S31_R1_001",7,0.102223219169648,7
"set1_3_11847_361_RS1_S_peripheral_S35_R1_0013","set1_3_11847_361_RS1_S_peripheral_S35_R1_001",2,0.11257268675225,7
"set1_3_11849_361_RS2_S_center_S20_R1_0013","set1_3_11849_361_RS2_S_center_S20_R1_001",2,0.0954607403646827,7
"set1_3_11851_361_RS2_S_peripheral_S45_R1_0013","set1_3_11851_361_RS2_S_peripheral_S45_R1_001",2,0.0996319950094834,7
"set1_3_11853_361_RS4_S_center_S29_R1_0013","set1_3_11853_361_RS4_S_center_S29_R1_001",7,0.131197858973335,7
"set1_3_11855_361_RS4_S_peripheral_S25_R1_0013","set1_3_11855_361_RS4_S_peripheral_S25_R1_001",2,0.101901196289187,7
"set1_3_11857_361_RS3_S_center_S26_R1_0013","set1_3_11857_361_RS3_S_center_S26_R1_001",7,0.110174423958619,7
"set1_3_11859_361_RS3_S_peripheral_S54_R1_0013","set1_3_11859_361_RS3_S_peripheral_S54_R1_001",2,0.113332928313029,7
"set1_3_11863_362_RS1_S_center_S28_R1_0013","set1_3_11863_362_RS1_S_center_S28_R1_001",7,0.106614918171046,7
"set1_3_11865_362_RS1_S_peripheral_S40_R1_0013","set1_3_11865_362_RS1_S_peripheral_S40_R1_001",2,0.123837284793696,7
"set1_3_11868_363_RS1_S_center_S27_R1_0013","set1_3_11868_363_RS1_S_center_S27_R1_001",5,0.114119230412055,7
"set1_3_11870_363_RS1_S_peripheral_S46_R1_0013","set1_3_11870_363_RS1_S_peripheral_S46_R1_001",2,0.122553922679806,7
"set1_3_11872_363_NL_S_S57_R1_0013","set1_3_11872_363_NL_S_S57_R1_001",2,0.106969167226231,7
"set1_3_11875_364_RS1_S_center_S52_R1_0013","set1_3_11875_364_RS1_S_center_S52_R1_001",2,0.0973597985956547,7
"set1_3_11877_364_RS1_S_peripheral_S56_R1_0013","set1_3_11877_364_RS1_S_peripheral_S56_R1_001",2,0.118322187876353,7
"set1_3_11881_364_RS2_S_center_S37_R1_0013","set1_3_11881_364_RS2_S_center_S37_R1_001",5,0.114038864532839,7
"set1_3_13814_552_IBC_Str_13","set1_3_13814_552_IBC_Str_1",5,0.134336594957453,7
"set1_3_13829_551_DCIS_Str3","set1_3_13829_551_DCIS_Str",2,0.167273946450175,7
"set1_3_13831_550_ADH_Str_13","set1_3_13831_550_ADH_Str_1",2,0.138138210820491,7
"set1_3_13837_550_DCIS_Str_13","set1_3_13837_550_DCIS_Str_1",2,0.16730665828204,7
"set1_3_13841_549_DCIS_Str3","set1_3_13841_549_DCIS_Str",5,0.139877925869154,7
"set1_3_13843_549_IBC_Str3","set1_3_13843_549_IBC_Str",7,0.136672559344217,7
"set1_3_13845_549_IN_Str3","set1_3_13845_549_IN_Str",7,0.138117648839099,7
"set1_3_13849_550_DCIS_Str_23","set1_3_13849_550_DCIS_Str_2",2,0.147570769137545,7
"set1_3_13855_549_NL_Str3","set1_3_13855_549_NL_Str",2,0.14730643193777,7
"set1_3_13859_548_DCIS_Str3","set1_3_13859_548_DCIS_Str",2,0.145370798181023,7
"set1_3_13861_548_IBC_Str3","set1_3_13861_548_IBC_Str",4,0.142242452781247,7
"set1_3_13863_547_NL_Str3","set1_3_13863_547_NL_Str",2,0.154552971020285,7
"set1_3_13865_547_CCC_Str_13","set1_3_13865_547_CCC_Str_1",4,0.151256220833955,7
"set1_3_13867_547_CCH_Str_13","set1_3_13867_547_CCH_Str_1",2,0.174210325118821,7
"set1_3_13869_547_IBC_Str_13","set1_3_13869_547_IBC_Str_1",5,0.16490132473194,7
"set1_3_13871_547_DCIS_Str3","set1_3_13871_547_DCIS_Str",5,0.156971794706076,7
"set1_3_13873_547_CCC_Str_23","set1_3_13873_547_CCC_Str_2",2,0.169870460896171,7
"set1_3_13877_547_CCC_Str_33","set1_3_13877_547_CCC_Str_3",7,0.150659695751641,7
"set1_3_13879_547_IBC_Str_23","set1_3_13879_547_IBC_Str_2",7,0.189991295922056,7
"set1_3_13881_547_NL_Str3","set1_3_13881_547_NL_Str",2,0.156274663734133,7
"set1_3_13883_546_NL_Str3","set1_3_13883_546_NL_Str",2,0.155046437238197,7
"set1_3_13885_546_ALH_Str3","set1_3_13885_546_ALH_Str",2,0.184527430678513,7
"set1_3_13887_546_IBC_Str3","set1_3_13887_546_IBC_Str",4,0.165747614628153,7
"set1_3_13889_546_LIN_Str3","set1_3_13889_546_LIN_Str",2,0.134291557302615,7
"set1_3_13891_546_CCH_Str3","set1_3_13891_546_CCH_Str",2,0.165960029946435,7
"set1_3_13893_546_HIN_Str3","set1_3_13893_546_HIN_Str",4,0.19884639105171,7
"set1_3_13895_546_MIN_Str3","set1_3_13895_546_MIN_Str",4,0.183828635470652,7
"set1_3_13897_545_CCC_Str_13","set1_3_13897_545_CCC_Str_1",2,0.174226924407981,7
"set1_3_13899_545_ADH_Str3","set1_3_13899_545_ADH_Str",2,0.159877614329165,7
"set1_3_13901_545_UDH_Str_13","set1_3_13901_545_UDH_Str_1",2,0.155310912563246,7
"set1_3_13903_545_AM_Str_13","set1_3_13903_545_AM_Str_1",2,0.184864498042573,7
"set1_3_13905_545_IBC_Str3","set1_3_13905_545_IBC_Str",2,0.183489075422392,7
"set1_3_13907_545_DCIS_Str_13","set1_3_13907_545_DCIS_Str_1",2,0.18351149753496,7
"set1_3_13909_545_CCC_Str_23","set1_3_13909_545_CCC_Str_2",2,0.184954131106077,7
"set1_3_13917_545_DCIS_Str_23","set1_3_13917_545_DCIS_Str_2",2,0.186153723895897,7
"set1_3_13925_544_DCIS_Str_13","set1_3_13925_544_DCIS_Str_1",2,0.160744780818098,7
"set1_3_13927_544_DCIS_Str_23","set1_3_13927_544_DCIS_Str_2",2,0.152179123664084,7
"set1_3_13929_544_IBC_Str3","set1_3_13929_544_IBC_Str",4,0.149884993073007,7
"set1_3_13931_544_DCIS_Str_33","set1_3_13931_544_DCIS_Str_3",4,0.154205554627812,7
"set1_3_13939_568_NL_Str3","set1_3_13939_568_NL_Str",2,0.138530727726919,7
"set1_3_13941_568_IBC_Str3","set1_3_13941_568_IBC_Str",4,0.128014259904707,7
"set1_3_13943_568_DCIS_Str3","set1_3_13943_568_DCIS_Str",2,0.1126134097468,7
"set1_3_13947_570_CCC_Str_13","set1_3_13947_570_CCC_Str_1",2,0.167065224259274,7
"set1_3_13949_570_IBC_Str3","set1_3_13949_570_IBC_Str",2,0.146340121807213,7
"set1_3_13951_570_DCIS_Str3","set1_3_13951_570_DCIS_Str",2,0.176111109676069,7
"set1_3_13953_570_ADH_Str_13","set1_3_13953_570_ADH_Str_1",2,0.14785967518278,7
"set1_3_13955_570_NL_Str3","set1_3_13955_570_NL_Str",2,0.159544521079324,7
"set1_3_13957_570_CCC_Str_23","set1_3_13957_570_CCC_Str_2",2,0.149773755199447,7
"set1_3_13959_570_CCH_Str3","set1_3_13959_570_CCH_Str",2,0.15266710718821,7
"set1_3_13961_570_ADH_Str_23","set1_3_13961_570_ADH_Str_2",2,0.168658564719097,7
"set1_3_13963_569_IBC_Str3","set1_3_13963_569_IBC_Str",5,0.121303164647144,7
"set1_3_13965_567_EN_Str3","set1_3_13965_567_EN_Str",2,0.178605784785481,7
"set1_3_13969_567_DCIS_Str3","set1_3_13969_567_DCIS_Str",4,0.169130275777616,7
"set1_3_13971_567_IBC_Str3","set1_3_13971_567_IBC_Str",2,0.128574640728263,7
"set1_3_13977_565_EN_Str3","set1_3_13977_565_EN_Str",1,0.147829537101444,7
"set1_3_13983_561_DCIS_Str3","set1_3_13983_561_DCIS_Str",2,0.128324800770088,7
"set1_3_13985_561_IBC_Str3","set1_3_13985_561_IBC_Str",5,0.182887472035705,7
"set1_3_13988_562_DCIS_Str_13","set1_3_13988_562_DCIS_Str_1",2,0.147130807348412,7
"set1_3_13992_562_DCIS_Str_23","set1_3_13992_562_DCIS_Str_2",2,0.121186999411639,7
"set1_3_13994_562_NL_Str_23","set1_3_13994_562_NL_Str_2",2,0.159226219329892,7
"set1_3_13996_563_NL_Str3","set1_3_13996_563_NL_Str",2,0.138732712692752,7
"set1_3_13998_563_IBC_Str3","set1_3_13998_563_IBC_Str",4,0.153161241408838,7
"set1_3_14002_553_DCIS_Str3","set1_3_14002_553_DCIS_Str",2,0.138171308753848,7
"set1_3_14004_553_IBC_Str3","set1_3_14004_553_IBC_Str",5,0.156470838291212,7
"set1_3_14008_553_EN_Str3","set1_3_14008_553_EN_Str",2,0.175898467898632,7
"set1_3_14013_560_CCC_Str3","set1_3_14013_560_CCC_Str",2,0.172560615116683,7
"set1_3_14015_560_AM_Str3","set1_3_14015_560_AM_Str",2,0.193478149539762,7
"set1_3_14017_560_NL_Str_13","set1_3_14017_560_NL_Str_1",2,0.198427157253027,7
"set1_3_14019_560_NL_Str_23","set1_3_14019_560_NL_Str_2",2,0.16685668931956,7
"set1_3_14021_560_IBC_Str_13","set1_3_14021_560_IBC_Str_1",4,0.146239578375548,7
"set1_3_14023_560_SA_Str3","set1_3_14023_560_SA_Str",2,0.158230372447892,7
"set1_3_14026_560_IBC_Str_23","set1_3_14026_560_IBC_Str_2",2,0.109733683293644,7
"set1_3_14035_572_IBC_Str3","set1_3_14035_572_IBC_Str",4,0.182059543959168,7
"set1_3_14037_571_NL_Str3","set1_3_14037_571_NL_Str",6,0.139202135870436,7
"set1_3_14039_571_EN_Str3","set1_3_14039_571_EN_Str",4,0.220001353421905,7
"set1_3_14041_571_DCISw_Str3","set1_3_14041_571_DCISw_Str",4,0.216511105182081,7
"set1_3_14043_571_DCIS_Str3","set1_3_14043_571_DCIS_Str",4,0.157849015113648,7
"set1_3_14045_571_IBC_Str_13","set1_3_14045_571_IBC_Str_1",4,0.194016988612477,7
"set1_3_14047_571_IBC_Str_23","set1_3_14047_571_IBC_Str_2",5,0.132382498523393,7
"set1_3_14049_566_IBC_Str3","set1_3_14049_566_IBC_Str",4,0.137285762979998,7
"set1_3_14051_566_DCIS_Str3","set1_3_14051_566_DCIS_Str",4,0.174473209670055,7
"set1_3_14053_566_UDH_Str3","set1_3_14053_566_UDH_Str",2,0.142046457349027,7
"set1_3_14063_564_DCIS_Str3","set1_3_14063_564_DCIS_Str",4,0.148834513096701,7
"set1_3_14065_564_HP_Str3","set1_3_14065_564_HP_Str",2,0.152849686661024,7
"set1_3_14067_564_NL_Str3","set1_3_14067_564_NL_Str",6,0.159044004070568,7
"set1_3_14069_564_IBC_Str3","set1_3_14069_564_IBC_Str",2,0.126869730763122,7
"set1_3_14071_559_DCIS_Str3","set1_3_14071_559_DCIS_Str",2,0.132211812925694,7
"set1_3_14073_559_IBC_Str3","set1_3_14073_559_IBC_Str",4,0.112067379669945,7
"set1_3_14075_559_CCH_Str3","set1_3_14075_559_CCH_Str",2,0.169445267395153,7
"set1_3_14081_558_IBC_Str3","set1_3_14081_558_IBC_Str",5,0.147639075154462,7
"set1_3_14085_558_DCIS_Str_13","set1_3_14085_558_DCIS_Str_1",2,0.134450432934432,7
"set1_3_14093_557_IBC_Str3","set1_3_14093_557_IBC_Str",7,0.148394577630637,7
"set1_3_14095_557_DCIS_Str3","set1_3_14095_557_DCIS_Str",2,0.146221936272076,7
"set1_3_14097_556_IBC_Str_13","set1_3_14097_556_IBC_Str_1",2,0.136716461290689,7
"set1_3_14099_556_ADH_Str_13","set1_3_14099_556_ADH_Str_1",2,0.171826244161647,7
"set1_3_14101_556_ADH_Str_23","set1_3_14101_556_ADH_Str_2",2,0.170434666787701,7
"set1_3_14105_556_IBC_Str_23","set1_3_14105_556_IBC_Str_2",2,0.166317700786223,7
"set1_3_14111_555_IN_Str3","set1_3_14111_555_IN_Str",2,0.132222121933872,7
"set1_3_14113_555_iIBC_Str3","set1_3_14113_555_iIBC_Str",7,0.14087457328579,7
"set1_3_14115_555_IBC_Str3","set1_3_14115_555_IBC_Str",2,0.125144080896624,7
"set4_10_14732_656_IBC_Str3","set4_10_14732_656_IBC_Str",5,0.138607619507286,7
"set4_10_14734_656_BBD_Str3","set4_10_14734_656_BBD_Str",1,0.152755048953868,7
"set4_10_14736_656_NL_Str3","set4_10_14736_656_NL_Str",6,0.140396239276768,7
"set4_10_14738_657_CCC_Str3","set4_10_14738_657_CCC_Str",6,0.149318193806342,7
"set4_10_14740_657_NL_Str3","set4_10_14740_657_NL_Str",6,0.133706271898831,7
"set4_10_14742_657_DCIS_Str3","set4_10_14742_657_DCIS_Str",5,0.167164195286542,7
"set4_10_14743_657_IBC_Str3","set4_10_14743_657_IBC_Str",5,0.183209676418654,7
"set4_10_14748_658_DCIS_Str3","set4_10_14748_658_DCIS_Str",4,0.185216914607147,7
"set4_10_14749_658_IBC_Str3","set4_10_14749_658_IBC_Str",4,0.155085911734897,7
"set4_10_14750_658_NL_Str3","set4_10_14750_658_NL_Str",6,0.142481062020602,7
"set4_10_14753_659_DCIS_Str3","set4_10_14753_659_DCIS_Str",1,0.114758716542603,7
"set4_10_14754_659_IBC_Str3","set4_10_14754_659_IBC_Str",4,0.135706055566828,7
"set4_10_14756_659_DCIS_Str3","set4_10_14756_659_DCIS_Str",1,0.149716920449339,7
"set4_10_14758_659_NL_Str3","set4_10_14758_659_NL_Str",6,0.124524947563824,7
"set4_10_14792_663_DCIS_Str3","set4_10_14792_663_DCIS_Str",6,0.134878821585009,7
"set4_10_14794_663_IBC_Str3","set4_10_14794_663_IBC_Str",6,0.11241944439722,7
"set4_10_14796_663_NL_Str3","set4_10_14796_663_NL_Str",6,0.153453183817124,7
"set4_10_14760_660_IBC_Str3","set4_10_14760_660_IBC_Str",4,0.155005911106265,7
"set4_10_14762_660_DCIS_Str3","set4_10_14762_660_DCIS_Str",4,0.136648127729381,7
"set4_10_14764_660_NL_Str3","set4_10_14764_660_NL_Str",1,0.117284918468659,7
"set4_10_14766_660_LVI_Str3","set4_10_14766_660_LVI_Str",4,0.14027897355927,7
"set4_10_14768_661_IBC_Str3","set4_10_14768_661_IBC_Str",4,0.154057999314608,7
"set4_10_14770_661_AM_Str3","set4_10_14770_661_AM_Str",3,0.216085071124992,7
"set4_10_14772_661_ADH_Str3","set4_10_14772_661_ADH_Str",1,0.129017804359289,7
"set4_10_14774_661_DCIS_Str3","set4_10_14774_661_DCIS_Str",3,0.108987314263113,7
"set4_10_14776_661_ADH_Str3","set4_10_14776_661_ADH_Str",1,0.124869312291277,7
"set4_10_14778_661_NL_Str3","set4_10_14778_661_NL_Str",1,0.156970140984408,7
"set4_10_14780_662_DCIS.1_Str3","set4_10_14780_662_DCIS.1_Str",5,0.172334558327484,7
"set4_10_14782_662_MIV.1_Str3","set4_10_14782_662_MIV.1_Str",4,0.14735012142571,7
"set4_10_14784_662_DCIS.2_Str3","set4_10_14784_662_DCIS.2_Str",5,0.142138843668471,7
"set4_10_14786_662_MIV.2_Str3","set4_10_14786_662_MIV.2_Str",4,0.153156971046932,7
"set4_10_14788_662_DCIS.3_Str3","set4_10_14788_662_DCIS.3_Str",5,0.176459213695342,7
"set4_10_14790_662_IBC_Str3","set4_10_14790_662_IBC_Str",5,0.181658544873111,7
"set4_10_14910_676_DCIS.2_Str3","set4_10_14910_676_DCIS.2_Str",3,0.120462427334198,7
"set4_10_14799_664_BBD_Str3","set4_10_14799_664_BBD_Str",6,0.12155677868091,7
"set4_10_14801_664_IBC_Str3","set4_10_14801_664_IBC_Str",5,0.146670167506347,7
"set4_10_14803_664_ADH_Str3","set4_10_14803_664_ADH_Str",1,0.155199293148516,7
"set4_10_14806_665_IBC_Str3","set4_10_14806_665_IBC_Str",5,0.173868513219819,7
"set4_10_14808_665_inf_NL_Str3","set4_10_14808_665_inf_NL_Str",4,0.197369899595471,7
"set4_10_14860_665_DCIS_Str3","set4_10_14860_665_DCIS_Str",4,0.121037454009266,7
"set4_10_14811_665_NL_Str3","set4_10_14811_665_NL_Str",6,0.132948574133767,7
"set4_10_14814_666_DCIS_Str3","set4_10_14814_666_DCIS_Str",6,0.111948600261026,7
"set4_10_14815_666_IBC_Str3","set4_10_14815_666_IBC_Str",5,0.15990359864912,7
"set4_10_14817_666_NL_Str3","set4_10_14817_666_NL_Str",6,0.142364115607576,7
"set4_10_14819_666_BBD_Str3","set4_10_14819_666_BBD_Str",6,0.117047717231121,7
"set4_10_14854_671_UDH_Str3","set4_10_14854_671_UDH_Str",6,0.125731295068984,7
"set4_10_14858_671_IBC_Str3","set4_10_14858_671_IBC_Str",5,0.156418957128731,7
"set4_10_14859_671_DCIS_Str3","set4_10_14859_671_DCIS_Str",5,0.140190076131174,7
"set4_10_14861_671_AM_Str3","set4_10_14861_671_AM_Str",3,0.19810852857275,7
"set4_10_14863_671_CCC_Str3","set4_10_14863_671_CCC_Str",6,0.117386526066329,7
"set4_10_14823_667_IBC_Str3","set4_10_14823_667_IBC_Str",4,0.160164151971459,7
"set4_10_14824_667_DCIS_Str3","set4_10_14824_667_DCIS_Str",6,0.136952538592339,7
"set4_10_14825_667_NL_Str3","set4_10_14825_667_NL_Str",6,0.16269129776554,7
"set4_10_14827_668_IBC_Str3","set4_10_14827_668_IBC_Str",5,0.167356058411259,7
"set4_10_14831_668_DCIS_Str3","set4_10_14831_668_DCIS_Str",3,0.14211529840998,7
"set4_10_14832_668_NL_Str3","set4_10_14832_668_NL_Str",6,0.125090967844855,7
"set4_10_14835_669_IBC_Str3","set4_10_14835_669_IBC_Str",5,0.156328835634586,7
"set4_10_14836_669_NL_Str3","set4_10_14836_669_NL_Str",6,0.212351635786235,7
"set4_10_14838_669_DCIS_Str3","set4_10_14838_669_DCIS_Str",6,0.170317913387154,7
"set4_10_14841_670_EN_Str3","set4_10_14841_670_EN_Str",1,0.145615706920692,7
"set4_10_14842_670_DCIS_Str3","set4_10_14842_670_DCIS_Str",3,0.245518546525956,7
"set4_10_14845_670_DCIS_Str3","set4_10_14845_670_DCIS_Str",3,0.137472193509555,7
"set4_10_14846_670_IBC_Str3","set4_10_14846_670_IBC_Str",3,0.282160011450881,7
"set4_10_14850_670_BBD_Str3","set4_10_14850_670_BBD_Str",1,0.127973926838269,7
"set4_10_14851_670_CCC_Str3","set4_10_14851_670_CCC_Str",1,0.130721522500835,7
"set4_10_14852_670_AM_Str3","set4_10_14852_670_AM_Str",3,0.119603781648136,7
"set4_10_14865_672_inf_NL_Str_S2_R1_0013","set4_10_14865_672_inf_NL_Str_S2_R1_001",1,0.151935419267819,7
"set4_10_14867_672_IBC_Str_1_S4_R1_0013","set4_10_14867_672_IBC_Str_1_S4_R1_001",5,0.176412093142339,7
"set4_10_14871_672_DCIS_Str_S8_R1_0013","set4_10_14871_672_DCIS_Str_S8_R1_001",4,0.121148631806806,7
"set4_10_14872_672_CaLob_Str_S9_R1_0013","set4_10_14872_672_CaLob_Str_S9_R1_001",4,0.185908518483067,7
"set4_10_14874_672_NL_Str_S11_R1_0013","set4_10_14874_672_NL_Str_S11_R1_001",1,0.157824638576659,7
"set4_10_14877_672_CCC_Str_S14_R1_0013","set4_10_14877_672_CCC_Str_S14_R1_001",6,0.12453102230902,7
"set4_10_14879_673_IBC_Str_S16_R1_0013","set4_10_14879_673_IBC_Str_S16_R1_001",5,0.20420546113469,7
"set4_10_14881_673_DCIS_Str_S18_R1_0013","set4_10_14881_673_DCIS_Str_S18_R1_001",4,0.210535544060843,7
"set4_10_14883_673_NL_Str_S20_R1_0013","set4_10_14883_673_NL_Str_S20_R1_001",1,0.142813379769469,7
"set4_10_14885_673_AM_Str_S22_R1_0013","set4_10_14885_673_AM_Str_S22_R1_001",3,0.185225652059936,7
"set4_10_14887_673_CCC_Str_S24_R1_0013","set4_10_14887_673_CCC_Str_S24_R1_001",1,0.183933586989346,7
"set4_10_14889_673_EN_Str_S26_R1_0013","set4_10_14889_673_EN_Str_S26_R1_001",1,0.169335144743461,7
"set4_10_14891_674_DCIS_Str_S28_R1_0013","set4_10_14891_674_DCIS_Str_S28_R1_001",6,0.102524047817095,7
"set4_10_14893_674_IBC_Str_S30_R1_0013","set4_10_14893_674_IBC_Str_S30_R1_001",5,0.133305817303765,7
"set4_10_14895_674_BBD_Str_S32_R1_0013","set4_10_14895_674_BBD_Str_S32_R1_001",6,0.181262320710735,7
"set4_10_14900_675_EN1_Str_S34_R1_0013","set4_10_14900_675_EN1_Str_S34_R1_001",1,0.197791375365664,7
"set4_10_14902_675_EN2_Str3","set4_10_14902_675_EN2_Str",1,0.207121906311378,7
"set4_10_14903_675_EN3_Str3","set4_10_14903_675_EN3_Str",1,0.216788900604119,7
"set4_10_14906_675_NL_Str3","set4_10_14906_675_NL_Str",1,0.187490726556228,7
"set4_10_14923_677_IBC_Str3","set4_10_14923_677_IBC_Str",5,0.145427934557646,7
"set4_10_14925_677_DCIS_Str3","set4_10_14925_677_DCIS_Str",4,0.151781400777176,7
"set4_10_14927_677_NL_Str3","set4_10_14927_677_NL_Str",4,0.140399377304111,7
"set4_10_14929_677_LVI_Str3","set4_10_14929_677_LVI_Str",4,0.14399323407634,7
"set4_10_14931_678_IBC_Str3","set4_10_14931_678_IBC_Str",5,0.160460110500655,7
"set4_10_14933_678_PLC_Str3","set4_10_14933_678_PLC_Str",3,0.123584403433796,7
"set4_10_14935_678_EN_Str3","set4_10_14935_678_EN_Str",1,0.161834418470456,7
"set4_10_14937_678_NL_Str3","set4_10_14937_678_NL_Str",6,0.128582265294817,7
"set4_10_14939_679_IBC_Str3","set4_10_14939_679_IBC_Str",5,0.216894495833148,7
"set4_10_14941_679_DCIS_Str3","set4_10_14941_679_DCIS_Str",6,0.156969716098931,7
"set4_10_14943_679_NL_Str3","set4_10_14943_679_NL_Str",6,0.135681708992762,7
"set4_10_14955_680_DCIS_2_Str3","set4_10_14955_680_DCIS_2_Str",6,0.147743707434708,7
"set4_10_14957_680_ADH_2_Str3","set4_10_14957_680_ADH_2_Str",6,0.140955600592754,7
"set4_10_14945_680_ADH_1_Str3","set4_10_14945_680_ADH_1_Str",6,0.143311178694147,7
"set4_10_14947_680_UDH_Str3","set4_10_14947_680_UDH_Str",6,0.140759566048239,7
"set4_10_14949_680_NL_Str3","set4_10_14949_680_NL_Str",6,0.124964911448702,7
"set4_10_14951_680_DCIS_1_Str3","set4_10_14951_680_DCIS_1_Str",6,0.15214567762352,7
"set4_10_14953_680_IBC_Str3","set4_10_14953_680_IBC_Str",5,0.153704566531714,7
"set4_10_14959_680_LG_DCIS_Str3","set4_10_14959_680_LG_DCIS_Str",4,0.160353324142399,7
"set4_10_14961_680_AM_Str3","set4_10_14961_680_AM_Str",3,0.321577499575551,7
"set4_10_14967_681_DCIS_Str3","set4_10_14967_681_DCIS_Str",6,0.136854098492969,7
"set4_10_14969_681_AM_Str3","set4_10_14969_681_AM_Str",3,0.227812124434454,7
"set4_10_14971_681_EN_Str3","set4_10_14971_681_EN_Str",6,0.167309096913289,7
"set4_10_14973_681_ADH_1_Str3","set4_10_14973_681_ADH_1_Str",6,0.139598671098693,7
"set4_10_14975_681_IBC_Str3","set4_10_14975_681_IBC_Str",5,0.199100826984111,7
"set4_10_14977_681_NL_Str3","set4_10_14977_681_NL_Str",1,0.133450582799805,7
"set4_10_14979_682_NL_Str3","set4_10_14979_682_NL_Str",1,0.160081097665372,7
"set4_10_14981_682_EN_Str3","set4_10_14981_682_EN_Str",1,0.139085384296219,7
"set4_10_14983_682_IBC_Str3","set4_10_14983_682_IBC_Str",5,0.131588301531126,7
"set4_10_14985_682_Inf_NL_Str3","set4_10_14985_682_Inf_NL_Str",4,0.161321125464276,7
"set4_10_14988_683_DCIS_Str3","set4_10_14988_683_DCIS_Str",4,0.114379714101088,7
"set4_10_14991_684_ADH_DCIS_Str3","set4_10_14991_684_ADH_DCIS_Str",7,0.118598401462394,7
"set4_10_14993_684_DCIS_Str3","set4_10_14993_684_DCIS_Str",4,0.146072135152296,7
"set4_10_14995_684_NL_Str3","set4_10_14995_684_NL_Str",1,0.135829727137102,7
"set4_10_14997_684_IBC_Str3","set4_10_14997_684_IBC_Str",5,0.170825321334983,7
"set4_10_14999_685_DCIS_Str3","set4_10_14999_685_DCIS_Str",4,0.135557784271126,7
"set4_10_15001_685_IBC_Str3","set4_10_15001_685_IBC_Str",4,0.122013515249185,7
"set4_10_15003_685_NL_Str3","set4_10_15003_685_NL_Str",1,0.120606869063363,7
"set4_10_15005_685_EN_Str3","set4_10_15005_685_EN_Str",6,0.125765193940174,7
"set4_10_15014_687_DCIS_1_Str3","set4_10_15014_687_DCIS_1_Str",4,0.152049001746666,7
"set4_10_15016_687_DCIS_2_Str3","set4_10_15016_687_DCIS_2_Str",4,0.211726869124046,7
"set4_10_15018_687_UDH_Str3","set4_10_15018_687_UDH_Str",3,0.127613280200501,7
"set4_10_15020_687_EN_Str3","set4_10_15020_687_EN_Str",1,0.146506466636323,7
"set4_10_15022_687_NL_Str3","set4_10_15022_687_NL_Str",6,0.145054983290869,7
"set4_10_15026_688_EN_1_Str3","set4_10_15026_688_EN_1_Str",4,0.123902326833023,7
"set4_10_14912_676_EN_Str3","set4_10_14912_676_EN_Str",1,0.17109838901687,7
"set4_10_14914_676_BBD_2_Str3","set4_10_14914_676_BBD_2_Str",1,0.140594725084828,7
"set4_10_14917_676_DCIS_1_Str3","set4_10_14917_676_DCIS_1_Str",4,0.131675041079241,7
"set4_10_14919_676_BBD_1_Str3","set4_10_14919_676_BBD_1_Str",6,0.118887390652391,7
"set4_10_14921_676_NL_Str3","set4_10_14921_676_NL_Str",1,0.176230568069822,7
"set4_10_15008_686_DCIS_Str3","set4_10_15008_686_DCIS_Str",4,0.157847988873825,7
"set4_10_15010_686_EN_Str3","set4_10_15010_686_EN_Str",6,0.133801171106942,7
"set4_10_15012_686_NL_Str3","set4_10_15012_686_NL_Str",6,0.182023128460491,7
"set4_10_15033_689_IBC_Str3","set4_10_15033_689_IBC_Str",5,0.221030446073066,7
"set4_10_15035_689_DCIS_1_Str3","set4_10_15035_689_DCIS_1_Str",4,0.169101146073043,7
"set4_10_15037_689_NL_Str3","set4_10_15037_689_NL_Str",1,0.167161170661107,7
"set4_10_15039_689_DCIS_2_Str3","set4_10_15039_689_DCIS_2_Str",4,0.135619059959016,7
"set4_10_15041_689_EN_1_Str3","set4_10_15041_689_EN_1_Str",1,0.127208878722022,7
"set4_10_15043_689_EN_2_Str3","set4_10_15043_689_EN_2_Str",6,0.121207762413269,7
"set4_10_15053_690_EN_2_Str3","set4_10_15053_690_EN_2_Str",1,0.142457556779005,7
"set4_10_15063_691_EN_2_Str3","set4_10_15063_691_EN_2_Str",3,0.136909523972503,7
"set4_10_14965_681_ADH_2_Str3","set4_10_14965_681_ADH_2_Str",6,0.16675776945911,7
"set4_10_15024_688_IBC_Str3","set4_10_15024_688_IBC_Str",4,0.214173892966169,7
"set4_10_15028_688_NL_Str3","set4_10_15028_688_NL_Str",1,0.164175346881437,7
"set4_10_15030_688_EN_4_Str3","set4_10_15030_688_EN_4_Str",1,0.163652589861673,7
"set4_10_15107_688_EN_5_Str3","set4_10_15107_688_EN_5_Str",3,0.160834430785174,7
"set4_10_15045_690_NL_Str3","set4_10_15045_690_NL_Str",1,0.119861805450066,7
"set4_10_15047_690_EN_1_Str3","set4_10_15047_690_EN_1_Str",6,0.114975567547368,7
"set4_10_15049_690_IBC_Str3","set4_10_15049_690_IBC_Str",5,0.177652841010767,7
"set4_10_15051_690_DCIS_Str3","set4_10_15051_690_DCIS_Str",4,0.136753021724969,7
"set4_10_15055_690_i_DCIS_Str3","set4_10_15055_690_i_DCIS_Str",4,0.198237354956703,7
"set4_10_15057_691_IBC_Str3","set4_10_15057_691_IBC_Str",5,0.203779631748782,7
"set4_10_15059_691_EN_1_Str3","set4_10_15059_691_EN_1_Str",1,0.117133132618335,7
"set4_10_15061_691_DCIS_Str3","set4_10_15061_691_DCIS_Str",3,0.147339038984629,7
"set4_10_15065_692_IBC_Str3","set4_10_15065_692_IBC_Str",5,0.156425410125827,7
"set4_10_15067_692_DCIS_Str3","set4_10_15067_692_DCIS_Str",4,0.183280760439578,7
"set4_10_15069_692_NL_Str3","set4_10_15069_692_NL_Str",4,0.150765322244486,7
"set4_10_15586_744_IBC_Str3","set4_10_15586_744_IBC_Str",5,0.173994251245455,7
"set4_10_15588_744_inF.NL_Str3","set4_10_15588_744_inF.NL_Str",4,0.16739213140768,7
"set4_10_15590_744_DCIS_Str3","set4_10_15590_744_DCIS_Str",5,0.114331354368784,7
"set4_10_15592_745_CCC_Str3","set4_10_15592_745_CCC_Str",1,0.108805987334444,7
"set4_10_15594_745_BBD_Str3","set4_10_15594_745_BBD_Str",6,0.134042037818809,7
"set4_10_15596_745_IP_Str3","set4_10_15596_745_IP_Str",4,0.119877759076633,7
"set4_10_15599_746_DCIS_Str3","set4_10_15599_746_DCIS_Str",4,0.194510297917219,7
"set4_10_15601_746_NL_Str3","set4_10_15601_746_NL_Str",4,0.146559479736025,7
"set4_10_15603_747_IBC_Str3","set4_10_15603_747_IBC_Str",5,0.177146780566775,7
"set4_10_15605_747_NL_Str3","set4_10_15605_747_NL_Str",6,0.144548456747509,7
"set4_10_15607_747_ADH_Str3","set4_10_15607_747_ADH_Str",1,0.166261446913056,7
"set4_10_15609_747_AM_Str3","set4_10_15609_747_AM_Str",3,0.16433897244154,7
"set4_10_15611_748_AM_Str3","set4_10_15611_748_AM_Str",6,0.168188622016004,7
"set4_10_15613_748_DCIS_Str3","set4_10_15613_748_DCIS_Str",4,0.144839618075671,7
"set4_10_15615_748_IBC_Str3","set4_10_15615_748_IBC_Str",5,0.181119976457918,7
"set4_10_15619_749_IBC_Str3","set4_10_15619_749_IBC_Str",5,0.179119700153541,7
"set4_10_15620_749_DCIS_Str3","set4_10_15620_749_DCIS_Str",5,0.131899036602687,7
"set4_10_15621_749_LVI_Str3","set4_10_15621_749_LVI_Str",7,0.144935425579616,7
"set4_10_15623_750_NL_Str3","set4_10_15623_750_NL_Str",1,0.133083058183846,7
"set4_10_15625_750_IBC_Str3","set4_10_15625_750_IBC_Str",5,0.185851223271754,7
"set4_10_15627_750_DCIS_Str3","set4_10_15627_750_DCIS_Str",5,0.161760690382401,7
"set4_10_15629_751_NL_Str3","set4_10_15629_751_NL_Str",1,0.146340074037721,7
"set4_10_15631_751_IBC_Str3","set4_10_15631_751_IBC_Str",5,0.18109854306618,7
"set4_10_15633_751_ADH_Str3","set4_10_15633_751_ADH_Str",1,0.173221429223799,7
"set4_10_15635_751_CCC_Str3","set4_10_15635_751_CCC_Str",1,0.158944079044079,7
"set4_10_15637_752_IBC_Str3","set4_10_15637_752_IBC_Str",4,0.151117986000117,7
"set4_10_15641_752_DCIS_Str3","set4_10_15641_752_DCIS_Str",6,0.131757468065232,7
"set4_10_15642_752_NL_Str3","set4_10_15642_752_NL_Str",1,0.130077209364051,7
"set4_10_15643_752_BBD_Str3","set4_10_15643_752_BBD_Str",1,0.127187475319298,7
"set4_10_15645_753_DCIS_Str3","set4_10_15645_753_DCIS_Str",5,0.140630545136234,7
"set4_10_15648_753_NL_Str3","set4_10_15648_753_NL_Str",1,0.162203122116602,7
"set4_10_15650_754_IBC_Str3","set4_10_15650_754_IBC_Str",5,0.193560214122607,7
"set4_10_15652_754_ADH_Str3","set4_10_15652_754_ADH_Str",5,0.123571740616242,7
"set4_10_15654_754_EN_1_Str3","set4_10_15654_754_EN_1_Str",1,0.10865113188766,7
"set4_10_15656_754_DCIS_Str3","set4_10_15656_754_DCIS_Str",5,0.143598271833701,7
"set4_10_15658_754_EN_2_Str3","set4_10_15658_754_EN_2_Str",5,0.118054436265981,7
"set4_10_15660_755_EN_Str3","set4_10_15660_755_EN_Str",1,0.151890993417534,7
"set4_10_15662_755_DCIS_inf_1_Str3","set4_10_15662_755_DCIS_inf_1_Str",4,0.182429945078811,7
"set4_10_15664_755_IBC_Str3","set4_10_15664_755_IBC_Str",4,0.184224920776373,7
"set4_10_15666_755_DCIS_inf_2_Str3","set4_10_15666_755_DCIS_inf_2_Str",4,0.162823069013958,7
"set4_10_15668_755_NL_Str3","set4_10_15668_755_NL_Str",1,0.139436811123583,7
"set4_10_15670_756_NL_Str3","set4_10_15670_756_NL_Str",6,0.112888386806478,7
"set4_10_15672_756_EN_1_Str3","set4_10_15672_756_EN_1_Str",1,0.169469002857583,7
"set4_10_15674_756_IBC_Str3","set4_10_15674_756_IBC_Str",4,0.160340727670182,7
"set4_10_15676_756_UDH_1_Str3","set4_10_15676_756_UDH_1_Str",1,0.110758974972443,7
"set4_10_15678_756_EN_2_Str3","set4_10_15678_756_EN_2_Str",1,0.179757108916708,7
"set4_10_15680_756_UDH_2_Str3","set4_10_15680_756_UDH_2_Str",7,0.194077410850783,7
"set4_10_15682_757_DCIS_Str3","set4_10_15682_757_DCIS_Str",7,0.116023646935446,7
"set4_10_15684_757_IBC_Str3","set4_10_15684_757_IBC_Str",7,0.126467717319182,7
"set4_10_15686_757_NL_Str3","set4_10_15686_757_NL_Str",1,0.15911335200264,7
"set4_10_15688_757_UDH_Str3","set4_10_15688_757_UDH_Str",1,0.175403547080811,7
"set4_10_15690_757_CCC_Str3","set4_10_15690_757_CCC_Str",1,0.178639618447141,7
"set4_10_15692_757_EN_Str3","set4_10_15692_757_EN_Str",1,0.16077338652615,7
"set4_10_15694_758_DCIS_1_Str3","set4_10_15694_758_DCIS_1_Str",4,0.114210179328207,7
"set4_10_15696_758_IBC_1_Str3","set4_10_15696_758_IBC_1_Str",4,0.152349599346012,7
"set4_10_15698_758_NL_Str3","set4_10_15698_758_NL_Str",1,0.123974245530539,7
"set4_10_15704_758_EN_Str3","set4_10_15704_758_EN_Str",1,0.13396119262553,7
"set4_10_15710_760_UDH_Str3","set4_10_15710_760_UDH_Str",7,0.150812832633561,7
"set4_10_15714_760_IBC_Str3","set4_10_15714_760_IBC_Str",4,0.168640531212106,7
"set4_10_15716_760_EN_1_Str3","set4_10_15716_760_EN_1_Str",3,0.112867070694833,7
"set4_10_15718_760_NL_Str3","set4_10_15718_760_NL_Str",7,0.146939960641083,7
"set4_10_15734_762_DCIS_2_Str3","set4_10_15734_762_DCIS_2_Str",4,0.155945659599044,7
"set4_10_15700_758_DCIS_2_Str3","set4_10_15700_758_DCIS_2_Str",1,0.110299137467222,7
"set4_10_15702_758_IBC_2_Str3","set4_10_15702_758_IBC_2_Str",5,0.13668630417374,7
"set4_10_15706_759_DCIS_Str3","set4_10_15706_759_DCIS_Str",7,0.11014413216616,7
"set4_10_15708_759_IBC_Str3","set4_10_15708_759_IBC_Str",5,0.142967947483494,7
"set4_10_15712_760_EN_2_Str3","set4_10_15712_760_EN_2_Str",7,0.152357507547105,7
"set4_10_15720_761_IBC_Str3","set4_10_15720_761_IBC_Str",4,0.148307120743841,7
"set4_10_15722_761_DCIS_Str3","set4_10_15722_761_DCIS_Str",4,0.133530887962205,7
"set4_10_15724_761_EN_1_Str3","set4_10_15724_761_EN_1_Str",6,0.1396270458723,7
"set4_10_15726_761_ADH_Str3","set4_10_15726_761_ADH_Str",1,0.148064048745131,7
"set4_10_15730_762_IBC_Str3","set4_10_15730_762_IBC_Str",5,0.139606836868039,7
"set4_10_15732_762_DCIS_1_Str3","set4_10_15732_762_DCIS_1_Str",5,0.121045938184688,7
"set4_10_15736_763_IBC_Str3","set4_10_15736_763_IBC_Str",7,0.174231088608258,7
"set4_10_15738_763_ADH_Str3","set4_10_15738_763_ADH_Str",7,0.176758347766555,7
"set4_10_15740_763_NL_1_Str3","set4_10_15740_763_NL_1_Str",7,0.168214184103366,7
"set4_10_15742_763_EN_Str3","set4_10_15742_763_EN_Str",7,0.147017009934644,7
"set4_10_15746_764_IBC_Str3","set4_10_15746_764_IBC_Str",4,0.153367862210029,7
"set4_10_15748_764_DCIS_1_Str3","set4_10_15748_764_DCIS_1_Str",4,0.159477939320056,7
"set4_10_15750_764_LVI_Str3","set4_10_15750_764_LVI_Str",4,0.119224619134939,7
"set4_10_15752_764_DCIS_2_Str3","set4_10_15752_764_DCIS_2_Str",4,0.143682362489074,7
"set4_10_15754_764_EN_Str3","set4_10_15754_764_EN_Str",1,0.15698456949958,7
"set4_10_15756_764_NL_Str3","set4_10_15756_764_NL_Str",1,0.156159263576938,7
"set4_10_15758_765_IBC_Str3","set4_10_15758_765_IBC_Str",3,0.176720694671166,7
"set4_10_15760_765_DCIS_Str3","set4_10_15760_765_DCIS_Str",3,0.158226645611002,7
"set4_10_15762_765_EN_1_Str3","set4_10_15762_765_EN_1_Str",6,0.225186149469358,7
"set4_10_15766_765_NL_Str3","set4_10_15766_765_NL_Str",6,0.179786212737592,7
"set4_10_15768_766_NL_Str3","set4_10_15768_766_NL_Str",1,0.163055124820895,7
"set4_10_15770_766_inf_NL_Str3","set4_10_15770_766_inf_NL_Str",4,0.172856252441763,7
"set4_10_15772_766_IBC_Str3","set4_10_15772_766_IBC_Str",4,0.158591173730082,7
"set4_10_15774_766_AM_Str3","set4_10_15774_766_AM_Str",3,0.185760681817781,7
"set4_10_15776_766_EN_Str3","set4_10_15776_766_EN_Str",1,0.140738766689616,7
"set4_10_15778_767_IBC_Str3","set4_10_15778_767_IBC_Str",5,0.165184983335145,7
"set4_10_15780_767_DCIS_Str3","set4_10_15780_767_DCIS_Str",5,0.118427082482101,7
"set4_10_15782_767_AM_2_Str3","set4_10_15782_767_AM_2_Str",6,0.140165453268971,7
"set4_10_15784_767_ADH_Str3","set4_10_15784_767_ADH_Str",6,0.148319278167333,7
"set4_10_15788_767_NL_Str3","set4_10_15788_767_NL_Str",6,0.162202222086482,7
"set4_10_15790_768_IBC_Str3","set4_10_15790_768_IBC_Str",4,0.209903099275982,7
"set4_10_15792_768_NL_Str3","set4_10_15792_768_NL_Str",1,0.157691650930592,7
"set4_10_15796_768_EN_2_Str3","set4_10_15796_768_EN_2_Str",1,0.163106510131871,7
"set4_10_15798_768_EN_3_Str3","set4_10_15798_768_EN_3_Str",1,0.156831326794229,7
"set4_10_15800_769_IBC_Str3","set4_10_15800_769_IBC_Str",4,0.168901750597213,7
"set4_10_15802_769_DCIS_1_Str3","set4_10_15802_769_DCIS_1_Str",4,0.164554235584824,7
"set4_10_15806_769_EN_1_Str3","set4_10_15806_769_EN_1_Str",1,0.152654157752856,7
"set4_10_15810_769_NL_Str3","set4_10_15810_769_NL_Str",6,0.144880396678423,7
"set4_10_15812_769_EN_4_Str3","set4_10_15812_769_EN_4_Str",1,0.163110257845095,7
"set4_10_15818_769_AM_Str3","set4_10_15818_769_AM_Str",3,0.319714373943625,7
"set4_10_15786_767_AM_1_Str3","set4_10_15786_767_AM_1_Str",6,0.161286989564306,7
"set4_10_15794_768_EN_1_Str3","set4_10_15794_768_EN_1_Str",1,0.126067006867967,7
"set4_10_15804_769_DCIS_2_Str3","set4_10_15804_769_DCIS_2_Str",4,0.180103923264098,7
"set4_10_15808_769_EN_3_Str3","set4_10_15808_769_EN_3_Str",1,0.130697165852822,7
"set4_10_15816_769_EN_6_Str3","set4_10_15816_769_EN_6_Str",1,0.18032921397931,7
"set4_10_15820_770_DCIS_Str3","set4_10_15820_770_DCIS_Str",4,0.165931656710931,7
"set4_10_15822_770_IBC_Str3","set4_10_15822_770_IBC_Str",5,0.171617852997444,7
"set4_10_15824_770_EN_1_Str3","set4_10_15824_770_EN_1_Str",1,0.15345888376207,7
"set4_10_15826_770_NL_Str3","set4_10_15826_770_NL_Str",1,0.131402859945047,7
"set4_10_15830_771_EN_4_Str3","set4_10_15830_771_EN_4_Str",1,0.174415367574902,7
"set4_10_15836_771_DCIS_3_Str3","set4_10_15836_771_DCIS_3_Str",4,0.120439776069906,7
"set4_10_15832_771_NL_Str3","set4_10_15832_771_NL_Str",6,0.154497404957722,7
"set4_10_15834_771_EN_2_Str3","set4_10_15834_771_EN_2_Str",6,0.167234947104464,7
"set4_10_15840_771_DCIS_1_Str3","set4_10_15840_771_DCIS_1_Str",5,0.149577417222662,7
"set4_10_15844_771_IBC_Str3","set4_10_15844_771_IBC_Str",5,0.153260444524423,7
"set4_10_15728_761_EN_2_Str3","set4_10_15728_761_EN_2_Str",3,0.158995012251838,7
"set4_10_15744_763_NL_2_Str3","set4_10_15744_763_NL_2_Str",6,0.141839002649449,7
"set4_10_15764_765_EN_2_Str3","set4_10_15764_765_EN_2_Str",6,0.164407666931884,7
"set4_10_15814_769_EN_5_Str3","set4_10_15814_769_EN_5_Str",1,0.190220867265045,7
"set4_10_15828_771_EN_3_Str3","set4_10_15828_771_EN_3_Str",3,0.136355972880214,7
"set4_10_15838_771_EN_1_Str3","set4_10_15838_771_EN_1_Str",7,0.123810097638004,7
"set4_10_15842_771_DCIS_2_Str3","set4_10_15842_771_DCIS_2_Str",4,0.151844110608286,7
"set4_10_15846_772_IBC_Str3","set4_10_15846_772_IBC_Str",5,0.126281155368706,7
"set4_10_15848_772_DCIS_1_Str3","set4_10_15848_772_DCIS_1_Str",7,0.115436657355822,7
"set4_10_15850_772_DCIS_2_Str3","set4_10_15850_772_DCIS_2_Str",1,0.116872573357604,7
"set4_10_15852_772_EN_1_Str3","set4_10_15852_772_EN_1_Str",1,0.152359337792412,7
"set4_10_15854_772_EN_2_Str3","set4_10_15854_772_EN_2_Str",1,0.154944046645447,7
"set4_10_15856_772_EN_3_Str3","set4_10_15856_772_EN_3_Str",1,0.130007775228862,7
"set4_10_15858_772_EN_4_Str3","set4_10_15858_772_EN_4_Str",7,0.157459503713995,7
"set4_10_15860_772_NL_Str3","set4_10_15860_772_NL_Str",1,0.143179374782348,7
"set1_3_11771_354_EN_S_S2_R1_0014","set1_3_11771_354_EN_S_S2_R1_001",7,0.117479184563674,8
"set1_3_11773_354_IDC_S_S4_R1_0014","set1_3_11773_354_IDC_S_S4_R1_001",3,0.116247940617238,8
"set1_3_11775_354_RS1_S_center_S6_R1_0014","set1_3_11775_354_RS1_S_center_S6_R1_001",7,0.124179552075393,8
"set1_3_11777_354_RS1_S_peripheral_S8_R1_0014","set1_3_11777_354_RS1_S_peripheral_S8_R1_001",7,0.135268138985295,8
"set1_3_11779_354_RS2_S_center_S10_R1_0014","set1_3_11779_354_RS2_S_center_S10_R1_001",7,0.121451412898292,8
"set1_3_11781_354_RS2_S_peripheral_S12_R1_0014","set1_3_11781_354_RS2_S_peripheral_S12_R1_001",7,0.13426035212312,8
"set1_3_11783_354_NL_S_S14_R1_0014","set1_3_11783_354_NL_S_S14_R1_001",7,0.121481593609758,8
"set1_3_11785_355_RS1_S_center_S16_R1_0014","set1_3_11785_355_RS1_S_center_S16_R1_001",3,0.138450530510938,8
"set1_3_11787_355_RS1_S_peripheral_S18_R1_0014","set1_3_11787_355_RS1_S_peripheral_S18_R1_001",7,0.145474274020941,8
"set1_3_11790_355_RS2_S_center_S21_R1_0014","set1_3_11790_355_RS2_S_center_S21_R1_001",7,0.118380520990029,8
"set1_3_11792_355_RS2_S_peripheral_S23_R1_0014","set1_3_11792_355_RS2_S_peripheral_S23_R1_001",7,0.12370601755512,8
"set1_3_11795_355_NL_S_S26_R1_0014","set1_3_11795_355_NL_S_S26_R1_001",5,0.14827791617153,8
"set1_3_11797_355_RS3_S_center_S28_R1_0014","set1_3_11797_355_RS3_S_center_S28_R1_001",7,0.128686775773037,8
"set1_3_11799_355_RS3_S_peripheral_S30_R1_0014","set1_3_11799_355_RS3_S_peripheral_S30_R1_001",7,0.129117458354905,8
"set1_3_11803_356_RS1_S_center_S33_R1_0014","set1_3_11803_356_RS1_S_center_S33_R1_001",7,0.114487663336101,8
"set1_3_11805_356_RS1_S_peripheral_S35_R1_0014","set1_3_11805_356_RS1_S_peripheral_S35_R1_001",7,0.141849376854731,8
"set1_3_11807_357_NL_S_S41_R1_0014","set1_3_11807_357_NL_S_S41_R1_001",7,0.121841051456881,8
"set1_3_11809_357_RS1_S_center_S33_R1_0014","set1_3_11809_357_RS1_S_center_S33_R1_001",7,0.132612357903446,8
"set1_3_11811_357_RS1_S_peripheral_S42_R1_0014","set1_3_11811_357_RS1_S_peripheral_S42_R1_001",7,0.123846958360809,8
"set1_3_11814_358_NL_S_S37_R1_0014","set1_3_11814_358_NL_S_S37_R1_001",7,0.150738883528527,8
"set1_3_11816_358_EN_S_S39_R1_0014","set1_3_11816_358_EN_S_S39_R1_001",7,0.120445935326279,8
"set1_3_11818_358_RS1_S_center_S41_R1_0014","set1_3_11818_358_RS1_S_center_S41_R1_001",7,0.118553374111582,8
"set1_3_11820_358_RS1_S_peripheral_S43_R1_0014","set1_3_11820_358_RS1_S_peripheral_S43_R1_001",7,0.126328280348158,8
"set1_3_11822_358_IBC_S_S45_R1_0014","set1_3_11822_358_IBC_S_S45_R1_001",4,0.116304876499719,8
"set1_3_11824_358_RS2_S_center_S47_R1_0014","set1_3_11824_358_RS2_S_center_S47_R1_001",7,0.127044309143348,8
"set1_3_11826_358_RS2_S_peripheral_S49_R1_0014","set1_3_11826_358_RS2_S_peripheral_S49_R1_001",7,0.138057599756842,8
"set1_3_11828_359_RS1_S_center_S51_R1_0014","set1_3_11828_359_RS1_S_center_S51_R1_001",7,0.118240729395414,8
"set1_3_11830_359_RS1_S_peripheral_S53_R1_0014","set1_3_11830_359_RS1_S_peripheral_S53_R1_001",6,0.147940580258459,8
"set1_3_11834_359_RS2_S_center_S56_R1_0014","set1_3_11834_359_RS2_S_center_S56_R1_001",3,0.131048297067732,8
"set1_3_11836_359_RS2_S_peripheral_S58_R1_0014","set1_3_11836_359_RS2_S_peripheral_S58_R1_001",7,0.11484561032096,8
"set1_3_11839_360_RS1_S_center_S43_R1_0014","set1_3_11839_360_RS1_S_center_S43_R1_001",7,0.130021438089556,8
"set1_3_11841_360_RS1_S_peripheral_S36_R1_0014","set1_3_11841_360_RS1_S_peripheral_S36_R1_001",7,0.140440764445313,8
"set1_3_11843_360_NL_S_S53_R1_0014","set1_3_11843_360_NL_S_S53_R1_001",7,0.135543038730401,8
"set1_3_11845_361_RS1_S_center_S31_R1_0014","set1_3_11845_361_RS1_S_center_S31_R1_001",7,0.123876405571416,8
"set1_3_11847_361_RS1_S_peripheral_S35_R1_0014","set1_3_11847_361_RS1_S_peripheral_S35_R1_001",7,0.136072610755279,8
"set1_3_11849_361_RS2_S_center_S20_R1_0014","set1_3_11849_361_RS2_S_center_S20_R1_001",7,0.122642607365212,8
"set1_3_11851_361_RS2_S_peripheral_S45_R1_0014","set1_3_11851_361_RS2_S_peripheral_S45_R1_001",7,0.113083775983914,8
"set1_3_11853_361_RS4_S_center_S29_R1_0014","set1_3_11853_361_RS4_S_center_S29_R1_001",7,0.129197583403882,8
"set1_3_11855_361_RS4_S_peripheral_S25_R1_0014","set1_3_11855_361_RS4_S_peripheral_S25_R1_001",7,0.111925431254773,8
"set1_3_11857_361_RS3_S_center_S26_R1_0014","set1_3_11857_361_RS3_S_center_S26_R1_001",7,0.127014534039523,8
"set1_3_11859_361_RS3_S_peripheral_S54_R1_0014","set1_3_11859_361_RS3_S_peripheral_S54_R1_001",7,0.116748194004063,8
"set1_3_11863_362_RS1_S_center_S28_R1_0014","set1_3_11863_362_RS1_S_center_S28_R1_001",7,0.11749828428806,8
"set1_3_11865_362_RS1_S_peripheral_S40_R1_0014","set1_3_11865_362_RS1_S_peripheral_S40_R1_001",7,0.10626764455808,8
"set1_3_11868_363_RS1_S_center_S27_R1_0014","set1_3_11868_363_RS1_S_center_S27_R1_001",7,0.124364810798414,8
"set1_3_11870_363_RS1_S_peripheral_S46_R1_0014","set1_3_11870_363_RS1_S_peripheral_S46_R1_001",7,0.117998858840231,8
"set1_3_11872_363_NL_S_S57_R1_0014","set1_3_11872_363_NL_S_S57_R1_001",7,0.124116836949093,8
"set1_3_11875_364_RS1_S_center_S52_R1_0014","set1_3_11875_364_RS1_S_center_S52_R1_001",7,0.106652412607533,8
"set1_3_11877_364_RS1_S_peripheral_S56_R1_0014","set1_3_11877_364_RS1_S_peripheral_S56_R1_001",7,0.12789064988733,8
"set1_3_11881_364_RS2_S_center_S37_R1_0014","set1_3_11881_364_RS2_S_center_S37_R1_001",3,0.110113559731554,8
"set1_3_13814_552_IBC_Str_14","set1_3_13814_552_IBC_Str_1",3,0.134292747619014,8
"set1_3_13829_551_DCIS_Str4","set1_3_13829_551_DCIS_Str",1,0.12800560775611,8
"set1_3_13831_550_ADH_Str_14","set1_3_13831_550_ADH_Str_1",6,0.124524498722966,8
"set1_3_13837_550_DCIS_Str_14","set1_3_13837_550_DCIS_Str_1",1,0.114170901822798,8
"set1_3_13841_549_DCIS_Str4","set1_3_13841_549_DCIS_Str",3,0.140405078967584,8
"set1_3_13843_549_IBC_Str4","set1_3_13843_549_IBC_Str",3,0.117480332088164,8
"set1_3_13845_549_IN_Str4","set1_3_13845_549_IN_Str",1,0.130145698872108,8
"set1_3_13849_550_DCIS_Str_24","set1_3_13849_550_DCIS_Str_2",1,0.135459673666756,8
"set1_3_13855_549_NL_Str4","set1_3_13855_549_NL_Str",7,0.108882315708442,8
"set1_3_13859_548_DCIS_Str4","set1_3_13859_548_DCIS_Str",1,0.132808989052889,8
"set1_3_13861_548_IBC_Str4","set1_3_13861_548_IBC_Str",1,0.153392338016763,8
"set1_3_13863_547_NL_Str4","set1_3_13863_547_NL_Str",7,0.144937957287273,8
"set1_3_13865_547_CCC_Str_14","set1_3_13865_547_CCC_Str_1",1,0.153310507237831,8
"set1_3_13867_547_CCH_Str_14","set1_3_13867_547_CCH_Str_1",5,0.144480981480972,8
"set1_3_13869_547_IBC_Str_14","set1_3_13869_547_IBC_Str_1",3,0.165538390571479,8
"set1_3_13871_547_DCIS_Str4","set1_3_13871_547_DCIS_Str",3,0.152468552622521,8
"set1_3_13873_547_CCC_Str_24","set1_3_13873_547_CCC_Str_2",5,0.120487846027778,8
"set1_3_13877_547_CCC_Str_34","set1_3_13877_547_CCC_Str_3",3,0.123339300741102,8
"set1_3_13879_547_IBC_Str_24","set1_3_13879_547_IBC_Str_2",3,0.175663215898242,8
"set1_3_13881_547_NL_Str4","set1_3_13881_547_NL_Str",7,0.122914555045581,8
"set1_3_13883_546_NL_Str4","set1_3_13883_546_NL_Str",7,0.122003022283601,8
"set1_3_13885_546_ALH_Str4","set1_3_13885_546_ALH_Str",7,0.142021395460105,8
"set1_3_13887_546_IBC_Str4","set1_3_13887_546_IBC_Str",1,0.172927874200888,8
"set1_3_13889_546_LIN_Str4","set1_3_13889_546_LIN_Str",1,0.133105279401828,8
"set1_3_13891_546_CCH_Str4","set1_3_13891_546_CCH_Str",1,0.133605439574587,8
"set1_3_13893_546_HIN_Str4","set1_3_13893_546_HIN_Str",1,0.171691102821436,8
"set1_3_13895_546_MIN_Str4","set1_3_13895_546_MIN_Str",1,0.167058687521285,8
"set1_3_13897_545_CCC_Str_14","set1_3_13897_545_CCC_Str_1",1,0.147837494861121,8
"set1_3_13899_545_ADH_Str4","set1_3_13899_545_ADH_Str",1,0.139162352899591,8
"set1_3_13901_545_UDH_Str_14","set1_3_13901_545_UDH_Str_1",4,0.131942084823248,8
"set1_3_13903_545_AM_Str_14","set1_3_13903_545_AM_Str_1",1,0.149431634648302,8
"set1_3_13905_545_IBC_Str4","set1_3_13905_545_IBC_Str",4,0.135419994440042,8
"set1_3_13907_545_DCIS_Str_14","set1_3_13907_545_DCIS_Str_1",4,0.137653031139363,8
"set1_3_13909_545_CCC_Str_24","set1_3_13909_545_CCC_Str_2",4,0.132076378046321,8
"set1_3_13917_545_DCIS_Str_24","set1_3_13917_545_DCIS_Str_2",4,0.250412894047042,8
"set1_3_13925_544_DCIS_Str_14","set1_3_13925_544_DCIS_Str_1",4,0.109653026864625,8
"set1_3_13927_544_DCIS_Str_24","set1_3_13927_544_DCIS_Str_2",1,0.164925447330531,8
"set1_3_13929_544_IBC_Str4","set1_3_13929_544_IBC_Str",1,0.144246481074802,8
"set1_3_13931_544_DCIS_Str_34","set1_3_13931_544_DCIS_Str_3",1,0.15376766673972,8
"set1_3_13939_568_NL_Str4","set1_3_13939_568_NL_Str",7,0.11816791357678,8
"set1_3_13941_568_IBC_Str4","set1_3_13941_568_IBC_Str",1,0.136017835729733,8
"set1_3_13943_568_DCIS_Str4","set1_3_13943_568_DCIS_Str",1,0.108667107694332,8
"set1_3_13947_570_CCC_Str_14","set1_3_13947_570_CCC_Str_1",5,0.125753819980034,8
"set1_3_13949_570_IBC_Str4","set1_3_13949_570_IBC_Str",1,0.134956162684659,8
"set1_3_13951_570_DCIS_Str4","set1_3_13951_570_DCIS_Str",5,0.119174718853779,8
"set1_3_13953_570_ADH_Str_14","set1_3_13953_570_ADH_Str_1",5,0.104515454742396,8
"set1_3_13955_570_NL_Str4","set1_3_13955_570_NL_Str",7,0.116909035712299,8
"set1_3_13957_570_CCC_Str_24","set1_3_13957_570_CCC_Str_2",1,0.111217536008836,8
"set1_3_13959_570_CCH_Str4","set1_3_13959_570_CCH_Str",5,0.109032873916487,8
"set1_3_13961_570_ADH_Str_24","set1_3_13961_570_ADH_Str_2",4,0.113680176806767,8
"set1_3_13963_569_IBC_Str4","set1_3_13963_569_IBC_Str",1,0.115566986911379,8
"set1_3_13965_567_EN_Str4","set1_3_13965_567_EN_Str",5,0.145217543862795,8
"set1_3_13969_567_DCIS_Str4","set1_3_13969_567_DCIS_Str",1,0.145188450318842,8
"set1_3_13971_567_IBC_Str4","set1_3_13971_567_IBC_Str",1,0.130510405648687,8
"set1_3_13977_565_EN_Str4","set1_3_13977_565_EN_Str",5,0.143941706879557,8
"set1_3_13983_561_DCIS_Str4","set1_3_13983_561_DCIS_Str",1,0.121262898581818,8
"set1_3_13985_561_IBC_Str4","set1_3_13985_561_IBC_Str",3,0.169735996988021,8
"set1_3_13988_562_DCIS_Str_14","set1_3_13988_562_DCIS_Str_1",1,0.122342672612874,8
"set1_3_13992_562_DCIS_Str_24","set1_3_13992_562_DCIS_Str_2",1,0.122375441101842,8
"set1_3_13994_562_NL_Str_24","set1_3_13994_562_NL_Str_2",7,0.133007128544803,8
"set1_3_13996_563_NL_Str4","set1_3_13996_563_NL_Str",1,0.153890660914153,8
"set1_3_13998_563_IBC_Str4","set1_3_13998_563_IBC_Str",1,0.162180727281273,8
"set1_3_14002_553_DCIS_Str4","set1_3_14002_553_DCIS_Str",3,0.119548038853844,8
"set1_3_14004_553_IBC_Str4","set1_3_14004_553_IBC_Str",3,0.151000913805262,8
"set1_3_14008_553_EN_Str4","set1_3_14008_553_EN_Str",5,0.148122173119021,8
"set1_3_14013_560_CCC_Str4","set1_3_14013_560_CCC_Str",5,0.133291777098207,8
"set1_3_14015_560_AM_Str4","set1_3_14015_560_AM_Str",5,0.129967581080474,8
"set1_3_14017_560_NL_Str_14","set1_3_14017_560_NL_Str_1",4,0.139483467302769,8
"set1_3_14019_560_NL_Str_24","set1_3_14019_560_NL_Str_2",7,0.127363577600142,8
"set1_3_14021_560_IBC_Str_14","set1_3_14021_560_IBC_Str_1",1,0.161617270501945,8
"set1_3_14023_560_SA_Str4","set1_3_14023_560_SA_Str",7,0.123378095994266,8
"set1_3_14026_560_IBC_Str_24","set1_3_14026_560_IBC_Str_2",1,0.114400291629526,8
"set1_3_14035_572_IBC_Str4","set1_3_14035_572_IBC_Str",1,0.160908355103467,8
"set1_3_14037_571_NL_Str4","set1_3_14037_571_NL_Str",6,0.126921858794935,8
"set1_3_14039_571_EN_Str4","set1_3_14039_571_EN_Str",1,0.163215859487719,8
"set1_3_14041_571_DCISw_Str4","set1_3_14041_571_DCISw_Str",1,0.164835286730294,8
"set1_3_14043_571_DCIS_Str4","set1_3_14043_571_DCIS_Str",1,0.119077423345568,8
"set1_3_14045_571_IBC_Str_14","set1_3_14045_571_IBC_Str_1",1,0.164361636829543,8
"set1_3_14047_571_IBC_Str_24","set1_3_14047_571_IBC_Str_2",1,0.134116117069758,8
"set1_3_14049_566_IBC_Str4","set1_3_14049_566_IBC_Str",1,0.139367690404873,8
"set1_3_14051_566_DCIS_Str4","set1_3_14051_566_DCIS_Str",1,0.184272690837532,8
"set1_3_14053_566_UDH_Str4","set1_3_14053_566_UDH_Str",1,0.123484416897783,8
"set1_3_14063_564_DCIS_Str4","set1_3_14063_564_DCIS_Str",1,0.164112341821867,8
"set1_3_14065_564_HP_Str4","set1_3_14065_564_HP_Str",1,0.128119961185563,8
"set1_3_14067_564_NL_Str4","set1_3_14067_564_NL_Str",6,0.152443150868563,8
"set1_3_14069_564_IBC_Str4","set1_3_14069_564_IBC_Str",1,0.13616341172204,8
"set1_3_14071_559_DCIS_Str4","set1_3_14071_559_DCIS_Str",1,0.14641167540628,8
"set1_3_14073_559_IBC_Str4","set1_3_14073_559_IBC_Str",1,0.119947144437752,8
"set1_3_14075_559_CCH_Str4","set1_3_14075_559_CCH_Str",5,0.138924737152132,8
"set1_3_14081_558_IBC_Str4","set1_3_14081_558_IBC_Str",3,0.146059066051914,8
"set1_3_14085_558_DCIS_Str_14","set1_3_14085_558_DCIS_Str_1",1,0.139673298850409,8
"set1_3_14093_557_IBC_Str4","set1_3_14093_557_IBC_Str",1,0.131346048290895,8
"set1_3_14095_557_DCIS_Str4","set1_3_14095_557_DCIS_Str",1,0.120473102809345,8
"set1_3_14097_556_IBC_Str_14","set1_3_14097_556_IBC_Str_1",1,0.114124778416135,8
"set1_3_14099_556_ADH_Str_14","set1_3_14099_556_ADH_Str_1",7,0.127933697278552,8
"set1_3_14101_556_ADH_Str_24","set1_3_14101_556_ADH_Str_2",7,0.133952623402927,8
"set1_3_14105_556_IBC_Str_24","set1_3_14105_556_IBC_Str_2",3,0.114593039169118,8
"set1_3_14111_555_IN_Str4","set1_3_14111_555_IN_Str",1,0.151428689621843,8
"set1_3_14113_555_iIBC_Str4","set1_3_14113_555_iIBC_Str",1,0.157431930693047,8
"set1_3_14115_555_IBC_Str4","set1_3_14115_555_IBC_Str",1,0.140081873775563,8
"set4_10_14732_656_IBC_Str4","set4_10_14732_656_IBC_Str",3,0.142368320655807,8
"set4_10_14734_656_BBD_Str4","set4_10_14734_656_BBD_Str",5,0.18685437328229,8
"set4_10_14736_656_NL_Str4","set4_10_14736_656_NL_Str",5,0.120721798960627,8
"set4_10_14738_657_CCC_Str4","set4_10_14738_657_CCC_Str",6,0.118337517407148,8
"set4_10_14740_657_NL_Str4","set4_10_14740_657_NL_Str",6,0.104732053214212,8
"set4_10_14742_657_DCIS_Str4","set4_10_14742_657_DCIS_Str",3,0.138369430490604,8
"set4_10_14743_657_IBC_Str4","set4_10_14743_657_IBC_Str",3,0.158365730096417,8
"set4_10_14748_658_DCIS_Str4","set4_10_14748_658_DCIS_Str",1,0.124790124933691,8
"set4_10_14749_658_IBC_Str4","set4_10_14749_658_IBC_Str",2,0.162899657151338,8
"set4_10_14750_658_NL_Str4","set4_10_14750_658_NL_Str",6,0.115397206628645,8
"set4_10_14753_659_DCIS_Str4","set4_10_14753_659_DCIS_Str",5,0.118426811815191,8
"set4_10_14754_659_IBC_Str4","set4_10_14754_659_IBC_Str",2,0.112420703494927,8
"set4_10_14756_659_DCIS_Str4","set4_10_14756_659_DCIS_Str",5,0.135791572112376,8
"set4_10_14758_659_NL_Str4","set4_10_14758_659_NL_Str",6,0.0975590093341321,8
"set4_10_14792_663_DCIS_Str4","set4_10_14792_663_DCIS_Str",6,0.107837842003224,8
"set4_10_14794_663_IBC_Str4","set4_10_14794_663_IBC_Str",3,0.118593128110111,8
"set4_10_14796_663_NL_Str4","set4_10_14796_663_NL_Str",6,0.126616229371544,8
"set4_10_14760_660_IBC_Str4","set4_10_14760_660_IBC_Str",2,0.128407446613896,8
"set4_10_14762_660_DCIS_Str4","set4_10_14762_660_DCIS_Str",1,0.105598641921968,8
"set4_10_14764_660_NL_Str4","set4_10_14764_660_NL_Str",8,0.10281528427735,8
"set4_10_14766_660_LVI_Str4","set4_10_14766_660_LVI_Str",1,0.103796630589636,8
"set4_10_14768_661_IBC_Str4","set4_10_14768_661_IBC_Str",2,0.126072607984281,8
"set4_10_14770_661_AM_Str4","set4_10_14770_661_AM_Str",4,0.222628368766442,8
"set4_10_14772_661_ADH_Str4","set4_10_14772_661_ADH_Str",5,0.142888284360512,8
"set4_10_14774_661_DCIS_Str4","set4_10_14774_661_DCIS_Str",5,0.107425103247541,8
"set4_10_14776_661_ADH_Str4","set4_10_14776_661_ADH_Str",5,0.110836454568164,8
"set4_10_14778_661_NL_Str4","set4_10_14778_661_NL_Str",5,0.146930376676303,8
"set4_10_14780_662_DCIS.1_Str4","set4_10_14780_662_DCIS.1_Str",3,0.152027030643948,8
"set4_10_14782_662_MIV.1_Str4","set4_10_14782_662_MIV.1_Str",2,0.148535584884936,8
"set4_10_14784_662_DCIS.2_Str4","set4_10_14784_662_DCIS.2_Str",2,0.146001374258658,8
"set4_10_14786_662_MIV.2_Str4","set4_10_14786_662_MIV.2_Str",2,0.139807817550914,8
"set4_10_14788_662_DCIS.3_Str4","set4_10_14788_662_DCIS.3_Str",3,0.159241792845558,8
"set4_10_14790_662_IBC_Str4","set4_10_14790_662_IBC_Str",3,0.159150614136219,8
"set4_10_14910_676_DCIS.2_Str4","set4_10_14910_676_DCIS.2_Str",4,0.140302861652491,8
"set4_10_14799_664_BBD_Str4","set4_10_14799_664_BBD_Str",5,0.122008155405176,8
"set4_10_14801_664_IBC_Str4","set4_10_14801_664_IBC_Str",2,0.132137933865367,8
"set4_10_14803_664_ADH_Str4","set4_10_14803_664_ADH_Str",5,0.139801467866112,8
"set4_10_14806_665_IBC_Str4","set4_10_14806_665_IBC_Str",3,0.167511219732849,8
"set4_10_14808_665_inf_NL_Str4","set4_10_14808_665_inf_NL_Str",1,0.144534281792852,8
"set4_10_14860_665_DCIS_Str4","set4_10_14860_665_DCIS_Str",2,0.109763284107667,8
"set4_10_14811_665_NL_Str4","set4_10_14811_665_NL_Str",5,0.124149122029952,8
"set4_10_14814_666_DCIS_Str4","set4_10_14814_666_DCIS_Str",2,0.109551854874413,8
"set4_10_14815_666_IBC_Str4","set4_10_14815_666_IBC_Str",3,0.15777148397255,8
"set4_10_14817_666_NL_Str4","set4_10_14817_666_NL_Str",6,0.111576558960843,8
"set4_10_14819_666_BBD_Str4","set4_10_14819_666_BBD_Str",5,0.117883443058631,8
"set4_10_14854_671_UDH_Str4","set4_10_14854_671_UDH_Str",5,0.112187693529595,8
"set4_10_14858_671_IBC_Str4","set4_10_14858_671_IBC_Str",3,0.143005340215431,8
"set4_10_14859_671_DCIS_Str4","set4_10_14859_671_DCIS_Str",3,0.134938022650346,8
"set4_10_14861_671_AM_Str4","set4_10_14861_671_AM_Str",4,0.155907359083194,8
"set4_10_14863_671_CCC_Str4","set4_10_14863_671_CCC_Str",2,0.119832507133729,8
"set4_10_14823_667_IBC_Str4","set4_10_14823_667_IBC_Str",2,0.154810587664614,8
"set4_10_14824_667_DCIS_Str4","set4_10_14824_667_DCIS_Str",6,0.119784876075278,8
"set4_10_14825_667_NL_Str4","set4_10_14825_667_NL_Str",6,0.137878897955984,8
"set4_10_14827_668_IBC_Str4","set4_10_14827_668_IBC_Str",3,0.152243056966936,8
"set4_10_14831_668_DCIS_Str4","set4_10_14831_668_DCIS_Str",8,0.112031042405266,8
"set4_10_14832_668_NL_Str4","set4_10_14832_668_NL_Str",2,0.130670961409312,8
"set4_10_14835_669_IBC_Str4","set4_10_14835_669_IBC_Str",3,0.176891332367263,8
"set4_10_14836_669_NL_Str4","set4_10_14836_669_NL_Str",6,0.186127456524291,8
"set4_10_14838_669_DCIS_Str4","set4_10_14838_669_DCIS_Str",6,0.136837430874928,8
"set4_10_14841_670_EN_Str4","set4_10_14841_670_EN_Str",5,0.11387456558108,8
"set4_10_14842_670_DCIS_Str4","set4_10_14842_670_DCIS_Str",4,0.21030067725873,8
"set4_10_14845_670_DCIS_Str4","set4_10_14845_670_DCIS_Str",2,0.124189729119653,8
"set4_10_14846_670_IBC_Str4","set4_10_14846_670_IBC_Str",4,0.259886378428976,8
"set4_10_14850_670_BBD_Str4","set4_10_14850_670_BBD_Str",8,0.110176363653123,8
"set4_10_14851_670_CCC_Str4","set4_10_14851_670_CCC_Str",5,0.118539858056914,8
"set4_10_14852_670_AM_Str4","set4_10_14852_670_AM_Str",5,0.114988064969703,8
"set4_10_14865_672_inf_NL_Str_S2_R1_0014","set4_10_14865_672_inf_NL_Str_S2_R1_001",5,0.144678645557133,8
"set4_10_14867_672_IBC_Str_1_S4_R1_0014","set4_10_14867_672_IBC_Str_1_S4_R1_001",3,0.16197964607176,8
"set4_10_14871_672_DCIS_Str_S8_R1_0014","set4_10_14871_672_DCIS_Str_S8_R1_001",2,0.111424161060415,8
"set4_10_14872_672_CaLob_Str_S9_R1_0014","set4_10_14872_672_CaLob_Str_S9_R1_001",2,0.123749786468603,8
"set4_10_14874_672_NL_Str_S11_R1_0014","set4_10_14874_672_NL_Str_S11_R1_001",5,0.13686777930188,8
"set4_10_14877_672_CCC_Str_S14_R1_0014","set4_10_14877_672_CCC_Str_S14_R1_001",5,0.131456206104908,8
"set4_10_14879_673_IBC_Str_S16_R1_0014","set4_10_14879_673_IBC_Str_S16_R1_001",3,0.173711338481475,8
"set4_10_14881_673_DCIS_Str_S18_R1_0014","set4_10_14881_673_DCIS_Str_S18_R1_001",2,0.163901306504304,8
"set4_10_14883_673_NL_Str_S20_R1_0014","set4_10_14883_673_NL_Str_S20_R1_001",8,0.120212472987818,8
"set4_10_14885_673_AM_Str_S22_R1_0014","set4_10_14885_673_AM_Str_S22_R1_001",4,0.133373436748678,8
"set4_10_14887_673_CCC_Str_S24_R1_0014","set4_10_14887_673_CCC_Str_S24_R1_001",5,0.156073695833353,8
"set4_10_14889_673_EN_Str_S26_R1_0014","set4_10_14889_673_EN_Str_S26_R1_001",8,0.132449666063559,8
"set4_10_14891_674_DCIS_Str_S28_R1_0014","set4_10_14891_674_DCIS_Str_S28_R1_001",3,0.117130671766036,8
"set4_10_14893_674_IBC_Str_S30_R1_0014","set4_10_14893_674_IBC_Str_S30_R1_001",3,0.141538630206938,8
"set4_10_14895_674_BBD_Str_S32_R1_0014","set4_10_14895_674_BBD_Str_S32_R1_001",6,0.150925618099598,8
"set4_10_14900_675_EN1_Str_S34_R1_0014","set4_10_14900_675_EN1_Str_S34_R1_001",5,0.190981467051864,8
"set4_10_14902_675_EN2_Str4","set4_10_14902_675_EN2_Str",5,0.195899529285932,8
"set4_10_14903_675_EN3_Str4","set4_10_14903_675_EN3_Str",5,0.20912898521535,8
"set4_10_14906_675_NL_Str4","set4_10_14906_675_NL_Str",5,0.145346061604026,8
"set4_10_14923_677_IBC_Str4","set4_10_14923_677_IBC_Str",2,0.14662051850681,8
"set4_10_14925_677_DCIS_Str4","set4_10_14925_677_DCIS_Str",2,0.146814911884222,8
"set4_10_14927_677_NL_Str4","set4_10_14927_677_NL_Str",2,0.141123349884669,8
"set4_10_14929_677_LVI_Str4","set4_10_14929_677_LVI_Str",2,0.139164455435784,8
"set4_10_14931_678_IBC_Str4","set4_10_14931_678_IBC_Str",2,0.146557467633888,8
"set4_10_14933_678_PLC_Str4","set4_10_14933_678_PLC_Str",5,0.101344421878968,8
"set4_10_14935_678_EN_Str4","set4_10_14935_678_EN_Str",5,0.141563340375712,8
"set4_10_14937_678_NL_Str4","set4_10_14937_678_NL_Str",2,0.122450855196918,8
"set4_10_14939_679_IBC_Str4","set4_10_14939_679_IBC_Str",3,0.183668830353873,8
"set4_10_14941_679_DCIS_Str4","set4_10_14941_679_DCIS_Str",6,0.12648053232737,8
"set4_10_14943_679_NL_Str4","set4_10_14943_679_NL_Str",2,0.117936434650639,8
"set4_10_14955_680_DCIS_2_Str4","set4_10_14955_680_DCIS_2_Str",6,0.129396014812162,8
"set4_10_14957_680_ADH_2_Str4","set4_10_14957_680_ADH_2_Str",6,0.129819353033389,8
"set4_10_14945_680_ADH_1_Str4","set4_10_14945_680_ADH_1_Str",6,0.125706328500954,8
"set4_10_14947_680_UDH_Str4","set4_10_14947_680_UDH_Str",6,0.116961888842671,8
"set4_10_14949_680_NL_Str4","set4_10_14949_680_NL_Str",6,0.112270649491882,8
"set4_10_14951_680_DCIS_1_Str4","set4_10_14951_680_DCIS_1_Str",6,0.135817452344332,8
"set4_10_14953_680_IBC_Str4","set4_10_14953_680_IBC_Str",2,0.134849352330577,8
"set4_10_14959_680_LG_DCIS_Str4","set4_10_14959_680_LG_DCIS_Str",2,0.123068394928938,8
"set4_10_14961_680_AM_Str4","set4_10_14961_680_AM_Str",4,0.27255212974831,8
"set4_10_14967_681_DCIS_Str4","set4_10_14967_681_DCIS_Str",6,0.122420184504939,8
"set4_10_14969_681_AM_Str4","set4_10_14969_681_AM_Str",4,0.168123670361912,8
"set4_10_14971_681_EN_Str4","set4_10_14971_681_EN_Str",6,0.145138644991682,8
"set4_10_14973_681_ADH_1_Str4","set4_10_14973_681_ADH_1_Str",2,0.127347262924584,8
"set4_10_14975_681_IBC_Str4","set4_10_14975_681_IBC_Str",3,0.180448659614746,8
"set4_10_14977_681_NL_Str4","set4_10_14977_681_NL_Str",2,0.11016038635349,8
"set4_10_14979_682_NL_Str4","set4_10_14979_682_NL_Str",5,0.124060798204001,8
"set4_10_14981_682_EN_Str4","set4_10_14981_682_EN_Str",8,0.113986067898572,8
"set4_10_14983_682_IBC_Str4","set4_10_14983_682_IBC_Str",3,0.124970172331471,8
"set4_10_14985_682_Inf_NL_Str4","set4_10_14985_682_Inf_NL_Str",1,0.110490143885142,8
"set4_10_14988_683_DCIS_Str4","set4_10_14988_683_DCIS_Str",2,0.110450740404475,8
"set4_10_14991_684_ADH_DCIS_Str4","set4_10_14991_684_ADH_DCIS_Str",1,0.0972849121991587,8
"set4_10_14993_684_DCIS_Str4","set4_10_14993_684_DCIS_Str",2,0.120089983726675,8
"set4_10_14995_684_NL_Str4","set4_10_14995_684_NL_Str",8,0.111938837417528,8
"set4_10_14997_684_IBC_Str4","set4_10_14997_684_IBC_Str",3,0.155751095548824,8
"set4_10_14999_685_DCIS_Str4","set4_10_14999_685_DCIS_Str",2,0.124948604532876,8
"set4_10_15001_685_IBC_Str4","set4_10_15001_685_IBC_Str",2,0.124947380177555,8
"set4_10_15003_685_NL_Str4","set4_10_15003_685_NL_Str",5,0.143122186579385,8
"set4_10_15005_685_EN_Str4","set4_10_15005_685_EN_Str",5,0.123856312206355,8
"set4_10_15014_687_DCIS_1_Str4","set4_10_15014_687_DCIS_1_Str",2,0.141216028627627,8
"set4_10_15016_687_DCIS_2_Str4","set4_10_15016_687_DCIS_2_Str",2,0.159467446967058,8
"set4_10_15018_687_UDH_Str4","set4_10_15018_687_UDH_Str",5,0.106744117824979,8
"set4_10_15020_687_EN_Str4","set4_10_15020_687_EN_Str",8,0.134803811796526,8
"set4_10_15022_687_NL_Str4","set4_10_15022_687_NL_Str",5,0.11956372279618,8
"set4_10_15026_688_EN_1_Str4","set4_10_15026_688_EN_1_Str",6,0.0964393982551999,8
"set4_10_14912_676_EN_Str4","set4_10_14912_676_EN_Str",5,0.14842664422955,8
"set4_10_14914_676_BBD_2_Str4","set4_10_14914_676_BBD_2_Str",5,0.163182395182242,8
"set4_10_14917_676_DCIS_1_Str4","set4_10_14917_676_DCIS_1_Str",4,0.125783587343399,8
"set4_10_14919_676_BBD_1_Str4","set4_10_14919_676_BBD_1_Str",5,0.133572194768469,8
"set4_10_14921_676_NL_Str4","set4_10_14921_676_NL_Str",5,0.181528133210154,8
"set4_10_15008_686_DCIS_Str4","set4_10_15008_686_DCIS_Str",2,0.129708286722424,8
"set4_10_15010_686_EN_Str4","set4_10_15010_686_EN_Str",5,0.117303472889699,8
"set4_10_15012_686_NL_Str4","set4_10_15012_686_NL_Str",6,0.150212419026026,8
"set4_10_15033_689_IBC_Str4","set4_10_15033_689_IBC_Str",3,0.19443852915522,8
"set4_10_15035_689_DCIS_1_Str4","set4_10_15035_689_DCIS_1_Str",2,0.124492084548995,8
"set4_10_15037_689_NL_Str4","set4_10_15037_689_NL_Str",5,0.137569572705196,8
"set4_10_15039_689_DCIS_2_Str4","set4_10_15039_689_DCIS_2_Str",6,0.112564696209406,8
"set4_10_15041_689_EN_1_Str4","set4_10_15041_689_EN_1_Str",5,0.11675073970634,8
"set4_10_15043_689_EN_2_Str4","set4_10_15043_689_EN_2_Str",5,0.104665145470663,8
"set4_10_15053_690_EN_2_Str4","set4_10_15053_690_EN_2_Str",5,0.145832327726369,8
"set4_10_15063_691_EN_2_Str4","set4_10_15063_691_EN_2_Str",5,0.107213465421093,8
"set4_10_14965_681_ADH_2_Str4","set4_10_14965_681_ADH_2_Str",6,0.139860996160149,8
"set4_10_15024_688_IBC_Str4","set4_10_15024_688_IBC_Str",2,0.147618218348655,8
"set4_10_15028_688_NL_Str4","set4_10_15028_688_NL_Str",8,0.141193978140745,8
"set4_10_15030_688_EN_4_Str4","set4_10_15030_688_EN_4_Str",5,0.126724906363641,8
"set4_10_15107_688_EN_5_Str4","set4_10_15107_688_EN_5_Str",5,0.155177763928696,8
"set4_10_15045_690_NL_Str4","set4_10_15045_690_NL_Str",2,0.109328965933235,8
"set4_10_15047_690_EN_1_Str4","set4_10_15047_690_EN_1_Str",5,0.119031315903637,8
"set4_10_15049_690_IBC_Str4","set4_10_15049_690_IBC_Str",3,0.166195522090441,8
"set4_10_15051_690_DCIS_Str4","set4_10_15051_690_DCIS_Str",2,0.128625608314066,8
"set4_10_15055_690_i_DCIS_Str4","set4_10_15055_690_i_DCIS_Str",2,0.15088137718037,8
"set4_10_15057_691_IBC_Str4","set4_10_15057_691_IBC_Str",3,0.172371075316997,8
"set4_10_15059_691_EN_1_Str4","set4_10_15059_691_EN_1_Str",5,0.095833357630923,8
"set4_10_15061_691_DCIS_Str4","set4_10_15061_691_DCIS_Str",6,0.103801870745888,8
"set4_10_15065_692_IBC_Str4","set4_10_15065_692_IBC_Str",2,0.134713231163256,8
"set4_10_15067_692_DCIS_Str4","set4_10_15067_692_DCIS_Str",1,0.131218346053845,8
"set4_10_15069_692_NL_Str4","set4_10_15069_692_NL_Str",2,0.110652781314927,8
"set4_10_15586_744_IBC_Str4","set4_10_15586_744_IBC_Str",3,0.158185925247742,8
"set4_10_15588_744_inF.NL_Str4","set4_10_15588_744_inF.NL_Str",2,0.141953151291374,8
"set4_10_15590_744_DCIS_Str4","set4_10_15590_744_DCIS_Str",2,0.108139052530781,8
"set4_10_15592_745_CCC_Str4","set4_10_15592_745_CCC_Str",5,0.106614513555269,8
"set4_10_15594_745_BBD_Str4","set4_10_15594_745_BBD_Str",5,0.126834192205523,8
"set4_10_15596_745_IP_Str4","set4_10_15596_745_IP_Str",2,0.103936986350265,8
"set4_10_15599_746_DCIS_Str4","set4_10_15599_746_DCIS_Str",2,0.15151679864005,8
"set4_10_15601_746_NL_Str4","set4_10_15601_746_NL_Str",2,0.133660098023381,8
"set4_10_15603_747_IBC_Str4","set4_10_15603_747_IBC_Str",3,0.185452464605892,8
"set4_10_15605_747_NL_Str4","set4_10_15605_747_NL_Str",6,0.113588130149876,8
"set4_10_15607_747_ADH_Str4","set4_10_15607_747_ADH_Str",5,0.169734649133232,8
"set4_10_15609_747_AM_Str4","set4_10_15609_747_AM_Str",4,0.143061425017401,8
"set4_10_15611_748_AM_Str4","set4_10_15611_748_AM_Str",6,0.135413515522037,8
"set4_10_15613_748_DCIS_Str4","set4_10_15613_748_DCIS_Str",2,0.118541495035652,8
"set4_10_15615_748_IBC_Str4","set4_10_15615_748_IBC_Str",3,0.154001736854001,8
"set4_10_15619_749_IBC_Str4","set4_10_15619_749_IBC_Str",2,0.144567725123198,8
"set4_10_15620_749_DCIS_Str4","set4_10_15620_749_DCIS_Str",3,0.120179343827534,8
"set4_10_15621_749_LVI_Str4","set4_10_15621_749_LVI_Str",3,0.13484012625585,8
"set4_10_15623_750_NL_Str4","set4_10_15623_750_NL_Str",5,0.144708376313789,8
"set4_10_15625_750_IBC_Str4","set4_10_15625_750_IBC_Str",3,0.171310872703406,8
"set4_10_15627_750_DCIS_Str4","set4_10_15627_750_DCIS_Str",3,0.159462337583605,8
"set4_10_15629_751_NL_Str4","set4_10_15629_751_NL_Str",5,0.160396699174585,8
"set4_10_15631_751_IBC_Str4","set4_10_15631_751_IBC_Str",3,0.17649670417706,8
"set4_10_15633_751_ADH_Str4","set4_10_15633_751_ADH_Str",5,0.153787771307705,8
"set4_10_15635_751_CCC_Str4","set4_10_15635_751_CCC_Str",5,0.154212801428369,8
"set4_10_15637_752_IBC_Str4","set4_10_15637_752_IBC_Str",2,0.135877155555293,8
"set4_10_15641_752_DCIS_Str4","set4_10_15641_752_DCIS_Str",6,0.108053801445114,8
"set4_10_15642_752_NL_Str4","set4_10_15642_752_NL_Str",8,0.150705135346925,8
"set4_10_15643_752_BBD_Str4","set4_10_15643_752_BBD_Str",8,0.132417108471363,8
"set4_10_15645_753_DCIS_Str4","set4_10_15645_753_DCIS_Str",3,0.141749266586658,8
"set4_10_15648_753_NL_Str4","set4_10_15648_753_NL_Str",5,0.165658873715124,8
"set4_10_15650_754_IBC_Str4","set4_10_15650_754_IBC_Str",3,0.177377211608919,8
"set4_10_15652_754_ADH_Str4","set4_10_15652_754_ADH_Str",3,0.109917907041907,8
"set4_10_15654_754_EN_1_Str4","set4_10_15654_754_EN_1_Str",2,0.104656363598863,8
"set4_10_15656_754_DCIS_Str4","set4_10_15656_754_DCIS_Str",3,0.154065760424168,8
"set4_10_15658_754_EN_2_Str4","set4_10_15658_754_EN_2_Str",3,0.103897920407989,8
"set4_10_15660_755_EN_Str4","set4_10_15660_755_EN_Str",8,0.129200222543966,8
"set4_10_15662_755_DCIS_inf_1_Str4","set4_10_15662_755_DCIS_inf_1_Str",2,0.130923135138933,8
"set4_10_15664_755_IBC_Str4","set4_10_15664_755_IBC_Str",2,0.151361081047892,8
"set4_10_15666_755_DCIS_inf_2_Str4","set4_10_15666_755_DCIS_inf_2_Str",1,0.117255914764492,8
"set4_10_15668_755_NL_Str4","set4_10_15668_755_NL_Str",8,0.125077248933209,8
"set4_10_15670_756_NL_Str4","set4_10_15670_756_NL_Str",6,0.106646099251807,8
"set4_10_15672_756_EN_1_Str4","set4_10_15672_756_EN_1_Str",5,0.151135551644786,8
"set4_10_15674_756_IBC_Str4","set4_10_15674_756_IBC_Str",1,0.128481118991118,8
"set4_10_15676_756_UDH_1_Str4","set4_10_15676_756_UDH_1_Str",3,0.10435266415727,8
"set4_10_15678_756_EN_2_Str4","set4_10_15678_756_EN_2_Str",8,0.157198929440765,8
"set4_10_15680_756_UDH_2_Str4","set4_10_15680_756_UDH_2_Str",8,0.19881490255143,8
"set4_10_15682_757_DCIS_Str4","set4_10_15682_757_DCIS_Str",8,0.106306740527498,8
"set4_10_15684_757_IBC_Str4","set4_10_15684_757_IBC_Str",3,0.125581418069056,8
"set4_10_15686_757_NL_Str4","set4_10_15686_757_NL_Str",5,0.123840324858466,8
"set4_10_15688_757_UDH_Str4","set4_10_15688_757_UDH_Str",8,0.133736550520308,8
"set4_10_15690_757_CCC_Str4","set4_10_15690_757_CCC_Str",8,0.136160070200477,8
"set4_10_15692_757_EN_Str4","set4_10_15692_757_EN_Str",8,0.149995250777379,8
"set4_10_15694_758_DCIS_1_Str4","set4_10_15694_758_DCIS_1_Str",3,0.0975026292637828,8
"set4_10_15696_758_IBC_1_Str4","set4_10_15696_758_IBC_1_Str",1,0.121839197968544,8
"set4_10_15698_758_NL_Str4","set4_10_15698_758_NL_Str",5,0.109041083581632,8
"set4_10_15704_758_EN_Str4","set4_10_15704_758_EN_Str",5,0.117427966724715,8
"set4_10_15710_760_UDH_Str4","set4_10_15710_760_UDH_Str",8,0.134595218062057,8
"set4_10_15714_760_IBC_Str4","set4_10_15714_760_IBC_Str",2,0.148469023562219,8
"set4_10_15716_760_EN_1_Str4","set4_10_15716_760_EN_1_Str",8,0.115740999981186,8
"set4_10_15718_760_NL_Str4","set4_10_15718_760_NL_Str",8,0.145227059764186,8
"set4_10_15734_762_DCIS_2_Str4","set4_10_15734_762_DCIS_2_Str",1,0.116164150368928,8
"set4_10_15700_758_DCIS_2_Str4","set4_10_15700_758_DCIS_2_Str",8,0.102256208435312,8
"set4_10_15702_758_IBC_2_Str4","set4_10_15702_758_IBC_2_Str",3,0.142759831342786,8
"set4_10_15706_759_DCIS_Str4","set4_10_15706_759_DCIS_Str",3,0.102513714308617,8
"set4_10_15708_759_IBC_Str4","set4_10_15708_759_IBC_Str",3,0.144790575770656,8
"set4_10_15712_760_EN_2_Str4","set4_10_15712_760_EN_2_Str",8,0.134900262012982,8
"set4_10_15720_761_IBC_Str4","set4_10_15720_761_IBC_Str",2,0.123763809175185,8
"set4_10_15722_761_DCIS_Str4","set4_10_15722_761_DCIS_Str",2,0.112210554897272,8
"set4_10_15724_761_EN_1_Str4","set4_10_15724_761_EN_1_Str",6,0.114441379818556,8
"set4_10_15726_761_ADH_Str4","set4_10_15726_761_ADH_Str",8,0.115380943654059,8
"set4_10_15730_762_IBC_Str4","set4_10_15730_762_IBC_Str",3,0.13682150391465,8
"set4_10_15732_762_DCIS_1_Str4","set4_10_15732_762_DCIS_1_Str",3,0.122983986816507,8
"set4_10_15736_763_IBC_Str4","set4_10_15736_763_IBC_Str",8,0.149167764020489,8
"set4_10_15738_763_ADH_Str4","set4_10_15738_763_ADH_Str",8,0.170815010936138,8
"set4_10_15740_763_NL_1_Str4","set4_10_15740_763_NL_1_Str",8,0.20174816299596,8
"set4_10_15742_763_EN_Str4","set4_10_15742_763_EN_Str",8,0.13520591045823,8
"set4_10_15746_764_IBC_Str4","set4_10_15746_764_IBC_Str",2,0.120890164020643,8
"set4_10_15748_764_DCIS_1_Str4","set4_10_15748_764_DCIS_1_Str",1,0.120722050601114,8
"set4_10_15750_764_LVI_Str4","set4_10_15750_764_LVI_Str",3,0.10380034130874,8
"set4_10_15752_764_DCIS_2_Str4","set4_10_15752_764_DCIS_2_Str",2,0.113431363287974,8
"set4_10_15754_764_EN_Str4","set4_10_15754_764_EN_Str",8,0.125546674932255,8
"set4_10_15756_764_NL_Str4","set4_10_15756_764_NL_Str",8,0.129334432143047,8
"set4_10_15758_765_IBC_Str4","set4_10_15758_765_IBC_Str",4,0.152208354096456,8
"set4_10_15760_765_DCIS_Str4","set4_10_15760_765_DCIS_Str",4,0.134968601715284,8
"set4_10_15762_765_EN_1_Str4","set4_10_15762_765_EN_1_Str",6,0.192042611893097,8
"set4_10_15766_765_NL_Str4","set4_10_15766_765_NL_Str",6,0.156387630240044,8
"set4_10_15768_766_NL_Str4","set4_10_15768_766_NL_Str",8,0.130530873703545,8
"set4_10_15770_766_inf_NL_Str4","set4_10_15770_766_inf_NL_Str",1,0.1253089468556,8
"set4_10_15772_766_IBC_Str4","set4_10_15772_766_IBC_Str",2,0.140011949268298,8
"set4_10_15774_766_AM_Str4","set4_10_15774_766_AM_Str",4,0.155451110542725,8
"set4_10_15776_766_EN_Str4","set4_10_15776_766_EN_Str",8,0.120071471931906,8
"set4_10_15778_767_IBC_Str4","set4_10_15778_767_IBC_Str",3,0.150243054125821,8
"set4_10_15780_767_DCIS_Str4","set4_10_15780_767_DCIS_Str",3,0.11692444381939,8
"set4_10_15782_767_AM_2_Str4","set4_10_15782_767_AM_2_Str",5,0.129901151376272,8
"set4_10_15784_767_ADH_Str4","set4_10_15784_767_ADH_Str",5,0.120603076942701,8
"set4_10_15788_767_NL_Str4","set4_10_15788_767_NL_Str",6,0.13674925465563,8
"set4_10_15790_768_IBC_Str4","set4_10_15790_768_IBC_Str",2,0.178518744222429,8
"set4_10_15792_768_NL_Str4","set4_10_15792_768_NL_Str",5,0.122725800299669,8
"set4_10_15796_768_EN_2_Str4","set4_10_15796_768_EN_2_Str",5,0.171802121737279,8
"set4_10_15798_768_EN_3_Str4","set4_10_15798_768_EN_3_Str",8,0.124405003818994,8
"set4_10_15800_769_IBC_Str4","set4_10_15800_769_IBC_Str",2,0.153791766231583,8
"set4_10_15802_769_DCIS_1_Str4","set4_10_15802_769_DCIS_1_Str",2,0.113871812566526,8
"set4_10_15806_769_EN_1_Str4","set4_10_15806_769_EN_1_Str",5,0.120678405783097,8
"set4_10_15810_769_NL_Str4","set4_10_15810_769_NL_Str",6,0.128743363312449,8
"set4_10_15812_769_EN_4_Str4","set4_10_15812_769_EN_4_Str",5,0.13219377279966,8
"set4_10_15818_769_AM_Str4","set4_10_15818_769_AM_Str",4,0.300614848097617,8
"set4_10_15786_767_AM_1_Str4","set4_10_15786_767_AM_1_Str",6,0.133186535576182,8
"set4_10_15794_768_EN_1_Str4","set4_10_15794_768_EN_1_Str",5,0.111547742662528,8
"set4_10_15804_769_DCIS_2_Str4","set4_10_15804_769_DCIS_2_Str",1,0.126885794560531,8
"set4_10_15808_769_EN_3_Str4","set4_10_15808_769_EN_3_Str",5,0.116034773665892,8
"set4_10_15816_769_EN_6_Str4","set4_10_15816_769_EN_6_Str",5,0.141188597678757,8
"set4_10_15820_770_DCIS_Str4","set4_10_15820_770_DCIS_Str",2,0.12274053356923,8
"set4_10_15822_770_IBC_Str4","set4_10_15822_770_IBC_Str",3,0.170156024089612,8
"set4_10_15824_770_EN_1_Str4","set4_10_15824_770_EN_1_Str",5,0.151607453968433,8
"set4_10_15826_770_NL_Str4","set4_10_15826_770_NL_Str",5,0.10791718328779,8
"set4_10_15830_771_EN_4_Str4","set4_10_15830_771_EN_4_Str",5,0.18520605333589,8
"set4_10_15836_771_DCIS_3_Str4","set4_10_15836_771_DCIS_3_Str",6,0.111660784450414,8
"set4_10_15832_771_NL_Str4","set4_10_15832_771_NL_Str",6,0.127464848381599,8
"set4_10_15834_771_EN_2_Str4","set4_10_15834_771_EN_2_Str",6,0.142803349281194,8
"set4_10_15840_771_DCIS_1_Str4","set4_10_15840_771_DCIS_1_Str",3,0.148788847120631,8
"set4_10_15844_771_IBC_Str4","set4_10_15844_771_IBC_Str",3,0.151577632727211,8
"set4_10_15728_761_EN_2_Str4","set4_10_15728_761_EN_2_Str",4,0.139697554030676,8
"set4_10_15744_763_NL_2_Str4","set4_10_15744_763_NL_2_Str",6,0.13498277195889,8
"set4_10_15764_765_EN_2_Str4","set4_10_15764_765_EN_2_Str",6,0.140556521559213,8
"set4_10_15814_769_EN_5_Str4","set4_10_15814_769_EN_5_Str",5,0.151667769592798,8
"set4_10_15828_771_EN_3_Str4","set4_10_15828_771_EN_3_Str",8,0.128221479368102,8
"set4_10_15838_771_EN_1_Str4","set4_10_15838_771_EN_1_Str",3,0.104844182769034,8
"set4_10_15842_771_DCIS_2_Str4","set4_10_15842_771_DCIS_2_Str",2,0.1320159905808,8
"set4_10_15846_772_IBC_Str4","set4_10_15846_772_IBC_Str",3,0.128779977458027,8
"set4_10_15848_772_DCIS_1_Str4","set4_10_15848_772_DCIS_1_Str",8,0.117068547398335,8
"set4_10_15850_772_DCIS_2_Str4","set4_10_15850_772_DCIS_2_Str",8,0.107074718767204,8
"set4_10_15852_772_EN_1_Str4","set4_10_15852_772_EN_1_Str",5,0.124158773232304,8
"set4_10_15854_772_EN_2_Str4","set4_10_15854_772_EN_2_Str",8,0.136769825505938,8
"set4_10_15856_772_EN_3_Str4","set4_10_15856_772_EN_3_Str",8,0.124140797278397,8
"set4_10_15858_772_EN_4_Str4","set4_10_15858_772_EN_4_Str",8,0.16864410109841,8
"set4_10_15860_772_NL_Str4","set4_10_15860_772_NL_Str",8,0.106135249799774,8
"set1_3_11771_354_EN_S_S2_R1_0015","set1_3_11771_354_EN_S_S2_R1_001",5,0.135694612408993,9
"set1_3_11773_354_IDC_S_S4_R1_0015","set1_3_11773_354_IDC_S_S4_R1_001",9,0.116723077361439,9
"set1_3_11775_354_RS1_S_center_S6_R1_0015","set1_3_11775_354_RS1_S_center_S6_R1_001",2,0.112108284933101,9
"set1_3_11777_354_RS1_S_peripheral_S8_R1_0015","set1_3_11777_354_RS1_S_peripheral_S8_R1_001",5,0.110652134194699,9
"set1_3_11779_354_RS2_S_center_S10_R1_0015","set1_3_11779_354_RS2_S_center_S10_R1_001",2,0.106652123752888,9
"set1_3_11781_354_RS2_S_peripheral_S12_R1_0015","set1_3_11781_354_RS2_S_peripheral_S12_R1_001",2,0.100549649549988,9
"set1_3_11783_354_NL_S_S14_R1_0015","set1_3_11783_354_NL_S_S14_R1_001",5,0.112648234852834,9
"set1_3_11785_355_RS1_S_center_S16_R1_0015","set1_3_11785_355_RS1_S_center_S16_R1_001",7,0.117788633619056,9
"set1_3_11787_355_RS1_S_peripheral_S18_R1_0015","set1_3_11787_355_RS1_S_peripheral_S18_R1_001",7,0.109298054369284,9
"set1_3_11790_355_RS2_S_center_S21_R1_0015","set1_3_11790_355_RS2_S_center_S21_R1_001",2,0.109154929033531,9
"set1_3_11792_355_RS2_S_peripheral_S23_R1_0015","set1_3_11792_355_RS2_S_peripheral_S23_R1_001",7,0.140638323571484,9
"set1_3_11795_355_NL_S_S26_R1_0015","set1_3_11795_355_NL_S_S26_R1_001",5,0.131535028316611,9
"set1_3_11797_355_RS3_S_center_S28_R1_0015","set1_3_11797_355_RS3_S_center_S28_R1_001",2,0.107903270906657,9
"set1_3_11799_355_RS3_S_peripheral_S30_R1_0015","set1_3_11799_355_RS3_S_peripheral_S30_R1_001",7,0.0969648228619421,9
"set1_3_11803_356_RS1_S_center_S33_R1_0015","set1_3_11803_356_RS1_S_center_S33_R1_001",9,0.0978283617520527,9
"set1_3_11805_356_RS1_S_peripheral_S35_R1_0015","set1_3_11805_356_RS1_S_peripheral_S35_R1_001",4,0.110313086207996,9
"set1_3_11807_357_NL_S_S41_R1_0015","set1_3_11807_357_NL_S_S41_R1_001",5,0.120960081772071,9
"set1_3_11809_357_RS1_S_center_S33_R1_0015","set1_3_11809_357_RS1_S_center_S33_R1_001",2,0.104530799837737,9
"set1_3_11811_357_RS1_S_peripheral_S42_R1_0015","set1_3_11811_357_RS1_S_peripheral_S42_R1_001",4,0.0978371845802884,9
"set1_3_11814_358_NL_S_S37_R1_0015","set1_3_11814_358_NL_S_S37_R1_001",4,0.125547122923061,9
"set1_3_11816_358_EN_S_S39_R1_0015","set1_3_11816_358_EN_S_S39_R1_001",4,0.101632162169053,9
"set1_3_11818_358_RS1_S_center_S41_R1_0015","set1_3_11818_358_RS1_S_center_S41_R1_001",2,0.110509179713759,9
"set1_3_11820_358_RS1_S_peripheral_S43_R1_0015","set1_3_11820_358_RS1_S_peripheral_S43_R1_001",2,0.104534916811251,9
"set1_3_11822_358_IBC_S_S45_R1_0015","set1_3_11822_358_IBC_S_S45_R1_001",9,0.120418826261759,9
"set1_3_11824_358_RS2_S_center_S47_R1_0015","set1_3_11824_358_RS2_S_center_S47_R1_001",7,0.133185875173368,9
"set1_3_11826_358_RS2_S_peripheral_S49_R1_0015","set1_3_11826_358_RS2_S_peripheral_S49_R1_001",4,0.107210675792382,9
"set1_3_11828_359_RS1_S_center_S51_R1_0015","set1_3_11828_359_RS1_S_center_S51_R1_001",4,0.103847306576685,9
"set1_3_11830_359_RS1_S_peripheral_S53_R1_0015","set1_3_11830_359_RS1_S_peripheral_S53_R1_001",1,0.140299381543634,9
"set1_3_11834_359_RS2_S_center_S56_R1_0015","set1_3_11834_359_RS2_S_center_S56_R1_001",2,0.0979203415731906,9
"set1_3_11836_359_RS2_S_peripheral_S58_R1_0015","set1_3_11836_359_RS2_S_peripheral_S58_R1_001",5,0.115946443842114,9
"set1_3_11839_360_RS1_S_center_S43_R1_0015","set1_3_11839_360_RS1_S_center_S43_R1_001",2,0.0993482360694322,9
"set1_3_11841_360_RS1_S_peripheral_S36_R1_0015","set1_3_11841_360_RS1_S_peripheral_S36_R1_001",4,0.113250851139123,9
"set1_3_11843_360_NL_S_S53_R1_0015","set1_3_11843_360_NL_S_S53_R1_001",4,0.118418793891931,9
"set1_3_11845_361_RS1_S_center_S31_R1_0015","set1_3_11845_361_RS1_S_center_S31_R1_001",2,0.0924205696083011,9
"set1_3_11847_361_RS1_S_peripheral_S35_R1_0015","set1_3_11847_361_RS1_S_peripheral_S35_R1_001",2,0.102398248226379,9
"set1_3_11849_361_RS2_S_center_S20_R1_0015","set1_3_11849_361_RS2_S_center_S20_R1_001",2,0.0953334643969385,9
"set1_3_11851_361_RS2_S_peripheral_S45_R1_0015","set1_3_11851_361_RS2_S_peripheral_S45_R1_001",4,0.0844409590914584,9
"set1_3_11853_361_RS4_S_center_S29_R1_0015","set1_3_11853_361_RS4_S_center_S29_R1_001",2,0.108032389556337,9
"set1_3_11855_361_RS4_S_peripheral_S25_R1_0015","set1_3_11855_361_RS4_S_peripheral_S25_R1_001",5,0.0962468743530607,9
"set1_3_11857_361_RS3_S_center_S26_R1_0015","set1_3_11857_361_RS3_S_center_S26_R1_001",2,0.106449451953876,9
"set1_3_11859_361_RS3_S_peripheral_S54_R1_0015","set1_3_11859_361_RS3_S_peripheral_S54_R1_001",4,0.0927348758918005,9
"set1_3_11863_362_RS1_S_center_S28_R1_0015","set1_3_11863_362_RS1_S_center_S28_R1_001",2,0.0997563398043236,9
"set1_3_11865_362_RS1_S_peripheral_S40_R1_0015","set1_3_11865_362_RS1_S_peripheral_S40_R1_001",4,0.0940120925230001,9
"set1_3_11868_363_RS1_S_center_S27_R1_0015","set1_3_11868_363_RS1_S_center_S27_R1_001",2,0.107349700059342,9
"set1_3_11870_363_RS1_S_peripheral_S46_R1_0015","set1_3_11870_363_RS1_S_peripheral_S46_R1_001",4,0.095039834398068,9
"set1_3_11872_363_NL_S_S57_R1_0015","set1_3_11872_363_NL_S_S57_R1_001",5,0.106041600826794,9
"set1_3_11875_364_RS1_S_center_S52_R1_0015","set1_3_11875_364_RS1_S_center_S52_R1_001",2,0.0927374006918794,9
"set1_3_11877_364_RS1_S_peripheral_S56_R1_0015","set1_3_11877_364_RS1_S_peripheral_S56_R1_001",4,0.108430101411331,9
"set1_3_11881_364_RS2_S_center_S37_R1_0015","set1_3_11881_364_RS2_S_center_S37_R1_001",4,0.0843583865188546,9
"set1_3_13814_552_IBC_Str_15","set1_3_13814_552_IBC_Str_1",9,0.109430663209467,9
"set1_3_13829_551_DCIS_Str5","set1_3_13829_551_DCIS_Str",4,0.114030065168213,9
"set1_3_13831_550_ADH_Str_15","set1_3_13831_550_ADH_Str_1",1,0.146365863477315,9
"set1_3_13837_550_DCIS_Str_15","set1_3_13837_550_DCIS_Str_1",4,0.13332783665877,9
"set1_3_13841_549_DCIS_Str5","set1_3_13841_549_DCIS_Str",9,0.133568235038584,9
"set1_3_13843_549_IBC_Str5","set1_3_13843_549_IBC_Str",9,0.113605909487325,9
"set1_3_13845_549_IN_Str5","set1_3_13845_549_IN_Str",6,0.119896630180411,9
"set1_3_13849_550_DCIS_Str_25","set1_3_13849_550_DCIS_Str_2",4,0.109911333965421,9
"set1_3_13855_549_NL_Str5","set1_3_13855_549_NL_Str",4,0.117245571008044,9
"set1_3_13859_548_DCIS_Str5","set1_3_13859_548_DCIS_Str",4,0.101495135510119,9
"set1_3_13861_548_IBC_Str5","set1_3_13861_548_IBC_Str",6,0.100216429473194,9
"set1_3_13863_547_NL_Str5","set1_3_13863_547_NL_Str",4,0.137193526760261,9
"set1_3_13865_547_CCC_Str_15","set1_3_13865_547_CCC_Str_1",6,0.118981170901894,9
"set1_3_13867_547_CCH_Str_15","set1_3_13867_547_CCH_Str_1",5,0.13048822571358,9
"set1_3_13869_547_IBC_Str_15","set1_3_13869_547_IBC_Str_1",7,0.121914396186379,9
"set1_3_13871_547_DCIS_Str5","set1_3_13871_547_DCIS_Str",7,0.129122147702355,9
"set1_3_13873_547_CCC_Str_25","set1_3_13873_547_CCC_Str_2",4,0.116171540660869,9
"set1_3_13877_547_CCC_Str_35","set1_3_13877_547_CCC_Str_3",4,0.111012220350199,9
"set1_3_13879_547_IBC_Str_25","set1_3_13879_547_IBC_Str_2",9,0.143710445405356,9
"set1_3_13881_547_NL_Str5","set1_3_13881_547_NL_Str",4,0.140414393797552,9
"set1_3_13883_546_NL_Str5","set1_3_13883_546_NL_Str",4,0.130275592915799,9
"set1_3_13885_546_ALH_Str5","set1_3_13885_546_ALH_Str",4,0.14809183196918,9
"set1_3_13887_546_IBC_Str5","set1_3_13887_546_IBC_Str",6,0.140948506352798,9
"set1_3_13889_546_LIN_Str5","set1_3_13889_546_LIN_Str",6,0.111051036276306,9
"set1_3_13891_546_CCH_Str5","set1_3_13891_546_CCH_Str",4,0.12044889832912,9
"set1_3_13893_546_HIN_Str5","set1_3_13893_546_HIN_Str",6,0.173998592045025,9
"set1_3_13895_546_MIN_Str5","set1_3_13895_546_MIN_Str",6,0.159788907085857,9
"set1_3_13897_545_CCC_Str_15","set1_3_13897_545_CCC_Str_1",4,0.121470403850846,9
"set1_3_13899_545_ADH_Str5","set1_3_13899_545_ADH_Str",4,0.112544569878747,9
"set1_3_13901_545_UDH_Str_15","set1_3_13901_545_UDH_Str_1",4,0.116916090622534,9
"set1_3_13903_545_AM_Str_15","set1_3_13903_545_AM_Str_1",4,0.141251832376838,9
"set1_3_13905_545_IBC_Str5","set1_3_13905_545_IBC_Str",4,0.132463892387765,9
"set1_3_13907_545_DCIS_Str_15","set1_3_13907_545_DCIS_Str_1",4,0.132583605332328,9
"set1_3_13909_545_CCC_Str_25","set1_3_13909_545_CCC_Str_2",4,0.135612452436309,9
"set1_3_13917_545_DCIS_Str_25","set1_3_13917_545_DCIS_Str_2",3,0.179264892072866,9
"set1_3_13925_544_DCIS_Str_15","set1_3_13925_544_DCIS_Str_1",4,0.12724150771367,9
"set1_3_13927_544_DCIS_Str_25","set1_3_13927_544_DCIS_Str_2",6,0.113065464825855,9
"set1_3_13929_544_IBC_Str5","set1_3_13929_544_IBC_Str",6,0.112766479227909,9
"set1_3_13931_544_DCIS_Str_35","set1_3_13931_544_DCIS_Str_3",6,0.125944709525309,9
"set1_3_13939_568_NL_Str5","set1_3_13939_568_NL_Str",4,0.104198126219343,9
"set1_3_13941_568_IBC_Str5","set1_3_13941_568_IBC_Str",4,0.0954804762561003,9
"set1_3_13943_568_DCIS_Str5","set1_3_13943_568_DCIS_Str",4,0.0851685096103248,9
"set1_3_13947_570_CCC_Str_15","set1_3_13947_570_CCC_Str_1",4,0.118409947843486,9
"set1_3_13949_570_IBC_Str5","set1_3_13949_570_IBC_Str",4,0.110967671912021,9
"set1_3_13951_570_DCIS_Str5","set1_3_13951_570_DCIS_Str",4,0.118767447518034,9
"set1_3_13953_570_ADH_Str_15","set1_3_13953_570_ADH_Str_1",4,0.111992505832818,9
"set1_3_13955_570_NL_Str5","set1_3_13955_570_NL_Str",4,0.129695904754491,9
"set1_3_13957_570_CCC_Str_25","set1_3_13957_570_CCC_Str_2",4,0.100577374358802,9
"set1_3_13959_570_CCH_Str5","set1_3_13959_570_CCH_Str",5,0.12109866550238,9
"set1_3_13961_570_ADH_Str_25","set1_3_13961_570_ADH_Str_2",4,0.138750698927409,9
"set1_3_13963_569_IBC_Str5","set1_3_13963_569_IBC_Str",9,0.103412263293218,9
"set1_3_13965_567_EN_Str5","set1_3_13965_567_EN_Str",7,0.13420159905646,9
"set1_3_13969_567_DCIS_Str5","set1_3_13969_567_DCIS_Str",6,0.132921685239497,9
"set1_3_13971_567_IBC_Str5","set1_3_13971_567_IBC_Str",4,0.101519800929995,9
"set1_3_13977_565_EN_Str5","set1_3_13977_565_EN_Str",5,0.12069893360643,9
"set1_3_13983_561_DCIS_Str5","set1_3_13983_561_DCIS_Str",7,0.103388753119553,9
"set1_3_13985_561_IBC_Str5","set1_3_13985_561_IBC_Str",7,0.142034046252734,9
"set1_3_13988_562_DCIS_Str_15","set1_3_13988_562_DCIS_Str_1",4,0.110756340611234,9
"set1_3_13992_562_DCIS_Str_25","set1_3_13992_562_DCIS_Str_2",7,0.0915108559678324,9
"set1_3_13994_562_NL_Str_25","set1_3_13994_562_NL_Str_2",4,0.126944521237602,9
"set1_3_13996_563_NL_Str5","set1_3_13996_563_NL_Str",6,0.123714840889366,9
"set1_3_13998_563_IBC_Str5","set1_3_13998_563_IBC_Str",6,0.137405844367018,9
"set1_3_14002_553_DCIS_Str5","set1_3_14002_553_DCIS_Str",7,0.116320662830312,9
"set1_3_14004_553_IBC_Str5","set1_3_14004_553_IBC_Str",9,0.133538660628243,9
"set1_3_14008_553_EN_Str5","set1_3_14008_553_EN_Str",4,0.112583186729558,9
"set1_3_14013_560_CCC_Str5","set1_3_14013_560_CCC_Str",7,0.124692620363824,9
"set1_3_14015_560_AM_Str5","set1_3_14015_560_AM_Str",4,0.130193849620505,9
"set1_3_14017_560_NL_Str_15","set1_3_14017_560_NL_Str_1",4,0.149291815678666,9
"set1_3_14019_560_NL_Str_25","set1_3_14019_560_NL_Str_2",4,0.110672691683564,9
"set1_3_14021_560_IBC_Str_15","set1_3_14021_560_IBC_Str_1",6,0.133842060185159,9
"set1_3_14023_560_SA_Str5","set1_3_14023_560_SA_Str",4,0.111710845911812,9
"set1_3_14026_560_IBC_Str_25","set1_3_14026_560_IBC_Str_2",4,0.0917262295494135,9
"set1_3_14035_572_IBC_Str5","set1_3_14035_572_IBC_Str",6,0.155911129560459,9
"set1_3_14037_571_NL_Str5","set1_3_14037_571_NL_Str",4,0.120172152274963,9
"set1_3_14039_571_EN_Str5","set1_3_14039_571_EN_Str",6,0.179323232876494,9
"set1_3_14041_571_DCISw_Str5","set1_3_14041_571_DCISw_Str",6,0.173284460986906,9
"set1_3_14043_571_DCIS_Str5","set1_3_14043_571_DCIS_Str",6,0.115033138414851,9
"set1_3_14045_571_IBC_Str_15","set1_3_14045_571_IBC_Str_1",6,0.150876896189946,9
"set1_3_14047_571_IBC_Str_25","set1_3_14047_571_IBC_Str_2",9,0.120908603047052,9
"set1_3_14049_566_IBC_Str5","set1_3_14049_566_IBC_Str",9,0.120448773644893,9
"set1_3_14051_566_DCIS_Str5","set1_3_14051_566_DCIS_Str",6,0.151222261021645,9
"set1_3_14053_566_UDH_Str5","set1_3_14053_566_UDH_Str",4,0.0987586038009479,9
"set1_3_14063_564_DCIS_Str5","set1_3_14063_564_DCIS_Str",6,0.112054212220027,9
"set1_3_14065_564_HP_Str5","set1_3_14065_564_HP_Str",4,0.123242928453709,9
"set1_3_14067_564_NL_Str5","set1_3_14067_564_NL_Str",1,0.156406815484808,9
"set1_3_14069_564_IBC_Str5","set1_3_14069_564_IBC_Str",4,0.101496835881141,9
"set1_3_14071_559_DCIS_Str5","set1_3_14071_559_DCIS_Str",6,0.0994475888595649,9
"set1_3_14073_559_IBC_Str5","set1_3_14073_559_IBC_Str",6,0.0851245387998143,9
"set1_3_14075_559_CCH_Str5","set1_3_14075_559_CCH_Str",7,0.124543831503197,9
"set1_3_14081_558_IBC_Str5","set1_3_14081_558_IBC_Str",4,0.11519203064404,9
"set1_3_14085_558_DCIS_Str_15","set1_3_14085_558_DCIS_Str_1",4,0.121347730471492,9
"set1_3_14093_557_IBC_Str5","set1_3_14093_557_IBC_Str",4,0.107840136752162,9
"set1_3_14095_557_DCIS_Str5","set1_3_14095_557_DCIS_Str",4,0.121054104217713,9
"set1_3_14097_556_IBC_Str_15","set1_3_14097_556_IBC_Str_1",4,0.104991562799277,9
"set1_3_14099_556_ADH_Str_15","set1_3_14099_556_ADH_Str_1",4,0.139857944032116,9
"set1_3_14101_556_ADH_Str_25","set1_3_14101_556_ADH_Str_2",4,0.142314763679532,9
"set1_3_14105_556_IBC_Str_25","set1_3_14105_556_IBC_Str_2",4,0.129802615292647,9
"set1_3_14111_555_IN_Str5","set1_3_14111_555_IN_Str",6,0.121524482067977,9
"set1_3_14113_555_iIBC_Str5","set1_3_14113_555_iIBC_Str",6,0.129801414292296,9
"set1_3_14115_555_IBC_Str5","set1_3_14115_555_IBC_Str",4,0.114529111516199,9
"set4_10_14732_656_IBC_Str5","set4_10_14732_656_IBC_Str",9,0.13934685111164,9
"set4_10_14734_656_BBD_Str5","set4_10_14734_656_BBD_Str",7,0.175260339536924,9
"set4_10_14736_656_NL_Str5","set4_10_14736_656_NL_Str",5,0.123877653919387,9
"set4_10_14738_657_CCC_Str5","set4_10_14738_657_CCC_Str",1,0.12761366931508,9
"set4_10_14740_657_NL_Str5","set4_10_14740_657_NL_Str",1,0.0972118903699489,9
"set4_10_14742_657_DCIS_Str5","set4_10_14742_657_DCIS_Str",9,0.14407096877198,9
"set4_10_14743_657_IBC_Str5","set4_10_14743_657_IBC_Str",9,0.183238248567026,9
"set4_10_14748_658_DCIS_Str5","set4_10_14748_658_DCIS_Str",6,0.152041864480415,9
"set4_10_14749_658_IBC_Str5","set4_10_14749_658_IBC_Str",9,0.149183642628685,9
"set4_10_14750_658_NL_Str5","set4_10_14750_658_NL_Str",5,0.14812350533565,9
"set4_10_14753_659_DCIS_Str5","set4_10_14753_659_DCIS_Str",7,0.104153082862745,9
"set4_10_14754_659_IBC_Str5","set4_10_14754_659_IBC_Str",6,0.0908525314600369,9
"set4_10_14756_659_DCIS_Str5","set4_10_14756_659_DCIS_Str",7,0.148842997255165,9
"set4_10_14758_659_NL_Str5","set4_10_14758_659_NL_Str",1,0.0946810554599893,9
"set4_10_14792_663_DCIS_Str5","set4_10_14792_663_DCIS_Str",1,0.122608267573922,9
"set4_10_14794_663_IBC_Str5","set4_10_14794_663_IBC_Str",1,0.117039792266489,9
"set4_10_14796_663_NL_Str5","set4_10_14796_663_NL_Str",5,0.123886566769163,9
"set4_10_14760_660_IBC_Str5","set4_10_14760_660_IBC_Str",9,0.125063844011531,9
"set4_10_14762_660_DCIS_Str5","set4_10_14762_660_DCIS_Str",7,0.0983230241233998,9
"set4_10_14764_660_NL_Str5","set4_10_14764_660_NL_Str",5,0.0913857789070747,9
"set4_10_14766_660_LVI_Str5","set4_10_14766_660_LVI_Str",6,0.106425266958662,9
"set4_10_14768_661_IBC_Str5","set4_10_14768_661_IBC_Str",9,0.120061571533221,9
"set4_10_14770_661_AM_Str5","set4_10_14770_661_AM_Str",3,0.214539194924986,9
"set4_10_14772_661_ADH_Str5","set4_10_14772_661_ADH_Str",5,0.104605833366708,9
"set4_10_14774_661_DCIS_Str5","set4_10_14774_661_DCIS_Str",3,0.0984104219889791,9
"set4_10_14776_661_ADH_Str5","set4_10_14776_661_ADH_Str",8,0.105004318253317,9
"set4_10_14778_661_NL_Str5","set4_10_14778_661_NL_Str",5,0.110198547330847,9
"set4_10_14780_662_DCIS.1_Str5","set4_10_14780_662_DCIS.1_Str",9,0.161927496598924,9
"set4_10_14782_662_MIV.1_Str5","set4_10_14782_662_MIV.1_Str",9,0.144892759894059,9
"set4_10_14784_662_DCIS.2_Str5","set4_10_14784_662_DCIS.2_Str",9,0.145434400284081,9
"set4_10_14786_662_MIV.2_Str5","set4_10_14786_662_MIV.2_Str",9,0.139939604416223,9
"set4_10_14788_662_DCIS.3_Str5","set4_10_14788_662_DCIS.3_Str",9,0.161302891724222,9
"set4_10_14790_662_IBC_Str5","set4_10_14790_662_IBC_Str",9,0.182879783397974,9
"set4_10_14910_676_DCIS.2_Str5","set4_10_14910_676_DCIS.2_Str",3,0.140913298428478,9
"set4_10_14799_664_BBD_Str5","set4_10_14799_664_BBD_Str",5,0.115365040513425,9
"set4_10_14801_664_IBC_Str5","set4_10_14801_664_IBC_Str",9,0.143845128495541,9
"set4_10_14803_664_ADH_Str5","set4_10_14803_664_ADH_Str",5,0.120506010855041,9
"set4_10_14806_665_IBC_Str5","set4_10_14806_665_IBC_Str",9,0.15446924430136,9
"set4_10_14808_665_inf_NL_Str5","set4_10_14808_665_inf_NL_Str",6,0.155348900164006,9
"set4_10_14860_665_DCIS_Str5","set4_10_14860_665_DCIS_Str",5,0.0943460704600362,9
"set4_10_14811_665_NL_Str5","set4_10_14811_665_NL_Str",5,0.142317919730192,9
"set4_10_14814_666_DCIS_Str5","set4_10_14814_666_DCIS_Str",5,0.107887981653037,9
"set4_10_14815_666_IBC_Str5","set4_10_14815_666_IBC_Str",9,0.159668661412902,9
"set4_10_14817_666_NL_Str5","set4_10_14817_666_NL_Str",5,0.124614081533053,9
"set4_10_14819_666_BBD_Str5","set4_10_14819_666_BBD_Str",5,0.114116172651725,9
"set4_10_14854_671_UDH_Str5","set4_10_14854_671_UDH_Str",5,0.130552338460767,9
"set4_10_14858_671_IBC_Str5","set4_10_14858_671_IBC_Str",9,0.152673486818679,9
"set4_10_14859_671_DCIS_Str5","set4_10_14859_671_DCIS_Str",9,0.145344378605537,9
"set4_10_14861_671_AM_Str5","set4_10_14861_671_AM_Str",3,0.157637077800069,9
"set4_10_14863_671_CCC_Str5","set4_10_14863_671_CCC_Str",5,0.112278147949778,9
"set4_10_14823_667_IBC_Str5","set4_10_14823_667_IBC_Str",9,0.136442381846716,9
"set4_10_14824_667_DCIS_Str5","set4_10_14824_667_DCIS_Str",5,0.102246510617072,9
"set4_10_14825_667_NL_Str5","set4_10_14825_667_NL_Str",5,0.112277883825222,9
"set4_10_14827_668_IBC_Str5","set4_10_14827_668_IBC_Str",9,0.179110745833587,9
"set4_10_14831_668_DCIS_Str5","set4_10_14831_668_DCIS_Str",5,0.0973667949957791,9
"set4_10_14832_668_NL_Str5","set4_10_14832_668_NL_Str",5,0.132972873533565,9
"set4_10_14835_669_IBC_Str5","set4_10_14835_669_IBC_Str",9,0.147188926008854,9
"set4_10_14836_669_NL_Str5","set4_10_14836_669_NL_Str",1,0.183409027743939,9
"set4_10_14838_669_DCIS_Str5","set4_10_14838_669_DCIS_Str",1,0.142068342914085,9
"set4_10_14841_670_EN_Str5","set4_10_14841_670_EN_Str",5,0.102155880636369,9
"set4_10_14842_670_DCIS_Str5","set4_10_14842_670_DCIS_Str",3,0.195451900623456,9
"set4_10_14845_670_DCIS_Str5","set4_10_14845_670_DCIS_Str",3,0.115501169929218,9
"set4_10_14846_670_IBC_Str5","set4_10_14846_670_IBC_Str",3,0.237364086094689,9
"set4_10_14850_670_BBD_Str5","set4_10_14850_670_BBD_Str",2,0.108556692626959,9
"set4_10_14851_670_CCC_Str5","set4_10_14851_670_CCC_Str",5,0.113393869292701,9
"set4_10_14852_670_AM_Str5","set4_10_14852_670_AM_Str",5,0.110062830664676,9
"set4_10_14865_672_inf_NL_Str_S2_R1_0015","set4_10_14865_672_inf_NL_Str_S2_R1_001",5,0.1371174951274,9
"set4_10_14867_672_IBC_Str_1_S4_R1_0015","set4_10_14867_672_IBC_Str_1_S4_R1_001",9,0.185929518214768,9
"set4_10_14871_672_DCIS_Str_S8_R1_0015","set4_10_14871_672_DCIS_Str_S8_R1_001",7,0.0839000636584884,9
"set4_10_14872_672_CaLob_Str_S9_R1_0015","set4_10_14872_672_CaLob_Str_S9_R1_001",6,0.136128559809933,9
"set4_10_14874_672_NL_Str_S11_R1_0015","set4_10_14874_672_NL_Str_S11_R1_001",5,0.154115621868972,9
"set4_10_14877_672_CCC_Str_S14_R1_0015","set4_10_14877_672_CCC_Str_S14_R1_001",5,0.130910731294124,9
"set4_10_14879_673_IBC_Str_S16_R1_0015","set4_10_14879_673_IBC_Str_S16_R1_001",9,0.175973225192722,9
"set4_10_14881_673_DCIS_Str_S18_R1_0015","set4_10_14881_673_DCIS_Str_S18_R1_001",6,0.158651892319016,9
"set4_10_14883_673_NL_Str_S20_R1_0015","set4_10_14883_673_NL_Str_S20_R1_001",5,0.127695443836598,9
"set4_10_14885_673_AM_Str_S22_R1_0015","set4_10_14885_673_AM_Str_S22_R1_001",3,0.143664474817459,9
"set4_10_14887_673_CCC_Str_S24_R1_0015","set4_10_14887_673_CCC_Str_S24_R1_001",5,0.123920911946004,9
"set4_10_14889_673_EN_Str_S26_R1_0015","set4_10_14889_673_EN_Str_S26_R1_001",5,0.122084227860286,9
"set4_10_14891_674_DCIS_Str_S28_R1_0015","set4_10_14891_674_DCIS_Str_S28_R1_001",1,0.13574634821967,9
"set4_10_14893_674_IBC_Str_S30_R1_0015","set4_10_14893_674_IBC_Str_S30_R1_001",9,0.128577919781565,9
"set4_10_14895_674_BBD_Str_S32_R1_0015","set4_10_14895_674_BBD_Str_S32_R1_001",1,0.13299995343778,9
"set4_10_14900_675_EN1_Str_S34_R1_0015","set4_10_14900_675_EN1_Str_S34_R1_001",7,0.153658315163918,9
"set4_10_14902_675_EN2_Str5","set4_10_14902_675_EN2_Str",7,0.167195981297092,9
"set4_10_14903_675_EN3_Str5","set4_10_14903_675_EN3_Str",7,0.196973965062594,9
"set4_10_14906_675_NL_Str5","set4_10_14906_675_NL_Str",5,0.129508434811134,9
"set4_10_14923_677_IBC_Str5","set4_10_14923_677_IBC_Str",9,0.144688703606435,9
"set4_10_14925_677_DCIS_Str5","set4_10_14925_677_DCIS_Str",9,0.116274791697007,9
"set4_10_14927_677_NL_Str5","set4_10_14927_677_NL_Str",5,0.1030463306308,9
"set4_10_14929_677_LVI_Str5","set4_10_14929_677_LVI_Str",9,0.115882831905031,9
"set4_10_14931_678_IBC_Str5","set4_10_14931_678_IBC_Str",9,0.172854178876642,9
"set4_10_14933_678_PLC_Str5","set4_10_14933_678_PLC_Str",5,0.143971213423771,9
"set4_10_14935_678_EN_Str5","set4_10_14935_678_EN_Str",5,0.161017195274755,9
"set4_10_14937_678_NL_Str5","set4_10_14937_678_NL_Str",5,0.138593955363079,9
"set4_10_14939_679_IBC_Str5","set4_10_14939_679_IBC_Str",9,0.190040469254232,9
"set4_10_14941_679_DCIS_Str5","set4_10_14941_679_DCIS_Str",5,0.120752361716034,9
"set4_10_14943_679_NL_Str5","set4_10_14943_679_NL_Str",5,0.141460933901755,9
"set4_10_14955_680_DCIS_2_Str5","set4_10_14955_680_DCIS_2_Str",1,0.137387657238508,9
"set4_10_14957_680_ADH_2_Str5","set4_10_14957_680_ADH_2_Str",1,0.12097721178942,9
"set4_10_14945_680_ADH_1_Str5","set4_10_14945_680_ADH_1_Str",2,0.103337014298706,9
"set4_10_14947_680_UDH_Str5","set4_10_14947_680_UDH_Str",5,0.120091401996212,9
"set4_10_14949_680_NL_Str5","set4_10_14949_680_NL_Str",5,0.0903405488778631,9
"set4_10_14951_680_DCIS_1_Str5","set4_10_14951_680_DCIS_1_Str",1,0.147806407325013,9
"set4_10_14953_680_IBC_Str5","set4_10_14953_680_IBC_Str",9,0.150504365361364,9
"set4_10_14959_680_LG_DCIS_Str5","set4_10_14959_680_LG_DCIS_Str",6,0.113112666180225,9
"set4_10_14961_680_AM_Str5","set4_10_14961_680_AM_Str",3,0.239344773141041,9
"set4_10_14967_681_DCIS_Str5","set4_10_14967_681_DCIS_Str",1,0.0936834721843844,9
"set4_10_14969_681_AM_Str5","set4_10_14969_681_AM_Str",3,0.170704713475379,9
"set4_10_14971_681_EN_Str5","set4_10_14971_681_EN_Str",1,0.121619251697635,9
"set4_10_14973_681_ADH_1_Str5","set4_10_14973_681_ADH_1_Str",5,0.100980055787978,9
"set4_10_14975_681_IBC_Str5","set4_10_14975_681_IBC_Str",9,0.182628669283012,9
"set4_10_14977_681_NL_Str5","set4_10_14977_681_NL_Str",5,0.152419155872275,9
"set4_10_14979_682_NL_Str5","set4_10_14979_682_NL_Str",5,0.122739647214967,9
"set4_10_14981_682_EN_Str5","set4_10_14981_682_EN_Str",8,0.0973897363482419,9
"set4_10_14983_682_IBC_Str5","set4_10_14983_682_IBC_Str",9,0.13908397475488,9
"set4_10_14985_682_Inf_NL_Str5","set4_10_14985_682_Inf_NL_Str",6,0.127704908789214,9
"set4_10_14988_683_DCIS_Str5","set4_10_14988_683_DCIS_Str",6,0.0843781033391233,9
"set4_10_14991_684_ADH_DCIS_Str5","set4_10_14991_684_ADH_DCIS_Str",9,0.0997026174840348,9
"set4_10_14993_684_DCIS_Str5","set4_10_14993_684_DCIS_Str",6,0.121759804668096,9
"set4_10_14995_684_NL_Str5","set4_10_14995_684_NL_Str",5,0.129931670369926,9
"set4_10_14997_684_IBC_Str5","set4_10_14997_684_IBC_Str",9,0.164399521824882,9
"set4_10_14999_685_DCIS_Str5","set4_10_14999_685_DCIS_Str",9,0.0963755929487989,9
"set4_10_15001_685_IBC_Str5","set4_10_15001_685_IBC_Str",9,0.124079968898991,9
"set4_10_15003_685_NL_Str5","set4_10_15003_685_NL_Str",5,0.12256753566416,9
"set4_10_15005_685_EN_Str5","set4_10_15005_685_EN_Str",5,0.131314634922075,9
"set4_10_15014_687_DCIS_1_Str5","set4_10_15014_687_DCIS_1_Str",9,0.122121871909162,9
"set4_10_15016_687_DCIS_2_Str5","set4_10_15016_687_DCIS_2_Str",6,0.161666212450158,9
"set4_10_15018_687_UDH_Str5","set4_10_15018_687_UDH_Str",5,0.119657072745924,9
"set4_10_15020_687_EN_Str5","set4_10_15020_687_EN_Str",2,0.106505393010177,9
"set4_10_15022_687_NL_Str5","set4_10_15022_687_NL_Str",5,0.159622791639975,9
"set4_10_15026_688_EN_1_Str5","set4_10_15026_688_EN_1_Str",6,0.0951728251805237,9
"set4_10_14912_676_EN_Str5","set4_10_14912_676_EN_Str",7,0.159648213358077,9
"set4_10_14914_676_BBD_2_Str5","set4_10_14914_676_BBD_2_Str",7,0.124660269604958,9
"set4_10_14917_676_DCIS_1_Str5","set4_10_14917_676_DCIS_1_Str",3,0.137451182893062,9
"set4_10_14919_676_BBD_1_Str5","set4_10_14919_676_BBD_1_Str",5,0.10724827615196,9
"set4_10_14921_676_NL_Str5","set4_10_14921_676_NL_Str",7,0.142967835272224,9
"set4_10_15008_686_DCIS_Str5","set4_10_15008_686_DCIS_Str",6,0.108836053018333,9
"set4_10_15010_686_EN_Str5","set4_10_15010_686_EN_Str",5,0.143348613611156,9
"set4_10_15012_686_NL_Str5","set4_10_15012_686_NL_Str",5,0.142116925810853,9
"set4_10_15033_689_IBC_Str5","set4_10_15033_689_IBC_Str",9,0.183668301858468,9
"set4_10_15035_689_DCIS_1_Str5","set4_10_15035_689_DCIS_1_Str",6,0.122721314757761,9
"set4_10_15037_689_NL_Str5","set4_10_15037_689_NL_Str",5,0.153153434035983,9
"set4_10_15039_689_DCIS_2_Str5","set4_10_15039_689_DCIS_2_Str",6,0.108478855314248,9
"set4_10_15041_689_EN_1_Str5","set4_10_15041_689_EN_1_Str",5,0.099991308865034,9
"set4_10_15043_689_EN_2_Str5","set4_10_15043_689_EN_2_Str",5,0.094019379848404,9
"set4_10_15053_690_EN_2_Str5","set4_10_15053_690_EN_2_Str",5,0.159021774269527,9
"set4_10_15063_691_EN_2_Str5","set4_10_15063_691_EN_2_Str",5,0.113645167988515,9
"set4_10_14965_681_ADH_2_Str5","set4_10_14965_681_ADH_2_Str",5,0.125420688988708,9
"set4_10_15024_688_IBC_Str5","set4_10_15024_688_IBC_Str",6,0.168208892364516,9
"set4_10_15028_688_NL_Str5","set4_10_15028_688_NL_Str",5,0.143943270106392,9
"set4_10_15030_688_EN_4_Str5","set4_10_15030_688_EN_4_Str",3,0.105445731575439,9
"set4_10_15107_688_EN_5_Str5","set4_10_15107_688_EN_5_Str",3,0.131422815039158,9
"set4_10_15045_690_NL_Str5","set4_10_15045_690_NL_Str",5,0.122022316369472,9
"set4_10_15047_690_EN_1_Str5","set4_10_15047_690_EN_1_Str",5,0.119052455629607,9
"set4_10_15049_690_IBC_Str5","set4_10_15049_690_IBC_Str",9,0.179544990120101,9
"set4_10_15051_690_DCIS_Str5","set4_10_15051_690_DCIS_Str",6,0.11304785427361,9
"set4_10_15055_690_i_DCIS_Str5","set4_10_15055_690_i_DCIS_Str",6,0.155165192159759,9
"set4_10_15057_691_IBC_Str5","set4_10_15057_691_IBC_Str",9,0.171414338968753,9
"set4_10_15059_691_EN_1_Str5","set4_10_15059_691_EN_1_Str",2,0.0990510926728017,9
"set4_10_15061_691_DCIS_Str5","set4_10_15061_691_DCIS_Str",2,0.10922425870628,9
"set4_10_15065_692_IBC_Str5","set4_10_15065_692_IBC_Str",9,0.15561064651239,9
"set4_10_15067_692_DCIS_Str5","set4_10_15067_692_DCIS_Str",6,0.145063571786013,9
"set4_10_15069_692_NL_Str5","set4_10_15069_692_NL_Str",6,0.113936274238496,9
"set4_10_15586_744_IBC_Str5","set4_10_15586_744_IBC_Str",9,0.173039307456828,9
"set4_10_15588_744_inF.NL_Str5","set4_10_15588_744_inF.NL_Str",6,0.13433146827506,9
"set4_10_15590_744_DCIS_Str5","set4_10_15590_744_DCIS_Str",9,0.0968047605339223,9
"set4_10_15592_745_CCC_Str5","set4_10_15592_745_CCC_Str",2,0.113939151198659,9
"set4_10_15594_745_BBD_Str5","set4_10_15594_745_BBD_Str",5,0.117653956711909,9
"set4_10_15596_745_IP_Str5","set4_10_15596_745_IP_Str",2,0.0954402221448262,9
"set4_10_15599_746_DCIS_Str5","set4_10_15599_746_DCIS_Str",6,0.141270708084635,9
"set4_10_15601_746_NL_Str5","set4_10_15601_746_NL_Str",6,0.103698394274239,9
"set4_10_15603_747_IBC_Str5","set4_10_15603_747_IBC_Str",9,0.182824425363038,9
"set4_10_15605_747_NL_Str5","set4_10_15605_747_NL_Str",1,0.108469425569396,9
"set4_10_15607_747_ADH_Str5","set4_10_15607_747_ADH_Str",5,0.133614142303729,9
"set4_10_15609_747_AM_Str5","set4_10_15609_747_AM_Str",3,0.140614465167804,9
"set4_10_15611_748_AM_Str5","set4_10_15611_748_AM_Str",1,0.119256575973754,9
"set4_10_15613_748_DCIS_Str5","set4_10_15613_748_DCIS_Str",3,0.12320198965153,9
"set4_10_15615_748_IBC_Str5","set4_10_15615_748_IBC_Str",9,0.154672248438651,9
"set4_10_15619_749_IBC_Str5","set4_10_15619_749_IBC_Str",9,0.16680236823084,9
"set4_10_15620_749_DCIS_Str5","set4_10_15620_749_DCIS_Str",9,0.125083036402386,9
"set4_10_15621_749_LVI_Str5","set4_10_15621_749_LVI_Str",9,0.136344020168719,9
"set4_10_15623_750_NL_Str5","set4_10_15623_750_NL_Str",5,0.129150661104696,9
"set4_10_15625_750_IBC_Str5","set4_10_15625_750_IBC_Str",9,0.168743896394232,9
"set4_10_15627_750_DCIS_Str5","set4_10_15627_750_DCIS_Str",9,0.132847693848559,9
"set4_10_15629_751_NL_Str5","set4_10_15629_751_NL_Str",5,0.142459434877907,9
"set4_10_15631_751_IBC_Str5","set4_10_15631_751_IBC_Str",9,0.147441559710015,9
"set4_10_15633_751_ADH_Str5","set4_10_15633_751_ADH_Str",5,0.129169458977101,9
"set4_10_15635_751_CCC_Str5","set4_10_15635_751_CCC_Str",5,0.148477820909918,9
"set4_10_15637_752_IBC_Str5","set4_10_15637_752_IBC_Str",9,0.139606443321846,9
"set4_10_15641_752_DCIS_Str5","set4_10_15641_752_DCIS_Str",5,0.125122270159088,9
"set4_10_15642_752_NL_Str5","set4_10_15642_752_NL_Str",8,0.133634099966844,9
"set4_10_15643_752_BBD_Str5","set4_10_15643_752_BBD_Str",8,0.115686033816863,9
"set4_10_15645_753_DCIS_Str5","set4_10_15645_753_DCIS_Str",9,0.121245343229957,9
"set4_10_15648_753_NL_Str5","set4_10_15648_753_NL_Str",5,0.1479716216281,9
"set4_10_15650_754_IBC_Str5","set4_10_15650_754_IBC_Str",9,0.17385559966241,9
"set4_10_15652_754_ADH_Str5","set4_10_15652_754_ADH_Str",9,0.105882456952629,9
"set4_10_15654_754_EN_1_Str5","set4_10_15654_754_EN_1_Str",5,0.0883034694240389,9
"set4_10_15656_754_DCIS_Str5","set4_10_15656_754_DCIS_Str",9,0.126300661990971,9
"set4_10_15658_754_EN_2_Str5","set4_10_15658_754_EN_2_Str",9,0.0888380082021181,9
"set4_10_15660_755_EN_Str5","set4_10_15660_755_EN_Str",3,0.115033942321608,9
"set4_10_15662_755_DCIS_inf_1_Str5","set4_10_15662_755_DCIS_inf_1_Str",6,0.148819313474333,9
"set4_10_15664_755_IBC_Str5","set4_10_15664_755_IBC_Str",6,0.154652607038309,9
"set4_10_15666_755_DCIS_inf_2_Str5","set4_10_15666_755_DCIS_inf_2_Str",6,0.138334049992277,9
"set4_10_15668_755_NL_Str5","set4_10_15668_755_NL_Str",5,0.122169801529323,9
"set4_10_15670_756_NL_Str5","set4_10_15670_756_NL_Str",5,0.0997775225577266,9
"set4_10_15672_756_EN_1_Str5","set4_10_15672_756_EN_1_Str",5,0.137159017486856,9
"set4_10_15674_756_IBC_Str5","set4_10_15674_756_IBC_Str",6,0.137613236240269,9
"set4_10_15676_756_UDH_1_Str5","set4_10_15676_756_UDH_1_Str",7,0.0968209847698134,9
"set4_10_15678_756_EN_2_Str5","set4_10_15678_756_EN_2_Str",8,0.132696914646164,9
"set4_10_15680_756_UDH_2_Str5","set4_10_15680_756_UDH_2_Str",8,0.185462306973943,9
"set4_10_15682_757_DCIS_Str5","set4_10_15682_757_DCIS_Str",9,0.100824636893858,9
"set4_10_15684_757_IBC_Str5","set4_10_15684_757_IBC_Str",9,0.130864971385459,9
"set4_10_15686_757_NL_Str5","set4_10_15686_757_NL_Str",5,0.132033738834443,9
"set4_10_15688_757_UDH_Str5","set4_10_15688_757_UDH_Str",5,0.126633165845802,9
"set4_10_15690_757_CCC_Str5","set4_10_15690_757_CCC_Str",8,0.118595972835501,9
"set4_10_15692_757_EN_Str5","set4_10_15692_757_EN_Str",8,0.131139130619553,9
"set4_10_15694_758_DCIS_1_Str5","set4_10_15694_758_DCIS_1_Str",6,0.0947336452507522,9
"set4_10_15696_758_IBC_1_Str5","set4_10_15696_758_IBC_1_Str",6,0.129196819791368,9
"set4_10_15698_758_NL_Str5","set4_10_15698_758_NL_Str",5,0.101543079864152,9
"set4_10_15704_758_EN_Str5","set4_10_15704_758_EN_Str",5,0.101024042978738,9
"set4_10_15710_760_UDH_Str5","set4_10_15710_760_UDH_Str",8,0.128319379307027,9
"set4_10_15714_760_IBC_Str5","set4_10_15714_760_IBC_Str",6,0.131697380229914,9
"set4_10_15716_760_EN_1_Str5","set4_10_15716_760_EN_1_Str",8,0.0975581305392132,9
"set4_10_15718_760_NL_Str5","set4_10_15718_760_NL_Str",8,0.133350081846467,9
"set4_10_15734_762_DCIS_2_Str5","set4_10_15734_762_DCIS_2_Str",6,0.125151239606029,9
"set4_10_15700_758_DCIS_2_Str5","set4_10_15700_758_DCIS_2_Str",8,0.0883712356687321,9
"set4_10_15702_758_IBC_2_Str5","set4_10_15702_758_IBC_2_Str",9,0.120534628154636,9
"set4_10_15706_759_DCIS_Str5","set4_10_15706_759_DCIS_Str",9,0.0948851893076216,9
"set4_10_15708_759_IBC_Str5","set4_10_15708_759_IBC_Str",9,0.146211541334509,9
"set4_10_15712_760_EN_2_Str5","set4_10_15712_760_EN_2_Str",8,0.130946900516966,9
"set4_10_15720_761_IBC_Str5","set4_10_15720_761_IBC_Str",9,0.117131068753635,9
"set4_10_15722_761_DCIS_Str5","set4_10_15722_761_DCIS_Str",6,0.103737180530426,9
"set4_10_15724_761_EN_1_Str5","set4_10_15724_761_EN_1_Str",5,0.115575261287332,9
"set4_10_15726_761_ADH_Str5","set4_10_15726_761_ADH_Str",8,0.104305094178439,9
"set4_10_15730_762_IBC_Str5","set4_10_15730_762_IBC_Str",9,0.149294383776706,9
"set4_10_15732_762_DCIS_1_Str5","set4_10_15732_762_DCIS_1_Str",9,0.121805733024853,9
"set4_10_15736_763_IBC_Str5","set4_10_15736_763_IBC_Str",8,0.133613889790638,9
"set4_10_15738_763_ADH_Str5","set4_10_15738_763_ADH_Str",8,0.154393707511034,9
"set4_10_15740_763_NL_1_Str5","set4_10_15740_763_NL_1_Str",8,0.179088469244195,9
"set4_10_15742_763_EN_Str5","set4_10_15742_763_EN_Str",8,0.124265497660107,9
"set4_10_15746_764_IBC_Str5","set4_10_15746_764_IBC_Str",6,0.120693604954201,9
"set4_10_15748_764_DCIS_1_Str5","set4_10_15748_764_DCIS_1_Str",6,0.126991099112408,9
"set4_10_15750_764_LVI_Str5","set4_10_15750_764_LVI_Str",6,0.100342011445531,9
"set4_10_15752_764_DCIS_2_Str5","set4_10_15752_764_DCIS_2_Str",9,0.11855570675295,9
"set4_10_15754_764_EN_Str5","set4_10_15754_764_EN_Str",5,0.118708796081932,9
"set4_10_15756_764_NL_Str5","set4_10_15756_764_NL_Str",5,0.119609133170072,9
"set4_10_15758_765_IBC_Str5","set4_10_15758_765_IBC_Str",9,0.156569111265155,9
"set4_10_15760_765_DCIS_Str5","set4_10_15760_765_DCIS_Str",3,0.141597903619334,9
"set4_10_15762_765_EN_1_Str5","set4_10_15762_765_EN_1_Str",1,0.198824738315482,9
"set4_10_15766_765_NL_Str5","set4_10_15766_765_NL_Str",1,0.129695320675262,9
"set4_10_15768_766_NL_Str5","set4_10_15768_766_NL_Str",5,0.126697574697106,9
"set4_10_15770_766_inf_NL_Str5","set4_10_15770_766_inf_NL_Str",6,0.153526323814153,9
"set4_10_15772_766_IBC_Str5","set4_10_15772_766_IBC_Str",9,0.147719088019748,9
"set4_10_15774_766_AM_Str5","set4_10_15774_766_AM_Str",3,0.154477206046687,9
"set4_10_15776_766_EN_Str5","set4_10_15776_766_EN_Str",5,0.122323797310079,9
"set4_10_15778_767_IBC_Str5","set4_10_15778_767_IBC_Str",9,0.141306567720102,9
"set4_10_15780_767_DCIS_Str5","set4_10_15780_767_DCIS_Str",9,0.10170688857068,9
"set4_10_15782_767_AM_2_Str5","set4_10_15782_767_AM_2_Str",5,0.108990000977463,9
"set4_10_15784_767_ADH_Str5","set4_10_15784_767_ADH_Str",5,0.126131287296808,9
"set4_10_15788_767_NL_Str5","set4_10_15788_767_NL_Str",5,0.117836119518445,9
"set4_10_15790_768_IBC_Str5","set4_10_15790_768_IBC_Str",6,0.145404319838414,9
"set4_10_15792_768_NL_Str5","set4_10_15792_768_NL_Str",5,0.126976348756809,9
"set4_10_15796_768_EN_2_Str5","set4_10_15796_768_EN_2_Str",5,0.133113061136848,9
"set4_10_15798_768_EN_3_Str5","set4_10_15798_768_EN_3_Str",8,0.106604826056849,9
"set4_10_15800_769_IBC_Str5","set4_10_15800_769_IBC_Str",9,0.147364703281564,9
"set4_10_15802_769_DCIS_1_Str5","set4_10_15802_769_DCIS_1_Str",6,0.126743686322239,9
"set4_10_15806_769_EN_1_Str5","set4_10_15806_769_EN_1_Str",7,0.106209326340613,9
"set4_10_15810_769_NL_Str5","set4_10_15810_769_NL_Str",8,0.114910723553218,9
"set4_10_15812_769_EN_4_Str5","set4_10_15812_769_EN_4_Str",5,0.105461693068349,9
"set4_10_15818_769_AM_Str5","set4_10_15818_769_AM_Str",3,0.279394626539845,9
"set4_10_15786_767_AM_1_Str5","set4_10_15786_767_AM_1_Str",3,0.127242438044698,9
"set4_10_15794_768_EN_1_Str5","set4_10_15794_768_EN_1_Str",5,0.104305020577374,9
"set4_10_15804_769_DCIS_2_Str5","set4_10_15804_769_DCIS_2_Str",6,0.141740844217562,9
"set4_10_15808_769_EN_3_Str5","set4_10_15808_769_EN_3_Str",3,0.105723293221097,9
"set4_10_15816_769_EN_6_Str5","set4_10_15816_769_EN_6_Str",7,0.134477659835703,9
"set4_10_15820_770_DCIS_Str5","set4_10_15820_770_DCIS_Str",6,0.118988680026285,9
"set4_10_15822_770_IBC_Str5","set4_10_15822_770_IBC_Str",9,0.175479734059849,9
"set4_10_15824_770_EN_1_Str5","set4_10_15824_770_EN_1_Str",5,0.121783210249058,9
"set4_10_15826_770_NL_Str5","set4_10_15826_770_NL_Str",5,0.125714354612511,9
"set4_10_15830_771_EN_4_Str5","set4_10_15830_771_EN_4_Str",7,0.143767207140872,9
"set4_10_15836_771_DCIS_3_Str5","set4_10_15836_771_DCIS_3_Str",1,0.112251353863592,9
"set4_10_15832_771_NL_Str5","set4_10_15832_771_NL_Str",5,0.129553300597968,9
"set4_10_15834_771_EN_2_Str5","set4_10_15834_771_EN_2_Str",1,0.137939945230956,9
"set4_10_15840_771_DCIS_1_Str5","set4_10_15840_771_DCIS_1_Str",9,0.137124263551917,9
"set4_10_15844_771_IBC_Str5","set4_10_15844_771_IBC_Str",9,0.148650036985903,9
"set4_10_15728_761_EN_2_Str5","set4_10_15728_761_EN_2_Str",3,0.132366891560595,9
"set4_10_15744_763_NL_2_Str5","set4_10_15744_763_NL_2_Str",1,0.105615529202093,9
"set4_10_15764_765_EN_2_Str5","set4_10_15764_765_EN_2_Str",1,0.14059023533176,9
"set4_10_15814_769_EN_5_Str5","set4_10_15814_769_EN_5_Str",5,0.120655898079999,9
"set4_10_15828_771_EN_3_Str5","set4_10_15828_771_EN_3_Str",8,0.113216463183368,9
"set4_10_15838_771_EN_1_Str5","set4_10_15838_771_EN_1_Str",8,0.100999901067626,9
"set4_10_15842_771_DCIS_2_Str5","set4_10_15842_771_DCIS_2_Str",9,0.122166838793803,9
"set4_10_15846_772_IBC_Str5","set4_10_15846_772_IBC_Str",9,0.140195518031821,9
"set4_10_15848_772_DCIS_1_Str5","set4_10_15848_772_DCIS_1_Str",8,0.108030450013391,9
"set4_10_15850_772_DCIS_2_Str5","set4_10_15850_772_DCIS_2_Str",8,0.0982456543224662,9
"set4_10_15852_772_EN_1_Str5","set4_10_15852_772_EN_1_Str",5,0.121617756189365,9
"set4_10_15854_772_EN_2_Str5","set4_10_15854_772_EN_2_Str",5,0.118792300239948,9
"set4_10_15856_772_EN_3_Str5","set4_10_15856_772_EN_3_Str",8,0.117243401629621,9
"set4_10_15858_772_EN_4_Str5","set4_10_15858_772_EN_4_Str",8,0.161777681704088,9
"set4_10_15860_772_NL_Str5","set4_10_15860_772_NL_Str",5,0.140549848375202,9
"set1_3_11771_354_EN_S_S2_R1_0016","set1_3_11771_354_EN_S_S2_R1_001",9,0.0958387154259141,10
"set1_3_11773_354_IDC_S_S4_R1_0016","set1_3_11773_354_IDC_S_S4_R1_001",4,0.138142305736046,10
"set1_3_11775_354_RS1_S_center_S6_R1_0016","set1_3_11775_354_RS1_S_center_S6_R1_001",4,0.111473697140001,10
"set1_3_11777_354_RS1_S_peripheral_S8_R1_0016","set1_3_11777_354_RS1_S_peripheral_S8_R1_001",9,0.10971587209999,10
"set1_3_11779_354_RS2_S_center_S10_R1_0016","set1_3_11779_354_RS2_S_center_S10_R1_001",9,0.0970105411258108,10
"set1_3_11781_354_RS2_S_peripheral_S12_R1_0016","set1_3_11781_354_RS2_S_peripheral_S12_R1_001",9,0.109957581385412,10
"set1_3_11783_354_NL_S_S14_R1_0016","set1_3_11783_354_NL_S_S14_R1_001",9,0.102834762746488,10
"set1_3_11785_355_RS1_S_center_S16_R1_0016","set1_3_11785_355_RS1_S_center_S16_R1_001",4,0.128882322437232,10
"set1_3_11787_355_RS1_S_peripheral_S18_R1_0016","set1_3_11787_355_RS1_S_peripheral_S18_R1_001",2,0.131443659641195,10
"set1_3_11790_355_RS2_S_center_S21_R1_0016","set1_3_11790_355_RS2_S_center_S21_R1_001",1,0.0971626639294451,10
"set1_3_11792_355_RS2_S_peripheral_S23_R1_0016","set1_3_11792_355_RS2_S_peripheral_S23_R1_001",2,0.126889786325763,10
"set1_3_11795_355_NL_S_S26_R1_0016","set1_3_11795_355_NL_S_S26_R1_001",2,0.137422756909541,10
"set1_3_11797_355_RS3_S_center_S28_R1_0016","set1_3_11797_355_RS3_S_center_S28_R1_001",9,0.089438882201883,10
"set1_3_11799_355_RS3_S_peripheral_S30_R1_0016","set1_3_11799_355_RS3_S_peripheral_S30_R1_001",2,0.12411966453784,10
"set1_3_11803_356_RS1_S_center_S33_R1_0016","set1_3_11803_356_RS1_S_center_S33_R1_001",4,0.113375701571563,10
"set1_3_11805_356_RS1_S_peripheral_S35_R1_0016","set1_3_11805_356_RS1_S_peripheral_S35_R1_001",9,0.112371203803661,10
"set1_3_11807_357_NL_S_S41_R1_0016","set1_3_11807_357_NL_S_S41_R1_001",6,0.101146578712897,10
"set1_3_11809_357_RS1_S_center_S33_R1_0016","set1_3_11809_357_RS1_S_center_S33_R1_001",9,0.0904870229410442,10
"set1_3_11811_357_RS1_S_peripheral_S42_R1_0016","set1_3_11811_357_RS1_S_peripheral_S42_R1_001",9,0.0924942406374125,10
"set1_3_11814_358_NL_S_S37_R1_0016","set1_3_11814_358_NL_S_S37_R1_001",9,0.130871047119278,10
"set1_3_11816_358_EN_S_S39_R1_0016","set1_3_11816_358_EN_S_S39_R1_001",2,0.110081876359639,10
"set1_3_11818_358_RS1_S_center_S41_R1_0016","set1_3_11818_358_RS1_S_center_S41_R1_001",4,0.1012678242237,10
"set1_3_11820_358_RS1_S_peripheral_S43_R1_0016","set1_3_11820_358_RS1_S_peripheral_S43_R1_001",8,0.104992630317426,10
"set1_3_11822_358_IBC_S_S45_R1_0016","set1_3_11822_358_IBC_S_S45_R1_001",3,0.107085663767236,10
"set1_3_11824_358_RS2_S_center_S47_R1_0016","set1_3_11824_358_RS2_S_center_S47_R1_001",4,0.12637056710082,10
"set1_3_11826_358_RS2_S_peripheral_S49_R1_0016","set1_3_11826_358_RS2_S_peripheral_S49_R1_001",9,0.110018585492866,10
"set1_3_11828_359_RS1_S_center_S51_R1_0016","set1_3_11828_359_RS1_S_center_S51_R1_001",9,0.110031296176233,10
"set1_3_11830_359_RS1_S_peripheral_S53_R1_0016","set1_3_11830_359_RS1_S_peripheral_S53_R1_001",8,0.14103748428577,10
"set1_3_11834_359_RS2_S_center_S56_R1_0016","set1_3_11834_359_RS2_S_center_S56_R1_001",8,0.100814951469095,10
"set1_3_11836_359_RS2_S_peripheral_S58_R1_0016","set1_3_11836_359_RS2_S_peripheral_S58_R1_001",9,0.0909614202043358,10
"set1_3_11839_360_RS1_S_center_S43_R1_0016","set1_3_11839_360_RS1_S_center_S43_R1_001",9,0.115239543221656,10
"set1_3_11841_360_RS1_S_peripheral_S36_R1_0016","set1_3_11841_360_RS1_S_peripheral_S36_R1_001",9,0.108826991899816,10
"set1_3_11843_360_NL_S_S53_R1_0016","set1_3_11843_360_NL_S_S53_R1_001",9,0.10981779510463,10
"set1_3_11845_361_RS1_S_center_S31_R1_0016","set1_3_11845_361_RS1_S_center_S31_R1_001",9,0.0918095222134842,10
"set1_3_11847_361_RS1_S_peripheral_S35_R1_0016","set1_3_11847_361_RS1_S_peripheral_S35_R1_001",2,0.104129917404206,10
"set1_3_11849_361_RS2_S_center_S20_R1_0016","set1_3_11849_361_RS2_S_center_S20_R1_001",9,0.0958026172325721,10
"set1_3_11851_361_RS2_S_peripheral_S45_R1_0016","set1_3_11851_361_RS2_S_peripheral_S45_R1_001",9,0.0904466681302398,10
"set1_3_11853_361_RS4_S_center_S29_R1_0016","set1_3_11853_361_RS4_S_center_S29_R1_001",9,0.100243266009394,10
"set1_3_11855_361_RS4_S_peripheral_S25_R1_0016","set1_3_11855_361_RS4_S_peripheral_S25_R1_001",9,0.0870360802882947,10
"set1_3_11857_361_RS3_S_center_S26_R1_0016","set1_3_11857_361_RS3_S_center_S26_R1_001",9,0.0998372838769613,10
"set1_3_11859_361_RS3_S_peripheral_S54_R1_0016","set1_3_11859_361_RS3_S_peripheral_S54_R1_001",9,0.0874565215983148,10
"set1_3_11863_362_RS1_S_center_S28_R1_0016","set1_3_11863_362_RS1_S_center_S28_R1_001",4,0.0839207474502853,10
"set1_3_11865_362_RS1_S_peripheral_S40_R1_0016","set1_3_11865_362_RS1_S_peripheral_S40_R1_001",9,0.078907460193571,10
"set1_3_11868_363_RS1_S_center_S27_R1_0016","set1_3_11868_363_RS1_S_center_S27_R1_001",4,0.107282946636811,10
"set1_3_11870_363_RS1_S_peripheral_S46_R1_0016","set1_3_11870_363_RS1_S_peripheral_S46_R1_001",9,0.0894527460398657,10
"set1_3_11872_363_NL_S_S57_R1_0016","set1_3_11872_363_NL_S_S57_R1_001",9,0.0991566363098727,10
"set1_3_11875_364_RS1_S_center_S52_R1_0016","set1_3_11875_364_RS1_S_center_S52_R1_001",9,0.0858093272569421,10
"set1_3_11877_364_RS1_S_peripheral_S56_R1_0016","set1_3_11877_364_RS1_S_peripheral_S56_R1_001",9,0.0987351880349781,10
"set1_3_11881_364_RS2_S_center_S37_R1_0016","set1_3_11881_364_RS2_S_center_S37_R1_001",8,0.0906954334131981,10
"set1_3_13814_552_IBC_Str_16","set1_3_13814_552_IBC_Str_1",5,0.113859661886147,10
"set1_3_13829_551_DCIS_Str6","set1_3_13829_551_DCIS_Str",9,0.114636383177413,10
"set1_3_13831_550_ADH_Str_16","set1_3_13831_550_ADH_Str_1",8,0.122384407507195,10
"set1_3_13837_550_DCIS_Str_16","set1_3_13837_550_DCIS_Str_1",9,0.115728273893932,10
"set1_3_13841_549_DCIS_Str6","set1_3_13841_549_DCIS_Str",5,0.110806172534354,10
"set1_3_13843_549_IBC_Str6","set1_3_13843_549_IBC_Str",5,0.135537007647599,10
"set1_3_13845_549_IN_Str6","set1_3_13845_549_IN_Str",10,0.109109846160353,10
"set1_3_13849_550_DCIS_Str_26","set1_3_13849_550_DCIS_Str_2",9,0.0916741891513502,10
"set1_3_13855_549_NL_Str6","set1_3_13855_549_NL_Str",9,0.11929752145212,10
"set1_3_13859_548_DCIS_Str6","set1_3_13859_548_DCIS_Str",9,0.0935738457037208,10
"set1_3_13861_548_IBC_Str6","set1_3_13861_548_IBC_Str",10,0.11361409222375,10
"set1_3_13863_547_NL_Str6","set1_3_13863_547_NL_Str",9,0.133829892015191,10
"set1_3_13865_547_CCC_Str_16","set1_3_13865_547_CCC_Str_1",10,0.128032489856826,10
"set1_3_13867_547_CCH_Str_16","set1_3_13867_547_CCH_Str_1",2,0.102448305363175,10
"set1_3_13869_547_IBC_Str_16","set1_3_13869_547_IBC_Str_1",4,0.129413565517359,10
"set1_3_13871_547_DCIS_Str6","set1_3_13871_547_DCIS_Str",4,0.122520509328944,10
"set1_3_13873_547_CCC_Str_26","set1_3_13873_547_CCC_Str_2",5,0.109579953163932,10
"set1_3_13877_547_CCC_Str_36","set1_3_13877_547_CCC_Str_3",5,0.116515353807642,10
"set1_3_13879_547_IBC_Str_26","set1_3_13879_547_IBC_Str_2",5,0.134585115439653,10
"set1_3_13881_547_NL_Str6","set1_3_13881_547_NL_Str",9,0.107128886493752,10
"set1_3_13883_546_NL_Str6","set1_3_13883_546_NL_Str",9,0.103727456419107,10
"set1_3_13885_546_ALH_Str6","set1_3_13885_546_ALH_Str",9,0.115567848916625,10
"set1_3_13887_546_IBC_Str6","set1_3_13887_546_IBC_Str",10,0.140953193971703,10
"set1_3_13889_546_LIN_Str6","set1_3_13889_546_LIN_Str",10,0.10836956691002,10
"set1_3_13891_546_CCH_Str6","set1_3_13891_546_CCH_Str",9,0.104191279662866,10
"set1_3_13893_546_HIN_Str6","set1_3_13893_546_HIN_Str",10,0.170256794826606,10
"set1_3_13895_546_MIN_Str6","set1_3_13895_546_MIN_Str",10,0.15700940709141,10
"set1_3_13897_545_CCC_Str_16","set1_3_13897_545_CCC_Str_1",9,0.119504555597421,10
"set1_3_13899_545_ADH_Str6","set1_3_13899_545_ADH_Str",9,0.115594902353478,10
"set1_3_13901_545_UDH_Str_16","set1_3_13901_545_UDH_Str_1",3,0.11478691965918,10
"set1_3_13903_545_AM_Str_16","set1_3_13903_545_AM_Str_1",9,0.121289704688173,10
"set1_3_13905_545_IBC_Str6","set1_3_13905_545_IBC_Str",3,0.127239067786954,10
"set1_3_13907_545_DCIS_Str_16","set1_3_13907_545_DCIS_Str_1",3,0.120250077821813,10
"set1_3_13909_545_CCC_Str_26","set1_3_13909_545_CCC_Str_2",3,0.110639816054914,10
"set1_3_13917_545_DCIS_Str_26","set1_3_13917_545_DCIS_Str_2",3,0.215445123580633,10
"set1_3_13925_544_DCIS_Str_16","set1_3_13925_544_DCIS_Str_1",9,0.103175580804207,10
"set1_3_13927_544_DCIS_Str_26","set1_3_13927_544_DCIS_Str_2",10,0.124753691133963,10
"set1_3_13929_544_IBC_Str6","set1_3_13929_544_IBC_Str",10,0.117010510540201,10
"set1_3_13931_544_DCIS_Str_36","set1_3_13931_544_DCIS_Str_3",10,0.129466998067726,10
"set1_3_13939_568_NL_Str6","set1_3_13939_568_NL_Str",9,0.0930698144519219,10
"set1_3_13941_568_IBC_Str6","set1_3_13941_568_IBC_Str",10,0.0977766195628422,10
"set1_3_13943_568_DCIS_Str6","set1_3_13943_568_DCIS_Str",10,0.0859807030432872,10
"set1_3_13947_570_CCC_Str_16","set1_3_13947_570_CCC_Str_1",5,0.0998331940662271,10
"set1_3_13949_570_IBC_Str6","set1_3_13949_570_IBC_Str",5,0.0979885857099159,10
"set1_3_13951_570_DCIS_Str6","set1_3_13951_570_DCIS_Str",9,0.0970735415460147,10
"set1_3_13953_570_ADH_Str_16","set1_3_13953_570_ADH_Str_1",9,0.0867074211333828,10
"set1_3_13955_570_NL_Str6","set1_3_13955_570_NL_Str",9,0.107469557782178,10
"set1_3_13957_570_CCC_Str_26","set1_3_13957_570_CCC_Str_2",9,0.0977534390871627,10
"set1_3_13959_570_CCH_Str6","set1_3_13959_570_CCH_Str",9,0.0984379887859226,10
"set1_3_13961_570_ADH_Str_26","set1_3_13961_570_ADH_Str_2",9,0.111886258826997,10
"set1_3_13963_569_IBC_Str6","set1_3_13963_569_IBC_Str",4,0.092787933137432,10
"set1_3_13965_567_EN_Str6","set1_3_13965_567_EN_Str",5,0.143205591845036,10
"set1_3_13969_567_DCIS_Str6","set1_3_13969_567_DCIS_Str",10,0.136352038767487,10
"set1_3_13971_567_IBC_Str6","set1_3_13971_567_IBC_Str",5,0.108226902388245,10
"set1_3_13977_565_EN_Str6","set1_3_13977_565_EN_Str",2,0.113046947011327,10
"set1_3_13983_561_DCIS_Str6","set1_3_13983_561_DCIS_Str",4,0.10416581260991,10
"set1_3_13985_561_IBC_Str6","set1_3_13985_561_IBC_Str",4,0.146304822254269,10
"set1_3_13988_562_DCIS_Str_16","set1_3_13988_562_DCIS_Str_1",9,0.10532433665122,10
"set1_3_13992_562_DCIS_Str_26","set1_3_13992_562_DCIS_Str_2",10,0.0788538452528167,10
"set1_3_13994_562_NL_Str_26","set1_3_13994_562_NL_Str_2",9,0.12616236176646,10
"set1_3_13996_563_NL_Str6","set1_3_13996_563_NL_Str",10,0.119491092130577,10
"set1_3_13998_563_IBC_Str6","set1_3_13998_563_IBC_Str",10,0.133275986709468,10
"set1_3_14002_553_DCIS_Str6","set1_3_14002_553_DCIS_Str",5,0.122601022008965,10
"set1_3_14004_553_IBC_Str6","set1_3_14004_553_IBC_Str",5,0.116603318367518,10
"set1_3_14008_553_EN_Str6","set1_3_14008_553_EN_Str",5,0.115603848574834,10
"set1_3_14013_560_CCC_Str6","set1_3_14013_560_CCC_Str",2,0.143517222742678,10
"set1_3_14015_560_AM_Str6","set1_3_14015_560_AM_Str",5,0.0981600802527357,10
"set1_3_14017_560_NL_Str_16","set1_3_14017_560_NL_Str_1",9,0.109999204785185,10
"set1_3_14019_560_NL_Str_26","set1_3_14019_560_NL_Str_2",9,0.105364085047037,10
"set1_3_14021_560_IBC_Str_16","set1_3_14021_560_IBC_Str_1",10,0.123227862952568,10
"set1_3_14023_560_SA_Str6","set1_3_14023_560_SA_Str",9,0.104978989049145,10
"set1_3_14026_560_IBC_Str_26","set1_3_14026_560_IBC_Str_2",5,0.103296267747913,10
"set1_3_14035_572_IBC_Str6","set1_3_14035_572_IBC_Str",10,0.150479927627042,10
"set1_3_14037_571_NL_Str6","set1_3_14037_571_NL_Str",8,0.114661872623451,10
"set1_3_14039_571_EN_Str6","set1_3_14039_571_EN_Str",10,0.178231527217966,10
"set1_3_14041_571_DCISw_Str6","set1_3_14041_571_DCISw_Str",10,0.175801172207716,10
"set1_3_14043_571_DCIS_Str6","set1_3_14043_571_DCIS_Str",10,0.118104889149334,10
"set1_3_14045_571_IBC_Str_16","set1_3_14045_571_IBC_Str_1",10,0.150269013901048,10
"set1_3_14047_571_IBC_Str_26","set1_3_14047_571_IBC_Str_2",5,0.103494519735885,10
"set1_3_14049_566_IBC_Str6","set1_3_14049_566_IBC_Str",10,0.112239623680209,10
"set1_3_14051_566_DCIS_Str6","set1_3_14051_566_DCIS_Str",10,0.154538773520976,10
"set1_3_14053_566_UDH_Str6","set1_3_14053_566_UDH_Str",9,0.0923902688132763,10
"set1_3_14063_564_DCIS_Str6","set1_3_14063_564_DCIS_Str",10,0.123017557592135,10
"set1_3_14065_564_HP_Str6","set1_3_14065_564_HP_Str",8,0.116023488419696,10
"set1_3_14067_564_NL_Str6","set1_3_14067_564_NL_Str",8,0.147292868080919,10
"set1_3_14069_564_IBC_Str6","set1_3_14069_564_IBC_Str",10,0.0936747772473102,10
"set1_3_14071_559_DCIS_Str6","set1_3_14071_559_DCIS_Str",10,0.103540395339689,10
"set1_3_14073_559_IBC_Str6","set1_3_14073_559_IBC_Str",10,0.0905772091848056,10
"set1_3_14075_559_CCH_Str6","set1_3_14075_559_CCH_Str",2,0.154186804003337,10
"set1_3_14081_558_IBC_Str6","set1_3_14081_558_IBC_Str",4,0.120748491826698,10
"set1_3_14085_558_DCIS_Str_16","set1_3_14085_558_DCIS_Str_1",5,0.108657605500574,10
"set1_3_14093_557_IBC_Str6","set1_3_14093_557_IBC_Str",5,0.130469897706785,10
"set1_3_14095_557_DCIS_Str6","set1_3_14095_557_DCIS_Str",9,0.0948389952954515,10
"set1_3_14097_556_IBC_Str_16","set1_3_14097_556_IBC_Str_1",5,0.082948562000083,10
"set1_3_14099_556_ADH_Str_16","set1_3_14099_556_ADH_Str_1",9,0.126339004383144,10
"set1_3_14101_556_ADH_Str_26","set1_3_14101_556_ADH_Str_2",9,0.137039147395545,10
"set1_3_14105_556_IBC_Str_26","set1_3_14105_556_IBC_Str_2",9,0.099362800996693,10
"set1_3_14111_555_IN_Str6","set1_3_14111_555_IN_Str",10,0.112028273595972,10
"set1_3_14113_555_iIBC_Str6","set1_3_14113_555_iIBC_Str",10,0.115518747674873,10
"set1_3_14115_555_IBC_Str6","set1_3_14115_555_IBC_Str",5,0.125789086442492,10
"set4_10_14732_656_IBC_Str6","set4_10_14732_656_IBC_Str",4,0.111020313440786,10
"set4_10_14734_656_BBD_Str6","set4_10_14734_656_BBD_Str",7,0.134872115148544,10
"set4_10_14736_656_NL_Str6","set4_10_14736_656_NL_Str",6,0.0949359201627447,10
"set4_10_14738_657_CCC_Str6","set4_10_14738_657_CCC_Str",8,0.100162359924803,10
"set4_10_14740_657_NL_Str6","set4_10_14740_657_NL_Str",7,0.0816615028086545,10
"set4_10_14742_657_DCIS_Str6","set4_10_14742_657_DCIS_Str",4,0.135225652958128,10
"set4_10_14743_657_IBC_Str6","set4_10_14743_657_IBC_Str",4,0.140060592337665,10
"set4_10_14748_658_DCIS_Str6","set4_10_14748_658_DCIS_Str",10,0.150506312784961,10
"set4_10_14749_658_IBC_Str6","set4_10_14749_658_IBC_Str",10,0.119782481272351,10
"set4_10_14750_658_NL_Str6","set4_10_14750_658_NL_Str",6,0.116467737013721,10
"set4_10_14753_659_DCIS_Str6","set4_10_14753_659_DCIS_Str",2,0.0916414827359416,10
"set4_10_14754_659_IBC_Str6","set4_10_14754_659_IBC_Str",10,0.099013765374164,10
"set4_10_14756_659_DCIS_Str6","set4_10_14756_659_DCIS_Str",2,0.131937489782672,10
"set4_10_14758_659_NL_Str6","set4_10_14758_659_NL_Str",8,0.078966181345188,10
"set4_10_14792_663_DCIS_Str6","set4_10_14792_663_DCIS_Str",7,0.106218512465041,10
"set4_10_14794_663_IBC_Str6","set4_10_14794_663_IBC_Str",8,0.0961468854657758,10
"set4_10_14796_663_NL_Str6","set4_10_14796_663_NL_Str",7,0.133031524451474,10
"set4_10_14760_660_IBC_Str6","set4_10_14760_660_IBC_Str",10,0.114129253552086,10
"set4_10_14762_660_DCIS_Str6","set4_10_14762_660_DCIS_Str",10,0.104087877361034,10
"set4_10_14764_660_NL_Str6","set4_10_14764_660_NL_Str",7,0.101983209643842,10
"set4_10_14766_660_LVI_Str6","set4_10_14766_660_LVI_Str",10,0.109521113392623,10
"set4_10_14768_661_IBC_Str6","set4_10_14768_661_IBC_Str",4,0.125635757843326,10
"set4_10_14770_661_AM_Str6","set4_10_14770_661_AM_Str",3,0.207356903671297,10
"set4_10_14772_661_ADH_Str6","set4_10_14772_661_ADH_Str",7,0.140854061174544,10
"set4_10_14774_661_DCIS_Str6","set4_10_14774_661_DCIS_Str",7,0.109243425497656,10
"set4_10_14776_661_ADH_Str6","set4_10_14776_661_ADH_Str",7,0.135772569313485,10
"set4_10_14778_661_NL_Str6","set4_10_14778_661_NL_Str",7,0.158089872992946,10
"set4_10_14780_662_DCIS.1_Str6","set4_10_14780_662_DCIS.1_Str",4,0.143741108838956,10
"set4_10_14782_662_MIV.1_Str6","set4_10_14782_662_MIV.1_Str",10,0.107931721795991,10
"set4_10_14784_662_DCIS.2_Str6","set4_10_14784_662_DCIS.2_Str",4,0.123115167289913,10
"set4_10_14786_662_MIV.2_Str6","set4_10_14786_662_MIV.2_Str",10,0.115514494664419,10
"set4_10_14788_662_DCIS.3_Str6","set4_10_14788_662_DCIS.3_Str",4,0.143652556300736,10
"set4_10_14790_662_IBC_Str6","set4_10_14790_662_IBC_Str",4,0.146215062518204,10
"set4_10_14910_676_DCIS.2_Str6","set4_10_14910_676_DCIS.2_Str",3,0.134327781548839,10
"set4_10_14799_664_BBD_Str6","set4_10_14799_664_BBD_Str",7,0.111988210908869,10
"set4_10_14801_664_IBC_Str6","set4_10_14801_664_IBC_Str",4,0.121649219736455,10
"set4_10_14803_664_ADH_Str6","set4_10_14803_664_ADH_Str",2,0.121788289642461,10
"set4_10_14806_665_IBC_Str6","set4_10_14806_665_IBC_Str",4,0.147005198769795,10
"set4_10_14808_665_inf_NL_Str6","set4_10_14808_665_inf_NL_Str",10,0.15890256043051,10
"set4_10_14860_665_DCIS_Str6","set4_10_14860_665_DCIS_Str",10,0.0902629104267734,10
"set4_10_14811_665_NL_Str6","set4_10_14811_665_NL_Str",6,0.0982394216651314,10
"set4_10_14814_666_DCIS_Str6","set4_10_14814_666_DCIS_Str",6,0.102704192940151,10
"set4_10_14815_666_IBC_Str6","set4_10_14815_666_IBC_Str",4,0.11663334456255,10
"set4_10_14817_666_NL_Str6","set4_10_14817_666_NL_Str",6,0.103619799641667,10
"set4_10_14819_666_BBD_Str6","set4_10_14819_666_BBD_Str",2,0.0956155257712172,10
"set4_10_14854_671_UDH_Str6","set4_10_14854_671_UDH_Str",2,0.102185297721172,10
"set4_10_14858_671_IBC_Str6","set4_10_14858_671_IBC_Str",4,0.133796413726478,10
"set4_10_14859_671_DCIS_Str6","set4_10_14859_671_DCIS_Str",4,0.112014878405569,10
"set4_10_14861_671_AM_Str6","set4_10_14861_671_AM_Str",3,0.126096621555535,10
"set4_10_14863_671_CCC_Str6","set4_10_14863_671_CCC_Str",2,0.0945675304516115,10
"set4_10_14823_667_IBC_Str6","set4_10_14823_667_IBC_Str",10,0.112930723070559,10
"set4_10_14824_667_DCIS_Str6","set4_10_14824_667_DCIS_Str",8,0.0886862466359566,10
"set4_10_14825_667_NL_Str6","set4_10_14825_667_NL_Str",8,0.110068052311405,10
"set4_10_14827_668_IBC_Str6","set4_10_14827_668_IBC_Str",4,0.130038248864185,10
"set4_10_14831_668_DCIS_Str6","set4_10_14831_668_DCIS_Str",6,0.0915271902402393,10
"set4_10_14832_668_NL_Str6","set4_10_14832_668_NL_Str",6,0.126451777358419,10
"set4_10_14835_669_IBC_Str6","set4_10_14835_669_IBC_Str",4,0.128593827331318,10
"set4_10_14836_669_NL_Str6","set4_10_14836_669_NL_Str",8,0.153500003262255,10
"set4_10_14838_669_DCIS_Str6","set4_10_14838_669_DCIS_Str",7,0.107517252195048,10
"set4_10_14841_670_EN_Str6","set4_10_14841_670_EN_Str",2,0.134827727837954,10
"set4_10_14842_670_DCIS_Str6","set4_10_14842_670_DCIS_Str",3,0.182817611993164,10
"set4_10_14845_670_DCIS_Str6","set4_10_14845_670_DCIS_Str",3,0.0919093412433319,10
"set4_10_14846_670_IBC_Str6","set4_10_14846_670_IBC_Str",3,0.233540364378019,10
"set4_10_14850_670_BBD_Str6","set4_10_14850_670_BBD_Str",2,0.11459414962407,10
"set4_10_14851_670_CCC_Str6","set4_10_14851_670_CCC_Str",2,0.114504429884955,10
"set4_10_14852_670_AM_Str6","set4_10_14852_670_AM_Str",2,0.102329654246933,10
"set4_10_14865_672_inf_NL_Str_S2_R1_0016","set4_10_14865_672_inf_NL_Str_S2_R1_001",2,0.11293114646554,10
"set4_10_14867_672_IBC_Str_1_S4_R1_0016","set4_10_14867_672_IBC_Str_1_S4_R1_001",4,0.12896569567071,10
"set4_10_14871_672_DCIS_Str_S8_R1_0016","set4_10_14871_672_DCIS_Str_S8_R1_001",4,0.0871465049509343,10
"set4_10_14872_672_CaLob_Str_S9_R1_0016","set4_10_14872_672_CaLob_Str_S9_R1_001",10,0.143891793594204,10
"set4_10_14874_672_NL_Str_S11_R1_0016","set4_10_14874_672_NL_Str_S11_R1_001",7,0.110326601999458,10
"set4_10_14877_672_CCC_Str_S14_R1_0016","set4_10_14877_672_CCC_Str_S14_R1_001",7,0.0963927038178153,10
"set4_10_14879_673_IBC_Str_S16_R1_0016","set4_10_14879_673_IBC_Str_S16_R1_001",4,0.172220397052177,10
"set4_10_14881_673_DCIS_Str_S18_R1_0016","set4_10_14881_673_DCIS_Str_S18_R1_001",10,0.162211197588444,10
"set4_10_14883_673_NL_Str_S20_R1_0016","set4_10_14883_673_NL_Str_S20_R1_001",2,0.0967902859489003,10
"set4_10_14885_673_AM_Str_S22_R1_0016","set4_10_14885_673_AM_Str_S22_R1_001",6,0.118619713894454,10
"set4_10_14887_673_CCC_Str_S24_R1_0016","set4_10_14887_673_CCC_Str_S24_R1_001",2,0.186966047373025,10
"set4_10_14889_673_EN_Str_S26_R1_0016","set4_10_14889_673_EN_Str_S26_R1_001",2,0.144661072943273,10
"set4_10_14891_674_DCIS_Str_S28_R1_0016","set4_10_14891_674_DCIS_Str_S28_R1_001",3,0.116664643700028,10
"set4_10_14893_674_IBC_Str_S30_R1_0016","set4_10_14893_674_IBC_Str_S30_R1_001",4,0.106758174776575,10
"set4_10_14895_674_BBD_Str_S32_R1_0016","set4_10_14895_674_BBD_Str_S32_R1_001",7,0.11115134981106,10
"set4_10_14900_675_EN1_Str_S34_R1_0016","set4_10_14900_675_EN1_Str_S34_R1_001",2,0.134498444374521,10
"set4_10_14902_675_EN2_Str6","set4_10_14902_675_EN2_Str",2,0.171484457614556,10
"set4_10_14903_675_EN3_Str6","set4_10_14903_675_EN3_Str",2,0.167090816380048,10
"set4_10_14906_675_NL_Str6","set4_10_14906_675_NL_Str",2,0.121404452352308,10
"set4_10_14923_677_IBC_Str6","set4_10_14923_677_IBC_Str",4,0.117861599834749,10
"set4_10_14925_677_DCIS_Str6","set4_10_14925_677_DCIS_Str",4,0.115728368549934,10
"set4_10_14927_677_NL_Str6","set4_10_14927_677_NL_Str",10,0.102729452880961,10
"set4_10_14929_677_LVI_Str6","set4_10_14929_677_LVI_Str",4,0.111429353829109,10
"set4_10_14931_678_IBC_Str6","set4_10_14931_678_IBC_Str",4,0.120236008270034,10
"set4_10_14933_678_PLC_Str6","set4_10_14933_678_PLC_Str",6,0.123128375334613,10
"set4_10_14935_678_EN_Str6","set4_10_14935_678_EN_Str",2,0.136747945202464,10
"set4_10_14937_678_NL_Str6","set4_10_14937_678_NL_Str",6,0.133338151458271,10
"set4_10_14939_679_IBC_Str6","set4_10_14939_679_IBC_Str",4,0.182131510218185,10
"set4_10_14941_679_DCIS_Str6","set4_10_14941_679_DCIS_Str",6,0.116321657399407,10
"set4_10_14943_679_NL_Str6","set4_10_14943_679_NL_Str",6,0.133649242850692,10
"set4_10_14955_680_DCIS_2_Str6","set4_10_14955_680_DCIS_2_Str",8,0.122716684855168,10
"set4_10_14957_680_ADH_2_Str6","set4_10_14957_680_ADH_2_Str",8,0.112854790258031,10
"set4_10_14945_680_ADH_1_Str6","set4_10_14945_680_ADH_1_Str",9,0.090378664139042,10
"set4_10_14947_680_UDH_Str6","set4_10_14947_680_UDH_Str",7,0.100229347604858,10
"set4_10_14949_680_NL_Str6","set4_10_14949_680_NL_Str",7,0.101601445127058,10
"set4_10_14951_680_DCIS_1_Str6","set4_10_14951_680_DCIS_1_Str",8,0.135739576598305,10
"set4_10_14953_680_IBC_Str6","set4_10_14953_680_IBC_Str",4,0.135256039444245,10
"set4_10_14959_680_LG_DCIS_Str6","set4_10_14959_680_LG_DCIS_Str",10,0.12175481051406,10
"set4_10_14961_680_AM_Str6","set4_10_14961_680_AM_Str",3,0.256594645474007,10
"set4_10_14967_681_DCIS_Str6","set4_10_14967_681_DCIS_Str",6,0.101467833933843,10
"set4_10_14969_681_AM_Str6","set4_10_14969_681_AM_Str",6,0.154812411633947,10
"set4_10_14971_681_EN_Str6","set4_10_14971_681_EN_Str",8,0.124928625687149,10
"set4_10_14973_681_ADH_1_Str6","set4_10_14973_681_ADH_1_Str",6,0.103955228367253,10
"set4_10_14975_681_IBC_Str6","set4_10_14975_681_IBC_Str",4,0.167133988681436,10
"set4_10_14977_681_NL_Str6","set4_10_14977_681_NL_Str",6,0.127156196001817,10
"set4_10_14979_682_NL_Str6","set4_10_14979_682_NL_Str",2,0.0961771017395106,10
"set4_10_14981_682_EN_Str6","set4_10_14981_682_EN_Str",7,0.0976440444142359,10
"set4_10_14983_682_IBC_Str6","set4_10_14983_682_IBC_Str",4,0.109415356767882,10
"set4_10_14985_682_Inf_NL_Str6","set4_10_14985_682_Inf_NL_Str",10,0.129311020915928,10
"set4_10_14988_683_DCIS_Str6","set4_10_14988_683_DCIS_Str",10,0.0854070056562704,10
"set4_10_14991_684_ADH_DCIS_Str6","set4_10_14991_684_ADH_DCIS_Str",10,0.0920765673564742,10
"set4_10_14993_684_DCIS_Str6","set4_10_14993_684_DCIS_Str",10,0.115493315233115,10
"set4_10_14995_684_NL_Str6","set4_10_14995_684_NL_Str",6,0.101808303467695,10
"set4_10_14997_684_IBC_Str6","set4_10_14997_684_IBC_Str",4,0.150723836967485,10
"set4_10_14999_685_DCIS_Str6","set4_10_14999_685_DCIS_Str",4,0.0981102287788368,10
"set4_10_15001_685_IBC_Str6","set4_10_15001_685_IBC_Str",4,0.0937623242845998,10
"set4_10_15003_685_NL_Str6","set4_10_15003_685_NL_Str",7,0.107848608066004,10
"set4_10_15005_685_EN_Str6","set4_10_15005_685_EN_Str",7,0.109904667726709,10
"set4_10_15014_687_DCIS_1_Str6","set4_10_15014_687_DCIS_1_Str",10,0.112204274301854,10
"set4_10_15016_687_DCIS_2_Str6","set4_10_15016_687_DCIS_2_Str",10,0.161521720677769,10
"set4_10_15018_687_UDH_Str6","set4_10_15018_687_UDH_Str",6,0.091419520422819,10
"set4_10_15020_687_EN_Str6","set4_10_15020_687_EN_Str",2,0.114216178474935,10
"set4_10_15022_687_NL_Str6","set4_10_15022_687_NL_Str",6,0.134814522193225,10
"set4_10_15026_688_EN_1_Str6","set4_10_15026_688_EN_1_Str",10,0.0973019350951891,10
"set4_10_14912_676_EN_Str6","set4_10_14912_676_EN_Str",2,0.139484267376173,10
"set4_10_14914_676_BBD_2_Str6","set4_10_14914_676_BBD_2_Str",7,0.116740331733833,10
"set4_10_14917_676_DCIS_1_Str6","set4_10_14917_676_DCIS_1_Str",3,0.114619482241563,10
"set4_10_14919_676_BBD_1_Str6","set4_10_14919_676_BBD_1_Str",7,0.123736732446522,10
"set4_10_14921_676_NL_Str6","set4_10_14921_676_NL_Str",7,0.120273783937319,10
"set4_10_15008_686_DCIS_Str6","set4_10_15008_686_DCIS_Str",10,0.11631028866028,10
"set4_10_15010_686_EN_Str6","set4_10_15010_686_EN_Str",6,0.106208617768968,10
"set4_10_15012_686_NL_Str6","set4_10_15012_686_NL_Str",6,0.129680492765074,10
"set4_10_15033_689_IBC_Str6","set4_10_15033_689_IBC_Str",4,0.181312683745781,10
"set4_10_15035_689_DCIS_1_Str6","set4_10_15035_689_DCIS_1_Str",10,0.123756395743523,10
"set4_10_15037_689_NL_Str6","set4_10_15037_689_NL_Str",2,0.113592966079868,10
"set4_10_15039_689_DCIS_2_Str6","set4_10_15039_689_DCIS_2_Str",8,0.103865717884626,10
"set4_10_15041_689_EN_1_Str6","set4_10_15041_689_EN_1_Str",2,0.11623939457162,10
"set4_10_15043_689_EN_2_Str6","set4_10_15043_689_EN_2_Str",2,0.10731263849565,10
"set4_10_15053_690_EN_2_Str6","set4_10_15053_690_EN_2_Str",2,0.111658158796788,10
"set4_10_15063_691_EN_2_Str6","set4_10_15063_691_EN_2_Str",6,0.0909793154119747,10
"set4_10_14965_681_ADH_2_Str6","set4_10_14965_681_ADH_2_Str",6,0.115383312571002,10
"set4_10_15024_688_IBC_Str6","set4_10_15024_688_IBC_Str",10,0.167658877224184,10
"set4_10_15028_688_NL_Str6","set4_10_15028_688_NL_Str",1,0.111511872542888,10
"set4_10_15030_688_EN_4_Str6","set4_10_15030_688_EN_4_Str",2,0.161372602216147,10
"set4_10_15107_688_EN_5_Str6","set4_10_15107_688_EN_5_Str",2,0.123245761360329,10
"set4_10_15045_690_NL_Str6","set4_10_15045_690_NL_Str",6,0.107215876936186,10
"set4_10_15047_690_EN_1_Str6","set4_10_15047_690_EN_1_Str",6,0.0925464620722663,10
"set4_10_15049_690_IBC_Str6","set4_10_15049_690_IBC_Str",4,0.134105859289172,10
"set4_10_15051_690_DCIS_Str6","set4_10_15051_690_DCIS_Str",10,0.105849982099131,10
"set4_10_15055_690_i_DCIS_Str6","set4_10_15055_690_i_DCIS_Str",10,0.155831207500322,10
"set4_10_15057_691_IBC_Str6","set4_10_15057_691_IBC_Str",4,0.165910718300455,10
"set4_10_15059_691_EN_1_Str6","set4_10_15059_691_EN_1_Str",2,0.112550689515401,10
"set4_10_15061_691_DCIS_Str6","set4_10_15061_691_DCIS_Str",8,0.0812862531537778,10
"set4_10_15065_692_IBC_Str6","set4_10_15065_692_IBC_Str",4,0.127057089904951,10
"set4_10_15067_692_DCIS_Str6","set4_10_15067_692_DCIS_Str",10,0.145708380971395,10
"set4_10_15069_692_NL_Str6","set4_10_15069_692_NL_Str",10,0.114133390474842,10
"set4_10_15586_744_IBC_Str6","set4_10_15586_744_IBC_Str",4,0.145804610269727,10
"set4_10_15588_744_inF.NL_Str6","set4_10_15588_744_inF.NL_Str",10,0.130815763937576,10
"set4_10_15590_744_DCIS_Str6","set4_10_15590_744_DCIS_Str",4,0.0900384828912964,10
"set4_10_15592_745_CCC_Str6","set4_10_15592_745_CCC_Str",2,0.108707007628957,10
"set4_10_15594_745_BBD_Str6","set4_10_15594_745_BBD_Str",2,0.101538926008415,10
"set4_10_15596_745_IP_Str6","set4_10_15596_745_IP_Str",10,0.0903063651191177,10
"set4_10_15599_746_DCIS_Str6","set4_10_15599_746_DCIS_Str",10,0.143728908148618,10
"set4_10_15601_746_NL_Str6","set4_10_15601_746_NL_Str",10,0.10538705591954,10
"set4_10_15603_747_IBC_Str6","set4_10_15603_747_IBC_Str",4,0.148235475701027,10
"set4_10_15605_747_NL_Str6","set4_10_15605_747_NL_Str",7,0.089094658789967,10
"set4_10_15607_747_ADH_Str6","set4_10_15607_747_ADH_Str",2,0.116456129923482,10
"set4_10_15609_747_AM_Str6","set4_10_15609_747_AM_Str",3,0.114610201137885,10
"set4_10_15611_748_AM_Str6","set4_10_15611_748_AM_Str",6,0.11135275674144,10
"set4_10_15613_748_DCIS_Str6","set4_10_15613_748_DCIS_Str",10,0.103722743364973,10
"set4_10_15615_748_IBC_Str6","set4_10_15615_748_IBC_Str",4,0.155120159443488,10
"set4_10_15619_749_IBC_Str6","set4_10_15619_749_IBC_Str",4,0.15253885180882,10
"set4_10_15620_749_DCIS_Str6","set4_10_15620_749_DCIS_Str",4,0.109722186624484,10
"set4_10_15621_749_LVI_Str6","set4_10_15621_749_LVI_Str",1,0.123351003664589,10
"set4_10_15623_750_NL_Str6","set4_10_15623_750_NL_Str",7,0.10201194603718,10
"set4_10_15625_750_IBC_Str6","set4_10_15625_750_IBC_Str",4,0.145703875745681,10
"set4_10_15627_750_DCIS_Str6","set4_10_15627_750_DCIS_Str",4,0.125123383391009,10
"set4_10_15629_751_NL_Str6","set4_10_15629_751_NL_Str",7,0.114785355037367,10
"set4_10_15631_751_IBC_Str6","set4_10_15631_751_IBC_Str",4,0.142506792984085,10
"set4_10_15633_751_ADH_Str6","set4_10_15633_751_ADH_Str",7,0.119195145897347,10
"set4_10_15635_751_CCC_Str6","set4_10_15635_751_CCC_Str",7,0.13404373818209,10
"set4_10_15637_752_IBC_Str6","set4_10_15637_752_IBC_Str",10,0.112658632190559,10
"set4_10_15641_752_DCIS_Str6","set4_10_15641_752_DCIS_Str",7,0.109422394427549,10
"set4_10_15642_752_NL_Str6","set4_10_15642_752_NL_Str",1,0.121084112306721,10
"set4_10_15643_752_BBD_Str6","set4_10_15643_752_BBD_Str",1,0.113632682415039,10
"set4_10_15645_753_DCIS_Str6","set4_10_15645_753_DCIS_Str",4,0.102063337998625,10
"set4_10_15648_753_NL_Str6","set4_10_15648_753_NL_Str",7,0.108871116994224,10
"set4_10_15650_754_IBC_Str6","set4_10_15650_754_IBC_Str",4,0.163510397079813,10
"set4_10_15652_754_ADH_Str6","set4_10_15652_754_ADH_Str",4,0.0971760243628075,10
"set4_10_15654_754_EN_1_Str6","set4_10_15654_754_EN_1_Str",1,0.0785512532853739,10
"set4_10_15656_754_DCIS_Str6","set4_10_15656_754_DCIS_Str",4,0.12405713796376,10
"set4_10_15658_754_EN_2_Str6","set4_10_15658_754_EN_2_Str",4,0.101132251832421,10
"set4_10_15660_755_EN_Str6","set4_10_15660_755_EN_Str",2,0.112336154437894,10
"set4_10_15662_755_DCIS_inf_1_Str6","set4_10_15662_755_DCIS_inf_1_Str",10,0.144122029579799,10
"set4_10_15664_755_IBC_Str6","set4_10_15664_755_IBC_Str",10,0.145467977605747,10
"set4_10_15666_755_DCIS_inf_2_Str6","set4_10_15666_755_DCIS_inf_2_Str",10,0.135622145157499,10
"set4_10_15668_755_NL_Str6","set4_10_15668_755_NL_Str",7,0.120920797302456,10
"set4_10_15670_756_NL_Str6","set4_10_15670_756_NL_Str",7,0.100799371246011,10
"set4_10_15672_756_EN_1_Str6","set4_10_15672_756_EN_1_Str",7,0.155175714705956,10
"set4_10_15674_756_IBC_Str6","set4_10_15674_756_IBC_Str",10,0.132538139771166,10
"set4_10_15676_756_UDH_1_Str6","set4_10_15676_756_UDH_1_Str",7,0.125613968764931,10
"set4_10_15678_756_EN_2_Str6","set4_10_15678_756_EN_2_Str",7,0.141830278812045,10
"set4_10_15680_756_UDH_2_Str6","set4_10_15680_756_UDH_2_Str",1,0.158057036268862,10
"set4_10_15682_757_DCIS_Str6","set4_10_15682_757_DCIS_Str",1,0.0937184908088635,10
"set4_10_15684_757_IBC_Str6","set4_10_15684_757_IBC_Str",1,0.104897970970909,10
"set4_10_15686_757_NL_Str6","set4_10_15686_757_NL_Str",2,0.0958292551420594,10
"set4_10_15688_757_UDH_Str6","set4_10_15688_757_UDH_Str",2,0.122896530866473,10
"set4_10_15690_757_CCC_Str6","set4_10_15690_757_CCC_Str",2,0.120568054670784,10
"set4_10_15692_757_EN_Str6","set4_10_15692_757_EN_Str",2,0.129845518415081,10
"set4_10_15694_758_DCIS_1_Str6","set4_10_15694_758_DCIS_1_Str",10,0.0927093769189621,10
"set4_10_15696_758_IBC_1_Str6","set4_10_15696_758_IBC_1_Str",10,0.123579313161347,10
"set4_10_15698_758_NL_Str6","set4_10_15698_758_NL_Str",7,0.0916703628306428,10
"set4_10_15704_758_EN_Str6","set4_10_15704_758_EN_Str",7,0.102836402904044,10
"set4_10_15710_760_UDH_Str6","set4_10_15710_760_UDH_Str",7,0.114313417954438,10
"set4_10_15714_760_IBC_Str6","set4_10_15714_760_IBC_Str",10,0.129129442200486,10
"set4_10_15716_760_EN_1_Str6","set4_10_15716_760_EN_1_Str",1,0.0907306574276239,10
"set4_10_15718_760_NL_Str6","set4_10_15718_760_NL_Str",1,0.116292528765484,10
"set4_10_15734_762_DCIS_2_Str6","set4_10_15734_762_DCIS_2_Str",10,0.124916922067564,10
"set4_10_15700_758_DCIS_2_Str6","set4_10_15700_758_DCIS_2_Str",7,0.108963172721991,10
"set4_10_15702_758_IBC_2_Str6","set4_10_15702_758_IBC_2_Str",4,0.125034439467425,10
"set4_10_15706_759_DCIS_Str6","set4_10_15706_759_DCIS_Str",4,0.0810641618401081,10
"set4_10_15708_759_IBC_Str6","set4_10_15708_759_IBC_Str",4,0.116016808251434,10
"set4_10_15712_760_EN_2_Str6","set4_10_15712_760_EN_2_Str",1,0.109190425365599,10
"set4_10_15720_761_IBC_Str6","set4_10_15720_761_IBC_Str",10,0.113433858068816,10
"set4_10_15722_761_DCIS_Str6","set4_10_15722_761_DCIS_Str",10,0.102290961206281,10
"set4_10_15724_761_EN_1_Str6","set4_10_15724_761_EN_1_Str",7,0.10720314903181,10
"set4_10_15726_761_ADH_Str6","set4_10_15726_761_ADH_Str",2,0.109130994846859,10
"set4_10_15730_762_IBC_Str6","set4_10_15730_762_IBC_Str",4,0.115750034357163,10
"set4_10_15732_762_DCIS_1_Str6","set4_10_15732_762_DCIS_1_Str",4,0.0975534468089084,10
"set4_10_15736_763_IBC_Str6","set4_10_15736_763_IBC_Str",1,0.129340776546158,10
"set4_10_15738_763_ADH_Str6","set4_10_15738_763_ADH_Str",1,0.133556739421903,10
"set4_10_15740_763_NL_1_Str6","set4_10_15740_763_NL_1_Str",1,0.155587449724815,10
"set4_10_15742_763_EN_Str6","set4_10_15742_763_EN_Str",1,0.112886409529602,10
"set4_10_15746_764_IBC_Str6","set4_10_15746_764_IBC_Str",10,0.119464483204635,10
"set4_10_15748_764_DCIS_1_Str6","set4_10_15748_764_DCIS_1_Str",10,0.123896787252519,10
"set4_10_15750_764_LVI_Str6","set4_10_15750_764_LVI_Str",10,0.0943098902396797,10
"set4_10_15752_764_DCIS_2_Str6","set4_10_15752_764_DCIS_2_Str",10,0.112412043396863,10
"set4_10_15754_764_EN_Str6","set4_10_15754_764_EN_Str",7,0.125233103664809,10
"set4_10_15756_764_NL_Str6","set4_10_15756_764_NL_Str",7,0.124853089160554,10
"set4_10_15758_765_IBC_Str6","set4_10_15758_765_IBC_Str",3,0.135241272541294,10
"set4_10_15760_765_DCIS_Str6","set4_10_15760_765_DCIS_Str",3,0.124684108116423,10
"set4_10_15762_765_EN_1_Str6","set4_10_15762_765_EN_1_Str",8,0.155751900892586,10
"set4_10_15766_765_NL_Str6","set4_10_15766_765_NL_Str",8,0.109811687698861,10
"set4_10_15768_766_NL_Str6","set4_10_15768_766_NL_Str",7,0.113476111220807,10
"set4_10_15770_766_inf_NL_Str6","set4_10_15770_766_inf_NL_Str",10,0.144715166868669,10
"set4_10_15772_766_IBC_Str6","set4_10_15772_766_IBC_Str",10,0.123265467315068,10
"set4_10_15774_766_AM_Str6","set4_10_15774_766_AM_Str",3,0.134632902853079,10
"set4_10_15776_766_EN_Str6","set4_10_15776_766_EN_Str",7,0.134072140877319,10
"set4_10_15778_767_IBC_Str6","set4_10_15778_767_IBC_Str",4,0.14460578807282,10
"set4_10_15780_767_DCIS_Str6","set4_10_15780_767_DCIS_Str",4,0.103769025210875,10
"set4_10_15782_767_AM_2_Str6","set4_10_15782_767_AM_2_Str",7,0.136135382945668,10
"set4_10_15784_767_ADH_Str6","set4_10_15784_767_ADH_Str",7,0.122070900762335,10
"set4_10_15788_767_NL_Str6","set4_10_15788_767_NL_Str",7,0.136136453248091,10
"set4_10_15790_768_IBC_Str6","set4_10_15790_768_IBC_Str",10,0.152841196998104,10
"set4_10_15792_768_NL_Str6","set4_10_15792_768_NL_Str",2,0.111426683373737,10
"set4_10_15796_768_EN_2_Str6","set4_10_15796_768_EN_2_Str",2,0.129799254010705,10
"set4_10_15798_768_EN_3_Str6","set4_10_15798_768_EN_3_Str",2,0.128535007615146,10
"set4_10_15800_769_IBC_Str6","set4_10_15800_769_IBC_Str",4,0.128733124300487,10
"set4_10_15802_769_DCIS_1_Str6","set4_10_15802_769_DCIS_1_Str",10,0.129835118322425,10
"set4_10_15806_769_EN_1_Str6","set4_10_15806_769_EN_1_Str",2,0.118122571094216,10
"set4_10_15810_769_NL_Str6","set4_10_15810_769_NL_Str",7,0.145118705520442,10
"set4_10_15812_769_EN_4_Str6","set4_10_15812_769_EN_4_Str",2,0.139445615801498,10
"set4_10_15818_769_AM_Str6","set4_10_15818_769_AM_Str",3,0.27591783689946,10
"set4_10_15786_767_AM_1_Str6","set4_10_15786_767_AM_1_Str",7,0.129031027025464,10
"set4_10_15794_768_EN_1_Str6","set4_10_15794_768_EN_1_Str",2,0.0970459893424242,10
"set4_10_15804_769_DCIS_2_Str6","set4_10_15804_769_DCIS_2_Str",10,0.140893275060232,10
"set4_10_15808_769_EN_3_Str6","set4_10_15808_769_EN_3_Str",7,0.114147573604224,10
"set4_10_15816_769_EN_6_Str6","set4_10_15816_769_EN_6_Str",2,0.146759423826494,10
"set4_10_15820_770_DCIS_Str6","set4_10_15820_770_DCIS_Str",10,0.125497816794354,10
"set4_10_15822_770_IBC_Str6","set4_10_15822_770_IBC_Str",4,0.134933180828271,10
"set4_10_15824_770_EN_1_Str6","set4_10_15824_770_EN_1_Str",2,0.117676218633292,10
"set4_10_15826_770_NL_Str6","set4_10_15826_770_NL_Str",7,0.0892533614641496,10
"set4_10_15830_771_EN_4_Str6","set4_10_15830_771_EN_4_Str",7,0.129696055561135,10
"set4_10_15836_771_DCIS_3_Str6","set4_10_15836_771_DCIS_3_Str",8,0.0975004684981478,10
"set4_10_15832_771_NL_Str6","set4_10_15832_771_NL_Str",7,0.0988640928301244,10
"set4_10_15834_771_EN_2_Str6","set4_10_15834_771_EN_2_Str",8,0.12914826856802,10
"set4_10_15840_771_DCIS_1_Str6","set4_10_15840_771_DCIS_1_Str",4,0.110823586302618,10
"set4_10_15844_771_IBC_Str6","set4_10_15844_771_IBC_Str",4,0.113347426772582,10
"set4_10_15728_761_EN_2_Str6","set4_10_15728_761_EN_2_Str",3,0.13916255290364,10
"set4_10_15744_763_NL_2_Str6","set4_10_15744_763_NL_2_Str",7,0.0979459250371438,10
"set4_10_15764_765_EN_2_Str6","set4_10_15764_765_EN_2_Str",8,0.120905397578421,10
"set4_10_15814_769_EN_5_Str6","set4_10_15814_769_EN_5_Str",2,0.154842539726737,10
"set4_10_15828_771_EN_3_Str6","set4_10_15828_771_EN_3_Str",3,0.108500031033606,10
"set4_10_15838_771_EN_1_Str6","set4_10_15838_771_EN_1_Str",3,0.0897561784959078,10
"set4_10_15842_771_DCIS_2_Str6","set4_10_15842_771_DCIS_2_Str",10,0.115452190683671,10
"set4_10_15846_772_IBC_Str6","set4_10_15846_772_IBC_Str",4,0.0991545413421874,10
"set4_10_15848_772_DCIS_1_Str6","set4_10_15848_772_DCIS_1_Str",1,0.106865736830333,10
"set4_10_15850_772_DCIS_2_Str6","set4_10_15850_772_DCIS_2_Str",1,0.0904951020246318,10
"set4_10_15852_772_EN_1_Str6","set4_10_15852_772_EN_1_Str",2,0.0928244789335322,10
"set4_10_15854_772_EN_2_Str6","set4_10_15854_772_EN_2_Str",1,0.0989640930106588,10
"set4_10_15856_772_EN_3_Str6","set4_10_15856_772_EN_3_Str",6,0.0985971342050793,10
"set4_10_15858_772_EN_4_Str6","set4_10_15858_772_EN_4_Str",1,0.132494425830088,10
"set4_10_15860_772_NL_Str6","set4_10_15860_772_NL_Str",6,0.106813709200542,10
