"","Gene","Cluster","Max_Weight","Rank"
"IGHA2","IGHA2",1,2.62048988005642,4
"AC092069.1","AC092069.1",3,6.84891515680686,4
"IGHG4","IGHG4",2,3.62780268456457,4
"MUCL1","MUCL1",1,2.39566434661149,4
"PIP","PIP",1,3.02108002771053,4
"FDCSP","FDCSP",2,3.55415713521993,4
"COL11A1","COL11A1",4,3.96358137905423,4
"IGLC7","IGLC7",2,2.61849323437812,4
"IGLC3","IGLC3",2,2.8917752094935,4
"IGHG1","IGHG1",2,4.0069927582162,4
"HLA-DRB5","HLA-DRB5",4,2.16621471038877,4
"MTND3P19","MTND3P19",1,1.79529573619216,4
"IGHG3","IGHG3",2,3.80164603825559,4
"CXCL9","CXCL9",2,4.41979198415572,4
"IGHGP","IGHGP",2,3.33297211356515,4
"DHRS2","DHRS2",3,2.54555224557366,4
"MMP9","MMP9",2,3.42465006354866,4
"IGLC2","IGLC2",2,3.25272835732321,4
"ANKRD30A","ANKRD30A",1,3.18809622861045,4
"SCGB2A2","SCGB2A2",4,2.48284555748044,4
"MMP13","MMP13",4,3.80621590388655,4
"ALOX15B","ALOX15B",4,2.26762474595654,4
"CXCL13","CXCL13",2,3.96073796281115,4
"COL10A1","COL10A1",4,4.00410615241561,4
"UGT2B11","UGT2B11",3,2.72732962708137,4
"MS4A1","MS4A1",2,4.22874184845257,4
"COMP","COMP",4,3.63934780672861,4
"CXCL10","CXCL10",2,3.58374932162089,4
"KRT81","KRT81",4,3.38695623126123,4
"MMP11","MMP11",4,3.70532387655817,4
"PIGR","PIGR",1,2.54153022933326,4
"PENK","PENK",1,3.15950879603733,4
"MMP7","MMP7",4,3.50762902750781,4
"MMP1","MMP1",4,3.33137785867479,4
"CCL19","CCL19",2,4.42258752088209,4
"HLA-DRB6","HLA-DRB6",2,2.51034559274374,4
"TAC1","TAC1",1,3.43929002674083,4
"KRT15","KRT15",4,2.89773724138283,4
"PLA2G2A","PLA2G2A",3,2.73561080946569,4
"LTF","LTF",2,2.10953341681217,4
"CALML5","CALML5",4,3.25896723868894,4
"LRRC15","LRRC15",4,3.47094623564953,4
"AC008440.1","AC008440.1",3,5.70732243433032,4
"IGHG2","IGHG2",2,3.06779041535302,4
"SPP1","SPP1",4,3.59054003863168,4
"ADH1B","ADH1B",1,4.01336959883751,4
"DLK1","DLK1",1,3.34694520466142,4
"HMGCS2","HMGCS2",1,2.40862630166752,4
"PI16","PI16",1,3.58635324500003,4
"HBB","HBB",1,3.04492585685173,4
"SLPI","SLPI",4,3.17991746287669,4
"AKR1B15","AKR1B15",3,2.73165455509481,4
"TFF3","TFF3",1,3.07446239466046,4
"KRT19","KRT19",4,3.75638748242494,4
"FNDC1","FNDC1",4,3.45732512406934,4
"AC022784.1","AC022784.1",1,2.33234667002571,4
"SERHL2","SERHL2",3,2.14666181773872,4
"AZGP1","AZGP1",4,2.78389062992586,4
"KRT14","KRT14",4,2.94406764406266,4
"LINC00993","LINC00993",1,2.82832296650182,4
"DCX","DCX",1,3.40805211726792,4
"SCGB1D2","SCGB1D2",1,2.21289729097497,4
"GJB2","GJB2",4,3.77266640580232,4
"HLA-DQA2","HLA-DQA2",2,2.74634831059258,4
"VEGFD","VEGFD",1,3.74911893722197,4
"GABRP","GABRP",4,2.92856076503564,4
"ACSM1","ACSM1",3,2.39507877559458,4
"IGHD","IGHD",2,3.06046727343169,4
"RPL10","RPL10",4,2.36140073658761,4
"AC104984.4","AC104984.4",3,4.79395652280393,4
"CRABP1","CRABP1",1,2.32125743397754,4
"GSTM5","GSTM5",1,2.8439284411674,4
"CCL21","CCL21",1,2.60202024755277,4
"CEMIP","CEMIP",4,3.14965046016711,4
"ALX4","ALX4",1,3.68480943217435,4
"MMP3","MMP3",4,2.69141913402182,4
"UGT2B28","UGT2B28",3,2.85269706787918,4
"CR2","CR2",2,3.15871206452345,4
"CCR7","CCR7",2,3.89859398959867,4
"HBA2","HBA2",1,3.00760642202821,4
"CCL18","CCL18",2,2.89147557211375,4
"AC137932.3","AC137932.3",3,5.22711933566372,4
"SCARA5","SCARA5",1,3.87271915642551,4
"IL6","IL6",1,2.34605673506631,4
"FABP4","FABP4",1,3.74067129504139,4
"FOXA1","FOXA1",4,2.35297678493728,4
"ALDH3B2","ALDH3B2",4,2.25423807517567,4
"S100A8","S100A8",2,2.37281561918478,4
"KRT6B","KRT6B",4,3.38330793386422,4
"OLR1","OLR1",4,3.16960144464927,4
"AGR2","AGR2",1,2.57401779879543,4
"CXCL1","CXCL1",1,2.51964574226835,4
"CLDN4","CLDN4",4,3.5168153380492,4
"LYVE1","LYVE1",1,3.5254961237415,4
"SELE","SELE",2,2.16299190111952,4
"GPC3","GPC3",1,3.98615669527988,4
"ELF5","ELF5",4,2.65700628997037,4
"FOSB","FOSB",1,2.95220275939229,4
"OXTR","OXTR",1,3.03637185246115,4
"PLIN1","PLIN1",1,2.75146908746573,4
"SBSPON","SBSPON",1,3.07301506681883,4
"ANKRD20A11P","ANKRD20A11P",1,3.33209328228781,4
"CXCL11","CXCL11",2,3.00631231577126,4
"INHBA","INHBA",4,3.80321190196948,4
"MIR205HG","MIR205HG",1,2.83810562513706,4
"LTB","LTB",2,4.2205426292916,4
"S100A2","S100A2",4,3.10805806945801,4
"PTGS2","PTGS2",1,2.90666207960377,4
"HBA1","HBA1",1,2.9962804166483,4
"IGHM","IGHM",2,3.3901323365702,4
"CCL28","CCL28",4,2.38465740569921,4
"KRT5","KRT5",1,2.64550787161981,4
"PTX3","PTX3",1,2.14131299775391,4
"TFAP2B","TFAP2B",1,2.51206259456146,4
"PI15","PI15",1,2.4917652868626,4
"ABCC11","ABCC11",3,2.84584442769797,4
"CAPN6","CAPN6",1,3.50557365891159,4
"ACTG2","ACTG2",4,2.9207109605428,4
"THBS4","THBS4",3,2.63307376333901,4
"S100A14","S100A14",4,3.45502262698794,4
"HPGD","HPGD",1,2.48569542742425,4
"LONRF2","LONRF2",1,3.29990595320738,4
"EDIL3","EDIL3",4,3.50710861874008,4
"CLDN3","CLDN3",4,3.22966235049216,4
"FCGR3A","FCGR3A",4,3.14457159815874,4
"NR4A3","NR4A3",1,2.09706801800092,4
"CD79A","CD79A",2,3.89076383745553,4
"FCRL5","FCRL5",2,3.9111345857498,4
"HPSE2","HPSE2",1,3.64646550993002,4
"SPDEF","SPDEF",4,2.26292847913014,4
"CD24","CD24",4,3.29875486211669,4
"SELL","SELL",2,4.21378074619971,4
"S100A1","S100A1",4,3.05643424587765,4
"VTCN1","VTCN1",4,3.039890482632,4
"KRT17","KRT17",4,2.84245559474059,4
"PLIN4","PLIN4",1,2.70552091528729,4
"COL17A1","COL17A1",1,2.91783851728267,4
"ADIPOQ","ADIPOQ",1,2.4874574742011,4
"S100A9","S100A9",2,2.36803373752731,4
"ELF3","ELF3",4,3.15620807974638,4
"COL8A1","COL8A1",4,3.58433893067219,4
"COL6A6","COL6A6",1,3.02220965062184,4
"CLDN1","CLDN1",4,3.3924017024544,4
"TAT","TAT",1,2.51465146646228,4
"PRG4","PRG4",1,2.08043186725193,4
"MMRN1","MMRN1",1,3.13635826725689,4
"CHI3L1","CHI3L1",4,2.52027852776664,4
"AREG","AREG",1,2.16085042965219,4
"LINC00861","LINC00861",2,3.989411092691,4
"WIF1","WIF1",1,2.73677362223852,4
"C7","C7",1,3.00398124696704,4
"ABCA10","ABCA10",1,3.76568659020333,4
"ZG16B","ZG16B",4,2.49729224992974,4
"BANK1","BANK1",2,3.57737808573157,4
"WFDC2","WFDC2",4,2.60553905476192,4
"AKR1C2","AKR1C2",3,2.41494462095311,4
"NIBAN3","NIBAN3",2,3.68444807782876,4
"TIGIT","TIGIT",2,3.83391222859824,4
"KRT7","KRT7",4,3.67594757556553,4
"LAMP3","LAMP3",2,3.52014095919508,4
"GFRA1","GFRA1",1,3.35407172260434,4
"SOCS3","SOCS3",1,2.53455125971107,4
"KIF26B","KIF26B",4,3.20361947054399,4
"TNN","TNN",1,2.93432633162427,4
"STC2","STC2",1,2.58791180227856,4
"GBP5","GBP5",2,3.64338826134735,4
"FREM1","FREM1",1,3.31050371763769,4
"APOC1","APOC1",2,2.7113437905271,4
"POU2AF1","POU2AF1",2,3.81210301465459,4
"CILP2","CILP2",4,2.97345075383116,4
"EPCAM","EPCAM",4,3.47810754767162,4
"PROM1","PROM1",4,2.81569893805249,4
"ECRG4","ECRG4",1,3.02698079391101,4
"S100P","S100P",4,2.91659731182621,4
"SCN7A","SCN7A",1,3.11404409888982,4
"ADAMDEC1","ADAMDEC1",2,3.40213646417742,4
"KLK5","KLK5",4,3.10677051020273,4
"SCGB3A1","SCGB3A1",1,2.30477492452545,4
"MZB1","MZB1",2,3.64989663050113,4
"RASD1","RASD1",1,2.84083099707788,4
"MAL2","MAL2",4,3.56300035836433,4
"LEPR","LEPR",1,3.57185056694677,4
"CD300LG","CD300LG",1,3.38971737879609,4
"OGN","OGN",1,3.561130268193,4
"MKI67","MKI67",2,2.90757916423459,4
"ITGB6","ITGB6",4,3.04993283987432,4
"TCL1A","TCL1A",2,3.5190041626578,4
"CD22","CD22",2,3.32518882673999,4
"ZBTB16","ZBTB16",1,3.25227448961654,4
"FCMR","FCMR",2,3.80197408850007,4
"AL354740.1","AL354740.1",3,5.08218760498521,4
"TMEM59L","TMEM59L",1,2.77411036042557,4
"G0S2","G0S2",1,1.86220598231819,4
"AC009107.2","AC009107.2",3,4.75658701164918,4
"C2CD4B","C2CD4B",1,2.57953076348674,4
"IL32","IL32",2,3.27122662114503,4
"CXCL8","CXCL8",4,2.10845277942045,4
"STRA6","STRA6",1,2.42569148741725,4
"HSPB6","HSPB6",1,3.37836760340092,4
"STAC2","STAC2",1,2.56962821287874,4
"AL391097.3","AL391097.3",3,4.59451031566913,4
"NR4A2","NR4A2",1,2.41408912342627,4
"ADCYAP1","ADCYAP1",1,2.76168419303761,4
"CXCL2","CXCL2",1,2.24357503573636,4
"ANKRD36BP2","ANKRD36BP2",2,3.1859017627788,4
"MPV17L","MPV17L",4,2.06358550712324,4
"IL4I1","IL4I1",2,2.81738746891441,4
"TNFRSF13C","TNFRSF13C",2,3.687213919472,4
"MT1A","MT1A",1,2.48715570372864,4
"CHIT1","CHIT1",2,2.30033840617648,4
"TFF1","TFF1",1,2.41747234922756,4
"KIAA1324","KIAA1324",4,2.43492744430254,4
"RNU6-826P","RNU6-826P",2,2.6155456988852,4
"ADAM33","ADAM33",1,3.81802981971486,4
"GPC6","GPC6",4,3.43763181939619,4
"PAX5","PAX5",2,3.55560573506137,4
"CLDN8","CLDN8",4,2.57599177135352,4
"CDH1","CDH1",4,3.14865876449419,4
"FABP7","FABP7",3,2.22513932356284,4
"TACSTD2","TACSTD2",4,3.43438458187486,4
"TOP2A","TOP2A",2,2.66375126504357,4
"CCL13","CCL13",2,2.22206636765562,4
"MUC1","MUC1",4,2.90298472875477,4
"LAMC3","LAMC3",1,3.18909773619347,4
"DES","DES",3,2.5084563462676,4
"APOD","APOD",1,3.89011188518022,4
"RPS18","RPS18",4,2.68162615857277,4
"SOX11","SOX11",4,2.90042187338949,4
"RNU6-618P","RNU6-618P",2,2.62899938445084,4
"IDO1","IDO1",2,3.2683457326308,4
"CFD","CFD",1,3.37434179753428,4
"DSC3","DSC3",4,3.05398622537215,4
"LCK","LCK",2,3.90346496254712,4
"PEG10","PEG10",3,2.18532375520927,4
"SAA1","SAA1",1,2.39449863708603,4
"GALNT16","GALNT16",1,3.51689450724007,4
"LPL","LPL",1,2.61847143006413,4
"MTND1P23","MTND1P23",3,2.07869072602459,4
"LAMP5","LAMP5",4,2.50548386980717,4
"KRT23","KRT23",4,2.96705024283117,4
"TFAP2A","TFAP2A",4,3.17969615238702,4
"GZMK","GZMK",2,3.63694751342792,4
"TRBC1","TRBC1",2,4.01826231234622,4
"MLPH","MLPH",1,2.69438333913158,4
"GZMB","GZMB",2,3.21879638960047,4
"CCN4","CCN4",4,3.03020297702617,4
"RPS26","RPS26",4,2.4707990161968,4
"TRAC","TRAC",2,3.95435183561846,4
"SLAMF8","SLAMF8",2,3.14316572125196,4
"CYP2B7P","CYP2B7P",3,2.32150785893493,4
"EIF5A","EIF5A",4,2.82512772345074,4
"CHRDL1","CHRDL1",1,3.2982212870623,4
"LINC00926","LINC00926",2,3.18128902243702,4
"FASN","FASN",4,2.68817250353183,4
"DIO2","DIO2",3,2.63337531631966,4
"CNTN1","CNTN1",1,3.08103714779561,4
"RELN","RELN",1,3.20261890528809,4
"TMEM158","TMEM158",4,3.09243273804922,4
"AARD","AARD",4,2.97671875492709,4
"FAM30A","FAM30A",2,3.50914844059368,4
"IGSF10","IGSF10",1,3.63691319352996,4
"CCL22","CCL22",2,2.94874757912393,4
"PDGFD","PDGFD",1,3.39129904753228,4
"TRIM29","TRIM29",4,2.85729981651161,4
"P2RY10","P2RY10",2,3.41230184935433,4
"KLK7","KLK7",4,2.78475290843067,4
"RSAD2","RSAD2",2,2.37458694299269,4
"SPIB","SPIB",2,3.72426393584042,4
"TPSB2","TPSB2",1,2.61872738386155,4
"CTSG","CTSG",1,3.23028869081737,4
"PTGFR","PTGFR",1,2.89248432825167,4
"HLF","HLF",1,3.10295208396332,4
"SPINK8","SPINK8",3,2.55066924024138,4
"CD3D","CD3D",2,3.76477728641933,4
"ABCA8","ABCA8",1,3.5873238067282,4
"MAB21L1","MAB21L1",1,3.2951658525875,4
"BTNL9","BTNL9",1,3.42741624660059,4
"ADAMTS8","ADAMTS8",1,3.02727891560783,4
"CCL3L3","CCL3L3",3,2.34725720367866,4
"TFCP2L1","TFCP2L1",4,2.93108300207089,4
"TFAP2C","TFAP2C",4,2.90052235441686,4
"ABCA9","ABCA9",1,3.5999128376302,4
"IRF8","IRF8",2,3.3621575634715,4
"ADGRD2","ADGRD2",1,2.80332841139191,4
"GNLY","GNLY",2,3.30121514445762,4
"MEDAG","MEDAG",1,2.43672569198058,4
"IGLL5","IGLL5",2,2.77564852533382,4
"OSR1","OSR1",1,3.27016809185622,4
"C15orf48","C15orf48",4,2.24257757408177,4
"RPL21","RPL21",4,2.3294584595106,4
"NQO1","NQO1",4,2.21210059302871,4
"MEOX1","MEOX1",1,3.21393975718962,4
"SNORC","SNORC",4,2.58736616928993,4
"SOX10","SOX10",4,2.49732081910208,4
"ESM1","ESM1",4,2.85884128870803,4
"CD48","CD48",2,3.57946735463725,4
"PIM2","PIM2",2,3.66415785977241,4
"ISG20","ISG20",2,3.60500952834869,4
"IL1B","IL1B",2,2.25374979053263,4
"HAS1","HAS1",2,1.92559020501448,4
"PER1","PER1",1,2.7206800438857,4
"CCL8","CCL8",2,2.1337351188765,4
"SERPINA5","SERPINA5",1,2.6246047156568,4
"DHCR24","DHCR24",4,2.83217098659765,4
"PLAUR","PLAUR",4,3.05620274454348,4
"MT1X","MT1X",4,2.4034054988953,4
"PLA2G2D","PLA2G2D",2,3.48608348350397,4
"FCGBP","FCGBP",4,2.46627030660681,4
"ZAP70","ZAP70",2,3.85233853931136,4
"CD19","CD19",2,3.58088825178484,4
"ESRP1","ESRP1",4,3.08350803240683,4
"MT1M","MT1M",1,2.36214081521639,4
"SULF1","SULF1",4,3.33642860874695,4
"SYNM","SYNM",1,2.78167045529254,4
"AC103591.3","AC103591.3",2,2.48612900355667,4
"TMEM130","TMEM130",1,3.03448355531681,4
"FADS2","FADS2",4,2.67588643430521,4
"AQP3","AQP3",4,1.98073832857478,4
"SERPINE1","SERPINE1",4,2.72574768217611,4
"SLC11A1","SLC11A1",4,2.56477546020469,4
"NAPSB","NAPSB",2,3.22757910053781,4
"FGF10","FGF10",1,3.31226629534521,4
"SPTBN1","SPTBN1",3,3.3098505961101,4
"PON3","PON3",1,2.5615672473257,4
"CCN3","CCN3",4,2.46980687218198,4
"ADM","ADM",1,2.78116221413606,4
"RBP7","RBP7",1,3.0518735744023,4
"MAMDC2","MAMDC2",1,3.23079666926301,4
"CALML3","CALML3",1,2.22564483866641,4
"SERPINB5","SERPINB5",4,2.93929482723607,4
"OAS2","OAS2",2,3.16718614364732,4
"CENPF","CENPF",2,2.44526645983464,4
"ASPM","ASPM",2,2.54644922914453,4
"MT2A","MT2A",4,2.769012226877,4
"KRT18","KRT18",4,2.98556525775449,4
"AGR3","AGR3",3,2.4180757558843,4
"SCD","SCD",3,2.99445935950236,4
"CD38","CD38",2,3.46693004080114,4
"SRP9","SRP9",4,2.62234010983408,4
"COLGALT2","COLGALT2",1,2.89106802967098,4
"SNORA2B","SNORA2B",2,2.42289943839133,4
"PARP15","PARP15",2,3.53547052769167,4
"AQP5","AQP5",4,2.51329322340487,4
"FCER1A","FCER1A",3,2.48036779507716,4
"KLF5","KLF5",4,2.88084990077017,4
"NUP210","NUP210",2,3.36607289739364,4
"C1QTNF3","C1QTNF3",4,2.9730498251996,4
"VOPP1","VOPP1",2,2.47125647025136,4
"TRBC2","TRBC2",2,3.93682985266887,4
"ADH1C","ADH1C",1,2.99202605694814,4
"MATN3","MATN3",4,2.90891176902798,4
"CRACR2B","CRACR2B",4,2.42960963813098,4
"ZBP1","ZBP1",2,3.40058282234149,4
"PLA2G7","PLA2G7",2,2.73795140878936,4
"THSD4","THSD4",1,3.15051161816625,4
"KLK6","KLK6",4,2.63509532658617,4
"IGHA1","IGHA1",1,2.55118014234944,4
"RPL10P9","RPL10P9",4,2.31576928300324,4
"ACKR1","ACKR1",1,3.27108729925135,4
"TMEM14C","TMEM14C",4,2.50183990136809,4
"IER2","IER2",1,2.39893173944611,4
"SFN","SFN",4,3.03580586930176,4
"ESR1","ESR1",1,2.71774908963374,4
"LAMB3","LAMB3",4,2.72052323796088,4
"DKK2","DKK2",1,2.52342409011206,4
"CCN5","CCN5",4,2.29663320724414,4
"RPS7","RPS7",4,2.5986487445478,4
"ZC3H12D","ZC3H12D",2,3.43895028898091,4
"IRF4","IRF4",2,3.39816667774125,4
"AOX1","AOX1",1,2.76463859187929,4
"CACNA1G","CACNA1G",1,3.03536614972143,4
"EPPK1","EPPK1",4,3.00096063186604,4
"OSR2","OSR2",1,2.60120110652397,4
"TNS4","TNS4",1,2.52924262281033,4
"SPRY2","SPRY2",1,3.36415525744647,4
"MIA","MIA",4,2.65438976358358,4
"SPOCK2","SPOCK2",2,3.59833127832284,4
"TBC1D10C","TBC1D10C",2,3.92606489548029,4
"LRRC17","LRRC17",1,2.88163046302216,4
"CD3E","CD3E",2,3.5794868991926,4
"CH25H","CH25H",1,2.60950081078399,4
"NEK10","NEK10",1,2.18398351500254,4
"DERL3","DERL3",2,3.10374382010695,4
"FCRL3","FCRL3",2,3.60641699341199,4
"SYT8","SYT8",1,2.47519531408692,4
"CD52","CD52",2,3.97926226754119,4
"RGS1","RGS1",2,2.67597830190082,4
"LIF","LIF",4,1.92630479387243,4
"IRX1","IRX1",4,2.5080092619716,4
"GRHL1","GRHL1",4,2.8721402808042,4
"H2BC8","H2BC8",2,2.23982910918927,4
"ERBB3","ERBB3",4,2.88098062758506,4
"MAOB","MAOB",1,2.87140718895309,4
"TK1","TK1",4,2.58012368146094,4
"PAMR1","PAMR1",1,3.03283738182962,4
"CA12","CA12",4,2.48450899536307,4
"ROCR","ROCR",4,2.6798879356012,4
"PTN","PTN",1,2.67795185830559,4
"C1QBP","C1QBP",4,2.15125350363446,4
"PRSS8","PRSS8",4,3.06601395896098,4
"C3orf80","C3orf80",3,2.71436633388971,4
"KLHL13","KLHL13",1,2.92243452144394,4
"LGALS9","LGALS9",2,2.76955880396897,4
"CD6","CD6",2,3.71671670872943,4
"TREM2","TREM2",4,2.96796738406041,4
"MT-TK","MT-TK",1,2.31277972534635,4
"NTRK2","NTRK2",1,2.76903382886618,4
"AP000892.4","AP000892.4",1,2.75430941598901,4
"CNN1","CNN1",4,2.56942111538426,4
"LAMC2","LAMC2",4,2.60649085663745,4
"P2RX5","P2RX5",2,3.45297254824696,4
"AC004687.1","AC004687.1",2,3.49974225610816,4
"AIM2","AIM2",2,3.3101715913652,4
"CD2","CD2",2,3.53082845459259,4
"FMO2","FMO2",1,3.14675478463613,4
"INMT","INMT",1,3.03825396710599,4
"HMGA1","HMGA1",2,2.70226061419944,4
"RPS15","RPS15",2,2.32371394093024,4
"KIT","KIT",1,2.9697841854322,4
"PPP1R1B","PPP1R1B",4,2.44883169265595,4
"ITGA11","ITGA11",4,3.36969378882222,4
"SP140","SP140",2,3.71693435899016,4
"ITGBL1","ITGBL1",4,2.99413201927192,4
"ANGPTL4","ANGPTL4",1,2.44740286547016,4
"GDF15","GDF15",1,2.13080567680494,4
"GPX3","GPX3",1,3.0828474218581,4
"PRSS12","PRSS12",1,2.98736753004722,4
"GPRC5A","GPRC5A",4,2.35540843113651,4
"PLAC8","PLAC8",2,3.58233968372747,4
"TAGAP","TAGAP",2,3.50138625501351,4
"CPA3","CPA3",1,2.81755931497956,4
"FPR1","FPR1",3,2.16637201225284,4
"MCOLN2","MCOLN2",2,3.20404116473314,4
"ACAP1","ACAP1",2,3.86542685280415,4
"DSG1","DSG1",4,2.42557603570116,4
"MEOX2","MEOX2",1,2.95050388296018,4
"EHF","EHF",4,2.48523482478594,4
"ANGPTL1","ANGPTL1",1,2.86507440225494,4
"SNX20","SNX20",2,3.51545860877015,4
"ITK","ITK",2,3.34185483272076,4
"TRMT9B","TRMT9B",1,3.0793501999283,4
"EGFL6","EGFL6",3,1.90309355570115,4
"CXCL6","CXCL6",1,2.60115149379608,4
"C16orf89","C16orf89",1,2.98588769429433,4
"CD8A","CD8A",2,3.24650090506253,4
"WNT2","WNT2",3,2.39372002051188,4
"LINC02362","LINC02362",2,2.85724673472352,4
"RPL3","RPL3",4,2.43131326766391,4
"GRP","GRP",4,2.62968326403346,4
"TYMS","TYMS",2,2.4655069270932,4
"C1QTNF6","C1QTNF6",4,2.81757471636747,4
"ADAMTS4","ADAMTS4",4,2.15416535887,4
"ITGB2-AS1","ITGB2-AS1",2,3.30660979811738,4
"CAVIN2","CAVIN2",1,3.50313771852094,4
"ADIRF","ADIRF",1,3.47619916713842,4
"TNFAIP6","TNFAIP6",4,2.65318008718798,4
"CALHM6","CALHM6",2,2.96828327630708,4
"ELOVL7","ELOVL7",1,2.53771528539456,4
"GPM6B","GPM6B",1,2.69963496867179,4
"TNFSF14","TNFSF14",2,2.66214056970864,4
"CD247","CD247",2,3.43743291767202,4
"EFHD1","EFHD1",4,2.79865959569347,4
"TNC","TNC",4,3.04006573989519,4
"GZMA","GZMA",2,3.37422325378102,4
"SH2D1A","SH2D1A",2,3.50806426408464,4
"TRIL","TRIL",1,2.80245853035276,4
"DDIT4","DDIT4",4,2.38071427553778,4
"GAL","GAL",3,1.92793753901878,4
"AUXG01000058.1","AUXG01000058.1",1,2.77439751889882,4
"CD209","CD209",1,2.41914083304835,4
"CLEC10A","CLEC10A",2,2.50319952860884,4
"AC011503.1","AC011503.1",1,2.98432467470262,4
"LGALS2","LGALS2",2,3.49027689317872,4
"FAM189A2","FAM189A2",1,2.88770386893892,4
"CD27","CD27",2,3.51799287646157,4
"IL7R","IL7R",2,3.54252011886224,4
"COL9A3","COL9A3",4,2.30585402488177,4
"RDH10","RDH10",4,2.13381296737304,4
"F2RL2","F2RL2",1,2.25935473424829,4
"KIF12","KIF12",1,2.38783130330889,4
"NR4A1","NR4A1",1,2.85606912380368,4
"CX3CL1","CX3CL1",4,2.52520726008162,4
"SCUBE2","SCUBE2",1,2.6042047148478,4
"PPL","PPL",1,3.00949458081669,4
"TRG-AS1","TRG-AS1",2,2.96290664993255,4
"SOX17","SOX17",1,2.67921089302172,4
"HGF","HGF",1,3.05867739989438,4
"RNU5F-1","RNU5F-1",2,2.93532078389255,4
"CD1E","CD1E",3,2.46131849775435,4
"SHROOM3","SHROOM3",4,2.57209717314646,4
"ATF3","ATF3",1,2.08268241538897,4
"FCRL2","FCRL2",2,3.11025226435671,4
"SNORD63","SNORD63",2,2.51232424953881,4
"LMNB1","LMNB1",2,2.73896794897461,4
"TPX2","TPX2",4,2.36544856851348,4
"RGS4","RGS4",3,2.33812039412646,4
"CHPF","CHPF",4,3.42529342249653,4
"IRX5","IRX5",4,2.53509050220274,4
"GJA5","GJA5",4,2.626914085639,4
"NKD2","NKD2",1,2.38475160046127,4
"ALDH1A1","ALDH1A1",1,3.36924261177808,4
"ARPC4","ARPC4",4,2.66378430914539,4
"TNFRSF17","TNFRSF17",2,2.77124616928445,4
"Z82215.1","Z82215.1",3,4.36762815309079,4
"AL365361.1","AL365361.1",2,3.51996225797018,4
"PADI2","PADI2",4,2.72324359034469,4
"IGFBP2","IGFBP2",1,2.88092046335405,4
"BAMBI","BAMBI",4,2.86727204240988,4
"IL2RB","IL2RB",2,3.12802741550524,4
"CCL17","CCL17",2,2.3644465512455,4
"CCL4L2","CCL4L2",2,2.13933730416294,4
"MMP16","MMP16",1,2.92788866334467,4
"ASPN","ASPN",4,3.00626638763862,4
"CAPN8","CAPN8",1,2.55103473762928,4
"FRZB","FRZB",1,2.94059165344358,4
"PDZK1IP1","PDZK1IP1",4,2.90013100745199,4
"APOLD1","APOLD1",1,2.47152474963096,4
"CDKN2B","CDKN2B",4,2.95736927884183,4
"RBP4","RBP4",1,2.39055727433719,4
"CD3G","CD3G",2,3.53075610022028,4
"LRRN4CL","LRRN4CL",1,3.20779360469827,4
"SLC7A2","SLC7A2",1,3.44449448347896,4
"KLK10","KLK10",4,2.89503972432148,4
"IL21R","IL21R",2,3.14137886276505,4
"KLF4","KLF4",1,3.02431955579988,4
"SRPX","SRPX",1,3.01525217997608,4
"SLC12A8","SLC12A8",4,2.75763082395726,4
"NEURL1B","NEURL1B",1,2.79880479126762,4
"CD79B","CD79B",2,3.3978371311585,4
"SCML4","SCML4",2,3.01732540815864,4
"PKP1","PKP1",4,2.73818233393505,4
"CELF4","CELF4",1,2.1760265581537,4
"NLRC3","NLRC3",2,3.43536349091854,4
"DSG2","DSG2",4,3.34375800155595,4
"PLEKHS1","PLEKHS1",4,2.5676900408103,4
"ME1","ME1",3,2.7267938669088,4
"LINC02397","LINC02397",2,3.15361181925195,4
"GREM2","GREM2",1,2.95667993332752,4
"RUNX2","RUNX2",4,2.27087968178031,4
"OAS3","OAS3",2,2.57974191706399,4
"ARFGEF3","ARFGEF3",4,2.44047262971325,4
"FZD10-AS1","FZD10-AS1",1,3.09272965747134,4
"PLPP2","PLPP2",4,3.05726850690014,4
"TRAF3IP3","TRAF3IP3",2,3.68622420120568,4
"CDH3","CDH3",4,2.78184061743251,4
"SPHK1","SPHK1",4,2.94680560741214,4
"CDKN2A","CDKN2A",4,2.90179599429026,4
"PTGDS","PTGDS",2,2.79556225879266,4
"DHCR7","DHCR7",4,2.87948326678677,4
"SLC7A3","SLC7A3",1,2.79853368610087,4
"SNX10","SNX10",2,2.90643564541128,4
"HSPA1B","HSPA1B",3,2.2399861296039,4
"TFEC","TFEC",2,2.9949626219027,4
"SNORA13","SNORA13",1,2.49683213561776,4
"IKZF3","IKZF3",2,3.87308171367485,4
"APOBEC3A","APOBEC3A",2,2.24898658115957,4
"SRD5A1","SRD5A1",4,2.46095389043491,4
"VIPR2","VIPR2",1,3.05241437460535,4
"ST14","ST14",4,2.95775739857224,4
"CHST1","CHST1",4,2.458212288949,4
"PLP1","PLP1",1,2.91116729454567,4
"GPIHBP1","GPIHBP1",1,3.23434104556083,4
"TMC8","TMC8",2,3.58077317925099,4
"RPL18A","RPL18A",4,2.34344712805216,4
"SOX9","SOX9",4,2.78259926187778,4
"TSPAN8","TSPAN8",1,2.2337010554344,4
"PGR","PGR",1,2.77276483895307,4
"CARD11","CARD11",2,3.37115648102638,4
"MIAT","MIAT",2,3.1090650469098,4
"TLR10","TLR10",2,3.05337707249181,4
"FIBIN","FIBIN",4,2.49570458387791,4
"MDFI","MDFI",4,3.13452408844376,4
"APCDD1","APCDD1",1,2.70019787266158,4
"CRABP2","CRABP2",1,2.50313205596272,4
"CCL3","CCL3",3,2.13772332194893,4
"FCGR2A","FCGR2A",4,2.5678098852188,4
"H2BC21","H2BC21",4,2.35085978505866,4
"CA2","CA2",4,2.74592262136171,4
"SDS","SDS",4,2.46786803141875,4
"EPYC","EPYC",4,2.66194190617095,4
"NPY1R","NPY1R",1,2.21549577116239,4
"HOXD9","HOXD9",1,2.95697987175702,4
"RSPO3","RSPO3",1,3.02346258350164,4
"PTTG1","PTTG1",2,2.60809614298332,4
"ECEL1","ECEL1",1,2.31093215239065,4
"SPCS2","SPCS2",4,2.20530665975954,4
"GALNT5","GALNT5",3,2.98849487926762,4
"ST6GAL2","ST6GAL2",4,3.04439377232501,4
"LILRB4","LILRB4",3,2.68244952745335,4
"LIPE","LIPE",1,2.93860625294035,4
"DUSP2","DUSP2",2,2.72749305522509,4
"CD7","CD7",2,3.32377909446212,4
"GRHL2","GRHL2",4,2.80138715201542,4
"NOVA1","NOVA1",1,3.54140373192035,4
"CYTOR","CYTOR",4,2.66967263348978,4
"AC012349.1","AC012349.1",1,2.39413807372331,4
"ISG15","ISG15",2,2.41001053870271,4
"ADAM8","ADAM8",2,2.96391150950686,4
"AC119673.3","AC119673.3",3,2.24212547435216,4
"RTKN2","RTKN2",2,2.73150222356675,4
"IRF6","IRF6",4,3.06166674409392,4
"ADAMTS9-AS2","ADAMTS9-AS2",1,3.05352960722336,4
"GPD1","GPD1",1,2.51148251889615,4
"UNC5B","UNC5B",4,3.26044704079869,4
"ITGB7","ITGB7",2,3.43692914221725,4
"HDC","HDC",1,2.91621208328561,4
"SLAMF7","SLAMF7",2,3.27551159718809,4
"KCNA1","KCNA1",1,2.81900271968336,4
"MPZL2","MPZL2",4,2.63788847693117,4
"TENM1","TENM1",1,2.85711847989505,4
"PROX1","PROX1",1,2.57609103897429,4
"PRLR","PRLR",4,2.37197013371877,4
"ID2","ID2",4,2.14669538714517,4
"CCL4","CCL4",2,2.38747755553459,4
"MGST1","MGST1",4,2.62112661596857,4
"MFAP5","MFAP5",3,2.87414026366913,4
"TENT5C","TENT5C",2,3.20613385249468,4
"SPOCK1","SPOCK1",4,3.10560409685798,4
"CNTFR","CNTFR",1,3.19571657206584,4
"MYBL2","MYBL2",2,2.8354003260523,4
"TWIST2","TWIST2",1,2.99369842455309,4
"PCDH19","PCDH19",1,2.98943234779585,4
"PWWP3B","PWWP3B",1,2.40546358803897,4
"FPR3","FPR3",2,2.49691624405074,4
"UBE2C","UBE2C",4,2.49635040806475,4
"MTND3P10","MTND3P10",3,2.25594165659345,4
"MAPT","MAPT",1,2.58525413011305,4
"MEX3A","MEX3A",4,2.51767111046345,4
"SUSD3","SUSD3",2,2.83200712697371,4
"AMPD1","AMPD1",1,2.54165324947513,4
"CCR2","CCR2",2,2.73669184240755,4
"CP","CP",4,2.10717523853896,4
"STC1","STC1",4,2.58402199843575,4
"ACKR3","ACKR3",4,2.3025805080231,4
"HLA-DOB","HLA-DOB",2,3.24931670268518,4
"STMN2","STMN2",3,2.32993824684773,4
"LRFN5","LRFN5",1,2.94949056332652,4
"PTHLH","PTHLH",4,2.18226266701145,4
"THRSP","THRSP",3,2.40427525155427,4
"DAPP1","DAPP1",2,3.3549609477984,4
"PLEKHH2","PLEKHH2",1,3.22393567283316,4
"BIN2","BIN2",2,3.11980776284889,4
"NEBL","NEBL",4,2.67974085309861,4
"PDE3B","PDE3B",2,3.08038459210096,4
"MAP4K1","MAP4K1",2,3.41866028936645,4
"CD83","CD83",2,2.85963361710024,4
"RAB25","RAB25",4,2.90875544395327,4
"SLC7A5","SLC7A5",2,2.48748091047535,4
"CR1","CR1",2,2.55500023034919,4
"PLAU","PLAU",4,3.02795553013111,4
"RASAL3","RASAL3",2,3.37695827979756,4
"GALNT3","GALNT3",4,2.6146863616083,4
"NRG1","NRG1",1,2.25037209675511,4
"SUMO2","SUMO2",4,2.39080810183194,4
"NCF2","NCF2",2,2.32252950727777,4
"ZNF469","ZNF469",4,2.56020940213785,4
"HEYL","HEYL",4,2.38667621312988,4
"SCARNA9","SCARNA9",2,2.52668515865215,4
"TUBB2B","TUBB2B",1,2.14920403357421,4
"EGLN3","EGLN3",3,2.49440967954117,4
"NECTIN4","NECTIN4",4,2.66991612520584,4
"EVA1A","EVA1A",4,2.56661583160657,4
"TNFRSF13B","TNFRSF13B",2,3.06714994002962,4
"ENPP1","ENPP1",4,3.04177566133485,4
"CD37","CD37",2,3.54956611883374,4
"CCL5","CCL5",2,3.38801653122159,4
"RHOF","RHOF",2,3.40856756890379,4
"RFLNA","RFLNA",4,2.71056539029585,4
"GPR171","GPR171",2,3.22580862662207,4
"UCHL1","UCHL1",4,2.51047089915236,4
"HVCN1","HVCN1",2,2.93085157958034,4
"PTPN6","PTPN6",2,3.44257147258969,4
"NPR3","NPR3",4,2.55027134958088,4
"MOXD1","MOXD1",4,2.04981590692449,4
"BCL11A","BCL11A",2,3.1321367116514,4
"CRLF1","CRLF1",4,2.64936256960967,4
"KCNN4","KCNN4",2,2.80683184155886,4
"CMPK2","CMPK2",2,2.5126671639619,4
"CD96","CD96",2,3.29956511887962,4
"CD1C","CD1C",2,2.63466696943802,4
"LCN2","LCN2",4,2.61438665685914,4
"STUM","STUM",1,2.92438937624308,4
"HSH2D","HSH2D",2,3.38676107394721,4
"TUBA1C","TUBA1C",4,2.97766140997967,4
"FMO5","FMO5",1,2.27515493699411,4
"PLN","PLN",4,2.6588901278028,4
"EDNRB","EDNRB",1,3.22218641538661,4
"SLCO2A1","SLCO2A1",1,2.2205434856362,4
"DMKN","DMKN",4,2.62652590648071,4
"RHOH","RHOH",2,3.09501639052675,4
"LRP2","LRP2",1,2.33595198944735,4
"SCO2","SCO2",2,2.59547586663053,4
"IL17RD","IL17RD",1,2.96055090716631,4
"FCN1","FCN1",2,2.58973122968334,4
"CTHRC1","CTHRC1",3,2.84156473395676,4
"FAM184A","FAM184A",1,3.01388074015345,4
"MASP1","MASP1",1,2.66843093527111,4
"RGMA","RGMA",1,3.19701622865649,4
"CD72","CD72",2,3.31726732492134,4
"GDF10","GDF10",1,2.94789259066318,4
"PDGFRL","PDGFRL",1,2.99892544121098,4
"FAM107A","FAM107A",1,2.93059012616278,4
"SLC2A5","SLC2A5",2,2.48938923993851,4
"AIF1L","AIF1L",1,2.49217989382814,4
"MYBPC1","MYBPC1",3,2.30586229651459,4
"FCRL1","FCRL1",2,3.11524043042169,4
"SAE1","SAE1",4,2.37402118962317,4
"SERTAD4","SERTAD4",4,3.06363081070063,4
"BIRC5","BIRC5",4,2.4045440662437,4
"LINC01088","LINC01088",1,2.27687243535878,4
"CHI3L2","CHI3L2",2,2.18355469295965,4
"CD5","CD5",2,3.39226970524925,4
"MIR155HG","MIR155HG",2,2.93306717470704,4
"AP003497.2","AP003497.2",2,2.91975095467299,4
"ITGAX","ITGAX",2,2.85351549362936,4
"KRT16","KRT16",4,3.07335965731029,4
"DGAT2","DGAT2",4,1.91596329542251,4
"GSTM3","GSTM3",1,2.90199885043154,4
"CACHD1","CACHD1",1,2.74754904751335,4
"GPR183","GPR183",2,3.16592279958341,4
"ZNF683","ZNF683",2,2.76577076753012,4
"SLC34A2","SLC34A2",4,2.36638615356372,4
"GAREM1","GAREM1",1,2.8077025521076,4
"GAL3ST4","GAL3ST4",4,2.67077775042388,4
"GPR174","GPR174",2,3.08492918122685,4
"GBP4","GBP4",2,2.87406640209392,4
"MS4A2","MS4A2",1,2.8709460795607,4
"ITGAL","ITGAL",2,3.71689051808578,4
"INHBB","INHBB",1,2.67374670467007,4
"TENM2","TENM2",1,2.34552329038897,4
"DUSP4","DUSP4",4,2.29052299744243,4
"PDE2A","PDE2A",1,3.00990097724746,4
"CCL11","CCL11",4,2.07683097365622,4
"PHLDA2","PHLDA2",4,2.95001250765003,4
"GPR68","GPR68",4,2.3455360412142,4
"RAMP1","RAMP1",3,2.102199090792,4
"CXADR","CXADR",4,2.79241409502394,4
"ANO9","ANO9",2,3.14705079191402,4
"AC003681.1","AC003681.1",1,2.22561867828057,4
"MIR335","MIR335",1,3.13822404472329,4
"FGF1","FGF1",4,2.5084582614862,4
"TPSAB1","TPSAB1",1,2.4401972624585,4
"CLDN7","CLDN7",4,3.02210574868982,4
"GVINP1","GVINP1",2,3.23231646905439,4
"ALDH1A2","ALDH1A2",1,2.86077174122824,4
"BICDL1","BICDL1",2,3.12999319117553,4
"LAMA3","LAMA3",1,2.89025616298743,4
"CPNE5","CPNE5",2,3.07686624062059,4
"BDKRB2","BDKRB2",1,2.39986805024431,4
"BMP4","BMP4",1,2.87823667570272,4
"KERA","KERA",1,2.76694256395647,4
"CENPE","CENPE",2,2.44140921623938,4
"GCH1","GCH1",2,2.42629454836532,4
"SVEP1","SVEP1",1,3.34513480072671,4
"IQCN","IQCN",1,2.9398036863635,4
"CPB1","CPB1",1,2.23016766056716,4
"LY9","LY9",2,3.11208258888265,4
"NPNT","NPNT",4,2.4361657803171,4
"LTBP4","LTBP4",1,3.08663434788556,4
"GATA2","GATA2",1,2.73871815807988,4
"SAA2","SAA2",4,2.01505171636291,4
"LINC01235","LINC01235",1,2.07574782516913,4
"FCER2","FCER2",2,2.82654162826371,4
"EGR3","EGR3",1,2.4774598378679,4
"RPL6","RPL6",3,2.00261171998938,4
"MACC1","MACC1",4,2.66298062091472,4
"BTLA","BTLA",2,3.29702174368027,4
"TCEA1","TCEA1",4,2.36242412235414,4
"TRAF1","TRAF1",2,3.06050569127564,4
"TPD52L1","TPD52L1",4,2.46311437231463,4
"CXCR3","CXCR3",2,3.1079534710897,4
"CDH2","CDH2",4,2.62947411777936,4
"SUGCT","SUGCT",4,3.00101863495679,4
"BLK","BLK",2,3.39972542759712,4
"RASGRP1","RASGRP1",2,3.15085802431021,4
"MMP19","MMP19",1,2.42258573812078,4
"IL18","IL18",2,2.69813991612026,4
"PYHIN1","PYHIN1",2,3.04412312581483,4
"ANXA3","ANXA3",4,2.4923071993201,4
"EVI2A","EVI2A",2,2.63520011359257,4
"CLEC5A","CLEC5A",4,2.8427622358602,4
"LIMD2","LIMD2",2,3.5526353521183,4
"RBP5","RBP5",2,3.09990248568541,4
"GALNT15","GALNT15",1,2.27861253456167,4
"AQP9","AQP9",2,1.97799747786287,4
"SLAMF1","SLAMF1",2,3.2904211560524,4
"EDN1","EDN1",1,2.39058506900744,4
"CMA1","CMA1",1,2.85199746308165,4
"ADAM19","ADAM19",2,2.69627529731519,4
"DSC2","DSC2",4,3.05920603747633,4
"ITGA7","ITGA7",1,2.91391396814381,4
"TESPA1","TESPA1",2,3.10197768142432,4
"L1TD1","L1TD1",1,2.52444050603033,4
"ITGB4","ITGB4",1,2.54922126971712,4
"S100A7","S100A7",3,2.23991926094208,4
"SBDS","SBDS",4,2.1781113748565,4
"NTN4","NTN4",1,2.53519958724317,4
"COL4A5","COL4A5",1,2.22887714458252,4
"CHMP5","CHMP5",4,2.48911790228176,4
"CNTN4","CNTN4",1,2.41775563415307,4
"CLDN11","CLDN11",1,2.83619882263712,4
"MSMO1","MSMO1",4,2.45585808630418,4
"ERRFI1","ERRFI1",4,2.64930898702396,4
"TUBB4B","TUBB4B",4,2.75285055183015,4
"ARL17B","ARL17B",1,2.19331219809486,4
"CYFIP2","CYFIP2",2,3.3276463409301,4
"AC037198.1","AC037198.1",3,2.25264292584833,4
"MX1","MX1",2,2.80015557961668,4
"HMOX1","HMOX1",3,2.15133510448555,4
"SEMA3G","SEMA3G",1,2.91020961218005,4
"LAD1","LAD1",4,2.81138894104649,4
"FHOD3","FHOD3",4,2.59212213193318,4
"RARRES1","RARRES1",2,2.00433637013199,4
"SIGLEC1","SIGLEC1",2,2.37511599050311,4
"PLOD2","PLOD2",4,2.74543687383249,4
"RIPOR2","RIPOR2",2,3.48598933600297,4
"H4C8","H4C8",3,2.20524247824185,4
"NEDD8","NEDD8",4,2.54900013405487,4
"CACNA1D","CACNA1D",1,2.74675951659942,4
"IFIT3","IFIT3",2,2.23325640779474,4
"TMEM132A","TMEM132A",4,3.06266068918522,4
"CADM3","CADM3",1,2.30966549385033,4
"AK5","AK5",1,2.37329919892582,4
"NKG7","NKG7",2,3.28380967650557,4
"CRYAB","CRYAB",4,2.67779099086173,4
"IGSF3","IGSF3",4,2.32420678909404,4
"CFAP69","CFAP69",1,2.79888134651293,4
"FGF7","FGF7",1,2.72382045333605,4
"LIFR","LIFR",1,3.53098505643742,4
"CKS2","CKS2",2,2.49559849942308,4
"SH2D2A","SH2D2A",2,2.64664189870051,4
"ABRACL","ABRACL",4,2.34962840812241,4
"DLL1","DLL1",1,2.5258882302159,4
"LINC02511","LINC02511",1,2.82807781944861,4
"AC005224.2","AC005224.2",2,2.79792140210416,4
"SLC16A3","SLC16A3",4,2.74156038185645,4
"AL031282.1","AL031282.1",3,3.06932162368262,4
"TTYH1","TTYH1",4,2.28356576415517,4
"ALDH1B1","ALDH1B1",4,2.98701766667632,4
"BMP8A","BMP8A",4,2.74245177373207,4
"PAPPA","PAPPA",3,2.38495286531015,4
"AACS","AACS",4,2.13386644114307,4
"S1PR4","S1PR4",2,3.46125500829776,4
"CYTIP","CYTIP",2,3.31527435454617,4
"PCED1B-AS1","PCED1B-AS1",2,3.53585883063385,4
"DPP4","DPP4",1,2.15290115218696,4
"MEIS1","MEIS1",1,2.85306995886274,4
"NOX4","NOX4",4,2.84296542981645,4
"SHANK2","SHANK2",4,2.66865953169123,4
"FCGR1A","FCGR1A",4,2.29739877839229,4
"THEMIS","THEMIS",2,3.13794267238201,4
"WDFY4","WDFY4",2,3.11115283771738,4
"IL2RG","IL2RG",2,3.66891209720645,4
"GSN-AS1","GSN-AS1",3,4.26396161129018,4
"KIAA1549L","KIAA1549L",4,2.28356459219581,4
"CCDC26","CCDC26",1,2.20749324695332,4
"FMO1","FMO1",1,2.81896973023722,4
"IRX3","IRX3",4,2.93735435467851,4
"GXYLT2","GXYLT2",3,2.85896995768664,4
"CLSTN2","CLSTN2",1,2.77016258776679,4
"NR2F1","NR2F1",1,3.54619579859718,4
"CDK1","CDK1",2,2.26830036944175,4
"CD177","CD177",3,2.37250671460471,4
"GATA3","GATA3",1,2.10038887306793,4
"RYR3","RYR3",1,2.69187370973949,4
"HMGB3","HMGB3",4,2.82740111551544,4
"GHR","GHR",1,2.69888581165977,4
"ALPL","ALPL",1,2.41974126534779,4
"AL078595.1","AL078595.1",3,4.41830867804092,4
"PID1","PID1",1,2.94552546679344,4
"CAMK4","CAMK4",2,3.14229029302061,4
"ANKRD22","ANKRD22",2,2.44190500260807,4
"WNT5A","WNT5A",4,2.7208800507635,4
"CD36","CD36",1,3.26604499222669,4
"RASSF6","RASSF6",1,2.01082989770904,4
"SELP","SELP",1,2.58974298017592,4
"RERG","RERG",1,2.78346314939759,4
"VPREB3","VPREB3",2,3.22582661784219,4
"TNRC6C-AS1","TNRC6C-AS1",2,3.03901985321977,4
"KCNE4","KCNE4",4,2.15447885942801,4
"P4HA3","P4HA3",4,2.6327235374675,4
"KANK4","KANK4",4,2.85092291968975,4
"BCL2A1","BCL2A1",2,2.86773769498934,4
"SEZ6L2","SEZ6L2",4,2.53480840836312,4
"PHYHD1","PHYHD1",1,2.92687991072995,4
"SLC1A3","SLC1A3",2,2.31619807761195,4
"KRT8","KRT8",4,2.87832055801179,4
"PTGIS","PTGIS",3,2.59048532428734,4
"LILRB5","LILRB5",1,2.45828330466092,4
"OMD","OMD",1,2.47625133561804,4
"CD69","CD69",2,2.89795957185622,4
"BICDL2","BICDL2",4,2.49984970369211,4
"KLRB1","KLRB1",2,2.94218434888921,4
"RNPEP","RNPEP",4,2.34357892329373,4
"NPL","NPL",2,2.45696914231838,4
"IL2RA","IL2RA",2,2.43845986098479,4
"AKR1B1","AKR1B1",4,2.52916961391098,4
"GRAP2","GRAP2",2,3.10640736871511,4
"LAX1","LAX1",2,3.09358889370399,4
"MATN2","MATN2",1,3.33269330231562,4
"C16orf54","C16orf54",2,3.21959037161376,4
"TLR2","TLR2",4,2.36838601439885,4
"GPAM","GPAM",1,2.39488015810939,4
"HERC5","HERC5",2,2.48579486624035,4
"ZNF831","ZNF831",2,3.16751149222661,4
"WWC1","WWC1",4,2.8988397051372,4
"SAMD5","SAMD5",1,2.82907558916508,4
"ADGRD1","ADGRD1",1,2.52063974863181,4
"IRF7","IRF7",2,3.07738457762825,4
"FGFR2","FGFR2",4,2.28749612439252,4
"PKP3","PKP3",4,3.02408128685031,4
"HPN","HPN",4,2.37843679575949,4
"SERINC2","SERINC2",4,2.91459736668561,4
"TNFRSF18","TNFRSF18",2,2.8877235951066,4
"TMEM132C","TMEM132C",1,2.99133827870435,4
"CST7","CST7",2,2.96249770381402,4
"CBLN4","CBLN4",3,2.37422440364172,4
"GPC1","GPC1",4,3.09049868842999,4
"CILP","CILP",3,2.79894003299705,4
"PTCH2","PTCH2",1,2.53734561791936,4
"TRIM9","TRIM9",1,2.84823202320619,4
"ICOS","ICOS",2,3.07359683398627,4
"MIR3142HG","MIR3142HG",2,2.75974347342652,4
"TNFRSF21","TNFRSF21",1,2.39877044747925,4
"TRABD2A","TRABD2A",2,3.01635139876643,4
"SYT1","SYT1",1,2.66473882601761,4
"MAFF","MAFF",1,2.56763234212178,4
"EZH2","EZH2",2,2.55069168627027,4
"CXCR4","CXCR4",2,3.06425189929231,4
"TFPI2","TFPI2",1,2.13969243038795,4
"LOXL2","LOXL2",4,2.96877879848234,4
"SCNN1A","SCNN1A",4,2.34446346884222,4
"GRB7","GRB7",4,2.68243743689745,4
"MT-TV","MT-TV",4,2.49086815294627,4
"H2BC5","H2BC5",4,2.00085505677812,4
"PDE7B","PDE7B",1,2.77738631724977,4
"MICAL2","MICAL2",4,2.89811613854608,4
"TP63","TP63",1,2.55270989629082,4
"SOCS1","SOCS1",2,2.66160447028521,4
"TMEM63B","TMEM63B",4,2.4881780358255,4
"OLA1","OLA1",4,2.28894053240581,4
"SLC19A2","SLC19A2",1,2.25440361200162,4
"IGSF6","IGSF6",2,2.50335446162682,4
"SYBU","SYBU",1,2.58803733396921,4
"FAXDC2","FAXDC2",1,3.15513256708358,4
"PRRG3","PRRG3",1,2.9017318918488,4
"PARVG","PARVG",2,3.17151584879905,4
"F3","F3",4,2.39285912870546,4
"CLDN5","CLDN5",1,3.12734511557658,4
"C2","C2",2,2.56636519252252,4
"ICAM1","ICAM1",2,2.44964700915446,4
"ISM1","ISM1",1,2.38558051019466,4
"CLSPN","CLSPN",2,2.48361761581767,4
"FAM110D","FAM110D",1,2.715256637926,4
"RTP4","RTP4",2,2.25129971424797,4
"IFIT2","IFIT2",2,2.04684102258532,4
"PFKFB3","PFKFB3",4,2.39407020140795,4
"MIR22HG","MIR22HG",4,2.26629421661948,4
"SLC22A3","SLC22A3",1,2.40229864455215,4
"RASGRP2","RASGRP2",2,3.21312305362199,4
"ABLIM3","ABLIM3",1,2.75153562698936,4
"ATP13A4","ATP13A4",4,2.23842817052047,4
"PSTPIP1","PSTPIP1",2,3.18729560664944,4
"AC092279.2","AC092279.2",1,2.44746350069495,4
"CCT8","CCT8",4,2.30336587540532,4
"SEC14L2","SEC14L2",4,2.51599367058939,4
"FBP1","FBP1",4,2.08485461655422,4
"PDK4","PDK4",1,2.97293612752917,4
"KCNMB1","KCNMB1",4,2.29135154248547,4
"LRRC26","LRRC26",1,2.13999782233617,4
"GAPT","GAPT",2,2.64137636885589,4
"AFMID","AFMID",1,2.24595060554654,4
"CSRNP1","CSRNP1",1,2.43566971725882,4
"MEI1","MEI1",2,3.11088647235333,4
"NAMPT","NAMPT",4,2.10225711173513,4
"MT-TP","MT-TP",3,2.69870401451783,4
"GADD45G","GADD45G",4,2.38777600626109,4
"CYP4X1","CYP4X1",1,2.38064980715065,4
"AFF3","AFF3",1,2.58660002609052,4
"AKR1C3","AKR1C3",1,2.77854394187833,4
"CTLA4","CTLA4",2,2.97273033677867,4
"FMO3","FMO3",3,2.1316127434829,4
"FAM83H","FAM83H",4,2.90304973587553,4
"SNAI1","SNAI1",4,2.45414150067713,4
"ACACB","ACACB",1,3.14924874663872,4
"PDLIM4","PDLIM4",4,2.76423732671018,4
"DCXR","DCXR",4,2.24666141907071,4
"IGDCC4","IGDCC4",1,2.43418047340523,4
"AC144530.1","AC144530.1",3,4.03710420576638,4
"SLC2A1","SLC2A1",4,2.32820265359689,4
"HLA-DOA","HLA-DOA",2,2.54252488226695,4
"CLEC4E","CLEC4E",2,2.20540128442554,4
"EAF2","EAF2",2,2.63030174627386,4
"SYNDIG1","SYNDIG1",4,2.98493243759442,4
"SLA2","SLA2",2,3.21756138906245,4
"SNX22","SNX22",2,2.73008233705514,4
"ARNTL2","ARNTL2",2,2.42293316949124,4
"NGFR","NGFR",1,2.64943899992554,4
"RRM2","RRM2",2,2.56547717353134,4
"AC093908.1","AC093908.1",3,2.32621198521023,4
"POLR2M","POLR2M",4,2.03994841914046,4
"LINC01252","LINC01252",1,2.09967236081278,4
"BCL11B","BCL11B",2,3.4886487791889,4
"MYH11","MYH11",1,2.94029493241761,4
"CDON","CDON",1,2.84496763719301,4
"LY75","LY75",2,3.06676110464452,4
"RGS2","RGS2",4,2.35705909348253,4
"ANKRD36B","ANKRD36B",3,2.1762301275233,4
"RNF19B","RNF19B",4,2.32005718457525,4
"FHL1","FHL1",1,3.17853761860749,4
"CEP55","CEP55",2,2.58395455687983,4
"AP1M2","AP1M2",4,2.81125535331392,4
"JPT1","JPT1",2,2.45278063351733,4
"AL031595.2","AL031595.2",1,2.16323029987298,4
"CD226","CD226",2,2.92581387182831,4
"MIR503HG","MIR503HG",1,2.09807423032487,4
"PTK7","PTK7",4,3.10732145115822,4
"PTPN22","PTPN22",2,2.99980608690731,4
"C1orf116","C1orf116",4,2.58500256770706,4
"ANLN","ANLN",4,2.38978960898829,4
"NRG2","NRG2",1,2.59850161120401,4
"RHEB","RHEB",4,2.56782258868388,4
"HOPX","HOPX",4,2.02748229044426,4
"EPHB2","EPHB2",3,2.66803130589995,4
"ALOX5AP","ALOX5AP",2,2.6100791484392,4
"PROM2","PROM2",4,2.6666068605555,4
"SEMA3D","SEMA3D",1,2.55062731025126,4
"MEIS3","MEIS3",4,2.38589922086733,4
"CHRD","CHRD",1,2.72032701108477,4
"RIC3","RIC3",2,2.42361971654301,4
"MARC1","MARC1",1,2.2387157860054,4
"COL8A2","COL8A2",4,3.16067399220879,4
"TBX18","TBX18",1,2.79364373419851,4
"C6orf141","C6orf141",1,2.32955417695851,4
"CADM3-AS1","CADM3-AS1",1,2.79120055861832,4
"SLC38A5","SLC38A5",2,2.54318472991699,4
"EN1","EN1",4,2.81823200334555,4
"FBN2","FBN2",4,2.33103056511325,4
"IGFBP6","IGFBP6",1,3.23094836796026,4
"SIT1","SIT1",2,3.46028453590967,4
"S100B","S100B",1,2.00544505016581,4
"PSMB9","PSMB9",2,3.10526443614745,4
"BMPR1B","BMPR1B",4,2.48659261807948,4
"LLGL2","LLGL2",4,2.40992323868786,4
"ARHGAP15","ARHGAP15",2,3.28854448965234,4
"LUCAT1","LUCAT1",2,1.99929222903908,4
"FKBP4","FKBP4",4,2.75393882563262,4
"MMP25","MMP25",2,2.66015782436971,4
"EFNA1","EFNA1",4,2.84051187875618,4
"FBXO2","FBXO2",1,2.34096636048033,4
"IL1RN","IL1RN",4,2.10339601561226,4
"RBM38","RBM38",2,2.72408134407298,4
"CKB","CKB",1,2.40980599462486,4
"PI4KA","PI4KA",4,2.29020335397044,4
"UNC93B1","UNC93B1",2,2.54289691396043,4
"DPT","DPT",1,2.71798519096465,4
"PTPRD","PTPRD",3,2.23090650776734,4
"MCOLN3","MCOLN3",1,2.49587939664255,4
"PRKCQ-AS1","PRKCQ-AS1",2,3.14415105577582,4
"TRIM59","TRIM59",3,2.3457589037915,4
"PTPN7","PTPN7",2,3.32898856714798,4
"TMEM156","TMEM156",2,2.97520865522891,4
"TRO","TRO",1,2.41414797152442,4
"MSR1","MSR1",4,2.45509094936712,4
"KIAA1143","KIAA1143",1,2.25814847586771,4
"MME","MME",1,2.57177242815344,4
"IFIT1","IFIT1",3,2.01508391628496,4
"COX5A","COX5A",4,2.53111898255393,4
"DDR1","DDR1",4,2.57274903517456,4
"PIK3CD","PIK3CD",2,2.95681854438034,4
"GREM1","GREM1",3,2.50899480885812,4
"DIO3OS","DIO3OS",1,2.87376096571707,4
"IFI44L","IFI44L",2,2.70587948661235,4
"IRX2","IRX2",4,2.54873762505004,4
"MRPL49","MRPL49",4,2.15345783583275,4
"STEAP1","STEAP1",4,2.1863853143964,4
"CLEC12A","CLEC12A",2,2.1366636952696,4
"MN1","MN1",4,2.25931040136997,4
"EOMES","EOMES",2,3.03571320469933,4
"PNP","PNP",2,2.30525744397606,4
"MYB","MYB",1,2.141797351323,4
"ZNF483","ZNF483",1,2.85545848738578,4
"ARHGAP9","ARHGAP9",2,3.08095688192942,4
"AL136164.3","AL136164.3",1,2.60694253187292,4
"MYO1G","MYO1G",2,3.16096026829025,4
"RGS18","RGS18",2,2.36362803188471,4
"TACC3","TACC3",2,2.84930101547456,4
"PCED1B","PCED1B",2,3.10170512467075,4
"KANK3","KANK3",1,2.69404513881669,4
"ADAMTS15","ADAMTS15",1,2.73559605768817,4
"ADCYAP1R1","ADCYAP1R1",1,2.95331743139343,4
"NDC80","NDC80",2,2.39474930515511,4
"NME1","NME1",4,2.69741054810499,4
"PCLO","PCLO",4,2.2321673634169,4
"AC124319.1","AC124319.1",3,2.77688687567317,4
"EDNRA","EDNRA",4,2.60077568972292,4
"NR1D1","NR1D1",1,2.1418538389166,4
"ZNRD1","ZNRD1",2,2.24428633256863,4
"CITED4","CITED4",4,2.50291396583571,4
"H2AW","H2AW",4,2.24941793442138,4
"CNKSR2","CNKSR2",1,2.62567472500545,4
"EGFLAM","EGFLAM",1,2.9662617569581,4
"CD180","CD180",2,2.73876257995491,4
"ACOT2","ACOT2",4,2.47170627572749,4
"AC080038.2","AC080038.2",4,2.0235027818027,4
"MAOA","MAOA",1,2.64518428681316,4
"C5orf46","C5orf46",4,3.00663930066141,4
"OLFML2B","OLFML2B",4,2.72403039967975,4
"SLAMF6","SLAMF6",2,3.34527572752273,4
"SPN","SPN",2,3.30168179566605,4
"PTPRT","PTPRT",1,2.64362333730926,4
"SPOCD1","SPOCD1",4,2.68769905846962,4
"HBEGF","HBEGF",4,2.04914606586982,4
"VIPR1","VIPR1",1,2.57404991803252,4
"NCF4","NCF4",2,2.87802158830575,4
"RASEF","RASEF",4,2.26825954100108,4
"F8","F8",1,2.79493458319323,4
"SORBS1","SORBS1",1,2.55157409787557,4
"SHISA2","SHISA2",4,2.37731806935239,4
"SLC18A2","SLC18A2",1,2.6608309635889,4
"PTH1R","PTH1R",1,2.53053423562297,4
"FOXC1","FOXC1",4,2.53219695339934,4
"OLFM2","OLFM2",1,2.11085302426281,4
"ITGB8","ITGB8",4,2.38085993685241,4
"SMIM26","SMIM26",2,2.05516670033689,4
"PELI2","PELI2",1,2.53302393132533,4
"DOCK2","DOCK2",2,3.16524415829327,4
"PCDH9","PCDH9",1,2.3480805910609,4
"CAB39L","CAB39L",1,2.57723644429552,4
"PTAFR","PTAFR",2,2.46132628315265,4
"H2AC6","H2AC6",4,2.14519623860755,4
"CRISPLD1","CRISPLD1",1,2.40227516288845,4
"CMYA5","CMYA5",1,2.80347120126547,4
"HOXA9","HOXA9",1,2.20363573443887,4
"GREB1","GREB1",1,2.43367815514533,4
"RAMP3","RAMP3",1,2.42990603348843,4
"PASK","PASK",2,2.96511482054872,4
"CEROX1","CEROX1",1,2.44096185726461,4
"SMIM22","SMIM22",4,2.62264873373492,4
"HOXA3","HOXA3",3,2.27522662628898,4
"CTSW","CTSW",2,2.91018001800385,4
"AC006160.1","AC006160.1",3,3.34921016039986,4
"FGD3","FGD3",2,3.01176427671078,4
"DYNLT1","DYNLT1",4,2.42875340813169,4
"TMEM128","TMEM128",4,2.09215495925194,4
"KRTCAP3","KRTCAP3",4,2.27893108300896,4
"CAPG","CAPG",4,2.40313315905318,4
"CXCR2P1","CXCR2P1",2,2.94782803624351,4
"CD53","CD53",2,3.15542793482402,4
"LGI4","LGI4",1,2.83993010447322,4
"PEG3","PEG3",1,2.5852137144111,4
"SCGB1A1","SCGB1A1",3,2.31214673824134,4
"CARMIL2","CARMIL2",2,3.34487572339725,4
"PDK1","PDK1",2,2.82785160050469,4
"OAT","OAT",4,2.80380780503961,4
"PLXNA4","PLXNA4",1,2.55843922394529,4
"LYPLAL1-AS1","LYPLAL1-AS1",1,2.57008390404777,4
"MBOAT2","MBOAT2",4,2.74940530914819,4
"SERPINA1","SERPINA1",3,2.2982727492375,4
"SH3BGRL2","SH3BGRL2",1,2.650787960299,4
"LYPD3","LYPD3",4,2.50247482856873,4
"PKIB","PKIB",4,2.48696812491763,4
"C1QTNF7","C1QTNF7",3,2.49528028841422,4
"HPRT1","HPRT1",4,2.40661795808881,4
"LINC01436","LINC01436",3,2.41403029024702,4
"HSPA2","HSPA2",1,2.04773167720502,4
"CPXM1","CPXM1",1,2.31590627292009,4
"PPIF","PPIF",4,2.35919993947974,4
"STAP1","STAP1",2,2.92199936995532,4
"RIPOR3","RIPOR3",1,2.59745806732321,4
"HAVCR2","HAVCR2",2,2.33066279060632,4
"RNF150","RNF150",1,2.27766301090218,4
"NEDD4L","NEDD4L",4,2.3139576886924,4
"ATOX1","ATOX1",4,2.57092899268576,4
"ARHGAP19","ARHGAP19",1,2.28051979871041,4
"SCG2","SCG2",3,2.26724786972431,4
"AF001548.3","AF001548.3",1,2.41469126519076,4
"IQANK1","IQANK1",4,2.88461331847425,4
"P3H2","P3H2",1,2.34464071486062,4
"FER1L4","FER1L4",2,2.58486206899036,4
"SCRG1","SCRG1",3,2.1904626438876,4
"PILRA","PILRA",4,2.34741458642713,4
"LAG3","LAG3",2,2.81756075772628,4
"SLC39A14","SLC39A14",4,2.66270797600957,4
"DGKI","DGKI",4,2.74923892975842,4
"ABCA7","ABCA7",2,3.02410147070403,4
"CX3CR1","CX3CR1",4,2.06459043383636,4
"TNNI2","TNNI2",1,2.25253049358929,4
"GSDME","GSDME",1,2.44171560720733,4
"FOXP2","FOXP2",1,2.76287479986292,4
"AC040160.1","AC040160.1",1,2.56471612548727,4
"GCNT2","GCNT2",4,2.10743383178904,4
"CSPG4","CSPG4",4,2.71783335127523,4
"DACH1","DACH1",1,2.38147788189779,4
"PDE1C","PDE1C",1,2.48256815367889,4
"TBRG4","TBRG4",4,2.49379678992543,4
"TPPP3","TPPP3",1,2.4498657048309,4
"ARRDC2","ARRDC2",2,2.41789704129471,4
"GPR132","GPR132",2,2.97436990499112,4
"ARHGAP28","ARHGAP28",1,2.22581068038612,4
"KNL1","KNL1",2,2.51869466502063,4
"ANKRD29","ANKRD29",1,2.9693858451607,4
"HERC2P3","HERC2P3",1,2.51655325333144,4
"GARNL3","GARNL3",1,2.72248196400386,4
"PEAR1","PEAR1",1,3.06262273200783,4
"RGS16","RGS16",3,2.18549421616727,4
"DTX4","DTX4",4,2.16498614884928,4
"PYCR1","PYCR1",4,3.00164787045452,4
"MARVELD3","MARVELD3",4,2.56150275766663,4
"ADCY7","ADCY7",2,2.80007486334135,4
"PCDH17","PCDH17",4,2.26253433296437,4
"GALNT6","GALNT6",4,2.46125242294994,4
"AC093535.2","AC093535.2",1,2.78569407350751,4
"CSF3R","CSF3R",2,2.25588187604015,4
"SLFN12L","SLFN12L",2,2.90758100355624,4
"LRRN3","LRRN3",1,2.6604798918114,4
"RUNX3","RUNX3",2,3.34953546020718,4
"SMCO4","SMCO4",4,2.35865183502299,4
"ADAM28","ADAM28",2,2.93050684534894,4
"SPSB1","SPSB1",4,2.59974997388308,4
"SCN3A","SCN3A",1,2.61008550522489,4
"COL4A4","COL4A4",2,2.72444263845024,4
"DENND1C","DENND1C",2,3.2344769825061,4
"IPCEF1","IPCEF1",2,2.96600625400597,4
"HAND2","HAND2",1,2.57925122594546,4
"PNPLA7","PNPLA7",1,2.99741793860618,4
"RNF144B","RNF144B",4,2.10345456940509,4
"MEST","MEST",1,2.66048408082578,4
"HILPDA","HILPDA",4,2.52776485421116,4
"NTM","NTM",4,2.62179155268936,4
"TNFSF4","TNFSF4",3,2.24326646261332,4
"PPP1R1A","PPP1R1A",1,2.16585463501582,4
"TMEM100","TMEM100",1,2.49683960325785,4
"TNFRSF12A","TNFRSF12A",4,3.1827491853353,4
"COL7A1","COL7A1",1,2.6146732236139,4
"PIK3R5","PIK3R5",2,2.78682493796382,4
"THRB","THRB",1,2.95466637398641,4
"GMDS","GMDS",4,2.45407514679926,4
"AC103740.1","AC103740.1",1,2.15525999438768,4
"PRKD1","PRKD1",4,2.24432861546949,4
"C11orf21","C11orf21",2,2.79982123216535,4
"SGIP1","SGIP1",4,2.59135313823211,4
"CA4","CA4",1,2.77336092715148,4
"GTF3C6","GTF3C6",4,2.52638656636396,4
"FBXO45","FBXO45",3,2.62643272415008,4
"SEPTIN1","SEPTIN1",2,3.29946035852143,4
"SERTAD1","SERTAD1",4,2.13979423424361,4
"AXIN2","AXIN2",1,2.5265158627269,4
"ECSCR","ECSCR",1,2.57622955270387,4
"HAND2-AS1","HAND2-AS1",1,2.94128731869836,4
"MYO5C","MYO5C",1,2.57865989403004,4
"UBE2M","UBE2M",4,2.45260053213997,4
"B4GALNT4","B4GALNT4",4,2.33409855916954,4
"PCDHB16","PCDHB16",1,2.63720764947159,4
"LRRC8D","LRRC8D",2,2.30120426295224,4
"NTRK1","NTRK1",1,2.41560683273376,4
"SCIMP","SCIMP",2,2.8995474085014,4
"NTRK3","NTRK3",1,2.47791800551525,4
"MRPS26","MRPS26",4,2.41035479548748,4
"BCAT1","BCAT1",4,2.3911424116534,4
"ABHD11","ABHD11",4,2.42585268092977,4
"RBP1","RBP1",4,2.34643813118478,4
"DOK3","DOK3",2,2.67246368078979,4
"P2RY13","P2RY13",2,2.4149139118235,4
"HSPA8","HSPA8",2,2.41046296979454,4
"AMIGO2","AMIGO2",4,2.24797889181562,4
"PCOLCE2","PCOLCE2",1,2.40307283337732,4
"KYNU","KYNU",3,2.20550816852765,4
"KMO","KMO",2,2.39657495125542,4
"COPZ2","COPZ2",4,2.73705291842566,4
"PXYLP1","PXYLP1",1,2.21149519903945,4
"CDH13","CDH13",4,2.35426362596779,4
"SOX2-OT","SOX2-OT",1,2.27078522740745,4
"KCNMB4","KCNMB4",1,2.43658915678981,4
"WNK2","WNK2",4,2.35725350036649,4
"KIF21B","KIF21B",2,3.15807189576724,4
"SHROOM1","SHROOM1",4,2.48861230194274,4
"PRRX2","PRRX2",1,2.2649485980436,4
"PPARG","PPARG",1,2.40020030178213,4
"ANKRD44-IT1","ANKRD44-IT1",2,2.86408522250629,4
"CDCA7","CDCA7",2,2.1833517844748,4
"NRARP","NRARP",4,2.32020056778782,4
"TOMM40","TOMM40",4,2.45491231588986,4
"UBASH3A","UBASH3A",2,3.11864736834008,4
"SOX7","SOX7",1,2.30006676550098,4
"BMP7","BMP7",1,2.26232396022198,4
"SFRP1","SFRP1",1,3.16535141985419,4
"FLT4","FLT4",1,2.1895225574623,4
"GPR4","GPR4",4,2.09736451482034,4
"SLC17A9","SLC17A9",2,2.56030002832948,4
"MCCC1","MCCC1",1,2.09983178711478,4
"APLN","APLN",4,2.5955944606245,4
"DEF6","DEF6",2,3.17758308957796,4
"TEF","TEF",1,2.67691525110098,4
"GPC4","GPC4",4,2.66529147865076,4
"H2BC19P","H2BC19P",2,2.1215053865718,4
"ANOS1","ANOS1",4,2.38175565581388,4
"TENM3","TENM3",3,2.389229707992,4
"SLC9A3-AS1","SLC9A3-AS1",1,2.42572176406638,4
"S1PR3","S1PR3",4,2.08395686997212,4
"C5AR1","C5AR1",3,2.19033468000812,4
"LAMA2","LAMA2",1,3.05069606090819,4
"NAT1","NAT1",3,2.25047068278257,4
"RNF13","RNF13",3,2.77316155994571,4
"ATP1B2","ATP1B2",1,2.91693076089099,4
"MT-CO2","MT-CO2",4,2.70657329953005,4
"ENPP5","ENPP5",1,2.46363746016503,4
"CHRM3-AS2","CHRM3-AS2",2,2.99476892066767,4
"MEG8","MEG8",1,2.73215248693996,4
"MT-TM","MT-TM",3,2.0528747964922,4
"Z97192.3","Z97192.3",2,2.71137679696612,4
"TMEM45A","TMEM45A",4,2.61437677824468,4
"SCN4B","SCN4B",1,2.71812021710854,4
"SLC7A1","SLC7A1",2,2.14088922492796,4
"RNF181","RNF181",4,2.49216731363826,4
"TMEM14B","TMEM14B",4,2.06792078049604,4
"CCR5","CCR5",2,2.84214402228978,4
"CSTA","CSTA",2,2.08007550286719,4
"LEF1","LEF1",2,2.46300818611391,4
"GCA","GCA",2,1.98841633589031,4
"PCDH18","PCDH18",1,3.13553927554306,4
"BLNK","BLNK",2,2.99965686188378,4
"BATF","BATF",2,2.61671480787003,4
"KCNJ8","KCNJ8",1,1.99749698748179,4
"FAM13C","FAM13C",1,2.70032015369785,4
"SORT1","SORT1",4,3.05956924907347,4
"CMTM7","CMTM7",2,2.3106290044482,4
"REEP6","REEP6",1,2.22406210500882,4
"DUSP5","DUSP5",2,2.56236248317738,4
"CCZ1","CCZ1",4,2.05441587921974,4
"THSD1","THSD1",1,2.31376882878032,4
"ADAMTS9","ADAMTS9",1,2.39239927129323,4
"LARGE2","LARGE2",4,2.02591025699634,4
"CYBA","CYBA",2,3.08288593905209,4
"FGR","FGR",2,2.60213054998313,4
"ERBB2","ERBB2",4,2.64543935776052,4
"SOX18","SOX18",1,2.36224021557514,4
"BCAP31","BCAP31",4,2.30093201508336,4
"CDR2L","CDR2L",4,2.54433046693274,4
"RND1","RND1",1,2.2334990723972,4
"KIF22","KIF22",2,2.38954384609035,4
"AK4","AK4",1,2.25009608473357,4
"PODNL1","PODNL1",4,2.51197322917949,4
"SPON1","SPON1",4,2.579603695081,4
"SYCP2","SYCP2",4,2.12827890874492,4
"SPAG4","SPAG4",2,2.55199379416733,4
"PATL2","PATL2",2,2.94168146086171,4
"RFX8","RFX8",1,2.33418361760443,4
"EPSTI1","EPSTI1",2,2.99444864445819,4
"PLEKHG5","PLEKHG5",1,2.59487059547786,4
"P4HA2","P4HA2",4,2.61715834445756,4
"PRKCB","PRKCB",2,3.56612876288749,4
"CHMP4C","CHMP4C",4,2.51552529795948,4
"AL034397.3","AL034397.3",2,2.21658632603717,4
"DDX41","DDX41",4,2.36003954932178,4
"RUBCNL","RUBCNL",2,2.59996004359541,4
"NLGN4X","NLGN4X",3,2.331346536506,4
"SLC25A27","SLC25A27",1,2.72666577223315,4
"PERP","PERP",4,3.26595025322609,4
"MRPS30-DT","MRPS30-DT",1,2.15764067227212,4
"AC005046.1","AC005046.1",3,2.66765028553541,4
"GGH","GGH",4,2.35935232228928,4
"LINC01197","LINC01197",1,2.62747329861127,4
"CHL1","CHL1",1,2.48892202892064,4
"CGNL1","CGNL1",1,2.51289966096282,4
"ICAM3","ICAM3",2,3.30125241429693,4
"PRDM8","PRDM8",1,2.66411652424182,4
"SLITRK4","SLITRK4",4,2.38742143150054,4
"NTN1","NTN1",1,2.14553051089042,4
"FCRLA","FCRLA",2,3.07321071562437,4
"TUBA4A","TUBA4A",2,2.63380070686821,4
"AP002026.1","AP002026.1",3,2.39519222193507,4
"OCIAD2","OCIAD2",2,2.25213862373845,4
"PITX1","PITX1",4,2.34236189290255,4
"GNAI1","GNAI1",1,2.23981313114849,4
"EGFR","EGFR",1,2.5760904775499,4
"SEM1","SEM1",4,2.49153124110456,4
"PLAC9","PLAC9",1,2.89377311989768,4
"P3H4","P3H4",4,2.68214884479718,4
"GPR34","GPR34",3,2.42948821341111,4
"NID2","NID2",4,2.34375297009894,4
"PGD","PGD",4,2.34034514188071,4
"TM6SF1","TM6SF1",4,2.17902565461631,4
"TMEM230","TMEM230",4,2.30971926615953,4
"ITGA2","ITGA2",4,2.78100146312671,4
"ZNF680","ZNF680",3,2.10666496576849,4
"TMC4","TMC4",4,2.51994010538499,4
"CHCHD2","CHCHD2",4,2.57084534799125,4
"RTN1","RTN1",3,2.06538181482202,4
"IL1RAP","IL1RAP",4,2.23103488680175,4
"RBX1","RBX1",4,2.33880031956577,4
"GMIP","GMIP",2,2.92689382732874,4
"FEN1","FEN1",2,2.15160482178926,4
"CASP3","CASP3",2,2.08382244687951,4
"GOLGA2P5","GOLGA2P5",2,2.15850611652951,4
"DMD","DMD",1,2.65506326728373,4
"DTX2","DTX2",4,2.30576538673691,4
"MANSC1","MANSC1",1,2.33913452219281,4
"RCC1","RCC1",4,2.18994890329158,4
"PTPRF","PTPRF",4,3.14961926893298,4
"LRATD1","LRATD1",4,2.40300664125624,4
"AL355816.2","AL355816.2",2,2.95905986276976,4
"SF3B4","SF3B4",4,2.11187048369353,4
"AL591895.1","AL591895.1",2,2.11974494496614,4
"TMEM45B","TMEM45B",1,1.99403047757527,4
"ENPEP","ENPEP",1,2.41211058418575,4
"MTATP6P1","MTATP6P1",4,2.30662330426338,4
"CD86","CD86",3,2.87779018031042,4
"MAPRE1","MAPRE1",4,2.27165949645019,4
"CELSR1","CELSR1",4,2.27795535722173,4
"LPXN","LPXN",2,2.9374322996499,4
"KDELR3","KDELR3",3,2.46162807970963,4
"NLGN1","NLGN1",1,2.90991305662259,4
"C21orf59-TCP10L","C21orf59-TCP10L",1,2.32172429836683,4
"C3AR1","C3AR1",2,2.1919218046034,4
"IGSF9","IGSF9",4,2.64719960269467,4
"AC073869.1","AC073869.1",4,2.01926752361552,4
"SERTAD4-AS1","SERTAD4-AS1",4,2.59348284985538,4
"ATP1A2","ATP1A2",1,2.54830321878257,4
"SASH3","SASH3",2,3.14377191318078,4
"C1orf226","C1orf226",1,2.33309819730789,4
"LDLRAD3","LDLRAD3",4,2.3040446672863,4
"LRMP","LRMP",2,3.05221961668095,4
"AL139393.3","AL139393.3",4,2.37386353652271,4
"MREG","MREG",4,2.25078050231834,4
"DSP","DSP",4,3.1582782193256,4
"ITPKC","ITPKC",1,2.25379678945316,4
"ACSM3","ACSM3",1,2.21355946581757,4
"ARHGEF37","ARHGEF37",1,2.28619953990582,4
"PLEKHO2","PLEKHO2",2,2.2918104287293,4
"UBE2E3","UBE2E3",4,2.48493460445923,4
"GZMM","GZMM",2,2.94528061409177,4
"Z97200.1","Z97200.1",1,2.28458233591856,4
"RAI2","RAI2",1,2.70621641671449,4
"WAKMAR2","WAKMAR2",2,2.73743426070417,4
"ST8SIA1","ST8SIA1",2,2.68704739564243,4
"PCNA","PCNA",4,2.36904417436951,4
"NUS1","NUS1",4,2.09802147427872,4
"CYP27C1","CYP27C1",1,2.07670610935746,4
"DCLK1","DCLK1",1,3.14628249905649,4
"IGF2BP2","IGF2BP2",4,2.01971204478319,4
"FAM110A","FAM110A",4,2.24530283321528,4
"DAAM2","DAAM2",1,2.76268318676407,4
"IL33","IL33",1,3.20687809928098,4
"PER3","PER3",1,2.61339379929243,4
"ADAMTS12","ADAMTS12",4,2.50398108604431,4
"DNM1","DNM1",1,2.78566138753673,4
"IFFO2","IFFO2",4,2.3962704779715,4
"PER2","PER2",1,2.62124810303737,4
"MEMO1","MEMO1",2,2.20567754212034,4
"ZNF471","ZNF471",1,2.37832629849594,4
"ENC1","ENC1",4,2.54360210960671,4
"CRY2","CRY2",1,2.47677580885544,4
"CADPS","CADPS",1,2.05470422876035,4
"LILRB2","LILRB2",3,2.44982010491758,4
"MAT2A","MAT2A",4,2.21507657267761,4
"KCND2","KCND2",1,2.16195552081592,4
"SYTL1","SYTL1",2,2.91807918978628,4
"ACACA","ACACA",4,2.32183469233044,4
"SLC6A6","SLC6A6",4,2.41073142341667,4
"ABCA6","ABCA6",1,3.33686556744948,4
"SPATA6","SPATA6",1,2.92826118511574,4
"LRATD2","LRATD2",1,2.20531431303927,4
"CLCF1","CLCF1",1,2.22850028476037,4
"MXD1","MXD1",2,1.99208212756625,4
"MTCYBP13","MTCYBP13",3,2.97891989763686,4
"DAPK1","DAPK1",2,2.16006545005233,4
"CC2D2B","CC2D2B",1,2.53428248704678,4
"PPP1R14B","PPP1R14B",4,2.86191657697972,4
"HSD11B2","HSD11B2",4,2.23443630935821,4
"FRRS1L","FRRS1L",1,2.70346121497225,4
"SIRPG","SIRPG",2,3.08394078726383,4
"USB1","USB1",4,2.20238818284381,4
"KLK4","KLK4",4,2.69625921498287,4
"TMEM144","TMEM144",1,2.35520930850123,4
"KIF23","KIF23",4,2.17413943563522,4
"LTB4R","LTB4R",2,2.20211449091526,4
"TRNP1","TRNP1",1,2.29410086443811,4
"AP001528.2","AP001528.2",1,2.81314760944531,4
"CXorf21","CXorf21",3,2.58697869115017,4
"KLF15","KLF15",1,2.59381513404693,4
"TCEAL7","TCEAL7",1,2.75272831614692,4
"GPR146","GPR146",1,2.68917353464696,4
"MIRLET7BHG","MIRLET7BHG",1,2.65438182250599,4
"FGF2","FGF2",1,2.83333780437764,4
"DCK","DCK",2,2.47162382680761,4
"AC122718.1","AC122718.1",1,2.0666780039319,4
"FKBP11","FKBP11",2,2.60697388295056,4
"RPS6KA1","RPS6KA1",2,2.72088474873033,4
"CIDEC","CIDEC",1,2.42836806819996,4
"GPRASP1","GPRASP1",1,2.86087488272279,4
"FAM133CP","FAM133CP",1,2.60280946244275,4
"LGR4","LGR4",4,2.23302931972964,4
"WDR86","WDR86",1,2.82579354275175,4
"NELL2","NELL2",2,3.16153133329574,4
"PRKAA2","PRKAA2",1,2.53001498043692,4
"SEMA6D","SEMA6D",1,2.63580647556798,4
"H1-3","H1-3",2,2.85876447712064,4
"CMTM4","CMTM4",4,2.51132765789736,4
"XG","XG",4,2.23125774060423,4
"CDCP1","CDCP1",4,2.79887960472914,4
"AMPD3","AMPD3",2,2.64567023284256,4
"RNU6-1016P","RNU6-1016P",3,2.32991907950718,4
"SS18L2","SS18L2",2,2.24241272504122,4
"G6PD","G6PD",4,2.31533347482406,4
"LILRB1","LILRB1",2,2.94468519526119,4
"GRAP","GRAP",2,2.72946954877921,4
"COL13A1","COL13A1",4,2.43053948298921,4
"RAB27B","RAB27B",4,2.14982330137335,4
"F10","F10",1,2.97109210026096,4
"SKAP1","SKAP1",2,2.94988411892668,4
"MARCO","MARCO",3,2.14346802025947,4
"SERPINI1","SERPINI1",4,2.09098392430745,4
"SCN2A","SCN2A",1,2.23228472781663,4
"GABRE","GABRE",1,2.40347592991984,4
"MRGPRF","MRGPRF",1,2.53013514202008,4
"CREB3L1","CREB3L1",4,2.6834832946946,4
"NR2F1-AS1","NR2F1-AS1",1,2.85426667207681,4
"RHOJ","RHOJ",1,3.06424216938706,4
"NPR1","NPR1",1,2.90750377518875,4
"UBE2T","UBE2T",4,2.37990052798942,4
"HAS2","HAS2",3,2.33077257039803,4
"TMEM154","TMEM154",2,2.73226953265402,4
"NDNF","NDNF",1,2.39757536815637,4
"PRIMPOL","PRIMPOL",1,2.04382762661699,4
"AIDA","AIDA",1,1.99881123661742,4
"TMOD1","TMOD1",1,2.57740516243387,4
"PPP1R14A","PPP1R14A",1,2.51175047232487,4
"DTD1","DTD1",4,2.1030425267225,4
"HSPE1","HSPE1",4,2.44865675457787,4
"AC022034.1","AC022034.1",4,2.26329748306819,4
"TCF7","TCF7",2,3.16697262096303,4
"CLCA2","CLCA2",3,2.58434339871062,4
"LHX6","LHX6",1,2.60986969354075,4
"MERTK","MERTK",2,2.01688836974001,4
"NDRG2","NDRG2",1,2.83651838901466,4
"MAP2K4","MAP2K4",1,2.24938928877185,4
"TPO","TPO",1,2.70982136641692,4
"CCR1","CCR1",2,2.42950713689815,4
"SMS","SMS",4,2.62131305217289,4
"NCEH1","NCEH1",2,2.26095266176285,4
"GPRASP2","GPRASP2",1,2.74317854510717,4
"EXPH5","EXPH5",1,2.45323712544937,4
"AC006330.1","AC006330.1",3,3.14399361305247,4
"PMAIP1","PMAIP1",3,2.42522203992666,4
"SNCG","SNCG",1,2.82945603480891,4
"SAP30","SAP30",4,2.20466274004882,4
"KCNJ2","KCNJ2",3,2.49342827285979,4
"PDLIM3","PDLIM3",4,2.7394023700383,4
"LACTB2","LACTB2",4,2.08297358121172,4
"PDE10A","PDE10A",1,2.46825960375651,4
"AC093157.1","AC093157.1",2,2.1589482359046,4
"GK","GK",2,2.43856091743766,4
"SRD5A3","SRD5A3",4,2.31308733331164,4
"ZNF875","ZNF875",1,2.16768216851529,4
"CFI","CFI",1,2.17675634443785,4
"SLC22A5","SLC22A5",1,2.38801486955307,4
"SEMA7A","SEMA7A",2,2.33917584337393,4
"PLXNB1","PLXNB1",1,2.52462524008265,4
"MCM4","MCM4",4,2.44516590067041,4
"PPP1R16B","PPP1R16B",2,2.85010181955853,4
"MAD2L1","MAD2L1",2,2.17993082286892,4
"AOAH","AOAH",2,2.68377679511471,4
"UBTD1","UBTD1",4,2.60562014446255,4
"FAM180A","FAM180A",4,2.19121306684197,4
"TDRP","TDRP",1,2.32134448265179,4
"SEMA3F","SEMA3F",4,2.50833427583226,4
"MRPS17","MRPS17",4,2.13940880424747,4
"OAS1","OAS1",2,2.67125529759427,4
"RASGEF1B","RASGEF1B",2,2.29335019767951,4
"C1orf21","C1orf21",1,2.91084597563515,4
"TPTEP1","TPTEP1",1,2.46397578187522,4
"HIGD1A","HIGD1A",4,2.56368142083538,4
"KLHDC7B","KLHDC7B",2,2.68241774179274,4
"CRY1","CRY1",4,2.237243596075,4
"EREG","EREG",1,1.95319115360173,4
"CCZ1B","CCZ1B",2,2.01639171098129,4
"LMO7","LMO7",4,2.7115371738271,4
"BTBD10","BTBD10",4,2.07917621594904,4
"GPR176","GPR176",4,2.25182732617814,4
"GMFB","GMFB",4,2.25862418426627,4
"SLA","SLA",2,2.88713285787779,4
"TF","TF",1,2.5571289395068,4
"PDE9A","PDE9A",1,2.36187038102905,4
"VSIG4","VSIG4",1,2.01125851617305,4
"TPST1","TPST1",4,2.25658799782483,4
"RAPGEF3","RAPGEF3",1,3.06272183717313,4
"UEVLD","UEVLD",4,1.99697678279917,4
"SORBS2","SORBS2",1,2.2540272321547,4
"CMBL","CMBL",1,2.29725749779935,4
"SNRPG","SNRPG",4,2.3571501120476,4
"NPAS2","NPAS2",4,2.20456036219421,4
"SAMSN1","SAMSN1",2,2.83996136085298,4
"OASL","OASL",2,2.58966319583149,4
"CNTROB","CNTROB",4,2.36637805588783,4
"SLC1A4","SLC1A4",2,2.08938885993973,4
"NBEA","NBEA",1,2.79941854852535,4
"GPR160","GPR160",2,1.93885995232118,4
"TMEM255B","TMEM255B",1,2.06060430209934,4
"SCG5","SCG5",4,2.12032974718208,4
"KCNK1","KCNK1",4,2.52384807251824,4
"SEMA4B","SEMA4B",4,1.99507174246862,4
"FAM198B-AS1","FAM198B-AS1",3,2.51552634905657,4
"NEK8","NEK8",2,2.57164995786156,4
"ADA","ADA",2,2.58439369840233,4
"HOMER2","HOMER2",4,2.35616362305418,4
"SELENOM","SELENOM",4,2.60421007385361,4
"ALDH1A3","ALDH1A3",4,2.14340753120565,4
"HELLS","HELLS",2,2.33710808519212,4
"AGTR1","AGTR1",1,2.6335168052698,4
"RAC2","RAC2",2,3.55659933784833,4
"GPR153","GPR153",1,2.3226030152623,4
"ZNF436","ZNF436",1,2.63125862521879,4
"FAM131A","FAM131A",1,2.31337935292751,4
"HSF2","HSF2",1,2.3059907202454,4
"PAK3","PAK3",1,2.57638288276201,4
"SFXN4","SFXN4",4,2.26848714636281,4
"NBEAL2","NBEAL2",2,2.76993714621322,4
"IKZF1","IKZF1",2,3.29151993368216,4
"JCHAIN","JCHAIN",1,2.41398753675462,4
"JAK3","JAK3",2,3.43415355873424,4
"BDNF-AS","BDNF-AS",1,2.2736278793583,4
"CA8","CA8",1,2.14153385458166,4
"STX11","STX11",2,2.37385600411909,4
"TPD52","TPD52",4,2.08899999160388,4
"PGM5","PGM5",1,2.79431100303355,4
"CEP170B","CEP170B",4,2.57986551015487,4
"C17orf58","C17orf58",1,2.40423594195791,4
"MT-TS2","MT-TS2",1,2.32716425027819,4
"ARHGAP27","ARHGAP27",2,2.53589368067293,4
"HSPA4L","HSPA4L",1,2.45098680201835,4
"MT-TH","MT-TH",3,2.56737817823017,4
"TBXAS1","TBXAS1",2,2.07257927435808,4
"FERMT3","FERMT3",2,2.78250915025845,4
"DUSP10","DUSP10",3,2.38605491259091,4
"NEK5","NEK5",1,2.1945083030912,4
"SLC4A11","SLC4A11",4,2.49016045128017,4
"AGPAT2","AGPAT2",4,2.26321843702362,4
"MNS1","MNS1",1,2.61909301766413,4
"SNCAIP","SNCAIP",1,2.69520266963841,4
"AC103691.1","AC103691.1",2,2.15375006943165,4
"POFUT2","POFUT2",1,2.23454256856077,4
"PLEKHA6","PLEKHA6",1,2.41398152346942,4
"LRG1","LRG1",1,1.9595509100574,4
"ZBTB46","ZBTB46",1,2.31554093533139,4
"IRF5","IRF5",2,2.77400496265412,4
"GIMAP5","GIMAP5",3,2.71362032807631,4
"CRMP1","CRMP1",1,2.16224715002863,4
"PHGDH","PHGDH",4,2.20514790210502,4
"TREM1","TREM1",4,2.24128141017698,4
"MCUB","MCUB",2,2.37124478650547,4
"SOCS2","SOCS2",1,2.86072245024355,4
"TRUB1","TRUB1",4,2.25119247326719,4
"GADD45GIP1","GADD45GIP1",4,2.39873138480719,4
"HYMAI","HYMAI",1,2.49184824734181,4
"EIF6","EIF6",4,2.56937309854947,4
"PTGER3","PTGER3",1,2.3306423167108,4
"RFX2","RFX2",1,2.39296592145119,4
"LINC01087","LINC01087",1,2.36881493408891,4
"HEPH","HEPH",4,2.30903008696195,4
"CDO1","CDO1",1,2.70024095242301,4
"PPIL1","PPIL1",4,1.99240119052443,4
"MMP15","MMP15",4,2.33947696225786,4
"DENND2A","DENND2A",1,2.94583989356469,4
"PLEKHG4B","PLEKHG4B",4,2.54113530723199,4
"BHMT2","BHMT2",1,2.36166316380052,4
"CXCL17","CXCL17",4,2.09285753095735,4
"CPLX1","CPLX1",1,2.75255392626707,4
"LY86","LY86",2,2.49741523987392,4
"PIEZO2","PIEZO2",3,2.30731301712241,4
"SFRP4","SFRP4",3,3.14158540479176,4
"AC004151.1","AC004151.1",2,3.38291433736182,4
"LSAMP","LSAMP",1,2.21160754495793,4
"FGF13","FGF13",1,2.19558123816565,4
"CSKMT","CSKMT",4,2.19492084358847,4
"AL117329.1","AL117329.1",1,1.94427535006087,4
"DOK1","DOK1",4,2.0857980412184,4
"VIPAS39","VIPAS39",4,1.96050820123707,4
"NCS1","NCS1",4,2.50683060540293,4
"ADGRE2","ADGRE2",3,2.05970630882021,4
"LINC01094","LINC01094",4,2.3335061175759,4
"SLC35B2","SLC35B2",4,2.32113750774066,4
"DOC2B","DOC2B",1,2.75717947749719,4
"SYNGR1","SYNGR1",1,2.59798755850526,4
"CCNA2","CCNA2",2,2.45942065851202,4
"ADAMTS2","ADAMTS2",4,2.57233680965226,4
"LDLR","LDLR",4,2.06791929557766,4
"SLITRK6","SLITRK6",3,2.21903320446211,4
"CORIN","CORIN",4,2.55155777266485,4
"BCL6B","BCL6B",4,2.09806322031127,4
"HOXA5","HOXA5",1,2.46709719233735,4
"TMEM88","TMEM88",1,2.69631032382755,4
"NIPA1","NIPA1",2,2.08231140902799,4
"GNG7","GNG7",2,2.29772475818438,4
"ZNF10","ZNF10",1,2.28653052036743,4
"UBASH3B","UBASH3B",3,2.118522139309,4
"GLIS3","GLIS3",3,2.77548696444717,4
"PKDCC","PKDCC",4,2.1005765459031,4
"PKP2","PKP2",3,2.03901203123993,4
"MUC20","MUC20",1,2.49318029813653,4
"DPEP2","DPEP2",2,2.83876843224199,4
"KAZN","KAZN",1,2.67257178399688,4
"ACE","ACE",4,2.09791782610888,4
"HNRNPA1P54","HNRNPA1P54",1,2.11810231966392,4
"ZNF736","ZNF736",1,1.94183980733198,4
"ETV7","ETV7",2,2.56816092915993,4
"COQ8A","COQ8A",1,2.34766595057377,4
"GTF2I","GTF2I",3,2.8451945118797,4
"DLG5","DLG5",4,2.35021635959506,4
"KHDRBS3","KHDRBS3",4,2.52187418723849,4
"SRGAP3","SRGAP3",1,2.22742474513352,4
"MIR222HG","MIR222HG",1,1.98501096431858,4
"PKHD1L1","PKHD1L1",2,2.28257438655865,4
"NAV3","NAV3",1,2.58041958471425,4
"AC134043.3","AC134043.3",1,2.40923327126907,4
"DACT1","DACT1",4,2.44651303560485,4
"ZC3H12A","ZC3H12A",2,2.40895305551372,4
"ZNF101","ZNF101",2,2.95232456186475,4
"BIVM","BIVM",1,2.07683340443344,4
"ABCB1","ABCB1",1,2.59116311910999,4
"PCLAF","PCLAF",2,2.12399469566532,4
"PRDM5","PRDM5",1,2.67326740985784,4
"MTFMT","MTFMT",1,2.0228946310673,4
"TMEM267","TMEM267",2,1.94516153558461,4
"WDFY3-AS2","WDFY3-AS2",1,2.59767665054517,4
"NCAPG","NCAPG",2,2.35046324959968,4
"RAB37","RAB37",2,2.78459768772603,4
"TRAPPC2","TRAPPC2",2,2.08932786219019,4
"EPHB3","EPHB3",4,2.39290759389364,4
"SIM1","SIM1",1,2.34354350906966,4
"NEIL1","NEIL1",1,2.59829750028946,4
"GNAL","GNAL",1,2.40075456922066,4
"RNGTT","RNGTT",2,2.25219081692874,4
"KLHL6","KLHL6",2,3.10350284201571,4
"AC110285.2","AC110285.2",1,2.53729104771375,4
"AL390728.6","AL390728.6",2,2.30526160461334,4
"SLC35E2A","SLC35E2A",1,2.03237216630968,4
"UCHL3","UCHL3",4,2.26235501463032,4
"ZNNT1","ZNNT1",1,2.14309504263613,4
"PAXX","PAXX",2,2.35540016946218,4
"SLC9A7","SLC9A7",4,2.16181441385499,4
"VAMP1","VAMP1",2,2.59174644326989,4
"DOCK6","DOCK6",4,2.46796701366515,4
"PDE5A","PDE5A",1,2.80239396437037,4
"PRUNE1","PRUNE1",4,2.16308073496906,4
"CD163L1","CD163L1",3,2.17269535142864,4
"UQCRFS1","UQCRFS1",4,2.27180052441552,4
"GPX7","GPX7",4,2.06583961665469,4
"DDX39B","DDX39B",2,2.23092109892151,4
"ARAP2","ARAP2",2,2.70519937423597,4
"NDUFAF2","NDUFAF2",4,2.15599166098745,4
"BMERB1","BMERB1",3,2.48097680212642,4
"DIPK2B","DIPK2B",1,2.75863124376742,4
"LILRB3","LILRB3",2,2.30035431328803,4
"EDEM2","EDEM2",2,1.97031928271198,4
"CDKN2D","CDKN2D",2,2.41265877399058,4
"PSMB8-AS1","PSMB8-AS1",2,2.96976608162293,4
"SULT1C4","SULT1C4",1,2.6252931122333,4
"PHF13","PHF13",4,2.0947643422618,4
"SIX1","SIX1",4,2.40406048624796,4
"BOC","BOC",1,3.30711194463341,4
"DNAJC12","DNAJC12",1,2.19214224274513,4
"RTL8A","RTL8A",4,2.44995565507881,4
"TMEM216","TMEM216",4,2.15895586655566,4
"ZBTB18","ZBTB18",2,2.25978414601072,4
"ARSB","ARSB",4,2.11231797803406,4
"XKR6","XKR6",1,2.25012193498617,4
"TM7SF2","TM7SF2",3,2.31398078263646,4
"CRNDE","CRNDE",4,2.56576182559407,4
"PARD6B","PARD6B",3,2.45267178862521,4
"CNKSR3","CNKSR3",1,2.34774705112702,4
"LRRC2","LRRC2",1,2.47431665246558,4
"LINC00899","LINC00899",1,2.42669016814709,4
"EBF2","EBF2",1,2.52553081852311,4
"ERBB4","ERBB4",1,2.45174423093854,4
"ZNF117","ZNF117",1,2.12777479988015,4
"ANG","ANG",1,2.37304860560843,4
"STAT4","STAT4",2,2.87541839829176,4
"CAPN15","CAPN15",2,2.10215542911763,4
"CASKIN2","CASKIN2",1,2.41775447596073,4
"TRPV6","TRPV6",4,2.27761030476983,4
"IKBKE","IKBKE",2,2.68245881637157,4
"HOXC10","HOXC10",1,2.21168436397855,4
"RNF152","RNF152",4,2.37832470266945,4
"FST","FST",3,2.36020001685319,4
"AC104825.1","AC104825.1",1,2.26165158190024,4
"BANF1","BANF1",4,2.26270975863615,4
"ETV5","ETV5",4,2.42633910681461,4
"BARX2","BARX2",4,2.52382052782954,4
"CD274","CD274",2,2.52634402985332,4
"FRMD3","FRMD3",1,2.35680303792183,4
"TBC1D2","TBC1D2",4,2.48235943434498,4
"AC080014.1","AC080014.1",1,2.09245932075887,4
"MTHFD1L","MTHFD1L",4,2.40999321745653,4
"SLC15A2","SLC15A2",2,2.47131711759946,4
"A2M-AS1","A2M-AS1",2,2.62292526121972,4
"CCDC144B","CCDC144B",1,2.42097819601247,4
"VLDLR","VLDLR",1,2.32412579892777,4
"CCDC115","CCDC115",2,2.02089497539597,4
"PIK3AP1","PIK3AP1",2,2.69371308780435,4
"SELENBP1","SELENBP1",1,2.72920895747199,4
"WAS","WAS",2,3.0470951547512,4
"KAZALD1","KAZALD1",1,2.30871991140302,4
"SPINT1","SPINT1",4,2.39446271914662,4
"SMPDL3A","SMPDL3A",1,2.37661501761466,4
"COQ6","COQ6",1,2.13350513635292,4
"TCEA3","TCEA3",1,2.24373353334409,4
"RHOV","RHOV",4,2.43590875185956,4
"FZD8","FZD8",3,2.33073084586155,4
"PCK2","PCK2",2,1.9665540768463,4
"SPNS2","SPNS2",1,2.17305623219619,4
"MT-TF","MT-TF",4,2.32838162137894,4
"EHD3","EHD3",4,2.07285430782046,4
"CASTOR2","CASTOR2",1,2.25787184326304,4
"COBL","COBL",4,2.45373385133482,4
"DCHS1","DCHS1",1,2.65792312377899,4
"RFTN2","RFTN2",1,2.39531307248497,4
"FGD1","FGD1",4,2.23387964879093,4
"NOS3","NOS3",1,2.01355642144442,4
"LILRA4","LILRA4",2,2.91383666018872,4
"TENM4","TENM4",3,2.3040015603245,4
"SH3BP5-AS1","SH3BP5-AS1",2,2.22527728023267,4
"COLCA1","COLCA1",1,2.57892037257467,4
"NFAM1","NFAM1",2,2.38420556664872,4
"HLA-DQB2","HLA-DQB2",2,2.42061867704087,4
"BCAS4","BCAS4",2,2.53001895958228,4
"SELPLG","SELPLG",2,3.03700319846852,4
"TSPOAP1-AS1","TSPOAP1-AS1",2,2.79456372178796,4
"CTXN1","CTXN1",4,2.5097242544546,4
"SEMA4A","SEMA4A",2,2.63044077742702,4
"PSTPIP2","PSTPIP2",2,2.17259075600448,4
"PAX8-AS1","PAX8-AS1",3,2.05761543962073,4
"NOSTRIN","NOSTRIN",1,2.86310851885459,4
"HOMER3","HOMER3",4,2.53227516661065,4
"FAM13A-AS1","FAM13A-AS1",2,2.17572998587778,4
"EIF4EBP1","EIF4EBP1",4,2.53497976701834,4
"MICAL1","MICAL1",2,2.77101421973755,4
"PDAP1","PDAP1",4,2.53319204521304,4
"NCALD","NCALD",1,2.36101854111277,4
"ZNF204P","ZNF204P",1,2.50307027842682,4
"GLYATL2","GLYATL2",4,2.54026609767323,4
"ZSWIM4","ZSWIM4",4,2.26835980201439,4
"PTGES2","PTGES2",4,2.2347503226708,4
"OSBPL3","OSBPL3",2,2.47465289381472,4
"CIAO2A","CIAO2A",2,2.39414384162017,4
"BNIP3","BNIP3",1,2.13758990906895,4
"GPSM1","GPSM1",1,2.51248663089992,4
"BCHE","BCHE",1,2.50483871880473,4
"TTC39A","TTC39A",4,2.16958032244171,4
"DESI1","DESI1",4,2.36599712898169,4
"PTPN21","PTPN21",1,2.36847969538578,4
"GPR137B","GPR137B",4,2.3913627020858,4
"SOX6","SOX6",4,2.17966775873643,4
"KLRD1","KLRD1",2,2.70536842778653,4
"TGFB1I1","TGFB1I1",4,2.75220777795463,4
"FBLN5","FBLN5",1,3.27419782112153,4
"SNTB1","SNTB1",4,2.18727580970066,4
"ARMH3","ARMH3",2,2.14408913844765,4
"ZNF419","ZNF419",1,2.07072867214816,4
"PLIN2","PLIN2",1,2.15279514745783,4
"AC006509.3","AC006509.3",2,2.40287896774153,4
"SDHA","SDHA",4,1.94654944471449,4
"VEGFC","VEGFC",4,2.08723746999402,4
"DDX58","DDX58",2,2.20519540622504,4
"KLHL21","KLHL21",1,2.34805839438,4
"LOXL4","LOXL4",4,2.20146172744815,4
"FANCD2","FANCD2",2,2.64034458070036,4
"NECTIN3","NECTIN3",1,2.31937900463289,4
"BEND5","BEND5",1,2.32273896647766,4
"CREB3L4","CREB3L4",4,2.19719436832166,4
"HOXC4","HOXC4",1,2.19710184108272,4
"AKR1C1","AKR1C1",1,2.49360269482173,4
"NAV2","NAV2",4,2.17986015679228,4
"AC027020.2","AC027020.2",2,2.15563328834259,4
"TSPAN1","TSPAN1",3,2.16531368619591,4
"TMCC3","TMCC3",1,2.25033764356446,4
"ADAMTS14","ADAMTS14",4,2.61078591204155,4
"MT1F","MT1F",4,2.04515765673157,4
"FOXP3","FOXP3",2,2.86188704333049,4
"NFIL3","NFIL3",1,2.2858011453905,4
"NR3C2","NR3C2",1,2.53247699150891,4
"ZNF385D","ZNF385D",1,2.75589942408755,4
"LURAP1L","LURAP1L",1,2.04411487777925,4
"SCUBE3","SCUBE3",4,2.60407870472142,4
"RPA3","RPA3",4,2.17130582019224,4
"DOK4","DOK4",4,2.36979617334006,4
"VDR","VDR",4,2.46285330762881,4
"NTAN1","NTAN1",4,2.32310771592116,4
"RPS12P16","RPS12P16",3,2.67584479767283,4
"KIF26A","KIF26A",1,2.69336814917396,4
"THNSL2","THNSL2",1,2.47160793714007,4
"INAFM1","INAFM1",1,2.46611831907791,4
"HCK","HCK",2,2.43354724879858,4
"MYOC","MYOC",1,2.61571222432031,4
"LRRC42","LRRC42",4,2.21856801862735,4
"MYC","MYC",1,2.37008664374596,4
"CLEC11A","CLEC11A",4,2.47860754282994,4
"LRRC75A","LRRC75A",3,3.50457711921966,4
"LINC00882","LINC00882",1,2.47731146720469,4
"PTS","PTS",4,2.4193401001097,4
"CYB5A","CYB5A",1,2.18667248828068,4
"CDK2AP2","CDK2AP2",2,2.30915630622623,4
"TNFAIP3","TNFAIP3",2,2.80530674631846,4
"HULC","HULC",1,2.32017974447245,4
"SGPP1","SGPP1",2,2.10313086530581,4
"ST6GALNAC5","ST6GALNAC5",4,2.58110410611071,4
"LINC01515","LINC01515",1,2.30674481900612,4
"PDZRN4","PDZRN4",3,2.36104870848532,4
"PNO1","PNO1",4,2.08666469284328,4
"WASF1","WASF1",1,2.35164166734482,4
"SLC25A44","SLC25A44",2,2.19485658187175,4
"HLCS","HLCS",4,2.51529438756026,4
"GRIA3","GRIA3",1,2.59470388238101,4
"NLRC5","NLRC5",2,3.24003904126897,4
"AL133243.3","AL133243.3",2,2.07551275769316,4
"ETFDH","ETFDH",1,2.07330027977956,4
"XYLT1","XYLT1",4,2.43895421196054,4
"SHE","SHE",1,2.82963140346599,4
"THRB-IT1","THRB-IT1",1,2.62896071723742,4
"HIF3A","HIF3A",1,2.72389932926878,4
"ROBO4","ROBO4",1,2.6695247944209,4
"GABPA","GABPA",1,2.05442524457078,4
"ZNF350","ZNF350",1,1.91524834261336,4
"FBLN7","FBLN7",1,2.61691448416117,4
"ABCC3","ABCC3",4,2.29641336111034,4
"AL109918.1","AL109918.1",2,2.25750483734181,4
"MFNG","MFNG",2,2.66137467722901,4
"PGF","PGF",4,2.04147296438619,4
"LRIG3","LRIG3",1,2.48646334086459,4
"CAP2","CAP2",4,2.31855654135728,4
"FBXL7","FBXL7",1,2.51903049998718,4
"LZTS1","LZTS1",4,2.39361589173524,4
"BATF3","BATF3",2,2.1985743317714,4
"ENPP2","ENPP2",1,2.71202260793745,4
"MICOS13","MICOS13",4,2.50348855046466,4
"HAPLN3","HAPLN3",2,2.58451223227048,4
"TIPARP","TIPARP",1,2.05815850408441,4
"FRK","FRK",4,2.44624722165257,4
"ADGRB2","ADGRB2",4,2.11334577716375,4
"APBA2","APBA2",2,2.59008081553867,4
"LAT2","LAT2",2,2.53900210334109,4
"COCH","COCH",1,2.12329470023502,4
"PGGHG","PGGHG",2,2.72224194853098,4
"GPAT3","GPAT3",1,2.48235613326891,4
"NADK","NADK",2,2.28823832387143,4
"PROCR","PROCR",4,2.03564114539417,4
"LIPT1","LIPT1",3,2.16327052191245,4
"TNFRSF9","TNFRSF9",2,2.70240650955625,4
"PARD6G","PARD6G",4,2.1026186338047,4
"HOXA10","HOXA10",3,2.35199329941578,4
"GATM","GATM",1,2.0953976255013,4
"TMC5","TMC5",3,2.32242889707775,4
"TSPAN15","TSPAN15",4,2.50914050891834,4
"TMEM254","TMEM254",4,2.16178831067139,4
"SETD1B","SETD1B",1,2.0195553557072,4
"GMPPA","GMPPA",2,2.23601475958662,4
"HOOK1","HOOK1",4,2.39669456671194,4
"RHNO1","RHNO1",4,2.06841538669622,4
"CEBPA","CEBPA",2,1.97171856434281,4
"PLPP4","PLPP4",4,2.92557915236604,4
"DBF4","DBF4",3,2.27473081417433,4
"CHDH","CHDH",1,2.29007836626586,4
"TRAT1","TRAT1",2,3.13005094136623,4
"ASB6","ASB6",2,1.84033832245104,4
"RPA1","RPA1",4,2.16245443164293,4
"PLCB2","PLCB2",2,2.79666615174401,4
"ACSS3","ACSS3",1,2.55487576141673,4
"CALB2","CALB2",4,2.21247039821902,4
"NREP","NREP",4,2.50656997126631,4
"CDS1","CDS1",4,2.44729671746701,4
"DDX11","DDX11",2,2.18850703191275,4
"PRDM6","PRDM6",1,2.12955708902057,4
"BHLHE40","BHLHE40",4,2.53869319277908,4
"FAM78A","FAM78A",2,2.86945741700769,4
"BLVRA","BLVRA",4,2.43283666133665,4
"GPR65","GPR65",2,2.61197228512699,4
"HS3ST3A1","HS3ST3A1",3,2.79872164184478,4
"FAM221A","FAM221A",1,1.90209814524088,4
"AC005253.1","AC005253.1",3,3.57160331555414,4
"PLCH2","PLCH2",2,2.1062995189483,4
"GLRX","GLRX",2,2.42850375962858,4
"DTX1","DTX1",1,2.36860119611629,4
"NPR2","NPR2",1,2.40538396201878,4
"AL121839.2","AL121839.2",1,2.42248790479986,4
"SLC9B2","SLC9B2",1,2.0108304533623,4
"CCDC3","CCDC3",1,2.21454002885371,4
"PGAP1","PGAP1",1,2.27621876023741,4
"SCN9A","SCN9A",1,2.33052582970804,4
"BTBD19","BTBD19",4,2.52048182721996,4
"CLECL1","CLECL1",2,2.67975303388975,4
"IMMP2L","IMMP2L",1,2.22378780307789,4
"RGS13","RGS13",1,2.45589600422336,4
"CLNK","CLNK",2,2.73438806816884,4
"ITGB3","ITGB3",4,2.22177115623551,4
"ARHGEF28","ARHGEF28",1,2.48880125048689,4
"TNNT3","TNNT3",1,2.69736017789413,4
"PRUNE2","PRUNE2",3,2.02547405114768,4
"MRPL12","MRPL12",4,2.54263178156849,4
"EEPD1","EEPD1",1,2.31378445388564,4
"TNFRSF19","TNFRSF19",4,2.57469468018328,4
"MIER3","MIER3",1,2.12211115735116,4
"KCNE3","KCNE3",4,1.99525052774131,4
"CORO7","CORO7",2,2.58443575494868,4
"IDI1","IDI1",3,2.4395494846222,4
"AC104794.3","AC104794.3",1,2.2720928478294,4
"CERS4","CERS4",1,2.14019668387131,4
"TMTC1","TMTC1",1,2.58319161050786,4
"MPP7","MPP7",1,2.02773114186088,4
"NAALAD2","NAALAD2",1,2.67099808137738,4
"GPX1","GPX1",4,2.61177916964534,4
"ZDHHC8","ZDHHC8",4,2.46273068189294,4
"ABCC9","ABCC9",1,2.18186794035335,4
"PCDHB4","PCDHB4",1,2.54847907186048,4
"AADAT","AADAT",3,2.00493025126274,4
"SLC19A3","SLC19A3",1,2.05959558371077,4
"PLEKHF2","PLEKHF2",2,2.13855174539894,4
"CD1D","CD1D",2,2.57992703735358,4
"TCEAL5","TCEAL5",1,2.74385914698518,4
"HEY2","HEY2",4,2.2528260346263,4
"NEO1","NEO1",1,2.49513489398002,4
"AL445426.1","AL445426.1",1,2.57325694183066,4
"MCM2","MCM2",2,2.35222558834282,4
"SERPINB8","SERPINB8",2,2.06743524884268,4
"LINC01934","LINC01934",2,2.87909226621912,4
"DUBR","DUBR",1,2.42833580692928,4
"MEX3D","MEX3D",4,2.51107667499127,4
"MILR1","MILR1",2,2.58252688943732,4
"KCTD1","KCTD1",4,2.37361557538463,4
"IL34","IL34",2,2.15208296806573,4
"HRH2","HRH2",2,2.29144611999044,4
"VANGL2","VANGL2",4,1.9744014767658,4
"AC068888.1","AC068888.1",1,2.55566403870825,4
"C6orf132","C6orf132",4,2.6489834875567,4
"TSPAN12","TSPAN12",1,2.16520095041649,4
"RECQL4","RECQL4",3,1.99842330055066,4
"RAB20","RAB20",4,2.11049355020831,4
"ANKRD9","ANKRD9",4,2.51195464887568,4
"NRXN2","NRXN2",1,2.74001081307402,4
"AGA","AGA",2,2.11738645212982,4
"AMY2B","AMY2B",1,2.35663007714357,4
"TUBB2A","TUBB2A",4,2.479645283605,4
"LINC00996","LINC00996",2,2.8845053965849,4
"NRBF2","NRBF2",3,2.08280003858099,4
"TIFA","TIFA",2,2.16903481193251,4
"PRR13","PRR13",2,2.27278427918231,4
"SH3GLB2","SH3GLB2",1,2.38489543684393,4
"HERC6","HERC6",2,2.46033474953243,4
"PDZD2","PDZD2",4,2.19658016951298,4
"HENMT1","HENMT1",2,2.09960350862799,4
"FAT4","FAT4",1,2.9916506734111,4
"TMEM25","TMEM25",1,2.41934345855397,4
"VSTM4","VSTM4",1,2.62670626567381,4
"SHC4","SHC4",4,2.35253972928476,4
"SPEG","SPEG",4,2.21165493968048,4
"SLC7A7","SLC7A7",2,2.4545369707813,4
"GPT2","GPT2",4,2.51864651777074,4
"MMP12","MMP12",2,2.30665806208799,4
"FIGN","FIGN",1,2.51725223573759,4
"CDC14A","CDC14A",2,2.40610426792527,4
"AC006141.1","AC006141.1",1,1.94162761245924,4
"HDAC11","HDAC11",1,2.11486991888683,4
"BMP6","BMP6",1,2.27421059231318,4
"STON2","STON2",1,2.51994862035128,4
"BHLHE22","BHLHE22",3,2.07421000910244,4
"OPN3","OPN3",4,2.03392218336472,4
"MYBL1","MYBL1",2,2.35719274189813,4
"COPS3","COPS3",4,2.12076947364598,4
"SELENOO","SELENOO",2,2.29773642690262,4
"CCDC141","CCDC141",2,2.26979659560765,4
"LPAR2","LPAR2",2,2.36756253983134,4
"MLLT11","MLLT11",4,2.0492801595679,4
"ADGRL3","ADGRL3",1,2.37734036151009,4
"RPL13P12","RPL13P12",3,4.10132218358714,4
"FBXO46","FBXO46",2,2.13198063961221,4
"TNFSF13B","TNFSF13B",2,2.85939959792025,4
"MCTP2","MCTP2",2,2.57815388436296,4
"TAF4","TAF4",2,1.95453523108348,4
"TRPM2","TRPM2",2,2.27492470471401,4
"TMEM60","TMEM60",4,2.34948568681828,4
"DLL4","DLL4",1,2.09591355209996,4
"L3MBTL1","L3MBTL1",1,2.33888164593268,4
"RNF207","RNF207",4,2.08614219809049,4
"TMEM62","TMEM62",4,1.98256195018611,4
"SIGLEC17P","SIGLEC17P",1,2.558615278292,4
"TST","TST",4,2.02318384625401,4
"ITGA3","ITGA3",4,2.30143158906857,4
"STK26","STK26",2,2.68550251665235,4
"CFAP70","CFAP70",1,2.34279158152325,4
"FOXC2","FOXC2",4,2.30486524601691,4
"ARHGEF26","ARHGEF26",1,2.24881850131468,4
"APBB3","APBB3",1,2.29927496602611,4
"TSPAN11","TSPAN11",1,2.39773179305244,4
"SRPX2","SRPX2",4,2.54807305835818,4
"CD300E","CD300E",2,2.00971021823689,4
"AVPR1A","AVPR1A",1,2.3564811118293,4
"CORO2B","CORO2B",1,2.50335767346306,4
"ABCG1","ABCG1",2,2.25880496508683,4
"MYOM2","MYOM2",1,2.44879571079937,4
"DENND2D","DENND2D",2,3.17610447016282,4
"FAM122C","FAM122C",3,2.10169495118065,4
"ARMCX1","ARMCX1",1,2.47381380206781,4
"COL21A1","COL21A1",1,2.39695226011375,4
"CDC42EP5","CDC42EP5",1,2.33368638950173,4
"ELN","ELN",1,2.48541369501446,4
"TMEM51","TMEM51",4,2.33217710007682,4
"F11R","F11R",4,2.58877615658785,4
"CRYZL2P","CRYZL2P",1,2.35249315455657,4
"CHST14","CHST14",1,2.03053821135993,4
"MTCO1P40","MTCO1P40",4,2.55598005973778,4
"PITHD1","PITHD1",4,2.10944339329155,4
"KCNK2","KCNK2",1,2.28395786215342,4
"LINC02210","LINC02210",1,2.22282396074724,4
"SLC20A2","SLC20A2",4,2.37464910504383,4
"PIK3C2B","PIK3C2B",2,2.32976929732272,4
"RPS6KA6","RPS6KA6",1,2.61196486029107,4
"PLEKHN1","PLEKHN1",3,2.04546592992645,4
"SEL1L3","SEL1L3",2,3.25365416190436,4
"DSN1","DSN1",2,2.15676338983739,4
"VNN2","VNN2",2,2.63097933001884,4
"ATP5MD","ATP5MD",4,2.48699081416574,4
"NLRP3","NLRP3",2,2.16169556863937,4
"CELSR2","CELSR2",4,2.35581580989354,4
"PPM1L","PPM1L",4,2.0607981146088,4
"CHST2","CHST2",2,2.14345707076547,4
"NAALADL2","NAALADL2",1,2.52301123070513,4
"ARHGAP40","ARHGAP40",3,2.31389822045452,4
"KCNAB2","KCNAB2",2,2.90166992820885,4
"SHC2","SHC2",1,2.54955524067173,4
"PRR5L","PRR5L",4,2.2869744430223,4
"RCAN3","RCAN3",2,2.38278884648777,4
"SLC5A6","SLC5A6",4,2.33194617428031,4
"RECK","RECK",1,2.7473717281288,4
"SLC16A9","SLC16A9",1,2.43601545878426,4
"GLTP","GLTP",4,2.17817119454599,4
"PLCG1","PLCG1",2,2.11624104522887,4
"FGF18","FGF18",4,2.03720119750234,4
"BTN3A1","BTN3A1",2,2.80094153205726,4
"RMND5A","RMND5A",4,2.13474294996614,4
"LPCAT4","LPCAT4",1,2.26758603341147,4
"SLC36A1","SLC36A1",4,2.17254113247734,4
"KANK1","KANK1",1,2.3545454304278,4
"TBX5-AS1","TBX5-AS1",1,2.32988790152348,4
"KLHL3","KLHL3",1,2.47778391598263,4
"GATA6","GATA6",4,2.21844247143119,4
"METTL21A","METTL21A",1,1.90468015198867,4
"F13A1","F13A1",3,2.72781922826044,4
"AC006115.2","AC006115.2",3,2.06199585272512,4
"LCAT","LCAT",1,2.53906524111551,4
"TMEM220","TMEM220",1,2.21134580735897,4
"DDX28","DDX28",2,1.95350938321135,4
"SLFN12","SLFN12",1,1.91356216753614,4
"WDR37","WDR37",2,2.00096103151623,4
"FAR2","FAR2",4,2.02239826074355,4
"KNTC1","KNTC1",2,2.62447403373402,4
"ERAP2","ERAP2",2,2.29801374977938,4
"SMAD9","SMAD9",1,2.77718445573197,4
"DTX3","DTX3",1,2.42408192405192,4
"ADAMTSL3","ADAMTSL3",1,2.43608449229811,4
"SIAE","SIAE",3,2.45405532676381,4
"TALDO1","TALDO1",4,2.42430285214691,4
"RFWD3","RFWD3",2,2.18764091998912,4
"RGS19","RGS19",2,2.88796942562185,4
"MPZ","MPZ",2,2.21030898787363,4
"SLIT2","SLIT2",1,2.87754413537208,4
"SQLE","SQLE",4,2.51902139498985,4
"CYSLTR1","CYSLTR1",2,2.49806261801356,4
"RTL8C","RTL8C",4,2.65820160896998,4
"NCKIPSD","NCKIPSD",1,2.26573762320717,4
"IL20RA","IL20RA",4,2.30878629293101,4
"ZNF561","ZNF561",4,2.14605055824182,4
"WNT9A","WNT9A",1,2.26097022350343,4
"ATG4C","ATG4C",2,2.04319252665918,4
"MRPL44","MRPL44",4,2.16560039777314,4
"TGFB2","TGFB2",4,2.24262509906282,4
"AZIN2","AZIN2",4,2.54902776394034,4
"RASL12","RASL12",1,2.27191570737155,4
"CD28","CD28",2,2.67369512149146,4
"SPATA18","SPATA18",1,2.21062047776137,4
"ADORA3","ADORA3",3,2.16903619820855,4
"SLC39A8","SLC39A8",2,2.28245423537388,4
"LNX1","LNX1",1,2.54389742406986,4
"NYNRIN","NYNRIN",1,2.58605837399808,4
"IFT52","IFT52",4,1.99388497658179,4
"HCAR1","HCAR1",1,2.31690289755688,4
"FJX1","FJX1",3,2.43556230115297,4
"LRP8","LRP8",2,2.56435134712856,4
"FANCA","FANCA",2,2.39005450091656,4
"SYT7","SYT7",4,2.33975395834034,4
"MYO1D","MYO1D",4,2.44581978135876,4
"DHRS4-AS1","DHRS4-AS1",1,2.05637865110453,4
"NCMAP","NCMAP",4,2.26776663752672,4
"LACC1","LACC1",3,2.83128912750424,4
"MARCHF3","MARCHF3",1,2.06292210256238,4
"ST6GAL1","ST6GAL1",2,2.57051593955092,4
"SLC31A2","SLC31A2",2,2.21236008239953,4
"SHKBP1","SHKBP1",2,2.47064823474244,4
"DDAH1","DDAH1",4,2.48113846305103,4
"MRPL39","MRPL39",4,1.92376857852697,4
"MAFK","MAFK",1,2.37626813405396,4
"CACNA1H","CACNA1H",4,2.02006295128741,4
"ADAMTS16","ADAMTS16",3,2.46384772561068,4
"BMF","BMF",2,2.22683185996052,4
"ABCG2","ABCG2",1,2.55095370400229,4
"RHBDF1","RHBDF1",1,2.49453009183867,4
"KIFC1","KIFC1",4,2.37868161872301,4
"SERTAD3","SERTAD3",4,2.1586218863628,4
"PC","PC",4,2.29371473457679,4
"RDH13","RDH13",1,2.1054083424236,4
"GTPBP3","GTPBP3",4,1.98530426343295,4
"ZNF331","ZNF331",1,2.16992819959236,4
"PILRB","PILRB",1,2.02912325375272,4
"RBM20","RBM20",3,2.13660655372691,4
"CDH6","CDH6",1,2.0464645192153,4
"SALL2","SALL2",1,2.45283481298088,4
"MYH14","MYH14",4,2.7864053987683,4
"ACAN","ACAN",4,2.26003025450938,4
"MELTF","MELTF",4,2.4462635040747,4
"WFDC21P","WFDC21P",2,2.63666193052143,4
"SRARP","SRARP",1,2.22560683688289,4
"RAE1","RAE1",4,2.12433241237057,4
"UCP2","UCP2",2,2.66206426662419,4
"GRIA4","GRIA4",1,2.47023653769905,4
"PIM1","PIM1",2,2.2272142543442,4
"FOLR2","FOLR2",1,2.11601501702699,4
"BPGM","BPGM",4,2.24594100860295,4
"SPRY4","SPRY4",4,2.24085299892996,4
"AMZ2","AMZ2",2,2.05700683833141,4
"SP2","SP2",1,2.03978622890878,4
"RASSF5","RASSF5",2,3.04173162392189,4
"CNPY4","CNPY4",4,2.21151831481078,4
"AC008771.1","AC008771.1",1,2.08663081691978,4
"LINGO1","LINGO1",4,2.03326854504767,4
"KIAA1324L","KIAA1324L",4,2.16550169410111,4
"TMPRSS2","TMPRSS2",4,2.2462650216707,4
"LINC00294","LINC00294",3,2.01480417618862,4
"ARHGAP11A","ARHGAP11A",2,2.14869473516757,4
"AC027290.3","AC027290.3",1,2.29956133265973,4
"ATP6AP1","ATP6AP1",4,2.53387758192905,4
"UBE2QL1","UBE2QL1",3,2.30652678488862,4
"TRAF4","TRAF4",4,2.34108745683025,4
"TRABD2B","TRABD2B",1,2.20937316188727,4
"TEX9","TEX9",2,2.00257608230679,4
"ST6GALNAC3","ST6GALNAC3",1,2.34087767002188,4
"PCDHB9","PCDHB9",1,2.63113774615032,4
"NFASC","NFASC",1,2.44355208012406,4
"ADRA2A","ADRA2A",3,2.17092039808418,4
"EDEM1","EDEM1",2,2.71830872382633,4
"CKAP2","CKAP2",2,2.55946253020708,4
"SATB1-AS1","SATB1-AS1",2,2.31673663402346,4
"MYD88","MYD88",2,2.23771138652669,4
"SMYD3","SMYD3",4,2.27644423577532,4
"RAB40C","RAB40C",4,2.1351290867748,4
"SLC38A11","SLC38A11",1,2.3926151384139,4
"AC016957.2","AC016957.2",2,2.62974987882523,4
"STEAP4","STEAP4",1,3.0266593671795,4
"NOP56P3","NOP56P3",3,2.75516656288982,4
"TMTC2","TMTC2",1,2.43360335935508,4
"P4HTM","P4HTM",1,2.09703517947589,4
"TINF2","TINF2",4,2.12978571432774,4
"SCARA3","SCARA3",3,2.43853299314897,4
"SOX5","SOX5",1,2.44283292286958,4
"PTPRU","PTPRU",4,2.52859227378369,4
"SH3BP1","SH3BP1",2,2.7619065373868,4
"HEATR5A","HEATR5A",4,1.95481944200406,4
"AC091563.1","AC091563.1",1,2.29003460598592,4
"VWA5A","VWA5A",1,2.6357359408056,4
"INTS9","INTS9",3,1.88313634676419,4
"AFAP1L2","AFAP1L2",1,2.57113860965699,4
"HSF4","HSF4",1,2.23465020793644,4
"SNORA12","SNORA12",1,2.20157421571872,4
"AC098650.1","AC098650.1",1,2.59133527472375,4
"MAPK10","MAPK10",1,2.25703710127604,4
"RNU4-2","RNU4-2",2,2.43908353616563,4
"AL353622.1","AL353622.1",2,2.51152172444098,4
"DONSON","DONSON",4,2.13144663445184,4
"ETV1","ETV1",3,2.24669883926922,4
"B3GNT5","B3GNT5",4,2.27200446751329,4
"GTSE1","GTSE1",2,2.2932009343246,4
"H2AX","H2AX",2,2.06848330419908,4
"TINAGL1","TINAGL1",1,2.86651743441388,4
"MIR193BHG","MIR193BHG",4,2.09911952240416,4
"CASP6","CASP6",4,2.05701881742728,4
"GAR1","GAR1",4,2.06124639746732,4
"CHKA","CHKA",4,2.291087913425,4
"MPC2","MPC2",4,2.23324754941021,4
"GPRIN3","GPRIN3",2,2.70684529497212,4
"METTL4","METTL4",2,2.29657618575761,4
"ADAMTS6","ADAMTS6",3,2.27781299180642,4
"FBXW4","FBXW4",1,2.08129126462221,4
"ATOH8","ATOH8",1,2.82018524652021,4
"FAM174A","FAM174A",4,2.1374123562616,4
"TP53TG1","TP53TG1",4,2.13902168979063,4
"SLC43A2","SLC43A2",4,2.19401506415643,4
"DNAAF2","DNAAF2",4,2.05276289276176,4
"TMEM54","TMEM54",4,2.66737174723449,4
"LANCL1","LANCL1",1,2.32137018695864,4
"SLC9A3R1","SLC9A3R1",2,2.29533232783394,4
"TDO2","TDO2",2,2.46310941769395,4
"MCM5","MCM5",2,2.61216787279985,4
"DHX58","DHX58",2,2.2204837740274,4
"BACH2","BACH2",2,1.9741801022573,4
"AVIL","AVIL",4,1.95519325681657,4
"FBXL12","FBXL12",1,2.15623749540064,4
"DPY19L1","DPY19L1",4,2.44025627818363,4
"RBM7","RBM7",1,2.00480498145418,4
"TCTN2","TCTN2",1,2.22322355377017,4
"BST2","BST2",2,2.57951825504695,4
"HS3ST3B1","HS3ST3B1",2,2.31113823505844,4
"DNAH14","DNAH14",4,2.34523410528106,4
"ALS2CL","ALS2CL",1,2.6082952233576,4
"WHRN","WHRN",4,2.04787614149167,4
"AC020978.9","AC020978.9",1,2.01501253136702,4
"SMIM27","SMIM27",2,1.87547066346543,4
"FAIM2","FAIM2",1,2.53143294346191,4
"MTLN","MTLN",4,2.10501049303391,4
"GFPT2","GFPT2",4,1.97148723553496,4
"GTF2IRD2","GTF2IRD2",1,2.3393036365284,4
"NR5A2","NR5A2",1,2.361900115944,4
"LAIR2","LAIR2",3,2.62973730099259,4
"TSPOAP1","TSPOAP1",2,1.96628340871836,4
"KIFC3","KIFC3",4,2.60614947054857,4
"RASGRF2","RASGRF2",4,2.15182015335719,4
"PTPRO","PTPRO",3,2.03085898611061,4
"PDE4DIP","PDE4DIP",1,1.96807305674188,4
"LPAR5","LPAR5",2,2.46389315633803,4
"PTGR2","PTGR2",1,2.22042024740606,4
"WNT10A","WNT10A",2,2.77559125336915,4
"SMPD3","SMPD3",2,2.66247225751618,4
"AL355488.1","AL355488.1",2,2.10067991225069,4
"RBM12B","RBM12B",3,3.00452599320973,4
"BLCAP","BLCAP",1,2.1727645116891,4
"TRAF2","TRAF2",2,2.30022360293103,4
"SH3PXD2B","SH3PXD2B",4,2.40407338347185,4
"AC027097.1","AC027097.1",2,2.49978503218132,4
"APOBR","APOBR",2,2.37571496380975,4
"SLC25A40","SLC25A40",2,2.01918047660136,4
"FAM155A","FAM155A",4,2.0422561679724,4
"GALNT18","GALNT18",1,1.94721544757189,4
"ADHFE1","ADHFE1",1,2.33375389376702,4
"OSCAR","OSCAR",2,2.1993325969487,4
"PRKAR2B","PRKAR2B",1,2.27161280097241,4
"CROT","CROT",1,2.1395377947884,4
"PDE3A","PDE3A",1,2.20980456568389,4
"RCAN2","RCAN2",1,2.41371365148248,4
"QPCT","QPCT",4,2.09509482932424,4
"RIDA","RIDA",3,2.25055326326979,4
"CXCL16","CXCL16",4,2.6172618603977,4
"FLT3","FLT3",2,2.65176507590773,4
"BRMS1","BRMS1",2,2.21849901132985,4
"PIF1","PIF1",2,2.4276915529277,4
"CD40LG","CD40LG",2,2.617114273263,4
"PPM1M","PPM1M",2,2.31735835990888,4
"ADCY4","ADCY4",1,2.74733192358471,4
"ACTR3B","ACTR3B",4,2.2620077839943,4
"SYNPO","SYNPO",1,2.30089376461948,4
"RELT","RELT",2,2.47195850007427,4
"CROCC","CROCC",1,2.19754352063817,4
"SYT12","SYT12",4,2.38854131766845,4
"MS4A4A","MS4A4A",3,2.25023572563468,4
"FANCF","FANCF",2,2.04889090819892,4
"FLNC","FLNC",1,2.42369755657555,4
"POC1B-AS1","POC1B-AS1",1,2.16423475482831,4
"PLCG2","PLCG2",2,2.88585739230686,4
"TACR1","TACR1",1,2.69888852857574,4
"LINC01138","LINC01138",2,2.30925026189765,4
"LNX2","LNX2",4,2.18972839140745,4
"AC010997.6","AC010997.6",3,3.08810110181075,4
"ERCC3","ERCC3",1,2.15722772038927,4
"GSTO2","GSTO2",4,2.22924037638836,4
"STMN3","STMN3",1,1.96828437346204,4
"WDR19","WDR19",1,2.30955399516708,4
"GADD45B","GADD45B",4,2.1016362048003,4
"OSBPL5","OSBPL5",4,2.21737061485855,4
"WASF3","WASF3",1,2.2535567101828,4
"LAMA1","LAMA1",1,2.24859814490996,4
"HOXB6","HOXB6",3,2.57266971274546,4
"TBX1","TBX1",1,2.52000697207108,4
"PLCXD3","PLCXD3",1,2.45986559931538,4
"DHRS1","DHRS1",4,2.273347390397,4
"MBNL3","MBNL3",2,2.42677493022026,4
"AC024075.2","AC024075.2",1,2.03038181438131,4
"FAM83F","FAM83F",4,2.55827773031311,4
"TBX5","TBX5",3,2.19593128654592,4
"UCKL1","UCKL1",4,2.07099089877193,4
"AP001496.4","AP001496.4",1,2.2332889065728,4
"MXRA7","MXRA7",1,2.46512845725218,4
"CAPN12","CAPN12",2,2.01642339855154,4
"HAS3","HAS3",1,2.09249682193222,4
"GLIPR1L2","GLIPR1L2",1,2.58068336477621,4
"ADAMTSL2","ADAMTSL2",4,2.63415968298849,4
"CERCAM","CERCAM",4,2.78667966390297,4
"FAM118A","FAM118A",3,2.01866487172078,4
"KIF11","KIF11",2,2.44202647381101,4
"IBSP","IBSP",4,2.58395909838657,4
"LRP3","LRP3",1,2.46042576074861,4
"LINC00649","LINC00649",2,2.80649690748227,4
"PYROXD1","PYROXD1",3,2.08134588509086,4
"CYTL1","CYTL1",1,2.31472033908323,4
"KIAA1522","KIAA1522",4,2.62077667534473,4
"AC015883.1","AC015883.1",2,2.27165219015848,4
"PRR14","PRR14",2,2.1948078246179,4
"WIZ","WIZ",4,2.1774089051074,4
"PBX4","PBX4",2,2.75400851442373,4
"SLC16A4","SLC16A4",1,2.42891201083561,4
"SMAD6","SMAD6",1,2.09933073786746,4
"IL15RA","IL15RA",2,2.04887218565056,4
"TMEM200C","TMEM200C",1,2.41077652689357,4
"DCLK2","DCLK2",4,2.43848949856982,4
"SH2D3A","SH2D3A",2,2.40162266674215,4
"MRPS10","MRPS10",4,2.09187835128528,4
"CIP2A","CIP2A",2,2.27764782348879,4
"LANCL2","LANCL2",1,1.958185253671,4
"ERMAP","ERMAP",4,2.14972287455094,4
"INTU","INTU",1,2.47910279827981,4
"SNN","SNN",1,2.09350060819739,4
"PXMP4","PXMP4",1,2.27534410900759,4
"PAGR1","PAGR1",3,2.5775291705043,4
"GJA4","GJA4",1,2.16519902968736,4
"NDUFAF4","NDUFAF4",4,2.03747246660824,4
"AL139113.1","AL139113.1",1,2.06599957066528,4
"TSPAN2","TSPAN2",4,2.45133728311771,4
"ICAM2","ICAM2",2,2.53411801409016,4
"HOXC9","HOXC9",3,2.39809724925171,4
"IFITM2","IFITM2",1,2.23365748716848,4
"YRDC","YRDC",4,2.15607525662887,4
"PTPRJ","PTPRJ",3,2.37822317710788,4
"IL1R2","IL1R2",3,2.04569227805298,4
"RPL39L","RPL39L",4,2.135751156361,4
"LINC00271","LINC00271",1,2.20822766856548,4
"AC021078.1","AC021078.1",1,2.29077898484912,4
"RPS20P22","RPS20P22",1,2.29481505459979,4
"MET","MET",1,2.37390544630158,4
"LINC00702","LINC00702",4,2.14670669289542,4
"PRTFDC1","PRTFDC1",1,2.40508592941412,4
"FN3KRP","FN3KRP",4,2.10168196189992,4
"ARL6IP6","ARL6IP6",2,2.18235421151428,4
"AC093297.2","AC093297.2",1,2.11264753782113,4
"SLC44A4","SLC44A4",1,2.12163499876136,4
"LZTFL1","LZTFL1",4,2.014676417525,4
"COMMD1","COMMD1",4,2.39386941818985,4
"BMP2","BMP2",1,2.2955827414762,4
"RHOBTB1","RHOBTB1",1,2.37476445238997,4
"UBA7","UBA7",2,2.51966402395069,4
"CPOX","CPOX",4,2.09738751267369,4
"RTKN","RTKN",4,2.64594648953823,4
"LIG1","LIG1",2,2.51912240061383,4
"FAM214B","FAM214B",4,2.20568219991637,4
"ZNF727","ZNF727",1,2.3647798553856,4
"SSBP2","SSBP2",1,2.90819850985225,4
"AIFM1","AIFM1",4,2.0125849235452,4
"ZNF251","ZNF251",1,2.22445038559285,4
"LINC01004","LINC01004",4,2.13681699885137,4
"CACNB3","CACNB3",4,2.31615040865507,4
"TMEM273","TMEM273",1,2.19423947911107,4
"AL109976.1","AL109976.1",1,2.17724278449461,4
"FADD","FADD",4,2.55270223615115,4
"RPS13","RPS13",1,2.20111166475942,4
"FAM227A","FAM227A",4,1.97566406329656,4
"ITGAM","ITGAM",2,2.21851800460876,4
"KIFC2","KIFC2",2,2.28237758429114,4
"NUGGC","NUGGC",2,2.68455283638535,4
"MZT1","MZT1",4,2.1309739230821,4
"SBK1","SBK1",2,2.32230346504152,4
"PRAME","PRAME",3,2.241604125382,4
"AC012236.1","AC012236.1",2,2.74929098681553,4
"WRAP73","WRAP73",2,2.05920952138963,4
"INTS6L","INTS6L",2,2.22813720196953,4
"TXLNB","TXLNB",1,2.2011959373104,4
"NPC1","NPC1",4,2.53355006739892,4
"COX17","COX17",4,2.14284569320609,4
"MGAT3","MGAT3",2,2.17144723999843,4
"HAUS1","HAUS1",4,2.0392572806517,4
"HOXA-AS2","HOXA-AS2",3,2.96503780480169,4
"ABCD4","ABCD4",1,2.06312308134626,4
"ZNF550","ZNF550",2,2.1715317290198,4
"PLD4","PLD4",2,2.72833687391259,4
"PSMD10","PSMD10",3,2.12733892504874,4
"AC016831.4","AC016831.4",3,2.34143525202233,4
"ROR2","ROR2",4,2.27834822308626,4
"SPRED2","SPRED2",1,2.61996504941252,4
"ARMC9","ARMC9",4,2.21100846005812,4
"ALDH1L2","ALDH1L2",3,2.11353898953126,4
"MAD2L1BP","MAD2L1BP",4,2.00197630510044,4
"NRBP2","NRBP2",1,2.30136992696425,4
"DNAJB4","DNAJB4",1,2.19415637875701,4
"IGFN1","IGFN1",1,2.36886023178424,4
"ORC6","ORC6",2,2.1619074662928,4
"REC8","REC8",2,2.44713783823358,4
"NOL11","NOL11",2,2.04540904075267,4
"CLEC7A","CLEC7A",2,2.4425187075526,4
"TEX30","TEX30",4,2.03272933445722,4
"ZNF513","ZNF513",4,2.23946369329865,4
"CUTC","CUTC",1,1.95742998704772,4
"ARNTL","ARNTL",4,1.93236815077081,4
"GPD1L","GPD1L",1,2.38618986632976,4
"CDKN1C","CDKN1C",1,3.02075187117101,4
"ABCB10","ABCB10",4,2.14753303236007,4
"TSPAN6","TSPAN6",1,2.37386808002354,4
"ZBTB7C","ZBTB7C",4,2.3621854502318,4
"RPL23AP32","RPL23AP32",1,2.52282171328652,4
"ZDHHC12","ZDHHC12",4,2.33975279304877,4
"SNRNP25","SNRNP25",2,2.04422735309831,4
"IL18R1","IL18R1",3,2.39779884619964,4
"PROSER1","PROSER1",4,2.17888554844265,4
"TRIM69","TRIM69",2,2.48596363834493,4
"ATP10A","ATP10A",3,2.2465942967631,4
"QSOX2","QSOX2",2,2.32244174584871,4
"RUVBL1","RUVBL1",2,2.14942677402379,4
"PIK3R3","PIK3R3",1,2.16887684205286,4
"SND1-IT1","SND1-IT1",2,2.28591998544284,4
"CCNF","CCNF",4,2.03387557463751,4
"FKBP5","FKBP5",3,2.56175824339949,4
"TNFRSF10D","TNFRSF10D",1,2.07945839437303,4
"TMEM86A","TMEM86A",4,2.29935856982645,4
"LRR1","LRR1",2,2.0186414461768,4
"BCL2L12","BCL2L12",4,2.17930356021469,4
"PREX2","PREX2",1,3.03323869768499,4
"CD109","CD109",4,2.12236521887743,4
"ANKRD33B","ANKRD33B",1,2.13836432138398,4
"HMCN1","HMCN1",1,2.68170770421882,4
"NSUN5P1","NSUN5P1",4,2.01838642400454,4
"CNTN3","CNTN3",1,2.3032699463046,4
"FAM53B","FAM53B",2,2.6685635477506,4
"LINC00511","LINC00511",4,2.1848101937787,4
"CTPS1","CTPS1",2,2.14134786016237,4
"NDUFAF1","NDUFAF1",1,1.98993973090227,4
"AL162595.1","AL162595.1",1,2.21741264903988,4
"PPP1R13B","PPP1R13B",1,2.38822928805059,4
"PPP2R5A","PPP2R5A",1,2.12655334479492,4
"AC135050.6","AC135050.6",1,2.06749781439231,4
"TMEM106A","TMEM106A",3,2.51141622920448,4
"TEAD3","TEAD3",4,2.62033918715181,4
"DHRS12","DHRS12",1,2.27566593718721,4
"TMEM200B","TMEM200B",1,2.44762393722966,4
"CTSF","CTSF",1,2.77456282431989,4
"TRDN","TRDN",3,3.08662581915315,4
"DNASE1L3","DNASE1L3",2,2.34379201234255,4
"LINC01116","LINC01116",1,2.28874318597991,4
"BBC3","BBC3",4,2.1820983828201,4
"DYNC2LI1","DYNC2LI1",1,2.58660353608719,4
"BCAR3","BCAR3",4,2.08071350594795,4
"HOMER1","HOMER1",1,2.07626446062218,4
"FRAT2","FRAT2",2,2.18271187724467,4
"ARAP3","ARAP3",1,2.54718742769511,4
"PEX13","PEX13",4,2.46022689569583,4
"BCAS1","BCAS1",3,2.24036498193723,4
"ZNF441","ZNF441",3,2.21752699412038,4
"RASSF7","RASSF7",4,2.05499181264535,4
"B3GAT3","B3GAT3",2,2.33727663881855,4
"TENT4A","TENT4A",1,2.02839479525536,4
"ITIH5","ITIH5",1,3.1465875955301,4
"ZNF189","ZNF189",4,1.95493439387186,4
"UST","UST",1,2.42595843584669,4
"TAP1","TAP1",2,2.92779789139635,4
"GEMIN8","GEMIN8",1,2.07017768716123,4
"FDX1","FDX1",2,1.99980739504316,4
"GAS2L3","GAS2L3",3,2.04633936348349,4
"PUS7","PUS7",4,2.1582679371068,4
"SMIM13","SMIM13",4,2.1197708724132,4
"CABLES1","CABLES1",4,2.13089759811018,4
"ZBTB14","ZBTB14",2,1.95433767065584,4
"KDR","KDR",1,2.24534065817543,4
"ARHGEF5","ARHGEF5",4,2.40389901396235,4
"PRKD2","PRKD2",2,2.64655460589241,4
"FAIM","FAIM",1,2.13249037535007,4
"SLCO4A1","SLCO4A1",1,2.29685723297697,4
"STARD4","STARD4",2,2.1619630299792,4
"MED31","MED31",3,1.84028084714424,4
"CCDC168","CCDC168",1,2.20711205771617,4
"MYCT1","MYCT1",1,2.58714992968539,4
"FUCA2","FUCA2",4,2.23905896308591,4
"WDR45","WDR45",4,2.2231158082348,4
"TRIB1","TRIB1",2,2.15791640931476,4
"SIDT1","SIDT1",2,2.56971727553321,4
"NAA10","NAA10",4,2.25965221086417,4
"TBPL1","TBPL1",3,1.95653387717106,4
"OCRL","OCRL",4,2.30785080587693,4
"CRACR2A","CRACR2A",2,2.17348528588945,4
"MSC","MSC",2,2.05109166480002,4
"NOP16","NOP16",3,2.1126441635403,4
"INTS13","INTS13",2,2.18470063211061,4
"NACC2","NACC2",3,2.32367978869923,4
"SCML1","SCML1",1,2.13076134567748,4
"TLCD5","TLCD5",1,2.22344795647777,4
"PLGRKT","PLGRKT",4,2.07869205890149,4
"SLC30A6","SLC30A6",2,2.05071469482578,4
"ATP8A1","ATP8A1",2,2.82771878820712,4
"PLCL1","PLCL1",3,1.96271953277011,4
"AL158206.1","AL158206.1",1,2.3244887588607,4
"AC090559.2","AC090559.2",3,2.64508093607966,4
"MYO1F","MYO1F",2,2.797306239324,4
"OSM","OSM",4,2.17190731916943,4
"FAM229B","FAM229B",1,2.21157819616303,4
"MAP3K12","MAP3K12",1,2.53720878005032,4
"MSC-AS1","MSC-AS1",4,1.95334016316475,4
"MAGOHB","MAGOHB",4,2.19739667096031,4
"ZNF334","ZNF334",1,2.35119323985827,4
"SEMA3B","SEMA3B",1,2.60860232574326,4
"MAP3K14","MAP3K14",2,2.50870667272256,4
"DPH2","DPH2",2,2.00613612122987,4
"ALDH18A1","ALDH18A1",4,2.37392709746481,4
"MTFR1","MTFR1",4,2.5673830918381,4
"GRPEL2","GRPEL2",2,2.02804744520138,4
"OXNAD1","OXNAD1",2,2.50013499978951,4
"SETD6","SETD6",3,1.94283501269477,4
"MED9","MED9",4,2.19688221195597,4
"DISC1","DISC1",2,2.00838649585065,4
"MRPS9","MRPS9",1,2.06075499528037,4
"MTURN","MTURN",1,2.70040176708938,4
"XPO5","XPO5",4,2.15282143984291,4
"SLC29A1","SLC29A1",4,2.48721807009343,4
"PFKP","PFKP",4,2.2734463437349,4
"BDH1","BDH1",4,1.94508270180586,4
"POLRMT","POLRMT",2,2.26110849640746,4
"DIPK1B","DIPK1B",1,2.52578228086655,4
"HSBP1L1","HSBP1L1",4,2.24716023289908,4
"FZD6","FZD6",4,2.36987200649953,4
"SGMS2","SGMS2",4,2.51656853339483,4
"GLA","GLA",4,2.10317178548688,4
"COMMD8","COMMD8",2,2.19832182807733,4
"CEP126","CEP126",1,2.84173100928033,4
"RNF138","RNF138",2,2.20213053252885,4
"AC005906.2","AC005906.2",1,2.61146646861142,4
"TP53INP2","TP53INP2",4,2.29147266444255,4
"TRMT2B","TRMT2B",2,2.18953915308417,4
"SIX5","SIX5",1,2.50606282673792,4
"FAM110B","FAM110B",1,2.33500777611399,4
"GNPNAT1","GNPNAT1",4,2.4040451090156,4
"IRS1","IRS1",1,2.60569900739217,4
"NRGN","NRGN",3,2.17111803145728,4
"MAP3K7CL","MAP3K7CL",4,2.08957911796822,4
"RHEX","RHEX",1,2.43632743797815,4
"NETO2","NETO2",4,2.29117024118325,4
"PLEKHF1","PLEKHF1",4,1.91688707885489,4
"SPAG16","SPAG16",1,2.3426140426432,4
"FAM199X","FAM199X",4,2.14587638262877,4
"LRP12","LRP12",4,2.15046145272778,4
"ECT2","ECT2",4,2.29561137131539,4
"AP000915.2","AP000915.2",1,2.4155925281961,4
"ACP5","ACP5",2,2.27904170497499,4
"GRAMD4","GRAMD4",4,1.99391870275322,4
"FAP","FAP",4,2.81528915651771,4
"LINC01359","LINC01359",1,2.56280253706125,4
"CGN","CGN",4,2.50854198779549,4
"MAATS1","MAATS1",1,2.52945123277769,4
"PPFIA2","PPFIA2",3,2.81768441460469,4
"ZSCAN25","ZSCAN25",3,2.26941521451514,4
"AC026124.1","AC026124.1",1,2.34990161225837,4
"SLC50A1","SLC50A1",4,2.19983406296799,4
"ANGPT1","ANGPT1",1,2.14949785620727,4
"PGS1","PGS1",2,1.91605554927202,4
"SLC25A45","SLC25A45",2,2.51415112889437,4
"ADAM23","ADAM23",3,2.33140310846009,4
"AMOT","AMOT",1,2.33270613582066,4
"IFRD2","IFRD2",4,2.24802411545302,4
"AC008105.3","AC008105.3",2,3.05585648870815,4
"PITPNM3","PITPNM3",1,2.38067407186103,4
"GAS6-AS1","GAS6-AS1",2,2.43940633941176,4
"DGKA","DGKA",2,2.91809159909608,4
"PPP1R16A","PPP1R16A",4,2.43794933763592,4
"DYNC1I1","DYNC1I1",1,2.4895990933527,4
"SAMD12","SAMD12",2,1.9626717551947,4
"NSMAF","NSMAF",2,2.26599867438333,4
"AL021368.2","AL021368.2",1,2.29153050258654,4
"TACC2","TACC2",4,2.29746424852257,4
"MT-ND6","MT-ND6",3,2.90114100393019,4
"HCP5","HCP5",2,2.90353615083385,4
"SEMA3E","SEMA3E",3,2.11151461525631,4
"FAM111B","FAM111B",2,2.38098435693669,4
"GULP1","GULP1",1,2.79917292594391,4
"GPSM3","GPSM3",2,3.18454220279562,4
"INPP5E","INPP5E",1,1.9566042967617,4
"LDHA","LDHA",4,2.60490238313376,4
"ARHGAP20","ARHGAP20",1,2.6227139251702,4
"RAB15","RAB15",4,2.4072770228699,4
"AL021707.6","AL021707.6",2,2.49302172439069,4
"CTDP1","CTDP1",2,2.10124221707228,4
"FAM189B","FAM189B",4,2.18688609592359,4
"TAL1","TAL1",1,2.47703037364422,4
"TNIP2","TNIP2",2,2.17346202981835,4
"CCDC15","CCDC15",3,1.90709825343827,4
"NCAM2","NCAM2",3,2.32061484833918,4
"AP4S1","AP4S1",1,2.33427592664147,4
"SLC31A1","SLC31A1",4,2.37687927713885,4
"NINJ1","NINJ1",4,2.40335697007054,4
"DRAIC","DRAIC",1,2.01196806248381,4
"SNAI2","SNAI2",4,2.29325508200943,4
"HID1","HID1",1,2.30080668684123,4
"SHISAL2A","SHISAL2A",2,2.89069671048085,4
"PPIH","PPIH",2,1.93665728778423,4
"PRR11","PRR11",2,2.34775367863321,4
"KLC4","KLC4",1,2.05220906301603,4
"MIPOL1","MIPOL1",1,2.50276205846623,4
"STARD8","STARD8",1,2.33510654161933,4
"TRIM5","TRIM5",2,2.19347155125172,4
"PGAM5","PGAM5",4,2.0254422382065,4
"RGS14","RGS14",2,2.64093436684307,4
"DCTN1-AS1","DCTN1-AS1",1,2.14193941289951,4
"GPRC5C","GPRC5C",4,2.13989575750773,4
"NXPH3","NXPH3",1,2.42871495862252,4
"TSNAX","TSNAX",1,1.9479571863016,4
"RAB3IL1","RAB3IL1",1,2.48689676029497,4
"DKK3","DKK3",4,2.79837042437668,4
"UNC13B","UNC13B",1,2.30109868566533,4
"CADM4","CADM4",4,2.25906995708159,4
"DBNDD1","DBNDD1",4,2.38900860329259,4
"CDCA7L","CDCA7L",2,2.17277473656718,4
"BEX2","BEX2",1,2.09015941277888,4
"AC006504.7","AC006504.7",2,2.22436082541841,4
"CYP4F3","CYP4F3",1,2.2437518486696,4
"SPAG5","SPAG5",2,2.18852873668066,4
"FCHSD1","FCHSD1",2,2.48524609760245,4
"PLAGL1","PLAGL1",1,2.77497376288476,4
"AC116667.1","AC116667.1",4,1.89003703912107,4
"ROBO3","ROBO3",4,2.047723487454,4
"FGD2","FGD2",2,2.85138070301529,4
"ZNF711","ZNF711",1,2.32661998346997,4
"AC124852.1","AC124852.1",3,2.24529569635285,4
"ITGA8","ITGA8",1,2.03528075718865,4
"TBC1D22B","TBC1D22B",2,1.95448645756103,4
"CDC42-IT1","CDC42-IT1",2,2.43415824849018,4
"LUZP2","LUZP2",1,2.25899183950176,4
"UBA2","UBA2",2,2.06010211257423,4
"CASZ1","CASZ1",4,2.0364893446004,4
"CSRNP3","CSRNP3",1,2.47492574828786,4
"MNDA","MNDA",3,2.48808632379277,4
"PHLDA1","PHLDA1",4,2.48085868824622,4
"MTERF3","MTERF3",4,1.91694300832237,4
"TDP1","TDP1",2,2.20030175300978,4
"KDM1B","KDM1B",2,2.01184025611951,4
"HSD17B6","HSD17B6",4,2.73180328524072,4
"AUH","AUH",1,2.10627178874218,4
"FAT3","FAT3",4,2.20541975382551,4
"PFKM","PFKM",1,2.40475387851547,4
"KALRN","KALRN",1,2.41082051930863,4
"LINC00324","LINC00324",2,2.11526220141845,4
"CALHM5","CALHM5",4,2.05471616995528,4
"P2RX1","P2RX1",2,2.44802677353044,4
"FBXL22","FBXL22",3,2.18317666269031,4
"TBL2","TBL2",4,2.20528985540787,4
"RASIP1","RASIP1",1,2.66504163414206,4
"KRT10","KRT10",4,2.47797883557015,4
"CHST3","CHST3",4,2.4268372928344,4
"Z95114.1","Z95114.1",1,2.29139614623645,4
"AGAP2","AGAP2",2,2.37877793398473,4
"ZNF529-AS1","ZNF529-AS1",1,2.00383322919724,4
"NABP2","NABP2",4,2.08340603095865,4
"ISOC1","ISOC1",4,2.11113586432596,4
"MUC16","MUC16",4,2.1700938990064,4
"HLA-DQA1","HLA-DQA1",2,2.63493783098703,4
"JMJD4","JMJD4",2,2.14110223947671,4
"SIAH1","SIAH1",4,2.12498810068627,4
"CHEK1","CHEK1",2,2.1183249511523,4
"NSRP1P1","NSRP1P1",1,2.10885059589775,4
"L3HYPDH","L3HYPDH",4,1.92069208644409,4
"P2RX7","P2RX7",2,2.47972140721002,4
"LSR","LSR",4,2.3955583855697,4
"PLA2G4C","PLA2G4C",2,2.40627357964063,4
"MLF1","MLF1",1,2.24187770751266,4
"KLHL12","KLHL12",4,2.16004898744223,4
"GAB3","GAB3",2,2.61891683420217,4
"RHBDD1","RHBDD1",2,2.20658046744189,4
"TTC8","TTC8",1,2.23978777056359,4
"MEG9","MEG9",1,2.50442242994254,4
"RIPK3","RIPK3",2,2.51641190803013,4
"ACAA2","ACAA2",4,2.23981175580657,4
"MSTO1","MSTO1",4,1.99012878742158,4
"CYP26B1","CYP26B1",4,2.14035465652551,4
"GSR","GSR",4,2.12322825424253,4
"NUP43","NUP43",1,2.05142574136937,4
"ZC2HC1C","ZC2HC1C",1,2.31244164266662,4
"FAM92A","FAM92A",1,2.06049522833224,4
"MYEF2","MYEF2",4,1.98901198488663,4
"ZFPM2","ZFPM2",3,2.06009286710488,4
"GPHN","GPHN",1,2.10224944456687,4
"GABPB1","GABPB1",4,2.03307856788653,4
"ZNF75D","ZNF75D",2,2.19591548870688,4
"RALGPS2","RALGPS2",2,2.41376059273298,4
"TUSC1","TUSC1",1,2.23929447757119,4
"SLC25A33","SLC25A33",4,1.92043103135234,4
"NOD2","NOD2",2,2.50088768814437,4
"SPINT2","SPINT2",4,2.83808675483984,4
"SLC25A42","SLC25A42",2,2.40061522204289,4
"NEMP1","NEMP1",2,2.27804837516613,4
"MTHFD2","MTHFD2",2,2.16040386455952,4
"NRXN1","NRXN1",1,2.12993591277974,4
"ACAT2","ACAT2",4,2.08776871706853,4
"SLC41A1","SLC41A1",1,1.98476899107778,4
"AC124947.1","AC124947.1",1,2.15406865702685,4
"PCDH12","PCDH12",4,2.12065846698194,4
"PRC1","PRC1",2,2.17600549547504,4
"MTHFD2L","MTHFD2L",1,2.16767719634803,4
"UNC119","UNC119",2,2.36526718813,4
"SEMA3A","SEMA3A",3,2.08107914927294,4
"GEMIN6","GEMIN6",4,1.9495870469704,4
"C1QTNF1","C1QTNF1",4,2.04314868270923,4
"TNFRSF4","TNFRSF4",2,2.58443605777962,4
"BET1","BET1",4,1.87715319394271,4
"GLI2","GLI2",3,2.50793899404696,4
"SLC25A25","SLC25A25",1,2.21775198618932,4
"PANX1","PANX1",4,2.35332803125768,4
"DENND5B","DENND5B",2,2.28087123398271,4
"TCEA2","TCEA2",1,2.31948484270593,4
"FANCM","FANCM",3,2.57916485679558,4
"ZNRF2","ZNRF2",4,1.99738596144821,4
"EPHA2","EPHA2",1,2.20432725099814,4
"C2orf27A","C2orf27A",3,2.46142039349804,4
"GFI1","GFI1",2,2.82708225400742,4
"PRKX","PRKX",2,2.57717984145664,4
"TTF2","TTF2",2,2.09925885334508,4
"CAMK2B","CAMK2B",1,2.33993599965192,4
"EED","EED",2,2.25213905639691,4
"FANCI","FANCI",3,2.31102842565768,4
"AC010226.1","AC010226.1",3,2.20227571680759,4
"AL683813.2","AL683813.2",1,2.27657652453317,4
"ALKAL2","ALKAL2",1,2.1938857043352,4
"METTL15","METTL15",1,2.094126171088,4
"C9orf64","C9orf64",4,2.0395836537096,4
"BUD13","BUD13",1,1.98085889560476,4
"SCNN1B","SCNN1B",1,2.23638602828339,4
"PPP2R3A","PPP2R3A",3,2.2302067244487,4
"EXTL3","EXTL3",4,2.03984679405687,4
"SLC24A3","SLC24A3",4,2.15277422494935,4
"KREMEN1","KREMEN1",1,2.5752551235058,4
"TAF5L","TAF5L",4,2.06072839634858,4
"RERGL","RERGL",1,2.33130727954443,4
"PHF5A","PHF5A",4,2.11890402625073,4
"EAF1","EAF1",4,2.10929001592317,4
"AL356273.6","AL356273.6",1,2.14986019505149,4
"RSPH3","RSPH3",4,2.17404908418136,4
"DNAJB1","DNAJB1",1,2.00710193927763,4
"HCCS","HCCS",2,1.98430273240017,4
"FADS1","FADS1",4,2.09934332182259,4
"TOR1A","TOR1A",4,2.17320493120661,4
"OLFM1","OLFM1",1,2.69858086402264,4
"MAP7","MAP7",4,2.38634124781224,4
"SOCS5","SOCS5",1,2.13199777290156,4
"AC092807.4","AC092807.4",4,2.23026038891818,4
"BYSL","BYSL",4,2.07947729064548,4
"FLYWCH1","FLYWCH1",1,2.19180339078754,4
"ADAMTSL4","ADAMTSL4",1,2.22669847200897,4
"RNF5","RNF5",2,2.04582663280217,4
"CD300LF","CD300LF",2,2.47100422395765,4
"EOGT","EOGT",4,2.66954209562822,4
"DNMBP","DNMBP",1,2.49535259572887,4
"C3orf62","C3orf62",1,1.8526193084943,4
"PHLPP1","PHLPP1",1,2.18398121220521,4
"RIOK2","RIOK2",1,2.0595907187733,4
"SAMD11","SAMD11",1,2.17190134942352,4
"AC004918.1","AC004918.1",4,2.08203823684234,4
"AL390728.4","AL390728.4",3,2.62214199633114,4
"CYYR1","CYYR1",1,2.42141151987025,4
"WNT11","WNT11",1,2.57150479352948,4
"CKS1B","CKS1B",4,2.1533072141521,4
"YPEL4","YPEL4",1,2.51894022377849,4
"ARHGEF15","ARHGEF15",1,2.60939455415938,4
"AC018500.1","AC018500.1",3,3.40369083451339,4
"KRT6A","KRT6A",4,2.31705130967378,4
"GSTCD","GSTCD",1,1.91556261441569,4
"NDUFAF6","NDUFAF6",2,1.94040441138214,4
"AL356534.1","AL356534.1",1,2.32225237462661,4
"NT5DC3","NT5DC3",1,2.03634462163135,4
"CDCA5","CDCA5",4,2.13481133346466,4
"IGFL2","IGFL2",3,2.30971121300464,4
"RTTN","RTTN",1,2.17073155673364,4
"RNF6","RNF6",1,1.96950835422438,4
"ARMCX2","ARMCX2",1,2.19399774474274,4
"SYK","SYK",2,2.91259317489824,4
"RNF43","RNF43",1,2.12370288341987,4
"ONECUT2","ONECUT2",1,1.97068925704046,4
"MRPL24","MRPL24",4,2.2196390163875,4
"ARPIN","ARPIN",1,2.17709245443212,4
"USP21","USP21",1,2.07423380019888,4
"LYSMD2","LYSMD2",2,2.42767809667951,4
"CDKN2C","CDKN2C",1,2.48254851046432,4
"TTLL7","TTLL7",1,2.37740030459744,4
"WDR66","WDR66",1,2.39924362707846,4
"STARD9","STARD9",1,2.87538367477945,4
"ST3GAL4","ST3GAL4",4,2.07421627252296,4
"FRY","FRY",1,2.27813930372879,4
"CR381670.1","CR381670.1",1,2.40992792347522,4
"AC011379.2","AC011379.2",1,2.37445259736268,4
"CARD6","CARD6",3,2.36515343139038,4
"SUSD2","SUSD2",1,1.95933252344106,4
"AL035071.1","AL035071.1",1,2.09520217716806,4
"SNORD13","SNORD13",3,2.59044296785162,4
"BCKDHB","BCKDHB",1,2.09591009604469,4
"PIGL","PIGL",1,2.16507915161428,4
"RNF166","RNF166",2,2.60244055627558,4
"TRPV2","TRPV2",2,2.59760980037899,4
"MOB3B","MOB3B",1,2.68206345327782,4
"APLNR","APLNR",2,1.94594115448045,4
"EID2","EID2",3,2.25138562044173,4
"AC006504.5","AC006504.5",2,2.09802664327074,4
"NRP2","NRP2",4,2.55390745197853,4
"ADM5","ADM5",1,2.42623707693598,4
"ZNF208","ZNF208",3,2.30235209903509,4
"PCBP4","PCBP4",1,2.46036953249163,4
"BTBD3","BTBD3",1,2.16262146281015,4
"AOC3","AOC3",1,2.51543710456251,4
"ANK2","ANK2",1,2.92012253191243,4
"PDIK1L","PDIK1L",3,1.88300791249852,4
"TESK1","TESK1",4,2.04401969204315,4
"SMIM10","SMIM10",1,2.44064640630563,4
"TMEM204","TMEM204",4,2.26155810001276,4
"CDC20","CDC20",4,2.23288484470618,4
"MSRA","MSRA",1,2.17120435917177,4
"MFSD5","MFSD5",4,2.42802574989199,4
"TMEM98","TMEM98",1,2.49778393861297,4
"UCK2","UCK2",4,2.32164778665261,4
"RBM4B","RBM4B",3,1.9785819741172,4
"LINC00894","LINC00894",3,2.54187811756866,4
"RPRD1A","RPRD1A",4,2.26086236258633,4
"CDKL5","CDKL5",4,2.33402740186337,4
"ALG14","ALG14",1,2.10727221428896,4
"KRIT1","KRIT1",1,2.07107455669112,4
"COA6","COA6",3,2.34799087916843,4
"RAPGEF6","RAPGEF6",2,2.59252366090265,4
"JAM3","JAM3",1,2.47587339259351,4
"ASCC2","ASCC2",4,2.01652015556682,4
"ZNF542P","ZNF542P",1,2.20493473062265,4
"WDR5","WDR5",2,2.00389155115325,4
"ARVCF","ARVCF",4,2.29404720925183,4
"TSPAN33","TSPAN33",2,2.55296533567018,4
"AC130895.1","AC130895.1",1,2.14381054767963,4
"TXNDC17","TXNDC17",4,2.53004916126992,4
"TRAM2-AS1","TRAM2-AS1",1,2.24668615290963,4
"CREB5","CREB5",1,2.45401594977076,4
"RPL11P3","RPL11P3",1,2.01854050137878,4
"GEMIN4","GEMIN4",1,2.24256048772009,4
"GATB","GATB",3,1.90569894665205,4
"VPS9D1","VPS9D1",2,2.34699016583873,4
"ARAF","ARAF",4,2.20364562377142,4
"MALINC1","MALINC1",3,2.4237882509769,4
"PSD4","PSD4",2,2.84947128401837,4
"RAD51AP1","RAD51AP1",2,2.17901688411544,4
"UBXN2B","UBXN2B",4,2.0715341184975,4
"NEK11","NEK11",1,2.24454524902844,4
"FMC1","FMC1",4,2.00223988893132,4
"MYCBP","MYCBP",4,1.92906454416633,4
"ZFYVE28","ZFYVE28",2,2.16746869953537,4
"RNF122","RNF122",3,1.96447038994786,4
"WDR89","WDR89",2,1.9354054673083,4
"UNC13D","UNC13D",2,2.6718390332046,4
"SLC22A23","SLC22A23",1,2.22295235365302,4
"GLE1","GLE1",2,2.12595566803247,4
"AL357568.2","AL357568.2",1,2.38693489298703,4
"ACYP1","ACYP1",1,2.01988129631467,4
"ABCA3","ABCA3",1,2.03622677577777,4
"WIPF3","WIPF3",1,2.10246342828806,4
"FCGR2B","FCGR2B",3,2.4337217102244,4
"RP9P","RP9P",1,2.23488938883789,4
"GEN1","GEN1",2,2.40207042448256,4
"PRF1","PRF1",2,2.77991205583298,4
"DUSP14","DUSP14",4,2.3384565475148,4
"TSPAN32","TSPAN32",2,2.98814467393838,4
"PLEK","PLEK",2,2.9296839024501,4
"KIF14","KIF14",2,2.10343836556114,4
"ACKR2","ACKR2",1,2.28373107712246,4
"LINC02328","LINC02328",2,2.22367430115581,4
"LINC00847","LINC00847",2,2.16108613880822,4
"VASH2","VASH2",1,2.16087864477696,4
"MPP1","MPP1",3,1.95628385464451,4
"FANCL","FANCL",1,1.98473597105261,4
"RAB40B","RAB40B",1,2.35104725487689,4
"RAB23","RAB23",4,2.46111938913859,4
"LONRF1","LONRF1",1,2.77400444095096,4
"GNAO1","GNAO1",1,2.25712433323325,4
"TRAPPC2L","TRAPPC2L",2,2.16310634189223,4
"TDRD10","TDRD10",1,2.77111057428813,4
"C5orf22","C5orf22",4,1.90455712334458,4
"COA7","COA7",3,1.88389425133143,4
"PIGW","PIGW",4,2.21705571605665,4
"ASTN1","ASTN1",1,2.65633493510228,4
"PPFIBP2","PPFIBP2",4,1.99077002064045,4
"SPACA6","SPACA6",1,2.07640095770639,4
"SLC37A1","SLC37A1",2,2.16621959645002,4
"BRCA2","BRCA2",2,2.57653901874035,4
"ARHGEF19","ARHGEF19",4,2.22758761897317,4
"DENND4C","DENND4C",1,2.44308730907422,4
"PLCD3","PLCD3",3,2.13501604406137,4
"KCNN3","KCNN3",2,2.00465120541699,4
"NSMCE2","NSMCE2",4,2.02919657140084,4
"NFKBIE","NFKBIE",2,2.37754958614546,4
"H2BC20P","H2BC20P",2,2.25198793182609,4
"GRASP","GRASP",1,2.42058797384538,4
"SAYSD1","SAYSD1",4,2.29647784636467,4
"ZBTB5","ZBTB5",2,2.02972150571097,4
"ZNF423","ZNF423",1,2.54202553893751,4
"GPRC5B","GPRC5B",1,2.57162944620704,4
"TMEM30B","TMEM30B",4,2.28790918475981,4
"PKN3","PKN3",1,2.26719830993029,4
"BAIAP2L1","BAIAP2L1",4,2.61392417277372,4
"CAD","CAD",4,1.97277876382684,4
"KLHDC1","KLHDC1",1,2.44982451099487,4
"SLC39A11","SLC39A11",4,2.17241660347279,4
"PHKG2","PHKG2",2,2.11351232775418,4
"WDR27","WDR27",1,2.37074567556677,4
"SECTM1","SECTM1",2,2.03491060217733,4
"KL","KL",1,2.67971054861915,4
"IGHA21","IGHA2",5,2.51935823507185,5
"AC092069.11","AC092069.1",3,7.19691044243558,5
"IGHG41","IGHG4",4,3.86077234398131,5
"MUCL11","MUCL1",1,5.1382865594356,5
"PIP1","PIP",1,5.57051037622281,5
"FDCSP1","FDCSP",4,4.00064532172734,5
"COL11A11","COL11A1",2,4.83842691996694,5
"IGLC71","IGLC7",4,2.78924501514162,5
"IGLC31","IGLC3",2,3.0076553981895,5
"IGHG11","IGHG1",4,3.82294117353051,5
"HLA-DRB51","HLA-DRB5",2,2.66989005089481,5
"MTND3P191","MTND3P19",1,2.05956004291235,5
"IGHG31","IGHG3",4,3.43694243273688,5
"CXCL91","CXCL9",4,5.156244241318,5
"IGHGP1","IGHGP",4,3.09521692100635,5
"DHRS21","DHRS2",1,3.74212338331925,5
"MMP91","MMP9",2,3.51926932899275,5
"IGLC21","IGLC2",2,3.17012182029788,5
"ANKRD30A1","ANKRD30A",1,4.61709452143394,5
"SCGB2A21","SCGB2A2",1,4.38001087315642,5
"MMP131","MMP13",2,4.00497536413267,5
"ALOX15B1","ALOX15B",1,3.95260998563763,5
"CXCL131","CXCL13",4,4.72845266915632,5
"COL10A11","COL10A1",2,4.54872193551537,5
"UGT2B111","UGT2B11",1,3.69392516492169,5
"MS4A11","MS4A1",4,5.79865859755873,5
"COMP1","COMP",2,4.02151516192506,5
"CXCL101","CXCL10",4,3.76789457468894,5
"KRT811","KRT81",2,3.17194871682857,5
"MMP111","MMP11",2,4.32034498897367,5
"PIGR1","PIGR",1,4.28879137833086,5
"PENK1","PENK",5,4.04378762202942,5
"MMP71","MMP7",2,3.30719530279335,5
"MMP14","MMP1",2,3.86844191329876,5
"CCL191","CCL19",4,5.43820540350279,5
"HLA-DRB61","HLA-DRB6",4,2.4000787564663,5
"TAC11","TAC1",5,3.72582698730184,5
"KRT151","KRT15",1,5.07869001011091,5
"PLA2G2A1","PLA2G2A",3,2.63330697319711,5
"LTF1","LTF",1,3.73730681695271,5
"CALML51","CALML5",1,3.18461720172362,5
"LRRC151","LRRC15",2,4.30829546253365,5
"AC008440.11","AC008440.1",3,5.88836623112271,5
"IGHG21","IGHG2",4,3.12428441583762,5
"SPP11","SPP1",2,3.93170587584089,5
"ADH1B1","ADH1B",5,4.92116479831337,5
"DLK11","DLK1",5,3.58019549285207,5
"HMGCS21","HMGCS2",1,3.85737766270958,5
"PI161","PI16",5,4.47664103277679,5
"HBB1","HBB",5,3.68580508785754,5
"SLPI1","SLPI",1,5.1036035487767,5
"AKR1B151","AKR1B15",1,3.46311341581927,5
"TFF31","TFF3",1,3.45026269875039,5
"KRT191","KRT19",1,4.72809615083892,5
"FNDC11","FNDC1",2,4.16443113227071,5
"AC022784.11","AC022784.1",5,2.75276791127447,5
"SERHL21","SERHL2",1,3.78417244206101,5
"AZGP11","AZGP1",1,5.84402221527308,5
"KRT141","KRT14",1,4.06522847589643,5
"LINC009931","LINC00993",1,4.04523529898375,5
"DCX1","DCX",5,3.73469420006508,5
"SCGB1D21","SCGB1D2",1,3.63980479744363,5
"GJB21","GJB2",2,3.99830558359213,5
"HLA-DQA21","HLA-DQA2",4,2.74132939735231,5
"VEGFD1","VEGFD",5,4.29016668550036,5
"GABRP1","GABRP",1,3.88446741126456,5
"ACSM11","ACSM1",1,3.68990946603489,5
"IGHD1","IGHD",4,3.46882285606848,5
"RPL101","RPL10",2,2.78492217806809,5
"AC104984.41","AC104984.4",3,4.79227059258752,5
"CRABP11","CRABP1",5,2.61395876953864,5
"GSTM51","GSTM5",1,3.13359190292787,5
"CCL211","CCL21",5,3.21572457006872,5
"CEMIP1","CEMIP",2,3.59525074447586,5
"ALX41","ALX4",5,4.25374991527673,5
"MMP31","MMP3",2,2.58027602203899,5
"UGT2B281","UGT2B28",1,3.2109316816244,5
"CR21","CR2",4,3.98944755692508,5
"CCR71","CCR7",4,4.84644846817022,5
"HBA21","HBA2",5,3.52401761629797,5
"CCL181","CCL18",4,3.33985298510414,5
"AC137932.31","AC137932.3",3,5.3287871701785,5
"SCARA51","SCARA5",5,4.45213536137266,5
"IL61","IL6",5,2.89460567053525,5
"FABP41","FABP4",5,4.40164830621284,5
"FOXA11","FOXA1",1,4.63912752991973,5
"ALDH3B21","ALDH3B2",1,4.07327452435271,5
"S100A81","S100A8",2,2.4062612089874,5
"KRT6B1","KRT6B",1,2.98584629739366,5
"OLR11","OLR1",2,3.5762997752623,5
"AGR21","AGR2",1,3.98768901919607,5
"CXCL12","CXCL1",5,2.93364176499801,5
"CLDN41","CLDN4",1,4.12118457935356,5
"LYVE11","LYVE1",5,4.51164109443343,5
"SELE1","SELE",5,2.49818637619466,5
"GPC31","GPC3",5,4.48843411049353,5
"ELF51","ELF5",1,3.57766442511228,5
"FOSB1","FOSB",5,3.20798095972434,5
"OXTR1","OXTR",1,3.80716576849279,5
"PLIN11","PLIN1",5,3.15347743808581,5
"SBSPON1","SBSPON",5,3.33068474103355,5
"ANKRD20A11P1","ANKRD20A11P",5,3.72901784215078,5
"CXCL111","CXCL11",4,3.27945771728829,5
"INHBA1","INHBA",2,3.98618250449922,5
"MIR205HG1","MIR205HG",1,4.74385919875437,5
"LTB1","LTB",4,5.18643037572586,5
"S100A21","S100A2",2,2.79954855428145,5
"PTGS21","PTGS2",5,3.43432098234542,5
"HBA11","HBA1",5,3.41599375399471,5
"IGHM1","IGHM",4,4.17618345807653,5
"CCL281","CCL28",1,4.11822665873472,5
"KRT51","KRT5",1,4.15678120757074,5
"PTX31","PTX3",5,2.72157348331437,5
"TFAP2B1","TFAP2B",1,4.48256412062574,5
"PI151","PI15",1,2.96363017878894,5
"ABCC111","ABCC11",1,3.47869241645925,5
"CAPN61","CAPN6",5,4.13479810828638,5
"ACTG21","ACTG2",1,3.45164951152564,5
"THBS41","THBS4",3,2.79534426735174,5
"S100A141","S100A14",1,3.20701650066374,5
"HPGD1","HPGD",1,2.95236368156457,5
"LONRF21","LONRF2",5,3.69310816177412,5
"EDIL31","EDIL3",2,3.53132591381418,5
"CLDN31","CLDN3",1,4.3943816578887,5
"FCGR3A1","FCGR3A",2,3.72944403161393,5
"NR4A31","NR4A3",5,2.36414893338332,5
"CD79A1","CD79A",4,4.73442545993867,5
"FCRL51","FCRL5",4,4.55663485904639,5
"HPSE21","HPSE2",5,3.93766237276395,5
"SPDEF1","SPDEF",1,4.66156204906748,5
"CD241","CD24",1,3.37715594386816,5
"SELL1","SELL",4,4.79621825738412,5
"S100A11","S100A1",1,2.97296166882311,5
"VTCN11","VTCN1",1,3.70870013951003,5
"KRT171","KRT17",1,3.98316852770097,5
"PLIN41","PLIN4",5,3.24520330259403,5
"COL17A11","COL17A1",1,3.7443132865789,5
"ADIPOQ1","ADIPOQ",5,3.36135559873272,5
"S100A91","S100A9",2,2.40212644622356,5
"ELF31","ELF3",1,4.24249653061877,5
"COL8A11","COL8A1",2,3.751979312104,5
"COL6A61","COL6A6",5,3.50777983972069,5
"CLDN12","CLDN1",2,2.81096238381395,5
"TAT1","TAT",1,3.29732272686378,5
"PRG41","PRG4",5,2.80558037643091,5
"MMRN11","MMRN1",5,3.80001609193152,5
"CHI3L11","CHI3L1",2,2.54847614643057,5
"AREG1","AREG",1,2.53867789155286,5
"LINC008611","LINC00861",4,4.59195475958231,5
"WIF11","WIF1",1,2.80885069378916,5
"C71","C7",5,3.50415051465315,5
"ABCA101","ABCA10",5,4.29726317496509,5
"ZG16B1","ZG16B",1,4.23875947684084,5
"BANK11","BANK1",4,4.52215770450396,5
"WFDC21","WFDC2",1,4.03247616311721,5
"AKR1C21","AKR1C2",1,2.53645433162689,5
"NIBAN31","NIBAN3",4,4.46327331898417,5
"TIGIT1","TIGIT",4,4.48576940018447,5
"KRT71","KRT7",1,4.53822468833813,5
"LAMP31","LAMP3",4,3.97012187952191,5
"GFRA11","GFRA1",5,3.61236062211977,5
"SOCS31","SOCS3",5,3.15260409532839,5
"KIF26B1","KIF26B",2,3.82005336639054,5
"TNN1","TNN",5,3.35329578249787,5
"STC21","STC2",1,3.80056978230336,5
"GBP51","GBP5",4,4.0253879968346,5
"FREM11","FREM1",5,3.84284425854827,5
"APOC11","APOC1",2,2.665023508803,5
"POU2AF11","POU2AF1",4,4.11782534490284,5
"CILP21","CILP2",2,3.36540556316401,5
"EPCAM1","EPCAM",1,4.13049411502978,5
"PROM11","PROM1",1,3.28171941838098,5
"ECRG41","ECRG4",1,2.98115281864619,5
"S100P1","S100P",2,2.88822371921916,5
"SCN7A1","SCN7A",5,3.19622573522785,5
"ADAMDEC11","ADAMDEC1",4,3.84624851078091,5
"KLK51","KLK5",1,3.27558103787602,5
"SCGB3A11","SCGB3A1",1,3.72403149758605,5
"MZB11","MZB1",4,4.04170058367009,5
"RASD11","RASD1",5,3.2563637071926,5
"MAL21","MAL2",1,3.82366352073427,5
"LEPR1","LEPR",5,4.358856955208,5
"CD300LG1","CD300LG",5,3.69665333511542,5
"OGN1","OGN",5,4.53837347555789,5
"MKI671","MKI67",4,3.09488729551622,5
"ITGB61","ITGB6",1,3.38827121417745,5
"TCL1A1","TCL1A",4,4.31078487829726,5
"CD221","CD22",4,4.07949124665244,5
"ZBTB161","ZBTB16",5,3.11424317254368,5
"FCMR1","FCMR",4,4.59125056832758,5
"AL354740.11","AL354740.1",3,5.22228964167085,5
"TMEM59L1","TMEM59L",5,3.13749646568041,5
"G0S21","G0S2",5,2.49536839802408,5
"AC009107.21","AC009107.2",3,4.92859284051684,5
"C2CD4B1","C2CD4B",5,2.8594622308232,5
"IL321","IL32",2,2.97817411926737,5
"CXCL81","CXCL8",2,2.44075681069096,5
"STRA61","STRA6",5,3.04067756516025,5
"HSPB61","HSPB6",5,4.1246106991715,5
"STAC21","STAC2",1,4.02371964112817,5
"AL391097.31","AL391097.3",3,4.70126714913551,5
"NR4A21","NR4A2",5,2.4377385400092,5
"ADCYAP11","ADCYAP1",5,3.41292868804134,5
"CXCL21","CXCL2",5,2.26639974834662,5
"ANKRD36BP21","ANKRD36BP2",4,3.75588607214949,5
"MPV17L1","MPV17L",1,3.51029214041647,5
"IL4I11","IL4I1",4,2.86585072750085,5
"TNFRSF13C1","TNFRSF13C",4,4.33652139747883,5
"MT1A1","MT1A",5,3.08411801978358,5
"CHIT11","CHIT1",4,2.51091327431848,5
"TFF11","TFF1",1,2.64413120124385,5
"KIAA13241","KIAA1324",1,4.4660609456285,5
"RNU6-826P1","RNU6-826P",5,2.49859932346353,5
"ADAM331","ADAM33",5,4.65222800331227,5
"GPC61","GPC6",2,3.47590536837489,5
"PAX51","PAX5",4,4.3205349814374,5
"CLDN81","CLDN8",1,4.0904512492329,5
"CDH11","CDH1",1,4.75464994018437,5
"FABP71","FABP7",1,2.58541648083286,5
"TACSTD21","TACSTD2",1,4.68198327832573,5
"TOP2A1","TOP2A",4,2.80954820602734,5
"CCL131","CCL13",4,2.43860921967953,5
"MUC11","MUC1",1,4.31030027985777,5
"LAMC31","LAMC3",5,3.4401268182213,5
"DES1","DES",3,2.55762166566014,5
"APOD1","APOD",5,3.92398898855197,5
"RPS181","RPS18",2,2.76311435663661,5
"SOX111","SOX11",2,2.91579531902578,5
"RNU6-618P1","RNU6-618P",5,2.40678066051116,5
"IDO11","IDO1",4,3.66450735015821,5
"CFD1","CFD",5,3.94553144136974,5
"DSC31","DSC3",1,3.41988951680627,5
"LCK1","LCK",4,4.36975535716392,5
"PEG101","PEG10",1,2.45262572063981,5
"SAA11","SAA1",1,2.810167923301,5
"GALNT161","GALNT16",5,4.07632098411643,5
"LPL1","LPL",5,3.17089521691884,5
"MTND1P231","MTND1P23",3,2.09990079525616,5
"LAMP51","LAMP5",2,2.89553161806499,5
"KRT231","KRT23",2,2.62515124483969,5
"TFAP2A1","TFAP2A",1,4.55917168879646,5
"GZMK1","GZMK",4,4.05320199559515,5
"TRBC11","TRBC1",4,4.58170086054156,5
"MLPH1","MLPH",1,4.0317769932857,5
"GZMB1","GZMB",4,3.37638413775432,5
"CCN41","CCN4",2,3.45757686099719,5
"RPS261","RPS26",2,2.71489637174827,5
"TRAC1","TRAC",4,4.26901656467686,5
"SLAMF81","SLAMF8",4,3.18193639995091,5
"CYP2B7P1","CYP2B7P",1,2.79851083439055,5
"EIF5A1","EIF5A",2,3.18939046570115,5
"CHRDL11","CHRDL1",5,4.13912384787024,5
"LINC009261","LINC00926",4,3.77248754956441,5
"FASN1","FASN",1,3.79289414170097,5
"DIO21","DIO2",3,2.78608668755808,5
"CNTN11","CNTN1",5,3.68311327958519,5
"RELN1","RELN",5,3.72506082570149,5
"TMEM1581","TMEM158",2,3.34195956252713,5
"AARD1","AARD",2,2.57949845163034,5
"FAM30A1","FAM30A",4,3.88200596585464,5
"IGSF101","IGSF10",5,4.12978533671356,5
"CCL221","CCL22",4,3.08143809112361,5
"PDGFD1","PDGFD",5,3.96178909018193,5
"TRIM291","TRIM29",1,3.94082545843322,5
"P2RY101","P2RY10",4,4.22356854604624,5
"KLK71","KLK7",1,2.75192980479459,5
"RSAD21","RSAD2",2,2.76695584628631,5
"SPIB1","SPIB",4,4.34306255860714,5
"TPSB21","TPSB2",5,3.19401217899775,5
"CTSG1","CTSG",5,3.91594652641311,5
"PTGFR1","PTGFR",5,3.56032323425609,5
"HLF1","HLF",5,3.26016999323718,5
"SPINK81","SPINK8",1,3.29971903210537,5
"CD3D1","CD3D",4,4.18196869678407,5
"ABCA81","ABCA8",5,4.21790909547228,5
"MAB21L11","MAB21L1",5,3.78528600438585,5
"BTNL91","BTNL9",5,3.52337397320026,5
"ADAMTS81","ADAMTS8",5,3.48100660450662,5
"CCL3L31","CCL3L3",3,2.38448978969928,5
"TFCP2L11","TFCP2L1",1,3.21348323105893,5
"TFAP2C1","TFAP2C",1,3.98714673749068,5
"ABCA91","ABCA9",5,4.19908891402664,5
"IRF81","IRF8",4,3.58046248163785,5
"ADGRD21","ADGRD2",1,3.04454366436861,5
"GNLY1","GNLY",4,3.60268202351688,5
"MEDAG1","MEDAG",5,3.3438023176268,5
"IGLL51","IGLL5",4,2.92662110653824,5
"OSR11","OSR1",5,3.640146904767,5
"C15orf481","C15orf48",2,2.61888524902041,5
"RPL211","RPL21",2,2.45852521143742,5
"NQO11","NQO1",1,3.28175673128602,5
"MEOX11","MEOX1",5,3.79583299095932,5
"SNORC1","SNORC",1,3.23349798896518,5
"SOX101","SOX10",1,3.60936391726716,5
"ESM11","ESM1",2,3.00517029865702,5
"CD481","CD48",4,4.04572460704101,5
"PIM21","PIM2",4,3.82152977758535,5
"ISG201","ISG20",4,3.84829692188645,5
"IL1B1","IL1B",2,2.41734026454951,5
"HAS11","HAS1",2,2.34977977530387,5
"PER11","PER1",5,2.86312540936433,5
"CCL81","CCL8",5,2.42426588529298,5
"SERPINA51","SERPINA5",1,2.81976436677641,5
"DHCR241","DHCR24",1,3.91788307305747,5
"PLAUR1","PLAUR",2,3.53221612667898,5
"MT1X1","MT1X",1,2.39307295173737,5
"PLA2G2D1","PLA2G2D",4,4.02732451684233,5
"FCGBP1","FCGBP",3,2.41270802131392,5
"ZAP701","ZAP70",4,4.43242045672692,5
"CD191","CD19",4,4.17392868146095,5
"ESRP11","ESRP1",1,3.85203330353662,5
"MT1M1","MT1M",5,2.87836769255957,5
"SULF11","SULF1",2,3.61843094351988,5
"SYNM1","SYNM",1,3.69657769814838,5
"AC103591.31","AC103591.3",4,2.66724712646254,5
"TMEM1301","TMEM130",5,3.68820959717099,5
"FADS21","FADS2",1,2.5361450673786,5
"AQP31","AQP3",1,2.82938340622659,5
"SERPINE11","SERPINE1",2,3.09628083801092,5
"SLC11A11","SLC11A1",2,3.04191519146804,5
"NAPSB1","NAPSB",4,3.63105045646139,5
"FGF101","FGF10",5,3.95701174808458,5
"SPTBN11","SPTBN1",3,3.43886098535021,5
"PON31","PON3",1,2.64976946887089,5
"CCN31","CCN3",2,2.21022563055567,5
"ADM1","ADM",5,3.01585842906362,5
"RBP71","RBP7",5,3.16973130284904,5
"MAMDC21","MAMDC2",5,3.62901188056327,5
"CALML31","CALML3",1,3.02776300812201,5
"SERPINB51","SERPINB5",1,3.18171477625962,5
"OAS21","OAS2",4,3.17529570759253,5
"CENPF1","CENPF",4,2.60681698522348,5
"ASPM1","ASPM",4,2.67092450422,5
"MT2A1","MT2A",2,3.00186501965661,5
"KRT181","KRT18",1,4.59486381711406,5
"AGR31","AGR3",1,2.78857174896376,5
"SCD1","SCD",3,3.23392749986971,5
"CD381","CD38",4,3.87280601789023,5
"SRP91","SRP9",2,2.61263200434827,5
"COLGALT21","COLGALT2",5,3.180598208557,5
"SNORA2B1","SNORA2B",5,2.42010062441534,5
"PARP151","PARP15",4,4.10293566919023,5
"AQP51","AQP5",1,3.01159059512015,5
"FCER1A1","FCER1A",5,3.03704438928934,5
"KLF51","KLF5",1,3.13383608393625,5
"NUP2101","NUP210",4,3.60813642627847,5
"C1QTNF31","C1QTNF3",2,3.06623175301735,5
"VOPP11","VOPP1",2,2.96722797685622,5
"TRBC21","TRBC2",4,4.62601707367222,5
"ADH1C1","ADH1C",5,3.31240619335936,5
"MATN31","MATN3",2,3.30739966276247,5
"CRACR2B1","CRACR2B",1,4.33326960936971,5
"ZBP11","ZBP1",4,3.771375707397,5
"PLA2G71","PLA2G7",4,2.99815705700481,5
"THSD41","THSD4",5,3.30513802361701,5
"KLK61","KLK6",1,2.57736728209347,5
"IGHA11","IGHA1",5,2.89248174021367,5
"RPL10P91","RPL10P9",1,2.48425294121773,5
"ACKR11","ACKR1",5,3.98036627207122,5
"TMEM14C1","TMEM14C",2,2.69384886721665,5
"IER21","IER2",5,2.44614066632513,5
"SFN1","SFN",1,3.36953149633458,5
"ESR11","ESR1",1,2.88987466324635,5
"LAMB31","LAMB3",1,3.59773973460925,5
"DKK21","DKK2",5,3.15511201732186,5
"CCN51","CCN5",2,2.51870604489512,5
"RPS71","RPS7",2,2.63575496453342,5
"ZC3H12D1","ZC3H12D",4,3.86782080901427,5
"IRF41","IRF4",4,3.80432902698131,5
"AOX11","AOX1",5,3.3881974037651,5
"CACNA1G1","CACNA1G",5,3.65958709561701,5
"EPPK11","EPPK1",1,3.34932978961091,5
"OSR21","OSR2",5,3.10243574995539,5
"TNS41","TNS4",1,3.64362743765747,5
"SPRY21","SPRY2",5,3.71735580639042,5
"MIA1","MIA",1,3.29054221482236,5
"SPOCK21","SPOCK2",4,4.20967223661733,5
"TBC1D10C1","TBC1D10C",4,4.77412170209315,5
"LRRC171","LRRC17",5,3.66387321380102,5
"CD3E1","CD3E",4,4.33759237027734,5
"CH25H1","CH25H",5,3.36764373360778,5
"NEK101","NEK10",1,2.92237248042136,5
"DERL31","DERL3",4,3.3123962882702,5
"FCRL31","FCRL3",4,4.37125482128118,5
"SYT81","SYT8",1,3.72148249900994,5
"CD521","CD52",4,4.60791497932208,5
"RGS11","RGS1",4,2.69419909185548,5
"LIF1","LIF",2,2.18357805446126,5
"IRX11","IRX1",1,3.31071417667159,5
"GRHL11","GRHL1",1,3.63235848654756,5
"H2BC81","H2BC8",4,2.73067827338601,5
"ERBB31","ERBB3",1,4.61304130098374,5
"MAOB1","MAOB",1,3.0317909828542,5
"TK11","TK1",2,2.48312085654019,5
"PAMR11","PAMR1",5,3.26955737569131,5
"CA121","CA12",1,3.33596299702255,5
"ROCR1","ROCR",1,3.56899813574441,5
"PTN1","PTN",5,2.64315932109176,5
"C1QBP1","C1QBP",2,2.25145199638361,5
"PRSS81","PRSS8",1,3.8095477392611,5
"C3orf801","C3orf80",3,2.9595281505008,5
"KLHL131","KLHL13",1,3.09863145989109,5
"LGALS91","LGALS9",2,2.79213985023411,5
"CD61","CD6",4,4.45519985815436,5
"TREM21","TREM2",2,2.97230411106329,5
"MT-TK1","MT-TK",1,2.20449568891573,5
"NTRK21","NTRK2",1,3.39842545933757,5
"AP000892.41","AP000892.4",1,2.8102003518579,5
"CNN11","CNN1",1,2.9333992231042,5
"LAMC21","LAMC2",1,2.99645797059614,5
"P2RX51","P2RX5",4,4.02342991026361,5
"AC004687.11","AC004687.1",4,4.38798545559438,5
"AIM21","AIM2",4,3.8428198572705,5
"CD21","CD2",4,4.39061522985444,5
"FMO21","FMO2",5,3.32485206937007,5
"INMT1","INMT",5,3.54315160510349,5
"HMGA11","HMGA1",2,2.74810976844694,5
"RPS151","RPS15",2,2.50190823162577,5
"KIT1","KIT",1,2.93720703442523,5
"PPP1R1B1","PPP1R1B",1,3.204601118053,5
"ITGA111","ITGA11",2,3.18568286991696,5
"SP1401","SP140",4,4.42700056814571,5
"ITGBL11","ITGBL1",3,3.07378289443997,5
"ANGPTL41","ANGPTL4",5,2.87949722812992,5
"GDF151","GDF15",5,2.22205276842806,5
"GPX31","GPX3",5,3.49089172082148,5
"PRSS121","PRSS12",5,3.30127638560478,5
"GPRC5A1","GPRC5A",1,2.36920850239809,5
"PLAC81","PLAC8",4,4.06639005149482,5
"TAGAP1","TAGAP",4,3.78442905986355,5
"CPA31","CPA3",5,3.65859593257806,5
"FPR11","FPR1",2,2.67152252457755,5
"MCOLN21","MCOLN2",4,3.4579653270309,5
"ACAP11","ACAP1",4,4.28233182367671,5
"DSG11","DSG1",1,2.76777381399875,5
"MEOX21","MEOX2",5,3.51959242407745,5
"EHF1","EHF",1,3.95064783817399,5
"ANGPTL11","ANGPTL1",5,3.58300075460354,5
"SNX201","SNX20",4,3.93532557789143,5
"ITK1","ITK",4,3.806260896872,5
"TRMT9B1","TRMT9B",5,3.33260051508453,5
"EGFL61","EGFL6",2,2.3907086850204,5
"CXCL61","CXCL6",5,3.16183439626551,5
"C16orf891","C16orf89",5,3.44558071415689,5
"CD8A1","CD8A",4,3.66902511256823,5
"WNT21","WNT2",2,2.85439083701649,5
"LINC023621","LINC02362",4,3.18377541110422,5
"RPL31","RPL3",2,2.44912285713944,5
"GRP1","GRP",3,2.453676814457,5
"TYMS1","TYMS",2,2.65672289001432,5
"C1QTNF61","C1QTNF6",2,3.30152898253652,5
"ADAMTS41","ADAMTS4",2,2.75241962760622,5
"ITGB2-AS11","ITGB2-AS1",4,3.69891155778027,5
"CAVIN21","CAVIN2",5,3.95689628848701,5
"ADIRF1","ADIRF",5,3.77327693018507,5
"TNFAIP61","TNFAIP6",2,3.00637931935498,5
"CALHM61","CALHM6",4,3.12625040469711,5
"ELOVL71","ELOVL7",1,2.49303493493689,5
"GPM6B1","GPM6B",5,2.85605310347253,5
"TNFSF141","TNFSF14",4,2.94014872912057,5
"CD2471","CD247",4,3.84315640549984,5
"EFHD11","EFHD1",1,3.35315408933228,5
"TNC1","TNC",2,3.09850027401934,5
"GZMA1","GZMA",4,3.63479630441033,5
"SH2D1A1","SH2D1A",4,4.15451222323098,5
"TRIL1","TRIL",5,3.19468369943869,5
"DDIT41","DDIT4",2,2.61877774877873,5
"GAL1","GAL",5,2.31755962753522,5
"AUXG01000058.11","AUXG01000058.1",5,3.17333420581572,5
"CD2091","CD209",5,2.99238753122187,5
"CLEC10A1","CLEC10A",4,2.81736736898344,5
"AC011503.11","AC011503.1",5,3.07595631115051,5
"LGALS21","LGALS2",4,3.94909876995339,5
"FAM189A21","FAM189A2",1,3.54726864557028,5
"CD271","CD27",4,4.28618436381751,5
"IL7R1","IL7R",4,4.45706210496417,5
"COL9A31","COL9A3",3,2.25996819408605,5
"RDH101","RDH10",5,2.49642082267941,5
"F2RL21","F2RL2",5,2.94316682095627,5
"KIF121","KIF12",1,3.49503143981315,5
"NR4A11","NR4A1",5,3.00535598111836,5
"CX3CL11","CX3CL1",1,3.10734462828747,5
"SCUBE21","SCUBE2",1,3.06915921075985,5
"PPL1","PPL",5,2.95936345755222,5
"TRG-AS11","TRG-AS1",4,3.61622323755106,5
"SOX171","SOX17",5,3.23198062991737,5
"HGF1","HGF",5,3.78733870603402,5
"RNU5F-11","RNU5F-1",4,3.03020206155878,5
"CD1E1","CD1E",4,2.70071780053609,5
"SHROOM31","SHROOM3",1,4.46285009091043,5
"ATF31","ATF3",3,2.11319976944627,5
"FCRL21","FCRL2",4,3.78714591072212,5
"SNORD631","SNORD63",2,2.37667858944008,5
"LMNB11","LMNB1",4,2.79273159804275,5
"TPX21","TPX2",2,2.72562428655745,5
"RGS41","RGS4",3,2.52675288024422,5
"CHPF1","CHPF",2,3.59027998591416,5
"IRX51","IRX5",1,3.90741004932758,5
"GJA51","GJA5",2,2.98129220448768,5
"NKD21","NKD2",5,2.89578698211146,5
"ALDH1A11","ALDH1A1",5,3.98170404524873,5
"ARPC41","ARPC4",2,2.95937383874719,5
"TNFRSF171","TNFRSF17",4,2.998665778272,5
"Z82215.11","Z82215.1",3,4.44567529138854,5
"AL365361.11","AL365361.1",4,4.0023282642947,5
"PADI21","PADI2",1,3.4070917941214,5
"IGFBP21","IGFBP2",5,2.91871550500028,5
"BAMBI1","BAMBI",1,3.0208427419424,5
"IL2RB1","IL2RB",4,3.47812259777129,5
"CCL171","CCL17",4,2.67440497056793,5
"CCL4L21","CCL4L2",2,2.45563421985083,5
"MMP161","MMP16",5,3.62272137286798,5
"ASPN1","ASPN",3,3.25109621478768,5
"CAPN81","CAPN8",1,3.04070277192113,5
"FRZB1","FRZB",5,3.18478285774673,5
"PDZK1IP11","PDZK1IP1",1,3.56674630601549,5
"APOLD11","APOLD1",5,2.94591179698529,5
"CDKN2B1","CDKN2B",2,2.90636533871113,5
"RBP41","RBP4",5,2.82399995140492,5
"CD3G1","CD3G",4,4.12620105889093,5
"LRRN4CL1","LRRN4CL",5,3.77531838613002,5
"SLC7A21","SLC7A2",5,3.84138524197997,5
"KLK101","KLK10",1,2.78936283812059,5
"IL21R1","IL21R",4,3.50796942561726,5
"KLF41","KLF4",5,3.41352407851488,5
"SRPX1","SRPX",5,3.67386845220582,5
"SLC12A81","SLC12A8",2,3.02978166496196,5
"NEURL1B1","NEURL1B",5,3.41135935779629,5
"CD79B1","CD79B",4,4.05739656877456,5
"SCML41","SCML4",4,3.47175793916036,5
"PKP11","PKP1",1,2.85889729491151,5
"CELF41","CELF4",5,2.46104341439171,5
"NLRC31","NLRC3",4,3.86348841380427,5
"DSG21","DSG2",1,3.21541449277816,5
"PLEKHS11","PLEKHS1",1,3.75647522217416,5
"ME11","ME1",3,2.80376130777323,5
"LINC023971","LINC02397",4,3.77684524818055,5
"GREM21","GREM2",5,3.62074934597303,5
"RUNX21","RUNX2",2,2.80294537814511,5
"OAS31","OAS3",2,2.59054523815611,5
"ARFGEF31","ARFGEF3",1,3.62055565865223,5
"FZD10-AS11","FZD10-AS1",5,3.61523464229796,5
"PLPP21","PLPP2",1,3.82191673352279,5
"TRAF3IP31","TRAF3IP3",4,4.56923669251963,5
"CDH31","CDH3",1,2.93183952107396,5
"SPHK11","SPHK1",2,3.24016080438094,5
"CDKN2A1","CDKN2A",2,3.01235084037796,5
"PTGDS1","PTGDS",4,3.41991058243229,5
"DHCR71","DHCR7",1,3.0217742830056,5
"SLC7A31","SLC7A3",5,3.13238342646867,5
"SNX101","SNX10",4,2.9734510792489,5
"HSPA1B1","HSPA1B",3,2.33836625309861,5
"TFEC1","TFEC",4,3.19123548847843,5
"SNORA131","SNORA13",1,2.50530109921028,5
"IKZF31","IKZF3",4,4.45523760106501,5
"APOBEC3A1","APOBEC3A",4,2.28888563167901,5
"SRD5A11","SRD5A1",1,2.7634664158331,5
"VIPR21","VIPR2",5,3.22664370898778,5
"ST141","ST14",1,2.72681837527189,5
"CHST11","CHST1",2,2.25124791844209,5
"PLP11","PLP1",5,3.46138016570585,5
"GPIHBP11","GPIHBP1",5,3.55004035441814,5
"TMC81","TMC8",4,4.30174189749484,5
"RPL18A1","RPL18A",1,2.47914750511785,5
"SOX91","SOX9",1,3.45303598790758,5
"TSPAN81","TSPAN8",1,2.2214426474432,5
"PGR1","PGR",1,2.70348150103496,5
"CARD111","CARD11",4,3.96956801979626,5
"MIAT1","MIAT",4,3.27853921512532,5
"TLR101","TLR10",4,3.37799940481301,5
"FIBIN1","FIBIN",5,2.66846351734756,5
"MDFI1","MDFI",2,3.15165593152509,5
"APCDD11","APCDD1",5,3.20550356982186,5
"CRABP21","CRABP2",5,2.75384814792967,5
"CCL31","CCL3",4,2.15946436643064,5
"FCGR2A1","FCGR2A",2,3.01816092593637,5
"H2BC211","H2BC21",1,2.76279217197968,5
"CA21","CA2",2,2.62728794077008,5
"SDS1","SDS",2,2.97014630882302,5
"EPYC1","EPYC",2,3.01405053332628,5
"NPY1R1","NPY1R",1,2.81462230032864,5
"HOXD91","HOXD9",5,3.34655943526246,5
"RSPO31","RSPO3",5,3.53010856295331,5
"PTTG11","PTTG1",2,2.63346050163168,5
"ECEL11","ECEL1",5,2.68328768037183,5
"SPCS21","SPCS2",2,2.58035598970065,5
"GALNT51","GALNT5",3,3.31288368271193,5
"ST6GAL21","ST6GAL2",2,3.01860498614029,5
"LILRB41","LILRB4",4,2.92307601100516,5
"LIPE1","LIPE",5,3.3128992871241,5
"DUSP21","DUSP2",4,2.96734941149238,5
"CD71","CD7",4,3.6131940901526,5
"GRHL21","GRHL2",1,3.82294623852658,5
"NOVA11","NOVA1",5,4.19813794227584,5
"CYTOR1","CYTOR",2,3.11835278610487,5
"AC012349.11","AC012349.1",5,2.3947548996673,5
"ISG151","ISG15",2,2.61773348619452,5
"ADAM81","ADAM8",4,2.89933467081712,5
"AC119673.31","AC119673.3",3,2.24122420598715,5
"RTKN21","RTKN2",4,3.13251066313388,5
"IRF61","IRF6",1,3.74278016084149,5
"ADAMTS9-AS21","ADAMTS9-AS2",5,3.31911112657245,5
"GPD11","GPD1",5,3.01838889802349,5
"UNC5B1","UNC5B",2,3.42785860288074,5
"ITGB71","ITGB7",4,3.84195291271975,5
"HDC1","HDC",5,3.33131914008911,5
"SLAMF71","SLAMF7",4,3.64723149176365,5
"KCNA11","KCNA1",5,3.15689327271377,5
"MPZL21","MPZL2",1,2.66349489659433,5
"TENM11","TENM1",5,3.00593985456298,5
"PROX11","PROX1",5,3.03590642394663,5
"PRLR1","PRLR",1,3.4826336625006,5
"ID21","ID2",2,2.46697086230876,5
"CCL41","CCL4",4,2.41937155523404,5
"MGST11","MGST1",1,3.32453934715474,5
"MFAP51","MFAP5",3,3.12863925400001,5
"TENT5C1","TENT5C",4,3.76909646730815,5
"SPOCK11","SPOCK1",2,3.04249508299197,5
"CNTFR1","CNTFR",5,3.63626326912966,5
"MYBL21","MYBL2",4,2.89294465499678,5
"TWIST21","TWIST2",5,3.93928291325437,5
"PCDH191","PCDH19",5,3.4940184212426,5
"PWWP3B1","PWWP3B",5,2.63859433411626,5
"FPR31","FPR3",2,2.85147806362483,5
"UBE2C1","UBE2C",2,2.92522904100167,5
"MTND3P101","MTND3P10",3,2.3066877959077,5
"MAPT1","MAPT",1,3.55436653345263,5
"MEX3A1","MEX3A",2,2.44211753860233,5
"SUSD31","SUSD3",4,3.25263067515155,5
"AMPD11","AMPD1",5,2.90581360776351,5
"CCR21","CCR2",4,2.99548573537071,5
"CP1","CP",1,1.9904501214005,5
"STC11","STC1",2,2.40968562163504,5
"ACKR31","ACKR3",5,2.78548676514071,5
"HLA-DOB1","HLA-DOB",4,3.79277515383238,5
"STMN21","STMN2",3,2.40546553839498,5
"LRFN51","LRFN5",5,3.40010661175365,5
"PTHLH1","PTHLH",1,2.23778700994602,5
"THRSP1","THRSP",3,2.416275032973,5
"DAPP11","DAPP1",4,3.55982241508622,5
"PLEKHH21","PLEKHH2",5,3.58381005817222,5
"BIN21","BIN2",4,3.334422931317,5
"NEBL1","NEBL",1,3.68447863557467,5
"PDE3B1","PDE3B",4,3.64983466488551,5
"MAP4K11","MAP4K1",4,3.80788295625447,5
"CD831","CD83",4,3.09625805692197,5
"RAB251","RAB25",1,3.5756123257755,5
"SLC7A51","SLC7A5",2,2.8178030328107,5
"CR11","CR1",4,3.03578912858674,5
"PLAU1","PLAU",2,3.4097172548145,5
"RASAL31","RASAL3",4,3.75247542199112,5
"GALNT31","GALNT3",1,3.55008180205866,5
"NRG11","NRG1",1,3.13036377542788,5
"SUMO21","SUMO2",2,2.71411115589315,5
"NCF21","NCF2",2,2.54480549077662,5
"ZNF4691","ZNF469",2,2.99069138986734,5
"HEYL1","HEYL",2,2.64220927521159,5
"SCARNA91","SCARNA9",4,2.28731825695537,5
"TUBB2B1","TUBB2B",1,2.93479163342855,5
"EGLN31","EGLN3",3,2.69418460636019,5
"NECTIN41","NECTIN4",1,3.13160983166824,5
"EVA1A1","EVA1A",2,2.68581516127049,5
"TNFRSF13B1","TNFRSF13B",4,3.80303445985688,5
"ENPP11","ENPP1",2,2.86928155058378,5
"CD371","CD37",4,4.04820480706065,5
"CCL51","CCL5",4,3.87096049858105,5
"RHOF1","RHOF",4,3.92743777461577,5
"RFLNA1","RFLNA",2,2.70916522929476,5
"GPR1711","GPR171",4,3.66710961244904,5
"UCHL11","UCHL1",2,2.83037572756847,5
"HVCN11","HVCN1",4,3.28851662355716,5
"PTPN61","PTPN6",4,3.64399974615798,5
"NPR31","NPR3",3,2.65572856337416,5
"MOXD11","MOXD1",2,2.77061488214737,5
"BCL11A1","BCL11A",4,3.7020303090038,5
"CRLF11","CRLF1",2,2.40385359765275,5
"KCNN41","KCNN4",4,2.95586827873098,5
"CMPK21","CMPK2",2,2.52361476181466,5
"CD961","CD96",4,4.04506164241274,5
"CD1C1","CD1C",4,2.91785310894313,5
"LCN21","LCN2",1,2.95682228030434,5
"STUM1","STUM",5,3.2801707367589,5
"HSH2D1","HSH2D",4,3.78604402776322,5
"TUBA1C1","TUBA1C",2,3.25849975373809,5
"FMO51","FMO5",1,3.05234427745885,5
"PLN1","PLN",2,2.87317839623959,5
"EDNRB1","EDNRB",5,3.79768142810903,5
"SLCO2A11","SLCO2A1",5,2.50687704855621,5
"DMKN1","DMKN",1,3.15547822246501,5
"RHOH1","RHOH",4,3.77675696413522,5
"LRP21","LRP2",1,3.13388315125145,5
"SCO21","SCO2",2,2.73950725383532,5
"IL17RD1","IL17RD",5,3.02820266936756,5
"FCN11","FCN1",4,2.84945700731762,5
"CTHRC11","CTHRC1",2,3.4478875839629,5
"FAM184A1","FAM184A",5,3.33541695400066,5
"MASP11","MASP1",5,3.24048775121251,5
"RGMA1","RGMA",5,3.46303370492039,5
"CD721","CD72",4,3.62006313751398,5
"GDF101","GDF10",5,3.47081298590905,5
"PDGFRL1","PDGFRL",5,3.95945338985869,5
"FAM107A1","FAM107A",5,3.22902254079175,5
"SLC2A51","SLC2A5",4,2.52207183364163,5
"AIF1L1","AIF1L",1,2.88460889418852,5
"MYBPC11","MYBPC1",1,3.03768041988546,5
"FCRL11","FCRL1",4,3.69376494873378,5
"SAE11","SAE1",2,2.76690908155031,5
"SERTAD41","SERTAD4",1,2.69910068663052,5
"BIRC51","BIRC5",2,2.33938659087601,5
"LINC010881","LINC01088",1,2.60916045416405,5
"CHI3L21","CHI3L2",4,2.26554408497051,5
"CD51","CD5",4,3.82755468423643,5
"MIR155HG1","MIR155HG",4,3.07311472577603,5
"AP003497.21","AP003497.2",4,3.19375655362684,5
"ITGAX1","ITGAX",4,2.91753656395069,5
"KRT161","KRT16",2,2.95011218045202,5
"DGAT21","DGAT2",2,2.08114438069886,5
"GSTM31","GSTM3",5,2.9932536677604,5
"CACHD11","CACHD1",5,2.6850802272482,5
"GPR1831","GPR183",4,3.34907762281169,5
"ZNF6831","ZNF683",4,3.02470071503753,5
"SLC34A21","SLC34A2",1,2.96085719022874,5
"GAREM11","GAREM1",5,3.08407559178006,5
"GAL3ST41","GAL3ST4",2,2.9456591541421,5
"GPR1741","GPR174",4,3.50643203861421,5
"GBP41","GBP4",4,3.09932527529037,5
"MS4A21","MS4A2",5,3.41325654617337,5
"ITGAL1","ITGAL",4,4.21768162195296,5
"INHBB1","INHBB",5,2.64917258724288,5
"TENM21","TENM2",5,2.31874257753508,5
"DUSP41","DUSP4",1,2.73275104322036,5
"PDE2A1","PDE2A",5,3.57235449781431,5
"CCL111","CCL11",2,2.56019707960054,5
"PHLDA21","PHLDA2",2,2.9623918240468,5
"GPR681","GPR68",2,2.97305485418708,5
"RAMP11","RAMP1",3,2.23469407035322,5
"CXADR1","CXADR",1,3.27396720403936,5
"ANO91","ANO9",4,3.48554145177781,5
"AC003681.11","AC003681.1",4,2.33157758739512,5
"MIR3351","MIR335",5,3.33496112258792,5
"FGF11","FGF1",5,2.27506181420537,5
"TPSAB11","TPSAB1",5,2.80491367204363,5
"CLDN71","CLDN7",1,3.43702806179539,5
"GVINP11","GVINP1",4,3.82299344027571,5
"ALDH1A21","ALDH1A2",5,3.38718341553683,5
"BICDL11","BICDL1",4,3.80447717075288,5
"LAMA31","LAMA3",1,2.82864694632923,5
"CPNE51","CPNE5",4,3.49147619209754,5
"BDKRB21","BDKRB2",5,3.02719133211617,5
"BMP41","BMP4",5,3.51924431411342,5
"KERA1","KERA",5,3.27069015199855,5
"CENPE1","CENPE",4,2.54113920979191,5
"GCH11","GCH1",4,2.44403814626949,5
"SVEP11","SVEP1",5,4.03947339252817,5
"IQCN1","IQCN",5,2.8795199501712,5
"CPB11","CPB1",5,2.33875432239919,5
"LY91","LY9",4,3.5764863599904,5
"NPNT1","NPNT",3,2.47494926376059,5
"LTBP41","LTBP4",5,3.36127241891274,5
"GATA21","GATA2",5,3.23537594602881,5
"SAA21","SAA2",1,2.26326876872311,5
"LINC012351","LINC01235",1,2.48305800289136,5
"FCER21","FCER2",4,3.46415736312083,5
"EGR31","EGR3",5,2.47803109182451,5
"RPL61","RPL6",3,2.00404154037444,5
"MACC11","MACC1",1,2.56880089195994,5
"BTLA1","BTLA",4,4.02618891751006,5
"TCEA11","TCEA1",2,2.54358238655628,5
"TRAF11","TRAF1",4,3.35129651231514,5
"TPD52L11","TPD52L1",1,3.25365838857619,5
"CXCR31","CXCR3",4,3.41521355824889,5
"CDH21","CDH2",2,2.81840597871035,5
"SUGCT1","SUGCT",2,3.08168714156646,5
"BLK1","BLK",4,4.0924389542582,5
"RASGRP11","RASGRP1",4,3.93426569140534,5
"MMP191","MMP19",5,3.00635188196857,5
"IL181","IL18",4,2.91116076543798,5
"PYHIN11","PYHIN1",4,3.72894094735724,5
"ANXA31","ANXA3",1,3.33064149686563,5
"EVI2A1","EVI2A",4,2.87467307147293,5
"CLEC5A1","CLEC5A",2,3.16304331471312,5
"LIMD21","LIMD2",4,3.77910889802571,5
"RBP51","RBP5",4,3.57004153554657,5
"GALNT151","GALNT15",5,2.65024003214422,5
"AQP91","AQP9",2,2.47274073381377,5
"SLAMF11","SLAMF1",4,3.7862413742559,5
"EDN11","EDN1",5,2.48085898340885,5
"CMA11","CMA1",5,3.36776912675059,5
"ADAM191","ADAM19",2,2.6150793263563,5
"DSC21","DSC2",2,2.63523735018479,5
"ITGA71","ITGA7",5,3.47110180602304,5
"TESPA11","TESPA1",4,3.59569522642031,5
"L1TD11","L1TD1",5,2.75155891956744,5
"ITGB41","ITGB4",1,3.18862358921057,5
"S100A71","S100A7",3,2.31983239601029,5
"SBDS1","SBDS",2,2.0780962347633,5
"NTN41","NTN4",1,3.21287097809028,5
"COL4A51","COL4A5",1,2.90385718138375,5
"CHMP51","CHMP5",2,2.68864515078893,5
"CNTN41","CNTN4",5,2.8402249379694,5
"CLDN111","CLDN11",5,3.18063210197984,5
"MSMO11","MSMO1",1,2.4820403542142,5
"ERRFI11","ERRFI1",1,2.494632601432,5
"TUBB4B1","TUBB4B",2,2.67313561560105,5
"ARL17B1","ARL17B",5,2.33190026380963,5
"CYFIP21","CYFIP2",4,3.687659353961,5
"AC037198.11","AC037198.1",3,2.31884217091575,5
"MX11","MX1",4,2.83808673599442,5
"HMOX11","HMOX1",2,2.7376098012005,5
"SEMA3G1","SEMA3G",5,3.34596817558558,5
"LAD11","LAD1",1,2.70879627917205,5
"FHOD31","FHOD3",2,2.36145249803322,5
"RARRES11","RARRES1",2,2.11157084823862,5
"SIGLEC11","SIGLEC1",2,2.36337244348126,5
"PLOD21","PLOD2",2,3.13079358034026,5
"RIPOR21","RIPOR2",4,4.08232585391381,5
"H4C81","H4C8",1,2.63426262288852,5
"NEDD81","NEDD8",2,2.73568280704207,5
"CACNA1D1","CACNA1D",5,2.8765508541772,5
"IFIT31","IFIT3",2,2.51713032488263,5
"TMEM132A1","TMEM132A",2,2.73790956080709,5
"CADM31","CADM3",5,2.72837931845988,5
"AK51","AK5",1,2.87377063281876,5
"NKG71","NKG7",4,3.45690373105475,5
"CRYAB1","CRYAB",1,2.87463648525928,5
"IGSF31","IGSF3",1,2.55987441193223,5
"CFAP691","CFAP69",5,3.36202377390482,5
"FGF71","FGF7",5,3.31009478223796,5
"LIFR1","LIFR",5,3.8670028198175,5
"CKS21","CKS2",2,2.6952597020981,5
"SH2D2A1","SH2D2A",4,2.58554112927148,5
"ABRACL1","ABRACL",2,2.45460383880173,5
"DLL11","DLL1",5,2.56507822747671,5
"LINC025111","LINC02511",5,2.95189925303231,5
"AC005224.21","AC005224.2",4,2.97421699719325,5
"SLC16A31","SLC16A3",2,3.25479445083624,5
"AL031282.11","AL031282.1",3,3.0202231896703,5
"TTYH11","TTYH1",1,2.58373587471477,5
"ALDH1B11","ALDH1B1",2,3.36871709657811,5
"BMP8A1","BMP8A",2,3.08832306998218,5
"PAPPA1","PAPPA",5,2.68437386539895,5
"AACS1","AACS",1,3.02047797387683,5
"S1PR41","S1PR4",4,3.82653783311365,5
"CYTIP1","CYTIP",4,3.85962938732293,5
"PCED1B-AS11","PCED1B-AS1",4,4.14115939160872,5
"DPP41","DPP4",5,2.74531663882463,5
"MEIS11","MEIS1",5,3.39526457554796,5
"NOX41","NOX4",2,2.91353218977241,5
"SHANK21","SHANK2",1,3.40953318441732,5
"FCGR1A1","FCGR1A",2,2.8139866932105,5
"THEMIS1","THEMIS",4,3.83831150252,5
"WDFY41","WDFY4",4,3.41190801805979,5
"IL2RG1","IL2RG",4,4.2786509772155,5
"GSN-AS11","GSN-AS1",3,4.34360357547275,5
"KIAA1549L1","KIAA1549L",2,2.45928683116026,5
"CCDC261","CCDC26",5,2.19068800151476,5
"FMO11","FMO1",5,3.33215303257483,5
"IRX31","IRX3",1,4.07131596641895,5
"GXYLT21","GXYLT2",3,3.11185172444279,5
"CLSTN21","CLSTN2",5,3.10963751663542,5
"NR2F11","NR2F1",5,4.22338959136969,5
"CDK11","CDK1",2,2.53967245722265,5
"CD1771","CD177",3,2.51371944101848,5
"GATA31","GATA3",1,3.76367700498185,5
"RYR31","RYR3",5,2.83406584005318,5
"HMGB31","HMGB3",2,2.73212607557651,5
"GHR1","GHR",5,2.87238037684764,5
"ALPL1","ALPL",5,2.91953033343915,5
"AL078595.11","AL078595.1",3,4.53005425496922,5
"PID11","PID1",5,3.43091441827316,5
"CAMK41","CAMK4",4,3.62397111181278,5
"ANKRD221","ANKRD22",4,2.44179306928323,5
"WNT5A1","WNT5A",2,2.44710761389771,5
"CD361","CD36",5,3.75049174133945,5
"RASSF61","RASSF6",1,3.04465765295586,5
"SELP1","SELP",5,2.95041149192389,5
"RERG1","RERG",5,2.83696963318278,5
"VPREB31","VPREB3",4,3.84872799334242,5
"TNRC6C-AS11","TNRC6C-AS1",4,3.59336202365057,5
"KCNE41","KCNE4",2,2.39072342322288,5
"P4HA31","P4HA3",2,3.06529397527956,5
"KANK41","KANK4",2,2.78422607093523,5
"BCL2A11","BCL2A1",4,3.0770563167068,5
"SEZ6L21","SEZ6L2",1,2.65352811041287,5
"PHYHD11","PHYHD1",5,3.10766692631275,5
"SLC1A31","SLC1A3",2,2.73637795491918,5
"KRT82","KRT8",1,3.32134635532178,5
"PTGIS1","PTGIS",3,2.75086374819993,5
"LILRB51","LILRB5",5,3.05413776058199,5
"OMD1","OMD",5,3.12727538028639,5
"CD691","CD69",4,3.64904294490133,5
"BICDL21","BICDL2",1,3.45505725468563,5
"KLRB11","KLRB1",4,3.45887923883363,5
"RNPEP1","RNPEP",2,2.55814521743614,5
"NPL1","NPL",2,2.59648285886104,5
"IL2RA1","IL2RA",4,2.55225123078222,5
"AKR1B11","AKR1B1",2,2.82240117890033,5
"GRAP21","GRAP2",4,3.71299653753987,5
"LAX11","LAX1",4,3.34158885493893,5
"MATN21","MATN2",5,3.48461130827895,5
"C16orf541","C16orf54",4,3.81806370080984,5
"TLR21","TLR2",2,2.62138206952861,5
"GPAM1","GPAM",5,2.7022684932224,5
"HERC51","HERC5",4,2.53176081258458,5
"ZNF8311","ZNF831",4,3.61021747255155,5
"WWC11","WWC1",1,3.49576117410666,5
"SAMD51","SAMD5",5,2.95697115892481,5
"ADGRD11","ADGRD1",5,3.19312632379791,5
"IRF71","IRF7",4,3.08800901931242,5
"FGFR21","FGFR2",1,2.68940630776618,5
"PKP31","PKP3",1,3.4972524946525,5
"HPN1","HPN",1,3.35568239998016,5
"SERINC21","SERINC2",1,3.55750541349613,5
"TNFRSF181","TNFRSF18",4,2.75979609156966,5
"TMEM132C1","TMEM132C",5,3.43531818058645,5
"CST71","CST7",4,3.28933358835182,5
"CBLN41","CBLN4",5,2.75450997483718,5
"GPC11","GPC1",2,2.97979642352054,5
"CILP1","CILP",3,2.98775067510189,5
"PTCH21","PTCH2",5,2.80722747628064,5
"TRIM91","TRIM9",5,3.04934581604106,5
"ICOS1","ICOS",4,3.45232686518137,5
"MIR3142HG1","MIR3142HG",4,3.19160869095209,5
"TNFRSF211","TNFRSF21",5,2.71090339701159,5
"TRABD2A1","TRABD2A",4,3.49028157897075,5
"SYT11","SYT1",5,3.00962988504997,5
"MAFF1","MAFF",5,2.60703522027914,5
"EZH21","EZH2",4,2.79990965902504,5
"CXCR41","CXCR4",4,3.45519897820267,5
"TFPI21","TFPI2",5,2.34283757813599,5
"LOXL21","LOXL2",2,3.05867424394502,5
"SCNN1A1","SCNN1A",1,3.64697132031207,5
"GRB71","GRB7",1,3.57822083099764,5
"MT-TV1","MT-TV",2,2.49765177404946,5
"H2BC51","H2BC5",1,2.84773139696086,5
"PDE7B1","PDE7B",5,3.22775456042632,5
"MICAL21","MICAL2",2,3.2660024038076,5
"TP631","TP63",1,3.13950219333086,5
"SOCS11","SOCS1",4,2.62272700396576,5
"TMEM63B1","TMEM63B",2,2.62393746193839,5
"OLA11","OLA1",2,2.24463661068043,5
"SLC19A21","SLC19A2",5,2.27764411817242,5
"IGSF61","IGSF6",4,2.69776302101744,5
"SYBU1","SYBU",5,2.48310955344412,5
"FAXDC21","FAXDC2",5,3.22678185233115,5
"PRRG31","PRRG3",5,3.467684156515,5
"PARVG1","PARVG",4,3.27809208058296,5
"F31","F3",2,2.26424334159072,5
"CLDN51","CLDN5",5,3.83926392055008,5
"C21","C2",2,2.54412792699099,5
"ICAM11","ICAM1",2,2.59892543784622,5
"ISM11","ISM1",5,2.93031668880739,5
"CLSPN1","CLSPN",4,2.6781363991313,5
"FAM110D1","FAM110D",5,3.2602776283741,5
"RTP41","RTP4",4,2.44497535205552,5
"IFIT21","IFIT2",2,2.25953848786447,5
"PFKFB31","PFKFB3",2,2.49970266108813,5
"MIR22HG1","MIR22HG",5,2.40013786774694,5
"SLC22A31","SLC22A3",5,2.55695607896638,5
"RASGRP21","RASGRP2",4,3.78416634961928,5
"ABLIM31","ABLIM3",5,2.91482681716577,5
"ATP13A41","ATP13A4",1,3.46432289066763,5
"PSTPIP11","PSTPIP1",4,3.73271085993357,5
"AC092279.21","AC092279.2",1,2.41376348952609,5
"CCT81","CCT8",2,2.39863475514043,5
"SEC14L21","SEC14L2",1,2.78674061904073,5
"FBP11","FBP1",1,2.4939630667546,5
"PDK41","PDK4",5,3.65481447218755,5
"KCNMB11","KCNMB1",1,2.49392532564196,5
"LRRC261","LRRC26",1,3.64137905605993,5
"GAPT1","GAPT",4,2.96595015707313,5
"AFMID1","AFMID",1,3.11031247878154,5
"CSRNP11","CSRNP1",5,2.60356923166435,5
"MEI11","MEI1",4,3.51377230493465,5
"NAMPT1","NAMPT",2,2.25283293781949,5
"MT-TP1","MT-TP",3,2.70942595129839,5
"GADD45G1","GADD45G",1,2.31837039604727,5
"CYP4X11","CYP4X1",1,2.52549412657292,5
"AFF31","AFF3",1,2.96479214513966,5
"AKR1C31","AKR1C3",5,3.02830948483142,5
"CTLA41","CTLA4",4,3.28348057162031,5
"FMO31","FMO3",5,2.20048294136643,5
"FAM83H1","FAM83H",1,3.13861265571987,5
"SNAI11","SNAI1",2,2.78567116850875,5
"ACACB1","ACACB",5,3.36066649993746,5
"PDLIM41","PDLIM4",2,2.48191795188428,5
"DCXR1","DCXR",1,2.84457380161953,5
"IGDCC41","IGDCC4",5,2.95018440078729,5
"AC144530.11","AC144530.1",3,4.13889083764083,5
"SLC2A11","SLC2A1",1,2.34254338705567,5
"HLA-DOA1","HLA-DOA",4,2.69225438373827,5
"CLEC4E1","CLEC4E",4,2.27618160862286,5
"EAF21","EAF2",4,3.11086542069165,5
"SYNDIG11","SYNDIG1",2,3.20640115888575,5
"SLA21","SLA2",4,3.5431750496574,5
"SNX221","SNX22",4,3.211460720173,5
"ARNTL21","ARNTL2",2,2.75036219229766,5
"NGFR1","NGFR",5,2.79638586367989,5
"RRM21","RRM2",4,2.71641845538949,5
"AC093908.11","AC093908.1",3,2.48230731549054,5
"POLR2M1","POLR2M",5,2.24433320190585,5
"LINC012521","LINC01252",1,2.49726832502673,5
"BCL11B1","BCL11B",4,4.07837971994623,5
"MYH111","MYH11",1,3.07451540002163,5
"CDON1","CDON",5,3.40212895405199,5
"LY751","LY75",4,3.50236278877273,5
"RGS21","RGS2",2,2.57634820205168,5
"ANKRD36B1","ANKRD36B",3,2.17316296153803,5
"RNF19B1","RNF19B",2,2.72522093869863,5
"FHL11","FHL1",5,3.85201110726793,5
"CEP551","CEP55",4,2.62653081806283,5
"AP1M21","AP1M2",1,3.67653400414842,5
"JPT11","JPT1",2,2.7877326781666,5
"AL031595.21","AL031595.2",4,2.24140663551036,5
"CD2261","CD226",4,3.33807465702076,5
"MIR503HG1","MIR503HG",5,2.61184499199372,5
"PTK71","PTK7",2,3.19370733531873,5
"PTPN221","PTPN22",4,3.29590282276698,5
"C1orf1161","C1orf116",1,3.66211762752008,5
"ANLN1","ANLN",2,2.55841330083216,5
"NRG21","NRG2",1,2.58576240164067,5
"RHEB1","RHEB",2,2.85108273701602,5
"HOPX1","HOPX",2,2.42539742266385,5
"EPHB21","EPHB2",3,2.83278775149231,5
"ALOX5AP1","ALOX5AP",2,2.6388299546096,5
"PROM21","PROM2",1,3.84048200695472,5
"SEMA3D1","SEMA3D",5,2.96286635753055,5
"MEIS31","MEIS3",5,2.4931423881533,5
"CHRD1","CHRD",5,3.36575359350741,5
"RIC31","RIC3",4,2.73290227958649,5
"MARC11","MARC1",1,2.45673671680089,5
"COL8A21","COL8A2",2,3.1375838349559,5
"TBX181","TBX18",5,3.64139746645196,5
"C6orf1411","C6orf141",5,2.58166228464304,5
"CADM3-AS11","CADM3-AS1",5,3.17847147264765,5
"SLC38A51","SLC38A5",4,2.70280910373515,5
"EN11","EN1",2,2.8358333312328,5
"FBN21","FBN2",2,2.24932575473994,5
"IGFBP61","IGFBP6",5,3.77746639827743,5
"SIT11","SIT1",4,3.76443166885532,5
"S100B1","S100B",1,2.21688090681427,5
"PSMB91","PSMB9",4,3.13500337989755,5
"BMPR1B1","BMPR1B",3,2.57424611597734,5
"LLGL21","LLGL2",1,2.63191904094477,5
"ARHGAP151","ARHGAP15",4,3.68416998212356,5
"LUCAT11","LUCAT1",2,2.16583532194526,5
"FKBP41","FKBP4",1,2.8610782588095,5
"MMP251","MMP25",4,2.98142251472461,5
"EFNA11","EFNA1",1,2.61905693905776,5
"FBXO21","FBXO2",1,3.03216507508465,5
"IL1RN1","IL1RN",2,2.40222881794942,5
"RBM381","RBM38",4,3.1143376343917,5
"CKB1","CKB",5,2.51449327361712,5
"PI4KA1","PI4KA",2,2.35142080956279,5
"UNC93B11","UNC93B1",2,2.59521324007589,5
"DPT1","DPT",5,3.42806664349402,5
"PTPRD1","PTPRD",2,2.41863776585836,5
"MCOLN31","MCOLN3",5,2.60937057274185,5
"PRKCQ-AS11","PRKCQ-AS1",4,3.57371254562695,5
"TRIM591","TRIM59",3,2.44580933230038,5
"PTPN71","PTPN7",4,3.92337056693604,5
"TMEM1561","TMEM156",4,3.36068459693775,5
"TRO1","TRO",5,2.81240627822424,5
"MSR11","MSR1",2,3.02128034588709,5
"KIAA11431","KIAA1143",5,2.29914257642636,5
"MME1","MME",5,2.53167856609154,5
"IFIT11","IFIT1",2,2.04381437709096,5
"COX5A1","COX5A",2,2.60517773483513,5
"DDR11","DDR1",1,3.72014049953357,5
"PIK3CD1","PIK3CD",4,3.10531829873858,5
"GREM11","GREM1",3,2.71003593215208,5
"DIO3OS1","DIO3OS",5,3.23005343244259,5
"IFI44L1","IFI44L",4,2.77496055053947,5
"IRX21","IRX2",1,3.33770790394386,5
"MRPL491","MRPL49",1,2.08219368788448,5
"STEAP11","STEAP1",2,2.55342553096705,5
"CLEC12A1","CLEC12A",2,2.14824128322892,5
"MN11","MN1",2,2.39670470324776,5
"EOMES1","EOMES",4,3.57177289226268,5
"PNP1","PNP",2,2.53316734567885,5
"MYB1","MYB",1,2.46684472518494,5
"ZNF4831","ZNF483",5,3.09946164938685,5
"ARHGAP91","ARHGAP9",4,3.36786903728957,5
"AL136164.31","AL136164.3",5,2.57482537871372,5
"MYO1G1","MYO1G",4,3.55412850838538,5
"RGS181","RGS18",4,2.48651674218792,5
"TACC31","TACC3",4,2.95481600639771,5
"PCED1B1","PCED1B",4,3.47801417750773,5
"KANK31","KANK3",5,2.95371676760525,5
"ADAMTS151","ADAMTS15",5,3.20053746232651,5
"ADCYAP1R11","ADCYAP1R1",5,3.39528631135251,5
"NDC801","NDC80",4,2.45587964426997,5
"NME11","NME1",2,2.89666805282998,5
"PCLO1","PCLO",1,3.4887332780854,5
"AC124319.11","AC124319.1",3,2.77343350044978,5
"EDNRA1","EDNRA",2,2.58155602729296,5
"NR1D11","NR1D1",5,2.24217576953376,5
"ZNRD11","ZNRD1",2,2.35245462256004,5
"CITED41","CITED4",1,3.05831429070111,5
"H2AW1","H2AW",1,2.34640250657116,5
"CNKSR21","CNKSR2",5,2.83510492230478,5
"EGFLAM1","EGFLAM",5,3.57333543519305,5
"CD1801","CD180",4,2.96771740303331,5
"ACOT21","ACOT2",2,2.43450852112367,5
"AC080038.21","AC080038.2",5,2.53171157778234,5
"MAOA1","MAOA",5,2.59092963167653,5
"C5orf461","C5orf46",2,3.05282853067912,5
"OLFML2B1","OLFML2B",2,3.30516620065158,5
"SLAMF61","SLAMF6",4,3.7806077805288,5
"SPN1","SPN",4,3.87505268012531,5
"PTPRT1","PTPRT",1,2.95616774631369,5
"SPOCD11","SPOCD1",2,3.1048975028248,5
"HBEGF1","HBEGF",5,2.38771649162787,5
"VIPR11","VIPR1",1,2.7408338157587,5
"NCF41","NCF4",4,2.85427750312022,5
"RASEF1","RASEF",1,3.24852169344258,5
"F81","F8",5,3.01654136581864,5
"SORBS11","SORBS1",5,2.78634422529886,5
"SHISA21","SHISA2",3,2.44528867316195,5
"SLC18A21","SLC18A2",5,2.87174687494925,5
"PTH1R1","PTH1R",5,2.97192256572135,5
"FOXC11","FOXC1",2,2.67681184700651,5
"OLFM21","OLFM2",5,2.64669557501975,5
"ITGB81","ITGB8",1,2.53376115475828,5
"SMIM261","SMIM26",2,2.23862313465349,5
"PELI21","PELI2",5,2.90214562104153,5
"DOCK21","DOCK2",4,3.55349386901575,5
"PCDH91","PCDH9",5,2.65563651268008,5
"CAB39L1","CAB39L",1,2.54787560546006,5
"PTAFR1","PTAFR",2,2.40718562302151,5
"H2AC61","H2AC6",1,3.01967576211984,5
"CRISPLD11","CRISPLD1",1,2.68829651621666,5
"CMYA51","CMYA5",1,2.85570416570709,5
"HOXA91","HOXA9",5,2.18732072983853,5
"GREB11","GREB1",5,2.43399458309094,5
"RAMP31","RAMP3",5,2.68454074799633,5
"PASK1","PASK",4,3.1145007454001,5
"CEROX11","CEROX1",5,2.55253730547656,5
"SMIM221","SMIM22",1,3.72052165996038,5
"HOXA31","HOXA3",5,2.35198360729096,5
"CTSW1","CTSW",4,3.27510565195304,5
"AC006160.11","AC006160.1",3,3.37971804311276,5
"FGD31","FGD3",4,3.29642996286036,5
"DYNLT11","DYNLT1",2,2.56643909490654,5
"TMEM1281","TMEM128",5,2.23720033285196,5
"KRTCAP31","KRTCAP3",1,2.5832111072349,5
"CAPG1","CAPG",2,2.63760375789341,5
"CXCR2P11","CXCR2P1",4,3.36917499562389,5
"CD531","CD53",4,3.31212497641979,5
"LGI41","LGI4",5,3.20422402673388,5
"PEG31","PEG3",5,2.98902782922963,5
"SCGB1A11","SCGB1A1",3,2.34527133451968,5
"CARMIL21","CARMIL2",4,3.8319081480006,5
"PDK11","PDK1",4,3.20625270599076,5
"OAT1","OAT",2,2.69435458702463,5
"PLXNA41","PLXNA4",5,3.050651645105,5
"LYPLAL1-AS11","LYPLAL1-AS1",5,2.90146405534905,5
"MBOAT21","MBOAT2",1,2.659691994238,5
"SERPINA11","SERPINA1",3,2.37094494408809,5
"SH3BGRL21","SH3BGRL2",5,2.8735477003312,5
"LYPD31","LYPD3",1,3.03315493420808,5
"PKIB1","PKIB",2,2.22135670525991,5
"C1QTNF71","C1QTNF7",3,2.60290152508405,5
"HPRT11","HPRT1",2,2.48417930909442,5
"LINC014361","LINC01436",3,2.49468698120849,5
"HSPA21","HSPA2",1,2.03986212869718,5
"CPXM11","CPXM1",5,2.99032924056822,5
"PPIF1","PPIF",2,2.31766094263229,5
"STAP11","STAP1",4,3.35558679694588,5
"RIPOR31","RIPOR3",5,3.02606281426422,5
"HAVCR21","HAVCR2",2,2.81411145198763,5
"RNF1501","RNF150",5,2.40408436501692,5
"NEDD4L1","NEDD4L",1,3.43608233327808,5
"ATOX11","ATOX1",2,2.79450903039633,5
"ARHGAP191","ARHGAP19",5,2.36536884870105,5
"SCG21","SCG2",2,2.51533511350532,5
"AF001548.31","AF001548.3",1,2.65497575568317,5
"IQANK11","IQANK1",1,2.97924212304864,5
"P3H21","P3H2",5,2.69517157365779,5
"FER1L41","FER1L4",4,2.63998887544668,5
"SCRG11","SCRG1",3,2.345376277591,5
"PILRA1","PILRA",2,2.85572603043882,5
"LAG31","LAG3",4,3.0206120682545,5
"SLC39A141","SLC39A14",2,2.7624407468437,5
"DGKI1","DGKI",2,2.73915037591678,5
"ABCA71","ABCA7",4,3.33968170919935,5
"CX3CR11","CX3CR1",2,2.06789525937117,5
"TNNI21","TNNI2",1,3.03827461016128,5
"GSDME1","GSDME",5,2.85204673177604,5
"FOXP21","FOXP2",5,3.03333618965765,5
"AC040160.11","AC040160.1",5,2.84387505800942,5
"GCNT21","GCNT2",1,2.76911669651879,5
"CSPG41","CSPG4",2,2.84119255046887,5
"DACH11","DACH1",5,2.52249717648313,5
"PDE1C1","PDE1C",1,2.76612542933348,5
"TBRG41","TBRG4",2,2.59010463551029,5
"TPPP31","TPPP3",5,2.84712703185355,5
"ARRDC21","ARRDC2",4,2.25771214765716,5
"GPR1321","GPR132",4,3.2443322492817,5
"ARHGAP281","ARHGAP28",5,2.87760731259607,5
"KNL11","KNL1",4,2.71528988648513,5
"ANKRD291","ANKRD29",5,3.09802696825043,5
"HERC2P31","HERC2P3",5,2.63291915000087,5
"GARNL31","GARNL3",5,2.95138842367475,5
"PEAR11","PEAR1",5,3.57583452231993,5
"RGS161","RGS16",2,2.57890467813888,5
"DTX41","DTX4",2,2.30813539576186,5
"PYCR11","PYCR1",2,2.79882373735218,5
"MARVELD31","MARVELD3",1,3.24530363836487,5
"ADCY71","ADCY7",4,2.62271890325384,5
"PCDH171","PCDH17",2,2.67455662503892,5
"GALNT61","GALNT6",1,2.62255691667041,5
"AC093535.21","AC093535.2",5,2.83471495781528,5
"CSF3R1","CSF3R",2,2.36964999014119,5
"SLFN12L1","SLFN12L",4,3.27055699904987,5
"LRRN31","LRRN3",5,2.81327663778805,5
"RUNX31","RUNX3",4,3.59492338035578,5
"SMCO41","SMCO4",2,2.58287052865905,5
"ADAM281","ADAM28",4,3.31202608704517,5
"SPSB11","SPSB1",2,2.78062382302797,5
"SCN3A1","SCN3A",5,2.84700949002616,5
"COL4A41","COL4A4",4,3.09477208303751,5
"DENND1C1","DENND1C",4,3.58944600228946,5
"IPCEF11","IPCEF1",4,3.18160817668828,5
"HAND21","HAND2",5,3.09417887796,5
"PNPLA71","PNPLA7",5,2.88710140559546,5
"RNF144B1","RNF144B",1,2.493125670632,5
"MEST1","MEST",5,3.05641253946244,5
"HILPDA1","HILPDA",2,2.38244451355756,5
"NTM1","NTM",2,2.86409654581845,5
"TNFSF41","TNFSF4",2,2.64489195154674,5
"PPP1R1A1","PPP1R1A",1,2.27045934287173,5
"TMEM1001","TMEM100",5,3.03840177657571,5
"TNFRSF12A1","TNFRSF12A",2,3.0486606193407,5
"COL7A11","COL7A1",5,2.68919234837408,5
"PIK3R51","PIK3R5",4,2.88706472622378,5
"THRB1","THRB",5,3.11631438579086,5
"GMDS1","GMDS",2,2.44538615791614,5
"AC103740.11","AC103740.1",5,2.09464330351015,5
"PRKD11","PRKD1",5,2.53284980890719,5
"C11orf211","C11orf21",4,3.08358958309473,5
"SGIP11","SGIP1",2,2.81835901032358,5
"CA41","CA4",5,2.60395058802163,5
"GTF3C61","GTF3C6",2,2.77675800440374,5
"FBXO451","FBXO45",3,2.71349690454369,5
"SEPTIN11","SEPTIN1",4,3.72791064755186,5
"SERTAD11","SERTAD1",5,2.46113341283335,5
"AXIN21","AXIN2",5,3.10017282034566,5
"ECSCR1","ECSCR",5,3.2761856425652,5
"HAND2-AS11","HAND2-AS1",5,3.39404244528793,5
"MYO5C1","MYO5C",1,2.68510078667956,5
"UBE2M1","UBE2M",2,2.62528981284942,5
"B4GALNT41","B4GALNT4",1,2.36789248665806,5
"PCDHB161","PCDHB16",5,3.00467000404437,5
"LRRC8D1","LRRC8D",4,2.24859181415561,5
"NTRK11","NTRK1",5,2.7304582250747,5
"SCIMP1","SCIMP",4,3.20882543628525,5
"NTRK31","NTRK3",1,2.47062952912305,5
"MRPS261","MRPS26",2,2.47633135541825,5
"BCAT11","BCAT1",2,3.00760410528974,5
"ABHD111","ABHD11",1,3.15163518213366,5
"RBP11","RBP1",2,2.25261764977943,5
"DOK31","DOK3",4,2.85361423178124,5
"P2RY131","P2RY13",4,2.5570218692461,5
"HSPA81","HSPA8",2,2.36229765777683,5
"AMIGO21","AMIGO2",1,2.92449936816196,5
"PCOLCE21","PCOLCE2",5,2.8980522263317,5
"KYNU1","KYNU",4,2.37231386681434,5
"KMO1","KMO",4,2.76133434819571,5
"COPZ21","COPZ2",2,2.82402750328615,5
"PXYLP11","PXYLP1",5,2.48670551742366,5
"CDH131","CDH13",2,2.50241414962321,5
"SOX2-OT1","SOX2-OT",5,2.173429268693,5
"KCNMB41","KCNMB4",5,3.00690797524283,5
"WNK21","WNK2",1,3.26327289038228,5
"KIF21B1","KIF21B",4,3.51660123398933,5
"SHROOM11","SHROOM1",2,2.29739071352991,5
"PRRX21","PRRX2",5,3.05255446683742,5
"PPARG1","PPARG",5,2.86547371286238,5
"ANKRD44-IT11","ANKRD44-IT1",4,3.46466452828112,5
"CDCA71","CDCA7",4,2.3789376485475,5
"NRARP1","NRARP",2,2.61076543493042,5
"TOMM401","TOMM40",2,2.5340361116484,5
"UBASH3A1","UBASH3A",4,3.6038359443173,5
"SOX71","SOX7",5,2.84545532721709,5
"BMP71","BMP7",5,2.47804455442728,5
"SFRP11","SFRP1",5,3.268227419442,5
"FLT41","FLT4",5,2.52025298842434,5
"GPR41","GPR4",2,2.4675315237835,5
"SLC17A91","SLC17A9",4,2.62552902206232,5
"MCCC11","MCCC1",1,2.7091233063621,5
"APLN1","APLN",2,2.69350381897055,5
"DEF61","DEF6",4,3.69713267151911,5
"TEF1","TEF",5,3.12246818802411,5
"GPC41","GPC4",2,2.42509812023948,5
"H2BC19P1","H2BC19P",4,2.37446464202232,5
"ANOS11","ANOS1",5,2.56481656400607,5
"TENM31","TENM3",3,2.59102574652943,5
"SLC9A3-AS11","SLC9A3-AS1",1,2.37756180461377,5
"S1PR31","S1PR3",2,2.22111595905283,5
"C5AR11","C5AR1",2,2.50779295377751,5
"LAMA21","LAMA2",5,3.82251791576728,5
"NAT11","NAT1",3,2.27824224973303,5
"RNF131","RNF13",3,2.82094236794113,5
"ATP1B21","ATP1B2",5,3.31749392260263,5
"MT-CO21","MT-CO2",2,2.57291926437769,5
"ENPP51","ENPP5",5,2.39898963534006,5
"CHRM3-AS21","CHRM3-AS2",4,3.49125369094737,5
"MEG81","MEG8",5,3.50245708766181,5
"MT-TM1","MT-TM",5,2.45455322992396,5
"Z97192.31","Z97192.3",4,2.99169371596015,5
"TMEM45A1","TMEM45A",2,2.79262072191858,5
"SCN4B1","SCN4B",5,2.93611633845798,5
"SLC7A11","SLC7A1",2,2.32246201435128,5
"RNF1811","RNF181",2,2.6692914412953,5
"TMEM14B1","TMEM14B",2,2.19191924546371,5
"CCR51","CCR5",4,2.95289407759497,5
"CSTA1","CSTA",2,2.08390975314761,5
"LEF11","LEF1",2,2.43165173964866,5
"GCA1","GCA",2,2.07917612009473,5
"PCDH181","PCDH18",5,3.82036451705728,5
"BLNK1","BLNK",4,3.29471927124134,5
"BATF1","BATF",4,2.96279067465099,5
"KCNJ81","KCNJ8",5,2.47048848989853,5
"FAM13C1","FAM13C",5,3.3583013354812,5
"SORT11","SORT1",2,2.81494814339382,5
"CMTM71","CMTM7",2,2.34094386250025,5
"REEP61","REEP6",1,3.31909503335749,5
"DUSP51","DUSP5",4,2.6600555323362,5
"CCZ11","CCZ1",2,2.38612742180301,5
"THSD11","THSD1",5,2.69915540254425,5
"ADAMTS91","ADAMTS9",5,3.03698159384337,5
"LARGE21","LARGE2",1,2.8723661372039,5
"CYBA1","CYBA",4,2.9385124403279,5
"FGR1","FGR",4,2.77718918202722,5
"ERBB21","ERBB2",1,3.31453860924055,5
"SOX181","SOX18",5,2.91305603947699,5
"BCAP311","BCAP31",2,2.33421650841998,5
"CDR2L1","CDR2L",2,2.53845155019392,5
"RND11","RND1",1,2.26895268035617,5
"KIF221","KIF22",4,2.40555745596508,5
"AK41","AK4",1,2.62117338403468,5
"PODNL11","PODNL1",2,2.54388708634295,5
"SPON11","SPON1",2,2.89024775952695,5
"SYCP21","SYCP2",1,2.65564692593304,5
"SPAG41","SPAG4",4,2.57834635524735,5
"PATL21","PATL2",4,3.37406898082187,5
"RFX81","RFX8",5,2.86761015119444,5
"EPSTI11","EPSTI1",4,3.14379321607527,5
"PLEKHG51","PLEKHG5",5,2.7798214767485,5
"P4HA21","P4HA2",2,2.82174169555591,5
"PRKCB1","PRKCB",4,4.1882247547799,5
"CHMP4C1","CHMP4C",1,2.8807143441268,5
"AL034397.31","AL034397.3",4,2.41474123582956,5
"DDX411","DDX41",2,2.62510809065456,5
"RUBCNL1","RUBCNL",4,2.72442699352389,5
"NLGN4X1","NLGN4X",3,2.41303465385682,5
"SLC25A271","SLC25A27",5,2.69281974369056,5
"PERP1","PERP",1,3.78548906364963,5
"MRPS30-DT1","MRPS30-DT",1,2.12730307393022,5
"AC005046.11","AC005046.1",3,2.75157761451418,5
"GGH1","GGH",2,2.41619289093853,5
"LINC011971","LINC01197",5,2.83740862473682,5
"CHL11","CHL1",5,2.61820353295445,5
"CGNL11","CGNL1",1,2.45697756880147,5
"ICAM31","ICAM3",4,3.63792947367568,5
"PRDM81","PRDM8",5,2.91685914903176,5
"SLITRK41","SLITRK4",3,2.31576615282031,5
"NTN11","NTN1",5,2.35496782557967,5
"FCRLA1","FCRLA",4,3.57501986964371,5
"TUBA4A1","TUBA4A",4,2.7832447630676,5
"AP002026.11","AP002026.1",5,2.71227945690214,5
"OCIAD21","OCIAD2",4,2.38501838589578,5
"PITX11","PITX1",1,2.28778014377268,5
"GNAI11","GNAI1",5,2.39510346807317,5
"EGFR1","EGFR",5,2.73853131630863,5
"SEM11","SEM1",2,2.6278514990204,5
"PLAC91","PLAC9",5,3.59460925294157,5
"P3H41","P3H4",2,2.9334464815391,5
"GPR341","GPR34",3,2.46372367654774,5
"NID21","NID2",2,2.71146862506822,5
"PGD1","PGD",2,2.52754373273818,5
"TM6SF11","TM6SF1",2,2.58151575952267,5
"TMEM2301","TMEM230",2,2.45824674456034,5
"ITGA21","ITGA2",1,2.93606954189203,5
"ZNF6801","ZNF680",3,2.11274639889134,5
"TMC41","TMC4",1,3.38979161226646,5
"CHCHD21","CHCHD2",2,2.62617111491549,5
"RTN11","RTN1",3,2.05736093145425,5
"IL1RAP1","IL1RAP",2,2.48214373549798,5
"RBX11","RBX1",2,2.45891323284876,5
"GMIP1","GMIP",4,3.04402739515063,5
"FEN11","FEN1",2,2.36225720929145,5
"CASP31","CASP3",2,2.38074755867334,5
"GOLGA2P51","GOLGA2P5",1,2.85653145447937,5
"DMD1","DMD",1,2.9066311377738,5
"DTX21","DTX2",2,2.42558337723638,5
"MANSC11","MANSC1",1,2.64413001225665,5
"RCC11","RCC1",2,2.44466291081033,5
"PTPRF1","PTPRF",1,3.755018526377,5
"LRATD11","LRATD1",2,2.24595422276211,5
"AL355816.21","AL355816.2",4,3.67598997066107,5
"SF3B41","SF3B4",2,2.14358734242765,5
"AL591895.11","AL591895.1",4,2.15299120679301,5
"TMEM45B1","TMEM45B",1,2.73505846809723,5
"ENPEP1","ENPEP",5,3.06340548940182,5
"MTATP6P11","MTATP6P1",1,2.2187748653571,5
"CD861","CD86",3,2.89799502705663,5
"MAPRE11","MAPRE1",2,2.46925728544432,5
"CELSR11","CELSR1",1,2.59907167760947,5
"LPXN1","LPXN",4,3.39874690837533,5
"KDELR31","KDELR3",2,2.76218990921363,5
"NLGN11","NLGN1",5,3.38325916208309,5
"C21orf59-TCP10L1","C21orf59-TCP10L",5,2.30985000557642,5
"C3AR11","C3AR1",2,2.53069397639009,5
"IGSF91","IGSF9",1,3.07545349078541,5
"AC073869.11","AC073869.1",2,2.16773022895852,5
"SERTAD4-AS11","SERTAD4-AS1",2,2.3869531597223,5
"ATP1A21","ATP1A2",5,2.55632587574803,5
"SASH31","SASH3",4,3.81038523757126,5
"C1orf2261","C1orf226",1,2.32233311636837,5
"LDLRAD31","LDLRAD3",2,2.19629550958776,5
"LRMP1","LRMP",4,3.58982782054296,5
"AL139393.31","AL139393.3",2,2.6451845292757,5
"MREG1","MREG",1,2.64551519300738,5
"DSP1","DSP",1,3.9877578644667,5
"ITPKC1","ITPKC",5,2.42426161852097,5
"ACSM31","ACSM3",1,2.57116340478781,5
"ARHGEF371","ARHGEF37",1,3.29217971897116,5
"PLEKHO21","PLEKHO2",2,2.63930345859935,5
"UBE2E31","UBE2E3",2,2.4631583968458,5
"GZMM1","GZMM",4,3.60806544847359,5
"Z97200.11","Z97200.1",5,2.76823159260313,5
"RAI21","RAI2",5,3.08320558151495,5
"WAKMAR21","WAKMAR2",4,2.82969441337021,5
"ST8SIA11","ST8SIA1",4,3.07783186492677,5
"PCNA1","PCNA",2,2.67650311618364,5
"NUS11","NUS1",2,2.06815552607815,5
"CYP27C11","CYP27C1",5,2.21153274874399,5
"DCLK11","DCLK1",5,3.78923133527121,5
"IGF2BP21","IGF2BP2",2,2.11781635277891,5
"FAM110A1","FAM110A",1,2.47490443557383,5
"DAAM21","DAAM2",5,3.33534844411913,5
"IL331","IL33",5,3.71073128968253,5
"PER31","PER3",5,3.00435439646306,5
"ADAMTS121","ADAMTS12",2,2.72073616950168,5
"DNM11","DNM1",5,3.3816733195355,5
"IFFO21","IFFO2",1,2.38093664583171,5
"PER21","PER2",5,2.68552048995922,5
"MEMO11","MEMO1",4,2.2452314539366,5
"ZNF4711","ZNF471",5,2.53861130749705,5
"ENC11","ENC1",3,2.68993745165294,5
"CRY21","CRY2",5,2.68420222834792,5
"CADPS1","CADPS",5,2.05490455028615,5
"LILRB21","LILRB2",3,2.46386543496136,5
"MAT2A1","MAT2A",2,2.51296763620075,5
"KCND21","KCND2",5,2.60607493784596,5
"SYTL11","SYTL1",4,3.35931537952255,5
"ACACA1","ACACA",1,2.72243408803219,5
"SLC6A61","SLC6A6",2,2.93769266630516,5
"ABCA61","ABCA6",5,3.87096105260137,5
"SPATA61","SPATA6",5,3.0414320969432,5
"LRATD21","LRATD2",1,2.42325198988547,5
"CLCF11","CLCF1",5,2.3002924035893,5
"MXD11","MXD1",2,2.18148586190111,5
"MTCYBP131","MTCYBP13",3,2.97840068510398,5
"DAPK11","DAPK1",2,2.3529957086138,5
"CC2D2B1","CC2D2B",5,2.864222750756,5
"PPP1R14B1","PPP1R14B",2,3.0246379481951,5
"HSD11B21","HSD11B2",1,2.30936094735157,5
"FRRS1L1","FRRS1L",5,3.01082638119635,5
"SIRPG1","SIRPG",4,3.57985974970981,5
"USB11","USB1",2,2.44737559442141,5
"KLK41","KLK4",3,2.85826884842628,5
"TMEM1441","TMEM144",5,2.51231656006457,5
"KIF231","KIF23",2,2.37805777029085,5
"LTB4R1","LTB4R",4,2.1135258886015,5
"TRNP11","TRNP1",1,2.49273807876531,5
"AP001528.21","AP001528.2",5,3.10915554412921,5
"CXorf211","CXorf21",4,2.85166844217659,5
"KLF151","KLF15",5,2.67548315971009,5
"TCEAL71","TCEAL7",5,3.2472576261155,5
"GPR1461","GPR146",5,2.9803501198819,5
"MIRLET7BHG1","MIRLET7BHG",5,2.79371999054442,5
"FGF21","FGF2",5,2.98992205364955,5
"DCK1","DCK",4,2.62657654656661,5
"AC122718.11","AC122718.1",5,2.13403347995978,5
"FKBP111","FKBP11",4,2.56482073526592,5
"RPS6KA11","RPS6KA1",4,2.76887331074144,5
"CIDEC1","CIDEC",5,2.8831127509681,5
"GPRASP11","GPRASP1",5,2.86174321403451,5
"FAM133CP1","FAM133CP",5,2.91160564170142,5
"LGR41","LGR4",3,2.20639914109931,5
"WDR861","WDR86",5,3.04153384714203,5
"NELL21","NELL2",4,3.47940435834816,5
"PRKAA21","PRKAA2",1,2.66434201731349,5
"SEMA6D1","SEMA6D",5,2.74053257979464,5
"H1-31","H1-3",4,3.01605116139257,5
"CMTM41","CMTM4",1,2.28266299852261,5
"XG1","XG",2,2.38137768740888,5
"CDCP11","CDCP1",2,2.64688033057918,5
"AMPD31","AMPD3",4,2.86282085878047,5
"RNU6-1016P1","RNU6-1016P",3,2.33278649855156,5
"SS18L21","SS18L2",2,2.16568855926824,5
"G6PD1","G6PD",1,2.32698535788272,5
"LILRB11","LILRB1",4,3.1898591642763,5
"GRAP1","GRAP",4,3.02458971438251,5
"COL13A11","COL13A1",2,2.72326674970864,5
"RAB27B1","RAB27B",1,3.00340458963429,5
"F101","F10",5,3.44700969106439,5
"SKAP11","SKAP1",4,3.45468058455739,5
"MARCO1","MARCO",4,2.21193832822148,5
"SERPINI11","SERPINI1",5,2.17179577107775,5
"SCN2A1","SCN2A",1,2.40415061276917,5
"GABRE1","GABRE",5,2.36691167581119,5
"MRGPRF1","MRGPRF",5,3.1174316537686,5
"CREB3L11","CREB3L1",2,3.00045826143741,5
"NR2F1-AS11","NR2F1-AS1",5,3.36105776750326,5
"RHOJ1","RHOJ",5,3.65927093130749,5
"NPR11","NPR1",5,3.58628436572061,5
"UBE2T1","UBE2T",2,2.52981611128339,5
"HAS21","HAS2",5,2.40841518753246,5
"TMEM1541","TMEM154",4,3.04714605615323,5
"NDNF1","NDNF",5,2.60566374585679,5
"PRIMPOL1","PRIMPOL",5,2.22498120794801,5
"AIDA1","AIDA",5,2.37385393746552,5
"TMOD11","TMOD1",5,3.0071202242779,5
"PPP1R14A1","PPP1R14A",1,2.44031992195991,5
"DTD11","DTD1",2,2.28466691092285,5
"HSPE11","HSPE1",2,2.38154031618723,5
"AC022034.11","AC022034.1",1,2.55123649316939,5
"TCF71","TCF7",4,3.97681722601766,5
"CLCA21","CLCA2",1,2.73221443304478,5
"LHX61","LHX6",5,3.17742728269389,5
"MERTK1","MERTK",2,2.28715561768723,5
"NDRG21","NDRG2",1,2.7806564460902,5
"MAP2K41","MAP2K4",2,2.24418618504405,5
"TPO1","TPO",5,3.13221691084889,5
"CCR11","CCR1",2,2.46249780746333,5
"SMS1","SMS",2,2.61389207560964,5
"NCEH11","NCEH1",4,2.51614795138707,5
"GPRASP21","GPRASP2",5,2.86847327423566,5
"EXPH51","EXPH5",5,2.50635214825274,5
"AC006330.11","AC006330.1",3,3.10926521109561,5
"PMAIP11","PMAIP1",3,2.46795674489059,5
"SNCG1","SNCG",5,3.19937110626637,5
"SAP301","SAP30",2,2.35287265034658,5
"KCNJ21","KCNJ2",3,2.58587133531616,5
"PDLIM31","PDLIM3",1,2.61675238331001,5
"LACTB21","LACTB2",3,2.13915367280197,5
"PDE10A1","PDE10A",5,3.0022774118602,5
"AC093157.11","AC093157.1",4,2.24943083374692,5
"GK1","GK",2,2.3601353388998,5
"SRD5A31","SRD5A3",1,2.1797466270447,5
"ZNF8751","ZNF875",1,2.28434823832909,5
"CFI1","CFI",5,2.8375552681184,5
"SLC22A51","SLC22A5",1,2.43935163279392,5
"SEMA7A1","SEMA7A",2,2.48039416451008,5
"PLXNB11","PLXNB1",1,2.94153024647073,5
"MCM41","MCM4",2,2.49040768974378,5
"PPP1R16B1","PPP1R16B",4,3.14558892485495,5
"MAD2L11","MAD2L1",2,2.37197092418836,5
"AOAH1","AOAH",4,2.68560333308145,5
"UBTD11","UBTD1",2,2.75468625885257,5
"FAM180A1","FAM180A",5,2.62300668508002,5
"TDRP1","TDRP",5,2.27496410676128,5
"SEMA3F1","SEMA3F",2,2.57028263419625,5
"MRPS171","MRPS17",1,1.99656138325282,5
"OAS11","OAS1",4,2.79426851823851,5
"RASGEF1B1","RASGEF1B",4,2.24776059577223,5
"C1orf211","C1orf21",5,3.13525799988148,5
"TPTEP11","TPTEP1",1,2.74168922287614,5
"HIGD1A1","HIGD1A",2,2.73119650982766,5
"KLHDC7B1","KLHDC7B",4,2.86563503180421,5
"CRY11","CRY1",2,2.34664226926622,5
"EREG1","EREG",5,2.06444572469172,5
"CCZ1B1","CCZ1B",2,2.17692816213226,5
"LMO71","LMO7",2,2.58800668837997,5
"BTBD101","BTBD10",2,2.34225067467049,5
"GPR1761","GPR176",2,2.76127673057795,5
"GMFB1","GMFB",2,2.66356704426532,5
"SLA1","SLA",4,3.18600232049945,5
"TF1","TF",1,2.55792900679674,5
"PDE9A1","PDE9A",5,2.57671441759754,5
"VSIG41","VSIG4",5,2.60039671541042,5
"TPST11","TPST1",5,2.59039586683661,5
"RAPGEF31","RAPGEF3",5,3.37259430658423,5
"UEVLD1","UEVLD",3,2.03479236543137,5
"SORBS21","SORBS2",1,3.03791106860127,5
"CMBL1","CMBL",5,2.50966859415271,5
"SNRPG1","SNRPG",2,2.40280542019054,5
"NPAS21","NPAS2",3,2.31643764961667,5
"SAMSN11","SAMSN1",4,3.05802655561045,5
"OASL1","OASL",4,2.61666022993014,5
"CNTROB1","CNTROB",2,2.47931818964563,5
"SLC1A41","SLC1A4",4,2.12195457045356,5
"NBEA1","NBEA",5,3.13791968508534,5
"GPR1601","GPR160",1,2.36520709666002,5
"TMEM255B1","TMEM255B",5,2.53189528984776,5
"SCG51","SCG5",5,2.51248326149634,5
"KCNK11","KCNK1",1,2.39852603848756,5
"SEMA4B1","SEMA4B",1,2.529212533801,5
"FAM198B-AS11","FAM198B-AS1",3,2.52937179669025,5
"NEK81","NEK8",4,2.94171135239941,5
"ADA1","ADA",2,2.4611052061853,5
"HOMER21","HOMER2",1,2.72065180679293,5
"SELENOM1","SELENOM",2,2.81456692015513,5
"ALDH1A31","ALDH1A3",5,2.05657005453049,5
"HELLS1","HELLS",4,2.65049183459655,5
"AGTR11","AGTR1",5,3.09016349608759,5
"RAC21","RAC2",4,4.02026268850804,5
"GPR1531","GPR153",5,2.82581700348074,5
"ZNF4361","ZNF436",5,3.15998242628471,5
"FAM131A1","FAM131A",5,2.27664487542629,5
"HSF21","HSF2",5,2.52801142967106,5
"PAK31","PAK3",5,2.8168131353551,5
"SFXN41","SFXN4",1,2.20994822287386,5
"NBEAL21","NBEAL2",4,2.76424302427001,5
"IKZF11","IKZF1",4,3.7811443594372,5
"JCHAIN1","JCHAIN",4,2.89214252778032,5
"JAK31","JAK3",4,3.70197809776829,5
"BDNF-AS1","BDNF-AS",1,2.20877826376141,5
"CA81","CA8",1,2.79950592234823,5
"STX111","STX11",4,2.37346337659179,5
"TPD521","TPD52",1,2.82234047639498,5
"PGM51","PGM5",5,3.15957375518764,5
"CEP170B1","CEP170B",1,2.61497582840307,5
"C17orf581","C17orf58",5,2.55357024771132,5
"MT-TS21","MT-TS2",5,2.50139695602168,5
"ARHGAP271","ARHGAP27",4,2.45511424182147,5
"HSPA4L1","HSPA4L",5,2.3652198305875,5
"MT-TH1","MT-TH",5,2.61859152560488,5
"TBXAS11","TBXAS1",2,2.3482458496751,5
"FERMT31","FERMT3",4,3.00650652584614,5
"DUSP101","DUSP10",3,2.45317911867815,5
"NEK51","NEK5",1,2.37648588537501,5
"SLC4A111","SLC4A11",1,2.91257326748963,5
"AGPAT21","AGPAT2",2,2.49126506254176,5
"MNS11","MNS1",5,2.99532530095529,5
"SNCAIP1","SNCAIP",5,3.11193085073148,5
"AC103691.11","AC103691.1",4,2.16376468094185,5
"POFUT21","POFUT2",5,2.46822212445137,5
"PLEKHA61","PLEKHA6",1,3.31885047494373,5
"LRG11","LRG1",1,2.37590635162208,5
"ZBTB461","ZBTB46",5,2.59590764740626,5
"IRF51","IRF5",4,2.95857801832769,5
"GIMAP51","GIMAP5",4,3.05703738369804,5
"CRMP11","CRMP1",5,2.68098905745146,5
"PHGDH1","PHGDH",1,2.45674567063513,5
"TREM11","TREM1",2,2.64834305942713,5
"MCUB1","MCUB",2,2.49945354275673,5
"SOCS21","SOCS2",5,3.21939238477677,5
"TRUB11","TRUB1",2,2.25949422671732,5
"GADD45GIP11","GADD45GIP1",2,2.40482104026479,5
"HYMAI1","HYMAI",5,2.96832900978117,5
"EIF61","EIF6",2,2.66693986930896,5
"PTGER31","PTGER3",5,2.83646755736004,5
"RFX21","RFX2",5,2.4657471897169,5
"LINC010871","LINC01087",1,2.57710151678043,5
"HEPH1","HEPH",5,2.53936002424268,5
"CDO11","CDO1",5,3.25928108163244,5
"PPIL11","PPIL1",2,2.22338368934504,5
"MMP151","MMP15",1,2.22341390455078,5
"DENND2A1","DENND2A",5,3.36337077373419,5
"PLEKHG4B1","PLEKHG4B",1,2.48720239122992,5
"BHMT21","BHMT2",5,2.93055212986044,5
"CXCL171","CXCL17",1,2.48561694392399,5
"CPLX11","CPLX1",5,3.12993845506761,5
"LY861","LY86",4,2.60148778386379,5
"PIEZO21","PIEZO2",5,2.54882461839013,5
"SFRP41","SFRP4",3,3.34590482542677,5
"AC004151.11","AC004151.1",4,3.8145842922835,5
"LSAMP1","LSAMP",5,2.66172018086624,5
"FGF131","FGF13",1,2.22887838782402,5
"CSKMT1","CSKMT",2,2.33782371373293,5
"AL117329.11","AL117329.1",1,2.33564464920977,5
"DOK11","DOK1",2,2.40656275037759,5
"VIPAS391","VIPAS39",2,2.15021773722857,5
"NCS11","NCS1",2,2.62843242589243,5
"ADGRE21","ADGRE2",2,2.26974290107293,5
"LINC010941","LINC01094",2,2.61139769976979,5
"SLC35B21","SLC35B2",2,2.3516294945944,5
"DOC2B1","DOC2B",5,3.04670327548924,5
"SYNGR11","SYNGR1",5,2.70844198917246,5
"CCNA21","CCNA2",4,2.57525909543431,5
"ADAMTS21","ADAMTS2",2,2.96573901558744,5
"LDLR1","LDLR",2,2.23406022217538,5
"SLITRK61","SLITRK6",1,2.40407883128157,5
"CORIN1","CORIN",2,2.69090668370588,5
"BCL6B1","BCL6B",5,2.43515071880777,5
"HOXA51","HOXA5",5,2.52435257042618,5
"TMEM881","TMEM88",5,3.01900893686788,5
"NIPA11","NIPA1",4,2.28314514843847,5
"GNG71","GNG7",4,2.59530654771011,5
"ZNF102","ZNF10",5,2.53449741996,5
"UBASH3B1","UBASH3B",3,2.10989957895517,5
"GLIS31","GLIS3",3,2.99292859489551,5
"PKDCC1","PKDCC",5,2.44640287667752,5
"PKP21","PKP2",1,2.35816522252548,5
"MUC201","MUC20",5,2.40208964404194,5
"DPEP21","DPEP2",4,3.05745629047302,5
"KAZN1","KAZN",5,3.03756798266867,5
"ACE1","ACE",2,2.29387145534509,5
"HNRNPA1P541","HNRNPA1P54",4,2.19691495808958,5
"ZNF7361","ZNF736",4,2.08868007615272,5
"ETV71","ETV7",4,2.61263849155221,5
"COQ8A1","COQ8A",5,2.24176187461545,5
"GTF2I1","GTF2I",3,2.87383602932174,5
"DLG51","DLG5",1,2.71766777879726,5
"KHDRBS31","KHDRBS3",2,2.49831920413398,5
"SRGAP31","SRGAP3",5,2.13123939492024,5
"MIR222HG1","MIR222HG",5,1.98960400493463,5
"PKHD1L11","PKHD1L1",4,2.72998176892636,5
"NAV31","NAV3",5,3.0623955196155,5
"AC134043.31","AC134043.3",5,2.64100190230018,5
"DACT11","DACT1",2,2.62918742226855,5
"ZC3H12A1","ZC3H12A",4,2.34195590326122,5
"ZNF1011","ZNF101",4,3.29357435512496,5
"BIVM1","BIVM",5,2.43032129581918,5
"ABCB11","ABCB1",5,2.91831413871587,5
"PCLAF1","PCLAF",2,2.27987305313508,5
"PRDM51","PRDM5",5,2.90719646186652,5
"MTFMT1","MTFMT",5,2.31142736156374,5
"TMEM2671","TMEM267",2,1.9732837338239,5
"WDFY3-AS21","WDFY3-AS2",5,2.89053064087934,5
"NCAPG1","NCAPG",4,2.55340308236282,5
"RAB371","RAB37",4,3.16691781802949,5
"TRAPPC21","TRAPPC2",4,2.04740827397452,5
"EPHB31","EPHB3",1,2.30525053265311,5
"SIM11","SIM1",5,2.7487170682855,5
"NEIL11","NEIL1",1,2.59551136524349,5
"GNAL1","GNAL",5,2.3840659324743,5
"RNGTT1","RNGTT",4,2.52923724990175,5
"KLHL61","KLHL6",4,3.27949300702276,5
"AC110285.21","AC110285.2",5,2.66417414011298,5
"AL390728.61","AL390728.6",4,2.37178361258214,5
"SLC35E2A1","SLC35E2A",5,2.1129588544222,5
"UCHL31","UCHL3",2,2.21048349331858,5
"ZNNT11","ZNNT1",5,2.54424535169194,5
"PAXX1","PAXX",2,2.35275639592026,5
"SLC9A71","SLC9A7",2,2.23105580223469,5
"VAMP11","VAMP1",4,2.75299138922458,5
"DOCK61","DOCK6",5,2.62543071609247,5
"PDE5A1","PDE5A",5,3.1702527492174,5
"PRUNE11","PRUNE1",2,2.23602787665634,5
"CD163L11","CD163L1",3,2.12407897689006,5
"UQCRFS11","UQCRFS1",2,2.45925649325466,5
"GPX71","GPX7",2,2.5114950959817,5
"DDX39B1","DDX39B",4,2.21849181176467,5
"ARAP21","ARAP2",4,3.38765898970216,5
"NDUFAF21","NDUFAF2",2,2.30824323370731,5
"BMERB11","BMERB1",5,2.83049756820151,5
"DIPK2B1","DIPK2B",5,3.24183294282597,5
"LILRB31","LILRB3",2,2.48872422225573,5
"EDEM21","EDEM2",2,2.24687896411139,5
"CDKN2D1","CDKN2D",4,2.37872878480958,5
"PSMB8-AS11","PSMB8-AS1",4,3.2303713655781,5
"SULT1C41","SULT1C4",5,2.87048148023457,5
"PHF131","PHF13",5,2.09845312168332,5
"SIX11","SIX1",1,2.32751721003149,5
"BOC1","BOC",5,4.0019118934191,5
"DNAJC121","DNAJC12",5,2.26219834546716,5
"RTL8A1","RTL8A",2,2.53152984146236,5
"TMEM2161","TMEM216",2,2.22462358216526,5
"ZBTB181","ZBTB18",4,2.38926172536452,5
"ARSB1","ARSB",2,2.59344820161073,5
"XKR61","XKR6",4,2.24514298731418,5
"TM7SF21","TM7SF2",1,2.52321585552014,5
"CRNDE1","CRNDE",1,2.95142090123979,5
"PARD6B1","PARD6B",3,2.55484855277588,5
"CNKSR31","CNKSR3",5,2.47549660055089,5
"LRRC21","LRRC2",5,2.634503540913,5
"LINC008991","LINC00899",5,2.37332271783559,5
"EBF21","EBF2",5,2.95029149102285,5
"ERBB41","ERBB4",1,3.15598973176972,5
"ZNF1171","ZNF117",5,2.41156299234841,5
"ANG1","ANG",5,2.34763141789561,5
"STAT41","STAT4",4,3.19000940530309,5
"CAPN151","CAPN15",2,2.2138869232918,5
"CASKIN21","CASKIN2",5,2.48601695527479,5
"TRPV61","TRPV6",1,3.4146666662781,5
"IKBKE1","IKBKE",4,2.78761555858817,5
"HOXC101","HOXC10",1,2.26168772668339,5
"RNF1521","RNF152",1,2.24287640843575,5
"FST1","FST",3,2.53466774270187,5
"AC104825.11","AC104825.1",1,2.44451460063105,5
"BANF11","BANF1",2,2.43119099286747,5
"ETV51","ETV5",5,2.51655126738194,5
"BARX21","BARX2",1,2.92867336257263,5
"CD2741","CD274",4,2.64690855574992,5
"FRMD31","FRMD3",5,2.85949187706949,5
"TBC1D21","TBC1D2",2,2.67945521842422,5
"AC080014.11","AC080014.1",5,2.52132043971737,5
"MTHFD1L1","MTHFD1L",2,2.76371963704455,5
"SLC15A21","SLC15A2",4,2.87023634307642,5
"A2M-AS11","A2M-AS1",4,3.12830255772632,5
"CCDC144B1","CCDC144B",5,2.75516014407924,5
"VLDLR1","VLDLR",5,2.34333488274454,5
"CCDC1151","CCDC115",5,2.06170889935799,5
"PIK3AP11","PIK3AP1",4,2.8437056306871,5
"SELENBP11","SELENBP1",1,2.8342445447195,5
"WAS1","WAS",4,3.43026406994938,5
"KAZALD11","KAZALD1",5,2.47528868045224,5
"SPINT11","SPINT1",1,3.35524614326914,5
"SMPDL3A1","SMPDL3A",5,2.56230570001257,5
"COQ61","COQ6",5,2.14885131800735,5
"TCEA31","TCEA3",1,2.33672868522572,5
"RHOV1","RHOV",1,3.16434702448645,5
"FZD81","FZD8",3,2.53821754255345,5
"PCK21","PCK2",4,2.2497593384564,5
"SPNS21","SPNS2",5,2.45756820450224,5
"MT-TF1","MT-TF",2,2.43916101180478,5
"EHD31","EHD3",2,2.18041471792642,5
"CASTOR21","CASTOR2",5,2.67130328887485,5
"COBL1","COBL",1,2.85126234755493,5
"DCHS11","DCHS1",5,3.23151850932241,5
"RFTN21","RFTN2",5,3.01095503043677,5
"FGD11","FGD1",5,2.57077521025163,5
"NOS31","NOS3",5,2.44842244597979,5
"LILRA41","LILRA4",4,3.2638840258597,5
"TENM41","TENM4",3,2.45598487980083,5
"SH3BP5-AS11","SH3BP5-AS1",4,2.43729047989417,5
"COLCA11","COLCA1",5,2.67202677198832,5
"NFAM11","NFAM1",2,2.43431979378195,5
"HLA-DQB21","HLA-DQB2",4,2.49743716707556,5
"BCAS41","BCAS4",4,3.04073334943104,5
"SELPLG1","SELPLG",4,3.22376532509704,5
"TSPOAP1-AS11","TSPOAP1-AS1",4,3.22544397113229,5
"CTXN11","CTXN1",3,2.67579139643784,5
"SEMA4A1","SEMA4A",4,2.79829615755397,5
"PSTPIP21","PSTPIP2",1,2.24281236322556,5
"PAX8-AS11","PAX8-AS1",4,2.14752459315471,5
"NOSTRIN1","NOSTRIN",5,3.07513051704488,5
"HOMER31","HOMER3",2,2.65295533226971,5
"FAM13A-AS11","FAM13A-AS1",4,2.43539069390771,5
"EIF4EBP11","EIF4EBP1",2,2.79156872576503,5
"MICAL11","MICAL1",4,2.86115232421506,5
"PDAP11","PDAP1",2,2.69461402577203,5
"NCALD1","NCALD",1,2.66018346843592,5
"ZNF204P1","ZNF204P",1,2.5788641611653,5
"GLYATL21","GLYATL2",1,2.7723309742858,5
"ZSWIM41","ZSWIM4",2,2.51332830287312,5
"PTGES21","PTGES2",2,2.46216426253418,5
"OSBPL31","OSBPL3",4,2.55380518881848,5
"CIAO2A1","CIAO2A",4,2.33844473959422,5
"BNIP31","BNIP3",1,2.18583306839083,5
"GPSM11","GPSM1",5,2.67588858570941,5
"BCHE1","BCHE",5,3.00979876510753,5
"TTC39A1","TTC39A",1,3.22497796308059,5
"DESI11","DESI1",2,2.43973459088776,5
"PTPN211","PTPN21",5,2.79169642507237,5
"GPR137B1","GPR137B",2,2.63877173421506,5
"SOX61","SOX6",1,2.10138341502906,5
"KLRD11","KLRD1",4,2.91740824391626,5
"TGFB1I11","TGFB1I1",2,2.78223113389294,5
"FBLN51","FBLN5",5,3.84422388842083,5
"SNTB11","SNTB1",2,2.12106316720807,5
"ARMH31","ARMH3",4,2.19067763839796,5
"ZNF4191","ZNF419",5,2.33050485507638,5
"PLIN21","PLIN2",5,2.57907865571382,5
"AC006509.31","AC006509.3",2,2.35832149956108,5
"SDHA1","SDHA",2,2.03736062543065,5
"VEGFC1","VEGFC",5,2.41158118893289,5
"DDX581","DDX58",2,2.27596099621933,5
"KLHL211","KLHL21",1,2.39014617613014,5
"LOXL41","LOXL4",1,2.31177998439618,5
"FANCD21","FANCD2",4,2.83667201443475,5
"NECTIN31","NECTIN3",5,2.68247628231974,5
"BEND51","BEND5",5,2.36919320527382,5
"CREB3L41","CREB3L4",1,3.30763408575047,5
"HOXC41","HOXC4",5,2.61012725621637,5
"AKR1C11","AKR1C1",5,2.67735057783853,5
"NAV21","NAV2",1,2.73862735587627,5
"AC027020.21","AC027020.2",4,2.36037611985133,5
"TSPAN13","TSPAN1",1,2.54976270561604,5
"TMCC31","TMCC3",5,2.2623600422153,5
"ADAMTS141","ADAMTS14",2,3.13458171107255,5
"MT1F1","MT1F",1,2.36335736126299,5
"FOXP31","FOXP3",4,2.93441727242406,5
"NFIL31","NFIL3",5,2.70117324628953,5
"NR3C21","NR3C2",5,2.4120166569941,5
"ZNF385D1","ZNF385D",5,3.21327058718877,5
"LURAP1L1","LURAP1L",5,2.05351134247591,5
"SCUBE31","SCUBE3",2,2.68793439483452,5
"RPA31","RPA3",2,2.18131989847827,5
"DOK41","DOK4",2,2.2759793104953,5
"VDR1","VDR",2,2.71150708409658,5
"NTAN11","NTAN1",2,2.533399391634,5
"RPS12P161","RPS12P16",3,2.71009574640029,5
"KIF26A1","KIF26A",5,3.13867431878375,5
"THNSL21","THNSL2",5,2.56041262086024,5
"INAFM11","INAFM1",5,2.80542902183122,5
"HCK1","HCK",4,2.43430007803079,5
"MYOC1","MYOC",5,2.80636416938663,5
"LRRC421","LRRC42",2,2.25263389643453,5
"MYC1","MYC",5,2.4770967446574,5
"CLEC11A1","CLEC11A",2,2.6621429160974,5
"LRRC75A1","LRRC75A",3,3.5352350536123,5
"LINC008821","LINC00882",5,2.59105040573335,5
"PTS1","PTS",2,2.6010552671189,5
"CYB5A1","CYB5A",5,2.21943894751607,5
"CDK2AP21","CDK2AP2",4,2.27520841328503,5
"TNFAIP31","TNFAIP3",4,2.94029500308994,5
"HULC1","HULC",1,2.42143919232167,5
"SGPP11","SGPP1",4,2.1096444431224,5
"ST6GALNAC51","ST6GALNAC5",2,2.80651442854955,5
"LINC015151","LINC01515",5,2.27961597919926,5
"PDZRN41","PDZRN4",3,2.4574910026853,5
"PNO11","PNO1",2,2.36454604716969,5
"WASF11","WASF1",5,2.72073288877722,5
"SLC25A441","SLC25A44",4,2.2521130416525,5
"HLCS1","HLCS",1,2.74323633487067,5
"GRIA31","GRIA3",5,3.17382047244088,5
"NLRC51","NLRC5",4,3.56972635814642,5
"AL133243.31","AL133243.3",4,2.25372513144755,5
"ETFDH1","ETFDH",1,1.99687976016812,5
"XYLT11","XYLT1",2,2.71891324215186,5
"SHE1","SHE",5,3.27969237130899,5
"THRB-IT11","THRB-IT1",5,2.78743104586637,5
"HIF3A1","HIF3A",5,2.78860156614116,5
"ROBO41","ROBO4",5,3.29599649181559,5
"GABPA1","GABPA",5,2.36787850469291,5
"ZNF3501","ZNF350",1,2.02944260088994,5
"FBLN71","FBLN7",5,3.28216505233459,5
"ABCC31","ABCC3",2,2.22299663442528,5
"AL109918.11","AL109918.1",4,2.50821261465645,5
"MFNG1","MFNG",4,2.66109877079619,5
"PGF1","PGF",5,2.42672194231152,5
"LRIG31","LRIG3",5,2.84781842521493,5
"CAP21","CAP2",3,2.3416182945893,5
"FBXL71","FBXL7",5,2.8719658076628,5
"LZTS11","LZTS1",2,2.57464439369827,5
"BATF31","BATF3",4,2.18655139164949,5
"ENPP21","ENPP2",5,3.2842661948811,5
"MICOS131","MICOS13",2,2.55945005371331,5
"HAPLN31","HAPLN3",2,2.5694026455104,5
"TIPARP1","TIPARP",5,2.12964374628826,5
"FRK1","FRK",3,2.286651430888,5
"ADGRB21","ADGRB2",5,2.30035320016897,5
"APBA21","APBA2",4,2.66709249518999,5
"LAT21","LAT2",4,2.77316292860432,5
"COCH1","COCH",4,2.25415074309689,5
"PGGHG1","PGGHG",4,2.90892368118186,5
"GPAT31","GPAT3",5,2.87671865809346,5
"NADK1","NADK",4,2.45120236876136,5
"PROCR1","PROCR",5,2.44869705350323,5
"LIPT11","LIPT1",5,2.28627626148683,5
"TNFRSF91","TNFRSF9",4,2.92171252066659,5
"PARD6G1","PARD6G",5,2.42132846439836,5
"HOXA101","HOXA10",3,2.41378192901352,5
"GATM1","GATM",1,2.10626200008538,5
"TMC51","TMC5",1,2.58967368114066,5
"TSPAN151","TSPAN15",2,2.42670263359222,5
"TMEM2541","TMEM254",1,2.26517387807926,5
"SETD1B1","SETD1B",5,2.12659896988311,5
"GMPPA1","GMPPA",2,2.36074144701195,5
"HOOK11","HOOK1",1,3.10930781973185,5
"RHNO11","RHNO1",2,2.16834881581648,5
"CEBPA1","CEBPA",2,2.03287687223712,5
"PLPP41","PLPP4",2,3.05315612257616,5
"DBF41","DBF4",4,2.50652311497361,5
"CHDH1","CHDH",1,2.72410257417048,5
"TRAT11","TRAT1",4,3.63613771077722,5
"ASB61","ASB6",4,1.93545449570248,5
"RPA11","RPA1",2,2.29451083403373,5
"PLCB21","PLCB2",4,2.93326744479333,5
"ACSS31","ACSS3",5,2.52804024215366,5
"CALB21","CALB2",2,2.36778789443437,5
"NREP1","NREP",2,2.75945227023189,5
"CDS11","CDS1",1,3.02389276495888,5
"DDX111","DDX11",4,2.10470343794603,5
"PRDM61","PRDM6",5,2.64256453887929,5
"BHLHE401","BHLHE40",2,2.56395384966787,5
"FAM78A1","FAM78A",4,3.26141008402306,5
"BLVRA1","BLVRA",2,2.57262071487995,5
"GPR651","GPR65",4,2.76175534626299,5
"HS3ST3A11","HS3ST3A1",3,2.92948788491924,5
"FAM221A1","FAM221A",4,2.02375680493764,5
"AC005253.11","AC005253.1",3,3.55688336645797,5
"PLCH21","PLCH2",4,2.30163996540617,5
"GLRX1","GLRX",2,2.40011804344822,5
"DTX11","DTX1",5,2.71953642897047,5
"NPR21","NPR2",5,2.74003345508347,5
"AL121839.21","AL121839.2",1,2.88636401289232,5
"SLC9B21","SLC9B2",5,2.2473662811326,5
"CCDC31","CCDC3",5,2.71782881865741,5
"PGAP11","PGAP1",5,2.46749944953584,5
"SCN9A1","SCN9A",5,2.75304735078614,5
"BTBD191","BTBD19",2,2.73839706189511,5
"CLECL11","CLECL1",4,3.22480720963379,5
"IMMP2L1","IMMP2L",5,2.15017794288803,5
"RGS131","RGS13",5,2.70049995265072,5
"CLNK1","CLNK",4,3.1354516337403,5
"ITGB31","ITGB3",2,2.63620216469362,5
"ARHGEF281","ARHGEF28",1,2.47970305879146,5
"TNNT31","TNNT3",5,2.84352093971657,5
"PRUNE21","PRUNE2",3,2.09278007539705,5
"MRPL121","MRPL12",2,2.66063169939761,5
"EEPD11","EEPD1",5,2.56519875186772,5
"TNFRSF191","TNFRSF19",2,2.59876457418206,5
"MIER31","MIER3",5,2.45676413571921,5
"KCNE31","KCNE3",2,2.3293054755957,5
"CORO71","CORO7",4,2.49762910254428,5
"IDI11","IDI1",3,2.44986921558674,5
"AC104794.31","AC104794.3",5,2.38900091158296,5
"CERS41","CERS4",1,2.7832564046389,5
"TMTC11","TMTC1",5,2.79934453154837,5
"MPP71","MPP7",1,2.56464164327829,5
"NAALAD21","NAALAD2",5,2.76341761229134,5
"GPX11","GPX1",2,3.08546816020189,5
"ZDHHC81","ZDHHC8",2,2.65573506250117,5
"ABCC91","ABCC9",5,2.75241166206597,5
"PCDHB41","PCDHB4",5,2.9011739021073,5
"AADAT1","AADAT",1,2.29738075259628,5
"SLC19A31","SLC19A3",5,2.55457508363549,5
"PLEKHF21","PLEKHF2",4,2.34848355749177,5
"CD1D1","CD1D",4,2.61206640990493,5
"TCEAL51","TCEAL5",5,3.23808781728643,5
"HEY21","HEY2",2,2.34667376354777,5
"NEO11","NEO1",5,2.66142548031313,5
"AL445426.11","AL445426.1",5,2.94284313604759,5
"MCM21","MCM2",2,2.48170115945138,5
"SERPINB81","SERPINB8",2,2.39670197222181,5
"LINC019341","LINC01934",4,3.29245074230805,5
"DUBR1","DUBR",5,2.61882906519392,5
"MEX3D1","MEX3D",2,2.43126004704638,5
"MILR11","MILR1",4,2.50959677149983,5
"KCTD11","KCTD1",1,2.7648545709891,5
"IL341","IL34",2,2.17414123119917,5
"HRH21","HRH2",2,2.34338922886286,5
"VANGL21","VANGL2",2,1.98171779152325,5
"AC068888.11","AC068888.1",5,2.53420015553051,5
"C6orf1321","C6orf132",1,2.77947879158111,5
"TSPAN121","TSPAN12",1,2.16444485137974,5
"RECQL41","RECQL4",4,2.07620927211975,5
"RAB201","RAB20",2,2.16304166645233,5
"ANKRD91","ANKRD9",2,2.42255577432329,5
"NRXN21","NRXN2",5,3.27200963848951,5
"AGA1","AGA",4,2.15886904942792,5
"AMY2B1","AMY2B",5,2.43868216626671,5
"TUBB2A1","TUBB2A",2,2.25504525904737,5
"LINC009961","LINC00996",4,3.16628618635078,5
"NRBF21","NRBF2",2,2.18812184105157,5
"TIFA1","TIFA",4,2.27141521845043,5
"PRR131","PRR13",2,2.3633176792656,5
"SH3GLB21","SH3GLB2",1,2.59919018648727,5
"HERC61","HERC6",4,2.56830991382736,5
"PDZD21","PDZD2",1,2.19785564018351,5
"HENMT11","HENMT1",4,2.19423947685458,5
"FAT41","FAT4",5,3.71112155677073,5
"TMEM251","TMEM25",1,2.40255863121747,5
"VSTM41","VSTM4",5,3.24357552057631,5
"SHC41","SHC4",2,2.13502927898731,5
"SPEG1","SPEG",1,2.84952394061782,5
"SLC7A71","SLC7A7",4,2.48929806121804,5
"GPT21","GPT2",1,2.6445504594915,5
"MMP121","MMP12",4,2.41337476126415,5
"FIGN1","FIGN",5,2.69236664955602,5
"CDC14A1","CDC14A",4,2.84807280695722,5
"AC006141.11","AC006141.1",4,2.14157120509785,5
"HDAC111","HDAC11",5,2.13131140335137,5
"BMP61","BMP6",5,2.53183704072165,5
"STON21","STON2",5,2.80549104847663,5
"BHLHE221","BHLHE22",5,2.49026363682002,5
"OPN31","OPN3",2,2.45477284153265,5
"MYBL11","MYBL1",4,2.60119670826692,5
"COPS31","COPS3",2,2.36796339725859,5
"SELENOO1","SELENOO",4,2.16982069569674,5
"CCDC1411","CCDC141",4,2.78612426402616,5
"LPAR21","LPAR2",4,2.69678909522929,5
"MLLT111","MLLT11",2,2.5046089651672,5
"ADGRL31","ADGRL3",5,2.83761202311016,5
"RPL13P121","RPL13P12",3,4.1951044600707,5
"FBXO461","FBXO46",1,2.19514404916833,5
"TNFSF13B1","TNFSF13B",4,3.06193938389348,5
"MCTP21","MCTP2",4,2.74538215314583,5
"TAF41","TAF4",4,2.06290731755733,5
"TRPM21","TRPM2",2,2.49113217398859,5
"TMEM601","TMEM60",2,2.54619620061709,5
"DLL41","DLL4",5,2.60649393211106,5
"L3MBTL11","L3MBTL1",5,2.25375425043233,5
"RNF2071","RNF207",5,2.12519329683291,5
"TMEM621","TMEM62",1,2.60983646907038,5
"SIGLEC17P1","SIGLEC17P",5,2.86664674444006,5
"TST1","TST",1,2.09187957536813,5
"ITGA31","ITGA3",1,2.52390052794323,5
"STK261","STK26",4,2.81947235792281,5
"CFAP701","CFAP70",1,2.43638344799716,5
"FOXC21","FOXC2",2,2.43545298250318,5
"ARHGEF261","ARHGEF26",5,2.28518695783344,5
"APBB31","APBB3",5,2.39597578679251,5
"TSPAN111","TSPAN11",5,2.9503624264317,5
"SRPX21","SRPX2",2,2.67321323480186,5
"CD300E1","CD300E",2,2.22946863956932,5
"AVPR1A1","AVPR1A",5,2.7708731233848,5
"CORO2B1","CORO2B",5,2.89137362881253,5
"ABCG11","ABCG1",2,2.30744969835931,5
"MYOM21","MYOM2",5,2.3652636383255,5
"DENND2D1","DENND2D",4,3.81724234710565,5
"FAM122C1","FAM122C",4,2.33516161853516,5
"ARMCX11","ARMCX1",5,2.80402149186145,5
"COL21A11","COL21A1",5,2.78034943132685,5
"CDC42EP51","CDC42EP5",5,2.37589428747985,5
"ELN1","ELN",5,3.3049953618382,5
"TMEM511","TMEM51",2,2.50127302442488,5
"F11R1","F11R",2,2.41394351827286,5
"CRYZL2P1","CRYZL2P",5,2.5652895699915,5
"CHST141","CHST14",5,2.36044559524265,5
"MTCO1P401","MTCO1P40",2,2.5181911204157,5
"PITHD11","PITHD1",2,2.20790195111055,5
"KCNK21","KCNK2",5,2.83456057611806,5
"LINC022101","LINC02210",5,2.206237395872,5
"SLC20A21","SLC20A2",2,2.31234678938811,5
"PIK3C2B1","PIK3C2B",4,2.44284019353157,5
"RPS6KA61","RPS6KA6",5,2.56602519322761,5
"PLEKHN11","PLEKHN1",3,2.11590982558068,5
"SEL1L31","SEL1L3",4,3.67747699079905,5
"DSN11","DSN1",2,2.12467861093726,5
"VNN21","VNN2",4,2.84061227003983,5
"ATP5MD1","ATP5MD",2,2.61370790118211,5
"NLRP31","NLRP3",4,2.1706949549165,5
"CELSR21","CELSR2",1,2.91362839638243,5
"PPM1L1","PPM1L",1,2.02875587201631,5
"CHST21","CHST2",4,2.16954104821232,5
"NAALADL21","NAALADL2",5,2.5514527028629,5
"ARHGAP401","ARHGAP40",1,2.85754908273347,5
"KCNAB21","KCNAB2",4,3.09306992838176,5
"SHC21","SHC2",5,2.7939391709893,5
"PRR5L1","PRR5L",2,2.72916673380962,5
"RCAN31","RCAN3",4,2.59007244949095,5
"SLC5A61","SLC5A6",1,2.27870862164751,5
"RECK1","RECK",5,3.41037447239365,5
"SLC16A91","SLC16A9",5,2.82711157980308,5
"GLTP1","GLTP",2,2.3539792217699,5
"PLCG11","PLCG1",2,2.22914811579422,5
"FGF181","FGF18",2,2.21017295951611,5
"BTN3A11","BTN3A1",4,2.81659366673308,5
"RMND5A1","RMND5A",1,2.1767752556763,5
"LPCAT41","LPCAT4",5,2.36689503485328,5
"SLC36A11","SLC36A1",2,2.49977335543406,5
"KANK11","KANK1",5,2.41061840428785,5
"TBX5-AS11","TBX5-AS1",5,2.76097842362875,5
"KLHL31","KLHL3",5,2.94606760584226,5
"GATA61","GATA6",5,2.52754920354492,5
"METTL21A1","METTL21A",5,1.91083088643466,5
"F13A11","F13A1",5,2.97926737397613,5
"AC006115.21","AC006115.2",4,2.19258210219635,5
"LCAT1","LCAT",5,2.8023838664816,5
"TMEM2201","TMEM220",5,2.42295098125728,5
"DDX281","DDX28",2,2.09033984469583,5
"SLFN121","SLFN12",5,1.99411451311256,5
"WDR371","WDR37",4,2.0052676697743,5
"FAR21","FAR2",1,1.96021740873257,5
"KNTC11","KNTC1",4,2.82393720359093,5
"ERAP21","ERAP2",4,2.3277799890059,5
"SMAD91","SMAD9",5,3.41373552338654,5
"DTX31","DTX3",5,2.57261302282353,5
"ADAMTSL31","ADAMTSL3",5,2.61138487064375,5
"SIAE1","SIAE",3,2.52100553315733,5
"TALDO11","TALDO1",2,2.49198342026307,5
"RFWD31","RFWD3",4,2.17535011114393,5
"RGS191","RGS19",4,3.02015841744528,5
"MPZ1","MPZ",4,2.25300077654551,5
"SLIT21","SLIT2",5,3.68569876944384,5
"SQLE1","SQLE",2,2.4298063908391,5
"CYSLTR11","CYSLTR1",4,2.89730597449706,5
"RTL8C1","RTL8C",2,2.75482605239253,5
"NCKIPSD1","NCKIPSD",1,2.29424741902242,5
"IL20RA1","IL20RA",1,3.09179974150736,5
"ZNF5611","ZNF561",1,2.50677301227798,5
"WNT9A1","WNT9A",5,2.36528502878992,5
"ATG4C1","ATG4C",4,2.09366890816599,5
"MRPL441","MRPL44",2,2.29536768728089,5
"TGFB21","TGFB2",3,2.34612765038979,5
"AZIN21","AZIN2",2,2.92996050894427,5
"RASL121","RASL12",5,2.47221157126767,5
"CD281","CD28",4,3.00651344803919,5
"SPATA181","SPATA18",1,2.29048885927024,5
"ADORA31","ADORA3",2,2.41129486336068,5
"SLC39A81","SLC39A8",4,2.33643491129389,5
"LNX11","LNX1",1,2.43229097862211,5
"NYNRIN1","NYNRIN",5,2.95090258700364,5
"IFT521","IFT52",2,2.13307132514993,5
"HCAR11","HCAR1",1,2.9310172871631,5
"FJX11","FJX1",3,2.55086561371596,5
"LRP81","LRP8",4,2.64480998999705,5
"FANCA1","FANCA",4,2.46768487155519,5
"SYT71","SYT7",1,2.11294783641288,5
"MYO1D1","MYO1D",2,2.80646833351811,5
"DHRS4-AS11","DHRS4-AS1",1,2.24595951447413,5
"NCMAP1","NCMAP",1,2.24562537630703,5
"LACC11","LACC1",3,2.85687998246183,5
"MARCHF31","MARCHF3",5,2.4197301440151,5
"ST6GAL11","ST6GAL1",4,2.81482897278872,5
"SLC31A21","SLC31A2",2,2.61179919594929,5
"SHKBP11","SHKBP1",4,2.38026210766759,5
"DDAH11","DDAH1",2,2.28539100743902,5
"MRPL391","MRPL39",2,1.96961297541223,5
"MAFK1","MAFK",5,2.54652144342443,5
"CACNA1H1","CACNA1H",2,2.24053526309926,5
"ADAMTS161","ADAMTS16",3,2.70415039940202,5
"BMF1","BMF",2,2.37141291517863,5
"ABCG21","ABCG2",5,3.06254649370786,5
"RHBDF11","RHBDF1",5,2.583637005873,5
"KIFC11","KIFC1",2,2.56046619296415,5
"SERTAD31","SERTAD3",5,2.12267661179551,5
"PC1","PC",1,2.51783312689612,5
"RDH131","RDH13",1,2.32969428805383,5
"GTPBP31","GTPBP3",1,2.21945779037399,5
"ZNF3311","ZNF331",5,2.34061043699318,5
"PILRB1","PILRB",5,2.16155461574909,5
"RBM201","RBM20",1,2.52983260651033,5
"CDH61","CDH6",5,2.6784271797949,5
"SALL21","SALL2",5,2.71044297270382,5
"MYH141","MYH14",1,2.93111126024941,5
"ACAN1","ACAN",2,2.41520528666406,5
"MELTF1","MELTF",2,2.38117930998793,5
"WFDC21P1","WFDC21P",4,2.6938192772503,5
"SRARP1","SRARP",1,3.03636354904651,5
"RAE11","RAE1",2,2.26919138858029,5
"UCP21","UCP2",4,2.90816559958273,5
"GRIA41","GRIA4",1,2.93294516921609,5
"PIM11","PIM1",4,2.20581193923169,5
"FOLR21","FOLR2",5,2.75815501841724,5
"BPGM1","BPGM",2,2.57334414255512,5
"SPRY41","SPRY4",5,2.58970511275373,5
"AMZ21","AMZ2",2,2.18908802905548,5
"SP21","SP2",5,1.98707387586458,5
"RASSF51","RASSF5",4,3.44700494932455,5
"CNPY41","CNPY4",2,2.41672027626274,5
"AC008771.11","AC008771.1",1,2.78866644097606,5
"LINGO11","LINGO1",2,2.1794490818896,5
"KIAA1324L1","KIAA1324L",2,2.30518381329255,5
"TMPRSS21","TMPRSS2",1,3.2898975217949,5
"LINC002941","LINC00294",5,2.20279699919613,5
"ARHGAP11A1","ARHGAP11A",2,2.4129193601255,5
"AC027290.31","AC027290.3",4,2.37998283090804,5
"ATP6AP11","ATP6AP1",2,2.65407021158653,5
"UBE2QL11","UBE2QL1",3,2.45188463299102,5
"TRAF41","TRAF4",1,2.94665922552702,5
"TRABD2B1","TRABD2B",5,2.23346691552265,5
"TEX91","TEX9",4,2.23221134422179,5
"ST6GALNAC31","ST6GALNAC3",5,2.55003034758895,5
"PCDHB91","PCDHB9",5,3.02010423998441,5
"NFASC1","NFASC",1,2.57900598237287,5
"ADRA2A1","ADRA2A",5,2.47939350438367,5
"EDEM11","EDEM1",4,2.79877684767547,5
"CKAP21","CKAP2",4,2.6131494052193,5
"SATB1-AS11","SATB1-AS1",4,2.75163777108212,5
"MYD881","MYD88",2,2.53326547157102,5
"SMYD31","SMYD3",2,2.48916951998141,5
"RAB40C1","RAB40C",1,2.20962740629992,5
"SLC38A111","SLC38A11",5,2.61879752806091,5
"AC016957.21","AC016957.2",4,2.83557725889471,5
"STEAP41","STEAP4",5,3.50963176492389,5
"NOP56P31","NOP56P3",3,2.77974306708627,5
"TMTC21","TMTC2",5,2.55349897042107,5
"P4HTM1","P4HTM",5,2.16483654916415,5
"TINF21","TINF2",2,2.3639687058388,5
"SCARA31","SCARA3",3,2.52529565151529,5
"SOX51","SOX5",5,2.78042430048298,5
"PTPRU1","PTPRU",2,2.48576811900256,5
"SH3BP11","SH3BP1",4,2.86207360782274,5
"HEATR5A1","HEATR5A",3,1.95915019040418,5
"AC091563.11","AC091563.1",5,2.34367313816551,5
"VWA5A1","VWA5A",5,2.89704605424175,5
"INTS91","INTS9",2,1.9556476513406,5
"AFAP1L21","AFAP1L2",5,2.82400166709456,5
"HSF41","HSF4",1,2.20109413526906,5
"SNORA121","SNORA12",5,2.31072510831348,5
"AC098650.11","AC098650.1",5,2.90713054446196,5
"MAPK101","MAPK10",1,2.26629522715549,5
"RNU4-21","RNU4-2",4,2.8181228646766,5
"AL353622.11","AL353622.1",4,2.73263378642998,5
"DONSON1","DONSON",2,2.10873599772542,5
"ETV11","ETV1",5,2.50233112039619,5
"B3GNT51","B3GNT5",2,2.42414978636569,5
"GTSE11","GTSE1",4,2.45173351323917,5
"H2AX1","H2AX",2,2.18348523929292,5
"TINAGL11","TINAGL1",5,3.09484537401036,5
"MIR193BHG1","MIR193BHG",2,1.96651697452468,5
"CASP61","CASP6",1,2.04192231801463,5
"GAR11","GAR1",2,2.32179732286428,5
"CHKA1","CHKA",1,2.61705822428642,5
"MPC21","MPC2",1,2.49696529220034,5
"GPRIN31","GPRIN3",4,2.95624092193215,5
"METTL41","METTL4",4,2.40108822778637,5
"ADAMTS61","ADAMTS6",2,2.47418182366535,5
"FBXW41","FBXW4",1,2.17099341883852,5
"ATOH81","ATOH8",5,3.13884817655453,5
"FAM174A1","FAM174A",2,2.21691306413031,5
"TP53TG11","TP53TG1",1,2.08164789216464,5
"SLC43A21","SLC43A2",2,2.59738151768599,5
"DNAAF21","DNAAF2",2,2.05131773181084,5
"TMEM541","TMEM54",2,2.49068354950342,5
"LANCL11","LANCL1",5,2.3812274900465,5
"SLC9A3R11","SLC9A3R1",1,2.7501569037051,5
"TDO21","TDO2",2,2.62808383833904,5
"MCM51","MCM5",4,2.59383379512831,5
"DHX581","DHX58",4,2.22756115502304,5
"BACH21","BACH2",4,2.2584688637692,5
"AVIL1","AVIL",2,2.25694326622261,5
"FBXL121","FBXL12",5,2.4242871516854,5
"DPY19L11","DPY19L1",2,2.86480036507644,5
"RBM71","RBM7",5,2.24645280339854,5
"TCTN21","TCTN2",5,2.40774691526429,5
"BST21","BST2",2,2.54946957515206,5
"HS3ST3B11","HS3ST3B1",4,2.41851095654144,5
"DNAH141","DNAH14",1,2.32318087713315,5
"ALS2CL1","ALS2CL",5,2.55191630478924,5
"WHRN1","WHRN",1,2.0661543498958,5
"AC020978.91","AC020978.9",4,2.09227413926292,5
"SMIM271","SMIM27",5,2.06663043720857,5
"FAIM21","FAIM2",5,2.53316117775782,5
"MTLN1","MTLN",2,2.27043698171947,5
"GFPT21","GFPT2",5,2.52573999976231,5
"GTF2IRD21","GTF2IRD2",5,2.36893204877413,5
"NR5A21","NR5A2",5,2.63758715676545,5
"LAIR21","LAIR2",3,2.65342918899305,5
"TSPOAP11","TSPOAP1",1,2.23518085262979,5
"KIFC31","KIFC3",2,2.9460349099278,5
"RASGRF21","RASGRF2",2,2.53027421217501,5
"PTPRO1","PTPRO",2,2.43674605824721,5
"PDE4DIP1","PDE4DIP",5,2.16682443070331,5
"LPAR51","LPAR5",4,2.56243863028443,5
"PTGR21","PTGR2",1,2.35096528711669,5
"WNT10A1","WNT10A",4,3.33131696432627,5
"SMPD31","SMPD3",4,3.09561803191161,5
"AL355488.11","AL355488.1",2,2.13403311584532,5
"RBM12B1","RBM12B",3,3.01156577627622,5
"BLCAP1","BLCAP",5,2.23700247339024,5
"TRAF21","TRAF2",4,2.62031762622159,5
"SH3PXD2B1","SH3PXD2B",5,2.81196875033228,5
"AC027097.11","AC027097.1",4,2.68537936292978,5
"APOBR1","APOBR",2,2.47209825574118,5
"SLC25A401","SLC25A40",4,2.06375269572912,5
"FAM155A1","FAM155A",5,2.32304220631951,5
"GALNT181","GALNT18",5,2.08114238893366,5
"ADHFE11","ADHFE1",5,2.22485334304602,5
"OSCAR1","OSCAR",2,2.70014115470762,5
"PRKAR2B1","PRKAR2B",5,2.27328807383859,5
"CROT1","CROT",1,2.63000970678291,5
"PDE3A1","PDE3A",5,2.83854725676344,5
"RCAN21","RCAN2",5,3.04845470248359,5
"QPCT1","QPCT",2,2.16870326392429,5
"RIDA1","RIDA",3,2.35962275401464,5
"CXCL161","CXCL16",2,2.88929346576949,5
"FLT31","FLT3",4,3.14914171493355,5
"BRMS11","BRMS1",2,2.30432769508074,5
"PIF11","PIF1",4,2.55958809719036,5
"CD40LG1","CD40LG",4,3.03897344053016,5
"PPM1M1","PPM1M",2,2.2313582400016,5
"ADCY41","ADCY4",5,3.13058695056413,5
"ACTR3B1","ACTR3B",1,2.17053586454201,5
"SYNPO1","SYNPO",5,2.80677138618878,5
"RELT1","RELT",4,2.60929655240013,5
"CROCC1","CROCC",5,2.29533065084438,5
"SYT121","SYT12",1,2.86184371997373,5
"MS4A4A1","MS4A4A",3,2.23245552632746,5
"FANCF1","FANCF",4,2.1391437779987,5
"FLNC1","FLNC",5,3.04483761841144,5
"POC1B-AS11","POC1B-AS1",4,2.25541094830476,5
"PLCG21","PLCG2",4,3.23124921189181,5
"TACR11","TACR1",5,3.00274683924343,5
"LINC011381","LINC01138",4,2.5041141194958,5
"LNX21","LNX2",1,2.31863847389546,5
"AC010997.61","AC010997.6",3,3.08728524353067,5
"ERCC31","ERCC3",5,2.15410010338478,5
"GSTO21","GSTO2",1,3.03631760543134,5
"STMN31","STMN3",5,2.19763007443446,5
"WDR191","WDR19",5,2.39262369976822,5
"GADD45B1","GADD45B",2,2.30168019532245,5
"OSBPL51","OSBPL5",5,2.44407820509596,5
"WASF31","WASF3",5,2.52874817166648,5
"LAMA11","LAMA1",5,2.65449775018497,5
"HOXB61","HOXB6",3,2.67169047736214,5
"TBX11","TBX1",5,2.70071749161213,5
"PLCXD31","PLCXD3",5,2.53986999561028,5
"DHRS11","DHRS1",2,2.27201277151457,5
"MBNL31","MBNL3",4,2.69169226312527,5
"AC024075.21","AC024075.2",5,2.27334324958559,5
"FAM83F1","FAM83F",1,3.27322170533206,5
"TBX51","TBX5",5,2.62940117383654,5
"UCKL11","UCKL1",1,2.08830232022874,5
"AP001496.41","AP001496.4",1,2.21917460637382,5
"MXRA71","MXRA7",5,2.90919116090034,5
"CAPN121","CAPN12",4,2.28856906105406,5
"HAS31","HAS3",1,2.56489632747466,5
"GLIPR1L21","GLIPR1L2",5,2.69700580967205,5
"ADAMTSL21","ADAMTSL2",2,3.08002475554822,5
"CERCAM1","CERCAM",2,2.97963635729107,5
"FAM118A1","FAM118A",5,2.01478065444149,5
"KIF111","KIF11",2,2.57877043537752,5
"IBSP1","IBSP",2,2.83528627996039,5
"LRP31","LRP3",5,2.64841719751904,5
"LINC006491","LINC00649",4,3.14983004050905,5
"PYROXD11","PYROXD1",3,2.08186071975867,5
"CYTL11","CYTL1",5,2.86874219083178,5
"KIAA15221","KIAA1522",1,3.19428471416539,5
"AC015883.11","AC015883.1",4,2.40022891937178,5
"PRR141","PRR14",2,2.24038090086116,5
"WIZ1","WIZ",2,2.38259817589035,5
"PBX41","PBX4",4,3.04417360674044,5
"SLC16A41","SLC16A4",5,2.55646328917545,5
"SMAD61","SMAD6",5,2.45931406644547,5
"IL15RA1","IL15RA",5,2.29242546987306,5
"TMEM200C1","TMEM200C",5,2.72333490450707,5
"DCLK21","DCLK2",2,2.57447193982806,5
"SH2D3A1","SH2D3A",4,2.68895977944101,5
"MRPS101","MRPS10",2,2.24356626836359,5
"CIP2A1","CIP2A",4,2.50680312996118,5
"LANCL21","LANCL2",5,1.97069447513969,5
"ERMAP1","ERMAP",2,2.13458071135277,5
"INTU1","INTU",5,2.7407430412501,5
"SNN1","SNN",5,2.30899732413085,5
"PXMP41","PXMP4",1,2.61309886277431,5
"PAGR11","PAGR1",3,2.61527910956846,5
"GJA41","GJA4",5,2.49043020197642,5
"NDUFAF41","NDUFAF4",2,2.15836279461157,5
"AL139113.11","AL139113.1",5,2.18586947914779,5
"TSPAN21","TSPAN2",2,2.74280636979465,5
"ICAM21","ICAM2",4,2.54530165897014,5
"HOXC91","HOXC9",3,2.50677965270061,5
"IFITM21","IFITM2",5,2.73604837781597,5
"YRDC1","YRDC",2,2.26291367827264,5
"PTPRJ1","PTPRJ",3,2.38220049042972,5
"IL1R21","IL1R2",5,2.32322360408204,5
"RPL39L1","RPL39L",2,2.26522894556519,5
"LINC002711","LINC00271",1,2.25248818335436,5
"AC021078.11","AC021078.1",1,2.30345879854778,5
"RPS20P221","RPS20P22",5,2.67559237702148,5
"MET1","MET",5,2.35517381310089,5
"LINC007021","LINC00702",2,2.2942980110354,5
"PRTFDC11","PRTFDC1",5,2.83526136056907,5
"FN3KRP1","FN3KRP",2,2.11460807535537,5
"ARL6IP61","ARL6IP6",2,2.24748962769026,5
"AC093297.21","AC093297.2",5,2.25560608128357,5
"SLC44A41","SLC44A4",1,2.72266304741346,5
"LZTFL11","LZTFL1",5,2.11261761445676,5
"COMMD11","COMMD1",2,2.51118493720699,5
"BMP21","BMP2",5,2.66908996612207,5
"RHOBTB11","RHOBTB1",5,2.76377185743668,5
"UBA71","UBA7",4,2.47599666114368,5
"CPOX1","CPOX",2,2.29439132808081,5
"RTKN1","RTKN",1,2.48510873617245,5
"LIG11","LIG1",4,2.58173597847754,5
"FAM214B1","FAM214B",2,2.29654425272655,5
"ZNF7271","ZNF727",5,2.75035741086768,5
"SSBP21","SSBP2",5,3.12501852995539,5
"AIFM11","AIFM1",4,2.0676370615547,5
"ZNF2511","ZNF251",5,2.30326527738035,5
"LINC010041","LINC01004",2,2.16717032861395,5
"CACNB31","CACNB3",2,2.26964599910669,5
"TMEM2731","TMEM273",5,2.57871869754607,5
"AL109976.11","AL109976.1",1,2.56456633690595,5
"FADD1","FADD",2,2.51009240864595,5
"RPS131","RPS13",5,2.38126189024309,5
"FAM227A1","FAM227A",3,2.01150582584454,5
"ITGAM1","ITGAM",2,2.31839684496984,5
"KIFC21","KIFC2",4,2.30956966435672,5
"NUGGC1","NUGGC",4,3.01589113918163,5
"MZT11","MZT1",2,2.35049001949046,5
"SBK11","SBK1",4,2.61533222749126,5
"PRAME1","PRAME",3,2.37164092013664,5
"AC012236.11","AC012236.1",4,2.96569711371047,5
"WRAP731","WRAP73",2,2.1748497803777,5
"INTS6L1","INTS6L",4,2.46720273654681,5
"TXLNB1","TXLNB",5,2.44789938222108,5
"NPC11","NPC1",2,2.52089893374402,5
"COX171","COX17",2,2.28003460105604,5
"MGAT31","MGAT3",5,2.53252883954149,5
"HAUS11","HAUS1",2,2.22462100235902,5
"HOXA-AS21","HOXA-AS2",3,3.07232100291888,5
"ABCD41","ABCD4",5,2.31046578068799,5
"ZNF5501","ZNF550",4,2.34100108561022,5
"PLD41","PLD4",4,2.84405857526836,5
"PSMD101","PSMD10",3,2.16546926214102,5
"AC016831.41","AC016831.4",4,2.37084665379921,5
"ROR21","ROR2",5,2.55366257555658,5
"SPRED21","SPRED2",5,2.92152108131791,5
"ARMC91","ARMC9",5,2.30442638443857,5
"ALDH1L21","ALDH1L2",2,2.36064016937438,5
"MAD2L1BP1","MAD2L1BP",2,2.07490647399963,5
"NRBP21","NRBP2",5,2.34609369073659,5
"DNAJB41","DNAJB4",5,2.46579159773662,5
"IGFN11","IGFN1",5,2.84196266524952,5
"ORC61","ORC6",4,2.35967275440478,5
"REC81","REC8",4,2.4209920128304,5
"NOL111","NOL11",4,2.06671293236607,5
"CLEC7A1","CLEC7A",2,2.67897731578363,5
"TEX301","TEX30",2,2.23166982797829,5
"ZNF5131","ZNF513",2,2.48053261590425,5
"CUTC1","CUTC",5,2.14508447084038,5
"ARNTL1","ARNTL",2,2.1070455423199,5
"GPD1L1","GPD1L",1,2.37629952344975,5
"CDKN1C1","CDKN1C",5,3.56288972941812,5
"ABCB101","ABCB10",2,2.27391672394238,5
"TSPAN61","TSPAN6",5,2.44248451629123,5
"ZBTB7C1","ZBTB7C",1,3.00243454558683,5
"RPL23AP321","RPL23AP32",5,2.8320076464029,5
"ZDHHC121","ZDHHC12",2,2.37193825976163,5
"SNRNP251","SNRNP25",2,2.10536402656847,5
"IL18R11","IL18R1",4,2.56697291448556,5
"PROSER11","PROSER1",2,2.27800389173645,5
"TRIM691","TRIM69",4,2.40354636631964,5
"ATP10A1","ATP10A",2,2.45574910449304,5
"QSOX21","QSOX2",4,2.25478072270618,5
"RUVBL11","RUVBL1",2,2.42858505154145,5
"PIK3R31","PIK3R3",1,2.28028806644826,5
"SND1-IT11","SND1-IT1",4,2.42349834178733,5
"CCNF1","CCNF",1,2.09489325382991,5
"FKBP51","FKBP5",3,2.52600651955492,5
"TNFRSF10D1","TNFRSF10D",5,2.41350919416585,5
"TMEM86A1","TMEM86A",2,2.20938232210679,5
"LRR11","LRR1",4,2.07586635483705,5
"BCL2L121","BCL2L12",2,2.27033973916571,5
"PREX21","PREX2",5,3.54778068821392,5
"CD1091","CD109",5,2.50654024706187,5
"ANKRD33B1","ANKRD33B",5,2.39832143803546,5
"HMCN11","HMCN1",5,3.56028821880077,5
"NSUN5P11","NSUN5P1",1,2.07677623699407,5
"CNTN31","CNTN3",5,2.46877460976851,5
"FAM53B1","FAM53B",4,2.79224578002771,5
"LINC005111","LINC00511",2,2.11517982939201,5
"CTPS11","CTPS1",4,2.19556072815208,5
"NDUFAF11","NDUFAF1",5,2.02314213765136,5
"AL162595.11","AL162595.1",1,2.19931767934168,5
"PPP1R13B1","PPP1R13B",5,2.50498582477847,5
"PPP2R5A1","PPP2R5A",5,2.15267660904402,5
"AC135050.61","AC135050.6",2,2.06863300857465,5
"TMEM106A1","TMEM106A",3,2.47844477983335,5
"TEAD31","TEAD3",1,2.62813447853234,5
"DHRS121","DHRS12",1,2.21836066774546,5
"TMEM200B1","TMEM200B",5,2.84812381716405,5
"CTSF1","CTSF",5,3.01601413456639,5
"TRDN1","TRDN",3,3.1349698517689,5
"DNASE1L31","DNASE1L3",4,2.65281584369051,5
"LINC011161","LINC01116",5,2.80160345804625,5
"BBC31","BBC3",2,2.30854368217342,5
"DYNC2LI11","DYNC2LI1",5,2.71841148798778,5
"BCAR31","BCAR3",2,2.14975224744458,5
"HOMER11","HOMER1",5,2.18300470370125,5
"FRAT21","FRAT2",2,2.17905277695172,5
"ARAP31","ARAP3",5,2.96830642531888,5
"PEX131","PEX13",1,2.34828422138875,5
"BCAS11","BCAS1",3,2.26031333387155,5
"ZNF4411","ZNF441",5,2.26250935938187,5
"RASSF71","RASSF7",1,2.50528959199799,5
"B3GAT31","B3GAT3",2,2.28385580929471,5
"TENT4A1","TENT4A",5,2.09621253340507,5
"ITIH51","ITIH5",5,3.54619349047768,5
"ZNF1891","ZNF189",3,1.9671103482889,5
"UST1","UST",5,2.70199931356062,5
"TAP11","TAP1",4,3.156218537572,5
"GEMIN81","GEMIN8",5,2.07253808932395,5
"FDX11","FDX1",2,2.01749276397563,5
"GAS2L31","GAS2L3",2,2.33228136946821,5
"PUS71","PUS7",2,2.28962629980557,5
"SMIM131","SMIM13",2,2.20329901953965,5
"CABLES11","CABLES1",5,2.18847403037968,5
"ZBTB141","ZBTB14",5,2.16610526845248,5
"KDR1","KDR",5,2.63713594798008,5
"ARHGEF51","ARHGEF5",1,2.9251893891584,5
"PRKD21","PRKD2",4,2.63533592047818,5
"FAIM1","FAIM",5,2.32465942816955,5
"SLCO4A11","SLCO4A1",5,2.59761865045305,5
"STARD41","STARD4",4,2.22599248231933,5
"MED311","MED31",4,1.89647750484501,5
"CCDC1681","CCDC168",5,2.32294834544798,5
"MYCT11","MYCT1",5,3.02135636082265,5
"FUCA21","FUCA2",2,2.4773393659282,5
"WDR451","WDR45",1,2.25114354303977,5
"TRIB11","TRIB1",4,2.17689224018717,5
"SIDT11","SIDT1",4,3.02679826744655,5
"NAA101","NAA10",2,2.32188921878252,5
"TBPL11","TBPL1",5,1.99121858047348,5
"OCRL1","OCRL",1,2.24183767792558,5
"CRACR2A1","CRACR2A",4,2.29365890213438,5
"MSC1","MSC",2,2.54605262836984,5
"NOP161","NOP16",2,2.2210376761726,5
"INTS131","INTS13",2,2.24645162944515,5
"NACC21","NACC2",3,2.41013231012955,5
"SCML11","SCML1",5,2.28665340283399,5
"TLCD51","TLCD5",5,2.51408909576818,5
"PLGRKT1","PLGRKT",2,2.36187564517541,5
"SLC30A61","SLC30A6",2,2.10727646589913,5
"ATP8A11","ATP8A1",4,3.28602577980737,5
"PLCL11","PLCL1",4,2.0554863842484,5
"AL158206.11","AL158206.1",5,2.354966322197,5
"AC090559.21","AC090559.2",3,2.60710419078561,5
"MYO1F1","MYO1F",4,2.9188828412632,5
"OSM1","OSM",2,2.57785590386274,5
"FAM229B1","FAM229B",5,2.5738493529126,5
"MAP3K121","MAP3K12",5,2.92617650128236,5
"MSC-AS11","MSC-AS1",2,2.19872357757826,5
"MAGOHB1","MAGOHB",2,2.19493934862645,5
"ZNF3341","ZNF334",5,2.34747625145027,5
"SEMA3B1","SEMA3B",5,2.75734557777665,5
"MAP3K141","MAP3K14",4,2.54511310685543,5
"DPH21","DPH2",2,2.05346191548843,5
"ALDH18A11","ALDH18A1",2,2.51253669331149,5
"MTFR11","MTFR1",2,2.58031784602972,5
"GRPEL21","GRPEL2",2,2.20231542637844,5
"OXNAD11","OXNAD1",4,2.88020879876745,5
"SETD61","SETD6",3,1.96475864551896,5
"MED91","MED9",1,2.23815991981003,5
"DISC11","DISC1",4,2.16887657025247,5
"MRPS91","MRPS9",5,2.19587995702297,5
"MTURN1","MTURN",5,2.9909249428197,5
"XPO51","XPO5",2,2.26801947420325,5
"SLC29A11","SLC29A1",2,2.45261910781949,5
"PFKP1","PFKP",2,2.45202700336322,5
"BDH11","BDH1",1,2.71206593762128,5
"POLRMT1","POLRMT",2,2.18474194664824,5
"DIPK1B1","DIPK1B",5,2.90763884058387,5
"HSBP1L11","HSBP1L1",1,2.25197608556873,5
"FZD61","FZD6",2,2.29055512637421,5
"SGMS21","SGMS2",2,2.62914361434623,5
"GLA1","GLA",2,2.16060990692919,5
"COMMD81","COMMD8",4,2.36805963721329,5
"CEP1261","CEP126",5,3.21906893902382,5
"RNF1381","RNF138",2,2.24130521111983,5
"AC005906.21","AC005906.2",5,2.72702081672238,5
"TP53INP21","TP53INP2",1,2.10509326868679,5
"TRMT2B1","TRMT2B",4,2.33839050290253,5
"SIX51","SIX5",5,2.63540064847349,5
"FAM110B1","FAM110B",5,2.72495808674959,5
"GNPNAT11","GNPNAT1",2,2.27136997597193,5
"IRS11","IRS1",5,2.82698769912265,5
"NRGN1","NRGN",5,2.32653119489559,5
"MAP3K7CL1","MAP3K7CL",2,2.47020475918672,5
"RHEX1","RHEX",5,2.75443020210793,5
"NETO21","NETO2",2,2.22701557195147,5
"PLEKHF11","PLEKHF1",2,1.97588417483032,5
"SPAG161","SPAG16",5,2.66575853198202,5
"FAM199X1","FAM199X",2,2.27700569635953,5
"LRP121","LRP12",5,2.16680284127148,5
"ECT21","ECT2",2,2.51992452222349,5
"AP000915.21","AP000915.2",5,2.67660932551915,5
"ACP51","ACP5",4,2.40797627307985,5
"GRAMD41","GRAMD4",2,2.09327160787763,5
"FAP1","FAP",2,3.24939971811905,5
"LINC013591","LINC01359",5,2.80441060559082,5
"CGN1","CGN",1,3.13972811531229,5
"MAATS11","MAATS1",5,2.38529154873959,5
"PPFIA21","PPFIA2",3,2.93440170244071,5
"ZSCAN251","ZSCAN25",3,2.27440921876715,5
"AC026124.11","AC026124.1",5,2.62917636613211,5
"SLC50A11","SLC50A1",2,2.14752876930256,5
"ANGPT11","ANGPT1",5,2.62537703495227,5
"PGS11","PGS1",2,2.19609547480081,5
"SLC25A451","SLC25A45",4,2.55564637081056,5
"ADAM231","ADAM23",5,2.42833608609157,5
"AMOT1","AMOT",5,2.4080902475912,5
"IFRD21","IFRD2",2,2.29556970254247,5
"AC008105.31","AC008105.3",4,3.3566101285594,5
"PITPNM31","PITPNM3",5,2.58395932773344,5
"GAS6-AS11","GAS6-AS1",4,2.79584548174889,5
"DGKA1","DGKA",4,3.29944962220996,5
"PPP1R16A1","PPP1R16A",1,2.62874641541509,5
"DYNC1I11","DYNC1I1",5,2.90901501406071,5
"SAMD121","SAMD12",1,2.3241625128457,5
"NSMAF1","NSMAF",2,2.32608708547812,5
"AL021368.21","AL021368.2",5,2.58197718309249,5
"TACC21","TACC2",1,2.61779582597461,5
"MT-ND61","MT-ND6",3,3.03290933614498,5
"HCP51","HCP5",4,3.32426230712065,5
"SEMA3E1","SEMA3E",1,2.68573581154313,5
"FAM111B1","FAM111B",4,2.43781333066275,5
"GULP11","GULP1",5,3.06056724843487,5
"GPSM31","GPSM3",4,3.68511799375911,5
"INPP5E1","INPP5E",5,2.25258266168727,5
"LDHA1","LDHA",2,2.90854114352676,5
"ARHGAP201","ARHGAP20",5,3.0070682665628,5
"RAB151","RAB15",2,2.35111701378161,5
"AL021707.61","AL021707.6",4,2.73688813828322,5
"CTDP11","CTDP1",2,2.18796718921746,5
"FAM189B1","FAM189B",2,2.40801762198339,5
"TAL11","TAL1",5,2.67674364193403,5
"TNIP21","TNIP2",2,2.21614182576761,5
"CCDC151","CCDC15",1,2.16175321491478,5
"NCAM21","NCAM2",5,2.4853906061011,5
"AP4S11","AP4S1",5,2.51170359914848,5
"SLC31A11","SLC31A1",2,2.33782389418153,5
"NINJ11","NINJ1",2,2.52643545185854,5
"DRAIC1","DRAIC",1,2.69071647958332,5
"SNAI21","SNAI2",5,2.78770745699673,5
"HID11","HID1",1,2.73254327319488,5
"SHISAL2A1","SHISAL2A",4,3.38403501959173,5
"PPIH1","PPIH",4,1.9866363969476,5
"PRR111","PRR11",2,2.32019373976993,5
"KLC41","KLC4",1,2.13008363870248,5
"MIPOL11","MIPOL1",5,2.43908240146613,5
"STARD81","STARD8",5,2.6740047821346,5
"TRIM51","TRIM5",4,2.16714123623121,5
"PGAM51","PGAM5",2,2.15756338898375,5
"RGS141","RGS14",4,2.80366822566073,5
"DCTN1-AS11","DCTN1-AS1",1,2.10394224151405,5
"GPRC5C1","GPRC5C",1,2.80568006400497,5
"NXPH31","NXPH3",5,2.76017886482105,5
"TSNAX1","TSNAX",2,2.02116864454367,5
"RAB3IL11","RAB3IL1",5,3.10710071976345,5
"DKK31","DKK3",2,2.57174894428973,5
"UNC13B1","UNC13B",5,2.3994310422563,5
"CADM41","CADM4",1,2.4657456964349,5
"DBNDD11","DBNDD1",1,2.64669819307801,5
"CDCA7L1","CDCA7L",4,2.4003295799214,5
"BEX21","BEX2",1,2.40347120571598,5
"AC006504.71","AC006504.7",4,2.53969491433498,5
"CYP4F31","CYP4F3",5,2.16395923961432,5
"SPAG51","SPAG5",4,2.35273307369882,5
"FCHSD11","FCHSD1",4,2.40605118185455,5
"PLAGL11","PLAGL1",5,3.30025273316447,5
"AC116667.11","AC116667.1",5,2.1715589296284,5
"ROBO31","ROBO3",5,2.10682923519747,5
"FGD21","FGD2",4,3.21808473922013,5
"ZNF7111","ZNF711",5,2.40628709039671,5
"AC124852.11","AC124852.1",3,2.29976019027823,5
"ITGA81","ITGA8",5,2.35074575962375,5
"TBC1D22B1","TBC1D22B",2,2.11237153853174,5
"CDC42-IT11","CDC42-IT1",4,2.39874569798635,5
"LUZP21","LUZP2",1,2.19864220933274,5
"UBA21","UBA2",2,2.0658483940665,5
"CASZ11","CASZ1",1,3.25347103250867,5
"CSRNP31","CSRNP3",5,2.62521229078329,5
"MNDA1","MNDA",3,2.49521382275765,5
"PHLDA11","PHLDA1",2,2.50008624246311,5
"MTERF31","MTERF3",2,2.00119609136368,5
"TDP11","TDP1",4,2.2472898131438,5
"KDM1B1","KDM1B",2,2.13602574458863,5
"HSD17B61","HSD17B6",2,2.92532261133777,5
"AUH1","AUH",1,2.2733014456261,5
"FAT31","FAT3",2,2.12407589943406,5
"PFKM1","PFKM",5,2.68390453965217,5
"KALRN1","KALRN",5,2.51888392585991,5
"LINC003241","LINC00324",4,2.3303331210727,5
"CALHM51","CALHM5",2,2.50687209373295,5
"P2RX11","P2RX1",4,2.70039002629668,5
"FBXL221","FBXL22",3,2.32069394333332,5
"TBL21","TBL2",2,2.27003306472652,5
"RASIP11","RASIP1",5,3.05862771390676,5
"KRT101","KRT10",2,2.58281156152236,5
"CHST31","CHST3",2,2.42008815638088,5
"Z95114.11","Z95114.1",1,2.48660655404994,5
"AGAP21","AGAP2",4,2.7083099582417,5
"ZNF529-AS11","ZNF529-AS1",4,1.99532714397961,5
"NABP21","NABP2",2,2.21421347666092,5
"ISOC11","ISOC1",2,2.11583474594297,5
"MUC161","MUC16",2,2.07696806995965,5
"HLA-DQA11","HLA-DQA1",4,2.91008531294795,5
"JMJD41","JMJD4",2,2.31551269123322,5
"SIAH11","SIAH1",2,2.22067283836775,5
"CHEK11","CHEK1",2,2.24871714752762,5
"NSRP1P11","NSRP1P1",5,2.09230332057106,5
"L3HYPDH1","L3HYPDH",2,2.0867249504046,5
"P2RX71","P2RX7",4,2.58313328179519,5
"LSR1","LSR",1,2.59700929249642,5
"PLA2G4C1","PLA2G4C",4,2.36348050750168,5
"MLF11","MLF1",5,2.44700618155916,5
"KLHL121","KLHL12",2,2.13525494043509,5
"GAB31","GAB3",4,2.85175843845936,5
"RHBDD11","RHBDD1",4,2.17761483795103,5
"TTC81","TTC8",5,2.3784394082272,5
"MEG91","MEG9",5,2.9586093420838,5
"RIPK31","RIPK3",4,2.79919829795762,5
"ACAA21","ACAA2",2,2.45811522255194,5
"MSTO11","MSTO1",2,2.24262239741938,5
"CYP26B11","CYP26B1",2,2.43800618407271,5
"GSR1","GSR",2,2.37010858762322,5
"NUP431","NUP43",5,2.06408998951586,5
"ZC2HC1C1","ZC2HC1C",1,2.38661966665435,5
"FAM92A1","FAM92A",5,2.38492083950911,5
"MYEF21","MYEF2",1,2.32514252199353,5
"ZFPM21","ZFPM2",5,2.4823356759154,5
"GPHN1","GPHN",5,2.25083345539154,5
"GABPB11","GABPB1",2,2.25940436494291,5
"ZNF75D1","ZNF75D",4,2.38574508037949,5
"RALGPS21","RALGPS2",4,2.8287420509148,5
"TUSC11","TUSC1",5,2.46529246610695,5
"SLC25A331","SLC25A33",1,2.26639293758105,5
"NOD21","NOD2",4,2.71094524709623,5
"SPINT21","SPINT2",1,3.56007661668519,5
"SLC25A421","SLC25A42",4,2.62085580412425,5
"NEMP11","NEMP1",4,2.20098683735227,5
"MTHFD21","MTHFD2",2,2.24236475318243,5
"NRXN11","NRXN1",5,2.03793594276782,5
"ACAT21","ACAT2",2,2.10010690205291,5
"SLC41A11","SLC41A1",5,2.21336216037071,5
"AC124947.11","AC124947.1",4,2.0982705311273,5
"PCDH121","PCDH12",5,2.58964783304564,5
"PRC11","PRC1",2,2.45217355826666,5
"MTHFD2L1","MTHFD2L",5,2.08575770322182,5
"UNC1191","UNC119",4,2.39940810252052,5
"SEMA3A1","SEMA3A",5,2.20747074453266,5
"GEMIN61","GEMIN6",2,1.91426336091923,5
"C1QTNF11","C1QTNF1",5,2.55773401615777,5
"TNFRSF41","TNFRSF4",4,2.60415510574675,5
"BET11","BET1",2,2.0468515000844,5
"GLI21","GLI2",3,2.55253872542607,5
"SLC25A251","SLC25A25",5,2.39474380317248,5
"PANX11","PANX1",2,2.6091009558664,5
"DENND5B1","DENND5B",4,2.37905728753116,5
"TCEA21","TCEA2",5,2.28586822111429,5
"FANCM1","FANCM",3,2.55120694584863,5
"ZNRF21","ZNRF2",3,2.03333976002398,5
"EPHA21","EPHA2",5,2.56268720630675,5
"C2orf27A1","C2orf27A",3,2.58322225667626,5
"GFI11","GFI1",4,3.05805984867513,5
"PRKX1","PRKX",2,2.4595270895352,5
"TTF21","TTF2",4,2.47742600718798,5
"CAMK2B1","CAMK2B",1,2.58041975518488,5
"EED1","EED",4,2.2075434059843,5
"FANCI1","FANCI",4,2.61133317791419,5
"AC010226.11","AC010226.1",5,2.50915932215205,5
"AL683813.21","AL683813.2",5,2.41551019568724,5
"ALKAL21","ALKAL2",5,2.24827405390277,5
"METTL151","METTL15",5,2.10146644084792,5
"C9orf641","C9orf64",5,2.1468972663987,5
"BUD131","BUD13",5,2.16927755280469,5
"SCNN1B1","SCNN1B",1,2.21519880492233,5
"PPP2R3A1","PPP2R3A",3,2.37985617309558,5
"EXTL31","EXTL3",5,2.27392635424415,5
"SLC24A31","SLC24A3",5,2.12959632664452,5
"KREMEN11","KREMEN1",5,3.01562893130418,5
"TAF5L1","TAF5L",2,2.21493980374529,5
"RERGL1","RERGL",5,2.48420611869937,5
"PHF5A1","PHF5A",2,2.21690087598464,5
"EAF11","EAF1",2,2.25954747658947,5
"AL356273.61","AL356273.6",5,2.34333167957406,5
"RSPH31","RSPH3",1,2.09804966391061,5
"DNAJB11","DNAJB1",3,1.98978609920759,5
"HCCS1","HCCS",2,2.23134589219297,5
"FADS11","FADS1",2,2.36107389280272,5
"TOR1A1","TOR1A",2,2.42116722077272,5
"OLFM11","OLFM1",5,3.23484302211794,5
"MAP71","MAP7",1,2.97967056315024,5
"SOCS51","SOCS5",5,2.39206565462364,5
"AC092807.41","AC092807.4",2,2.20699434614302,5
"BYSL1","BYSL",2,2.06749178008659,5
"FLYWCH11","FLYWCH1",5,2.30488490960138,5
"ADAMTSL41","ADAMTSL4",5,2.56602533331163,5
"RNF51","RNF5",4,2.03996097994959,5
"CD300LF1","CD300LF",4,2.50360797639872,5
"EOGT1","EOGT",2,2.70626486985311,5
"DNMBP1","DNMBP",5,2.83520600439066,5
"C3orf621","C3orf62",5,2.04420744335417,5
"PHLPP11","PHLPP1",1,2.39283486587591,5
"RIOK21","RIOK2",5,2.29106893239801,5
"SAMD111","SAMD11",5,2.61324326985792,5
"AC004918.11","AC004918.1",2,2.28823527637363,5
"AL390728.41","AL390728.4",4,2.65043230567216,5
"CYYR11","CYYR1",5,2.72231601599975,5
"WNT111","WNT11",5,3.08077906393919,5
"CKS1B1","CKS1B",2,2.3402095266836,5
"YPEL41","YPEL4",5,2.96027698903334,5
"ARHGEF151","ARHGEF15",5,2.97035665668932,5
"AC018500.11","AC018500.1",3,3.40609613634911,5
"KRT6A1","KRT6A",3,2.46334156492415,5
"GSTCD1","GSTCD",5,1.89584663387936,5
"NDUFAF61","NDUFAF6",4,2.09841193421432,5
"AL356534.11","AL356534.1",5,2.40926823779065,5
"NT5DC31","NT5DC3",1,2.13453941591481,5
"CDCA51","CDCA5",2,2.51447690709979,5
"IGFL21","IGFL2",3,2.48455384121068,5
"RTTN1","RTTN",5,2.3765719730251,5
"RNF61","RNF6",5,1.99864383661607,5
"ARMCX21","ARMCX2",5,2.52823474270824,5
"SYK1","SYK",4,3.04974989809607,5
"RNF431","RNF43",1,2.85513599095625,5
"ONECUT21","ONECUT2",1,2.24672483729699,5
"MRPL241","MRPL24",2,2.21981744316784,5
"ARPIN1","ARPIN",5,2.46810448900351,5
"USP211","USP21",2,2.1547668407539,5
"LYSMD21","LYSMD2",4,2.73009352366753,5
"CDKN2C1","CDKN2C",5,2.8597173024749,5
"TTLL71","TTLL7",1,2.33967330916178,5
"WDR661","WDR66",5,2.35779828827006,5
"STARD91","STARD9",5,3.32320833731802,5
"ST3GAL41","ST3GAL4",5,2.2152052394729,5
"FRY1","FRY",5,2.43802016937059,5
"CR381670.11","CR381670.1",5,2.71849931301741,5
"AC011379.21","AC011379.2",5,2.67835340029407,5
"CARD61","CARD6",3,2.33279374177825,5
"SUSD21","SUSD2",5,2.39367503780787,5
"AL035071.11","AL035071.1",5,2.15231563599,5
"SNORD131","SNORD13",4,2.86878123279711,5
"BCKDHB1","BCKDHB",1,2.17426071018184,5
"PIGL1","PIGL",4,2.24090314273244,5
"RNF1661","RNF166",4,2.53770373784092,5
"TRPV21","TRPV2",4,2.55011763399041,5
"MOB3B1","MOB3B",5,2.91911907506808,5
"APLNR1","APLNR",5,2.39345744415875,5
"EID21","EID2",3,2.30738924094529,5
"AC006504.51","AC006504.5",4,2.13661429096545,5
"NRP21","NRP2",2,2.89029199454156,5
"ADM51","ADM5",5,2.84186548883329,5
"ZNF2081","ZNF208",5,2.31189251920316,5
"PCBP41","PCBP4",5,2.54525838518214,5
"BTBD31","BTBD3",5,2.32060562674751,5
"AOC31","AOC3",5,3.22890599775728,5
"ANK21","ANK2",5,3.47661364304045,5
"PDIK1L1","PDIK1L",4,1.99517027925237,5
"TESK11","TESK1",2,2.22433622113155,5
"SMIM101","SMIM10",5,2.78223374224172,5
"TMEM2041","TMEM204",5,2.63235827807977,5
"CDC201","CDC20",2,2.56869465428668,5
"MSRA1","MSRA",5,2.30255622210848,5
"MFSD51","MFSD5",2,2.71575055275953,5
"TMEM981","TMEM98",5,2.93045925030475,5
"UCK21","UCK2",2,2.30096268576696,5
"RBM4B1","RBM4B",3,2.01341776719187,5
"LINC008941","LINC00894",3,2.46737427442706,5
"RPRD1A1","RPRD1A",2,2.28982568146206,5
"CDKL51","CDKL5",2,2.296039365084,5
"ALG141","ALG14",5,2.08475925582797,5
"KRIT11","KRIT1",5,2.23077689975253,5
"COA61","COA6",3,2.43475027735472,5
"RAPGEF61","RAPGEF6",4,2.79106324031123,5
"JAM31","JAM3",5,2.79424397952834,5
"ASCC21","ASCC2",2,2.17234621327975,5
"ZNF542P1","ZNF542P",5,2.20129786551425,5
"WDR51","WDR5",2,2.06674160470606,5
"ARVCF1","ARVCF",1,2.45721707907662,5
"TSPAN331","TSPAN33",4,2.74919966882671,5
"AC130895.11","AC130895.1",5,2.31882888147546,5
"TXNDC171","TXNDC17",2,2.55000257164797,5
"TRAM2-AS11","TRAM2-AS1",5,2.34794260053454,5
"CREB51","CREB5",5,2.8341938464906,5
"RPL11P31","RPL11P3",5,2.29773659334275,5
"GEMIN41","GEMIN4",1,2.27044035140973,5
"GATB1","GATB",4,2.01125082307242,5
"VPS9D11","VPS9D1",2,2.42558366928853,5
"ARAF1","ARAF",2,2.23792687107025,5
"MALINC11","MALINC1",3,2.43376083587762,5
"PSD41","PSD4",4,3.34345507510304,5
"RAD51AP11","RAD51AP1",2,2.34403925907134,5
"UBXN2B1","UBXN2B",2,2.32533339168849,5
"NEK111","NEK11",5,2.23755654510057,5
"FMC11","FMC1",2,2.00070304652944,5
"MYCBP1","MYCBP",1,1.9803505661956,5
"ZFYVE281","ZFYVE28",2,2.14288141562176,5
"RNF1221","RNF122",5,2.28448591755535,5
"WDR891","WDR89",4,2.02818699719095,5
"UNC13D1","UNC13D",4,2.8810713401088,5
"SLC22A231","SLC22A23",1,2.19426008178643,5
"GLE11","GLE1",2,2.11077008926802,5
"AL357568.21","AL357568.2",5,2.44539991914828,5
"ACYP11","ACYP1",5,2.12343373007777,5
"ABCA31","ABCA3",1,2.59757850053408,5
"WIPF31","WIPF3",1,2.17927458694047,5
"FCGR2B1","FCGR2B",3,2.41808268007879,5
"RP9P1","RP9P",5,2.73745270029669,5
"GEN11","GEN1",4,2.58841306724945,5
"PRF11","PRF1",4,2.99344598111288,5
"DUSP141","DUSP14",2,2.35841752158756,5
"TSPAN321","TSPAN32",4,3.23289287309837,5
"PLEK1","PLEK",4,3.35948651363148,5
"KIF141","KIF14",4,2.20036203891708,5
"ACKR21","ACKR2",5,2.43529349252974,5
"LINC023281","LINC02328",4,2.53715029828209,5
"LINC008471","LINC00847",4,2.32490131935715,5
"VASH21","VASH2",5,2.31763780764135,5
"MPP11","MPP1",2,2.15440861375611,5
"FANCL1","FANCL",1,2.10228838614355,5
"RAB40B1","RAB40B",5,2.37253710171379,5
"RAB231","RAB23",2,2.73066759698107,5
"LONRF11","LONRF1",5,3.02131968850367,5
"GNAO11","GNAO1",5,2.25105222648291,5
"TRAPPC2L1","TRAPPC2L",4,2.09998547855243,5
"TDRD101","TDRD10",5,3.02447545121904,5
"C5orf221","C5orf22",2,1.9996521697943,5
"COA71","COA7",2,2.08181711389095,5
"PIGW1","PIGW",2,2.14192855341906,5
"ASTN11","ASTN1",5,3.23248012626375,5
"PPFIBP21","PPFIBP2",1,2.15959762600375,5
"SPACA61","SPACA6",5,2.19003097617772,5
"SLC37A11","SLC37A1",4,2.18863745588263,5
"BRCA21","BRCA2",4,2.82621523101778,5
"ARHGEF191","ARHGEF19",2,2.41148830810802,5
"DENND4C1","DENND4C",5,2.54812613844084,5
"PLCD31","PLCD3",5,2.26090802863971,5
"KCNN31","KCNN3",5,2.12747281270144,5
"NSMCE21","NSMCE2",2,2.25323996381767,5
"NFKBIE1","NFKBIE",4,2.5711606617037,5
"H2BC20P1","H2BC20P",4,2.45999514637294,5
"GRASP1","GRASP",5,2.9010618227644,5
"SAYSD11","SAYSD1",2,2.22677835869156,5
"ZBTB51","ZBTB5",2,2.10989104405388,5
"ZNF4231","ZNF423",5,3.03803157365954,5
"GPRC5B1","GPRC5B",5,2.57926305242327,5
"TMEM30B1","TMEM30B",1,2.6522779085014,5
"PKN31","PKN3",5,2.29359167858092,5
"BAIAP2L11","BAIAP2L1",1,2.63704698491478,5
"CAD1","CAD",2,2.07454263533206,5
"KLHDC11","KLHDC1",5,2.77485164806364,5
"SLC39A111","SLC39A11",3,2.06382379795591,5
"PHKG21","PHKG2",2,2.10858681972753,5
"WDR271","WDR27",5,2.31731714053767,5
"SECTM11","SECTM1",5,2.25976905969328,5
"KL1","KL",5,3.11188314712048,5
"IGHA22","IGHA2",6,2.98959999295788,6
"AC092069.12","AC092069.1",2,7.96265946475561,6
"IGHG42","IGHG4",3,4.11816419347414,6
"MUCL12","MUCL1",5,5.4067036603222,6
"PIP2","PIP",5,5.84369141767022,6
"FDCSP2","FDCSP",3,4.09746050869994,6
"COL11A12","COL11A1",1,6.21466517272094,6
"IGLC72","IGLC7",3,2.89457690526239,6
"IGLC32","IGLC3",3,2.85215847298338,6
"IGHG12","IGHG1",3,4.39081693957619,6
"HLA-DRB52","HLA-DRB5",1,3.12203707954025,6
"MTND3P192","MTND3P19",4,2.30225617394262,6
"IGHG32","IGHG3",3,3.98510645751087,6
"CXCL92","CXCL9",3,5.13390455058091,6
"IGHGP2","IGHGP",3,3.48034946562877,6
"DHRS22","DHRS2",5,5.06513709873324,6
"MMP92","MMP9",1,3.88474590297831,6
"IGLC22","IGLC2",3,3.36113221101472,6
"ANKRD30A2","ANKRD30A",4,3.5376687246779,6
"SCGB2A22","SCGB2A2",4,4.33184462440131,6
"MMP132","MMP13",1,5.01075381372996,6
"ALOX15B2","ALOX15B",5,4.55488364399425,6
"CXCL132","CXCL13",3,4.73946083737303,6
"COL10A12","COL10A1",1,5.86615152657837,6
"UGT2B112","UGT2B11",5,4.77665130334448,6
"MS4A12","MS4A1",3,5.63640059081746,6
"COMP2","COMP",1,5.51645172528857,6
"CXCL102","CXCL10",3,3.94986919560617,6
"KRT812","KRT81",1,3.43045217103412,6
"MMP112","MMP11",1,5.41759595770938,6
"PIGR2","PIGR",4,4.19504300624299,6
"PENK2","PENK",6,4.53447869436151,6
"MMP72","MMP7",4,3.72920060300509,6
"MMP17","MMP1",1,4.5824781163426,6
"CCL192","CCL19",3,5.51296492929581,6
"HLA-DRB62","HLA-DRB6",3,2.62112173985403,6
"TAC12","TAC1",6,3.53341028196213,6
"KRT152","KRT15",4,5.23595566617423,6
"PLA2G2A2","PLA2G2A",5,3.81592316220549,6
"LTF2","LTF",4,3.88503870974875,6
"CALML52","CALML5",4,3.95541163085421,6
"LRRC152","LRRC15",1,5.52673353411407,6
"AC008440.12","AC008440.1",2,6.26639342062738,6
"IGHG22","IGHG2",3,3.3966271030538,6
"SPP12","SPP1",1,4.41594518544897,6
"ADH1B2","ADH1B",5,4.46902688041176,6
"DLK12","DLK1",6,4.30286042936352,6
"HMGCS22","HMGCS2",5,4.65992807496684,6
"PI162","PI16",6,3.59620470891515,6
"HBB2","HBB",5,4.14342545515402,6
"SLPI2","SLPI",4,5.05837154299274,6
"AKR1B152","AKR1B15",5,4.4409284765956,6
"TFF32","TFF3",5,4.17047893114931,6
"KRT192","KRT19",4,5.31938316195343,6
"FNDC12","FNDC1",1,5.39472675951246,6
"AC022784.12","AC022784.1",6,2.90136630075822,6
"SERHL22","SERHL2",5,4.5407161657062,6
"AZGP12","AZGP1",4,5.41793225823624,6
"KRT142","KRT14",4,3.8957706189815,6
"LINC009932","LINC00993",4,3.52884610217597,6
"DCX2","DCX",6,4.58580759914842,6
"SCGB1D22","SCGB1D2",4,3.54475385026426,6
"GJB22","GJB2",1,5.06299605276159,6
"HLA-DQA22","HLA-DQA2",3,2.96557378831256,6
"VEGFD2","VEGFD",6,4.50917002436181,6
"GABRP2","GABRP",4,4.71003628686818,6
"ACSM12","ACSM1",5,4.19276069751997,6
"IGHD2","IGHD",3,3.60568963447322,6
"RPL102","RPL10",1,2.73115717880188,6
"AC104984.42","AC104984.4",2,5.62693469751563,6
"CRABP12","CRABP1",6,3.5076830307295,6
"GSTM52","GSTM5",5,4.38716343629607,6
"CCL212","CCL21",5,2.88134258496017,6
"CEMIP2","CEMIP",1,4.3695145365237,6
"ALX42","ALX4",6,4.88843787404217,6
"MMP32","MMP3",1,2.97928302008914,6
"UGT2B282","UGT2B28",5,4.14532130184609,6
"CR22","CR2",3,3.92218599059074,6
"CCR72","CCR7",3,4.80480643988436,6
"HBA22","HBA2",5,3.65607896765581,6
"CCL182","CCL18",3,3.34135767266403,6
"AC137932.32","AC137932.3",2,6.00870445019634,6
"SCARA52","SCARA5",6,4.04971382939548,6
"IL62","IL6",5,4.38234868996427,6
"FABP42","FABP4",5,3.85014587161469,6
"FOXA12","FOXA1",4,4.14078252733891,6
"ALDH3B22","ALDH3B2",5,4.34985342346492,6
"S100A82","S100A8",5,3.49247375856948,6
"KRT6B2","KRT6B",4,3.76366275137513,6
"OLR12","OLR1",1,4.17280420623883,6
"AGR22","AGR2",4,3.89628478845991,6
"CXCL14","CXCL1",5,2.65304580936731,6
"CLDN42","CLDN4",4,4.90362586597975,6
"LYVE12","LYVE1",5,3.59344594540102,6
"SELE2","SELE",5,3.15016039550632,6
"GPC32","GPC3",6,4.07810105452339,6
"ELF52","ELF5",4,4.21457385374466,6
"FOSB2","FOSB",5,4.56346065694263,6
"OXTR2","OXTR",4,3.7193990980779,6
"PLIN12","PLIN1",5,3.43666585986348,6
"SBSPON2","SBSPON",6,3.87730611869382,6
"ANKRD20A11P2","ANKRD20A11P",6,4.07834285471756,6
"CXCL112","CXCL11",3,3.34687280390913,6
"INHBA2","INHBA",1,5.08098989242454,6
"MIR205HG2","MIR205HG",4,4.49686148173507,6
"LTB2","LTB",3,5.19752847802947,6
"S100A22","S100A2",1,3.02310923659813,6
"PTGS22","PTGS2",5,3.67129670626096,6
"HBA12","HBA1",5,3.80233512416496,6
"IGHM2","IGHM",3,4.17406395837829,6
"CCL282","CCL28",4,4.46364768975724,6
"KRT52","KRT5",4,3.99507675125251,6
"PTX32","PTX3",5,3.65793855790064,6
"TFAP2B2","TFAP2B",4,3.96098647600513,6
"PI152","PI15",4,3.09788807489563,6
"ABCC112","ABCC11",5,4.26506304710133,6
"CAPN62","CAPN6",6,4.50910790465201,6
"ACTG22","ACTG2",4,3.6387695224132,6
"THBS42","THBS4",2,2.85327602498812,6
"S100A142","S100A14",4,4.053602598046,6
"HPGD2","HPGD",5,4.38751761858578,6
"LONRF22","LONRF2",6,3.97516312133711,6
"EDIL32","EDIL3",1,4.25814236603567,6
"CLDN32","CLDN3",4,4.60742860662615,6
"FCGR3A2","FCGR3A",1,4.31241220633053,6
"NR4A32","NR4A3",5,4.01695133206403,6
"CD79A2","CD79A",3,4.78725224861279,6
"FCRL52","FCRL5",3,4.71212554683125,6
"HPSE22","HPSE2",6,4.27091995081811,6
"SPDEF2","SPDEF",4,4.14128459871135,6
"CD242","CD24",4,4.41224024859482,6
"SELL2","SELL",3,5.00848537366249,6
"S100A12","S100A1",4,3.63982158474484,6
"VTCN12","VTCN1",4,4.19156860205264,6
"KRT172","KRT17",4,4.08063785500363,6
"PLIN42","PLIN4",5,3.32145106971787,6
"COL17A12","COL17A1",4,3.43022757746799,6
"ADIPOQ2","ADIPOQ",5,3.31154447285633,6
"S100A92","S100A9",5,3.31087871308965,6
"ELF32","ELF3",4,4.51069897599208,6
"COL8A12","COL8A1",1,5.06270145203964,6
"COL6A62","COL6A6",6,3.53954679773661,6
"CLDN13","CLDN1",1,3.26454926795841,6
"TAT2","TAT",4,2.94463463168131,6
"PRG42","PRG4",5,3.50812924753416,6
"MMRN12","MMRN1",6,3.24678249731857,6
"CHI3L12","CHI3L1",4,2.61451954478945,6
"AREG2","AREG",4,2.48508439446827,6
"LINC008612","LINC00861",3,4.76773789815313,6
"WIF12","WIF1",6,2.71706506383911,6
"C72","C7",5,4.30171101349026,6
"ABCA102","ABCA10",6,4.10992784006948,6
"ZG16B2","ZG16B",4,4.52596298360341,6
"BANK12","BANK1",3,4.48263672526951,6
"WFDC22","WFDC2",4,4.24326282758046,6
"AKR1C22","AKR1C2",5,3.77857533658617,6
"NIBAN32","NIBAN3",3,4.5289385218105,6
"TIGIT2","TIGIT",3,4.56075706406096,6
"KRT72","KRT7",4,5.02501309948346,6
"LAMP32","LAMP3",3,4.08947093882568,6
"GFRA12","GFRA1",6,3.09682822038931,6
"SOCS32","SOCS3",5,3.77997513717077,6
"KIF26B2","KIF26B",1,4.59447198726835,6
"TNN2","TNN",6,3.89957863928714,6
"STC22","STC2",4,3.71032024411361,6
"GBP52","GBP5",3,4.1759757321932,6
"FREM12","FREM1",6,4.23526232984695,6
"APOC12","APOC1",3,2.83924876252515,6
"POU2AF12","POU2AF1",3,4.41817564368154,6
"CILP22","CILP2",1,4.18996414417493,6
"EPCAM2","EPCAM",4,4.710896688386,6
"PROM12","PROM1",4,3.99727804201305,6
"ECRG42","ECRG4",6,2.95941950136835,6
"S100P2","S100P",1,3.33784705239252,6
"SCN7A2","SCN7A",5,2.91729204198318,6
"ADAMDEC12","ADAMDEC1",3,3.92434779014427,6
"KLK52","KLK5",4,3.90679001394329,6
"SCGB3A12","SCGB3A1",4,3.3637290126416,6
"MZB12","MZB1",3,4.27848920363486,6
"RASD12","RASD1",5,3.46835540477316,6
"MAL22","MAL2",4,4.15815885291526,6
"LEPR2","LEPR",5,3.68302156072842,6
"CD300LG2","CD300LG",6,3.74980193634152,6
"OGN2","OGN",6,3.8630668631527,6
"MKI672","MKI67",3,3.171681498208,6
"ITGB62","ITGB6",4,3.94177206849159,6
"TCL1A2","TCL1A",3,4.31561058079512,6
"CD222","CD22",3,4.10042972456621,6
"ZBTB162","ZBTB16",5,3.25411225595996,6
"FCMR2","FCMR",3,4.6493772893542,6
"AL354740.12","AL354740.1",2,5.83661234780269,6
"TMEM59L2","TMEM59L",6,3.86307717720016,6
"G0S22","G0S2",5,3.55505729380389,6
"AC009107.22","AC009107.2",2,5.60242348812049,6
"C2CD4B2","C2CD4B",5,3.33003388977133,6
"IL322","IL32",3,3.38234651570428,6
"CXCL82","CXCL8",5,3.02323788901774,6
"STRA62","STRA6",6,3.72447666009534,6
"HSPB62","HSPB6",6,3.64268558465517,6
"STAC22","STAC2",4,3.79490919181618,6
"AL391097.32","AL391097.3",2,5.30710781394733,6
"NR4A22","NR4A2",5,4.04474023856084,6
"ADCYAP12","ADCYAP1",6,3.17878612106569,6
"CXCL22","CXCL2",5,4.17241717266912,6
"ANKRD36BP22","ANKRD36BP2",3,3.83008855380864,6
"MPV17L2","MPV17L",5,3.85630652990733,6
"IL4I12","IL4I1",3,3.00749838244067,6
"TNFRSF13C2","TNFRSF13C",3,4.44449919970378,6
"MT1A2","MT1A",5,3.49110674950251,6
"CHIT12","CHIT1",3,2.54599425795472,6
"TFF12","TFF1",2,2.51655715446338,6
"KIAA13242","KIAA1324",4,4.21732800593463,6
"RNU6-826P2","RNU6-826P",6,2.90520290185586,6
"ADAM332","ADAM33",6,4.41430398843224,6
"GPC62","GPC6",1,4.25270259857696,6
"PAX52","PAX5",3,4.3689469673747,6
"CLDN82","CLDN8",4,3.94461197117818,6
"CDH12","CDH1",4,4.94409293846585,6
"FABP72","FABP7",4,2.67669421219627,6
"TACSTD22","TACSTD2",4,4.91748091056691,6
"TOP2A2","TOP2A",1,2.86555522016349,6
"CCL132","CCL13",5,2.67045805473185,6
"MUC12","MUC1",4,4.13402165605235,6
"LAMC32","LAMC3",6,4.02237550529474,6
"DES2","DES",2,2.44977493892643,6
"APOD2","APOD",5,3.6917869468932,6
"RPS182","RPS18",6,2.62250130805793,6
"SOX112","SOX11",1,3.18080057772293,6
"RNU6-618P2","RNU6-618P",3,2.73247853673414,6
"IDO12","IDO1",3,3.76995173919799,6
"CFD2","CFD",5,4.41378143171515,6
"DSC32","DSC3",4,3.93332515306968,6
"LCK2","LCK",3,4.58385724207039,6
"PEG102","PEG10",4,2.83630563855959,6
"SAA12","SAA1",5,3.45220729369454,6
"GALNT162","GALNT16",6,4.27936742976139,6
"LPL2","LPL",6,3.14466351045489,6
"MTND1P232","MTND1P23",5,2.26692349017114,6
"LAMP52","LAMP5",1,3.58058621155407,6
"KRT232","KRT23",4,3.3637907696622,6
"TFAP2A2","TFAP2A",4,4.77181565249249,6
"GZMK2","GZMK",3,4.24137428638724,6
"TRBC12","TRBC1",3,4.76198158583306,6
"MLPH2","MLPH",5,3.42800412492726,6
"GZMB2","GZMB",3,3.58755245237779,6
"CCN42","CCN4",1,4.1332803856537,6
"RPS262","RPS26",6,2.41766962841291,6
"TRAC2","TRAC",3,4.54086381073749,6
"SLAMF82","SLAMF8",3,3.3855897198624,6
"CYP2B7P2","CYP2B7P",5,2.95505420024677,6
"EIF5A2","EIF5A",1,2.64260233986497,6
"CHRDL12","CHRDL1",5,3.7292459700515,6
"LINC009262","LINC00926",3,3.82004864538524,6
"FASN2","FASN",4,3.4087743257324,6
"DIO22","DIO2",2,2.89619515629173,6
"CNTN12","CNTN1",6,4.10277502783603,6
"RELN2","RELN",6,4.11748227905749,6
"TMEM1582","TMEM158",1,3.48087504341894,6
"AARD2","AARD",4,3.38057100821002,6
"FAM30A2","FAM30A",3,4.09078008386285,6
"IGSF102","IGSF10",6,4.21669178996832,6
"CCL222","CCL22",3,3.23402146048782,6
"PDGFD2","PDGFD",6,4.17088973372507,6
"TRIM292","TRIM29",4,4.14017415882825,6
"P2RY102","P2RY10",3,4.16892012928097,6
"KLK72","KLK7",4,3.24309972093355,6
"RSAD22","RSAD2",1,2.99460852053321,6
"SPIB2","SPIB",3,4.47032237940479,6
"TPSB22","TPSB2",6,2.9806512493524,6
"CTSG2","CTSG",5,3.34127318050792,6
"PTGFR2","PTGFR",5,3.76349480928546,6
"HLF2","HLF",6,3.2347062915414,6
"SPINK82","SPINK8",5,4.06939898589509,6
"CD3D2","CD3D",3,4.38012107171138,6
"ABCA82","ABCA8",6,3.54291781006832,6
"MAB21L12","MAB21L1",6,4.22336463125731,6
"BTNL92","BTNL9",6,3.37408948464292,6
"ADAMTS82","ADAMTS8",6,3.3477404300039,6
"CCL3L32","CCL3L3",2,2.23475487516091,6
"TFCP2L12","TFCP2L1",4,3.98165023363564,6
"TFAP2C2","TFAP2C",4,4.26321977996828,6
"ABCA92","ABCA9",6,3.81390128818267,6
"IRF82","IRF8",3,3.79036341669073,6
"ADGRD22","ADGRD2",4,3.08706893461627,6
"GNLY2","GNLY",3,3.77605149639183,6
"MEDAG2","MEDAG",5,3.83537401285483,6
"IGLL52","IGLL5",3,3.12163004497652,6
"OSR12","OSR1",6,3.59877673420265,6
"C15orf482","C15orf48",1,2.91542935737878,6
"RPL212","RPL21",6,2.34181324639228,6
"NQO12","NQO1",5,3.1756128750468,6
"MEOX12","MEOX1",6,3.85457383624059,6
"SNORC2","SNORC",4,3.66841979623238,6
"SOX102","SOX10",4,4.02855814981294,6
"ESM12","ESM1",1,3.21593114368708,6
"CD482","CD48",3,4.19167301702002,6
"PIM22","PIM2",3,4.1409806665207,6
"ISG202","ISG20",3,4.10147977583198,6
"IL1B2","IL1B",5,3.08647639578331,6
"HAS12","HAS1",5,3.38331293787487,6
"PER12","PER1",6,2.98697336386145,6
"CCL82","CCL8",5,3.16816485115692,6
"SERPINA52","SERPINA5",4,2.69037748166996,6
"DHCR242","DHCR24",4,3.57428417364861,6
"PLAUR2","PLAUR",1,4.23293248680661,6
"MT1X2","MT1X",6,2.40212257925163,6
"PLA2G2D2","PLA2G2D",3,4.12978471909374,6
"FCGBP2","FCGBP",1,2.63389714044345,6
"ZAP702","ZAP70",3,4.59644975499655,6
"CD192","CD19",3,4.29111081042996,6
"ESRP12","ESRP1",4,4.45520077885365,6
"MT1M2","MT1M",5,3.56112094229537,6
"SULF12","SULF1",1,4.70582031480876,6
"SYNM2","SYNM",4,3.51975870434514,6
"AC103591.32","AC103591.3",3,2.81314066899663,6
"TMEM1302","TMEM130",6,4.16504580748827,6
"FADS22","FADS2",4,2.60094444909231,6
"AQP32","AQP3",5,2.9401107665619,6
"SERPINE12","SERPINE1",1,3.77787693066829,6
"SLC11A12","SLC11A1",1,3.37356335529249,6
"NAPSB2","NAPSB",3,3.73838169978517,6
"FGF102","FGF10",6,3.88532439222768,6
"SPTBN12","SPTBN1",2,3.45532835440002,6
"PON32","PON3",5,3.05560974520442,6
"CCN32","CCN3",1,2.62241920319455,6
"ADM2","ADM",5,2.98375126317363,6
"RBP72","RBP7",6,3.33113976652754,6
"MAMDC22","MAMDC2",6,3.7090553340492,6
"CALML32","CALML3",4,3.29789144005055,6
"SERPINB52","SERPINB5",4,3.65137397748568,6
"OAS22","OAS2",3,3.42746737898173,6
"CENPF2","CENPF",4,2.65319361557542,6
"ASPM2","ASPM",3,2.72592486895354,6
"MT2A2","MT2A",1,3.10262119925497,6
"KRT182","KRT18",4,4.56973580190513,6
"AGR32","AGR3",4,2.70429619672226,6
"SCD2","SCD",5,3.18185921015557,6
"CD382","CD38",3,4.03320903578454,6
"SRP92","SRP9",1,2.33502106564375,6
"COLGALT22","COLGALT2",6,3.61946478065009,6
"SNORA2B2","SNORA2B",6,2.64324121922949,6
"PARP152","PARP15",3,4.19884756388615,6
"AQP52","AQP5",4,3.51003926538989,6
"FCER1A2","FCER1A",5,2.53394176818725,6
"KLF52","KLF5",4,3.3933830903935,6
"NUP2102","NUP210",3,3.823851695978,6
"C1QTNF32","C1QTNF3",1,3.77403447702859,6
"VOPP12","VOPP1",1,2.97007919007927,6
"TRBC22","TRBC2",3,4.73201954308178,6
"ADH1C2","ADH1C",6,3.00734606245986,6
"MATN32","MATN3",1,4.04566884683095,6
"CRACR2B2","CRACR2B",4,4.18782382281524,6
"ZBP12","ZBP1",3,3.91552434722631,6
"PLA2G72","PLA2G7",3,3.05091318788997,6
"THSD42","THSD4",6,3.39863410621972,6
"KLK62","KLK6",4,3.22598382111965,6
"IGHA12","IGHA1",6,2.73741478047854,6
"RPL10P92","RPL10P9",4,2.55320512396721,6
"ACKR12","ACKR1",6,3.26379527625814,6
"TMEM14C2","TMEM14C",1,2.85219628630493,6
"IER22","IER2",5,2.96885027225537,6
"SFN2","SFN",4,3.75926327100222,6
"ESR12","ESR1",4,2.55870346999749,6
"LAMB32","LAMB3",4,3.82339652160933,6
"DKK22","DKK2",6,3.16948296875297,6
"CCN52","CCN5",5,3.60604007910124,6
"RPS72","RPS7",1,2.5118747889031,6
"ZC3H12D2","ZC3H12D",3,3.99965660848467,6
"IRF42","IRF4",3,3.98825352597812,6
"AOX12","AOX1",5,4.02182602861074,6
"CACNA1G2","CACNA1G",6,3.93326592096069,6
"EPPK12","EPPK1",4,3.72697461768106,6
"OSR22","OSR2",5,3.0288395889619,6
"TNS42","TNS4",4,3.65801202966224,6
"SPRY22","SPRY2",6,3.70660340541889,6
"MIA2","MIA",4,3.76581075208853,6
"SPOCK22","SPOCK2",3,4.2753648678266,6
"TBC1D10C2","TBC1D10C",3,4.82459511479683,6
"LRRC172","LRRC17",6,4.04553738073648,6
"CD3E2","CD3E",3,4.35341900594928,6
"CH25H2","CH25H",6,3.11636416002872,6
"NEK102","NEK10",4,2.98212936944217,6
"DERL32","DERL3",3,3.52114147519345,6
"FCRL32","FCRL3",3,4.39490686662854,6
"SYT82","SYT8",4,3.89343862189098,6
"CD522","CD52",3,4.75515228861403,6
"RGS12","RGS1",3,2.82537899633244,6
"LIF2","LIF",5,2.79931143340459,6
"IRX12","IRX1",4,3.73423056346412,6
"GRHL12","GRHL1",4,3.88837249537633,6
"H2BC82","H2BC8",4,2.88151894840763,6
"ERBB32","ERBB3",4,4.74141425440178,6
"MAOB2","MAOB",6,2.76375792671927,6
"TK12","TK1",4,2.73490190317089,6
"PAMR12","PAMR1",6,3.50460536136183,6
"CA122","CA12",4,3.42780508820212,6
"ROCR2","ROCR",4,4.11956077534607,6
"PTN2","PTN",6,3.14855188798652,6
"C1QBP2","C1QBP",1,2.44670052257664,6
"PRSS82","PRSS8",4,4.27192459523128,6
"C3orf802","C3orf80",1,3.77337870244045,6
"KLHL132","KLHL13",6,2.75683021014722,6
"LGALS92","LGALS9",3,2.83486056291755,6
"CD62","CD6",3,4.50942974179914,6
"TREM22","TREM2",1,3.32613798230972,6
"MT-TK2","MT-TK",6,2.19667090278576,6
"NTRK22","NTRK2",4,3.23953560186706,6
"AP000892.42","AP000892.4",6,2.53193355188138,6
"CNN12","CNN1",4,2.72277316009866,6
"LAMC22","LAMC2",4,3.40814406480001,6
"P2RX52","P2RX5",3,4.12233222120772,6
"AC004687.12","AC004687.1",3,4.32195921282934,6
"AIM22","AIM2",3,3.88977903256151,6
"CD23","CD2",3,4.33159987490689,6
"FMO22","FMO2",6,3.07570923126271,6
"INMT2","INMT",6,3.20072655094069,6
"HMGA12","HMGA1",3,2.81347446632462,6
"RPS152","RPS15",6,2.66699839847434,6
"KIT2","KIT",6,2.94170071719803,6
"PPP1R1B2","PPP1R1B",4,3.51945168671116,6
"ITGA112","ITGA11",1,3.7783717018425,6
"SP1402","SP140",3,4.49659225865701,6
"ITGBL12","ITGBL1",1,3.89846994943942,6
"ANGPTL42","ANGPTL4",6,2.84214783983518,6
"GDF152","GDF15",5,2.83806404020146,6
"GPX32","GPX3",5,3.76233382211861,6
"PRSS122","PRSS12",6,3.43557330695884,6
"GPRC5A2","GPRC5A",5,3.62321505269336,6
"PLAC82","PLAC8",3,4.23457029984006,6
"TAGAP2","TAGAP",3,4.0176459707028,6
"CPA32","CPA3",6,3.05385975334387,6
"FPR12","FPR1",1,3.32703015696865,6
"MCOLN22","MCOLN2",3,3.63927561923957,6
"ACAP12","ACAP1",3,4.52784004050999,6
"DSG12","DSG1",4,3.32180819962683,6
"MEOX22","MEOX2",6,3.44716986431626,6
"EHF2","EHF",4,4.28525836985956,6
"ANGPTL12","ANGPTL1",6,3.33143978315163,6
"SNX202","SNX20",3,4.07734222862116,6
"ITK2","ITK",3,3.93050135161516,6
"TRMT9B2","TRMT9B",6,3.65157071891824,6
"EGFL62","EGFL6",6,2.62223492019983,6
"CXCL62","CXCL6",6,3.10657195912314,6
"C16orf892","C16orf89",5,3.45237242417691,6
"CD8A2","CD8A",3,3.77870999295983,6
"WNT22","WNT2",1,3.45444607505851,6
"LINC023622","LINC02362",3,3.29689959313321,6
"RPL32","RPL3",6,2.64810358744494,6
"GRP2","GRP",4,2.82711051014202,6
"TYMS2","TYMS",1,2.67261214503064,6
"C1QTNF62","C1QTNF6",1,3.69433321198986,6
"ADAMTS42","ADAMTS4",1,3.22048791467224,6
"ITGB2-AS12","ITGB2-AS1",3,3.85324888898236,6
"CAVIN22","CAVIN2",6,3.46614773586644,6
"ADIRF2","ADIRF",6,3.50539772470504,6
"TNFAIP62","TNFAIP6",1,3.61793478591353,6
"CALHM62","CALHM6",3,3.2632407558198,6
"ELOVL72","ELOVL7",5,3.97161611789021,6
"GPM6B2","GPM6B",6,3.72505563671145,6
"TNFSF142","TNFSF14",5,3.17369461958659,6
"CD2472","CD247",3,3.99573931385967,6
"EFHD12","EFHD1",4,3.36241381878702,6
"TNC2","TNC",1,3.60201492012362,6
"GZMA2","GZMA",3,3.84478538602489,6
"SH2D1A2","SH2D1A",3,4.20590587887627,6
"TRIL2","TRIL",6,3.64973939529253,6
"DDIT42","DDIT4",1,2.9124688171846,6
"GAL2","GAL",1,2.76541392866642,6
"AUXG01000058.12","AUXG01000058.1",6,2.97077108004019,6
"CD2092","CD209",5,2.87816682888462,6
"CLEC10A2","CLEC10A",3,2.90597300020567,6
"AC011503.12","AC011503.1",6,3.58890527766514,6
"LGALS22","LGALS2",3,4.09325389819699,6
"FAM189A22","FAM189A2",4,3.43171701912353,6
"CD272","CD27",3,4.28936991633278,6
"IL7R2","IL7R",3,4.38934372213392,6
"COL9A32","COL9A3",4,2.60941097669856,6
"RDH102","RDH10",6,2.65078240625451,6
"F2RL22","F2RL2",6,3.3838848631992,6
"KIF122","KIF12",4,3.50324484993255,6
"NR4A12","NR4A1",5,4.02895243481671,6
"CX3CL12","CX3CL1",4,3.26740684826425,6
"SCUBE22","SCUBE2",4,2.83521832875254,6
"PPL2","PPL",6,3.12463945849433,6
"TRG-AS12","TRG-AS1",3,3.55812672611863,6
"SOX172","SOX17",6,3.1225778771192,6
"HGF2","HGF",6,3.86944264638023,6
"RNU5F-12","RNU5F-1",3,3.21732685736684,6
"CD1E2","CD1E",3,2.67173300187307,6
"SHROOM32","SHROOM3",4,4.51004867304217,6
"ATF32","ATF3",5,4.23408399509443,6
"FCRL22","FCRL2",3,3.78122918281894,6
"SNORD632","SNORD63",3,2.58879550864431,6
"LMNB12","LMNB1",3,2.94406479106522,6
"TPX22","TPX2",1,3.00871112967099,6
"RGS42","RGS4",1,2.71476300307024,6
"CHPF2","CHPF",1,3.73706214307957,6
"IRX52","IRX5",4,3.9931869822719,6
"GJA52","GJA5",1,3.62607971768354,6
"NKD22","NKD2",6,3.43404492469616,6
"ALDH1A12","ALDH1A1",5,3.37943883681779,6
"ARPC42","ARPC4",1,2.46527321730367,6
"TNFRSF172","TNFRSF17",3,3.15316816128535,6
"Z82215.12","Z82215.1",2,5.00904775422425,6
"AL365361.12","AL365361.1",3,4.15688743711346,6
"PADI22","PADI2",4,3.83770264117942,6
"IGFBP22","IGFBP2",6,3.61181278273833,6
"BAMBI2","BAMBI",4,3.50513469737727,6
"IL2RB2","IL2RB",3,3.57689912841769,6
"CCL172","CCL17",3,2.67030635400492,6
"CCL4L22","CCL4L2",1,2.70588502221405,6
"MMP162","MMP16",6,4.22474714561285,6
"ASPN2","ASPN",1,3.97429224381201,6
"CAPN82","CAPN8",4,2.94036990910744,6
"FRZB2","FRZB",6,3.51811940188764,6
"PDZK1IP12","PDZK1IP1",4,3.89018943258151,6
"APOLD12","APOLD1",6,2.82418300029344,6
"CDKN2B2","CDKN2B",1,3.5635477906622,6
"RBP42","RBP4",5,2.58758699347969,6
"CD3G2","CD3G",3,4.2051225901112,6
"LRRN4CL2","LRRN4CL",6,3.67351319623829,6
"SLC7A22","SLC7A2",6,3.69122151390263,6
"KLK102","KLK10",4,3.36925572012341,6
"IL21R2","IL21R",3,3.58723042650741,6
"KLF42","KLF4",5,3.90477676683177,6
"SRPX3","SRPX",6,3.43890330658272,6
"SLC12A82","SLC12A8",1,3.52055764866031,6
"NEURL1B2","NEURL1B",6,3.5665767417039,6
"CD79B2","CD79B",3,4.12543849027317,6
"SCML42","SCML4",3,3.56127667249132,6
"PKP12","PKP1",4,3.3723639013103,6
"CELF42","CELF4",6,3.00595151684657,6
"NLRC32","NLRC3",3,4.01453146462646,6
"DSG22","DSG2",4,3.78610974236617,6
"PLEKHS12","PLEKHS1",4,4.05365013662597,6
"ME12","ME1",5,3.42379745677327,6
"LINC023972","LINC02397",3,3.81009221883457,6
"GREM22","GREM2",6,3.24249928955734,6
"RUNX22","RUNX2",1,3.06737541506705,6
"OAS32","OAS3",3,2.66089316426356,6
"ARFGEF32","ARFGEF3",5,3.37584457537943,6
"FZD10-AS12","FZD10-AS1",6,3.71722505468774,6
"PLPP22","PLPP2",4,4.23501690294513,6
"TRAF3IP32","TRAF3IP3",3,4.55205536568053,6
"CDH32","CDH3",4,3.38417623895652,6
"SPHK12","SPHK1",1,3.52797947340167,6
"CDKN2A2","CDKN2A",1,3.40501708715104,6
"PTGDS2","PTGDS",3,3.48263893960624,6
"DHCR72","DHCR7",4,3.10700683140858,6
"SLC7A32","SLC7A3",6,3.40256701803792,6
"SNX102","SNX10",3,3.1516158480141,6
"HSPA1B2","HSPA1B",5,3.4780453803551,6
"TFEC2","TFEC",3,3.31656691855855,6
"SNORA132","SNORA13",6,2.59055368655749,6
"IKZF32","IKZF3",3,4.62439286964268,6
"APOBEC3A2","APOBEC3A",5,2.66716837796967,6
"SRD5A12","SRD5A1",4,2.65357164002769,6
"VIPR22","VIPR2",6,3.20975048006874,6
"ST142","ST14",4,3.46094856377657,6
"CHST12","CHST1",1,2.57996232581399,6
"PLP12","PLP1",6,3.78241448137214,6
"GPIHBP12","GPIHBP1",6,3.37736849503808,6
"TMC82","TMC8",3,4.35410503384044,6
"RPL18A2","RPL18A",4,2.5836558908401,6
"SOX92","SOX9",4,3.93996047108689,6
"TSPAN82","TSPAN8",5,3.31688185055397,6
"PGR2","PGR",6,2.73478428876104,6
"CARD112","CARD11",3,4.00719556857677,6
"MIAT2","MIAT",3,3.4316749870176,6
"TLR102","TLR10",3,3.51697756338206,6
"FIBIN2","FIBIN",1,3.06873395841352,6
"MDFI2","MDFI",1,3.39944823553924,6
"APCDD12","APCDD1",6,3.65003648626308,6
"CRABP22","CRABP2",6,3.26676172993901,6
"CCL32","CCL3",5,2.90792061487501,6
"FCGR2A2","FCGR2A",1,3.36645974890789,6
"H2BC212","H2BC21",4,3.20132268689842,6
"CA22","CA2",1,2.81310834442479,6
"SDS2","SDS",1,3.27500439197698,6
"EPYC2","EPYC",1,3.66195942756686,6
"NPY1R2","NPY1R",4,2.9442849697335,6
"HOXD92","HOXD9",6,3.56889957033312,6
"RSPO32","RSPO3",6,3.14169795682195,6
"PTTG12","PTTG1",3,2.74621390212852,6
"ECEL12","ECEL1",6,3.17350697969795,6
"SPCS22","SPCS2",1,2.55484492840644,6
"GALNT52","GALNT5",2,3.16800174133459,6
"ST6GAL22","ST6GAL2",1,3.67612318550357,6
"LILRB42","LILRB4",3,2.89917269290501,6
"LIPE2","LIPE",6,3.06484868657705,6
"DUSP22","DUSP2",3,3.06617914661145,6
"CD73","CD7",3,3.7802639866394,6
"GRHL22","GRHL2",4,4.06445658793977,6
"NOVA12","NOVA1",6,4.01017723984952,6
"CYTOR2","CYTOR",1,3.28743328717883,6
"AC012349.12","AC012349.1",6,2.73089836927214,6
"ISG152","ISG15",1,2.81085887370718,6
"ADAM82","ADAM8",3,3.16016105650829,6
"AC119673.32","AC119673.3",2,2.50732197311752,6
"RTKN22","RTKN2",3,3.13628643292343,6
"IRF62","IRF6",4,4.13777939389097,6
"ADAMTS9-AS22","ADAMTS9-AS2",6,3.66278612833271,6
"GPD12","GPD1",5,2.82552439128598,6
"UNC5B2","UNC5B",1,4.1370164551727,6
"ITGB72","ITGB7",3,4.01165804167838,6
"HDC2","HDC",5,2.97979920805115,6
"SLAMF72","SLAMF7",3,3.79317288841991,6
"KCNA12","KCNA1",6,3.65417210953607,6
"MPZL22","MPZL2",4,2.87502872119736,6
"TENM12","TENM1",6,3.26149678267066,6
"PROX12","PROX1",6,2.58356143253946,6
"PRLR2","PRLR",4,3.3675016992908,6
"ID22","ID2",1,2.52089867314899,6
"CCL42","CCL4",5,2.59845431551227,6
"MGST12","MGST1",4,3.21623305249832,6
"MFAP52","MFAP5",1,3.94074785488214,6
"TENT5C2","TENT5C",3,3.8339167630591,6
"SPOCK12","SPOCK1",1,3.77884067607346,6
"CNTFR2","CNTFR",6,3.548307918389,6
"MYBL22","MYBL2",3,3.05939968618161,6
"TWIST22","TWIST2",6,3.94481572327507,6
"PCDH192","PCDH19",6,3.80303587421426,6
"PWWP3B2","PWWP3B",6,2.74375034036958,6
"FPR32","FPR3",1,3.21773157181338,6
"UBE2C2","UBE2C",1,3.10290450245704,6
"MTND3P102","MTND3P10",2,2.43224428819919,6
"MAPT2","MAPT",4,3.39175478305984,6
"MEX3A2","MEX3A",4,2.88784399837329,6
"SUSD32","SUSD3",3,3.31346712340428,6
"AMPD12","AMPD1",6,2.81094887110137,6
"CCR22","CCR2",3,3.11304522042823,6
"CP2","CP",5,2.37075872109092,6
"STC12","STC1",1,2.54570943085549,6
"ACKR32","ACKR3",5,3.12992719627382,6
"HLA-DOB2","HLA-DOB",3,3.84842454998304,6
"STMN22","STMN2",2,2.49891283194381,6
"LRFN52","LRFN5",6,3.37337279755454,6
"PTHLH2","PTHLH",4,2.51350521989962,6
"THRSP2","THRSP",5,3.12039327549128,6
"DAPP12","DAPP1",3,3.77918391586728,6
"PLEKHH22","PLEKHH2",6,3.87336996238093,6
"BIN22","BIN2",3,3.51093338391615,6
"NEBL2","NEBL",4,3.96273242253669,6
"PDE3B2","PDE3B",3,3.65969037848679,6
"MAP4K12","MAP4K1",3,3.97578337821951,6
"CD832","CD83",3,3.21674489463485,6
"RAB252","RAB25",4,4.03182364393853,6
"SLC7A52","SLC7A5",1,3.02729998542238,6
"CR12","CR1",3,3.05904673894019,6
"PLAU2","PLAU",1,4.23653861513707,6
"RASAL32","RASAL3",3,3.91217661498208,6
"GALNT32","GALNT3",4,3.66351136780229,6
"NRG12","NRG1",4,3.29388857118679,6
"SUMO22","SUMO2",1,2.79148505367886,6
"NCF22","NCF2",1,2.95920440152813,6
"ZNF4692","ZNF469",1,3.65696553678456,6
"HEYL2","HEYL",6,2.81205996096813,6
"SCARNA92","SCARNA9",3,2.64874483491237,6
"TUBB2B2","TUBB2B",4,3.06951581742061,6
"EGLN32","EGLN3",1,2.75529079571247,6
"NECTIN42","NECTIN4",4,3.7231139685189,6
"EVA1A2","EVA1A",1,2.98202756982754,6
"TNFRSF13B2","TNFRSF13B",3,3.7702451067734,6
"ENPP12","ENPP1",1,3.23688367655972,6
"CD372","CD37",3,4.17342563395548,6
"CCL52","CCL5",3,3.96250183412348,6
"RHOF2","RHOF",3,4.01821701809704,6
"RFLNA2","RFLNA",1,3.07533259614644,6
"GPR1712","GPR171",3,3.77338550929221,6
"UCHL12","UCHL1",1,3.32481157866272,6
"HVCN12","HVCN1",3,3.39180909253709,6
"PTPN62","PTPN6",3,3.92763743514897,6
"NPR32","NPR3",1,3.18634529231561,6
"MOXD12","MOXD1",1,3.02332476743046,6
"BCL11A2","BCL11A",3,3.74950353465699,6
"CRLF12","CRLF1",6,2.54442804701387,6
"KCNN42","KCNN4",3,3.08439989369215,6
"CMPK22","CMPK2",3,2.61506955192364,6
"CD962","CD96",3,4.01800313110878,6
"CD1C2","CD1C",3,3.04909419248714,6
"LCN22","LCN2",4,3.51506436119498,6
"STUM2","STUM",6,3.51559560742133,6
"HSH2D2","HSH2D",3,3.95923622744902,6
"TUBA1C2","TUBA1C",1,3.84699992666391,6
"FMO52","FMO5",5,2.88261899099065,6
"PLN2","PLN",1,3.62319259883464,6
"EDNRB2","EDNRB",6,3.91114317013899,6
"SLCO2A12","SLCO2A1",6,2.71431486462901,6
"DMKN2","DMKN",4,3.23568950194407,6
"RHOH2","RHOH",3,3.75505016815984,6
"LRP22","LRP2",4,3.11016278925475,6
"SCO22","SCO2",1,2.707863977217,6
"IL17RD2","IL17RD",6,3.40455950530516,6
"FCN12","FCN1",3,2.95997728731635,6
"CTHRC12","CTHRC1",1,4.64448572147625,6
"FAM184A2","FAM184A",6,3.40499392227136,6
"MASP12","MASP1",6,3.11114795313508,6
"RGMA2","RGMA",6,3.73779935781179,6
"CD722","CD72",3,3.8028537370425,6
"GDF102","GDF10",6,3.03198642099027,6
"PDGFRL2","PDGFRL",6,3.69360289953832,6
"FAM107A2","FAM107A",6,3.04006345535392,6
"SLC2A52","SLC2A5",3,2.64585627589986,6
"AIF1L2","AIF1L",4,2.74063525014804,6
"MYBPC12","MYBPC1",4,2.84664269713894,6
"FCRL12","FCRL1",3,3.74112346597218,6
"SAE12","SAE1",1,2.61768868598015,6
"SERTAD42","SERTAD4",4,3.34958411471589,6
"BIRC52","BIRC5",4,2.66876877996813,6
"LINC010882","LINC01088",5,3.31175027498025,6
"CHI3L22","CHI3L2",4,2.53485490381828,6
"CD54","CD5",3,3.96255896610796,6
"MIR155HG2","MIR155HG",3,3.24542708327776,6
"AP003497.22","AP003497.2",3,3.33896861364834,6
"ITGAX2","ITGAX",3,3.08940012721448,6
"KRT162","KRT16",1,3.27715580709661,6
"DGAT22","DGAT2",1,2.29417471649191,6
"GSTM32","GSTM3",6,3.35313666494442,6
"CACHD12","CACHD1",6,2.85963165277124,6
"GPR1832","GPR183",3,3.54219720986622,6
"ZNF6832","ZNF683",3,3.1041224550174,6
"SLC34A22","SLC34A2",4,3.56290509236278,6
"GAREM12","GAREM1",6,3.4765425751803,6
"GAL3ST42","GAL3ST4",1,3.22520003755336,6
"GPR1742","GPR174",3,3.61786290871963,6
"GBP42","GBP4",3,3.22561797533871,6
"MS4A22","MS4A2",6,3.09964569273871,6
"ITGAL2","ITGAL",3,4.37349243276158,6
"INHBB2","INHBB",5,2.93180512506169,6
"TENM22","TENM2",6,2.62905122942857,6
"DUSP42","DUSP4",4,2.97953968508696,6
"PDE2A2","PDE2A",6,3.33154321537299,6
"CCL112","CCL11",1,2.92530682243623,6
"PHLDA22","PHLDA2",1,3.18209050597237,6
"GPR682","GPR68",1,3.39004185628149,6
"RAMP12","RAMP1",2,2.44017910416123,6
"CXADR2","CXADR",4,3.68967885705186,6
"ANO92","ANO9",3,3.63176577734214,6
"AC003681.12","AC003681.1",3,2.4024694131343,6
"MIR3352","MIR335",6,3.43342822193465,6
"FGF12","FGF1",6,2.92008393710416,6
"TPSAB12","TPSAB1",6,2.73058081465061,6
"CLDN72","CLDN7",4,3.76261724571085,6
"GVINP12","GVINP1",3,3.88616128112861,6
"ALDH1A22","ALDH1A2",6,3.52830311121472,6
"BICDL12","BICDL1",3,3.7819985126349,6
"LAMA32","LAMA3",6,2.68316726006166,6
"CPNE52","CPNE5",3,3.57971824711226,6
"BDKRB22","BDKRB2",6,3.0761682229433,6
"BMP42","BMP4",6,3.26805843699097,6
"KERA2","KERA",6,3.36646095053608,6
"CENPE2","CENPE",3,2.61022176334021,6
"GCH12","GCH1",3,2.60848104034657,6
"SVEP12","SVEP1",6,3.58489829783736,6
"IQCN2","IQCN",6,3.2479485781444,6
"CPB12","CPB1",5,2.16607205133283,6
"LY92","LY9",3,3.66896101788034,6
"NPNT2","NPNT",5,3.00264357193509,6
"LTBP42","LTBP4",6,3.25425703196727,6
"GATA22","GATA2",6,2.97903659844933,6
"SAA22","SAA2",4,2.24881394116994,6
"LINC012352","LINC01235",4,2.49939489270379,6
"FCER22","FCER2",3,3.47623486669032,6
"EGR32","EGR3",5,2.82950033651493,6
"RPL62","RPL6",5,2.17716820396234,6
"MACC12","MACC1",4,3.39855837036898,6
"BTLA2","BTLA",3,4.02414216862744,6
"TCEA12","TCEA1",1,2.56039137531247,6
"TRAF12","TRAF1",3,3.4849697636919,6
"TPD52L12","TPD52L1",4,3.28600550704398,6
"CXCR32","CXCR3",3,3.53692519793289,6
"CDH22","CDH2",1,3.24082492582526,6
"SUGCT2","SUGCT",1,3.58276025443907,6
"BLK2","BLK",3,4.14110531218634,6
"RASGRP12","RASGRP1",3,3.84969042221881,6
"MMP192","MMP19",6,3.03087470341148,6
"IL182","IL18",3,2.98258034010942,6
"PYHIN12","PYHIN1",3,3.69413967161024,6
"ANXA32","ANXA3",4,3.37397218470043,6
"EVI2A2","EVI2A",3,2.9360591992009,6
"CLEC5A2","CLEC5A",1,3.79498336345478,6
"LIMD22","LIMD2",3,4.02921774882472,6
"RBP52","RBP5",3,3.69882533483133,6
"GALNT152","GALNT15",5,2.72379275211965,6
"AQP92","AQP9",1,2.94093782133487,6
"SLAMF12","SLAMF1",3,3.88309819863917,6
"EDN12","EDN1",6,2.4863404818229,6
"CMA12","CMA1",6,2.91410849859545,6
"ADAM192","ADAM19",3,2.83536401555091,6
"DSC22","DSC2",4,3.09003245764171,6
"ITGA72","ITGA7",6,3.59768204354187,6
"TESPA12","TESPA1",3,3.6755268313687,6
"L1TD12","L1TD1",6,2.9435745370897,6
"ITGB42","ITGB4",4,3.01084084430019,6
"S100A72","S100A7",1,2.41768639536035,6
"SBDS2","SBDS",5,2.79132954570647,6
"NTN42","NTN4",4,2.82283434878112,6
"COL4A52","COL4A5",4,2.83620774004531,6
"CHMP52","CHMP5",1,2.715328469985,6
"CNTN42","CNTN4",6,2.7179813203067,6
"CLDN112","CLDN11",6,2.89575367916055,6
"MSMO12","MSMO1",5,2.59366365045897,6
"ERRFI12","ERRFI1",6,2.45367733786074,6
"TUBB4B2","TUBB4B",5,2.54149195904044,6
"ARL17B2","ARL17B",6,2.48706681246604,6
"CYFIP22","CYFIP2",3,3.85773363473193,6
"AC037198.12","AC037198.1",5,2.53990366270912,6
"MX12","MX1",3,3.02590466312561,6
"HMOX12","HMOX1",1,3.39236515881105,6
"SEMA3G2","SEMA3G",6,3.10053747902966,6
"LAD12","LAD1",4,3.45020642780212,6
"FHOD32","FHOD3",1,2.69336299009292,6
"RARRES12","RARRES1",1,2.36830788848714,6
"SIGLEC12","SIGLEC1",3,2.47459092532601,6
"PLOD22","PLOD2",1,3.76454229560314,6
"RIPOR22","RIPOR2",3,4.18426223629155,6
"H4C82","H4C8",5,2.85501252768432,6
"NEDD82","NEDD8",6,2.52723902679251,6
"CACNA1D2","CACNA1D",6,3.04546424004002,6
"IFIT32","IFIT3",1,2.43924259476996,6
"TMEM132A2","TMEM132A",4,3.05288757061258,6
"CADM32","CADM3",6,2.49948474722213,6
"AK52","AK5",4,2.91178912675602,6
"NKG72","NKG7",3,3.7053637560233,6
"CRYAB2","CRYAB",4,2.73098349283584,6
"IGSF32","IGSF3",4,3.02584214519087,6
"CFAP692","CFAP69",6,3.11941047576564,6
"FGF72","FGF7",6,3.04127131928221,6
"LIFR2","LIFR",6,3.58842924753303,6
"CKS22","CKS2",1,2.67222577978204,6
"SH2D2A2","SH2D2A",3,2.83050124820979,6
"ABRACL2","ABRACL",1,2.63631082436428,6
"DLL12","DLL1",6,2.92683440594473,6
"LINC025112","LINC02511",6,3.09723286913619,6
"AC005224.22","AC005224.2",3,3.13090258139528,6
"SLC16A32","SLC16A3",1,3.64216189474647,6
"AL031282.12","AL031282.1",2,3.659502737814,6
"TTYH12","TTYH1",4,3.13113062708013,6
"ALDH1B12","ALDH1B1",1,3.890982169411,6
"BMP8A2","BMP8A",1,3.55359370175276,6
"PAPPA2","PAPPA",5,2.84121297875659,6
"AACS2","AACS",4,2.84255448758989,6
"S1PR42","S1PR4",3,4.01930219174427,6
"CYTIP2","CYTIP",3,3.90201022891574,6
"PCED1B-AS12","PCED1B-AS1",3,4.20894270857267,6
"DPP42","DPP4",6,2.46732276805219,6
"MEIS12","MEIS1",6,3.57545781325455,6
"NOX42","NOX4",1,3.28266044414792,6
"SHANK22","SHANK2",4,3.80024136763493,6
"FCGR1A2","FCGR1A",1,3.32738987266929,6
"THEMIS2","THEMIS",3,3.8212307074937,6
"WDFY42","WDFY4",3,3.56475301185887,6
"IL2RG2","IL2RG",3,4.36648475151205,6
"GSN-AS12","GSN-AS1",2,4.80714894288163,6
"KIAA1549L2","KIAA1549L",1,2.70414484412338,6
"CCDC262","CCDC26",6,2.44509703140876,6
"FMO12","FMO1",6,3.62172583194239,6
"IRX32","IRX3",4,3.98775110539083,6
"GXYLT22","GXYLT2",1,3.4419165457646,6
"CLSTN22","CLSTN2",5,2.9407629686015,6
"NR2F12","NR2F1",6,4.15638330557771,6
"CDK12","CDK1",1,2.75646126178743,6
"CD1772","CD177",1,2.64316759829997,6
"GATA32","GATA3",4,3.97258056496884,6
"RYR32","RYR3",6,2.72501401770742,6
"HMGB32","HMGB3",1,2.94393116593639,6
"GHR2","GHR",5,2.94031204811899,6
"ALPL2","ALPL",6,2.48537610694192,6
"AL078595.12","AL078595.1",2,4.84572471526193,6
"PID12","PID1",6,3.1607355366408,6
"CAMK42","CAMK4",3,3.69987531036727,6
"ANKRD222","ANKRD22",3,2.5709193562174,6
"WNT5A2","WNT5A",1,2.68703692990769,6
"CD362","CD36",6,3.13763440145975,6
"RASSF62","RASSF6",4,3.49174209747042,6
"SELP2","SELP",5,2.61464175093392,6
"RERG2","RERG",6,2.770193433391,6
"VPREB32","VPREB3",3,3.88218324410469,6
"TNRC6C-AS12","TNRC6C-AS1",3,3.62989567890043,6
"KCNE42","KCNE4",1,2.84602890242373,6
"P4HA32","P4HA3",1,3.57281565497546,6
"KANK42","KANK4",1,2.95044119944696,6
"BCL2A12","BCL2A1",3,3.21132179215463,6
"SEZ6L22","SEZ6L2",4,3.1903505947537,6
"PHYHD12","PHYHD1",6,3.01652743779596,6
"SLC1A32","SLC1A3",1,3.04022138966742,6
"KRT83","KRT8",4,3.61049675269336,6
"PTGIS2","PTGIS",5,3.46894790680217,6
"LILRB52","LILRB5",5,3.52604124809738,6
"OMD2","OMD",6,2.80900570540526,6
"CD692","CD69",3,3.58000384986584,6
"BICDL22","BICDL2",4,3.72894210975414,6
"KLRB12","KLRB1",3,3.51587637022776,6
"RNPEP2","RNPEP",1,2.47162975699207,6
"NPL2","NPL",1,2.81034828989379,6
"IL2RA2","IL2RA",3,2.63617947795647,6
"AKR1B12","AKR1B1",1,2.70845382278811,6
"GRAP22","GRAP2",3,3.73179816193985,6
"LAX12","LAX1",3,3.52440674750857,6
"MATN22","MATN2",6,3.35264996551205,6
"C16orf542","C16orf54",3,3.86519326857915,6
"TLR22","TLR2",1,2.8880317915186,6
"GPAM2","GPAM",6,2.48848311685426,6
"HERC52","HERC5",3,2.69519887159565,6
"ZNF8312","ZNF831",3,3.7022370355902,6
"WWC12","WWC1",4,3.71526511889433,6
"SAMD52","SAMD5",6,3.53827612682909,6
"ADGRD12","ADGRD1",5,2.76271224713203,6
"IRF72","IRF7",3,3.36166714834456,6
"FGFR22","FGFR2",4,3.03907280422538,6
"PKP32","PKP3",4,3.96602746624901,6
"HPN2","HPN",4,3.27596982114921,6
"SERINC22","SERINC2",4,3.74212950850606,6
"TNFRSF182","TNFRSF18",3,3.05863281443266,6
"TMEM132C2","TMEM132C",6,3.23669432555953,6
"CST72","CST7",3,3.38747655951613,6
"CBLN42","CBLN4",5,2.71705283716674,6
"GPC12","GPC1",1,3.20606573693349,6
"CILP3","CILP",1,3.56531758777336,6
"PTCH22","PTCH2",6,2.66966037655844,6
"TRIM92","TRIM9",6,3.25922878420177,6
"ICOS2","ICOS",3,3.5243091770732,6
"MIR3142HG2","MIR3142HG",3,3.18911875941329,6
"TNFRSF212","TNFRSF21",6,3.34722638241038,6
"TRABD2A2","TRABD2A",3,3.56986744778736,6
"SYT13","SYT1",6,3.1290447325445,6
"MAFF2","MAFF",5,3.09294138224609,6
"EZH22","EZH2",3,2.83005485664516,6
"CXCR42","CXCR4",3,3.50166959026975,6
"TFPI22","TFPI2",5,2.30006572459461,6
"LOXL22","LOXL2",1,3.27838390252577,6
"SCNN1A2","SCNN1A",4,3.59089176247845,6
"GRB72","GRB7",4,4.01329724844835,6
"MT-TV2","MT-TV",1,2.69594164819081,6
"H2BC52","H2BC5",4,3.15778013699535,6
"PDE7B2","PDE7B",6,3.69537067324521,6
"MICAL22","MICAL2",1,4.10699423143076,6
"TP632","TP63",4,3.13639605598062,6
"SOCS12","SOCS1",3,2.85458292089746,6
"TMEM63B2","TMEM63B",1,2.59099099533401,6
"OLA12","OLA1",4,2.36950512444686,6
"SLC19A22","SLC19A2",5,2.96277561424677,6
"IGSF62","IGSF6",3,2.75073585307848,6
"SYBU2","SYBU",5,2.55034225956334,6
"FAXDC22","FAXDC2",6,3.44437131959216,6
"PRRG32","PRRG3",6,3.15753025951996,6
"PARVG2","PARVG",3,3.53607971364665,6
"F32","F3",1,2.3207712351932,6
"CLDN52","CLDN5",6,3.34675952758476,6
"C22","C2",1,2.76856354540708,6
"ICAM12","ICAM1",5,2.69011447819538,6
"ISM12","ISM1",5,2.70828324651517,6
"CLSPN2","CLSPN",3,2.72264674252759,6
"FAM110D2","FAM110D",6,3.08593208404065,6
"RTP42","RTP4",2,2.51252807509052,6
"IFIT22","IFIT2",1,2.38219604975462,6
"PFKFB32","PFKFB3",5,2.90060138513351,6
"MIR22HG2","MIR22HG",5,3.38874015840967,6
"SLC22A32","SLC22A3",6,2.68652381367109,6
"RASGRP22","RASGRP2",3,3.85695544932953,6
"ABLIM32","ABLIM3",6,2.9049892256713,6
"ATP13A42","ATP13A4",4,3.35366966167274,6
"PSTPIP12","PSTPIP1",3,3.76656873262034,6
"AC092279.22","AC092279.2",6,2.80691293571011,6
"CCT82","CCT8",1,2.32592910139242,6
"SEC14L22","SEC14L2",4,2.89521633469742,6
"FBP12","FBP1",5,2.73550160387694,6
"PDK42","PDK4",6,3.15137223992157,6
"KCNMB12","KCNMB1",4,2.67553138356561,6
"LRRC262","LRRC26",4,3.35371095142969,6
"GAPT2","GAPT",3,3.00419541925683,6
"AFMID2","AFMID",5,3.13391600892035,6
"CSRNP12","CSRNP1",5,3.36830906180631,6
"MEI12","MEI1",3,3.63360471110791,6
"NAMPT2","NAMPT",5,4.12025966183413,6
"MT-TP2","MT-TP",5,3.01275710526676,6
"GADD45G2","GADD45G",4,2.36899808096689,6
"CYP4X12","CYP4X1",5,2.76350302697589,6
"AFF32","AFF3",4,2.64744215283344,6
"AKR1C32","AKR1C3",6,2.81777445402503,6
"CTLA42","CTLA4",3,3.38423556796481,6
"FMO32","FMO3",5,2.26019408166883,6
"FAM83H2","FAM83H",4,3.80937206174083,6
"SNAI12","SNAI1",1,3.20230086197639,6
"ACACB2","ACACB",6,3.33629099765996,6
"PDLIM42","PDLIM4",1,2.44861441416539,6
"DCXR2","DCXR",4,2.77212853883169,6
"IGDCC42","IGDCC4",6,3.23597824032837,6
"AC144530.12","AC144530.1",2,4.41562440472247,6
"SLC2A12","SLC2A1",4,2.70065979844476,6
"HLA-DOA2","HLA-DOA",3,2.77072049249591,6
"CLEC4E2","CLEC4E",3,2.36823397338873,6
"EAF22","EAF2",3,3.11493079056672,6
"SYNDIG12","SYNDIG1",1,4.02428069257567,6
"SLA22","SLA2",3,3.69555140781338,6
"SNX222","SNX22",3,3.226500087032,6
"ARNTL22","ARNTL2",1,3.06140685678046,6
"NGFR2","NGFR",5,2.71035652601987,6
"RRM22","RRM2",3,2.78346359886577,6
"AC093908.12","AC093908.1",1,2.60584637660024,6
"POLR2M2","POLR2M",1,2.27336031572895,6
"LINC012522","LINC01252",5,2.34990629136484,6
"BCL11B2","BCL11B",3,4.17250916349175,6
"MYH112","MYH11",6,2.76417203574153,6
"CDON2","CDON",6,3.29673617033562,6
"LY752","LY75",3,3.57248867851777,6
"RGS22","RGS2",5,3.03570906838087,6
"ANKRD36B2","ANKRD36B",2,2.43195063199558,6
"RNF19B2","RNF19B",1,2.9856547326638,6
"FHL12","FHL1",5,3.33543773820061,6
"CEP552","CEP55",3,2.74205548696122,6
"AP1M22","AP1M2",4,3.98290343864846,6
"JPT12","JPT1",1,2.83465618273415,6
"AL031595.22","AL031595.2",3,2.30351613333077,6
"CD2262","CD226",3,3.40678298304424,6
"MIR503HG2","MIR503HG",6,2.79492755054878,6
"PTK72","PTK7",1,3.33266227204195,6
"PTPN222","PTPN22",3,3.41681747963195,6
"C1orf1162","C1orf116",4,3.83025788562336,6
"ANLN2","ANLN",1,2.7353691244065,6
"NRG22","NRG2",6,2.85267384873542,6
"RHEB2","RHEB",1,3.06500261931331,6
"HOPX2","HOPX",1,2.61189143278528,6
"EPHB22","EPHB2",1,3.32168829900376,6
"ALOX5AP2","ALOX5AP",3,2.71022071756605,6
"PROM22","PROM2",4,3.98684272122443,6
"SEMA3D2","SEMA3D",6,2.78444231017229,6
"MEIS32","MEIS3",6,2.97289203909425,6
"CHRD2","CHRD",6,3.44646047598459,6
"RIC32","RIC3",3,2.77838765960614,6
"MARC12","MARC1",5,2.49671705574503,6
"COL8A22","COL8A2",1,3.6125561630257,6
"TBX182","TBX18",6,3.67352789662769,6
"C6orf1412","C6orf141",6,2.47595074084508,6
"CADM3-AS12","CADM3-AS1",6,2.96903215981617,6
"SLC38A52","SLC38A5",3,2.78154271527779,6
"EN12","EN1",1,3.08045015734368,6
"FBN22","FBN2",1,2.49440076202213,6
"IGFBP62","IGFBP6",6,3.26800539721216,6
"SIT12","SIT1",3,3.97685563804575,6
"S100B2","S100B",4,2.44638586350671,6
"PSMB92","PSMB9",3,3.40860356619276,6
"BMPR1B2","BMPR1B",1,2.52833637925504,6
"LLGL22","LLGL2",4,2.9442552153751,6
"ARHGAP152","ARHGAP15",3,3.83484638184877,6
"LUCAT12","LUCAT1",5,2.18390101573957,6
"FKBP42","FKBP4",4,2.93662989119905,6
"MMP252","MMP25",3,3.04421532647118,6
"EFNA12","EFNA1",4,2.83690752244392,6
"FBXO22","FBXO2",4,3.08609237002168,6
"IL1RN2","IL1RN",1,2.62770201113834,6
"RBM382","RBM38",3,3.13366772399083,6
"CKB2","CKB",5,2.573618596499,6
"PI4KA2","PI4KA",1,2.2646999382283,6
"UNC93B12","UNC93B1",3,2.59773482768457,6
"DPT2","DPT",5,4.06289178113335,6
"PTPRD2","PTPRD",1,2.94838067031644,6
"MCOLN32","MCOLN3",6,2.76550763806191,6
"PRKCQ-AS12","PRKCQ-AS1",3,3.68548918021965,6
"TRIM592","TRIM59",1,2.72391455206725,6
"PTPN72","PTPN7",3,3.96080271400289,6
"TMEM1562","TMEM156",3,3.4713610872487,6
"TRO2","TRO",6,3.35294515314191,6
"MSR12","MSR1",1,3.74361012104105,6
"KIAA11432","KIAA1143",6,2.48471692923297,6
"MME2","MME",6,2.77208961116201,6
"IFIT12","IFIT1",2,2.35145276548692,6
"COX5A2","COX5A",1,2.53121272483232,6
"DDR12","DDR1",4,3.98195653087621,6
"PIK3CD2","PIK3CD",3,3.30440410156909,6
"GREM12","GREM1",1,3.24967472114875,6
"DIO3OS2","DIO3OS",5,2.9278527875958,6
"IFI44L2","IFI44L",3,2.93527957119339,6
"IRX22","IRX2",4,3.28763298575578,6
"MRPL492","MRPL49",5,2.19821761869923,6
"STEAP12","STEAP1",1,2.84686511550815,6
"CLEC12A2","CLEC12A",1,2.31774921947198,6
"MN12","MN1",1,2.72036084028532,6
"EOMES2","EOMES",3,3.6060506445508,6
"PNP2","PNP",1,2.75966221692931,6
"MYB2","MYB",4,2.44645461270386,6
"ZNF4832","ZNF483",6,3.1580584738431,6
"ARHGAP92","ARHGAP9",3,3.49703980430308,6
"AL136164.32","AL136164.3",6,2.78774493251175,6
"MYO1G2","MYO1G",3,3.66745447259539,6
"RGS182","RGS18",3,2.60847967555349,6
"TACC32","TACC3",3,3.12349876245501,6
"PCED1B2","PCED1B",3,3.58089853990574,6
"KANK32","KANK3",6,3.02703110127247,6
"ADAMTS152","ADAMTS15",5,3.19643677858838,6
"ADCYAP1R12","ADCYAP1R1",6,3.55548412336086,6
"NDC802","NDC80",3,2.55190260645257,6
"NME12","NME1",1,2.83052480830412,6
"PCLO2","PCLO",4,3.37842055188717,6
"AC124319.12","AC124319.1",2,2.98060864484586,6
"EDNRA2","EDNRA",1,2.89705495917938,6
"NR1D12","NR1D1",6,2.44291655341676,6
"ZNRD12","ZNRD1",3,2.31318827837428,6
"CITED42","CITED4",4,3.47689998308661,6
"H2AW2","H2AW",4,2.77908586873658,6
"CNKSR22","CNKSR2",2,2.43773189544207,6
"EGFLAM2","EGFLAM",6,3.78693920031172,6
"CD1802","CD180",3,3.08172476038886,6
"ACOT22","ACOT2",1,2.49714927769044,6
"AC080038.22","AC080038.2",1,2.62423028588242,6
"MAOA2","MAOA",5,2.81623316140225,6
"C5orf462","C5orf46",1,3.6883462360822,6
"OLFML2B2","OLFML2B",1,4.02811473141211,6
"SLAMF62","SLAMF6",3,3.9108243617076,6
"SPN2","SPN",3,3.92733641347261,6
"PTPRT2","PTPRT",4,2.94722099957094,6
"SPOCD12","SPOCD1",1,3.41490157896131,6
"HBEGF2","HBEGF",5,2.70639134873036,6
"VIPR12","VIPR1",4,2.63602221401692,6
"NCF42","NCF4",3,3.14546014923032,6
"RASEF2","RASEF",4,3.21633507421984,6
"F82","F8",6,2.82437086892875,6
"SORBS12","SORBS1",6,2.99745291058714,6
"SHISA22","SHISA2",1,2.53763905700632,6
"SLC18A22","SLC18A2",6,2.72348678630616,6
"PTH1R2","PTH1R",6,3.04546107466615,6
"FOXC12","FOXC1",1,2.66779400111126,6
"OLFM22","OLFM2",6,3.19874760569391,6
"ITGB82","ITGB8",4,2.79505718079784,6
"SMIM262","SMIM26",5,2.17745058293876,6
"PELI22","PELI2",6,2.99718183348598,6
"DOCK22","DOCK2",3,3.64479849290302,6
"PCDH92","PCDH9",3,2.57605621359571,6
"CAB39L2","CAB39L",5,2.70537564524245,6
"PTAFR2","PTAFR",3,2.57220283484349,6
"H2AC62","H2AC6",4,3.25880466711804,6
"CRISPLD12","CRISPLD1",4,2.71962097883552,6
"CMYA52","CMYA5",6,3.06873245395334,6
"HOXA92","HOXA9",6,2.18901441606449,6
"GREB12","GREB1",6,2.51413357571766,6
"RAMP32","RAMP3",6,2.93072460415887,6
"PASK2","PASK",3,3.31214737228716,6
"CEROX12","CEROX1",6,3.07059695114518,6
"SMIM222","SMIM22",4,4.09155117056392,6
"HOXA32","HOXA3",2,2.53712800916307,6
"CTSW2","CTSW",3,3.36774398700696,6
"AC006160.12","AC006160.1",2,3.78329911225958,6
"FGD32","FGD3",3,3.44676973999743,6
"DYNLT12","DYNLT1",1,2.57919663379574,6
"TMEM1282","TMEM128",6,2.38595552573086,6
"KRTCAP32","KRTCAP3",4,3.13912889426315,6
"CAPG2","CAPG",1,2.82071194804062,6
"CXCR2P12","CXCR2P1",3,3.40296588186065,6
"CD532","CD53",3,3.52112600534352,6
"LGI42","LGI4",6,2.86316522834227,6
"PEG32","PEG3",6,3.07226836535535,6
"SCGB1A12","SCGB1A1",5,2.75970577701866,6
"CARMIL22","CARMIL2",3,3.94253072542831,6
"PDK12","PDK1",3,3.29412191514587,6
"OAT2","OAT",1,2.65337494333494,6
"PLXNA42","PLXNA4",6,3.22273111185637,6
"LYPLAL1-AS12","LYPLAL1-AS1",6,3.11346164285495,6
"MBOAT22","MBOAT2",4,2.9129817469896,6
"SERPINA12","SERPINA1",4,2.26182471415065,6
"SH3BGRL22","SH3BGRL2",6,2.97614522659627,6
"LYPD32","LYPD3",4,3.19171770855728,6
"PKIB2","PKIB",4,2.63397705452403,6
"C1QTNF72","C1QTNF7",5,2.4422532917353,6
"HPRT12","HPRT1",1,2.30786252080919,6
"LINC014362","LINC01436",1,2.4704619672815,6
"HSPA22","HSPA2",5,2.52583712334118,6
"CPXM12","CPXM1",6,3.00657624998796,6
"PPIF2","PPIF",5,2.5586136347968,6
"STAP12","STAP1",3,3.41798415327384,6
"RIPOR32","RIPOR3",6,2.93688982008768,6
"HAVCR22","HAVCR2",1,3.10172233910392,6
"RNF1502","RNF150",6,2.79577202831169,6
"NEDD4L2","NEDD4L",4,3.45573469077956,6
"ATOX12","ATOX1",1,2.59131447158606,6
"ARHGAP192","ARHGAP19",6,2.56964063410933,6
"SCG22","SCG2",1,3.12946255399504,6
"AF001548.32","AF001548.3",4,2.57408535560922,6
"IQANK12","IQANK1",4,3.54519853192047,6
"P3H22","P3H2",6,2.98456633842917,6
"FER1L42","FER1L4",3,2.82904882733141,6
"SCRG12","SCRG1",2,2.41832647194265,6
"PILRA2","PILRA",1,3.30020516612678,6
"LAG32","LAG3",3,3.14482118891459,6
"SLC39A142","SLC39A14",1,3.32711130308637,6
"DGKI2","DGKI",1,3.23032150323625,6
"ABCA72","ABCA7",3,3.48064029968049,6
"CX3CR12","CX3CR1",1,2.32087988920602,6
"TNNI22","TNNI2",4,3.20905656002074,6
"GSDME2","GSDME",6,3.17249995948392,6
"FOXP22","FOXP2",6,3.19452374731305,6
"AC040160.12","AC040160.1",6,3.05179651281296,6
"GCNT22","GCNT2",4,3.00012279771495,6
"CSPG42","CSPG4",1,2.90033628549868,6
"DACH12","DACH1",6,2.45874890655237,6
"PDE1C2","PDE1C",4,2.72350616673683,6
"TBRG42","TBRG4",4,2.50943347895992,6
"TPPP32","TPPP3",5,2.70737377898938,6
"ARRDC22","ARRDC2",3,2.52604254915959,6
"GPR1322","GPR132",3,3.36027362236779,6
"ARHGAP282","ARHGAP28",6,3.34442941697503,6
"KNL12","KNL1",3,2.75999558664586,6
"ANKRD292","ANKRD29",6,2.89715588742925,6
"HERC2P32","HERC2P3",6,2.8419250348658,6
"GARNL32","GARNL3",6,3.29103551610232,6
"PEAR12","PEAR1",6,3.72595422339137,6
"RGS162","RGS16",1,3.19295909759,6
"DTX42","DTX4",6,2.69401364137545,6
"PYCR12","PYCR1",1,3.06938890071825,6
"MARVELD32","MARVELD3",4,3.3611989261256,6
"ADCY72","ADCY7",3,2.93616111320947,6
"PCDH172","PCDH17",1,2.96339960956058,6
"GALNT62","GALNT6",4,2.78475859316246,6
"AC093535.22","AC093535.2",6,3.21067278845653,6
"CSF3R2","CSF3R",1,2.39197556485101,6
"SLFN12L2","SLFN12L",3,3.36161147402051,6
"LRRN32","LRRN3",6,3.03201908991086,6
"RUNX32","RUNX3",3,3.8002128382992,6
"SMCO42","SMCO4",1,3.08432789643499,6
"ADAM282","ADAM28",3,3.35617752986598,6
"SPSB12","SPSB1",1,3.24401024822435,6
"SCN3A2","SCN3A",6,2.61586804278847,6
"COL4A42","COL4A4",3,3.15408692456742,6
"DENND1C2","DENND1C",3,3.7270235544156,6
"IPCEF12","IPCEF1",3,3.37068951004223,6
"HAND22","HAND2",6,3.08329342681301,6
"PNPLA72","PNPLA7",6,2.93225898194714,6
"RNF144B2","RNF144B",4,2.5741423697642,6
"MEST2","MEST",6,3.01090830550664,6
"HILPDA2","HILPDA",1,2.7625718350135,6
"NTM2","NTM",1,3.5523361135968,6
"TNFSF42","TNFSF4",1,3.05244935748351,6
"PPP1R1A2","PPP1R1A",5,2.36747221381312,6
"TMEM1002","TMEM100",5,2.84247374245626,6
"TNFRSF12A2","TNFRSF12A",1,3.76688156395856,6
"COL7A12","COL7A1",6,3.23847041225451,6
"PIK3R52","PIK3R5",3,3.06258798305845,6
"THRB2","THRB",6,3.22504559637756,6
"GMDS2","GMDS",4,2.60879415177926,6
"AC103740.12","AC103740.1",6,2.31078684376819,6
"PRKD12","PRKD1",6,2.91224364009392,6
"C11orf212","C11orf21",3,3.19873696961012,6
"SGIP12","SGIP1",1,3.25388238924502,6
"CA42","CA4",6,2.49899213592094,6
"GTF3C62","GTF3C6",1,2.76029282257862,6
"FBXO452","FBXO45",2,2.68697111021952,6
"SEPTIN12","SEPTIN1",3,3.87779431553573,6
"SERTAD12","SERTAD1",5,2.91446479322493,6
"AXIN22","AXIN2",6,3.18287500885089,6
"ECSCR2","ECSCR",6,2.95206779533294,6
"HAND2-AS12","HAND2-AS1",6,3.62306341879838,6
"MYO5C2","MYO5C",5,2.72488638461232,6
"UBE2M2","UBE2M",3,2.24145706898534,6
"B4GALNT42","B4GALNT4",4,2.83357908128691,6
"PCDHB162","PCDHB16",6,3.13238357241222,6
"LRRC8D2","LRRC8D",3,2.41578889451225,6
"NTRK12","NTRK1",6,3.07926771678212,6
"SCIMP2","SCIMP",3,3.30997222797544,6
"NTRK32","NTRK3",4,2.37297044677676,6
"MRPS262","MRPS26",1,2.48381064049678,6
"BCAT12","BCAT1",1,3.63043288992583,6
"ABHD112","ABHD11",4,3.30982576413838,6
"RBP12","RBP1",6,2.72422954517572,6
"DOK32","DOK3",3,2.96580736079988,6
"P2RY132","P2RY13",3,2.66523252656492,6
"HSPA82","HSPA8",3,2.49689661065187,6
"AMIGO22","AMIGO2",4,3.12951409717824,6
"PCOLCE22","PCOLCE2",5,3.14781584730862,6
"KYNU2","KYNU",5,2.7464108236191,6
"KMO2","KMO",3,2.75330599694733,6
"COPZ22","COPZ2",1,2.99261138585182,6
"PXYLP12","PXYLP1",6,2.80500074944378,6
"CDH132","CDH13",1,2.6504140356036,6
"SOX2-OT2","SOX2-OT",6,2.15717682507305,6
"KCNMB42","KCNMB4",6,3.39564097546621,6
"WNK22","WNK2",4,3.69651328924213,6
"KIF21B2","KIF21B",3,3.65508209383958,6
"SHROOM12","SHROOM1",6,2.50828006322302,6
"PRRX22","PRRX2",6,3.08298223977205,6
"PPARG2","PPARG",5,2.57899375209702,6
"ANKRD44-IT12","ANKRD44-IT1",3,3.45022635881953,6
"CDCA72","CDCA7",3,2.390124644559,6
"NRARP2","NRARP",1,2.96948783261487,6
"TOMM402","TOMM40",1,2.32347470434647,6
"UBASH3A2","UBASH3A",3,3.6685394197638,6
"SOX72","SOX7",6,2.56119849037124,6
"BMP72","BMP7",6,2.99782918184727,6
"SFRP12","SFRP1",6,3.35619013427002,6
"FLT42","FLT4",6,2.55774066639855,6
"GPR42","GPR4",1,2.7133684192546,6
"SLC17A92","SLC17A9",3,2.78477742420446,6
"MCCC12","MCCC1",4,2.60948970292577,6
"APLN2","APLN",1,3.05955350756559,6
"DEF62","DEF6",3,3.75503344131629,6
"TEF2","TEF",6,3.40705368541378,6
"GPC42","GPC4",1,2.55071261883716,6
"H2BC19P2","H2BC19P",3,2.38058823831704,6
"ANOS12","ANOS1",1,2.78389801953259,6
"TENM32","TENM3",1,3.04361227043318,6
"SLC9A3-AS12","SLC9A3-AS1",6,2.59644431680865,6
"S1PR32","S1PR3",1,2.29111215584165,6
"C5AR12","C5AR1",1,3.08436115232241,6
"LAMA22","LAMA2",6,3.42476528335139,6
"NAT12","NAT1",2,2.22105718377832,6
"RNF132","RNF13",2,2.71268800522415,6
"ATP1B22","ATP1B2",6,3.27063219535861,6
"MT-CO22","MT-CO2",4,2.4295485262351,6
"ENPP52","ENPP5",6,2.79216372555301,6
"CHRM3-AS22","CHRM3-AS2",3,3.54702510597527,6
"MEG82","MEG8",6,3.62976769880308,6
"MT-TM2","MT-TM",5,2.29087682149813,6
"Z97192.32","Z97192.3",3,3.10431468522092,6
"TMEM45A2","TMEM45A",1,3.23276616979603,6
"SCN4B2","SCN4B",6,3.14313462413772,6
"SLC7A12","SLC7A1",1,2.32604362570416,6
"RNF1812","RNF181",1,2.40315653097498,6
"TMEM14B2","TMEM14B",1,2.26640939219442,6
"CCR52","CCR5",3,3.10951070401901,6
"CSTA2","CSTA",6,2.20494282803078,6
"LEF12","LEF1",3,2.59492231081901,6
"GCA2","GCA",5,2.69829624537623,6
"PCDH182","PCDH18",6,3.82891934126767,6
"BLNK2","BLNK",3,3.43477167878322,6
"BATF2","BATF",3,2.98077178368971,6
"KCNJ82","KCNJ8",6,2.51957723217747,6
"FAM13C2","FAM13C",6,3.13011678622898,6
"SORT12","SORT1",1,2.90360525853399,6
"CMTM72","CMTM7",3,2.37257431996715,6
"REEP62","REEP6",4,3.02173982098988,6
"DUSP52","DUSP5",3,2.8471048168463,6
"CCZ12","CCZ1",1,2.57237106264477,6
"THSD12","THSD1",6,2.72203460913684,6
"ADAMTS92","ADAMTS9",6,2.65647342322051,6
"LARGE22","LARGE2",4,3.2165924503531,6
"CYBA2","CYBA",3,3.30508961635223,6
"FGR2","FGR",3,2.88195144985411,6
"ERBB22","ERBB2",4,3.28458387635602,6
"SOX182","SOX18",6,2.6423913359938,6
"BCAP312","BCAP31",4,2.18486084081344,6
"CDR2L2","CDR2L",1,2.84820556985867,6
"RND12","RND1",5,3.01604270900254,6
"KIF222","KIF22",3,2.5904747902457,6
"AK42","AK4",4,2.41842229455939,6
"PODNL12","PODNL1",1,2.96063933995183,6
"SPON12","SPON1",1,3.53665647953079,6
"SYCP22","SYCP2",4,3.11459594840405,6
"SPAG42","SPAG4",3,2.77014583765658,6
"PATL22","PATL2",3,3.44861352395036,6
"RFX82","RFX8",6,2.98898461398289,6
"EPSTI12","EPSTI1",3,3.29069994799395,6
"PLEKHG52","PLEKHG5",6,2.88504039169672,6
"P4HA22","P4HA2",1,3.03809241854017,6
"PRKCB2","PRKCB",3,4.28658760031009,6
"CHMP4C2","CHMP4C",4,3.40209006337744,6
"AL034397.32","AL034397.3",3,2.4998478167919,6
"DDX412","DDX41",1,2.44255442364343,6
"RUBCNL2","RUBCNL",3,2.85923798033008,6
"NLGN4X2","NLGN4X",2,2.57871824680735,6
"SLC25A272","SLC25A27",6,2.78585335271599,6
"PERP2","PERP",4,4.02323143095557,6
"MRPS30-DT2","MRPS30-DT",5,2.22675538959815,6
"AC005046.12","AC005046.1",2,2.95609656766438,6
"GGH2","GGH",1,2.6574309891107,6
"LINC011972","LINC01197",6,2.78899502088865,6
"CHL12","CHL1",5,2.622007550019,6
"CGNL12","CGNL1",6,2.43832161325184,6
"ICAM32","ICAM3",3,3.8160620130657,6
"PRDM82","PRDM8",6,3.26173385956658,6
"SLITRK42","SLITRK4",1,2.60752042538791,6
"NTN12","NTN1",6,2.2075292652444,6
"FCRLA2","FCRLA",3,3.62929881103775,6
"TUBA4A2","TUBA4A",3,2.90191361141549,6
"AP002026.12","AP002026.1",2,2.8940309483117,6
"OCIAD22","OCIAD2",4,2.76795940807574,6
"PITX12","PITX1",4,2.73930757660591,6
"GNAI12","GNAI1",6,2.59628177824444,6
"EGFR2","EGFR",2,2.7550330704241,6
"SEM12","SEM1",1,2.73332923174088,6
"PLAC92","PLAC9",5,3.2816355614805,6
"P3H42","P3H4",1,2.98655981321703,6
"GPR342","GPR34",1,2.64554124032609,6
"NID22","NID2",1,3.21629479857274,6
"PGD2","PGD",1,2.37104395137896,6
"TM6SF12","TM6SF1",1,2.80520704207241,6
"TMEM2302","TMEM230",1,2.66043407508199,6
"ITGA22","ITGA2",4,3.30717077683502,6
"ZNF6802","ZNF680",2,2.11947619122964,6
"TMC42","TMC4",4,3.58318605947367,6
"CHCHD22","CHCHD2",1,2.61547565681777,6
"RTN12","RTN1",2,2.13849815216635,6
"IL1RAP2","IL1RAP",1,2.53922534825328,6
"RBX12","RBX1",4,2.3690761305434,6
"GMIP2","GMIP",3,3.23874214917824,6
"FEN12","FEN1",1,2.44721677221317,6
"CASP32","CASP3",1,2.4938971583894,6
"GOLGA2P52","GOLGA2P5",4,3.21591539862092,6
"DMD2","DMD",4,2.73520437052739,6
"DTX22","DTX2",4,2.27837283960987,6
"MANSC12","MANSC1",5,2.45720731930542,6
"RCC12","RCC1",1,2.72169220647211,6
"PTPRF2","PTPRF",4,3.97981322907743,6
"LRATD12","LRATD1",4,2.70452336449776,6
"AL355816.22","AL355816.2",3,3.61714259130089,6
"SF3B42","SF3B4",1,2.12333847708663,6
"AL591895.12","AL591895.1",3,2.28342894581924,6
"TMEM45B2","TMEM45B",5,2.92371848224512,6
"ENPEP2","ENPEP",6,3.41859303488715,6
"MTATP6P12","MTATP6P1",4,2.17249134590302,6
"CD862","CD86",2,2.73757549721755,6
"MAPRE12","MAPRE1",1,2.5934592195939,6
"CELSR12","CELSR1",4,2.8194838954139,6
"LPXN2","LPXN",3,3.41566764590992,6
"KDELR32","KDELR3",1,3.44735736990374,6
"NLGN12","NLGN1",6,3.33745682506179,6
"C21orf59-TCP10L2","C21orf59-TCP10L",6,2.42915294007285,6
"C3AR12","C3AR1",1,2.87622894182132,6
"IGSF92","IGSF9",4,3.63966755376148,6
"AC073869.12","AC073869.1",1,2.08336539346414,6
"SERTAD4-AS12","SERTAD4-AS1",1,2.78945263140664,6
"ATP1A22","ATP1A2",5,2.44765120699482,6
"SASH32","SASH3",3,3.78149858739754,6
"C1orf2262","C1orf226",4,2.49486244832025,6
"LDLRAD32","LDLRAD3",4,2.48098343674653,6
"LRMP2","LRMP",3,3.63522232048055,6
"AL139393.32","AL139393.3",1,3.01869441033326,6
"MREG2","MREG",4,2.8779733274704,6
"DSP2","DSP",4,4.52220810091489,6
"ITPKC2","ITPKC",6,2.36034113133278,6
"ACSM32","ACSM3",5,2.81471052974234,6
"ARHGEF372","ARHGEF37",4,2.9907202796626,6
"PLEKHO22","PLEKHO2",1,2.57882820739935,6
"UBE2E32","UBE2E3",6,2.51119964545831,6
"GZMM2","GZMM",3,3.58235776186253,6
"Z97200.12","Z97200.1",6,2.69255267498185,6
"RAI22","RAI2",6,2.73823206438331,6
"WAKMAR22","WAKMAR2",3,3.02056194604372,6
"ST8SIA12","ST8SIA1",3,3.1411530294684,6
"PCNA2","PCNA",1,2.66241348412856,6
"NUS12","NUS1",6,2.354796410925,6
"CYP27C12","CYP27C1",6,2.52889467701553,6
"DCLK12","DCLK1",6,3.5150431917847,6
"IGF2BP22","IGF2BP2",1,2.12032124156972,6
"FAM110A2","FAM110A",4,2.81417444884773,6
"DAAM22","DAAM2",6,3.48859834605111,6
"IL332","IL33",6,3.13834993269463,6
"PER32","PER3",6,2.99044046823415,6
"ADAMTS122","ADAMTS12",1,3.00431219419528,6
"DNM12","DNM1",6,3.78395061007524,6
"IFFO22","IFFO2",4,2.52959864746961,6
"PER22","PER2",6,2.75103381896088,6
"MEMO12","MEMO1",3,2.37476347919764,6
"ZNF4712","ZNF471",6,2.55134284084249,6
"ENC12","ENC1",1,3.18905633544688,6
"CRY22","CRY2",6,2.80574044863837,6
"CADPS2","CADPS",6,2.12801561520526,6
"LILRB22","LILRB2",1,2.79100197894922,6
"MAT2A2","MAT2A",1,2.62770404961224,6
"KCND22","KCND2",6,2.4485251531887,6
"SYTL12","SYTL1",3,3.44137156713719,6
"ACACA2","ACACA",5,2.79637272080338,6
"SLC6A62","SLC6A6",1,3.33553463970516,6
"ABCA62","ABCA6",6,3.67145634099749,6
"SPATA62","SPATA6",6,3.15236904872293,6
"LRATD22","LRATD2",4,2.3751147160224,6
"CLCF12","CLCF1",5,2.32960291118414,6
"MXD12","MXD1",1,2.29825973471873,6
"MTCYBP132","MTCYBP13",2,3.05696077274369,6
"DAPK12","DAPK1",1,2.54934631321369,6
"CC2D2B2","CC2D2B",6,3.28508950048848,6
"PPP1R14B2","PPP1R14B",1,3.09536931642464,6
"HSD11B22","HSD11B2",6,2.62160758756251,6
"FRRS1L2","FRRS1L",6,3.0788928948477,6
"SIRPG2","SIRPG",3,3.62690093433481,6
"USB12","USB1",1,2.49650416131131,6
"KLK42","KLK4",1,3.55299827138468,6
"TMEM1442","TMEM144",6,2.78508869091289,6
"KIF232","KIF23",1,2.52289309122113,6
"LTB4R2","LTB4R",3,2.33715329904492,6
"TRNP12","TRNP1",4,2.75136762318964,6
"AP001528.22","AP001528.2",6,2.8401204125174,6
"CXorf212","CXorf21",3,2.79078059918039,6
"KLF152","KLF15",6,2.71326046265863,6
"TCEAL72","TCEAL7",6,3.40896721118146,6
"GPR1462","GPR146",6,2.89872992343883,6
"MIRLET7BHG2","MIRLET7BHG",6,2.88535724585425,6
"FGF22","FGF2",5,2.86004433645259,6
"DCK2","DCK",3,2.70233838752245,6
"AC122718.12","AC122718.1",6,2.15566122446997,6
"FKBP112","FKBP11",3,2.82210527859052,6
"RPS6KA12","RPS6KA1",3,2.96643642938173,6
"CIDEC2","CIDEC",5,2.90260596567439,6
"GPRASP12","GPRASP1",6,2.866259032507,6
"FAM133CP2","FAM133CP",6,3.02927790431913,6
"LGR42","LGR4",4,2.53684830216092,6
"WDR862","WDR86",6,3.33838258302621,6
"NELL22","NELL2",3,3.64193400057063,6
"PRKAA22","PRKAA2",4,2.41299405418445,6
"SEMA6D2","SEMA6D",6,2.95801041186972,6
"H1-32","H1-3",3,3.19988177821045,6
"CMTM42","CMTM4",4,2.38835417283762,6
"XG2","XG",1,2.89583668530869,6
"CDCP12","CDCP1",1,2.8552256239248,6
"AMPD32","AMPD3",3,2.95016578382538,6
"RNU6-1016P2","RNU6-1016P",2,2.61434399949472,6
"SS18L22","SS18L2",3,2.3634675899695,6
"G6PD2","G6PD",5,2.50928293277265,6
"LILRB12","LILRB1",3,3.32324570151998,6
"GRAP3","GRAP",3,3.1172303449105,6
"COL13A12","COL13A1",1,3.10605370520115,6
"RAB27B2","RAB27B",4,2.81301404098718,6
"F102","F10",6,3.13322913841759,6
"SKAP12","SKAP1",3,3.49952758960663,6
"MARCO2","MARCO",5,2.37264565188599,6
"SERPINI12","SERPINI1",6,2.24557050238988,6
"SCN2A2","SCN2A",4,2.56178203637051,6
"GABRE2","GABRE",5,3.19012310916345,6
"MRGPRF2","MRGPRF",6,3.03337606855089,6
"CREB3L12","CREB3L1",1,3.44475126592095,6
"NR2F1-AS12","NR2F1-AS1",6,3.61233957975742,6
"RHOJ2","RHOJ",6,3.75173137488098,6
"NPR12","NPR1",6,3.44482225859686,6
"UBE2T2","UBE2T",1,2.67691870787712,6
"HAS22","HAS2",1,2.38250046373289,6
"TMEM1542","TMEM154",3,3.15118037631697,6
"NDNF2","NDNF",6,2.44970050645702,6
"PRIMPOL2","PRIMPOL",6,2.38741150862014,6
"AIDA2","AIDA",6,2.44099548813213,6
"TMOD12","TMOD1",5,3.073780261805,6
"PPP1R14A2","PPP1R14A",6,2.66785113936331,6
"DTD12","DTD1",1,2.40751794646717,6
"HSPE12","HSPE1",5,2.55392291046089,6
"AC022034.12","AC022034.1",4,2.48431468478252,6
"TCF72","TCF7",3,3.93000759108008,6
"CLCA22","CLCA2",5,2.91463512229697,6
"LHX62","LHX6",6,2.88994811581578,6
"MERTK2","MERTK",6,2.37507888566984,6
"NDRG22","NDRG2",6,2.98556484771113,6
"MAP2K42","MAP2K4",6,2.6334240962814,6
"TPO2","TPO",6,2.73403348317113,6
"CCR12","CCR1",1,2.85695195093639,6
"SMS2","SMS",1,2.72894065550227,6
"NCEH12","NCEH1",3,2.52884158648231,6
"GPRASP22","GPRASP2",6,3.16727502784048,6
"EXPH52","EXPH5",6,2.69599250548207,6
"AC006330.12","AC006330.1",2,3.46280723067516,6
"PMAIP12","PMAIP1",2,2.35900775407895,6
"SNCG2","SNCG",6,2.96088003120548,6
"SAP302","SAP30",1,2.32411168712743,6
"KCNJ22","KCNJ2",1,2.50574382450882,6
"PDLIM32","PDLIM3",5,2.71265642157777,6
"LACTB22","LACTB2",5,2.73411136966093,6
"PDE10A2","PDE10A",6,3.23412807008075,6
"AC093157.12","AC093157.1",3,2.34800152576497,6
"GK2","GK",3,2.55147636935835,6
"SRD5A32","SRD5A3",4,2.47626025380594,6
"ZNF8752","ZNF875",6,2.33297145361715,6
"CFI2","CFI",6,2.59344412415284,6
"SLC22A52","SLC22A5",6,2.35927827983024,6
"SEMA7A2","SEMA7A",1,2.65263849212068,6
"PLXNB12","PLXNB1",4,2.91047966366234,6
"MCM42","MCM4",4,2.49151429030748,6
"PPP1R16B2","PPP1R16B",3,3.29256785658028,6
"MAD2L12","MAD2L1",1,2.53716473680961,6
"AOAH2","AOAH",3,2.8997356859439,6
"UBTD12","UBTD1",1,3.01421501967271,6
"FAM180A2","FAM180A",1,2.57216172047697,6
"TDRP2","TDRP",6,2.61928452087751,6
"SEMA3F2","SEMA3F",6,2.44982998905509,6
"MRPS172","MRPS17",4,2.19115585000002,6
"OAS12","OAS1",3,2.91013255178174,6
"RASGEF1B2","RASGEF1B",3,2.42309008393944,6
"C1orf212","C1orf21",6,3.12744099529342,6
"TPTEP12","TPTEP1",4,2.67088578474339,6
"HIGD1A2","HIGD1A",1,2.80088257381627,6
"KLHDC7B2","KLHDC7B",3,2.95728655274699,6
"CRY12","CRY1",1,2.4297249432547,6
"EREG2","EREG",5,2.39962903394571,6
"CCZ1B2","CCZ1B",1,2.21148064358099,6
"LMO72","LMO7",1,2.76273090010603,6
"BTBD102","BTBD10",1,2.56461104196465,6
"GPR1762","GPR176",1,3.02291273891919,6
"GMFB2","GMFB",1,2.70621922537876,6
"SLA3","SLA",3,3.27165913517374,6
"TF2","TF",6,2.5282752690978,6
"PDE9A2","PDE9A",6,2.86511003337265,6
"VSIG42","VSIG4",1,2.6405790986713,6
"TPST12","TPST1",6,2.71520850559412,6
"RAPGEF32","RAPGEF3",6,3.40154389207825,6
"UEVLD2","UEVLD",1,2.24349094447464,6
"SORBS22","SORBS2",4,3.18941755061957,6
"CMBL2","CMBL",6,2.4064361583324,6
"SNRPG2","SNRPG",1,2.36027031060956,6
"NPAS22","NPAS2",1,2.54899661261655,6
"SAMSN12","SAMSN1",3,3.18965509116495,6
"OASL2","OASL",3,2.78590698436502,6
"CNTROB2","CNTROB",6,2.37474402041921,6
"SLC1A42","SLC1A4",3,2.21981206364275,6
"NBEA2","NBEA",6,3.25090172729057,6
"GPR1602","GPR160",4,2.46960743869984,6
"TMEM255B2","TMEM255B",6,2.53305069804636,6
"SCG52","SCG5",6,3.00366955476754,6
"KCNK12","KCNK1",4,2.41311617360159,6
"SEMA4B2","SEMA4B",4,2.46989133511977,6
"FAM198B-AS12","FAM198B-AS1",2,3.17684059090522,6
"NEK82","NEK8",3,2.98977215622238,6
"ADA2","ADA",3,2.70815511073773,6
"HOMER22","HOMER2",4,2.9306380091488,6
"SELENOM2","SELENOM",1,2.61061825549905,6
"ALDH1A32","ALDH1A3",1,2.11055405782301,6
"HELLS2","HELLS",3,2.64177328323255,6
"AGTR12","AGTR1",6,2.91777506678654,6
"RAC22","RAC2",3,4.17005274539182,6
"GPR1532","GPR153",6,2.89681235309606,6
"ZNF4362","ZNF436",6,3.28584605759499,6
"FAM131A2","FAM131A",6,2.53471847595966,6
"HSF22","HSF2",6,2.72933774680202,6
"PAK32","PAK3",6,2.79636214389664,6
"SFXN42","SFXN4",4,2.51165366789043,6
"NBEAL22","NBEAL2",3,3.03465077579313,6
"IKZF12","IKZF1",3,3.87660088062644,6
"JCHAIN2","JCHAIN",3,2.89042053885532,6
"JAK32","JAK3",3,3.92448008118004,6
"BDNF-AS2","BDNF-AS",6,2.42062709493149,6
"CA82","CA8",4,2.82593050671734,6
"STX112","STX11",3,2.54521415361623,6
"TPD522","TPD52",4,3.40349087483299,6
"PGM52","PGM5",6,2.86069453835028,6
"CEP170B2","CEP170B",4,2.50783440197008,6
"C17orf582","C17orf58",5,2.68596540453481,6
"MT-TS22","MT-TS2",5,3.02181207932262,6
"ARHGAP272","ARHGAP27",3,2.70067099024818,6
"HSPA4L2","HSPA4L",5,2.23823278848245,6
"MT-TH2","MT-TH",5,3.10717555391907,6
"TBXAS12","TBXAS1",1,2.4525199254089,6
"FERMT32","FERMT3",3,3.11824947723826,6
"DUSP102","DUSP10",1,2.42038255203603,6
"NEK52","NEK5",4,2.53409897193419,6
"SLC4A112","SLC4A11",4,3.24640209555502,6
"AGPAT22","AGPAT2",1,2.55553270672011,6
"MNS12","MNS1",6,2.7512765118682,6
"SNCAIP2","SNCAIP",6,3.32521395933781,6
"AC103691.12","AC103691.1",3,2.29770048714058,6
"POFUT22","POFUT2",6,2.67421143204483,6
"PLEKHA62","PLEKHA6",4,3.25785967535746,6
"LRG12","LRG1",5,3.69481570932381,6
"ZBTB462","ZBTB46",6,2.86429318228159,6
"IRF52","IRF5",3,3.08420838456655,6
"GIMAP52","GIMAP5",2,3.17925393003703,6
"CRMP12","CRMP1",6,2.78462164787242,6
"PHGDH2","PHGDH",4,2.66352020716251,6
"TREM12","TREM1",1,3.25953882356669,6
"MCUB2","MCUB",1,2.71961944052694,6
"SOCS22","SOCS2",6,2.97413688990923,6
"TRUB12","TRUB1",4,2.1522340427959,6
"GADD45GIP12","GADD45GIP1",4,2.28839389879482,6
"HYMAI2","HYMAI",6,3.04172231298161,6
"EIF62","EIF6",6,2.46337776704879,6
"PTGER32","PTGER3",6,2.57243816593913,6
"RFX22","RFX2",6,2.41399701008255,6
"LINC010872","LINC01087",2,2.71419661545359,6
"HEPH2","HEPH",6,2.9667984757756,6
"CDO12","CDO1",6,3.24491909313909,6
"PPIL12","PPIL1",1,2.3589212883539,6
"MMP152","MMP15",4,2.5074748044174,6
"DENND2A2","DENND2A",6,3.4294810952685,6
"PLEKHG4B2","PLEKHG4B",4,3.11098024822546,6
"BHMT22","BHMT2",6,2.53392943042106,6
"CXCL172","CXCL17",4,2.58904925884303,6
"CPLX12","CPLX1",6,3.30008597429647,6
"LY862","LY86",3,2.7111929485884,6
"PIEZO22","PIEZO2",2,2.30079520700677,6
"SFRP42","SFRP4",1,3.29580727575981,6
"AC004151.12","AC004151.1",3,3.94092312505761,6
"LSAMP2","LSAMP",6,2.28743415292158,6
"FGF132","FGF13",6,2.22589963509131,6
"CSKMT2","CSKMT",6,2.24340521755419,6
"AL117329.12","AL117329.1",4,2.57749492572368,6
"DOK12","DOK1",1,2.46488371502036,6
"VIPAS392","VIPAS39",6,2.40881980097107,6
"NCS12","NCS1",1,2.83190546652651,6
"ADGRE22","ADGRE2",1,2.64850724442433,6
"LINC010942","LINC01094",1,2.78326872463459,6
"SLC35B22","SLC35B2",1,2.23817867449257,6
"DOC2B2","DOC2B",5,3.00175318655598,6
"SYNGR12","SYNGR1",6,2.86751496435632,6
"CCNA22","CCNA2",3,2.65648743960453,6
"ADAMTS22","ADAMTS2",1,3.65141902123535,6
"LDLR2","LDLR",5,2.73324663426475,6
"SLITRK62","SLITRK6",4,2.62196939351599,6
"CORIN2","CORIN",1,3.1537444917716,6
"BCL6B2","BCL6B",1,2.74804578680497,6
"HOXA52","HOXA5",6,2.63426906198037,6
"TMEM882","TMEM88",6,2.62730649838674,6
"NIPA12","NIPA1",3,2.31539600345322,6
"GNG72","GNG7",3,2.63420866438917,6
"ZNF103","ZNF10",6,2.29701132587777,6
"UBASH3B2","UBASH3B",1,2.21396497633138,6
"GLIS32","GLIS3",1,3.30777754045621,6
"PKDCC2","PKDCC",1,2.50373084397158,6
"PKP22","PKP2",4,2.53489134921651,6
"MUC202","MUC20",6,2.47916483238194,6
"DPEP22","DPEP2",3,3.21442016443153,6
"KAZN2","KAZN",6,3.13938227700961,6
"ACE2","ACE",1,2.37114775514188,6
"HNRNPA1P542","HNRNPA1P54",3,2.25335760514825,6
"ZNF7362","ZNF736",2,2.26125077052215,6
"ETV72","ETV7",3,2.76019992027186,6
"COQ8A2","COQ8A",6,2.42246116814901,6
"GTF2I2","GTF2I",2,3.3545737444457,6
"DLG52","DLG5",4,2.73442114599307,6
"KHDRBS32","KHDRBS3",1,2.80775143398579,6
"SRGAP32","SRGAP3",6,2.40120138784071,6
"MIR222HG2","MIR222HG",5,1.97725453859037,6
"PKHD1L12","PKHD1L1",3,2.72502469941637,6
"NAV32","NAV3",6,2.71714884354607,6
"AC134043.32","AC134043.3",6,2.82956150396443,6
"DACT12","DACT1",1,3.04828984614519,6
"ZC3H12A2","ZC3H12A",3,2.56305588118067,6
"ZNF1012","ZNF101",3,3.40578106406295,6
"BIVM2","BIVM",6,2.62469960391717,6
"ABCB12","ABCB1",6,2.70573800746663,6
"PCLAF2","PCLAF",1,2.41015223104161,6
"PRDM52","PRDM5",6,3.08252707375897,6
"MTFMT2","MTFMT",6,2.32368324031977,6
"TMEM2672","TMEM267",4,2.23853814384022,6
"WDFY3-AS22","WDFY3-AS2",6,2.62660550015682,6
"NCAPG2","NCAPG",3,2.55929335326983,6
"RAB372","RAB37",3,3.26131647886837,6
"TRAPPC22","TRAPPC2",4,2.32026622529323,6
"EPHB32","EPHB3",4,2.93397719597063,6
"SIM12","SIM1",6,2.67629226154072,6
"NEIL12","NEIL1",6,2.60184883475195,6
"GNAL2","GNAL",5,2.73342791784907,6
"RNGTT2","RNGTT",3,2.54944660507919,6
"KLHL62","KLHL6",3,3.48309967204679,6
"AC110285.22","AC110285.2",6,2.64574613208333,6
"AL390728.62","AL390728.6",3,2.52292754310159,6
"SLC35E2A2","SLC35E2A",6,2.29493045703624,6
"UCHL32","UCHL3",1,2.34557586527036,6
"ZNNT12","ZNNT1",6,2.56201805193197,6
"PAXX2","PAXX",3,2.4290375097709,6
"SLC9A72","SLC9A7",4,2.386611682683,6
"VAMP12","VAMP1",3,2.89258941839812,6
"DOCK62","DOCK6",6,3.0958948553354,6
"PDE5A2","PDE5A",6,3.49904819862594,6
"PRUNE12","PRUNE1",6,2.24831808277473,6
"CD163L12","CD163L1",2,2.17565158116791,6
"UQCRFS12","UQCRFS1",1,2.5129156352816,6
"GPX72","GPX7",1,2.73731573580392,6
"DDX39B2","DDX39B",3,2.40205568544486,6
"ARAP22","ARAP2",3,3.27681355914483,6
"NDUFAF22","NDUFAF2",1,2.7498270026562,6
"BMERB12","BMERB1",6,2.57385829937076,6
"DIPK2B2","DIPK2B",6,3.17586584996627,6
"LILRB32","LILRB3",1,2.92606389089737,6
"EDEM22","EDEM2",1,2.42435219452408,6
"CDKN2D2","CDKN2D",3,2.56251649300054,6
"PSMB8-AS12","PSMB8-AS1",3,3.38756405623184,6
"SULT1C42","SULT1C4",6,2.96859339457565,6
"PHF132","PHF13",6,2.37025108147156,6
"SIX12","SIX1",4,2.53738201535729,6
"BOC2","BOC",6,3.98450448486206,6
"DNAJC122","DNAJC12",2,2.47805541168388,6
"RTL8A2","RTL8A",6,2.63569834388311,6
"TMEM2162","TMEM216",1,2.30347181758542,6
"ZBTB182","ZBTB18",3,2.51859718073892,6
"ARSB2","ARSB",1,2.94741852885777,6
"XKR62","XKR6",6,2.42573599808828,6
"TM7SF22","TM7SF2",4,2.49110298453695,6
"CRNDE2","CRNDE",4,3.08985671840673,6
"PARD6B2","PARD6B",4,2.69971151486984,6
"CNKSR32","CNKSR3",6,2.58458754953875,6
"LRRC22","LRRC2",6,2.67339439761491,6
"LINC008992","LINC00899",6,2.73110165789391,6
"EBF22","EBF2",6,3.00966649265788,6
"ERBB42","ERBB4",4,3.20821365132818,6
"ZNF1172","ZNF117",6,2.5646149908943,6
"ANG2","ANG",5,2.7782419216407,6
"STAT42","STAT4",3,3.30914611247305,6
"CAPN152","CAPN15",3,2.18018111369021,6
"CASKIN22","CASKIN2",6,2.70099862639723,6
"TRPV62","TRPV6",4,3.44001771437652,6
"IKBKE2","IKBKE",3,2.92326809854594,6
"HOXC102","HOXC10",4,2.19535559140691,6
"RNF1522","RNF152",6,2.47692878677976,6
"FST2","FST",1,2.64498508015809,6
"AC104825.12","AC104825.1",4,2.32655301007254,6
"BANF12","BANF1",1,2.26394605852372,6
"ETV52","ETV5",6,3.10114417267243,6
"BARX22","BARX2",4,3.34789771033068,6
"CD2742","CD274",3,2.77849081677111,6
"FRMD32","FRMD3",6,2.80343885763921,6
"TBC1D22","TBC1D2",1,2.88162994385144,6
"AC080014.12","AC080014.1",5,2.30839637488395,6
"MTHFD1L2","MTHFD1L",1,3.04269469316321,6
"SLC15A22","SLC15A2",3,2.89446209340699,6
"A2M-AS12","A2M-AS1",3,3.13729203902762,6
"CCDC144B2","CCDC144B",6,3.10086667352527,6
"VLDLR2","VLDLR",6,2.54990051769512,6
"CCDC1152","CCDC115",6,2.29478770730656,6
"PIK3AP12","PIK3AP1",3,2.96895708488571,6
"SELENBP12","SELENBP1",6,2.500265697858,6
"WAS2","WAS",3,3.51922294040735,6
"KAZALD12","KAZALD1",6,2.37322877544237,6
"SPINT12","SPINT1",4,3.81401447526453,6
"SMPDL3A2","SMPDL3A",6,2.42951540326736,6
"COQ62","COQ6",6,2.15758624514506,6
"TCEA32","TCEA3",4,2.23174336704978,6
"RHOV2","RHOV",4,3.47498063273055,6
"FZD82","FZD8",1,2.46957936413828,6
"PCK22","PCK2",4,2.34808160908297,6
"SPNS22","SPNS2",6,2.30666094667484,6
"MT-TF2","MT-TF",1,2.38160665526584,6
"EHD32","EHD3",6,2.50471483136786,6
"CASTOR22","CASTOR2",6,2.65220411719474,6
"COBL2","COBL",4,3.11904528243784,6
"DCHS12","DCHS1",6,3.57426409612222,6
"RFTN22","RFTN2",6,3.11679807050264,6
"FGD12","FGD1",6,3.01539563993404,6
"NOS32","NOS3",1,2.27824556757191,6
"LILRA42","LILRA4",3,3.35600382706152,6
"TENM42","TENM4",1,2.76336804195012,6
"SH3BP5-AS12","SH3BP5-AS1",3,2.5148344573226,6
"COLCA12","COLCA1",6,2.97100534061103,6
"NFAM12","NFAM1",1,2.67134647369429,6
"HLA-DQB22","HLA-DQB2",3,2.59918633100013,6
"BCAS42","BCAS4",3,2.98731679003437,6
"SELPLG2","SELPLG",3,3.38730679287784,6
"TSPOAP1-AS12","TSPOAP1-AS1",3,3.26467361863695,6
"CTXN12","CTXN1",1,2.90973757437471,6
"SEMA4A2","SEMA4A",3,2.93160347195478,6
"PSTPIP22","PSTPIP2",4,2.36149630066202,6
"PAX8-AS12","PAX8-AS1",2,2.19487249530953,6
"NOSTRIN2","NOSTRIN",6,3.08642609693036,6
"HOMER32","HOMER3",1,2.67879941421665,6
"FAM13A-AS12","FAM13A-AS1",3,2.4777434316765,6
"EIF4EBP12","EIF4EBP1",1,2.81907373642025,6
"MICAL12","MICAL1",3,3.03928341426194,6
"PDAP12","PDAP1",1,2.71986902611424,6
"NCALD2","NCALD",4,2.74832596483417,6
"ZNF204P2","ZNF204P",4,2.43202388921169,6
"GLYATL22","GLYATL2",4,3.12267855088584,6
"ZSWIM42","ZSWIM4",1,2.55193841403333,6
"PTGES22","PTGES2",3,2.25334593183881,6
"OSBPL32","OSBPL3",3,2.67855068702338,6
"CIAO2A2","CIAO2A",3,2.53427491135313,6
"BNIP32","BNIP3",6,2.15024146649598,6
"GPSM12","GPSM1",6,3.05757705666078,6
"BCHE2","BCHE",5,2.97342099170123,6
"TTC39A2","TTC39A",4,3.2732347331483,6
"DESI12","DESI1",4,2.44134344748606,6
"PTPN212","PTPN21",6,2.87336708611148,6
"GPR137B2","GPR137B",1,2.88322919947846,6
"SOX62","SOX6",4,2.38715463923862,6
"KLRD12","KLRD1",3,3.02983051264723,6
"TGFB1I12","TGFB1I1",1,2.83777178132556,6
"FBLN52","FBLN5",6,3.82225680569019,6
"SNTB12","SNTB1",4,2.30600463855477,6
"ARMH32","ARMH3",3,2.31022668031506,6
"ZNF4192","ZNF419",6,2.48486707522835,6
"PLIN22","PLIN2",6,2.59133589592792,6
"AC006509.32","AC006509.3",6,2.53368887231905,6
"SDHA2","SDHA",1,2.05199482461883,6
"VEGFC2","VEGFC",1,2.65645206976322,6
"DDX582","DDX58",3,2.27128889326673,6
"KLHL212","KLHL21",6,2.48082518109787,6
"LOXL42","LOXL4",4,2.36161427608537,6
"FANCD22","FANCD2",3,2.95818513757055,6
"NECTIN32","NECTIN3",6,2.66209377131923,6
"BEND52","BEND5",2,2.77352995601333,6
"CREB3L42","CREB3L4",4,3.22135858056743,6
"HOXC42","HOXC4",6,2.79317076547708,6
"AKR1C12","AKR1C1",5,3.14143103854807,6
"NAV22","NAV2",4,2.94711606646194,6
"AC027020.22","AC027020.2",3,2.40885637646238,6
"TSPAN14","TSPAN1",4,2.46427567062552,6
"TMCC32","TMCC3",6,2.24230977547816,6
"ADAMTS142","ADAMTS14",1,3.64141942981169,6
"MT1F2","MT1F",4,2.60666429994074,6
"FOXP32","FOXP3",3,3.10218397366967,6
"NFIL32","NFIL3",5,3.07451271071706,6
"NR3C22","NR3C2",6,2.41880364054938,6
"ZNF385D2","ZNF385D",6,3.03824374786299,6
"LURAP1L2","LURAP1L",5,2.29427514709704,6
"SCUBE32","SCUBE3",1,2.99497685891113,6
"RPA32","RPA3",1,2.19219650004134,6
"DOK42","DOK4",6,2.39502190666803,6
"VDR2","VDR",1,2.93695831891248,6
"NTAN12","NTAN1",1,2.50187737459144,6
"RPS12P162","RPS12P16",2,3.01473377590723,6
"KIF26A2","KIF26A",6,3.34385862272027,6
"THNSL22","THNSL2",6,2.77995400346909,6
"INAFM12","INAFM1",6,3.16255942131196,6
"HCK2","HCK",1,2.74033206565901,6
"MYOC2","MYOC",5,3.37496318239425,6
"LRRC422","LRRC42",1,2.32845802333333,6
"MYC2","MYC",5,3.10341976981406,6
"CLEC11A2","CLEC11A",6,3.03419446711921,6
"LRRC75A2","LRRC75A",2,4.15050517263773,6
"LINC008822","LINC00882",6,2.72075467823249,6
"PTS2","PTS",1,2.79361881371596,6
"CYB5A2","CYB5A",5,3.05705135999315,6
"CDK2AP22","CDK2AP2",3,2.44179019814163,6
"TNFAIP32","TNFAIP3",3,3.08459334521311,6
"HULC2","HULC",4,2.48379186520723,6
"SGPP12","SGPP1",3,2.24007657310989,6
"ST6GALNAC52","ST6GALNAC5",1,3.26892384447997,6
"LINC015152","LINC01515",6,2.63399710637023,6
"PDZRN42","PDZRN4",5,2.49662778898123,6
"PNO12","PNO1",1,2.48965121288347,6
"WASF12","WASF1",6,2.78932210608858,6
"SLC25A442","SLC25A44",3,2.3768680791595,6
"HLCS2","HLCS",4,2.95660709668077,6
"GRIA32","GRIA3",6,3.42742078073035,6
"NLRC52","NLRC5",3,3.71508224804462,6
"AL133243.32","AL133243.3",3,2.30385035605626,6
"ETFDH2","ETFDH",6,2.02563082853366,6
"XYLT12","XYLT1",1,2.80336779666051,6
"SHE2","SHE",6,3.24246508869667,6
"THRB-IT12","THRB-IT1",6,3.11222080418455,6
"HIF3A2","HIF3A",6,2.8372962127933,6
"ROBO42","ROBO4",6,3.17687390699967,6
"GABPA2","GABPA",6,2.3082773070733,6
"ZNF3502","ZNF350",4,2.07619656675689,6
"FBLN72","FBLN7",6,3.23522668226672,6
"ABCC32","ABCC3",4,2.49839879442686,6
"AL109918.12","AL109918.1",3,2.54345043563796,6
"MFNG2","MFNG",3,2.91088787165424,6
"PGF2","PGF",1,2.47778414767043,6
"LRIG32","LRIG3",6,2.98762120375233,6
"CAP22","CAP2",1,2.27942096340792,6
"FBXL72","FBXL7",6,3.08057173315678,6
"LZTS12","LZTS1",1,2.94544651423071,6
"BATF32","BATF3",3,2.33241083657771,6
"ENPP22","ENPP2",6,2.87040293433932,6
"MICOS132","MICOS13",6,2.57052550405463,6
"HAPLN32","HAPLN3",3,2.70744535621722,6
"TIPARP2","TIPARP",5,2.57536793864603,6
"FRK2","FRK",4,2.58686527311519,6
"ADGRB22","ADGRB2",6,2.84213943137931,6
"APBA22","APBA2",3,2.80145861692267,6
"LAT22","LAT2",3,2.82985329961697,6
"COCH2","COCH",6,2.3227694249506,6
"PGGHG2","PGGHG",3,3.07241332711283,6
"GPAT32","GPAT3",6,2.59434685521967,6
"NADK2","NADK",3,2.51364066771253,6
"PROCR2","PROCR",1,2.61864562298255,6
"LIPT12","LIPT1",2,2.34378521642672,6
"TNFRSF92","TNFRSF9",3,3.00200651936011,6
"PARD6G2","PARD6G",6,2.71159886823585,6
"HOXA102","HOXA10",2,2.52682722087892,6
"GATM2","GATM",5,2.55847972625053,6
"TMC52","TMC5",4,2.64381862833634,6
"TSPAN152","TSPAN15",1,2.49879213731585,6
"TMEM2542","TMEM254",4,2.39480267283194,6
"SETD1B2","SETD1B",6,2.20965888582469,6
"GMPPA2","GMPPA",3,2.28230631472246,6
"HOOK12","HOOK1",4,3.34472394548349,6
"RHNO12","RHNO1",4,2.32204735786432,6
"CEBPA2","CEBPA",5,2.4926086590476,6
"PLPP42","PLPP4",1,3.7369581213597,6
"DBF42","DBF4",2,2.48567717278789,6
"CHDH2","CHDH",4,2.88157222756674,6
"TRAT12","TRAT1",3,3.69752260973729,6
"ASB62","ASB6",5,2.0835729936009,6
"RPA12","RPA1",1,2.21564393149042,6
"PLCB22","PLCB2",3,3.10721511311361,6
"ACSS32","ACSS3",5,2.528214413301,6
"CALB22","CALB2",1,2.71201767273952,6
"NREP2","NREP",1,3.12624369674369,6
"CDS12","CDS1",4,3.22486847007736,6
"DDX112","DDX11",3,2.29720208120883,6
"PRDM62","PRDM6",6,2.59150688831052,6
"BHLHE402","BHLHE40",5,2.70751424740553,6
"FAM78A2","FAM78A",3,3.31758268574742,6
"BLVRA2","BLVRA",1,2.58294662625361,6
"GPR652","GPR65",3,2.8718269051417,6
"HS3ST3A12","HS3ST3A1",2,2.98806221085097,6
"FAM221A2","FAM221A",5,2.06829935449519,6
"AC005253.12","AC005253.1",2,4.12730304880949,6
"PLCH22","PLCH2",4,2.45076334926564,6
"GLRX2","GLRX",3,2.54683010653384,6
"DTX12","DTX1",6,2.45176293334579,6
"NPR22","NPR2",6,2.78164711344743,6
"AL121839.22","AL121839.2",4,2.77142794593431,6
"SLC9B22","SLC9B2",1,2.11250170710803,6
"CCDC32","CCDC3",6,2.68034824065584,6
"PGAP12","PGAP1",6,2.36690948539966,6
"SCN9A2","SCN9A",6,2.38899205998922,6
"BTBD192","BTBD19",1,3.01538874067576,6
"CLECL12","CLECL1",3,3.19546394235421,6
"IMMP2L2","IMMP2L",6,2.09582435951253,6
"RGS132","RGS13",6,2.52445295670694,6
"CLNK2","CLNK",3,3.20087874837981,6
"ITGB32","ITGB3",1,3.12332247438579,6
"ARHGEF282","ARHGEF28",6,2.73831883578293,6
"TNNT32","TNNT3",5,2.62282183033541,6
"PRUNE22","PRUNE2",5,2.28636459074733,6
"MRPL122","MRPL12",1,2.43521003895313,6
"EEPD12","EEPD1",6,2.67291427487097,6
"TNFRSF192","TNFRSF19",1,2.70851481141124,6
"MIER32","MIER3",6,2.36208519906144,6
"KCNE32","KCNE3",1,2.59233191056647,6
"CORO72","CORO7",3,2.74874425119947,6
"IDI12","IDI1",5,3.09842101741843,6
"AC104794.32","AC104794.3",6,2.43519164228174,6
"CERS42","CERS4",5,2.56467402211733,6
"TMTC12","TMTC1",5,2.73193819514773,6
"MPP72","MPP7",4,2.55627133868912,6
"NAALAD22","NAALAD2",6,2.70689137864931,6
"GPX12","GPX1",1,3.13999169427259,6
"ZDHHC82","ZDHHC8",1,2.62694831339259,6
"ABCC92","ABCC9",5,2.45129336038542,6
"PCDHB42","PCDHB4",6,2.76126957413067,6
"AADAT2","AADAT",4,2.41375115837421,6
"SLC19A32","SLC19A3",6,2.19681655710259,6
"PLEKHF22","PLEKHF2",3,2.38154115020359,6
"CD1D2","CD1D",3,2.81601993376303,6
"TCEAL52","TCEAL5",6,3.31027146329131,6
"HEY22","HEY2",1,2.66879569496463,6
"NEO12","NEO1",6,3.0594906814144,6
"AL445426.12","AL445426.1",6,2.80881386512431,6
"MCM22","MCM2",3,2.42702316491141,6
"SERPINB82","SERPINB8",1,2.62153297271077,6
"LINC019342","LINC01934",3,3.37570433010913,6
"DUBR2","DUBR",6,2.70865740858949,6
"MEX3D2","MEX3D",1,2.64486365949135,6
"MILR12","MILR1",3,2.72791008691817,6
"KCTD12","KCTD1",4,2.81903696965219,6
"IL342","IL34",3,2.25191942097891,6
"HRH22","HRH2",1,2.44143659751529,6
"VANGL22","VANGL2",4,2.13609325886418,6
"AC068888.12","AC068888.1",6,2.48809764088006,6
"C6orf1322","C6orf132",4,2.86025471243013,6
"TSPAN122","TSPAN12",6,2.09655041017094,6
"RECQL42","RECQL4",2,2.19121599802289,6
"RAB202","RAB20",1,2.26024943517711,6
"ANKRD92","ANKRD9",1,2.33701851331676,6
"NRXN22","NRXN2",6,3.31445685117676,6
"AGA2","AGA",3,2.27221042307955,6
"AMY2B2","AMY2B",6,2.56436918360798,6
"TUBB2A2","TUBB2A",1,2.68765367506812,6
"LINC009962","LINC00996",3,3.28943407704096,6
"NRBF22","NRBF2",1,2.51123849860748,6
"TIFA2","TIFA",3,2.34751942825847,6
"PRR132","PRR13",3,2.34516926387075,6
"SH3GLB22","SH3GLB2",4,2.54042058708811,6
"HERC62","HERC6",3,2.68842784748063,6
"PDZD22","PDZD2",6,2.22983527008515,6
"HENMT12","HENMT1",3,2.25826495978307,6
"FAT42","FAT4",6,3.54828425996349,6
"TMEM252","TMEM25",6,2.4017135058305,6
"VSTM42","VSTM4",6,3.55015132118554,6
"SHC42","SHC4",4,2.52894009964829,6
"SPEG2","SPEG",4,3.04053965788111,6
"SLC7A72","SLC7A7",3,2.6169234128367,6
"GPT22","GPT2",4,2.99002743747781,6
"MMP122","MMP12",3,2.49620136927352,6
"FIGN2","FIGN",6,2.92648658571745,6
"CDC14A2","CDC14A",3,2.83154989390975,6
"AC006141.12","AC006141.1",2,2.308314616612,6
"HDAC112","HDAC11",6,2.36877293547669,6
"BMP62","BMP6",6,2.47868782204756,6
"STON22","STON2",6,2.5589935532411,6
"BHLHE222","BHLHE22",6,2.29009593756642,6
"OPN32","OPN3",1,2.74325799893382,6
"MYBL12","MYBL1",3,2.64545845041179,6
"COPS32","COPS3",1,2.35357457528253,6
"SELENOO2","SELENOO",3,2.41849084496249,6
"CCDC1412","CCDC141",3,2.74658990199029,6
"LPAR22","LPAR2",3,2.68775840330793,6
"MLLT112","MLLT11",6,2.57178502108557,6
"ADGRL32","ADGRL3",6,2.76434764813542,6
"RPL13P122","RPL13P12",2,4.58020653499652,6
"FBXO462","FBXO46",4,2.35563602838719,6
"TNFSF13B2","TNFSF13B",3,3.16431227640522,6
"MCTP22","MCTP2",3,2.90642981220251,6
"TAF42","TAF4",3,2.11600806628704,6
"TRPM22","TRPM2",1,2.48476566688157,6
"TMEM602","TMEM60",1,2.47808762862478,6
"DLL42","DLL4",6,2.53855229897661,6
"L3MBTL12","L3MBTL1",6,2.47175315345789,6
"RNF2072","RNF207",6,2.37856731415932,6
"TMEM622","TMEM62",5,2.64294738601956,6
"SIGLEC17P2","SIGLEC17P",6,2.63788534811303,6
"TST2","TST",4,2.23970300696599,6
"ITGA32","ITGA3",4,2.53942863550864,6
"STK262","STK26",3,2.96555540926744,6
"CFAP702","CFAP70",4,2.48759976560717,6
"FOXC22","FOXC2",1,2.79130612780193,6
"ARHGEF262","ARHGEF26",5,2.62048344735457,6
"APBB32","APBB3",6,2.68557922704236,6
"TSPAN112","TSPAN11",6,2.65662493361392,6
"SRPX22","SRPX2",1,3.12530098653125,6
"CD300E2","CD300E",5,2.59901728820537,6
"AVPR1A2","AVPR1A",6,2.77122474066572,6
"CORO2B2","CORO2B",6,2.80314769756319,6
"ABCG12","ABCG1",3,2.35035618842236,6
"MYOM22","MYOM2",5,2.49355338645229,6
"DENND2D2","DENND2D",3,3.8232092673553,6
"FAM122C2","FAM122C",2,2.58974670461376,6
"ARMCX12","ARMCX1",6,3.23598344197478,6
"COL21A12","COL21A1",6,2.92066543996595,6
"CDC42EP52","CDC42EP5",6,2.60214325083785,6
"ELN2","ELN",6,2.93504661937033,6
"TMEM512","TMEM51",1,2.9309631359459,6
"F11R2","F11R",4,2.71413055224666,6
"CRYZL2P2","CRYZL2P",6,2.63246605572903,6
"CHST142","CHST14",6,2.36996420854741,6
"MTCO1P402","MTCO1P40",4,2.39078126178058,6
"PITHD12","PITHD1",1,2.12972060434966,6
"KCNK22","KCNK2",6,2.54557991830125,6
"LINC022102","LINC02210",6,2.56349901476056,6
"SLC20A22","SLC20A2",1,2.41069992371579,6
"PIK3C2B2","PIK3C2B",3,2.59655621018321,6
"RPS6KA62","RPS6KA6",6,2.68967124862541,6
"PLEKHN12","PLEKHN1",1,2.1701725387546,6
"SEL1L32","SEL1L3",3,3.79935784194031,6
"DSN12","DSN1",3,2.28306323766489,6
"VNN22","VNN2",3,2.96592463736808,6
"ATP5MD2","ATP5MD",1,2.57006835409321,6
"NLRP32","NLRP3",5,2.42072652591112,6
"CELSR22","CELSR2",4,3.24196976608143,6
"PPM1L2","PPM1L",5,2.15880268545001,6
"CHST22","CHST2",3,2.27927062929222,6
"NAALADL22","NAALADL2",6,2.77916286307176,6
"ARHGAP402","ARHGAP40",4,2.71012440968493,6
"KCNAB22","KCNAB2",3,3.23218875482712,6
"SHC22","SHC2",6,2.72513742340698,6
"PRR5L2","PRR5L",1,2.99475350610409,6
"RCAN32","RCAN3",3,2.65844460062263,6
"SLC5A62","SLC5A6",4,2.61437516693679,6
"RECK2","RECK",6,3.48959235324221,6
"SLC16A92","SLC16A9",5,2.39209389029093,6
"GLTP2","GLTP",1,2.41162235404817,6
"PLCG12","PLCG1",6,2.31653226507449,6
"FGF182","FGF18",5,2.79821103109389,6
"BTN3A12","BTN3A1",3,3.0567693367465,6
"RMND5A2","RMND5A",5,2.09921752022867,6
"LPCAT42","LPCAT4",6,2.48691156939583,6
"SLC36A12","SLC36A1",1,2.67533071050236,6
"KANK12","KANK1",6,2.49599686851961,6
"TBX5-AS12","TBX5-AS1",6,2.76448930564689,6
"KLHL32","KLHL3",6,3.13421384674716,6
"GATA62","GATA6",1,2.51738940557971,6
"METTL21A2","METTL21A",3,1.9624039463708,6
"F13A12","F13A1",5,2.70342081473178,6
"AC006115.22","AC006115.2",2,2.45451482892481,6
"LCAT2","LCAT",6,3.06673688525977,6
"TMEM2202","TMEM220",6,2.37475457342457,6
"DDX282","DDX28",1,2.20539101904853,6
"SLFN122","SLFN12",6,2.26062993496625,6
"WDR372","WDR37",3,2.1223643957455,6
"FAR22","FAR2",5,2.63778955107232,6
"KNTC12","KNTC1",3,2.94587021048588,6
"ERAP22","ERAP2",3,2.47798547298696,6
"SMAD92","SMAD9",6,3.2960272205986,6
"DTX32","DTX3",6,2.98441745210023,6
"ADAMTSL32","ADAMTSL3",6,2.69539888618862,6
"SIAE2","SIAE",2,2.42993256859687,6
"TALDO12","TALDO1",1,2.57134933587303,6
"RFWD32","RFWD3",3,2.31556841189301,6
"RGS192","RGS19",3,3.18037711127092,6
"MPZ2","MPZ",3,2.37147362668441,6
"SLIT22","SLIT2",6,3.48661220690395,6
"SQLE2","SQLE",4,2.62152909050256,6
"CYSLTR12","CYSLTR1",3,2.9102032449841,6
"RTL8C2","RTL8C",1,2.73671973822859,6
"NCKIPSD2","NCKIPSD",6,2.42101078902968,6
"IL20RA2","IL20RA",4,2.99017111457868,6
"ZNF5612","ZNF561",4,2.68537763202832,6
"WNT9A2","WNT9A",5,2.50419246504912,6
"ATG4C2","ATG4C",3,2.17956434879537,6
"MRPL442","MRPL44",1,2.30487410622301,6
"TGFB22","TGFB2",2,2.31037347522537,6
"AZIN22","AZIN2",1,3.24723395803028,6
"RASL122","RASL12",6,2.75020710760528,6
"CD282","CD28",3,3.07092784903241,6
"SPATA182","SPATA18",4,2.41538681491815,6
"ADORA32","ADORA3",1,2.81725873086515,6
"SLC39A82","SLC39A8",3,2.46080010884369,6
"LNX12","LNX1",6,2.47426073226276,6
"NYNRIN2","NYNRIN",6,3.15784170975843,6
"IFT522","IFT52",6,2.19538189006351,6
"HCAR12","HCAR1",4,2.91432233480198,6
"FJX12","FJX1",1,2.5421870090082,6
"LRP82","LRP8",3,2.78671538457562,6
"FANCA2","FANCA",3,2.60281012653097,6
"SYT72","SYT7",4,2.46562505858613,6
"MYO1D2","MYO1D",1,3.25761133511846,6
"DHRS4-AS12","DHRS4-AS1",4,2.22163506358906,6
"NCMAP2","NCMAP",4,2.82290668073531,6
"LACC12","LACC1",2,2.72923973337106,6
"MARCHF32","MARCHF3",5,2.49815197792034,6
"ST6GAL12","ST6GAL1",3,2.92305754683881,6
"SLC31A22","SLC31A2",1,2.80460464033584,6
"SHKBP12","SHKBP1",3,2.61296127402463,6
"DDAH12","DDAH1",1,2.40057939139594,6
"MRPL392","MRPL39",1,2.10342364672475,6
"MAFK2","MAFK",6,2.54696577279576,6
"CACNA1H2","CACNA1H",1,2.57546956714762,6
"ADAMTS162","ADAMTS16",1,3.15382880976224,6
"BMF2","BMF",3,2.27820664127242,6
"ABCG22","ABCG2",6,3.20873164036958,6
"RHBDF12","RHBDF1",6,2.84564586660395,6
"KIFC12","KIFC1",1,2.73086742288165,6
"SERTAD32","SERTAD3",5,2.22883451757496,6
"PC2","PC",4,2.75418276758884,6
"RDH132","RDH13",4,2.24091059756929,6
"GTPBP32","GTPBP3",4,2.43450252370771,6
"ZNF3312","ZNF331",5,2.76646187329763,6
"PILRB2","PILRB",5,2.10209910285413,6
"RBM202","RBM20",5,2.58012717775475,6
"CDH62","CDH6",6,2.62552700240945,6
"SALL22","SALL2",6,2.98974127293048,6
"MYH142","MYH14",4,3.46966393644793,6
"ACAN2","ACAN",1,2.69865147656432,6
"MELTF2","MELTF",4,2.40197244164254,6
"WFDC21P2","WFDC21P",3,2.83061696069844,6
"SRARP2","SRARP",5,2.85766348031961,6
"RAE12","RAE1",1,2.2467434095604,6
"UCP22","UCP2",3,3.00512653652459,6
"GRIA42","GRIA4",4,2.90599553899013,6
"PIM12","PIM1",5,3.18393521266834,6
"FOLR22","FOLR2",5,2.52551268831237,6
"BPGM2","BPGM",1,2.92329287447108,6
"SPRY42","SPRY4",6,2.70010824985667,6
"AMZ22","AMZ2",3,2.13588717615386,6
"SP22","SP2",6,2.09650805376759,6
"RASSF52","RASSF5",3,3.51553000623197,6
"CNPY42","CNPY4",6,2.67808761564462,6
"AC008771.12","AC008771.1",4,2.82008067311755,6
"LINGO12","LINGO1",6,2.469623964795,6
"KIAA1324L2","KIAA1324L",1,2.55478886668738,6
"TMPRSS22","TMPRSS2",4,3.46603560926222,6
"LINC002942","LINC00294",1,2.27301050018114,6
"ARHGAP11A2","ARHGAP11A",1,2.55452152449104,6
"AC027290.32","AC027290.3",3,2.42998919266551,6
"ATP6AP12","ATP6AP1",1,2.41792444899945,6
"UBE2QL12","UBE2QL1",1,2.6618389330074,6
"TRAF42","TRAF4",4,3.34266682759078,6
"TRABD2B2","TRABD2B",5,2.11515134844632,6
"TEX92","TEX9",4,2.33705317288932,6
"ST6GALNAC32","ST6GALNAC3",6,2.55101863882653,6
"PCDHB92","PCDHB9",6,3.19970732971091,6
"NFASC2","NFASC",4,2.60069127775775,6
"ADRA2A2","ADRA2A",5,3.07136194926263,6
"EDEM12","EDEM1",3,2.9867304119838,6
"CKAP22","CKAP2",3,2.76917043322276,6
"SATB1-AS12","SATB1-AS1",3,2.71440533996714,6
"MYD882","MYD88",1,2.74316657690492,6
"SMYD32","SMYD3",1,2.64263740681548,6
"RAB40C2","RAB40C",5,2.22883542482352,6
"SLC38A112","SLC38A11",6,2.55317364014453,6
"AC016957.22","AC016957.2",3,2.97226101519301,6
"STEAP42","STEAP4",5,3.6286460782082,6
"NOP56P32","NOP56P3",2,2.96687419280808,6
"TMTC22","TMTC2",6,2.68286820177331,6
"P4HTM2","P4HTM",6,2.42534231027168,6
"TINF22","TINF2",1,2.34461427785385,6
"SCARA32","SCARA3",2,2.42979526223269,6
"SOX52","SOX5",6,2.64423869122206,6
"PTPRU2","PTPRU",6,2.65667283181834,6
"SH3BP12","SH3BP1",3,3.04089753393963,6
"HEATR5A2","HEATR5A",4,2.04865493416714,6
"AC091563.12","AC091563.1",6,2.2532463047126,6
"VWA5A2","VWA5A",5,2.85485611949194,6
"INTS92","INTS9",1,2.09655510175484,6
"AFAP1L22","AFAP1L2",6,3.27239622056499,6
"HSF42","HSF4",6,2.17109090068609,6
"SNORA122","SNORA12",3,2.22255044862139,6
"AC098650.12","AC098650.1",6,3.15953125774813,6
"MAPK102","MAPK10",4,2.19128420967911,6
"RNU4-22","RNU4-2",3,2.83707089284002,6
"AL353622.12","AL353622.1",3,2.8216407502294,6
"DONSON2","DONSON",1,2.14286587287857,6
"ETV12","ETV1",6,3.03449911473462,6
"B3GNT52","B3GNT5",1,2.65005406291556,6
"GTSE12","GTSE1",3,2.47683155978068,6
"H2AX2","H2AX",1,2.36190303336923,6
"TINAGL12","TINAGL1",6,3.03917786723555,6
"MIR193BHG2","MIR193BHG",5,2.27304660086806,6
"CASP62","CASP6",4,2.25072443351417,6
"GAR12","GAR1",1,2.49918950639369,6
"CHKA2","CHKA",4,2.66486938824166,6
"MPC22","MPC2",5,2.81867267084865,6
"GPRIN32","GPRIN3",3,3.03382339320926,6
"METTL42","METTL4",3,2.50818187081238,6
"ADAMTS62","ADAMTS6",1,2.91020782750526,6
"FBXW42","FBXW4",4,2.18414344407253,6
"ATOH82","ATOH8",6,3.16080989874077,6
"FAM174A2","FAM174A",6,2.10725597518587,6
"TP53TG12","TP53TG1",5,2.26627678951206,6
"SLC43A22","SLC43A2",1,2.62730051820195,6
"DNAAF22","DNAAF2",1,2.26906648441624,6
"TMEM542","TMEM54",1,2.73799793378086,6
"LANCL12","LANCL1",6,2.64992950110054,6
"SLC9A3R12","SLC9A3R1",4,2.82269720854648,6
"TDO22","TDO2",1,2.78677714409488,6
"MCM52","MCM5",3,2.81074549888627,6
"DHX582","DHX58",3,2.35846852518204,6
"BACH22","BACH2",3,2.2426325290801,6
"AVIL2","AVIL",1,2.40957049303182,6
"FBXL122","FBXL12",6,2.49911714146533,6
"DPY19L12","DPY19L1",1,3.11021360809276,6
"RBM72","RBM7",6,2.21138978045012,6
"TCTN22","TCTN2",6,2.55515024352841,6
"BST22","BST2",3,2.65125000571286,6
"HS3ST3B12","HS3ST3B1",3,2.52702367612766,6
"DNAH142","DNAH14",4,2.70113514777626,6
"ALS2CL2","ALS2CL",6,2.76017618340756,6
"WHRN2","WHRN",4,2.41489798811241,6
"AC020978.92","AC020978.9",3,2.11096516416552,6
"SMIM272","SMIM27",1,2.21090483034629,6
"FAIM22","FAIM2",6,2.67650327267974,6
"MTLN2","MTLN",1,2.48331846339208,6
"GFPT22","GFPT2",5,3.29905154277522,6
"GTF2IRD22","GTF2IRD2",6,2.44925140959599,6
"NR5A22","NR5A2",6,2.55979420047995,6
"LAIR22","LAIR2",2,2.80387345117194,6
"TSPOAP12","TSPOAP1",4,2.33700782667839,6
"KIFC32","KIFC3",1,3.23274049204562,6
"RASGRF22","RASGRF2",1,2.82569510107941,6
"PTPRO2","PTPRO",1,2.7486279847707,6
"PDE4DIP2","PDE4DIP",6,2.4917162698137,6
"LPAR52","LPAR5",3,2.64977618603847,6
"PTGR22","PTGR2",4,2.226003719411,6
"WNT10A2","WNT10A",3,3.31168501610775,6
"SMPD32","SMPD3",3,3.13655987152092,6
"AL355488.12","AL355488.1",3,2.21251514697339,6
"RBM12B2","RBM12B",2,3.18015677917364,6
"BLCAP2","BLCAP",6,2.43755512968364,6
"TRAF22","TRAF2",3,2.59511086153854,6
"SH3PXD2B2","SH3PXD2B",6,3.12908709317574,6
"AC027097.12","AC027097.1",3,2.78933760436103,6
"APOBR2","APOBR",1,2.59578843147776,6
"SLC25A402","SLC25A40",3,2.16248725385692,6
"FAM155A2","FAM155A",6,2.48419724290012,6
"GALNT182","GALNT18",1,2.1475560394712,6
"ADHFE12","ADHFE1",6,2.2515845170533,6
"OSCAR2","OSCAR",1,2.99968149364436,6
"PRKAR2B2","PRKAR2B",5,2.82717471060864,6
"CROT2","CROT",4,2.61056125105972,6
"PDE3A2","PDE3A",6,2.80668563079365,6
"RCAN22","RCAN2",6,3.06493610559075,6
"QPCT2","QPCT",1,2.30916869128309,6
"RIDA2","RIDA",1,2.40240658706473,6
"CXCL162","CXCL16",1,2.9908358499194,6
"FLT32","FLT3",3,3.1519837766385,6
"BRMS12","BRMS1",3,2.27848144172735,6
"PIF12","PIF1",3,2.65300856532147,6
"CD40LG2","CD40LG",3,3.07353403175886,6
"PPM1M2","PPM1M",3,2.41115156582426,6
"ADCY42","ADCY4",6,2.99985572808833,6
"ACTR3B2","ACTR3B",4,2.65033761665173,6
"SYNPO2","SYNPO",6,2.75860208852364,6
"RELT2","RELT",3,2.68488313151635,6
"CROCC2","CROCC",6,2.68943798811768,6
"SYT122","SYT12",4,3.09944517869619,6
"MS4A4A2","MS4A4A",1,2.46745671451065,6
"FANCF2","FANCF",4,2.27032764146105,6
"FLNC2","FLNC",6,2.76393002606128,6
"POC1B-AS12","POC1B-AS1",3,2.22196100672497,6
"PLCG22","PLCG2",3,3.34333278106578,6
"TACR12","TACR1",6,2.5608041103976,6
"LINC011382","LINC01138",3,2.56506836052921,6
"LNX22","LNX2",4,2.39323778526923,6
"AC010997.62","AC010997.6",2,3.48756488244624,6
"ERCC32","ERCC3",6,2.39289259806,6
"GSTO22","GSTO2",4,3.27869770944216,6
"STMN32","STMN3",5,2.0469523277737,6
"WDR192","WDR19",6,2.5739677236451,6
"GADD45B2","GADD45B",5,3.35108187082608,6
"OSBPL52","OSBPL5",6,2.7557137142779,6
"WASF32","WASF3",5,2.4791150516754,6
"LAMA12","LAMA1",6,2.81561555068941,6
"HOXB62","HOXB6",2,2.59373162189228,6
"TBX12","TBX1",6,2.78163694292591,6
"PLCXD32","PLCXD3",6,2.37145894128797,6
"DHRS13","DHRS1",4,2.5220412844563,6
"MBNL32","MBNL3",3,2.76303962613406,6
"AC024075.22","AC024075.2",6,2.20296948681971,6
"FAM83F2","FAM83F",4,3.45366593035496,6
"TBX52","TBX5",6,2.51411933377422,6
"UCKL12","UCKL1",4,2.27767466190575,6
"AP001496.42","AP001496.4",4,2.31360432558623,6
"MXRA72","MXRA7",6,3.18883209409202,6
"CAPN122","CAPN12",3,2.28018044171699,6
"HAS32","HAS3",5,2.54484553826799,6
"GLIPR1L22","GLIPR1L2",6,2.90239490166501,6
"ADAMTSL22","ADAMTSL2",1,3.38382908605433,6
"CERCAM2","CERCAM",1,3.51890991301246,6
"FAM118A2","FAM118A",2,2.11187459727743,6
"KIF112","KIF11",1,2.63052576986282,6
"IBSP2","IBSP",1,3.3890228610585,6
"LRP32","LRP3",6,2.82344343497258,6
"LINC006492","LINC00649",3,3.24955912401923,6
"PYROXD12","PYROXD1",2,2.15056439120068,6
"CYTL12","CYTL1",6,2.6532777918146,6
"KIAA15222","KIAA1522",4,3.33445742764671,6
"AC015883.12","AC015883.1",3,2.49337598347523,6
"PRR142","PRR14",3,2.26737703659327,6
"WIZ2","WIZ",1,2.3861056620646,6
"PBX42","PBX4",3,3.14028844568769,6
"SLC16A42","SLC16A4",6,2.86108657409972,6
"SMAD62","SMAD6",6,2.55461876759084,6
"IL15RA2","IL15RA",5,2.40581078997421,6
"TMEM200C2","TMEM200C",6,2.84358486044248,6
"DCLK22","DCLK2",1,2.62211738323792,6
"SH2D3A2","SH2D3A",3,2.74823221186656,6
"MRPS102","MRPS10",1,2.29999732323194,6
"CIP2A2","CIP2A",3,2.52540795701447,6
"LANCL22","LANCL2",6,2.24265329004144,6
"ERMAP2","ERMAP",4,2.12126986999413,6
"INTU2","INTU",6,3.00378032440675,6
"SNN2","SNN",5,2.29646547488706,6
"PXMP42","PXMP4",5,2.50930290775203,6
"PAGR12","PAGR1",2,2.8547441164332,6
"GJA42","GJA4",6,2.51539811269007,6
"NDUFAF42","NDUFAF4",1,2.16289625680154,6
"AL139113.12","AL139113.1",6,2.10310794455812,6
"TSPAN22","TSPAN2",1,3.22982181064574,6
"ICAM22","ICAM2",3,2.79329243959258,6
"HOXC92","HOXC9",2,2.65514689964899,6
"IFITM22","IFITM2",6,2.78724583019841,6
"YRDC2","YRDC",1,2.24102537137541,6
"PTPRJ2","PTPRJ",3,2.3750200460117,6
"IL1R22","IL1R2",1,2.31004238028313,6
"RPL39L2","RPL39L",4,2.26788358680424,6
"LINC002712","LINC00271",4,2.38082393901425,6
"AC021078.12","AC021078.1",6,2.41341274938973,6
"RPS20P222","RPS20P22",6,2.75586228376484,6
"MET2","MET",6,2.24915762528307,6
"LINC007022","LINC00702",1,2.73728555052284,6
"PRTFDC12","PRTFDC1",6,3.08923794911705,6
"FN3KRP2","FN3KRP",1,2.09389709915928,6
"ARL6IP62","ARL6IP6",3,2.26409863269648,6
"AC093297.22","AC093297.2",6,2.19235755946191,6
"SLC44A42","SLC44A4",4,2.75238089700491,6
"LZTFL12","LZTFL1",6,2.19413329216391,6
"COMMD12","COMMD1",1,2.52791573942658,6
"BMP22","BMP2",6,2.57695301828014,6
"RHOBTB12","RHOBTB1",6,3.15952597065134,6
"UBA72","UBA7",3,2.72134960638297,6
"CPOX2","CPOX",1,2.30338437518494,6
"RTKN3","RTKN",4,2.8735775338385,6
"LIG12","LIG1",3,2.76561536987024,6
"FAM214B2","FAM214B",1,2.45862709138848,6
"ZNF7272","ZNF727",6,2.85201184581339,6
"SSBP22","SSBP2",6,3.2052257088704,6
"AIFM12","AIFM1",4,2.23551751629743,6
"ZNF2512","ZNF251",6,2.34710700787996,6
"LINC010042","LINC01004",6,2.41846349281799,6
"CACNB32","CACNB3",6,2.61075996960749,6
"TMEM2732","TMEM273",6,2.35872696398723,6
"AL109976.12","AL109976.1",4,2.6913348183553,6
"FADD2","FADD",1,2.53781700010016,6
"RPS132","RPS13",6,2.42520188384739,6
"FAM227A2","FAM227A",4,2.45739049204955,6
"ITGAM2","ITGAM",1,2.65029554806754,6
"KIFC22","KIFC2",4,2.51450407005569,6
"NUGGC2","NUGGC",3,3.09485043710584,6
"MZT12","MZT1",1,2.38233392139219,6
"SBK12","SBK1",3,2.60291342206287,6
"PRAME2","PRAME",1,2.49774852394196,6
"AC012236.12","AC012236.1",3,3.08392628981379,6
"WRAP732","WRAP73",3,2.14059588874438,6
"INTS6L2","INTS6L",3,2.51590113251057,6
"TXLNB2","TXLNB",6,2.37582644276374,6
"NPC12","NPC1",1,2.68213450488933,6
"COX172","COX17",1,2.42359392272391,6
"MGAT32","MGAT3",3,2.44815210274949,6
"HAUS12","HAUS1",1,2.17921627704247,6
"HOXA-AS22","HOXA-AS2",2,3.35023177225102,6
"ABCD42","ABCD4",6,2.23019862838106,6
"ZNF5502","ZNF550",3,2.40582489954668,6
"PLD42","PLD4",3,3.00491226387377,6
"PSMD102","PSMD10",2,2.22423515020476,6
"AC016831.42","AC016831.4",2,2.6117987374971,6
"ROR22","ROR2",6,2.87039927284208,6
"SPRED22","SPRED2",6,2.97069284735707,6
"ARMC92","ARMC9",6,2.49527582304375,6
"ALDH1L22","ALDH1L2",1,2.712255914184,6
"MAD2L1BP2","MAD2L1BP",1,2.21037271274543,6
"NRBP22","NRBP2",6,2.41614847677614,6
"DNAJB42","DNAJB4",6,2.39769998094043,6
"IGFN12","IGFN1",5,2.76031258767906,6
"ORC62","ORC6",3,2.34432583173816,6
"REC82","REC8",3,2.6348140046457,6
"NOL112","NOL11",3,2.19173830675376,6
"CLEC7A2","CLEC7A",1,3.00010584655487,6
"TEX302","TEX30",1,2.33353580804702,6
"ZNF5132","ZNF513",1,2.37013725021116,6
"CUTC2","CUTC",1,2.06661333895017,6
"ARNTL3","ARNTL",1,2.21962498712363,6
"GPD1L2","GPD1L",5,2.67997953342867,6
"CDKN1C2","CDKN1C",6,3.69789703748594,6
"ABCB102","ABCB10",1,2.29002841004302,6
"TSPAN62","TSPAN6",6,2.64526405191981,6
"ZBTB7C2","ZBTB7C",4,3.0187157408073,6
"RPL23AP322","RPL23AP32",6,2.98313273798844,6
"ZDHHC122","ZDHHC12",1,2.37293173260527,6
"SNRNP252","SNRNP25",3,2.16264799639975,6
"IL18R12","IL18R1",2,2.65978939528212,6
"PROSER12","PROSER1",1,2.3012860171143,6
"TRIM692","TRIM69",3,2.64482890714084,6
"ATP10A2","ATP10A",1,2.9140587800794,6
"QSOX22","QSOX2",3,2.4716653467702,6
"RUVBL12","RUVBL1",1,2.40640480468552,6
"PIK3R32","PIK3R3",4,2.2414631259694,6
"SND1-IT12","SND1-IT1",3,2.52108198056349,6
"CCNF2","CCNF",4,2.35888770685433,6
"FKBP52","FKBP5",5,3.05528086140909,6
"TNFRSF10D2","TNFRSF10D",6,2.17659672785557,6
"TMEM86A2","TMEM86A",1,2.38537040865422,6
"LRR12","LRR1",1,2.23436463062146,6
"BCL2L122","BCL2L12",1,2.36585455982451,6
"PREX22","PREX2",6,3.31056272317087,6
"CD1092","CD109",1,2.86492999764492,6
"ANKRD33B2","ANKRD33B",3,2.34614537899463,6
"HMCN12","HMCN1",6,3.72946703763138,6
"NSUN5P12","NSUN5P1",4,2.13973323528269,6
"CNTN32","CNTN3",6,2.78458454852088,6
"FAM53B2","FAM53B",3,2.97440714583721,6
"LINC005112","LINC00511",4,2.46728695911656,6
"CTPS12","CTPS1",3,2.29007506806714,6
"NDUFAF12","NDUFAF1",6,1.9436129921736,6
"AL162595.12","AL162595.1",6,2.41800344492451,6
"PPP1R13B2","PPP1R13B",6,2.60304741914005,6
"PPP2R5A2","PPP2R5A",5,2.25069667872208,6
"AC135050.62","AC135050.6",6,2.27283606150077,6
"TMEM106A2","TMEM106A",2,2.59600262965061,6
"TEAD32","TEAD3",4,2.60525942941236,6
"DHRS122","DHRS12",6,2.29515817561945,6
"TMEM200B2","TMEM200B",6,3.12793728310469,6
"CTSF2","CTSF",6,2.87799609745123,6
"TRDN2","TRDN",2,3.2139640607402,6
"DNASE1L32","DNASE1L3",3,2.72882130224833,6
"LINC011162","LINC01116",6,2.89331424190379,6
"BBC32","BBC3",1,2.52268205939751,6
"DYNC2LI12","DYNC2LI1",6,2.85049795649116,6
"BCAR32","BCAR3",1,2.22646352382021,6
"HOMER12","HOMER1",6,2.16868196608495,6
"FRAT22","FRAT2",3,2.30578442309026,6
"ARAP32","ARAP3",6,3.24229374332477,6
"PEX132","PEX13",4,2.61671265211251,6
"BCAS12","BCAS1",5,2.48974643540383,6
"ZNF4412","ZNF441",2,2.57128874278312,6
"RASSF72","RASSF7",4,2.74732072230403,6
"B3GAT32","B3GAT3",3,2.42640500550068,6
"TENT4A2","TENT4A",6,2.10156838111787,6
"ITIH52","ITIH5",6,3.19553085165771,6
"ZNF1892","ZNF189",1,2.15290458325942,6
"UST2","UST",6,2.61447871484125,6
"TAP12","TAP1",3,3.26827795467087,6
"GEMIN82","GEMIN8",6,2.24721731043336,6
"FDX12","FDX1",3,2.1340056007968,6
"GAS2L32","GAS2L3",1,2.67455763086677,6
"PUS72","PUS7",1,2.33454810680984,6
"SMIM132","SMIM13",1,2.45478169186738,6
"CABLES12","CABLES1",6,2.36482182557385,6
"ZBTB142","ZBTB14",6,2.28352935550902,6
"KDR2","KDR",6,2.73486927404651,6
"ARHGEF52","ARHGEF5",4,3.1477278251373,6
"PRKD22","PRKD2",3,2.89284504368338,6
"FAIM3","FAIM",6,2.38963037704898,6
"SLCO4A12","SLCO4A1",6,2.37412483615022,6
"STARD42","STARD4",3,2.31571419161186,6
"MED312","MED31",2,1.96065029755568,6
"CCDC1682","CCDC168",6,2.34932920652527,6
"MYCT12","MYCT1",6,2.79515648970915,6
"FUCA22","FUCA2",1,2.50563146240112,6
"WDR452","WDR45",4,2.38191867770256,6
"TRIB12","TRIB1",3,2.31947960714579,6
"SIDT12","SIDT1",3,3.03816215942759,6
"NAA102","NAA10",4,2.24492902201583,6
"TBPL12","TBPL1",2,2.05348301263641,6
"OCRL2","OCRL",6,2.23262458754066,6
"CRACR2A2","CRACR2A",3,2.37264290270358,6
"MSC2","MSC",1,2.98141705328991,6
"NOP162","NOP16",1,2.55503667385169,6
"INTS132","INTS13",3,2.27910402948255,6
"NACC22","NACC2",5,2.34686025924639,6
"SCML12","SCML1",5,2.14100213037485,6
"TLCD52","TLCD5",6,2.60533000730371,6
"PLGRKT2","PLGRKT",1,2.41446233892749,6
"SLC30A62","SLC30A6",3,2.14132687972295,6
"ATP8A12","ATP8A1",3,3.34065919263651,6
"PLCL12","PLCL1",2,2.16753579457621,6
"AL158206.12","AL158206.1",6,2.21001554260631,6
"AC090559.22","AC090559.2",2,3.00619409440759,6
"MYO1F2","MYO1F",3,3.10131755331125,6
"OSM2","OSM",1,2.98676119227894,6
"FAM229B2","FAM229B",6,2.56344636112904,6
"MAP3K122","MAP3K12",6,3.22087349141675,6
"MSC-AS12","MSC-AS1",1,2.40466769252924,6
"MAGOHB2","MAGOHB",1,2.24193308402779,6
"ZNF3342","ZNF334",6,2.9022130921342,6
"SEMA3B2","SEMA3B",6,2.69888434206697,6
"MAP3K142","MAP3K14",3,2.75159187231787,6
"DPH22","DPH2",3,2.11122230885666,6
"ALDH18A12","ALDH18A1",1,2.45650954172867,6
"MTFR12","MTFR1",1,2.72437158427893,6
"GRPEL22","GRPEL2",1,2.37332096892925,6
"OXNAD12","OXNAD1",3,2.89293210943292,6
"SETD62","SETD6",4,2.06320428388105,6
"MED92","MED9",4,2.46296029982877,6
"DISC12","DISC1",3,2.22179239307551,6
"MRPS92","MRPS9",6,2.19707627540113,6
"MTURN2","MTURN",6,2.8105795798793,6
"XPO52","XPO5",3,2.19834134072014,6
"SLC29A12","SLC29A1",1,2.50462339152978,6
"PFKP2","PFKP",1,2.2870940299975,6
"BDH12","BDH1",4,2.672012244359,6
"POLRMT2","POLRMT",3,2.38288813940752,6
"DIPK1B2","DIPK1B",6,3.03436686459979,6
"HSBP1L12","HSBP1L1",4,2.41245169800411,6
"FZD62","FZD6",1,2.38477785223015,6
"SGMS22","SGMS2",1,2.91199072913773,6
"GLA2","GLA",1,2.35457983364694,6
"COMMD82","COMMD8",3,2.4149622208605,6
"CEP1262","CEP126",6,3.1864381886732,6
"RNF1382","RNF138",3,2.29473100444663,6
"AC005906.22","AC005906.2",6,3.10439648190599,6
"TP53INP22","TP53INP2",5,2.42140143748479,6
"TRMT2B2","TRMT2B",3,2.42967435593245,6
"SIX52","SIX5",6,3.01449075401767,6
"FAM110B2","FAM110B",6,2.58894928777848,6
"GNPNAT12","GNPNAT1",1,2.30445087012218,6
"IRS12","IRS1",6,3.000509035984,6
"NRGN2","NRGN",1,2.43768185424434,6
"MAP3K7CL2","MAP3K7CL",1,2.74431281729855,6
"RHEX2","RHEX",6,2.61635868553884,6
"NETO22","NETO2",1,2.37329465811571,6
"PLEKHF12","PLEKHF1",1,2.01156508522219,6
"SPAG162","SPAG16",6,2.68405814336234,6
"FAM199X2","FAM199X",1,2.23600144932306,6
"LRP122","LRP12",6,2.51207322679591,6
"ECT22","ECT2",1,2.67326122732036,6
"AP000915.22","AP000915.2",6,2.83696658762518,6
"ACP52","ACP5",3,2.48964031787919,6
"GRAMD42","GRAMD4",1,2.15043842912923,6
"FAP2","FAP",1,4.06716380091855,6
"LINC013592","LINC01359",6,2.85411073803457,6
"CGN2","CGN",4,3.42114233226392,6
"MAATS12","MAATS1",6,2.2919507352987,6
"PPFIA22","PPFIA2",2,2.8751968052799,6
"ZSCAN252","ZSCAN25",2,2.55839347676861,6
"AC026124.12","AC026124.1",6,2.69501411969715,6
"SLC50A12","SLC50A1",1,2.17604095219616,6
"ANGPT12","ANGPT1",6,2.32782968761854,6
"PGS12","PGS1",1,2.28102191087211,6
"SLC25A452","SLC25A45",3,2.7593405136548,6
"ADAM232","ADAM23",2,2.48074357854577,6
"AMOT2","AMOT",6,2.65386810641612,6
"IFRD22","IFRD2",5,2.31728194582292,6
"AC008105.32","AC008105.3",3,3.50429765704488,6
"PITPNM32","PITPNM3",6,3.02375878374731,6
"GAS6-AS12","GAS6-AS1",3,2.82284302339543,6
"DGKA2","DGKA",3,3.38371178944148,6
"PPP1R16A2","PPP1R16A",4,2.93194765927053,6
"DYNC1I12","DYNC1I1",6,3.20844813681871,6
"SAMD122","SAMD12",4,2.6233295930535,6
"NSMAF2","NSMAF",3,2.33926380601902,6
"AL021368.22","AL021368.2",6,2.72564193520613,6
"TACC22","TACC2",5,2.69530107283662,6
"MT-ND62","MT-ND6",2,2.87363500646487,6
"HCP52","HCP5",3,3.35440576963828,6
"SEMA3E2","SEMA3E",5,2.71176741706507,6
"FAM111B2","FAM111B",3,2.54090160514465,6
"GULP12","GULP1",6,3.37835927329742,6
"GPSM32","GPSM3",3,3.74580513791544,6
"INPP5E2","INPP5E",6,2.31791027147132,6
"LDHA2","LDHA",1,3.28201666781832,6
"ARHGAP202","ARHGAP20",6,2.95783176958214,6
"RAB152","RAB15",1,2.55712135930503,6
"AL021707.62","AL021707.6",3,2.81376270436568,6
"CTDP12","CTDP1",1,2.32240461031328,6
"FAM189B2","FAM189B",1,2.28072459519777,6
"TAL12","TAL1",6,2.65500619047595,6
"TNIP22","TNIP2",1,2.30570948609275,6
"CCDC152","CCDC15",5,2.25924660977635,6
"NCAM22","NCAM2",2,2.4794646990018,6
"AP4S12","AP4S1",6,2.79270230968261,6
"SLC31A12","SLC31A1",1,2.50818137945724,6
"NINJ12","NINJ1",1,2.61645755190222,6
"DRAIC2","DRAIC",4,2.64209042814108,6
"SNAI22","SNAI2",6,2.97206306566602,6
"HID12","HID1",4,2.59381366444386,6
"SHISAL2A2","SHISAL2A",3,3.41067263725617,6
"PPIH2","PPIH",3,2.05346787650619,6
"PRR112","PRR11",3,2.45583106419235,6
"KLC42","KLC4",4,2.29374568904973,6
"MIPOL12","MIPOL1",6,2.59348898614568,6
"STARD82","STARD8",6,2.55589091622786,6
"TRIM52","TRIM5",3,2.3392576979264,6
"PGAM52","PGAM5",1,2.36662278790904,6
"RGS142","RGS14",3,2.94171063728221,6
"DCTN1-AS12","DCTN1-AS1",4,2.20849659699151,6
"GPRC5C2","GPRC5C",4,2.99839234387391,6
"NXPH32","NXPH3",6,2.8901850469006,6
"TSNAX2","TSNAX",5,2.08878300340819,6
"RAB3IL12","RAB3IL1",6,3.10999513957565,6
"DKK32","DKK3",1,2.9566509713759,6
"UNC13B2","UNC13B",6,2.74145723196033,6
"CADM42","CADM4",4,2.79149428137544,6
"DBNDD12","DBNDD1",4,3.1396189884858,6
"CDCA7L2","CDCA7L",3,2.42175341702266,6
"BEX22","BEX2",4,2.67104120519345,6
"AC006504.72","AC006504.7",3,2.53966336610181,6
"CYP4F32","CYP4F3",6,2.28477310552839,6
"SPAG52","SPAG5",3,2.37383119009798,6
"FCHSD12","FCHSD1",3,2.66235596502136,6
"PLAGL12","PLAGL1",6,3.47764564964536,6
"AC116667.12","AC116667.1",1,2.23859986970111,6
"ROBO32","ROBO3",6,2.24808401929979,6
"FGD22","FGD2",3,3.28224765341793,6
"ZNF7112","ZNF711",6,2.93818052961399,6
"AC124852.12","AC124852.1",2,2.46321273830002,6
"ITGA82","ITGA8",6,2.40770196124687,6
"TBC1D22B2","TBC1D22B",6,2.09265643126219,6
"CDC42-IT12","CDC42-IT1",3,2.63210044105113,6
"LUZP22","LUZP2",6,2.21372170864448,6
"UBA22","UBA2",3,2.15781573408288,6
"CASZ12","CASZ1",4,3.44905291122817,6
"CSRNP32","CSRNP3",6,2.79994295252246,6
"MNDA2","MNDA",1,2.73433086007394,6
"PHLDA12","PHLDA1",1,2.62442281253883,6
"MTERF32","MTERF3",1,2.09531878903858,6
"TDP12","TDP1",3,2.34603258167216,6
"KDM1B2","KDM1B",3,2.09440421724813,6
"HSD17B62","HSD17B6",1,3.49725908305867,6
"AUH2","AUH",4,2.33389613232676,6
"FAT32","FAT3",4,2.32683070079061,6
"PFKM2","PFKM",6,2.96142438362718,6
"KALRN2","KALRN",6,2.9878327877367,6
"LINC003242","LINC00324",3,2.38017270328401,6
"CALHM52","CALHM5",1,2.89836342789829,6
"P2RX12","P2RX1",3,2.80058674956832,6
"FBXL222","FBXL22",2,2.31600069932435,6
"TBL22","TBL2",1,2.14406039279303,6
"RASIP12","RASIP1",6,2.97655801351453,6
"KRT102","KRT10",1,2.61301942510932,6
"CHST32","CHST3",1,2.39894354720426,6
"Z95114.12","Z95114.1",4,2.36798106333544,6
"AGAP22","AGAP2",3,2.74305350870638,6
"ZNF529-AS12","ZNF529-AS1",4,2.29887889125238,6
"NABP22","NABP2",1,2.32790061384201,6
"ISOC12","ISOC1",4,2.05120274894498,6
"MUC162","MUC16",4,2.5897305348743,6
"HLA-DQA12","HLA-DQA1",3,2.93947274531939,6
"JMJD42","JMJD4",3,2.20007821131279,6
"SIAH12","SIAH1",1,2.21059033440741,6
"CHEK12","CHEK1",1,2.34636552159059,6
"NSRP1P12","NSRP1P1",2,2.27774779273384,6
"L3HYPDH2","L3HYPDH",1,2.28661044069463,6
"P2RX72","P2RX7",3,2.72389266881889,6
"LSR2","LSR",4,2.9834019233727,6
"PLA2G4C2","PLA2G4C",3,2.59030836900869,6
"MLF12","MLF1",6,2.61475926800241,6
"KLHL122","KLHL12",4,2.16430752164384,6
"GAB32","GAB3",3,2.95667280760281,6
"RHBDD12","RHBDD1",3,2.35251803354167,6
"TTC82","TTC8",6,2.5356683853346,6
"MEG92","MEG9",6,3.14321638268322,6
"RIPK32","RIPK3",3,2.86980999336726,6
"ACAA22","ACAA2",1,2.72146249475342,6
"MSTO12","MSTO1",1,2.22708394967606,6
"CYP26B12","CYP26B1",1,2.55126839458858,6
"GSR2","GSR",1,2.44070119374228,6
"NUP432","NUP43",6,2.10444228564525,6
"ZC2HC1C2","ZC2HC1C",4,2.46455143501918,6
"FAM92A2","FAM92A",6,2.38446987884194,6
"MYEF22","MYEF2",4,2.88953840667256,6
"ZFPM22","ZFPM2",1,2.59696220046479,6
"GPHN2","GPHN",6,2.06864468742271,6
"GABPB12","GABPB1",1,2.13430294833297,6
"ZNF75D2","ZNF75D",3,2.46068728494765,6
"RALGPS22","RALGPS2",3,2.82981198010202,6
"TUSC12","TUSC1",6,2.54537653697572,6
"SLC25A332","SLC25A33",4,2.2834030503409,6
"NOD22","NOD2",3,2.7727003325725,6
"SPINT22","SPINT2",4,3.94162508420503,6
"SLC25A422","SLC25A42",3,2.71567613087746,6
"NEMP12","NEMP1",3,2.40046076914955,6
"MTHFD22","MTHFD2",1,2.29440893339788,6
"NRXN12","NRXN1",6,2.12602264488909,6
"ACAT22","ACAT2",1,2.20682470889398,6
"SLC41A12","SLC41A1",6,2.20529233495906,6
"AC124947.12","AC124947.1",2,2.46021899557511,6
"PCDH122","PCDH12",1,2.82135846788941,6
"PRC12","PRC1",1,2.58196293616509,6
"MTHFD2L2","MTHFD2L",5,1.97325650136636,6
"UNC1192","UNC119",3,2.54416708213248,6
"SEMA3A2","SEMA3A",1,2.40063635268928,6
"GEMIN62","GEMIN6",4,2.05912394056892,6
"C1QTNF12","C1QTNF1",1,2.68006864864699,6
"TNFRSF42","TNFRSF4",3,2.77340665733422,6
"BET12","BET1",6,2.11940890634689,6
"GLI22","GLI2",2,2.74226367433063,6
"SLC25A252","SLC25A25",5,2.69797543035274,6
"PANX12","PANX1",1,2.82015124684015,6
"DENND5B2","DENND5B",3,2.51588276248697,6
"TCEA22","TCEA2",6,2.67285178638424,6
"FANCM2","FANCM",2,2.72747338863761,6
"ZNRF22","ZNRF2",1,2.14302903237458,6
"EPHA22","EPHA2",6,2.35184859985886,6
"C2orf27A2","C2orf27A",1,2.62863203699958,6
"GFI12","GFI1",3,3.20037861499329,6
"PRKX2","PRKX",3,2.68377862389782,6
"TTF22","TTF2",3,2.42007043055612,6
"CAMK2B2","CAMK2B",4,2.7510774329148,6
"EED2","EED",3,2.39308003191329,6
"FANCI2","FANCI",2,2.59221906839459,6
"AC010226.12","AC010226.1",2,2.52015938818179,6
"AL683813.22","AL683813.2",6,2.5054908830154,6
"ALKAL22","ALKAL2",6,2.09989135395822,6
"METTL152","METTL15",6,2.15651110727446,6
"C9orf642","C9orf64",6,2.22731611365785,6
"BUD132","BUD13",6,2.33601562553828,6
"SCNN1B2","SCNN1B",5,2.81482536186031,6
"PPP2R3A2","PPP2R3A",4,2.47411121699698,6
"EXTL32","EXTL3",1,2.42527026176192,6
"SLC24A32","SLC24A3",6,2.45896696518951,6
"KREMEN12","KREMEN1",6,3.05099083775343,6
"TAF5L2","TAF5L",1,2.17820362778087,6
"RERGL2","RERGL",5,2.35672873517216,6
"PHF5A2","PHF5A",4,2.06001754238477,6
"EAF12","EAF1",1,2.27508681811771,6
"AL356273.62","AL356273.6",3,2.23018816050208,6
"RSPH32","RSPH3",4,2.30460968887276,6
"DNAJB12","DNAJB1",5,2.69537495203607,6
"HCCS2","HCCS",1,2.35265425275064,6
"FADS12","FADS1",1,2.51174366083887,6
"TOR1A2","TOR1A",1,2.41758566898617,6
"OLFM12","OLFM1",6,2.8900016832666,6
"MAP72","MAP7",4,3.25621654095368,6
"SOCS52","SOCS5",6,2.37354543399073,6
"AC092807.42","AC092807.4",1,2.47747270057038,6
"BYSL2","BYSL",4,2.21701472127047,6
"FLYWCH12","FLYWCH1",6,2.46632684059411,6
"ADAMTSL42","ADAMTSL4",5,2.73877794820358,6
"RNF52","RNF5",3,2.17595121474489,6
"CD300LF2","CD300LF",3,2.64096960538323,6
"EOGT2","EOGT",1,2.71477941336874,6
"DNMBP2","DNMBP",6,2.92520738831772,6
"C3orf622","C3orf62",1,2.12499996998684,6
"PHLPP12","PHLPP1",4,2.42650693553456,6
"RIOK22","RIOK2",6,2.20362062617088,6
"SAMD112","SAMD11",5,2.46657871363117,6
"AC004918.12","AC004918.1",1,2.41194915112701,6
"AL390728.42","AL390728.4",2,3.00154080315941,6
"CYYR12","CYYR1",6,2.67577584681414,6
"WNT112","WNT11",5,2.67383828697191,6
"CKS1B2","CKS1B",1,2.38353253766593,6
"YPEL42","YPEL4",6,3.06937626871632,6
"ARHGEF152","ARHGEF15",6,2.79831777544772,6
"AC018500.12","AC018500.1",2,3.93383900634557,6
"KRT6A2","KRT6A",1,2.6932710092813,6
"GSTCD2","GSTCD",4,2.00608205525011,6
"NDUFAF62","NDUFAF6",4,2.27595618694066,6
"AL356534.12","AL356534.1",6,2.74426855084032,6
"NT5DC32","NT5DC3",4,2.11690173443698,6
"CDCA52","CDCA5",1,2.7583985319341,6
"IGFL22","IGFL2",1,2.83935871146882,6
"RTTN2","RTTN",6,2.3111753701889,6
"RNF62","RNF6",3,1.99644263775661,6
"ARMCX22","ARMCX2",6,2.77894756544898,6
"SYK2","SYK",3,3.23399004580459,6
"RNF432","RNF43",4,2.99159796972078,6
"ONECUT22","ONECUT2",4,2.27218860926097,6
"MRPL242","MRPL24",4,2.26742657560997,6
"ARPIN2","ARPIN",6,2.60162553431978,6
"USP212","USP21",6,2.36202662835685,6
"LYSMD22","LYSMD2",3,2.76250200290043,6
"CDKN2C2","CDKN2C",6,3.11136676785473,6
"TTLL72","TTLL7",6,2.1942902158284,6
"WDR662","WDR66",6,2.47696729524335,6
"STARD92","STARD9",6,3.3499257308214,6
"ST3GAL42","ST3GAL4",1,2.33482716832591,6
"FRY2","FRY",6,2.55380875718232,6
"CR381670.12","CR381670.1",2,2.66429001927346,6
"AC011379.22","AC011379.2",6,2.74550296936818,6
"CARD62","CARD6",2,2.36977871297201,6
"SUSD22","SUSD2",6,2.29127670929359,6
"AL035071.12","AL035071.1",6,2.25316254943653,6
"SNORD132","SNORD13",2,3.14028996204686,6
"BCKDHB2","BCKDHB",4,2.26080838740951,6
"PIGL2","PIGL",3,2.28805173110206,6
"RNF1662","RNF166",3,2.78660803204284,6
"TRPV22","TRPV2",3,2.77478772462273,6
"MOB3B2","MOB3B",6,3.17126059897329,6
"APLNR2","APLNR",1,2.54117776912099,6
"EID22","EID2",2,2.1955495809392,6
"AC006504.52","AC006504.5",3,2.25910512455161,6
"NRP22","NRP2",1,3.21916759409389,6
"ADM52","ADM5",6,2.46360951148323,6
"ZNF2082","ZNF208",2,2.58316096166445,6
"PCBP42","PCBP4",6,2.9926043891104,6
"BTBD32","BTBD3",6,2.52850055844277,6
"AOC32","AOC3",6,2.85879331803626,6
"ANK22","ANK2",5,3.19828134157863,6
"PDIK1L2","PDIK1L",2,2.00935860407609,6
"TESK12","TESK1",1,2.14532110148646,6
"SMIM102","SMIM10",6,2.82056097867158,6
"TMEM2042","TMEM204",6,3.03476240886885,6
"CDC202","CDC20",1,2.84389223812064,6
"MSRA2","MSRA",6,2.47066331264492,6
"MFSD52","MFSD5",1,2.80176049941008,6
"TMEM982","TMEM98",6,3.21346340368056,6
"UCK22","UCK2",1,2.36086573844606,6
"RBM4B2","RBM4B",2,2.17232358996973,6
"LINC008942","LINC00894",2,3.12413256641661,6
"RPRD1A2","RPRD1A",4,2.29198157563705,6
"CDKL52","CDKL5",6,2.3190285244012,6
"ALG142","ALG14",6,2.13032464147679,6
"KRIT12","KRIT1",6,2.08161646471453,6
"COA62","COA6",2,2.34618748763257,6
"RAPGEF62","RAPGEF6",3,2.92880988451296,6
"JAM32","JAM3",6,3.046921211804,6
"ASCC22","ASCC2",1,2.07467574704025,6
"ZNF542P2","ZNF542P",6,2.23370583849025,6
"WDR52","WDR5",3,2.0987312191853,6
"ARVCF2","ARVCF",4,2.53663963032741,6
"TSPAN332","TSPAN33",3,2.81442427578521,6
"AC130895.12","AC130895.1",6,2.39762880737667,6
"TXNDC172","TXNDC17",1,2.70781731135059,6
"TRAM2-AS12","TRAM2-AS1",6,2.39997928859422,6
"CREB52","CREB5",6,2.56919285493735,6
"RPL11P32","RPL11P3",6,2.2420809554402,6
"GEMIN42","GEMIN4",4,2.18821113556158,6
"GATB2","GATB",3,2.01957854370343,6
"VPS9D12","VPS9D1",3,2.3991028867457,6
"ARAF2","ARAF",3,2.17854589317633,6
"MALINC12","MALINC1",2,2.7364162506675,6
"PSD42","PSD4",3,3.36178462089336,6
"RAD51AP12","RAD51AP1",1,2.5183405474859,6
"UBXN2B2","UBXN2B",1,2.35562187381528,6
"NEK112","NEK11",6,2.32117916263583,6
"FMC12","FMC1",4,2.06534569469829,6
"MYCBP2","MYCBP",4,2.19571114944752,6
"ZFYVE282","ZFYVE28",3,2.27154175296854,6
"RNF1222","RNF122",5,2.50809918162109,6
"WDR892","WDR89",3,2.07915453624571,6
"UNC13D2","UNC13D",3,3.01298887438435,6
"SLC22A232","SLC22A23",6,2.17504056164037,6
"GLE12","GLE1",3,2.23941223602136,6
"AL357568.22","AL357568.2",6,2.34746115928556,6
"ACYP12","ACYP1",6,2.23313046877753,6
"ABCA32","ABCA3",5,2.75491940709188,6
"WIPF32","WIPF3",4,2.4964357966406,6
"FCGR2B2","FCGR2B",1,2.69671789844721,6
"RP9P2","RP9P",6,2.89405805299989,6
"GEN12","GEN1",3,2.64092651280358,6
"PRF12","PRF1",3,3.12737195205777,6
"DUSP142","DUSP14",1,2.43813169854019,6
"TSPAN322","TSPAN32",3,3.4067057224367,6
"PLEK2","PLEK",3,3.3982110062642,6
"KIF142","KIF14",4,2.26285236494272,6
"ACKR22","ACKR2",5,2.43922409277547,6
"LINC023282","LINC02328",3,2.53937901685276,6
"LINC008472","LINC00847",3,2.38507405618049,6
"VASH22","VASH2",6,2.65374356191706,6
"MPP12","MPP1",1,2.47876014310686,6
"FANCL2","FANCL",4,2.41541164127916,6
"RAB40B2","RAB40B",6,2.63332423677231,6
"RAB232","RAB23",1,3.26837745317666,6
"LONRF12","LONRF1",6,3.13554515323886,6
"GNAO12","GNAO1",6,2.37623303616069,6
"TRAPPC2L2","TRAPPC2L",3,2.30095094069559,6
"TDRD102","TDRD10",6,2.90720125546863,6
"C5orf222","C5orf22",1,2.02798814191933,6
"COA72","COA7",1,2.31183132601583,6
"PIGW2","PIGW",4,2.24557262025772,6
"ASTN12","ASTN1",6,3.25200706758635,6
"PPFIBP22","PPFIBP2",4,2.32852869279324,6
"SPACA62","SPACA6",6,2.33403585819524,6
"SLC37A12","SLC37A1",3,2.31511712284655,6
"BRCA22","BRCA2",3,2.89732941935524,6
"ARHGEF192","ARHGEF19",6,2.30693470034631,6
"DENND4C2","DENND4C",6,2.64660678931602,6
"PLCD32","PLCD3",1,2.31248653868497,6
"KCNN32","KCNN3",6,2.20933980868065,6
"NSMCE22","NSMCE2",1,2.27886785470555,6
"NFKBIE2","NFKBIE",3,2.60019434431577,6
"H2BC20P2","H2BC20P",3,2.49593587319127,6
"GRASP2","GRASP",6,2.6323019464191,6
"SAYSD12","SAYSD1",1,2.24565013357699,6
"ZBTB52","ZBTB5",6,2.20963664030478,6
"ZNF4232","ZNF423",6,2.93100731552392,6
"GPRC5B2","GPRC5B",5,2.56135920024961,6
"TMEM30B2","TMEM30B",4,2.60402097990172,6
"PKN32","PKN3",5,2.34785658598664,6
"BAIAP2L12","BAIAP2L1",4,2.84199425598154,6
"CAD2","CAD",3,2.01086228929571,6
"KLHDC12","KLHDC1",6,2.68323399593591,6
"SLC39A112","SLC39A11",4,2.23857258157931,6
"PHKG22","PHKG2",3,2.21606356516387,6
"WDR272","WDR27",6,2.57205648802065,6
"SECTM12","SECTM1",1,2.32715133542829,6
"KL2","KL",6,3.03269981783184,6
"IGHA23","IGHA2",6,3.84339388367928,7
"AC092069.13","AC092069.1",2,7.36239094992799,7
"IGHG43","IGHG4",4,4.01945480375772,7
"MUCL13","MUCL1",3,7.42946841284133,7
"PIP3","PIP",3,7.52122518042568,7
"FDCSP3","FDCSP",4,4.41585541377544,7
"COL11A13","COL11A1",5,6.60567003331134,7
"IGLC73","IGLC7",7,3.3839807277816,7
"IGLC33","IGLC3",6,3.08208448205794,7
"IGHG13","IGHG1",4,3.81185950740159,7
"HLA-DRB53","HLA-DRB5",5,3.26328454770447,7
"MTND3P193","MTND3P19",7,2.81678236966364,7
"IGHG33","IGHG3",4,4.04167044045643,7
"CXCL93","CXCL9",4,5.97993515926209,7
"IGHGP3","IGHGP",4,3.66496295907028,7
"DHRS23","DHRS2",3,6.61350292324077,7
"MMP93","MMP9",4,4.3117766142838,7
"IGLC23","IGLC2",6,3.13484936241935,7
"ANKRD30A3","ANKRD30A",3,3.71172211278929,7
"SCGB2A23","SCGB2A2",7,4.44298797273482,7
"MMP133","MMP13",5,5.50361890215544,7
"ALOX15B3","ALOX15B",3,6.6946253634125,7
"CXCL133","CXCL13",4,5.51884137614283,7
"COL10A13","COL10A1",5,6.19507911777016,7
"UGT2B113","UGT2B11",3,6.31801776274044,7
"MS4A13","MS4A1",4,6.02896845317665,7
"COMP3","COMP",5,5.56121390065376,7
"CXCL103","CXCL10",4,4.38892702791702,7
"KRT813","KRT81",7,4.29300360871493,7
"MMP113","MMP11",5,5.85834580829544,7
"PIGR3","PIGR",7,4.31038409562601,7
"PENK3","PENK",1,4.56628824936023,7
"MMP73","MMP7",7,4.84224938708145,7
"MMP18","MMP1",5,4.75983322796275,7
"CCL193","CCL19",4,5.65635894330958,7
"HLA-DRB63","HLA-DRB6",4,2.80424549093182,7
"TAC13","TAC1",6,3.84569158371212,7
"KRT153","KRT15",7,5.4285503650065,7
"PLA2G2A3","PLA2G2A",6,4.00231466270009,7
"LTF3","LTF",7,4.29731248667705,7
"CALML53","CALML5",7,3.81723905626005,7
"LRRC153","LRRC15",5,5.66971516809424,7
"AC008440.13","AC008440.1",2,6.07168550816826,7
"IGHG23","IGHG2",4,3.32842842638574,7
"SPP13","SPP1",5,4.5541576855547,7
"ADH1B3","ADH1B",6,5.03594098844664,7
"DLK13","DLK1",1,4.94741956740287,7
"HMGCS23","HMGCS2",3,6.05504555157801,7
"PI163","PI16",6,4.83537474173357,7
"HBB3","HBB",6,4.64294538865167,7
"SLPI3","SLPI",7,4.54886570479793,7
"AKR1B153","AKR1B15",3,5.91498651205147,7
"TFF33","TFF3",3,4.83010307241336,7
"KRT193","KRT19",7,5.11649578733386,7
"FNDC13","FNDC1",5,5.74670941665014,7
"AC022784.13","AC022784.1",6,2.61221777273162,7
"SERHL23","SERHL2",3,6.60608759249609,7
"AZGP13","AZGP1",3,5.15338747523426,7
"KRT143","KRT14",7,3.78966240111517,7
"LINC009933","LINC00993",3,3.44971639966919,7
"DCX3","DCX",1,5.60394220338885,7
"SCGB1D23","SCGB1D2",7,3.81624644917699,7
"GJB23","GJB2",5,5.29524791004344,7
"HLA-DQA23","HLA-DQA2",4,2.92226921638032,7
"VEGFD3","VEGFD",1,4.1848446447359,7
"GABRP3","GABRP",7,5.85980291977239,7
"ACSM13","ACSM1",3,6.07949685848252,7
"IGHD3","IGHD",4,3.62596415739999,7
"RPL103","RPL10",5,2.99001540305461,7
"AC104984.43","AC104984.4",2,5.08993930162322,7
"CRABP13","CRABP1",1,4.78631340948941,7
"GSTM53","GSTM5",3,5.18299175154166,7
"CCL213","CCL21",6,3.93790517774342,7
"CEMIP3","CEMIP",5,4.51030571987271,7
"ALX43","ALX4",1,5.17434273812389,7
"MMP33","MMP3",5,3.56433741823167,7
"UGT2B283","UGT2B28",3,5.71046235310587,7
"CR23","CR2",4,4.29409981772665,7
"CCR73","CCR7",4,5.30521383692229,7
"HBA23","HBA2",6,4.2714139901467,7
"CCL183","CCL18",4,3.56951465067072,7
"AC137932.33","AC137932.3",2,5.46926979252052,7
"SCARA53","SCARA5",6,3.7230447508464,7
"IL63","IL6",6,5.89189431706369,7
"FABP43","FABP4",6,4.28989076995894,7
"FOXA13","FOXA1",3,5.29216362907711,7
"ALDH3B23","ALDH3B2",3,6.17272273285165,7
"S100A83","S100A8",6,4.16560966850984,7
"KRT6B3","KRT6B",7,4.47843804734446,7
"OLR13","OLR1",5,4.13794862839368,7
"AGR23","AGR2",7,3.08540577296573,7
"CXCL15","CXCL1",6,4.44557763843977,7
"CLDN43","CLDN4",7,4.94160547829854,7
"LYVE13","LYVE1",6,4.83091552048745,7
"SELE3","SELE",6,4.56058832941063,7
"GPC33","GPC3",6,4.09227130553761,7
"ELF53","ELF5",7,4.81460939956775,7
"FOSB3","FOSB",6,5.10297482317788,7
"OXTR3","OXTR",1,4.02202745226295,7
"PLIN13","PLIN1",3,2.95132670823011,7
"SBSPON3","SBSPON",1,4.15970205152405,7
"ANKRD20A11P3","ANKRD20A11P",1,4.52054740614075,7
"CXCL113","CXCL11",4,3.84134241109155,7
"INHBA3","INHBA",5,5.28344791728487,7
"MIR205HG3","MIR205HG",7,3.84158058077859,7
"LTB3","LTB",4,5.6627659986433,7
"S100A23","S100A2",7,3.85455594122107,7
"PTGS23","PTGS2",6,4.89871370815403,7
"HBA13","HBA1",6,4.24343379012119,7
"IGHM3","IGHM",4,4.29597961629971,7
"CCL283","CCL28",7,4.46724057872481,7
"KRT53","KRT5",7,3.89965486682333,7
"PTX33","PTX3",6,4.77545463216952,7
"TFAP2B3","TFAP2B",3,5.06681415784773,7
"PI153","PI15",1,3.34109769348203,7
"ABCC113","ABCC11",3,5.82452097152857,7
"CAPN63","CAPN6",1,4.64595602428415,7
"ACTG23","ACTG2",7,3.680711513892,7
"THBS43","THBS4",2,2.95556811566076,7
"S100A143","S100A14",7,4.60934172588546,7
"HPGD3","HPGD",3,4.78821646260414,7
"LONRF23","LONRF2",1,3.96307078316429,7
"EDIL33","EDIL3",5,4.52844774650605,7
"CLDN33","CLDN3",3,4.49300559315109,7
"FCGR3A3","FCGR3A",5,4.17337142264384,7
"NR4A33","NR4A3",6,5.04128524700024,7
"CD79A3","CD79A",4,5.02879269991787,7
"FCRL53","FCRL5",4,4.90297855467728,7
"HPSE23","HPSE2",1,4.42524074418514,7
"SPDEF3","SPDEF",3,5.34233158161955,7
"CD243","CD24",7,4.81273049372781,7
"SELL3","SELL",4,4.97427017048526,7
"S100A13","S100A1",7,3.5012104525335,7
"VTCN13","VTCN1",7,4.64518394378306,7
"KRT173","KRT17",7,4.75803303360789,7
"PLIN43","PLIN4",6,3.32763627081746,7
"COL17A13","COL17A1",1,3.05588958354952,7
"ADIPOQ3","ADIPOQ",6,3.49314447635209,7
"S100A93","S100A9",6,3.67014743018649,7
"ELF33","ELF3",7,4.77229900248916,7
"COL8A13","COL8A1",5,4.98564069957448,7
"COL6A63","COL6A6",1,3.424950071077,7
"CLDN14","CLDN1",5,3.32071039893925,7
"TAT3","TAT",3,3.43381736308049,7
"PRG43","PRG4",6,4.58217514142661,7
"MMRN13","MMRN1",6,3.80136021606512,7
"CHI3L13","CHI3L1",7,3.42793935649736,7
"AREG3","AREG",7,3.38028868081417,7
"LINC008613","LINC00861",4,5.06567351687964,7
"WIF13","WIF1",1,3.25604586255334,7
"C73","C7",6,4.16270416264816,7
"ABCA103","ABCA10",1,3.59579823613156,7
"ZG16B3","ZG16B",7,4.49942793889395,7
"BANK13","BANK1",4,4.86751047450495,7
"WFDC23","WFDC2",7,4.0619453752774,7
"AKR1C23","AKR1C2",3,4.58762268219898,7
"NIBAN33","NIBAN3",4,4.82237359377203,7
"TIGIT3","TIGIT",4,4.97503438406425,7
"KRT73","KRT7",7,4.50844471372465,7
"LAMP33","LAMP3",4,4.46502909852398,7
"GFRA13","GFRA1",6,3.42825230362622,7
"SOCS33","SOCS3",6,5.67026380726047,7
"KIF26B3","KIF26B",5,4.92827752820418,7
"TNN3","TNN",1,4.34709980000956,7
"STC23","STC2",1,3.00442650174429,7
"GBP53","GBP5",4,4.57609922575602,7
"FREM13","FREM1",1,4.26511809746381,7
"APOC13","APOC1",4,3.13276531691442,7
"POU2AF13","POU2AF1",4,4.43867367659879,7
"CILP23","CILP2",5,4.34647142507808,7
"EPCAM3","EPCAM",7,4.23181387829441,7
"PROM13","PROM1",7,4.71731178248033,7
"ECRG43","ECRG4",1,3.1809023096848,7
"S100P3","S100P",5,3.28329794562729,7
"SCN7A3","SCN7A",2,3.36546563919675,7
"ADAMDEC13","ADAMDEC1",4,4.39985671500111,7
"KLK53","KLK5",7,4.13093755747572,7
"SCGB3A13","SCGB3A1",3,4.07938892006518,7
"MZB13","MZB1",4,4.12172987991829,7
"RASD13","RASD1",6,4.32857507822153,7
"MAL23","MAL2",7,3.76726627011387,7
"LEPR3","LEPR",6,4.33836106948223,7
"CD300LG3","CD300LG",1,3.37035813883009,7
"OGN3","OGN",2,3.76379180611003,7
"MKI673","MKI67",4,3.74238268016091,7
"ITGB63","ITGB6",7,3.89772122090406,7
"TCL1A3","TCL1A",4,4.74695255579945,7
"CD223","CD22",4,4.38537992339788,7
"ZBTB163","ZBTB16",3,3.61778214275398,7
"FCMR3","FCMR",4,5.00547177980572,7
"AL354740.13","AL354740.1",2,5.49655330728161,7
"TMEM59L3","TMEM59L",1,4.56911207576901,7
"G0S23","G0S2",6,3.93600776807739,7
"AC009107.23","AC009107.2",2,4.92229558961088,7
"C2CD4B3","C2CD4B",6,4.25704375145227,7
"IL323","IL32",4,3.35522305805667,7
"CXCL83","CXCL8",6,3.82889314800136,7
"STRA63","STRA6",1,4.04274168635153,7
"HSPB63","HSPB6",6,4.49720903881482,7
"STAC23","STAC2",3,3.33870005164018,7
"AL391097.33","AL391097.3",2,4.96085898451082,7
"NR4A23","NR4A2",6,4.67168913803884,7
"ADCYAP13","ADCYAP1",6,3.44469424725995,7
"CXCL23","CXCL2",6,5.21365096756246,7
"ANKRD36BP23","ANKRD36BP2",4,3.86157192574199,7
"MPV17L3","MPV17L",3,4.94597291270431,7
"IL4I13","IL4I1",4,3.21994601961359,7
"TNFRSF13C3","TNFRSF13C",4,4.64250889770699,7
"MT1A3","MT1A",6,4.73442001383705,7
"CHIT13","CHIT1",4,2.85290311302961,7
"TFF13","TFF1",2,2.68886518038949,7
"KIAA13243","KIAA1324",3,4.66516964430526,7
"RNU6-826P3","RNU6-826P",1,2.7571945366127,7
"ADAM333","ADAM33",6,3.6050537045743,7
"GPC63","GPC6",5,4.5633508186402,7
"PAX53","PAX5",4,4.54992177466104,7
"CLDN83","CLDN8",3,4.52753473945041,7
"CDH14","CDH1",3,4.23848816451972,7
"FABP73","FABP7",3,3.41562870841345,7
"TACSTD23","TACSTD2",7,4.56074719990626,7
"TOP2A3","TOP2A",4,3.51905949805257,7
"CCL133","CCL13",6,3.04854564616716,7
"MUC13","MUC1",3,4.49086963200689,7
"LAMC33","LAMC3",1,4.43947550447037,7
"DES3","DES",2,2.72905214340342,7
"APOD3","APOD",3,3.56071832023135,7
"RPS183","RPS18",1,2.58770094185856,7
"SOX113","SOX11",5,3.27200040973424,7
"RNU6-618P3","RNU6-618P",4,2.53340554176783,7
"IDO13","IDO1",4,4.05041129079588,7
"CFD3","CFD",6,5.07084629019427,7
"DSC33","DSC3",7,4.33065485355916,7
"LCK3","LCK",4,4.74520077659989,7
"PEG103","PEG10",1,2.93104119576362,7
"SAA13","SAA1",7,3.252844519587,7
"GALNT163","GALNT16",1,4.02578182378998,7
"LPL3","LPL",1,2.68568068547701,7
"MTND1P233","MTND1P23",2,2.1796808453023,7
"LAMP53","LAMP5",5,3.84850976816556,7
"KRT233","KRT23",7,3.99267482367421,7
"TFAP2A3","TFAP2A",7,4.07403240402497,7
"GZMK3","GZMK",4,4.31784085302952,7
"TRBC13","TRBC1",4,4.99807920452763,7
"MLPH3","MLPH",3,4.19156192421924,7
"GZMB3","GZMB",4,3.77885743882453,7
"CCN43","CCN4",5,4.45947790170617,7
"RPS263","RPS26",3,2.61476017000423,7
"TRAC3","TRAC",4,4.67974959878851,7
"SLAMF83","SLAMF8",4,3.84415479803087,7
"CYP2B7P3","CYP2B7P",3,3.66173495187027,7
"EIF5A3","EIF5A",5,2.71261567526577,7
"CHRDL13","CHRDL1",6,4.54845771300853,7
"LINC009263","LINC00926",4,4.02131044614427,7
"FASN3","FASN",3,5.26515254417764,7
"DIO23","DIO2",5,2.85248484268435,7
"CNTN13","CNTN1",1,3.99528833214019,7
"RELN3","RELN",1,4.17791536204169,7
"TMEM1583","TMEM158",5,3.79766885467906,7
"AARD3","AARD",7,3.8253383681827,7
"FAM30A3","FAM30A",4,4.16528205243976,7
"IGSF103","IGSF10",1,3.74985260708097,7
"CCL223","CCL22",4,3.44586133198015,7
"PDGFD3","PDGFD",1,3.70308602639838,7
"TRIM293","TRIM29",7,3.81213776470241,7
"P2RY103","P2RY10",4,4.60577393761503,7
"KLK73","KLK7",7,3.7960380007782,7
"RSAD23","RSAD2",5,3.00399018837185,7
"SPIB3","SPIB",4,4.61520339274947,7
"TPSB23","TPSB2",6,2.91341295120335,7
"CTSG3","CTSG",6,3.812818925311,7
"PTGFR3","PTGFR",6,4.23806292428282,7
"HLF3","HLF",1,3.01501954578069,7
"SPINK83","SPINK8",3,5.24816019036501,7
"CD3D3","CD3D",4,4.64345116230784,7
"ABCA83","ABCA8",6,3.8306230523723,7
"MAB21L13","MAB21L1",1,4.3370525166035,7
"BTNL93","BTNL9",1,3.14963204797164,7
"ADAMTS83","ADAMTS8",1,2.99693347514314,7
"CCL3L33","CCL3L3",7,2.48561000311378,7
"TFCP2L13","TFCP2L1",7,4.44675255968752,7
"TFAP2C3","TFAP2C",7,3.72583296949545,7
"ABCA93","ABCA9",2,3.42312654926747,7
"IRF83","IRF8",4,4.11176841797255,7
"ADGRD23","ADGRD2",1,3.93253831357271,7
"GNLY3","GNLY",4,3.82711560220789,7
"MEDAG3","MEDAG",6,5.25583526623702,7
"IGLL53","IGLL5",4,3.03533320753377,7
"OSR13","OSR1",1,3.14028084874731,7
"C15orf483","C15orf48",5,2.71088066911317,7
"RPL213","RPL21",3,2.55525216019626,7
"NQO13","NQO1",3,4.56823400479277,7
"MEOX13","MEOX1",1,3.41704348219165,7
"SNORC3","SNORC",7,3.8529900686286,7
"SOX103","SOX10",7,4.07990904283191,7
"ESM13","ESM1",5,3.63109663635462,7
"CD483","CD48",4,4.48181730254001,7
"PIM23","PIM2",4,3.955320332998,7
"ISG203","ISG20",4,4.15765333320054,7
"IL1B3","IL1B",6,4.01322612570077,7
"HAS13","HAS1",6,4.246544469042,7
"PER13","PER1",6,2.6914115686526,7
"CCL83","CCL8",6,4.10768245943592,7
"SERPINA53","SERPINA5",1,2.98825828220814,7
"DHCR243","DHCR24",3,4.65833284795791,7
"PLAUR3","PLAUR",5,3.74058830030059,7
"MT1X3","MT1X",6,2.33971470697397,7
"PLA2G2D3","PLA2G2D",4,4.4319912047705,7
"FCGBP3","FCGBP",7,2.71989375634179,7
"ZAP703","ZAP70",4,4.81315602192275,7
"CD193","CD19",4,4.55936601447143,7
"ESRP13","ESRP1",7,4.10544323600063,7
"MT1M3","MT1M",6,3.99728051846379,7
"SULF13","SULF1",5,4.69020238447896,7
"SYNM3","SYNM",7,3.42428677564152,7
"AC103591.33","AC103591.3",7,2.47926198194268,7
"TMEM1303","TMEM130",1,4.17731018873879,7
"FADS23","FADS2",3,4.00843781701229,7
"AQP33","AQP3",3,4.41203903710908,7
"SERPINE13","SERPINE1",5,3.37763182711153,7
"SLC11A13","SLC11A1",6,3.2533795105461,7
"NAPSB3","NAPSB",4,4.16146523349135,7
"FGF103","FGF10",6,3.48752289646858,7
"SPTBN13","SPTBN1",2,3.94726965220766,7
"PON33","PON3",3,3.8368631221256,7
"CCN33","CCN3",5,2.68844248821718,7
"ADM3","ADM",6,3.11650827021999,7
"RBP73","RBP7",1,3.08281727315569,7
"MAMDC23","MAMDC2",1,3.17798529654046,7
"CALML33","CALML3",7,3.2369010795032,7
"SERPINB53","SERPINB5",7,3.45939457856636,7
"OAS23","OAS2",4,3.60945997619717,7
"CENPF3","CENPF",4,3.06977600686068,7
"ASPM3","ASPM",4,3.13839737155121,7
"MT2A3","MT2A",6,3.2504470814282,7
"KRT183","KRT18",3,4.17028443339717,7
"AGR33","AGR3",2,2.80298585533949,7
"SCD3","SCD",3,3.78672117036035,7
"CD383","CD38",4,4.2068520034006,7
"SRP93","SRP9",3,3.00449368974073,7
"COLGALT23","COLGALT2",1,4.10940000499752,7
"SNORA2B3","SNORA2B",3,2.39756085863738,7
"PARP153","PARP15",4,4.59506472238962,7
"AQP53","AQP5",7,3.88821606583826,7
"FCER1A3","FCER1A",6,3.08493898173561,7
"KLF53","KLF5",7,3.41162216682882,7
"NUP2103","NUP210",4,4.03685750084161,7
"C1QTNF33","C1QTNF3",5,4.03800260273471,7
"VOPP13","VOPP1",5,3.04772343262518,7
"TRBC23","TRBC2",4,4.94839321053344,7
"ADH1C3","ADH1C",2,2.8521868819572,7
"MATN33","MATN3",5,4.39448398575341,7
"CRACR2B3","CRACR2B",3,3.62967532351235,7
"ZBP13","ZBP1",4,4.10441097067105,7
"PLA2G73","PLA2G7",4,3.45369946712939,7
"THSD43","THSD4",1,3.26515195357167,7
"KLK63","KLK6",7,3.60759128933213,7
"IGHA13","IGHA1",6,3.47052612554628,7
"RPL10P93","RPL10P9",7,2.40954379656566,7
"ACKR13","ACKR1",6,4.54780844596612,7
"TMEM14C3","TMEM14C",5,3.27906336796954,7
"IER23","IER2",6,3.45167443201344,7
"SFN3","SFN",7,4.13777884751081,7
"ESR13","ESR1",1,2.49771914596331,7
"LAMB33","LAMB3",7,3.20200450365106,7
"DKK23","DKK2",1,2.64054797143335,7
"CCN53","CCN5",6,3.96700911210582,7
"RPS73","RPS7",3,2.68484400040787,7
"ZC3H12D3","ZC3H12D",4,4.45964826268744,7
"IRF43","IRF4",4,4.0452801697852,7
"AOX13","AOX1",6,4.23315731163415,7
"CACNA1G3","CACNA1G",1,3.61943994722931,7
"EPPK13","EPPK1",7,3.9664124785126,7
"OSR23","OSR2",6,3.03800832920303,7
"TNS43","TNS4",7,3.35570701281537,7
"SPRY23","SPRY2",1,3.38368967122351,7
"MIA3","MIA",1,3.62739548856903,7
"SPOCK23","SPOCK2",4,4.70416034814007,7
"TBC1D10C3","TBC1D10C",4,5.01120324492889,7
"LRRC173","LRRC17",1,3.69944221314823,7
"CD3E3","CD3E",4,4.69696077212077,7
"CH25H3","CH25H",6,3.74023756917121,7
"NEK103","NEK10",7,2.72979078288089,7
"DERL33","DERL3",4,3.48437298284099,7
"FCRL33","FCRL3",4,4.71447384695825,7
"SYT83","SYT8",1,3.5188329930432,7
"CD523","CD52",4,4.93579665411858,7
"RGS15","RGS1",7,3.02784880364665,7
"LIF3","LIF",6,3.6704712151063,7
"IRX13","IRX1",7,3.58742738308895,7
"GRHL13","GRHL1",7,4.01730762746622,7
"H2BC83","H2BC8",7,2.79899511214624,7
"ERBB33","ERBB3",7,3.81560551730252,7
"MAOB3","MAOB",1,2.93002982176346,7
"TK13","TK1",5,2.62594554975518,7
"PAMR13","PAMR1",1,3.2364568408978,7
"CA123","CA12",7,3.42672098819847,7
"ROCR3","ROCR",7,4.55205381924971,7
"PTN3","PTN",1,3.76284938066949,7
"C1QBP3","C1QBP",5,2.52032962954785,7
"PRSS83","PRSS8",7,3.84773858162582,7
"C3orf803","C3orf80",5,3.90587346629928,7
"KLHL133","KLHL13",1,3.14921652784508,7
"LGALS93","LGALS9",4,2.98151644035519,7
"CD63","CD6",4,4.73661673872981,7
"TREM23","TREM2",5,3.53729887780065,7
"MT-TK3","MT-TK",1,2.22992565702522,7
"NTRK23","NTRK2",1,3.2914487469677,7
"AP000892.43","AP000892.4",6,2.90412021309063,7
"CNN13","CNN1",1,2.40980951780905,7
"LAMC23","LAMC2",7,3.64406406158793,7
"P2RX53","P2RX5",4,4.37624514578282,7
"AC004687.13","AC004687.1",4,4.65327792024666,7
"AIM23","AIM2",4,4.29282805711851,7
"CD25","CD2",4,4.86624032412764,7
"FMO23","FMO2",2,3.30195710611565,7
"INMT3","INMT",6,2.88810180874752,7
"HMGA13","HMGA1",4,2.87590156182274,7
"RPS153","RPS15",3,2.71593058646129,7
"KIT3","KIT",1,2.86794819506373,7
"PPP1R1B3","PPP1R1B",7,3.41722089723163,7
"ITGA113","ITGA11",5,4.40142838012581,7
"SP1403","SP140",4,4.79508316419797,7
"ITGBL13","ITGBL1",5,4.25110855272052,7
"ANGPTL43","ANGPTL4",6,3.47909538071372,7
"GDF153","GDF15",3,2.61337962038061,7
"GPX33","GPX3",6,4.59931184654424,7
"PRSS123","PRSS12",1,3.1881832645106,7
"GPRC5A3","GPRC5A",6,3.18594613054758,7
"PLAC83","PLAC8",4,4.26160334562723,7
"TAGAP3","TAGAP",4,4.02721133617402,7
"CPA33","CPA3",6,3.20879286389376,7
"FPR13","FPR1",6,3.5778387036423,7
"MCOLN23","MCOLN2",4,3.72497418322136,7
"ACAP13","ACAP1",4,4.57517006024083,7
"DSG13","DSG1",7,3.84866058202307,7
"MEOX23","MEOX2",1,2.97902333774848,7
"EHF3","EHF",7,3.67549362766115,7
"ANGPTL13","ANGPTL1",6,3.33287646814551,7
"SNX203","SNX20",4,4.41949136359638,7
"ITK3","ITK",4,4.07919116804747,7
"TRMT9B3","TRMT9B",1,3.85509021012258,7
"EGFL63","EGFL6",1,3.31280369077151,7
"CXCL63","CXCL6",6,2.95522120587343,7
"C16orf893","C16orf89",6,3.98493288009897,7
"CD8A3","CD8A",4,4.01078979537677,7
"WNT23","WNT2",5,3.85876625513663,7
"LINC023623","LINC02362",4,3.36796905254849,7
"RPL33","RPL3",3,2.78055137860687,7
"GRP3","GRP",1,3.13399005138511,7
"TYMS3","TYMS",4,2.81670530529401,7
"C1QTNF63","C1QTNF6",5,4.01849607831495,7
"ADAMTS43","ADAMTS4",6,4.18734698183704,7
"ITGB2-AS13","ITGB2-AS1",4,4.02949740461791,7
"CAVIN23","CAVIN2",2,3.36348572831086,7
"ADIRF3","ADIRF",6,3.53055975534967,7
"TNFAIP63","TNFAIP6",5,3.40702683115578,7
"CALHM63","CALHM6",4,3.68097096257187,7
"ELOVL73","ELOVL7",3,3.63699527098021,7
"GPM6B3","GPM6B",1,4.49560664875706,7
"TNFSF143","TNFSF14",6,4.03432026505908,7
"CD2473","CD247",4,4.2055387060177,7
"EFHD13","EFHD1",3,3.09609502487173,7
"TNC3","TNC",5,3.85753043993332,7
"GZMA3","GZMA",4,4.07651734843762,7
"SH2D1A3","SH2D1A",4,4.55377671610779,7
"TRIL3","TRIL",1,3.89749429675806,7
"DDIT43","DDIT4",5,3.16148923413629,7
"GAL3","GAL",6,3.39007609816821,7
"AUXG01000058.13","AUXG01000058.1",2,3.20075725162434,7
"CD2093","CD209",6,4.0640707989909,7
"CLEC10A3","CLEC10A",4,2.94921969317231,7
"AC011503.13","AC011503.1",1,3.99689964573878,7
"LGALS23","LGALS2",4,4.36683357913545,7
"FAM189A23","FAM189A2",1,3.58724514470828,7
"CD273","CD27",4,4.62721609260876,7
"IL7R3","IL7R",4,4.74865543196352,7
"COL9A33","COL9A3",1,3.22438417035426,7
"RDH103","RDH10",6,2.52128825278623,7
"F2RL23","F2RL2",1,3.54824185504704,7
"KIF123","KIF12",7,3.23048920341968,7
"NR4A13","NR4A1",6,4.53608200706034,7
"CX3CL13","CX3CL1",7,3.08062216194883,7
"SCUBE23","SCUBE2",3,3.14517225832132,7
"PPL3","PPL",1,3.16706679597891,7
"TRG-AS13","TRG-AS1",4,4.04968696274466,7
"SOX173","SOX17",6,3.54616003422762,7
"HGF3","HGF",1,3.20041245502734,7
"RNU5F-13","RNU5F-1",4,3.44453205661755,7
"CD1E3","CD1E",4,3.08516871200584,7
"SHROOM33","SHROOM3",7,3.56528512988709,7
"ATF33","ATF3",6,3.93750181626032,7
"FCRL23","FCRL2",4,4.01711604296535,7
"SNORD633","SNORD63",1,2.6289227835719,7
"LMNB13","LMNB1",4,3.12716514078752,7
"TPX23","TPX2",5,2.97987762864787,7
"RGS43","RGS4",5,3.03129308444194,7
"CHPF3","CHPF",5,4.1282135803398,7
"IRX53","IRX5",3,3.43278284122437,7
"GJA53","GJA5",5,3.70387465724455,7
"NKD23","NKD2",1,3.48002172374858,7
"ALDH1A13","ALDH1A1",6,3.3840729878825,7
"ARPC43","ARPC4",5,2.50704578308431,7
"TNFRSF173","TNFRSF17",4,3.19241431610708,7
"Z82215.13","Z82215.1",2,4.55332295744317,7
"AL365361.13","AL365361.1",4,4.35948167997587,7
"PADI23","PADI2",7,3.73394777866305,7
"IGFBP23","IGFBP2",1,4.20160768277457,7
"BAMBI3","BAMBI",7,3.49707982000074,7
"IL2RB3","IL2RB",4,3.8892055707485,7
"CCL173","CCL17",4,2.92681843897419,7
"CCL4L23","CCL4L2",6,2.55488259586045,7
"MMP163","MMP16",1,4.36426921039535,7
"ASPN3","ASPN",5,4.61488249458543,7
"CAPN83","CAPN8",1,2.79122683682558,7
"FRZB3","FRZB",1,3.49210316013721,7
"PDZK1IP13","PDZK1IP1",7,3.56052274536834,7
"APOLD13","APOLD1",6,3.48612517254857,7
"CDKN2B3","CDKN2B",5,3.88945725172982,7
"RBP43","RBP4",2,2.65602762935254,7
"CD3G3","CD3G",4,4.52123899440284,7
"LRRN4CL3","LRRN4CL",6,3.07871964720932,7
"SLC7A23","SLC7A2",6,3.22923117955931,7
"KLK103","KLK10",7,3.4194474138833,7
"IL21R3","IL21R",4,3.95184297796462,7
"KLF43","KLF4",6,4.64301453256075,7
"SRPX4","SRPX",6,3.24733959577519,7
"SLC12A83","SLC12A8",5,3.63823698564917,7
"NEURL1B3","NEURL1B",6,2.81812393691754,7
"CD79B3","CD79B",4,4.29606397459748,7
"SCML43","SCML4",4,3.86923915213095,7
"PKP13","PKP1",7,3.68911646661202,7
"CELF43","CELF4",1,3.5238258340261,7
"NLRC33","NLRC3",4,4.31796043071823,7
"DSG23","DSG2",7,3.91037457392888,7
"PLEKHS13","PLEKHS1",7,4.20266790848607,7
"ME13","ME1",3,3.59657412465943,7
"LINC023973","LINC02397",4,3.96043229328397,7
"GREM23","GREM2",2,3.32146557814279,7
"RUNX23","RUNX2",5,3.4772033726716,7
"OAS33","OAS3",4,2.82236110146829,7
"ARFGEF33","ARFGEF3",3,4.25013284329639,7
"FZD10-AS13","FZD10-AS1",1,3.20568672028296,7
"PLPP23","PLPP2",7,3.78873752471093,7
"TRAF3IP33","TRAF3IP3",4,4.93125098028889,7
"CDH33","CDH3",7,3.61108831556731,7
"SPHK13","SPHK1",5,3.30875394259905,7
"CDKN2A3","CDKN2A",5,3.64700093974665,7
"PTGDS3","PTGDS",4,3.1766508666297,7
"DHCR73","DHCR7",3,3.87859252729542,7
"SLC7A33","SLC7A3",1,3.61637346335375,7
"SNX103","SNX10",4,3.42504571597963,7
"HSPA1B3","HSPA1B",6,3.21352800010286,7
"TFEC3","TFEC",4,3.76448939850469,7
"SNORA133","SNORA13",1,3.02538210863681,7
"IKZF33","IKZF3",4,4.75560065505987,7
"APOBEC3A3","APOBEC3A",6,3.61172257699101,7
"SRD5A13","SRD5A1",3,4.22362106578163,7
"VIPR23","VIPR2",1,3.08228130722404,7
"ST143","ST14",7,3.07322039343937,7
"CHST13","CHST1",3,3.06652298291035,7
"PLP13","PLP1",1,3.88560966084941,7
"GPIHBP13","GPIHBP1",6,3.19194170224511,7
"TMC83","TMC8",4,4.67136490772875,7
"RPL18A3","RPL18A",3,2.35274790380851,7
"SOX93","SOX9",7,3.63643155967413,7
"TSPAN83","TSPAN8",3,3.38937240478594,7
"PGR3","PGR",1,2.93857487533173,7
"CARD113","CARD11",4,4.45206960998517,7
"MIAT3","MIAT",4,3.75456333962606,7
"TLR103","TLR10",4,3.72637174817548,7
"FIBIN3","FIBIN",5,3.47389605084893,7
"MDFI3","MDFI",5,3.50342171346047,7
"APCDD13","APCDD1",1,3.38218473436443,7
"CRABP23","CRABP2",1,3.21184217843757,7
"CCL33","CCL3",6,2.84784936964726,7
"FCGR2A3","FCGR2A",5,3.36198974723312,7
"H2BC213","H2BC21",3,2.80891312894668,7
"CA23","CA2",7,2.98440505790174,7
"SDS3","SDS",5,3.10941947741322,7
"EPYC3","EPYC",5,3.86713524294826,7
"NPY1R3","NPY1R",7,2.86598333342755,7
"HOXD93","HOXD9",1,3.2691156823399,7
"RSPO33","RSPO3",6,3.1539539422548,7
"PTTG13","PTTG1",4,3.03885368211858,7
"ECEL13","ECEL1",1,3.50680863045012,7
"SPCS23","SPCS2",5,2.68779228290356,7
"GALNT53","GALNT5",5,3.47739085412309,7
"ST6GAL23","ST6GAL2",5,4.05846664132207,7
"LILRB43","LILRB4",4,3.38998167429145,7
"LIPE3","LIPE",6,2.70568876779792,7
"DUSP23","DUSP2",4,2.96296666585567,7
"CD74","CD7",4,3.94846793653193,7
"GRHL23","GRHL2",3,3.51767186087363,7
"NOVA13","NOVA1",1,3.22050454468494,7
"CYTOR3","CYTOR",5,3.20185911878153,7
"AC012349.13","AC012349.1",1,2.74084482008937,7
"ISG153","ISG15",4,2.73428117341626,7
"ADAM83","ADAM8",4,3.29969954348169,7
"AC119673.33","AC119673.3",2,2.33885322322001,7
"RTKN23","RTKN2",4,3.48882134649808,7
"IRF63","IRF6",7,3.61959050150676,7
"ADAMTS9-AS23","ADAMTS9-AS2",1,3.66041331805772,7
"GPD13","GPD1",2,2.76627700362847,7
"UNC5B3","UNC5B",5,4.5708009745332,7
"ITGB73","ITGB7",4,4.19971922311873,7
"HDC3","HDC",6,3.81034899759534,7
"SLAMF73","SLAMF7",4,3.92897389567298,7
"KCNA13","KCNA1",1,3.98871126629671,7
"MPZL23","MPZL2",7,3.34349144160131,7
"TENM13","TENM1",1,3.43058966449861,7
"PROX13","PROX1",6,2.97127142476035,7
"PRLR3","PRLR",3,3.74379445639731,7
"ID23","ID2",6,2.63018318365731,7
"CCL43","CCL4",6,2.60982142054217,7
"MGST13","MGST1",3,3.62215611917555,7
"MFAP53","MFAP5",5,4.07972714921394,7
"TENT5C3","TENT5C",4,3.81196925058566,7
"SPOCK13","SPOCK1",5,4.37149591667415,7
"CNTFR3","CNTFR",1,2.96786344782884,7
"MYBL23","MYBL2",4,3.37673039672526,7
"TWIST23","TWIST2",6,3.46858646923453,7
"PCDH193","PCDH19",1,3.62109805500267,7
"PWWP3B3","PWWP3B",1,2.7634660710603,7
"FPR33","FPR3",5,2.98218738044451,7
"UBE2C3","UBE2C",5,3.20843132891159,7
"MTND3P103","MTND3P10",7,2.38455157020548,7
"MAPT3","MAPT",7,2.80840079435028,7
"MEX3A3","MEX3A",1,3.23537068092415,7
"SUSD33","SUSD3",4,3.47950904527027,7
"AMPD13","AMPD1",6,2.61283599784981,7
"CCR23","CCR2",4,3.41445128093254,7
"CP3","CP",7,2.64331765319643,7
"STC13","STC1",6,2.7580329087151,7
"ACKR33","ACKR3",6,3.78027394171141,7
"HLA-DOB3","HLA-DOB",4,4.19116542952096,7
"STMN23","STMN2",2,2.4256786602595,7
"LRFN53","LRFN5",1,2.93656759597107,7
"PTHLH3","PTHLH",1,2.60596018564655,7
"THRSP3","THRSP",3,3.75031337557733,7
"DAPP13","DAPP1",4,3.80583795204216,7
"PLEKHH23","PLEKHH2",1,3.98017084421356,7
"BIN23","BIN2",4,3.72094378229348,7
"NEBL3","NEBL",7,3.21791824092573,7
"PDE3B3","PDE3B",4,4.051650726773,7
"MAP4K13","MAP4K1",4,4.18478825982887,7
"CD833","CD83",4,3.19457601516096,7
"RAB253","RAB25",7,3.81227431736568,7
"SLC7A53","SLC7A5",7,2.66056969544864,7
"CR13","CR1",4,3.22622615598189,7
"PLAU3","PLAU",5,4.09174797814528,7
"RASAL33","RASAL3",4,4.10423967622005,7
"GALNT33","GALNT3",3,3.23356694221269,7
"NRG13","NRG1",7,3.27768235818778,7
"SUMO23","SUMO2",5,2.96588008064819,7
"NCF23","NCF2",6,3.11523250756598,7
"ZNF4693","ZNF469",5,3.88303705042539,7
"HEYL3","HEYL",5,3.21373789379793,7
"SCARNA93","SCARNA9",6,2.37501525757292,7
"TUBB2B3","TUBB2B",7,3.00463670007576,7
"EGLN33","EGLN3",5,2.98037791193251,7
"NECTIN43","NECTIN4",7,3.93101507994082,7
"EVA1A3","EVA1A",5,3.54254607711366,7
"TNFRSF13B3","TNFRSF13B",4,4.02547531831544,7
"ENPP13","ENPP1",5,3.54330909864804,7
"CD373","CD37",4,4.55546405694276,7
"CCL53","CCL5",4,4.35527172156445,7
"RHOF3","RHOF",4,4.26353610319721,7
"RFLNA3","RFLNA",5,3.26678197378986,7
"GPR1713","GPR171",4,3.83430030640959,7
"UCHL13","UCHL1",5,3.4085092535338,7
"HVCN13","HVCN1",4,3.6722876028414,7
"PTPN63","PTPN6",4,3.84476861385317,7
"NPR33","NPR3",5,3.39273038397007,7
"MOXD13","MOXD1",5,3.23491938252896,7
"BCL11A3","BCL11A",4,3.86136472868518,7
"CRLF13","CRLF1",5,2.84896775421096,7
"KCNN43","KCNN4",7,3.45455053771776,7
"CMPK23","CMPK2",4,2.90792600744724,7
"CD963","CD96",4,4.24448908300067,7
"CD1C3","CD1C",4,3.11359893140674,7
"LCN23","LCN2",7,3.92995474090836,7
"STUM3","STUM",1,3.60629838849464,7
"HSH2D3","HSH2D",4,3.99628873467793,7
"TUBA1C3","TUBA1C",5,3.86770421392514,7
"FMO53","FMO5",3,4.26355628673971,7
"PLN3","PLN",5,3.76471672855899,7
"EDNRB3","EDNRB",1,3.33845891298459,7
"SLCO2A13","SLCO2A1",1,2.49886801352801,7
"DMKN3","DMKN",7,2.95104472367714,7
"RHOH3","RHOH",4,3.97396895567171,7
"LRP23","LRP2",7,3.00604287046069,7
"SCO23","SCO2",4,2.47623596992661,7
"IL17RD3","IL17RD",1,3.63305837526028,7
"FCN13","FCN1",6,3.56087681088302,7
"CTHRC13","CTHRC1",5,4.76633058918373,7
"FAM184A3","FAM184A",1,3.15482405222752,7
"MASP13","MASP1",6,2.9703759199944,7
"RGMA3","RGMA",1,3.62218164596201,7
"CD723","CD72",4,4.0539889331607,7
"GDF103","GDF10",6,3.57812152650957,7
"PDGFRL3","PDGFRL",6,3.58192714133775,7
"FAM107A3","FAM107A",6,3.12205608353343,7
"SLC2A53","SLC2A5",4,2.78733496872052,7
"AIF1L3","AIF1L",1,2.75814992848432,7
"MYBPC13","MYBPC1",3,3.68734356896111,7
"FCRL13","FCRL1",4,3.96258873626581,7
"SAE13","SAE1",5,2.74064561526967,7
"SERTAD43","SERTAD4",5,3.0097941704515,7
"BIRC53","BIRC5",4,2.71705272893472,7
"LINC010883","LINC01088",3,3.82520140255735,7
"CHI3L23","CHI3L2",7,3.01429489590126,7
"CD55","CD5",4,4.15054549492051,7
"MIR155HG3","MIR155HG",4,3.45463915058189,7
"AP003497.23","AP003497.2",4,3.25514707475626,7
"ITGAX3","ITGAX",4,3.17755464816228,7
"KRT163","KRT16",5,3.35994812792634,7
"DGAT23","DGAT2",6,2.24787051941015,7
"GSTM33","GSTM3",1,3.20039162803993,7
"CACHD13","CACHD1",1,2.93965514670866,7
"GPR1833","GPR183",4,3.36358999717815,7
"ZNF6833","ZNF683",4,3.36896304874168,7
"SLC34A23","SLC34A2",7,4.44358198590991,7
"GAREM13","GAREM1",1,3.84141535458747,7
"GAL3ST43","GAL3ST4",5,3.40679694141016,7
"GPR1743","GPR174",4,3.92738897962428,7
"GBP43","GBP4",4,3.47708667145473,7
"MS4A23","MS4A2",2,2.94011399612363,7
"ITGAL3","ITGAL",4,4.48866166572094,7
"INHBB3","INHBB",3,2.74092302608366,7
"TENM23","TENM2",1,3.2027511809841,7
"DUSP43","DUSP4",7,3.10692432308673,7
"PDE2A3","PDE2A",6,3.33715442454948,7
"CCL113","CCL11",5,2.82902490838764,7
"PHLDA23","PHLDA2",5,3.1432719784243,7
"GPR683","GPR68",5,3.31208382125701,7
"RAMP13","RAMP1",1,2.78364575458995,7
"CXADR3","CXADR",7,3.37942083358709,7
"ANO93","ANO9",4,3.5047021869023,7
"AC003681.13","AC003681.1",7,2.76328531975882,7
"MIR3353","MIR335",1,3.03968743679602,7
"FGF14","FGF1",1,3.47803455367181,7
"TPSAB13","TPSAB1",6,2.65309884515525,7
"CLDN73","CLDN7",7,3.67379192832887,7
"GVINP13","GVINP1",4,4.15921362237155,7
"ALDH1A23","ALDH1A2",1,3.24532296119976,7
"BICDL13","BICDL1",4,4.1446786212404,7
"LAMA33","LAMA3",1,3.11409953539403,7
"CPNE53","CPNE5",4,3.79254327662106,7
"BDKRB23","BDKRB2",6,2.82646652084176,7
"BMP43","BMP4",2,2.85436190235681,7
"KERA3","KERA",1,3.02382273424467,7
"CENPE3","CENPE",4,3.01449598939868,7
"GCH13","GCH1",4,2.5213060656032,7
"SVEP13","SVEP1",6,3.54142996778649,7
"IQCN3","IQCN",1,3.5085362992673,7
"CPB13","CPB1",2,2.28542270395282,7
"LY93","LY9",4,3.79627097875436,7
"NPNT3","NPNT",3,3.13941410871307,7
"LTBP43","LTBP4",6,2.95481529875153,7
"GATA23","GATA2",2,2.71366102966574,7
"SAA23","SAA2",7,2.67778197387393,7
"LINC012353","LINC01235",3,2.45235085891635,7
"FCER23","FCER2",4,3.49811567849717,7
"EGR33","EGR3",6,3.24724984309735,7
"RPL63","RPL6",4,2.10545279949587,7
"MACC13","MACC1",7,3.26619483645096,7
"BTLA3","BTLA",4,4.38934078370289,7
"TCEA13","TCEA1",5,2.65563296240499,7
"TRAF13","TRAF1",4,3.57368698759817,7
"TPD52L13","TPD52L1",7,2.8452797335578,7
"CXCR33","CXCR3",4,3.90936784107717,7
"CDH23","CDH2",5,3.59773594829192,7
"SUGCT3","SUGCT",5,3.92606362788849,7
"BLK3","BLK",4,4.39679293918986,7
"RASGRP13","RASGRP1",4,4.22087500453411,7
"MMP193","MMP19",6,3.55455707036629,7
"IL183","IL18",4,3.46468643390565,7
"PYHIN13","PYHIN1",4,4.07750013037647,7
"ANXA33","ANXA3",7,3.08321231549357,7
"EVI2A3","EVI2A",4,3.44514837389519,7
"CLEC5A3","CLEC5A",5,3.67642068115416,7
"LIMD23","LIMD2",4,4.1348769271785,7
"RBP53","RBP5",4,3.59985237349022,7
"GALNT153","GALNT15",2,2.74698916920648,7
"AQP93","AQP9",6,3.39221705197665,7
"SLAMF13","SLAMF1",4,3.96254097021899,7
"EDN13","EDN1",1,2.31267135118517,7
"CMA13","CMA1",6,3.2794396338912,7
"ADAM193","ADAM19",4,3.10647183769805,7
"DSC23","DSC2",7,3.58700929140357,7
"ITGA73","ITGA7",6,3.01377461993382,7
"TESPA13","TESPA1",4,3.90064990328313,7
"L1TD13","L1TD1",1,3.30394111068059,7
"ITGB43","ITGB4",1,2.79175313436363,7
"S100A73","S100A7",5,2.30611757473329,7
"SBDS3","SBDS",3,3.07690482805665,7
"NTN43","NTN4",3,2.76969134810808,7
"COL4A53","COL4A5",2,2.46190290138592,7
"CHMP53","CHMP5",5,2.81003195226288,7
"CNTN43","CNTN4",2,2.75076704312054,7
"CLDN113","CLDN11",6,2.73698540279075,7
"MSMO13","MSMO1",3,3.57210184596217,7
"ERRFI13","ERRFI1",6,2.63021316437327,7
"TUBB4B3","TUBB4B",3,2.65123243468744,7
"ARL17B3","ARL17B",1,2.80583204957666,7
"CYFIP23","CYFIP2",4,3.98120283484137,7
"AC037198.13","AC037198.1",6,2.82593781136482,7
"MX13","MX1",4,3.13259431235332,7
"HMOX13","HMOX1",6,2.96272847264016,7
"SEMA3G3","SEMA3G",6,2.94746553122536,7
"LAD13","LAD1",7,3.48780128922413,7
"FHOD33","FHOD3",5,3.05181384947061,7
"RARRES13","RARRES1",6,2.55146053273916,7
"SIGLEC13","SIGLEC1",4,2.46505548345001,7
"PLOD23","PLOD2",5,3.85345886069977,7
"RIPOR23","RIPOR2",4,4.20952240731517,7
"H4C83","H4C8",3,3.71661562737419,7
"NEDD83","NEDD8",3,2.86337534623818,7
"CACNA1D3","CACNA1D",1,3.19155817884426,7
"IFIT33","IFIT3",5,2.64851636755428,7
"TMEM132A3","TMEM132A",5,3.19004327356188,7
"CADM33","CADM3",6,2.32961136907522,7
"AK53","AK5",1,2.76920495576748,7
"NKG73","NKG7",4,3.80896770381974,7
"CRYAB3","CRYAB",7,2.45630495985043,7
"IGSF33","IGSF3",1,3.49279469987907,7
"CFAP693","CFAP69",6,3.40681586980441,7
"FGF73","FGF7",6,3.85230595131587,7
"LIFR3","LIFR",1,3.16543517095442,7
"CKS23","CKS2",4,2.69240651122061,7
"SH2D2A3","SH2D2A",4,2.90783900745087,7
"ABRACL3","ABRACL",4,2.66141737355859,7
"DLL13","DLL1",1,3.07281494231994,7
"LINC025113","LINC02511",1,3.21093715180814,7
"AC005224.23","AC005224.2",4,3.15314898827286,7
"SLC16A33","SLC16A3",5,3.41760205746725,7
"AL031282.13","AL031282.1",2,3.33865970849589,7
"TTYH13","TTYH1",7,3.88307107016275,7
"ALDH1B13","ALDH1B1",5,3.99731254587129,7
"BMP8A3","BMP8A",5,3.76583717729197,7
"PAPPA3","PAPPA",6,3.79322164583799,7
"AACS3","AACS",3,3.78493471097271,7
"S1PR43","S1PR4",4,4.10619860182064,7
"CYTIP3","CYTIP",4,4.25447417106532,7
"PCED1B-AS13","PCED1B-AS1",4,4.47772417152403,7
"DPP43","DPP4",6,2.97315614616889,7
"MEIS13","MEIS1",1,3.42087772975073,7
"NOX43","NOX4",5,3.26454520765034,7
"SHANK23","SHANK2",7,3.87965142020357,7
"FCGR1A3","FCGR1A",5,3.18788990925037,7
"THEMIS3","THEMIS",4,4.10196540085537,7
"WDFY43","WDFY4",4,3.79284292269457,7
"IL2RG3","IL2RG",4,4.65003887680522,7
"GSN-AS13","GSN-AS1",2,4.47277223174239,7
"KIAA1549L3","KIAA1549L",5,3.05346598366285,7
"CCDC263","CCDC26",1,2.63242322864877,7
"FMO13","FMO1",1,3.45123292793276,7
"IRX33","IRX3",3,3.78921444732644,7
"GXYLT23","GXYLT2",5,3.6961899640138,7
"CLSTN23","CLSTN2",6,3.14842954942157,7
"NR2F13","NR2F1",1,3.58831701886752,7
"CDK13","CDK1",5,2.7771163900627,7
"CD1773","CD177",5,2.57753836798834,7
"GATA33","GATA3",7,3.49125479597674,7
"RYR33","RYR3",2,2.70469045305987,7
"HMGB33","HMGB3",5,3.02493479632219,7
"GHR3","GHR",3,2.76985381319538,7
"ALPL3","ALPL",6,3.1290832678077,7
"AL078595.13","AL078595.1",2,4.81820774202945,7
"PID13","PID1",6,2.7204768997478,7
"CAMK43","CAMK4",4,3.89773765705635,7
"ANKRD223","ANKRD22",7,2.85560479465971,7
"WNT5A3","WNT5A",5,2.79941644016063,7
"CD363","CD36",6,3.21668235988759,7
"RASSF63","RASSF6",1,2.98413399362591,7
"SELP3","SELP",6,3.27470998074662,7
"RERG3","RERG",1,2.50670696165824,7
"VPREB33","VPREB3",4,4.27013795363363,7
"TNRC6C-AS13","TNRC6C-AS1",4,3.89239010626193,7
"KCNE43","KCNE4",5,3.00518781019187,7
"P4HA33","P4HA3",5,3.53745729875561,7
"KANK43","KANK4",5,3.2522527270139,7
"BCL2A13","BCL2A1",4,3.30337921715936,7
"SEZ6L23","SEZ6L2",1,3.5269458504046,7
"PHYHD13","PHYHD1",1,2.80476314702584,7
"SLC1A33","SLC1A3",5,2.92663144716317,7
"KRT84","KRT8",7,3.40018658500608,7
"PTGIS3","PTGIS",6,3.7064136124717,7
"LILRB53","LILRB5",6,4.15192842024145,7
"OMD3","OMD",2,2.86957335438388,7
"CD693","CD69",4,3.65129004346798,7
"BICDL23","BICDL2",7,3.83928985383003,7
"KLRB13","KLRB1",4,3.65470073857215,7
"RNPEP3","RNPEP",5,2.65951586284638,7
"NPL3","NPL",4,2.7512774975853,7
"IL2RA3","IL2RA",4,2.91410251800785,7
"AKR1B13","AKR1B1",5,2.81378957421379,7
"GRAP23","GRAP2",4,4.08817938095942,7
"LAX13","LAX1",4,3.56837637568804,7
"MATN23","MATN2",1,3.06924076408479,7
"C16orf543","C16orf54",4,3.96685871032738,7
"TLR23","TLR2",7,2.74631881899978,7
"GPAM3","GPAM",2,2.56830174157608,7
"HERC53","HERC5",4,2.82040786945635,7
"ZNF8313","ZNF831",4,3.95995213850047,7
"WWC13","WWC1",7,3.42867076996556,7
"SAMD53","SAMD5",1,4.07723852035589,7
"ADGRD13","ADGRD1",6,3.58175514799406,7
"IRF73","IRF7",4,3.31917528588623,7
"FGFR23","FGFR2",7,2.73881692249981,7
"PKP33","PKP3",7,3.8285427943665,7
"HPN3","HPN",3,3.49053491932762,7
"SERINC23","SERINC2",3,3.4128878338076,7
"TNFRSF183","TNFRSF18",4,2.99794904307075,7
"TMEM132C3","TMEM132C",6,2.98376937203063,7
"CST73","CST7",4,3.62545272660027,7
"CBLN43","CBLN4",2,2.89593426076099,7
"GPC13","GPC1",5,3.49363094452568,7
"CILP4","CILP",5,3.4020251654562,7
"PTCH23","PTCH2",2,2.59763121379089,7
"TRIM93","TRIM9",1,3.32591466512507,7
"ICOS3","ICOS",4,3.84398850791139,7
"MIR3142HG3","MIR3142HG",4,3.50995819694611,7
"TNFRSF213","TNFRSF21",1,3.69120910093834,7
"TRABD2A3","TRABD2A",4,3.59918092296802,7
"SYT14","SYT1",1,3.00964163115848,7
"MAFF3","MAFF",6,3.5548096134056,7
"EZH23","EZH2",4,3.08205672390259,7
"CXCR43","CXCR4",4,3.85672589541694,7
"TFPI23","TFPI2",6,2.53691719576554,7
"LOXL23","LOXL2",5,3.68558711236263,7
"SCNN1A3","SCNN1A",7,2.94541315937112,7
"GRB73","GRB7",7,3.72299100749192,7
"MT-TV3","MT-TV",3,2.87028763669043,7
"H2BC53","H2BC5",3,2.88928711680785,7
"PDE7B3","PDE7B",1,3.79117822815872,7
"MICAL23","MICAL2",5,4.44454538565643,7
"TP633","TP63",1,3.08116042583213,7
"SOCS13","SOCS1",4,2.9406506503468,7
"TMEM63B3","TMEM63B",5,2.51132857855726,7
"OLA13","OLA1",3,2.37307687799036,7
"SLC19A23","SLC19A2",3,2.82581533262993,7
"IGSF63","IGSF6",4,3.12235839456557,7
"SYBU3","SYBU",3,2.76988705435013,7
"FAXDC23","FAXDC2",1,3.64303584101277,7
"PRRG33","PRRG3",2,2.95077302403643,7
"PARVG3","PARVG",4,3.61371825325025,7
"F33","F3",5,2.25017724082805,7
"CLDN53","CLDN5",6,3.89271032050403,7
"C23","C2",4,2.80367821580768,7
"ICAM13","ICAM1",6,3.57960869049069,7
"ISM13","ISM1",6,3.24135038753816,7
"CLSPN3","CLSPN",4,3.03830241024049,7
"FAM110D3","FAM110D",6,3.48375147778494,7
"RTP43","RTP4",4,2.93670715431872,7
"IFIT23","IFIT2",5,2.61988801145747,7
"PFKFB33","PFKFB3",6,3.32296740082454,7
"MIR22HG3","MIR22HG",6,3.53986408048149,7
"SLC22A33","SLC22A3",1,2.87679156208953,7
"RASGRP23","RASGRP2",4,3.97856048379255,7
"ABLIM33","ABLIM3",6,2.54692630154228,7
"ATP13A43","ATP13A4",3,3.72943301262518,7
"PSTPIP13","PSTPIP1",4,3.86651209955082,7
"AC092279.23","AC092279.2",1,3.12683003653268,7
"CCT83","CCT8",3,2.30404850872546,7
"SEC14L23","SEC14L2",3,3.24801120297071,7
"FBP13","FBP1",3,3.34697070182082,7
"PDK43","PDK4",6,3.23814614548716,7
"KCNMB13","KCNMB1",1,2.79169077762036,7
"LRRC263","LRRC26",3,4.21192465129834,7
"GAPT3","GAPT",4,3.4878670994022,7
"AFMID3","AFMID",3,4.04690773373559,7
"CSRNP13","CSRNP1",6,3.9751586448981,7
"MEI13","MEI1",4,3.696481671718,7
"NAMPT3","NAMPT",6,4.12185328087292,7
"MT-TP3","MT-TP",2,3.21338171155504,7
"GADD45G3","GADD45G",3,2.92258706350255,7
"CYP4X13","CYP4X1",3,2.54011645419078,7
"AFF33","AFF3",3,3.39312347110381,7
"AKR1C33","AKR1C3",3,3.02669088712275,7
"CTLA43","CTLA4",4,3.68643585724926,7
"FMO33","FMO3",2,2.35712452087984,7
"FAM83H3","FAM83H",7,3.21842565377232,7
"SNAI13","SNAI1",6,2.99443998122825,7
"ACACB3","ACACB",1,3.05692373045499,7
"PDLIM43","PDLIM4",5,2.4706557108668,7
"DCXR3","DCXR",3,3.11983259768326,7
"IGDCC43","IGDCC4",1,3.31758163136512,7
"AC144530.13","AC144530.1",2,4.31995493185826,7
"SLC2A13","SLC2A1",7,2.61859504010124,7
"HLA-DOA3","HLA-DOA",4,3.35441467705082,7
"CLEC4E3","CLEC4E",4,2.4990055278156,7
"EAF23","EAF2",4,3.31466707030246,7
"SYNDIG13","SYNDIG1",5,4.29736054905295,7
"SLA23","SLA2",4,3.90877095349984,7
"SNX223","SNX22",4,3.36115516980206,7
"ARNTL23","ARNTL2",5,2.85397077842451,7
"NGFR3","NGFR",6,3.14439235628337,7
"RRM23","RRM2",4,3.23659225916585,7
"AC093908.13","AC093908.1",5,3.05599728933469,7
"POLR2M3","POLR2M",5,2.33701040960121,7
"LINC012523","LINC01252",3,2.52564103260364,7
"BCL11B3","BCL11B",4,4.29043285022364,7
"MYH113","MYH11",1,2.82714511484218,7
"CDON3","CDON",6,2.80629899115498,7
"LY753","LY75",4,3.68792009893044,7
"RGS23","RGS2",6,3.74032435887442,7
"ANKRD36B3","ANKRD36B",2,2.21790331390951,7
"RNF19B3","RNF19B",5,2.8737012781952,7
"FHL13","FHL1",6,4.08961401753561,7
"CEP553","CEP55",4,3.09127760407929,7
"AP1M23","AP1M2",3,3.35376681141885,7
"JPT13","JPT1",5,2.63268134541273,7
"AL031595.23","AL031595.2",1,2.60729607679726,7
"CD2263","CD226",4,3.49963098283632,7
"MIR503HG3","MIR503HG",1,2.84130468390003,7
"PTK73","PTK7",5,3.7522466499919,7
"PTPN223","PTPN22",4,3.48786443720874,7
"C1orf1163","C1orf116",7,3.40387408204441,7
"ANLN3","ANLN",5,2.78712325743109,7
"NRG23","NRG2",1,3.47611034708684,7
"RHEB3","RHEB",5,3.08451949335536,7
"HOPX3","HOPX",5,2.91347006558771,7
"EPHB23","EPHB2",5,3.55628626883439,7
"ALOX5AP3","ALOX5AP",4,2.89231945579925,7
"PROM23","PROM2",7,3.2827232886528,7
"SEMA3D3","SEMA3D",2,2.56096193869669,7
"MEIS33","MEIS3",1,3.01386797232902,7
"CHRD3","CHRD",6,2.95393488300171,7
"RIC33","RIC3",7,3.02121518117851,7
"MARC13","MARC1",3,2.98417270839853,7
"COL8A23","COL8A2",5,4.06615605993923,7
"TBX183","TBX18",1,3.29260328346197,7
"C6orf1413","C6orf141",2,2.62531058401612,7
"CADM3-AS13","CADM3-AS1",6,2.92900645546776,7
"SLC38A53","SLC38A5",4,3.05490204876613,7
"EN13","EN1",5,3.11994019801675,7
"FBN23","FBN2",5,2.81494803468555,7
"IGFBP63","IGFBP6",6,3.43210758041424,7
"SIT13","SIT1",4,4.2253616535478,7
"S100B3","S100B",1,2.52794787470574,7
"PSMB93","PSMB9",4,3.35587466966789,7
"BMPR1B3","BMPR1B",5,2.61018981364889,7
"LLGL23","LLGL2",7,2.73007225878801,7
"ARHGAP153","ARHGAP15",4,3.93825583636086,7
"LUCAT13","LUCAT1",6,3.28735482746427,7
"FKBP43","FKBP4",3,2.91955730601909,7
"MMP253","MMP25",4,3.00836448738665,7
"EFNA13","EFNA1",5,2.56636509977852,7
"FBXO23","FBXO2",7,2.79530053143175,7
"IL1RN3","IL1RN",6,2.953121963116,7
"RBM383","RBM38",4,3.35573765477897,7
"CKB3","CKB",3,2.39757698924478,7
"PI4KA3","PI4KA",3,2.49962558289046,7
"UNC93B13","UNC93B1",4,2.62591812375384,7
"DPT3","DPT",6,4.53328026299389,7
"PTPRD3","PTPRD",5,3.2242938988569,7
"MCOLN33","MCOLN3",1,2.79422636265181,7
"PRKCQ-AS13","PRKCQ-AS1",4,3.80323976059928,7
"TRIM593","TRIM59",4,2.77238448205355,7
"PTPN73","PTPN7",4,4.19814743546507,7
"TMEM1563","TMEM156",4,3.53539078342107,7
"TRO3","TRO",1,3.45393355578027,7
"MSR13","MSR1",5,3.55755889278018,7
"KIAA11433","KIAA1143",3,2.62554979948331,7
"MME3","MME",1,2.98051950614761,7
"IFIT13","IFIT1",1,2.51922928206686,7
"COX5A3","COX5A",5,2.52812170021455,7
"DDR13","DDR1",7,3.57379967429388,7
"PIK3CD3","PIK3CD",4,3.46217523548314,7
"GREM13","GREM1",5,3.00276917875308,7
"DIO3OS3","DIO3OS",6,3.09614346796635,7
"IFI44L3","IFI44L",4,3.08595120905699,7
"IRX23","IRX2",7,2.98265945750749,7
"MRPL493","MRPL49",3,2.60057766826998,7
"STEAP13","STEAP1",6,3.43602300789521,7
"CLEC12A3","CLEC12A",4,2.41859289716014,7
"MN13","MN1",5,3.00134187614326,7
"EOMES3","EOMES",4,3.80568751341032,7
"PNP3","PNP",6,2.60398801801763,7
"MYB3","MYB",3,2.33163881771373,7
"ZNF4833","ZNF483",1,3.04163980754313,7
"ARHGAP93","ARHGAP9",4,3.70255615349469,7
"AL136164.33","AL136164.3",1,2.96163626578117,7
"MYO1G3","MYO1G",4,3.71847978854783,7
"RGS183","RGS18",4,2.7591751635823,7
"TACC33","TACC3",4,3.31258469653211,7
"PCED1B3","PCED1B",4,3.90717669439214,7
"KANK33","KANK3",1,2.5992587735018,7
"ADAMTS153","ADAMTS15",6,3.57145166683357,7
"ADCYAP1R13","ADCYAP1R1",1,3.37363107535345,7
"NDC803","NDC80",4,2.77834033052555,7
"NME13","NME1",5,2.92743534882446,7
"PCLO3","PCLO",3,3.08565619267357,7
"AC124319.13","AC124319.1",2,2.68270291031397,7
"EDNRA3","EDNRA",5,3.48321684266733,7
"NR1D13","NR1D1",1,2.54482392386467,7
"ZNRD13","ZNRD1",4,2.27414060541739,7
"CITED43","CITED4",7,3.32459257071509,7
"H2AW3","H2AW",3,2.47367829538729,7
"CNKSR23","CNKSR2",2,2.83435451841214,7
"EGFLAM3","EGFLAM",1,3.53801506550731,7
"CD1803","CD180",4,3.37141530704107,7
"ACOT23","ACOT2",5,2.88968943717399,7
"AC080038.23","AC080038.2",5,2.88802200545179,7
"MAOA3","MAOA",3,3.16072117704642,7
"C5orf463","C5orf46",5,3.85344442124234,7
"OLFML2B3","OLFML2B",5,4.37190577831211,7
"SLAMF63","SLAMF6",4,4.19234374143073,7
"SPN3","SPN",4,4.3045335852355,7
"PTPRT3","PTPRT",1,3.27900720499468,7
"SPOCD13","SPOCD1",5,3.45934983418594,7
"HBEGF3","HBEGF",6,3.64157848144247,7
"VIPR13","VIPR1",1,2.8542405654599,7
"NCF43","NCF4",4,3.098894698571,7
"RASEF3","RASEF",3,3.06945080931788,7
"F83","F8",6,2.6793256128301,7
"SORBS13","SORBS1",1,2.60419398187333,7
"SHISA23","SHISA2",7,2.69583301668927,7
"SLC18A23","SLC18A2",1,2.39315498717873,7
"PTH1R3","PTH1R",1,2.9626273223683,7
"FOXC13","FOXC1",7,2.93007129650616,7
"OLFM23","OLFM2",1,3.56765797284336,7
"ITGB83","ITGB8",7,2.94831617879502,7
"SMIM263","SMIM26",3,2.55342561789758,7
"PELI23","PELI2",1,2.74991050211702,7
"DOCK23","DOCK2",4,3.88398292687208,7
"PCDH93","PCDH9",6,3.13884538955336,7
"CAB39L3","CAB39L",3,2.56715483290897,7
"PTAFR3","PTAFR",4,2.55266796387171,7
"H2AC63","H2AC6",3,3.34469188636376,7
"CRISPLD13","CRISPLD1",1,2.97115777020492,7
"CMYA53","CMYA5",1,3.69933674869568,7
"HOXA93","HOXA9",3,2.84042991026074,7
"GREB13","GREB1",1,2.60674966244372,7
"RAMP33","RAMP3",1,2.77483045953908,7
"PASK3","PASK",4,3.41191804978399,7
"CEROX13","CEROX1",1,3.70215028812338,7
"SMIM223","SMIM22",7,3.56778163731302,7
"HOXA33","HOXA3",2,2.60538560724093,7
"CTSW3","CTSW",4,3.6709684685116,7
"AC006160.13","AC006160.1",2,3.43267425978167,7
"FGD33","FGD3",4,3.52939704422822,7
"DYNLT13","DYNLT1",5,2.56673479880059,7
"TMEM1283","TMEM128",5,2.39953099177166,7
"KRTCAP33","KRTCAP3",7,3.32989453351373,7
"CAPG3","CAPG",5,2.76418034028751,7
"CXCR2P13","CXCR2P1",4,3.79585440658476,7
"CD533","CD53",4,3.71866179154442,7
"LGI43","LGI4",2,2.77590723000279,7
"PEG33","PEG3",1,2.8770171375489,7
"SCGB1A13","SCGB1A1",3,2.89943287673064,7
"CARMIL23","CARMIL2",4,4.10943211699312,7
"PDK13","PDK1",4,3.37778670735427,7
"OAT3","OAT",5,2.94325189554283,7
"PLXNA43","PLXNA4",1,2.93326072619896,7
"LYPLAL1-AS13","LYPLAL1-AS1",1,3.39075049920691,7
"MBOAT23","MBOAT2",3,2.83764339897206,7
"SERPINA13","SERPINA1",7,3.21592751914824,7
"SH3BGRL23","SH3BGRL2",1,2.77669290647114,7
"LYPD33","LYPD3",3,3.14709998177288,7
"PKIB3","PKIB",3,2.62654989231372,7
"C1QTNF73","C1QTNF7",2,2.84435973959712,7
"HPRT13","HPRT1",7,2.54009419526065,7
"LINC014363","LINC01436",6,2.77612232633925,7
"HSPA23","HSPA2",3,2.86259334767098,7
"CPXM13","CPXM1",5,2.5628130664274,7
"PPIF3","PPIF",3,2.74308988541759,7
"STAP13","STAP1",4,3.67959098696865,7
"RIPOR33","RIPOR3",6,2.64855994100612,7
"HAVCR23","HAVCR2",5,3.06219288903224,7
"RNF1503","RNF150",1,3.1568689078812,7
"NEDD4L3","NEDD4L",3,3.02927241580859,7
"ATOX13","ATOX1",5,2.64474689232436,7
"ARHGAP193","ARHGAP19",1,2.68393482374898,7
"SCG23","SCG2",5,3.01873383836692,7
"AF001548.33","AF001548.3",7,2.67501686163509,7
"IQANK13","IQANK1",7,3.30826957934009,7
"P3H23","P3H2",1,2.90485078546109,7
"FER1L43","FER1L4",4,2.69018172419274,7
"SCRG13","SCRG1",7,2.74735855988922,7
"PILRA3","PILRA",5,3.26382934254324,7
"LAG33","LAG3",4,3.25374237204945,7
"SLC39A143","SLC39A14",5,3.02598080912581,7
"DGKI3","DGKI",5,3.46908061854938,7
"ABCA73","ABCA7",4,3.48344837291744,7
"CX3CR13","CX3CR1",5,2.42143013260354,7
"TNNI23","TNNI2",1,2.86405675812007,7
"GSDME3","GSDME",1,3.02730796765977,7
"FOXP23","FOXP2",1,3.01502404024464,7
"AC040160.13","AC040160.1",1,2.79236132073537,7
"GCNT23","GCNT2",3,2.97959500115476,7
"CSPG43","CSPG4",5,3.12035572610637,7
"DACH13","DACH1",1,2.4628050390811,7
"PDE1C3","PDE1C",1,2.86760763344667,7
"TBRG43","TBRG4",1,2.41106017929728,7
"TPPP33","TPPP3",6,3.45783231152502,7
"ARRDC23","ARRDC2",1,2.72936418649421,7
"GPR1323","GPR132",4,3.67198661094072,7
"ARHGAP283","ARHGAP28",1,3.49574934675699,7
"KNL13","KNL1",4,3.13783948823243,7
"ANKRD293","ANKRD29",6,2.67093977986526,7
"HERC2P33","HERC2P3",1,2.88264030951314,7
"GARNL33","GARNL3",1,3.54042602634074,7
"PEAR13","PEAR1",1,3.29510054841698,7
"RGS163","RGS16",6,3.24836884697662,7
"DTX43","DTX4",1,2.96510583396157,7
"PYCR13","PYCR1",5,3.26386786573034,7
"MARVELD33","MARVELD3",3,3.07430228555171,7
"ADCY73","ADCY7",4,3.04324180370507,7
"PCDH173","PCDH17",5,2.9473467250874,7
"GALNT63","GALNT6",7,2.61345502133587,7
"AC093535.23","AC093535.2",1,3.343970598863,7
"CSF3R3","CSF3R",6,3.05350391140172,7
"SLFN12L3","SLFN12L",4,3.56406316073217,7
"LRRN33","LRRN3",1,3.08453987277336,7
"RUNX33","RUNX3",4,3.84456676499186,7
"SMCO43","SMCO4",5,3.19890864526782,7
"ADAM283","ADAM28",4,3.69870606359439,7
"SPSB13","SPSB1",5,2.92759012663119,7
"SCN3A3","SCN3A",6,2.55508844190059,7
"COL4A43","COL4A4",4,3.23458696126533,7
"DENND1C3","DENND1C",4,3.93235594902167,7
"IPCEF13","IPCEF1",4,3.34262550530372,7
"HAND23","HAND2",6,2.53264493758637,7
"PNPLA73","PNPLA7",1,2.99463119811079,7
"RNF144B3","RNF144B",3,2.90938726210486,7
"MEST3","MEST",1,2.62644158433127,7
"HILPDA3","HILPDA",5,2.79034417364864,7
"NTM3","NTM",5,4.0081333159965,7
"TNFSF43","TNFSF4",5,3.0052941375565,7
"PPP1R1A3","PPP1R1A",3,2.18257737576905,7
"TMEM1003","TMEM100",6,2.8968782779575,7
"TNFRSF12A3","TNFRSF12A",7,3.53883409777956,7
"COL7A13","COL7A1",1,3.85029970959071,7
"PIK3R53","PIK3R5",4,3.14643424286452,7
"THRB3","THRB",1,3.2025076549261,7
"GMDS3","GMDS",7,2.4499651915975,7
"AC103740.13","AC103740.1",1,2.56567572007139,7
"PRKD13","PRKD1",1,3.01624471599801,7
"C11orf213","C11orf21",4,3.42349676641629,7
"SGIP13","SGIP1",5,3.3133096986401,7
"CA43","CA4",3,2.93526191805505,7
"GTF3C63","GTF3C6",5,2.82374027886165,7
"FBXO453","FBXO45",2,2.64375307809376,7
"SEPTIN13","SEPTIN1",4,4.02929036210446,7
"SERTAD13","SERTAD1",6,3.3581923744256,7
"AXIN23","AXIN2",1,2.91354511784553,7
"ECSCR3","ECSCR",6,3.48081529188153,7
"HAND2-AS13","HAND2-AS1",1,3.5390327594334,7
"MYO5C3","MYO5C",3,2.9944861429141,7
"UBE2M3","UBE2M",3,2.54651942510427,7
"B4GALNT43","B4GALNT4",1,3.46254366760234,7
"PCDHB163","PCDHB16",1,2.84320129179471,7
"LRRC8D3","LRRC8D",4,2.44580096891544,7
"NTRK13","NTRK1",1,3.24511058400018,7
"SCIMP3","SCIMP",4,3.44630088148975,7
"NTRK33","NTRK3",1,2.62911171974794,7
"MRPS263","MRPS26",5,2.60394913512467,7
"BCAT13","BCAT1",5,3.61839494907282,7
"ABHD113","ABHD11",3,3.44876517542037,7
"RBP13","RBP1",1,3.18859796130831,7
"DOK33","DOK3",4,3.16282459729698,7
"P2RY133","P2RY13",4,2.83669667337359,7
"HSPA83","HSPA8",6,2.23553519235986,7
"AMIGO23","AMIGO2",7,2.80157767849916,7
"PCOLCE23","PCOLCE2",6,3.37387335446959,7
"KYNU3","KYNU",3,3.21918407188054,7
"KMO3","KMO",4,3.1099326218256,7
"COPZ23","COPZ2",5,3.28588895469263,7
"PXYLP13","PXYLP1",1,3.06651379087997,7
"CDH133","CDH13",5,2.7020133021085,7
"SOX2-OT3","SOX2-OT",7,2.40789144028135,7
"KCNMB43","KCNMB4",1,3.37579795593918,7
"WNK23","WNK2",7,3.49074498348115,7
"KIF21B3","KIF21B",4,3.7294888983706,7
"SHROOM13","SHROOM1",1,2.62767341592698,7
"PRRX23","PRRX2",5,3.11036436167843,7
"PPARG3","PPARG",6,2.56962391032484,7
"ANKRD44-IT13","ANKRD44-IT1",4,3.8006648201332,7
"CDCA73","CDCA7",4,2.74374937483437,7
"NRARP3","NRARP",5,2.8408733785552,7
"TOMM403","TOMM40",5,2.24880131731647,7
"UBASH3A3","UBASH3A",4,3.97060629668109,7
"SOX73","SOX7",6,3.78181606678725,7
"BMP73","BMP7",1,3.4871080996077,7
"SFRP13","SFRP1",1,3.17616448343174,7
"FLT43","FLT4",1,2.28978086054596,7
"GPR43","GPR4",6,2.73273271307051,7
"SLC17A93","SLC17A9",4,2.91108384518151,7
"MCCC13","MCCC1",3,3.18558783510449,7
"APLN3","APLN",5,3.06293252158592,7
"DEF63","DEF6",4,3.93465502302161,7
"TEF3","TEF",1,3.45373993606187,7
"GPC43","GPC4",5,2.97449704698112,7
"H2BC19P3","H2BC19P",4,2.58043284254237,7
"ANOS13","ANOS1",5,2.93785419435115,7
"TENM33","TENM3",5,3.19229487081173,7
"SLC9A3-AS13","SLC9A3-AS1",1,2.90515109128892,7
"S1PR33","S1PR3",5,2.19279260049653,7
"C5AR13","C5AR1",6,3.14311349987939,7
"LAMA23","LAMA2",2,3.34263225033143,7
"NAT13","NAT1",2,2.35561997299369,7
"RNF133","RNF13",2,2.9354204708349,7
"ATP1B23","ATP1B2",1,2.77043638313542,7
"MT-CO23","MT-CO2",3,3.16240070976298,7
"ENPP53","ENPP5",1,3.19365459664761,7
"CHRM3-AS23","CHRM3-AS2",4,3.56053658706646,7
"MEG83","MEG8",1,2.96767112220805,7
"MT-TM3","MT-TM",6,2.43885056317851,7
"Z97192.33","Z97192.3",4,3.24247025571747,7
"TMEM45A3","TMEM45A",5,3.46220182010366,7
"SCN4B3","SCN4B",1,3.10481613892104,7
"SLC7A13","SLC7A1",6,2.37187114137855,7
"RNF1813","RNF181",5,2.46289631525553,7
"TMEM14B3","TMEM14B",5,2.57484278879447,7
"CCR53","CCR5",4,3.38907268541554,7
"CSTA3","CSTA",1,2.30919052968438,7
"LEF13","LEF1",4,2.85376740724043,7
"GCA3","GCA",6,2.78585806794887,7
"PCDH183","PCDH18",1,3.34146008544576,7
"BLNK3","BLNK",4,3.57632139897434,7
"BATF4","BATF",4,3.16576534182366,7
"KCNJ83","KCNJ8",5,2.50484742001906,7
"FAM13C3","FAM13C",6,2.9387190308654,7
"SORT13","SORT1",5,2.98225447312784,7
"CMTM73","CMTM7",7,2.76815844736575,7
"REEP63","REEP6",3,4.29014004988786,7
"DUSP53","DUSP5",6,2.77762123457987,7
"CCZ13","CCZ1",5,2.8071209421017,7
"THSD13","THSD1",1,2.49878982757937,7
"ADAMTS93","ADAMTS9",6,3.88184829717222,7
"LARGE23","LARGE2",3,2.83291737258724,7
"CYBA3","CYBA",4,3.3335403859073,7
"FGR3","FGR",4,2.85161747278019,7
"ERBB23","ERBB2",3,3.17395638365482,7
"SOX183","SOX18",6,3.15809857322426,7
"BCAP313","BCAP31",3,2.69483634384131,7
"CDR2L3","CDR2L",5,3.02229146027958,7
"RND13","RND1",6,2.71376211375574,7
"KIF223","KIF22",1,2.58742804682659,7
"AK43","AK4",3,2.67537938839183,7
"PODNL13","PODNL1",5,3.15874969452863,7
"SPON13","SPON1",5,3.93300187736064,7
"SYCP23","SYCP2",1,2.74916016576858,7
"SPAG43","SPAG4",4,2.66940992487569,7
"PATL23","PATL2",4,3.5704865914971,7
"RFX83","RFX8",1,2.59975438307068,7
"EPSTI13","EPSTI1",4,3.59100875430408,7
"PLEKHG53","PLEKHG5",6,2.76976873058159,7
"P4HA23","P4HA2",5,3.40697534040428,7
"PRKCB3","PRKCB",4,4.40234410637972,7
"CHMP4C3","CHMP4C",7,3.3589202963472,7
"AL034397.33","AL034397.3",4,2.66023077407813,7
"DDX413","DDX41",5,2.53922776196316,7
"RUBCNL3","RUBCNL",4,2.89795292479803,7
"NLGN4X3","NLGN4X",2,2.31144236785856,7
"SLC25A273","SLC25A27",1,2.86823080780256,7
"PERP3","PERP",7,3.6164411239,7
"MRPS30-DT3","MRPS30-DT",3,2.42545890826229,7
"AC005046.13","AC005046.1",2,2.74580076122518,7
"GGH3","GGH",5,2.79075889358381,7
"LINC011973","LINC01197",6,2.68237793625096,7
"CHL13","CHL1",6,2.6645483797867,7
"CGNL13","CGNL1",1,2.69652742131259,7
"ICAM33","ICAM3",4,3.91555964224044,7
"PRDM83","PRDM8",1,3.41393675566172,7
"SLITRK43","SLITRK4",5,2.68049387590819,7
"NTN13","NTN1",6,2.2574283596185,7
"FCRLA3","FCRLA",4,3.94180698779145,7
"TUBA4A3","TUBA4A",4,2.92826777762626,7
"AP002026.13","AP002026.1",2,2.8469356529594,7
"OCIAD23","OCIAD2",4,2.57834351017112,7
"PITX13","PITX1",7,3.31382780811999,7
"GNAI13","GNAI1",1,2.63790991716533,7
"EGFR3","EGFR",2,3.12788336033007,7
"SEM13","SEM1",5,2.76557975955663,7
"PLAC93","PLAC9",6,3.7703010002678,7
"P3H43","P3H4",5,3.26672299440292,7
"GPR343","GPR34",5,2.94683952316545,7
"NID23","NID2",5,3.64650036940044,7
"PGD3","PGD",5,2.47202529948715,7
"TM6SF13","TM6SF1",5,2.81055458242491,7
"TMEM2303","TMEM230",5,2.8593229281734,7
"ITGA23","ITGA2",7,3.22549698346248,7
"ZNF6803","ZNF680",3,2.95198224568589,7
"TMC43","TMC4",7,3.04460329100921,7
"CHCHD23","CHCHD2",5,2.79871955916737,7
"RTN13","RTN1",4,2.38286310322504,7
"IL1RAP3","IL1RAP",6,2.64063208831099,7
"RBX13","RBX1",1,2.41768823820042,7
"GMIP3","GMIP",4,3.31992054495808,7
"FEN13","FEN1",7,2.46798931061337,7
"CASP33","CASP3",5,2.54525477424045,7
"GOLGA2P53","GOLGA2P5",1,2.7170275122243,7
"DMD3","DMD",1,2.93663384674158,7
"DTX23","DTX2",3,2.35449241267397,7
"MANSC13","MANSC1",3,2.94186209324642,7
"RCC13","RCC1",5,2.70533508241118,7
"PTPRF3","PTPRF",7,3.59885385515635,7
"LRATD13","LRATD1",1,3.09845384865586,7
"AL355816.23","AL355816.2",4,3.86729957925954,7
"SF3B43","SF3B4",3,2.25093062142762,7
"AL591895.13","AL591895.1",1,2.49855046836259,7
"TMEM45B3","TMEM45B",3,3.71562768180463,7
"ENPEP3","ENPEP",1,3.20798157541905,7
"MTATP6P13","MTATP6P1",3,3.15600963844135,7
"CD863","CD86",4,3.10569850810656,7
"MAPRE13","MAPRE1",5,2.4622036047066,7
"CELSR13","CELSR1",7,2.73521326574912,7
"LPXN3","LPXN",4,3.77301450011899,7
"KDELR33","KDELR3",5,3.68933881239206,7
"NLGN13","NLGN1",1,3.07867337499239,7
"C21orf59-TCP10L3","C21orf59-TCP10L",1,2.61028695812422,7
"C3AR13","C3AR1",5,2.70564508288011,7
"IGSF93","IGSF9",7,3.5363862029585,7
"AC073869.13","AC073869.1",3,2.23841062017495,7
"SERTAD4-AS13","SERTAD4-AS1",5,3.0946198508043,7
"ATP1A23","ATP1A2",3,2.84238514659439,7
"SASH33","SASH3",4,4.12449675276174,7
"C1orf2263","C1orf226",1,2.96766005059771,7
"LDLRAD33","LDLRAD3",1,2.81352009143579,7
"LRMP3","LRMP",4,3.90362551904699,7
"AL139393.33","AL139393.3",5,3.31481283331524,7
"MREG3","MREG",3,2.67767619186066,7
"DSP3","DSP",7,4.29084935087031,7
"ITPKC3","ITPKC",6,2.81634151226141,7
"ACSM33","ACSM3",3,3.55248325559139,7
"ARHGEF373","ARHGEF37",3,3.34595519097682,7
"PLEKHO23","PLEKHO2",6,2.6067156583922,7
"UBE2E33","UBE2E3",1,2.66772332415956,7
"GZMM3","GZMM",4,3.81175859920963,7
"Z97200.13","Z97200.1",6,2.71231950943006,7
"RAI23","RAI2",6,2.60158316403993,7
"WAKMAR23","WAKMAR2",4,3.13181096998972,7
"ST8SIA13","ST8SIA1",4,3.17963633871324,7
"PCNA3","PCNA",5,2.84768130684327,7
"NUS13","NUS1",1,2.59425063283013,7
"CYP27C13","CYP27C1",1,2.80479781194917,7
"DCLK13","DCLK1",2,3.09698998317807,7
"IGF2BP23","IGF2BP2",7,2.93692114101058,7
"FAM110A3","FAM110A",3,2.6929351513284,7
"DAAM23","DAAM2",1,3.07305476347491,7
"IL333","IL33",2,3.25869729529897,7
"PER33","PER3",1,2.51531857437807,7
"ADAMTS123","ADAMTS12",5,3.62408808192088,7
"DNM13","DNM1",1,3.47634035685284,7
"IFFO23","IFFO2",7,2.47017136222182,7
"PER23","PER2",6,2.95205425848545,7
"MEMO13","MEMO1",1,2.54651182699575,7
"ZNF4713","ZNF471",1,2.64284344405373,7
"ENC13","ENC1",5,3.36123333864509,7
"CRY23","CRY2",1,2.44053305626571,7
"CADPS3","CADPS",1,2.19477156635989,7
"LILRB23","LILRB2",6,3.13888987271454,7
"MAT2A3","MAT2A",6,2.69175204505018,7
"KCND23","KCND2",6,2.54899946746118,7
"SYTL13","SYTL1",4,3.35332663805293,7
"ACACA3","ACACA",3,3.45570123013308,7
"SLC6A63","SLC6A6",5,3.60037754534075,7
"ABCA63","ABCA6",1,3.19107125258556,7
"SPATA63","SPATA6",1,3.12329591582585,7
"LRATD23","LRATD2",3,2.49146995733584,7
"CLCF13","CLCF1",6,2.98644411832243,7
"MXD13","MXD1",6,2.56418061940204,7
"MTCYBP133","MTCYBP13",2,3.32853312930542,7
"DAPK13","DAPK1",5,2.5281542984807,7
"CC2D2B3","CC2D2B",1,3.6225723457433,7
"PPP1R14B3","PPP1R14B",5,3.1308820209876,7
"HSD11B23","HSD11B2",1,3.07421443585699,7
"FRRS1L3","FRRS1L",1,3.09023247103576,7
"SIRPG3","SIRPG",4,3.92271437270935,7
"USB13","USB1",5,2.55502222516543,7
"KLK43","KLK4",5,3.8802515705968,7
"TMEM1443","TMEM144",1,3.19187185151723,7
"KIF233","KIF23",5,2.59115893063894,7
"LTB4R3","LTB4R",6,2.45247722040362,7
"TRNP13","TRNP1",1,3.22186470923773,7
"AP001528.23","AP001528.2",2,2.61146381649929,7
"CXorf213","CXorf21",4,3.11824773544621,7
"KLF153","KLF15",1,2.7344575860336,7
"TCEAL73","TCEAL7",1,3.2234522350723,7
"GPR1463","GPR146",6,2.49522101208996,7
"MIRLET7BHG3","MIRLET7BHG",1,2.74012244152713,7
"FGF23","FGF2",6,3.33119098737931,7
"DCK3","DCK",4,3.07013210668061,7
"AC122718.13","AC122718.1",7,2.35597785520424,7
"FKBP113","FKBP11",4,2.55902152191029,7
"RPS6KA13","RPS6KA1",4,2.93852405658711,7
"CIDEC3","CIDEC",6,2.74273508367107,7
"GPRASP13","GPRASP1",1,2.89188242097418,7
"FAM133CP3","FAM133CP",1,2.86302674490233,7
"LGR43","LGR4",7,2.91760852649608,7
"WDR863","WDR86",1,3.68780405900497,7
"NELL23","NELL2",4,3.82218120032275,7
"PRKAA23","PRKAA2",3,2.49963875427051,7
"SEMA6D3","SEMA6D",1,2.97786016077746,7
"H1-33","H1-3",4,3.273163684649,7
"CMTM43","CMTM4",5,2.61225998179791,7
"XG3","XG",5,3.01833566481269,7
"CDCP13","CDCP1",7,2.94126997540093,7
"AMPD33","AMPD3",4,3.22278351430269,7
"RNU6-1016P3","RNU6-1016P",2,2.4817426848581,7
"SS18L23","SS18L2",4,2.4250285862251,7
"G6PD3","G6PD",3,3.44572835794543,7
"LILRB13","LILRB1",4,3.36333841763342,7
"GRAP4","GRAP",4,3.38133742605558,7
"COL13A13","COL13A1",5,3.42675056074919,7
"RAB27B3","RAB27B",3,3.00936740528482,7
"F103","F10",6,3.20428342815693,7
"SKAP13","SKAP1",4,3.64690376977712,7
"MARCO3","MARCO",6,2.36455718456856,7
"SERPINI13","SERPINI1",5,2.21747764724284,7
"SCN2A3","SCN2A",1,2.9055535866547,7
"GABRE3","GABRE",3,2.65826888254494,7
"MRGPRF3","MRGPRF",6,2.61814906330379,7
"CREB3L13","CREB3L1",5,3.60540434071905,7
"NR2F1-AS13","NR2F1-AS1",1,3.49731427878276,7
"RHOJ3","RHOJ",1,3.14086162517771,7
"NPR13","NPR1",6,3.27279558642449,7
"UBE2T3","UBE2T",5,2.69648423326558,7
"HAS23","HAS2",6,3.5424429264895,7
"TMEM1543","TMEM154",4,3.20556761713453,7
"NDNF3","NDNF",2,2.73913846564561,7
"PRIMPOL3","PRIMPOL",1,2.44069118195245,7
"AIDA3","AIDA",5,2.61865690199193,7
"TMOD13","TMOD1",6,3.13182481885906,7
"PPP1R14A3","PPP1R14A",1,2.82364473720279,7
"DTD13","DTD1",5,2.60672829542999,7
"HSPE13","HSPE1",3,2.85519120727883,7
"AC022034.13","AC022034.1",3,2.32803411888624,7
"TCF73","TCF7",4,4.06550027841655,7
"CLCA23","CLCA2",3,3.50964684623883,7
"LHX63","LHX6",6,3.26718183788741,7
"MERTK3","MERTK",1,2.30039769089245,7
"NDRG23","NDRG2",1,3.28698254347353,7
"MAP2K43","MAP2K4",1,2.78678556327199,7
"TPO3","TPO",6,3.13661765951559,7
"CCR13","CCR1",6,3.33225759801635,7
"SMS3","SMS",5,2.80433201337696,7
"NCEH13","NCEH1",4,2.7663444171639,7
"GPRASP23","GPRASP2",1,3.15182373765833,7
"EXPH53","EXPH5",1,2.91152324798893,7
"AC006330.13","AC006330.1",2,3.38968974663626,7
"PMAIP13","PMAIP1",4,2.56485624274244,7
"SNCG3","SNCG",6,3.03349672181167,7
"SAP303","SAP30",5,2.38631073641347,7
"KCNJ23","KCNJ2",2,2.62197936059825,7
"PDLIM33","PDLIM3",7,3.34983693454702,7
"LACTB23","LACTB2",3,2.43377967475376,7
"PDE10A3","PDE10A",1,3.18851883129233,7
"AC093157.13","AC093157.1",4,2.53491980918125,7
"GK3","GK",6,2.80529017001503,7
"SRD5A33","SRD5A3",3,2.65525035488666,7
"ZNF8753","ZNF875",1,2.55967879122939,7
"CFI3","CFI",6,3.03743807627776,7
"SLC22A53","SLC22A5",1,2.56006266416869,7
"SEMA7A3","SEMA7A",4,2.73364379774173,7
"PLXNB13","PLXNB1",1,3.09164899745238,7
"MCM43","MCM4",5,2.50314313445086,7
"PPP1R16B3","PPP1R16B",4,3.43524390921,7
"MAD2L13","MAD2L1",4,2.63063718890522,7
"AOAH3","AOAH",4,3.03357395117667,7
"UBTD13","UBTD1",5,3.17879954772343,7
"FAM180A3","FAM180A",5,2.65431840505795,7
"TDRP3","TDRP",1,2.99277515026346,7
"SEMA3F3","SEMA3F",5,2.42121616585805,7
"MRPS173","MRPS17",7,2.30106685395564,7
"OAS13","OAS1",4,3.203645149172,7
"RASGEF1B3","RASGEF1B",6,2.42352955717711,7
"C1orf213","C1orf21",6,2.71492163994258,7
"TPTEP13","TPTEP1",1,2.76601866422351,7
"HIGD1A3","HIGD1A",5,2.843346344548,7
"KLHDC7B3","KLHDC7B",4,3.20852241737949,7
"CRY13","CRY1",5,2.48438637411018,7
"EREG3","EREG",6,3.02892232890229,7
"CCZ1B3","CCZ1B",4,2.29205843081448,7
"LMO73","LMO7",5,3.23805382382018,7
"BTBD103","BTBD10",5,2.83132777273853,7
"GPR1763","GPR176",5,3.26839894717348,7
"GMFB3","GMFB",5,2.81243266301431,7
"SLA4","SLA",4,3.49657632701584,7
"TF3","TF",1,2.83748668460699,7
"PDE9A3","PDE9A",1,2.99037681834601,7
"VSIG43","VSIG4",5,2.68689142595142,7
"TPST13","TPST1",5,2.76174236894864,7
"RAPGEF33","RAPGEF3",1,3.03904225378363,7
"UEVLD3","UEVLD",5,2.31194504308079,7
"SORBS23","SORBS2",7,3.05088825749739,7
"CMBL3","CMBL",2,2.37293408810191,7
"SNRPG3","SNRPG",5,2.40371568034493,7
"NPAS23","NPAS2",5,2.68209737396509,7
"SAMSN13","SAMSN1",4,3.35379719323758,7
"OASL3","OASL",4,2.97170090323015,7
"CNTROB3","CNTROB",1,2.34597731297595,7
"SLC1A43","SLC1A4",4,2.46873198793446,7
"NBEA3","NBEA",1,3.39611743633279,7
"GPR1603","GPR160",3,2.83372929374942,7
"TMEM255B3","TMEM255B",6,2.63448676555057,7
"SCG53","SCG5",1,3.20519012317531,7
"KCNK13","KCNK1",3,2.64928948218559,7
"SEMA4B3","SEMA4B",3,3.19549685266003,7
"FAM198B-AS13","FAM198B-AS1",1,3.19188727350862,7
"NEK83","NEK8",4,3.00658477988671,7
"ADA3","ADA",4,2.77447225511034,7
"HOMER23","HOMER2",7,3.02369229147311,7
"SELENOM3","SELENOM",5,2.62016596315719,7
"ALDH1A33","ALDH1A3",5,2.09148702832779,7
"HELLS3","HELLS",4,2.9215160302055,7
"AGTR13","AGTR1",2,2.52859744406607,7
"RAC23","RAC2",4,4.38151266183942,7
"GPR1533","GPR153",5,2.62807830969247,7
"ZNF4363","ZNF436",1,2.79051582481257,7
"FAM131A3","FAM131A",1,2.57308519078845,7
"HSF23","HSF2",1,2.47463888832432,7
"PAK33","PAK3",1,2.62825180498474,7
"SFXN43","SFXN4",1,2.26627229547014,7
"NBEAL23","NBEAL2",4,2.89008079264798,7
"IKZF13","IKZF1",4,4.13544647152223,7
"JCHAIN3","JCHAIN",6,3.37565222908777,7
"JAK33","JAK3",4,3.87588210070779,7
"BDNF-AS3","BDNF-AS",1,2.78143661895775,7
"CA83","CA8",7,2.92513784209508,7
"STX113","STX11",6,2.8173307699559,7
"TPD523","TPD52",7,3.16018562810419,7
"PGM53","PGM5",6,3.02507594061875,7
"CEP170B3","CEP170B",3,2.46538315751229,7
"C17orf583","C17orf58",6,2.56233634136459,7
"MT-TS23","MT-TS2",3,2.75366224180923,7
"ARHGAP273","ARHGAP27",4,2.70265968709113,7
"HSPA4L3","HSPA4L",6,2.52880384748772,7
"MT-TH3","MT-TH",6,3.05628073252233,7
"TBXAS13","TBXAS1",5,2.47676231081485,7
"FERMT33","FERMT3",4,3.31294776120859,7
"DUSP103","DUSP10",5,2.40404731098248,7
"NEK53","NEK5",1,2.67330968458272,7
"SLC4A113","SLC4A11",7,2.69799305192293,7
"AGPAT23","AGPAT2",5,2.81391222844399,7
"MNS13","MNS1",2,2.98966460856409,7
"SNCAIP3","SNCAIP",1,3.25587678201226,7
"AC103691.13","AC103691.1",1,2.41512596961347,7
"POFUT23","POFUT2",1,2.39938165075686,7
"PLEKHA63","PLEKHA6",3,2.72952320471417,7
"LRG13","LRG1",3,2.97474971209737,7
"ZBTB463","ZBTB46",1,2.89061488369187,7
"IRF53","IRF5",4,3.34830594957659,7
"GIMAP53","GIMAP5",4,3.36075272349667,7
"CRMP13","CRMP1",1,2.71356989947338,7
"PHGDH3","PHGDH",7,2.55535530848836,7
"TREM13","TREM1",6,3.23262858995868,7
"MCUB3","MCUB",4,2.54657856395607,7
"SOCS23","SOCS2",6,2.98414301240569,7
"TRUB13","TRUB1",3,2.23494762927203,7
"GADD45GIP13","GADD45GIP1",3,2.78014734989675,7
"HYMAI3","HYMAI",1,3.03378564132566,7
"EIF63","EIF6",1,2.64124869094155,7
"PTGER33","PTGER3",6,2.93112328074672,7
"RFX23","RFX2",6,2.55201132713107,7
"LINC010873","LINC01087",2,2.71302075442007,7
"HEPH3","HEPH",5,3.10981165235888,7
"CDO13","CDO1",1,2.63805318843492,7
"PPIL13","PPIL1",5,2.66336402127335,7
"MMP153","MMP15",7,2.19454304568259,7
"DENND2A3","DENND2A",1,3.13848064885342,7
"PLEKHG4B3","PLEKHG4B",1,2.97631671478644,7
"BHMT23","BHMT2",6,2.79924604430696,7
"CXCL173","CXCL17",7,2.68815204008611,7
"CPLX13","CPLX1",1,3.01359055126616,7
"LY863","LY86",4,3.07473207802292,7
"PIEZO23","PIEZO2",2,2.60016583551749,7
"SFRP43","SFRP4",2,3.49440764477539,7
"AC004151.13","AC004151.1",4,4.05000050555168,7
"LSAMP3","LSAMP",6,3.14427867716134,7
"FGF133","FGF13",1,2.18438654957801,7
"CSKMT3","CSKMT",1,2.36276797388674,7
"AL117329.13","AL117329.1",7,2.99745581334591,7
"DOK13","DOK1",5,2.61034023714315,7
"VIPAS393","VIPAS39",1,2.74802199314251,7
"NCS13","NCS1",5,2.82796471312006,7
"ADGRE23","ADGRE2",6,2.85252036227739,7
"LINC010943","LINC01094",5,2.77988819954401,7
"SLC35B23","SLC35B2",5,2.38447528532114,7
"DOC2B3","DOC2B",6,3.31245802056459,7
"SYNGR13","SYNGR1",1,2.79706011817133,7
"CCNA23","CCNA2",4,2.89881269316331,7
"ADAMTS23","ADAMTS2",5,4.07553106419791,7
"LDLR3","LDLR",6,3.50864584999367,7
"SLITRK63","SLITRK6",7,2.54065121958604,7
"CORIN3","CORIN",5,3.61353236358906,7
"BCL6B3","BCL6B",5,2.80022851167059,7
"HOXA53","HOXA5",1,2.70657653875456,7
"TMEM883","TMEM88",6,3.22604502379421,7
"NIPA13","NIPA1",4,2.44233902365559,7
"GNG73","GNG7",4,2.67601196347364,7
"ZNF104","ZNF10",6,2.35892370194341,7
"UBASH3B3","UBASH3B",4,2.24096591383038,7
"GLIS33","GLIS3",5,3.26647914069424,7
"PKDCC3","PKDCC",6,2.73119386427426,7
"PKP23","PKP2",7,2.62780906059549,7
"MUC203","MUC20",1,2.62810668330692,7
"DPEP23","DPEP2",4,3.32689024885217,7
"KAZN3","KAZN",1,2.8942727473708,7
"ACE3","ACE",5,2.50258834251255,7
"HNRNPA1P543","HNRNPA1P54",7,2.62159072839952,7
"ZNF7363","ZNF736",1,2.3767304783087,7
"ETV73","ETV7",4,2.88331236770556,7
"COQ8A3","COQ8A",1,2.65540181177992,7
"GTF2I3","GTF2I",2,2.89784714124132,7
"DLG53","DLG5",1,2.63501246470459,7
"KHDRBS33","KHDRBS3",7,2.69641831258023,7
"SRGAP33","SRGAP3",1,2.76020876257495,7
"MIR222HG3","MIR222HG",6,2.52317247699062,7
"PKHD1L13","PKHD1L1",4,2.77322686317148,7
"NAV33","NAV3",2,3.02770065576721,7
"AC134043.33","AC134043.3",1,2.64438537090024,7
"DACT13","DACT1",5,3.09701056659636,7
"ZC3H12A3","ZC3H12A",6,2.79119118455106,7
"ZNF1013","ZNF101",4,3.59643444414244,7
"BIVM3","BIVM",1,2.57092233977387,7
"ABCB13","ABCB1",2,2.5792681815238,7
"PCLAF3","PCLAF",4,2.48562725463277,7
"PRDM53","PRDM5",1,3.02484337047111,7
"MTFMT3","MTFMT",5,2.29491564500173,7
"TMEM2673","TMEM267",1,2.38230383899043,7
"WDFY3-AS23","WDFY3-AS2",2,2.55956373796282,7
"NCAPG3","NCAPG",4,2.95385271690294,7
"RAB373","RAB37",4,3.40409603923873,7
"TRAPPC23","TRAPPC2",1,2.73374816957096,7
"EPHB33","EPHB3",1,2.89674275830572,7
"SIM13","SIM1",1,2.44589648706639,7
"NEIL13","NEIL1",1,2.87438966610765,7
"GNAL3","GNAL",6,2.65560351017562,7
"RNGTT3","RNGTT",4,2.6869476649556,7
"KLHL63","KLHL6",4,3.57674038067088,7
"AC110285.23","AC110285.2",1,2.59367920970867,7
"AL390728.63","AL390728.6",4,2.56705397127439,7
"SLC35E2A3","SLC35E2A",1,2.5823880778747,7
"UCHL33","UCHL3",5,2.37771045113599,7
"ZNNT13","ZNNT1",1,2.48673528019964,7
"PAXX3","PAXX",1,2.40368413562741,7
"SLC9A73","SLC9A7",4,2.28660349418434,7
"VAMP13","VAMP1",4,3.0676672924464,7
"DOCK63","DOCK6",1,2.95971337425598,7
"PDE5A3","PDE5A",1,3.55246240879491,7
"PRUNE13","PRUNE1",5,2.34240522965428,7
"CD163L13","CD163L1",6,2.51175146525655,7
"UQCRFS13","UQCRFS1",5,2.70460053479112,7
"GPX73","GPX7",5,2.99601531902259,7
"DDX39B3","DDX39B",1,2.32053924884182,7
"ARAP23","ARAP2",4,3.64085507640839,7
"NDUFAF23","NDUFAF2",5,2.69437289648027,7
"BMERB13","BMERB1",2,2.93219505362705,7
"DIPK2B3","DIPK2B",6,2.67551307190996,7
"LILRB33","LILRB3",6,3.34642514392346,7
"EDEM23","EDEM2",5,2.53784773273336,7
"CDKN2D3","CDKN2D",4,2.69778338712177,7
"PSMB8-AS13","PSMB8-AS1",4,3.51348667719232,7
"SULT1C43","SULT1C4",1,2.9452263804016,7
"PHF133","PHF13",1,2.58597910371789,7
"SIX13","SIX1",3,2.53996820292061,7
"BOC3","BOC",1,3.28842600969294,7
"DNAJC123","DNAJC12",1,2.82256745848931,7
"RTL8A3","RTL8A",5,2.84535039234261,7
"TMEM2163","TMEM216",5,2.35890328500064,7
"ZBTB183","ZBTB18",3,2.64884593186469,7
"ARSB3","ARSB",5,3.21143857162274,7
"XKR63","XKR6",1,3.15293662310273,7
"TM7SF23","TM7SF2",3,3.12609774454729,7
"CRNDE3","CRNDE",1,2.65569818737195,7
"PARD6B3","PARD6B",7,2.66625833961355,7
"CNKSR33","CNKSR3",6,2.49644791854174,7
"LRRC23","LRRC2",1,2.51385580045433,7
"LINC008993","LINC00899",1,3.2904371309851,7
"EBF23","EBF2",1,2.59869636397606,7
"ERBB43","ERBB4",1,2.91121663861022,7
"ZNF1173","ZNF117",1,2.43078237438664,7
"ANG3","ANG",3,3.0091234837028,7
"STAT43","STAT4",4,3.33739096071328,7
"CAPN153","CAPN15",4,2.27285699437739,7
"CASKIN23","CASKIN2",1,2.4610033536898,7
"TRPV63","TRPV6",3,3.61083330898551,7
"IKBKE3","IKBKE",4,3.11657189538138,7
"HOXC103","HOXC10",3,2.72871250762241,7
"RNF1523","RNF152",1,2.72897616475211,7
"FST3","FST",6,2.96367106441664,7
"AC104825.13","AC104825.1",3,2.57018435054131,7
"BANF13","BANF1",5,2.31326743055438,7
"ETV53","ETV5",1,3.23951468497677,7
"BARX23","BARX2",7,3.68575623513495,7
"CD2743","CD274",4,2.8820866888461,7
"FRMD33","FRMD3",1,2.41426733460789,7
"TBC1D23","TBC1D2",5,2.84692185846936,7
"AC080014.13","AC080014.1",6,2.90570332551607,7
"MTHFD1L3","MTHFD1L",5,3.07159573001539,7
"SLC15A23","SLC15A2",4,3.09263204213447,7
"A2M-AS13","A2M-AS1",4,3.3947875656676,7
"CCDC144B3","CCDC144B",1,3.07919628425037,7
"VLDLR3","VLDLR",1,2.52719702057343,7
"CCDC1153","CCDC115",1,2.52352043405965,7
"PIK3AP13","PIK3AP1",4,3.1937528917862,7
"SELENBP13","SELENBP1",1,2.62724284083817,7
"WAS3","WAS",4,3.79129875215749,7
"KAZALD13","KAZALD1",2,2.60411963375088,7
"SPINT13","SPINT1",7,3.44357237430853,7
"SMPDL3A3","SMPDL3A",3,2.61219713916955,7
"COQ63","COQ6",3,2.34638970970442,7
"TCEA33","TCEA3",3,2.25533500096238,7
"RHOV3","RHOV",7,3.17246545907542,7
"FZD83","FZD8",5,2.73836447809189,7
"PCK23","PCK2",3,2.81641679553113,7
"SPNS23","SPNS2",6,2.64669965158572,7
"MT-TF3","MT-TF",3,2.33035116008623,7
"EHD33","EHD3",1,2.83771659108107,7
"CASTOR23","CASTOR2",5,2.48690590323162,7
"COBL3","COBL",7,2.8112559124154,7
"DCHS13","DCHS1",1,3.23884206861796,7
"RFTN23","RFTN2",1,2.98616450799263,7
"FGD13","FGD1",1,2.95473524676545,7
"NOS33","NOS3",6,2.85257509650116,7
"LILRA43","LILRA4",4,3.60778454926621,7
"TENM43","TENM4",5,3.31943386005586,7
"SH3BP5-AS13","SH3BP5-AS1",4,2.58943496600226,7
"COLCA13","COLCA1",1,3.32569986437575,7
"NFAM13","NFAM1",4,2.59255221956157,7
"HLA-DQB23","HLA-DQB2",4,2.95714607929991,7
"BCAS43","BCAS4",4,3.31001959748384,7
"SELPLG3","SELPLG",4,3.64297883551757,7
"TSPOAP1-AS13","TSPOAP1-AS1",4,3.48732696078476,7
"CTXN13","CTXN1",5,3.08775945203701,7
"SEMA4A3","SEMA4A",7,2.76278322626869,7
"PSTPIP23","PSTPIP2",7,2.35035580222307,7
"PAX8-AS13","PAX8-AS1",4,2.20017564737956,7
"NOSTRIN3","NOSTRIN",1,2.9391204364679,7
"HOMER33","HOMER3",5,2.98521313418049,7
"FAM13A-AS13","FAM13A-AS1",4,2.54263783316686,7
"EIF4EBP13","EIF4EBP1",5,2.91401479732486,7
"MICAL13","MICAL1",4,3.04149163377353,7
"PDAP13","PDAP1",5,2.81298321038687,7
"NCALD3","NCALD",1,3.0135725982423,7
"ZNF204P3","ZNF204P",1,2.65513143362355,7
"GLYATL23","GLYATL2",7,3.03241627851832,7
"ZSWIM43","ZSWIM4",5,2.59375427617594,7
"PTGES23","PTGES2",5,2.19296003957986,7
"OSBPL33","OSBPL3",4,2.80615262254883,7
"CIAO2A3","CIAO2A",4,2.72501650893537,7
"BNIP33","BNIP3",3,2.69823964340162,7
"GPSM13","GPSM1",1,3.18724295936912,7
"BCHE3","BCHE",6,3.37600113243693,7
"TTC39A3","TTC39A",3,3.42877377027806,7
"DESI13","DESI1",1,2.1890444079054,7
"PTPN213","PTPN21",1,2.4978677884736,7
"GPR137B3","GPR137B",5,3.00916141404019,7
"SOX63","SOX6",7,2.78479621591588,7
"KLRD13","KLRD1",4,3.20517700405226,7
"TGFB1I13","TGFB1I1",5,3.27347350668123,7
"FBLN53","FBLN5",1,3.11383900659707,7
"SNTB13","SNTB1",5,2.24898006320998,7
"ARMH33","ARMH3",4,2.39516757229936,7
"ZNF4193","ZNF419",1,2.47717164264493,7
"PLIN23","PLIN2",6,2.96066491422144,7
"AC006509.33","AC006509.3",1,2.57221917030528,7
"SDHA3","SDHA",3,2.35360985768844,7
"VEGFC3","VEGFC",5,2.87999886553586,7
"DDX583","DDX58",4,2.17885201806956,7
"KLHL213","KLHL21",1,2.49255679825739,7
"LOXL43","LOXL4",1,2.46219169040657,7
"FANCD23","FANCD2",4,2.90669358762639,7
"NECTIN33","NECTIN3",1,2.37347211317291,7
"BEND53","BEND5",2,2.83403023402002,7
"CREB3L43","CREB3L4",3,3.48249075494406,7
"HOXC43","HOXC4",1,2.75990617567901,7
"AKR1C13","AKR1C1",6,2.98507372763855,7
"NAV23","NAV2",7,3.05712170680096,7
"AC027020.23","AC027020.2",4,2.51877535581452,7
"TSPAN16","TSPAN1",3,2.45928847197716,7
"TMCC33","TMCC3",3,2.63084374557332,7
"ADAMTS143","ADAMTS14",5,3.75719153064611,7
"MT1F3","MT1F",7,2.32084566038431,7
"FOXP33","FOXP3",4,3.4365080773739,7
"NFIL33","NFIL3",6,4.33064192431719,7
"NR3C23","NR3C2",1,2.71813508224993,7
"ZNF385D3","ZNF385D",6,3.2021082984999,7
"LURAP1L3","LURAP1L",3,2.27350816739533,7
"SCUBE33","SCUBE3",5,3.12796610847164,7
"RPA33","RPA3",5,2.24076489424357,7
"DOK43","DOK4",1,2.53587972465596,7
"VDR3","VDR",5,2.87873728186072,7
"NTAN13","NTAN1",5,2.6917474105374,7
"RPS12P163","RPS12P16",2,2.99325284093891,7
"KIF26A3","KIF26A",1,3.11821370532608,7
"THNSL23","THNSL2",1,2.97309979230585,7
"INAFM13","INAFM1",1,2.84697001086558,7
"HCK3","HCK",4,2.66651544940792,7
"MYOC3","MYOC",6,3.08980349359569,7
"LRRC423","LRRC42",5,2.52580976163435,7
"MYC3","MYC",6,3.76700533975426,7
"CLEC11A3","CLEC11A",5,3.0659740243876,7
"LRRC75A3","LRRC75A",2,3.69250047535446,7
"LINC008823","LINC00882",1,2.59775211548806,7
"PTS3","PTS",5,2.96795221641091,7
"CYB5A3","CYB5A",3,3.25262914454191,7
"CDK2AP23","CDK2AP2",4,2.50581878023105,7
"TNFAIP33","TNFAIP3",4,3.06249402175954,7
"HULC3","HULC",1,2.69584741753237,7
"SGPP13","SGPP1",4,2.40620235205172,7
"ST6GALNAC53","ST6GALNAC5",5,3.3544364135544,7
"LINC015153","LINC01515",1,3.09963144588086,7
"PDZRN43","PDZRN4",2,2.50832085941619,7
"PNO13","PNO1",6,2.56725905393122,7
"WASF13","WASF1",1,2.48014713095309,7
"SLC25A443","SLC25A44",4,2.3057125548209,7
"HLCS3","HLCS",3,2.66862118008222,7
"GRIA33","GRIA3",1,3.45404853155398,7
"NLRC53","NLRC5",4,3.85685514420918,7
"AL133243.33","AL133243.3",4,2.46577760275597,7
"ETFDH3","ETFDH",1,2.12186314059115,7
"XYLT13","XYLT1",5,2.79977940739475,7
"SHE3","SHE",6,2.7253624278543,7
"THRB-IT13","THRB-IT1",1,3.23643996165579,7
"HIF3A3","HIF3A",1,2.68656706282232,7
"ROBO43","ROBO4",6,3.35624303673987,7
"GABPA3","GABPA",5,2.12238783542944,7
"ZNF3503","ZNF350",3,2.61310345806799,7
"FBLN73","FBLN7",1,2.63663046943832,7
"ABCC33","ABCC3",7,2.70248552906251,7
"AL109918.13","AL109918.1",4,2.74687739541879,7
"MFNG3","MFNG",4,2.90598010208394,7
"PGF3","PGF",6,2.61337427234019,7
"LRIG33","LRIG3",1,2.79713812000857,7
"CAP23","CAP2",5,2.36027121399628,7
"FBXL73","FBXL7",1,2.78376321893627,7
"LZTS13","LZTS1",5,3.24677317134239,7
"BATF33","BATF3",6,2.67309373400726,7
"ENPP23","ENPP2",6,3.2483085232241,7
"MICOS133","MICOS13",1,2.75215141682682,7
"HAPLN33","HAPLN3",7,3.05588490397713,7
"TIPARP3","TIPARP",6,2.36096672425254,7
"FRK3","FRK",5,2.57750807373128,7
"ADGRB23","ADGRB2",1,3.39870429184395,7
"APBA23","APBA2",4,3.073715879909,7
"LAT23","LAT2",4,3.09955841507223,7
"COCH3","COCH",1,2.85914995433418,7
"PGGHG3","PGGHG",4,2.82492913530462,7
"GPAT33","GPAT3",6,2.88788823842795,7
"NADK3","NADK",4,2.64080206448908,7
"PROCR3","PROCR",5,2.69457091594828,7
"LIPT13","LIPT1",2,2.50241352881389,7
"TNFRSF93","TNFRSF9",4,3.27503305078052,7
"PARD6G3","PARD6G",1,2.79961174839549,7
"HOXA103","HOXA10",2,2.61114076001177,7
"GATM3","GATM",3,2.97052954220062,7
"TMC53","TMC5",3,2.54653191999417,7
"TSPAN153","TSPAN15",3,2.61398677299849,7
"TMEM2543","TMEM254",3,2.48072130073764,7
"SETD1B3","SETD1B",1,2.14527656905544,7
"GMPPA3","GMPPA",1,2.56233018205992,7
"HOOK13","HOOK1",7,3.16524800536193,7
"RHNO13","RHNO1",1,2.4124403346161,7
"CEBPA3","CEBPA",3,2.46545372190714,7
"PLPP43","PLPP4",5,3.97390463768706,7
"DBF43","DBF4",4,2.815219113986,7
"CHDH3","CHDH",1,2.95709315233625,7
"TRAT13","TRAT1",4,3.96705807423198,7
"ASB63","ASB6",7,2.1069684239675,7
"RPA13","RPA1",5,2.30406596341905,7
"PLCB23","PLCB2",4,3.18600001430431,7
"ACSS33","ACSS3",3,2.65844580230205,7
"CALB23","CALB2",5,2.95299855419325,7
"NREP3","NREP",5,3.54742727720623,7
"CDS13","CDS1",7,2.86478813772813,7
"DDX113","DDX11",1,2.43652990047208,7
"PRDM63","PRDM6",5,2.72904870602832,7
"BHLHE403","BHLHE40",6,2.98792954301292,7
"FAM78A3","FAM78A",4,3.61798369797711,7
"BLVRA3","BLVRA",5,2.78866583731812,7
"GPR653","GPR65",4,3.02666200062145,7
"HS3ST3A13","HS3ST3A1",5,2.84631129991308,7
"FAM221A3","FAM221A",4,2.0390602125817,7
"AC005253.13","AC005253.1",2,3.6604615141488,7
"PLCH23","PLCH2",1,2.33084677804496,7
"GLRX3","GLRX",4,2.8121459145359,7
"DTX13","DTX1",6,2.75542092277108,7
"NPR23","NPR2",1,2.45313826816708,7
"AL121839.23","AL121839.2",3,2.57761135358204,7
"SLC9B23","SLC9B2",6,2.42093432591561,7
"CCDC33","CCDC3",6,3.05135770679648,7
"PGAP13","PGAP1",6,2.52900173079859,7
"SCN9A3","SCN9A",6,3.16651108334347,7
"BTBD193","BTBD19",5,3.24054131566908,7
"CLECL13","CLECL1",4,3.51252793464917,7
"IMMP2L3","IMMP2L",3,2.20014562080687,7
"RGS133","RGS13",6,2.25659027243098,7
"CLNK3","CLNK",4,3.31936234288639,7
"ITGB33","ITGB3",6,2.98355259578981,7
"ARHGEF283","ARHGEF28",1,2.95647999722187,7
"TNNT33","TNNT3",6,2.613052146284,7
"PRUNE23","PRUNE2",2,2.12005554342186,7
"MRPL123","MRPL12",5,2.47542203504111,7
"EEPD13","EEPD1",1,2.43874708986734,7
"TNFRSF193","TNFRSF19",5,2.94156905359165,7
"MIER33","MIER3",5,2.25438362860913,7
"KCNE33","KCNE3",5,2.64729644611411,7
"CORO73","CORO7",4,2.74655933097862,7
"IDI13","IDI1",3,3.48137161080426,7
"AC104794.33","AC104794.3",1,2.30892300122501,7
"CERS43","CERS4",3,3.58254533724022,7
"TMTC13","TMTC1",6,3.01442492122784,7
"MPP73","MPP7",3,2.40765398417302,7
"NAALAD23","NAALAD2",6,2.7320334380021,7
"GPX13","GPX1",5,3.21473459975317,7
"ZDHHC83","ZDHHC8",5,2.90574328605005,7
"ABCC93","ABCC9",6,3.22387747634631,7
"PCDHB43","PCDHB4",2,2.61083742165334,7
"AADAT3","AADAT",3,2.85505122008054,7
"SLC19A33","SLC19A3",6,2.69695971384278,7
"PLEKHF23","PLEKHF2",4,2.48637167532684,7
"CD1D3","CD1D",4,2.94596827097518,7
"TCEAL53","TCEAL5",1,3.19215812238627,7
"HEY23","HEY2",5,2.69141710912699,7
"NEO13","NEO1",1,3.14653542349469,7
"AL445426.13","AL445426.1",6,2.48038504601601,7
"MCM23","MCM2",4,2.52031367415843,7
"SERPINB83","SERPINB8",7,2.37709316758215,7
"LINC019343","LINC01934",4,3.38746196178743,7
"DUBR3","DUBR",1,2.63741817904604,7
"MEX3D3","MEX3D",5,2.97426706150125,7
"MILR13","MILR1",4,2.80398982231428,7
"KCTD13","KCTD1",3,2.56420305108722,7
"IL343","IL34",6,2.1835773027607,7
"HRH23","HRH2",6,3.20321738997587,7
"VANGL23","VANGL2",1,2.35708987807076,7
"AC068888.13","AC068888.1",6,2.31906436414108,7
"C6orf1323","C6orf132",7,3.2036541264821,7
"TSPAN123","TSPAN12",3,2.51310536567058,7
"RECQL43","RECQL4",4,2.39385198692656,7
"RAB203","RAB20",7,2.26780880619882,7
"ANKRD93","ANKRD9",5,2.31724661028567,7
"NRXN23","NRXN2",1,3.29407642493767,7
"AGA3","AGA",4,2.43757281137366,7
"AMY2B3","AMY2B",1,2.67736580249813,7
"TUBB2A3","TUBB2A",5,2.48989459631761,7
"LINC009963","LINC00996",4,3.50203754718257,7
"NRBF23","NRBF2",5,2.70794176200853,7
"TIFA3","TIFA",4,2.43629671168389,7
"PRR133","PRR13",4,2.26237299296238,7
"SH3GLB23","SH3GLB2",1,2.78714052418092,7
"HERC63","HERC6",4,2.72793102242589,7
"PDZD23","PDZD2",1,2.2564077644963,7
"HENMT13","HENMT1",4,2.45475451172071,7
"FAT43","FAT4",6,2.88605296871332,7
"TMEM253","TMEM25",1,2.64529114150444,7
"VSTM43","VSTM4",1,3.09667359067742,7
"SHC43","SHC4",1,2.79811904946046,7
"SPEG3","SPEG",7,2.99490062584008,7
"SLC7A73","SLC7A7",4,2.91978157659106,7
"GPT23","GPT2",3,2.73812385976284,7
"MMP123","MMP12",7,2.7823498974527,7
"FIGN3","FIGN",1,2.94127172641371,7
"CDC14A3","CDC14A",4,3.01336132518857,7
"AC006141.13","AC006141.1",1,2.52522774450102,7
"HDAC113","HDAC11",1,2.56523573053504,7
"BMP63","BMP6",6,2.60165419161777,7
"STON23","STON2",6,2.65592832741438,7
"BHLHE223","BHLHE22",2,2.22767909716487,7
"OPN33","OPN3",5,2.7633273924736,7
"MYBL13","MYBL1",4,2.84239564996218,7
"COPS33","COPS3",5,2.37386437637788,7
"SELENOO3","SELENOO",4,2.27924508869353,7
"CCDC1413","CCDC141",4,2.92873171379682,7
"LPAR23","LPAR2",7,2.90584145765241,7
"MLLT113","MLLT11",5,2.75282650451388,7
"ADGRL33","ADGRL3",1,2.61582982375493,7
"RPL13P123","RPL13P12",2,4.45894748452422,7
"FBXO463","FBXO46",3,2.35212369991378,7
"TNFSF13B3","TNFSF13B",4,3.26586692421197,7
"MCTP23","MCTP2",4,2.65528457687269,7
"TAF43","TAF4",4,2.22379709655647,7
"TRPM23","TRPM2",5,2.40715825601635,7
"TMEM603","TMEM60",5,2.64623413568121,7
"DLL43","DLL4",5,2.51507570864114,7
"L3MBTL13","L3MBTL1",1,2.72585642000773,7
"RNF2073","RNF207",1,2.53395618248822,7
"TMEM623","TMEM62",3,3.47123867139813,7
"SIGLEC17P3","SIGLEC17P",2,2.63808799971171,7
"TST3","TST",3,2.42565790739031,7
"ITGA33","ITGA3",1,2.44742611011528,7
"STK263","STK26",4,2.97691212857249,7
"CFAP703","CFAP70",1,2.68773411733227,7
"FOXC23","FOXC2",5,2.83898408596021,7
"ARHGEF263","ARHGEF26",6,2.31012191233588,7
"APBB33","APBB3",1,2.76362719682874,7
"TSPAN113","TSPAN11",6,2.84586529529106,7
"SRPX23","SRPX2",5,3.55344310527252,7
"CD300E3","CD300E",6,3.63485232837865,7
"AVPR1A3","AVPR1A",6,2.52417590945821,7
"CORO2B3","CORO2B",6,2.65334594349006,7
"ABCG13","ABCG1",4,2.36598067468296,7
"MYOM23","MYOM2",3,3.35131825264724,7
"DENND2D3","DENND2D",4,4.02986366868649,7
"FAM122C3","FAM122C",1,2.49387359391971,7
"ARMCX13","ARMCX1",1,3.23770859463477,7
"COL21A13","COL21A1",1,2.8781982218011,7
"CDC42EP53","CDC42EP5",1,2.60329375590125,7
"ELN3","ELN",6,3.20143667549845,7
"TMEM513","TMEM51",5,2.75193787862617,7
"F11R3","F11R",7,2.50219060929616,7
"CRYZL2P3","CRYZL2P",1,2.48144036156148,7
"CHST143","CHST14",5,2.38931420606685,7
"MTCO1P403","MTCO1P40",3,2.77765134501357,7
"PITHD13","PITHD1",3,2.32301599304233,7
"KCNK23","KCNK2",6,2.71121541135637,7
"LINC022103","LINC02210",1,2.94869535535155,7
"SLC20A23","SLC20A2",5,2.68373848845946,7
"PIK3C2B3","PIK3C2B",4,2.45993125941115,7
"RPS6KA63","RPS6KA6",1,2.96017368756084,7
"PLEKHN13","PLEKHN1",7,2.67485390468883,7
"SEL1L33","SEL1L3",4,4.03185929134343,7
"DSN13","DSN1",4,2.34840739001706,7
"VNN23","VNN2",4,3.12082525171553,7
"ATP5MD3","ATP5MD",5,2.57858524866606,7
"NLRP33","NLRP3",6,3.03463060495197,7
"CELSR23","CELSR2",1,2.99722695433982,7
"PPM1L3","PPM1L",3,2.06146938131064,7
"CHST23","CHST2",4,2.45797161139073,7
"NAALADL23","NAALADL2",1,2.97438170640172,7
"ARHGAP403","ARHGAP40",3,3.02282857963993,7
"KCNAB23","KCNAB2",4,3.49114036738677,7
"SHC23","SHC2",6,2.37952670301093,7
"PRR5L3","PRR5L",5,3.05682434987564,7
"RCAN33","RCAN3",4,2.7535300978386,7
"SLC5A63","SLC5A6",7,3.08289851620038,7
"RECK3","RECK",1,2.79338477906229,7
"SLC16A93","SLC16A9",2,2.79343472159311,7
"GLTP3","GLTP",5,2.44725493855239,7
"PLCG13","PLCG1",1,2.3848133838034,7
"FGF183","FGF18",6,2.93269991901806,7
"BTN3A13","BTN3A1",4,3.15165160384906,7
"RMND5A3","RMND5A",3,3.05736819232,7
"LPCAT43","LPCAT4",1,2.35383564779162,7
"SLC36A13","SLC36A1",5,2.68950257788548,7
"KANK13","KANK1",6,2.53741070182916,7
"TBX5-AS13","TBX5-AS1",1,2.56500311398494,7
"KLHL33","KLHL3",1,2.90664834728905,7
"GATA63","GATA6",5,2.59677631068558,7
"METTL21A3","METTL21A",4,2.03397471709645,7
"F13A13","F13A1",6,3.42242337588012,7
"AC006115.23","AC006115.2",1,2.24913173031185,7
"LCAT3","LCAT",1,2.92008027015931,7
"TMEM2203","TMEM220",6,2.23901984020735,7
"DDX283","DDX28",4,2.21065454079012,7
"SLFN123","SLFN12",1,2.64541117858984,7
"WDR373","WDR37",4,2.15888862099791,7
"FAR23","FAR2",3,3.10809280078074,7
"KNTC13","KNTC1",4,2.96267161005036,7
"ERAP23","ERAP2",4,2.6210447068532,7
"SMAD93","SMAD9",6,2.78307368300075,7
"DTX33","DTX3",1,3.13408103892896,7
"ADAMTSL33","ADAMTSL3",1,2.66201078668708,7
"SIAE3","SIAE",2,2.47624183269111,7
"TALDO13","TALDO1",5,2.7074544858811,7
"RFWD33","RFWD3",4,2.29522683209331,7
"RGS193","RGS19",4,3.37150686917422,7
"MPZ3","MPZ",4,2.41364114347773,7
"SLIT23","SLIT2",2,2.87285551985734,7
"SQLE3","SQLE",7,2.57940553188514,7
"CYSLTR13","CYSLTR1",4,3.16267782648602,7
"RTL8C3","RTL8C",5,2.92762201767727,7
"NCKIPSD3","NCKIPSD",1,2.47790099756811,7
"IL20RA3","IL20RA",3,3.28153052389019,7
"ZNF5613","ZNF561",1,2.65181895008377,7
"WNT9A3","WNT9A",6,2.65471744484949,7
"ATG4C3","ATG4C",4,2.4318469622805,7
"MRPL443","MRPL44",5,2.37689651251136,7
"TGFB23","TGFB2",5,2.44176462202038,7
"AZIN23","AZIN2",5,3.46630783960976,7
"RASL123","RASL12",1,2.85164515207197,7
"CD283","CD28",4,3.28295083228767,7
"SPATA183","SPATA18",1,2.72499430565769,7
"ADORA33","ADORA3",5,2.96004327584597,7
"SLC39A83","SLC39A8",4,2.40159847413518,7
"LNX13","LNX1",1,2.64164913467716,7
"NYNRIN3","NYNRIN",1,2.8622397881618,7
"IFT523","IFT52",5,2.28417910484561,7
"HCAR13","HCAR1",7,2.64436282555631,7
"FJX13","FJX1",6,2.34927008950681,7
"LRP83","LRP8",4,2.90718613630173,7
"FANCA3","FANCA",4,2.48584130572833,7
"SYT73","SYT7",1,2.87145893780098,7
"MYO1D3","MYO1D",5,3.52209736991959,7
"DHRS4-AS13","DHRS4-AS1",3,2.69562935443845,7
"NCMAP3","NCMAP",7,3.051336317215,7
"LACC13","LACC1",2,2.63415290344223,7
"MARCHF33","MARCHF3",6,3.04828800234754,7
"ST6GAL13","ST6GAL1",4,3.15844780410643,7
"SLC31A23","SLC31A2",5,2.60072817578157,7
"SHKBP13","SHKBP1",4,2.62244060622054,7
"DDAH13","DDAH1",5,2.6125896947326,7
"MRPL393","MRPL39",3,2.11324919931903,7
"MAFK3","MAFK",6,2.96183640400776,7
"CACNA1H3","CACNA1H",5,2.52720377382846,7
"ADAMTS163","ADAMTS16",5,3.35109360597827,7
"BMF3","BMF",4,2.43991103669279,7
"ABCG23","ABCG2",1,2.99911223673384,7
"RHBDF13","RHBDF1",1,2.75798532059841,7
"KIFC13","KIFC1",5,2.77755931590982,7
"SERTAD33","SERTAD3",3,2.46584848263719,7
"PC3","PC",1,3.26571328697338,7
"RDH133","RDH13",3,2.52180177582408,7
"GTPBP33","GTPBP3",1,2.47069065630029,7
"ZNF3313","ZNF331",6,3.2750728928945,7
"PILRB3","PILRB",2,2.28431108237913,7
"RBM203","RBM20",3,3.16389821492839,7
"CDH63","CDH6",5,2.56105147483031,7
"SALL23","SALL2",1,3.10461182790007,7
"MYH143","MYH14",7,3.35528427937414,7
"ACAN3","ACAN",5,2.7223371857013,7
"MELTF3","MELTF",7,2.49505906507342,7
"WFDC21P3","WFDC21P",4,3.10168847223679,7
"SRARP3","SRARP",3,3.534451164472,7
"RAE13","RAE1",5,2.29231135571934,7
"UCP23","UCP2",4,3.18925576396639,7
"GRIA43","GRIA4",1,2.73477322247242,7
"PIM13","PIM1",6,4.09680558589147,7
"FOLR23","FOLR2",6,2.95322152086981,7
"BPGM3","BPGM",5,3.09561825673487,7
"SPRY43","SPRY4",5,2.67854544569314,7
"AMZ23","AMZ2",3,2.15199386276155,7
"SP23","SP2",1,2.21874975973517,7
"RASSF53","RASSF5",4,3.64594398702567,7
"CNPY43","CNPY4",5,2.89082097264193,7
"AC008771.13","AC008771.1",3,2.59917277205329,7
"LINGO13","LINGO1",1,2.69503429415662,7
"KIAA1324L3","KIAA1324L",5,2.47419329596313,7
"TMPRSS23","TMPRSS2",7,3.13326870676713,7
"LINC002943","LINC00294",5,2.29484334748731,7
"ARHGAP11A3","ARHGAP11A",5,2.59798502739261,7
"AC027290.33","AC027290.3",7,2.33045013452006,7
"ATP6AP13","ATP6AP1",3,2.60326828644556,7
"UBE2QL13","UBE2QL1",5,2.62880751169634,7
"TRAF43","TRAF4",7,3.16736540471544,7
"TRABD2B3","TRABD2B",2,2.15423051942924,7
"TEX93","TEX9",4,2.33373944783786,7
"ST6GALNAC33","ST6GALNAC3",6,2.71387169104495,7
"PCDHB93","PCDHB9",1,2.95352906437507,7
"NFASC3","NFASC",1,2.89194371577589,7
"ADRA2A3","ADRA2A",6,3.04350224674568,7
"EDEM13","EDEM1",4,3.06448348735235,7
"CKAP23","CKAP2",4,2.99581025194618,7
"SATB1-AS13","SATB1-AS1",4,2.83134537548923,7
"MYD883","MYD88",5,2.53051259006279,7
"SMYD33","SMYD3",5,2.73111477435852,7
"RAB40C3","RAB40C",3,2.48800893236078,7
"SLC38A113","SLC38A11",1,2.36663973832852,7
"AC016957.23","AC016957.2",4,3.01137206491852,7
"STEAP43","STEAP4",6,4.07821385229527,7
"NOP56P33","NOP56P3",2,2.83545674927168,7
"TMTC23","TMTC2",1,2.84195509337405,7
"P4HTM3","P4HTM",1,2.52455699405346,7
"TINF23","TINF2",5,2.3855970453725,7
"SCARA33","SCARA3",2,2.61832605632015,7
"SOX53","SOX5",6,2.67923180532538,7
"PTPRU3","PTPRU",5,2.82441886120638,7
"SH3BP13","SH3BP1",4,3.19810300902885,7
"HEATR5A3","HEATR5A",5,2.07145472342226,7
"AC091563.13","AC091563.1",2,2.26230945894524,7
"VWA5A3","VWA5A",6,2.74217642894026,7
"INTS93","INTS9",4,2.23112189067636,7
"AFAP1L23","AFAP1L2",1,3.67291188005202,7
"HSF43","HSF4",3,2.32475042689679,7
"SNORA123","SNORA12",4,2.2533746541807,7
"AC098650.13","AC098650.1",1,3.07782774554747,7
"MAPK103","MAPK10",1,2.19336272924213,7
"RNU4-23","RNU4-2",4,2.85502446072862,7
"AL353622.13","AL353622.1",4,3.02155633810038,7
"DONSON3","DONSON",5,2.18809144636787,7
"ETV13","ETV1",1,3.58648815406972,7
"B3GNT53","B3GNT5",5,2.55110288582788,7
"GTSE13","GTSE1",4,2.77672464415136,7
"H2AX3","H2AX",4,2.4670520809175,7
"TINAGL13","TINAGL1",6,2.92076446299657,7
"MIR193BHG3","MIR193BHG",7,2.14557537809034,7
"CASP63","CASP6",3,2.26220058613989,7
"GAR13","GAR1",5,2.50084155280095,7
"CHKA3","CHKA",3,2.56014086154045,7
"MPC23","MPC2",3,3.44964759298587,7
"GPRIN33","GPRIN3",4,3.29683989083124,7
"METTL43","METTL4",4,2.69879978864536,7
"ADAMTS63","ADAMTS6",5,3.09733012501149,7
"FBXW43","FBXW4",3,2.48874760729647,7
"ATOH83","ATOH8",1,2.73018319077093,7
"FAM174A3","FAM174A",5,2.23848394802743,7
"TP53TG13","TP53TG1",3,2.9493846922283,7
"SLC43A23","SLC43A2",5,2.51267153113941,7
"DNAAF23","DNAAF2",5,2.30117375491093,7
"TMEM543","TMEM54",5,2.98836320433708,7
"LANCL13","LANCL1",1,2.61062414129877,7
"SLC9A3R13","SLC9A3R1",3,3.08534670171927,7
"TDO23","TDO2",4,2.89977288897536,7
"MCM53","MCM5",4,2.84053098858526,7
"DHX583","DHX58",4,2.43140571884034,7
"BACH23","BACH2",4,2.30618046279549,7
"AVIL3","AVIL",6,2.62659435919638,7
"FBXL123","FBXL12",1,2.40831299896693,7
"DPY19L13","DPY19L1",5,3.42969911930709,7
"RBM73","RBM7",5,2.19440729397369,7
"TCTN23","TCTN2",1,2.2855057587697,7
"BST23","BST2",4,2.58893801862344,7
"HS3ST3B13","HS3ST3B1",4,2.64083110913855,7
"DNAH143","DNAH14",7,2.78272168564398,7
"ALS2CL3","ALS2CL",1,3.18573028432498,7
"WHRN3","WHRN",7,2.65985635640773,7
"AC020978.93","AC020978.9",1,2.28395327532906,7
"SMIM273","SMIM27",5,2.24814554682803,7
"FAIM23","FAIM2",1,3.00917672503163,7
"MTLN3","MTLN",5,2.63377113006165,7
"GFPT23","GFPT2",6,4.01230664257133,7
"GTF2IRD23","GTF2IRD2",1,2.38632453408273,7
"NR5A23","NR5A2",6,2.4451724697568,7
"LAIR23","LAIR2",2,2.45658486680182,7
"TSPOAP13","TSPOAP1",7,2.24027591821913,7
"KIFC33","KIFC3",5,3.36438705578292,7
"RASGRF23","RASGRF2",5,2.87277963404915,7
"PTPRO3","PTPRO",5,2.76753705714225,7
"PDE4DIP3","PDE4DIP",1,2.75999842891215,7
"LPAR53","LPAR5",4,3.00017839284939,7
"PTGR23","PTGR2",3,2.49577125820185,7
"WNT10A3","WNT10A",4,3.58939810460435,7
"SMPD33","SMPD3",4,3.36314789160091,7
"AL355488.13","AL355488.1",4,2.41500068023375,7
"RBM12B3","RBM12B",2,3.10897033435537,7
"BLCAP3","BLCAP",1,2.38460098485339,7
"TRAF23","TRAF2",4,2.89517342778154,7
"SH3PXD2B3","SH3PXD2B",5,2.97303572874638,7
"AC027097.13","AC027097.1",4,3.00347989132353,7
"APOBR3","APOBR",4,2.5664510656701,7
"SLC25A403","SLC25A40",4,2.31448351943887,7
"FAM155A3","FAM155A",1,2.45980822734466,7
"GALNT183","GALNT18",5,2.19150242535531,7
"ADHFE13","ADHFE1",1,2.43557551250762,7
"OSCAR3","OSCAR",5,2.80674258592859,7
"PRKAR2B3","PRKAR2B",3,2.78950921258988,7
"CROT3","CROT",3,2.91089432767792,7
"PDE3A3","PDE3A",5,2.86909589840842,7
"RCAN23","RCAN2",6,2.754677143628,7
"QPCT3","QPCT",5,2.49861388532835,7
"RIDA3","RIDA",5,2.48648985292417,7
"CXCL163","CXCL16",5,2.92255178477273,7
"FLT33","FLT3",4,3.33343061499861,7
"BRMS13","BRMS1",1,2.22381128810465,7
"PIF13","PIF1",4,2.82863205587028,7
"CD40LG3","CD40LG",4,3.25775705979972,7
"PPM1M3","PPM1M",4,2.3780092609691,7
"ADCY43","ADCY4",6,2.82435303937717,7
"ACTR3B3","ACTR3B",7,2.5661627310995,7
"SYNPO3","SYNPO",6,3.13677759537175,7
"RELT3","RELT",4,2.93643741577057,7
"CROCC3","CROCC",1,2.84317700359715,7
"SYT123","SYT12",7,2.91376438932614,7
"MS4A4A3","MS4A4A",6,2.73042148106472,7
"FANCF3","FANCF",4,2.508065733028,7
"FLNC3","FLNC",6,3.20863547944287,7
"POC1B-AS13","POC1B-AS1",1,2.46377528720645,7
"PLCG23","PLCG2",4,3.51854060251431,7
"TACR13","TACR1",6,3.44854158738484,7
"LINC011383","LINC01138",4,2.76000862936458,7
"LNX23","LNX2",7,2.41348068763319,7
"AC010997.63","AC010997.6",2,3.3295964845532,7
"ERCC33","ERCC3",1,2.54336652170988,7
"GSTO23","GSTO2",7,2.87682097443674,7
"STMN33","STMN3",4,2.15373330445152,7
"WDR193","WDR19",1,2.66713304307721,7
"GADD45B3","GADD45B",6,3.7236707495962,7
"OSBPL53","OSBPL5",1,2.7025988348764,7
"WASF33","WASF3",2,2.34606727897209,7
"LAMA13","LAMA1",1,2.82353211723481,7
"HOXB63","HOXB6",2,2.67035420477868,7
"TBX13","TBX1",1,2.57598864123849,7
"PLCXD33","PLCXD3",6,2.51147695503536,7
"DHRS14","DHRS1",1,2.50634667134841,7
"MBNL33","MBNL3",4,3.01165812677444,7
"AC024075.23","AC024075.2",5,2.13707823481053,7
"FAM83F3","FAM83F",7,2.82609601417171,7
"TBX53","TBX5",5,2.50164292050264,7
"UCKL13","UCKL1",1,2.17821438231286,7
"AP001496.43","AP001496.4",1,2.58847082295942,7
"MXRA73","MXRA7",1,2.78100467643053,7
"CAPN123","CAPN12",1,2.58039218013995,7
"HAS33","HAS3",7,2.77342996683808,7
"GLIPR1L23","GLIPR1L2",1,3.14660255467144,7
"ADAMTSL23","ADAMTSL2",5,3.59931134163322,7
"CERCAM3","CERCAM",5,4.05159885090574,7
"FAM118A3","FAM118A",4,2.12344368673571,7
"KIF113","KIF11",4,2.82299974788583,7
"IBSP3","IBSP",5,3.53225690217592,7
"LRP33","LRP3",1,2.6222220540409,7
"LINC006493","LINC00649",4,3.38406565630901,7
"PYROXD13","PYROXD1",4,2.30706596294599,7
"CYTL13","CYTL1",6,2.38519793103231,7
"KIAA15223","KIAA1522",3,3.0183019428466,7
"AC015883.13","AC015883.1",1,2.67640598357963,7
"PRR143","PRR14",1,2.62951558471661,7
"WIZ3","WIZ",5,2.52969819771299,7
"PBX43","PBX4",4,3.25986697131021,7
"SLC16A43","SLC16A4",1,3.03570819126343,7
"SMAD63","SMAD6",5,2.54398659292433,7
"IL15RA3","IL15RA",6,3.04846552188546,7
"TMEM200C3","TMEM200C",1,2.58088922301303,7
"DCLK23","DCLK2",5,2.89041270132742,7
"SH2D3A3","SH2D3A",7,2.89478066701097,7
"MRPS103","MRPS10",5,2.39648222829686,7
"CIP2A3","CIP2A",4,2.8221067139077,7
"LANCL23","LANCL2",1,2.63286087747905,7
"ERMAP3","ERMAP",1,2.20606713347445,7
"INTU3","INTU",1,3.12440054050851,7
"SNN3","SNN",6,2.51010539438479,7
"PXMP43","PXMP4",3,3.47554632172621,7
"PAGR13","PAGR1",2,2.77776535498826,7
"GJA43","GJA4",6,2.51623444492987,7
"NDUFAF43","NDUFAF4",6,2.31691454885897,7
"AL139113.13","AL139113.1",4,2.08906058467123,7
"TSPAN23","TSPAN2",5,3.34882279720298,7
"ICAM23","ICAM2",6,2.73778113871214,7
"HOXC93","HOXC9",2,2.65153119768721,7
"IFITM23","IFITM2",6,3.07138858523915,7
"YRDC3","YRDC",5,2.10127504151626,7
"PTPRJ3","PTPRJ",4,2.76789296796777,7
"IL1R23","IL1R2",6,2.79908965288933,7
"RPL39L3","RPL39L",1,2.53529272383429,7
"LINC002713","LINC00271",1,2.59570553588708,7
"AC021078.13","AC021078.1",1,2.45086459177392,7
"RPS20P223","RPS20P22",1,2.51282157893088,7
"MET3","MET",6,2.46421459645356,7
"LINC007023","LINC00702",5,2.63720391008891,7
"PRTFDC13","PRTFDC1",1,2.98554552733775,7
"FN3KRP3","FN3KRP",5,2.15406589905046,7
"ARL6IP63","ARL6IP6",4,2.39068508938553,7
"AC093297.23","AC093297.2",1,2.2583077529738,7
"SLC44A43","SLC44A4",3,2.74942390070411,7
"LZTFL13","LZTFL1",5,2.25404560984622,7
"COMMD13","COMMD1",5,2.68326478615741,7
"BMP23","BMP2",6,2.92799583444455,7
"RHOBTB13","RHOBTB1",1,2.97567191420773,7
"UBA73","UBA7",4,2.6078953440072,7
"CPOX3","CPOX",5,2.4670076742404,7
"RTKN4","RTKN",7,2.56303772208515,7
"LIG13","LIG1",4,2.76334561622589,7
"FAM214B3","FAM214B",5,2.55227333000816,7
"ZNF7273","ZNF727",1,2.84779703991388,7
"SSBP23","SSBP2",1,2.99172644691434,7
"AIFM13","AIFM1",4,2.3208926804426,7
"ZNF2513","ZNF251",1,2.33915675843638,7
"LINC010043","LINC01004",1,2.68414406718545,7
"CACNB33","CACNB3",1,2.86078491181208,7
"TMEM2733","TMEM273",6,2.75099122597911,7
"AL109976.13","AL109976.1",1,2.64438720350498,7
"FADD3","FADD",5,2.71515394711321,7
"RPS133","RPS13",3,2.43472076568958,7
"FAM227A3","FAM227A",1,2.82872604571434,7
"ITGAM3","ITGAM",6,2.56017929093349,7
"KIFC23","KIFC2",1,2.39202851588416,7
"NUGGC3","NUGGC",4,3.08312721392606,7
"MZT13","MZT1",5,2.5319661857733,7
"SBK13","SBK1",7,2.8849650437498,7
"PRAME3","PRAME",7,2.83594862240649,7
"AC012236.13","AC012236.1",4,3.27154723151815,7
"WRAP733","WRAP73",4,2.31439018021262,7
"INTS6L3","INTS6L",4,2.64271919559022,7
"TXLNB3","TXLNB",1,2.30075144888892,7
"NPC13","NPC1",5,2.66056064221094,7
"COX173","COX17",5,2.34486614361472,7
"MGAT33","MGAT3",6,2.57319437343885,7
"HAUS13","HAUS1",4,2.1942528823916,7
"HOXA-AS23","HOXA-AS2",2,3.31024951127819,7
"ABCD43","ABCD4",4,2.25837600243319,7
"ZNF5503","ZNF550",4,2.487488324205,7
"PLD43","PLD4",4,3.20527289773858,7
"PSMD103","PSMD10",5,2.18183636276495,7
"AC016831.43","AC016831.4",2,2.66633513384943,7
"ROR23","ROR2",5,2.98204051796947,7
"SPRED23","SPRED2",1,2.77971883243012,7
"ARMC93","ARMC9",5,2.8195265113845,7
"ALDH1L23","ALDH1L2",5,3.03554795552071,7
"MAD2L1BP3","MAD2L1BP",3,2.43686263817956,7
"NRBP23","NRBP2",1,2.37965885421932,7
"DNAJB43","DNAJB4",6,2.60532029409062,7
"IGFN13","IGFN1",6,3.07810010473289,7
"ORC63","ORC6",4,2.67410401372691,7
"REC83","REC8",4,2.53545344439323,7
"NOL113","NOL11",4,2.17479772775692,7
"CLEC7A3","CLEC7A",5,2.65208422206881,7
"TEX303","TEX30",5,2.27858515748846,7
"ZNF5133","ZNF513",5,2.38701395137068,7
"CUTC3","CUTC",5,2.15141595957127,7
"ARNTL4","ARNTL",5,2.10472386490095,7
"GPD1L3","GPD1L",3,3.07961310722958,7
"CDKN1C3","CDKN1C",1,3.28214761687661,7
"ABCB103","ABCB10",5,2.25635613939258,7
"TSPAN63","TSPAN6",1,2.75449286598858,7
"ZBTB7C3","ZBTB7C",3,2.76685025420478,7
"RPL23AP323","RPL23AP32",1,2.75748584969417,7
"ZDHHC123","ZDHHC12",3,2.4373190796745,7
"SNRNP253","SNRNP25",4,2.31759230976323,7
"IL18R13","IL18R1",4,2.74346308265582,7
"PROSER13","PROSER1",5,2.37360281290251,7
"TRIM693","TRIM69",4,2.60226964675168,7
"ATP10A3","ATP10A",5,2.82729123804201,7
"QSOX23","QSOX2",4,2.37475856537639,7
"RUVBL13","RUVBL1",5,2.4737680683805,7
"PIK3R33","PIK3R3",1,2.22811058667599,7
"SND1-IT13","SND1-IT1",4,2.59643714543661,7
"CCNF3","CCNF",4,2.19999972569947,7
"FKBP53","FKBP5",3,3.57702260710024,7
"TNFRSF10D3","TNFRSF10D",6,3.01486214733772,7
"TMEM86A3","TMEM86A",3,2.5595801209212,7
"LRR13","LRR1",4,2.24780911512607,7
"BCL2L123","BCL2L12",5,2.44550150449298,7
"PREX23","PREX2",6,2.95977407208338,7
"CD1093","CD109",5,3.21912333882062,7
"ANKRD33B3","ANKRD33B",4,2.52794577927833,7
"HMCN13","HMCN1",1,3.09059222018143,7
"NSUN5P13","NSUN5P1",3,2.21082091627988,7
"CNTN33","CNTN3",1,3.26933062695136,7
"FAM53B3","FAM53B",4,3.10811727308769,7
"LINC005113","LINC00511",7,2.88169283317401,7
"CTPS13","CTPS1",4,2.30260952333306,7
"NDUFAF13","NDUFAF1",3,2.28138796547084,7
"AL162595.13","AL162595.1",1,2.7608840902608,7
"PPP1R13B3","PPP1R13B",1,2.57850653739238,7
"PPP2R5A3","PPP2R5A",3,2.49116533771944,7
"AC135050.63","AC135050.6",1,2.40622194901382,7
"TMEM106A3","TMEM106A",2,2.49160241924478,7
"TEAD33","TEAD3",1,2.46908007985448,7
"DHRS123","DHRS12",3,2.5118286725699,7
"TMEM200B3","TMEM200B",1,2.84214682886748,7
"CTSF3","CTSF",3,2.44100797736951,7
"TRDN3","TRDN",2,3.5314278674578,7
"DNASE1L33","DNASE1L3",4,2.72742961398415,7
"LINC011163","LINC01116",5,2.50279891853332,7
"BBC33","BBC3",5,2.56865100802967,7
"DYNC2LI13","DYNC2LI1",1,2.84477728447149,7
"BCAR33","BCAR3",5,2.19912433157426,7
"HOMER13","HOMER1",6,2.12317080134665,7
"FRAT23","FRAT2",4,2.39946997242196,7
"ARAP33","ARAP3",1,3.21517642986328,7
"PEX133","PEX13",7,2.29207354679604,7
"BCAS13","BCAS1",2,2.5494786742911,7
"ZNF4413","ZNF441",2,2.4568411729873,7
"RASSF73","RASSF7",3,2.73733755287061,7
"B3GAT33","B3GAT3",1,2.33337801411276,7
"TENT4A3","TENT4A",6,2.06229576626085,7
"ITIH53","ITIH5",6,2.96911935779975,7
"ZNF1893","ZNF189",3,2.38210673252802,7
"UST3","UST",6,2.44313070243115,7
"TAP13","TAP1",4,3.46817263460456,7
"GEMIN83","GEMIN8",1,2.34493864149678,7
"FDX13","FDX1",3,2.2279907397926,7
"GAS2L33","GAS2L3",5,2.71477065965038,7
"PUS73","PUS7",5,2.21570203969429,7
"SMIM133","SMIM13",5,2.49913233972285,7
"CABLES13","CABLES1",1,2.56116403153438,7
"ZBTB143","ZBTB14",1,2.40815342185382,7
"KDR3","KDR",5,2.47686826625744,7
"ARHGEF53","ARHGEF5",1,2.59626997856369,7
"PRKD23","PRKD2",4,2.75534220238963,7
"FAIM4","FAIM",5,2.26300956353736,7
"SLCO4A13","SLCO4A1",6,3.15672616838861,7
"STARD43","STARD4",4,2.53134365473087,7
"MED313","MED31",4,2.18453460105068,7
"CCDC1683","CCDC168",1,2.47921225009078,7
"MYCT13","MYCT1",6,2.84248744570838,7
"FUCA23","FUCA2",5,2.67356112600233,7
"WDR453","WDR45",1,2.22415625245063,7
"TRIB13","TRIB1",6,2.9761429931828,7
"SIDT13","SIDT1",4,3.11988928213387,7
"NAA103","NAA10",3,2.51846166297829,7
"TBPL13","TBPL1",4,2.14605010397686,7
"OCRL3","OCRL",3,2.29732144392888,7
"CRACR2A3","CRACR2A",4,2.41129214832537,7
"MSC3","MSC",5,2.79780169642782,7
"NOP163","NOP16",7,2.52072349467092,7
"INTS133","INTS13",4,2.20552422453761,7
"NACC23","NACC2",2,2.48798937493754,7
"SCML13","SCML1",6,2.27812202731844,7
"TLCD53","TLCD5",1,2.46969825710444,7
"PLGRKT3","PLGRKT",5,2.43523433325353,7
"SLC30A63","SLC30A6",4,2.1491938000123,7
"ATP8A13","ATP8A1",4,3.51187460454594,7
"PLCL13","PLCL1",4,2.26646439604437,7
"AL158206.13","AL158206.1",2,2.1780918797292,7
"AC090559.23","AC090559.2",2,2.63205922686641,7
"MYO1F3","MYO1F",4,3.09168696593737,7
"OSM3","OSM",6,3.1468113177817,7
"FAM229B3","FAM229B",1,2.25976461514791,7
"MAP3K123","MAP3K12",1,3.14036870573873,7
"MSC-AS13","MSC-AS1",5,2.60578005987475,7
"MAGOHB3","MAGOHB",5,2.49176058754347,7
"ZNF3343","ZNF334",1,3.4484322341529,7
"SEMA3B3","SEMA3B",6,2.49025942035338,7
"MAP3K143","MAP3K14",4,2.69546213826162,7
"DPH23","DPH2",4,2.13476282359554,7
"ALDH18A13","ALDH18A1",5,2.54868587745198,7
"MTFR13","MTFR1",5,2.82925857377644,7
"GRPEL23","GRPEL2",5,2.48748630966484,7
"OXNAD13","OXNAD1",4,3.21410694866396,7
"SETD63","SETD6",2,2.03299435184583,7
"MED93","MED9",3,2.57197600170702,7
"DISC13","DISC1",6,2.4332278536075,7
"MRPS93","MRPS9",4,2.18113265595424,7
"MTURN3","MTURN",2,2.47747801750151,7
"XPO53","XPO5",7,2.23574183218522,7
"SLC29A13","SLC29A1",5,2.66225605476342,7
"PFKP3","PFKP",6,2.17401237932476,7
"BDH13","BDH1",3,2.80831185760683,7
"POLRMT3","POLRMT",4,2.30457989163413,7
"DIPK1B3","DIPK1B",1,2.84265617500361,7
"HSBP1L13","HSBP1L1",3,2.41930218923167,7
"FZD63","FZD6",5,2.56705892246752,7
"SGMS23","SGMS2",5,2.9649564321876,7
"GLA3","GLA",5,2.21264303737423,7
"COMMD83","COMMD8",4,2.71914982830449,7
"CEP1263","CEP126",1,2.85728774655117,7
"RNF1383","RNF138",4,2.2947164078493,7
"AC005906.23","AC005906.2",1,3.44248878015286,7
"TP53INP23","TP53INP2",3,2.43414784090609,7
"TRMT2B3","TRMT2B",4,2.52474477386372,7
"SIX53","SIX5",1,2.96961929752188,7
"FAM110B3","FAM110B",2,2.47265790261272,7
"GNPNAT13","GNPNAT1",3,2.5423456093707,7
"IRS13","IRS1",1,2.87824446884824,7
"NRGN3","NRGN",5,2.39854242149333,7
"MAP3K7CL3","MAP3K7CL",5,2.87445279138547,7
"RHEX3","RHEX",1,2.26400226586223,7
"NETO23","NETO2",5,2.60665565712163,7
"PLEKHF13","PLEKHF1",5,2.03392947405135,7
"SPAG163","SPAG16",6,2.32949858155934,7
"FAM199X3","FAM199X",5,2.3274917582769,7
"LRP123","LRP12",1,2.73902771330056,7
"ECT23","ECT2",5,2.75865744415465,7
"AP000915.23","AP000915.2",1,2.61853655726391,7
"ACP53","ACP5",4,2.7695672604612,7
"GRAMD43","GRAMD4",5,2.20692495715828,7
"FAP3","FAP",5,4.33758621428306,7
"LINC013593","LINC01359",1,2.73822496889075,7
"CGN3","CGN",7,3.22660737062656,7
"MAATS13","MAATS1",1,2.46032531652046,7
"PPFIA23","PPFIA2",2,2.83653377915409,7
"ZSCAN253","ZSCAN25",2,2.27222108263453,7
"AC026124.13","AC026124.1",1,2.68369973144835,7
"SLC50A13","SLC50A1",3,2.30276453129033,7
"ANGPT13","ANGPT1",6,2.4798733695803,7
"PGS13","PGS1",6,2.41169334658445,7
"SLC25A453","SLC25A45",4,2.64253262113312,7
"ADAM233","ADAM23",2,2.5481174509809,7
"AMOT3","AMOT",1,2.71677857610803,7
"IFRD23","IFRD2",3,2.30855530470468,7
"AC008105.33","AC008105.3",4,3.45500984975992,7
"PITPNM33","PITPNM3",1,3.43121013044247,7
"GAS6-AS13","GAS6-AS1",4,3.09335941486203,7
"DGKA3","DGKA",4,3.58976644370164,7
"PPP1R16A3","PPP1R16A",7,2.63295551437496,7
"DYNC1I13","DYNC1I1",1,3.17071896861853,7
"SAMD123","SAMD12",1,2.4135711470141,7
"NSMAF3","NSMAF",4,2.31557531407167,7
"AL021368.23","AL021368.2",1,2.6363352020454,7
"TACC23","TACC2",3,2.9200970377255,7
"MT-ND63","MT-ND6",2,3.18495289099318,7
"HCP53","HCP5",4,3.71194845600937,7
"SEMA3E3","SEMA3E",3,2.65536460565399,7
"FAM111B3","FAM111B",4,2.80785010826992,7
"GULP13","GULP1",1,3.36432733300639,7
"GPSM33","GPSM3",4,3.91886347503242,7
"INPP5E3","INPP5E",5,2.34709684890961,7
"LDHA3","LDHA",5,3.19732628152191,7
"ARHGAP203","ARHGAP20",1,2.61452992822277,7
"RAB153","RAB15",5,2.72470632671867,7
"AL021707.63","AL021707.6",4,2.85837590880863,7
"CTDP13","CTDP1",4,2.36626014186812,7
"FAM189B3","FAM189B",1,2.48349748921042,7
"TAL13","TAL1",6,2.55758658258585,7
"TNIP23","TNIP2",6,2.44075775451649,7
"CCDC153","CCDC15",3,2.82472514771522,7
"NCAM23","NCAM2",2,2.63185187618019,7
"AP4S13","AP4S1",1,2.87746893503372,7
"SLC31A13","SLC31A1",5,2.56622590611655,7
"NINJ13","NINJ1",6,2.60128809851538,7
"DRAIC3","DRAIC",3,2.78496605746087,7
"SNAI23","SNAI2",5,3.33041017965775,7
"HID13","HID1",3,3.05801239476892,7
"SHISAL2A3","SHISAL2A",4,3.66150908424693,7
"PPIH3","PPIH",4,2.20595074538603,7
"PRR113","PRR11",7,2.7048216008028,7
"KLC43","KLC4",1,2.50677510561873,7
"MIPOL13","MIPOL1",1,2.70551418107011,7
"STARD83","STARD8",6,2.69835721331515,7
"TRIM53","TRIM5",1,2.57769669989275,7
"PGAM53","PGAM5",5,2.23473853919566,7
"RGS143","RGS14",4,3.0628558947273,7
"DCTN1-AS13","DCTN1-AS1",7,2.7774639308818,7
"GPRC5C3","GPRC5C",3,2.58278217416297,7
"NXPH33","NXPH3",1,2.78062825609588,7
"TSNAX3","TSNAX",3,2.21542631501194,7
"RAB3IL13","RAB3IL1",6,2.9345881085212,7
"DKK33","DKK3",5,3.1712585028972,7
"UNC13B3","UNC13B",1,2.96032270060406,7
"CADM43","CADM4",1,3.15763436279913,7
"DBNDD13","DBNDD1",3,2.5727044272158,7
"CDCA7L3","CDCA7L",1,2.76931256574718,7
"BEX23","BEX2",1,2.70719727891127,7
"AC006504.73","AC006504.7",4,2.67050516493837,7
"CYP4F33","CYP4F3",7,2.768689249056,7
"SPAG53","SPAG5",4,2.70942233688306,7
"FCHSD13","FCHSD1",4,2.613404665424,7
"PLAGL13","PLAGL1",1,3.29464203764783,7
"AC116667.13","AC116667.1",5,2.5468304834797,7
"ROBO33","ROBO3",1,2.32273373580606,7
"FGD23","FGD2",4,3.5647237904626,7
"ZNF7113","ZNF711",1,3.54862121008303,7
"AC124852.13","AC124852.1",2,2.47889941349073,7
"ITGA83","ITGA8",1,2.28040695141635,7
"TBC1D22B3","TBC1D22B",1,2.37611339460213,7
"CDC42-IT13","CDC42-IT1",4,2.51364493234779,7
"LUZP23","LUZP2",1,2.42295871969252,7
"UBA23","UBA2",1,2.12191313482202,7
"CASZ13","CASZ1",7,3.35617103199367,7
"CSRNP33","CSRNP3",1,2.9647640229511,7
"MNDA3","MNDA",4,2.6690944658873,7
"PHLDA13","PHLDA1",6,2.77633717154534,7
"MTERF33","MTERF3",5,2.10963316590246,7
"TDP13","TDP1",4,2.48653265864095,7
"KDM1B3","KDM1B",1,2.31456894716513,7
"HSD17B63","HSD17B6",5,3.74564186279664,7
"AUH3","AUH",1,2.34831799556388,7
"FAT33","FAT3",7,2.6282294431766,7
"PFKM3","PFKM",1,2.83256408281403,7
"KALRN3","KALRN",1,3.23486715557874,7
"LINC003243","LINC00324",4,2.58361175005527,7
"CALHM53","CALHM5",5,3.12464403989536,7
"P2RX13","P2RX1",4,2.80549951256374,7
"FBXL223","FBXL22",5,2.41153499076735,7
"TBL23","TBL2",3,2.22214351551671,7
"RASIP13","RASIP1",6,3.20349480974312,7
"KRT103","KRT10",5,2.79291547865923,7
"CHST33","CHST3",5,2.46329487378398,7
"Z95114.13","Z95114.1",7,2.43662151041978,7
"AGAP23","AGAP2",4,3.06361484571213,7
"ZNF529-AS13","ZNF529-AS1",1,2.92992989888388,7
"NABP23","NABP2",5,2.5526810532968,7
"ISOC13","ISOC1",3,2.21309840382835,7
"MUC163","MUC16",7,3.22972503052589,7
"HLA-DQA13","HLA-DQA1",4,3.35440251465001,7
"JMJD43","JMJD4",4,2.30055472853992,7
"SIAH13","SIAH1",5,2.39990999425531,7
"CHEK13","CHEK1",4,2.53824576637513,7
"NSRP1P13","NSRP1P1",1,2.36041048020502,7
"L3HYPDH3","L3HYPDH",5,2.3300145775688,7
"P2RX73","P2RX7",4,2.77666210375852,7
"LSR3","LSR",7,2.43336915494271,7
"PLA2G4C3","PLA2G4C",4,2.50906960699511,7
"MLF13","MLF1",6,2.4522743006958,7
"KLHL123","KLHL12",3,2.27630805473909,7
"GAB33","GAB3",4,3.05144089548773,7
"RHBDD13","RHBDD1",4,2.37049540471895,7
"TTC83","TTC8",1,2.64529362102697,7
"MEG93","MEG9",1,2.81804048016142,7
"RIPK33","RIPK3",4,2.94385464805456,7
"ACAA23","ACAA2",5,2.91301151015968,7
"MSTO13","MSTO1",5,2.19280653838812,7
"CYP26B13","CYP26B1",5,2.49214047761582,7
"GSR3","GSR",5,2.56127405490085,7
"NUP433","NUP43",3,2.21842448950586,7
"ZC2HC1C3","ZC2HC1C",7,2.76217405130908,7
"FAM92A3","FAM92A",5,2.27314542418708,7
"MYEF23","MYEF2",7,2.79295135463398,7
"ZFPM23","ZFPM2",5,2.66740014924084,7
"GPHN3","GPHN",2,2.11534011904083,7
"GABPB13","GABPB1",6,2.17124532747774,7
"ZNF75D3","ZNF75D",4,2.55747040295263,7
"RALGPS23","RALGPS2",4,2.93412841483154,7
"TUSC13","TUSC1",5,2.36879648300419,7
"SLC25A333","SLC25A33",7,2.45072829230272,7
"NOD23","NOD2",4,2.88268452142022,7
"SPINT23","SPINT2",7,3.388354541417,7
"SLC25A423","SLC25A42",4,2.77502255495068,7
"NEMP13","NEMP1",4,2.38091618456132,7
"MTHFD23","MTHFD2",7,2.46301177010038,7
"NRXN13","NRXN1",1,2.35970287235903,7
"ACAT23","ACAT2",5,2.26196694668664,7
"SLC41A13","SLC41A1",1,2.13644483793337,7
"AC124947.13","AC124947.1",7,2.50403994459044,7
"PCDH123","PCDH12",5,2.91361224122695,7
"PRC13","PRC1",5,2.62280173591834,7
"MTHFD2L3","MTHFD2L",3,2.28970111344159,7
"UNC1193","UNC119",4,2.64005921385916,7
"SEMA3A3","SEMA3A",5,2.34913363157627,7
"GEMIN63","GEMIN6",3,2.1630574205125,7
"C1QTNF13","C1QTNF1",5,2.74333717319033,7
"TNFRSF43","TNFRSF4",4,2.94318982972597,7
"BET13","BET1",1,2.30189054509274,7
"GLI23","GLI2",2,2.78748398025689,7
"SLC25A253","SLC25A25",6,3.35928542452697,7
"PANX13","PANX1",5,2.60380728506501,7
"DENND5B3","DENND5B",4,2.57578949290258,7
"TCEA23","TCEA2",1,2.82000799588527,7
"FANCM3","FANCM",2,2.85622510970599,7
"ZNRF23","ZNRF2",4,2.2313292860774,7
"EPHA23","EPHA2",6,2.82004331459409,7
"C2orf27A3","C2orf27A",5,2.85205204180989,7
"GFI13","GFI1",4,3.42892797751203,7
"PRKX3","PRKX",4,2.60050413688194,7
"TTF23","TTF2",4,2.53590760255289,7
"CAMK2B3","CAMK2B",1,3.1207047044996,7
"EED3","EED",1,2.63524716905672,7
"FANCI3","FANCI",4,2.89379018990686,7
"AC010226.13","AC010226.1",2,2.60233683485,7
"AL683813.23","AL683813.2",1,2.53358062082793,7
"ALKAL23","ALKAL2",6,2.44865948630675,7
"METTL153","METTL15",3,2.15071297434756,7
"C9orf643","C9orf64",5,2.25882190697723,7
"BUD133","BUD13",1,2.32266828466726,7
"SCNN1B3","SCNN1B",3,2.86592860480559,7
"PPP2R3A3","PPP2R3A",1,2.4494434713197,7
"EXTL33","EXTL3",5,2.54770650945416,7
"SLC24A33","SLC24A3",1,2.7285876700354,7
"KREMEN13","KREMEN1",1,2.66551519382123,7
"TAF5L3","TAF5L",5,2.21177500640389,7
"RERGL3","RERGL",6,2.4219145627973,7
"PHF5A3","PHF5A",1,2.12302539048803,7
"EAF13","EAF1",5,2.31778845746312,7
"AL356273.63","AL356273.6",6,2.70352611240882,7
"RSPH33","RSPH3",1,2.22001471466545,7
"DNAJB13","DNAJB1",6,2.59346056170096,7
"HCCS3","HCCS",5,2.31433482799732,7
"FADS13","FADS1",5,2.63336104261843,7
"TOR1A3","TOR1A",5,2.3150265825646,7
"OLFM13","OLFM1",6,2.97886410842748,7
"MAP73","MAP7",7,3.25023638531066,7
"SOCS53","SOCS5",6,2.40362035099733,7
"AC092807.43","AC092807.4",5,2.64610565158976,7
"BYSL3","BYSL",7,2.51688468695682,7
"FLYWCH13","FLYWCH1",1,2.29864947003481,7
"ADAMTSL43","ADAMTSL4",6,3.19447622276136,7
"RNF53","RNF5",4,2.18837726725745,7
"CD300LF3","CD300LF",4,2.84943900794571,7
"EOGT3","EOGT",5,2.69034504386642,7
"DNMBP3","DNMBP",1,2.53264029637576,7
"C3orf623","C3orf62",5,2.10790772393308,7
"PHLPP13","PHLPP1",1,2.38668943289259,7
"RIOK23","RIOK2",5,2.17494232306933,7
"SAMD113","SAMD11",6,2.65902572434777,7
"AC004918.13","AC004918.1",5,2.48575252175655,7
"AL390728.43","AL390728.4",4,2.86862380833332,7
"CYYR13","CYYR1",1,2.39266292321854,7
"WNT113","WNT11",6,3.05636282576337,7
"CKS1B3","CKS1B",5,2.43152532496884,7
"YPEL43","YPEL4",1,2.81363644422337,7
"ARHGEF153","ARHGEF15",6,3.00393515293881,7
"AC018500.13","AC018500.1",2,3.55789608253448,7
"KRT6A3","KRT6A",5,2.67488735424925,7
"GSTCD3","GSTCD",1,2.1726828387236,7
"NDUFAF63","NDUFAF6",1,2.23041689935251,7
"AL356534.13","AL356534.1",1,3.01907703605896,7
"NT5DC33","NT5DC3",3,2.2217835879798,7
"CDCA53","CDCA5",5,2.90534009809524,7
"IGFL23","IGFL2",5,2.84361715654204,7
"RTTN3","RTTN",6,2.22726215696898,7
"RNF63","RNF6",3,2.38932369335202,7
"ARMCX23","ARMCX2",1,2.6372699985756,7
"SYK3","SYK",4,3.31151039553103,7
"RNF433","RNF43",7,2.73317520281406,7
"ONECUT23","ONECUT2",7,2.23165214802188,7
"MRPL243","MRPL24",3,2.3868156156171,7
"ARPIN3","ARPIN",5,2.41281741179681,7
"USP213","USP21",1,2.5669330373529,7
"LYSMD23","LYSMD2",4,2.95213351323057,7
"CDKN2C3","CDKN2C",1,3.02144916013177,7
"TTLL73","TTLL7",3,2.16037978555016,7
"WDR663","WDR66",1,2.70094113257961,7
"STARD93","STARD9",1,2.90494931718471,7
"ST3GAL43","ST3GAL4",5,2.58087602260314,7
"FRY3","FRY",1,2.31479242341373,7
"CR381670.13","CR381670.1",2,2.96637702894323,7
"AC011379.23","AC011379.2",1,2.68966130807851,7
"CARD63","CARD6",6,2.51805763486751,7
"SUSD23","SUSD2",5,2.29769944611174,7
"AL035071.13","AL035071.1",1,2.24088407603055,7
"SNORD133","SNORD13",4,2.99417493370861,7
"BCKDHB3","BCKDHB",1,2.3446075299366,7
"PIGL3","PIGL",4,2.28277561798075,7
"RNF1663","RNF166",4,2.95323144964753,7
"TRPV23","TRPV2",4,2.90605389206053,7
"MOB3B3","MOB3B",1,3.27077277422402,7
"APLNR3","APLNR",6,2.51066889369648,7
"EID23","EID2",2,2.32273229529346,7
"AC006504.53","AC006504.5",4,2.23584244837255,7
"NRP23","NRP2",5,3.18515310651956,7
"ADM53","ADM5",6,2.97403704546543,7
"ZNF2083","ZNF208",2,2.54527713118145,7
"PCBP43","PCBP4",1,3.07494421184435,7
"BTBD33","BTBD3",1,2.55356478194766,7
"AOC33","AOC3",6,3.46840118839123,7
"ANK23","ANK2",6,3.93343814398227,7
"PDIK1L3","PDIK1L",4,2.23365082095432,7
"TESK13","TESK1",5,2.1751228788305,7
"SMIM103","SMIM10",6,2.51477205952334,7
"TMEM2043","TMEM204",1,2.87439177270037,7
"CDC203","CDC20",5,2.9341149416616,7
"MSRA3","MSRA",1,2.59142645293431,7
"MFSD53","MFSD5",5,3.01005745794599,7
"TMEM983","TMEM98",1,2.96989956464357,7
"UCK23","UCK2",5,2.39650003592098,7
"RBM4B3","RBM4B",1,2.24211511459058,7
"LINC008943","LINC00894",2,2.84687335238659,7
"RPRD1A3","RPRD1A",1,2.41552384688715,7
"CDKL53","CDKL5",5,2.47385980435601,7
"ALG143","ALG14",1,2.16133169849806,7
"KRIT13","KRIT1",2,2.21458962423905,7
"COA63","COA6",7,2.23072192395145,7
"RAPGEF63","RAPGEF6",4,2.86511461285891,7
"JAM33","JAM3",1,2.72964243181691,7
"ASCC23","ASCC2",5,2.11174379691845,7
"ZNF542P3","ZNF542P",1,2.2519789243963,7
"WDR53","WDR5",6,2.22245042599035,7
"ARVCF3","ARVCF",1,2.44441967717478,7
"TSPAN333","TSPAN33",4,3.08860610187735,7
"AC130895.13","AC130895.1",1,2.30006137028953,7
"TXNDC173","TXNDC17",5,2.89031565002818,7
"TRAM2-AS13","TRAM2-AS1",1,2.38343891233515,7
"CREB53","CREB5",6,3.31170471957241,7
"RPL11P33","RPL11P3",5,2.16133379114234,7
"GEMIN43","GEMIN4",3,2.21888418275445,7
"GATB3","GATB",4,2.11373563424102,7
"VPS9D13","VPS9D1",4,2.22160187638329,7
"ARAF3","ARAF",3,2.55463065222817,7
"MALINC13","MALINC1",2,2.46732949868558,7
"PSD43","PSD4",4,3.43359963261528,7
"RAD51AP13","RAD51AP1",4,2.61485236173849,7
"UBXN2B3","UBXN2B",5,2.49872597118827,7
"NEK113","NEK11",1,2.49867499781842,7
"FMC13","FMC1",3,2.23279253851416,7
"MYCBP3","MYCBP",3,2.07667908616117,7
"ZFYVE283","ZFYVE28",4,2.25082684237237,7
"RNF1223","RNF122",6,3.253796159502,7
"WDR893","WDR89",4,2.25182833278641,7
"UNC13D3","UNC13D",4,3.13488922248335,7
"SLC22A233","SLC22A23",3,2.36335476289154,7
"GLE13","GLE1",4,2.29880991273565,7
"AL357568.23","AL357568.2",2,2.33458185524818,7
"ACYP13","ACYP1",1,2.3685276123408,7
"ABCA33","ABCA3",3,3.61398130304233,7
"WIPF33","WIPF3",1,2.92845623082639,7
"FCGR2B3","FCGR2B",5,2.65650584948014,7
"RP9P3","RP9P",1,2.55849820472458,7
"GEN13","GEN1",4,2.97280198363208,7
"PRF13","PRF1",4,3.31160353365114,7
"DUSP143","DUSP14",5,2.45442985475496,7
"TSPAN323","TSPAN32",4,3.50897398355597,7
"PLEK3","PLEK",4,3.63917990673985,7
"KIF143","KIF14",7,2.49516996322526,7
"ACKR23","ACKR2",6,2.39138324260475,7
"LINC023283","LINC02328",4,2.73430662258726,7
"LINC008473","LINC00847",4,2.56315457756622,7
"VASH23","VASH2",1,3.1288017573697,7
"MPP13","MPP1",6,2.44626807436541,7
"FANCL3","FANCL",1,2.68621822554107,7
"RAB40B3","RAB40B",1,2.75132388265333,7
"RAB233","RAB23",5,3.49487329173818,7
"LONRF13","LONRF1",1,3.13491507720912,7
"GNAO13","GNAO1",1,2.52456339749637,7
"TRAPPC2L3","TRAPPC2L",4,2.29699047341878,7
"TDRD103","TDRD10",6,2.61829170908918,7
"C5orf223","C5orf22",5,2.18332105066347,7
"COA73","COA7",5,2.31981579939726,7
"PIGW3","PIGW",3,2.13833283839915,7
"ASTN13","ASTN1",1,3.04500105020042,7
"PPFIBP23","PPFIBP2",1,2.18823523748802,7
"SPACA63","SPACA6",1,2.33501372256396,7
"SLC37A13","SLC37A1",4,2.37547500732171,7
"BRCA23","BRCA2",4,3.12009462992837,7
"ARHGEF193","ARHGEF19",1,2.72548035014192,7
"DENND4C3","DENND4C",1,2.44543963432399,7
"PLCD33","PLCD3",5,2.44138317750437,7
"KCNN33","KCNN3",1,2.16367799509459,7
"NSMCE23","NSMCE2",5,2.37542657499464,7
"NFKBIE3","NFKBIE",4,2.92442468072903,7
"H2BC20P3","H2BC20P",4,2.72474152846586,7
"GRASP3","GRASP",6,3.46745079458609,7
"SAYSD13","SAYSD1",5,2.23680801235898,7
"ZBTB53","ZBTB5",4,2.29330827199894,7
"ZNF4233","ZNF423",6,2.77794436995695,7
"GPRC5B3","GPRC5B",3,2.45772101759212,7
"TMEM30B3","TMEM30B",3,2.64338855490099,7
"PKN33","PKN3",6,2.47349521475471,7
"BAIAP2L13","BAIAP2L1",7,2.49553917641099,7
"CAD3","CAD",1,2.09655146903421,7
"KLHDC13","KLHDC1",1,2.51361357974731,7
"SLC39A113","SLC39A11",3,2.61216896530694,7
"PHKG23","PHKG2",4,2.19291759390865,7
"WDR273","WDR27",1,3.04889987277598,7
"SECTM13","SECTM1",6,2.80104535154112,7
"KL3","KL",1,2.6776666238037,7
"IGHA24","IGHA2",6,4.23641878998787,8
"AC092069.14","AC092069.1",7,8.41328234175475,8
"IGHG44","IGHG4",1,3.71006948102209,8
"MUCL14","MUCL1",4,9.98967581834673,8
"PIP4","PIP",4,8.97842464492673,8
"FDCSP4","FDCSP",1,4.82524957798477,8
"COL11A14","COL11A1",3,6.52715832355667,8
"IGLC74","IGLC7",8,3.18354541910425,8
"IGLC34","IGLC3",2,4.58792400810472,8
"IGHG14","IGHG1",2,3.53722515557084,8
"HLA-DRB54","HLA-DRB5",7,2.6412765640862,8
"MTND3P194","MTND3P19",8,2.51852371709887,8
"IGHG34","IGHG3",2,5.27994356908517,8
"CXCL94","CXCL9",1,6.74120289791406,8
"IGHGP4","IGHGP",2,4.14209742730715,8
"DHRS24","DHRS2",4,8.37079857778799,8
"MMP94","MMP9",1,4.3081845542276,8
"IGLC24","IGLC2",2,5.58023033999929,8
"ANKRD30A4","ANKRD30A",8,4.72023712780741,8
"SCGB2A24","SCGB2A2",8,5.34519259812295,8
"MMP134","MMP13",3,4.98519428634247,8
"ALOX15B4","ALOX15B",4,8.12534830552561,8
"CXCL134","CXCL13",1,5.85261575974206,8
"COL10A14","COL10A1",3,6.1327789236018,8
"UGT2B114","UGT2B11",4,8.02446843874144,8
"MS4A14","MS4A1",1,6.64404737059969,8
"COMP4","COMP",3,5.48573389434899,8
"CXCL104","CXCL10",1,4.77945782091458,8
"KRT814","KRT81",3,4.06913121303754,8
"MMP114","MMP11",3,5.53488201122331,8
"PIGR4","PIGR",8,5.68012633954499,8
"PENK4","PENK",5,5.75101352087145,8
"MMP74","MMP7",3,4.16985861173403,8
"MMP110","MMP1",3,4.42186729122408,8
"CCL194","CCL19",1,5.31512376148305,8
"HLA-DRB64","HLA-DRB6",1,2.63495192659981,8
"TAC14","TAC1",6,3.83205176946375,8
"KRT154","KRT15",8,6.57953235402944,8
"PLA2G2A4","PLA2G2A",6,5.54251684926824,8
"LTF4","LTF",8,4.11031040553129,8
"CALML54","CALML5",8,3.19886174814605,8
"LRRC154","LRRC15",3,5.40200982577844,8
"AC008440.14","AC008440.1",7,5.4551939164734,8
"IGHG24","IGHG2",2,3.34044610649717,8
"SPP14","SPP1",3,4.7633245265488,8
"ADH1B4","ADH1B",6,5.57404298681033,8
"DLK14","DLK1",5,4.99870834382106,8
"HMGCS24","HMGCS2",4,6.91827818458009,8
"PI164","PI16",6,4.97756897564372,8
"HBB4","HBB",6,4.83860999729462,8
"SLPI4","SLPI",8,4.79850790097987,8
"AKR1B154","AKR1B15",4,7.29712906483695,8
"TFF34","TFF3",4,4.83943392053412,8
"KRT194","KRT19",8,4.57688074688895,8
"FNDC14","FNDC1",3,5.58070587569936,8
"AC022784.14","AC022784.1",5,3.17553550095686,8
"SERHL24","SERHL2",4,6.98035534015654,8
"AZGP14","AZGP1",4,5.81432424542514,8
"KRT144","KRT14",8,4.95713245003468,8
"LINC009934","LINC00993",8,3.87344423674838,8
"DCX4","DCX",5,5.79407205823694,8
"SCGB1D24","SCGB1D2",8,4.41882596459129,8
"GJB24","GJB2",3,4.90717876026248,8
"HLA-DQA24","HLA-DQA2",1,2.78444532622042,8
"VEGFD4","VEGFD",5,4.67770132878602,8
"GABRP4","GABRP",8,5.8258328156931,8
"ACSM14","ACSM1",4,6.67557591039954,8
"IGHD4","IGHD",2,3.29071582715319,8
"RPL104","RPL10",2,5.15139536495099,8
"AC104984.44","AC104984.4",1,5.20810997302905,8
"CRABP14","CRABP1",5,3.71077174102121,8
"GSTM54","GSTM5",4,5.28501710314379,8
"CCL214","CCL21",6,4.27634552561485,8
"CEMIP4","CEMIP",3,4.24924703886767,8
"ALX44","ALX4",5,5.86701496885721,8
"MMP34","MMP3",3,3.45436921964699,8
"UGT2B284","UGT2B28",4,6.64253457230753,8
"CR24","CR2",1,4.33534423918291,8
"CCR74","CCR7",1,5.65783662413837,8
"HBA24","HBA2",6,4.2668419807817,8
"CCL184","CCL18",1,3.80215744867757,8
"AC137932.34","AC137932.3",7,5.31320206478465,8
"SCARA54","SCARA5",6,3.85431521905795,8
"IL64","IL6",6,6.91420521803088,8
"FABP44","FABP4",6,4.20103256251811,8
"FOXA14","FOXA1",4,5.89666907298548,8
"ALDH3B24","ALDH3B2",4,7.03158463040468,8
"S100A84","S100A8",6,5.29076618171482,8
"KRT6B4","KRT6B",8,4.26730286262724,8
"OLR14","OLR1",3,4.08148123612255,8
"AGR24","AGR2",8,4.5840526668655,8
"CXCL18","CXCL1",6,5.16573357736536,8
"CLDN44","CLDN4",8,4.81865064374333,8
"LYVE14","LYVE1",6,4.76659954585885,8
"SELE4","SELE",6,5.31310727959228,8
"GPC34","GPC3",6,4.17203465140736,8
"ELF54","ELF5",8,5.1545143117739,8
"FOSB4","FOSB",6,5.43363261281296,8
"OXTR4","OXTR",8,4.41465792149908,8
"PLIN14","PLIN1",7,3.16379144331937,8
"SBSPON4","SBSPON",5,4.31693824271482,8
"ANKRD20A11P4","ANKRD20A11P",5,4.81477548948518,8
"CXCL114","CXCL11",1,4.25998730356413,8
"INHBA4","INHBA",3,5.47387700752904,8
"MIR205HG4","MIR205HG",8,5.56024853462196,8
"LTB4","LTB",1,6.16887188759345,8
"S100A24","S100A2",3,3.45853082452807,8
"PTGS24","PTGS2",6,5.11316778706486,8
"HBA14","HBA1",6,4.42097623669638,8
"IGHM4","IGHM",1,4.70450893382999,8
"CCL284","CCL28",8,5.64626391418229,8
"KRT54","KRT5",8,5.01769533532734,8
"PTX34","PTX3",6,5.10487228210364,8
"TFAP2B4","TFAP2B",4,5.43836180335855,8
"PI154","PI15",8,4.03581566301827,8
"ABCC114","ABCC11",4,6.97794247911434,8
"CAPN64","CAPN6",5,5.19704391822259,8
"ACTG24","ACTG2",8,4.15713017427538,8
"THBS44","THBS4",5,3.3830687689485,8
"S100A144","S100A14",8,4.24131621743482,8
"HPGD4","HPGD",4,5.29946542125028,8
"LONRF24","LONRF2",5,4.44999059221926,8
"EDIL34","EDIL3",3,4.11523961345454,8
"CLDN34","CLDN3",4,5.47537628502126,8
"FCGR3A4","FCGR3A",3,4.3321568050127,8
"NR4A34","NR4A3",6,5.90120719147082,8
"CD79A4","CD79A",1,4.97505034675448,8
"FCRL54","FCRL5",1,4.90589330505441,8
"HPSE24","HPSE2",5,4.63605075859821,8
"SPDEF4","SPDEF",4,6.00754196060831,8
"CD244","CD24",8,4.13870252245377,8
"SELL4","SELL",1,4.82627495552853,8
"S100A15","S100A1",8,3.88838647549881,8
"VTCN14","VTCN1",8,4.99007023551335,8
"KRT174","KRT17",8,4.84505806736729,8
"PLIN44","PLIN4",7,3.37254596838472,8
"COL17A14","COL17A1",8,4.39544923324488,8
"ADIPOQ4","ADIPOQ",7,3.83262589249917,8
"S100A94","S100A9",6,4.89130464567421,8
"ELF34","ELF3",8,4.37513120229001,8
"COL8A14","COL8A1",3,4.92824491452919,8
"COL6A64","COL6A6",5,4.13692254154654,8
"CLDN15","CLDN1",4,3.76480078824769,8
"TAT4","TAT",4,3.39777475560184,8
"PRG44","PRG4",6,4.78687597114582,8
"MMRN14","MMRN1",6,3.79698837722888,8
"CHI3L14","CHI3L1",8,3.0889188373352,8
"AREG4","AREG",8,3.16739665940596,8
"LINC008614","LINC00861",1,4.78014063493989,8
"WIF14","WIF1",7,3.6268592361022,8
"C74","C7",6,4.96046958064807,8
"ABCA104","ABCA10",5,4.60514244948806,8
"ZG16B4","ZG16B",8,5.09353197941161,8
"BANK14","BANK1",1,5.33484451536515,8
"WFDC24","WFDC2",8,5.1759755310341,8
"AKR1C24","AKR1C2",4,4.41853189056962,8
"NIBAN34","NIBAN3",1,4.73516872955773,8
"TIGIT4","TIGIT",1,5.3601271395909,8
"KRT74","KRT7",4,4.67225384756217,8
"LAMP34","LAMP3",1,4.5211886700992,8
"GFRA14","GFRA1",6,3.62824286061914,8
"SOCS34","SOCS3",6,6.25415016103977,8
"KIF26B4","KIF26B",3,4.83467795107251,8
"TNN4","TNN",5,4.05074179582848,8
"STC24","STC2",8,4.37163130173588,8
"GBP54","GBP5",1,4.70821524736114,8
"FREM14","FREM1",5,4.81980322097845,8
"APOC14","APOC1",2,3.36933776817308,8
"POU2AF14","POU2AF1",1,3.71398109777902,8
"CILP24","CILP2",3,4.35972056033367,8
"EPCAM4","EPCAM",4,4.4949832522556,8
"PROM14","PROM1",8,4.78471817050709,8
"ECRG44","ECRG4",8,3.31235362994006,8
"S100P4","S100P",3,3.53552960030417,8
"SCN7A4","SCN7A",5,3.15375509333593,8
"ADAMDEC14","ADAMDEC1",1,4.61165787061159,8
"KLK54","KLK5",8,4.36335238200818,8
"SCGB3A14","SCGB3A1",4,4.37826494494541,8
"MZB14","MZB1",1,3.6914853451549,8
"RASD14","RASD1",6,4.51486221106579,8
"MAL24","MAL2",4,4.00410817042738,8
"LEPR4","LEPR",6,4.32257607676515,8
"CD300LG4","CD300LG",5,4.00405763437072,8
"OGN4","OGN",7,4.19965006322858,8
"MKI674","MKI67",1,4.36874573205785,8
"ITGB64","ITGB6",8,4.21705600135972,8
"TCL1A4","TCL1A",1,4.68163590925565,8
"CD224","CD22",1,4.32534072306533,8
"ZBTB164","ZBTB16",7,3.28631346973379,8
"FCMR4","FCMR",1,5.22982618424413,8
"AL354740.14","AL354740.1",7,5.35890403249927,8
"TMEM59L4","TMEM59L",5,4.96121859334721,8
"G0S24","G0S2",6,4.0729593867789,8
"AC009107.24","AC009107.2",1,4.79662526937069,8
"C2CD4B4","C2CD4B",6,4.81476194709594,8
"IL324","IL32",2,4.05930558527364,8
"CXCL84","CXCL8",6,4.39769337989004,8
"STRA64","STRA6",5,4.33207346995162,8
"HSPB64","HSPB6",6,4.30418309556473,8
"STAC24","STAC2",8,4.06387416746159,8
"AL391097.34","AL391097.3",7,4.73076194846688,8
"NR4A24","NR4A2",6,5.34325697372067,8
"ADCYAP14","ADCYAP1",6,3.37927852060388,8
"CXCL24","CXCL2",6,6.28770788915955,8
"ANKRD36BP24","ANKRD36BP2",1,3.87378196237811,8
"MPV17L4","MPV17L",4,5.25775612260611,8
"IL4I14","IL4I1",1,3.34635142229947,8
"TNFRSF13C4","TNFRSF13C",1,4.54765240077505,8
"MT1A4","MT1A",6,5.17853896679983,8
"CHIT14","CHIT1",2,2.93444608456779,8
"TFF14","TFF1",7,3.06986277485673,8
"KIAA13244","KIAA1324",4,4.3918820512129,8
"RNU6-826P4","RNU6-826P",2,3.27673265021699,8
"ADAM334","ADAM33",5,4.51920182046526,8
"GPC64","GPC6",3,4.24008957349858,8
"PAX54","PAX5",1,4.56953150365153,8
"CLDN84","CLDN8",4,4.97381028844412,8
"CDH15","CDH1",4,4.34132018279395,8
"FABP74","FABP7",4,3.98918287923436,8
"TACSTD24","TACSTD2",8,5.05271909348162,8
"TOP2A4","TOP2A",1,4.5021883155482,8
"CCL134","CCL13",6,3.33428822158091,8
"MUC14","MUC1",4,5.29420098284346,8
"LAMC34","LAMC3",5,4.4219898846406,8
"DES4","DES",7,2.78371437635576,8
"APOD4","APOD",5,4.00443917401486,8
"RPS184","RPS18",2,4.18976174650428,8
"SOX114","SOX11",3,3.91278254035414,8
"RNU6-618P4","RNU6-618P",5,3.00318940337251,8
"IDO14","IDO1",1,4.14638355856674,8
"CFD4","CFD",6,5.4545472289895,8
"DSC34","DSC3",8,4.25438064377761,8
"LCK4","LCK",1,4.45329436254029,8
"PEG104","PEG10",8,3.47424798363896,8
"SAA14","SAA1",6,3.89601883956721,8
"GALNT164","GALNT16",5,4.71243856867593,8
"LPL4","LPL",5,3.55762072353356,8
"MTND1P234","MTND1P23",7,2.45729805910251,8
"LAMP54","LAMP5",3,3.4122221032362,8
"KRT234","KRT23",8,3.61894827648282,8
"TFAP2A4","TFAP2A",4,4.23233842369509,8
"GZMK4","GZMK",1,4.06927449718922,8
"TRBC14","TRBC1",1,4.86040533634425,8
"MLPH4","MLPH",4,4.7000560384953,8
"GZMB4","GZMB",1,3.69528947315313,8
"CCN44","CCN4",3,4.39363573550411,8
"RPS264","RPS26",2,4.23527053555509,8
"TRAC4","TRAC",1,4.11909805063529,8
"SLAMF84","SLAMF8",1,3.77360317817149,8
"CYP2B7P4","CYP2B7P",4,4.17151758373961,8
"EIF5A4","EIF5A",2,3.87618541041468,8
"CHRDL14","CHRDL1",6,4.57166650840981,8
"LINC009264","LINC00926",1,4.0340664279621,8
"FASN4","FASN",4,5.46344930681749,8
"DIO24","DIO2",5,3.30960279979224,8
"CNTN14","CNTN1",5,4.70940476069811,8
"RELN4","RELN",5,4.43170610032241,8
"TMEM1584","TMEM158",3,3.88584972243383,8
"AARD4","AARD",8,3.48802128108511,8
"FAM30A4","FAM30A",1,3.60382905170666,8
"IGSF104","IGSF10",5,4.36171892263549,8
"CCL224","CCL22",1,3.37030408197726,8
"PDGFD4","PDGFD",5,4.64590661362352,8
"TRIM294","TRIM29",8,4.87861344126252,8
"P2RY104","P2RY10",1,5.08880204531979,8
"KLK74","KLK7",8,3.92325573920207,8
"RSAD24","RSAD2",1,2.8376068902749,8
"SPIB4","SPIB",1,4.77358838997465,8
"TPSB24","TPSB2",5,2.8593871100552,8
"CTSG4","CTSG",6,3.71915231275113,8
"PTGFR4","PTGFR",6,4.40991262606816,8
"HLF4","HLF",5,3.00724856728191,8
"SPINK84","SPINK8",4,6.09116222397602,8
"CD3D4","CD3D",1,4.27584312663076,8
"ABCA84","ABCA8",6,3.8998669420198,8
"MAB21L14","MAB21L1",5,4.35684685174906,8
"BTNL94","BTNL9",5,4.04317636785819,8
"ADAMTS84","ADAMTS8",5,3.81639106512638,8
"CCL3L34","CCL3L3",1,2.77180324892152,8
"TFCP2L14","TFCP2L1",8,4.66100320030237,8
"TFAP2C4","TFAP2C",8,4.89791831668573,8
"ABCA94","ABCA9",5,4.16273958112877,8
"IRF84","IRF8",2,3.75993325603014,8
"ADGRD24","ADGRD2",8,3.85018398947684,8
"GNLY4","GNLY",1,3.90580122676292,8
"MEDAG4","MEDAG",6,5.31339893276421,8
"IGLL54","IGLL5",2,2.94079200292512,8
"OSR14","OSR1",5,3.71594214961145,8
"C15orf484","C15orf48",3,2.64210442512053,8
"RPL214","RPL21",2,4.26655239101681,8
"NQO14","NQO1",4,5.39392070387862,8
"MEOX14","MEOX1",5,4.70800699417206,8
"SNORC4","SNORC",8,4.43208222952839,8
"SOX104","SOX10",8,5.256255673706,8
"ESM14","ESM1",3,3.51787288195735,8
"CD484","CD48",1,4.17400117574555,8
"PIM24","PIM2",1,3.42821921571666,8
"ISG204","ISG20",2,3.7487682726934,8
"IL1B4","IL1B",6,4.66635033407087,8
"HAS14","HAS1",6,4.95460790947489,8
"PER14","PER1",6,2.67173976646133,8
"CCL84","CCL8",6,4.44548000940499,8
"SERPINA54","SERPINA5",8,3.45993518649045,8
"DHCR244","DHCR24",4,4.60084569025055,8
"PLAUR4","PLAUR",3,4.72597857307464,8
"MT1X4","MT1X",8,2.86937835907857,8
"PLA2G2D4","PLA2G2D",1,4.17542470837847,8
"FCGBP4","FCGBP",3,2.8235060490215,8
"ZAP704","ZAP70",1,4.75353704154907,8
"CD194","CD19",1,4.12770263906356,8
"ESRP14","ESRP1",8,3.91311110596343,8
"MT1M4","MT1M",6,4.04876162443238,8
"SULF14","SULF1",3,4.63031642573396,8
"SYNM4","SYNM",8,4.42019509792888,8
"AC103591.34","AC103591.3",6,2.90872992182758,8
"TMEM1304","TMEM130",5,4.3800826791867,8
"FADS24","FADS2",4,4.08874236631736,8
"AQP34","AQP3",2,3.89819175365182,8
"SERPINE14","SERPINE1",3,4.87626243022602,8
"SLC11A14","SLC11A1",3,4.23775871788012,8
"NAPSB4","NAPSB",1,4.17661660790296,8
"FGF104","FGF10",5,3.40524062020472,8
"SPTBN14","SPTBN1",7,5.93183755632077,8
"PON34","PON3",4,4.03979074220761,8
"CCN34","CCN3",3,2.63896982173207,8
"ADM4","ADM",6,3.13211056425356,8
"RBP74","RBP7",5,3.41758702448333,8
"MAMDC24","MAMDC2",5,3.24603372698513,8
"CALML34","CALML3",8,4.16079511373669,8
"SERPINB54","SERPINB5",8,4.23285079600373,8
"OAS24","OAS2",1,3.40973057703695,8
"CENPF4","CENPF",1,3.75555481647271,8
"ASPM4","ASPM",1,3.8400730957314,8
"MT2A4","MT2A",2,3.29710678400682,8
"KRT184","KRT18",4,4.97563532416215,8
"AGR34","AGR3",7,3.89642915186002,8
"SCD4","SCD",4,4.45090446011594,8
"CD384","CD38",1,4.09093147821107,8
"SRP94","SRP9",2,4.36098518362357,8
"COLGALT24","COLGALT2",5,4.00251886686268,8
"SNORA2B4","SNORA2B",2,3.25002240884821,8
"PARP154","PARP15",1,4.55790097966848,8
"AQP54","AQP5",8,4.22216632329263,8
"FCER1A4","FCER1A",6,3.12672973041626,8
"KLF54","KLF5",8,3.84435229398877,8
"NUP2104","NUP210",2,3.6556214621714,8
"C1QTNF34","C1QTNF3",3,3.58159439711116,8
"VOPP14","VOPP1",2,4.57494997528993,8
"TRBC24","TRBC2",1,5.03379416706963,8
"ADH1C4","ADH1C",7,3.63635523904956,8
"MATN34","MATN3",3,3.78557991120754,8
"CRACR2B4","CRACR2B",8,4.33413625865254,8
"ZBP14","ZBP1",1,3.96821144445384,8
"PLA2G74","PLA2G7",1,3.77934812923537,8
"THSD44","THSD4",5,3.94090881572963,8
"KLK64","KLK6",8,3.62578264006614,8
"IGHA14","IGHA1",6,3.78350118054684,8
"RPL10P94","RPL10P9",8,2.97479843795519,8
"ACKR14","ACKR1",6,4.8460610796238,8
"TMEM14C4","TMEM14C",2,4.43800529606083,8
"IER24","IER2",6,3.70810381263045,8
"SFN4","SFN",8,4.01044978977135,8
"ESR14","ESR1",8,3.18921088067994,8
"LAMB34","LAMB3",8,3.98239488438885,8
"DKK24","DKK2",5,3.43974155660488,8
"CCN54","CCN5",6,4.05735002655984,8
"RPS74","RPS7",2,4.55500706677974,8
"ZC3H12D4","ZC3H12D",1,4.18028158096773,8
"IRF44","IRF4",1,3.47927477340206,8
"AOX14","AOX1",6,4.39177244876091,8
"CACNA1G4","CACNA1G",5,4.00403694951328,8
"EPPK14","EPPK1",8,3.33041281060578,8
"OSR24","OSR2",6,2.72311367597569,8
"TNS44","TNS4",8,4.42450125172089,8
"SPRY24","SPRY2",5,4.27765244521352,8
"MIA4","MIA",8,4.56106886566458,8
"SPOCK24","SPOCK2",1,4.90792344568805,8
"TBC1D10C4","TBC1D10C",1,5.48201069401528,8
"LRRC174","LRRC17",5,4.33268205419669,8
"CD3E4","CD3E",1,4.9940546737357,8
"CH25H4","CH25H",6,3.81902117215625,8
"NEK104","NEK10",8,3.21744131506738,8
"DERL34","DERL3",1,3.15745314833184,8
"FCRL34","FCRL3",1,4.97085380790124,8
"SYT84","SYT8",8,4.35559944964448,8
"CD524","CD52",1,4.85352110289691,8
"RGS17","RGS1",1,3.27359457707339,8
"LIF4","LIF",6,4.07822217860837,8
"IRX14","IRX1",8,4.73289378339553,8
"GRHL14","GRHL1",8,3.99450179881248,8
"H2BC84","H2BC8",4,3.17660558017776,8
"ERBB34","ERBB3",8,4.61538567894806,8
"MAOB4","MAOB",8,3.64091558190026,8
"TK14","TK1",4,2.8453213057247,8
"PAMR14","PAMR1",5,3.71312193636896,8
"CA124","CA12",8,3.45393056840346,8
"ROCR4","ROCR",8,4.99297513496762,8
"PTN4","PTN",7,3.67964647162257,8
"C1QBP4","C1QBP",2,3.17763455858951,8
"PRSS84","PRSS8",8,4.13949253531377,8
"C3orf804","C3orf80",3,3.18926734641543,8
"KLHL134","KLHL13",5,3.50905266897207,8
"LGALS94","LGALS9",2,4.24431831200044,8
"CD64","CD6",1,5.01053272689791,8
"TREM24","TREM2",3,3.13377942427721,8
"MT-TK4","MT-TK",6,2.44930196606559,8
"NTRK24","NTRK2",8,4.00368796347308,8
"AP000892.44","AP000892.4",6,3.30471332367608,8
"CNN14","CNN1",8,2.85236384928982,8
"LAMC24","LAMC2",8,4.00467501664766,8
"P2RX54","P2RX5",1,4.19482636643322,8
"AC004687.14","AC004687.1",1,5.532245841851,8
"AIM24","AIM2",1,4.56857436746569,8
"CD26","CD2",1,5.63272845069424,8
"FMO24","FMO2",7,3.3476981381959,8
"INMT4","INMT",5,3.38877250434766,8
"HMGA14","HMGA1",2,3.00181160502399,8
"RPS154","RPS15",2,4.22339201779664,8
"KIT4","KIT",8,3.23343904683884,8
"PPP1R1B4","PPP1R1B",8,4.08281928850931,8
"ITGA114","ITGA11",3,4.56135206638379,8
"SP1404","SP140",1,5.01893746361134,8
"ITGBL14","ITGBL1",3,3.98453098863681,8
"ANGPTL44","ANGPTL4",6,3.37612969984514,8
"GDF154","GDF15",4,2.57534707180445,8
"GPX34","GPX3",6,4.89105697742029,8
"PRSS124","PRSS12",5,3.02555436059744,8
"GPRC5A4","GPRC5A",6,3.51613688446331,8
"PLAC84","PLAC8",1,4.31098520978631,8
"TAGAP4","TAGAP",1,3.45225893943867,8
"CPA34","CPA3",5,3.27036977434775,8
"FPR14","FPR1",6,4.31493000254642,8
"MCOLN24","MCOLN2",1,3.49154266140514,8
"ACAP14","ACAP1",1,4.24485030741514,8
"DSG14","DSG1",8,4.02259001762274,8
"MEOX24","MEOX2",5,3.66350129984943,8
"EHF4","EHF",8,4.03823491878569,8
"ANGPTL14","ANGPTL1",5,3.18634966790727,8
"SNX204","SNX20",1,4.4490303120397,8
"ITK4","ITK",1,4.00914007995216,8
"TRMT9B4","TRMT9B",5,4.05009097488509,8
"EGFL64","EGFL6",5,3.20430956184343,8
"CXCL64","CXCL6",5,3.15089311777068,8
"C16orf894","C16orf89",6,4.29773688344429,8
"CD8A4","CD8A",1,3.98681784778063,8
"WNT24","WNT2",3,3.89655591181921,8
"LINC023624","LINC02362",1,3.19250505336918,8
"RPL34","RPL3",2,4.11099517848959,8
"GRP4","GRP",7,3.06480769610357,8
"TYMS4","TYMS",1,2.94955515231144,8
"C1QTNF64","C1QTNF6",3,3.80924546558447,8
"ADAMTS44","ADAMTS4",6,4.74001986811567,8
"ITGB2-AS14","ITGB2-AS1",1,3.73565801404432,8
"CAVIN24","CAVIN2",5,3.52920278438019,8
"ADIRF4","ADIRF",5,3.43143564261795,8
"TNFAIP64","TNFAIP6",3,4.72624951242883,8
"CALHM64","CALHM6",1,3.57215811613976,8
"ELOVL74","ELOVL7",4,3.78929346769522,8
"GPM6B4","GPM6B",5,4.05036261976696,8
"TNFSF144","TNFSF14",6,4.80485461828583,8
"CD2474","CD247",1,3.92471481292703,8
"EFHD14","EFHD1",8,3.20184188160486,8
"TNC4","TNC",3,3.97898832363046,8
"GZMA4","GZMA",2,3.58994800125053,8
"SH2D1A4","SH2D1A",1,4.78046737168872,8
"TRIL4","TRIL",5,4.24950067707845,8
"DDIT44","DDIT4",2,3.8017482794029,8
"GAL4","GAL",6,3.49164895351994,8
"AUXG01000058.14","AUXG01000058.1",5,3.46170219724209,8
"CD2094","CD209",6,4.24207706453997,8
"CLEC10A4","CLEC10A",6,3.1692085279806,8
"AC011503.14","AC011503.1",5,3.75049588051961,8
"LGALS24","LGALS2",1,4.17389618219059,8
"FAM189A24","FAM189A2",8,4.39369057807264,8
"CD275","CD27",1,5.05203307710394,8
"IL7R4","IL7R",1,5.43913005482608,8
"COL9A34","COL9A3",8,2.83017000830717,8
"RDH104","RDH10",3,3.11776736263727,8
"F2RL24","F2RL2",5,4.12876762550744,8
"KIF124","KIF12",8,4.25716627252814,8
"NR4A14","NR4A1",6,4.7346794311884,8
"CX3CL14","CX3CL1",8,4.03541214119559,8
"SCUBE24","SCUBE2",7,2.92023989304949,8
"PPL4","PPL",8,3.20234441376103,8
"TRG-AS14","TRG-AS1",1,4.40637241222962,8
"SOX174","SOX17",6,3.45490787632111,8
"HGF4","HGF",5,4.15626072048777,8
"RNU5F-14","RNU5F-1",1,3.6265106173174,8
"CD1E4","CD1E",1,3.46672886629699,8
"SHROOM34","SHROOM3",8,4.4439630082674,8
"ATF34","ATF3",6,4.77428176100717,8
"FCRL24","FCRL2",1,4.21999070516322,8
"SNORD634","SNORD63",2,3.38064697235574,8
"LMNB14","LMNB1",1,3.27379296838869,8
"TPX24","TPX2",1,3.37843435357524,8
"RGS44","RGS4",3,3.7901423427589,8
"CHPF4","CHPF",3,3.73330613859144,8
"IRX54","IRX5",8,3.74485096669048,8
"GJA54","GJA5",3,3.35773252702565,8
"NKD24","NKD2",5,3.78106094509689,8
"ALDH1A14","ALDH1A1",5,3.54365552664273,8
"ARPC44","ARPC4",2,3.50114212944632,8
"TNFRSF174","TNFRSF17",2,3.43112098108891,8
"Z82215.14","Z82215.1",1,4.7883586364271,8
"AL365361.14","AL365361.1",1,4.0745229388429,8
"PADI24","PADI2",8,3.5043733868661,8
"IGFBP24","IGFBP2",5,3.78861372721303,8
"BAMBI4","BAMBI",8,3.04951192390876,8
"IL2RB4","IL2RB",1,4.27665904707872,8
"CCL174","CCL17",1,3.18794911387846,8
"CCL4L24","CCL4L2",6,2.86842294388948,8
"MMP164","MMP16",5,5.20472300684347,8
"ASPN4","ASPN",3,4.19066605963511,8
"CAPN84","CAPN8",8,3.48093803376635,8
"FRZB4","FRZB",5,3.26557794144214,8
"PDZK1IP14","PDZK1IP1",8,3.55433040191225,8
"APOLD14","APOLD1",6,3.45023124745793,8
"CDKN2B4","CDKN2B",3,3.47234897563608,8
"RBP44","RBP4",7,3.01465421982652,8
"CD3G4","CD3G",1,4.7966322791651,8
"LRRN4CL4","LRRN4CL",5,3.73415247793324,8
"SLC7A24","SLC7A2",5,3.6896914060455,8
"KLK104","KLK10",8,3.71163208617082,8
"IL21R4","IL21R",1,4.17001066417638,8
"KLF44","KLF4",6,5.07359692677933,8
"SRPX5","SRPX",7,3.00953269752681,8
"SLC12A84","SLC12A8",2,3.10384457814743,8
"NEURL1B4","NEURL1B",5,3.39481608600048,8
"CD79B4","CD79B",1,4.23673311735949,8
"SCML44","SCML4",1,4.07796793395697,8
"PKP14","PKP1",8,3.96465316848869,8
"CELF44","CELF4",5,3.76232534634375,8
"NLRC34","NLRC3",1,4.32571253834148,8
"DSG24","DSG2",8,3.98020399394422,8
"PLEKHS14","PLEKHS1",8,4.31568787137444,8
"ME14","ME1",4,4.06043939475866,8
"LINC023974","LINC02397",1,4.35701181159848,8
"GREM24","GREM2",7,3.4495398451236,8
"RUNX24","RUNX2",2,3.44916354473873,8
"OAS34","OAS3",2,3.12352849296716,8
"ARFGEF34","ARFGEF3",4,4.69311179557611,8
"FZD10-AS14","FZD10-AS1",5,3.71488459990665,8
"PLPP24","PLPP2",8,4.19979840784134,8
"TRAF3IP34","TRAF3IP3",1,5.55661907784452,8
"CDH34","CDH3",8,3.89314995210724,8
"SPHK14","SPHK1",3,3.76428268535079,8
"CDKN2A4","CDKN2A",3,3.18797110088837,8
"PTGDS4","PTGDS",6,3.6835143926566,8
"DHCR74","DHCR7",4,3.90796365193694,8
"SLC7A34","SLC7A3",5,3.8162040279536,8
"SNX104","SNX10",1,3.24211175989856,8
"HSPA1B4","HSPA1B",6,3.5809199455492,8
"TFEC4","TFEC",1,3.90768804081318,8
"SNORA134","SNORA13",5,3.15133031009046,8
"IKZF34","IKZF3",1,4.63906246681773,8
"APOBEC3A4","APOBEC3A",6,4.23745655514557,8
"SRD5A14","SRD5A1",4,4.27535018526195,8
"VIPR24","VIPR2",5,3.46215046859023,8
"ST144","ST14",8,3.03055362395428,8
"CHST15","CHST1",4,3.23615154643574,8
"PLP14","PLP1",5,3.75093126150427,8
"GPIHBP14","GPIHBP1",5,3.331572894732,8
"TMC84","TMC8",1,4.7705901234394,8
"RPL18A4","RPL18A",2,2.97808504120475,8
"SOX94","SOX9",8,3.85863361747987,8
"TSPAN84","TSPAN8",4,3.38406160371194,8
"PGR4","PGR",8,2.8279913210131,8
"CARD114","CARD11",1,4.7433714508593,8
"MIAT4","MIAT",1,4.04338563788649,8
"TLR104","TLR10",1,3.44450118059997,8
"FIBIN4","FIBIN",7,3.7286150420903,8
"MDFI4","MDFI",3,4.09250209797644,8
"APCDD14","APCDD1",5,3.29105300599134,8
"CRABP24","CRABP2",5,2.77246195344451,8
"CCL34","CCL3",6,3.25847374575654,8
"FCGR2A4","FCGR2A",2,3.33725176600895,8
"H2BC214","H2BC21",4,2.74969911502448,8
"CA24","CA2",3,3.24007384757354,8
"SDS4","SDS",3,3.18034431299944,8
"EPYC4","EPYC",3,3.52151424436316,8
"NPY1R4","NPY1R",8,3.4651044385993,8
"HOXD94","HOXD9",5,3.9911861510356,8
"RSPO34","RSPO3",6,3.08589867911292,8
"PTTG14","PTTG1",1,3.14401003624413,8
"ECEL14","ECEL1",5,3.4470739442916,8
"SPCS24","SPCS2",2,4.20831933978999,8
"GALNT54","GALNT5",3,3.49705460383059,8
"ST6GAL24","ST6GAL2",3,3.86495283682533,8
"LILRB44","LILRB4",1,4.08126179720024,8
"LIPE4","LIPE",5,3.11839141774785,8
"DUSP24","DUSP2",1,3.04078199946285,8
"CD75","CD7",1,3.91071968165697,8
"GRHL24","GRHL2",4,3.6392560398645,8
"NOVA14","NOVA1",5,4.084890093137,8
"CYTOR4","CYTOR",3,3.38224366731277,8
"AC012349.14","AC012349.1",5,3.15127128201148,8
"ISG154","ISG15",1,3.19458890163681,8
"ADAM84","ADAM8",1,3.03815466080114,8
"AC119673.34","AC119673.3",1,2.4444728765771,8
"RTKN24","RTKN2",1,4.09193630504172,8
"IRF64","IRF6",8,3.82442529604228,8
"ADAMTS9-AS24","ADAMTS9-AS2",5,4.04271450556108,8
"GPD14","GPD1",7,3.09282534403232,8
"UNC5B4","UNC5B",3,4.15685750036736,8
"ITGB74","ITGB7",1,3.78609951751707,8
"HDC4","HDC",6,3.91902320323841,8
"SLAMF74","SLAMF7",1,3.78336932753187,8
"KCNA14","KCNA1",5,4.31289243430131,8
"MPZL24","MPZL2",8,3.07787327024856,8
"TENM14","TENM1",5,3.60057104874435,8
"PROX14","PROX1",6,3.02943393679999,8
"PRLR4","PRLR",4,3.85979674573919,8
"ID24","ID2",2,3.09608635358655,8
"CCL44","CCL4",6,2.99039916103173,8
"MGST14","MGST1",4,4.33927785611029,8
"MFAP54","MFAP5",3,3.53809754113215,8
"TENT5C4","TENT5C",1,3.84982294171309,8
"SPOCK14","SPOCK1",3,4.44321564842493,8
"CNTFR4","CNTFR",5,3.57398847021679,8
"MYBL24","MYBL2",1,3.34260903003807,8
"TWIST24","TWIST2",5,4.04878300725785,8
"PCDH194","PCDH19",5,4.23668296789719,8
"PWWP3B4","PWWP3B",5,3.26085377434384,8
"FPR34","FPR3",2,2.88736224813879,8
"UBE2C4","UBE2C",2,2.92901887935392,8
"MTND3P104","MTND3P10",1,2.25506640882519,8
"MAPT4","MAPT",8,3.7942884210724,8
"MEX3A4","MEX3A",3,3.59983385349636,8
"SUSD34","SUSD3",2,3.23552175249761,8
"AMPD14","AMPD1",7,2.80228404857097,8
"CCR24","CCR2",2,3.47323434559121,8
"CP4","CP",6,2.56810119949441,8
"STC14","STC1",3,3.54889595320532,8
"ACKR34","ACKR3",6,3.61494103718629,8
"HLA-DOB4","HLA-DOB",1,4.31211616644618,8
"STMN24","STMN2",7,2.76094356025808,8
"LRFN54","LRFN5",5,3.48040062056186,8
"PTHLH4","PTHLH",8,2.69725718135169,8
"THRSP4","THRSP",4,3.40489581956465,8
"DAPP14","DAPP1",1,3.74323457967329,8
"PLEKHH24","PLEKHH2",5,4.3959532615899,8
"BIN24","BIN2",1,3.37819343544572,8
"NEBL4","NEBL",8,4.27072899674805,8
"PDE3B4","PDE3B",1,4.38926070943418,8
"MAP4K14","MAP4K1",1,3.86108301318612,8
"CD834","CD83",1,3.19524582009461,8
"RAB254","RAB25",8,3.88350353033502,8
"SLC7A54","SLC7A5",3,3.11306186905827,8
"CR14","CR1",1,3.4817733555817,8
"PLAU4","PLAU",3,4.96191135980968,8
"RASAL34","RASAL3",1,4.11133036971247,8
"GALNT34","GALNT3",4,3.3125775813432,8
"NRG14","NRG1",8,3.86797949470895,8
"SUMO24","SUMO2",2,3.80310397621333,8
"NCF24","NCF2",6,3.37838028776929,8
"ZNF4694","ZNF469",3,3.74387081315467,8
"HEYL4","HEYL",3,3.71849473679509,8
"SCARNA94","SCARNA9",2,3.11129418189975,8
"TUBB2B4","TUBB2B",8,3.71049175820779,8
"EGLN34","EGLN3",3,2.86109513575132,8
"NECTIN44","NECTIN4",8,3.73992508477004,8
"EVA1A4","EVA1A",3,3.33480714526826,8
"TNFRSF13B4","TNFRSF13B",1,4.25351271399155,8
"ENPP14","ENPP1",3,3.83164560573353,8
"CD374","CD37",1,4.51684968592308,8
"CCL54","CCL5",1,4.55892738141536,8
"RHOF4","RHOF",1,4.25255825726592,8
"RFLNA4","RFLNA",3,2.94117499925428,8
"GPR1714","GPR171",1,3.93157800310188,8
"UCHL14","UCHL1",3,3.36534633371829,8
"HVCN14","HVCN1",1,3.50175213307496,8
"PTPN64","PTPN6",1,3.15892900978936,8
"NPR34","NPR3",3,3.34776299448426,8
"MOXD14","MOXD1",2,3.01250933559597,8
"BCL11A4","BCL11A",1,4.21435719591141,8
"CRLF14","CRLF1",3,2.91479155929718,8
"KCNN44","KCNN4",8,3.13039239235122,8
"CMPK24","CMPK2",2,3.23440239976796,8
"CD964","CD96",1,4.75296593772233,8
"CD1C4","CD1C",6,2.9630143127342,8
"LCN24","LCN2",8,4.04008066901963,8
"STUM4","STUM",5,3.66729457788614,8
"HSH2D4","HSH2D",1,3.55164812126034,8
"TUBA1C4","TUBA1C",3,3.48446221639781,8
"FMO54","FMO5",4,4.36036258673648,8
"PLN4","PLN",3,3.22105270531886,8
"EDNRB4","EDNRB",5,4.06354345215991,8
"SLCO2A14","SLCO2A1",5,2.9509296604839,8
"DMKN4","DMKN",8,3.73788446430963,8
"RHOH4","RHOH",1,4.22899220269249,8
"LRP24","LRP2",8,3.9161323824916,8
"SCO24","SCO2",3,2.97717303390233,8
"IL17RD4","IL17RD",5,3.20693312480568,8
"FCN14","FCN1",6,4.23164074939173,8
"CTHRC14","CTHRC1",3,3.75156913167596,8
"FAM184A4","FAM184A",5,3.50294301695144,8
"MASP14","MASP1",6,2.81696914342182,8
"RGMA4","RGMA",5,3.17460781824133,8
"CD724","CD72",1,3.71115350892363,8
"GDF104","GDF10",6,3.57088726770406,8
"PDGFRL4","PDGFRL",7,3.41555380882548,8
"FAM107A4","FAM107A",6,3.20439560424627,8
"SLC2A54","SLC2A5",1,2.73607829337667,8
"AIF1L4","AIF1L",8,3.09946987575132,8
"MYBPC14","MYBPC1",4,3.91462288406984,8
"FCRL14","FCRL1",1,4.02746606606685,8
"SAE14","SAE1",2,3.66829654248813,8
"SERTAD44","SERTAD4",3,3.08023180104687,8
"BIRC54","BIRC5",1,2.9645274400702,8
"LINC010884","LINC01088",4,4.08947254910128,8
"CHI3L24","CHI3L2",8,3.00700768941394,8
"CD56","CD5",1,3.91913471185872,8
"MIR155HG4","MIR155HG",2,3.13999062663861,8
"AP003497.24","AP003497.2",1,3.06868889713326,8
"ITGAX4","ITGAX",1,3.29293678989861,8
"KRT164","KRT16",3,3.58736870515378,8
"DGAT24","DGAT2",6,2.31766656560042,8
"GSTM34","GSTM3",8,2.91046553653512,8
"CACHD14","CACHD1",8,2.97410508902626,8
"GPR1834","GPR183",6,3.81331140898326,8
"ZNF6834","ZNF683",1,3.54787851523702,8
"SLC34A24","SLC34A2",8,4.34107681635102,8
"GAREM14","GAREM1",5,3.8480611482513,8
"GAL3ST44","GAL3ST4",3,3.06456876069164,8
"GPR1744","GPR174",1,4.03613285847327,8
"GBP44","GBP4",1,3.51719049817431,8
"MS4A24","MS4A2",5,3.83440975969073,8
"ITGAL4","ITGAL",1,4.56741928733774,8
"INHBB4","INHBB",4,2.62335154444534,8
"TENM24","TENM2",8,2.95849692497443,8
"DUSP44","DUSP4",8,2.94843139573184,8
"PDE2A4","PDE2A",5,3.45669844785447,8
"CCL114","CCL11",3,2.94599008008024,8
"PHLDA24","PHLDA2",3,3.56476014907608,8
"GPR684","GPR68",3,3.04889801766262,8
"RAMP14","RAMP1",3,2.85665431761545,8
"CXADR4","CXADR",8,3.55933290296817,8
"ANO94","ANO9",1,3.41968842871801,8
"AC003681.14","AC003681.1",6,2.8827022216508,8
"MIR3354","MIR335",5,3.09684873563879,8
"FGF15","FGF1",8,2.92170186572507,8
"TPSAB14","TPSAB1",2,2.59184848997728,8
"CLDN74","CLDN7",4,3.63203190367486,8
"GVINP14","GVINP1",1,4.29865726097038,8
"ALDH1A24","ALDH1A2",5,3.41957597408672,8
"BICDL14","BICDL1",1,4.46546764894455,8
"LAMA34","LAMA3",8,3.16220467708805,8
"CPNE54","CPNE5",1,3.92463894212311,8
"BDKRB24","BDKRB2",5,3.35707258770447,8
"BMP44","BMP4",5,3.21125976216878,8
"KERA4","KERA",5,3.37414797504635,8
"CENPE4","CENPE",1,3.54588001496872,8
"GCH14","GCH1",6,2.81932253895353,8
"SVEP14","SVEP1",5,3.56063131553387,8
"IQCN4","IQCN",5,3.66467767211653,8
"CPB14","CPB1",7,2.80672274170479,8
"LY94","LY9",1,3.80737891685435,8
"NPNT4","NPNT",4,3.63989307554634,8
"LTBP44","LTBP4",5,3.28173695991999,8
"GATA24","GATA2",5,3.45316630860003,8
"SAA24","SAA2",8,2.6910434325962,8
"LINC012354","LINC01235",4,2.30306794763532,8
"FCER24","FCER2",1,3.48658340955673,8
"EGR34","EGR3",6,3.67537930152862,8
"RPL64","RPL6",7,3.23024704408224,8
"MACC14","MACC1",8,3.35519792175297,8
"BTLA4","BTLA",1,4.47093084602233,8
"TCEA14","TCEA1",2,3.58509738982627,8
"TRAF14","TRAF1",1,3.51480475024175,8
"TPD52L14","TPD52L1",8,3.56631360642456,8
"CXCR34","CXCR3",1,3.92512045925299,8
"CDH24","CDH2",3,3.75184635147783,8
"SUGCT4","SUGCT",3,3.5093175207516,8
"BLK4","BLK",1,4.39106038906774,8
"RASGRP14","RASGRP1",1,4.99398118505835,8
"MMP194","MMP19",6,3.48095074923723,8
"IL184","IL18",2,3.42033358478313,8
"PYHIN14","PYHIN1",1,4.35866667801174,8
"ANXA34","ANXA3",8,3.48621508286691,8
"EVI2A4","EVI2A",1,3.51170014313383,8
"CLEC5A4","CLEC5A",3,4.01764791219876,8
"LIMD24","LIMD2",1,3.89153623757446,8
"RBP54","RBP5",1,3.55410962348021,8
"GALNT154","GALNT15",7,3.21453407984744,8
"AQP94","AQP9",6,3.75923719797354,8
"SLAMF14","SLAMF1",1,3.86738831444134,8
"EDN14","EDN1",5,2.32988602699489,8
"CMA14","CMA1",6,3.29992019384946,8
"ADAM194","ADAM19",1,3.00724110590655,8
"DSC24","DSC2",3,3.07340565414247,8
"ITGA74","ITGA7",5,3.46343761307011,8
"TESPA14","TESPA1",1,3.94200361106517,8
"L1TD14","L1TD1",5,3.69554105126313,8
"ITGB44","ITGB4",8,3.53049465807328,8
"S100A74","S100A7",1,2.44149448793947,8
"SBDS4","SBDS",2,3.62087214337617,8
"NTN44","NTN4",8,3.00686658183988,8
"COL4A54","COL4A5",7,2.90618381550728,8
"CHMP54","CHMP5",2,3.51770623012282,8
"CNTN44","CNTN4",7,3.56205209380466,8
"CLDN114","CLDN11",5,3.05022093385818,8
"MSMO14","MSMO1",4,3.60018376412841,8
"ERRFI14","ERRFI1",3,2.94057183693413,8
"TUBB4B4","TUBB4B",2,3.01446974346401,8
"ARL17B4","ARL17B",5,2.88010584519678,8
"CYFIP24","CYFIP2",1,3.92823098253821,8
"AC037198.14","AC037198.1",6,3.24323426395742,8
"MX14","MX1",1,3.15806182623661,8
"HMOX14","HMOX1",3,3.39365605573847,8
"SEMA3G4","SEMA3G",5,3.05774080620187,8
"LAD14","LAD1",8,3.53834283338298,8
"FHOD34","FHOD3",3,3.1137129045615,8
"RARRES14","RARRES1",6,2.84100324422803,8
"SIGLEC14","SIGLEC1",2,2.61709788986999,8
"PLOD24","PLOD2",3,4.19731557293654,8
"RIPOR24","RIPOR2",1,4.38088600243874,8
"H4C84","H4C8",4,4.31659759615048,8
"NEDD84","NEDD8",2,3.77262085563832,8
"CACNA1D4","CACNA1D",5,3.37006132402626,8
"IFIT34","IFIT3",2,3.28731847236191,8
"TMEM132A4","TMEM132A",3,3.30742278187728,8
"CADM34","CADM3",7,2.84568186014616,8
"AK54","AK5",8,3.40228314935177,8
"NKG74","NKG7",1,3.37744896583704,8
"CRYAB4","CRYAB",3,2.75061416891496,8
"IGSF34","IGSF3",5,2.99915346436494,8
"CFAP694","CFAP69",6,3.38254525511829,8
"FGF74","FGF7",6,3.80422346698502,8
"LIFR4","LIFR",5,4.01745612841217,8
"CKS24","CKS2",2,2.74952429519073,8
"SH2D2A4","SH2D2A",2,3.02373565559534,8
"ABRACL4","ABRACL",1,2.8960465770874,8
"DLL14","DLL1",5,2.7878463987519,8
"LINC025114","LINC02511",5,3.32798652861534,8
"AC005224.24","AC005224.2",1,3.22887945370081,8
"SLC16A34","SLC16A3",3,4.10516842677047,8
"AL031282.14","AL031282.1",1,3.66648270540747,8
"TTYH14","TTYH1",8,3.57302079649608,8
"ALDH1B14","ALDH1B1",3,3.92599448811882,8
"BMP8A4","BMP8A",3,3.46954499485289,8
"PAPPA4","PAPPA",6,3.91606709058546,8
"AACS4","AACS",4,3.70559389457106,8
"S1PR44","S1PR4",1,3.7953782161663,8
"CYTIP4","CYTIP",1,4.65577337558881,8
"PCED1B-AS14","PCED1B-AS1",1,4.75251347314339,8
"DPP44","DPP4",6,2.77733482959553,8
"MEIS14","MEIS1",5,4.22023058037535,8
"NOX44","NOX4",3,3.66328658924803,8
"SHANK24","SHANK2",8,3.97916952059493,8
"FCGR1A4","FCGR1A",2,2.91151159367339,8
"THEMIS4","THEMIS",1,4.42637415253371,8
"WDFY44","WDFY4",1,3.59577209789901,8
"IL2RG4","IL2RG",1,4.79174535305633,8
"GSN-AS14","GSN-AS1",1,4.20615695053056,8
"KIAA1549L4","KIAA1549L",3,3.35455130568693,8
"CCDC264","CCDC26",5,2.71092733866408,8
"FMO14","FMO1",5,4.01679112730395,8
"IRX34","IRX3",4,3.93098395215619,8
"GXYLT24","GXYLT2",7,3.2342209865196,8
"CLSTN24","CLSTN2",6,3.11894109218983,8
"NR2F14","NR2F1",5,4.6362614093802,8
"CDK14","CDK1",1,3.23166930090644,8
"CD1774","CD177",7,2.99489049168792,8
"GATA34","GATA3",8,4.48767975865383,8
"RYR34","RYR3",5,3.07839687931833,8
"HMGB34","HMGB3",3,2.83854534439392,8
"GHR4","GHR",7,2.55879060914123,8
"ALPL4","ALPL",6,3.18809071450932,8
"AL078595.14","AL078595.1",7,5.72102976348299,8
"PID14","PID1",5,3.02960635125415,8
"CAMK44","CAMK4",1,4.08673525102765,8
"ANKRD224","ANKRD22",1,2.74074211165508,8
"WNT5A4","WNT5A",3,3.43596949175183,8
"CD364","CD36",5,3.77240479009125,8
"RASSF64","RASSF6",8,3.998506577994,8
"SELP4","SELP",6,3.63253966910264,8
"RERG4","RERG",7,2.87258121175941,8
"VPREB34","VPREB3",1,4.23659377578921,8
"TNRC6C-AS14","TNRC6C-AS1",1,3.87976439501619,8
"KCNE44","KCNE4",2,2.67102415486072,8
"P4HA34","P4HA3",3,3.9989211634116,8
"KANK44","KANK4",3,3.73900834120195,8
"BCL2A14","BCL2A1",1,3.0986140797378,8
"SEZ6L24","SEZ6L2",8,3.13213937144839,8
"PHYHD14","PHYHD1",5,3.6992951802618,8
"SLC1A34","SLC1A3",2,3.08048689166188,8
"KRT85","KRT8",8,3.43002959587067,8
"PTGIS4","PTGIS",7,3.4136209686065,8
"LILRB54","LILRB5",6,4.43693188324848,8
"OMD4","OMD",7,3.71641224673273,8
"CD694","CD69",1,4.08645353006346,8
"BICDL24","BICDL2",8,3.66954684333499,8
"KLRB14","KLRB1",1,3.58194459731642,8
"RNPEP4","RNPEP",2,3.54671207504635,8
"NPL4","NPL",2,2.77304986629109,8
"IL2RA4","IL2RA",1,3.16625455276653,8
"AKR1B14","AKR1B1",2,4.09065222997921,8
"GRAP24","GRAP2",1,4.2553323855321,8
"LAX14","LAX1",1,3.29933904288762,8
"MATN24","MATN2",5,3.32413812266077,8
"C16orf544","C16orf54",1,4.01003084437243,8
"TLR24","TLR2",3,2.92708147144775,8
"GPAM4","GPAM",7,2.78816375490931,8
"HERC54","HERC5",2,3.10188949097312,8
"ZNF8314","ZNF831",1,3.94377235961853,8
"WWC14","WWC1",4,3.3421461568827,8
"SAMD54","SAMD5",5,4.12895160323101,8
"ADGRD14","ADGRD1",6,3.57340740714184,8
"IRF74","IRF7",1,2.96217323740251,8
"FGFR24","FGFR2",8,3.27611378892748,8
"PKP34","PKP3",8,3.49879840960964,8
"HPN4","HPN",4,4.17509740350337,8
"SERINC24","SERINC2",4,3.45602656874085,8
"TNFRSF184","TNFRSF18",2,2.97850691974174,8
"TMEM132C4","TMEM132C",5,2.88910600798403,8
"CST74","CST7",1,3.71306902795687,8
"CBLN44","CBLN4",7,3.57903959221033,8
"GPC14","GPC1",3,3.58915970702913,8
"CILP5","CILP",3,3.50362673539054,8
"PTCH24","PTCH2",5,3.22462539268259,8
"TRIM94","TRIM9",5,3.51040971981877,8
"ICOS4","ICOS",1,4.07423406986589,8
"MIR3142HG4","MIR3142HG",1,3.89072115209781,8
"TNFRSF214","TNFRSF21",5,3.18669977069483,8
"TRABD2A4","TRABD2A",1,3.6260104389021,8
"SYT15","SYT1",5,3.2622841798371,8
"MAFF4","MAFF",6,3.81849559283702,8
"EZH24","EZH2",1,3.6813982393789,8
"CXCR44","CXCR4",1,4.18246358664431,8
"TFPI24","TFPI2",7,2.78496811989626,8
"LOXL24","LOXL2",3,4.02773364464934,8
"SCNN1A4","SCNN1A",8,3.59445462070416,8
"GRB74","GRB7",8,3.92890658757295,8
"MT-TV4","MT-TV",2,4.0730866253629,8
"H2BC54","H2BC5",4,3.03364098966322,8
"PDE7B4","PDE7B",5,4.07687865361781,8
"MICAL24","MICAL2",3,4.32306892015414,8
"TP634","TP63",8,4.08389283168981,8
"SOCS14","SOCS1",2,3.60951709857264,8
"TMEM63B4","TMEM63B",2,2.70119553105351,8
"OLA14","OLA1",2,3.16493827880576,8
"SLC19A24","SLC19A2",2,2.3940724025372,8
"IGSF64","IGSF6",1,3.41249955518115,8
"SYBU4","SYBU",7,2.65508736660606,8
"FAXDC24","FAXDC2",5,3.76517123105365,8
"PRRG34","PRRG3",5,3.27266310134731,8
"PARVG4","PARVG",2,3.30652369649394,8
"F34","F3",3,2.45112244458548,8
"CLDN54","CLDN5",6,3.71123842964924,8
"C24","C2",2,3.15492001823369,8
"ICAM14","ICAM1",6,4.08885154089182,8
"ISM14","ISM1",6,3.01635690080331,8
"CLSPN4","CLSPN",1,3.64229803531959,8
"FAM110D4","FAM110D",6,3.44049841109173,8
"RTP44","RTP4",1,3.13435877278789,8
"IFIT24","IFIT2",2,3.09587165336544,8
"PFKFB34","PFKFB3",6,3.6623816188774,8
"MIR22HG4","MIR22HG",6,3.58332355764352,8
"SLC22A34","SLC22A3",5,2.69905848373959,8
"RASGRP24","RASGRP2",1,3.94271663995391,8
"ABLIM34","ABLIM3",5,2.88254781287922,8
"ATP13A44","ATP13A4",4,3.94530261056922,8
"PSTPIP14","PSTPIP1",1,4.34908531530838,8
"AC092279.24","AC092279.2",8,2.82415634721768,8
"CCT84","CCT8",2,3.17172179317148,8
"SEC14L24","SEC14L2",4,3.39759603899212,8
"FBP14","FBP1",4,3.42669040894689,8
"PDK44","PDK4",7,3.01934231542843,8
"KCNMB14","KCNMB1",8,3.08444177138716,8
"LRRC264","LRRC26",4,4.40003065071714,8
"GAPT4","GAPT",1,3.53695008462583,8
"AFMID4","AFMID",4,4.33104709936571,8
"CSRNP14","CSRNP1",6,4.51448398639669,8
"MEI14","MEI1",1,3.59846513876357,8
"NAMPT4","NAMPT",6,4.82262894707771,8
"MT-TP4","MT-TP",7,2.91720290540881,8
"GADD45G4","GADD45G",4,3.01690304040565,8
"CYP4X14","CYP4X1",7,2.83843178408025,8
"AFF34","AFF3",4,2.8445326378146,8
"AKR1C34","AKR1C3",5,3.21440931511302,8
"CTLA44","CTLA4",1,3.68991020119585,8
"FMO34","FMO3",7,2.64610172236226,8
"FAM83H4","FAM83H",8,3.37196333036185,8
"SNAI14","SNAI1",3,3.26042347857344,8
"ACACB4","ACACB",5,3.43994771692241,8
"PDLIM44","PDLIM4",3,2.9486978501694,8
"DCXR4","DCXR",4,2.64764948470331,8
"IGDCC44","IGDCC4",5,3.83796401232683,8
"AC144530.14","AC144530.1",7,5.62673187600603,8
"SLC2A14","SLC2A1",2,2.52709788946935,8
"HLA-DOA4","HLA-DOA",1,3.46737408709376,8
"CLEC4E4","CLEC4E",1,2.54189416420407,8
"EAF24","EAF2",1,3.18053230076798,8
"SYNDIG14","SYNDIG1",3,3.78306678712342,8
"SLA24","SLA2",1,3.69542498812955,8
"SNX224","SNX22",1,3.66188540052658,8
"ARNTL24","ARNTL2",3,2.96259912773058,8
"NGFR4","NGFR",6,3.57690094920931,8
"RRM24","RRM2",1,3.6074431317276,8
"AC093908.14","AC093908.1",5,3.49272303634401,8
"POLR2M4","POLR2M",2,2.85854087547394,8
"LINC012524","LINC01252",4,2.96224379378845,8
"BCL11B4","BCL11B",1,4.50514736998205,8
"MYH114","MYH11",8,3.22335565664974,8
"CDON4","CDON",5,3.33859643799969,8
"LY754","LY75",1,3.97254795997947,8
"RGS24","RGS2",6,4.0032418813247,8
"ANKRD36B4","ANKRD36B",7,3.10532614301807,8
"RNF19B4","RNF19B",3,2.71922655723287,8
"FHL14","FHL1",6,3.97949838742428,8
"CEP554","CEP55",1,3.45236764513852,8
"AP1M24","AP1M2",4,3.59894576550762,8
"JPT14","JPT1",3,2.83746396188729,8
"AL031595.24","AL031595.2",5,2.64630101501047,8
"CD2264","CD226",1,3.69951236369153,8
"MIR503HG4","MIR503HG",5,3.79678399310841,8
"PTK74","PTK7",3,3.73616923299705,8
"PTPN224","PTPN22",1,3.64990970851164,8
"C1orf1164","C1orf116",8,3.51209189303283,8
"ANLN4","ANLN",3,3.16562310853345,8
"NRG24","NRG2",8,3.20741076209619,8
"RHEB4","RHEB",2,2.8863732164315,8
"HOPX4","HOPX",3,2.93728347169209,8
"EPHB24","EPHB2",3,3.24782136838642,8
"ALOX5AP4","ALOX5AP",2,3.21792784502256,8
"PROM24","PROM2",8,4.06874416556042,8
"SEMA3D4","SEMA3D",5,3.00385107159255,8
"MEIS34","MEIS3",5,3.22954464434747,8
"CHRD4","CHRD",5,3.33222068203008,8
"RIC34","RIC3",8,3.44764326900787,8
"MARC14","MARC1",4,2.84692382588701,8
"COL8A24","COL8A2",3,3.79864804236341,8
"TBX184","TBX18",5,4.22840676138975,8
"C6orf1414","C6orf141",7,3.27912045680347,8
"CADM3-AS14","CADM3-AS1",6,3.01255342107441,8
"SLC38A54","SLC38A5",1,3.60410478018675,8
"EN14","EN1",3,3.3268960911124,8
"FBN24","FBN2",3,2.71257606273176,8
"IGFBP64","IGFBP6",5,3.47048389087677,8
"SIT14","SIT1",2,3.72033261990104,8
"S100B4","S100B",8,3.08507718736285,8
"PSMB94","PSMB9",2,3.11281910521855,8
"BMPR1B4","BMPR1B",7,2.88965725097934,8
"LLGL24","LLGL2",4,2.58563502370121,8
"ARHGAP154","ARHGAP15",1,3.8733734519019,8
"LUCAT14","LUCAT1",6,3.91948888044081,8
"FKBP44","FKBP4",4,2.85876948878977,8
"MMP254","MMP25",6,3.19139846173694,8
"EFNA14","EFNA1",3,2.81290531142315,8
"FBXO24","FBXO2",8,3.71921534803563,8
"IL1RN4","IL1RN",6,3.464340247457,8
"RBM384","RBM38",1,3.46813176906433,8
"CKB4","CKB",6,2.29422530907964,8
"PI4KA4","PI4KA",2,3.50050141115294,8
"UNC93B14","UNC93B1",2,4.23865205189115,8
"DPT4","DPT",6,4.6183213094392,8
"PTPRD4","PTPRD",3,2.81320563845493,8
"MCOLN34","MCOLN3",5,3.35232313237755,8
"PRKCQ-AS14","PRKCQ-AS1",1,3.8301574635096,8
"TRIM594","TRIM59",1,3.11918988944366,8
"PTPN74","PTPN7",1,4.73778646392809,8
"TMEM1564","TMEM156",1,3.37693597536735,8
"TRO4","TRO",5,3.451689988519,8
"MSR14","MSR1",3,3.60386045385635,8
"KIAA11434","KIAA1143",2,3.41837049550174,8
"MME4","MME",5,3.14398133532865,8
"IFIT14","IFIT1",2,2.60018753780109,8
"COX5A4","COX5A",2,3.07830262712751,8
"DDR14","DDR1",8,3.87572868502447,8
"PIK3CD4","PIK3CD",1,3.20770034736803,8
"GREM14","GREM1",3,3.57241932648485,8
"DIO3OS4","DIO3OS",6,3.04751502386553,8
"IFI44L4","IFI44L",1,3.32342487581402,8
"IRX24","IRX2",8,3.57756974364283,8
"MRPL494","MRPL49",2,3.15867481163065,8
"STEAP14","STEAP1",6,3.35207877372256,8
"CLEC12A4","CLEC12A",1,2.4874675024771,8
"MN14","MN1",3,2.9987479934754,8
"EOMES4","EOMES",1,4.18855784748738,8
"PNP4","PNP",3,3.12457606183307,8
"MYB4","MYB",8,2.80197447721321,8
"ZNF4834","ZNF483",5,2.93319125932521,8
"ARHGAP94","ARHGAP9",1,3.91659496784034,8
"AL136164.34","AL136164.3",5,3.29550647902015,8
"MYO1G4","MYO1G",1,4.03342164884948,8
"RGS184","RGS18",2,2.65735934638617,8
"TACC34","TACC3",1,3.10917981923861,8
"PCED1B4","PCED1B",1,3.80793786183336,8
"KANK34","KANK3",5,2.99803011969828,8
"ADAMTS154","ADAMTS15",6,3.65506490211364,8
"ADCYAP1R14","ADCYAP1R1",5,3.40340599062596,8
"NDC804","NDC80",1,2.96980512650016,8
"NME14","NME1",2,2.96805460695804,8
"PCLO4","PCLO",4,3.19537370394652,8
"AC124319.14","AC124319.1",1,3.3828177387828,8
"EDNRA4","EDNRA",3,3.49797070443455,8
"NR1D14","NR1D1",2,2.41383362777116,8
"ZNRD14","ZNRD1",2,3.46469028850286,8
"CITED44","CITED4",8,4.00405962706663,8
"H2AW4","H2AW",4,2.5022798392585,8
"CNKSR24","CNKSR2",7,3.04379116625685,8
"EGFLAM4","EGFLAM",5,4.32932477989954,8
"CD1804","CD180",1,3.23491389600896,8
"ACOT24","ACOT2",2,3.5288750506996,8
"AC080038.24","AC080038.2",7,3.24069746522753,8
"MAOA4","MAOA",2,2.46256460115358,8
"C5orf464","C5orf46",3,3.73852371156693,8
"OLFML2B4","OLFML2B",3,3.69280671269532,8
"SLAMF64","SLAMF6",1,4.04245433948571,8
"SPN4","SPN",1,4.49295945341457,8
"PTPRT4","PTPRT",8,3.49322096941386,8
"SPOCD14","SPOCD1",3,3.66941480022329,8
"HBEGF4","HBEGF",6,3.90192578043191,8
"VIPR14","VIPR1",8,3.17274547213065,8
"NCF44","NCF4",2,3.4436554493167,8
"RASEF4","RASEF",8,3.0001513985659,8
"F84","F8",5,3.05331820557821,8
"SORBS14","SORBS1",3,2.50135811543443,8
"SHISA24","SHISA2",7,2.74576321588889,8
"SLC18A24","SLC18A2",5,3.0794519293086,8
"PTH1R4","PTH1R",5,3.73567059720525,8
"FOXC14","FOXC1",3,3.59359216131033,8
"OLFM24","OLFM2",5,3.88838720001423,8
"ITGB84","ITGB8",8,3.21169976276817,8
"SMIM264","SMIM26",2,3.6650704995461,8
"PELI24","PELI2",5,3.03369350352195,8
"DOCK24","DOCK2",1,4.05724743264309,8
"PCDH94","PCDH9",6,3.59330725484527,8
"CAB39L4","CAB39L",4,2.41138960111344,8
"PTAFR4","PTAFR",2,2.61752524927501,8
"H2AC64","H2AC6",4,3.42474107656213,8
"CRISPLD14","CRISPLD1",5,2.75876325322386,8
"CMYA54","CMYA5",8,3.45770536991608,8
"HOXA94","HOXA9",5,2.71794523823655,8
"GREB14","GREB1",5,2.7149566841881,8
"RAMP34","RAMP3",5,3.47055774093324,8
"PASK4","PASK",2,3.1389205184874,8
"CEROX14","CEROX1",5,3.46109060539526,8
"SMIM224","SMIM22",8,4.08094264127983,8
"HOXA34","HOXA3",7,3.44028028955158,8
"CTSW4","CTSW",1,3.65308607251969,8
"AC006160.14","AC006160.1",1,3.52758201122849,8
"FGD34","FGD3",1,3.4055036267044,8
"DYNLT14","DYNLT1",2,2.75470716704534,8
"TMEM1284","TMEM128",2,3.21928371146595,8
"KRTCAP34","KRTCAP3",8,3.54243989390917,8
"CAPG4","CAPG",1,2.9558963776114,8
"CXCR2P14","CXCR2P1",1,3.99901270657372,8
"CD534","CD53",2,3.64735841095065,8
"LGI44","LGI4",5,3.18104234780679,8
"PEG34","PEG3",5,3.45856671094637,8
"SCGB1A14","SCGB1A1",4,3.19940917616471,8
"CARMIL24","CARMIL2",1,3.96138073758799,8
"PDK14","PDK1",1,3.23658962180444,8
"OAT4","OAT",2,3.14797988900537,8
"PLXNA44","PLXNA4",5,3.32535593517618,8
"LYPLAL1-AS14","LYPLAL1-AS1",5,3.29424830150469,8
"MBOAT24","MBOAT2",4,2.73260551915621,8
"SERPINA14","SERPINA1",1,2.99409765484469,8
"SH3BGRL24","SH3BGRL2",5,2.76287505688572,8
"LYPD34","LYPD3",4,3.20759538021393,8
"PKIB4","PKIB",2,2.68021483896888,8
"C1QTNF74","C1QTNF7",7,3.61622184431945,8
"HPRT14","HPRT1",8,2.49829820138437,8
"LINC014364","LINC01436",6,2.85904253577216,8
"HSPA24","HSPA2",4,2.86997211247724,8
"CPXM14","CPXM1",5,3.51716891464241,8
"PPIF4","PPIF",4,2.79946870798742,8
"STAP14","STAP1",1,3.60253050880083,8
"RIPOR34","RIPOR3",5,2.91920404604732,8
"HAVCR24","HAVCR2",3,2.90786910871183,8
"RNF1504","RNF150",5,2.89459677645458,8
"NEDD4L4","NEDD4L",8,3.17516420298946,8
"ATOX14","ATOX1",2,3.64669248608374,8
"ARHGAP194","ARHGAP19",5,2.4079241901347,8
"SCG24","SCG2",3,2.87265271391104,8
"AF001548.34","AF001548.3",8,2.73124565855485,8
"IQANK14","IQANK1",8,3.04756477043116,8
"P3H24","P3H2",5,3.15486195801733,8
"FER1L44","FER1L4",8,2.5973159140153,8
"SCRG14","SCRG1",8,2.6786140948836,8
"PILRA4","PILRA",3,3.13528081570784,8
"LAG34","LAG3",1,3.20439081466406,8
"SLC39A144","SLC39A14",3,3.6021078746122,8
"DGKI4","DGKI",3,3.59205943817982,8
"ABCA74","ABCA7",1,3.45600830256423,8
"CX3CR14","CX3CR1",7,2.89420869736429,8
"TNNI24","TNNI2",8,3.53598517392054,8
"GSDME4","GSDME",5,3.75607062665678,8
"FOXP24","FOXP2",5,3.60834925845274,8
"AC040160.14","AC040160.1",5,2.78220234894491,8
"GCNT24","GCNT2",4,3.12293492700929,8
"CSPG44","CSPG4",3,3.6091878437208,8
"DACH14","DACH1",7,2.43023076642029,8
"PDE1C4","PDE1C",8,3.30132575526992,8
"TBRG44","TBRG4",2,2.72885927276766,8
"TPPP34","TPPP3",6,3.50635429189875,8
"ARRDC24","ARRDC2",2,3.45699124486608,8
"GPR1324","GPR132",1,3.54608254730852,8
"ARHGAP284","ARHGAP28",5,3.97010716961286,8
"KNL14","KNL1",1,3.75157966422606,8
"ANKRD294","ANKRD29",5,3.09707385487604,8
"HERC2P34","HERC2P3",5,2.85745866598645,8
"GARNL34","GARNL3",5,3.431670762732,8
"PEAR14","PEAR1",5,3.94510108973532,8
"RGS164","RGS16",6,3.71680648669484,8
"DTX44","DTX4",5,2.70848254835716,8
"PYCR14","PYCR1",3,3.54136389580381,8
"MARVELD34","MARVELD3",4,3.43603927639461,8
"ADCY74","ADCY7",2,3.10219632544099,8
"PCDH174","PCDH17",3,3.64878953942375,8
"GALNT64","GALNT6",8,2.65525540560869,8
"AC093535.24","AC093535.2",5,3.45388729967925,8
"CSF3R4","CSF3R",6,3.39199538056103,8
"SLFN12L4","SLFN12L",1,3.49738587460812,8
"LRRN34","LRRN3",5,3.25369840290239,8
"RUNX34","RUNX3",1,3.65456756015697,8
"SMCO44","SMCO4",2,2.76696621415801,8
"ADAM284","ADAM28",1,4.11036124956397,8
"SPSB14","SPSB1",3,3.47822956690867,8
"SCN3A4","SCN3A",6,2.72336875154793,8
"COL4A44","COL4A4",1,3.24534811656593,8
"DENND1C4","DENND1C",1,3.80741854031243,8
"IPCEF14","IPCEF1",1,2.94316911076829,8
"HAND24","HAND2",5,3.03365721358239,8
"PNPLA74","PNPLA7",5,3.18171348018962,8
"RNF144B4","RNF144B",4,2.71019381694432,8
"MEST4","MEST",5,2.94800490089368,8
"HILPDA4","HILPDA",4,2.81107911623189,8
"NTM4","NTM",3,4.36588858915193,8
"TNFSF44","TNFSF4",1,3.09126097045626,8
"PPP1R1A4","PPP1R1A",8,2.27812488444403,8
"TMEM1004","TMEM100",7,3.32548129115588,8
"TNFRSF12A4","TNFRSF12A",3,4.97753226891772,8
"COL7A14","COL7A1",5,3.79789568002871,8
"PIK3R54","PIK3R5",6,3.00805454332685,8
"THRB4","THRB",5,3.21386435474421,8
"GMDS4","GMDS",2,2.83480162201177,8
"AC103740.14","AC103740.1",8,2.49663287650889,8
"PRKD14","PRKD1",5,3.02488853643723,8
"C11orf214","C11orf21",1,3.32164914516957,8
"SGIP14","SGIP1",3,3.52453600670509,8
"CA44","CA4",5,3.00288538810282,8
"GTF3C64","GTF3C6",2,3.06198048254857,8
"FBXO454","FBXO45",7,3.10940958786833,8
"SEPTIN14","SEPTIN1",1,3.69807365683464,8
"SERTAD14","SERTAD1",6,3.4059719619903,8
"AXIN24","AXIN2",5,3.33071351204774,8
"ECSCR4","ECSCR",6,3.26595106823207,8
"HAND2-AS14","HAND2-AS1",5,3.81771668546548,8
"MYO5C4","MYO5C",4,2.63061385714357,8
"UBE2M4","UBE2M",2,3.20301154715126,8
"B4GALNT44","B4GALNT4",8,3.38534735059237,8
"PCDHB164","PCDHB16",5,3.44563654963279,8
"LRRC8D4","LRRC8D",2,2.79316228925704,8
"NTRK14","NTRK1",5,3.08479903539186,8
"SCIMP4","SCIMP",1,3.4728809820789,8
"NTRK34","NTRK3",8,2.77214228957372,8
"MRPS264","MRPS26",2,3.00689127132414,8
"BCAT14","BCAT1",3,3.28009207310892,8
"ABHD114","ABHD11",4,3.39498605188528,8
"RBP14","RBP1",8,2.65572210919572,8
"DOK34","DOK3",1,3.21908652478917,8
"P2RY134","P2RY13",2,2.7849748782372,8
"HSPA84","HSPA8",3,2.58343755985325,8
"AMIGO24","AMIGO2",8,3.49071940792656,8
"PCOLCE24","PCOLCE2",6,3.41371200046922,8
"KYNU4","KYNU",4,3.83729270627219,8
"KMO4","KMO",1,3.07092054022679,8
"COPZ24","COPZ2",3,3.24776290154547,8
"PXYLP14","PXYLP1",5,3.09517646513396,8
"CDH134","CDH13",3,3.17514247701194,8
"SOX2-OT4","SOX2-OT",6,2.71810674281268,8
"KCNMB44","KCNMB4",5,3.61951095787086,8
"WNK24","WNK2",8,4.44237954218531,8
"KIF21B4","KIF21B",1,3.71561790506705,8
"SHROOM14","SHROOM1",5,2.65559643159465,8
"PRRX24","PRRX2",7,2.91367123384402,8
"PPARG4","PPARG",2,2.60784842426132,8
"ANKRD44-IT14","ANKRD44-IT1",1,4.32163804108319,8
"CDCA74","CDCA7",1,3.08877020416035,8
"NRARP4","NRARP",3,2.99768078827995,8
"TOMM404","TOMM40",2,2.66416394217281,8
"UBASH3A4","UBASH3A",1,4.05728234957129,8
"SOX74","SOX7",6,3.87289929774098,8
"BMP74","BMP7",5,3.39961356098652,8
"SFRP14","SFRP1",7,3.48344924481374,8
"FLT44","FLT4",5,2.77718912642754,8
"GPR44","GPR4",3,2.9339186955739,8
"SLC17A94","SLC17A9",1,2.81491785762075,8
"MCCC14","MCCC1",4,2.93388232814227,8
"APLN4","APLN",3,3.51729235468362,8
"DEF64","DEF6",1,4.09097520917055,8
"TEF4","TEF",5,3.51947186015051,8
"GPC44","GPC4",3,2.68523030025777,8
"H2BC19P4","H2BC19P",1,2.74919993515728,8
"ANOS14","ANOS1",3,2.71171354076503,8
"TENM34","TENM3",3,3.13154609225465,8
"SLC9A3-AS14","SLC9A3-AS1",8,2.65563082750471,8
"S1PR34","S1PR3",3,2.63939725589998,8
"C5AR14","C5AR1",3,3.54188662566391,8
"LAMA24","LAMA2",5,3.7234240735996,8
"NAT14","NAT1",7,2.45854862632757,8
"RNF134","RNF13",7,3.66502208361137,8
"ATP1B24","ATP1B2",5,3.31831331270632,8
"MT-CO24","MT-CO2",2,3.91326702653194,8
"ENPP54","ENPP5",8,3.11029354359679,8
"CHRM3-AS24","CHRM3-AS2",1,3.83159150630742,8
"MEG84","MEG8",5,3.88696319597003,8
"MT-TM4","MT-TM",7,2.88630384170227,8
"Z97192.34","Z97192.3",1,3.04380367435951,8
"TMEM45A4","TMEM45A",3,3.1735960491695,8
"SCN4B4","SCN4B",5,3.1459081096241,8
"SLC7A14","SLC7A1",6,2.63528687803342,8
"RNF1814","RNF181",2,3.42286354674371,8
"TMEM14B4","TMEM14B",2,3.65120027004671,8
"CCR54","CCR5",1,3.33311905563472,8
"CSTA4","CSTA",2,2.55693480329218,8
"LEF14","LEF1",1,2.96536128039118,8
"GCA4","GCA",6,2.97498375892555,8
"PCDH184","PCDH18",5,4.28813795814835,8
"BLNK4","BLNK",1,3.39803885221172,8
"BATF5","BATF",1,3.30592518924238,8
"KCNJ84","KCNJ8",5,2.73082579706049,8
"FAM13C4","FAM13C",5,3.12226790304817,8
"SORT14","SORT1",3,3.00625616754852,8
"CMTM74","CMTM7",8,2.77855260603914,8
"REEP64","REEP6",4,4.39663020011854,8
"DUSP54","DUSP5",6,3.34753375289154,8
"CCZ14","CCZ1",2,3.09557891582724,8
"THSD14","THSD1",7,2.7072251514497,8
"ADAMTS94","ADAMTS9",6,4.10249592523163,8
"LARGE24","LARGE2",8,3.24030267367708,8
"CYBA4","CYBA",2,3.37715338538592,8
"FGR4","FGR",6,3.36023563956682,8
"ERBB24","ERBB2",8,3.03000304649203,8
"SOX184","SOX18",6,2.95756535874523,8
"BCAP314","BCAP31",2,3.14674221050674,8
"CDR2L4","CDR2L",3,2.78455067720586,8
"RND14","RND1",6,3.07955558792558,8
"KIF224","KIF22",8,2.50612016107868,8
"AK44","AK4",8,2.44632001420076,8
"PODNL14","PODNL1",3,3.49278488430683,8
"SPON14","SPON1",3,3.91679085654098,8
"SYCP24","SYCP2",8,3.13527016142695,8
"SPAG44","SPAG4",2,2.46983948386994,8
"PATL24","PATL2",1,3.9255635337813,8
"RFX84","RFX8",5,3.05810506322666,8
"EPSTI14","EPSTI1",1,3.93004995729367,8
"PLEKHG54","PLEKHG5",5,2.8223097098475,8
"P4HA24","P4HA2",3,3.42790837448022,8
"PRKCB4","PRKCB",1,4.6569491841237,8
"CHMP4C4","CHMP4C",8,3.54890042746014,8
"AL034397.34","AL034397.3",1,2.44734847900541,8
"DDX414","DDX41",2,3.19364900717767,8
"RUBCNL4","RUBCNL",1,2.97706909698889,8
"NLGN4X4","NLGN4X",7,2.94768546814204,8
"SLC25A274","SLC25A27",5,2.73104592817492,8
"PERP4","PERP",8,3.8493126055396,8
"MRPS30-DT4","MRPS30-DT",7,2.75033883494232,8
"AC005046.14","AC005046.1",7,3.00836647886761,8
"GGH4","GGH",3,2.60152203057151,8
"LINC011974","LINC01197",5,3.17663493922402,8
"CHL14","CHL1",6,2.88506876839746,8
"CGNL14","CGNL1",5,2.76923637315224,8
"ICAM34","ICAM3",1,3.56041855810278,8
"PRDM84","PRDM8",5,3.78351030743625,8
"SLITRK44","SLITRK4",3,2.64389725546071,8
"NTN14","NTN1",7,3.00703614101939,8
"FCRLA4","FCRLA",1,3.88317994252032,8
"TUBA4A4","TUBA4A",1,2.90513062978934,8
"AP002026.14","AP002026.1",5,2.99452816284215,8
"OCIAD24","OCIAD2",2,2.93453620847866,8
"PITX14","PITX1",8,2.7561952584733,8
"GNAI14","GNAI1",5,3.18381107591333,8
"EGFR4","EGFR",7,3.39287400704152,8
"SEM14","SEM1",2,3.44574037797753,8
"PLAC94","PLAC9",6,3.60394489422804,8
"P3H44","P3H4",3,3.38927445680165,8
"GPR344","GPR34",7,3.4626177158787,8
"NID24","NID2",3,3.36215709419703,8
"PGD4","PGD",2,3.29980124407632,8
"TM6SF14","TM6SF1",2,2.87975360648578,8
"TMEM2304","TMEM230",2,3.3133618577521,8
"ITGA24","ITGA2",8,3.36911066031645,8
"ZNF6804","ZNF680",2,2.77952985682987,8
"TMC44","TMC4",8,3.83215535640622,8
"CHCHD24","CHCHD2",2,4.01162992024907,8
"RTN14","RTN1",2,2.58311202300174,8
"IL1RAP4","IL1RAP",3,3.07687448057256,8
"RBX14","RBX1",2,3.41501208341088,8
"GMIP4","GMIP",1,3.0380548795964,8
"FEN14","FEN1",2,2.51927425207422,8
"CASP34","CASP3",2,3.27124998042164,8
"GOLGA2P54","GOLGA2P5",8,3.65405176545497,8
"DMD4","DMD",8,3.31873832452295,8
"DTX24","DTX2",2,2.85459831967605,8
"MANSC14","MANSC1",4,2.38083469246385,8
"RCC14","RCC1",3,2.54500746818122,8
"PTPRF4","PTPRF",8,3.67180777530853,8
"LRATD14","LRATD1",8,2.93799810740955,8
"AL355816.24","AL355816.2",1,4.41622927462136,8
"SF3B44","SF3B4",2,3.23292093819811,8
"AL591895.14","AL591895.1",2,2.83449677981809,8
"TMEM45B4","TMEM45B",4,3.98204717522959,8
"ENPEP4","ENPEP",5,3.97815541678909,8
"MTATP6P14","MTATP6P1",2,3.34327220770889,8
"CD864","CD86",1,4.00664931766642,8
"MAPRE14","MAPRE1",2,2.92183322167789,8
"CELSR14","CELSR1",8,3.0417635230772,8
"LPXN4","LPXN",1,4.11090241356003,8
"KDELR34","KDELR3",3,3.71059252771083,8
"NLGN14","NLGN1",5,3.72896363394396,8
"C21orf59-TCP10L4","C21orf59-TCP10L",8,2.39700253880217,8
"C3AR14","C3AR1",2,3.08449199559267,8
"IGSF94","IGSF9",8,3.74746088146824,8
"AC073869.14","AC073869.1",2,3.2003653431877,8
"SERTAD4-AS14","SERTAD4-AS1",3,2.74962448952873,8
"ATP1A24","ATP1A2",5,2.79870477373278,8
"SASH34","SASH3",1,4.74085321865468,8
"C1orf2264","C1orf226",8,3.29178954084497,8
"LDLRAD34","LDLRAD3",8,2.61889517495573,8
"LRMP4","LRMP",1,3.89720890013027,8
"AL139393.34","AL139393.3",3,3.37776834296876,8
"MREG4","MREG",8,2.61438285688443,8
"DSP4","DSP",8,4.53507060521703,8
"ITPKC4","ITPKC",6,2.86613245066068,8
"ACSM34","ACSM3",4,3.3737244924212,8
"ARHGEF374","ARHGEF37",4,3.53982264234476,8
"PLEKHO24","PLEKHO2",2,2.73901513747402,8
"UBE2E34","UBE2E3",3,2.48690334915726,8
"GZMM4","GZMM",1,4.20270284624845,8
"Z97200.14","Z97200.1",3,2.60602987022453,8
"RAI24","RAI2",7,3.12303627670671,8
"WAKMAR24","WAKMAR2",1,2.93213792057424,8
"ST8SIA14","ST8SIA1",1,3.09042055876504,8
"PCNA4","PCNA",2,3.34871549455565,8
"NUS14","NUS1",8,2.62252921315395,8
"CYP27C14","CYP27C1",5,2.7932106649659,8
"DCLK14","DCLK1",5,4.07097424485601,8
"IGF2BP24","IGF2BP2",3,2.795240390675,8
"FAM110A4","FAM110A",2,2.90427927178917,8
"DAAM24","DAAM2",5,3.94623784315638,8
"IL334","IL33",6,3.28106421507242,8
"PER34","PER3",5,2.87230100710637,8
"ADAMTS124","ADAMTS12",5,3.50972036569902,8
"DNM14","DNM1",5,4.27094718793223,8
"IFFO24","IFFO2",8,2.7146005512451,8
"PER24","PER2",6,3.07011009771328,8
"MEMO14","MEMO1",1,2.39430422086356,8
"ZNF4714","ZNF471",7,2.94002015489748,8
"ENC14","ENC1",3,3.46888958215374,8
"CRY24","CRY2",2,2.64120828850007,8
"CADPS4","CADPS",5,2.86452165249664,8
"LILRB24","LILRB2",6,3.61297058803995,8
"MAT2A4","MAT2A",6,2.65333074366923,8
"KCND24","KCND2",3,2.31158104359977,8
"SYTL14","SYTL1",1,3.22461880725705,8
"ACACA4","ACACA",4,3.48556714523164,8
"SLC6A64","SLC6A6",3,3.08758272903864,8
"ABCA64","ABCA6",5,4.16207850671945,8
"SPATA64","SPATA6",5,3.36666659751296,8
"LRATD24","LRATD2",2,2.54989641612982,8
"CLCF14","CLCF1",6,3.30065649874167,8
"MXD14","MXD1",6,2.82672324028021,8
"MTCYBP134","MTCYBP13",4,2.83697100075864,8
"DAPK14","DAPK1",2,2.83579897748468,8
"CC2D2B4","CC2D2B",5,3.95509246285453,8
"PPP1R14B4","PPP1R14B",3,3.04610926110535,8
"HSD11B24","HSD11B2",8,2.80946260068307,8
"FRRS1L4","FRRS1L",5,3.55864780986494,8
"SIRPG4","SIRPG",1,4.10205915430764,8
"USB14","USB1",2,2.9933746437923,8
"KLK44","KLK4",3,3.36610778854353,8
"TMEM1444","TMEM144",5,3.45366170718307,8
"KIF234","KIF23",1,2.83542118788325,8
"LTB4R4","LTB4R",6,2.72869346314245,8
"TRNP14","TRNP1",8,3.16394535740038,8
"AP001528.24","AP001528.2",5,3.12763813138036,8
"CXorf214","CXorf21",1,3.77466630686256,8
"KLF154","KLF15",7,2.74624719296392,8
"TCEAL74","TCEAL7",5,3.50986104664238,8
"GPR1464","GPR146",5,2.99607310049535,8
"MIRLET7BHG4","MIRLET7BHG",5,3.03448689520425,8
"FGF24","FGF2",6,3.55552760909501,8
"DCK4","DCK",1,3.1039965714634,8
"AC122718.14","AC122718.1",3,2.77509711369794,8
"FKBP114","FKBP11",6,2.81901309763091,8
"RPS6KA14","RPS6KA1",2,2.95864964984316,8
"CIDEC4","CIDEC",7,2.80096247794629,8
"GPRASP14","GPRASP1",5,3.01480395259403,8
"FAM133CP4","FAM133CP",5,2.83743237130136,8
"LGR44","LGR4",8,2.80427086391126,8
"WDR864","WDR86",5,4.10488184235256,8
"NELL24","NELL2",1,3.46503421074495,8
"PRKAA24","PRKAA2",5,2.5882924462167,8
"SEMA6D4","SEMA6D",5,3.0751752190182,8
"H1-34","H1-3",1,3.0864836034961,8
"CMTM44","CMTM4",5,2.74874586164625,8
"XG4","XG",3,2.62089128005057,8
"CDCP14","CDCP1",3,3.19706297304933,8
"AMPD34","AMPD3",1,3.36537391799823,8
"RNU6-1016P4","RNU6-1016P",7,2.87090422780667,8
"SS18L24","SS18L2",2,3.13717652948317,8
"G6PD4","G6PD",4,3.21764347587045,8
"LILRB14","LILRB1",1,3.55970725843012,8
"GRAP5","GRAP",1,3.19623650466606,8
"COL13A14","COL13A1",3,3.18490285959148,8
"RAB27B4","RAB27B",4,2.98290364183494,8
"F104","F10",6,3.11339079085916,8
"SKAP14","SKAP1",1,3.76940992006566,8
"MARCO4","MARCO",6,2.65796090903075,8
"SERPINI14","SERPINI1",2,2.61082476327834,8
"SCN2A4","SCN2A",8,2.82414270060963,8
"GABRE4","GABRE",4,3.14182185118213,8
"MRGPRF4","MRGPRF",5,3.03443936602772,8
"CREB3L14","CREB3L1",3,3.75372623361606,8
"NR2F1-AS14","NR2F1-AS1",5,4.29078634155633,8
"RHOJ4","RHOJ",5,4.05800552090414,8
"NPR14","NPR1",5,3.64264673694311,8
"UBE2T4","UBE2T",2,2.79841830838457,8
"HAS24","HAS2",6,3.82163775751844,8
"TMEM1544","TMEM154",1,3.02926563865601,8
"NDNF4","NDNF",5,2.85183556778404,8
"PRIMPOL4","PRIMPOL",2,2.83565874659286,8
"AIDA4","AIDA",2,3.1575700884866,8
"TMOD14","TMOD1",6,3.1288510318233,8
"PPP1R14A4","PPP1R14A",5,2.91451325171038,8
"DTD14","DTD1",2,3.04342751274914,8
"HSPE14","HSPE1",2,3.4969300900944,8
"AC022034.14","AC022034.1",4,2.47833418340987,8
"TCF74","TCF7",1,4.71646529585861,8
"CLCA24","CLCA2",4,4.03168016841787,8
"LHX64","LHX6",6,3.21793253132428,8
"MERTK4","MERTK",5,2.47833472547479,8
"NDRG24","NDRG2",8,3.41276496919984,8
"MAP2K44","MAP2K4",5,3.00381629961273,8
"TPO4","TPO",6,3.22415148428811,8
"CCR14","CCR1",6,3.72253938822764,8
"SMS4","SMS",2,2.74093640399526,8
"NCEH14","NCEH1",1,2.96427341500873,8
"GPRASP24","GPRASP2",5,2.84904968680672,8
"EXPH54","EXPH5",5,2.93127168951434,8
"AC006330.14","AC006330.1",1,3.32879892644219,8
"PMAIP14","PMAIP1",1,3.1485066879687,8
"SNCG4","SNCG",6,3.03216064488778,8
"SAP304","SAP30",2,2.83743108861937,8
"KCNJ24","KCNJ2",7,3.4049753867484,8
"PDLIM34","PDLIM3",3,3.26442439355595,8
"LACTB24","LACTB2",2,2.50233073017545,8
"PDE10A4","PDE10A",5,3.76714719325318,8
"AC093157.14","AC093157.1",2,2.50102275479458,8
"GK4","GK",6,3.07552400467808,8
"SRD5A34","SRD5A3",4,2.71328669884524,8
"ZNF8754","ZNF875",8,2.42401349739111,8
"CFI4","CFI",6,2.81940824207457,8
"SLC22A54","SLC22A5",5,2.63886420380107,8
"SEMA7A4","SEMA7A",2,2.83226976127915,8
"PLXNB14","PLXNB1",8,3.11150179667346,8
"MCM44","MCM4",3,2.51193730049877,8
"PPP1R16B4","PPP1R16B",1,3.04354181326559,8
"MAD2L14","MAD2L1",1,2.8960581781196,8
"AOAH4","AOAH",2,2.93103081504441,8
"UBTD14","UBTD1",2,2.88174189421407,8
"FAM180A4","FAM180A",3,2.72376051292376,8
"TDRP4","TDRP",5,2.80599313375965,8
"SEMA3F4","SEMA3F",3,2.76612043672147,8
"MRPS174","MRPS17",3,2.29876746765813,8
"OAS14","OAS1",1,3.40435849365825,8
"RASGEF1B4","RASGEF1B",6,2.85016236761009,8
"C1orf214","C1orf21",5,3.10309875465653,8
"TPTEP14","TPTEP1",8,2.97331268295582,8
"HIGD1A4","HIGD1A",2,2.81346437369341,8
"KLHDC7B4","KLHDC7B",1,3.28483922087569,8
"CRY14","CRY1",3,2.62236727885718,8
"EREG4","EREG",6,3.43821232557132,8
"CCZ1B4","CCZ1B",2,2.90723031952674,8
"LMO74","LMO7",3,3.14925630722624,8
"BTBD104","BTBD10",2,3.27737364540488,8
"GPR1764","GPR176",3,2.86077951111238,8
"GMFB4","GMFB",2,3.48249917210737,8
"SLA5","SLA",1,3.71174998994503,8
"TF4","TF",8,2.77072834297038,8
"PDE9A4","PDE9A",5,2.81720944325378,8
"VSIG44","VSIG4",2,2.55047685303766,8
"TPST14","TPST1",2,3.05013990041271,8
"RAPGEF34","RAPGEF3",5,3.95148451478826,8
"UEVLD4","UEVLD",2,2.5688330620183,8
"SORBS24","SORBS2",8,3.66093886803772,8
"CMBL4","CMBL",7,3.30431038877811,8
"SNRPG4","SNRPG",2,2.73104395433571,8
"NPAS24","NPAS2",3,2.809021263232,8
"SAMSN14","SAMSN1",1,3.35150986701573,8
"OASL4","OASL",2,3.08513174748191,8
"CNTROB4","CNTROB",3,2.60778510522304,8
"SLC1A44","SLC1A4",2,3.07758180325095,8
"NBEA4","NBEA",5,3.62585458017241,8
"GPR1604","GPR160",4,2.63478012216157,8
"TMEM255B4","TMEM255B",6,2.47137708538131,8
"SCG54","SCG5",5,3.25717057336349,8
"KCNK14","KCNK1",4,2.92756149396172,8
"SEMA4B4","SEMA4B",4,2.89146619751846,8
"FAM198B-AS14","FAM198B-AS1",5,3.45885173721457,8
"NEK84","NEK8",1,3.42589082058943,8
"ADA4","ADA",2,2.94989452681508,8
"HOMER24","HOMER2",8,3.5049493087522,8
"SELENOM4","SELENOM",2,2.91356776316252,8
"ALDH1A34","ALDH1A3",3,3.01014990686685,8
"HELLS4","HELLS",1,3.36310913042707,8
"AGTR14","AGTR1",5,3.00513137901136,8
"RAC24","RAC2",1,4.42910728563639,8
"GPR1534","GPR153",5,3.14217438720238,8
"ZNF4364","ZNF436",5,3.22316900807832,8
"FAM131A4","FAM131A",8,2.55294430894311,8
"HSF24","HSF2",6,2.42085542629467,8
"PAK34","PAK3",5,3.1118407585815,8
"SFXN44","SFXN4",8,2.63099097873672,8
"NBEAL24","NBEAL2",2,2.74566480041924,8
"IKZF14","IKZF1",1,4.04654226608574,8
"JCHAIN4","JCHAIN",6,4.00334469235939,8
"JAK34","JAK3",1,3.89580864537396,8
"BDNF-AS4","BDNF-AS",8,2.58869000116577,8
"CA84","CA8",8,3.12994503324775,8
"STX114","STX11",6,3.14378111425675,8
"TPD524","TPD52",8,3.19945538874056,8
"PGM54","PGM5",6,2.94274103548775,8
"CEP170B4","CEP170B",3,2.85613490839302,8
"C17orf584","C17orf58",6,2.59930174453314,8
"MT-TS24","MT-TS2",2,2.85760905962127,8
"ARHGAP274","ARHGAP27",2,3.13391798729522,8
"HSPA4L4","HSPA4L",6,2.87128296810759,8
"MT-TH4","MT-TH",7,3.29912044237777,8
"TBXAS14","TBXAS1",2,3.19809279957732,8
"FERMT34","FERMT3",1,3.25317816915433,8
"DUSP104","DUSP10",1,2.79475213675795,8
"NEK54","NEK5",8,2.83970262234244,8
"SLC4A114","SLC4A11",8,3.07069057153837,8
"AGPAT24","AGPAT2",2,3.75301982175854,8
"MNS14","MNS1",7,3.14101441984388,8
"SNCAIP4","SNCAIP",5,3.71138405119814,8
"AC103691.14","AC103691.1",8,2.49301673551226,8
"POFUT24","POFUT2",2,2.79783205252963,8
"PLEKHA64","PLEKHA6",8,3.43959401414181,8
"LRG14","LRG1",4,3.46932761258133,8
"ZBTB464","ZBTB46",5,3.45627807590511,8
"IRF54","IRF5",1,3.12778618199856,8
"GIMAP54","GIMAP5",1,3.99246970741846,8
"CRMP14","CRMP1",5,3.20833327278336,8
"PHGDH4","PHGDH",8,2.93571670286001,8
"TREM14","TREM1",3,3.52866869034876,8
"MCUB4","MCUB",2,3.18916683865113,8
"SOCS24","SOCS2",5,3.17817712987881,8
"TRUB14","TRUB1",2,2.72513331166548,8
"GADD45GIP14","GADD45GIP1",2,3.09317354912975,8
"HYMAI4","HYMAI",5,3.43467259716148,8
"EIF64","EIF6",2,2.88654095641274,8
"PTGER34","PTGER3",6,2.83670194397833,8
"RFX24","RFX2",6,2.67356345802751,8
"LINC010874","LINC01087",7,3.2708504931632,8
"HEPH4","HEPH",5,3.0088210011037,8
"CDO14","CDO1",5,3.00621842216279,8
"PPIL14","PPIL1",2,2.90285235273917,8
"MMP154","MMP15",3,2.34374716563598,8
"DENND2A4","DENND2A",5,3.8777254810008,8
"PLEKHG4B4","PLEKHG4B",8,3.44859033163881,8
"BHMT24","BHMT2",7,2.86135002310633,8
"CXCL174","CXCL17",4,3.18157151220328,8
"CPLX14","CPLX1",5,3.29431857090351,8
"LY864","LY86",1,3.08902774773543,8
"PIEZO24","PIEZO2",5,2.71581609060338,8
"SFRP44","SFRP4",7,4.4003145998212,8
"AC004151.14","AC004151.1",1,4.12365530500275,8
"LSAMP4","LSAMP",6,3.38839948425902,8
"FGF134","FGF13",3,2.29506104262847,8
"CSKMT4","CSKMT",2,2.88915534275902,8
"AL117329.14","AL117329.1",8,2.72286331151956,8
"DOK14","DOK1",2,3.5589581895977,8
"VIPAS394","VIPAS39",2,2.99486165468904,8
"NCS14","NCS1",3,3.19630711239401,8
"ADGRE24","ADGRE2",6,3.21370388513347,8
"LINC010944","LINC01094",3,2.88056484582303,8
"SLC35B24","SLC35B2",2,2.83682249966794,8
"DOC2B4","DOC2B",6,3.46836228742919,8
"SYNGR14","SYNGR1",5,2.54985408558819,8
"CCNA24","CCNA2",1,3.0471138928844,8
"ADAMTS24","ADAMTS2",3,3.87933730321121,8
"LDLR4","LDLR",6,3.89112295478813,8
"SLITRK64","SLITRK6",8,2.93194203750921,8
"CORIN4","CORIN",3,3.14734251735651,8
"BCL6B4","BCL6B",3,2.7711529405264,8
"HOXA54","HOXA5",5,2.68564942944642,8
"TMEM884","TMEM88",6,3.43993421465765,8
"NIPA14","NIPA1",1,2.49483358826857,8
"GNG74","GNG7",8,2.82794355749265,8
"ZNF105","ZNF10",6,2.36217762456163,8
"UBASH3B4","UBASH3B",1,2.82490946764763,8
"GLIS34","GLIS3",3,3.31813417049621,8
"PKDCC4","PKDCC",3,2.73653501698137,8
"PKP24","PKP2",8,2.75865361317722,8
"MUC204","MUC20",5,2.54809733824306,8
"DPEP24","DPEP2",1,3.03371454299043,8
"KAZN4","KAZN",5,2.90158809092936,8
"ACE4","ACE",2,2.35065779124201,8
"HNRNPA1P544","HNRNPA1P54",6,2.59724807833159,8
"ZNF7364","ZNF736",1,2.45799674973406,8
"ETV74","ETV7",1,2.96621499934395,8
"COQ8A4","COQ8A",5,2.5465958184224,8
"GTF2I4","GTF2I",7,3.11147555453392,8
"DLG54","DLG5",8,2.90984074164558,8
"KHDRBS34","KHDRBS3",3,3.29925918252587,8
"SRGAP34","SRGAP3",5,2.70607913533878,8
"MIR222HG4","MIR222HG",6,2.84252609484813,8
"PKHD1L14","PKHD1L1",1,2.76398314036869,8
"NAV34","NAV3",5,3.13300443870047,8
"AC134043.34","AC134043.3",5,2.96802767079727,8
"DACT14","DACT1",3,2.96044320400855,8
"ZC3H12A4","ZC3H12A",6,3.2407635345757,8
"ZNF1014","ZNF101",1,3.50449451930032,8
"BIVM4","BIVM",7,2.66192707383431,8
"ABCB14","ABCB1",5,3.01379357895752,8
"PCLAF4","PCLAF",1,2.91541393574838,8
"PRDM54","PRDM5",5,3.32698520117408,8
"MTFMT4","MTFMT",2,2.37553284933817,8
"TMEM2674","TMEM267",8,2.5178582218271,8
"WDFY3-AS24","WDFY3-AS2",7,2.66568167717504,8
"NCAPG4","NCAPG",1,3.54272308227706,8
"RAB374","RAB37",1,3.166798269009,8
"TRAPPC24","TRAPPC2",2,2.6580521601726,8
"EPHB34","EPHB3",8,3.07182153336301,8
"SIM14","SIM1",5,2.64513689653642,8
"NEIL14","NEIL1",8,2.87364513259926,8
"GNAL4","GNAL",6,2.84587058533211,8
"RNGTT4","RNGTT",1,2.89058698461878,8
"KLHL64","KLHL6",1,3.41333563788719,8
"AC110285.24","AC110285.2",5,2.6025215979815,8
"AL390728.64","AL390728.6",2,2.49034085480921,8
"SLC35E2A4","SLC35E2A",2,3.11299448899757,8
"UCHL34","UCHL3",2,2.55695987513624,8
"ZNNT14","ZNNT1",7,2.44605659613317,8
"PAXX4","PAXX",2,3.02199175068767,8
"SLC9A74","SLC9A7",2,2.46092953500274,8
"VAMP14","VAMP1",2,2.99153323315433,8
"DOCK64","DOCK6",5,3.08164327023054,8
"PDE5A4","PDE5A",5,3.86485079376898,8
"PRUNE14","PRUNE1",2,3.11329125327022,8
"CD163L14","CD163L1",6,2.8155271130859,8
"UQCRFS14","UQCRFS1",2,3.36452004705656,8
"GPX74","GPX7",2,2.74189897527415,8
"DDX39B4","DDX39B",5,2.53542695914454,8
"ARAP24","ARAP2",1,4.49104070965789,8
"NDUFAF24","NDUFAF2",7,2.72642810881702,8
"BMERB14","BMERB1",7,3.17148144033873,8
"DIPK2B4","DIPK2B",5,3.20625362022952,8
"LILRB34","LILRB3",6,3.72314418724908,8
"EDEM24","EDEM2",2,2.80714674363194,8
"CDKN2D4","CDKN2D",2,2.66320619468959,8
"PSMB8-AS14","PSMB8-AS1",1,3.30298734466897,8
"SULT1C44","SULT1C4",5,3.52785505754857,8
"PHF134","PHF13",2,2.35800891033441,8
"SIX14","SIX1",4,2.63783851909841,8
"BOC4","BOC",5,4.09144180003778,8
"DNAJC124","DNAJC12",7,3.04152184177858,8
"RTL8A4","RTL8A",2,2.75681358062047,8
"TMEM2164","TMEM216",7,2.59118965508282,8
"ZBTB184","ZBTB18",2,2.80593872823544,8
"ARSB4","ARSB",2,3.12819691943597,8
"XKR64","XKR6",8,3.05269474394294,8
"TM7SF24","TM7SF2",4,3.26700967384107,8
"CRNDE4","CRNDE",8,3.123692199946,8
"PARD6B4","PARD6B",7,2.77281743078379,8
"CNKSR34","CNKSR3",6,2.52894303442103,8
"LRRC24","LRRC2",5,2.81550731721463,8
"LINC008994","LINC00899",8,2.92108762501866,8
"EBF24","EBF2",5,3.63829956869933,8
"ERBB44","ERBB4",8,3.66388758855084,8
"ZNF1174","ZNF117",5,2.49695198589533,8
"ANG4","ANG",2,2.67955628497091,8
"STAT44","STAT4",1,3.2979926930677,8
"CAPN154","CAPN15",2,3.21880636616958,8
"CASKIN24","CASKIN2",5,2.61229470858137,8
"TRPV64","TRPV6",4,4.16110597272536,8
"IKBKE4","IKBKE",1,3.28620132360717,8
"HOXC104","HOXC10",5,2.90147679807627,8
"RNF1524","RNF152",5,3.23215594346304,8
"FST4","FST",3,3.10385591073688,8
"AC104825.14","AC104825.1",5,2.37525294014109,8
"BANF14","BANF1",2,2.98707806526318,8
"ETV54","ETV5",5,3.26509759056657,8
"BARX24","BARX2",8,3.86445678510079,8
"CD2744","CD274",2,2.70633746238064,8
"FRMD34","FRMD3",5,3.02481463554719,8
"TBC1D24","TBC1D2",2,2.87803806803927,8
"AC080014.14","AC080014.1",6,3.13563629769784,8
"MTHFD1L4","MTHFD1L",3,3.36859338555816,8
"SLC15A24","SLC15A2",1,2.84983768155601,8
"A2M-AS14","A2M-AS1",1,3.49373116776928,8
"CCDC144B4","CCDC144B",5,3.13806480579854,8
"VLDLR4","VLDLR",5,2.57621554496145,8
"CCDC1154","CCDC115",2,3.08680451591034,8
"PIK3AP14","PIK3AP1",1,3.3475445988115,8
"SELENBP14","SELENBP1",8,2.77648642844413,8
"WAS4","WAS",1,3.82029639381357,8
"KAZALD14","KAZALD1",5,2.8198774474891,8
"SPINT14","SPINT1",4,3.29261440195397,8
"SMPDL3A4","SMPDL3A",2,2.77454441395015,8
"COQ64","COQ6",2,2.7082179171746,8
"TCEA34","TCEA3",7,2.66849671506001,8
"RHOV4","RHOV",8,3.52804825988144,8
"FZD84","FZD8",7,3.13365140688751,8
"PCK24","PCK2",4,2.86897985331064,8
"SPNS24","SPNS2",6,2.78177521752774,8
"MT-TF4","MT-TF",2,2.53232479622399,8
"EHD34","EHD3",5,2.4785314875108,8
"CASTOR24","CASTOR2",5,2.67768239798226,8
"COBL4","COBL",8,3.32572476094077,8
"DCHS14","DCHS1",5,4.03666661887979,8
"RFTN24","RFTN2",5,3.31482466495709,8
"FGD14","FGD1",5,2.82273594291078,8
"NOS34","NOS3",6,2.85906243530339,8
"LILRA44","LILRA4",1,3.47312887138655,8
"TENM44","TENM4",5,3.0275223522232,8
"SH3BP5-AS14","SH3BP5-AS1",1,2.4107096329818,8
"COLCA14","COLCA1",5,3.00923786012065,8
"NFAM14","NFAM1",2,2.58220973662755,8
"HLA-DQB24","HLA-DQB2",1,2.96175890635854,8
"BCAS44","BCAS4",1,3.55903180122882,8
"SELPLG4","SELPLG",1,3.54739823444017,8
"TSPOAP1-AS14","TSPOAP1-AS1",1,3.33000838087229,8
"CTXN14","CTXN1",3,2.94802902090121,8
"SEMA4A4","SEMA4A",6,3.18081751613349,8
"PSTPIP24","PSTPIP2",8,2.36971160491491,8
"PAX8-AS14","PAX8-AS1",1,2.48917727201458,8
"NOSTRIN4","NOSTRIN",5,3.75052054056618,8
"HOMER34","HOMER3",2,2.7420256287391,8
"FAM13A-AS14","FAM13A-AS1",2,2.40719336393644,8
"EIF4EBP14","EIF4EBP1",3,2.7763636715474,8
"MICAL14","MICAL1",1,2.87066454138611,8
"PDAP14","PDAP1",2,3.29633546025317,8
"NCALD4","NCALD",8,3.24284972087279,8
"ZNF204P4","ZNF204P",8,2.62504245818691,8
"GLYATL24","GLYATL2",8,2.81653665116284,8
"ZSWIM44","ZSWIM4",3,3.19193931258258,8
"PTGES24","PTGES2",2,3.07986177179974,8
"OSBPL34","OSBPL3",1,2.85238948847457,8
"CIAO2A4","CIAO2A",2,3.45381193105973,8
"BNIP34","BNIP3",2,2.78776280272334,8
"GPSM14","GPSM1",5,3.42945115319137,8
"BCHE4","BCHE",6,3.46757611011496,8
"TTC39A4","TTC39A",4,3.26937506528476,8
"DESI14","DESI1",2,2.91438956354538,8
"PTPN214","PTPN21",5,3.05227680191114,8
"GPR137B4","GPR137B",2,3.41834521956943,8
"SOX64","SOX6",3,3.23724110063946,8
"KLRD14","KLRD1",1,3.27392492888066,8
"TGFB1I14","TGFB1I1",3,2.88274754169046,8
"FBLN54","FBLN5",5,4.09013642347134,8
"SNTB14","SNTB1",2,2.20521169745865,8
"ARMH34","ARMH3",2,2.66090316236624,8
"ZNF4194","ZNF419",2,2.38983113938696,8
"PLIN24","PLIN2",6,2.79344244147732,8
"AC006509.34","AC006509.3",5,2.62106072748147,8
"SDHA4","SDHA",2,2.91996256554262,8
"VEGFC4","VEGFC",2,2.72486736819226,8
"DDX584","DDX58",2,2.60294869142693,8
"KLHL214","KLHL21",5,2.41950798018498,8
"LOXL44","LOXL4",8,2.7591188719404,8
"FANCD24","FANCD2",1,2.78157217496421,8
"NECTIN34","NECTIN3",5,2.68795848953897,8
"BEND54","BEND5",7,3.15355591513121,8
"CREB3L44","CREB3L4",4,3.65623316535601,8
"HOXC44","HOXC4",5,3.16096243937939,8
"AKR1C14","AKR1C1",6,3.08631787002957,8
"NAV24","NAV2",8,3.4692843931619,8
"AC027020.24","AC027020.2",1,2.48000654794398,8
"TSPAN17","TSPAN1",7,2.93440569441402,8
"TMCC34","TMCC3",5,2.85927445446671,8
"ADAMTS144","ADAMTS14",3,3.55162709632981,8
"MT1F4","MT1F",8,2.84042567376812,8
"FOXP34","FOXP3",1,3.2777941652438,8
"NFIL34","NFIL3",6,4.85634628291692,8
"NR3C24","NR3C2",8,2.62736285104866,8
"ZNF385D4","ZNF385D",6,3.17019686301504,8
"LURAP1L4","LURAP1L",2,2.32058792517055,8
"SCUBE34","SCUBE3",3,3.15991597817159,8
"RPA34","RPA3",2,2.73227167479706,8
"DOK44","DOK4",3,2.44599892263969,8
"VDR4","VDR",3,3.09727387961992,8
"NTAN14","NTAN1",2,3.12122541403761,8
"RPS12P164","RPS12P16",7,2.79899752713776,8
"KIF26A4","KIF26A",5,3.46659851105696,8
"THNSL24","THNSL2",5,3.10802589048818,8
"INAFM14","INAFM1",5,3.10294489321038,8
"HCK4","HCK",6,2.85773650248263,8
"MYOC4","MYOC",6,3.2722994901189,8
"LRRC424","LRRC42",2,2.45043997019493,8
"MYC4","MYC",6,4.21939459339819,8
"CLEC11A4","CLEC11A",5,3.67306554631875,8
"LRRC75A4","LRRC75A",1,3.66521439865108,8
"LINC008824","LINC00882",5,3.02019690770763,8
"PTS4","PTS",3,2.699564442151,8
"CYB5A4","CYB5A",4,2.78150694883917,8
"CDK2AP24","CDK2AP2",2,2.84250291847081,8
"TNFAIP34","TNFAIP3",1,3.31078908952299,8
"HULC4","HULC",8,2.76865907825199,8
"SGPP14","SGPP1",2,3.0388612964721,8
"ST6GALNAC54","ST6GALNAC5",3,3.05323460963972,8
"LINC015154","LINC01515",5,2.81293189613155,8
"PDZRN44","PDZRN4",7,2.60930315683708,8
"PNO14","PNO1",3,2.68168456597319,8
"WASF14","WASF1",7,2.62787862685436,8
"SLC25A444","SLC25A44",6,2.3131465963983,8
"HLCS4","HLCS",8,2.58181307406363,8
"GRIA34","GRIA3",5,3.73946699910349,8
"NLRC54","NLRC5",1,4.05661657528339,8
"AL133243.34","AL133243.3",1,2.68075775949745,8
"ETFDH4","ETFDH",8,2.18641021817951,8
"XYLT14","XYLT1",3,3.08713236601578,8
"SHE4","SHE",5,3.45554148574396,8
"THRB-IT14","THRB-IT1",5,3.1521484895975,8
"HIF3A4","HIF3A",5,2.80133869503078,8
"ROBO44","ROBO4",5,3.2784146071652,8
"GABPA4","GABPA",2,2.93533284281072,8
"ZNF3504","ZNF350",4,2.43344312748673,8
"FBLN74","FBLN7",5,3.10464023555713,8
"ABCC34","ABCC3",3,2.70147854166533,8
"AL109918.14","AL109918.1",1,3.01643082897369,8
"MFNG4","MFNG",2,2.9510002544374,8
"PGF4","PGF",3,2.70326312770527,8
"LRIG34","LRIG3",5,3.29875494849936,8
"CAP24","CAP2",7,2.94091765000845,8
"FBXL74","FBXL7",5,3.00734076070031,8
"LZTS14","LZTS1",3,3.55389708772916,8
"BATF34","BATF3",6,3.00015069689862,8
"ENPP24","ENPP2",6,3.28248743050716,8
"MICOS134","MICOS13",2,2.91675263659454,8
"HAPLN34","HAPLN3",1,3.02049522993398,8
"TIPARP4","TIPARP",6,2.47004292282991,8
"FRK4","FRK",7,2.36713281123027,8
"ADGRB24","ADGRB2",5,3.37990547390894,8
"APBA24","APBA2",1,3.06567847258251,8
"LAT24","LAT2",1,3.38632065525981,8
"COCH4","COCH",8,2.55207483228374,8
"PGGHG4","PGGHG",8,2.76185952082682,8
"GPAT34","GPAT3",6,2.93157521590613,8
"NADK4","NADK",1,2.72734758356828,8
"PROCR4","PROCR",3,2.40455383411121,8
"LIPT14","LIPT1",7,2.63162468776575,8
"TNFRSF94","TNFRSF9",1,3.53197998529525,8
"PARD6G4","PARD6G",7,2.92290921182677,8
"HOXA104","HOXA10",5,2.7257469201874,8
"GATM4","GATM",4,2.72462878919101,8
"TMC54","TMC5",4,2.688480410852,8
"TSPAN154","TSPAN15",2,2.7179784518525,8
"TMEM2544","TMEM254",5,2.44731685431952,8
"SETD1B4","SETD1B",2,2.79337571997608,8
"GMPPA4","GMPPA",2,3.13029874974772,8
"HOOK14","HOOK1",8,3.34495668616894,8
"RHNO14","RHNO1",2,2.76229270316243,8
"CEBPA4","CEBPA",2,2.915605225643,8
"PLPP44","PLPP4",3,3.6326574283113,8
"DBF44","DBF4",1,3.25754529431445,8
"CHDH4","CHDH",8,3.27980156081748,8
"TRAT14","TRAT1",1,3.86959598066624,8
"ASB64","ASB6",6,2.2719189564932,8
"RPA14","RPA1",2,2.65428163231152,8
"PLCB24","PLCB2",1,3.10424120575224,8
"ACSS34","ACSS3",5,2.82047465213644,8
"CALB24","CALB2",3,2.82143844565357,8
"NREP4","NREP",3,3.92990803954633,8
"CDS14","CDS1",8,3.13599280071283,8
"DDX114","DDX11",2,2.45033223767395,8
"PRDM64","PRDM6",5,2.86822402401286,8
"BHLHE404","BHLHE40",6,3.27647645942342,8
"FAM78A4","FAM78A",1,3.651404692322,8
"BLVRA4","BLVRA",2,3.3137134456959,8
"GPR654","GPR65",1,3.22538238115639,8
"HS3ST3A14","HS3ST3A1",7,2.83686503955747,8
"FAM221A4","FAM221A",6,2.17271099685997,8
"AC005253.14","AC005253.1",1,4.22093171357213,8
"PLCH24","PLCH2",8,2.94379916455574,8
"GLRX4","GLRX",2,3.44493284623701,8
"DTX14","DTX1",6,2.86660211847893,8
"NPR24","NPR2",5,2.88193767024969,8
"AL121839.24","AL121839.2",8,3.04853125217455,8
"SLC9B24","SLC9B2",6,2.4123173440104,8
"CCDC34","CCDC3",6,2.82504808677255,8
"PGAP14","PGAP1",6,2.59612067949725,8
"SCN9A4","SCN9A",6,3.35692368454837,8
"BTBD194","BTBD19",3,3.16751941347837,8
"CLECL14","CLECL1",1,3.69465693195874,8
"IMMP2L4","IMMP2L",7,2.16567886473906,8
"RGS134","RGS13",5,2.61442944353733,8
"CLNK4","CLNK",1,3.40736339313368,8
"ITGB34","ITGB3",3,3.43762208996414,8
"ARHGEF284","ARHGEF28",8,2.81584519920546,8
"TNNT34","TNNT3",5,2.82756199666114,8
"PRUNE24","PRUNE2",7,2.19487752729477,8
"MRPL124","MRPL12",2,2.63921948620061,8
"EEPD14","EEPD1",5,2.58273798574975,8
"TNFRSF194","TNFRSF19",3,2.95455105344809,8
"MIER34","MIER3",5,2.4375484487445,8
"KCNE34","KCNE3",3,2.54963706163361,8
"CORO74","CORO7",2,2.7915296305776,8
"IDI14","IDI1",4,4.29526237063131,8
"AC104794.34","AC104794.3",5,2.46388170744123,8
"CERS44","CERS4",4,3.36153382483926,8
"TMTC14","TMTC1",6,3.06186230837784,8
"MPP74","MPP7",8,2.67966132003409,8
"NAALAD24","NAALAD2",6,2.87650513122743,8
"GPX14","GPX1",2,3.5303106677008,8
"ZDHHC84","ZDHHC8",2,3.50499895982379,8
"ABCC94","ABCC9",6,3.15107528163585,8
"PCDHB44","PCDHB4",5,2.9063621325077,8
"AADAT4","AADAT",4,2.48855749248411,8
"SLC19A34","SLC19A3",6,2.70247696952108,8
"PLEKHF24","PLEKHF2",2,2.94487391159135,8
"CD1D4","CD1D",2,2.72885678484125,8
"TCEAL54","TCEAL5",5,3.37015485383752,8
"HEY24","HEY2",3,2.90091189381378,8
"NEO14","NEO1",5,3.26169221983992,8
"AL445426.14","AL445426.1",5,2.85946150032544,8
"MCM24","MCM2",2,3.18541768798462,8
"SERPINB84","SERPINB8",3,2.68102180492734,8
"LINC019344","LINC01934",1,3.61460291209736,8
"DUBR4","DUBR",5,2.75869694281602,8
"MEX3D4","MEX3D",3,2.86254824916087,8
"MILR14","MILR1",1,2.71662029295865,8
"KCTD14","KCTD1",4,2.69201425549778,8
"IL344","IL34",2,2.75430345753241,8
"HRH24","HRH2",6,3.54455930571387,8
"VANGL24","VANGL2",8,2.47574447262461,8
"AC068888.14","AC068888.1",6,2.38112816337038,8
"C6orf1324","C6orf132",3,2.9779753033781,8
"TSPAN124","TSPAN12",5,2.27636415619008,8
"RECQL44","RECQL4",1,2.69869206079388,8
"RAB204","RAB20",3,2.27248504716844,8
"ANKRD94","ANKRD9",3,2.68897719859322,8
"NRXN24","NRXN2",5,3.98974888890168,8
"AGA4","AGA",2,3.22873393644315,8
"AMY2B4","AMY2B",8,2.53570553338573,8
"TUBB2A4","TUBB2A",3,3.37347710447948,8
"LINC009964","LINC00996",1,3.40474772364375,8
"NRBF24","NRBF2",2,2.96766091692915,8
"TIFA4","TIFA",2,2.95939947755659,8
"PRR134","PRR13",2,2.69104439743936,8
"SH3GLB24","SH3GLB2",5,2.72232455647167,8
"HERC64","HERC6",1,2.70765552515835,8
"PDZD24","PDZD2",7,2.25205805130583,8
"HENMT14","HENMT1",1,2.66674593131025,8
"FAT44","FAT4",5,3.63440723938811,8
"TMEM255","TMEM25",7,2.76811380854645,8
"VSTM44","VSTM4",5,3.69297531858426,8
"SHC44","SHC4",3,2.64338032440726,8
"SPEG4","SPEG",8,3.39933001453149,8
"SLC7A74","SLC7A7",1,3.07534849685547,8
"GPT24","GPT2",2,2.56052527187205,8
"MMP124","MMP12",1,2.82790714792444,8
"FIGN4","FIGN",5,2.99870074175475,8
"CDC14A4","CDC14A",1,2.98042366296173,8
"AC006141.14","AC006141.1",1,2.61371894114815,8
"HDAC114","HDAC11",5,2.4009982672363,8
"BMP64","BMP6",6,2.63811152242311,8
"STON24","STON2",6,2.70435675615223,8
"BHLHE224","BHLHE22",7,2.50387634467421,8
"OPN34","OPN3",2,2.73459540353794,8
"MYBL14","MYBL1",1,3.05860124287051,8
"COPS34","COPS3",2,2.95790384216875,8
"SELENOO4","SELENOO",2,2.59385920673274,8
"CCDC1414","CCDC141",1,3.11588168231472,8
"LPAR24","LPAR2",1,3.34425275615881,8
"MLLT114","MLLT11",3,2.7568931301077,8
"ADGRL34","ADGRL3",5,3.00134923358089,8
"RPL13P124","RPL13P12",7,5.38774287220057,8
"FBXO464","FBXO46",2,2.81498703093684,8
"TNFSF13B4","TNFSF13B",1,3.59673126969259,8
"MCTP24","MCTP2",6,2.97949831734008,8
"TAF44","TAF4",2,2.83744159759625,8
"TRPM24","TRPM2",2,2.79733801944361,8
"TMEM604","TMEM60",2,3.44234283734408,8
"DLL44","DLL4",5,2.72617665316674,8
"L3MBTL14","L3MBTL1",8,2.5063374808644,8
"RNF2074","RNF207",5,2.27237057826182,8
"TMEM624","TMEM62",4,3.28762409186255,8
"SIGLEC17P4","SIGLEC17P",5,3.15988728791838,8
"TST4","TST",2,2.68160448857826,8
"ITGA34","ITGA3",8,2.65556758884193,8
"STK264","STK26",1,2.77325195312359,8
"CFAP704","CFAP70",8,2.8529509205259,8
"FOXC24","FOXC2",3,2.81608063818268,8
"ARHGEF264","ARHGEF26",7,2.40347453142007,8
"APBB34","APBB3",5,2.54261050221381,8
"TSPAN114","TSPAN11",6,2.78525617511887,8
"SRPX24","SRPX2",3,3.91074613313634,8
"CD300E4","CD300E",6,4.00025218971144,8
"AVPR1A4","AVPR1A",5,2.81042346119677,8
"CORO2B4","CORO2B",5,2.66368875124065,8
"ABCG14","ABCG1",2,3.02752640707602,8
"MYOM24","MYOM2",5,3.11666001535199,8
"DENND2D4","DENND2D",1,4.33833695147016,8
"FAM122C4","FAM122C",1,3.05449528348381,8
"ARMCX14","ARMCX1",5,3.15336024711615,8
"COL21A14","COL21A1",5,3.35331721649011,8
"CDC42EP54","CDC42EP5",5,3.43703817442418,8
"ELN4","ELN",7,3.03277442712395,8
"TMEM514","TMEM51",3,3.27388525934404,8
"F11R4","F11R",2,2.76555201895673,8
"CRYZL2P4","CRYZL2P",5,2.55072595226764,8
"CHST144","CHST14",2,2.58204130588695,8
"MTCO1P404","MTCO1P40",2,3.5826575990605,8
"PITHD14","PITHD1",2,2.60159227187403,8
"KCNK24","KCNK2",7,2.50589885540017,8
"LINC022104","LINC02210",8,2.67281149301105,8
"SLC20A24","SLC20A2",3,2.48887152212673,8
"PIK3C2B4","PIK3C2B",2,2.23425143965148,8
"RPS6KA64","RPS6KA6",5,2.93968763341456,8
"PLEKHN14","PLEKHN1",1,2.41038974220376,8
"SEL1L34","SEL1L3",1,4.11363390888009,8
"DSN14","DSN1",2,2.97721353903013,8
"VNN24","VNN2",1,2.87429172179395,8
"ATP5MD4","ATP5MD",2,3.26333239672911,8
"NLRP34","NLRP3",6,3.33334665659087,8
"CELSR24","CELSR2",8,3.47418094571541,8
"PPM1L4","PPM1L",4,2.13959184491869,8
"CHST24","CHST2",1,2.49471337961177,8
"NAALADL24","NAALADL2",5,3.14591722507325,8
"ARHGAP404","ARHGAP40",4,3.04806408318031,8
"KCNAB24","KCNAB2",1,3.7028693253764,8
"SHC24","SHC2",5,3.20488853686292,8
"PRR5L4","PRR5L",3,2.80526673134977,8
"RCAN34","RCAN3",8,2.78255252556507,8
"SLC5A64","SLC5A6",3,2.62007818293067,8
"RECK4","RECK",5,3.32584887817237,8
"SLC16A94","SLC16A9",7,2.98300220618517,8
"GLTP4","GLTP",2,2.65906006474801,8
"PLCG14","PLCG1",2,2.99371454782732,8
"FGF184","FGF18",6,2.99561564630139,8
"BTN3A14","BTN3A1",2,3.01621230085557,8
"RMND5A4","RMND5A",2,3.31595465659718,8
"LPCAT44","LPCAT4",2,2.64529214556642,8
"SLC36A14","SLC36A1",2,2.70355779856364,8
"KANK14","KANK1",6,2.59730031936585,8
"TBX5-AS14","TBX5-AS1",7,3.49803679118043,8
"KLHL34","KLHL3",5,3.46680743880537,8
"GATA64","GATA6",3,2.49790650250184,8
"METTL21A4","METTL21A",2,2.24007383095348,8
"F13A14","F13A1",6,3.36086809915603,8
"AC006115.24","AC006115.2",1,2.85078785903181,8
"LCAT4","LCAT",5,3.51413802130196,8
"TMEM2204","TMEM220",2,2.15366166643277,8
"DDX284","DDX28",2,2.59899309749386,8
"SLFN124","SLFN12",5,2.44970918019437,8
"WDR374","WDR37",2,2.43555973180244,8
"FAR24","FAR2",2,2.94751195710359,8
"KNTC14","KNTC1",1,3.05029268101035,8
"ERAP24","ERAP2",2,2.77871925893806,8
"SMAD94","SMAD9",5,3.50435846886119,8
"DTX34","DTX3",5,2.86256929022854,8
"ADAMTSL34","ADAMTSL3",5,2.69835289890464,8
"SIAE4","SIAE",1,2.36930350369096,8
"TALDO14","TALDO1",2,3.30227560128075,8
"RFWD34","RFWD3",2,2.26311937138209,8
"RGS194","RGS19",1,3.29743161707682,8
"MPZ4","MPZ",1,2.40947214368901,8
"SLIT24","SLIT2",5,3.78927397073673,8
"SQLE4","SQLE",3,3.07154081380338,8
"CYSLTR14","CYSLTR1",1,3.42148378020461,8
"RTL8C4","RTL8C",3,2.93657365607885,8
"NCKIPSD4","NCKIPSD",5,2.47600914762324,8
"IL20RA4","IL20RA",4,2.9968954492099,8
"ZNF5614","ZNF561",8,2.96597521857399,8
"WNT9A4","WNT9A",6,2.70006204840928,8
"ATG4C4","ATG4C",2,2.72093880033256,8
"MRPL444","MRPL44",2,3.09008295503714,8
"TGFB24","TGFB2",3,2.8479975244896,8
"AZIN24","AZIN2",2,3.01338953006106,8
"RASL124","RASL12",5,3.30750545271707,8
"CD284","CD28",1,3.23567226338206,8
"SPATA184","SPATA18",8,2.57541153165069,8
"ADORA34","ADORA3",2,2.74046966109414,8
"SLC39A84","SLC39A8",6,2.46605668527027,8
"LNX14","LNX1",5,3.08679000560083,8
"NYNRIN4","NYNRIN",5,3.26293910402836,8
"IFT524","IFT52",2,2.53012461498964,8
"HCAR14","HCAR1",8,3.29179177613101,8
"FJX14","FJX1",3,2.7505248227337,8
"LRP84","LRP8",1,2.81948256406465,8
"FANCA4","FANCA",1,2.62017057069989,8
"SYT74","SYT7",3,3.0355459783144,8
"MYO1D4","MYO1D",3,3.10125513820717,8
"DHRS4-AS14","DHRS4-AS1",2,2.67770137908282,8
"NCMAP4","NCMAP",8,3.08042539240641,8
"LACC14","LACC1",1,3.17434760714359,8
"MARCHF34","MARCHF3",6,3.20491039297228,8
"ST6GAL14","ST6GAL1",2,3.39165328866033,8
"SLC31A24","SLC31A2",3,2.60265417980889,8
"SHKBP14","SHKBP1",2,2.85242765255528,8
"DDAH14","DDAH1",3,3.13656799557033,8
"MRPL394","MRPL39",2,2.66898189470656,8
"MAFK4","MAFK",6,2.99451709804469,8
"CACNA1H4","CACNA1H",3,2.83714668700764,8
"ADAMTS164","ADAMTS16",3,3.03984378327393,8
"BMF4","BMF",2,3.18343979963603,8
"ABCG24","ABCG2",5,3.48946753950445,8
"RHBDF14","RHBDF1",5,3.10875730659,8
"KIFC14","KIFC1",2,2.92454507202684,8
"SERTAD34","SERTAD3",5,2.33186725536258,8
"PC4","PC",5,2.89818320572981,8
"RDH134","RDH13",4,2.37734776005621,8
"GTPBP34","GTPBP3",8,2.62663588859972,8
"ZNF3314","ZNF331",6,3.63323068282726,8
"PILRB4","PILRB",2,2.3531539082942,8
"RBM204","RBM20",4,3.48725783467127,8
"CDH64","CDH6",5,2.85058455171034,8
"SALL24","SALL2",7,2.74146917294788,8
"MYH144","MYH14",8,3.76843467985055,8
"ACAN4","ACAN",3,3.18370528276714,8
"MELTF4","MELTF",8,2.81049412663973,8
"WFDC21P4","WFDC21P",1,3.15876691881221,8
"SRARP4","SRARP",4,3.810043590941,8
"RAE14","RAE1",2,3.03410699523091,8
"UCP24","UCP2",2,3.04759601038156,8
"GRIA44","GRIA4",8,3.10360784290359,8
"PIM14","PIM1",6,4.77626781772193,8
"FOLR24","FOLR2",6,2.84584590076841,8
"BPGM4","BPGM",3,2.90507641774292,8
"SPRY44","SPRY4",3,2.98608424092356,8
"AMZ24","AMZ2",2,2.89806651521773,8
"SP24","SP2",2,2.31426467544082,8
"RASSF54","RASSF5",1,3.92475198258842,8
"CNPY44","CNPY4",5,2.79094726119817,8
"AC008771.14","AC008771.1",8,2.60692586081927,8
"LINGO14","LINGO1",5,2.69797781871298,8
"KIAA1324L4","KIAA1324L",3,2.49659456951354,8
"TMPRSS24","TMPRSS2",8,3.46011730329702,8
"LINC002944","LINC00294",7,2.66110129230212,8
"ARHGAP11A4","ARHGAP11A",1,2.70305569518505,8
"AC027290.34","AC027290.3",6,2.79058861045218,8
"ATP6AP14","ATP6AP1",2,3.02470026997976,8
"UBE2QL14","UBE2QL1",7,2.69935701907825,8
"TRAF44","TRAF4",8,3.47052584693564,8
"TRABD2B4","TRABD2B",7,2.86398722156411,8
"TEX94","TEX9",1,2.44629270883131,8
"ST6GALNAC34","ST6GALNAC3",6,2.8025071989728,8
"PCDHB94","PCDHB9",5,3.36124640527821,8
"NFASC4","NFASC",8,3.27278326001929,8
"ADRA2A4","ADRA2A",6,3.02591087681982,8
"EDEM14","EDEM1",2,2.77070613483935,8
"CKAP24","CKAP2",1,2.96032859630583,8
"SATB1-AS14","SATB1-AS1",1,3.3042396644307,8
"MYD884","MYD88",2,2.74261414177984,8
"SMYD34","SMYD3",3,2.90847292186967,8
"RAB40C4","RAB40C",2,2.62486141381266,8
"SLC38A114","SLC38A11",5,2.66675638439074,8
"AC016957.24","AC016957.2",2,2.91579651462191,8
"STEAP44","STEAP4",6,4.31610654276054,8
"NOP56P34","NOP56P3",1,2.9386773794784,8
"TMTC24","TMTC2",5,3.31231464467106,8
"P4HTM4","P4HTM",2,2.9930165879702,8
"TINF24","TINF2",2,2.95112188042274,8
"SCARA34","SCARA3",7,2.47986362260012,8
"SOX54","SOX5",5,2.91480525612801,8
"PTPRU4","PTPRU",3,2.83504540106709,8
"SH3BP14","SH3BP1",1,3.0222922282767,8
"HEATR5A4","HEATR5A",7,2.61461792215866,8
"AC091563.14","AC091563.1",7,2.86582765993638,8
"VWA5A4","VWA5A",6,2.72360013223805,8
"INTS94","INTS9",2,2.68596627723085,8
"AFAP1L24","AFAP1L2",5,3.98131167689618,8
"HSF44","HSF4",5,2.23128156472975,8
"SNORA124","SNORA12",2,2.56100348186151,8
"AC098650.14","AC098650.1",5,3.33800764961846,8
"MAPK104","MAPK10",5,2.71754507581856,8
"RNU4-24","RNU4-2",1,3.0993975797468,8
"AL353622.14","AL353622.1",2,3.05631276957472,8
"DONSON4","DONSON",8,2.28654845064397,8
"ETV14","ETV1",5,3.31586224155951,8
"B3GNT54","B3GNT5",3,3.40768926290776,8
"GTSE14","GTSE1",1,3.50969876993245,8
"H2AX4","H2AX",2,2.56833120770817,8
"TINAGL14","TINAGL1",6,2.83787177610459,8
"MIR193BHG4","MIR193BHG",3,2.91362636904382,8
"CASP64","CASP6",2,2.62612870687296,8
"GAR14","GAR1",2,2.4289233680221,8
"CHKA4","CHKA",8,2.53128533499278,8
"MPC24","MPC2",4,3.30150390794863,8
"GPRIN34","GPRIN3",1,3.47218550441575,8
"METTL44","METTL4",2,2.7905718846065,8
"ADAMTS64","ADAMTS6",3,3.08890275719931,8
"FBXW44","FBXW4",2,3.02715039717606,8
"ATOH84","ATOH8",5,3.04142478311304,8
"FAM174A4","FAM174A",2,2.85822193801551,8
"TP53TG14","TP53TG1",2,2.86992918338623,8
"SLC43A24","SLC43A2",2,2.76284383650339,8
"DNAAF24","DNAAF2",7,2.36489619857735,8
"TMEM544","TMEM54",2,2.6008380312943,8
"LANCL14","LANCL1",2,3.30859700733231,8
"SLC9A3R14","SLC9A3R1",2,2.66789513613624,8
"TDO24","TDO2",2,2.96322620238444,8
"MCM54","MCM5",2,2.85403817047638,8
"DHX584","DHX58",2,2.41171586742278,8
"BACH24","BACH2",1,2.54232806726972,8
"AVIL4","AVIL",3,2.8801495121633,8
"FBXL124","FBXL12",5,2.42748679064173,8
"DPY19L14","DPY19L1",3,2.96369903780854,8
"RBM74","RBM7",2,2.72328481229977,8
"TCTN24","TCTN2",2,3.00334342939837,8
"BST24","BST2",2,3.09940315397183,8
"HS3ST3B14","HS3ST3B1",1,2.87113276377044,8
"DNAH144","DNAH14",3,2.79179556839659,8
"ALS2CL4","ALS2CL",5,3.22254426255888,8
"WHRN4","WHRN",8,2.35750781030829,8
"AC020978.94","AC020978.9",1,2.416165783877,8
"SMIM274","SMIM27",2,2.76273483024823,8
"FAIM24","FAIM2",5,3.29224745446037,8
"MTLN4","MTLN",2,3.23432065910224,8
"GFPT24","GFPT2",6,4.1073787187249,8
"GTF2IRD24","GTF2IRD2",2,2.54377056584291,8
"NR5A24","NR5A2",5,2.74264994454889,8
"LAIR24","LAIR2",1,2.97618498660085,8
"TSPOAP14","TSPOAP1",8,2.5185392146184,8
"KIFC34","KIFC3",3,3.17457292983466,8
"RASGRF24","RASGRF2",3,2.85152289502744,8
"PTPRO4","PTPRO",3,2.58645777449698,8
"PDE4DIP4","PDE4DIP",2,2.93946823378586,8
"LPAR54","LPAR5",1,2.9885002968925,8
"PTGR24","PTGR2",4,2.21078696952545,8
"WNT10A4","WNT10A",1,3.89175248121429,8
"SMPD34","SMPD3",1,3.45995043611609,8
"AL355488.14","AL355488.1",2,2.75700133350749,8
"RBM12B4","RBM12B",7,3.18717600486572,8
"BLCAP4","BLCAP",2,2.81016951828092,8
"TRAF24","TRAF2",1,3.37260424451616,8
"SH3PXD2B4","SH3PXD2B",5,3.32642708314609,8
"AC027097.14","AC027097.1",1,2.99900071255498,8
"APOBR4","APOBR",2,2.70020092480943,8
"SLC25A404","SLC25A40",2,2.79315167303165,8
"FAM155A4","FAM155A",3,2.82738183082577,8
"GALNT184","GALNT18",2,2.17852566245856,8
"ADHFE14","ADHFE1",8,2.33202608563086,8
"OSCAR4","OSCAR",3,2.68044499342882,8
"PRKAR2B4","PRKAR2B",4,2.67076794734948,8
"CROT4","CROT",4,2.50205931421823,8
"PDE3A4","PDE3A",5,3.06306244748106,8
"RCAN24","RCAN2",5,2.864337059413,8
"QPCT4","QPCT",2,2.27620204082096,8
"RIDA4","RIDA",7,2.2732999787267,8
"CXCL164","CXCL16",3,2.88953495207582,8
"FLT34","FLT3",1,3.5602128828028,8
"BRMS14","BRMS1",2,2.70159789954917,8
"PIF14","PIF1",1,3.24059023439394,8
"CD40LG4","CD40LG",1,3.11400386039055,8
"PPM1M4","PPM1M",2,2.74077186791734,8
"ADCY44","ADCY4",5,3.44078158897513,8
"ACTR3B4","ACTR3B",8,2.83677502544797,8
"SYNPO4","SYNPO",6,2.95423007449968,8
"RELT4","RELT",1,3.22880858308304,8
"CROCC4","CROCC",5,2.79478270710042,8
"SYT124","SYT12",8,3.46027989861365,8
"MS4A4A4","MS4A4A",6,2.82559390076624,8
"FANCF4","FANCF",2,3.19650190245672,8
"FLNC4","FLNC",5,3.05349810369638,8
"POC1B-AS14","POC1B-AS1",8,2.63435814259305,8
"PLCG24","PLCG2",1,3.47497072893907,8
"TACR14","TACR1",6,3.81219290977608,8
"LINC011384","LINC01138",1,2.69727538765274,8
"LNX24","LNX2",8,2.37826653452876,8
"AC010997.64","AC010997.6",7,3.11005797562285,8
"ERCC34","ERCC3",2,2.83610987021841,8
"GSTO24","GSTO2",8,3.62622065206863,8
"STMN34","STMN3",2,2.95013034907225,8
"WDR194","WDR19",5,2.43289277647959,8
"GADD45B4","GADD45B",6,3.97992730390763,8
"OSBPL54","OSBPL5",5,3.11135806975151,8
"WASF34","WASF3",7,2.77799981501571,8
"LAMA14","LAMA1",5,3.1940839441909,8
"HOXB64","HOXB6",7,2.91753406948498,8
"TBX14","TBX1",5,2.87451547240708,8
"PLCXD34","PLCXD3",6,2.79955396205812,8
"DHRS15","DHRS1",2,3.05081222677472,8
"MBNL34","MBNL3",2,2.98088622018417,8
"AC024075.24","AC024075.2",2,2.70130167365887,8
"FAM83F4","FAM83F",8,3.19144048079337,8
"TBX54","TBX5",7,2.79776483596855,8
"UCKL14","UCKL1",2,2.45745959758599,8
"AP001496.44","AP001496.4",8,2.67410831434076,8
"MXRA74","MXRA7",5,3.25793953833285,8
"CAPN124","CAPN12",8,2.86286030113868,8
"HAS34","HAS3",6,2.68136440156417,8
"GLIPR1L24","GLIPR1L2",5,3.07831976220016,8
"ADAMTSL24","ADAMTSL2",3,3.37622305544718,8
"CERCAM4","CERCAM",3,4.09071164423078,8
"FAM118A4","FAM118A",1,2.44940001176135,8
"KIF114","KIF11",1,2.83995386788301,8
"IBSP4","IBSP",3,3.29227211395883,8
"LRP34","LRP3",5,2.74836573778822,8
"LINC006494","LINC00649",1,3.44397634779456,8
"PYROXD14","PYROXD1",2,2.90156619146217,8
"CYTL14","CYTL1",5,2.80378507051916,8
"KIAA15224","KIAA1522",4,2.96523599047408,8
"AC015883.14","AC015883.1",8,2.7441920326601,8
"PRR144","PRR14",2,2.97906669194949,8
"WIZ4","WIZ",2,2.83187099383911,8
"PBX44","PBX4",1,3.23100569541516,8
"SLC16A44","SLC16A4",5,2.85862416825751,8
"SMAD64","SMAD6",5,2.60061097358141,8
"IL15RA4","IL15RA",6,3.24311946635419,8
"TMEM200C4","TMEM200C",5,2.93178055203987,8
"DCLK24","DCLK2",3,2.80914757692189,8
"SH2D3A4","SH2D3A",8,2.83853726776488,8
"MRPS104","MRPS10",2,2.65413548747839,8
"CIP2A4","CIP2A",1,3.29375327885629,8
"LANCL24","LANCL2",5,2.44596086696176,8
"ERMAP4","ERMAP",2,2.60988530102812,8
"INTU4","INTU",5,3.14818033558666,8
"SNN4","SNN",6,2.58411302913595,8
"PXMP44","PXMP4",4,3.20651929971292,8
"PAGR14","PAGR1",7,2.93987232323099,8
"GJA44","GJA4",5,2.47298307664412,8
"NDUFAF44","NDUFAF4",6,2.4198564439487,8
"AL139113.14","AL139113.1",5,2.30379728764661,8
"TSPAN24","TSPAN2",3,3.36294985343933,8
"ICAM24","ICAM2",6,2.90739447379559,8
"HOXC94","HOXC9",7,3.3160191723879,8
"IFITM24","IFITM2",2,3.21098916372141,8
"YRDC4","YRDC",3,2.35678759869578,8
"PTPRJ4","PTPRJ",1,3.21017577182689,8
"IL1R24","IL1R2",6,2.87772105654112,8
"RPL39L4","RPL39L",3,2.51997017345061,8
"LINC002714","LINC00271",8,2.88018890215162,8
"AC021078.14","AC021078.1",8,2.39635999280085,8
"RPS20P224","RPS20P22",5,2.91999312661813,8
"MET4","MET",6,2.66736488221874,8
"LINC007024","LINC00702",3,2.91664209041081,8
"PRTFDC14","PRTFDC1",5,2.99693241620737,8
"FN3KRP4","FN3KRP",2,2.40078341932456,8
"ARL6IP64","ARL6IP6",2,2.98501092398339,8
"AC093297.24","AC093297.2",7,2.52039360775512,8
"SLC44A44","SLC44A4",4,2.59263215312855,8
"LZTFL14","LZTFL1",2,2.278087764992,8
"COMMD14","COMMD1",2,2.87584480735656,8
"BMP24","BMP2",6,2.94316436002315,8
"RHOBTB14","RHOBTB1",5,3.46383865423339,8
"UBA74","UBA7",2,2.76030020202114,8
"CPOX4","CPOX",2,2.83624287566412,8
"RTKN5","RTKN",8,2.75305723189185,8
"LIG14","LIG1",2,2.93723272698889,8
"FAM214B4","FAM214B",2,2.38226075370698,8
"ZNF7274","ZNF727",7,3.21635612582179,8
"SSBP24","SSBP2",5,3.34297481101046,8
"AIFM14","AIFM1",2,2.59653296114294,8
"ZNF2514","ZNF251",5,2.46059054444254,8
"LINC010044","LINC01004",2,2.49951763158506,8
"CACNB34","CACNB3",3,2.95834125399317,8
"TMEM2734","TMEM273",6,2.86351037343496,8
"AL109976.14","AL109976.1",5,2.67156700998864,8
"FADD4","FADD",2,2.95387888911018,8
"RPS134","RPS13",2,4.23393234930982,8
"FAM227A4","FAM227A",8,2.55104280223133,8
"ITGAM4","ITGAM",6,2.71577559522909,8
"KIFC24","KIFC2",8,2.72262712325788,8
"NUGGC4","NUGGC",1,3.12566484080077,8
"MZT14","MZT1",2,2.75670844917181,8
"SBK14","SBK1",1,3.17000657562642,8
"PRAME4","PRAME",1,2.57760008642792,8
"AC012236.14","AC012236.1",1,3.16266114778238,8
"WRAP734","WRAP73",2,3.20425798347256,8
"INTS6L4","INTS6L",1,2.63068569738121,8
"TXLNB4","TXLNB",5,2.48842550052137,8
"NPC14","NPC1",2,2.82569973949638,8
"COX174","COX17",2,3.25365874165638,8
"MGAT34","MGAT3",6,2.72019744160083,8
"HAUS14","HAUS1",2,2.62156177771567,8
"HOXA-AS24","HOXA-AS2",7,3.88565025946727,8
"ABCD44","ABCD4",2,2.59979716482344,8
"ZNF5504","ZNF550",2,2.38189613030659,8
"PLD44","PLD4",1,3.00388749677346,8
"PSMD104","PSMD10",7,2.81937005930563,8
"AC016831.44","AC016831.4",7,2.7900105702746,8
"ROR24","ROR2",3,3.17844691675326,8
"SPRED24","SPRED2",5,3.50402136075084,8
"ARMC94","ARMC9",3,2.97436223238958,8
"ALDH1L24","ALDH1L2",3,2.81388377850827,8
"MAD2L1BP4","MAD2L1BP",2,3.23225324471501,8
"NRBP24","NRBP2",5,2.65111591651413,8
"DNAJB44","DNAJB4",6,2.56712441082558,8
"IGFN14","IGFN1",6,3.08693165949185,8
"ORC64","ORC6",1,2.96811121256909,8
"REC84","REC8",1,2.27060123089387,8
"NOL114","NOL11",2,2.58369964616577,8
"CLEC7A4","CLEC7A",3,3.32854438787221,8
"TEX304","TEX30",2,2.58763438077745,8
"ZNF5134","ZNF513",2,3.13098166613361,8
"CUTC4","CUTC",2,3.07612377123324,8
"ARNTL5","ARNTL",3,2.46130525463439,8
"GPD1L4","GPD1L",2,2.57872248629898,8
"CDKN1C4","CDKN1C",5,3.72954357343546,8
"ABCB104","ABCB10",2,2.93393850863608,8
"TSPAN64","TSPAN6",5,2.86468133573199,8
"ZBTB7C4","ZBTB7C",8,2.74315318577688,8
"RPL23AP324","RPL23AP32",5,2.92007821643805,8
"ZDHHC124","ZDHHC12",2,3.12929000638797,8
"SNRNP254","SNRNP25",2,2.85577553945679,8
"IL18R14","IL18R1",1,3.23782378915683,8
"PROSER14","PROSER1",2,2.68315185946666,8
"TRIM694","TRIM69",2,2.81754301485799,8
"ATP10A4","ATP10A",3,3.08748001328261,8
"QSOX24","QSOX2",2,2.84647142158222,8
"RUVBL14","RUVBL1",2,2.99386689354294,8
"PIK3R34","PIK3R3",5,2.41798278605819,8
"SND1-IT14","SND1-IT1",1,2.70846217493032,8
"CCNF4","CCNF",4,2.34493685937344,8
"FKBP54","FKBP5",4,3.97795644934192,8
"TNFRSF10D4","TNFRSF10D",6,3.24360954345504,8
"TMEM86A4","TMEM86A",2,2.89250724117864,8
"LRR14","LRR1",2,2.75605062039683,8
"BCL2L124","BCL2L12",2,2.45384783829324,8
"PREX24","PREX2",5,3.73814013218826,8
"CD1094","CD109",7,2.74503803827459,8
"ANKRD33B4","ANKRD33B",1,2.52108188450443,8
"HMCN14","HMCN1",5,4.04198885804401,8
"NSUN5P14","NSUN5P1",2,2.82287024706361,8
"CNTN34","CNTN3",5,3.17627699091471,8
"FAM53B4","FAM53B",2,3.06119666430548,8
"LINC005114","LINC00511",3,3.03559421801322,8
"CTPS14","CTPS1",1,2.55067472295113,8
"NDUFAF14","NDUFAF1",2,2.50189498662748,8
"AL162595.14","AL162595.1",5,2.63723433693606,8
"PPP1R13B4","PPP1R13B",5,2.63380016069978,8
"PPP2R5A4","PPP2R5A",2,2.85375744052024,8
"AC135050.64","AC135050.6",2,2.78709055559587,8
"TMEM106A4","TMEM106A",1,2.85215908236335,8
"TEAD34","TEAD3",3,3.02445974538669,8
"DHRS124","DHRS12",5,2.49118484625737,8
"TMEM200B4","TMEM200B",5,3.21106907928026,8
"CTSF4","CTSF",5,2.83032814077769,8
"TRDN4","TRDN",7,3.74092781027762,8
"DNASE1L34","DNASE1L3",1,2.60462640493324,8
"LINC011164","LINC01116",5,2.98592490869249,8
"BBC34","BBC3",2,2.36951164267122,8
"DYNC2LI14","DYNC2LI1",5,2.62671913069506,8
"BCAR34","BCAR3",3,2.20699431153425,8
"HOMER14","HOMER1",3,2.90731129968349,8
"FRAT24","FRAT2",2,2.80736722833017,8
"ARAP34","ARAP3",5,3.83829476418727,8
"PEX134","PEX13",8,2.37925121064833,8
"BCAS14","BCAS1",4,2.56264300398693,8
"ZNF4414","ZNF441",7,2.94968627985493,8
"RASSF74","RASSF7",2,2.90776792320252,8
"B3GAT34","B3GAT3",2,2.7971670168536,8
"TENT4A4","TENT4A",2,2.30090556894768,8
"ITIH54","ITIH5",5,3.44509777742343,8
"ZNF1894","ZNF189",2,2.72856353049539,8
"UST4","UST",5,2.39492813670151,8
"TAP14","TAP1",1,3.75534176110989,8
"GEMIN84","GEMIN8",2,2.3059726390745,8
"FDX14","FDX1",2,2.76220543438244,8
"GAS2L34","GAS2L3",3,2.70176285825092,8
"PUS74","PUS7",3,2.8768211854935,8
"SMIM134","SMIM13",3,2.35217434614344,8
"CABLES14","CABLES1",5,2.4548357784516,8
"ZBTB144","ZBTB14",2,2.83284601308317,8
"KDR4","KDR",5,3.18990414376494,8
"ARHGEF54","ARHGEF5",8,3.29196424968654,8
"PRKD24","PRKD2",2,2.90709454437027,8
"FAIM5","FAIM",5,2.63590466105859,8
"SLCO4A14","SLCO4A1",6,3.34049827523628,8
"STARD44","STARD4",1,2.64193263185146,8
"MED314","MED31",2,2.73932033916045,8
"CCDC1684","CCDC168",6,2.54462514021757,8
"MYCT14","MYCT1",5,2.94796398418082,8
"FUCA24","FUCA2",2,2.90323193450537,8
"WDR454","WDR45",8,2.30515134236136,8
"TRIB14","TRIB1",6,3.53220216974731,8
"SIDT14","SIDT1",1,3.03266298960079,8
"NAA104","NAA10",2,2.67402963274024,8
"TBPL14","TBPL1",2,2.37320732447139,8
"OCRL4","OCRL",5,2.19325624255734,8
"CRACR2A4","CRACR2A",8,2.52385631792009,8
"MSC4","MSC",3,2.54990244949008,8
"NOP164","NOP16",3,2.56578535004421,8
"INTS134","INTS13",3,2.35807963099217,8
"NACC24","NACC2",7,2.94144649825485,8
"SCML14","SCML1",6,2.46318454236965,8
"TLCD54","TLCD5",5,2.5660917258076,8
"PLGRKT4","PLGRKT",2,2.51518338095571,8
"SLC30A64","SLC30A6",2,2.61038170447744,8
"ATP8A14","ATP8A1",1,3.2990987776119,8
"PLCL14","PLCL1",1,2.31731450308604,8
"AL158206.14","AL158206.1",5,2.27077830905416,8
"AC090559.24","AC090559.2",1,3.39430398414996,8
"MYO1F4","MYO1F",1,3.01330807907213,8
"OSM4","OSM",6,3.47757138174324,8
"FAM229B4","FAM229B",5,2.46463855071415,8
"MAP3K124","MAP3K12",5,3.69961521061411,8
"MSC-AS14","MSC-AS1",2,2.26192417432422,8
"MAGOHB4","MAGOHB",2,2.70995854358633,8
"ZNF3344","ZNF334",8,2.94862299508611,8
"SEMA3B4","SEMA3B",6,2.46299332425818,8
"MAP3K144","MAP3K14",6,2.83472599740921,8
"DPH24","DPH2",2,2.72356876474733,8
"ALDH18A14","ALDH18A1",3,2.84495172102733,8
"MTFR14","MTFR1",3,2.80349238669464,8
"GRPEL24","GRPEL2",1,2.52446110366347,8
"OXNAD14","OXNAD1",1,3.29994596442515,8
"SETD64","SETD6",1,2.04274124503295,8
"MED94","MED9",2,2.71642109857946,8
"DISC14","DISC1",6,2.64794196446232,8
"MRPS94","MRPS9",2,2.75925744830564,8
"MTURN4","MTURN",5,2.72158381534267,8
"XPO54","XPO5",3,2.38932845842709,8
"SLC29A14","SLC29A1",3,2.58472230679236,8
"PFKP4","PFKP",3,2.51164441814914,8
"BDH14","BDH1",4,2.57027962625882,8
"POLRMT4","POLRMT",2,2.93502803582422,8
"DIPK1B4","DIPK1B",5,3.33631109818908,8
"HSBP1L14","HSBP1L1",2,2.45969071672525,8
"FZD64","FZD6",2,2.34596133399728,8
"SGMS24","SGMS2",3,3.33552928629954,8
"GLA4","GLA",3,2.22936482318259,8
"COMMD84","COMMD8",2,2.85044770242758,8
"CEP1264","CEP126",5,3.67991874632658,8
"RNF1384","RNF138",2,2.93827795896942,8
"AC005906.24","AC005906.2",5,3.47764138680554,8
"TP53INP24","TP53INP2",4,2.37430210453197,8
"TRMT2B4","TRMT2B",2,2.81299557210036,8
"SIX54","SIX5",5,2.88193849698748,8
"FAM110B4","FAM110B",7,3.08244854293956,8
"GNPNAT14","GNPNAT1",2,2.4319821901935,8
"IRS14","IRS1",7,2.88486047310212,8
"NRGN4","NRGN",3,2.90811193352079,8
"MAP3K7CL4","MAP3K7CL",2,2.84301157091124,8
"RHEX4","RHEX",5,2.5179475564393,8
"NETO24","NETO2",3,2.4839970990045,8
"PLEKHF14","PLEKHF1",2,2.53788333107189,8
"SPAG164","SPAG16",5,2.45248719511306,8
"FAM199X4","FAM199X",2,2.59729702012237,8
"LRP124","LRP12",3,3.01440566753784,8
"ECT24","ECT2",2,2.5528456322133,8
"AP000915.24","AP000915.2",5,2.62554350772522,8
"ACP54","ACP5",1,2.71150472682079,8
"GRAMD44","GRAMD4",2,2.98384984760946,8
"FAP4","FAP",3,4.26222401748206,8
"LINC013594","LINC01359",5,2.95755886176718,8
"CGN4","CGN",8,3.4256611881147,8
"MAATS14","MAATS1",8,2.64561416345054,8
"PPFIA24","PPFIA2",7,2.93453601702673,8
"ZSCAN254","ZSCAN25",1,2.59584829892219,8
"AC026124.14","AC026124.1",5,3.05807736230008,8
"SLC50A14","SLC50A1",4,2.35405713355168,8
"ANGPT14","ANGPT1",7,2.6832349301423,8
"PGS14","PGS1",6,2.42906501908315,8
"SLC25A454","SLC25A45",2,2.52900314761854,8
"ADAM234","ADAM23",7,2.60206119795021,8
"AMOT4","AMOT",8,2.54434493645632,8
"IFRD24","IFRD2",2,2.61744927120468,8
"AC008105.34","AC008105.3",1,3.70181587289604,8
"PITPNM34","PITPNM3",5,3.16762854762599,8
"GAS6-AS14","GAS6-AS1",1,3.15691304031188,8
"DGKA4","DGKA",1,3.78169078845468,8
"PPP1R16A4","PPP1R16A",8,3.24184805971591,8
"DYNC1I14","DYNC1I1",5,3.78385141604788,8
"SAMD124","SAMD12",8,2.81608016435367,8
"NSMAF4","NSMAF",2,2.80184412683896,8
"AL021368.24","AL021368.2",2,2.67369406742856,8
"TACC24","TACC2",4,2.85126628297224,8
"MT-ND64","MT-ND6",7,3.63891375402288,8
"HCP54","HCP5",1,4.06032046650696,8
"SEMA3E4","SEMA3E",4,2.86555516535442,8
"FAM111B4","FAM111B",1,2.92959027720674,8
"GULP14","GULP1",5,3.7396366930736,8
"GPSM34","GPSM3",1,4.49206998813681,8
"INPP5E4","INPP5E",2,2.88520492278379,8
"LDHA4","LDHA",2,2.88676024983162,8
"ARHGAP204","ARHGAP20",5,3.00508362253993,8
"RAB154","RAB15",3,3.16847465699012,8
"AL021707.64","AL021707.6",1,2.87846469692125,8
"CTDP14","CTDP1",2,2.50305894376581,8
"FAM189B4","FAM189B",2,2.70152951926335,8
"TAL14","TAL1",5,2.80719703791242,8
"TNIP24","TNIP2",6,2.61859245036543,8
"CCDC154","CCDC15",4,2.87510615812177,8
"NCAM24","NCAM2",7,2.75747530882972,8
"AP4S14","AP4S1",5,3.02619346270849,8
"SLC31A14","SLC31A1",3,2.63429497760591,8
"NINJ14","NINJ1",3,2.71079757498354,8
"DRAIC4","DRAIC",4,3.00159521957349,8
"SNAI24","SNAI2",5,2.72611945380631,8
"HID14","HID1",4,2.55396952580747,8
"SHISAL2A4","SHISAL2A",1,3.8670475290621,8
"PPIH4","PPIH",2,3.00235330417157,8
"PRR114","PRR11",3,2.84876199229104,8
"KLC44","KLC4",2,2.5039901744624,8
"MIPOL14","MIPOL1",5,2.82702105907897,8
"STARD84","STARD8",5,2.63824153862537,8
"TRIM54","TRIM5",2,2.48484672587801,8
"PGAM54","PGAM5",2,2.39268903246638,8
"RGS144","RGS14",1,2.90628795424649,8
"DCTN1-AS14","DCTN1-AS1",6,2.70310302819048,8
"GPRC5C4","GPRC5C",8,2.68812375300205,8
"NXPH34","NXPH3",5,3.14112034517409,8
"TSNAX4","TSNAX",2,2.90374537060509,8
"RAB3IL14","RAB3IL1",5,2.71293376279109,8
"DKK34","DKK3",3,3.11699180913932,8
"UNC13B4","UNC13B",5,2.75874602413574,8
"CADM44","CADM4",8,3.23315499350286,8
"DBNDD14","DBNDD1",4,2.69226111897968,8
"CDCA7L4","CDCA7L",1,2.66849401597743,8
"BEX24","BEX2",8,3.32824647664133,8
"AC006504.74","AC006504.7",1,2.85640640524049,8
"CYP4F34","CYP4F3",6,3.12399339134323,8
"SPAG54","SPAG5",1,3.24770174751551,8
"FCHSD14","FCHSD1",2,2.84769738218396,8
"PLAGL14","PLAGL1",5,3.89981818238625,8
"AC116667.14","AC116667.1",2,2.74416455401314,8
"ROBO34","ROBO3",7,2.55091439987739,8
"FGD24","FGD2",1,3.70596525821203,8
"ZNF7114","ZNF711",5,2.92871468241536,8
"AC124852.14","AC124852.1",7,2.32328133927079,8
"ITGA84","ITGA8",5,2.24514144636543,8
"TBC1D22B4","TBC1D22B",1,2.28164354960931,8
"CDC42-IT14","CDC42-IT1",2,2.51504765998372,8
"LUZP24","LUZP2",5,2.57535353093542,8
"UBA24","UBA2",2,2.6146794615674,8
"CASZ14","CASZ1",8,3.54548469821394,8
"CSRNP34","CSRNP3",5,3.45782962449451,8
"MNDA4","MNDA",1,3.30863079106909,8
"PHLDA14","PHLDA1",3,3.41451140050289,8
"MTERF34","MTERF3",2,2.56503636636873,8
"TDP14","TDP1",1,2.54695787144015,8
"KDM1B4","KDM1B",1,2.29628433307362,8
"HSD17B64","HSD17B6",3,3.25017541420682,8
"AUH4","AUH",2,2.44771493423063,8
"FAT34","FAT3",3,2.97813986324433,8
"PFKM4","PFKM",5,2.64709325702418,8
"KALRN4","KALRN",5,3.3643563726624,8
"LINC003244","LINC00324",2,2.50744930318182,8
"CALHM54","CALHM5",3,2.86183748137581,8
"P2RX14","P2RX1",1,2.75078753118026,8
"FBXL224","FBXL22",3,2.48719918886945,8
"TBL24","TBL2",2,2.6145786440583,8
"RASIP14","RASIP1",6,3.20097481584031,8
"KRT104","KRT10",2,3.21372547851131,8
"CHST34","CHST3",3,2.79587634636036,8
"Z95114.14","Z95114.1",6,2.49406555574901,8
"AGAP24","AGAP2",1,3.3771091251861,8
"ZNF529-AS14","ZNF529-AS1",8,2.6139487296251,8
"NABP24","NABP2",2,3.01212967978408,8
"ISOC14","ISOC1",2,2.53345947868338,8
"MUC164","MUC16",8,2.82089374444802,8
"HLA-DQA14","HLA-DQA1",1,3.55365232581513,8
"JMJD44","JMJD4",2,2.55457207681001,8
"SIAH14","SIAH1",2,2.80682999494366,8
"CHEK14","CHEK1",1,2.927822892881,8
"NSRP1P14","NSRP1P1",7,2.31510001900389,8
"L3HYPDH4","L3HYPDH",3,2.23974784746075,8
"P2RX74","P2RX7",1,2.64336014801808,8
"LSR4","LSR",8,2.65156922088826,8
"PLA2G4C4","PLA2G4C",5,2.50646466404942,8
"MLF14","MLF1",3,2.51749735263739,8
"KLHL124","KLHL12",2,2.80922731040213,8
"GAB34","GAB3",1,3.06072617847228,8
"RHBDD14","RHBDD1",2,2.67494987071362,8
"TTC84","TTC8",5,2.58566540747623,8
"MEG94","MEG9",5,3.11650097146856,8
"RIPK34","RIPK3",1,3.01187815448238,8
"ACAA24","ACAA2",2,2.89073724307625,8
"MSTO14","MSTO1",2,2.40440898303257,8
"CYP26B14","CYP26B1",2,2.65735856744708,8
"GSR4","GSR",2,3.08268496348764,8
"NUP434","NUP43",2,2.76415347461818,8
"ZC2HC1C4","ZC2HC1C",8,3.03962463533995,8
"FAM92A4","FAM92A",5,2.52773031657431,8
"MYEF24","MYEF2",8,3.43556755246422,8
"ZFPM24","ZFPM2",3,2.49650052154786,8
"GPHN4","GPHN",5,2.4258502481399,8
"GABPB14","GABPB1",3,2.26379002091062,8
"ZNF75D4","ZNF75D",1,2.46587515031075,8
"RALGPS24","RALGPS2",1,2.97540834089502,8
"TUSC14","TUSC1",5,2.5531645727771,8
"SLC25A334","SLC25A33",4,2.55996296550802,8
"NOD24","NOD2",1,3.28194271075987,8
"SPINT24","SPINT2",8,3.65492461971978,8
"SLC25A424","SLC25A42",1,2.58643400019796,8
"NEMP14","NEMP1",2,3.0788872076982,8
"MTHFD24","MTHFD2",2,2.26342886924314,8
"NRXN14","NRXN1",8,2.41559989788952,8
"ACAT24","ACAT2",2,2.83650554217447,8
"SLC41A14","SLC41A1",2,2.20806385536556,8
"AC124947.14","AC124947.1",1,2.86080341403779,8
"PCDH124","PCDH12",3,2.88490983964668,8
"PRC14","PRC1",1,2.71240286460437,8
"MTHFD2L4","MTHFD2L",5,2.41546962643361,8
"UNC1194","UNC119",2,2.61624623754315,8
"SEMA3A4","SEMA3A",3,2.44258377414847,8
"GEMIN64","GEMIN6",2,2.57527745412322,8
"C1QTNF14","C1QTNF1",3,2.5919213414708,8
"TNFRSF44","TNFRSF4",1,3.03693872087662,8
"BET14","BET1",2,2.6290022757965,8
"GLI24","GLI2",7,2.93179268134981,8
"SLC25A254","SLC25A25",6,3.73089563035187,8
"PANX14","PANX1",3,3.18456208893546,8
"DENND5B4","DENND5B",2,2.93579137422149,8
"TCEA24","TCEA2",2,2.71487373686791,8
"FANCM4","FANCM",7,2.88154090192448,8
"ZNRF24","ZNRF2",2,2.53072455953461,8
"EPHA24","EPHA2",6,2.90558594353931,8
"C2orf27A4","C2orf27A",7,2.59215302971823,8
"GFI14","GFI1",2,3.26805356923088,8
"PRKX4","PRKX",2,2.72206314493886,8
"TTF24","TTF2",1,3.03030319530852,8
"CAMK2B4","CAMK2B",8,3.36809797865254,8
"EED4","EED",2,2.65043006136331,8
"FANCI4","FANCI",1,3.66524253837497,8
"AC010226.14","AC010226.1",7,2.88170073561646,8
"AL683813.24","AL683813.2",5,2.50547370316657,8
"ALKAL24","ALKAL2",7,2.80359705644748,8
"METTL154","METTL15",2,2.31384349665204,8
"C9orf644","C9orf64",2,2.33730382587028,8
"BUD134","BUD13",2,2.96245427629684,8
"SCNN1B4","SCNN1B",4,2.60766485036091,8
"PPP2R3A4","PPP2R3A",5,2.93878168172911,8
"EXTL34","EXTL3",2,2.46711201585466,8
"SLC24A34","SLC24A3",5,2.37959957072619,8
"KREMEN14","KREMEN1",5,2.97886661646814,8
"TAF5L4","TAF5L",2,3.14405651274859,8
"RERGL4","RERGL",7,2.56168162645902,8
"PHF5A4","PHF5A",2,2.79672675585286,8
"EAF14","EAF1",2,2.7820087489266,8
"AL356273.64","AL356273.6",6,3.07232775206419,8
"RSPH34","RSPH3",2,2.22230633786968,8
"DNAJB14","DNAJB1",6,2.91953735063535,8
"HCCS4","HCCS",2,2.30644229429647,8
"FADS14","FADS1",2,2.73461878791464,8
"TOR1A4","TOR1A",2,2.55950994414418,8
"OLFM14","OLFM1",5,2.96580558915842,8
"MAP74","MAP7",8,3.05462343188511,8
"SOCS54","SOCS5",6,2.28217858909709,8
"AC092807.44","AC092807.4",3,2.54767705326298,8
"BYSL4","BYSL",3,2.38842902013189,8
"FLYWCH14","FLYWCH1",5,2.63974975355522,8
"ADAMTSL44","ADAMTSL4",6,3.42073791512835,8
"RNF54","RNF5",2,2.85521398925851,8
"CD300LF4","CD300LF",1,2.85977706517503,8
"EOGT4","EOGT",3,3.34395164433721,8
"DNMBP4","DNMBP",5,2.63069870429635,8
"C3orf624","C3orf62",5,2.22566866820902,8
"PHLPP14","PHLPP1",8,2.5405454146691,8
"RIOK24","RIOK2",2,2.89174126323392,8
"SAMD114","SAMD11",5,2.54913229427182,8
"AC004918.14","AC004918.1",2,2.77512670809425,8
"AL390728.44","AL390728.4",1,3.72082770646524,8
"CYYR14","CYYR1",5,2.76226707321481,8
"WNT114","WNT11",6,2.89520482358264,8
"CKS1B4","CKS1B",2,3.08105357532597,8
"YPEL44","YPEL4",5,2.66011202884195,8
"ARHGEF154","ARHGEF15",5,3.39602647293893,8
"AC018500.14","AC018500.1",1,3.92214560394572,8
"KRT6A4","KRT6A",3,2.74175088037013,8
"GSTCD4","GSTCD",2,2.66779721652199,8
"NDUFAF64","NDUFAF6",8,2.47317502468113,8
"AL356534.14","AL356534.1",5,3.06146620817548,8
"NT5DC34","NT5DC3",4,2.02194449954796,8
"CDCA54","CDCA5",1,2.71918354540868,8
"IGFL24","IGFL2",3,2.79571308068889,8
"RTTN4","RTTN",6,2.38012797523989,8
"RNF64","RNF6",2,2.68184661165193,8
"ARMCX24","ARMCX2",5,3.02141959326598,8
"SYK4","SYK",1,3.22568318915445,8
"RNF434","RNF43",8,3.16772047547906,8
"ONECUT24","ONECUT2",4,2.38475666530575,8
"MRPL244","MRPL24",2,2.85143394105962,8
"ARPIN4","ARPIN",2,2.75767041175378,8
"USP214","USP21",2,2.52480628042567,8
"LYSMD24","LYSMD2",1,3.12349041486081,8
"CDKN2C4","CDKN2C",5,3.18639098709351,8
"TTLL74","TTLL7",8,2.24476963663297,8
"WDR664","WDR66",5,2.74930380803437,8
"STARD94","STARD9",5,3.85879137569648,8
"ST3GAL44","ST3GAL4",2,2.50411393915709,8
"FRY4","FRY",5,2.59647692275111,8
"CR381670.14","CR381670.1",7,3.2396272942858,8
"AC011379.24","AC011379.2",5,3.11690533561374,8
"CARD64","CARD6",6,2.60533121761624,8
"SUSD24","SUSD2",5,2.46081910045486,8
"AL035071.14","AL035071.1",2,2.15108121340567,8
"SNORD134","SNORD13",1,3.75863154533754,8
"BCKDHB4","BCKDHB",5,2.48741148503214,8
"PIGL4","PIGL",5,2.26279190956334,8
"RNF1664","RNF166",2,3.57900352260723,8
"TRPV24","TRPV2",1,2.66664534968616,8
"MOB3B4","MOB3B",5,3.16267937915138,8
"APLNR4","APLNR",3,3.044148303453,8
"EID24","EID2",7,2.23810119088222,8
"AC006504.54","AC006504.5",1,2.12022406928833,8
"NRP24","NRP2",3,3.42285611598125,8
"ADM54","ADM5",6,3.06148311132353,8
"ZNF2084","ZNF208",7,2.41707041338498,8
"PCBP44","PCBP4",5,3.19414416472211,8
"BTBD34","BTBD3",5,2.63794605411436,8
"AOC34","AOC3",6,3.25505981686241,8
"ANK24","ANK2",6,4.1979566291225,8
"PDIK1L4","PDIK1L",2,2.45634673662409,8
"TESK14","TESK1",2,2.33532993254424,8
"SMIM104","SMIM10",2,2.53117833021815,8
"TMEM2044","TMEM204",2,3.31509244004637,8
"CDC204","CDC20",1,2.75414834134435,8
"MSRA4","MSRA",5,2.76202694686314,8
"MFSD54","MFSD5",2,3.32900825627649,8
"TMEM984","TMEM98",5,3.31287682872984,8
"UCK24","UCK2",3,2.63879244121874,8
"RBM4B4","RBM4B",7,2.43801490348664,8
"LINC008944","LINC00894",1,3.12857089691946,8
"RPRD1A4","RPRD1A",8,2.40930523241338,8
"CDKL54","CDKL5",3,2.80711845379296,8
"ALG144","ALG14",5,2.51345545325678,8
"KRIT14","KRIT1",7,2.55403870581317,8
"COA64","COA6",7,2.59165533374728,8
"RAPGEF64","RAPGEF6",1,2.71175714361293,8
"JAM34","JAM3",5,2.91741254106325,8
"ASCC24","ASCC2",2,2.88419361739331,8
"ZNF542P4","ZNF542P",2,2.17141633191402,8
"WDR54","WDR5",6,2.39372037935861,8
"ARVCF4","ARVCF",8,2.77036757536556,8
"TSPAN334","TSPAN33",1,3.47009107932549,8
"AC130895.14","AC130895.1",2,2.53479411965944,8
"TXNDC174","TXNDC17",2,3.1959729355484,8
"TRAM2-AS14","TRAM2-AS1",5,2.62547568914624,8
"CREB54","CREB5",6,3.36976968115891,8
"RPL11P34","RPL11P3",7,3.13361330148335,8
"GEMIN44","GEMIN4",8,2.45615364649442,8
"GATB4","GATB",1,2.36297466694097,8
"VPS9D14","VPS9D1",2,2.56788489756959,8
"ARAF4","ARAF",2,2.86569291326574,8
"MALINC14","MALINC1",1,2.69914381772467,8
"PSD44","PSD4",1,3.66246483349683,8
"RAD51AP14","RAD51AP1",1,2.95384314513586,8
"UBXN2B4","UBXN2B",2,2.7897050713071,8
"NEK114","NEK11",5,2.4997281159577,8
"FMC14","FMC1",2,2.56203231856765,8
"MYCBP4","MYCBP",2,2.16562996622796,8
"ZFYVE284","ZFYVE28",2,2.5088783515547,8
"RNF1224","RNF122",6,3.51802728239305,8
"WDR894","WDR89",2,2.38937152443016,8
"UNC13D4","UNC13D",1,2.970360698594,8
"SLC22A234","SLC22A23",5,2.5231811269382,8
"GLE14","GLE1",2,2.70702841505946,8
"AL357568.24","AL357568.2",7,2.5224837750592,8
"ACYP14","ACYP1",8,2.26624877248082,8
"ABCA34","ABCA3",4,3.23262053035386,8
"WIPF34","WIPF3",8,2.77076853857567,8
"FCGR2B4","FCGR2B",2,3.05171287123853,8
"RP9P4","RP9P",5,2.52957374331777,8
"GEN14","GEN1",1,3.20127769375599,8
"PRF14","PRF1",1,3.31102505034686,8
"DUSP144","DUSP14",3,2.6472973322393,8
"TSPAN324","TSPAN32",1,3.10841987329443,8
"PLEK4","PLEK",1,4.09178474877287,8
"KIF144","KIF14",1,3.08732207082952,8
"ACKR24","ACKR2",6,2.4265967250997,8
"LINC023284","LINC02328",1,3.04086062505402,8
"LINC008474","LINC00847",2,2.74508138296407,8
"VASH24","VASH2",5,3.04273359369801,8
"MPP14","MPP1",6,2.52057238205437,8
"FANCL4","FANCL",8,2.63603117879845,8
"RAB40B4","RAB40B",5,2.49954461362061,8
"RAB234","RAB23",3,3.44111070996776,8
"LONRF14","LONRF1",5,3.43605384377408,8
"GNAO14","GNAO1",6,2.47396442862498,8
"TRAPPC2L4","TRAPPC2L",2,2.75512850714178,8
"TDRD104","TDRD10",5,2.98490848191314,8
"C5orf224","C5orf22",2,2.57458969303076,8
"COA74","COA7",2,2.14152418952697,8
"PIGW4","PIGW",2,2.40305349584954,8
"ASTN14","ASTN1",5,3.41476021141461,8
"PPFIBP24","PPFIBP2",8,2.42955380288146,8
"SPACA64","SPACA6",3,2.47691779541525,8
"SLC37A14","SLC37A1",2,2.81008666677247,8
"BRCA24","BRCA2",1,3.48034956411222,8
"ARHGEF194","ARHGEF19",2,2.48013100086516,8
"DENND4C4","DENND4C",5,3.00236196222105,8
"PLCD34","PLCD3",7,2.42370536304449,8
"KCNN34","KCNN3",2,2.19197398702759,8
"NSMCE24","NSMCE2",2,2.82857632264975,8
"NFKBIE4","NFKBIE",1,3.39427264184015,8
"H2BC20P4","H2BC20P",1,2.82735998701684,8
"GRASP4","GRASP",6,3.50659857127348,8
"SAYSD14","SAYSD1",2,2.54988161284704,8
"ZBTB54","ZBTB5",2,2.92103453728932,8
"ZNF4234","ZNF423",5,3.12551827116428,8
"GPRC5B4","GPRC5B",5,2.59359865320295,8
"TMEM30B4","TMEM30B",4,2.83317235168852,8
"PKN34","PKN3",6,2.51727337032129,8
"BAIAP2L14","BAIAP2L1",8,2.52461776976575,8
"CAD4","CAD",2,2.38343132368523,8
"KLHDC14","KLHDC1",5,2.46543103079656,8
"SLC39A114","SLC39A11",4,2.61382169885596,8
"PHKG24","PHKG2",2,2.46963864408577,8
"WDR274","WDR27",5,3.06389620665475,8
"SECTM14","SECTM1",6,2.88594496737623,8
"KL4","KL",5,3.11088651454321,8
"IGHA25","IGHA2",5,4.02429940962724,9
"AC092069.15","AC092069.1",4,9.60665449950122,9
"IGHG45","IGHG4",6,4.75711884625378,9
"MUCL15","MUCL1",3,9.60652609552104,9
"PIP5","PIP",3,9.13038400150249,9
"FDCSP5","FDCSP",6,5.38031562010933,9
"COL11A15","COL11A1",9,6.40609421071392,9
"IGLC75","IGLC7",6,3.54195218348187,9
"IGLC35","IGLC3",9,3.77845084954962,9
"IGHG15","IGHG1",6,4.58116461302292,9
"HLA-DRB55","HLA-DRB5",9,3.5334263331849,9
"MTND3P195","MTND3P19",8,2.90522389846501,9
"IGHG35","IGHG3",9,4.37010905614259,9
"CXCL95","CXCL9",6,7.03368829323301,9
"IGHGP5","IGHGP",9,4.12380606275578,9
"DHRS25","DHRS2",3,9.33475077753767,9
"MMP95","MMP9",6,4.43417744300312,9
"IGLC25","IGLC2",9,4.16332235038682,9
"ANKRD30A5","ANKRD30A",8,4.45144910206399,9
"SCGB2A25","SCGB2A2",8,6.11234745760946,9
"MMP135","MMP13",9,5.59125253418124,9
"ALOX15B5","ALOX15B",3,9.36221009647081,9
"CXCL135","CXCL13",6,6.65530796970477,9
"COL10A15","COL10A1",9,5.35187889892131,9
"UGT2B115","UGT2B11",3,8.65587121482556,9
"MS4A15","MS4A1",6,7.74860133506255,9
"COMP5","COMP",9,4.91041862478559,9
"CXCL105","CXCL10",6,5.13076935889443,9
"KRT815","KRT81",8,3.93483122127785,9
"MMP115","MMP11",9,5.1076210865023,9
"PIGR5","PIGR",8,6.34565910815488,9
"PENK5","PENK",7,5.25174172219999,9
"MMP75","MMP7",8,4.14464045013263,9
"MMP116","MMP1",9,5.37815573146421,9
"CCL195","CCL19",6,6.44162759085207,9
"HLA-DRB65","HLA-DRB6",2,3.33265421307097,9
"TAC15","TAC1",1,2.88147912452084,9
"KRT155","KRT15",8,7.78789508624607,9
"PLA2G2A5","PLA2G2A",1,6.16777349642522,9
"LTF5","LTF",8,4.67192757634872,9
"CALML55","CALML5",9,4.10892906975809,9
"LRRC155","LRRC15",9,4.92959336980959,9
"AC008440.15","AC008440.1",4,7.49087350619385,9
"IGHG25","IGHG2",6,3.74401601241615,9
"SPP15","SPP1",9,4.66879514653309,9
"ADH1B5","ADH1B",5,5.48173282281039,9
"DLK15","DLK1",5,4.82634518216957,9
"HMGCS25","HMGCS2",3,7.32058912251526,9
"PI165","PI16",5,4.04594755791307,9
"HBB5","HBB",1,4.01572284998449,9
"SLPI5","SLPI",8,5.7627220616542,9
"AKR1B155","AKR1B15",3,7.74676630857134,9
"TFF35","TFF3",3,5.11195579001943,9
"KRT195","KRT19",8,5.85619759798731,9
"FNDC15","FNDC1",9,5.07205232555732,9
"AC022784.15","AC022784.1",5,3.40214871699918,9
"SERHL25","SERHL2",3,7.52342315120436,9
"AZGP15","AZGP1",8,5.80565611991508,9
"KRT145","KRT14",8,5.52605126605458,9
"LINC009935","LINC00993",8,4.00275921038518,9
"DCX5","DCX",5,4.3833148985895,9
"SCGB1D25","SCGB1D2",8,4.92513068239141,9
"GJB25","GJB2",9,4.98626769646686,9
"HLA-DQA25","HLA-DQA2",6,3.21964494163175,9
"VEGFD5","VEGFD",5,5.58053629396183,9
"GABRP5","GABRP",8,6.9225148644655,9
"ACSM15","ACSM1",3,7.12252127692103,9
"IGHD5","IGHD",6,4.21015090799508,9
"RPL105","RPL10",2,4.52032009716078,9
"AC104984.45","AC104984.4",4,6.22210038251075,9
"CRABP15","CRABP1",5,3.63847464465028,9
"GSTM55","GSTM5",3,6.19339689816037,9
"CCL215","CCL21",5,3.39527705119143,9
"CEMIP5","CEMIP",9,4.46628562993808,9
"ALX45","ALX4",5,4.86768528249904,9
"MMP35","MMP3",7,4.20465418984866,9
"UGT2B285","UGT2B28",3,7.14892633029366,9
"CR25","CR2",6,5.13795770889017,9
"CCR75","CCR7",6,6.16514801805949,9
"HBA25","HBA2",5,3.68826088777085,9
"CCL185","CCL18",1,3.69167220905486,9
"AC137932.35","AC137932.3",4,6.71875401022266,9
"SCARA55","SCARA5",5,4.89176118357658,9
"IL65","IL6",1,7.17737887463882,9
"FABP45","FABP4",5,5.5253038618796,9
"FOXA15","FOXA1",3,5.40288424464422,9
"ALDH3B25","ALDH3B2",3,7.41088377681238,9
"S100A85","S100A8",1,5.91751180650634,9
"KRT6B5","KRT6B",8,5.09925997097707,9
"OLR15","OLR1",9,4.0905675473785,9
"AGR25","AGR2",8,4.77018608470586,9
"CXCL19","CXCL1",1,4.75422934017304,9
"CLDN45","CLDN4",8,5.83555591713355,9
"LYVE15","LYVE1",5,5.20149689613943,9
"SELE5","SELE",1,5.93675336233868,9
"GPC35","GPC3",5,5.21445854056593,9
"ELF55","ELF5",8,5.84633401502342,9
"FOSB5","FOSB",1,5.20595619681894,9
"OXTR5","OXTR",8,4.35879087420417,9
"PLIN15","PLIN1",5,3.92830901222357,9
"SBSPON5","SBSPON",7,3.98202234971473,9
"ANKRD20A11P5","ANKRD20A11P",5,4.07178543217041,9
"CXCL115","CXCL11",6,4.47292061534939,9
"INHBA5","INHBA",9,4.39232539713474,9
"MIR205HG5","MIR205HG",8,6.09858561538305,9
"LTB5","LTB",6,6.71517206733836,9
"S100A25","S100A2",8,3.88424669607914,9
"PTGS25","PTGS2",1,5.10560516269665,9
"HBA15","HBA1",1,4.02417361111423,9
"IGHM5","IGHM",6,5.34435838085523,9
"CCL285","CCL28",8,6.05855782395533,9
"KRT55","KRT5",8,5.74769950365073,9
"PTX35","PTX3",1,4.94893556279596,9
"TFAP2B5","TFAP2B",3,5.58129841657084,9
"PI155","PI15",2,4.2740511185482,9
"ABCC115","ABCC11",3,7.32598937494029,9
"CAPN65","CAPN6",5,4.5470014583787,9
"ACTG25","ACTG2",8,4.88552373011464,9
"THBS45","THBS4",7,4.88783507485469,9
"S100A145","S100A14",8,5.10420688408323,9
"HPGD5","HPGD",3,6.04089603627757,9
"LONRF25","LONRF2",5,3.50740144470867,9
"EDIL35","EDIL3",9,3.94133486020099,9
"CLDN35","CLDN3",3,5.02162898698006,9
"FCGR3A5","FCGR3A",9,4.26989936311381,9
"NR4A35","NR4A3",1,6.28297723488748,9
"CD79A5","CD79A",6,6.1560963095144,9
"FCRL55","FCRL5",6,5.9970957811919,9
"HPSE25","HPSE2",5,4.74685335714748,9
"SPDEF5","SPDEF",3,5.67833175052209,9
"CD245","CD24",8,5.10129316562112,9
"SELL5","SELL",6,5.8074552580118,9
"S100A16","S100A1",8,4.21478537680027,9
"VTCN15","VTCN1",8,5.84798037324368,9
"KRT175","KRT17",8,6.1654563508874,9
"PLIN45","PLIN4",5,3.87099495504169,9
"COL17A15","COL17A1",8,4.46713777812302,9
"ADIPOQ5","ADIPOQ",5,3.66899672195019,9
"S100A95","S100A9",1,6.03286303300606,9
"ELF35","ELF3",8,5.63408185247363,9
"COL8A15","COL8A1",9,4.22052821229673,9
"COL6A65","COL6A6",5,4.83694853662638,9
"CLDN16","CLDN1",9,3.76813327044021,9
"TAT5","TAT",3,3.43727593768225,9
"PRG45","PRG4",1,4.88457377895642,9
"MMRN15","MMRN1",5,3.73490447404587,9
"CHI3L15","CHI3L1",8,3.29909756854289,9
"AREG5","AREG",2,3.89068454120316,9
"LINC008615","LINC00861",6,5.72494075090404,9
"WIF15","WIF1",2,4.06937431125622,9
"C75","C7",2,3.67746184341685,9
"ABCA105","ABCA10",5,4.9461189174728,9
"ZG16B5","ZG16B",8,5.7344755570877,9
"BANK15","BANK1",6,5.89915814406086,9
"WFDC25","WFDC2",8,5.55276128371606,9
"AKR1C25","AKR1C2",3,4.54030549054856,9
"NIBAN35","NIBAN3",6,5.66432929291996,9
"TIGIT5","TIGIT",6,5.7919127114563,9
"KRT75","KRT7",8,4.94681625209546,9
"LAMP35","LAMP3",6,5.12024969703212,9
"GFRA15","GFRA1",5,3.60693688170962,9
"SOCS35","SOCS3",1,5.99723762931841,9
"KIF26B5","KIF26B",9,4.41682764393823,9
"TNN5","TNN",7,3.80943315109111,9
"STC25","STC2",8,4.63092905064365,9
"GBP55","GBP5",6,5.25846091396633,9
"FREM15","FREM1",5,4.0630242972231,9
"APOC15","APOC1",9,3.29623281299382,9
"POU2AF15","POU2AF1",6,5.06084579979818,9
"CILP25","CILP2",9,3.45928057918461,9
"EPCAM5","EPCAM",8,4.64347276565398,9
"PROM15","PROM1",8,5.58419325892387,9
"ECRG45","ECRG4",2,4.0145604098258,9
"S100P5","S100P",9,3.87595405916055,9
"SCN7A5","SCN7A",2,3.50751314358273,9
"ADAMDEC15","ADAMDEC1",6,4.97301337924478,9
"KLK55","KLK5",8,5.05188677343466,9
"SCGB3A15","SCGB3A1",3,4.59946460628152,9
"MZB15","MZB1",6,4.96826966936346,9
"RASD15","RASD1",1,3.8083076847337,9
"MAL25","MAL2",8,3.93503987929612,9
"LEPR5","LEPR",5,4.1500504617616,9
"CD300LG5","CD300LG",5,4.71077674211047,9
"OGN5","OGN",5,4.58896855359754,9
"MKI675","MKI67",6,4.41783545144541,9
"ITGB65","ITGB6",8,4.66944496397926,9
"TCL1A5","TCL1A",6,5.50960022629044,9
"CD225","CD22",6,5.34579407610103,9
"ZBTB165","ZBTB16",3,3.47038301664741,9
"FCMR5","FCMR",6,5.98024287271698,9
"AL354740.15","AL354740.1",4,6.32304814788251,9
"TMEM59L5","TMEM59L",7,4.7769061879454,9
"G0S25","G0S2",1,4.00802387165767,9
"AC009107.25","AC009107.2",4,5.83661762040512,9
"C2CD4B5","C2CD4B",1,4.47970761846327,9
"IL325","IL32",6,3.17195946373398,9
"CXCL85","CXCL8",1,5.12071779731585,9
"STRA65","STRA6",7,5.01872770002107,9
"HSPB65","HSPB6",5,4.65540927722667,9
"STAC25","STAC2",8,4.29820241231869,9
"AL391097.35","AL391097.3",4,5.49695832365069,9
"NR4A25","NR4A2",1,5.65275393587567,9
"ADCYAP15","ADCYAP1",5,3.16158961689453,9
"CXCL25","CXCL2",1,6.19225007904278,9
"ANKRD36BP25","ANKRD36BP2",6,4.74597306662901,9
"MPV17L5","MPV17L",3,5.35306787067732,9
"IL4I15","IL4I1",6,3.35719665140031,9
"TNFRSF13C5","TNFRSF13C",6,5.49188206870815,9
"MT1A5","MT1A",1,4.77209036462331,9
"CHIT15","CHIT1",6,2.8538414853237,9
"TFF15","TFF1",2,3.43031119060348,9
"KIAA13245","KIAA1324",3,4.53841433768012,9
"RNU6-826P5","RNU6-826P",3,3.06748689958119,9
"ADAM335","ADAM33",5,5.09195944177073,9
"GPC65","GPC6",9,4.17939197822995,9
"PAX55","PAX5",6,5.51334189440237,9
"CLDN85","CLDN8",3,4.9556860378429,9
"CDH16","CDH1",8,4.62620476378724,9
"FABP75","FABP7",3,4.13828877335112,9
"TACSTD25","TACSTD2",8,6.09554043282201,9
"TOP2A5","TOP2A",6,4.14953755625826,9
"CCL135","CCL13",1,3.12720842716095,9
"MUC15","MUC1",3,4.59100798101622,9
"LAMC35","LAMC3",5,3.92595362042896,9
"DES5","DES",4,3.33253825290225,9
"APOD5","APOD",3,3.95246931386742,9
"RPS185","RPS18",2,3.64401538219561,9
"SOX115","SOX11",9,3.58709080864439,9
"RNU6-618P5","RNU6-618P",3,2.86519316821453,9
"IDO15","IDO1",6,4.60710598438091,9
"CFD5","CFD",5,4.5093691120698,9
"DSC35","DSC3",8,5.09720845526288,9
"LCK5","LCK",6,5.44789495375464,9
"PEG105","PEG10",8,3.55788506344727,9
"SAA15","SAA1",8,3.92757263103055,9
"GALNT165","GALNT16",5,4.45761128027955,9
"LPL5","LPL",5,4.24353132479332,9
"MTND1P235","MTND1P23",4,2.49364377297357,9
"LAMP55","LAMP5",2,4.01062907814602,9
"KRT235","KRT23",8,4.28175117648864,9
"TFAP2A5","TFAP2A",8,4.98257684223943,9
"GZMK5","GZMK",6,4.85896216009195,9
"TRBC15","TRBC1",6,5.7438009338994,9
"MLPH5","MLPH",3,4.71848344928175,9
"GZMB5","GZMB",6,4.22197823002146,9
"CCN45","CCN4",7,4.03232806640175,9
"RPS265","RPS26",9,3.6058261384953,9
"TRAC5","TRAC",6,5.22143402046146,9
"SLAMF85","SLAMF8",6,4.0623575748097,9
"CYP2B7P5","CYP2B7P",3,4.28556737292967,9
"EIF5A5","EIF5A",9,3.82940208550181,9
"CHRDL15","CHRDL1",5,4.79501814186677,9
"LINC009265","LINC00926",6,4.87580475309019,9
"FASN5","FASN",3,5.8100811796237,9
"DIO25","DIO2",7,4.98909530983821,9
"CNTN15","CNTN1",5,4.14541660423682,9
"RELN5","RELN",5,4.48778342459174,9
"TMEM1585","TMEM158",9,4.14517736637528,9
"AARD5","AARD",8,4.00119364303771,9
"FAM30A5","FAM30A",6,4.90763873187369,9
"IGSF105","IGSF10",5,4.60861839978723,9
"CCL225","CCL22",6,3.73300889360549,9
"PDGFD5","PDGFD",5,4.33251633329627,9
"TRIM295","TRIM29",8,5.50731315202663,9
"P2RY105","P2RY10",6,5.43623552068929,9
"KLK75","KLK7",8,4.51368768847592,9
"RSAD25","RSAD2",9,3.63861721016071,9
"SPIB5","SPIB",6,5.61392147312922,9
"TPSB25","TPSB2",5,3.43640708137083,9
"CTSG5","CTSG",5,4.35676915380438,9
"PTGFR5","PTGFR",5,3.52275531541987,9
"HLF5","HLF",5,3.86227454740549,9
"SPINK85","SPINK8",3,6.37240843188587,9
"CD3D5","CD3D",6,5.16487711896289,9
"ABCA85","ABCA8",5,4.42677428376794,9
"MAB21L15","MAB21L1",5,4.5444123526134,9
"BTNL95","BTNL9",5,4.50299503984809,9
"ADAMTS85","ADAMTS8",5,3.05216651448559,9
"CCL3L35","CCL3L3",4,2.66135928647687,9
"TFCP2L15","TFCP2L1",8,5.16022206482721,9
"TFAP2C5","TFAP2C",8,5.34756967931237,9
"ABCA95","ABCA9",5,4.58712815688464,9
"IRF85","IRF8",6,4.34833841374078,9
"ADGRD25","ADGRD2",8,3.63154233775345,9
"GNLY5","GNLY",6,4.44351494152862,9
"MEDAG5","MEDAG",1,5.58977161977222,9
"IGLL55","IGLL5",6,3.47967848448559,9
"OSR15","OSR1",5,3.39280821269328,9
"C15orf485","C15orf48",9,2.75062174947399,9
"RPL215","RPL21",2,4.57312826586019,9
"NQO15","NQO1",3,5.87170087523551,9
"MEOX15","MEOX1",5,3.52118461759237,9
"SNORC5","SNORC",8,4.92861884729826,9
"SOX105","SOX10",8,5.70795749350229,9
"ESM15","ESM1",9,3.91559004570361,9
"CD485","CD48",6,4.91407873361107,9
"PIM25","PIM2",6,4.4857900082032,9
"ISG205","ISG20",6,4.70566168016561,9
"IL1B5","IL1B",1,5.26463902253958,9
"HAS15","HAS1",1,5.71369979938708,9
"PER15","PER1",2,3.70842032666226,9
"CCL85","CCL8",1,4.14672797324904,9
"SERPINA55","SERPINA5",2,4.33565996223995,9
"DHCR245","DHCR24",3,4.90014546003367,9
"PLAUR5","PLAUR",1,4.97873775742424,9
"MT1X5","MT1X",2,4.21537783864571,9
"PLA2G2D5","PLA2G2D",6,5.02836398173586,9
"FCGBP5","FCGBP",2,3.42249297615498,9
"ZAP705","ZAP70",6,5.58853433107999,9
"CD195","CD19",6,5.2992382310615,9
"ESRP15","ESRP1",8,4.53362101302958,9
"MT1M5","MT1M",1,3.19082646710293,9
"SULF15","SULF1",9,4.20005232364834,9
"SYNM5","SYNM",8,5.10936745561896,9
"AC103591.35","AC103591.3",6,3.04716239820847,9
"TMEM1305","TMEM130",5,3.87491700538186,9
"FADS25","FADS2",3,4.54245026628864,9
"AQP35","AQP3",3,4.19357447464851,9
"SERPINE15","SERPINE1",1,5.13361218898989,9
"SLC11A15","SLC11A1",1,4.60125795989962,9
"NAPSB5","NAPSB",6,4.65288426732676,9
"FGF105","FGF10",5,4.850307514394,9
"SPTBN15","SPTBN1",2,5.23222581810195,9
"PON35","PON3",3,4.708715588523,9
"CCN35","CCN3",2,3.38425558489583,9
"ADM6","ADM",5,3.69416861788702,9
"RBP75","RBP7",5,3.95319729285293,9
"MAMDC25","MAMDC2",5,3.8500465971295,9
"CALML35","CALML3",2,4.71462891230149,9
"SERPINB55","SERPINB5",8,4.58937073008769,9
"OAS25","OAS2",6,4.05855152161602,9
"CENPF5","CENPF",6,3.7938257702764,9
"ASPM5","ASPM",6,3.81278089063961,9
"MT2A5","MT2A",2,4.87891250322403,9
"KRT185","KRT18",8,4.60245542886839,9
"AGR35","AGR3",2,4.91699424429451,9
"SCD5","SCD",4,4.04910490258047,9
"CD385","CD38",6,4.91969116813546,9
"SRP95","SRP9",9,4.00430283922159,9
"COLGALT25","COLGALT2",7,3.63205993984136,9
"SNORA2B5","SNORA2B",5,2.65517215285638,9
"PARP155","PARP15",6,5.32513941019703,9
"AQP55","AQP5",8,4.71725609582726,9
"FCER1A5","FCER1A",2,3.22290978978196,9
"KLF55","KLF5",8,4.3900757806662,9
"NUP2105","NUP210",6,4.62185386536289,9
"C1QTNF35","C1QTNF3",9,3.72464432500468,9
"VOPP15","VOPP1",9,3.9844726828751,9
"TRBC25","TRBC2",6,5.77966110879232,9
"ADH1C5","ADH1C",5,4.44786926811991,9
"MATN35","MATN3",9,3.73796331540204,9
"CRACR2B5","CRACR2B",8,4.6386633961771,9
"ZBP15","ZBP1",6,4.73781549300123,9
"PLA2G75","PLA2G7",6,3.69930263165177,9
"THSD45","THSD4",7,3.17248228030863,9
"KLK65","KLK6",8,4.05090210664774,9
"IGHA15","IGHA1",5,3.97550927735651,9
"RPL10P95","RPL10P9",8,2.937155007625,9
"ACKR15","ACKR1",5,3.75053732856121,9
"TMEM14C5","TMEM14C",9,4.32680128728475,9
"IER25","IER2",1,3.02875435440138,9
"SFN5","SFN",8,4.81492534517924,9
"ESR15","ESR1",2,3.54832648010362,9
"LAMB35","LAMB3",8,4.3226810643479,9
"DKK25","DKK2",7,3.66261438782313,9
"CCN55","CCN5",1,4.25312682148162,9
"RPS75","RPS7",2,4.76155593896666,9
"ZC3H12D5","ZC3H12D",6,4.94471268685881,9
"IRF45","IRF4",6,4.44898042939487,9
"AOX15","AOX1",5,3.4257104313717,9
"CACNA1G5","CACNA1G",5,3.88146404861065,9
"EPPK15","EPPK1",8,4.15318354891482,9
"OSR25","OSR2",5,3.24735250899147,9
"TNS45","TNS4",8,4.88397253632416,9
"SPRY25","SPRY2",5,3.8620266061148,9
"MIA5","MIA",8,4.77196153904563,9
"SPOCK25","SPOCK2",6,5.50127846188574,9
"TBC1D10C5","TBC1D10C",6,6.08832224208287,9
"LRRC175","LRRC17",5,4.22632967511377,9
"CD3E5","CD3E",6,5.52898310418502,9
"CH25H5","CH25H",1,3.98032818302303,9
"NEK105","NEK10",8,3.39444011907646,9
"DERL35","DERL3",6,4.0087772934492,9
"FCRL35","FCRL3",6,5.60263287292018,9
"SYT85","SYT8",8,4.35783281950976,9
"CD525","CD52",6,5.63343578218413,9
"RGS110","RGS1",6,3.20214533395179,9
"LIF5","LIF",1,4.67631222475856,9
"IRX15","IRX1",8,4.84174596150038,9
"GRHL15","GRHL1",8,4.89072881549387,9
"H2BC85","H2BC8",3,3.45655444704537,9
"ERBB35","ERBB3",8,5.11734229881964,9
"MAOB5","MAOB",8,3.81266258240744,9
"TK15","TK1",9,3.52082503170118,9
"PAMR15","PAMR1",5,3.20589777280679,9
"CA125","CA12",8,4.1122188635906,9
"ROCR5","ROCR",8,5.73940662069564,9
"PTN5","PTN",2,4.35160624001857,9
"C1QBP5","C1QBP",9,3.36055002890349,9
"PRSS85","PRSS8",8,4.65433270325655,9
"C3orf805","C3orf80",9,3.43038635679191,9
"KLHL135","KLHL13",3,3.38811652154318,9
"LGALS95","LGALS9",9,3.60015187147916,9
"CD65","CD6",6,5.61810323884677,9
"TREM25","TREM2",9,3.77600715468712,9
"MT-TK5","MT-TK",5,2.44440813907936,9
"NTRK25","NTRK2",8,4.18015625503793,9
"AP000892.45","AP000892.4",8,3.51334214382489,9
"CNN15","CNN1",8,3.36987072545093,9
"LAMC25","LAMC2",8,4.3980116108128,9
"P2RX55","P2RX5",6,5.12411753301458,9
"AC004687.15","AC004687.1",6,5.63096423083139,9
"AIM25","AIM2",6,5.03608470361689,9
"CD29","CD2",6,5.83462259116537,9
"FMO25","FMO2",5,3.57006765749744,9
"INMT5","INMT",5,3.55308196983313,9
"HMGA15","HMGA1",9,3.25093288339888,9
"RPS155","RPS15",5,3.2832317399939,9
"KIT5","KIT",8,3.35570676134485,9
"PPP1R1B5","PPP1R1B",8,4.38637730495408,9
"ITGA115","ITGA11",7,3.98715556325534,9
"SP1405","SP140",6,5.65179788690708,9
"ITGBL15","ITGBL1",7,3.61906005077255,9
"ANGPTL45","ANGPTL4",1,3.52387553110539,9
"GDF155","GDF15",4,2.76020136596286,9
"GPX35","GPX3",5,4.01747850881157,9
"PRSS125","PRSS12",5,3.37159328445599,9
"GPRC5A5","GPRC5A",1,3.65634151711885,9
"PLAC85","PLAC8",6,5.12506279782662,9
"TAGAP5","TAGAP",6,4.38265280656506,9
"CPA35","CPA3",5,3.4109865813148,9
"FPR15","FPR1",1,5.33267998603274,9
"MCOLN25","MCOLN2",6,4.26866898460005,9
"ACAP15","ACAP1",6,5.28160126919903,9
"DSG15","DSG1",8,4.50982527556389,9
"MEOX25","MEOX2",5,4.09692369782846,9
"EHF5","EHF",8,4.42913923286606,9
"ANGPTL15","ANGPTL1",5,3.79592147804428,9
"SNX205","SNX20",6,5.09176464000932,9
"ITK5","ITK",6,4.63124222957765,9
"TRMT9B5","TRMT9B",7,3.36268282401576,9
"EGFL65","EGFL6",7,3.71698276254279,9
"CXCL65","CXCL6",5,2.83648902622628,9
"C16orf895","C16orf89",5,3.39619692304895,9
"CD8A5","CD8A",6,4.59258069973333,9
"WNT25","WNT2",7,3.8927546444856,9
"LINC023625","LINC02362",6,4.13883052677612,9
"RPL35","RPL3",2,3.7642949660777,9
"GRP5","GRP",2,3.82812600784761,9
"TYMS5","TYMS",9,3.27458027287631,9
"C1QTNF65","C1QTNF6",9,3.55471327876311,9
"ADAMTS45","ADAMTS4",1,6.237923466155,9
"ITGB2-AS15","ITGB2-AS1",6,4.52920545834733,9
"CAVIN25","CAVIN2",5,4.36597667067528,9
"ADIRF5","ADIRF",5,4.14778181315543,9
"TNFAIP65","TNFAIP6",1,4.66399225030525,9
"CALHM65","CALHM6",6,3.94835926572778,9
"ELOVL75","ELOVL7",3,4.28158975775712,9
"GPM6B5","GPM6B",7,3.80913447834441,9
"TNFSF145","TNFSF14",1,4.64954280009988,9
"CD2475","CD247",6,4.70754526221266,9
"EFHD15","EFHD1",8,3.37549514117922,9
"TNC5","TNC",7,3.42908823430534,9
"GZMA5","GZMA",6,4.41330411193664,9
"SH2D1A5","SH2D1A",6,5.25407820445596,9
"TRIL5","TRIL",7,3.47372347773628,9
"DDIT45","DDIT4",2,4.11236804957914,9
"GAL5","GAL",1,3.65297672104919,9
"AUXG01000058.15","AUXG01000058.1",5,3.30354002524528,9
"CD2095","CD209",1,3.83312479169341,9
"CLEC10A5","CLEC10A",2,3.85826923872197,9
"AC011503.15","AC011503.1",5,3.41714420065754,9
"LGALS25","LGALS2",6,4.90764489261936,9
"FAM189A25","FAM189A2",8,4.63286617268667,9
"CD276","CD27",6,5.61857968981173,9
"IL7R5","IL7R",6,5.66681790758856,9
"COL9A35","COL9A3",7,2.71416989453341,9
"RDH105","RDH10",1,2.91840486918568,9
"F2RL25","F2RL2",7,5.20583319154261,9
"KIF125","KIF12",8,4.41132161052662,9
"NR4A15","NR4A1",1,4.9840872576525,9
"CX3CL15","CX3CL1",8,4.23338707359329,9
"SCUBE25","SCUBE2",2,3.51740458950897,9
"PPL5","PPL",5,3.74659688899448,9
"TRG-AS15","TRG-AS1",6,4.62468934842383,9
"SOX175","SOX17",5,3.55018128342177,9
"HGF5","HGF",5,3.42606148331883,9
"RNU5F-15","RNU5F-1",6,3.9941190170561,9
"CD1E5","CD1E",6,3.29487733699254,9
"SHROOM35","SHROOM3",8,4.90850646694595,9
"ATF35","ATF3",1,5.04694151836608,9
"FCRL25","FCRL2",6,4.78604069146546,9
"SNORD635","SNORD63",5,2.76426321147055,9
"LMNB15","LMNB1",6,3.44749823426484,9
"TPX25","TPX2",9,3.28836244081175,9
"RGS45","RGS4",7,4.33287602793625,9
"CHPF5","CHPF",9,4.06758137037942,9
"IRX55","IRX5",8,4.04527928725084,9
"GJA55","GJA5",9,3.74242364446528,9
"NKD25","NKD2",7,4.33023969756316,9
"ALDH1A15","ALDH1A1",5,3.92904499228724,9
"ARPC45","ARPC4",9,3.22037691774309,9
"TNFRSF175","TNFRSF17",6,3.57653448145696,9
"Z82215.15","Z82215.1",4,5.59505764950969,9
"AL365361.15","AL365361.1",6,5.08088876267688,9
"PADI25","PADI2",8,3.99413214979141,9
"IGFBP25","IGFBP2",7,3.17463882286194,9
"BAMBI5","BAMBI",8,3.65220995067439,9
"IL2RB5","IL2RB",6,4.50683040802948,9
"CCL175","CCL17",6,3.16272894826032,9
"CCL4L25","CCL4L2",1,3.21246769059716,9
"MMP165","MMP16",7,4.36473983842043,9
"ASPN5","ASPN",7,3.69681931991402,9
"CAPN85","CAPN8",8,3.6636876503545,9
"FRZB5","FRZB",2,3.77893161022896,9
"PDZK1IP15","PDZK1IP1",8,4.00184273249541,9
"APOLD15","APOLD1",1,3.39777325792648,9
"CDKN2B5","CDKN2B",9,3.20830578609193,9
"RBP45","RBP4",5,3.42888089479254,9
"CD3G5","CD3G",6,5.30017122507539,9
"LRRN4CL5","LRRN4CL",5,4.01341303269104,9
"SLC7A25","SLC7A2",5,4.11659801599951,9
"KLK105","KLK10",8,4.11317977299526,9
"IL21R5","IL21R",6,4.46950316136958,9
"KLF45","KLF4",1,4.4926913277608,9
"SRPX6","SRPX",5,4.63329269179838,9
"SLC12A85","SLC12A8",9,3.75987302241514,9
"NEURL1B5","NEURL1B",5,4.08342220978889,9
"CD79B5","CD79B",6,5.16434289774271,9
"SCML45","SCML4",6,4.58237127131312,9
"PKP15","PKP1",8,4.47986106417715,9
"CELF45","CELF4",7,4.05202782549853,9
"NLRC35","NLRC3",6,4.97806705422451,9
"DSG25","DSG2",8,4.57195814589369,9
"PLEKHS15","PLEKHS1",8,4.97628953505961,9
"ME15","ME1",4,4.00115355085325,9
"LINC023975","LINC02397",6,4.9376714646414,9
"GREM25","GREM2",5,3.46540321971062,9
"RUNX25","RUNX2",9,3.79967926535699,9
"OAS35","OAS3",9,3.18091279171695,9
"ARFGEF35","ARFGEF3",3,4.5888947629363,9
"FZD10-AS15","FZD10-AS1",5,4.13229947240529,9
"PLPP25","PLPP2",8,4.71245721670115,9
"TRAF3IP35","TRAF3IP3",6,5.9844659953991,9
"CDH35","CDH3",8,4.32478863135605,9
"SPHK15","SPHK1",9,3.41733930415976,9
"CDKN2A5","CDKN2A",9,3.73850192421427,9
"PTGDS5","PTGDS",6,3.85853554551776,9
"DHCR75","DHCR7",9,3.93237704496627,9
"SLC7A35","SLC7A3",7,3.36273824001722,9
"SNX105","SNX10",6,3.61597380802408,9
"HSPA1B5","HSPA1B",4,3.46117284968975,9
"TFEC5","TFEC",6,4.14435600975287,9
"SNORA135","SNORA13",3,2.97155695971159,9
"IKZF35","IKZF3",6,5.60838697496739,9
"APOBEC3A5","APOBEC3A",1,4.57626603771228,9
"SRD5A15","SRD5A1",3,4.94728829268138,9
"VIPR25","VIPR2",2,3.11415720272826,9
"ST145","ST14",9,3.29767473257268,9
"CHST16","CHST1",3,3.50631604983152,9
"PLP15","PLP1",5,4.20928892578234,9
"GPIHBP15","GPIHBP1",5,4.19827058337633,9
"TMC85","TMC8",6,5.42726602937667,9
"RPL18A5","RPL18A",9,2.61134597989779,9
"SOX95","SOX9",8,4.36073255914935,9
"TSPAN85","TSPAN8",3,3.61667010874081,9
"PGR5","PGR",2,2.87442055374155,9
"CARD115","CARD11",6,5.18528726681141,9
"MIAT5","MIAT",6,4.24831833629415,9
"TLR105","TLR10",6,4.25380792698112,9
"FIBIN5","FIBIN",2,3.76598007922839,9
"MDFI5","MDFI",9,3.36915221850877,9
"APCDD15","APCDD1",5,3.65195406440905,9
"CRABP25","CRABP2",5,3.18635111180192,9
"CCL35","CCL3",1,3.54622846600139,9
"FCGR2A5","FCGR2A",9,3.67183892309206,9
"H2BC215","H2BC21",9,2.96792376349097,9
"CA25","CA2",9,2.77676605836382,9
"SDS5","SDS",9,3.43146809249859,9
"EPYC5","EPYC",9,3.97656073615274,9
"NPY1R5","NPY1R",8,3.73932684098833,9
"HOXD95","HOXD9",5,4.1174743274506,9
"RSPO35","RSPO3",5,4.3255216211499,9
"PTTG15","PTTG1",6,3.33053064764861,9
"ECEL15","ECEL1",5,3.22190663916924,9
"SPCS25","SPCS2",9,3.96518843847832,9
"GALNT55","GALNT5",7,3.54148386553154,9
"ST6GAL25","ST6GAL2",9,3.80146001862622,9
"LILRB45","LILRB4",6,3.75827810504921,9
"LIPE5","LIPE",5,4.03699792605696,9
"DUSP25","DUSP2",6,3.31837260299319,9
"CD76","CD7",6,4.51411495711164,9
"GRHL25","GRHL2",8,3.82844456313521,9
"NOVA15","NOVA1",5,4.59651525232019,9
"CYTOR5","CYTOR",9,3.27424160658766,9
"AC012349.15","AC012349.1",3,2.8038128468761,9
"ISG155","ISG15",6,3.18814044202627,9
"ADAM85","ADAM8",6,3.34930121624366,9
"AC119673.35","AC119673.3",7,2.43451910528772,9
"RTKN25","RTKN2",6,4.34098895991372,9
"IRF65","IRF6",8,4.30578073426718,9
"ADAMTS9-AS25","ADAMTS9-AS2",5,3.68883387869152,9
"GPD15","GPD1",5,3.51436637688651,9
"UNC5B5","UNC5B",9,4.06467757653848,9
"ITGB75","ITGB7",6,4.76387240246725,9
"HDC5","HDC",1,3.21238085770667,9
"SLAMF75","SLAMF7",6,4.54474732598193,9
"KCNA15","KCNA1",5,3.75118867248341,9
"MPZL25","MPZL2",8,3.69269633748006,9
"TENM15","TENM1",5,2.96339571063801,9
"PROX15","PROX1",5,2.97144276759622,9
"PRLR5","PRLR",3,3.78771428297035,9
"ID25","ID2",9,2.99558985874231,9
"CCL45","CCL4",1,3.10405823987441,9
"MGST15","MGST1",4,3.77857018950119,9
"MFAP55","MFAP5",9,3.36308777780913,9
"TENT5C5","TENT5C",6,4.52711616269834,9
"SPOCK15","SPOCK1",7,3.67122177627089,9
"CNTFR5","CNTFR",5,4.409585471988,9
"MYBL25","MYBL2",6,3.78880058970304,9
"TWIST25","TWIST2",5,3.94192941425886,9
"PCDH195","PCDH19",5,3.97705353283126,9
"PWWP3B5","PWWP3B",2,3.26125218730934,9
"FPR35","FPR3",9,3.13097556938402,9
"UBE2C5","UBE2C",9,3.87144648632015,9
"MTND3P105","MTND3P10",4,2.93448132464339,9
"MAPT5","MAPT",8,4.02249022982126,9
"MEX3A5","MEX3A",7,3.40210949926731,9
"SUSD35","SUSD3",6,4.02654698686946,9
"AMPD15","AMPD1",5,3.97344603115732,9
"CCR25","CCR2",6,3.64472983410784,9
"CP5","CP",1,2.47746446974619,9
"STC15","STC1",1,3.35984534256901,9
"ACKR35","ACKR3",1,3.67083713811401,9
"HLA-DOB5","HLA-DOB",6,5.01394652213944,9
"STMN25","STMN2",2,2.74514195520541,9
"LRFN55","LRFN5",5,3.60826216909309,9
"PTHLH5","PTHLH",2,3.24632642200618,9
"THRSP5","THRSP",4,3.55797632221761,9
"DAPP15","DAPP1",6,4.44406596857953,9
"PLEKHH25","PLEKHH2",5,4.06061244436986,9
"BIN25","BIN2",6,4.05775655355221,9
"NEBL5","NEBL",8,4.50526669697399,9
"PDE3B5","PDE3B",6,4.64982134396799,9
"MAP4K15","MAP4K1",6,4.64866585462426,9
"CD835","CD83",6,3.3850591854897,9
"RAB255","RAB25",8,4.33654124503698,9
"SLC7A55","SLC7A5",1,3.36438747234396,9
"CR15","CR1",6,3.55975932491492,9
"PLAU5","PLAU",1,3.93205080235914,9
"RASAL35","RASAL3",6,4.78094648263677,9
"GALNT35","GALNT3",8,3.56156103162818,9
"NRG15","NRG1",8,4.19957754888091,9
"SUMO25","SUMO2",9,3.60165711856808,9
"NCF25","NCF2",1,3.85579625805745,9
"ZNF4695","ZNF469",9,3.22293779499965,9
"HEYL5","HEYL",7,4.08063238078521,9
"SCARNA95","SCARNA9",5,2.70146849465567,9
"TUBB2B5","TUBB2B",8,3.85780071002335,9
"EGLN35","EGLN3",7,3.06354038546145,9
"NECTIN45","NECTIN4",8,4.21776595841588,9
"EVA1A5","EVA1A",7,3.64587583488863,9
"TNFRSF13B5","TNFRSF13B",6,4.90527081779419,9
"ENPP15","ENPP1",7,3.4655838636265,9
"CD375","CD37",6,5.18935633778376,9
"CCL55","CCL5",6,5.05363305439555,9
"RHOF5","RHOF",6,4.90788113055854,9
"RFLNA5","RFLNA",9,3.5109436174676,9
"GPR1715","GPR171",6,4.43668825670954,9
"UCHL15","UCHL1",9,3.50990431731624,9
"HVCN15","HVCN1",6,4.17326368816925,9
"PTPN65","PTPN6",6,4.30354986653666,9
"NPR35","NPR3",7,2.93364146301106,9
"MOXD15","MOXD1",2,2.86482267236174,9
"BCL11A5","BCL11A",6,5.00500208377568,9
"CRLF15","CRLF1",7,2.64107877282541,9
"KCNN45","KCNN4",6,3.66558734004671,9
"CMPK25","CMPK2",9,3.19913098727919,9
"CD965","CD96",6,5.07461962448452,9
"CD1C5","CD1C",6,3.32199815704548,9
"LCN25","LCN2",8,4.58595048392193,9
"STUM5","STUM",5,3.95971306605293,9
"HSH2D5","HSH2D",6,4.60057397287758,9
"TUBA1C5","TUBA1C",9,4.05305793095672,9
"FMO55","FMO5",3,5.08227436081557,9
"PLN5","PLN",9,3.84988386816242,9
"EDNRB5","EDNRB",5,4.62204390185312,9
"SLCO2A15","SLCO2A1",7,2.59091795481588,9
"DMKN5","DMKN",8,4.08351692937953,9
"RHOH5","RHOH",6,4.73326625242993,9
"LRP25","LRP2",8,4.04666020425794,9
"SCO25","SCO2",1,3.43351130362369,9
"IL17RD5","IL17RD",5,3.39508928495698,9
"FCN15","FCN1",1,4.44466767953293,9
"CTHRC15","CTHRC1",9,4.45280052921504,9
"FAM184A5","FAM184A",5,3.98711991390867,9
"MASP15","MASP1",5,3.78232240399089,9
"RGMA5","RGMA",5,4.34715008709912,9
"CD725","CD72",6,4.58561500429185,9
"GDF105","GDF10",5,3.99036927819168,9
"PDGFRL5","PDGFRL",5,4.34573613212211,9
"FAM107A5","FAM107A",5,3.46917251596658,9
"SLC2A55","SLC2A5",9,3.04464628828239,9
"AIF1L5","AIF1L",5,3.23944078449986,9
"MYBPC15","MYBPC1",3,3.93448363930811,9
"FCRL15","FCRL1",6,4.75373789224194,9
"SAE15","SAE1",9,3.49540157129646,9
"SERTAD45","SERTAD4",9,3.28664667942042,9
"BIRC55","BIRC5",9,3.64361214089524,9
"LINC010885","LINC01088",3,4.69044401289985,9
"CHI3L25","CHI3L2",8,2.93983677501241,9
"CD57","CD5",6,4.63812829440913,9
"MIR155HG5","MIR155HG",6,3.60837306372771,9
"AP003497.25","AP003497.2",6,3.81621219780898,9
"ITGAX5","ITGAX",1,3.50503206218654,9
"KRT165","KRT16",9,3.92877544608461,9
"DGAT25","DGAT2",9,2.70779102554025,9
"GSTM35","GSTM3",5,3.30729025475428,9
"CACHD15","CACHD1",8,3.05166213612672,9
"GPR1835","GPR183",1,4.24978537670971,9
"ZNF6835","ZNF683",6,3.91801959067296,9
"SLC34A25","SLC34A2",8,4.95809068767563,9
"GAREM15","GAREM1",5,3.59617230799797,9
"GAL3ST45","GAL3ST4",9,3.68303234486588,9
"GPR1745","GPR174",6,4.6904573422057,9
"GBP45","GBP4",6,3.92414983004186,9
"MS4A25","MS4A2",5,3.10103425351068,9
"ITGAL5","ITGAL",6,5.21056444725399,9
"INHBB5","INHBB",3,2.79076760738923,9
"TENM25","TENM2",7,3.43196340528125,9
"DUSP45","DUSP4",8,3.31313971117338,9
"PDE2A5","PDE2A",5,4.27586463418189,9
"CCL115","CCL11",1,2.64295022196009,9
"PHLDA25","PHLDA2",9,3.04313089853389,9
"GPR685","GPR68",9,3.42113284409479,9
"RAMP15","RAMP1",7,3.92273764587293,9
"CXADR5","CXADR",8,3.94202581886491,9
"ANO95","ANO9",6,4.20213408371851,9
"AC003681.15","AC003681.1",8,3.0841212007792,9
"MIR3355","MIR335",5,3.41099362903316,9
"FGF16","FGF1",7,3.16143846581368,9
"TPSAB15","TPSAB1",5,3.10578965398736,9
"CLDN75","CLDN7",8,3.79376819286778,9
"GVINP15","GVINP1",6,4.92109528840056,9
"ALDH1A25","ALDH1A2",5,3.87450763997528,9
"BICDL15","BICDL1",6,4.86318528934903,9
"LAMA35","LAMA3",8,3.08937315534508,9
"CPNE55","CPNE5",6,4.58339042625054,9
"BDKRB25","BDKRB2",5,3.27869533069255,9
"BMP45","BMP4",5,3.75843291571308,9
"KERA5","KERA",2,3.04408457740807,9
"CENPE5","CENPE",6,3.48099740681799,9
"GCH15","GCH1",1,3.12713608806083,9
"SVEP15","SVEP1",5,3.88868903872362,9
"IQCN5","IQCN",5,3.31172965916016,9
"CPB15","CPB1",2,3.127669751508,9
"LY95","LY9",6,4.52179892972686,9
"NPNT5","NPNT",3,3.27551888171808,9
"LTBP45","LTBP4",5,3.72955207372968,9
"GATA25","GATA2",5,3.41519954895326,9
"SAA25","SAA2",8,2.95022913377071,9
"LINC012355","LINC01235",3,2.56558473754874,9
"FCER25","FCER2",6,4.23835643818332,9
"EGR35","EGR3",1,3.7819764921246,9
"RPL65","RPL6",2,2.81993452121065,9
"MACC15","MACC1",8,3.23765894452339,9
"BTLA5","BTLA",6,5.11071843411608,9
"TCEA15","TCEA1",9,3.65119537239949,9
"TRAF15","TRAF1",6,3.93555872447387,9
"TPD52L15","TPD52L1",8,3.80656491746967,9
"CXCR35","CXCR3",6,4.45401684034124,9
"CDH25","CDH2",7,3.68473849259489,9
"SUGCT5","SUGCT",9,3.69494621630988,9
"BLK5","BLK",6,5.23910190386955,9
"RASGRP15","RASGRP1",6,5.11925782377919,9
"MMP195","MMP19",1,4.01233365061776,9
"IL185","IL18",6,3.71514487937084,9
"PYHIN15","PYHIN1",6,4.65357513787928,9
"ANXA35","ANXA3",8,3.99310114822482,9
"EVI2A5","EVI2A",6,3.56118046760247,9
"CLEC5A5","CLEC5A",9,3.33508504111323,9
"LIMD25","LIMD2",6,4.65883028616174,9
"RBP55","RBP5",6,4.33808315642201,9
"GALNT155","GALNT15",4,2.99240959187281,9
"AQP95","AQP9",1,4.22048099915525,9
"SLAMF15","SLAMF1",6,4.50443003242498,9
"EDN15","EDN1",5,3.02822504615608,9
"CMA15","CMA1",5,3.74881758051552,9
"ADAM195","ADAM19",6,3.28857849102884,9
"DSC25","DSC2",8,3.29946565698663,9
"ITGA75","ITGA7",5,4.09112166046952,9
"TESPA15","TESPA1",6,4.51871424646789,9
"L1TD15","L1TD1",7,3.21149362563561,9
"ITGB45","ITGB4",8,3.58075377464624,9
"S100A75","S100A7",9,2.61168630801822,9
"SBDS5","SBDS",9,3.65395676227653,9
"NTN45","NTN4",8,3.40101153033946,9
"COL4A55","COL4A5",8,3.06395833531553,9
"CHMP55","CHMP5",9,3.46513209470462,9
"CNTN45","CNTN4",5,3.14456820178709,9
"CLDN115","CLDN11",5,3.17302227845406,9
"MSMO15","MSMO1",3,3.83536877512493,9
"ERRFI15","ERRFI1",8,3.0146474585785,9
"TUBB4B5","TUBB4B",9,2.96305678845902,9
"ARL17B5","ARL17B",7,3.13388774788876,9
"CYFIP25","CYFIP2",6,4.72362523336124,9
"AC037198.15","AC037198.1",1,3.84282456334581,9
"MX15","MX1",6,3.65103026979804,9
"HMOX15","HMOX1",1,4.41544507272483,9
"SEMA3G5","SEMA3G",5,3.76938927957729,9
"LAD15","LAD1",8,3.72747317978309,9
"FHOD35","FHOD3",7,3.18602476160525,9
"RARRES15","RARRES1",2,3.73343660879384,9
"SIGLEC15","SIGLEC1",5,2.74334419802291,9
"PLOD25","PLOD2",9,3.52383969990021,9
"RIPOR25","RIPOR2",6,5.07259512780131,9
"H4C85","H4C8",3,4.36140507237912,9
"NEDD85","NEDD8",9,3.46106398844317,9
"CACNA1D5","CACNA1D",5,2.93668683836568,9
"IFIT35","IFIT3",9,3.42167156695539,9
"TMEM132A5","TMEM132A",9,3.64256694380915,9
"CADM35","CADM3",2,3.48224613470537,9
"AK55","AK5",8,3.39387433045489,9
"NKG75","NKG7",6,4.22969405682288,9
"CRYAB5","CRYAB",8,3.15578557121916,9
"IGSF35","IGSF3",7,3.160445080844,9
"CFAP695","CFAP69",5,2.95487076637526,9
"FGF75","FGF7",5,4.08864029429443,9
"LIFR5","LIFR",5,4.27311336678927,9
"CKS25","CKS2",9,3.18915736104646,9
"SH2D2A5","SH2D2A",6,2.92408847989342,9
"ABRACL5","ABRACL",9,2.94426659341038,9
"DLL15","DLL1",5,3.28855014136106,9
"LINC025115","LINC02511",5,3.12913222749418,9
"AC005224.25","AC005224.2",6,3.75309141773773,9
"SLC16A35","SLC16A3",1,3.44426827483814,9
"AL031282.15","AL031282.1",4,3.85495552005862,9
"TTYH15","TTYH1",8,4.21911081713005,9
"ALDH1B15","ALDH1B1",9,3.87024341386702,9
"BMP8A5","BMP8A",9,3.57640069021268,9
"PAPPA5","PAPPA",1,3.97481803718703,9
"AACS5","AACS",3,4.34678685654543,9
"S1PR45","S1PR4",6,4.5974280274686,9
"CYTIP5","CYTIP",6,4.85456755805913,9
"PCED1B-AS15","PCED1B-AS1",6,5.27076003675376,9
"DPP45","DPP4",1,2.77710055301387,9
"MEIS15","MEIS1",5,3.84190337979739,9
"NOX45","NOX4",9,2.85354874847235,9
"SHANK25","SHANK2",8,4.62250524800305,9
"FCGR1A5","FCGR1A",9,3.52629073926983,9
"THEMIS5","THEMIS",6,4.83917598993995,9
"WDFY45","WDFY4",6,4.27994874356082,9
"IL2RG5","IL2RG",6,5.3424299590975,9
"GSN-AS15","GSN-AS1",4,5.38326028727167,9
"KIAA1549L5","KIAA1549L",7,3.50589487586257,9
"CCDC265","CCDC26",1,2.80036459442147,9
"FMO15","FMO1",5,4.14852631196703,9
"IRX35","IRX3",8,3.8802270011808,9
"GXYLT25","GXYLT2",9,2.97504358971156,9
"CLSTN25","CLSTN2",5,2.99349441005083,9
"NR2F15","NR2F1",5,4.52934748601212,9
"CDK15","CDK1",9,3.19502668559571,9
"CD1775","CD177",2,2.80871160820151,9
"GATA35","GATA3",8,4.4985060687261,9
"RYR35","RYR3",5,2.81515885693499,9
"HMGB35","HMGB3",9,3.74866146466713,9
"GHR5","GHR",5,3.14168708559238,9
"ALPL5","ALPL",5,3.36676249240774,9
"AL078595.15","AL078595.1",4,5.32631290546417,9
"PID15","PID1",5,3.83659331105845,9
"CAMK45","CAMK4",6,4.55601213204922,9
"ANKRD225","ANKRD22",6,3.05157392561804,9
"WNT5A5","WNT5A",7,2.96981296461166,9
"CD365","CD36",5,4.3781263319458,9
"RASSF65","RASSF6",8,3.65409170830245,9
"SELP5","SELP",1,3.25714265464239,9
"RERG5","RERG",2,3.56598705733842,9
"VPREB35","VPREB3",6,4.95404684669416,9
"TNRC6C-AS15","TNRC6C-AS1",6,4.44104791190705,9
"KCNE45","KCNE4",2,2.75898382702839,9
"P4HA35","P4HA3",9,3.13458978367131,9
"KANK45","KANK4",9,2.98705680303536,9
"BCL2A15","BCL2A1",6,3.39067647088797,9
"SEZ6L25","SEZ6L2",8,3.11795785686145,9
"PHYHD15","PHYHD1",5,3.54249270399684,9
"SLC1A35","SLC1A3",9,3.04717745195425,9
"KRT86","KRT8",8,3.99083669852452,9
"PTGIS5","PTGIS",1,3.69351294453969,9
"LILRB55","LILRB5",1,3.70983978084315,9
"OMD5","OMD",2,3.80112048991275,9
"CD695","CD69",6,4.28204659410618,9
"BICDL25","BICDL2",8,4.29579656342097,9
"KLRB15","KLRB1",6,4.12188417990508,9
"RNPEP5","RNPEP",9,3.09811137349513,9
"NPL5","NPL",6,2.67630898628143,9
"IL2RA5","IL2RA",6,3.22244755589068,9
"AKR1B16","AKR1B1",9,3.78097014716023,9
"GRAP25","GRAP2",6,4.77271100352801,9
"LAX15","LAX1",6,4.1849019206444,9
"MATN25","MATN2",5,3.7634520327167,9
"C16orf545","C16orf54",6,4.58683075614583,9
"TLR25","TLR2",2,2.81825908716252,9
"GPAM5","GPAM",5,3.2071878136175,9
"HERC55","HERC5",6,3.19410729378365,9
"ZNF8315","ZNF831",6,4.51474468615946,9
"WWC15","WWC1",8,3.75090872387357,9
"SAMD55","SAMD5",7,3.69552463579051,9
"ADGRD15","ADGRD1",1,3.24138082353695,9
"IRF75","IRF7",6,3.65754369476788,9
"FGFR25","FGFR2",8,3.32203221204761,9
"PKP35","PKP3",8,4.20397105836959,9
"HPN5","HPN",3,4.14980668225328,9
"SERINC25","SERINC2",8,3.40192432939606,9
"TNFRSF185","TNFRSF18",6,3.14750108803051,9
"TMEM132C5","TMEM132C",5,3.61874813671796,9
"CST75","CST7",6,3.94453227612205,9
"CBLN45","CBLN4",4,2.97464696118391,9
"GPC15","GPC1",2,3.05367740910593,9
"CILP6","CILP",1,3.44392629923141,9
"PTCH25","PTCH2",7,2.63665518005447,9
"TRIM95","TRIM9",5,3.15281973027813,9
"ICOS5","ICOS",6,4.39457326634634,9
"MIR3142HG5","MIR3142HG",6,4.03967557926364,9
"TNFRSF215","TNFRSF21",7,3.11911949084218,9
"TRABD2A5","TRABD2A",6,4.17345180993204,9
"SYT16","SYT1",2,2.98011351285769,9
"MAFF5","MAFF",1,3.59159290445856,9
"EZH25","EZH2",6,3.78590447836031,9
"CXCR45","CXCR4",6,4.33443386663363,9
"TFPI25","TFPI2",2,2.8788373707394,9
"LOXL25","LOXL2",7,3.65194410283506,9
"SCNN1A5","SCNN1A",8,3.97992642889664,9
"GRB75","GRB7",8,4.30584938470997,9
"MT-TV5","MT-TV",9,3.88548165933435,9
"H2BC55","H2BC5",3,3.13181464478771,9
"PDE7B5","PDE7B",5,3.53701772951072,9
"MICAL25","MICAL2",7,3.9166080137947,9
"TP635","TP63",2,3.85979657557335,9
"SOCS15","SOCS1",2,3.22138432697577,9
"TMEM63B5","TMEM63B",9,2.80661058570433,9
"OLA15","OLA1",9,2.98020840931969,9
"SLC19A25","SLC19A2",2,2.76234920901294,9
"IGSF65","IGSF6",6,3.26229741269938,9
"SYBU5","SYBU",2,3.10088464273277,9
"FAXDC25","FAXDC2",5,4.03333552382107,9
"PRRG35","PRRG3",5,4.05036295948908,9
"PARVG5","PARVG",6,3.77114246699828,9
"F35","F3",2,2.89733137081699,9
"CLDN55","CLDN5",5,4.4982711007979,9
"C25","C2",9,3.29440219569541,9
"ICAM15","ICAM1",1,4.79520714977218,9
"ISM15","ISM1",2,3.23417409255837,9
"CLSPN5","CLSPN",6,3.61410670596896,9
"FAM110D5","FAM110D",5,3.30499102462646,9
"RTP45","RTP4",6,3.36232034828651,9
"IFIT25","IFIT2",9,3.14164454062677,9
"PFKFB35","PFKFB3",1,3.75229823409277,9
"MIR22HG5","MIR22HG",1,3.84127359921358,9
"SLC22A35","SLC22A3",5,2.82519223961574,9
"RASGRP25","RASGRP2",6,4.63645481698361,9
"ABLIM35","ABLIM3",5,3.4267301504722,9
"ATP13A45","ATP13A4",3,4.19135424424482,9
"PSTPIP15","PSTPIP1",6,4.48924307997868,9
"AC092279.25","AC092279.2",5,2.6714066666696,9
"CCT85","CCT8",9,3.04014424996132,9
"SEC14L25","SEC14L2",3,3.5006673486054,9
"FBP15","FBP1",3,3.42359525677724,9
"PDK45","PDK4",5,3.96773797774724,9
"KCNMB15","KCNMB1",8,3.10480431194192,9
"LRRC265","LRRC26",3,4.6401635341167,9
"GAPT5","GAPT",6,3.85786354405115,9
"AFMID5","AFMID",3,4.63161163535689,9
"CSRNP15","CSRNP1",1,4.81956571083544,9
"MEI15","MEI1",6,4.35431643111367,9
"NAMPT5","NAMPT",1,5.33412209529664,9
"MT-TP5","MT-TP",4,3.58914628040743,9
"GADD45G5","GADD45G",3,3.15175914989045,9
"CYP4X15","CYP4X1",4,2.84127337863029,9
"AFF35","AFF3",3,3.67535430668087,9
"AKR1C35","AKR1C3",5,3.65959599984422,9
"CTLA45","CTLA4",6,4.07800562948144,9
"FMO35","FMO3",2,2.76908109284264,9
"FAM83H5","FAM83H",8,3.54791414991003,9
"SNAI15","SNAI1",1,3.48996247081569,9
"ACACB5","ACACB",5,3.93835472819201,9
"PDLIM45","PDLIM4",2,3.04104050193815,9
"DCXR5","DCXR",3,3.2852062560106,9
"IGDCC45","IGDCC4",5,3.42194132679232,9
"AC144530.15","AC144530.1",4,4.84273074180349,9
"SLC2A15","SLC2A1",9,2.60077530634807,9
"HLA-DOA5","HLA-DOA",6,3.64252685242141,9
"CLEC4E5","CLEC4E",6,2.61283672052193,9
"EAF25","EAF2",6,3.78492012167624,9
"SYNDIG15","SYNDIG1",9,4.13948767056231,9
"SLA25","SLA2",6,4.34309827303621,9
"SNX225","SNX22",6,4.22135667861463,9
"ARNTL25","ARNTL2",1,2.98448158600261,9
"NGFR5","NGFR",1,3.12738078208772,9
"RRM25","RRM2",6,3.73608330737515,9
"AC093908.15","AC093908.1",7,4.16901911620499,9
"POLR2M5","POLR2M",2,2.83009924787229,9
"LINC012525","LINC01252",3,3.40369187032382,9
"BCL11B5","BCL11B",6,5.18430839583476,9
"MYH115","MYH11",8,3.45770625146164,9
"CDON5","CDON",5,4.0413116993113,9
"LY755","LY75",6,4.45513531951149,9
"RGS25","RGS2",1,4.00173837152564,9
"ANKRD36B5","ANKRD36B",2,2.67398565935245,9
"RNF19B5","RNF19B",9,2.86283218348921,9
"FHL15","FHL1",5,4.19496208841218,9
"CEP555","CEP55",6,3.52172269506649,9
"AP1M25","AP1M2",8,3.69111967958298,9
"JPT15","JPT1",9,2.94533454930709,9
"AL031595.25","AL031595.2",8,2.7835969062097,9
"CD2265","CD226",6,4.02883960949495,9
"MIR503HG5","MIR503HG",7,3.86197814390161,9
"PTK75","PTK7",9,3.27215119466478,9
"PTPN225","PTPN22",6,4.04989019727401,9
"C1orf1165","C1orf116",8,4.02643790781243,9
"ANLN5","ANLN",9,3.17792132465235,9
"NRG25","NRG2",8,2.87445131213088,9
"RHEB5","RHEB",9,3.37761352580877,9
"HOPX5","HOPX",7,3.68514937401001,9
"EPHB25","EPHB2",7,3.41422677692022,9
"ALOX5AP5","ALOX5AP",2,2.9680551874008,9
"PROM25","PROM2",8,4.4019165144304,9
"SEMA3D5","SEMA3D",5,3.12311136129836,9
"MEIS35","MEIS3",5,2.98337373929675,9
"CHRD5","CHRD",5,3.42059633917196,9
"RIC35","RIC3",8,3.35775558159651,9
"MARC15","MARC1",4,3.02373828176669,9
"COL8A25","COL8A2",9,3.38465343367109,9
"TBX185","TBX18",5,4.08116720865209,9
"C6orf1415","C6orf141",5,3.27144155842013,9
"CADM3-AS15","CADM3-AS1",5,2.85652348769445,9
"SLC38A55","SLC38A5",6,3.75486816833995,9
"EN15","EN1",9,3.72479250412414,9
"FBN25","FBN2",9,2.70092747802487,9
"IGFBP65","IGFBP6",5,3.52022996869619,9
"SIT15","SIT1",6,4.65081204766455,9
"S100B5","S100B",8,2.9011874420558,9
"PSMB95","PSMB9",6,3.68671153768339,9
"BMPR1B5","BMPR1B",2,2.61683501246291,9
"LLGL25","LLGL2",9,2.6555578345444,9
"ARHGAP155","ARHGAP15",6,4.55334134790038,9
"LUCAT15","LUCAT1",1,4.49973723020856,9
"FKBP45","FKBP4",9,2.93895222862754,9
"MMP255","MMP25",6,3.34269612189948,9
"EFNA15","EFNA1",9,3.18309381300133,9
"FBXO25","FBXO2",8,3.78379791514585,9
"IL1RN5","IL1RN",1,3.95708768873825,9
"RBM385","RBM38",6,3.93437914310973,9
"CKB5","CKB",5,2.98468900555579,9
"PI4KA5","PI4KA",2,3.57084258589076,9
"UNC93B15","UNC93B1",9,3.47445447458801,9
"DPT5","DPT",1,3.86284946006107,9
"PTPRD5","PTPRD",9,3.02742191491614,9
"MCOLN35","MCOLN3",7,2.81036322970312,9
"PRKCQ-AS15","PRKCQ-AS1",6,4.47176016306022,9
"TRIM595","TRIM59",6,3.02197133765295,9
"PTPN75","PTPN7",6,4.989928327168,9
"TMEM1565","TMEM156",6,4.06090622882054,9
"TRO5","TRO",5,3.24635207001785,9
"MSR15","MSR1",1,3.43648703291559,9
"KIAA11435","KIAA1143",2,3.09144997572234,9
"MME5","MME",5,3.011224564546,9
"IFIT15","IFIT1",9,2.92481977654196,9
"COX5A5","COX5A",9,3.19465261814097,9
"DDR15","DDR1",8,4.38899471505884,9
"PIK3CD5","PIK3CD",6,3.7458420582008,9
"GREM15","GREM1",1,3.70805119005674,9
"DIO3OS5","DIO3OS",5,3.11060214948423,9
"IFI44L5","IFI44L",6,3.75341518527129,9
"IRX25","IRX2",8,4.02054860881086,9
"MRPL495","MRPL49",2,2.91878640070713,9
"STEAP15","STEAP1",1,3.3539175611731,9
"CLEC12A5","CLEC12A",6,2.52338083850099,9
"MN15","MN1",7,3.23242922745376,9
"EOMES5","EOMES",6,4.49198682585144,9
"PNP5","PNP",1,3.88147495468244,9
"MYB5","MYB",2,3.65434875929249,9
"ZNF4835","ZNF483",5,3.01418106985252,9
"ARHGAP95","ARHGAP9",6,4.17297097962902,9
"AL136164.35","AL136164.3",5,2.69587978423919,9
"MYO1G5","MYO1G",6,4.40526813338793,9
"RGS185","RGS18",6,2.9474877264707,9
"TACC35","TACC3",6,3.58007321691071,9
"PCED1B5","PCED1B",6,4.36319539716094,9
"KANK35","KANK3",5,3.77043579688345,9
"ADAMTS155","ADAMTS15",5,3.25800888962006,9
"ADCYAP1R15","ADCYAP1R1",5,3.88465202726706,9
"NDC805","NDC80",6,3.3053403444963,9
"NME15","NME1",9,3.45771484986224,9
"PCLO5","PCLO",8,3.53032776845255,9
"AC124319.15","AC124319.1",6,3.04079257031824,9
"EDNRA5","EDNRA",7,4.34409911263336,9
"NR1D15","NR1D1",5,3.03494399677281,9
"ZNRD15","ZNRD1",9,2.79757329553098,9
"CITED45","CITED4",8,4.2595651385266,9
"H2AW5","H2AW",9,2.94187340152641,9
"CNKSR25","CNKSR2",2,3.06527994069483,9
"EGFLAM5","EGFLAM",5,4.03360996659067,9
"CD1805","CD180",6,3.69485000466369,9
"ACOT25","ACOT2",9,3.56456666220254,9
"AC080038.25","AC080038.2",2,3.15561863362399,9
"MAOA5","MAOA",5,3.19770575161411,9
"C5orf465","C5orf46",9,4.0175432799856,9
"OLFML2B5","OLFML2B",9,3.88555732409961,9
"SLAMF65","SLAMF6",6,4.81187332253512,9
"SPN5","SPN",6,4.87267808767935,9
"PTPRT5","PTPRT",8,3.33290765125429,9
"SPOCD15","SPOCD1",9,3.54087879365952,9
"HBEGF5","HBEGF",1,4.58685155564552,9
"VIPR15","VIPR1",8,2.89052579296585,9
"NCF45","NCF4",6,3.08839726766718,9
"RASEF5","RASEF",8,3.14886735530233,9
"F85","F8",5,3.28336695291399,9
"SORBS15","SORBS1",5,2.84088576807023,9
"SHISA25","SHISA2",4,2.53689122565729,9
"SLC18A25","SLC18A2",5,2.74910098408055,9
"PTH1R5","PTH1R",5,3.35815401831371,9
"FOXC15","FOXC1",1,3.20865846533862,9
"OLFM25","OLFM2",7,4.19634759194927,9
"ITGB85","ITGB8",8,3.63335339508648,9
"SMIM265","SMIM26",9,3.04303621924227,9
"PELI25","PELI2",5,3.14247087321026,9
"DOCK25","DOCK2",6,4.35598061870195,9
"PCDH95","PCDH9",1,2.9434644922812,9
"CAB39L5","CAB39L",3,2.4905123574754,9
"PTAFR5","PTAFR",1,2.72356317369064,9
"H2AC65","H2AC6",3,3.67082639649859,9
"CRISPLD15","CRISPLD1",8,2.73363784555102,9
"CMYA55","CMYA5",8,3.55072447774267,9
"HOXA95","HOXA9",5,2.85553796627067,9
"GREB15","GREB1",2,2.44464441027458,9
"RAMP35","RAMP3",5,2.84518265652796,9
"PASK5","PASK",6,3.72298394163379,9
"CEROX15","CEROX1",7,3.30815149952728,9
"SMIM225","SMIM22",8,4.42057207817938,9
"HOXA35","HOXA3",5,2.8067244697457,9
"CTSW5","CTSW",6,4.17669114633498,9
"AC006160.15","AC006160.1",4,4.05887494616333,9
"FGD35","FGD3",6,3.95770954117753,9
"DYNLT15","DYNLT1",9,2.90937412511435,9
"TMEM1285","TMEM128",9,2.95007944971202,9
"KRTCAP35","KRTCAP3",8,3.65174403434808,9
"CAPG5","CAPG",9,2.87597343579142,9
"CXCR2P15","CXCR2P1",6,4.40682221353757,9
"CD535","CD53",6,3.86361534843429,9
"LGI45","LGI4",5,3.89759324072364,9
"PEG35","PEG3",5,3.36449866764426,9
"SCGB1A15","SCGB1A1",3,3.25825269445682,9
"CARMIL25","CARMIL2",6,4.80827392796089,9
"PDK15","PDK1",6,4.01187074660087,9
"OAT5","OAT",9,3.54020035772551,9
"PLXNA45","PLXNA4",5,4.01775337612153,9
"LYPLAL1-AS15","LYPLAL1-AS1",5,3.74726967233215,9
"MBOAT25","MBOAT2",3,2.95851133371082,9
"SERPINA15","SERPINA1",1,2.65443896258453,9
"SH3BGRL25","SH3BGRL2",5,3.43176439297632,9
"LYPD35","LYPD3",3,2.93350708341109,9
"PKIB5","PKIB",9,2.86811031335972,9
"C1QTNF75","C1QTNF7",2,3.45059110012307,9
"HPRT15","HPRT1",8,2.56915001182345,9
"LINC014365","LINC01436",1,3.16024665205659,9
"HSPA25","HSPA2",3,3.21999301872298,9
"CPXM15","CPXM1",5,3.30797558416148,9
"PPIF5","PPIF",3,2.84623561387402,9
"STAP15","STAP1",6,4.32409125545437,9
"RIPOR35","RIPOR3",5,3.85230775638163,9
"HAVCR25","HAVCR2",9,3.01645246905926,9
"RNF1505","RNF150",7,2.69013414884567,9
"NEDD4L5","NEDD4L",8,3.49466624709235,9
"ATOX15","ATOX1",9,3.32703303372844,9
"ARHGAP195","ARHGAP19",5,2.79979266297319,9
"SCG25","SCG2",1,2.88471418144765,9
"AF001548.35","AF001548.3",8,3.27199876935871,9
"IQANK15","IQANK1",8,3.35584073013097,9
"P3H25","P3H2",5,3.2353099149161,9
"FER1L45","FER1L4",6,3.18386030253223,9
"SCRG15","SCRG1",8,3.07045735424421,9
"PILRA5","PILRA",9,3.04486187647943,9
"LAG35","LAG3",6,3.68515489583445,9
"SLC39A145","SLC39A14",1,3.63371645282624,9
"DGKI5","DGKI",7,2.98686545335905,9
"ABCA75","ABCA7",6,4.08137414303057,9
"CX3CR15","CX3CR1",2,3.72695221203687,9
"TNNI25","TNNI2",8,3.50720923425612,9
"GSDME5","GSDME",7,3.2470017755448,9
"FOXP25","FOXP2",5,3.08409191528698,9
"AC040160.15","AC040160.1",5,3.10325333932258,9
"GCNT25","GCNT2",3,3.07808612529678,9
"CSPG45","CSPG4",9,2.80736516692945,9
"DACH15","DACH1",2,2.67224880336026,9
"PDE1C5","PDE1C",8,3.60340403078687,9
"TBRG45","TBRG4",8,2.56410895420505,9
"TPPP35","TPPP3",1,3.48868619105014,9
"ARRDC25","ARRDC2",2,2.88371771287357,9
"GPR1325","GPR132",6,3.9913814993014,9
"ARHGAP285","ARHGAP28",7,3.61370216831771,9
"KNL15","KNL1",6,3.74332000848418,9
"ANKRD295","ANKRD29",5,3.01143912199787,9
"HERC2P35","HERC2P3",5,2.546112718273,9
"GARNL35","GARNL3",5,3.53284612235126,9
"PEAR15","PEAR1",5,4.51137841841569,9
"RGS165","RGS16",1,4.67107941133483,9
"DTX45","DTX4",5,2.93166422342133,9
"PYCR15","PYCR1",9,3.67518526510835,9
"MARVELD35","MARVELD3",3,3.32823385713971,9
"ADCY75","ADCY7",6,3.06847310309336,9
"PCDH175","PCDH17",7,2.90939310957478,9
"GALNT65","GALNT6",8,2.80358479196122,9
"AC093535.25","AC093535.2",5,3.09818249090457,9
"CSF3R5","CSF3R",1,3.74018380965652,9
"SLFN12L5","SLFN12L",6,4.00595083040409,9
"LRRN35","LRRN3",7,2.88308524641882,9
"RUNX35","RUNX3",6,4.34104658647628,9
"SMCO45","SMCO4",9,3.80077349639901,9
"ADAM285","ADAM28",6,4.42642247116523,9
"SPSB15","SPSB1",1,3.63041574288319,9
"SCN3A5","SCN3A",5,2.8700808164828,9
"COL4A45","COL4A4",6,3.69887649868025,9
"DENND1C5","DENND1C",6,4.41989659687215,9
"IPCEF15","IPCEF1",6,3.76838940271623,9
"HAND25","HAND2",5,3.76089811014773,9
"PNPLA75","PNPLA7",5,3.22798330646401,9
"RNF144B5","RNF144B",3,2.9344688264615,9
"MEST5","MEST",5,3.60772570075216,9
"HILPDA5","HILPDA",9,3.31066078190218,9
"NTM5","NTM",7,4.72868333398178,9
"TNFSF45","TNFSF4",9,2.81009734904168,9
"PPP1R1A5","PPP1R1A",5,2.95148473376986,9
"TMEM1005","TMEM100",5,3.43850338423728,9
"TNFRSF12A5","TNFRSF12A",1,4.39846130532974,9
"COL7A15","COL7A1",7,3.74489545234511,9
"PIK3R55","PIK3R5",6,3.17038830861917,9
"THRB5","THRB",5,3.15605002934289,9
"GMDS5","GMDS",9,3.33727086217195,9
"AC103740.15","AC103740.1",8,2.68398108409934,9
"PRKD15","PRKD1",7,2.85394615403908,9
"C11orf215","C11orf21",6,3.87632995433599,9
"SGIP15","SGIP1",9,2.68316872595806,9
"CA45","CA4",5,3.47699068436675,9
"GTF3C65","GTF3C6",9,3.46093002396413,9
"FBXO455","FBXO45",4,2.83831571039054,9
"SEPTIN15","SEPTIN1",6,4.61517356721414,9
"SERTAD15","SERTAD1",1,3.50536216477262,9
"AXIN25","AXIN2",5,3.25828778923845,9
"ECSCR5","ECSCR",5,3.88931551901113,9
"HAND2-AS15","HAND2-AS1",5,3.69832629628415,9
"MYO5C5","MYO5C",3,2.83580075091365,9
"UBE2M5","UBE2M",9,2.76972837553943,9
"B4GALNT45","B4GALNT4",8,3.29037417848363,9
"PCDHB165","PCDHB16",5,3.20173369762445,9
"LRRC8D5","LRRC8D",6,2.64807713660016,9
"NTRK15","NTRK1",5,3.27656628948589,9
"SCIMP5","SCIMP",6,4.03099926743089,9
"NTRK35","NTRK3",8,2.67290672118971,9
"MRPS265","MRPS26",9,3.13233714979277,9
"BCAT15","BCAT1",9,3.79373547824263,9
"ABHD115","ABHD11",3,3.71903509777264,9
"RBP15","RBP1",7,2.61165125993925,9
"DOK35","DOK3",6,3.42457391191901,9
"P2RY135","P2RY13",2,3.19001342642808,9
"HSPA85","HSPA8",1,3.00570250900215,9
"AMIGO25","AMIGO2",8,3.51441379011568,9
"PCOLCE25","PCOLCE2",5,3.13380418458959,9
"KYNU5","KYNU",3,4.21996586947357,9
"KMO5","KMO",6,3.24944571696626,9
"COPZ25","COPZ2",9,2.84850114116487,9
"PXYLP15","PXYLP1",7,2.9921024108379,9
"CDH135","CDH13",9,2.68019863091745,9
"SOX2-OT5","SOX2-OT",8,2.64081474912564,9
"KCNMB45","KCNMB4",5,3.41311488572512,9
"WNK25","WNK2",8,4.63240758451977,9
"KIF21B5","KIF21B",6,4.24407142241857,9
"SHROOM15","SHROOM1",7,2.42724775094286,9
"PRRX25","PRRX2",5,3.2471558483986,9
"PPARG5","PPARG",5,3.792952152141,9
"ANKRD44-IT15","ANKRD44-IT1",6,4.56277301153225,9
"CDCA75","CDCA7",6,3.20234465181485,9
"NRARP5","NRARP",1,3.06862782423868,9
"TOMM405","TOMM40",9,2.70826027849057,9
"UBASH3A5","UBASH3A",6,4.53818041154306,9
"SOX75","SOX7",1,3.61691004950863,9
"BMP75","BMP7",7,3.08163660279137,9
"SFRP15","SFRP1",5,3.3795263795571,9
"FLT45","FLT4",5,2.7005434358659,9
"GPR45","GPR4",1,2.90021650055292,9
"SLC17A95","SLC17A9",6,3.26635922687288,9
"MCCC15","MCCC1",3,3.57800442103333,9
"APLN5","APLN",9,3.06637926311814,9
"DEF65","DEF6",6,4.60072531081388,9
"TEF5","TEF",5,4.0664250723376,9
"GPC45","GPC4",9,2.8064177176441,9
"H2BC19P5","H2BC19P",6,3.14329344274175,9
"ANOS15","ANOS1",5,3.1818037444272,9
"TENM35","TENM3",9,2.7746124022668,9
"SLC9A3-AS15","SLC9A3-AS1",5,3.03839731399327,9
"S1PR35","S1PR3",1,2.7160645587527,9
"C5AR15","C5AR1",1,4.58340852462885,9
"LAMA25","LAMA2",5,3.36648947971817,9
"NAT15","NAT1",4,2.58532157589359,9
"RNF135","RNF13",4,3.22041186498017,9
"ATP1B25","ATP1B2",5,3.85658514647287,9
"MT-CO25","MT-CO2",9,3.63446705872886,9
"ENPP55","ENPP5",8,2.80675172687292,9
"CHRM3-AS25","CHRM3-AS2",6,4.48956308953492,9
"MEG85","MEG8",5,3.43657361525124,9
"MT-TM5","MT-TM",5,2.71986810673227,9
"Z97192.35","Z97192.3",6,3.61755564077802,9
"TMEM45A5","TMEM45A",9,3.36170706084818,9
"SCN4B5","SCN4B",5,3.39598652083017,9
"SLC7A15","SLC7A1",1,2.60715995620638,9
"RNF1815","RNF181",9,2.98157340910959,9
"TMEM14B5","TMEM14B",2,3.44939817532221,9
"CCR55","CCR5",6,3.62743297601989,9
"CSTA5","CSTA",2,2.48508564772848,9
"LEF15","LEF1",6,3.04094016931789,9
"GCA5","GCA",1,2.79438184829238,9
"PCDH185","PCDH18",5,4.54065631586662,9
"BLNK5","BLNK",6,4.1167519501824,9
"BATF6","BATF",6,3.35702238728239,9
"KCNJ85","KCNJ8",5,2.89651324693996,9
"FAM13C5","FAM13C",5,3.94421850971138,9
"SORT15","SORT1",9,3.49902658549343,9
"CMTM75","CMTM7",8,2.87364245239595,9
"REEP65","REEP6",3,4.88691537332147,9
"DUSP55","DUSP5",1,3.35658417558686,9
"CCZ15","CCZ1",9,2.95981960540847,9
"THSD15","THSD1",5,3.3703812974062,9
"ADAMTS95","ADAMTS9",1,4.45220918848559,9
"LARGE25","LARGE2",2,2.82915690139781,9
"CYBA5","CYBA",6,3.54694645607701,9
"FGR5","FGR",1,3.67256466012836,9
"ERBB25","ERBB2",8,3.21004150764639,9
"SOX185","SOX18",5,3.43518719754946,9
"BCAP315","BCAP31",9,3.06090264950215,9
"CDR2L5","CDR2L",9,3.15249157585616,9
"RND15","RND1",1,3.11368426057175,9
"KIF225","KIF22",6,2.8753169632318,9
"AK45","AK4",8,2.39260033504181,9
"PODNL15","PODNL1",7,3.27824171840383,9
"SPON15","SPON1",7,3.7487171080824,9
"SYCP25","SYCP2",8,3.1622310571089,9
"SPAG45","SPAG4",6,3.06526900264021,9
"PATL25","PATL2",6,4.32397014127037,9
"RFX85","RFX8",5,3.05313828745063,9
"EPSTI15","EPSTI1",6,4.16989250217487,9
"PLEKHG55","PLEKHG5",5,2.96484836298501,9
"P4HA25","P4HA2",7,3.21639703968173,9
"PRKCB5","PRKCB",6,5.29605682478336,9
"CHMP4C5","CHMP4C",8,3.81652061342293,9
"AL034397.35","AL034397.3",6,2.81859207468611,9
"DDX415","DDX41",9,2.86989464194292,9
"RUBCNL5","RUBCNL",6,3.18678310444586,9
"NLGN4X5","NLGN4X",2,2.68584920911652,9
"SLC25A275","SLC25A27",5,2.95809438124801,9
"PERP5","PERP",8,4.44740418851817,9
"MRPS30-DT5","MRPS30-DT",4,2.55506109751295,9
"AC005046.15","AC005046.1",7,3.01540863991401,9
"GGH5","GGH",9,3.22651661267897,9
"LINC011975","LINC01197",5,3.02197653127381,9
"CHL15","CHL1",2,2.59351621598948,9
"CGNL15","CGNL1",2,2.61228558906914,9
"ICAM35","ICAM3",6,4.39878578720113,9
"PRDM85","PRDM8",5,3.19873886174782,9
"SLITRK45","SLITRK4",9,2.679261835814,9
"NTN15","NTN1",5,2.72301927298502,9
"FCRLA5","FCRLA",6,4.57291557644584,9
"TUBA4A5","TUBA4A",6,3.3526637552389,9
"AP002026.15","AP002026.1",5,2.77533291418628,9
"OCIAD25","OCIAD2",6,2.93857696019731,9
"PITX15","PITX1",8,3.22964569880919,9
"GNAI15","GNAI1",5,2.95253744993259,9
"EGFR5","EGFR",4,3.27106076029282,9
"SEM15","SEM1",9,3.43838388690053,9
"PLAC95","PLAC9",5,4.02951089728607,9
"P3H45","P3H4",9,3.02882853398937,9
"GPR345","GPR34",2,3.46946759438608,9
"NID25","NID2",7,3.26940063344451,9
"PGD5","PGD",9,3.08894299735685,9
"TM6SF15","TM6SF1",9,2.91083771460749,9
"TMEM2305","TMEM230",9,3.28920286582148,9
"ITGA25","ITGA2",8,3.74904918498718,9
"ZNF6805","ZNF680",3,2.98877813771479,9
"TMC45","TMC4",8,4.02178302410594,9
"CHCHD25","CHCHD2",9,3.74375931122678,9
"RTN15","RTN1",2,3.07700678238119,9
"IL1RAP5","IL1RAP",1,3.40559694279042,9
"RBX15","RBX1",9,2.96971267038594,9
"GMIP5","GMIP",6,3.64643097357738,9
"FEN15","FEN1",9,2.950244634472,9
"CASP35","CASP3",9,3.19455870550779,9
"GOLGA2P55","GOLGA2P5",6,3.3519177833518,9
"DMD5","DMD",8,3.6172075496253,9
"DTX25","DTX2",9,2.8236033828796,9
"MANSC15","MANSC1",3,2.63875762317981,9
"RCC15","RCC1",9,2.99650247464512,9
"PTPRF5","PTPRF",8,4.37477306567965,9
"LRATD15","LRATD1",7,3.19379832316561,9
"AL355816.25","AL355816.2",6,4.73368609927833,9
"SF3B45","SF3B4",9,2.96019308331858,9
"AL591895.15","AL591895.1",2,2.77346310117906,9
"TMEM45B5","TMEM45B",3,4.36806231272289,9
"ENPEP5","ENPEP",5,3.9090907382902,9
"MTATP6P15","MTATP6P1",9,3.40456554542353,9
"CD865","CD86",6,3.42563429087481,9
"MAPRE15","MAPRE1",9,2.98048545160365,9
"CELSR15","CELSR1",2,3.33021657533383,9
"LPXN5","LPXN",6,4.27242474448259,9
"KDELR35","KDELR3",9,3.27694055375627,9
"NLGN15","NLGN1",5,3.18156229840213,9
"C21orf59-TCP10L5","C21orf59-TCP10L",2,2.31535787206138,9
"C3AR15","C3AR1",9,2.92335320938348,9
"IGSF95","IGSF9",8,4.07221492672947,9
"AC073869.15","AC073869.1",9,2.88601309566509,9
"SERTAD4-AS15","SERTAD4-AS1",9,2.80719075763753,9
"ATP1A25","ATP1A2",3,2.93308704026989,9
"SASH35","SASH3",6,4.86833359490504,9
"C1orf2265","C1orf226",8,3.34469740107217,9
"LDLRAD35","LDLRAD3",5,2.63357862474597,9
"LRMP5","LRMP",6,4.56719914781508,9
"AL139393.35","AL139393.3",7,3.28982150967397,9
"MREG5","MREG",3,2.52805415270599,9
"DSP5","DSP",8,5.20677391122752,9
"ITPKC5","ITPKC",1,2.89357805144822,9
"ACSM35","ACSM3",3,3.95831456883128,9
"ARHGEF375","ARHGEF37",3,3.67001786802626,9
"PLEKHO25","PLEKHO2",1,2.92945604607574,9
"UBE2E35","UBE2E3",9,2.86197921782766,9
"GZMM5","GZMM",6,4.56151773370662,9
"Z97200.15","Z97200.1",5,3.06989546116523,9
"RAI25","RAI2",2,3.80434575737234,9
"WAKMAR25","WAKMAR2",6,3.56085083649488,9
"ST8SIA15","ST8SIA1",6,3.79326804685651,9
"PCNA5","PCNA",9,3.3518401526865,9
"NUS15","NUS1",5,2.62321198355255,9
"CYP27C15","CYP27C1",5,2.76017104609215,9
"DCLK15","DCLK1",5,3.92125684409297,9
"IGF2BP25","IGF2BP2",1,3.01614626037591,9
"FAM110A5","FAM110A",9,2.72197873523392,9
"DAAM25","DAAM2",5,4.05168986379168,9
"IL335","IL33",5,3.78616076621883,9
"PER35","PER3",5,3.66784845980793,9
"ADAMTS125","ADAMTS12",7,3.63635934720131,9
"DNM15","DNM1",5,3.81315186006938,9
"IFFO25","IFFO2",8,2.76531263350879,9
"PER25","PER2",5,2.67575189317292,9
"MEMO15","MEMO1",6,2.8167996217626,9
"ZNF4715","ZNF471",5,2.93995168276741,9
"ENC15","ENC1",7,3.28439496065956,9
"CRY25","CRY2",5,3.03724906528202,9
"CADPS5","CADPS",7,2.85273348798534,9
"LILRB25","LILRB2",1,4.2359599675986,9
"MAT2A5","MAT2A",9,2.89374550360352,9
"KCND25","KCND2",5,2.72881517902504,9
"SYTL15","SYTL1",6,4.12893437491948,9
"ACACA5","ACACA",3,3.75268778738771,9
"SLC6A65","SLC6A6",7,3.1282398105815,9
"ABCA65","ABCA6",5,4.17333761215717,9
"SPATA65","SPATA6",5,3.56285127342788,9
"LRATD25","LRATD2",5,2.55056220505139,9
"CLCF15","CLCF1",1,3.07318020539176,9
"MXD15","MXD1",1,2.9290084764749,9
"MTCYBP135","MTCYBP13",4,3.67009681343395,9
"DAPK15","DAPK1",9,2.77751149830941,9
"CC2D2B5","CC2D2B",7,3.92027521484946,9
"PPP1R14B5","PPP1R14B",9,3.6045335590991,9
"HSD11B25","HSD11B2",5,3.10730616920379,9
"FRRS1L5","FRRS1L",5,2.95477049674909,9
"SIRPG5","SIRPG",6,4.57912800539032,9
"USB15","USB1",9,3.033626709928,9
"KLK45","KLK4",9,3.84859949426978,9
"TMEM1445","TMEM144",7,2.93831236969302,9
"KIF235","KIF23",9,2.84428324117995,9
"LTB4R5","LTB4R",1,2.57947783907751,9
"TRNP15","TRNP1",8,3.09909541322993,9
"AP001528.25","AP001528.2",5,3.42124361998944,9
"CXorf215","CXorf21",6,3.57730885381891,9
"KLF155","KLF15",5,3.13484308671626,9
"TCEAL75","TCEAL7",5,3.45892122742348,9
"GPR1465","GPR146",5,3.70023708833989,9
"MIRLET7BHG5","MIRLET7BHG",5,2.70157828466816,9
"FGF25","FGF2",1,2.9964068530875,9
"DCK5","DCK",6,3.36841324992461,9
"AC122718.15","AC122718.1",7,3.11067729563547,9
"FKBP115","FKBP11",6,2.90377199258402,9
"RPS6KA15","RPS6KA1",6,3.1668290527313,9
"CIDEC5","CIDEC",5,3.29525481875373,9
"GPRASP15","GPRASP1",5,2.85899685535595,9
"FAM133CP5","FAM133CP",5,3.05006011662339,9
"LGR45","LGR4",8,3.08219950772378,9
"WDR865","WDR86",5,3.31162396868577,9
"NELL25","NELL2",6,4.22640868051986,9
"PRKAA25","PRKAA2",3,2.65703882279645,9
"SEMA6D5","SEMA6D",5,2.83045773731966,9
"H1-35","H1-3",6,3.82448850602134,9
"CMTM45","CMTM4",9,2.60466224123961,9
"XG5","XG",9,2.74204489886794,9
"CDCP15","CDCP1",9,2.89736686855639,9
"AMPD35","AMPD3",6,3.57245306010645,9
"RNU6-1016P5","RNU6-1016P",2,2.52778743778454,9
"SS18L25","SS18L2",9,2.38693940383873,9
"G6PD5","G6PD",3,3.68564796146606,9
"LILRB15","LILRB1",6,3.81891717667549,9
"GRAP6","GRAP",6,3.75092332209587,9
"COL13A15","COL13A1",9,3.41450466815995,9
"RAB27B5","RAB27B",2,2.86826241219571,9
"F105","F10",5,3.66038178901025,9
"SKAP15","SKAP1",6,4.30472708736855,9
"MARCO5","MARCO",1,2.69141422828596,9
"SERPINI15","SERPINI1",5,2.83431787259859,9
"SCN2A5","SCN2A",8,2.86153804416133,9
"GABRE5","GABRE",3,3.17348644825385,9
"MRGPRF5","MRGPRF",5,3.137299630107,9
"CREB3L15","CREB3L1",9,3.19330029011943,9
"NR2F1-AS15","NR2F1-AS1",5,3.53809349829396,9
"RHOJ5","RHOJ",5,3.97417187504227,9
"NPR15","NPR1",5,4.12265424521726,9
"UBE2T5","UBE2T",9,3.53977977839801,9
"HAS25","HAS2",1,4.90224647019577,9
"TMEM1545","TMEM154",6,3.62015864490784,9
"NDNF5","NDNF",2,3.12137430365784,9
"PRIMPOL5","PRIMPOL",5,2.54949559663465,9
"AIDA5","AIDA",2,3.67295804775938,9
"TMOD15","TMOD1",5,3.15714568344709,9
"PPP1R14A5","PPP1R14A",8,2.57034045710512,9
"DTD15","DTD1",9,2.97237376698703,9
"HSPE15","HSPE1",9,3.56174925411646,9
"AC022034.15","AC022034.1",3,2.67993987700791,9
"TCF75","TCF7",6,5.00994890147833,9
"CLCA25","CLCA2",3,3.98300339870645,9
"LHX65","LHX6",5,3.42766750995236,9
"MERTK5","MERTK",7,2.35645480921784,9
"NDRG25","NDRG2",8,3.20427286286236,9
"MAP2K45","MAP2K4",3,2.67814585695101,9
"TPO5","TPO",5,2.90119592341935,9
"CCR15","CCR1",1,4.3323233647628,9
"SMS5","SMS",9,3.05321938745607,9
"NCEH15","NCEH1",6,2.93776609174771,9
"GPRASP25","GPRASP2",5,2.99951115867256,9
"EXPH55","EXPH5",5,2.65485303503718,9
"AC006330.15","AC006330.1",4,3.6605447176796,9
"PMAIP15","PMAIP1",6,2.88054383825791,9
"SNCG5","SNCG",5,3.07669658375428,9
"SAP305","SAP30",9,3.12674157851422,9
"KCNJ25","KCNJ2",4,3.14496614677746,9
"PDLIM35","PDLIM3",8,3.16356578705037,9
"LACTB25","LACTB2",9,2.76855065308703,9
"PDE10A5","PDE10A",7,3.420670683855,9
"AC093157.15","AC093157.1",6,2.73101647497887,9
"GK5","GK",1,3.2982322637515,9
"SRD5A35","SRD5A3",9,2.88577256923586,9
"ZNF8755","ZNF875",5,2.53325379629807,9
"CFI5","CFI",2,3.40117597049498,9
"SLC22A55","SLC22A5",3,2.52304537796421,9
"SEMA7A5","SEMA7A",9,2.95961944467169,9
"PLXNB15","PLXNB1",8,3.29444509634278,9
"MCM45","MCM4",9,3.25210253683276,9
"PPP1R16B5","PPP1R16B",6,3.71711173992051,9
"MAD2L15","MAD2L1",9,2.94333380795509,9
"AOAH5","AOAH",6,3.14300677489113,9
"UBTD15","UBTD1",9,3.55978068990223,9
"FAM180A5","FAM180A",5,2.65092562587814,9
"TDRP5","TDRP",7,2.53404391968749,9
"SEMA3F5","SEMA3F",9,2.75049784257123,9
"MRPS175","MRPS17",9,2.24367940603953,9
"OAS15","OAS1",6,3.71327119190691,9
"RASGEF1B5","RASGEF1B",1,3.17466899810519,9
"C1orf215","C1orf21",5,3.39234931122532,9
"TPTEP15","TPTEP1",8,3.03867054035661,9
"HIGD1A5","HIGD1A",2,3.06348316318807,9
"KLHDC7B5","KLHDC7B",6,3.71415929383589,9
"CRY15","CRY1",1,2.28640880323232,9
"EREG5","EREG",1,3.82305611640417,9
"CCZ1B5","CCZ1B",9,2.65132796131125,9
"LMO75","LMO7",7,3.60844390775525,9
"BTBD105","BTBD10",2,3.17625313905267,9
"GPR1765","GPR176",9,2.87570177801648,9
"GMFB5","GMFB",9,3.36288937350854,9
"SLA6","SLA",6,3.80660130815279,9
"TF5","TF",8,2.63247908326712,9
"PDE9A5","PDE9A",5,2.95619153532683,9
"VSIG45","VSIG4",5,2.80097162217808,9
"TPST15","TPST1",5,3.009089429905,9
"RAPGEF35","RAPGEF3",5,3.95792018062542,9
"UEVLD5","UEVLD",2,2.50110175788627,9
"SORBS25","SORBS2",8,3.98480830809888,9
"CMBL5","CMBL",2,2.90844851994578,9
"SNRPG5","SNRPG",9,2.83670369917905,9
"NPAS25","NPAS2",7,2.69054883837133,9
"SAMSN15","SAMSN1",6,3.52533442963455,9
"OASL5","OASL",6,3.2358252375343,9
"CNTROB5","CNTROB",9,2.24881911662113,9
"SLC1A45","SLC1A4",9,2.8759440579315,9
"NBEA5","NBEA",5,3.16709124323535,9
"GPR1605","GPR160",3,2.88908797072935,9
"TMEM255B5","TMEM255B",5,3.01648870247337,9
"SCG55","SCG5",7,3.41941478782035,9
"KCNK15","KCNK1",3,3.08896009062948,9
"SEMA4B5","SEMA4B",3,3.26230372474421,9
"FAM198B-AS15","FAM198B-AS1",7,3.76681281383862,9
"NEK85","NEK8",6,3.9252668688635,9
"ADA5","ADA",6,2.84278983531051,9
"HOMER25","HOMER2",8,3.73567765059584,9
"SELENOM5","SELENOM",9,3.00813970842402,9
"ALDH1A35","ALDH1A3",1,2.6795020997661,9
"HELLS5","HELLS",6,3.50944178541164,9
"AGTR15","AGTR1",5,3.56922619897158,9
"RAC25","RAC2",6,5.06984149312216,9
"GPR1535","GPR153",5,2.96857077752781,9
"ZNF4365","ZNF436",5,3.59242172781947,9
"FAM131A5","FAM131A",8,2.51591237240716,9
"HSF25","HSF2",5,2.96878698524835,9
"PAK35","PAK3",7,2.64732751640507,9
"SFXN45","SFXN4",8,2.43602014125948,9
"NBEAL25","NBEAL2",6,3.09195268231871,9
"IKZF15","IKZF1",6,4.67985583046186,9
"JCHAIN5","JCHAIN",5,3.28739248487445,9
"JAK35","JAK3",6,4.51203707478403,9
"BDNF-AS5","BDNF-AS",8,2.3899022445877,9
"CA85","CA8",8,3.45050550393976,9
"STX115","STX11",1,3.15158297110631,9
"TPD525","TPD52",8,3.15051985708134,9
"PGM55","PGM5",5,3.8324298977746,9
"CEP170B5","CEP170B",3,2.73380766832755,9
"C17orf585","C17orf58",5,2.96390133719102,9
"MT-TS25","MT-TS2",5,3.2939576783379,9
"ARHGAP275","ARHGAP27",6,2.80382018252317,9
"HSPA4L5","HSPA4L",8,3.04124129849261,9
"MT-TH5","MT-TH",4,3.39107207238039,9
"TBXAS15","TBXAS1",9,2.93143636876181,9
"FERMT35","FERMT3",6,3.52821124162092,9
"DUSP105","DUSP10",6,2.48794500160996,9
"NEK55","NEK5",8,2.92675289405131,9
"SLC4A115","SLC4A11",8,3.16724216283303,9
"AGPAT25","AGPAT2",9,3.60282157506857,9
"MNS15","MNS1",5,3.52774343742238,9
"SNCAIP5","SNCAIP",5,3.47837870165962,9
"AC103691.15","AC103691.1",6,2.60175495992159,9
"POFUT25","POFUT2",5,2.97175595368323,9
"PLEKHA65","PLEKHA6",8,3.4535111244899,9
"LRG15","LRG1",3,3.21849619553695,9
"ZBTB465","ZBTB46",5,3.16652643735163,9
"IRF55","IRF5",6,3.53524348043026,9
"GIMAP55","GIMAP5",6,4.04596286539811,9
"CRMP15","CRMP1",5,3.03812335319918,9
"PHGDH5","PHGDH",8,3.002716135772,9
"TREM15","TREM1",1,4.30312954528257,9
"MCUB5","MCUB",2,2.77573776383739,9
"SOCS25","SOCS2",5,3.25329679988281,9
"TRUB15","TRUB1",9,2.62043377854089,9
"GADD45GIP15","GADD45GIP1",9,2.68728676724302,9
"HYMAI5","HYMAI",5,3.146276547863,9
"EIF65","EIF6",9,2.80346459172511,9
"PTGER35","PTGER3",5,2.87477924633528,9
"RFX25","RFX2",1,2.55915205419438,9
"LINC010875","LINC01087",2,3.26797343869593,9
"HEPH5","HEPH",7,2.97614973386547,9
"CDO15","CDO1",5,3.74095407351054,9
"PPIL15","PPIL1",9,2.63083752163277,9
"MMP155","MMP15",9,2.81910813219221,9
"DENND2A5","DENND2A",5,3.96088798018467,9
"PLEKHG4B5","PLEKHG4B",8,3.52716888185746,9
"BHMT25","BHMT2",5,3.08330899298654,9
"CXCL175","CXCL17",3,2.9504756581031,9
"CPLX15","CPLX1",5,3.47507158739802,9
"LY865","LY86",6,3.25620116943972,9
"PIEZO25","PIEZO2",7,2.91743461094696,9
"SFRP45","SFRP4",2,3.60006330455345,9
"AC004151.15","AC004151.1",6,4.64096497256336,9
"LSAMP5","LSAMP",1,3.1821545090382,9
"FGF135","FGF13",5,2.4468495201,9
"CSKMT5","CSKMT",9,2.50900036032785,9
"AL117329.15","AL117329.1",8,3.13075939783599,9
"DOK15","DOK1",9,3.44018793436368,9
"VIPAS395","VIPAS39",9,2.55247846471549,9
"NCS15","NCS1",9,2.74262733767081,9
"ADGRE25","ADGRE2",1,3.95235145325802,9
"LINC010945","LINC01094",9,3.28025798569043,9
"SLC35B25","SLC35B2",9,2.93028730446776,9
"DOC2B5","DOC2B",5,3.1423537856535,9
"SYNGR15","SYNGR1",5,3.23336334991769,9
"CCNA25","CCNA2",6,3.3552795552979,9
"ADAMTS25","ADAMTS2",9,3.44990140250616,9
"LDLR5","LDLR",1,4.36947205725508,9
"SLITRK65","SLITRK6",8,3.03513259984838,9
"CORIN5","CORIN",9,3.25976858398308,9
"BCL6B5","BCL6B",5,3.23875581997151,9
"HOXA55","HOXA5",5,2.88046180116505,9
"TMEM885","TMEM88",1,3.29812334275365,9
"NIPA15","NIPA1",6,2.67942071756068,9
"GNG75","GNG7",6,3.19523708839496,9
"ZNF106","ZNF10",5,2.58590738145849,9
"UBASH3B5","UBASH3B",1,2.95212388782801,9
"GLIS35","GLIS3",4,3.10280593991213,9
"PKDCC5","PKDCC",1,2.87382539884258,9
"PKP25","PKP2",8,2.85021099411612,9
"MUC205","MUC20",5,2.7758753442435,9
"DPEP25","DPEP2",6,3.58662376403548,9
"KAZN5","KAZN",5,3.26887958363773,9
"ACE5","ACE",9,2.91372886416358,9
"HNRNPA1P545","HNRNPA1P54",8,2.80104283170058,9
"ZNF7365","ZNF736",6,2.68228870749401,9
"ETV75","ETV7",6,3.11440779196072,9
"COQ8A5","COQ8A",5,3.02485594046478,9
"GTF2I5","GTF2I",4,3.22933861429581,9
"DLG55","DLG5",8,2.75468031957284,9
"KHDRBS35","KHDRBS3",1,2.65227334948258,9
"SRGAP35","SRGAP3",6,2.56034891769737,9
"MIR222HG5","MIR222HG",1,3.11404968437559,9
"PKHD1L15","PKHD1L1",6,3.21734110928366,9
"NAV35","NAV3",5,3.31816723317136,9
"AC134043.35","AC134043.3",5,3.30397918057581,9
"DACT15","DACT1",9,2.97558058990288,9
"ZC3H12A5","ZC3H12A",1,3.21112422152668,9
"ZNF1015","ZNF101",6,4.16996277219907,9
"BIVM5","BIVM",5,2.81249840072201,9
"ABCB15","ABCB1",5,3.04655611052387,9
"PCLAF5","PCLAF",6,2.85695549194525,9
"PRDM55","PRDM5",5,3.37167135133627,9
"MTFMT5","MTFMT",5,2.39474664621424,9
"TMEM2675","TMEM267",2,2.47544526362267,9
"WDFY3-AS25","WDFY3-AS2",5,3.1079733685401,9
"NCAPG5","NCAPG",6,3.48194326410126,9
"RAB375","RAB37",6,3.89271797055739,9
"TRAPPC25","TRAPPC2",6,2.47089973512337,9
"EPHB35","EPHB3",8,3.20896892493896,9
"SIM15","SIM1",5,3.41912834546018,9
"NEIL15","NEIL1",5,2.96089629759482,9
"GNAL5","GNAL",1,2.4604469395857,9
"RNGTT5","RNGTT",6,3.24832013616835,9
"KLHL65","KLHL6",6,4.01276082350826,9
"AC110285.25","AC110285.2",5,2.97521214496961,9
"AL390728.65","AL390728.6",6,2.80279691533054,9
"SLC35E2A5","SLC35E2A",2,2.8855888300334,9
"UCHL35","UCHL3",9,2.62932397973571,9
"ZNNT15","ZNNT1",5,2.89865926384625,9
"PAXX5","PAXX",2,2.60974998113341,9
"SLC9A75","SLC9A7",6,2.51645730313698,9
"VAMP15","VAMP1",6,3.46413046235725,9
"DOCK65","DOCK6",5,3.09359340757226,9
"PDE5A5","PDE5A",5,3.40402218946758,9
"PRUNE15","PRUNE1",9,2.84539101339831,9
"CD163L15","CD163L1",1,2.63174664786952,9
"UQCRFS15","UQCRFS1",9,3.33888817764007,9
"GPX75","GPX7",9,3.11103227583905,9
"DDX39B5","DDX39B",3,2.54621889822305,9
"ARAP25","ARAP2",6,4.28659733866422,9
"NDUFAF25","NDUFAF2",9,2.83687698957289,9
"BMERB15","BMERB1",7,2.660233309762,9
"DIPK2B5","DIPK2B",5,3.78394940907756,9
"LILRB35","LILRB3",1,4.48783870952758,9
"EDEM25","EDEM2",9,2.72062040160974,9
"CDKN2D5","CDKN2D",6,2.83142569842885,9
"PSMB8-AS15","PSMB8-AS1",6,3.93225579137147,9
"SULT1C45","SULT1C4",5,3.18443497648176,9
"PHF135","PHF13",5,2.43001764878793,9
"SIX15","SIX1",9,2.73328880695637,9
"BOC5","BOC",5,4.13092338639226,9
"DNAJC125","DNAJC12",2,3.43030499526307,9
"RTL8A5","RTL8A",9,3.04766976788027,9
"TMEM2165","TMEM216",9,2.77259527363452,9
"ZBTB185","ZBTB18",3,2.8193715634966,9
"ARSB5","ARSB",9,3.47061187912799,9
"XKR65","XKR6",6,2.95099202581425,9
"TM7SF25","TM7SF2",3,3.6154975891554,9
"CRNDE5","CRNDE",8,3.4684140948648,9
"PARD6B5","PARD6B",4,3.11258218251796,9
"CNKSR35","CNKSR3",5,2.62077066042802,9
"LRRC25","LRRC2",5,2.92044352591591,9
"LINC008995","LINC00899",5,2.59468243723855,9
"EBF25","EBF2",5,3.24081391023088,9
"ERBB45","ERBB4",8,3.47496599745482,9
"ZNF1175","ZNF117",5,2.81906113995327,9
"ANG5","ANG",5,2.79412942307315,9
"STAT45","STAT4",6,3.84548636796058,9
"CAPN155","CAPN15",9,2.80701762933894,9
"CASKIN25","CASKIN2",5,2.86431843486044,9
"TRPV65","TRPV6",3,4.14713577974209,9
"IKBKE5","IKBKE",6,3.60878355672461,9
"HOXC105","HOXC10",3,2.94080598374506,9
"RNF1525","RNF152",7,2.78192458092407,9
"FST5","FST",1,3.3991256854068,9
"AC104825.15","AC104825.1",3,2.65472653039578,9
"BANF15","BANF1",9,2.87985516683556,9
"ETV55","ETV5",5,3.00039290822413,9
"BARX25","BARX2",8,4.33837451780065,9
"CD2745","CD274",6,3.04258533799745,9
"FRMD35","FRMD3",5,3.48791129275227,9
"TBC1D25","TBC1D2",9,3.18242868339281,9
"AC080014.15","AC080014.1",1,3.14270470510391,9
"MTHFD1L5","MTHFD1L",1,2.72107453255126,9
"SLC15A25","SLC15A2",6,3.42144966612384,9
"A2M-AS15","A2M-AS1",6,3.97629394834665,9
"CCDC144B5","CCDC144B",5,3.05633807392413,9
"VLDLR5","VLDLR",5,2.98101104988271,9
"CCDC1155","CCDC115",2,2.7037007128906,9
"PIK3AP15","PIK3AP1",6,3.47926512793613,9
"SELENBP15","SELENBP1",8,2.98427157450032,9
"WAS5","WAS",6,4.07858872969123,9
"KAZALD15","KAZALD1",5,2.59019147170502,9
"SPINT15","SPINT1",8,3.61482753171183,9
"SMPDL3A5","SMPDL3A",5,3.11057320370607,9
"COQ65","COQ6",2,2.52891616662174,9
"TCEA35","TCEA3",4,2.58828657317433,9
"RHOV5","RHOV",8,3.76704244587957,9
"FZD85","FZD8",2,3.29435854106339,9
"PCK25","PCK2",3,3.09097868026744,9
"SPNS25","SPNS2",1,2.57778439773,9
"MT-TF5","MT-TF",9,2.70130320820976,9
"EHD35","EHD3",7,3.06722140864712,9
"CASTOR25","CASTOR2",5,2.58472602665237,9
"COBL5","COBL",8,3.39374193161435,9
"DCHS15","DCHS1",5,3.51397565401534,9
"RFTN25","RFTN2",5,3.18488350679069,9
"FGD15","FGD1",5,2.97236458024503,9
"NOS35","NOS3",1,2.94236371792967,9
"LILRA45","LILRA4",6,4.00759355652152,9
"TENM45","TENM4",7,3.89586536070275,9
"SH3BP5-AS15","SH3BP5-AS1",6,2.91530854914308,9
"COLCA15","COLCA1",5,2.93484426831868,9
"NFAM15","NFAM1",1,2.80323146904802,9
"HLA-DQB25","HLA-DQB2",6,3.04389196461375,9
"BCAS45","BCAS4",6,3.97383977547487,9
"SELPLG5","SELPLG",6,3.92227194731231,9
"TSPOAP1-AS15","TSPOAP1-AS1",6,3.89180396419381,9
"CTXN15","CTXN1",9,3.21297285404536,9
"SEMA4A5","SEMA4A",6,3.12098375480392,9
"PSTPIP25","PSTPIP2",8,2.46946629435982,9
"PAX8-AS15","PAX8-AS1",6,2.56165808764144,9
"NOSTRIN5","NOSTRIN",5,3.16967174968217,9
"HOMER35","HOMER3",9,3.23637856937501,9
"FAM13A-AS15","FAM13A-AS1",6,2.75180624535047,9
"EIF4EBP15","EIF4EBP1",9,3.52427205225413,9
"MICAL15","MICAL1",6,3.42981922688888,9
"PDAP15","PDAP1",9,3.47150291858891,9
"NCALD5","NCALD",8,3.36309652698598,9
"ZNF204P5","ZNF204P",3,2.55876910607422,9
"GLYATL25","GLYATL2",8,3.11871827143529,9
"ZSWIM45","ZSWIM4",9,2.55818038420257,9
"PTGES25","PTGES2",9,2.8419539332708,9
"OSBPL35","OSBPL3",6,3.10894152342984,9
"CIAO2A5","CIAO2A",9,3.07687237100587,9
"BNIP35","BNIP3",5,2.99065330394365,9
"GPSM15","GPSM1",5,3.16876979256216,9
"BCHE5","BCHE",5,2.93462189153174,9
"TTC39A5","TTC39A",3,3.07906935322547,9
"DESI15","DESI1",9,2.60157792606214,9
"PTPN215","PTPN21",7,2.87128490286518,9
"GPR137B5","GPR137B",9,3.47562977013048,9
"SOX65","SOX6",8,3.04918303697342,9
"KLRD15","KLRD1",6,3.71160386394993,9
"TGFB1I15","TGFB1I1",9,3.21957620411186,9
"FBLN55","FBLN5",5,4.45174763346914,9
"SNTB15","SNTB1",9,2.66026962047744,9
"ARMH35","ARMH3",6,2.58071259141468,9
"ZNF4195","ZNF419",5,2.65928660714853,9
"PLIN25","PLIN2",5,3.09072669640288,9
"AC006509.35","AC006509.3",5,2.53676210327473,9
"SDHA5","SDHA",9,2.65118402926588,9
"VEGFC5","VEGFC",9,2.97111743786606,9
"DDX585","DDX58",6,2.34867376608273,9
"KLHL215","KLHL21",5,2.56070656384367,9
"LOXL45","LOXL4",8,2.97829339962565,9
"FANCD25","FANCD2",6,3.45344207353547,9
"NECTIN35","NECTIN3",5,2.83548610862392,9
"BEND55","BEND5",4,2.73826273521308,9
"CREB3L45","CREB3L4",3,3.70470241630895,9
"HOXC45","HOXC4",5,2.99858830096412,9
"AKR1C15","AKR1C1",5,3.09090340789993,9
"NAV25","NAV2",8,3.78228822771451,9
"AC027020.25","AC027020.2",6,2.96280870500203,9
"TSPAN18","TSPAN1",2,2.98572315525066,9
"TMCC35","TMCC3",3,2.9303646644668,9
"ADAMTS145","ADAMTS14",9,3.50085972656921,9
"MT1F5","MT1F",8,2.59516785343691,9
"FOXP35","FOXP3",6,3.73574151469523,9
"NFIL35","NFIL3",1,4.70324563647725,9
"NR3C25","NR3C2",5,2.67789623349239,9
"ZNF385D5","ZNF385D",5,3.38910211997658,9
"LURAP1L5","LURAP1L",2,2.55598379051473,9
"SCUBE35","SCUBE3",9,3.36457458903783,9
"RPA35","RPA3",9,2.64859749111334,9
"DOK45","DOK4",9,2.36837215422645,9
"VDR5","VDR",2,2.61525362176911,9
"NTAN15","NTAN1",9,3.30736953724513,9
"RPS12P165","RPS12P16",4,3.15440243941682,9
"KIF26A5","KIF26A",5,3.73462234235053,9
"THNSL25","THNSL2",5,2.79075711695423,9
"INAFM15","INAFM1",5,3.14715813535738,9
"HCK5","HCK",1,3.36475185335781,9
"MYOC5","MYOC",2,2.71593506365751,9
"LRRC425","LRRC42",9,2.74609473569862,9
"MYC5","MYC",1,3.95799878131397,9
"CLEC11A5","CLEC11A",7,3.47217531158937,9
"LRRC75A5","LRRC75A",4,4.12011304942435,9
"LINC008825","LINC00882",5,2.70840224916259,9
"PTS5","PTS",9,2.885854703883,9
"CYB5A5","CYB5A",3,3.10632436923905,9
"CDK2AP25","CDK2AP2",6,2.61966523184165,9
"TNFAIP35","TNFAIP3",1,3.8080136910088,9
"HULC5","HULC",8,3.16304875575304,9
"SGPP15","SGPP1",9,2.52963475474372,9
"ST6GALNAC55","ST6GALNAC5",9,3.58387308781795,9
"LINC015155","LINC01515",7,2.79440376516401,9
"PDZRN45","PDZRN4",4,2.86257863729955,9
"PNO15","PNO1",1,3.04259306026108,9
"WASF15","WASF1",5,3.08657085784774,9
"SLC25A445","SLC25A44",6,2.5630339720274,9
"HLCS5","HLCS",9,2.62436618796924,9
"GRIA35","GRIA3",5,3.80665154913782,9
"NLRC55","NLRC5",6,4.57230760146158,9
"AL133243.35","AL133243.3",6,2.83986134501294,9
"ETFDH5","ETFDH",5,2.29830002002441,9
"XYLT15","XYLT1",1,2.79070876462225,9
"SHE5","SHE",5,3.75331290423115,9
"THRB-IT15","THRB-IT1",5,2.89208823265999,9
"HIF3A5","HIF3A",5,3.31632514432438,9
"ROBO45","ROBO4",5,3.93463359786657,9
"GABPA5","GABPA",5,3.02182295997753,9
"ZNF3505","ZNF350",3,3.00352501620168,9
"FBLN75","FBLN7",5,3.79689826167607,9
"ABCC35","ABCC3",8,2.59333939723326,9
"AL109918.15","AL109918.1",6,3.40036234932627,9
"MFNG5","MFNG",6,2.8768823179678,9
"PGF5","PGF",1,2.834836690844,9
"LRIG35","LRIG3",5,3.05206695616566,9
"CAP25","CAP2",4,2.7421213461426,9
"FBXL75","FBXL7",5,3.3762245156809,9
"LZTS15","LZTS1",7,3.58841040543839,9
"BATF35","BATF3",1,3.41488264354921,9
"ENPP25","ENPP2",5,3.72748362317847,9
"MICOS135","MICOS13",9,2.81882444856109,9
"HAPLN35","HAPLN3",1,3.10605509561364,9
"TIPARP5","TIPARP",2,2.63385626476359,9
"FRK5","FRK",9,3.13078186689129,9
"ADGRB25","ADGRB2",7,3.72007942344036,9
"APBA25","APBA2",6,3.51932601272796,9
"LAT25","LAT2",6,3.39879102455312,9
"COCH5","COCH",6,2.94965904470608,9
"PGGHG5","PGGHG",6,3.36603487077996,9
"GPAT35","GPAT3",5,2.5355208638704,9
"NADK5","NADK",6,2.93015687938915,9
"PROCR5","PROCR",5,2.56870500915209,9
"LIPT15","LIPT1",2,2.46353031719675,9
"TNFRSF95","TNFRSF9",6,3.60695154357965,9
"PARD6G5","PARD6G",5,2.88273482715276,9
"HOXA105","HOXA10",5,2.68128235900011,9
"GATM5","GATM",3,3.21579421036196,9
"TMC55","TMC5",4,2.69389541110786,9
"TSPAN155","TSPAN15",9,3.10605027347171,9
"TMEM2545","TMEM254",3,2.76143009811668,9
"SETD1B5","SETD1B",5,2.5543355573534,9
"GMPPA5","GMPPA",9,2.87816560856672,9
"HOOK15","HOOK1",8,3.61451593555176,9
"RHNO15","RHNO1",9,2.71643884902168,9
"CEBPA5","CEBPA",9,3.02344048348871,9
"PLPP45","PLPP4",9,4.12067250927995,9
"DBF45","DBF4",6,3.29162461899825,9
"CHDH5","CHDH",8,3.39469697300307,9
"TRAT15","TRAT1",6,4.52729626841538,9
"ASB65","ASB6",2,2.27379558790296,9
"RPA15","RPA1",9,2.43573274812764,9
"PLCB25","PLCB2",6,3.48135307109573,9
"ACSS35","ACSS3",3,2.86008051134813,9
"CALB25","CALB2",9,2.92808771492146,9
"NREP5","NREP",7,4.2423865786436,9
"CDS15","CDS1",8,3.38756304890619,9
"DDX115","DDX11",6,2.50080070324726,9
"PRDM65","PRDM6",5,2.98289863549773,9
"BHLHE405","BHLHE40",1,3.66390124692332,9
"FAM78A5","FAM78A",6,4.1294242095576,9
"BLVRA5","BLVRA",9,3.15489282444714,9
"GPR655","GPR65",6,3.34641085032189,9
"HS3ST3A15","HS3ST3A1",7,2.90061747733241,9
"FAM221A5","FAM221A",6,2.23308702801885,9
"AC005253.15","AC005253.1",4,4.18648608767095,9
"PLCH25","PLCH2",2,3.17608521960664,9
"GLRX5","GLRX",9,2.91345508498521,9
"DTX15","DTX1",5,2.56665319732011,9
"NPR25","NPR2",5,3.41766702377955,9
"AL121839.25","AL121839.2",8,2.86362069674882,9
"SLC9B25","SLC9B2",5,2.54952416731749,9
"CCDC35","CCDC3",5,3.05799738846204,9
"PGAP15","PGAP1",1,2.41234565198075,9
"SCN9A5","SCN9A",5,2.88940863900842,9
"BTBD195","BTBD19",9,2.99716765880736,9
"CLECL15","CLECL1",6,4.01855697219763,9
"IMMP2L5","IMMP2L",5,2.34141321001807,9
"RGS135","RGS13",5,2.67285644786351,9
"CLNK5","CLNK",6,3.96393734298837,9
"ITGB35","ITGB3",1,3.74028928891244,9
"ARHGEF285","ARHGEF28",8,2.77258506701303,9
"TNNT35","TNNT3",5,2.64428770632085,9
"PRUNE25","PRUNE2",4,2.33128152432193,9
"MRPL125","MRPL12",9,2.87604984422746,9
"EEPD15","EEPD1",5,3.22863104399963,9
"TNFRSF195","TNFRSF19",9,2.89233362603763,9
"MIER35","MIER3",5,2.80511675089268,9
"KCNE35","KCNE3",9,2.74056247330669,9
"CORO75","CORO7",6,2.96659004626765,9
"IDI15","IDI1",3,4.45834996297636,9
"AC104794.35","AC104794.3",5,2.70535720040136,9
"CERS45","CERS4",3,4.15544016076986,9
"TMTC15","TMTC1",5,2.76281379228663,9
"MPP75","MPP7",2,2.77361952977993,9
"NAALAD25","NAALAD2",5,2.89362062613521,9
"GPX15","GPX1",9,3.3331839665728,9
"ZDHHC85","ZDHHC8",9,3.45059712219626,9
"ABCC95","ABCC9",1,3.17900667043485,9
"PCDHB45","PCDHB4",5,3.08186637721706,9
"AADAT5","AADAT",3,2.86056648928966,9
"SLC19A35","SLC19A3",5,3.02434606915046,9
"PLEKHF25","PLEKHF2",2,3.15890242249741,9
"CD1D5","CD1D",6,3.13268985650519,9
"TCEAL55","TCEAL5",5,3.5056592872905,9
"HEY25","HEY2",9,2.78322132129592,9
"NEO15","NEO1",5,2.83157079423528,9
"AL445426.15","AL445426.1",5,3.11619290073787,9
"MCM25","MCM2",9,3.10723071584524,9
"SERPINB85","SERPINB8",1,3.00562493475521,9
"LINC019345","LINC01934",6,4.08251633334306,9
"DUBR5","DUBR",5,2.77102746521402,9
"MEX3D5","MEX3D",9,2.83667537971641,9
"MILR15","MILR1",6,3.05737785364058,9
"KCTD15","KCTD1",3,2.71670048364455,9
"IL345","IL34",2,2.53084211990007,9
"HRH25","HRH2",1,3.74477745395254,9
"VANGL25","VANGL2",9,2.36092002032819,9
"AC068888.15","AC068888.1",5,2.80171217006556,9
"C6orf1325","C6orf132",8,3.32321406629913,9
"TSPAN125","TSPAN12",3,2.50525705575041,9
"RECQL45","RECQL4",9,2.92422278322592,9
"RAB205","RAB20",1,2.41867121657776,9
"ANKRD95","ANKRD9",9,2.514186168657,9
"NRXN25","NRXN2",7,3.80905438511137,9
"AGA5","AGA",9,2.75680772560616,9
"AMY2B5","AMY2B",2,3.03349954006556,9
"TUBB2A5","TUBB2A",1,3.33794103288936,9
"LINC009965","LINC00996",6,4.00394441769939,9
"NRBF25","NRBF2",9,3.00571494491857,9
"TIFA5","TIFA",6,2.73761716825741,9
"PRR135","PRR13",1,2.30682191144625,9
"SH3GLB25","SH3GLB2",3,2.7711328113556,9
"HERC65","HERC6",6,3.26470795494837,9
"PDZD25","PDZD2",5,2.32706204498833,9
"HENMT15","HENMT1",6,2.81065600957638,9
"FAT45","FAT4",5,4.54660133263746,9
"TMEM256","TMEM25",2,2.87364658294969,9
"VSTM45","VSTM4",5,3.32261950433897,9
"SHC45","SHC4",7,2.79167225543482,9
"SPEG5","SPEG",8,3.6210390686444,9
"SLC7A75","SLC7A7",6,3.17534465589106,9
"GPT25","GPT2",9,2.91177177555614,9
"MMP125","MMP12",6,2.94878544772607,9
"FIGN5","FIGN",5,2.94504087034352,9
"CDC14A5","CDC14A",6,3.43545969939239,9
"AC006141.15","AC006141.1",6,2.84015015889293,9
"HDAC115","HDAC11",5,2.33357767974703,9
"BMP65","BMP6",5,3.2212557739651,9
"STON25","STON2",5,3.02615601380087,9
"BHLHE225","BHLHE22",2,2.52828562046469,9
"OPN35","OPN3",9,2.773711678135,9
"MYBL15","MYBL1",6,3.21032593010031,9
"COPS35","COPS3",9,2.78280343949412,9
"SELENOO5","SELENOO",6,2.40042092465809,9
"CCDC1415","CCDC141",6,3.25956717180255,9
"LPAR25","LPAR2",6,3.31371793833904,9
"MLLT115","MLLT11",7,2.74079642753938,9
"ADGRL35","ADGRL3",7,2.78394458181833,9
"RPL13P125","RPL13P12",4,4.95069411273923,9
"FBXO465","FBXO46",9,2.38674516854847,9
"TNFSF13B5","TNFSF13B",6,3.64147629575135,9
"MCTP25","MCTP2",6,3.06633096976439,9
"TAF45","TAF4",2,2.80322100524666,9
"TRPM25","TRPM2",9,2.66348953102765,9
"TMEM605","TMEM60",9,3.19512543937121,9
"DLL45","DLL4",5,2.99556697733436,9
"L3MBTL15","L3MBTL1",6,2.29998961262111,9
"RNF2075","RNF207",2,2.55600545264473,9
"TMEM625","TMEM62",3,3.67995941075721,9
"SIGLEC17P5","SIGLEC17P",5,2.99409792291451,9
"TST5","TST",9,2.58763636771587,9
"ITGA35","ITGA3",8,2.68441240370545,9
"STK265","STK26",6,3.3004785924348,9
"CFAP705","CFAP70",8,2.51861990806338,9
"FOXC25","FOXC2",9,2.7691938584874,9
"ARHGEF265","ARHGEF26",5,2.43341250841482,9
"APBB35","APBB3",5,2.98615818674237,9
"TSPAN115","TSPAN11",5,3.12305737393669,9
"SRPX25","SRPX2",7,3.88861807968561,9
"CD300E5","CD300E",1,4.2705687427765,9
"AVPR1A5","AVPR1A",5,3.26270178757031,9
"CORO2B5","CORO2B",5,3.3333372181829,9
"ABCG15","ABCG1",2,2.56231507427826,9
"MYOM25","MYOM2",3,3.80038067975682,9
"DENND2D5","DENND2D",6,4.73639340420847,9
"FAM122C5","FAM122C",6,3.15488951168331,9
"ARMCX15","ARMCX1",5,3.2431779156591,9
"COL21A15","COL21A1",5,3.32920310149061,9
"CDC42EP55","CDC42EP5",3,3.12559175264294,9
"ELN5","ELN",7,2.94272665964086,9
"TMEM515","TMEM51",1,2.89196295686156,9
"F11R5","F11R",9,3.06962276644788,9
"CRYZL2P5","CRYZL2P",5,2.84227749906585,9
"CHST145","CHST14",5,2.70504923813288,9
"MTCO1P405","MTCO1P40",9,3.25112469626654,9
"PITHD15","PITHD1",9,2.69254037560781,9
"KCNK25","KCNK2",5,2.92205173460261,9
"LINC022105","LINC02210",6,2.53548257602205,9
"SLC20A25","SLC20A2",9,2.76996118014103,9
"PIK3C2B5","PIK3C2B",6,2.76652049343686,9
"RPS6KA65","RPS6KA6",7,2.59609018808189,9
"PLEKHN15","PLEKHN1",6,2.37869637648548,9
"SEL1L35","SEL1L3",6,4.87509506506737,9
"DSN15","DSN1",9,2.60997301728223,9
"VNN25","VNN2",6,3.27703366796648,9
"ATP5MD5","ATP5MD",9,3.08498699779375,9
"NLRP35","NLRP3",1,3.42134429026404,9
"CELSR25","CELSR2",8,3.41192484680996,9
"PPM1L5","PPM1L",4,2.23202821214441,9
"CHST25","CHST2",6,2.66360457665959,9
"NAALADL25","NAALADL2",7,2.92480883904041,9
"ARHGAP405","ARHGAP40",4,3.09487378376899,9
"KCNAB25","KCNAB2",6,3.89858736497518,9
"SHC25","SHC2",5,2.895786077657,9
"PRR5L5","PRR5L",9,2.99374521193232,9
"RCAN35","RCAN3",6,3.19160577781334,9
"SLC5A65","SLC5A6",8,2.93808216550524,9
"RECK5","RECK",5,3.94752477738112,9
"SLC16A95","SLC16A9",5,2.97796452399089,9
"GLTP5","GLTP",9,2.62613403700497,9
"PLCG15","PLCG1",5,2.40644826518167,9
"FGF185","FGF18",1,3.34222092578516,9
"BTN3A15","BTN3A1",6,3.56800103122455,9
"RMND5A5","RMND5A",3,3.00327295490323,9
"LPCAT45","LPCAT4",5,2.81175395166345,9
"SLC36A15","SLC36A1",9,2.90274227712628,9
"KANK15","KANK1",5,2.81037877787126,9
"TBX5-AS15","TBX5-AS1",5,3.32537751222349,9
"KLHL35","KLHL3",5,3.21154739600377,9
"GATA65","GATA6",5,2.8620333623234,9
"METTL21A5","METTL21A",2,2.32331060128174,9
"F13A15","F13A1",1,3.31133532103262,9
"AC006115.25","AC006115.2",6,2.81860821418154,9
"LCAT5","LCAT",5,3.02574634420095,9
"TMEM2205","TMEM220",5,2.90607208729059,9
"DDX285","DDX28",9,2.4982054249921,9
"SLFN125","SLFN12",7,2.53040424792737,9
"WDR375","WDR37",2,2.53960828197877,9
"FAR25","FAR2",3,3.11174266697531,9
"KNTC15","KNTC1",6,3.59863010632605,9
"ERAP25","ERAP2",6,2.87998720132989,9
"SMAD95","SMAD9",5,3.51681807824348,9
"DTX35","DTX3",5,3.2958228936784,9
"ADAMTSL35","ADAMTSL3",7,2.58130916380125,9
"SIAE5","SIAE",4,2.72319848791435,9
"TALDO15","TALDO1",9,3.32654926968455,9
"RFWD35","RFWD3",6,2.51721879201879,9
"RGS195","RGS19",6,3.62945898974316,9
"MPZ5","MPZ",6,2.76037544069339,9
"SLIT25","SLIT2",5,3.34275669272196,9
"SQLE5","SQLE",3,2.56986854277253,9
"CYSLTR15","CYSLTR1",6,3.6293929773248,9
"RTL8C5","RTL8C",9,2.91864011473561,9
"NCKIPSD5","NCKIPSD",5,2.54488035453529,9
"IL20RA5","IL20RA",3,3.16792632892079,9
"ZNF5615","ZNF561",8,2.75724052957711,9
"WNT9A5","WNT9A",2,2.37162547657514,9
"ATG4C5","ATG4C",6,2.64005094840391,9
"MRPL445","MRPL44",9,3.070520434074,9
"TGFB25","TGFB2",7,2.74254006734612,9
"AZIN25","AZIN2",9,3.30321571507768,9
"RASL125","RASL12",5,2.8976145820012,9
"CD285","CD28",6,3.63220471200943,9
"SPATA185","SPATA18",2,2.71922250612904,9
"ADORA35","ADORA3",9,2.92252422748843,9
"SLC39A85","SLC39A8",6,2.59826978693153,9
"LNX15","LNX1",5,2.75038846710986,9
"NYNRIN5","NYNRIN",5,3.49371272693264,9
"IFT525","IFT52",9,2.54930309318533,9
"HCAR15","HCAR1",8,3.4586084109146,9
"FJX15","FJX1",1,2.8862053267918,9
"LRP85","LRP8",6,3.35723802192387,9
"FANCA5","FANCA",6,2.94042379002328,9
"SYT75","SYT7",7,2.82083305329408,9
"MYO1D5","MYO1D",9,3.04692816655701,9
"DHRS4-AS15","DHRS4-AS1",3,2.40956456044618,9
"NCMAP5","NCMAP",8,3.25498797745391,9
"LACC15","LACC1",4,2.92054739902554,9
"MARCHF35","MARCHF3",1,3.14137337272077,9
"ST6GAL15","ST6GAL1",6,3.1953654131956,9
"SLC31A25","SLC31A2",1,2.68925570669402,9
"SHKBP15","SHKBP1",6,2.63884731773845,9
"DDAH15","DDAH1",7,2.75391707808209,9
"MRPL395","MRPL39",9,2.57711892256733,9
"MAFK5","MAFK",1,3.09950114982741,9
"CACNA1H5","CACNA1H",1,2.74718024049736,9
"ADAMTS165","ADAMTS16",9,3.30153670102186,9
"BMF5","BMF",9,2.91211918688006,9
"ABCG25","ABCG2",5,3.16859782564615,9
"RHBDF15","RHBDF1",5,2.73197019804536,9
"KIFC15","KIFC1",9,3.34222151076019,9
"SERTAD35","SERTAD3",3,2.5516987712612,9
"PC5","PC",5,2.72320856300471,9
"RDH135","RDH13",3,2.73508308230412,9
"GTPBP35","GTPBP3",9,2.32894987019526,9
"ZNF3315","ZNF331",1,3.39493251210392,9
"PILRB5","PILRB",5,2.28888402946996,9
"RBM205","RBM20",3,3.67794796362735,9
"CDH65","CDH6",5,3.13955550829552,9
"SALL25","SALL2",2,3.07256097309569,9
"MYH145","MYH14",8,4.02360393651431,9
"ACAN5","ACAN",9,2.73926281078367,9
"MELTF5","MELTF",8,2.89311236303427,9
"WFDC21P5","WFDC21P",6,3.43596741217555,9
"SRARP5","SRARP",3,4.05314801213946,9
"RAE15","RAE1",2,2.77165470193231,9
"UCP25","UCP2",6,3.34361656632732,9
"GRIA45","GRIA4",8,2.96129840863733,9
"PIM15","PIM1",1,5.10105535570403,9
"FOLR25","FOLR2",5,2.74569592834556,9
"BPGM5","BPGM",9,3.09650981605944,9
"SPRY45","SPRY4",7,2.69747854435473,9
"AMZ25","AMZ2",9,2.53814375100821,9
"SP25","SP2",5,2.31257570378699,9
"RASSF55","RASSF5",6,4.23684846296609,9
"CNPY45","CNPY4",5,2.90377784483749,9
"AC008771.15","AC008771.1",3,2.79613892816421,9
"LINGO15","LINGO1",5,2.93228065005491,9
"KIAA1324L5","KIAA1324L",9,2.58443083581927,9
"TMPRSS25","TMPRSS2",8,3.64008748867832,9
"LINC002945","LINC00294",2,2.71619526492733,9
"ARHGAP11A5","ARHGAP11A",9,2.89600762360767,9
"AC027290.35","AC027290.3",6,2.77968026446085,9
"ATP6AP15","ATP6AP1",9,3.11582486621279,9
"UBE2QL15","UBE2QL1",9,3.1505589118661,9
"TRAF45","TRAF4",8,3.65804112098004,9
"TRABD2B5","TRABD2B",2,3.25678704484572,9
"TEX95","TEX9",6,2.7459984127992,9
"ST6GALNAC35","ST6GALNAC3",5,2.64815373245972,9
"PCDHB95","PCDHB9",5,3.15519598727611,9
"NFASC5","NFASC",8,3.28694630697434,9
"ADRA2A5","ADRA2A",1,2.85357971154497,9
"EDEM15","EDEM1",6,3.3370682181225,9
"CKAP25","CKAP2",6,3.38113262889528,9
"SATB1-AS15","SATB1-AS1",6,3.55783163925782,9
"MYD885","MYD88",1,2.87103424058366,9
"SMYD35","SMYD3",9,2.69955386906987,9
"RAB40C5","RAB40C",9,2.40879607552741,9
"SLC38A115","SLC38A11",5,2.90610037939976,9
"AC016957.25","AC016957.2",6,3.21859981562056,9
"STEAP45","STEAP4",1,3.41395394457766,9
"NOP56P35","NOP56P3",4,3.65470206757067,9
"TMTC25","TMTC2",7,2.73606177779541,9
"P4HTM5","P4HTM",5,2.62597389538623,9
"TINF25","TINF2",9,2.78315629705477,9
"SCARA35","SCARA3",4,2.65287761287901,9
"SOX55","SOX5",5,2.85124006876965,9
"PTPRU5","PTPRU",5,2.71224254958298,9
"SH3BP15","SH3BP1",6,3.5889192738351,9
"HEATR5A5","HEATR5A",9,2.58950072845863,9
"AC091563.15","AC091563.1",5,2.53670502928263,9
"VWA5A5","VWA5A",5,3.17569287532567,9
"INTS95","INTS9",9,2.45219332866377,9
"AFAP1L25","AFAP1L2",7,3.33890429824948,9
"HSF45","HSF4",3,2.31861265277417,9
"SNORA125","SNORA12",5,2.67305457489492,9
"AC098650.15","AC098650.1",5,3.19839306221608,9
"MAPK105","MAPK10",3,2.65315202903896,9
"RNU4-25","RNU4-2",6,3.46792239583473,9
"AL353622.15","AL353622.1",6,3.28769191075927,9
"DONSON5","DONSON",2,2.30251865377632,9
"ETV15","ETV1",7,3.38093424850925,9
"B3GNT55","B3GNT5",1,2.92148772005389,9
"GTSE15","GTSE1",6,3.42240888373805,9
"H2AX5","H2AX",9,2.86237901917044,9
"TINAGL15","TINAGL1",5,3.23721927403366,9
"MIR193BHG5","MIR193BHG",1,2.75476765570741,9
"CASP65","CASP6",9,2.62626174591367,9
"GAR15","GAR1",9,2.67557855787712,9
"CHKA5","CHKA",8,2.48566900879701,9
"MPC25","MPC2",3,3.2579736516806,9
"GPRIN35","GPRIN3",6,3.57920666371077,9
"METTL45","METTL4",6,3.00946039969209,9
"ADAMTS65","ADAMTS6",7,3.41905902739615,9
"FBXW45","FBXW4",2,2.82361985222778,9
"ATOH85","ATOH8",5,3.7153825717793,9
"FAM174A5","FAM174A",2,2.61239497425231,9
"TP53TG15","TP53TG1",3,2.80527070347634,9
"SLC43A25","SLC43A2",9,2.74728317346986,9
"DNAAF25","DNAAF2",9,2.60039836979822,9
"TMEM545","TMEM54",9,3.30509013663418,9
"LANCL15","LANCL1",5,3.14356110962503,9
"SLC9A3R15","SLC9A3R1",3,3.1701273651077,9
"TDO25","TDO2",9,3.33247299652085,9
"MCM55","MCM5",6,3.10083260689541,9
"DHX585","DHX58",6,2.74169665726432,9
"BACH25","BACH2",2,2.82143986688407,9
"AVIL5","AVIL",1,3.26058240981853,9
"FBXL125","FBXL12",7,2.40065680496488,9
"DPY19L15","DPY19L1",9,3.09948224396649,9
"RBM75","RBM7",5,2.67094522009045,9
"TCTN25","TCTN2",5,3.13916266582318,9
"BST25","BST2",9,2.92258134217271,9
"HS3ST3B15","HS3ST3B1",6,3.09960175831968,9
"DNAH145","DNAH14",8,3.10681139715068,9
"ALS2CL5","ALS2CL",5,3.32090150929044,9
"WHRN5","WHRN",8,2.51099004499668,9
"AC020978.95","AC020978.9",6,2.59440906664009,9
"SMIM275","SMIM27",9,2.48646083693022,9
"FAIM25","FAIM2",5,2.67720313255088,9
"MTLN5","MTLN",9,3.2524930142246,9
"GFPT25","GFPT2",1,4.59884806851274,9
"GTF2IRD25","GTF2IRD2",5,3.12382011732418,9
"NR5A25","NR5A2",5,2.7997807451035,9
"LAIR25","LAIR2",4,2.97562470467714,9
"TSPOAP15","TSPOAP1",6,2.36999801661144,9
"KIFC35","KIFC3",9,3.0098196786678,9
"RASGRF25","RASGRF2",9,2.67426083379677,9
"PTPRO5","PTPRO",9,2.69104597085898,9
"PDE4DIP5","PDE4DIP",5,2.59948385715499,9
"LPAR55","LPAR5",6,3.26808737943186,9
"PTGR25","PTGR2",3,2.53979544140837,9
"WNT10A5","WNT10A",6,4.29941932462046,9
"SMPD35","SMPD3",6,4.00609348053473,9
"AL355488.15","AL355488.1",6,2.60366778730214,9
"RBM12B5","RBM12B",4,3.3683347256677,9
"BLCAP5","BLCAP",2,3.14340801222241,9
"TRAF25","TRAF2",6,3.35252671260308,9
"SH3PXD2B5","SH3PXD2B",5,3.18574176170709,9
"AC027097.15","AC027097.1",6,3.31134850997838,9
"APOBR5","APOBR",1,2.59617341679034,9
"SLC25A405","SLC25A40",9,2.58483978858981,9
"FAM155A5","FAM155A",7,3.23714507642928,9
"GALNT185","GALNT18",9,2.32610444643699,9
"ADHFE15","ADHFE1",5,2.58026129374576,9
"OSCAR5","OSCAR",9,2.99056772214509,9
"PRKAR2B5","PRKAR2B",3,2.88987066823919,9
"CROT5","CROT",3,2.79626174999213,9
"PDE3A5","PDE3A",5,3.28632317807924,9
"RCAN25","RCAN2",5,3.03858803164812,9
"QPCT5","QPCT",9,2.46306213388128,9
"RIDA5","RIDA",9,2.88561092809571,9
"CXCL165","CXCL16",9,3.13702043409407,9
"FLT35","FLT3",6,3.90745604280328,9
"BRMS15","BRMS1",5,2.37897530691097,9
"PIF15","PIF1",6,3.59017571591508,9
"CD40LG5","CD40LG",6,3.63320467631496,9
"PPM1M5","PPM1M",2,2.71291059591095,9
"ADCY45","ADCY4",5,3.24163160508285,9
"ACTR3B5","ACTR3B",8,2.81709072276462,9
"SYNPO5","SYNPO",1,3.03796612773843,9
"RELT5","RELT",6,3.18570471747438,9
"CROCC5","CROCC",5,2.7883165828468,9
"SYT125","SYT12",8,3.74882237827169,9
"MS4A4A5","MS4A4A",1,2.74751263819073,9
"FANCF5","FANCF",9,2.69858190790132,9
"FLNC5","FLNC",1,3.27967629768158,9
"POC1B-AS15","POC1B-AS1",6,2.76609250412437,9
"PLCG25","PLCG2",6,4.1166862999658,9
"TACR15","TACR1",1,2.92098278623215,9
"LINC011385","LINC01138",6,3.07286079972813,9
"LNX25","LNX2",8,2.55273602847118,9
"AC010997.65","AC010997.6",4,3.32789254904539,9
"ERCC35","ERCC3",2,2.53635572002888,9
"GSTO25","GSTO2",8,3.73479542869902,9
"STMN35","STMN3",2,3.83337093090822,9
"WDR195","WDR19",5,2.60423815889318,9
"GADD45B5","GADD45B",1,4.24078862918339,9
"OSBPL55","OSBPL5",5,3.10328671660193,9
"WASF35","WASF3",5,2.77849756100335,9
"LAMA15","LAMA1",5,3.09575441336286,9
"HOXB65","HOXB6",4,3.02825272037555,9
"TBX15","TBX1",5,3.28505799404077,9
"PLCXD35","PLCXD3",5,2.40159744762821,9
"DHRS16","DHRS1",9,2.63571533528362,9
"MBNL35","MBNL3",6,3.35051496622705,9
"AC024075.25","AC024075.2",5,2.91094236960758,9
"FAM83F5","FAM83F",8,3.51813988612376,9
"TBX55","TBX5",5,3.08881087950992,9
"UCKL15","UCKL1",2,2.65604575884798,9
"AP001496.45","AP001496.4",8,2.94196821654162,9
"MXRA75","MXRA7",5,3.54041474275965,9
"CAPN125","CAPN12",6,2.9541560209961,9
"HAS35","HAS3",8,3.0058198419849,9
"GLIPR1L25","GLIPR1L2",5,2.91812031718127,9
"ADAMTSL25","ADAMTSL2",9,3.50505984726539,9
"CERCAM5","CERCAM",7,4.08311375143248,9
"FAM118A5","FAM118A",7,2.63163496205829,9
"KIF115","KIF11",6,3.09169855089283,9
"IBSP5","IBSP",9,3.55007003164627,9
"LRP35","LRP3",5,2.92031924960071,9
"LINC006495","LINC00649",6,4.08314580476227,9
"PYROXD15","PYROXD1",9,2.44844826996991,9
"CYTL15","CYTL1",5,3.09719799014816,9
"KIAA15225","KIAA1522",8,3.05446007374797,9
"AC015883.15","AC015883.1",6,3.04442566839757,9
"PRR145","PRR14",6,2.60175514861705,9
"WIZ5","WIZ",9,3.02501219911071,9
"PBX45","PBX4",6,3.63282193785884,9
"SLC16A45","SLC16A4",7,2.59850360448725,9
"SMAD65","SMAD6",5,3.14964604249568,9
"IL15RA5","IL15RA",5,3.06742050088945,9
"TMEM200C5","TMEM200C",5,2.80739704463438,9
"DCLK25","DCLK2",9,2.79800020454643,9
"SH2D3A5","SH2D3A",6,3.04463451978667,9
"MRPS105","MRPS10",9,2.71217244174334,9
"CIP2A5","CIP2A",6,3.33258785487025,9
"LANCL25","LANCL2",7,2.5665991749942,9
"ERMAP5","ERMAP",2,2.9231812755492,9
"INTU5","INTU",5,3.03034122376831,9
"SNN5","SNN",5,2.45301833102484,9
"PXMP45","PXMP4",3,3.9996026048458,9
"PAGR15","PAGR1",4,3.03637700292454,9
"GJA45","GJA4",5,2.91445627483888,9
"NDUFAF45","NDUFAF4",2,2.54840877376784,9
"AL139113.15","AL139113.1",6,2.33944263946343,9
"TSPAN25","TSPAN2",9,3.0474777490365,9
"ICAM25","ICAM2",5,3.11251116316369,9
"HOXC95","HOXC9",5,2.68958574467529,9
"IFITM25","IFITM2",5,3.30700039423667,9
"YRDC5","YRDC",1,2.29924671199357,9
"PTPRJ5","PTPRJ",6,2.94461529123113,9
"IL1R25","IL1R2",1,3.06986475474151,9
"RPL39L5","RPL39L",9,2.81791616672641,9
"LINC002715","LINC00271",8,2.89080768722576,9
"AC021078.15","AC021078.1",2,2.36594790073834,9
"RPS20P225","RPS20P22",7,2.74567734154177,9
"MET5","MET",8,2.56471480291835,9
"LINC007025","LINC00702",1,2.80840534901883,9
"PRTFDC15","PRTFDC1",5,3.26129887796569,9
"FN3KRP5","FN3KRP",9,2.58798180158945,9
"ARL6IP65","ARL6IP6",9,2.49678860281752,9
"AC093297.25","AC093297.2",5,2.50723987678146,9
"SLC44A45","SLC44A4",3,2.86210935272908,9
"LZTFL15","LZTFL1",2,2.3963788697304,9
"COMMD15","COMMD1",9,3.28268797927779,9
"BMP25","BMP2",5,2.89431259406196,9
"RHOBTB15","RHOBTB1",5,3.47894442434731,9
"UBA75","UBA7",6,2.85648146957721,9
"CPOX5","CPOX",9,2.75967022610953,9
"RTKN6","RTKN",8,2.89050193408074,9
"LIG15","LIG1",6,3.10979056886809,9
"FAM214B5","FAM214B",9,2.52627649345789,9
"ZNF7275","ZNF727",5,3.20393032806535,9
"SSBP25","SSBP2",5,3.52865368104993,9
"AIFM15","AIFM1",9,2.60187030318488,9
"ZNF2515","ZNF251",5,2.24896722666106,9
"LINC010045","LINC01004",2,2.68949037971603,9
"CACNB35","CACNB3",8,2.68388568290244,9
"TMEM2735","TMEM273",5,2.57637182182724,9
"AL109976.15","AL109976.1",8,2.77199958760218,9
"FADD5","FADD",9,3.08446849977465,9
"RPS135","RPS13",2,4.39781655453506,9
"FAM227A5","FAM227A",7,2.67655970190748,9
"ITGAM5","ITGAM",1,3.17622200098943,9
"KIFC25","KIFC2",6,2.67768161091384,9
"NUGGC5","NUGGC",6,3.72308527902493,9
"MZT15","MZT1",9,2.76352450984053,9
"SBK15","SBK1",6,3.4722135384336,9
"PRAME5","PRAME",9,2.96033612929925,9
"AC012236.15","AC012236.1",6,3.78475386639221,9
"WRAP735","WRAP73",2,2.65316426701205,9
"INTS6L5","INTS6L",6,2.98706577830741,9
"TXLNB5","TXLNB",5,2.71387746283392,9
"NPC15","NPC1",9,3.13510532706321,9
"COX175","COX17",9,3.07782457327251,9
"MGAT35","MGAT3",5,2.93820190440254,9
"HAUS15","HAUS1",2,2.4373805618191,9
"HOXA-AS25","HOXA-AS2",4,3.21928652756346,9
"ABCD45","ABCD4",5,2.74747022712493,9
"ZNF5505","ZNF550",6,2.7760515659721,9
"PLD45","PLD4",6,3.58528937777266,9
"PSMD105","PSMD10",9,2.88770974190874,9
"AC016831.45","AC016831.4",2,2.92860087391144,9
"ROR25","ROR2",7,3.12413212175565,9
"SPRED25","SPRED2",5,3.4839902743689,9
"ARMC95","ARMC9",7,3.49056974544282,9
"ALDH1L25","ALDH1L2",7,2.91795063515281,9
"MAD2L1BP5","MAD2L1BP",9,2.94270497736407,9
"NRBP25","NRBP2",5,2.67569092988675,9
"DNAJB45","DNAJB4",2,2.41062399812308,9
"IGFN15","IGFN1",1,2.82635053649809,9
"ORC65","ORC6",6,3.11512883358213,9
"REC85","REC8",6,2.88814886669807,9
"NOL115","NOL11",2,2.30776795622508,9
"CLEC7A5","CLEC7A",1,3.69270252731854,9
"TEX305","TEX30",9,2.71643581559185,9
"ZNF5135","ZNF513",9,2.71216174839003,9
"CUTC5","CUTC",2,3.21599657336996,9
"ARNTL6","ARNTL",1,2.51870295391227,9
"GPD1L5","GPD1L",3,2.79219375565638,9
"CDKN1C5","CDKN1C",5,4.54627723710141,9
"ABCB105","ABCB10",9,3.02690787516704,9
"TSPAN65","TSPAN6",5,2.89544213079732,9
"ZBTB7C5","ZBTB7C",8,2.85698684719204,9
"RPL23AP325","RPL23AP32",5,3.35627085225669,9
"ZDHHC125","ZDHHC12",9,3.01373566610829,9
"SNRNP255","SNRNP25",9,2.82625575628835,9
"IL18R15","IL18R1",6,3.20193810131917,9
"PROSER15","PROSER1",9,2.83490591180877,9
"TRIM695","TRIM69",6,2.79407568477697,9
"ATP10A5","ATP10A",1,2.75037421797936,9
"QSOX25","QSOX2",2,2.52778677123146,9
"RUVBL15","RUVBL1",9,2.94085378045375,9
"PIK3R35","PIK3R3",3,2.46692326339984,9
"SND1-IT15","SND1-IT1",6,2.94964453501908,9
"CCNF5","CCNF",3,2.66680472504957,9
"FKBP55","FKBP5",3,4.21498563274661,9
"TNFRSF10D5","TNFRSF10D",1,3.11223322941632,9
"TMEM86A5","TMEM86A",9,3.12510999654664,9
"LRR15","LRR1",9,2.68014535192145,9
"BCL2L125","BCL2L12",9,2.7371689847636,9
"PREX25","PREX2",5,4.00216688160922,9
"CD1095","CD109",9,2.96039560921272,9
"ANKRD33B5","ANKRD33B",6,2.88195804874434,9
"HMCN15","HMCN1",5,3.69503446586062,9
"NSUN5P15","NSUN5P1",2,2.42876141354322,9
"CNTN35","CNTN3",7,3.0225316928878,9
"FAM53B5","FAM53B",6,3.38437847647146,9
"LINC005115","LINC00511",8,3.0307879731849,9
"CTPS15","CTPS1",6,2.59646853238137,9
"NDUFAF15","NDUFAF1",5,2.30486458848809,9
"AL162595.15","AL162595.1",8,2.50486718235386,9
"PPP1R13B5","PPP1R13B",5,3.17935112525532,9
"PPP2R5A5","PPP2R5A",5,2.8342022595235,9
"AC135050.65","AC135050.6",2,3.56454611336513,9
"TMEM106A5","TMEM106A",4,2.64269075643494,9
"TEAD35","TEAD3",8,2.72005736560173,9
"DHRS125","DHRS12",3,2.45624847097639,9
"TMEM200B5","TMEM200B",5,3.44000220570877,9
"CTSF5","CTSF",5,3.49940157791503,9
"TRDN5","TRDN",4,3.88201189169766,9
"DNASE1L35","DNASE1L3",6,3.1741046445547,9
"LINC011165","LINC01116",5,3.13272345493362,9
"BBC35","BBC3",9,2.7593503368056,9
"DYNC2LI15","DYNC2LI1",5,3.22141349671863,9
"BCAR35","BCAR3",2,2.35180943243171,9
"HOMER15","HOMER1",7,2.77844118235618,9
"FRAT25","FRAT2",9,2.60662655522062,9
"ARAP35","ARAP3",5,3.45157511049478,9
"PEX135","PEX13",9,2.63491624731144,9
"BCAS15","BCAS1",4,2.84081384896251,9
"ZNF4415","ZNF441",2,2.69613982353792,9
"RASSF75","RASSF7",9,2.64925127517019,9
"B3GAT35","B3GAT3",6,2.36541399087842,9
"TENT4A5","TENT4A",2,2.65813896638975,9
"ITIH55","ITIH5",5,4.04924176990628,9
"ZNF1895","ZNF189",9,2.75303484781332,9
"UST5","UST",5,2.91714220851998,9
"TAP15","TAP1",6,3.9481013906386,9
"GEMIN85","GEMIN8",5,2.71981079346987,9
"FDX15","FDX1",9,2.30768093844338,9
"GAS2L35","GAS2L3",7,2.47055634294487,9
"PUS75","PUS7",1,2.62939819044219,9
"SMIM135","SMIM13",9,2.51165080881335,9
"CABLES15","CABLES1",5,2.82604692542103,9
"ZBTB145","ZBTB14",5,2.46227318122076,9
"KDR5","KDR",5,3.25237564395886,9
"ARHGEF55","ARHGEF5",8,3.31301330624712,9
"PRKD25","PRKD2",6,3.05321337557266,9
"FAIM6","FAIM",5,2.6637704463235,9
"SLCO4A15","SLCO4A1",1,2.93146058156859,9
"STARD45","STARD4",6,2.66909221559965,9
"MED315","MED31",2,2.77219871090919,9
"CCDC1685","CCDC168",6,2.66295904382351,9
"MYCT15","MYCT1",5,3.25900556968654,9
"FUCA25","FUCA2",9,3.06684727583372,9
"WDR455","WDR45",9,2.41952385011517,9
"TRIB15","TRIB1",1,3.52745765459824,9
"SIDT15","SIDT1",6,3.63693993111967,9
"NAA105","NAA10",3,2.69928101886149,9
"TBPL15","TBPL1",6,2.28876311388195,9
"OCRL5","OCRL",9,2.25306581537894,9
"CRACR2A5","CRACR2A",6,2.80280225341335,9
"MSC5","MSC",9,2.82282837933931,9
"NOP165","NOP16",1,2.79240409691859,9
"INTS135","INTS13",6,2.37157050118015,9
"NACC25","NACC2",4,2.5716987404456,9
"SCML15","SCML1",2,2.44479811950277,9
"TLCD55","TLCD5",5,2.85001685130083,9
"PLGRKT5","PLGRKT",9,2.43396132590762,9
"SLC30A65","SLC30A6",5,2.42593629688112,9
"ATP8A15","ATP8A1",6,3.94023771285127,9
"PLCL15","PLCL1",6,2.52780045984545,9
"AL158206.15","AL158206.1",5,2.34455174623081,9
"AC090559.25","AC090559.2",6,3.16724984159592,9
"MYO1F5","MYO1F",6,3.30201687915321,9
"OSM5","OSM",1,4.04484587863768,9
"FAM229B5","FAM229B",5,2.83767099301883,9
"MAP3K125","MAP3K12",5,3.53818211870374,9
"MSC-AS15","MSC-AS1",9,2.46591040445374,9
"MAGOHB5","MAGOHB",9,2.85230297676745,9
"ZNF3345","ZNF334",7,2.699381033454,9
"SEMA3B5","SEMA3B",5,2.53085226404188,9
"MAP3K145","MAP3K14",1,2.86252110783185,9
"DPH25","DPH2",9,2.48443577389647,9
"ALDH18A15","ALDH18A1",9,2.68026240514253,9
"MTFR15","MTFR1",9,3.2173799619596,9
"GRPEL25","GRPEL2",6,2.58305560688195,9
"OXNAD15","OXNAD1",6,3.64001053650013,9
"SETD65","SETD6",2,2.13164491504351,9
"MED95","MED9",9,2.57783311501189,9
"DISC15","DISC1",1,2.68427849823523,9
"MRPS95","MRPS9",5,2.78550771247249,9
"MTURN5","MTURN",5,3.43544158419437,9
"XPO55","XPO5",9,2.28761346313564,9
"SLC29A15","SLC29A1",9,2.49930717994553,9
"PFKP5","PFKP",1,2.44220897918664,9
"BDH15","BDH1",3,2.74563737067423,9
"POLRMT5","POLRMT",9,2.42849167064387,9
"DIPK1B5","DIPK1B",5,3.44911055658173,9
"HSBP1L15","HSBP1L1",9,2.64683204586759,9
"FZD65","FZD6",9,2.62755284790324,9
"SGMS25","SGMS2",9,2.62956505907838,9
"GLA5","GLA",9,2.31399635737307,9
"COMMD85","COMMD8",6,2.91829265335115,9
"CEP1265","CEP126",5,3.39909428082855,9
"RNF1385","RNF138",9,2.45803113198836,9
"AC005906.25","AC005906.2",5,3.15704557223558,9
"TP53INP25","TP53INP2",9,2.48332761142283,9
"TRMT2B5","TRMT2B",6,2.69709900602222,9
"SIX55","SIX5",5,3.2104082969503,9
"FAM110B5","FAM110B",5,3.01061420370019,9
"GNPNAT15","GNPNAT1",9,2.74002126679675,9
"IRS15","IRS1",5,3.17709962347729,9
"NRGN5","NRGN",7,2.97395840068062,9
"MAP3K7CL5","MAP3K7CL",9,3.12854117134129,9
"RHEX5","RHEX",5,3.10991851874218,9
"NETO25","NETO2",7,2.58718967458242,9
"PLEKHF15","PLEKHF1",9,2.38934936066233,9
"SPAG165","SPAG16",5,3.22024358063041,9
"FAM199X5","FAM199X",9,2.48966175321499,9
"LRP125","LRP12",7,2.81850059776145,9
"ECT25","ECT2",9,2.91803699408986,9
"AP000915.25","AP000915.2",5,3.09335342609404,9
"ACP55","ACP5",6,2.8800792634879,9
"GRAMD45","GRAMD4",2,3.36598695423052,9
"FAP5","FAP",7,3.42214837721603,9
"LINC013595","LINC01359",5,3.16268061398085,9
"CGN5","CGN",8,3.70446299080812,9
"MAATS15","MAATS1",2,2.47940084426198,9
"PPFIA25","PPFIA2",4,3.11440240834233,9
"ZSCAN255","ZSCAN25",6,2.58818626646404,9
"AC026124.15","AC026124.1",7,2.81325287594105,9
"SLC50A15","SLC50A1",9,2.56829749895053,9
"ANGPT15","ANGPT1",5,3.17322403414522,9
"PGS15","PGS1",1,2.53896641561658,9
"SLC25A455","SLC25A45",6,3.02630605713812,9
"ADAM235","ADAM23",7,2.47749669897588,9
"AMOT5","AMOT",2,2.74985749747885,9
"IFRD25","IFRD2",9,2.66510026551687,9
"AC008105.35","AC008105.3",6,4.30320958058322,9
"PITPNM35","PITPNM3",7,2.98302324531963,9
"GAS6-AS15","GAS6-AS1",6,3.56309008863301,9
"DGKA5","DGKA",6,4.15870302108873,9
"PPP1R16A5","PPP1R16A",8,3.23050937693677,9
"DYNC1I15","DYNC1I1",7,3.27828633692084,9
"SAMD125","SAMD12",6,2.80447107402302,9
"NSMAF5","NSMAF",2,2.68980604799531,9
"AL021368.25","AL021368.2",5,3.23096510794534,9
"TACC25","TACC2",3,3.0150527796991,9
"MT-ND65","MT-ND6",4,3.57550763988151,9
"HCP55","HCP5",6,4.31395447381841,9
"SEMA3E5","SEMA3E",4,2.71663759064669,9
"FAM111B5","FAM111B",6,3.10504338111116,9
"GULP15","GULP1",5,3.73978440360482,9
"GPSM35","GPSM3",6,4.67483489499925,9
"INPP5E5","INPP5E",2,2.86560787528656,9
"LDHA5","LDHA",2,3.36434927563519,9
"ARHGAP205","ARHGAP20",5,3.46091392282006,9
"RAB155","RAB15",7,3.08777277149304,9
"AL021707.65","AL021707.6",6,3.25780547321531,9
"CTDP15","CTDP1",6,2.40865088884364,9
"FAM189B5","FAM189B",9,3.02915650923965,9
"TAL15","TAL1",5,2.91121458014834,9
"TNIP25","TNIP2",1,2.66082380855757,9
"CCDC155","CCDC15",3,3.29520762822128,9
"NCAM25","NCAM2",7,2.91204758606096,9
"AP4S15","AP4S1",7,2.89473092977452,9
"SLC31A15","SLC31A1",9,2.74783954804926,9
"NINJ15","NINJ1",1,2.88756797180612,9
"DRAIC5","DRAIC",3,3.46720705599596,9
"SNAI25","SNAI2",5,3.18291108202064,9
"HID15","HID1",3,3.22733304132584,9
"SHISAL2A5","SHISAL2A",6,4.29659528096902,9
"PPIH5","PPIH",2,3.06554163399917,9
"PRR115","PRR11",6,2.93409546662047,9
"KLC45","KLC4",6,2.29312566886662,9
"MIPOL15","MIPOL1",3,2.49998717511678,9
"STARD85","STARD8",5,2.74844512223171,9
"TRIM55","TRIM5",6,2.57452832435011,9
"PGAM55","PGAM5",9,2.47751212832665,9
"RGS145","RGS14",6,3.34396394633958,9
"DCTN1-AS15","DCTN1-AS1",8,3.08021706815025,9
"GPRC5C5","GPRC5C",3,2.63054015615091,9
"NXPH35","NXPH3",5,2.96104874309543,9
"TSNAX5","TSNAX",2,2.66942627483695,9
"RAB3IL15","RAB3IL1",5,3.50024799606635,9
"DKK35","DKK3",2,2.96123800370109,9
"UNC13B5","UNC13B",5,3.02256206914188,9
"CADM45","CADM4",8,3.31054138621259,9
"DBNDD15","DBNDD1",9,2.78750137963592,9
"CDCA7L5","CDCA7L",6,3.23807653569977,9
"BEX25","BEX2",2,2.87651448372184,9
"AC006504.75","AC006504.7",6,3.15130996147509,9
"CYP4F35","CYP4F3",8,3.13061218956858,9
"SPAG55","SPAG5",6,3.18366630914052,9
"FCHSD15","FCHSD1",6,2.83218170286426,9
"PLAGL15","PLAGL1",5,3.82902132162077,9
"AC116667.15","AC116667.1",2,2.84659137458477,9
"ROBO35","ROBO3",2,3.14350883402772,9
"FGD25","FGD2",6,3.99177350879153,9
"ZNF7115","ZNF711",7,2.80267547008179,9
"AC124852.15","AC124852.1",4,2.50445724199228,9
"ITGA85","ITGA8",5,2.76274090973331,9
"TBC1D22B5","TBC1D22B",6,2.50754520285177,9
"CDC42-IT15","CDC42-IT1",6,2.65214492652943,9
"LUZP25","LUZP2",7,2.86617903811314,9
"UBA25","UBA2",5,2.62311800618752,9
"CASZ15","CASZ1",8,3.88713863258494,9
"CSRNP35","CSRNP3",7,3.20431528317733,9
"MNDA5","MNDA",1,3.51716754498323,9
"PHLDA15","PHLDA1",1,3.5002317913477,9
"MTERF35","MTERF3",9,2.47278198111427,9
"TDP15","TDP1",6,2.93554566493017,9
"KDM1B5","KDM1B",6,2.57437991715904,9
"HSD17B65","HSD17B6",9,3.84438029017801,9
"AUH5","AUH",5,2.45716258589157,9
"FAT35","FAT3",8,2.73970006484223,9
"PFKM5","PFKM",5,3.03047321157146,9
"KALRN5","KALRN",5,2.80929737871658,9
"LINC003245","LINC00324",2,2.69997154819347,9
"CALHM55","CALHM5",9,2.80620291724508,9
"P2RX15","P2RX1",6,3.360117021401,9
"FBXL225","FBXL22",7,2.60990070322433,9
"TBL25","TBL2",9,2.5544503975605,9
"RASIP15","RASIP1",5,3.05601074197209,9
"KRT105","KRT10",9,3.35233333432713,9
"CHST35","CHST3",9,2.27770550000457,9
"Z95114.15","Z95114.1",8,2.74497806087696,9
"AGAP25","AGAP2",6,3.73420535858738,9
"ZNF529-AS15","ZNF529-AS1",6,2.63197474854027,9
"NABP25","NABP2",9,2.78661252190326,9
"ISOC15","ISOC1",9,2.27173672880128,9
"MUC165","MUC16",8,3.09508280115551,9
"HLA-DQA15","HLA-DQA1",6,3.51523557466745,9
"JMJD45","JMJD4",9,2.78316239090374,9
"SIAH15","SIAH1",9,2.61032382442612,9
"CHEK15","CHEK1",6,2.99121380434772,9
"NSRP1P15","NSRP1P1",5,2.27468776242669,9
"L3HYPDH5","L3HYPDH",9,2.30619428504536,9
"P2RX75","P2RX7",6,3.05883825627358,9
"LSR5","LSR",8,2.60463743939006,9
"PLA2G4C5","PLA2G4C",5,2.86172118462332,9
"MLF15","MLF1",5,2.62204692145204,9
"KLHL125","KLHL12",9,2.62179434900642,9
"GAB35","GAB3",6,3.35239885567801,9
"RHBDD15","RHBDD1",6,2.47558767157513,9
"TTC85","TTC8",5,2.73266747748356,9
"MEG95","MEG9",5,2.9922928790096,9
"RIPK35","RIPK3",6,3.25760968739589,9
"ACAA25","ACAA2",2,2.99042839864093,9
"MSTO15","MSTO1",9,2.49693388487168,9
"CYP26B15","CYP26B1",9,2.81012344183003,9
"GSR5","GSR",9,2.7375444472561,9
"NUP435","NUP43",2,2.62072582928995,9
"ZC2HC1C5","ZC2HC1C",8,3.39559606195525,9
"FAM92A5","FAM92A",5,2.70800012509116,9
"MYEF25","MYEF2",8,3.08458857027928,9
"ZFPM25","ZFPM2",5,2.62335828602063,9
"GPHN5","GPHN",5,2.28459358401578,9
"GABPB15","GABPB1",1,2.27343554245296,9
"ZNF75D5","ZNF75D",6,2.98537037941112,9
"RALGPS25","RALGPS2",6,3.47314550386803,9
"TUSC15","TUSC1",5,2.51421792688992,9
"SLC25A335","SLC25A33",3,2.6162941850885,9
"NOD25","NOD2",6,3.31792585216326,9
"SPINT25","SPINT2",8,3.89426376805116,9
"SLC25A425","SLC25A42",6,3.18164268343665,9
"NEMP15","NEMP1",2,2.79860320224605,9
"MTHFD25","MTHFD2",9,2.61373329708862,9
"NRXN15","NRXN1",8,2.5665812119503,9
"ACAT25","ACAT2",9,2.90764463005188,9
"SLC41A15","SLC41A1",5,2.49361509768784,9
"AC124947.15","AC124947.1",6,2.68942630214964,9
"PCDH125","PCDH12",5,2.91214752702643,9
"PRC15","PRC1",9,3.20945101765749,9
"MTHFD2L5","MTHFD2L",3,2.47332196218754,9
"UNC1195","UNC119",6,2.99302448547344,9
"SEMA3A5","SEMA3A",1,2.61031943520281,9
"GEMIN65","GEMIN6",9,2.74301679153955,9
"C1QTNF15","C1QTNF1",5,2.85471193222719,9
"TNFRSF45","TNFRSF4",6,3.45441434588038,9
"BET15","BET1",9,2.69828009040735,9
"GLI25","GLI2",7,2.71726385988363,9
"SLC25A255","SLC25A25",1,3.43401397400364,9
"PANX15","PANX1",1,3.32759555696457,9
"DENND5B5","DENND5B",6,2.83326881515714,9
"TCEA25","TCEA2",5,2.79690538357229,9
"FANCM5","FANCM",4,3.28268655965936,9
"ZNRF25","ZNRF2",9,2.43165617840841,9
"EPHA25","EPHA2",5,2.83759293692553,9
"C2orf27A5","C2orf27A",7,2.93901869598494,9
"GFI15","GFI1",6,3.72383732428314,9
"PRKX5","PRKX",6,2.74574727061605,9
"TTF25","TTF2",6,3.09711435995455,9
"CAMK2B5","CAMK2B",8,3.43510897973583,9
"EED5","EED",6,2.75617618233964,9
"FANCI5","FANCI",6,3.54529086102838,9
"AC010226.15","AC010226.1",5,2.8941940385812,9
"AL683813.25","AL683813.2",5,2.6552290610155,9
"ALKAL25","ALKAL2",5,2.75630639539136,9
"METTL155","METTL15",2,2.37568363188361,9
"C9orf645","C9orf64",5,2.42491421174619,9
"BUD135","BUD13",5,2.66666561557327,9
"SCNN1B5","SCNN1B",5,2.84947822224777,9
"PPP2R3A5","PPP2R3A",7,3.16297338699274,9
"EXTL35","EXTL3",5,2.76445651823461,9
"SLC24A35","SLC24A3",5,2.55529515351471,9
"KREMEN15","KREMEN1",5,3.47254165274118,9
"TAF5L5","TAF5L",9,2.85892786216639,9
"RERGL5","RERGL",5,2.84773777054985,9
"PHF5A5","PHF5A",9,2.76778589962788,9
"EAF15","EAF1",9,2.7845668069292,9
"AL356273.65","AL356273.6",1,2.67704392453828,9
"RSPH35","RSPH3",9,2.30709129733271,9
"DNAJB15","DNAJB1",1,2.54975586515796,9
"HCCS5","HCCS",9,2.27038195334172,9
"FADS15","FADS1",9,2.84997028375946,9
"TOR1A5","TOR1A",9,2.61686014486605,9
"OLFM15","OLFM1",5,3.29284324563156,9
"MAP75","MAP7",8,3.60912802012192,9
"SOCS55","SOCS5",5,2.4966179824839,9
"AC092807.45","AC092807.4",7,2.50606247856471,9
"BYSL5","BYSL",6,2.27839406408964,9
"FLYWCH15","FLYWCH1",5,2.40942649861027,9
"ADAMTSL45","ADAMTSL4",1,2.91431817561104,9
"RNF55","RNF5",5,2.77693384652207,9
"CD300LF5","CD300LF",6,2.9634176885785,9
"EOGT5","EOGT",1,2.76305516921878,9
"DNMBP5","DNMBP",5,2.95657112663947,9
"C3orf625","C3orf62",1,2.2478637031357,9
"PHLPP15","PHLPP1",5,2.50364446075784,9
"RIOK25","RIOK2",5,2.7153815793619,9
"SAMD115","SAMD11",1,2.70755729788045,9
"AC004918.15","AC004918.1",2,2.68237191017826,9
"AL390728.45","AL390728.4",6,3.54613260326906,9
"CYYR15","CYYR1",5,2.73684517837583,9
"WNT115","WNT11",5,3.33942346740471,9
"CKS1B5","CKS1B",9,3.38540238266939,9
"YPEL45","YPEL4",5,3.56462405966558,9
"ARHGEF155","ARHGEF15",1,3.02234933749644,9
"AC018500.15","AC018500.1",4,4.29108568442473,9
"KRT6A5","KRT6A",9,2.71296172145044,9
"GSTCD5","GSTCD",9,2.46978318768222,9
"NDUFAF65","NDUFAF6",6,2.60620662146897,9
"AL356534.15","AL356534.1",5,2.79974915225098,9
"NT5DC35","NT5DC3",3,2.22008820094883,9
"CDCA55","CDCA5",9,3.52111906943422,9
"IGFL25","IGFL2",9,2.57041717437247,9
"RTTN5","RTTN",6,2.49904811877589,9
"RNF65","RNF6",3,2.52185434214239,9
"ARMCX25","ARMCX2",5,2.99575738515038,9
"SYK5","SYK",6,3.67373336767043,9
"RNF435","RNF43",8,3.3382219624455,9
"ONECUT25","ONECUT2",3,2.62318559767136,9
"MRPL245","MRPL24",9,2.70974124391957,9
"ARPIN5","ARPIN",2,3.02862537230842,9
"USP215","USP21",5,2.28695265524543,9
"LYSMD25","LYSMD2",6,3.32791942501736,9
"CDKN2C5","CDKN2C",5,3.65709842995868,9
"TTLL75","TTLL7",8,2.29255772364511,9
"WDR665","WDR66",8,2.43837739015327,9
"STARD95","STARD9",5,3.60547624858652,9
"ST3GAL45","ST3GAL4",9,2.63585598157944,9
"FRY5","FRY",5,2.52458819492132,9
"CR381670.15","CR381670.1",5,3.15445278442295,9
"AC011379.25","AC011379.2",5,2.81005246093179,9
"CARD65","CARD6",4,2.82313623109788,9
"SUSD25","SUSD2",7,2.64305708562506,9
"AL035071.15","AL035071.1",2,2.28515925818267,9
"SNORD135","SNORD13",6,3.75825042129264,9
"BCKDHB5","BCKDHB",3,2.4949171899593,9
"PIGL5","PIGL",6,2.6521271420916,9
"RNF1665","RNF166",6,2.91017363627567,9
"TRPV25","TRPV2",6,2.94347217048461,9
"MOB3B5","MOB3B",5,3.05732345774938,9
"APLNR5","APLNR",1,3.03681876742154,9
"EID25","EID2",4,2.45113592739582,9
"AC006504.55","AC006504.5",6,2.51935634401963,9
"NRP25","NRP2",1,2.89980829172051,9
"ADM55","ADM5",1,2.68570392851658,9
"ZNF2085","ZNF208",7,2.40421438087167,9
"PCBP45","PCBP4",5,2.80603746140482,9
"BTBD35","BTBD3",5,2.56507036838237,9
"AOC35","AOC3",5,3.71898077393576,9
"ANK25","ANK2",1,3.59320161625038,9
"PDIK1L5","PDIK1L",2,2.69180828159299,9
"TESK15","TESK1",9,2.30734613886085,9
"SMIM105","SMIM10",5,3.36030384638063,9
"TMEM2045","TMEM204",5,3.41099939808071,9
"CDC205","CDC20",9,3.52315106145113,9
"MSRA5","MSRA",5,2.73769313812981,9
"MFSD55","MFSD5",9,3.31224272017328,9
"TMEM985","TMEM98",7,3.01596212389554,9
"UCK25","UCK2",9,2.28952684196803,9
"RBM4B5","RBM4B",2,2.38715801588177,9
"LINC008945","LINC00894",6,2.99250830319136,9
"RPRD1A5","RPRD1A",2,2.30191208722644,9
"CDKL55","CDKL5",7,2.4527565820203,9
"ALG145","ALG14",3,2.33015985054198,9
"KRIT15","KRIT1",2,2.64725538427739,9
"COA65","COA6",4,2.71838463642218,9
"RAPGEF65","RAPGEF6",6,3.30710915379764,9
"JAM35","JAM3",5,3.18680941141492,9
"ASCC25","ASCC2",9,2.530216520491,9
"ZNF542P5","ZNF542P",2,2.52715762951982,9
"WDR55","WDR5",5,2.17825225905877,9
"ARVCF5","ARVCF",8,2.67931916368193,9
"TSPAN335","TSPAN33",6,3.66971475737136,9
"AC130895.15","AC130895.1",5,2.6996096269006,9
"TXNDC175","TXNDC17",9,3.17425868891108,9
"TRAM2-AS15","TRAM2-AS1",5,2.69709270598797,9
"CREB55","CREB5",1,3.49376999607104,9
"RPL11P35","RPL11P3",2,3.17198289217278,9
"GEMIN45","GEMIN4",5,2.58424317363767,9
"GATB5","GATB",6,2.39957630525396,9
"VPS9D15","VPS9D1",6,2.30217077507257,9
"ARAF5","ARAF",3,2.41070513434062,9
"MALINC15","MALINC1",4,2.64261282171507,9
"PSD45","PSD4",6,4.07014952951485,9
"RAD51AP15","RAD51AP1",6,2.98602648107672,9
"UBXN2B5","UBXN2B",9,2.64589155326066,9
"NEK115","NEK11",7,2.33368249125964,9
"FMC15","FMC1",9,2.44586064856008,9
"MYCBP5","MYCBP",6,2.24232552047262,9
"ZFYVE285","ZFYVE28",6,2.46938688743053,9
"RNF1225","RNF122",1,3.95698280433181,9
"WDR895","WDR89",6,2.4569262338243,9
"UNC13D5","UNC13D",6,3.62834027729566,9
"SLC22A235","SLC22A23",3,2.61302645452693,9
"GLE15","GLE1",9,2.45641049135363,9
"AL357568.25","AL357568.2",5,2.8128640696544,9
"ACYP15","ACYP1",2,2.78614044095167,9
"ABCA35","ABCA3",3,3.55584131444705,9
"WIPF35","WIPF3",7,2.59017396895767,9
"FCGR2B5","FCGR2B",2,2.96744906336726,9
"RP9P5","RP9P",5,3.13042968926226,9
"GEN15","GEN1",6,3.46540555126218,9
"PRF15","PRF1",6,3.76400681906541,9
"DUSP145","DUSP14",9,2.27095207019438,9
"TSPAN325","TSPAN32",6,3.87479488976587,9
"PLEK5","PLEK",6,4.0927923677557,9
"KIF145","KIF14",6,3.02980602239644,9
"ACKR25","ACKR2",1,2.29263338082538,9
"LINC023285","LINC02328",6,3.21455506667717,9
"LINC008475","LINC00847",6,2.82075382821781,9
"VASH25","VASH2",5,2.98342364621653,9
"MPP15","MPP1",1,2.8095445659237,9
"FANCL5","FANCL",6,2.36220593933359,9
"RAB40B5","RAB40B",5,2.6626806394486,9
"RAB235","RAB23",9,2.91636310317492,9
"LONRF15","LONRF1",5,3.38651063370995,9
"GNAO15","GNAO1",6,2.55584586037941,9
"TRAPPC2L5","TRAPPC2L",5,2.60228530056251,9
"TDRD105","TDRD10",5,3.16799397857003,9
"C5orf225","C5orf22",9,2.38995646548757,9
"COA75","COA7",9,2.4916748640638,9
"PIGW5","PIGW",9,2.50427723992226,9
"ASTN15","ASTN1",5,3.6749498679514,9
"PPFIBP25","PPFIBP2",6,2.29179398160953,9
"SPACA65","SPACA6",8,2.34693867548354,9
"SLC37A15","SLC37A1",9,2.44238858765699,9
"BRCA25","BRCA2",6,3.68619559355161,9
"ARHGEF195","ARHGEF19",9,2.61355321051629,9
"DENND4C5","DENND4C",5,2.67285907458016,9
"PLCD35","PLCD3",2,2.4404479600997,9
"KCNN35","KCNN3",5,2.71262525671686,9
"NSMCE25","NSMCE2",9,2.58052538702108,9
"NFKBIE5","NFKBIE",6,3.24266199739527,9
"H2BC20P5","H2BC20P",6,3.16003118532258,9
"GRASP5","GRASP",1,3.50156804131392,9
"SAYSD15","SAYSD1",9,2.64599039383278,9
"ZBTB55","ZBTB5",9,2.45197312332847,9
"ZNF4235","ZNF423",5,3.00225213900726,9
"GPRC5B5","GPRC5B",5,2.89676803614656,9
"TMEM30B5","TMEM30B",3,2.58496937806611,9
"PKN35","PKN3",5,2.74661648444903,9
"BAIAP2L15","BAIAP2L1",9,2.89787264165524,9
"CAD5","CAD",9,2.24482580032548,9
"KLHDC15","KLHDC1",5,3.08500830741115,9
"SLC39A115","SLC39A11",9,3.19883665419116,9
"PHKG25","PHKG2",6,2.30899824356425,9
"WDR275","WDR27",5,2.70006766920452,9
"SECTM15","SECTM1",1,2.91953524972514,9
"KL5","KL",5,3.55694340494593,9
"IGHA26","IGHA2",6,5.18124078199643,10
"AC092069.16","AC092069.1",9,8.48775408761075,10
"IGHG46","IGHG4",10,4.51011862456962,10
"MUCL16","MUCL1",3,10.6976093408715,10
"PIP6","PIP",3,9.14330651386044,10
"FDCSP6","FDCSP",10,5.28391202936364,10
"COL11A16","COL11A1",4,7.82003071565042,10
"IGLC76","IGLC7",1,3.97174786253693,10
"IGLC36","IGLC3",6,4.88199892330072,10
"IGHG16","IGHG1",1,4.32268659447028,10
"HLA-DRB56","HLA-DRB5",4,2.97220197236827,10
"MTND3P196","MTND3P19",7,2.88101508066714,10
"IGHG36","IGHG3",10,4.22936217804069,10
"CXCL96","CXCL9",10,7.2291336421713,10
"IGHGP6","IGHGP",10,3.8237836955161,10
"DHRS26","DHRS2",3,8.75630415115639,10
"MMP96","MMP9",10,4.80057954480708,10
"IGLC26","IGLC2",6,5.60320788560408,10
"ANKRD30A6","ANKRD30A",9,4.30473845771553,10
"SCGB2A26","SCGB2A2",1,6.2094645892708,10
"MMP136","MMP13",4,5.93968538513066,10
"ALOX15B6","ALOX15B",3,8.88344961118732,10
"CXCL136","CXCL13",10,6.83424783276801,10
"COL10A16","COL10A1",4,7.30437094682019,10
"UGT2B116","UGT2B11",3,8.30820197820741,10
"MS4A16","MS4A1",10,7.91220013456445,10
"COMP6","COMP",4,6.76839803946677,10
"CXCL106","CXCL10",10,4.91951932824491,10
"KRT816","KRT81",1,4.77768289334115,10
"MMP117","MMP11",4,6.69761172626912,10
"PIGR6","PIGR",1,6.36441290827605,10
"PENK6","PENK",2,5.42913670577535,10
"MMP76","MMP7",1,5.65482194549043,10
"MMP118","MMP1",4,4.81465726098122,10
"CCL196","CCL19",10,6.5155820490865,10
"HLA-DRB66","HLA-DRB6",8,3.72182409844544,10
"TAC16","TAC1",8,4.58758591351119,10
"KRT156","KRT15",1,8.46504015922653,10
"PLA2G2A6","PLA2G2A",8,5.35501870569624,10
"LTF6","LTF",1,5.09075766160191,10
"CALML56","CALML5",1,4.23837295384024,10
"LRRC156","LRRC15",4,6.95567654830028,10
"AC008440.16","AC008440.1",5,6.45209984118481,10
"IGHG26","IGHG2",6,3.64629630430469,10
"SPP16","SPP1",4,4.45530240013133,10
"ADH1B6","ADH1B",9,5.97711108542715,10
"DLK16","DLK1",2,4.20961944968999,10
"HMGCS26","HMGCS2",3,7.11981595201873,10
"PI166","PI16",9,4.26646175643647,10
"HBB6","HBB",6,3.93927003300016,10
"SLPI6","SLPI",1,6.19686985206604,10
"AKR1B156","AKR1B15",3,7.577149742672,10
"TFF36","TFF3",3,4.68961808713129,10
"KRT196","KRT19",1,6.00059109184588,10
"FNDC16","FNDC1",4,6.1857366007495,10
"AC022784.16","AC022784.1",7,3.44437734465242,10
"SERHL26","SERHL2",3,7.29565581219575,10
"AZGP16","AZGP1",3,6.07116106139364,10
"KRT146","KRT14",1,6.19359917939757,10
"LINC009936","LINC00993",9,3.78730070024367,10
"DCX6","DCX",2,5.29727490354464,10
"SCGB1D26","SCGB1D2",1,5.55670660030088,10
"GJB26","GJB2",4,5.73196356738042,10
"HLA-DQA26","HLA-DQA2",10,3.27198414429241,10
"VEGFD6","VEGFD",2,4.27193695979801,10
"GABRP6","GABRP",1,7.65973252862407,10
"ACSM16","ACSM1",3,7.0167354489769,10
"IGHD6","IGHD",10,4.30681378261371,10
"RPL106","RPL10",2,3.70889718804158,10
"AC104984.46","AC104984.4",9,5.41492783970093,10
"CRABP16","CRABP1",5,4.24435738507936,10
"GSTM56","GSTM5",3,5.17740326674299,10
"CCL216","CCL21",6,3.09148624137928,10
"CEMIP6","CEMIP",4,5.00614925288746,10
"ALX46","ALX4",2,5.4563191936124,10
"MMP36","MMP3",2,4.08838850955971,10
"UGT2B286","UGT2B28",3,6.85719993076802,10
"CR26","CR2",10,5.34780298197732,10
"CCR76","CCR7",10,6.34422623637597,10
"HBA26","HBA2",6,3.79601556285463,10
"CCL186","CCL18",8,3.8837147401631,10
"AC137932.36","AC137932.3",9,6.00326123823504,10
"SCARA56","SCARA5",9,3.84037840086733,10
"IL66","IL6",8,6.50302792916097,10
"FABP46","FABP4",6,5.39116535455845,10
"FOXA16","FOXA1",3,6.12821528735747,10
"ALDH3B26","ALDH3B2",3,7.47183782312575,10
"S100A86","S100A8",8,6.67028804042524,10
"KRT6B6","KRT6B",1,5.40524406670135,10
"OLR16","OLR1",4,4.70102732910137,10
"AGR26","AGR2",1,4.51575675542915,10
"CXCL110","CXCL1",8,4.7900579232004,10
"CLDN46","CLDN4",1,6.48508212849252,10
"LYVE16","LYVE1",6,4.52886196568979,10
"SELE6","SELE",8,4.66379613757805,10
"GPC36","GPC3",7,4.39399137250924,10
"ELF56","ELF5",1,6.4432147419594,10
"FOSB6","FOSB",7,4.72095600644027,10
"OXTR6","OXTR",2,4.05053292990727,10
"PLIN16","PLIN1",6,4.36050397522591,10
"SBSPON6","SBSPON",2,5.08251143907217,10
"ANKRD20A11P6","ANKRD20A11P",2,5.16076104969657,10
"CXCL116","CXCL11",10,4.41734786956635,10
"INHBA6","INHBA",4,6.25341520219547,10
"MIR205HG6","MIR205HG",1,6.29541832964543,10
"LTB6","LTB",10,6.67636875953526,10
"S100A26","S100A2",1,4.68384030121994,10
"PTGS26","PTGS2",7,3.86720175025209,10
"HBA16","HBA1",7,4.24305752626791,10
"IGHM6","IGHM",10,5.09988355604041,10
"CCL286","CCL28",1,6.57837324228987,10
"KRT56","KRT5",1,5.77517972015168,10
"PTX36","PTX3",8,5.80906318941359,10
"TFAP2B6","TFAP2B",3,5.69599574788966,10
"PI156","PI15",2,4.29040697296888,10
"ABCC116","ABCC11",3,7.31354537148464,10
"CAPN66","CAPN6",2,4.80406619366656,10
"ACTG26","ACTG2",1,4.74625737643448,10
"THBS46","THBS4",2,3.33980121880285,10
"S100A146","S100A14",1,5.51235782518895,10
"HPGD6","HPGD",3,5.4457269927919,10
"LONRF26","LONRF2",2,4.9146160406194,10
"EDIL36","EDIL3",4,5.82239413837275,10
"CLDN36","CLDN3",3,5.97474843072586,10
"FCGR3A6","FCGR3A",4,4.39119464184116,10
"NR4A36","NR4A3",8,6.37653416135261,10
"CD79A6","CD79A",10,5.98586000867888,10
"FCRL56","FCRL5",10,5.73604687133949,10
"HPSE26","HPSE2",2,4.3222539351482,10
"SPDEF6","SPDEF",3,6.34371290523742,10
"CD246","CD24",1,5.95527429816727,10
"SELL6","SELL",10,5.72022851541586,10
"S100A17","S100A1",1,4.64067883475977,10
"VTCN16","VTCN1",1,6.42946257131452,10
"KRT176","KRT17",1,6.02898878102231,10
"PLIN46","PLIN4",6,4.10347218316835,10
"COL17A16","COL17A1",1,4.46105009607419,10
"ADIPOQ6","ADIPOQ",6,4.05218429396209,10
"S100A96","S100A9",8,6.43424420067204,10
"ELF36","ELF3",1,5.49638760613555,10
"COL8A16","COL8A1",4,6.46299806603761,10
"COL6A66","COL6A6",6,3.96113014050761,10
"CLDN17","CLDN1",3,4.05102610920383,10
"TAT6","TAT",3,3.38288337251026,10
"PRG46","PRG4",8,5.35530135323932,10
"MMRN16","MMRN1",7,3.44661307062131,10
"CHI3L16","CHI3L1",1,4.17032410928214,10
"AREG6","AREG",8,5.16127540209279,10
"LINC008616","LINC00861",10,5.96446234501692,10
"WIF16","WIF1",2,4.19369662325295,10
"C76","C7",9,5.59981252940652,10
"ABCA106","ABCA10",7,4.54267237847635,10
"ZG16B6","ZG16B",1,5.92974497566146,10
"BANK16","BANK1",10,6.13169045758795,10
"WFDC26","WFDC2",1,6.06099775285576,10
"AKR1C26","AKR1C2",6,4.38541900961097,10
"NIBAN36","NIBAN3",10,5.84058279883504,10
"TIGIT6","TIGIT",10,5.86761253340846,10
"KRT76","KRT7",1,5.20246440706826,10
"LAMP36","LAMP3",10,5.1782565265488,10
"GFRA16","GFRA1",9,4.46588188040523,10
"SOCS36","SOCS3",8,5.41861953132927,10
"KIF26B6","KIF26B",4,5.37763236079453,10
"TNN6","TNN",2,4.72980977376252,10
"STC26","STC2",1,4.76596141356262,10
"GBP56","GBP5",10,5.35539173705387,10
"FREM16","FREM1",2,5.31413339081154,10
"APOC16","APOC1",10,3.30547588101365,10
"POU2AF16","POU2AF1",10,4.94115236746627,10
"CILP26","CILP2",4,5.23703358967511,10
"EPCAM6","EPCAM",1,4.76965823536521,10
"PROM16","PROM1",1,6.01588071461449,10
"ECRG46","ECRG4",2,3.9047262692243,10
"S100P6","S100P",5,3.24395637722893,10
"SCN7A6","SCN7A",9,4.23157578822398,10
"ADAMDEC16","ADAMDEC1",10,5.1101948159226,10
"KLK56","KLK5",1,5.43318151171233,10
"SCGB3A16","SCGB3A1",3,4.59823025174878,10
"MZB16","MZB1",10,4.50141351845997,10
"RASD16","RASD1",8,4.47691232482344,10
"MAL26","MAL2",1,4.23554457118154,10
"LEPR6","LEPR",9,5.21134602501944,10
"CD300LG6","CD300LG",7,3.83026530832233,10
"OGN6","OGN",9,5.37468889035011,10
"MKI676","MKI67",10,4.38330990042724,10
"ITGB66","ITGB6",1,4.98267065266297,10
"TCL1A6","TCL1A",10,5.70055515548978,10
"CD227","CD22",10,5.58022877245319,10
"ZBTB166","ZBTB16",9,4.21143324828769,10
"FCMR6","FCMR",10,6.17931120024682,10
"AL354740.16","AL354740.1",9,5.8742821044691,10
"TMEM59L6","TMEM59L",2,4.46181663111279,10
"G0S26","G0S2",8,4.68925697444621,10
"AC009107.26","AC009107.2",5,5.59779413229718,10
"C2CD4B6","C2CD4B",8,3.80141941221048,10
"IL326","IL32",10,3.45576451798074,10
"CXCL86","CXCL8",8,4.8383017843658,10
"STRA66","STRA6",2,4.66296652649369,10
"HSPB66","HSPB6",7,4.26588327942431,10
"STAC26","STAC2",1,4.30998971845304,10
"AL391097.36","AL391097.3",9,5.37989321514338,10
"NR4A26","NR4A2",8,4.43372127347942,10
"ADCYAP16","ADCYAP1",7,3.82813150971497,10
"CXCL26","CXCL2",8,5.44940292803656,10
"ANKRD36BP26","ANKRD36BP2",10,4.28662460970477,10
"MPV17L6","MPV17L",3,5.36687899745854,10
"IL4I16","IL4I1",10,3.33611221535034,10
"TNFRSF13C6","TNFRSF13C",10,5.56653061650122,10
"MT1A6","MT1A",8,5.21692721783561,10
"CHIT16","CHIT1",10,3.13360708614735,10
"TFF16","TFF1",2,3.47592532129012,10
"KIAA13246","KIAA1324",3,4.72470586270369,10
"RNU6-826P6","RNU6-826P",7,3.72639271753353,10
"ADAM336","ADAM33",7,4.57211098384923,10
"GPC66","GPC6",4,5.21795512487928,10
"PAX56","PAX5",10,5.54589876298896,10
"CLDN86","CLDN8",3,5.29633145413329,10
"CDH17","CDH1",1,4.81537382227934,10
"FABP76","FABP7",3,4.44870311475194,10
"TACSTD26","TACSTD2",1,6.19386144520539,10
"TOP2A6","TOP2A",5,4.61015091734663,10
"CCL136","CCL13",8,3.4318781577876,10
"MUC17","MUC1",3,5.5220974531354,10
"LAMC36","LAMC3",2,4.6631502221862,10
"DES6","DES",6,3.2643366823381,10
"APOD6","APOD",9,3.95239466865247,10
"RPS186","RPS18",1,3.72983745886497,10
"SOX116","SOX11",5,4.43650684693534,10
"RNU6-618P6","RNU6-618P",7,3.62388937110218,10
"IDO16","IDO1",10,4.64039218951654,10
"CFD6","CFD",6,5.12724857638112,10
"DSC36","DSC3",1,5.47530872512301,10
"LCK6","LCK",10,5.54104904132661,10
"PEG106","PEG10",5,3.68519522582883,10
"SAA16","SAA1",1,4.32549116658461,10
"GALNT166","GALNT16",2,3.96466604760783,10
"LPL6","LPL",6,4.02662810616169,10
"MTND1P236","MTND1P23",6,2.63454268428449,10
"LAMP56","LAMP5",4,4.46190380592207,10
"KRT236","KRT23",1,4.92308153555591,10
"TFAP2A6","TFAP2A",1,5.09930618050805,10
"GZMK6","GZMK",10,4.84432743103078,10
"TRBC16","TRBC1",10,5.888377697927,10
"MLPH6","MLPH",3,4.81724734389273,10
"GZMB6","GZMB",10,4.05143042542963,10
"CCN46","CCN4",4,4.80653900083594,10
"RPS266","RPS26",6,3.33612632806408,10
"TRAC6","TRAC",10,5.46164844110858,10
"SLAMF86","SLAMF8",10,4.20653685999941,10
"CYP2B7P6","CYP2B7P",3,4.3998250686517,10
"EIF5A6","EIF5A",4,3.05020843425348,10
"CHRDL16","CHRDL1",6,4.76779363700638,10
"LINC009266","LINC00926",10,4.97538409881222,10
"FASN6","FASN",3,5.90090996342933,10
"DIO26","DIO2",5,3.43582134757267,10
"CNTN16","CNTN1",2,4.08051541991089,10
"RELN6","RELN",2,4.04676954858338,10
"TMEM1586","TMEM158",5,3.47175397697128,10
"AARD6","AARD",1,4.55371817100761,10
"FAM30A6","FAM30A",10,4.76200778551504,10
"IGSF106","IGSF10",7,4.5450063806693,10
"CCL226","CCL22",10,3.74240113012426,10
"PDGFD6","PDGFD",2,3.93873964836938,10
"TRIM296","TRIM29",1,5.30216058700316,10
"P2RY106","P2RY10",10,5.46396984589705,10
"KLK76","KLK7",1,4.91151547969403,10
"RSAD26","RSAD2",4,3.06033089007946,10
"SPIB6","SPIB",10,5.5787120992249,10
"TPSB26","TPSB2",2,2.88298345244716,10
"CTSG6","CTSG",6,3.9378873607675,10
"PTGFR6","PTGFR",9,4.89204900753545,10
"HLF6","HLF",2,3.23767315003198,10
"SPINK86","SPINK8",3,6.31852266001226,10
"CD3D6","CD3D",10,5.30406312547035,10
"ABCA86","ABCA8",9,4.51509756924274,10
"MAB21L16","MAB21L1",2,4.42983176854722,10
"BTNL96","BTNL9",6,3.810364083915,10
"ADAMTS86","ADAMTS8",2,3.90650819399793,10
"CCL3L36","CCL3L3",9,2.90863483381471,10
"TFCP2L16","TFCP2L1",1,5.82317944482416,10
"TFAP2C6","TFAP2C",1,5.50185040056542,10
"ABCA96","ABCA9",9,4.15320931227448,10
"IRF86","IRF8",10,4.659081306078,10
"ADGRD26","ADGRD2",2,3.76160238553503,10
"GNLY6","GNLY",10,4.24989746746315,10
"MEDAG6","MEDAG",8,4.80697435680356,10
"IGLL56","IGLL5",6,3.76343371691737,10
"OSR16","OSR1",7,3.44737999316838,10
"C15orf486","C15orf48",8,3.50936973509241,10
"RPL216","RPL21",6,3.24032344911567,10
"NQO16","NQO1",3,5.89277404680863,10
"MEOX16","MEOX1",7,4.19375673243194,10
"SNORC6","SNORC",1,5.18833596409449,10
"SOX106","SOX10",1,5.72300338630297,10
"ESM16","ESM1",4,3.61059447915135,10
"CD486","CD48",10,5.12560103788026,10
"PIM26","PIM2",10,4.19316981144296,10
"ISG206","ISG20",10,4.71302635728299,10
"IL1B6","IL1B",8,5.15394754687933,10
"HAS16","HAS1",8,5.52902157084788,10
"PER16","PER1",7,3.1659881833759,10
"CCL86","CCL8",8,4.53695484794621,10
"SERPINA56","SERPINA5",2,4.12051040726545,10
"DHCR246","DHCR24",3,5.01543374348893,10
"PLAUR6","PLAUR",8,4.27664432893872,10
"MT1X6","MT1X",2,3.49907403277146,10
"PLA2G2D6","PLA2G2D",10,5.27126198645426,10
"FCGBP6","FCGBP",4,3.22039604380084,10
"ZAP706","ZAP70",10,5.61293780184537,10
"CD196","CD19",10,5.48683397916928,10
"ESRP16","ESRP1",1,4.68272413595266,10
"MT1M6","MT1M",8,4.29958942704614,10
"SULF16","SULF1",4,5.35844406465686,10
"SYNM6","SYNM",1,4.74776064230703,10
"AC103591.36","AC103591.3",7,3.70731522782706,10
"TMEM1306","TMEM130",2,4.60369185934814,10
"FADS26","FADS2",3,4.60453164450892,10
"AQP36","AQP3",3,4.05150734426677,10
"SERPINE16","SERPINE1",8,4.45311202198786,10
"SLC11A16","SLC11A1",8,3.54928410506615,10
"NAPSB6","NAPSB",10,4.93184829060194,10
"FGF106","FGF10",7,3.87203775431244,10
"SPTBN16","SPTBN1",9,5.53926447772905,10
"PON36","PON3",3,4.0505166883367,10
"CCN36","CCN3",4,3.68737871056344,10
"ADM7","ADM",6,3.53073548154158,10
"RBP76","RBP7",7,3.51531442489132,10
"MAMDC26","MAMDC2",2,3.69212175956014,10
"CALML36","CALML3",1,3.84996807984716,10
"SERPINB56","SERPINB5",1,5.01918544653698,10
"OAS26","OAS2",10,3.97404162651936,10
"CENPF6","CENPF",5,3.67507676046685,10
"ASPM6","ASPM",5,3.95270184942239,10
"MT2A6","MT2A",8,5.73247115311523,10
"KRT186","KRT18",3,5.27388761377351,10
"AGR36","AGR3",2,3.89866398168665,10
"SCD6","SCD",3,4.36159795087449,10
"CD386","CD38",10,4.76781128794245,10
"SRP96","SRP9",6,3.53028867284873,10
"COLGALT26","COLGALT2",2,4.71620412294363,10
"SNORA2B6","SNORA2B",7,3.0840861375238,10
"PARP156","PARP15",10,5.51843711187934,10
"AQP56","AQP5",1,4.95560642552315,10
"FCER1A6","FCER1A",9,3.89941213712352,10
"KLF56","KLF5",1,4.63849004317553,10
"NUP2106","NUP210",10,4.80471423664691,10
"C1QTNF36","C1QTNF3",4,5.02150799759972,10
"VOPP16","VOPP1",4,3.38766367556191,10
"TRBC26","TRBC2",10,5.89635594028935,10
"ADH1C6","ADH1C",6,4.0881114650363,10
"MATN36","MATN3",4,5.12468756145171,10
"CRACR2B6","CRACR2B",1,4.68992285934906,10
"ZBP16","ZBP1",10,4.61156337491449,10
"PLA2G76","PLA2G7",10,3.76237667455772,10
"THSD46","THSD4",7,3.71314254936042,10
"KLK66","KLK6",1,4.35665266875456,10
"IGHA16","IGHA1",6,4.55762141194305,10
"RPL10P96","RPL10P9",1,3.72330669983497,10
"ACKR16","ACKR1",7,3.59404743806224,10
"TMEM14C6","TMEM14C",2,3.50671321615249,10
"IER26","IER2",6,2.98122089137191,10
"SFN6","SFN",1,5.05387292603918,10
"ESR16","ESR1",9,3.55572040422708,10
"LAMB36","LAMB3",1,4.40750739389062,10
"DKK26","DKK2",7,3.47522332714021,10
"CCN56","CCN5",4,3.93572836302583,10
"RPS76","RPS7",2,3.35722285184016,10
"ZC3H12D6","ZC3H12D",10,5.29687306785615,10
"IRF46","IRF4",10,4.3734860312334,10
"AOX16","AOX1",9,4.27044483256102,10
"CACNA1G6","CACNA1G",2,4.0639852119904,10
"EPPK16","EPPK1",1,4.28200325788871,10
"OSR26","OSR2",9,3.24364551716752,10
"TNS46","TNS4",1,4.57029548432024,10
"SPRY26","SPRY2",2,3.89969951831609,10
"MIA6","MIA",1,4.7688074993153,10
"SPOCK26","SPOCK2",10,5.69527401855419,10
"TBC1D10C6","TBC1D10C",10,6.0584490499944,10
"LRRC176","LRRC17",7,3.92924966342298,10
"CD3E6","CD3E",10,5.5482264116943,10
"CH25H6","CH25H",8,4.38375891236037,10
"NEK106","NEK10",1,3.20426882567039,10
"DERL36","DERL3",6,3.84397680774616,10
"FCRL36","FCRL3",10,5.62873450032148,10
"SYT86","SYT8",1,4.15218087883438,10
"CD526","CD52",10,5.7194698718539,10
"RGS111","RGS1",10,3.31129439497853,10
"LIF6","LIF",8,4.90397075366476,10
"IRX16","IRX1",1,5.56887409709609,10
"GRHL16","GRHL1",1,4.80750341956831,10
"H2BC86","H2BC8",3,3.75676139840872,10
"ERBB36","ERBB3",1,5.38011736195355,10
"MAOB6","MAOB",1,3.87052139904081,10
"TK16","TK1",3,3.37987149368988,10
"PAMR16","PAMR1",7,4.25019473107013,10
"CA126","CA12",1,4.16048872843933,10
"ROCR6","ROCR",1,5.95947563532045,10
"PTN6","PTN",2,4.19328907472903,10
"C1QBP6","C1QBP",6,2.85257046259329,10
"PRSS86","PRSS8",1,4.92274252219019,10
"C3orf806","C3orf80",4,4.35227074846135,10
"KLHL136","KLHL13",2,3.32817598038439,10
"LGALS96","LGALS9",4,3.04786227962807,10
"CD66","CD6",10,5.56583272110384,10
"TREM26","TREM2",4,3.65801663885018,10
"MT-TK6","MT-TK",7,3.43999003037566,10
"NTRK26","NTRK2",1,3.94722661316631,10
"AP000892.46","AP000892.4",7,3.79100287948171,10
"CNN16","CNN1",1,3.04553595627239,10
"LAMC26","LAMC2",1,4.82218607113745,10
"P2RX56","P2RX5",10,5.2072044991554,10
"AC004687.16","AC004687.1",10,5.55371562054745,10
"AIM26","AIM2",10,5.11850285386642,10
"CD210","CD2",10,5.90932594765695,10
"FMO26","FMO2",9,4.41211222024547,10
"INMT6","INMT",9,3.04480712018626,10
"HMGA16","HMGA1",10,2.95120641650371,10
"RPS156","RPS15",6,3.26646395853903,10
"KIT6","KIT",1,3.27313334915248,10
"PPP1R1B6","PPP1R1B",1,4.63266486474992,10
"ITGA116","ITGA11",4,5.2060538546456,10
"SP1406","SP140",10,5.65409895781232,10
"ITGBL16","ITGBL1",4,5.41876635645566,10
"ANGPTL46","ANGPTL4",6,3.41713015385837,10
"GDF156","GDF15",6,3.52231294642621,10
"GPX36","GPX3",6,4.24547943651573,10
"PRSS126","PRSS12",2,3.36305403555527,10
"GPRC5A6","GPRC5A",8,2.87264480181245,10
"PLAC86","PLAC8",10,4.99582514339424,10
"TAGAP6","TAGAP",10,4.4066271179399,10
"CPA36","CPA3",9,3.73746547651336,10
"FPR16","FPR1",8,5.73484191178263,10
"MCOLN26","MCOLN2",10,4.31675748572407,10
"ACAP16","ACAP1",10,5.28613105004924,10
"DSG16","DSG1",1,4.80223099855665,10
"MEOX26","MEOX2",9,3.20838971124888,10
"EHF6","EHF",1,4.41110315387779,10
"ANGPTL16","ANGPTL1",7,3.73059109137852,10
"SNX206","SNX20",10,5.20241282216871,10
"ITK6","ITK",10,4.66023549029808,10
"TRMT9B6","TRMT9B",2,4.24970552869489,10
"EGFL66","EGFL6",5,3.65437843173969,10
"CXCL66","CXCL6",8,3.2945049811787,10
"C16orf896","C16orf89",9,4.72781634505912,10
"CD8A6","CD8A",10,4.65721437686041,10
"WNT26","WNT2",5,4.98336258279452,10
"LINC023626","LINC02362",10,3.92514828755909,10
"RPL36","RPL3",6,3.71458853147545,10
"GRP6","GRP",2,3.71032495310691,10
"TYMS6","TYMS",10,3.06051933372477,10
"C1QTNF66","C1QTNF6",4,4.49809778606675,10
"ADAMTS46","ADAMTS4",8,5.34640605833014,10
"ITGB2-AS16","ITGB2-AS1",10,4.6763756532762,10
"CAVIN26","CAVIN2",9,4.11427877356378,10
"ADIRF6","ADIRF",7,3.70134941165244,10
"TNFAIP66","TNFAIP6",8,3.87304190925406,10
"CALHM66","CALHM6",10,4.13692813292511,10
"ELOVL76","ELOVL7",3,3.71408574991068,10
"GPM6B6","GPM6B",2,4.54599511034049,10
"TNFSF146","TNFSF14",8,4.62156086192928,10
"CD2476","CD247",10,4.76916519834332,10
"EFHD16","EFHD1",1,3.5198718159041,10
"TNC6","TNC",8,3.75986517005232,10
"GZMA6","GZMA",10,4.61139274789049,10
"SH2D1A6","SH2D1A",10,5.35941727791606,10
"TRIL6","TRIL",2,4.85474546012895,10
"DDIT46","DDIT4",2,3.36122312019084,10
"GAL6","GAL",8,4.7136108019434,10
"AUXG01000058.16","AUXG01000058.1",9,3.2143228700021,10
"CD2096","CD209",6,3.45040090741198,10
"CLEC10A6","CLEC10A",8,3.4973294127748,10
"AC011503.16","AC011503.1",7,3.76529019269082,10
"LGALS26","LGALS2",10,5.04108454385919,10
"FAM189A26","FAM189A2",1,4.1735030588537,10
"CD277","CD27",10,5.48313309009219,10
"IL7R6","IL7R",10,5.65391139711567,10
"COL9A36","COL9A3",5,3.99386259203686,10
"RDH106","RDH10",8,4.08499440433337,10
"F2RL26","F2RL2",2,4.38152169471281,10
"KIF126","KIF12",1,4.68507594439477,10
"NR4A16","NR4A1",7,4.47053163335829,10
"CX3CL16","CX3CL1",1,4.54401743669997,10
"SCUBE26","SCUBE2",2,3.4307213665592,10
"PPL6","PPL",9,3.25852131742316,10
"TRG-AS16","TRG-AS1",10,4.77436883633777,10
"SOX176","SOX17",7,3.5398546501192,10
"HGF6","HGF",2,3.82119231035726,10
"RNU5F-16","RNU5F-1",10,3.94171042453319,10
"CD1E6","CD1E",10,3.60756361399733,10
"SHROOM36","SHROOM3",1,4.94486711988233,10
"ATF36","ATF3",8,3.62795183215898,10
"FCRL26","FCRL2",10,4.80438521857395,10
"SNORD636","SNORD63",7,2.92372828039347,10
"LMNB16","LMNB1",8,3.38348499365579,10
"TPX26","TPX2",5,3.8422796743788,10
"RGS46","RGS4",5,4.28697075815131,10
"CHPF6","CHPF",4,4.64908273433554,10
"IRX56","IRX5",1,4.16003616614608,10
"GJA56","GJA5",4,3.72012901547434,10
"NKD26","NKD2",2,4.01290001340546,10
"ALDH1A16","ALDH1A1",9,4.01455341060196,10
"ARPC46","ARPC4",4,3.14752807417444,10
"TNFRSF176","TNFRSF17",10,3.48029745628516,10
"Z82215.16","Z82215.1",5,5.00174363631723,10
"AL365361.16","AL365361.1",10,5.06262729735749,10
"PADI26","PADI2",1,4.32334516800005,10
"IGFBP26","IGFBP2",2,4.76662433349553,10
"BAMBI6","BAMBI",1,3.59622609451967,10
"IL2RB6","IL2RB",10,4.40833610870354,10
"CCL176","CCL17",10,3.25244868855981,10
"CCL4L26","CCL4L2",8,2.89712560670836,10
"MMP166","MMP16",2,4.08627442224305,10
"ASPN6","ASPN",4,5.90016265408875,10
"CAPN86","CAPN8",1,3.19719527168818,10
"FRZB6","FRZB",2,4.60473188760787,10
"PDZK1IP16","PDZK1IP1",1,4.47970714733316,10
"APOLD16","APOLD1",7,3.33756369780244,10
"CDKN2B6","CDKN2B",4,4.52319299952947,10
"RBP46","RBP4",6,3.4801801573422,10
"CD3G6","CD3G",10,5.38022712729851,10
"LRRN4CL6","LRRN4CL",7,3.35927356350068,10
"SLC7A26","SLC7A2",2,3.38074434578422,10
"KLK106","KLK10",1,4.47595677500881,10
"IL21R6","IL21R",10,4.56528424499282,10
"KLF46","KLF4",7,4.41452925129625,10
"SRPX7","SRPX",6,4.23179003707956,10
"SLC12A86","SLC12A8",4,4.13432069524255,10
"NEURL1B6","NEURL1B",2,3.19564757042151,10
"CD79B6","CD79B",10,5.12116407127087,10
"SCML46","SCML4",10,4.62134998920022,10
"PKP16","PKP1",1,4.86740879150514,10
"CELF46","CELF4",5,4.31806000870551,10
"NLRC36","NLRC3",10,5.08544200892047,10
"DSG26","DSG2",1,5.25640058919305,10
"PLEKHS16","PLEKHS1",1,5.17754221136985,10
"ME16","ME1",3,3.97743707729242,10
"LINC023976","LINC02397",10,4.83062044187408,10
"GREM26","GREM2",9,4.1733835272265,10
"RUNX26","RUNX2",4,3.6627370979853,10
"OAS36","OAS3",10,3.10206149389778,10
"ARFGEF36","ARFGEF3",3,4.84481708935346,10
"FZD10-AS16","FZD10-AS1",7,4.16823435332211,10
"PLPP26","PLPP2",1,4.98156186902745,10
"TRAF3IP36","TRAF3IP3",10,5.9579673384793,10
"CDH36","CDH3",1,4.61933592959296,10
"SPHK16","SPHK1",4,3.38246143208026,10
"CDKN2A6","CDKN2A",4,3.68790661346666,10
"PTGDS6","PTGDS",10,3.76301711287292,10
"DHCR76","DHCR7",3,4.15516419552249,10
"SLC7A36","SLC7A3",2,4.75820547725943,10
"SNX106","SNX10",10,3.75047210947408,10
"HSPA1B6","HSPA1B",9,3.67283425475337,10
"TFEC6","TFEC",10,4.38716945757201,10
"SNORA136","SNORA13",7,4.94450472209895,10
"IKZF36","IKZF3",10,5.64733125611184,10
"APOBEC3A6","APOBEC3A",8,5.46274715930827,10
"SRD5A16","SRD5A1",3,4.80549629015535,10
"VIPR26","VIPR2",2,3.57500145203904,10
"ST146","ST14",1,3.7461187198053,10
"CHST17","CHST1",3,3.59855994612848,10
"PLP16","PLP1",2,4.15774719893162,10
"GPIHBP16","GPIHBP1",7,3.69885361511649,10
"TMC86","TMC8",10,5.56925477987454,10
"RPL18A6","RPL18A",1,3.3195364946605,10
"SOX96","SOX9",1,4.35791552722942,10
"TSPAN86","TSPAN8",3,3.28909557284309,10
"PGR6","PGR",2,3.06840872240385,10
"CARD116","CARD11",10,5.33813156578395,10
"MIAT6","MIAT",10,4.37871212028759,10
"TLR106","TLR10",10,4.40708893342501,10
"FIBIN6","FIBIN",4,4.52847307564405,10
"MDFI6","MDFI",4,3.34554435363343,10
"APCDD16","APCDD1",7,3.37119002865787,10
"CRABP26","CRABP2",2,3.51973276026145,10
"CCL36","CCL3",7,2.65310761847464,10
"FCGR2A6","FCGR2A",8,3.56688026601175,10
"H2BC216","H2BC21",3,3.11983968636188,10
"CA26","CA2",4,2.76886940677399,10
"SDS6","SDS",4,2.9113065126619,10
"EPYC6","EPYC",4,4.35597953455909,10
"NPY1R6","NPY1R",1,3.79859790903594,10
"HOXD96","HOXD9",7,3.85438550714087,10
"RSPO36","RSPO3",6,3.59914481629713,10
"PTTG16","PTTG1",10,3.35630040268776,10
"ECEL16","ECEL1",5,3.62199318157787,10
"SPCS26","SPCS2",6,3.76727001070748,10
"GALNT56","GALNT5",5,3.84113135693115,10
"ST6GAL26","ST6GAL2",4,4.43815399790717,10
"LILRB46","LILRB4",10,3.79069613057712,10
"LIPE6","LIPE",6,3.46187555321233,10
"DUSP26","DUSP2",8,4.57454210728765,10
"CD77","CD7",10,4.44959953739722,10
"GRHL26","GRHL2",1,4.07909166282831,10
"NOVA16","NOVA1",7,4.12659114511306,10
"CYTOR6","CYTOR",4,3.46699807381744,10
"AC012349.16","AC012349.1",7,4.32976275996785,10
"ISG156","ISG15",5,3.4683633305066,10
"ADAM86","ADAM8",10,3.34200363823095,10
"AC119673.36","AC119673.3",9,2.86242444208968,10
"RTKN26","RTKN2",10,4.34528861443998,10
"IRF66","IRF6",1,4.56296321489994,10
"ADAMTS9-AS26","ADAMTS9-AS2",7,4.68180949472187,10
"GPD16","GPD1",6,3.53142842818226,10
"UNC5B6","UNC5B",4,4.92977550654382,10
"ITGB76","ITGB7",10,4.86090860046749,10
"HDC6","HDC",7,3.68452448436705,10
"SLAMF76","SLAMF7",10,4.34309062572063,10
"KCNA16","KCNA1",7,3.6510159017912,10
"MPZL26","MPZL2",1,4.00436989118092,10
"TENM16","TENM1",7,4.02213447109382,10
"PROX16","PROX1",9,3.5305984559345,10
"PRLR6","PRLR",3,4.11059609672661,10
"ID26","ID2",6,2.82011667606679,10
"CCL46","CCL4",8,2.72274137871946,10
"MGST16","MGST1",3,4.34650056342565,10
"MFAP56","MFAP5",4,4.23082553953232,10
"TENT5C6","TENT5C",10,4.2099511278945,10
"SPOCK16","SPOCK1",4,4.27575115237604,10
"CNTFR6","CNTFR",7,3.74564957178624,10
"MYBL26","MYBL2",10,3.71960304256131,10
"TWIST26","TWIST2",7,3.72619695383715,10
"PCDH196","PCDH19",7,3.77389958660667,10
"PWWP3B6","PWWP3B",2,4.37467923458335,10
"FPR36","FPR3",4,3.07065340186457,10
"UBE2C6","UBE2C",5,3.1379241148864,10
"MTND3P106","MTND3P10",9,2.81270590860837,10
"MAPT6","MAPT",1,3.67552765698932,10
"MEX3A6","MEX3A",5,4.65654378054255,10
"SUSD36","SUSD3",10,4.11028635143483,10
"AMPD16","AMPD1",6,3.49929950169458,10
"CCR26","CCR2",10,3.76966049863662,10
"CP6","CP",1,2.90056179435314,10
"STC16","STC1",7,3.04196393301929,10
"ACKR36","ACKR3",4,3.3823803719094,10
"HLA-DOB6","HLA-DOB",10,5.10433676436869,10
"STMN26","STMN2",9,3.51183350847966,10
"LRFN56","LRFN5",7,3.45114358249609,10
"PTHLH6","PTHLH",2,3.30048144943647,10
"THRSP6","THRSP",6,3.44660784645456,10
"DAPP16","DAPP1",10,4.41619992283928,10
"PLEKHH26","PLEKHH2",7,3.63919854228633,10
"BIN26","BIN2",10,4.16989468131052,10
"NEBL6","NEBL",1,4.42192592099526,10
"PDE3B6","PDE3B",10,4.69282493436329,10
"MAP4K16","MAP4K1",10,4.84075231036784,10
"CD836","CD83",10,3.46546133424505,10
"RAB256","RAB25",1,4.77762618040074,10
"SLC7A56","SLC7A5",8,3.45404515492155,10
"CR16","CR1",10,3.44896715869486,10
"PLAU6","PLAU",5,4.00263211887996,10
"RASAL36","RASAL3",10,4.8539006240838,10
"GALNT36","GALNT3",3,3.73970280662206,10
"NRG16","NRG1",1,4.0439097862089,10
"SUMO26","SUMO2",4,3.34368820431418,10
"NCF26","NCF2",8,4.28348685952452,10
"ZNF4696","ZNF469",4,3.99316586898835,10
"HEYL6","HEYL",5,3.39945150595331,10
"SCARNA96","SCARNA9",6,2.70429461497214,10
"TUBB2B6","TUBB2B",1,4.13197046455061,10
"EGLN36","EGLN3",3,3.20399761192959,10
"NECTIN46","NECTIN4",1,4.690331074103,10
"EVA1A6","EVA1A",5,3.60868576549636,10
"TNFRSF13B6","TNFRSF13B",10,4.84584489753688,10
"ENPP16","ENPP1",4,4.24630296157561,10
"CD376","CD37",10,5.35514187885115,10
"CCL56","CCL5",10,5.22464854092742,10
"RHOF6","RHOF",10,5.02472785659196,10
"RFLNA6","RFLNA",4,3.73316174290573,10
"GPR1716","GPR171",10,4.31434527943933,10
"UCHL16","UCHL1",5,3.2586561289503,10
"HVCN16","HVCN1",10,4.32330764101016,10
"PTPN66","PTPN6",10,4.41033970710222,10
"NPR36","NPR3",4,3.5625598421026,10
"MOXD16","MOXD1",4,3.94525194067991,10
"BCL11A6","BCL11A",10,4.91696117735154,10
"CRLF16","CRLF1",2,3.15297175116005,10
"KCNN46","KCNN4",1,3.68840209514393,10
"CMPK26","CMPK2",10,3.18185835389634,10
"CD966","CD96",10,5.06054621445606,10
"CD1C6","CD1C",10,3.47199999933047,10
"LCN26","LCN2",1,4.90393696226128,10
"STUM6","STUM",2,3.6261480085585,10
"HSH2D6","HSH2D",10,4.56922561258619,10
"TUBA1C6","TUBA1C",4,3.46072622956761,10
"FMO56","FMO5",3,4.66245775252949,10
"PLN6","PLN",4,4.32286201541998,10
"EDNRB6","EDNRB",7,3.59519134443764,10
"SLCO2A16","SLCO2A1",2,3.4260963053501,10
"DMKN6","DMKN",1,4.34165783408702,10
"RHOH6","RHOH",10,4.75057483132136,10
"LRP26","LRP2",1,4.4527062825528,10
"SCO26","SCO2",8,3.13194015562696,10
"IL17RD6","IL17RD",2,4.26294029350721,10
"FCN16","FCN1",8,5.08897017771035,10
"CTHRC16","CTHRC1",4,5.5180481989896,10
"FAM184A6","FAM184A",7,3.23820016202537,10
"MASP16","MASP1",6,3.09910997431181,10
"RGMA6","RGMA",2,3.74368770201521,10
"CD726","CD72",10,4.73593295213997,10
"GDF106","GDF10",6,3.4795921543099,10
"PDGFRL6","PDGFRL",9,3.78155549853733,10
"FAM107A6","FAM107A",7,3.37780571381644,10
"SLC2A56","SLC2A5",10,2.86291569685558,10
"AIF1L6","AIF1L",6,3.62764069205056,10
"MYBPC16","MYBPC1",3,4.0656302941261,10
"FCRL16","FCRL1",10,4.83698524920591,10
"SAE16","SAE1",6,2.978826752739,10
"SERTAD46","SERTAD4",1,3.38034617351639,10
"BIRC56","BIRC5",3,3.20595387978337,10
"LINC010886","LINC01088",3,4.26471217544335,10
"CHI3L26","CHI3L2",1,3.92180003483325,10
"CD58","CD5",10,4.6839561355017,10
"MIR155HG6","MIR155HG",10,3.81759232386584,10
"AP003497.26","AP003497.2",10,3.52665777356303,10
"ITGAX6","ITGAX",8,4.22455411325121,10
"KRT166","KRT16",4,3.29379774979668,10
"DGAT26","DGAT2",6,3.26925232679258,10
"GSTM36","GSTM3",7,3.58377465279494,10
"CACHD16","CACHD1",7,3.3290049743536,10
"GPR1836","GPR183",8,3.89758956796914,10
"ZNF6836","ZNF683",10,3.82845891406067,10
"SLC34A26","SLC34A2",1,5.514198905684,10
"GAREM16","GAREM1",2,4.07982800594054,10
"GAL3ST46","GAL3ST4",4,3.69547474248211,10
"GPR1746","GPR174",10,4.7578849006445,10
"GBP46","GBP4",10,3.91597538124128,10
"MS4A26","MS4A2",7,4.09968991235174,10
"ITGAL6","ITGAL",10,5.15821328694384,10
"INHBB6","INHBB",6,2.61992713045153,10
"TENM26","TENM2",7,2.97160206083945,10
"DUSP46","DUSP4",8,3.59959924050538,10
"PDE2A6","PDE2A",6,3.80396815715844,10
"CCL116","CCL11",8,3.1308622902293,10
"PHLDA26","PHLDA2",4,3.03155081059428,10
"GPR686","GPR68",4,3.85438298069609,10
"RAMP16","RAMP1",2,3.22602962869186,10
"CXADR6","CXADR",1,4.14240168804118,10
"ANO96","ANO9",10,4.11167816975249,10
"AC003681.16","AC003681.1",7,4.67252690465556,10
"MIR3356","MIR335",7,3.23116358971539,10
"FGF17","FGF1",2,3.7735696296148,10
"TPSAB16","TPSAB1",6,2.76180502886371,10
"CLDN76","CLDN7",1,3.97701155065907,10
"GVINP16","GVINP1",10,5.03255844489748,10
"ALDH1A26","ALDH1A2",2,3.50825688590255,10
"BICDL16","BICDL1",10,4.95813191907156,10
"LAMA36","LAMA3",7,3.44794050307165,10
"CPNE56","CPNE5",10,4.46818772041283,10
"BDKRB26","BDKRB2",5,4.09170083033729,10
"BMP46","BMP4",9,3.88193689646051,10
"KERA6","KERA",2,3.4741060418117,10
"CENPE6","CENPE",10,3.45272897577804,10
"GCH16","GCH1",8,2.79445382116627,10
"SVEP16","SVEP1",9,4.21298470929378,10
"IQCN6","IQCN",7,4.19878316592256,10
"CPB16","CPB1",9,3.11271354131072,10
"LY96","LY9",10,4.51097210735891,10
"NPNT6","NPNT",3,3.62556847935855,10
"LTBP46","LTBP4",7,3.20924675925193,10
"GATA26","GATA2",7,3.18262576817765,10
"SAA26","SAA2",1,3.45673361253019,10
"LINC012356","LINC01235",3,2.50000368550465,10
"FCER26","FCER2",10,4.22027680550738,10
"EGR36","EGR3",7,3.86581954096965,10
"RPL66","RPL6",6,2.93697536776576,10
"MACC16","MACC1",1,4.08855478212921,10
"BTLA6","BTLA",10,5.26632777815616,10
"TCEA16","TCEA1",6,2.98881574916947,10
"TRAF16","TRAF1",10,3.98401644986618,10
"TPD52L16","TPD52L1",1,4.03648954602022,10
"CXCR36","CXCR3",10,4.57529321359588,10
"CDH26","CDH2",4,3.7298802254229,10
"SUGCT6","SUGCT",4,4.46472875633971,10
"BLK6","BLK",10,5.34930170198379,10
"RASGRP16","RASGRP1",10,5.05549060992813,10
"MMP196","MMP19",7,3.87120767896472,10
"IL186","IL18",10,4.01274187395407,10
"PYHIN16","PYHIN1",10,4.80223092770576,10
"ANXA36","ANXA3",1,3.83738954658475,10
"EVI2A6","EVI2A",10,3.91886617863186,10
"CLEC5A6","CLEC5A",4,3.39798624422818,10
"LIMD26","LIMD2",10,4.72352822028555,10
"RBP56","RBP5",10,4.1222990882513,10
"GALNT156","GALNT15",9,3.85629715110946,10
"AQP96","AQP9",8,4.51503609338776,10
"SLAMF16","SLAMF1",10,4.43591694157691,10
"EDN16","EDN1",6,2.82691584528371,10
"CMA16","CMA1",6,3.58370532205854,10
"ADAM196","ADAM19",10,3.40964613990568,10
"DSC26","DSC2",1,3.97638749432706,10
"ITGA76","ITGA7",7,3.59539587068377,10
"TESPA16","TESPA1",10,4.61455080964558,10
"L1TD16","L1TD1",5,3.32236947490409,10
"ITGB46","ITGB4",1,3.90904071266999,10
"S100A76","S100A7",5,2.59880880171975,10
"SBDS6","SBDS",6,3.6697446447593,10
"NTN46","NTN4",1,3.42020430570805,10
"COL4A56","COL4A5",9,3.32176152550849,10
"CHMP56","CHMP5",4,3.12072465501628,10
"CNTN46","CNTN4",9,3.81826204008037,10
"CLDN116","CLDN11",7,3.22139859364806,10
"MSMO16","MSMO1",3,3.85259200898145,10
"ERRFI16","ERRFI1",1,2.87898106847204,10
"TUBB4B6","TUBB4B",8,3.37978270390582,10
"ARL17B6","ARL17B",7,2.99765718085134,10
"CYFIP26","CYFIP2",10,4.76574218815976,10
"AC037198.16","AC037198.1",7,3.3300221566492,10
"MX16","MX1",10,3.46342348217057,10
"HMOX16","HMOX1",8,4.2669418567975,10
"SEMA3G6","SEMA3G",7,3.19097319351335,10
"LAD16","LAD1",1,4.28487681551604,10
"FHOD36","FHOD3",4,3.45906140776073,10
"RARRES16","RARRES1",8,4.68337635918976,10
"SIGLEC16","SIGLEC1",6,2.78930284692074,10
"PLOD26","PLOD2",4,3.66199981354089,10
"RIPOR26","RIPOR2",10,4.94513117725472,10
"H4C86","H4C8",3,4.63378734830121,10
"NEDD86","NEDD8",4,3.17684131115243,10
"CACNA1D6","CACNA1D",7,3.2356711945364,10
"IFIT36","IFIT3",6,2.83218043255259,10
"TMEM132A6","TMEM132A",5,3.31910610062702,10
"CADM36","CADM3",9,2.93081666866645,10
"AK56","AK5",1,3.30327896867112,10
"NKG76","NKG7",10,4.2577085917474,10
"CRYAB6","CRYAB",1,3.08384997164788,10
"IGSF36","IGSF3",2,3.62020933322786,10
"CFAP696","CFAP69",9,3.28458553428153,10
"FGF76","FGF7",6,4.05559655448041,10
"LIFR6","LIFR",9,3.59539447868311,10
"CKS26","CKS2",10,2.74097410211066,10
"SH2D2A6","SH2D2A",10,3.02453143388144,10
"ABRACL6","ABRACL",10,2.96227078146795,10
"DLL16","DLL1",2,3.04152286176201,10
"LINC025116","LINC02511",7,3.78963780672383,10
"AC005224.26","AC005224.2",10,3.60084867718127,10
"SLC16A36","SLC16A3",4,3.32907728061364,10
"AL031282.16","AL031282.1",5,3.79298770891918,10
"TTYH16","TTYH1",1,4.29731910582468,10
"ALDH1B16","ALDH1B1",4,4.27192332137995,10
"BMP8A6","BMP8A",4,4.06990076195218,10
"PAPPA6","PAPPA",9,3.63587024589107,10
"AACS6","AACS",3,4.11864740986622,10
"S1PR46","S1PR4",10,4.57859708633892,10
"CYTIP6","CYTIP",10,4.91615475948843,10
"PCED1B-AS16","PCED1B-AS1",10,5.25115744850346,10
"DPP46","DPP4",8,2.70729392888981,10
"MEIS16","MEIS1",2,3.71253059968085,10
"NOX46","NOX4",4,4.17082254500872,10
"SHANK26","SHANK2",1,4.59321139267414,10
"FCGR1A6","FCGR1A",8,3.07877706902106,10
"THEMIS6","THEMIS",10,4.87030652439386,10
"WDFY46","WDFY4",10,4.49949159150494,10
"IL2RG6","IL2RG",10,5.3237496444742,10
"GSN-AS16","GSN-AS1",5,5.01602290194364,10
"KIAA1549L6","KIAA1549L",5,4.31118542291007,10
"CCDC266","CCDC26",7,4.33581269767587,10
"FMO16","FMO1",7,3.46475820903298,10
"IRX36","IRX3",3,4.11895640813513,10
"GXYLT26","GXYLT2",4,4.33637037775256,10
"CLSTN26","CLSTN2",7,3.21672743240403,10
"NR2F16","NR2F1",7,4.09377431164979,10
"CDK16","CDK1",5,3.39675325082562,10
"CD1776","CD177",9,3.20563801857756,10
"GATA36","GATA3",1,4.62304617844849,10
"RYR36","RYR3",7,2.9728775721295,10
"HMGB36","HMGB3",4,2.72693053841098,10
"GHR6","GHR",6,3.01505904306044,10
"ALPL6","ALPL",6,3.50084439974133,10
"AL078595.16","AL078595.1",9,5.83828071877438,10
"PID16","PID1",9,3.70291150664673,10
"CAMK46","CAMK4",10,4.68956973382585,10
"ANKRD226","ANKRD22",10,3.01682426202469,10
"WNT5A6","WNT5A",4,2.79868074883235,10
"CD366","CD36",6,4.01141888651532,10
"RASSF66","RASSF6",1,4.0662317347806,10
"SELP6","SELP",7,3.2721658191838,10
"RERG6","RERG",9,3.62216768938929,10
"VPREB36","VPREB3",10,5.17965480806471,10
"TNRC6C-AS16","TNRC6C-AS1",10,4.63376686020508,10
"KCNE46","KCNE4",4,3.29908412341719,10
"P4HA36","P4HA3",4,3.88168062101401,10
"KANK46","KANK4",4,3.44567907482219,10
"BCL2A16","BCL2A1",8,4.46648993690083,10
"SEZ6L26","SEZ6L2",5,3.49761454718611,10
"PHYHD16","PHYHD1",2,3.2891418376481,10
"SLC1A36","SLC1A3",4,3.23619814409965,10
"KRT87","KRT8",1,3.99295515750845,10
"PTGIS6","PTGIS",9,3.87527927773605,10
"LILRB56","LILRB5",6,3.90020507978066,10
"OMD6","OMD",9,4.83168125026238,10
"CD696","CD69",10,4.1728421569205,10
"BICDL26","BICDL2",1,4.51877581613446,10
"KLRB16","KLRB1",10,4.26726845560089,10
"RNPEP6","RNPEP",2,3.07941510760615,10
"NPL6","NPL",4,3.08775493898429,10
"IL2RA6","IL2RA",10,3.08311799523994,10
"AKR1B17","AKR1B1",4,3.54495305320242,10
"GRAP26","GRAP2",10,4.86327395092728,10
"LAX16","LAX1",10,4.08225876257348,10
"MATN26","MATN2",9,3.19815671223404,10
"C16orf546","C16orf54",10,4.62910682801641,10
"TLR26","TLR2",8,3.62202202957351,10
"GPAM6","GPAM",9,2.75367145647007,10
"HERC56","HERC5",10,3.08471189583535,10
"ZNF8316","ZNF831",10,4.64530952665174,10
"WWC16","WWC1",3,3.74878966260114,10
"SAMD56","SAMD5",7,3.8250281812768,10
"ADGRD16","ADGRD1",9,3.27679954261133,10
"IRF76","IRF7",10,3.60655879660598,10
"FGFR26","FGFR2",1,3.46984605832596,10
"PKP36","PKP3",1,4.2088439875354,10
"HPN6","HPN",3,4.51530384442753,10
"SERINC26","SERINC2",3,3.82103396442663,10
"TNFRSF186","TNFRSF18",8,3.00650481696458,10
"TMEM132C6","TMEM132C",2,2.9722432605331,10
"CST76","CST7",10,4.03100078499425,10
"CBLN46","CBLN4",9,4.44532148652383,10
"GPC16","GPC1",4,3.63116083220777,10
"CILP7","CILP",4,3.8227635740641,10
"PTCH26","PTCH2",7,3.23483340179827,10
"TRIM96","TRIM9",7,3.19402572076512,10
"ICOS6","ICOS",10,4.38667859311977,10
"MIR3142HG6","MIR3142HG",10,4.09119683125211,10
"TNFRSF216","TNFRSF21",2,4.702931927559,10
"TRABD2A6","TRABD2A",10,4.14132003047881,10
"SYT17","SYT1",2,3.45168496005392,10
"MAFF6","MAFF",7,3.27421555038185,10
"EZH26","EZH2",10,3.50914461298247,10
"CXCR46","CXCR4",10,4.54300530599816,10
"TFPI26","TFPI2",8,3.55026172934564,10
"LOXL26","LOXL2",4,3.51312612574844,10
"SCNN1A6","SCNN1A",1,3.87493423445161,10
"GRB76","GRB7",1,4.66033124822566,10
"MT-TV6","MT-TV",6,3.35714320369873,10
"H2BC56","H2BC5",3,3.48255661045143,10
"PDE7B6","PDE7B",7,3.58843843918571,10
"MICAL26","MICAL2",4,4.54919679351134,10
"TP636","TP63",1,4.18090498746517,10
"SOCS16","SOCS1",8,3.26697378978442,10
"TMEM63B6","TMEM63B",8,2.81939083576513,10
"OLA16","OLA1",2,2.93150706251699,10
"SLC19A26","SLC19A2",8,2.57842603661938,10
"IGSF66","IGSF6",10,3.45768309172076,10
"SYBU6","SYBU",9,3.03009896707759,10
"FAXDC26","FAXDC2",2,3.38575864624047,10
"PRRG36","PRRG3",6,3.25344922525536,10
"PARVG6","PARVG",10,3.99650316094428,10
"F36","F3",4,2.81898134805837,10
"CLDN56","CLDN5",7,4.18648853654161,10
"C26","C2",6,2.85686978600035,10
"ICAM16","ICAM1",8,4.22712483337232,10
"ISM16","ISM1",9,3.42119072253185,10
"CLSPN6","CLSPN",10,3.40494402970118,10
"FAM110D6","FAM110D",7,3.06998431094073,10
"RTP46","RTP4",10,3.42222717373056,10
"IFIT26","IFIT2",4,2.95097225938488,10
"PFKFB36","PFKFB3",8,4.05482953112644,10
"MIR22HG6","MIR22HG",8,3.89968292671682,10
"SLC22A36","SLC22A3",2,3.3051965177159,10
"RASGRP26","RASGRP2",10,4.7136380156923,10
"ABLIM36","ABLIM3",6,3.16433083172741,10
"ATP13A46","ATP13A4",3,4.31723629958167,10
"PSTPIP16","PSTPIP1",10,4.40535378987513,10
"AC092279.26","AC092279.2",7,3.26967535712648,10
"CCT86","CCT8",8,3.12975052942437,10
"SEC14L26","SEC14L2",3,3.7388159351501,10
"FBP16","FBP1",3,3.73095894916562,10
"PDK46","PDK4",9,3.57878636607969,10
"KCNMB16","KCNMB1",1,3.16303984276508,10
"LRRC266","LRRC26",3,4.72589516512647,10
"GAPT6","GAPT",10,4.17521087170289,10
"AFMID6","AFMID",3,4.46542821155029,10
"CSRNP16","CSRNP1",8,4.05606217244297,10
"MEI16","MEI1",10,4.19215352010086,10
"NAMPT6","NAMPT",8,6.02558694038645,10
"MT-TP6","MT-TP",9,3.59858766070863,10
"GADD45G6","GADD45G",3,3.33191850022758,10
"CYP4X16","CYP4X1",9,2.94189004306783,10
"AFF36","AFF3",2,3.22081581137162,10
"AKR1C36","AKR1C3",6,3.73030668937859,10
"CTLA46","CTLA4",10,4.20488452724934,10
"FMO36","FMO3",9,3.43422303068022,10
"FAM83H6","FAM83H",1,3.90143788992533,10
"SNAI16","SNAI1",8,3.22725953383897,10
"ACACB6","ACACB",7,3.53272953868733,10
"PDLIM46","PDLIM4",1,2.8244436786971,10
"DCXR6","DCXR",3,3.06868409015095,10
"IGDCC46","IGDCC4",7,3.09064669595311,10
"AC144530.16","AC144530.1",9,5.31525571233615,10
"SLC2A16","SLC2A1",1,2.85396015601683,10
"HLA-DOA6","HLA-DOA",10,3.89271116820501,10
"CLEC4E6","CLEC4E",8,3.41027173061638,10
"EAF26","EAF2",10,3.7083863431601,10
"SYNDIG16","SYNDIG1",4,4.85196278940886,10
"SLA26","SLA2",10,4.46711230309078,10
"SNX226","SNX22",10,4.18234856601118,10
"ARNTL26","ARNTL2",8,3.13933399072212,10
"NGFR6","NGFR",8,3.79481654779666,10
"RRM26","RRM2",10,3.69608210871514,10
"AC093908.16","AC093908.1",4,3.23097189552701,10
"POLR2M6","POLR2M",4,2.9672886607844,10
"LINC012526","LINC01252",3,3.27559552888965,10
"BCL11B6","BCL11B",10,5.12578151108928,10
"MYH116","MYH11",9,3.32630752415572,10
"CDON6","CDON",7,3.30228626749125,10
"LY756","LY75",10,4.41668017906433,10
"RGS26","RGS2",8,4.62282405614599,10
"ANKRD36B6","ANKRD36B",9,2.98035704725047,10
"RNF19B6","RNF19B",4,3.03075381822638,10
"FHL16","FHL1",9,3.87706805150819,10
"CEP556","CEP55",10,3.39684329086215,10
"AP1M26","AP1M2",1,3.85648392960963,10
"JPT16","JPT1",8,2.71327139122005,10
"AL031595.26","AL031595.2",7,4.0999151729554,10
"CD2266","CD226",10,4.08047816709727,10
"MIR503HG6","MIR503HG",5,3.68341867851479,10
"PTK76","PTK7",4,3.82460286658706,10
"PTPN226","PTPN22",10,3.98775682995836,10
"C1orf1166","C1orf116",1,4.13010004038009,10
"ANLN6","ANLN",5,3.99379760314859,10
"NRG26","NRG2",2,3.61350937125911,10
"RHEB6","RHEB",8,2.93109814263467,10
"HOPX6","HOPX",4,2.9016502704152,10
"EPHB26","EPHB2",4,3.62855864387104,10
"ALOX5AP6","ALOX5AP",4,3.27636875732522,10
"PROM26","PROM2",1,4.40284057608778,10
"SEMA3D6","SEMA3D",7,3.62459814646019,10
"MEIS36","MEIS3",4,3.19176314520676,10
"CHRD6","CHRD",7,3.6219970197496,10
"RIC36","RIC3",1,3.51663144871636,10
"MARC16","MARC1",6,3.58490027974739,10
"COL8A26","COL8A2",4,4.79179930008384,10
"TBX186","TBX18",7,3.2889729949921,10
"C6orf1416","C6orf141",9,2.98057416769083,10
"CADM3-AS16","CADM3-AS1",7,3.57840201340246,10
"SLC38A56","SLC38A5",10,3.50294208617135,10
"EN16","EN1",4,3.2066682390722,10
"FBN26","FBN2",5,2.79812640786583,10
"IGFBP66","IGFBP6",7,4.06283112901154,10
"SIT16","SIT1",10,4.84870994827874,10
"S100B6","S100B",1,3.26881950603003,10
"PSMB96","PSMB9",10,3.63166589424532,10
"BMPR1B6","BMPR1B",4,3.01867868555949,10
"LLGL26","LLGL2",1,3.10669966428209,10
"ARHGAP156","ARHGAP15",10,4.57547379548051,10
"LUCAT16","LUCAT1",8,3.6122286859626,10
"FKBP46","FKBP4",3,3.13890372207882,10
"MMP256","MMP25",8,3.70986771734714,10
"EFNA16","EFNA1",1,2.79465200147084,10
"FBXO26","FBXO2",1,3.84274754206269,10
"IL1RN6","IL1RN",8,4.52675041608723,10
"RBM386","RBM38",10,3.95623088099201,10
"CKB6","CKB",6,2.8055452431867,10
"PI4KA6","PI4KA",2,3.0989362005951,10
"UNC93B16","UNC93B1",6,3.12195475680081,10
"DPT6","DPT",9,4.58901607124136,10
"PTPRD6","PTPRD",4,3.39096201136973,10
"MCOLN36","MCOLN3",7,4.22840204396069,10
"PRKCQ-AS16","PRKCQ-AS1",10,4.48859085379199,10
"TRIM596","TRIM59",4,3.32299272679917,10
"PTPN76","PTPN7",10,4.91392464133167,10
"TMEM1566","TMEM156",10,4.10450086880887,10
"TRO6","TRO",2,3.31193587174029,10
"MSR16","MSR1",4,3.81468863570846,10
"KIAA11436","KIAA1143",2,3.21491743020964,10
"MME6","MME",2,2.76984267628926,10
"IFIT16","IFIT1",10,2.8034134270804,10
"COX5A6","COX5A",1,2.77866666550283,10
"DDR16","DDR1",1,4.29298313562912,10
"PIK3CD6","PIK3CD",10,3.8724438562026,10
"GREM16","GREM1",5,2.99706983588314,10
"DIO3OS6","DIO3OS",7,3.47700118440107,10
"IFI44L6","IFI44L",10,3.54378689279542,10
"IRX26","IRX2",1,4.10364842499401,10
"MRPL496","MRPL49",1,2.54943025825371,10
"STEAP16","STEAP1",8,4.00894074462862,10
"CLEC12A6","CLEC12A",8,2.75551290222395,10
"MN16","MN1",4,3.46218509115877,10
"EOMES6","EOMES",10,4.55148144000793,10
"PNP6","PNP",8,3.9577166022253,10
"MYB6","MYB",9,2.92578571879676,10
"ZNF4836","ZNF483",7,3.49398552274452,10
"ARHGAP96","ARHGAP9",10,4.10016116682695,10
"AL136164.36","AL136164.3",7,3.29825270898498,10
"MYO1G6","MYO1G",10,4.30934717177741,10
"RGS186","RGS18",10,2.97804660475727,10
"TACC36","TACC3",10,3.61902322838034,10
"PCED1B6","PCED1B",10,4.50864266937402,10
"KANK36","KANK3",6,3.42136924205604,10
"ADAMTS156","ADAMTS15",6,3.42252238295511,10
"ADCYAP1R16","ADCYAP1R1",2,3.18187408192923,10
"NDC806","NDC80",10,3.25846427599748,10
"NME16","NME1",4,2.69050104475577,10
"PCLO6","PCLO",1,3.49681147971982,10
"AC124319.16","AC124319.1",10,3.09421418055322,10
"EDNRA6","EDNRA",4,3.75042666742264,10
"NR1D16","NR1D1",6,2.57593767081569,10
"ZNRD16","ZNRD1",2,2.88662489812387,10
"CITED46","CITED4",1,4.44097756360336,10
"H2AW6","H2AW",3,2.70316344346301,10
"CNKSR26","CNKSR2",9,4.41255147829929,10
"EGFLAM6","EGFLAM",2,4.16063028976327,10
"CD1806","CD180",10,3.73914192490882,10
"ACOT26","ACOT2",2,3.41948086620362,10
"AC080038.26","AC080038.2",4,3.3161872445064,10
"MAOA6","MAOA",6,3.25226703726191,10
"C5orf466","C5orf46",4,4.02719811764573,10
"OLFML2B6","OLFML2B",4,5.00291356867842,10
"SLAMF66","SLAMF6",10,4.839137849537,10
"SPN6","SPN",10,4.97563491375057,10
"PTPRT6","PTPRT",2,3.41854919057521,10
"SPOCD16","SPOCD1",4,3.49393229607741,10
"HBEGF6","HBEGF",8,3.65023120690192,10
"VIPR16","VIPR1",7,2.91059532508436,10
"NCF46","NCF4",6,3.06763663576995,10
"RASEF6","RASEF",1,3.25205416707636,10
"F86","F8",7,3.32761068070231,10
"SORBS16","SORBS1",7,2.7463969867912,10
"SHISA26","SHISA2",1,2.88647835251585,10
"SLC18A26","SLC18A2",7,3.04023202266598,10
"PTH1R6","PTH1R",7,3.3989375771588,10
"FOXC16","FOXC1",1,2.9446779341168,10
"OLFM26","OLFM2",2,3.62685054487891,10
"ITGB86","ITGB8",1,3.45866593353714,10
"SMIM266","SMIM26",6,3.00880972085009,10
"PELI26","PELI2",7,3.16129683837246,10
"DOCK26","DOCK2",10,4.32934235541394,10
"PCDH96","PCDH9",7,3.76535554536843,10
"CAB39L6","CAB39L",9,3.11929401279694,10
"PTAFR6","PTAFR",8,2.7677012225666,10
"H2AC66","H2AC6",3,3.93226237645065,10
"CRISPLD16","CRISPLD1",2,2.95666460287188,10
"CMYA56","CMYA5",7,3.61865257744612,10
"HOXA96","HOXA9",6,3.16898183711277,10
"GREB16","GREB1",2,3.38808962076901,10
"RAMP36","RAMP3",7,3.27255652772119,10
"PASK6","PASK",10,3.89702882312697,10
"CEROX16","CEROX1",2,3.63221507940614,10
"SMIM226","SMIM22",1,4.48446181129542,10
"HOXA36","HOXA3",9,3.12738393443581,10
"CTSW6","CTSW",10,4.24461987149291,10
"AC006160.16","AC006160.1",9,3.66723138208161,10
"FGD36","FGD3",10,3.96885668169908,10
"DYNLT16","DYNLT1",4,2.75366264872326,10
"TMEM1286","TMEM128",2,3.10737802377927,10
"KRTCAP36","KRTCAP3",1,4.13382614453708,10
"CAPG6","CAPG",10,3.01205637223039,10
"CXCR2P16","CXCR2P1",10,4.40989356807921,10
"CD536","CD53",10,4.13728442663367,10
"LGI46","LGI4",7,3.59403179164312,10
"PEG36","PEG3",7,2.94215492627622,10
"SCGB1A16","SCGB1A1",3,3.21617166895237,10
"CARMIL26","CARMIL2",10,4.85090106603884,10
"PDK16","PDK1",10,3.88166779315392,10
"OAT6","OAT",4,3.28256981404517,10
"PLXNA46","PLXNA4",6,3.49307881839702,10
"LYPLAL1-AS16","LYPLAL1-AS1",5,3.37653855383033,10
"MBOAT26","MBOAT2",3,3.08942238229111,10
"SERPINA16","SERPINA1",8,3.44574887740219,10
"SH3BGRL26","SH3BGRL2",2,3.49995625459235,10
"LYPD36","LYPD3",3,3.46772558310431,10
"PKIB6","PKIB",4,2.82892141682727,10
"C1QTNF76","C1QTNF7",9,4.61674004630325,10
"HPRT16","HPRT1",1,3.05475635901606,10
"LINC014366","LINC01436",9,3.05511471044616,10
"HSPA26","HSPA2",3,2.94629908672868,10
"CPXM16","CPXM1",5,3.08905652507514,10
"PPIF6","PPIF",8,3.06773161012929,10
"STAP16","STAP1",10,4.31085402803092,10
"RIPOR36","RIPOR3",6,3.50908790998216,10
"HAVCR26","HAVCR2",4,3.39929942350119,10
"RNF1506","RNF150",7,2.86763320983566,10
"NEDD4L6","NEDD4L",3,3.51830759747639,10
"ATOX16","ATOX1",4,3.17857757998379,10
"ARHGAP196","ARHGAP19",2,3.19002576018792,10
"SCG26","SCG2",4,3.42876992102662,10
"AF001548.36","AF001548.3",7,4.17953005011677,10
"IQANK16","IQANK1",1,3.77378224222026,10
"P3H26","P3H2",2,3.24167886059527,10
"FER1L46","FER1L4",1,3.02498870804408,10
"SCRG16","SCRG1",5,2.87808671842946,10
"PILRA6","PILRA",4,3.30776903480681,10
"LAG36","LAG3",10,3.62357756731497,10
"SLC39A146","SLC39A14",8,3.91692712942673,10
"DGKI6","DGKI",4,3.53540653651315,10
"ABCA76","ABCA7",10,4.0134069327388,10
"CX3CR16","CX3CR1",4,3.04440869032606,10
"TNNI26","TNNI2",1,3.38821563099875,10
"GSDME6","GSDME",2,3.21304649792282,10
"FOXP26","FOXP2",7,4.54139768805224,10
"AC040160.16","AC040160.1",7,2.74287423405349,10
"GCNT26","GCNT2",3,3.46748043635941,10
"CSPG46","CSPG4",4,3.07758784521738,10
"DACH16","DACH1",9,3.06871480166998,10
"PDE1C6","PDE1C",1,3.18015541513612,10
"TBRG46","TBRG4",1,2.76108841191887,10
"TPPP36","TPPP3",7,3.90652114923206,10
"ARRDC26","ARRDC2",2,3.0757754789817,10
"GPR1326","GPR132",10,4.07759048863986,10
"ARHGAP286","ARHGAP28",5,3.37126374968715,10
"KNL16","KNL1",5,3.73605285239892,10
"ANKRD296","ANKRD29",7,3.77615778181822,10
"HERC2P36","HERC2P3",7,3.80123071822197,10
"GARNL36","GARNL3",2,3.073159704073,10
"PEAR16","PEAR1",7,3.80618634503697,10
"RGS166","RGS16",8,2.98804595647316,10
"DTX46","DTX4",2,2.60377105082893,10
"PYCR16","PYCR1",5,3.75182306003866,10
"MARVELD36","MARVELD3",3,3.76501130857958,10
"ADCY76","ADCY7",10,3.27965217904986,10
"PCDH176","PCDH17",4,3.13428861628291,10
"GALNT66","GALNT6",1,2.94641958101439,10
"AC093535.26","AC093535.2",7,3.49984461444659,10
"CSF3R6","CSF3R",8,3.95877079840307,10
"SLFN12L6","SLFN12L",10,4.07477148238864,10
"LRRN36","LRRN3",7,3.84884064767997,10
"RUNX36","RUNX3",10,4.42203082642905,10
"SMCO46","SMCO4",4,3.04942656141473,10
"ADAM286","ADAM28",10,4.51355476475164,10
"SPSB16","SPSB1",8,3.36229506418851,10
"SCN3A6","SCN3A",7,3.30509145676233,10
"COL4A46","COL4A4",10,3.59198360266735,10
"DENND1C6","DENND1C",10,4.50539509174471,10
"IPCEF16","IPCEF1",10,3.88641734267668,10
"HAND26","HAND2",7,3.47351913162252,10
"PNPLA76","PNPLA7",7,3.60223914142361,10
"RNF144B6","RNF144B",3,2.97627843174886,10
"MEST6","MEST",6,3.05243298787499,10
"HILPDA6","HILPDA",6,3.24161390949168,10
"NTM6","NTM",4,4.06358104966036,10
"TNFSF46","TNFSF4",4,3.44363799034198,10
"PPP1R1A6","PPP1R1A",6,3.54717184052214,10
"TMEM1006","TMEM100",9,3.7276572551197,10
"TNFRSF12A6","TNFRSF12A",8,3.62886698497135,10
"COL7A16","COL7A1",2,3.38064127327902,10
"PIK3R56","PIK3R5",8,3.52110409584166,10
"THRB6","THRB",2,3.13107357812031,10
"GMDS6","GMDS",1,3.1853683760621,10
"AC103740.16","AC103740.1",7,4.04404415391926,10
"PRKD16","PRKD1",2,3.34263069334048,10
"C11orf216","C11orf21",10,3.94689672448247,10
"SGIP16","SGIP1",4,3.77993166153151,10
"CA46","CA4",6,3.47718818601224,10
"GTF3C66","GTF3C6",6,2.86841342924145,10
"FBXO456","FBXO45",5,2.85802844088987,10
"SEPTIN16","SEPTIN1",10,4.78976638969185,10
"SERTAD16","SERTAD1",8,3.54549258055321,10
"AXIN26","AXIN2",2,3.51205650616312,10
"ECSCR6","ECSCR",6,3.62870867168139,10
"HAND2-AS16","HAND2-AS1",7,3.52364113337548,10
"MYO5C6","MYO5C",6,2.59033691867956,10
"UBE2M6","UBE2M",4,2.65572737552571,10
"B4GALNT46","B4GALNT4",1,3.15295827517131,10
"PCDHB166","PCDHB16",2,3.32543833542318,10
"LRRC8D6","LRRC8D",10,2.6688193139459,10
"NTRK16","NTRK1",2,3.21094045435937,10
"SCIMP6","SCIMP",10,4.0656152675997,10
"NTRK36","NTRK3",7,3.09968305883126,10
"MRPS266","MRPS26",6,2.71176973418661,10
"BCAT16","BCAT1",4,3.81109948668369,10
"ABHD116","ABHD11",3,3.91682973942119,10
"RBP16","RBP1",2,3.53429820531837,10
"DOK36","DOK3",10,3.36636398844489,10
"P2RY136","P2RY13",10,3.19815915348793,10
"HSPA86","HSPA8",7,3.80886354775226,10
"AMIGO26","AMIGO2",1,3.83441409943763,10
"PCOLCE26","PCOLCE2",6,3.29494640176331,10
"KYNU6","KYNU",3,4.31681232549072,10
"KMO6","KMO",10,3.47231838285706,10
"COPZ26","COPZ2",4,3.69161617547479,10
"PXYLP16","PXYLP1",2,3.23425829203701,10
"CDH136","CDH13",7,3.10477986698337,10
"SOX2-OT6","SOX2-OT",7,4.03967169410849,10
"KCNMB46","KCNMB4",2,3.31303265880786,10
"WNK26","WNK2",1,4.80370927153494,10
"KIF21B6","KIF21B",10,4.30838736788569,10
"SHROOM16","SHROOM1",4,2.92104716403889,10
"PRRX26","PRRX2",2,3.53862547878189,10
"PPARG6","PPARG",6,4.00743067679648,10
"ANKRD44-IT16","ANKRD44-IT1",10,4.67410015266799,10
"CDCA76","CDCA7",5,3.23515515664399,10
"NRARP6","NRARP",8,2.82889921680729,10
"TOMM406","TOMM40",8,2.50065937856695,10
"UBASH3A6","UBASH3A",10,4.67781305442985,10
"SOX76","SOX7",6,3.07151602743601,10
"BMP76","BMP7",5,3.36990918463517,10
"SFRP16","SFRP1",9,3.46964508734482,10
"FLT46","FLT4",7,2.91951540747062,10
"GPR46","GPR4",8,2.85817086410132,10
"SLC17A96","SLC17A9",10,3.16117526871594,10
"MCCC16","MCCC1",3,3.31201009190774,10
"APLN6","APLN",5,3.52524361625005,10
"DEF66","DEF6",10,4.5806830782608,10
"TEF6","TEF",2,3.20574626672143,10
"GPC46","GPC4",4,3.36625206704126,10
"H2BC19P6","H2BC19P",10,3.06179179980307,10
"ANOS16","ANOS1",4,2.98524560899993,10
"TENM36","TENM3",4,3.66166398144177,10
"SLC9A3-AS16","SLC9A3-AS1",6,2.7360859666306,10
"S1PR36","S1PR3",6,2.66925322155271,10
"C5AR16","C5AR1",8,4.4872010096971,10
"LAMA26","LAMA2",9,3.94652132440585,10
"NAT16","NAT1",9,2.61741856736353,10
"RNF136","RNF13",9,3.32646325296199,10
"ATP1B26","ATP1B2",7,3.26255292259631,10
"MT-CO26","MT-CO2",6,3.30815331605212,10
"ENPP56","ENPP5",2,3.37258108813399,10
"CHRM3-AS26","CHRM3-AS2",10,4.40700586196879,10
"MEG86","MEG8",7,4.01848213627817,10
"MT-TM6","MT-TM",6,2.73592995072421,10
"Z97192.36","Z97192.3",10,3.59782666645154,10
"TMEM45A6","TMEM45A",4,3.66598298873631,10
"SCN4B6","SCN4B",2,2.95960921412771,10
"SLC7A16","SLC7A1",8,3.23869567741024,10
"RNF1816","RNF181",4,2.76734474006949,10
"TMEM14B6","TMEM14B",2,3.37672441047467,10
"CCR56","CCR5",10,3.74644846809804,10
"CSTA6","CSTA",2,3.14720866907757,10
"LEF16","LEF1",10,3.18149840985916,10
"GCA6","GCA",8,4.04110830900435,10
"PCDH186","PCDH18",2,3.52213231295112,10
"BLNK6","BLNK",10,4.15131550457831,10
"BATF7","BATF",8,3.52016630450593,10
"KCNJ86","KCNJ8",7,2.72094064335628,10
"FAM13C6","FAM13C",6,3.35713922881961,10
"SORT16","SORT1",4,3.53742618236549,10
"CMTM76","CMTM7",1,3.07450666704174,10
"REEP66","REEP6",3,4.76150877671043,10
"DUSP56","DUSP5",8,3.12235533629931,10
"CCZ16","CCZ1",4,3.21022294647607,10
"THSD16","THSD1",6,2.7726844385411,10
"ADAMTS96","ADAMTS9",8,4.173537425357,10
"LARGE26","LARGE2",1,3.56882593080211,10
"CYBA6","CYBA",10,3.57941119225267,10
"FGR6","FGR",8,4.44917248350719,10
"ERBB26","ERBB2",1,3.35270400475012,10
"SOX186","SOX18",6,3.56681835019086,10
"BCAP316","BCAP31",6,3.17332257878455,10
"CDR2L6","CDR2L",4,2.89441695550654,10
"RND16","RND1",3,2.97661764221,10
"KIF226","KIF22",10,2.84135910449408,10
"AK46","AK4",6,2.78639360880167,10
"PODNL16","PODNL1",4,3.3062018129418,10
"SPON16","SPON1",4,4.05000138379107,10
"SYCP26","SYCP2",1,2.99211866014023,10
"SPAG46","SPAG4",6,2.92129627883039,10
"PATL26","PATL2",10,4.19909565744716,10
"RFX86","RFX8",7,2.95331212709361,10
"EPSTI16","EPSTI1",10,4.04978751669644,10
"PLEKHG56","PLEKHG5",7,3.43790834188223,10
"P4HA26","P4HA2",4,3.58789012300455,10
"PRKCB6","PRKCB",10,5.26764858876874,10
"CHMP4C6","CHMP4C",1,4.09415879784317,10
"AL034397.36","AL034397.3",10,3.00505660108917,10
"DDX416","DDX41",4,3.12922284323921,10
"RUBCNL6","RUBCNL",10,3.20928254504866,10
"NLGN4X6","NLGN4X",2,2.64350685810712,10
"SLC25A276","SLC25A27",7,3.01957288023115,10
"PERP6","PERP",1,4.97452117153288,10
"MRPS30-DT6","MRPS30-DT",9,2.9202311551841,10
"AC005046.16","AC005046.1",9,3.06232057596596,10
"GGH6","GGH",5,3.03102445139258,10
"LINC011976","LINC01197",7,4.25567461905231,10
"CHL16","CHL1",9,3.24562623895993,10
"CGNL16","CGNL1",2,2.96377006358491,10
"ICAM36","ICAM3",10,4.40305915519824,10
"PRDM86","PRDM8",7,3.47241031148057,10
"SLITRK46","SLITRK4",4,3.19308182628101,10
"NTN16","NTN1",9,2.50589228693386,10
"FCRLA6","FCRLA",10,4.67186391241617,10
"TUBA4A6","TUBA4A",10,3.21203364291468,10
"AP002026.16","AP002026.1",5,3.15561323438778,10
"OCIAD26","OCIAD2",1,3.34318820812055,10
"PITX16","PITX1",1,3.4154057954761,10
"GNAI16","GNAI1",6,2.61379661582144,10
"EGFR6","EGFR",9,3.09947695190523,10
"SEM16","SEM1",8,3.16501357202892,10
"PLAC96","PLAC9",6,3.88133793315536,10
"P3H46","P3H4",4,3.27918647575273,10
"GPR346","GPR34",4,3.60866581123876,10
"NID26","NID2",4,3.69155273681947,10
"PGD6","PGD",4,2.61556714652196,10
"TM6SF16","TM6SF1",4,3.2235888433129,10
"TMEM2306","TMEM230",4,3.08448547997975,10
"ITGA26","ITGA2",1,3.9806853572449,10
"ZNF6806","ZNF680",3,2.76569446172957,10
"TMC46","TMC4",1,4.21389339759753,10
"CHCHD26","CHCHD2",2,3.35642488747597,10
"RTN16","RTN1",10,2.73274326280665,10
"IL1RAP6","IL1RAP",8,3.07296198780947,10
"RBX16","RBX1",1,2.59849499250873,10
"GMIP6","GMIP",10,3.68883352811629,10
"FEN16","FEN1",10,2.56940456122039,10
"CASP36","CASP3",6,2.58516939345996,10
"GOLGA2P56","GOLGA2P5",10,3.34209131224671,10
"DMD6","DMD",7,3.34213698477845,10
"DTX26","DTX2",4,2.60258759423744,10
"MANSC16","MANSC1",6,2.84418516572217,10
"RCC16","RCC1",5,2.66624687249137,10
"PTPRF6","PTPRF",1,4.50262252208551,10
"LRATD16","LRATD1",1,2.69552183433901,10
"AL355816.26","AL355816.2",10,4.79789348987367,10
"SF3B46","SF3B4",6,2.5667236883357,10
"AL591895.16","AL591895.1",2,2.72560004231059,10
"TMEM45B6","TMEM45B",3,4.25719389311811,10
"ENPEP6","ENPEP",7,3.37481047357235,10
"MTATP6P16","MTATP6P1",6,3.4651242452279,10
"CD866","CD86",10,3.5054315487429,10
"MAPRE16","MAPRE1",8,2.9951855536482,10
"CELSR16","CELSR1",1,3.50975346696025,10
"LPXN6","LPXN",10,4.41743441937407,10
"KDELR36","KDELR3",5,4.04651332677798,10
"NLGN16","NLGN1",2,3.58482372319388,10
"C21orf59-TCP10L6","C21orf59-TCP10L",7,2.82118489968073,10
"C3AR16","C3AR1",4,3.04857526220116,10
"IGSF96","IGSF9",1,4.22858017454155,10
"AC073869.16","AC073869.1",6,2.79875438998662,10
"SERTAD4-AS16","SERTAD4-AS1",4,3.57609666110026,10
"ATP1A26","ATP1A2",9,2.98637280962608,10
"SASH36","SASH3",10,4.81727376162994,10
"C1orf2266","C1orf226",1,3.17507309656852,10
"LDLRAD36","LDLRAD3",2,2.92427443977472,10
"LRMP6","LRMP",10,4.64008401373228,10
"AL139393.36","AL139393.3",4,3.51545883604607,10
"MREG6","MREG",3,2.82075751389482,10
"DSP6","DSP",1,5.53483762460545,10
"ITPKC6","ITPKC",8,2.7325905075599,10
"ACSM36","ACSM3",3,3.53871529545,10
"ARHGEF376","ARHGEF37",3,3.669110284331,10
"PLEKHO26","PLEKHO2",8,2.90529936850177,10
"UBE2E36","UBE2E3",4,2.7702048680541,10
"GZMM6","GZMM",10,4.53444189086648,10
"Z97200.16","Z97200.1",7,3.43562762720231,10
"RAI26","RAI2",9,3.3222866944316,10
"WAKMAR26","WAKMAR2",10,3.69164219309999,10
"ST8SIA16","ST8SIA1",10,3.77235169607482,10
"PCNA6","PCNA",4,3.16383059825299,10
"NUS16","NUS1",1,2.77640009107114,10
"CYP27C16","CYP27C1",7,3.1119514027521,10
"DCLK16","DCLK1",7,3.52751618478667,10
"IGF2BP26","IGF2BP2",1,2.71624703736086,10
"FAM110A6","FAM110A",3,2.71459189625847,10
"DAAM26","DAAM2",7,3.65712646921997,10
"IL336","IL33",9,3.7597653795827,10
"PER36","PER3",7,2.95732892160792,10
"ADAMTS126","ADAMTS12",4,3.54200908489666,10
"DNM16","DNM1",7,4.21933680213958,10
"IFFO26","IFFO2",1,2.95956824350721,10
"PER26","PER2",7,3.21899592993966,10
"MEMO16","MEMO1",10,2.75077789712592,10
"ZNF4716","ZNF471",9,3.29568591984358,10
"ENC16","ENC1",4,3.38722284723758,10
"CRY26","CRY2",4,2.74834673639963,10
"CADPS6","CADPS",7,4.15597392060689,10
"LILRB26","LILRB2",8,4.27789356358558,10
"MAT2A6","MAT2A",8,2.83010556881428,10
"KCND26","KCND2",4,3.06085166873265,10
"SYTL16","SYTL1",10,4.08615394867127,10
"ACACA6","ACACA",3,3.74214630026735,10
"SLC6A66","SLC6A6",4,4.49158312590581,10
"ABCA66","ABCA6",7,4.03410721050687,10
"SPATA66","SPATA6",2,3.15332390511871,10
"LRATD26","LRATD2",6,2.63211788542032,10
"CLCF16","CLCF1",8,3.38088164564238,10
"MXD16","MXD1",8,3.44307132820348,10
"MTCYBP136","MTCYBP13",9,3.32179011114703,10
"DAPK16","DAPK1",4,2.91418691059571,10
"CC2D2B6","CC2D2B",7,3.6977450888466,10
"PPP1R14B6","PPP1R14B",4,3.27750039481105,10
"HSD11B26","HSD11B2",6,2.79947144153729,10
"FRRS1L6","FRRS1L",7,3.39970440286894,10
"SIRPG6","SIRPG",10,4.58641801203697,10
"USB16","USB1",4,2.77473401967498,10
"KLK46","KLK4",4,4.27063131347365,10
"TMEM1446","TMEM144",2,3.5683924922504,10
"KIF236","KIF23",5,2.97366205499715,10
"LTB4R6","LTB4R",7,2.86191991216285,10
"TRNP16","TRNP1",2,3.29718233032561,10
"AP001528.26","AP001528.2",7,3.30582345393729,10
"CXorf216","CXorf21",10,3.54292595340189,10
"KLF156","KLF15",9,2.92731378915833,10
"TCEAL76","TCEAL7",2,3.65640848259069,10
"GPR1466","GPR146",6,3.39789803379971,10
"MIRLET7BHG6","MIRLET7BHG",7,3.36846001522435,10
"FGF26","FGF2",7,3.62487606414957,10
"DCK6","DCK",10,3.5401414280545,10
"AC122718.16","AC122718.1",7,3.60232577152371,10
"FKBP116","FKBP11",7,2.89835826441416,10
"RPS6KA16","RPS6KA1",10,3.25245401804131,10
"CIDEC6","CIDEC",6,3.59935343598059,10
"GPRASP16","GPRASP1",7,3.61610652859875,10
"FAM133CP6","FAM133CP",7,3.24049223737242,10
"LGR46","LGR4",1,3.37928773250558,10
"WDR866","WDR86",7,3.48034094017198,10
"NELL26","NELL2",10,4.24704987907029,10
"PRKAA26","PRKAA2",7,2.73175308827052,10
"SEMA6D6","SEMA6D",2,3.06439373158853,10
"H1-36","H1-3",10,3.86981008960598,10
"CMTM46","CMTM4",2,2.64513778534028,10
"XG6","XG",4,3.4343040192466,10
"CDCP16","CDCP1",3,2.60137303697894,10
"AMPD36","AMPD3",10,3.75124576961982,10
"RNU6-1016P6","RNU6-1016P",9,2.90879552339058,10
"SS18L26","SS18L2",2,2.47556469021892,10
"G6PD6","G6PD",3,3.51356904066945,10
"LILRB16","LILRB1",10,3.675056020413,10
"GRAP7","GRAP",10,3.92272059338801,10
"COL13A16","COL13A1",4,3.5723716902818,10
"RAB27B6","RAB27B",3,3.06039089746545,10
"F106","F10",7,3.26294270867044,10
"SKAP16","SKAP1",10,4.29212203201774,10
"MARCO6","MARCO",8,2.63401058558131,10
"SERPINI16","SERPINI1",4,2.8187326452703,10
"SCN2A6","SCN2A",7,3.08294570596312,10
"GABRE6","GABRE",6,3.21302431966425,10
"MRGPRF6","MRGPRF",7,2.92788100496159,10
"CREB3L16","CREB3L1",4,3.69460269997996,10
"NR2F1-AS16","NR2F1-AS1",7,3.8743527276102,10
"RHOJ6","RHOJ",7,4.26372576184238,10
"NPR16","NPR1",7,3.6265862445827,10
"UBE2T6","UBE2T",5,2.96117233618228,10
"HAS26","HAS2",8,4.29602028655206,10
"TMEM1546","TMEM154",10,3.59206657312797,10
"NDNF6","NDNF",2,3.36410293661156,10
"PRIMPOL6","PRIMPOL",2,2.86876191655129,10
"AIDA6","AIDA",2,3.44667364288787,10
"TMOD16","TMOD1",9,3.23944620355208,10
"PPP1R14A6","PPP1R14A",7,3.13670155452015,10
"DTD16","DTD1",4,2.68804215413513,10
"HSPE16","HSPE1",6,3.01917409547602,10
"AC022034.16","AC022034.1",7,2.84458175240982,10
"TCF76","TCF7",10,4.98075472428624,10
"CLCA26","CLCA2",3,4.10147146329353,10
"LHX66","LHX6",7,3.48065743859764,10
"MERTK6","MERTK",7,2.85927405717827,10
"NDRG26","NDRG2",1,3.17935510612879,10
"MAP2K46","MAP2K4",7,3.5377347623117,10
"TPO6","TPO",7,3.75152235111134,10
"CCR16","CCR1",8,4.8736250400663,10
"SMS6","SMS",4,2.99486737667923,10
"NCEH16","NCEH1",10,3.14247357698215,10
"GPRASP26","GPRASP2",7,2.98631511375279,10
"EXPH56","EXPH5",7,2.78409190330794,10
"AC006330.16","AC006330.1",9,3.80635122628759,10
"PMAIP16","PMAIP1",10,2.87248163769108,10
"SNCG6","SNCG",9,2.87966017082369,10
"SAP306","SAP30",6,2.67405641644488,10
"KCNJ26","KCNJ2",6,2.95100663348123,10
"PDLIM36","PDLIM3",1,3.20383107953486,10
"LACTB26","LACTB2",6,2.62365414170809,10
"PDE10A6","PDE10A",5,3.68681513271995,10
"AC093157.16","AC093157.1",10,2.86956465432278,10
"GK6","GK",8,3.24611706487966,10
"SRD5A36","SRD5A3",3,2.99864570849516,10
"ZNF8756","ZNF875",6,2.47102220787405,10
"CFI6","CFI",8,2.90712047348242,10
"SLC22A56","SLC22A5",2,2.4569129398489,10
"SEMA7A6","SEMA7A",10,2.98344117969079,10
"PLXNB16","PLXNB1",2,2.90833433561448,10
"MCM46","MCM4",4,2.73702744668353,10
"PPP1R16B6","PPP1R16B",10,3.77299938773294,10
"MAD2L16","MAD2L1",5,2.89761325480852,10
"AOAH6","AOAH",10,3.25232490578958,10
"UBTD16","UBTD1",4,3.39967932810098,10
"FAM180A6","FAM180A",4,3.00622751894406,10
"TDRP6","TDRP",7,2.83835746145547,10
"SEMA3F6","SEMA3F",6,2.7048004410443,10
"MRPS176","MRPS17",5,2.31864395104337,10
"OAS16","OAS1",10,3.64504273034553,10
"RASGEF1B6","RASGEF1B",7,2.74797577816157,10
"C1orf216","C1orf21",7,3.22508330603479,10
"TPTEP16","TPTEP1",1,2.83169395682357,10
"HIGD1A6","HIGD1A",8,3.30894943322197,10
"KLHDC7B6","KLHDC7B",10,3.63474856666946,10
"CRY16","CRY1",4,2.48482239498614,10
"EREG6","EREG",8,3.70036754117228,10
"CCZ1B6","CCZ1B",10,2.37563457989506,10
"LMO76","LMO7",4,3.59324413467708,10
"BTBD106","BTBD10",2,3.25227450589066,10
"GPR1766","GPR176",4,3.52986361430998,10
"GMFB6","GMFB",4,3.10910999409319,10
"SLA7","SLA",10,3.75706768998762,10
"TF6","TF",2,2.75339475866949,10
"PDE9A6","PDE9A",7,3.00390945070097,10
"VSIG46","VSIG4",4,2.9619005380182,10
"TPST16","TPST1",2,3.18251809257251,10
"RAPGEF36","RAPGEF3",7,4.31558010562734,10
"UEVLD6","UEVLD",4,2.50100458260762,10
"SORBS26","SORBS2",1,3.9654268373322,10
"CMBL6","CMBL",2,3.03431957082764,10
"SNRPG6","SNRPG",8,2.48779127121864,10
"NPAS26","NPAS2",5,2.66919156846452,10
"SAMSN16","SAMSN1",10,3.47693857087141,10
"OASL6","OASL",10,3.21164128813805,10
"CNTROB6","CNTROB",7,2.73465469100864,10
"SLC1A46","SLC1A4",10,2.74456181435459,10
"NBEA6","NBEA",2,3.21292706167858,10
"GPR1606","GPR160",3,2.93852468620813,10
"TMEM255B6","TMEM255B",6,2.87589290863924,10
"SCG56","SCG5",2,3.30431899934128,10
"KCNK16","KCNK1",3,3.19912638782265,10
"SEMA4B6","SEMA4B",3,3.15195634805693,10
"FAM198B-AS16","FAM198B-AS1",2,3.3730645873025,10
"NEK86","NEK8",10,3.74407184839632,10
"ADA6","ADA",10,2.8867490149872,10
"HOMER26","HOMER2",1,4.19681752196933,10
"SELENOM6","SELENOM",4,2.84908416981681,10
"ALDH1A36","ALDH1A3",5,3.19896573577355,10
"HELLS6","HELLS",10,3.44346684077685,10
"AGTR16","AGTR1",9,2.85945247860076,10
"RAC26","RAC2",10,4.99253577139796,10
"GPR1536","GPR153",2,3.16771179423843,10
"ZNF4366","ZNF436",2,3.22457787426543,10
"FAM131A6","FAM131A",7,2.9215560562833,10
"HSF26","HSF2",7,2.78336188334491,10
"PAK36","PAK3",7,3.68591266339018,10
"SFXN46","SFXN4",1,2.82900819446839,10
"NBEAL26","NBEAL2",10,3.12975312410302,10
"IKZF16","IKZF1",10,4.81695860505824,10
"JCHAIN6","JCHAIN",9,4.08415001846557,10
"JAK36","JAK3",10,4.27749721546311,10
"BDNF-AS6","BDNF-AS",7,3.09216335413723,10
"CA86","CA8",1,3.45333264865413,10
"STX116","STX11",8,3.48236041985013,10
"TPD526","TPD52",1,3.51911849700694,10
"PGM56","PGM5",6,3.66093462105589,10
"CEP170B6","CEP170B",3,2.66890029990216,10
"C17orf586","C17orf58",6,3.30360494477767,10
"MT-TS26","MT-TS2",6,4.02824136870905,10
"ARHGAP276","ARHGAP27",10,2.97204818021471,10
"HSPA4L6","HSPA4L",7,3.10732837849408,10
"MT-TH6","MT-TH",9,3.73855016713549,10
"TBXAS16","TBXAS1",4,2.66957034565526,10
"FERMT36","FERMT3",10,3.41481122958429,10
"DUSP106","DUSP10",4,2.79658645253407,10
"NEK56","NEK5",7,3.50881214753857,10
"SLC4A116","SLC4A11",1,3.18734758810628,10
"AGPAT26","AGPAT2",6,3.38165445682439,10
"MNS16","MNS1",9,3.6371340569061,10
"SNCAIP6","SNCAIP",7,3.16910334317673,10
"AC103691.16","AC103691.1",10,2.48938186210647,10
"POFUT26","POFUT2",4,2.83199277323393,10
"PLEKHA66","PLEKHA6",1,3.26541091231484,10
"LRG16","LRG1",8,3.61453231618697,10
"ZBTB466","ZBTB46",2,3.00682701767338,10
"IRF56","IRF5",10,3.65190306973455,10
"GIMAP56","GIMAP5",10,4.05938828301118,10
"CRMP16","CRMP1",2,3.09503830998587,10
"PHGDH6","PHGDH",1,3.3055304306436,10
"TREM16","TREM1",8,3.99072796133866,10
"MCUB6","MCUB",4,3.0220113121433,10
"SOCS26","SOCS2",7,3.10252239246139,10
"TRUB16","TRUB1",2,2.40171088142002,10
"GADD45GIP16","GADD45GIP1",6,2.63940731928823,10
"HYMAI6","HYMAI",7,3.67978934917508,10
"EIF66","EIF6",4,3.1554796124232,10
"PTGER36","PTGER3",7,2.91843095591953,10
"RFX26","RFX2",7,3.52300639607523,10
"LINC010876","LINC01087",9,3.27770001103878,10
"HEPH6","HEPH",4,3.22784482842347,10
"CDO16","CDO1",2,3.2186471981585,10
"PPIL16","PPIL1",2,3.2567600277098,10
"MMP156","MMP15",6,2.59095537801433,10
"DENND2A6","DENND2A",7,3.60736250494353,10
"PLEKHG4B6","PLEKHG4B",1,3.58187391327179,10
"BHMT26","BHMT2",9,3.43392423250434,10
"CXCL176","CXCL17",3,3.41577392305338,10
"CPLX16","CPLX1",7,3.32786592419511,10
"LY866","LY86",10,3.4891813604817,10
"PIEZO26","PIEZO2",7,3.45554702313239,10
"SFRP46","SFRP4",9,5.33324979537261,10
"AC004151.16","AC004151.1",10,4.67770895505083,10
"LSAMP6","LSAMP",7,3.51055311382585,10
"FGF136","FGF13",7,2.93630748867623,10
"CSKMT6","CSKMT",2,2.86646474265738,10
"AL117329.16","AL117329.1",7,3.46179937784924,10
"DOK16","DOK1",6,2.88452356073775,10
"VIPAS396","VIPAS39",2,3.06866969467781,10
"NCS16","NCS1",5,2.68650572258044,10
"ADGRE26","ADGRE2",8,3.47995406824301,10
"LINC010946","LINC01094",4,2.90427823834056,10
"SLC35B26","SLC35B2",2,2.47703323681379,10
"DOC2B6","DOC2B",7,3.38515361151959,10
"SYNGR16","SYNGR1",2,2.91185300883946,10
"CCNA26","CCNA2",10,3.21622357540738,10
"ADAMTS26","ADAMTS2",4,3.89501658013127,10
"LDLR6","LDLR",8,4.02117676243182,10
"SLITRK66","SLITRK6",1,3.03691961861013,10
"CORIN6","CORIN",4,3.93226358236974,10
"BCL6B6","BCL6B",6,3.75436099706786,10
"HOXA56","HOXA5",9,2.57454820601861,10
"TMEM886","TMEM88",7,3.64781599721003,10
"NIPA16","NIPA1",10,2.68752840534868,10
"GNG76","GNG7",10,3.20816090305531,10
"ZNF107","ZNF10",9,2.32243072048858,10
"UBASH3B6","UBASH3B",5,3.42002143497996,10
"GLIS36","GLIS3",5,3.28487232327424,10
"PKDCC6","PKDCC",7,2.77833638927452,10
"PKP26","PKP2",1,3.12723141000928,10
"MUC206","MUC20",7,3.04167547331976,10
"DPEP26","DPEP2",10,3.75055329216181,10
"KAZN6","KAZN",2,2.74580626565101,10
"ACE6","ACE",6,3.18258671647443,10
"HNRNPA1P546","HNRNPA1P54",7,3.84645869669215,10
"ZNF7366","ZNF736",10,2.71439917732879,10
"ETV76","ETV7",10,2.9875301769353,10
"COQ8A6","COQ8A",6,2.92600264593219,10
"GTF2I6","GTF2I",9,2.99996549053174,10
"DLG56","DLG5",1,2.96574165636576,10
"KHDRBS36","KHDRBS3",4,2.70829613443475,10
"SRGAP36","SRGAP3",7,3.83146129940248,10
"MIR222HG6","MIR222HG",8,3.10734791416778,10
"PKHD1L16","PKHD1L1",10,3.02580633929608,10
"NAV36","NAV3",9,3.64511440765548,10
"AC134043.36","AC134043.3",7,3.69552457922467,10
"DACT16","DACT1",4,3.20139701715218,10
"ZC3H12A6","ZC3H12A",8,3.26390766303043,10
"ZNF1016","ZNF101",10,4.21459204368976,10
"BIVM6","BIVM",4,2.75084093492931,10
"ABCB16","ABCB1",9,2.76405301121632,10
"PCLAF6","PCLAF",10,2.79623380491949,10
"PRDM56","PRDM5",7,3.27152137206283,10
"MTFMT6","MTFMT",2,2.61994331543505,10
"TMEM2676","TMEM267",1,2.5012097064077,10
"WDFY3-AS26","WDFY3-AS2",9,3.41408278353604,10
"NCAPG6","NCAPG",10,3.38249310579775,10
"RAB376","RAB37",10,3.98390719994527,10
"TRAPPC26","TRAPPC2",10,2.59551055601142,10
"EPHB36","EPHB3",5,3.43537639122084,10
"SIM16","SIM1",5,2.90459633293769,10
"NEIL16","NEIL1",2,2.8530712165129,10
"GNAL6","GNAL",7,2.66889522332321,10
"RNGTT6","RNGTT",10,3.12841624498988,10
"KLHL66","KLHL6",10,4.07371525635213,10
"AC110285.26","AC110285.2",9,2.89420133036177,10
"AL390728.66","AL390728.6",10,2.84723534700301,10
"SLC35E2A6","SLC35E2A",2,3.5028455361276,10
"UCHL36","UCHL3",4,2.42577371615454,10
"ZNNT16","ZNNT1",9,2.54708887313473,10
"PAXX6","PAXX",4,2.73567386514137,10
"SLC9A76","SLC9A7",10,2.60602259638987,10
"VAMP16","VAMP1",10,3.66423695660804,10
"DOCK66","DOCK6",7,2.97778950880868,10
"PDE5A6","PDE5A",2,3.40345638572311,10
"PRUNE16","PRUNE1",2,2.89378242955404,10
"CD163L16","CD163L1",9,2.59658547839906,10
"UQCRFS16","UQCRFS1",4,2.73779093291036,10
"GPX76","GPX7",4,3.1404145533936,10
"DDX39B6","DDX39B",7,3.36352252460621,10
"ARAP26","ARAP2",10,4.2583252403484,10
"NDUFAF26","NDUFAF2",8,2.64161477550005,10
"BMERB16","BMERB1",2,3.02507415142007,10
"DIPK2B6","DIPK2B",6,3.0781512074013,10
"LILRB36","LILRB3",8,4.26655409651203,10
"EDEM26","EDEM2",4,2.76724895035409,10
"CDKN2D6","CDKN2D",10,2.83838146119982,10
"PSMB8-AS16","PSMB8-AS1",10,3.97725775843445,10
"SULT1C46","SULT1C4",7,3.39161773272149,10
"PHF136","PHF13",4,2.59304396950227,10
"SIX16","SIX1",3,2.84287133259093,10
"BOC6","BOC",2,3.65885048485202,10
"DNAJC126","DNAJC12",2,3.77641302969315,10
"RTL8A6","RTL8A",4,3.00720300175715,10
"TMEM2166","TMEM216",1,2.57515181619677,10
"ZBTB186","ZBTB18",10,2.85817190479892,10
"ARSB6","ARSB",4,3.43153878419581,10
"XKR66","XKR6",7,3.1299244976865,10
"TM7SF26","TM7SF2",3,3.46696909449476,10
"CRNDE6","CRNDE",1,3.26412058994805,10
"PARD6B6","PARD6B",1,3.02206107081405,10
"CNKSR36","CNKSR3",7,3.13200203614667,10
"LRRC27","LRRC2",7,3.55469075919969,10
"LINC008996","LINC00899",7,2.72293716568903,10
"EBF26","EBF2",7,3.77105402329487,10
"ERBB46","ERBB4",1,3.42714543532305,10
"ZNF1176","ZNF117",4,2.63829348365401,10
"ANG6","ANG",6,2.88032976782777,10
"STAT46","STAT4",10,3.85682455080243,10
"CAPN156","CAPN15",2,2.55572514585257,10
"CASKIN26","CASKIN2",7,3.16864456788333,10
"TRPV66","TRPV6",3,4.49186049607564,10
"IKBKE6","IKBKE",10,3.55141229175618,10
"HOXC106","HOXC10",2,2.71009984378388,10
"RNF1526","RNF152",7,3.23558639838915,10
"FST6","FST",9,3.03390003426641,10
"AC104825.16","AC104825.1",3,2.34712023302299,10
"BANF16","BANF1",4,2.65062412263022,10
"ETV56","ETV5",7,3.00084963523383,10
"BARX26","BARX2",1,4.77997410367285,10
"CD2746","CD274",10,3.04651082953432,10
"FRMD36","FRMD3",6,2.88250137460589,10
"TBC1D26","TBC1D2",4,3.17282939312701,10
"AC080014.16","AC080014.1",7,2.80667201292624,10
"MTHFD1L6","MTHFD1L",4,2.86419774532022,10
"SLC15A26","SLC15A2",10,3.50049091160094,10
"A2M-AS16","A2M-AS1",10,4.15259467503717,10
"CCDC144B6","CCDC144B",7,3.5157093035236,10
"VLDLR6","VLDLR",6,2.76473545791529,10
"CCDC1156","CCDC115",4,2.73890131340479,10
"PIK3AP16","PIK3AP1",10,3.37637560595275,10
"SELENBP16","SELENBP1",7,3.25615899280477,10
"WAS6","WAS",10,4.14018676784561,10
"KAZALD16","KAZALD1",9,2.59157906918635,10
"SPINT16","SPINT1",3,3.75643860267812,10
"SMPDL3A6","SMPDL3A",2,2.90453245971473,10
"COQ66","COQ6",2,2.72069467524942,10
"TCEA36","TCEA3",9,2.94450584963308,10
"RHOV6","RHOV",1,3.94618162499488,10
"FZD86","FZD8",2,3.01053410376737,10
"PCK26","PCK2",3,3.2404999844427,10
"SPNS26","SPNS2",7,2.67252589445071,10
"MT-TF6","MT-TF",6,2.57943982286819,10
"EHD36","EHD3",2,3.24118174505777,10
"CASTOR26","CASTOR2",4,2.5849072255304,10
"COBL6","COBL",1,3.78102159423696,10
"DCHS16","DCHS1",7,3.81475144437279,10
"RFTN26","RFTN2",2,3.5842915069648,10
"FGD16","FGD1",4,3.10400118555909,10
"NOS36","NOS3",7,2.73235945998156,10
"LILRA46","LILRA4",10,4.12317591600714,10
"TENM46","TENM4",4,3.32625983573313,10
"SH3BP5-AS16","SH3BP5-AS1",10,2.90248039798964,10
"COLCA16","COLCA1",2,3.75749719505718,10
"NFAM16","NFAM1",8,3.50247454251641,10
"HLA-DQB26","HLA-DQB2",10,3.32323871354998,10
"BCAS46","BCAS4",10,4.09178715166436,10
"SELPLG6","SELPLG",10,4.0360853566329,10
"TSPOAP1-AS16","TSPOAP1-AS1",10,4.074182625123,10
"CTXN16","CTXN1",5,3.30369409656546,10
"SEMA4A6","SEMA4A",8,2.90303884275825,10
"PSTPIP26","PSTPIP2",7,2.52278113949022,10
"PAX8-AS16","PAX8-AS1",10,2.54920744145789,10
"NOSTRIN6","NOSTRIN",7,3.64738420854803,10
"HOMER36","HOMER3",4,3.42211948361241,10
"FAM13A-AS16","FAM13A-AS1",10,2.88994735813068,10
"EIF4EBP16","EIF4EBP1",4,2.96123480011802,10
"MICAL16","MICAL1",10,3.52017718873764,10
"PDAP16","PDAP1",4,3.11270196997851,10
"NCALD6","NCALD",7,3.17845627513638,10
"ZNF204P6","ZNF204P",7,2.6641084292893,10
"GLYATL26","GLYATL2",1,3.50416721125984,10
"ZSWIM46","ZSWIM4",7,2.98568379476504,10
"PTGES26","PTGES2",6,2.60334553819351,10
"OSBPL36","OSBPL3",10,3.15928359413986,10
"CIAO2A6","CIAO2A",10,2.89310144612386,10
"BNIP36","BNIP3",6,3.29556194125488,10
"GPSM16","GPSM1",2,2.89093375289144,10
"BCHE6","BCHE",9,4.09567223664735,10
"TTC39A6","TTC39A",3,3.49043835897968,10
"DESI16","DESI1",1,2.63417475957647,10
"PTPN216","PTPN21",7,3.42742722350083,10
"GPR137B6","GPR137B",4,3.37863318726226,10
"SOX66","SOX6",7,3.90433551076039,10
"KLRD16","KLRD1",10,3.77653888653098,10
"TGFB1I16","TGFB1I1",4,3.73723002478982,10
"FBLN56","FBLN5",7,4.05794288405627,10
"SNTB16","SNTB1",4,2.26910800581686,10
"ARMH36","ARMH3",10,2.63041565838133,10
"ZNF4196","ZNF419",2,2.44339013734253,10
"PLIN26","PLIN2",6,2.95321081719373,10
"AC006509.36","AC006509.3",7,3.3378354923793,10
"SDHA6","SDHA",6,2.63292094672509,10
"VEGFC6","VEGFC",4,3.04023517172898,10
"DDX586","DDX58",1,2.38097083119637,10
"KLHL216","KLHL21",7,2.45164607846368,10
"LOXL46","LOXL4",1,2.95455198625859,10
"FANCD26","FANCD2",10,3.41130191106517,10
"NECTIN36","NECTIN3",2,2.59443431893727,10
"BEND56","BEND5",9,3.37874919242579,10
"CREB3L46","CREB3L4",3,3.90723640854071,10
"HOXC46","HOXC4",4,2.92717850495543,10
"AKR1C16","AKR1C1",6,3.61467626835676,10
"NAV26","NAV2",1,3.78365186998766,10
"AC027020.26","AC027020.2",10,2.91426902607367,10
"TSPAN19","TSPAN1",9,2.76564258121134,10
"TMCC36","TMCC3",2,2.43186847563015,10
"ADAMTS146","ADAMTS14",4,3.9141782357326,10
"MT1F6","MT1F",1,3.20643538093524,10
"FOXP36","FOXP3",10,3.82863623477988,10
"NFIL36","NFIL3",8,3.87873726736156,10
"NR3C26","NR3C2",9,2.82324239641537,10
"ZNF385D6","ZNF385D",7,3.76051832783633,10
"LURAP1L6","LURAP1L",4,2.37310550395766,10
"SCUBE36","SCUBE3",4,3.10545153713995,10
"RPA36","RPA3",2,2.30156265966744,10
"DOK46","DOK4",4,2.80647212251424,10
"VDR6","VDR",4,3.20309335374272,10
"NTAN16","NTAN1",6,3.08848133965965,10
"RPS12P166","RPS12P16",9,3.49907441257885,10
"KIF26A6","KIF26A",7,3.35613891687082,10
"THNSL26","THNSL2",2,3.28629336646138,10
"INAFM16","INAFM1",7,3.08680186448299,10
"HCK6","HCK",8,3.46763511087558,10
"MYOC6","MYOC",9,3.77092323865878,10
"LRRC426","LRRC42",4,2.48345860660149,10
"MYC6","MYC",8,4.32136470868496,10
"CLEC11A6","CLEC11A",7,3.93975537990184,10
"LRRC75A6","LRRC75A",9,4.32304518801381,10
"LINC008826","LINC00882",7,4.18890981272307,10
"PTS6","PTS",4,2.90984348207856,10
"CYB5A6","CYB5A",3,2.74890328510867,10
"CDK2AP26","CDK2AP2",10,2.67578990109519,10
"TNFAIP36","TNFAIP3",8,4.05333105615355,10
"HULC6","HULC",7,4.09179108905622,10
"SGPP16","SGPP1",10,2.51661191034984,10
"ST6GALNAC56","ST6GALNAC5",4,3.64996524310481,10
"LINC015156","LINC01515",7,3.57550405260067,10
"PDZRN46","PDZRN4",9,3.63976495719418,10
"PNO16","PNO1",8,2.95063710445948,10
"WASF16","WASF1",2,2.72456992175026,10
"SLC25A446","SLC25A44",8,2.44018482336024,10
"HLCS6","HLCS",3,2.75776156126503,10
"GRIA36","GRIA3",7,3.06860422433371,10
"NLRC56","NLRC5",10,4.46039668960082,10
"AL133243.36","AL133243.3",7,3.07484268235835,10
"ETFDH6","ETFDH",1,2.21278130925032,10
"XYLT16","XYLT1",4,3.46611103067215,10
"SHE6","SHE",7,3.58100079525004,10
"THRB-IT16","THRB-IT1",7,3.10535599441106,10
"HIF3A6","HIF3A",7,3.3193239582071,10
"ROBO46","ROBO4",6,3.69627787907271,10
"GABPA6","GABPA",6,2.80337469881129,10
"ZNF3506","ZNF350",3,2.7274814712166,10
"FBLN76","FBLN7",9,2.92488175835971,10
"ABCC36","ABCC3",1,2.62009319508092,10
"AL109918.16","AL109918.1",10,3.23473027834102,10
"MFNG6","MFNG",10,2.89655591878967,10
"PGF6","PGF",8,3.02534982928235,10
"LRIG36","LRIG3",7,3.04961040309067,10
"CAP26","CAP2",9,2.54764890864907,10
"FBXL76","FBXL7",2,2.73108864115681,10
"LZTS16","LZTS1",5,3.51746177195118,10
"BATF36","BATF3",8,3.90544226212541,10
"ENPP26","ENPP2",6,3.09808178495092,10
"MICOS136","MICOS13",4,2.85669291174667,10
"HAPLN36","HAPLN3",8,3.12281214075978,10
"TIPARP6","TIPARP",9,2.83525856757238,10
"FRK6","FRK",4,2.63145164883378,10
"ADGRB26","ADGRB2",2,3.42458369883037,10
"APBA26","APBA2",10,3.56841905592914,10
"LAT26","LAT2",10,3.44185194900155,10
"COCH6","COCH",10,2.70839493722432,10
"PGGHG6","PGGHG",10,3.37801351654653,10
"GPAT36","GPAT3",7,2.80104124913262,10
"NADK6","NADK",10,2.74814764648734,10
"PROCR6","PROCR",4,2.83018757657671,10
"LIPT16","LIPT1",9,3.07878905255947,10
"TNFRSF96","TNFRSF9",10,3.6681084787098,10
"PARD6G6","PARD6G",2,3.14987455402538,10
"HOXA106","HOXA10",9,2.68173322725814,10
"GATM6","GATM",3,2.88211654320752,10
"TMC56","TMC5",9,2.75776703225874,10
"TSPAN156","TSPAN15",4,2.56540274090193,10
"TMEM2546","TMEM254",3,2.72166250538535,10
"SETD1B6","SETD1B",4,2.47939324222419,10
"GMPPA6","GMPPA",6,2.67574980514467,10
"HOOK16","HOOK1",1,3.79178187971645,10
"RHNO16","RHNO1",10,2.66669879363292,10
"CEBPA6","CEBPA",6,3.65874703324434,10
"PLPP46","PLPP4",4,4.29046112182315,10
"DBF46","DBF4",10,3.2295164918615,10
"CHDH6","CHDH",1,3.14056658861253,10
"TRAT16","TRAT1",10,4.63383701936865,10
"ASB66","ASB6",8,3.03749813313815,10
"RPA16","RPA1",4,2.84257367859465,10
"PLCB26","PLCB2",10,3.54639465636964,10
"ACSS36","ACSS3",7,2.89975416737971,10
"CALB26","CALB2",5,3.41533233306082,10
"NREP6","NREP",4,3.85756221890504,10
"CDS16","CDS1",1,3.53753676000482,10
"DDX116","DDX11",10,2.41964494840157,10
"PRDM66","PRDM6",4,2.83127566519483,10
"BHLHE406","BHLHE40",8,3.55506129677783,10
"FAM78A6","FAM78A",10,4.35284345581805,10
"BLVRA6","BLVRA",4,2.99006604100578,10
"GPR656","GPR65",10,3.2095372946251,10
"HS3ST3A16","HS3ST3A1",4,2.88396646631259,10
"FAM221A6","FAM221A",8,2.27845601225101,10
"AC005253.16","AC005253.1",9,4.20869467481489,10
"PLCH26","PLCH2",1,3.05096676306117,10
"GLRX6","GLRX",10,2.9391051660343,10
"DTX16","DTX1",9,2.43338040439961,10
"NPR26","NPR2",6,2.95218525531814,10
"AL121839.26","AL121839.2",1,2.67110407150696,10
"SLC9B26","SLC9B2",6,2.60692050063972,10
"CCDC36","CCDC3",7,3.56360790478765,10
"PGAP16","PGAP1",8,3.04295110733467,10
"SCN9A6","SCN9A",7,2.87194868861985,10
"BTBD196","BTBD19",4,3.28099872482738,10
"CLECL16","CLECL1",10,4.0291756255126,10
"IMMP2L6","IMMP2L",9,2.34589644280157,10
"RGS136","RGS13",7,2.7814576651151,10
"CLNK6","CLNK",10,3.98088001652582,10
"ITGB36","ITGB3",8,2.82453566806943,10
"ARHGEF286","ARHGEF28",7,3.1505719970205,10
"TNNT36","TNNT3",7,3.41622985872321,10
"PRUNE26","PRUNE2",9,2.75427761939278,10
"MRPL126","MRPL12",4,2.61040552431221,10
"EEPD16","EEPD1",6,2.97025766679323,10
"TNFRSF196","TNFRSF19",4,3.18195163685608,10
"MIER36","MIER3",4,2.49697155296691,10
"KCNE36","KCNE3",4,2.69836683756211,10
"CORO76","CORO7",10,3.05531557233517,10
"IDI16","IDI1",3,4.5700646665715,10
"AC104794.36","AC104794.3",7,2.85522895299642,10
"CERS46","CERS4",3,3.79261148760584,10
"TMTC16","TMTC1",6,2.5629397988218,10
"MPP76","MPP7",1,2.84689487131582,10
"NAALAD26","NAALAD2",7,3.82509695864463,10
"GPX16","GPX1",4,3.51992279209761,10
"ZDHHC86","ZDHHC8",2,3.10175010795501,10
"ABCC96","ABCC9",7,3.36401551345896,10
"PCDHB46","PCDHB4",9,2.70266775858977,10
"AADAT6","AADAT",6,2.76095720231369,10
"SLC19A36","SLC19A3",6,3.16305442489666,10
"PLEKHF26","PLEKHF2",10,2.90471519420598,10
"CD1D6","CD1D",10,3.11923236341418,10
"TCEAL56","TCEAL5",2,4.00495421935852,10
"HEY26","HEY2",5,2.9787907196628,10
"NEO16","NEO1",2,3.34834227382625,10
"AL445426.16","AL445426.1",7,2.90753950886274,10
"MCM26","MCM2",10,2.69870509302711,10
"SERPINB86","SERPINB8",8,3.00462026291544,10
"LINC019346","LINC01934",10,4.00946930699874,10
"DUBR6","DUBR",7,2.91590761410387,10
"MEX3D6","MEX3D",4,3.05917963374451,10
"MILR16","MILR1",10,2.98608254020333,10
"KCTD16","KCTD1",3,2.8606001815022,10
"IL346","IL34",1,2.76246514793268,10
"HRH26","HRH2",8,3.62020284477371,10
"VANGL26","VANGL2",1,2.74232235098573,10
"AC068888.16","AC068888.1",7,2.73773493698458,10
"C6orf1326","C6orf132",1,3.17943587828484,10
"TSPAN126","TSPAN12",6,2.41021751915549,10
"RECQL46","RECQL4",5,3.00685938231598,10
"RAB206","RAB20",8,2.7807831649922,10
"ANKRD96","ANKRD9",4,2.28356781149611,10
"NRXN26","NRXN2",2,3.88112155066389,10
"AGA6","AGA",10,2.59999735702765,10
"AMY2B6","AMY2B",9,2.76171544586425,10
"TUBB2A6","TUBB2A",8,3.3446005855431,10
"LINC009966","LINC00996",10,4.15777492312515,10
"NRBF26","NRBF2",4,2.70966419306297,10
"TIFA6","TIFA",1,2.91009039397151,10
"PRR136","PRR13",8,2.85026424033348,10
"SH3GLB26","SH3GLB2",7,2.81012493402121,10
"HERC66","HERC6",10,3.14269888463494,10
"PDZD26","PDZD2",2,2.23496395880674,10
"HENMT16","HENMT1",10,2.69678062550424,10
"FAT46","FAT4",7,3.57213516192756,10
"TMEM257","TMEM25",2,3.05535662855124,10
"VSTM46","VSTM4",7,3.71856134994111,10
"SHC46","SHC4",2,2.58146745760114,10
"SPEG6","SPEG",1,3.95267037276321,10
"SLC7A76","SLC7A7",10,3.20267350698495,10
"GPT26","GPT2",3,2.69352690505134,10
"MMP126","MMP12",10,2.65740497601776,10
"FIGN6","FIGN",7,3.80569008504307,10
"CDC14A6","CDC14A",10,3.5776770994085,10
"AC006141.16","AC006141.1",10,2.77512287972656,10
"HDAC116","HDAC11",2,2.58460703346536,10
"BMP66","BMP6",6,3.09483789619259,10
"STON26","STON2",9,3.17228144663042,10
"BHLHE226","BHLHE22",9,2.95795569180424,10
"OPN36","OPN3",4,2.76474844531946,10
"MYBL16","MYBL1",10,3.25401248630585,10
"COPS36","COPS3",4,2.49687336949428,10
"SELENOO6","SELENOO",7,2.63788421407981,10
"CCDC1416","CCDC141",10,3.32898662806385,10
"LPAR26","LPAR2",10,3.19324068600627,10
"MLLT116","MLLT11",5,3.10789191528203,10
"ADGRL36","ADGRL3",7,2.81625062820577,10
"RPL13P126","RPL13P12",9,5.16978900785343,10
"FBXO466","FBXO46",10,2.37104000344138,10
"TNFSF13B6","TNFSF13B",10,3.5297668819462,10
"MCTP26","MCTP2",10,2.88568823426046,10
"TAF46","TAF4",2,2.52378652165479,10
"TRPM26","TRPM2",4,2.95189975431936,10
"TMEM606","TMEM60",4,3.27057942276201,10
"DLL46","DLL4",7,2.97005056287027,10
"L3MBTL16","L3MBTL1",7,3.21235340909591,10
"RNF2076","RNF207",2,2.65653113862485,10
"TMEM626","TMEM62",3,3.48674101623221,10
"SIGLEC17P6","SIGLEC17P",9,2.82683647435286,10
"TST6","TST",6,2.51252692737184,10
"ITGA36","ITGA3",1,2.57991308036885,10
"STK266","STK26",10,3.26031274037111,10
"CFAP706","CFAP70",1,2.58301958158237,10
"FOXC26","FOXC2",4,2.79020742097923,10
"ARHGEF266","ARHGEF26",9,2.72250561645579,10
"APBB36","APBB3",7,2.8749768289088,10
"TSPAN116","TSPAN11",7,2.6249367569792,10
"SRPX26","SRPX2",4,3.400884334167,10
"CD300E6","CD300E",8,4.7581610060555,10
"AVPR1A6","AVPR1A",7,2.90865540268922,10
"CORO2B6","CORO2B",6,2.90287150846049,10
"ABCG16","ABCG1",4,2.46013321575611,10
"MYOM26","MYOM2",6,3.2528390181542,10
"DENND2D6","DENND2D",10,4.65462480204761,10
"FAM122C6","FAM122C",10,3.07150735687034,10
"ARMCX16","ARMCX1",2,3.1250187237817,10
"COL21A16","COL21A1",7,3.23144388360211,10
"CDC42EP56","CDC42EP5",7,3.07421332017726,10
"ELN6","ELN",9,4.11314260506882,10
"TMEM516","TMEM51",5,3.07737621288335,10
"F11R6","F11R",1,2.94649050847752,10
"CRYZL2P6","CRYZL2P",2,2.58493927820507,10
"CHST146","CHST14",4,2.81403730291416,10
"MTCO1P406","MTCO1P40",6,2.86026520937516,10
"PITHD16","PITHD1",6,2.93605071483699,10
"KCNK26","KCNK2",9,2.84650016876278,10
"LINC022106","LINC02210",7,2.65074396300526,10
"SLC20A26","SLC20A2",4,2.5385800049491,10
"PIK3C2B6","PIK3C2B",10,2.69855967801816,10
"RPS6KA66","RPS6KA6",7,3.10713079180778,10
"PLEKHN16","PLEKHN1",1,2.78355587758778,10
"SEL1L36","SEL1L3",10,4.82857711157966,10
"DSN16","DSN1",10,2.53208514907515,10
"VNN26","VNN2",10,3.34298923001172,10
"ATP5MD6","ATP5MD",8,3.38163816113131,10
"NLRP36","NLRP3",8,3.44300540101782,10
"CELSR26","CELSR2",1,3.37230452467716,10
"PPM1L6","PPM1L",9,2.17952438670619,10
"CHST26","CHST2",5,2.78191643898167,10
"NAALADL26","NAALADL2",7,3.36826189650027,10
"ARHGAP406","ARHGAP40",3,3.06415296894805,10
"KCNAB26","KCNAB2",10,4.07745775843746,10
"SHC26","SHC2",7,3.96514595045077,10
"PRR5L6","PRR5L",4,3.45653288112027,10
"RCAN36","RCAN3",10,3.41060388341737,10
"SLC5A66","SLC5A6",1,3.039060698263,10
"RECK6","RECK",7,3.19245677962952,10
"SLC16A96","SLC16A9",9,3.51931063022486,10
"GLTP6","GLTP",4,2.58482724572566,10
"PLCG16","PLCG1",4,2.57785731245594,10
"FGF186","FGF18",9,2.86136097930743,10
"BTN3A16","BTN3A1",10,3.56643679268928,10
"RMND5A6","RMND5A",6,2.78998141661081,10
"LPCAT46","LPCAT4",6,2.5929041052061,10
"SLC36A16","SLC36A1",4,3.15641343472147,10
"KANK16","KANK1",1,2.65567603023418,10
"TBX5-AS16","TBX5-AS1",9,3.31765474919545,10
"KLHL36","KLHL3",7,3.75272915624055,10
"GATA66","GATA6",6,2.74374416358866,10
"METTL21A6","METTL21A",2,2.38580148693362,10
"F13A16","F13A1",9,4.0384033340807,10
"AC006115.26","AC006115.2",7,2.99663683251526,10
"LCAT6","LCAT",7,4.11421557597222,10
"TMEM2206","TMEM220",6,2.74187648488984,10
"DDX286","DDX28",8,2.4134757252038,10
"SLFN126","SLFN12",2,2.41160424507198,10
"WDR376","WDR37",8,2.40025038604791,10
"FAR26","FAR2",3,2.95366279053017,10
"KNTC16","KNTC1",10,3.42018283928164,10
"ERAP26","ERAP2",10,3.02968822355047,10
"SMAD96","SMAD9",7,3.79492972896715,10
"DTX36","DTX3",2,3.06696534861999,10
"ADAMTSL36","ADAMTSL3",2,2.95463756457819,10
"SIAE6","SIAE",5,2.31699077559342,10
"TALDO16","TALDO1",4,2.7766419171698,10
"RFWD36","RFWD3",10,2.40270379953402,10
"RGS196","RGS19",10,3.67192587255983,10
"MPZ6","MPZ",10,2.60471179298987,10
"SLIT26","SLIT2",7,3.48432011280811,10
"SQLE6","SQLE",3,3.10695524466083,10
"CYSLTR16","CYSLTR1",10,3.54943330075253,10
"RTL8C6","RTL8C",4,3.10651885445586,10
"NCKIPSD6","NCKIPSD",2,2.47622397944159,10
"IL20RA6","IL20RA",3,3.17799454569145,10
"ZNF5616","ZNF561",1,2.87874542745389,10
"WNT9A6","WNT9A",9,2.60882813356958,10
"ATG4C6","ATG4C",10,2.84555443847344,10
"MRPL446","MRPL44",4,2.44308458040509,10
"TGFB26","TGFB2",5,2.64447267891327,10
"AZIN26","AZIN2",4,3.90824114960424,10
"RASL126","RASL12",2,3.00378599666064,10
"CD286","CD28",10,3.75479712065847,10
"SPATA186","SPATA18",2,2.96073139070184,10
"ADORA36","ADORA3",4,3.41787153787013,10
"SLC39A86","SLC39A8",10,2.40895886836121,10
"LNX16","LNX1",7,3.14011157573394,10
"NYNRIN6","NYNRIN",7,3.06377759746283,10
"IFT526","IFT52",4,2.57154211302832,10
"HCAR16","HCAR1",1,3.37992639859037,10
"FJX16","FJX1",5,3.39928340440429,10
"LRP86","LRP8",10,3.29397107927417,10
"FANCA6","FANCA",10,2.72946095679813,10
"SYT76","SYT7",5,3.40578033599608,10
"MYO1D6","MYO1D",4,4.07292274450217,10
"DHRS4-AS16","DHRS4-AS1",4,2.35798998307873,10
"NCMAP6","NCMAP",1,3.50091152589677,10
"LACC16","LACC1",9,2.97971342053751,10
"MARCHF36","MARCHF3",6,2.85785408197772,10
"ST6GAL16","ST6GAL1",10,3.34688786321091,10
"SLC31A26","SLC31A2",4,2.87976486022873,10
"SHKBP16","SHKBP1",10,2.65077913295422,10
"DDAH16","DDAH1",5,3.42265336387337,10
"MRPL396","MRPL39",6,2.41925265463905,10
"MAFK6","MAFK",7,3.61271357287779,10
"CACNA1H6","CACNA1H",7,2.65393264704591,10
"ADAMTS166","ADAMTS16",4,3.55942801639473,10
"BMF6","BMF",4,3.19580126644276,10
"ABCG26","ABCG2",2,3.27082701684713,10
"RHBDF16","RHBDF1",7,3.45692215252485,10
"KIFC16","KIFC1",4,2.80468697368755,10
"SERTAD36","SERTAD3",6,2.82398215052408,10
"PC6","PC",2,3.44496386885117,10
"RDH136","RDH13",3,2.54217767222855,10
"GTPBP36","GTPBP3",1,2.67959631546453,10
"ZNF3316","ZNF331",8,3.231870132892,10
"PILRB6","PILRB",9,2.38113281495732,10
"RBM206","RBM20",3,3.64633267163205,10
"CDH66","CDH6",7,2.69250175344749,10
"SALL26","SALL2",2,3.56522280615524,10
"MYH146","MYH14",1,4.44370759608734,10
"ACAN6","ACAN",5,3.12418752893566,10
"MELTF6","MELTF",1,3.23281766133039,10
"WFDC21P6","WFDC21P",10,3.51633142513662,10
"SRARP6","SRARP",3,3.98034113484593,10
"RAE16","RAE1",4,2.77566696001151,10
"UCP26","UCP2",10,3.57560361524684,10
"GRIA46","GRIA4",2,2.83552948491915,10
"PIM16","PIM1",8,4.44862123346554,10
"FOLR26","FOLR2",9,3.04118181200216,10
"BPGM6","BPGM",4,3.16326604376381,10
"SPRY46","SPRY4",5,3.21633998434714,10
"AMZ26","AMZ2",4,2.36319541107358,10
"SP26","SP2",6,2.2157732946616,10
"RASSF56","RASSF5",10,4.25772434371192,10
"CNPY46","CNPY4",2,3.0958403490852,10
"AC008771.16","AC008771.1",3,2.80685941183759,10
"LINGO16","LINGO1",5,3.07479039013145,10
"KIAA1324L6","KIAA1324L",4,2.69950409509273,10
"TMPRSS26","TMPRSS2",1,4.07011748628046,10
"LINC002946","LINC00294",9,2.46536132512444,10
"ARHGAP11A6","ARHGAP11A",10,2.75987575635224,10
"AC027290.36","AC027290.3",7,3.69483396135542,10
"ATP6AP16","ATP6AP1",4,2.84740181682963,10
"UBE2QL16","UBE2QL1",4,2.90285347932597,10
"TRAF46","TRAF4",1,3.73534363247845,10
"TRABD2B6","TRABD2B",9,2.91499863453056,10
"TEX96","TEX9",10,2.78410740182917,10
"ST6GALNAC36","ST6GALNAC3",7,3.08439735524414,10
"PCDHB96","PCDHB9",7,3.20280308438771,10
"NFASC6","NFASC",1,3.18103454068085,10
"ADRA2A6","ADRA2A",9,3.92101083275659,10
"EDEM16","EDEM1",10,3.40160840120883,10
"CKAP26","CKAP2",10,3.29594480509349,10
"SATB1-AS16","SATB1-AS1",10,3.41831645542461,10
"MYD886","MYD88",8,3.58471878926117,10
"SMYD36","SMYD3",4,2.88232084245374,10
"RAB40C6","RAB40C",6,2.44397300769278,10
"SLC38A116","SLC38A11",7,2.94444106879849,10
"AC016957.26","AC016957.2",10,3.33824035354105,10
"STEAP46","STEAP4",9,3.68266357593765,10
"NOP56P36","NOP56P3",5,3.30892076127326,10
"TMTC26","TMTC2",2,2.7713746234138,10
"P4HTM6","P4HTM",2,2.82083991294131,10
"TINF26","TINF2",4,2.80142219990613,10
"SCARA36","SCARA3",9,2.63524677312585,10
"SOX56","SOX5",7,3.88456832955443,10
"PTPRU6","PTPRU",4,3.05563395718939,10
"SH3BP16","SH3BP1",10,3.63022686017658,10
"HEATR5A6","HEATR5A",1,2.3390330520562,10
"AC091563.16","AC091563.1",9,3.09047216015135,10
"VWA5A6","VWA5A",6,3.09938705439203,10
"INTS96","INTS9",10,2.35368239703615,10
"AFAP1L26","AFAP1L2",2,3.4217996447056,10
"HSF46","HSF4",6,2.28791665306864,10
"SNORA126","SNORA12",9,2.6323133916186,10
"AC098650.16","AC098650.1",2,3.14554111789324,10
"MAPK106","MAPK10",7,3.36854572375733,10
"RNU4-26","RNU4-2",10,3.36861728649284,10
"AL353622.16","AL353622.1",10,3.41815493091746,10
"DONSON6","DONSON",1,2.52533025162702,10
"ETV16","ETV1",2,3.76913874209362,10
"B3GNT56","B3GNT5",5,3.09900439630387,10
"GTSE16","GTSE1",5,3.40450525535747,10
"H2AX6","H2AX",5,2.67714429117937,10
"TINAGL16","TINAGL1",7,3.05264507417812,10
"MIR193BHG6","MIR193BHG",7,3.36031779023039,10
"CASP66","CASP6",1,2.34145827063977,10
"GAR16","GAR1",8,2.95734127376952,10
"CHKA6","CHKA",1,2.72106409732686,10
"MPC26","MPC2",3,3.33261648333598,10
"GPRIN36","GPRIN3",10,3.69076853322065,10
"METTL46","METTL4",10,3.05750333893541,10
"ADAMTS66","ADAMTS6",4,3.41697520684819,10
"FBXW46","FBXW4",2,2.52011458622003,10
"ATOH86","ATOH8",2,2.88029011062129,10
"FAM174A6","FAM174A",2,2.7835398314182,10
"TP53TG16","TP53TG1",3,2.67964835289222,10
"SLC43A26","SLC43A2",8,2.78328685739826,10
"DNAAF26","DNAAF2",4,2.38971100056385,10
"TMEM546","TMEM54",4,2.7934050066537,10
"LANCL16","LANCL1",2,3.12264665621393,10
"SLC9A3R16","SLC9A3R1",3,3.16092098140869,10
"TDO26","TDO2",10,3.06483996633932,10
"MCM56","MCM5",10,3.15482735398517,10
"DHX586","DHX58",10,2.66268833069098,10
"BACH26","BACH2",9,2.92477704262668,10
"AVIL6","AVIL",7,2.8924095024432,10
"FBXL126","FBXL12",2,2.55236079561388,10
"DPY19L16","DPY19L1",4,3.78972508458658,10
"RBM76","RBM7",6,2.53435858074036,10
"TCTN26","TCTN2",6,2.83840913065084,10
"BST26","BST2",10,2.71184232588258,10
"HS3ST3B16","HS3ST3B1",10,2.95911427609695,10
"DNAH146","DNAH14",5,2.96912974059268,10
"ALS2CL6","ALS2CL",7,3.17674055024303,10
"WHRN6","WHRN",1,2.644548717623,10
"AC020978.96","AC020978.9",7,2.76524008830631,10
"SMIM276","SMIM27",4,2.44900224838135,10
"FAIM26","FAIM2",2,3.5645722267368,10
"MTLN6","MTLN",6,2.84637473977587,10
"GFPT26","GFPT2",8,4.2893744624766,10
"GTF2IRD26","GTF2IRD2",6,2.92355265791855,10
"NR5A26","NR5A2",7,3.24154603678951,10
"LAIR26","LAIR2",5,2.88281347619864,10
"TSPOAP16","TSPOAP1",1,2.77092110478209,10
"KIFC36","KIFC3",4,3.74020782531717,10
"RASGRF26","RASGRF2",4,3.37415341730258,10
"PTPRO6","PTPRO",4,2.6670312483212,10
"PDE4DIP6","PDE4DIP",2,3.25193463781859,10
"LPAR56","LPAR5",10,3.45788457489512,10
"PTGR26","PTGR2",3,2.30743903174067,10
"WNT10A6","WNT10A",10,4.2851342141785,10
"SMPD36","SMPD3",10,4.08176691978856,10
"AL355488.16","AL355488.1",10,2.68146168288282,10
"RBM12B6","RBM12B",9,3.34390102478351,10
"BLCAP6","BLCAP",2,2.90728621037611,10
"TRAF26","TRAF2",10,3.41986110842711,10
"SH3PXD2B6","SH3PXD2B",7,2.87270599197461,10
"AC027097.16","AC027097.1",10,3.52952500448031,10
"APOBR6","APOBR",8,2.83219767717173,10
"SLC25A406","SLC25A40",6,2.53969116474404,10
"FAM155A6","FAM155A",7,2.92716225517084,10
"GALNT186","GALNT18",4,2.5043517482144,10
"ADHFE16","ADHFE1",10,2.29411210884681,10
"OSCAR6","OSCAR",8,2.77714661489835,10
"PRKAR2B6","PRKAR2B",6,3.07333816040593,10
"CROT6","CROT",2,2.62125102969647,10
"PDE3A6","PDE3A",4,3.09703833044798,10
"RCAN26","RCAN2",7,3.23307504262411,10
"QPCT6","QPCT",2,2.6951422694811,10
"RIDA6","RIDA",5,2.75150309210832,10
"CXCL166","CXCL16",4,3.09716113380596,10
"FLT36","FLT3",10,4.02959399905872,10
"BRMS16","BRMS1",6,2.28134529962215,10
"PIF16","PIF1",5,3.39843117278476,10
"CD40LG6","CD40LG",10,3.71840298397195,10
"PPM1M6","PPM1M",4,2.78094836830267,10
"ADCY46","ADCY4",7,4.0667443065398,10
"ACTR3B6","ACTR3B",1,2.98417764618518,10
"SYNPO6","SYNPO",7,3.05807923759642,10
"RELT6","RELT",10,3.10884951063388,10
"CROCC6","CROCC",2,2.85593097905136,10
"SYT126","SYT12",1,3.48911846504892,10
"MS4A4A6","MS4A4A",9,3.19860831773154,10
"FANCF6","FANCF",10,2.87655362462324,10
"FLNC6","FLNC",7,3.53319956606397,10
"POC1B-AS16","POC1B-AS1",10,2.76984438688974,10
"PLCG26","PLCG2",10,4.09010724892256,10
"TACR16","TACR1",7,3.20030757128805,10
"LINC011386","LINC01138",10,3.29280736984,10
"LNX26","LNX2",1,2.80373081765139,10
"AC010997.66","AC010997.6",9,3.57592399149474,10
"ERCC36","ERCC3",2,3.0254229393691,10
"GSTO26","GSTO2",1,3.810534844451,10
"STMN36","STMN3",2,3.09714935272315,10
"WDR196","WDR19",7,2.58223150860327,10
"GADD45B6","GADD45B",7,3.08827475138252,10
"OSBPL56","OSBPL5",6,2.64687301123337,10
"WASF36","WASF3",9,2.96107710113688,10
"LAMA16","LAMA1",5,3.14968576635939,10
"HOXB66","HOXB6",9,2.78620040875008,10
"TBX16","TBX1",7,2.91484069119499,10
"PLCXD36","PLCXD3",7,3.42693349197311,10
"DHRS17","DHRS1",4,2.67851402631383,10
"MBNL36","MBNL3",10,3.5485977381314,10
"AC024075.26","AC024075.2",6,2.80461106670296,10
"FAM83F6","FAM83F",1,3.2238567318148,10
"TBX56","TBX5",9,2.68685691511293,10
"UCKL16","UCKL1",1,2.60633321011211,10
"AP001496.46","AP001496.4",7,3.91982533486999,10
"MXRA76","MXRA7",7,3.32083739310996,10
"CAPN126","CAPN12",10,2.77926264884386,10
"HAS36","HAS3",1,2.85192506617932,10
"GLIPR1L26","GLIPR1L2",7,3.09657619444327,10
"ADAMTSL26","ADAMTSL2",4,3.95627692320281,10
"CERCAM6","CERCAM",4,4.09096689267932,10
"FAM118A6","FAM118A",7,2.40276936569215,10
"KIF116","KIF11",10,3.09892725674237,10
"IBSP6","IBSP",4,3.68518669302055,10
"LRP36","LRP3",7,2.91508462097021,10
"LINC006496","LINC00649",10,4.02973171673293,10
"PYROXD16","PYROXD1",10,2.57677976768132,10
"CYTL16","CYTL1",7,2.56448982880255,10
"KIAA15226","KIAA1522",1,3.1906007099137,10
"AC015883.16","AC015883.1",10,3.0322312252075,10
"PRR146","PRR14",10,2.74032329084911,10
"WIZ6","WIZ",6,3.04567192293014,10
"PBX46","PBX4",10,3.69732318191626,10
"SLC16A46","SLC16A4",2,2.87504869918708,10
"SMAD66","SMAD6",6,2.70085908036735,10
"IL15RA6","IL15RA",6,3.67355905429547,10
"TMEM200C6","TMEM200C",7,3.23497760730907,10
"DCLK26","DCLK2",4,3.02749357213354,10
"SH2D3A6","SH2D3A",1,3.0776487866164,10
"MRPS106","MRPS10",2,2.28690508908149,10
"CIP2A6","CIP2A",10,3.21490598144467,10
"LANCL26","LANCL2",7,2.68132583241652,10
"ERMAP6","ERMAP",4,2.88106335777501,10
"INTU6","INTU",7,3.01108732669823,10
"SNN6","SNN",8,2.65658260688551,10
"PXMP46","PXMP4",3,3.50388529396356,10
"PAGR16","PAGR1",9,3.06563087315891,10
"GJA46","GJA4",6,2.8329408047188,10
"NDUFAF46","NDUFAF4",8,3.30072688140458,10
"AL139113.16","AL139113.1",7,2.45008203178675,10
"TSPAN26","TSPAN2",4,3.91612614208433,10
"ICAM26","ICAM2",6,3.36683073138405,10
"HOXC96","HOXC9",9,3.01081921939836,10
"IFITM26","IFITM2",6,3.13541619397847,10
"YRDC6","YRDC",8,2.57819715944662,10
"PTPRJ6","PTPRJ",10,3.07030139377315,10
"IL1R26","IL1R2",8,3.02549354830561,10
"RPL39L6","RPL39L",5,3.03934739650189,10
"LINC002716","LINC00271",7,3.32253399814874,10
"AC021078.16","AC021078.1",7,3.12699356299792,10
"RPS20P226","RPS20P22",7,3.24885548088389,10
"MET6","MET",1,2.53707153095844,10
"LINC007026","LINC00702",4,2.96662896095265,10
"PRTFDC16","PRTFDC1",2,3.09481229050768,10
"FN3KRP6","FN3KRP",2,2.2573856143845,10
"ARL6IP66","ARL6IP6",2,2.80657212895821,10
"AC093297.26","AC093297.2",9,2.59473971560078,10
"SLC44A46","SLC44A4",3,2.8305371383851,10
"LZTFL16","LZTFL1",2,2.60915866966926,10
"COMMD16","COMMD1",6,2.87128810062545,10
"BMP26","BMP2",7,3.55374178790453,10
"RHOBTB16","RHOBTB1",7,3.30314810380944,10
"UBA76","UBA7",10,2.89826859697544,10
"CPOX6","CPOX",4,2.68466578951597,10
"RTKN7","RTKN",1,3.0844415586089,10
"LIG16","LIG1",10,3.24369356571567,10
"FAM214B6","FAM214B",4,2.90079046882619,10
"ZNF7276","ZNF727",2,3.24477168911199,10
"SSBP26","SSBP2",7,3.18847430670998,10
"AIFM16","AIFM1",10,2.58261682396635,10
"ZNF2516","ZNF251",7,2.50656107288059,10
"LINC010046","LINC01004",2,2.97054207157261,10
"CACNB36","CACNB3",7,2.80672634530161,10
"TMEM2736","TMEM273",9,2.63498438928605,10
"AL109976.16","AL109976.1",7,3.5884561889844,10
"FADD6","FADD",4,2.93326653918416,10
"RPS136","RPS13",2,3.29941277514861,10
"FAM227A6","FAM227A",5,2.74179292973703,10
"ITGAM6","ITGAM",8,3.36658911640051,10
"KIFC26","KIFC2",7,2.95065472732505,10
"NUGGC6","NUGGC",10,3.51228350580203,10
"MZT16","MZT1",4,2.56802516302721,10
"SBK16","SBK1",10,3.31763629480699,10
"PRAME6","PRAME",5,3.28012911235413,10
"AC012236.16","AC012236.1",10,3.66110589082374,10
"WRAP736","WRAP73",2,2.72276905387631,10
"INTS6L6","INTS6L",10,3.05104699780673,10
"TXLNB6","TXLNB",7,2.51223894296573,10
"NPC16","NPC1",4,2.77335129954536,10
"COX176","COX17",8,2.80822751345209,10
"MGAT36","MGAT3",6,2.74188348486113,10
"HAUS16","HAUS1",8,2.42506939625737,10
"HOXA-AS26","HOXA-AS2",9,3.40149704888944,10
"ABCD46","ABCD4",9,2.52447761580071,10
"ZNF5506","ZNF550",10,2.80823654625149,10
"PLD46","PLD4",10,3.77718828075518,10
"PSMD106","PSMD10",6,2.68265544089793,10
"AC016831.46","AC016831.4",10,2.95895131002491,10
"ROR26","ROR2",7,2.94587527986584,10
"SPRED26","SPRED2",2,3.60934279079285,10
"ARMC96","ARMC9",4,2.94050895377726,10
"ALDH1L26","ALDH1L2",4,3.23111935360955,10
"MAD2L1BP6","MAD2L1BP",6,2.50748905703131,10
"NRBP26","NRBP2",7,2.74090189007574,10
"DNAJB46","DNAJB4",7,2.77516054271454,10
"IGFN16","IGFN1",9,3.25575735406359,10
"ORC66","ORC6",10,3.04028403644533,10
"REC86","REC8",10,2.79240278064226,10
"NOL116","NOL11",2,2.45470971432802,10
"CLEC7A6","CLEC7A",8,2.92636012359878,10
"TEX306","TEX30",6,2.73293978479989,10
"ZNF5136","ZNF513",8,2.77488364309735,10
"CUTC6","CUTC",4,2.72508955022399,10
"ARNTL7","ARNTL",8,2.56784054427179,10
"GPD1L6","GPD1L",6,2.73662113615926,10
"CDKN1C6","CDKN1C",7,3.39973425531898,10
"ABCB106","ABCB10",6,2.60132332833849,10
"TSPAN66","TSPAN6",2,2.64783947016778,10
"ZBTB7C6","ZBTB7C",3,2.80049850678345,10
"RPL23AP326","RPL23AP32",7,3.18782633522695,10
"ZDHHC126","ZDHHC12",4,2.57059713344855,10
"SNRNP256","SNRNP25",10,2.46117121090314,10
"IL18R16","IL18R1",10,3.20878388546176,10
"PROSER16","PROSER1",4,2.25092848934172,10
"TRIM696","TRIM69",10,2.85624356648445,10
"ATP10A6","ATP10A",4,3.20407940953555,10
"QSOX26","QSOX2",10,2.48921222245226,10
"RUVBL16","RUVBL1",4,2.43786373827393,10
"PIK3R36","PIK3R3",7,2.39804346792739,10
"SND1-IT16","SND1-IT1",10,2.8060790843845,10
"CCNF6","CCNF",3,2.76266050800309,10
"FKBP56","FKBP5",3,4.31156520548174,10
"TNFRSF10D6","TNFRSF10D",8,2.94740832578161,10
"TMEM86A6","TMEM86A",4,2.70014386815417,10
"LRR16","LRR1",8,2.43391984116096,10
"BCL2L126","BCL2L12",4,2.50358152599789,10
"PREX26","PREX2",7,3.95992203466475,10
"CD1096","CD109",4,3.56898435155794,10
"ANKRD33B6","ANKRD33B",9,3.26553210560737,10
"HMCN16","HMCN1",7,3.77163345252395,10
"NSUN5P16","NSUN5P1",1,2.59333585340081,10
"CNTN36","CNTN3",5,3.05645310235807,10
"FAM53B6","FAM53B",10,3.47054428182326,10
"LINC005116","LINC00511",7,3.47529380793025,10
"CTPS16","CTPS1",10,2.42735136596572,10
"NDUFAF16","NDUFAF1",6,2.29992328355303,10
"AL162595.16","AL162595.1",7,3.27453882279099,10
"PPP1R13B6","PPP1R13B",6,2.97741536979287,10
"PPP2R5A6","PPP2R5A",6,3.20623177859248,10
"AC135050.66","AC135050.6",2,2.93888333796383,10
"TMEM106A6","TMEM106A",5,2.8034773973094,10
"TEAD36","TEAD3",7,2.85318530407126,10
"DHRS126","DHRS12",2,2.67653502608637,10
"TMEM200B6","TMEM200B",2,3.12373967118033,10
"CTSF6","CTSF",9,2.99671031982074,10
"TRDN6","TRDN",9,3.92823995078525,10
"DNASE1L36","DNASE1L3",10,3.15792871984866,10
"LINC011166","LINC01116",7,2.85606532368419,10
"BBC36","BBC3",4,2.6009460901103,10
"DYNC2LI16","DYNC2LI1",2,2.90131803861114,10
"BCAR36","BCAR3",4,2.33360162066532,10
"HOMER16","HOMER1",5,3.01459850297359,10
"FRAT26","FRAT2",8,2.59302092522159,10
"ARAP36","ARAP3",7,3.37955106950958,10
"PEX136","PEX13",1,2.6892717462424,10
"BCAS16","BCAS1",9,2.70121559897853,10
"ZNF4416","ZNF441",9,3.12542785660814,10
"RASSF76","RASSF7",1,2.77387882573596,10
"B3GAT36","B3GAT3",10,2.34664742276762,10
"TENT4A6","TENT4A",2,2.33738987641994,10
"ITIH56","ITIH5",7,3.49493961692716,10
"ZNF1896","ZNF189",6,2.63741198476373,10
"UST6","UST",7,2.73000738100614,10
"TAP16","TAP1",10,3.71962543654575,10
"GEMIN86","GEMIN8",6,2.48374653012974,10
"FDX16","FDX1",8,2.37430070059583,10
"GAS2L36","GAS2L3",4,2.7382067566703,10
"PUS76","PUS7",5,2.53670255997441,10
"SMIM136","SMIM13",4,2.36630896201044,10
"CABLES16","CABLES1",5,2.68941948404437,10
"ZBTB146","ZBTB14",2,2.98013446421543,10
"KDR6","KDR",6,3.19200544584186,10
"ARHGEF56","ARHGEF5",1,3.46834516637992,10
"PRKD26","PRKD2",10,3.11241887032571,10
"FAIM7","FAIM",2,2.43982236228116,10
"SLCO4A16","SLCO4A1",8,2.75985651648202,10
"STARD46","STARD4",10,2.67601967938399,10
"MED316","MED31",2,2.76664087759025,10
"CCDC1686","CCDC168",7,3.50096694371905,10
"MYCT16","MYCT1",7,3.23378411042282,10
"FUCA26","FUCA2",6,2.8593985424759,10
"WDR456","WDR45",1,2.36830402682558,10
"TRIB16","TRIB1",8,2.79446476488558,10
"SIDT16","SIDT1",10,3.75119097525638,10
"NAA106","NAA10",3,2.50329095555586,10
"TBPL16","TBPL1",2,2.4672873000945,10
"OCRL6","OCRL",2,2.49018229553845,10
"CRACR2A6","CRACR2A",10,2.81526978974002,10
"MSC6","MSC",4,2.94766128200746,10
"NOP166","NOP16",8,3.93059620987422,10
"INTS136","INTS13",10,2.2405222601175,10
"NACC26","NACC2",9,2.81214201041205,10
"SCML16","SCML1",8,2.57999706573042,10
"TLCD56","TLCD5",7,2.63643796048771,10
"PLGRKT6","PLGRKT",4,2.65199322741603,10
"SLC30A66","SLC30A6",6,2.60819678377863,10
"ATP8A16","ATP8A1",10,4.05041782398248,10
"PLCL16","PLCL1",9,2.81428402767583,10
"AL158206.16","AL158206.1",9,2.73911727656419,10
"AC090559.26","AC090559.2",10,3.1534541684045,10
"MYO1F6","MYO1F",10,3.29249107314728,10
"OSM6","OSM",8,4.54837815061774,10
"FAM229B6","FAM229B",7,2.56751619872732,10
"MAP3K126","MAP3K12",7,3.76496301060582,10
"MSC-AS16","MSC-AS1",4,3.06104061874461,10
"MAGOHB6","MAGOHB",2,2.50344632536276,10
"ZNF3346","ZNF334",7,2.93740864360806,10
"SEMA3B6","SEMA3B",7,3.0814241875769,10
"MAP3K146","MAP3K14",8,2.85699437511268,10
"DPH26","DPH2",6,2.37659806742191,10
"ALDH18A16","ALDH18A1",5,2.74412362457866,10
"MTFR16","MTFR1",4,2.66954336313662,10
"GRPEL26","GRPEL2",10,2.64991247587743,10
"OXNAD16","OXNAD1",10,3.83318913866412,10
"SETD66","SETD6",2,2.31839388494395,10
"MED96","MED9",2,2.89857155209253,10
"DISC16","DISC1",7,2.68208100225865,10
"MRPS96","MRPS9",6,2.55987873251238,10
"MTURN6","MTURN",9,2.93952364964482,10
"XPO56","XPO5",8,2.70144415654011,10
"SLC29A16","SLC29A1",4,3.07476603734545,10
"PFKP6","PFKP",8,2.38367690347816,10
"BDH16","BDH1",3,2.80061265144172,10
"POLRMT6","POLRMT",10,2.38120475842074,10
"DIPK1B6","DIPK1B",7,3.0482570929811,10
"HSBP1L16","HSBP1L1",1,2.51875177835406,10
"FZD66","FZD6",4,2.86970270341636,10
"SGMS26","SGMS2",4,3.18506155291876,10
"GLA6","GLA",8,2.47147222209185,10
"COMMD86","COMMD8",10,3.10209582024257,10
"CEP1266","CEP126",7,3.91514305194895,10
"RNF1386","RNF138",10,2.41426802330185,10
"AC005906.26","AC005906.2",7,3.62985925675738,10
"TP53INP26","TP53INP2",6,2.50054415792059,10
"TRMT2B6","TRMT2B",10,2.82785845701253,10
"SIX56","SIX5",2,3.13034400881322,10
"FAM110B6","FAM110B",2,2.85050906110104,10
"GNPNAT16","GNPNAT1",3,2.49526005924272,10
"IRS16","IRS1",2,3.04594641544134,10
"NRGN6","NRGN",5,3.14107246929211,10
"MAP3K7CL6","MAP3K7CL",4,2.89011683261162,10
"RHEX6","RHEX",2,2.74542007426988,10
"NETO26","NETO2",5,2.65462123978565,10
"PLEKHF16","PLEKHF1",4,2.66880871033253,10
"SPAG166","SPAG16",6,2.64714143459248,10
"FAM199X6","FAM199X",4,2.55190470042223,10
"LRP126","LRP12",5,3.19012727349866,10
"ECT26","ECT2",4,2.68440183948883,10
"AP000915.26","AP000915.2",7,3.133927302606,10
"ACP56","ACP5",10,3.00724418354196,10
"GRAMD46","GRAMD4",4,2.69942754643638,10
"FAP6","FAP",4,4.4685446390429,10
"LINC013596","LINC01359",7,2.75025045223634,10
"CGN6","CGN",1,4.20992033408446,10
"MAATS16","MAATS1",9,2.95584649005319,10
"PPFIA26","PPFIA2",9,3.25038952131381,10
"ZSCAN256","ZSCAN25",10,2.58973436568765,10
"AC026124.16","AC026124.1",7,2.77786377021854,10
"SLC50A16","SLC50A1",3,2.58811916548949,10
"ANGPT16","ANGPT1",9,3.16663092848353,10
"PGS16","PGS1",8,2.7163157068696,10
"SLC25A456","SLC25A45",10,3.03919527381983,10
"ADAM236","ADAM23",9,2.6800925043921,10
"AMOT6","AMOT",7,2.59472420814424,10
"IFRD26","IFRD2",8,2.66204930855739,10
"AC008105.36","AC008105.3",10,4.0315611046886,10
"PITPNM36","PITPNM3",2,3.16880785777465,10
"GAS6-AS16","GAS6-AS1",10,3.68678434431053,10
"DGKA6","DGKA",10,4.25262144030386,10
"PPP1R16A6","PPP1R16A",1,3.58887690133872,10
"DYNC1I16","DYNC1I1",7,3.56160936128452,10
"SAMD126","SAMD12",10,2.84359841202308,10
"NSMAF6","NSMAF",8,2.69025185557924,10
"AL021368.26","AL021368.2",2,2.76434747051631,10
"TACC26","TACC2",3,2.88790105553417,10
"MT-ND66","MT-ND6",9,3.38256313095068,10
"HCP56","HCP5",10,4.35965531125121,10
"SEMA3E6","SEMA3E",9,3.05573772261645,10
"FAM111B6","FAM111B",10,3.09746821368687,10
"GULP16","GULP1",7,3.54352649579672,10
"GPSM36","GPSM3",10,4.58253456830509,10
"INPP5E6","INPP5E",2,2.79878215026135,10
"LDHA6","LDHA",8,3.42807709969005,10
"ARHGAP206","ARHGAP20",7,2.7987958090803,10
"RAB156","RAB15",5,2.96142907891068,10
"AL021707.66","AL021707.6",10,3.17311421022532,10
"CTDP16","CTDP1",8,2.48864474108574,10
"FAM189B6","FAM189B",6,2.59500142415873,10
"TAL16","TAL1",7,3.51219961579745,10
"TNIP26","TNIP2",8,2.92521777109511,10
"CCDC156","CCDC15",3,3.17103619916829,10
"NCAM26","NCAM2",2,2.98713279695816,10
"AP4S16","AP4S1",7,3.67972292301537,10
"SLC31A16","SLC31A1",4,2.52426715663647,10
"NINJ16","NINJ1",6,2.93266716752455,10
"DRAIC6","DRAIC",3,3.45397204984602,10
"SNAI26","SNAI2",2,3.29854860319361,10
"HID16","HID1",6,2.78604956710974,10
"SHISAL2A6","SHISAL2A",10,4.40142111536199,10
"PPIH6","PPIH",2,2.6451753492581,10
"PRR116","PRR11",7,2.80332279510346,10
"KLC46","KLC4",10,2.40344966678823,10
"MIPOL16","MIPOL1",7,2.82476374459206,10
"STARD86","STARD8",7,2.84727428874931,10
"TRIM56","TRIM5",2,2.86142171636678,10
"PGAM56","PGAM5",8,2.87679241350093,10
"RGS146","RGS14",10,3.46276524334557,10
"DCTN1-AS16","DCTN1-AS1",7,3.88503521057901,10
"GPRC5C6","GPRC5C",3,2.70453041942181,10
"NXPH36","NXPH3",2,3.03317519954534,10
"TSNAX6","TSNAX",2,2.38335457973514,10
"RAB3IL16","RAB3IL1",7,3.00780412180194,10
"DKK36","DKK3",4,3.88643274935834,10
"UNC13B6","UNC13B",2,2.74752915184221,10
"CADM46","CADM4",1,2.96663261103176,10
"DBNDD16","DBNDD1",3,3.0903685822368,10
"CDCA7L6","CDCA7L",10,3.179720605939,10
"BEX26","BEX2",1,3.36599011663523,10
"AC006504.76","AC006504.7",10,3.11946453863927,10
"CYP4F36","CYP4F3",7,4.08053618645418,10
"SPAG56","SPAG5",5,3.34215913403806,10
"FCHSD16","FCHSD1",10,2.84934063435912,10
"PLAGL16","PLAGL1",7,3.44039208409429,10
"AC116667.16","AC116667.1",4,3.21843535962674,10
"ROBO36","ROBO3",4,2.74701323540581,10
"FGD26","FGD2",10,4.14324470964248,10
"ZNF7116","ZNF711",2,3.42339422475891,10
"AC124852.16","AC124852.1",9,2.91909767072129,10
"ITGA86","ITGA8",7,2.70709074018463,10
"TBC1D22B6","TBC1D22B",10,2.40896043874733,10
"CDC42-IT16","CDC42-IT1",7,2.79248448909535,10
"LUZP26","LUZP2",2,2.60154486341118,10
"UBA26","UBA2",6,2.89554512266648,10
"CASZ16","CASZ1",1,3.81204953520031,10
"CSRNP36","CSRNP3",7,3.59764215801958,10
"MNDA6","MNDA",8,3.70203320753134,10
"PHLDA16","PHLDA1",8,3.13680224264928,10
"MTERF36","MTERF3",6,2.31804468584342,10
"TDP16","TDP1",10,2.858957180856,10
"KDM1B6","KDM1B",10,2.55528770026365,10
"HSD17B66","HSD17B6",4,4.22541481613076,10
"AUH6","AUH",6,2.58021983215225,10
"FAT36","FAT3",7,3.06947078100975,10
"PFKM6","PFKM",2,3.01341410486459,10
"KALRN6","KALRN",7,3.49617021972173,10
"LINC003246","LINC00324",10,2.82108828008224,10
"CALHM56","CALHM5",4,3.2195664586,10
"P2RX16","P2RX1",10,3.06434373454305,10
"FBXL226","FBXL22",5,2.67722441641958,10
"TBL26","TBL2",6,2.42698591629782,10
"RASIP16","RASIP1",7,4.00423352902908,10
"KRT106","KRT10",4,2.97086461684778,10
"CHST36","CHST3",4,2.59430445923619,10
"Z95114.16","Z95114.1",7,3.86134832825064,10
"AGAP26","AGAP2",10,3.67779426767497,10
"ZNF529-AS16","ZNF529-AS1",2,3.12700967677244,10
"NABP26","NABP2",4,2.98035971124455,10
"ISOC16","ISOC1",8,3.00022234410373,10
"MUC166","MUC16",1,3.41438501583603,10
"HLA-DQA16","HLA-DQA1",10,3.79900648765523,10
"JMJD46","JMJD4",4,2.47333373412071,10
"SIAH16","SIAH1",4,2.68802293769233,10
"CHEK16","CHEK1",10,2.90252444796797,10
"NSRP1P16","NSRP1P1",9,2.67231669896063,10
"L3HYPDH6","L3HYPDH",5,2.38687346371286,10
"P2RX76","P2RX7",10,3.09978319933357,10
"LSR6","LSR",1,2.82892478232096,10
"PLA2G4C6","PLA2G4C",7,3.19040016233652,10
"MLF16","MLF1",7,2.88433091556906,10
"KLHL126","KLHL12",1,2.49229543787132,10
"GAB36","GAB3",10,3.3926195238988,10
"RHBDD16","RHBDD1",10,2.5604603799711,10
"TTC86","TTC8",2,2.642843295122,10
"MEG96","MEG9",7,3.11668724531489,10
"RIPK36","RIPK3",10,3.12113492686412,10
"ACAA26","ACAA2",4,3.32828865645074,10
"MSTO16","MSTO1",6,2.34074953246424,10
"CYP26B16","CYP26B1",4,2.63016534559716,10
"GSR6","GSR",4,2.80330649349674,10
"NUP436","NUP43",4,2.52397858599125,10
"ZC2HC1C6","ZC2HC1C",7,3.77331223901395,10
"FAM92A6","FAM92A",2,2.41647701113482,10
"MYEF26","MYEF2",1,3.75802128982491,10
"ZFPM26","ZFPM2",4,2.92759906019784,10
"GPHN6","GPHN",10,2.18537046053901,10
"GABPB16","GABPB1",7,2.46157364050554,10
"ZNF75D6","ZNF75D",10,2.97245059165689,10
"RALGPS26","RALGPS2",10,3.56333160218498,10
"TUSC16","TUSC1",2,2.65248057062624,10
"SLC25A336","SLC25A33",3,2.80399843109453,10
"NOD26","NOD2",10,3.19356780095343,10
"SPINT26","SPINT2",1,4.16735801320449,10
"SLC25A426","SLC25A42",10,3.1690798789628,10
"NEMP16","NEMP1",10,2.61930371715526,10
"MTHFD26","MTHFD2",8,3.42813340284931,10
"NRXN16","NRXN1",7,3.29594626739936,10
"ACAT26","ACAT2",6,2.36672530550672,10
"SLC41A16","SLC41A1",2,2.40527121119637,10
"AC124947.16","AC124947.1",7,3.50427219484204,10
"PCDH126","PCDH12",4,3.04889428851886,10
"PRC16","PRC1",5,2.77780324544129,10
"MTHFD2L6","MTHFD2L",6,2.61027975501499,10
"UNC1196","UNC119",10,2.99784304384836,10
"SEMA3A6","SEMA3A",4,2.3505570521871,10
"GEMIN66","GEMIN6",6,2.86079021330189,10
"C1QTNF16","C1QTNF1",4,2.81050687507563,10
"TNFRSF46","TNFRSF4",10,3.22067938660683,10
"BET16","BET1",6,2.57937227717698,10
"GLI26","GLI2",9,2.89987680177585,10
"SLC25A256","SLC25A25",8,3.73488031881736,10
"PANX16","PANX1",8,3.0370979335834,10
"DENND5B6","DENND5B",10,2.93446598039284,10
"TCEA26","TCEA2",2,3.01114477271247,10
"FANCM6","FANCM",9,3.18759571216451,10
"ZNRF26","ZNRF2",10,2.45156371438695,10
"EPHA26","EPHA2",7,3.16408551295942,10
"C2orf27A6","C2orf27A",4,3.25844924228696,10
"GFI16","GFI1",10,3.92775823406298,10
"PRKX6","PRKX",10,2.82182173081027,10
"TTF26","TTF2",10,2.88766195783337,10
"CAMK2B6","CAMK2B",1,3.06185660354634,10
"EED6","EED",10,2.7687976432753,10
"FANCI6","FANCI",10,3.45809464724161,10
"AC010226.16","AC010226.1",9,3.26647949439661,10
"AL683813.26","AL683813.2",7,2.70464431933855,10
"ALKAL26","ALKAL2",1,3.0270608400611,10
"METTL156","METTL15",4,2.34866057949599,10
"C9orf646","C9orf64",2,2.40935984616942,10
"BUD136","BUD13",2,2.73670871186061,10
"SCNN1B6","SCNN1B",6,3.71880456606174,10
"PPP2R3A6","PPP2R3A",5,3.02619940112817,10
"EXTL36","EXTL3",4,2.59852363510558,10
"SLC24A36","SLC24A3",5,2.41067091296838,10
"KREMEN16","KREMEN1",2,2.87403182749978,10
"TAF5L6","TAF5L",4,2.60094954564131,10
"RERGL6","RERGL",9,3.3724221111898,10
"PHF5A6","PHF5A",6,2.65184319802525,10
"EAF16","EAF1",2,2.39422024341389,10
"AL356273.66","AL356273.6",7,2.63559722485109,10
"RSPH36","RSPH3",2,2.48342023328135,10
"DNAJB16","DNAJB1",9,2.87356827173627,10
"HCCS6","HCCS",4,2.41883760645919,10
"FADS16","FADS1",4,2.6807546994767,10
"TOR1A6","TOR1A",8,2.56814879715068,10
"OLFM16","OLFM1",7,3.18338267905241,10
"MAP76","MAP7",1,3.23832811316073,10
"SOCS56","SOCS5",8,2.72659608889767,10
"AC092807.46","AC092807.4",4,2.76131275842733,10
"BYSL6","BYSL",5,2.72206842782873,10
"FLYWCH16","FLYWCH1",7,3.03166558676406,10
"ADAMTSL46","ADAMTSL4",9,3.08620029975317,10
"RNF56","RNF5",6,2.94499006619278,10
"CD300LF6","CD300LF",10,3.00460383146722,10
"EOGT6","EOGT",4,2.76254255428434,10
"DNMBP6","DNMBP",2,2.8949120141606,10
"C3orf626","C3orf62",8,2.61543564264422,10
"PHLPP16","PHLPP1",1,2.52758568760656,10
"RIOK26","RIOK2",6,2.68631343754212,10
"SAMD116","SAMD11",7,2.98686636197796,10
"AC004918.16","AC004918.1",4,2.99447855008233,10
"AL390728.46","AL390728.4",10,3.52149883489823,10
"CYYR16","CYYR1",7,2.93388751752068,10
"WNT116","WNT11",7,3.2307961481872,10
"CKS1B6","CKS1B",6,3.1966593613285,10
"YPEL46","YPEL4",7,2.66799254297543,10
"ARHGEF156","ARHGEF15",7,4.10734983103924,10
"AC018500.16","AC018500.1",5,4.34864291656179,10
"KRT6A6","KRT6A",5,2.6954669445262,10
"GSTCD6","GSTCD",6,2.49837915483663,10
"NDUFAF66","NDUFAF6",1,2.57205618676216,10
"AL356534.16","AL356534.1",7,3.99798007918984,10
"NT5DC36","NT5DC3",3,2.12484813920267,10
"CDCA56","CDCA5",5,3.36014705808665,10
"IGFL26","IGFL2",4,3.4670647510364,10
"RTTN6","RTTN",7,3.02828183755161,10
"RNF66","RNF6",6,2.45377097726365,10
"ARMCX26","ARMCX2",7,2.8965149479867,10
"SYK6","SYK",10,3.62537803510919,10
"RNF436","RNF43",1,3.15614360095542,10
"ONECUT26","ONECUT2",7,3.26095299669911,10
"MRPL246","MRPL24",4,2.41244179268159,10
"ARPIN6","ARPIN",2,2.86841576632278,10
"USP216","USP21",4,2.49773235310805,10
"LYSMD26","LYSMD2",10,3.26282425434698,10
"CDKN2C6","CDKN2C",2,2.90942405878569,10
"TTLL76","TTLL7",7,2.90549078696785,10
"WDR666","WDR66",7,3.57477984341118,10
"STARD96","STARD9",7,4.24986939427151,10
"ST3GAL46","ST3GAL4",2,2.93693867910323,10
"FRY6","FRY",7,3.246007420865,10
"CR381670.16","CR381670.1",9,3.67589857658137,10
"AC011379.26","AC011379.2",7,3.39807213919166,10
"CARD66","CARD6",9,2.82798315504345,10
"SUSD26","SUSD2",7,2.53841114347929,10
"AL035071.16","AL035071.1",7,2.31747986728912,10
"SNORD136","SNORD13",10,3.77047598124971,10
"BCKDHB6","BCKDHB",3,2.19275015383801,10
"PIGL6","PIGL",10,2.59535670192818,10
"RNF1666","RNF166",10,3.10492711345137,10
"TRPV26","TRPV2",10,3.05768570240353,10
"MOB3B6","MOB3B",2,3.22111952457578,10
"APLNR6","APLNR",7,3.70988122706181,10
"EID26","EID2",5,2.26589134778534,10
"AC006504.56","AC006504.5",10,2.46150010155258,10
"NRP26","NRP2",4,3.94181308207759,10
"ADM56","ADM5",7,2.99648843845416,10
"ZNF2086","ZNF208",9,2.83053919696992,10
"PCBP46","PCBP4",7,3.56821364425239,10
"BTBD36","BTBD3",5,2.4344749726365,10
"AOC36","AOC3",6,3.40032316608878,10
"ANK26","ANK2",9,4.18666153461963,10
"PDIK1L6","PDIK1L",10,2.62725356657989,10
"TESK16","TESK1",4,2.29235240367457,10
"SMIM106","SMIM10",6,2.77158615570968,10
"TMEM2046","TMEM204",2,3.31797405149647,10
"CDC206","CDC20",5,3.21866893057612,10
"MSRA6","MSRA",2,2.59094692388119,10
"MFSD56","MFSD5",4,3.21439121474702,10
"TMEM986","TMEM98",2,3.21081973532758,10
"UCK26","UCK2",5,2.68269686843422,10
"RBM4B6","RBM4B",2,2.40739470741547,10
"LINC008946","LINC00894",9,2.96961369877145,10
"RPRD1A6","RPRD1A",2,2.58054919624901,10
"CDKL56","CDKL5",7,3.09308205098583,10
"ALG146","ALG14",7,2.92755000899344,10
"KRIT16","KRIT1",2,2.5881025243777,10
"COA66","COA6",5,2.47104371756135,10
"RAPGEF66","RAPGEF6",10,3.27287543639645,10
"JAM36","JAM3",2,3.30055307796131,10
"ASCC26","ASCC2",4,2.35699128596135,10
"ZNF542P6","ZNF542P",2,2.67935902941546,10
"WDR56","WDR5",8,2.71274847477179,10
"ARVCF6","ARVCF",1,2.95393363424783,10
"TSPAN336","TSPAN33",10,3.66094203743481,10
"AC130895.16","AC130895.1",2,2.63640638080089,10
"TXNDC176","TXNDC17",4,3.20833494075777,10
"TRAM2-AS16","TRAM2-AS1",7,2.90737014911934,10
"CREB56","CREB5",7,3.57487614932633,10
"RPL11P36","RPL11P3",2,3.02428509204934,10
"GEMIN46","GEMIN4",1,2.56776407967026,10
"GATB6","GATB",5,2.58155435094144,10
"VPS9D16","VPS9D1",7,2.32832205150169,10
"ARAF6","ARAF",6,2.31535112369798,10
"MALINC16","MALINC1",9,2.64076317391359,10
"PSD46","PSD4",10,4.08569370947907,10
"RAD51AP16","RAD51AP1",10,2.93086498083881,10
"UBXN2B6","UBXN2B",2,2.73245800025679,10
"NEK116","NEK11",7,2.56255132230968,10
"FMC16","FMC1",6,2.32445903098675,10
"MYCBP6","MYCBP",6,2.20314251249345,10
"ZFYVE286","ZFYVE28",10,2.46952710139141,10
"RNF1226","RNF122",8,3.38473777819171,10
"WDR896","WDR89",10,2.49928371531595,10
"UNC13D6","UNC13D",10,3.6201626071786,10
"SLC22A236","SLC22A23",7,2.77774362686015,10
"GLE16","GLE1",10,2.45840483164273,10
"AL357568.26","AL357568.2",9,2.81630024301324,10
"ACYP16","ACYP1",2,2.41026322042802,10
"ABCA36","ABCA3",3,3.33721568006924,10
"WIPF36","WIPF3",2,2.93874901374492,10
"FCGR2B6","FCGR2B",9,2.92703624184934,10
"RP9P6","RP9P",4,2.90523676639187,10
"GEN16","GEN1",10,3.50572578667998,10
"PRF16","PRF1",10,3.73442519612252,10
"DUSP146","DUSP14",4,2.53839247385547,10
"TSPAN326","TSPAN32",10,3.89349266191558,10
"PLEK6","PLEK",10,3.93237604213442,10
"KIF146","KIF14",5,2.96380904053503,10
"ACKR26","ACKR2",7,2.40216727188848,10
"LINC023286","LINC02328",10,3.25364260006127,10
"LINC008476","LINC00847",10,2.95741993255125,10
"VASH26","VASH2",2,2.98955776776521,10
"MPP16","MPP1",8,2.91646061836538,10
"FANCL6","FANCL",10,2.37785585245459,10
"RAB40B6","RAB40B",7,2.4940819886542,10
"RAB236","RAB23",4,3.97361237351893,10
"LONRF16","LONRF1",7,2.98700122432057,10
"GNAO16","GNAO1",7,3.22029481769787,10
"TRAPPC2L6","TRAPPC2L",6,2.74667946199271,10
"TDRD106","TDRD10",7,3.40625109594417,10
"C5orf226","C5orf22",2,2.4127487848156,10
"COA76","COA7",6,2.6339257180463,10
"PIGW6","PIGW",1,2.38037945738062,10
"ASTN16","ASTN1",2,3.64848584587158,10
"PPFIBP26","PPFIBP2",1,2.52632605908254,10
"SPACA66","SPACA6",7,2.27597059187655,10
"SLC37A16","SLC37A1",10,2.51058847451134,10
"BRCA26","BRCA2",10,3.56556577387299,10
"ARHGEF196","ARHGEF19",2,2.85814087132427,10
"DENND4C6","DENND4C",7,3.65277078489125,10
"PLCD36","PLCD3",9,2.93807577277229,10
"KCNN36","KCNN3",6,2.69537648083554,10
"NSMCE26","NSMCE2",4,2.64801529069166,10
"NFKBIE6","NFKBIE",10,3.2407368879731,10
"H2BC20P6","H2BC20P",10,3.3168249255362,10
"GRASP6","GRASP",7,3.44041613758078,10
"SAYSD16","SAYSD1",1,2.49402749142402,10
"ZBTB56","ZBTB5",4,2.54103608598133,10
"ZNF4236","ZNF423",7,3.50319390211174,10
"GPRC5B6","GPRC5B",6,2.87258943645397,10
"TMEM30B6","TMEM30B",3,2.85861932901674,10
"PKN36","PKN3",6,2.92066295809371,10
"BAIAP2L16","BAIAP2L1",1,3.035144761106,10
"CAD6","CAD",10,2.17555106766726,10
"KLHDC16","KLHDC1",9,3.11098840984153,10
"SLC39A116","SLC39A11",6,3.05879431435059,10
"PHKG26","PHKG2",10,2.33531133648037,10
"WDR276","WDR27",7,2.89814550035533,10
"SECTM16","SECTM1",8,3.22952009403345,10
"KL6","KL",6,2.76603142197881,10
