"","Sample","Cluster","Max_Coefficient","Rank"
"set1_3_11770_354_EN_E_S1_R1_001","set1_3_11770_354_EN_E_S1_R1_001",3,0.121629176418064,4
"set1_3_11772_354_IDC_E_S3_R1_001","set1_3_11772_354_IDC_E_S3_R1_001",3,0.112119798141604,4
"set1_3_11774_354_RS1_E_center_S5_R1_001","set1_3_11774_354_RS1_E_center_S5_R1_001",1,0.0876045657291693,4
"set1_3_11776_354_RS1_E_peripheral_S7_R1_001","set1_3_11776_354_RS1_E_peripheral_S7_R1_001",3,0.118117075161919,4
"set1_3_11778_354_RS2_E_center_S9_R1_001","set1_3_11778_354_RS2_E_center_S9_R1_001",3,0.0994626176362093,4
"set1_3_11780_354_RS2_E_peripheral_S11_R1_001","set1_3_11780_354_RS2_E_peripheral_S11_R1_001",3,0.101386721847314,4
"set1_3_11782_354_NL_E_S13_R1_001","set1_3_11782_354_NL_E_S13_R1_001",3,0.114029637797467,4
"set1_3_11784_355_RS1_E_center_S15_R1_001","set1_3_11784_355_RS1_E_center_S15_R1_001",3,0.0791293903804217,4
"set1_3_11786_355_RS1_E_peripheral_S17_R1_001","set1_3_11786_355_RS1_E_peripheral_S17_R1_001",3,0.120962794155449,4
"set1_3_11789_355_RS2_E_center_S20_R1_001","set1_3_11789_355_RS2_E_center_S20_R1_001",1,0.0790532822145594,4
"set1_3_11791_355_RS2_E_peripheral_S22_R1_001","set1_3_11791_355_RS2_E_peripheral_S22_R1_001",3,0.12054461559839,4
"set1_3_11794_355_NL_E_S25_R1_001","set1_3_11794_355_NL_E_S25_R1_001",3,0.102889491265031,4
"set1_3_11796_355_RS3_E_center_S27_R1_001","set1_3_11796_355_RS3_E_center_S27_R1_001",3,0.087324510465036,4
"set1_3_11798_355_RS3_E_peripheral_S29_R1_001","set1_3_11798_355_RS3_E_peripheral_S29_R1_001",3,0.11316467360789,4
"set1_3_11800_356_NL_E_S31_R1_001","set1_3_11800_356_NL_E_S31_R1_001",3,0.111459174536883,4
"set1_3_11802_356_RS1_E_center_S32_R1_001","set1_3_11802_356_RS1_E_center_S32_R1_001",3,0.0904486688709008,4
"set1_3_11804_356_RS1_E_peripheral_S34_R1_001","set1_3_11804_356_RS1_E_peripheral_S34_R1_001",3,0.125093913415541,4
"set1_3_11806_357_NL_E_S50_R1_001","set1_3_11806_357_NL_E_S50_R1_001",3,0.0596436911287519,4
"set1_3_11808_357_RS1_E_center_S32_R1_001","set1_3_11808_357_RS1_E_center_S32_R1_001",1,0.0603063958203578,4
"set1_3_11810_357_RS1_E_peripheral_S5_R1_001","set1_3_11810_357_RS1_E_peripheral_S5_R1_001",3,0.0702051542873614,4
"set1_3_11813_358_NL_E_S36_R1_001","set1_3_11813_358_NL_E_S36_R1_001",3,0.126480799218184,4
"set1_3_11815_358_EN_E_S38_R1_001","set1_3_11815_358_EN_E_S38_R1_001",3,0.126199954934061,4
"set1_3_11817_358_RS1_E_center_S40_R1_001","set1_3_11817_358_RS1_E_center_S40_R1_001",3,0.112112205932872,4
"set1_3_11819_358_RS1_E_peripheral_S42_R1_001","set1_3_11819_358_RS1_E_peripheral_S42_R1_001",3,0.128353273478911,4
"set1_3_11821_358_IBC_E_S44_R1_001","set1_3_11821_358_IBC_E_S44_R1_001",4,0.106733990850124,4
"set1_3_11823_358_RS2_E_center_S46_R1_001","set1_3_11823_358_RS2_E_center_S46_R1_001",1,0.0982913995072251,4
"set1_3_11825_358_RS2_E_peripheral_S48_R1_001","set1_3_11825_358_RS2_E_peripheral_S48_R1_001",3,0.128507444649928,4
"set1_3_11827_359_RS1_E_center_S50_R1_001","set1_3_11827_359_RS1_E_center_S50_R1_001",3,0.0986176139528357,4
"set1_3_11829_359_RS1_E_peripheral_S52_R1_001","set1_3_11829_359_RS1_E_peripheral_S52_R1_001",1,0.109661335011445,4
"set1_3_11831_359_NL_E_S54_R1_001","set1_3_11831_359_NL_E_S54_R1_001",3,0.0869807954460491,4
"set1_3_11833_359_RS2_E_center_S55_R1_001","set1_3_11833_359_RS2_E_center_S55_R1_001",1,0.0721072923012652,4
"set1_3_11835_359_RS2_E_peripheral_S57_R1_001","set1_3_11835_359_RS2_E_peripheral_S57_R1_001",3,0.116445221531358,4
"set1_3_11837_359_IDC_E_S59_R1_001","set1_3_11837_359_IDC_E_S59_R1_001",3,0.109922203615841,4
"set1_3_11838_360_RS1_E_center_S4_R1_001","set1_3_11838_360_RS1_E_center_S4_R1_001",3,0.0920193576290562,4
"set1_3_11840_360_RS1_E_peripheral_S8_R1_001","set1_3_11840_360_RS1_E_peripheral_S8_R1_001",3,0.0812995636827493,4
"set1_3_11842_360_NL_E_S3_R1_001","set1_3_11842_360_NL_E_S3_R1_001",1,0.0696315594342802,4
"set1_3_11844_361_RS1_E_center_S34_R1_001","set1_3_11844_361_RS1_E_center_S34_R1_001",3,0.0545989908833601,4
"set1_3_11846_361_RS1_E_peripheral_S7_R1_001","set1_3_11846_361_RS1_E_peripheral_S7_R1_001",3,0.0826776821822099,4
"set1_3_11848_361_RS2_E_center_S18_R1_001","set1_3_11848_361_RS2_E_center_S18_R1_001",1,0.0608760436191321,4
"set1_3_11850_361_RS2_E_peripheral_S10_R1_001","set1_3_11850_361_RS2_E_peripheral_S10_R1_001",3,0.0816600544499409,4
"set1_3_11852_361_RS4_E_center_S9_R1_001","set1_3_11852_361_RS4_E_center_S9_R1_001",1,0.0552662898362055,4
"set1_3_11854_361_RS4_E_peripheral_S11_R1_001","set1_3_11854_361_RS4_E_peripheral_S11_R1_001",3,0.0847332252994772,4
"set1_3_11856_361_RS3_E_center_S21_R1_001","set1_3_11856_361_RS3_E_center_S21_R1_001",1,0.0573460953446827,4
"set1_3_11858_361_RS3_E_peripheral_S13_R1_001","set1_3_11858_361_RS3_E_peripheral_S13_R1_001",3,0.0666579023674652,4
"set1_3_11860_361_NL_E_S49_R1_001","set1_3_11860_361_NL_E_S49_R1_001",1,0.0604510571203014,4
"set1_3_11862_362_RS1_E_center_S55_R1_001","set1_3_11862_362_RS1_E_center_S55_R1_001",1,0.0692972815746782,4
"set1_3_11864_362_RS1_E_peripheral_S39_R1_001","set1_3_11864_362_RS1_E_peripheral_S39_R1_001",3,0.0779906439517077,4
"set1_3_11867_363_RS1_E_center_S15_R1_001","set1_3_11867_363_RS1_E_center_S15_R1_001",1,0.0567800863229447,4
"set1_3_11869_363_RS1_E_peripheral_S14_R1_001","set1_3_11869_363_RS1_E_peripheral_S14_R1_001",3,0.072590911149012,4
"set1_3_11871_363_NL_E_S47_R1_001","set1_3_11871_363_NL_E_S47_R1_001",1,0.0579160024472397,4
"set1_3_11873_363_IDC_E_S30_R1_001","set1_3_11873_363_IDC_E_S30_R1_001",3,0.0605548727365898,4
"set1_3_11874_364_RS1_E_center_S38_R1_001","set1_3_11874_364_RS1_E_center_S38_R1_001",3,0.0538441478980149,4
"set1_3_11876_364_RS1_E_peripheral_S16_R1_001","set1_3_11876_364_RS1_E_peripheral_S16_R1_001",3,0.0765729689240772,4
"set1_3_11878_364_NL_E_S19_R1_001","set1_3_11878_364_NL_E_S19_R1_001",1,0.067964561716155,4
"set1_3_11880_364_RS2_E_center_S12_R1_001","set1_3_11880_364_RS2_E_center_S12_R1_001",3,0.0743096144963638,4
"set1_3_11882_364_RS2_E_peripheral_S6_R1_001","set1_3_11882_364_RS2_E_peripheral_S6_R1_001",3,0.0648735913757592,4
"set1_3_11885_364_NL_E_S22_R1_001","set1_3_11885_364_NL_E_S22_R1_001",1,0.0724537773041492,4
"set1_3_13813_552_IBC_Ep_1","set1_3_13813_552_IBC_Ep_1",4,0.110263796336706,4
"set1_3_13815_552_EN_Ep_1","set1_3_13815_552_EN_Ep_1",3,0.116541527701262,4
"set1_3_13819_552_NL_Ep","set1_3_13819_552_NL_Ep",1,0.0847497930180554,4
"set1_3_13821_551_IBC_Ep_2","set1_3_13821_551_IBC_Ep_2",2,0.18198761021099,4
"set1_3_13823_551_AM_Ep","set1_3_13823_551_AM_Ep",3,0.0987210051575703,4
"set1_3_13825_551_UDH_Ep","set1_3_13825_551_UDH_Ep",2,0.14727555565174,4
"set1_3_13826_551_NL_Ep","set1_3_13826_551_NL_Ep",1,0.0882578198163985,4
"set1_3_13828_551_DCIS_Ep","set1_3_13828_551_DCIS_Ep",2,0.124923208755767,4
"set1_3_13830_550_ADH_Ep_1","set1_3_13830_550_ADH_Ep_1",2,0.131237460128112,4
"set1_3_13832_550_IBC_Ep_1","set1_3_13832_550_IBC_Ep_1",2,0.149605380109151,4
"set1_3_13834_550_AM_Ep_2","set1_3_13834_550_AM_Ep_2",2,0.175625398694066,4
"set1_3_13836_550_DCIS_Ep_1","set1_3_13836_550_DCIS_Ep_1",2,0.125166691880601,4
"set1_3_13838_550_CCC_Ep","set1_3_13838_550_CCC_Ep",3,0.0948976766854451,4
"set1_3_13840_549_DCIS_Ep","set1_3_13840_549_DCIS_Ep",4,0.125870089059786,4
"set1_3_13842_549_IBC_Ep","set1_3_13842_549_IBC_Ep",4,0.140035899010049,4
"set1_3_13844_549_IN_Ep","set1_3_13844_549_IN_Ep",3,0.0685517652419992,4
"set1_3_13846_550_IBC_Ep_2","set1_3_13846_550_IBC_Ep_2",2,0.115316286424225,4
"set1_3_13848_550_DCIS_Ep_2","set1_3_13848_550_DCIS_Ep_2",2,0.128979066529828,4
"set1_3_13850_549_IP_Ep","set1_3_13850_549_IP_Ep",1,0.079456409415638,4
"set1_3_13852_549_MC_Ep","set1_3_13852_549_MC_Ep",1,0.0766304145198804,4
"set1_3_13854_549_NL_Ep","set1_3_13854_549_NL_Ep",1,0.0935798987964397,4
"set1_3_13856_549_AM_Ep","set1_3_13856_549_AM_Ep",2,0.190520898306393,4
"set1_3_13858_548_DCIS_Ep","set1_3_13858_548_DCIS_Ep",4,0.103705933924667,4
"set1_3_13860_548_IBC_Ep","set1_3_13860_548_IBC_Ep",4,0.102513706543681,4
"set1_3_13862_547_NL_Ep","set1_3_13862_547_NL_Ep",1,0.108120347334466,4
"set1_3_13864_547_CCC_Ep_1","set1_3_13864_547_CCC_Ep_1",3,0.103385120276559,4
"set1_3_13866_547_CCH_Ep_1","set1_3_13866_547_CCH_Ep_1",3,0.11540015658088,4
"set1_3_13868_547_IBC_Ep_1","set1_3_13868_547_IBC_Ep_1",4,0.113083898405176,4
"set1_3_13870_547_DCIS_Ep","set1_3_13870_547_DCIS_Ep",4,0.125558860697498,4
"set1_3_13872_547_CCC_Ep_2","set1_3_13872_547_CCC_Ep_2",3,0.0971507072586271,4
"set1_3_13876_547_CCC_Ep_3","set1_3_13876_547_CCC_Ep_3",3,0.0914330747552025,4
"set1_3_13878_547_IBC_Ep_2","set1_3_13878_547_IBC_Ep_2",4,0.119605395510062,4
"set1_3_13880_547_NL_Ep","set1_3_13880_547_NL_Ep",1,0.0967621241014109,4
"set1_3_13882_546_NL_Ep","set1_3_13882_546_NL_Ep",3,0.0951500942152248,4
"set1_3_13884_546_ALH_Ep","set1_3_13884_546_ALH_Ep",3,0.135875701385207,4
"set1_3_13886_546_IBC_Ep","set1_3_13886_546_IBC_Ep",4,0.125559970896786,4
"set1_3_13888_546_LIN_Ep","set1_3_13888_546_LIN_Ep",1,0.0918903287398304,4
"set1_3_13890_546_CCH_Ep","set1_3_13890_546_CCH_Ep",3,0.136353677505564,4
"set1_3_13892_546_HIN_Ep","set1_3_13892_546_HIN_Ep",1,0.0892420443723584,4
"set1_3_13894_546_MIN_Ep","set1_3_13894_546_MIN_Ep",1,0.104031564606693,4
"set1_3_13896_545_CCC_Ep_1","set1_3_13896_545_CCC_Ep_1",2,0.102188372363043,4
"set1_3_13898_545_ADH_Ep","set1_3_13898_545_ADH_Ep",3,0.128591516113749,4
"set1_3_13900_545_UDH_Ep_1","set1_3_13900_545_UDH_Ep_1",3,0.0935072520934613,4
"set1_3_13902_545_AM_Ep_1","set1_3_13902_545_AM_Ep_1",2,0.186216382700685,4
"set1_3_13904_545_IBC_Ep","set1_3_13904_545_IBC_Ep",2,0.181453669377464,4
"set1_3_13906_545_DCIS_Ep_1","set1_3_13906_545_DCIS_Ep_1",2,0.175523939727044,4
"set1_3_13908_545_CCC_Ep_2","set1_3_13908_545_CCC_Ep_2",3,0.107376419426508,4
"set1_3_13910_545_AM_Ep_2","set1_3_13910_545_AM_Ep_2",2,0.219404905630829,4
"set1_3_13912_545_UDH_Ep_2","set1_3_13912_545_UDH_Ep_2",3,0.10172832488863,4
"set1_3_13914_545_NL_Ep","set1_3_13914_545_NL_Ep",3,0.116128508549781,4
"set1_3_13916_545_DCIS_Ep_2","set1_3_13916_545_DCIS_Ep_2",2,0.20449547023828,4
"set1_3_13918_545_LVI_Ep","set1_3_13918_545_LVI_Ep",2,0.188567852924393,4
"set1_3_13920_544_MC_Ep","set1_3_13920_544_MC_Ep",1,0.0816412101809705,4
"set1_3_13922_544_NL_Ep","set1_3_13922_544_NL_Ep",3,0.0778000246879385,4
"set1_3_13924_544_DCIS_Ep_1","set1_3_13924_544_DCIS_Ep_1",2,0.122716987760066,4
"set1_3_13926_544_DCIS_Ep_2","set1_3_13926_544_DCIS_Ep_2",2,0.137049622164231,4
"set1_3_13928_544_IBC_Ep","set1_3_13928_544_IBC_Ep",2,0.112633798768774,4
"set1_3_13930_544_DCIS_Ep_3","set1_3_13930_544_DCIS_Ep_3",2,0.134130338248215,4
"set1_3_13932_543_CCH_Ep_1","set1_3_13932_543_CCH_Ep_1",3,0.120840441532465,4
"set1_3_13934_543_CCH_Ep_2","set1_3_13934_543_CCH_Ep_2",3,0.126908083336827,4
"set1_3_13936_568_AM_Ep","set1_3_13936_568_AM_Ep",2,0.204456512423414,4
"set1_3_13938_568_NL_Ep","set1_3_13938_568_NL_Ep",1,0.0981249251456782,4
"set1_3_13940_568_IBC_Ep","set1_3_13940_568_IBC_Ep",4,0.138795582665956,4
"set1_3_13942_568_DCIS_Ep","set1_3_13942_568_DCIS_Ep",4,0.128652015580865,4
"set1_3_13944_569_CCC_Ep","set1_3_13944_569_CCC_Ep",3,0.110861626298344,4
"set1_3_13946_570_CCC_Ep_1","set1_3_13946_570_CCC_Ep_1",3,0.126246353795861,4
"set1_3_13948_570_IBC_Ep","set1_3_13948_570_IBC_Ep",3,0.103170292319995,4
"set1_3_13950_570_DCIS_Ep","set1_3_13950_570_DCIS_Ep",3,0.118288258479472,4
"set1_3_13952_570_ADH_Ep_1","set1_3_13952_570_ADH_Ep_1",3,0.129174589249498,4
"set1_3_13954_570_NL_Ep","set1_3_13954_570_NL_Ep",1,0.109272713579998,4
"set1_3_13956_570_CCC_Ep_2","set1_3_13956_570_CCC_Ep_2",3,0.126276004371747,4
"set1_3_13958_570_CCH_Ep","set1_3_13958_570_CCH_Ep",3,0.121994725216103,4
"set1_3_13960_570_ADH_Ep_2","set1_3_13960_570_ADH_Ep_2",3,0.115573555650288,4
"set1_3_13962_569_IBC_Ep","set1_3_13962_569_IBC_Ep",4,0.129804216258808,4
"set1_3_13966_567_ADH_Ep","set1_3_13966_567_ADH_Ep",3,0.0956620305321703,4
"set1_3_13968_567_DCIS_Ep","set1_3_13968_567_DCIS_Ep",4,0.0984391972365852,4
"set1_3_13970_567_IBC_Ep","set1_3_13970_567_IBC_Ep",4,0.13095970466379,4
"set1_3_13972_567_NL_Ep","set1_3_13972_567_NL_Ep",1,0.103641810712566,4
"set1_3_13974_569_NL_Ep","set1_3_13974_569_NL_Ep",3,0.108286949614877,4
"set1_3_13976_565_EN_Ep","set1_3_13976_565_EN_Ep",3,0.123624670367896,4
"set1_3_13978_565_DCIS_Ep","set1_3_13978_565_DCIS_Ep",4,0.0948372072717732,4
"set1_3_13980_565_NL_Ep","set1_3_13980_565_NL_Ep",1,0.104583055855494,4
"set1_3_13982_561_DCIS_Ep","set1_3_13982_561_DCIS_Ep",4,0.113019721641964,4
"set1_3_13984_561_IBC_Ep","set1_3_13984_561_IBC_Ep",4,0.126458472957347,4
"set1_3_13986_561_NL_Ep","set1_3_13986_561_NL_Ep",3,0.123013980299732,4
"set1_3_13987_562_DCIS_Ep_1","set1_3_13987_562_DCIS_Ep_1",4,0.0914380078320217,4
"set1_3_13989_562_NL_Ep_1","set1_3_13989_562_NL_Ep_1",1,0.102815805686053,4
"set1_3_13991_562_DCIS_Ep_2","set1_3_13991_562_DCIS_Ep_2",4,0.137854865825056,4
"set1_3_13993_562_NL_Ep_2","set1_3_13993_562_NL_Ep_2",1,0.080066379959406,4
"set1_3_13995_563_NL_Ep","set1_3_13995_563_NL_Ep",1,0.0905287880252139,4
"set1_3_13999_563_EN_Ep","set1_3_13999_563_EN_Ep",3,0.112772209185709,4
"set1_3_14001_553_DCIS_Ep","set1_3_14001_553_DCIS_Ep",4,0.119173169605019,4
"set1_3_14003_553_IBC_Ep","set1_3_14003_553_IBC_Ep",4,0.108113119731136,4
"set1_3_14005_553_NL_Ep_1","set1_3_14005_553_NL_Ep_1",3,0.101301478470057,4
"set1_3_14007_553_EN_Ep","set1_3_14007_553_EN_Ep",3,0.0975828268897774,4
"set1_3_14009_553_AM_Ep","set1_3_14009_553_AM_Ep",3,0.0936039776261724,4
"set1_3_14011_553_NL_Ep_2","set1_3_14011_553_NL_Ep_2",1,0.0538850402737778,4
"set1_3_14012_560_CCC_Ep","set1_3_14012_560_CCC_Ep",3,0.132628300880092,4
"set1_3_14014_560_AM_Ep","set1_3_14014_560_AM_Ep",2,0.205309049362171,4
"set1_3_14016_560_NL_Ep_1","set1_3_14016_560_NL_Ep_1",3,0.119483911737334,4
"set1_3_14018_560_NL_Ep_2","set1_3_14018_560_NL_Ep_2",3,0.122577540381733,4
"set1_3_14020_560_IBC_Ep_1","set1_3_14020_560_IBC_Ep_1",4,0.128068689029978,4
"set1_3_14022_560_SA_Ep","set1_3_14022_560_SA_Ep",3,0.0905225541018482,4
"set1_3_14024_560_NL_Ep","set1_3_14024_560_NL_Ep",1,0.0902733500736224,4
"set1_3_14025_560_IBC_Ep_2","set1_3_14025_560_IBC_Ep_2",4,0.131461972972275,4
"set1_3_14027_572_IP_Ep","set1_3_14027_572_IP_Ep",3,0.117572347620248,4
"set1_3_14028_572_UDH_Ep","set1_3_14028_572_UDH_Ep",2,0.114617153660011,4
"set1_3_14034_572_IBC_Ep","set1_3_14034_572_IBC_Ep",4,0.12728406403801,4
"set1_3_14036_571_NL_Ep","set1_3_14036_571_NL_Ep",1,0.0789228917761781,4
"set1_3_14038_571_EN_Ep","set1_3_14038_571_EN_Ep",1,0.117686360449694,4
"set1_3_14040_571_DCISw_Ep","set1_3_14040_571_DCISw_Ep",4,0.124800287346469,4
"set1_3_14042_571_DCIS_Ep","set1_3_14042_571_DCIS_Ep",4,0.114883768594918,4
"set1_3_14044_571_IBC_Ep_1","set1_3_14044_571_IBC_Ep_1",4,0.141673107179962,4
"set1_3_14046_571_IBC_Ep_2","set1_3_14046_571_IBC_Ep_2",4,0.142047586134582,4
"set1_3_14048_566_IBC_Ep","set1_3_14048_566_IBC_Ep",4,0.126234233810454,4
"set1_3_14050_566_DCIS_Ep","set1_3_14050_566_DCIS_Ep",4,0.097498084543369,4
"set1_3_14052_566_UDH_Ep","set1_3_14052_566_UDH_Ep",3,0.103040596473147,4
"set1_3_14054_566_CCC_Ep_1","set1_3_14054_566_CCC_Ep_1",3,0.1164314513039,4
"set1_3_14056_566_CCC_Ep_2","set1_3_14056_566_CCC_Ep_2",3,0.114617455201755,4
"set1_3_14058_566_AM_Ep","set1_3_14058_566_AM_Ep",2,0.198857951380434,4
"set1_3_14060_566_NL_Ep","set1_3_14060_566_NL_Ep",3,0.100283321469381,4
"set1_3_14062_564_DCIS_Ep","set1_3_14062_564_DCIS_Ep",4,0.096178587766608,4
"set1_3_14064_564_HP_Ep","set1_3_14064_564_HP_Ep",1,0.0932120374436581,4
"set1_3_14066_564_NL_Ep","set1_3_14066_564_NL_Ep",1,0.0980015723683712,4
"set1_3_14068_564_IBC_Ep","set1_3_14068_564_IBC_Ep",4,0.0923511344748466,4
"set1_3_14070_559_DCIS_Ep","set1_3_14070_559_DCIS_Ep",4,0.129018987441578,4
"set1_3_14072_559_IBC_Ep","set1_3_14072_559_IBC_Ep",4,0.154212689571691,4
"set1_3_14074_559_CCH_Ep","set1_3_14074_559_CCH_Ep",3,0.12646671600535,4
"set1_3_14076_559_AM_Ep","set1_3_14076_559_AM_Ep",2,0.201635488838598,4
"set1_3_14080_558_IBC_Ep","set1_3_14080_558_IBC_Ep",4,0.110341816501724,4
"set1_3_14082_558_NL_Ep_1","set1_3_14082_558_NL_Ep_1",3,0.069351612871099,4
"set1_3_14084_558_DCIS_Ep_1","set1_3_14084_558_DCIS_Ep_1",4,0.123039862876616,4
"set1_3_14086_558_DCIS_Ep_2","set1_3_14086_558_DCIS_Ep_2",4,0.0855846069662483,4
"set1_3_14088_558_IN_Ep","set1_3_14088_558_IN_Ep",1,0.0808248714973718,4
"set1_3_14092_557_IBC_Ep","set1_3_14092_557_IBC_Ep",4,0.130691836459056,4
"set1_3_14094_557_DCIS_Ep","set1_3_14094_557_DCIS_Ep",4,0.120806915095683,4
"set1_3_14096_556_IBC_Ep_1","set1_3_14096_556_IBC_Ep_1",2,0.141868238355871,4
"set1_3_14098_556_ADH_Ep_1","set1_3_14098_556_ADH_Ep_1",3,0.12487081071469,4
"set1_3_14100_556_ADH_Ep_2","set1_3_14100_556_ADH_Ep_2",3,0.134131806712059,4
"set1_3_14102_556_AM_Ep","set1_3_14102_556_AM_Ep",2,0.195301761168822,4
"set1_3_14104_556_IBC_Ep_2","set1_3_14104_556_IBC_Ep_2",2,0.14253281992357,4
"set1_3_14108_556_NL_Ep","set1_3_14108_556_NL_Ep",1,0.0873620090062496,4
"set1_3_14110_555_IN_Ep","set1_3_14110_555_IN_Ep",1,0.102944742929551,4
"set1_3_14112_555_iIBC_Ep","set1_3_14112_555_iIBC_Ep",4,0.10448682894003,4
"set1_3_14114_555_IBC_Ep","set1_3_14114_555_IBC_Ep",4,0.121442378962252,4
"set1_3_14116_555_CCC_Ep","set1_3_14116_555_CCC_Ep",3,0.112661637976761,4
"set1_3_14118_555_NL_Ep","set1_3_14118_555_NL_Ep",1,0.0677885239223913,4
"set1_3_14120_554_RS_Ep_1","set1_3_14120_554_RS_Ep_1",3,0.113074050621881,4
"set1_3_14124_554_EN_Ep","set1_3_14124_554_EN_Ep",3,0.0903368676961894,4
"set1_3_14126_554_IBC_Ep","set1_3_14126_554_IBC_Ep",4,0.113212695322577,4
"set1_3_14128_554_UDH_Ep","set1_3_14128_554_UDH_Ep",3,0.0878319810124483,4
"set1_3_14130_554_DCIS_Ep","set1_3_14130_554_DCIS_Ep",4,0.0875267551721699,4
"set1_3_14134_554_NL_Ep","set1_3_14134_554_NL_Ep",3,0.0865331829427619,4
"set4_10_14731_656_IBC_Ep","set4_10_14731_656_IBC_Ep",4,0.150744625941182,4
"set4_10_14733_656_BBD_Ep","set4_10_14733_656_BBD_Ep",3,0.136830887896226,4
"set4_10_14735_656_NL_Ep","set4_10_14735_656_NL_Ep",3,0.110624005278408,4
"set4_10_14737_657_CCC_Ep","set4_10_14737_657_CCC_Ep",2,0.121695267890326,4
"set4_10_14739_657_NL_Ep","set4_10_14739_657_NL_Ep",3,0.131823045250051,4
"set4_10_14741_657_DCIS_Ep","set4_10_14741_657_DCIS_Ep",2,0.13992110800532,4
"set4_10_14744_657_IBC_Ep","set4_10_14744_657_IBC_Ep",2,0.11589088408657,4
"set4_10_14745_658_DCIS_Ep","set4_10_14745_658_DCIS_Ep",4,0.109694664125416,4
"set4_10_14746_658_IBC_Ep","set4_10_14746_658_IBC_Ep",4,0.137284098842916,4
"set4_10_14747_658_NL_Ep","set4_10_14747_658_NL_Ep",1,0.135331888336477,4
"set4_10_14751_659_DCIS_Ep","set4_10_14751_659_DCIS_Ep",3,0.111806024477384,4
"set4_10_14752_659_IBC_Ep","set4_10_14752_659_IBC_Ep",4,0.110113031982082,4
"set4_10_14755_659_DCIS_Ep","set4_10_14755_659_DCIS_Ep",4,0.10880340114202,4
"set4_10_14757_659_NL_Ep","set4_10_14757_659_NL_Ep",1,0.106335382341555,4
"set4_10_14791_663_DCIS_Ep","set4_10_14791_663_DCIS_Ep",3,0.103569852393448,4
"set4_10_14793_663_IBC_Ep","set4_10_14793_663_IBC_Ep",3,0.10260043414267,4
"set4_10_14795_663_NL_Ep","set4_10_14795_663_NL_Ep",1,0.107324896728413,4
"set4_10_14759_660_IBC_Ep","set4_10_14759_660_IBC_Ep",4,0.144802509135591,4
"set4_10_14761_660_DCIS_Ep","set4_10_14761_660_DCIS_Ep",4,0.126702901864271,4
"set4_10_14763_660_NL_Ep","set4_10_14763_660_NL_Ep",1,0.10535386743516,4
"set4_10_14765_660_LVI_Ep","set4_10_14765_660_LVI_Ep",4,0.145223206446743,4
"set4_10_14767_661_IBC_Ep","set4_10_14767_661_IBC_Ep",4,0.137321475927697,4
"set4_10_14769_661_AM_Ep","set4_10_14769_661_AM_Ep",2,0.220230945459993,4
"set4_10_14771_661_ADH_Ep","set4_10_14771_661_ADH_Ep",3,0.137302538557699,4
"set4_10_14773_661_DCIS_Ep","set4_10_14773_661_DCIS_Ep",3,0.147305504418535,4
"set4_10_14775_661_ADH_Ep","set4_10_14775_661_ADH_Ep",3,0.135165553670239,4
"set4_10_14777_661_NL_Ep","set4_10_14777_661_NL_Ep",3,0.14265582703996,4
"set4_10_14779_662_DCIS.1_Ep","set4_10_14779_662_DCIS.1_Ep",4,0.151771692101449,4
"set4_10_14781_662_MIV.1_Ep","set4_10_14781_662_MIV.1_Ep",4,0.151537943826649,4
"set4_10_14783_662_DCIS.2_Ep","set4_10_14783_662_DCIS.2_Ep",4,0.151601143231504,4
"set4_10_14785_662_MIV.2_Ep","set4_10_14785_662_MIV.2_Ep",4,0.151509836169636,4
"set4_10_14787_662_DCIS.3_Ep","set4_10_14787_662_DCIS.3_Ep",4,0.149288778705795,4
"set4_10_14789_662_IBC_Ep","set4_10_14789_662_IBC_Ep",4,0.155102432490202,4
"set4_10_14909_676_DCIS.2_Ep","set4_10_14909_676_DCIS.2_Ep",2,0.180221353331491,4
"set4_10_14797_664_AM_Ep","set4_10_14797_664_AM_Ep",2,0.229499932122594,4
"set4_10_14798_664_BBD_Ep","set4_10_14798_664_BBD_Ep",3,0.122731279612693,4
"set4_10_14800_664_IBC_Ep","set4_10_14800_664_IBC_Ep",4,0.142778259210621,4
"set4_10_14802_664_ADH_Ep","set4_10_14802_664_ADH_Ep",3,0.103661548577781,4
"set4_10_14804_664_NL_Ep","set4_10_14804_664_NL_Ep",1,0.140934384312252,4
"set4_10_14805_665_IBC_Ep","set4_10_14805_665_IBC_Ep",4,0.112319200505908,4
"set4_10_14807_665_inf_NL_Ep","set4_10_14807_665_inf_NL_Ep",1,0.120751274468862,4
"set4_10_14809_665_DCIS_Ep","set4_10_14809_665_DCIS_Ep",1,0.118638076892841,4
"set4_10_14810_665_NL_Ep","set4_10_14810_665_NL_Ep",1,0.108930796451141,4
"set4_10_14812_666_IBC_Ep","set4_10_14812_666_IBC_Ep",4,0.132713451247569,4
"set4_10_14813_666_DCIS_Ep","set4_10_14813_666_DCIS_Ep",4,0.101566744848496,4
"set4_10_14816_666_NL_Ep","set4_10_14816_666_NL_Ep",1,0.105604114515114,4
"set4_10_14818_666_BBD_Ep","set4_10_14818_666_BBD_Ep",3,0.128177455628788,4
"set4_10_14853_671_UDH_Ep","set4_10_14853_671_UDH_Ep",3,0.116879256815145,4
"set4_10_14855_671_AM_Ep","set4_10_14855_671_AM_Ep",2,0.212294311225685,4
"set4_10_14856_671_DCIS_Ep","set4_10_14856_671_DCIS_Ep",4,0.115706323624731,4
"set4_10_14857_671_IBC_Ep","set4_10_14857_671_IBC_Ep",4,0.113436980792465,4
"set4_10_14862_671_CCC_Ep","set4_10_14862_671_CCC_Ep",3,0.135368858006959,4
"set4_10_14820_667_IBC_Ep","set4_10_14820_667_IBC_Ep",4,0.141027530667747,4
"set4_10_14821_667_DCIS_Ep","set4_10_14821_667_DCIS_Ep",4,0.110566187711072,4
"set4_10_14822_667_NL_Ep","set4_10_14822_667_NL_Ep",3,0.0949567750879148,4
"set4_10_14826_668_IBC_Ep","set4_10_14826_668_IBC_Ep",4,0.141315139414378,4
"set4_10_14828_668_DCIS_Ep","set4_10_14828_668_DCIS_Ep",3,0.108719905552756,4
"set4_10_14829_668_NL_Ep","set4_10_14829_668_NL_Ep",1,0.126937282960652,4
"set4_10_14830_668_EN_Ep","set4_10_14830_668_EN_Ep",2,0.111305913586,4
"set4_10_14833_669_IBC_Ep","set4_10_14833_669_IBC_Ep",4,0.126680820316312,4
"set4_10_14834_669_NL_Ep","set4_10_14834_669_NL_Ep",1,0.107575671214314,4
"set4_10_14837_669_DCIS_Ep","set4_10_14837_669_DCIS_Ep",1,0.0908506235075203,4
"set4_10_14839_670_EN_Ep","set4_10_14839_670_EN_Ep",3,0.127968350075481,4
"set4_10_14840_670_DCIS_Ep","set4_10_14840_670_DCIS_Ep",2,0.181116711485835,4
"set4_10_14843_670_DCIS_Ep","set4_10_14843_670_DCIS_Ep",2,0.197548401445673,4
"set4_10_14844_670_IBC_Ep","set4_10_14844_670_IBC_Ep",2,0.199079778418901,4
"set4_10_14847_670_BBD_Ep","set4_10_14847_670_BBD_Ep",3,0.111139206316831,4
"set4_10_14848_670_CCC_Ep","set4_10_14848_670_CCC_Ep",3,0.110459245171716,4
"set4_10_14849_670_AM_Ep","set4_10_14849_670_AM_Ep",2,0.137797200926902,4
"set4_10_14864_672_inf_NL_Ep_S1_R1_001","set4_10_14864_672_inf_NL_Ep_S1_R1_001",3,0.098774852223317,4
"set4_10_14866_672_IBC_Ep_2_S3_R1_001","set4_10_14866_672_IBC_Ep_2_S3_R1_001",4,0.130984709701722,4
"set4_10_14868_672_IBC_Ep_1_S5_R1_001","set4_10_14868_672_IBC_Ep_1_S5_R1_001",4,0.13351453848913,4
"set4_10_14869_672_DCIS_Ep_S6_R1_001","set4_10_14869_672_DCIS_Ep_S6_R1_001",4,0.129209006029702,4
"set4_10_14870_672_CaLob_Ep_S7_R1_001","set4_10_14870_672_CaLob_Ep_S7_R1_001",4,0.104623580228834,4
"set4_10_14873_672_NL_Ep_S10_R1_001","set4_10_14873_672_NL_Ep_S10_R1_001",1,0.122763380296819,4
"set4_10_14875_672_ADH_Ep_S12_R1_001","set4_10_14875_672_ADH_Ep_S12_R1_001",3,0.118987607117227,4
"set4_10_14876_672_CCC_Ep_S13_R1_001","set4_10_14876_672_CCC_Ep_S13_R1_001",3,0.100991275464099,4
"set4_10_14878_673_IBC_Ep_S15_R1_001","set4_10_14878_673_IBC_Ep_S15_R1_001",4,0.129099420224026,4
"set4_10_14880_673_DCIS_Ep_S17_R1_001","set4_10_14880_673_DCIS_Ep_S17_R1_001",4,0.113396450691444,4
"set4_10_14882_673_NL_Ep_S19_R1_001","set4_10_14882_673_NL_Ep_S19_R1_001",1,0.112759996014788,4
"set4_10_14884_673_AM_Ep_S21_R1_001","set4_10_14884_673_AM_Ep_S21_R1_001",2,0.207603985093004,4
"set4_10_14886_673_CCC_Ep_S23_R1_001","set4_10_14886_673_CCC_Ep_S23_R1_001",3,0.143692626548651,4
"set4_10_14888_673_EN_Ep_S25_R1_001","set4_10_14888_673_EN_Ep_S25_R1_001",3,0.102165675821372,4
"set4_10_14890_674_DCIS_Ep_S27_R1_001","set4_10_14890_674_DCIS_Ep_S27_R1_001",2,0.191088204478267,4
"set4_10_14892_674_IBC_Ep_S29_R1_001","set4_10_14892_674_IBC_Ep_S29_R1_001",2,0.159702569400067,4
"set4_10_14894_674_BBD_Ep_S31_R1_001","set4_10_14894_674_BBD_Ep_S31_R1_001",1,0.090828131998654,4
"set4_10_14899_675_EN1_Ep_S33_R1_001","set4_10_14899_675_EN1_Ep_S33_R1_001",3,0.0999708593522352,4
"set4_10_14901_675_EN2_Ep","set4_10_14901_675_EN2_Ep",3,0.117967214599714,4
"set4_10_14904_675_EN3_Ep","set4_10_14904_675_EN3_Ep",3,0.120533761005118,4
"set4_10_14905_675_NL_Ep","set4_10_14905_675_NL_Ep",1,0.117346339414717,4
"set4_10_14907_675_IBC_Ep","set4_10_14907_675_IBC_Ep",4,0.11820062126519,4
"set4_10_14908_675_CCC_Ep","set4_10_14908_675_CCC_Ep",2,0.145288024138307,4
"set4_10_14922_677_IBC_Ep","set4_10_14922_677_IBC_Ep",4,0.14265109479808,4
"set4_10_14924_677_DCIS_Ep","set4_10_14924_677_DCIS_Ep",4,0.140999450645503,4
"set4_10_14926_677_NL_Ep","set4_10_14926_677_NL_Ep",1,0.140617569515697,4
"set4_10_14928_677_LVI_Ep","set4_10_14928_677_LVI_Ep",4,0.127585978263698,4
"set4_10_14930_678_IBC_Ep","set4_10_14930_678_IBC_Ep",4,0.145430029543452,4
"set4_10_14932_678_PLC_Ep","set4_10_14932_678_PLC_Ep",1,0.130583066721617,4
"set4_10_14934_678_EN_Ep","set4_10_14934_678_EN_Ep",3,0.118547383976814,4
"set4_10_14936_678_NL_Ep","set4_10_14936_678_NL_Ep",1,0.115414633182958,4
"set4_10_14938_679_IBC_Ep","set4_10_14938_679_IBC_Ep",4,0.1481136735342,4
"set4_10_14940_679_DCIS_Ep","set4_10_14940_679_DCIS_Ep",4,0.127359833081324,4
"set4_10_14942_679_NL_Ep","set4_10_14942_679_NL_Ep",1,0.111826154302723,4
"set4_10_14954_680_DCIS_2_Ep","set4_10_14954_680_DCIS_2_Ep",3,0.122713620662503,4
"set4_10_14956_680_ADH_2_Ep","set4_10_14956_680_ADH_2_Ep",3,0.128955721888158,4
"set4_10_14944_680_ADH_1_Ep","set4_10_14944_680_ADH_1_Ep",3,0.136169485666595,4
"set4_10_14946_680_UDH_Ep","set4_10_14946_680_UDH_Ep",3,0.127868034641728,4
"set4_10_14948_680_NL_Ep","set4_10_14948_680_NL_Ep",3,0.117102139099772,4
"set4_10_14950_680_DCIS_1_Ep","set4_10_14950_680_DCIS_1_Ep",3,0.10988670005644,4
"set4_10_14952_680_IBC_Ep","set4_10_14952_680_IBC_Ep",2,0.143168093236448,4
"set4_10_14958_680_LG_DCIS_Ep","set4_10_14958_680_LG_DCIS_Ep",2,0.115677877729401,4
"set4_10_14960_680_AM_Ep","set4_10_14960_680_AM_Ep",2,0.198975917434658,4
"set4_10_14962_680_atip_AM_Ep","set4_10_14962_680_atip_AM_Ep",3,0.137938735348619,4
"set4_10_14963_680_ADH_AM_Ep","set4_10_14963_680_ADH_AM_Ep",3,0.139645823946876,4
"set4_10_14966_681_DCIS_Ep","set4_10_14966_681_DCIS_Ep",1,0.104581617837979,4
"set4_10_14968_681_AM_Ep","set4_10_14968_681_AM_Ep",2,0.220661541079729,4
"set4_10_14970_681_EN_Ep","set4_10_14970_681_EN_Ep",3,0.0991472653126565,4
"set4_10_14972_681_ADH_1_Ep","set4_10_14972_681_ADH_1_Ep",1,0.103320933881611,4
"set4_10_14974_681_IBC_Ep","set4_10_14974_681_IBC_Ep",4,0.120546478516984,4
"set4_10_14976_681_NL_Ep","set4_10_14976_681_NL_Ep",1,0.109359781544435,4
"set4_10_14978_682_NL_Ep","set4_10_14978_682_NL_Ep",1,0.11385232960394,4
"set4_10_14980_682_EN_Ep","set4_10_14980_682_EN_Ep",1,0.127885286151061,4
"set4_10_14982_682_IBC_Ep","set4_10_14982_682_IBC_Ep",4,0.152233231107955,4
"set4_10_14984_682_Inf_NL_Ep","set4_10_14984_682_Inf_NL_Ep",1,0.133417940264672,4
"set4_10_14987_683_DCIS_Ep","set4_10_14987_683_DCIS_Ep",4,0.111724462680665,4
"set4_10_14990_684_ADH_DCIS_Ep","set4_10_14990_684_ADH_DCIS_Ep",4,0.127238988970779,4
"set4_10_14992_684_DCIS_Ep","set4_10_14992_684_DCIS_Ep",4,0.125874926215273,4
"set4_10_14994_684_NL_Ep","set4_10_14994_684_NL_Ep",1,0.119066434135061,4
"set4_10_14996_684_IBC_Ep","set4_10_14996_684_IBC_Ep",4,0.126659603163065,4
"set4_10_14998_685_DCIS_Ep","set4_10_14998_685_DCIS_Ep",4,0.123052408794595,4
"set4_10_15000_685_IBC_Ep","set4_10_15000_685_IBC_Ep",4,0.1473766748579,4
"set4_10_15002_685_NL_Ep","set4_10_15002_685_NL_Ep",3,0.117721235685485,4
"set4_10_15004_685_EN_Ep","set4_10_15004_685_EN_Ep",1,0.135671677557034,4
"set4_10_15013_687_DCIS_1_Ep","set4_10_15013_687_DCIS_1_Ep",4,0.113418402597219,4
"set4_10_15015_687_DCIS_2_Ep","set4_10_15015_687_DCIS_2_Ep",4,0.128167643279416,4
"set4_10_15017_687_UDH_Ep","set4_10_15017_687_UDH_Ep",1,0.0975197669952645,4
"set4_10_15019_687_EN_Ep","set4_10_15019_687_EN_Ep",1,0.115366679372878,4
"set4_10_15021_687_NL_Ep","set4_10_15021_687_NL_Ep",1,0.128673785430511,4
"set4_10_15025_688_EN_1_Ep","set4_10_15025_688_EN_1_Ep",1,0.117635218297783,4
"set4_10_14911_676_EN_Ep","set4_10_14911_676_EN_Ep",3,0.116593537399599,4
"set4_10_14913_676_BBD_2_Ep","set4_10_14913_676_BBD_2_Ep",3,0.113842448857655,4
"set4_10_14915_676_IBC_Ep","set4_10_14915_676_IBC_Ep",2,0.183538871866499,4
"set4_10_14916_676_DCIS_1_Ep","set4_10_14916_676_DCIS_1_Ep",2,0.179934716506924,4
"set4_10_14918_676_BBD_1_Ep","set4_10_14918_676_BBD_1_Ep",1,0.119173462309197,4
"set4_10_14920_676_NL_Ep","set4_10_14920_676_NL_Ep",3,0.0973609752074009,4
"set4_10_15006_686_IBC_Ep","set4_10_15006_686_IBC_Ep",4,0.130283607373995,4
"set4_10_15007_686_DCIS_Ep","set4_10_15007_686_DCIS_Ep",4,0.112894609097775,4
"set4_10_15009_686_EN_Ep","set4_10_15009_686_EN_Ep",1,0.127633397183054,4
"set4_10_15011_686_NL_Ep","set4_10_15011_686_NL_Ep",1,0.125775448380098,4
"set4_10_15032_689_IBC_Ep","set4_10_15032_689_IBC_Ep",4,0.140331613479758,4
"set4_10_15034_689_DCIS_1_Ep","set4_10_15034_689_DCIS_1_Ep",4,0.124550900346317,4
"set4_10_15036_689_NL_Ep","set4_10_15036_689_NL_Ep",1,0.113712958892604,4
"set4_10_15038_689_DCIS_2_Ep","set4_10_15038_689_DCIS_2_Ep",1,0.105837094495637,4
"set4_10_15040_689_EN_1_Ep","set4_10_15040_689_EN_1_Ep",3,0.116592052281617,4
"set4_10_15042_689_EN_2_Ep","set4_10_15042_689_EN_2_Ep",3,0.116770781214059,4
"set4_10_15052_690_EN_2_Ep","set4_10_15052_690_EN_2_Ep",3,0.139740153517421,4
"set4_10_15062_691_EN_2_Ep","set4_10_15062_691_EN_2_Ep",2,0.12111806264179,4
"set4_10_14964_681_ADH_2_Ep","set4_10_14964_681_ADH_2_Ep",1,0.121835124637584,4
"set4_10_15023_688_IBC_Ep","set4_10_15023_688_IBC_Ep",4,0.133866863980409,4
"set4_10_15027_688_NL_Ep","set4_10_15027_688_NL_Ep",1,0.122478417222654,4
"set4_10_15029_688_EN_4_Ep","set4_10_15029_688_EN_4_Ep",3,0.129834516755185,4
"set4_10_15031_688_EN_5_Ep","set4_10_15031_688_EN_5_Ep",2,0.173487649142207,4
"set4_10_15044_690_NL_Ep","set4_10_15044_690_NL_Ep",1,0.111909949751856,4
"set4_10_15046_690_EN_1_Ep","set4_10_15046_690_EN_1_Ep",3,0.109832882072489,4
"set4_10_15048_690_IBC_Ep","set4_10_15048_690_IBC_Ep",4,0.152081095753737,4
"set4_10_15050_690_DCIS_Ep","set4_10_15050_690_DCIS_Ep",1,0.104019430040033,4
"set4_10_15054_690_i_DCIS_Ep","set4_10_15054_690_i_DCIS_Ep",1,0.110276489922698,4
"set4_10_15056_691_IBC_Ep","set4_10_15056_691_IBC_Ep",4,0.143675003365759,4
"set4_10_15058_691_EN_1_Ep","set4_10_15058_691_EN_1_Ep",3,0.121804354569132,4
"set4_10_15060_691_DCIS_Ep","set4_10_15060_691_DCIS_Ep",3,0.117441910475879,4
"set4_10_15064_692_IBC_Ep","set4_10_15064_692_IBC_Ep",4,0.134014600950213,4
"set4_10_15066_692_DCIS_Ep","set4_10_15066_692_DCIS_Ep",4,0.119236024995684,4
"set4_10_15068_692_NL_Ep","set4_10_15068_692_NL_Ep",1,0.133622938744542,4
"set4_10_15585_744_IBC_Ep","set4_10_15585_744_IBC_Ep",4,0.147780973840332,4
"set4_10_15587_744_inF.NL_Ep","set4_10_15587_744_inF.NL_Ep",1,0.131696906286297,4
"set4_10_15589_744_DCIS_Ep","set4_10_15589_744_DCIS_Ep",4,0.122404411247621,4
"set4_10_15591_745_CCC_Ep","set4_10_15591_745_CCC_Ep",3,0.12261406843792,4
"set4_10_15593_745_BBD_Ep","set4_10_15593_745_BBD_Ep",3,0.122434538598773,4
"set4_10_15595_745_IP_Ep","set4_10_15595_745_IP_Ep",3,0.127933624733847,4
"set4_10_15597_746_IBC_Ep","set4_10_15597_746_IBC_Ep",4,0.163128374775294,4
"set4_10_15598_746_DCIS_Ep","set4_10_15598_746_DCIS_Ep",4,0.154651817731034,4
"set4_10_15600_746_NL_Ep","set4_10_15600_746_NL_Ep",3,0.129229835642302,4
"set4_10_15602_747_IBC_Ep","set4_10_15602_747_IBC_Ep",4,0.146802494628982,4
"set4_10_15604_747_NL_Ep","set4_10_15604_747_NL_Ep",1,0.110705371461168,4
"set4_10_15606_747_ADH_Ep","set4_10_15606_747_ADH_Ep",3,0.118587333038694,4
"set4_10_15608_747_AM_Ep","set4_10_15608_747_AM_Ep",2,0.219226392204162,4
"set4_10_15610_748_AM_Ep","set4_10_15610_748_AM_Ep",2,0.225673236359463,4
"set4_10_15612_748_DCIS_Ep","set4_10_15612_748_DCIS_Ep",2,0.189963038325653,4
"set4_10_15614_748_IBC_Ep","set4_10_15614_748_IBC_Ep",2,0.161797305451732,4
"set4_10_15616_749_IBC_Ep","set4_10_15616_749_IBC_Ep",4,0.155894016969456,4
"set4_10_15617_749_DCIS_Ep","set4_10_15617_749_DCIS_Ep",4,0.165371280058253,4
"set4_10_15618_749_LVI_Ep","set4_10_15618_749_LVI_Ep",4,0.165236405570865,4
"set4_10_15622_750_NL_Ep","set4_10_15622_750_NL_Ep",3,0.101702197835598,4
"set4_10_15624_750_IBC_Ep","set4_10_15624_750_IBC_Ep",4,0.167703212376382,4
"set4_10_15626_750_DCIS_Ep","set4_10_15626_750_DCIS_Ep",4,0.149098808390005,4
"set4_10_15628_751_NL_Ep","set4_10_15628_751_NL_Ep",3,0.126856639267458,4
"set4_10_15630_751_IBC_Ep","set4_10_15630_751_IBC_Ep",4,0.134558718937064,4
"set4_10_15632_751_ADH_Ep","set4_10_15632_751_ADH_Ep",3,0.133377735998067,4
"set4_10_15634_751_CCC_Ep","set4_10_15634_751_CCC_Ep",3,0.13518343062966,4
"set4_10_15636_752_IBC_Ep","set4_10_15636_752_IBC_Ep",4,0.126576689605054,4
"set4_10_15638_752_DCIS_Ep","set4_10_15638_752_DCIS_Ep",4,0.0999749765495284,4
"set4_10_15639_752_NL_Ep","set4_10_15639_752_NL_Ep",1,0.126841269944514,4
"set4_10_15640_752_BBD_Ep","set4_10_15640_752_BBD_Ep",1,0.123455392692987,4
"set4_10_15644_753_DCIS_Ep","set4_10_15644_753_DCIS_Ep",4,0.138822457185894,4
"set4_10_15646_753_IBC_Ep","set4_10_15646_753_IBC_Ep",4,0.143974293163648,4
"set4_10_15647_753_NL_Ep","set4_10_15647_753_NL_Ep",1,0.102501643722878,4
"set4_10_15649_754_IBC_Ep","set4_10_15649_754_IBC_Ep",4,0.136551066346863,4
"set4_10_15651_754_ADH_Ep","set4_10_15651_754_ADH_Ep",4,0.120498679519555,4
"set4_10_15653_754_EN_1_Ep","set4_10_15653_754_EN_1_Ep",1,0.0893622736662638,4
"set4_10_15655_754_DCIS_Ep","set4_10_15655_754_DCIS_Ep",4,0.125958271550906,4
"set4_10_15657_754_EN_2_Ep","set4_10_15657_754_EN_2_Ep",1,0.0956515998767295,4
"set4_10_15659_755_EN_Ep","set4_10_15659_755_EN_Ep",3,0.126646474184783,4
"set4_10_15661_755_DCIS_inf_1_Ep","set4_10_15661_755_DCIS_inf_1_Ep",4,0.138296158845668,4
"set4_10_15663_755_IBC_Ep","set4_10_15663_755_IBC_Ep",4,0.140164906644885,4
"set4_10_15665_755_DCIS_inf_2_Ep","set4_10_15665_755_DCIS_inf_2_Ep",4,0.107997454632602,4
"set4_10_15667_755_NL_Ep","set4_10_15667_755_NL_Ep",3,0.120116929244947,4
"set4_10_15669_756_NL_Ep","set4_10_15669_756_NL_Ep",1,0.125453784758448,4
"set4_10_15671_756_EN_1_Ep","set4_10_15671_756_EN_1_Ep",3,0.140574754646985,4
"set4_10_15673_756_IBC_Ep","set4_10_15673_756_IBC_Ep",4,0.123976539857187,4
"set4_10_15675_756_UDH_1_Ep","set4_10_15675_756_UDH_1_Ep",3,0.107216778565576,4
"set4_10_15677_756_EN_2_Ep","set4_10_15677_756_EN_2_Ep",3,0.124309192383595,4
"set4_10_15679_756_UDH_2_Ep","set4_10_15679_756_UDH_2_Ep",3,0.119352301273595,4
"set4_10_15681_757_DCIS_Ep","set4_10_15681_757_DCIS_Ep",4,0.150580717335076,4
"set4_10_15683_757_IBC_Ep","set4_10_15683_757_IBC_Ep",4,0.14673517301805,4
"set4_10_15685_757_NL_Ep","set4_10_15685_757_NL_Ep",1,0.0995861891653303,4
"set4_10_15687_757_UDH_Ep","set4_10_15687_757_UDH_Ep",3,0.118461270608264,4
"set4_10_15689_757_CCC_Ep","set4_10_15689_757_CCC_Ep",3,0.135416425320017,4
"set4_10_15691_757_EN_Ep","set4_10_15691_757_EN_Ep",3,0.114052626314616,4
"set4_10_15693_758_DCIS_1_Ep","set4_10_15693_758_DCIS_1_Ep",4,0.146341749195929,4
"set4_10_15695_758_IBC_1_Ep","set4_10_15695_758_IBC_1_Ep",4,0.143604029331458,4
"set4_10_15697_758_NL_Ep","set4_10_15697_758_NL_Ep",1,0.117924812737649,4
"set4_10_15703_758_EN_Ep","set4_10_15703_758_EN_Ep",1,0.103449914881056,4
"set4_10_15709_760_UDH_Ep","set4_10_15709_760_UDH_Ep",3,0.116438899710376,4
"set4_10_15713_760_IBC_Ep","set4_10_15713_760_IBC_Ep",2,0.126175214656029,4
"set4_10_15715_760_EN_1_Ep","set4_10_15715_760_EN_1_Ep",3,0.094413428277213,4
"set4_10_15717_760_NL_Ep","set4_10_15717_760_NL_Ep",3,0.109124082990364,4
"set4_10_15733_762_DCIS_2_Ep","set4_10_15733_762_DCIS_2_Ep",4,0.129543028911934,4
"set4_10_15699_758_DCIS_2_Ep","set4_10_15699_758_DCIS_2_Ep",4,0.133586816210782,4
"set4_10_15701_758_IBC_2_Ep","set4_10_15701_758_IBC_2_Ep",4,0.12431712845426,4
"set4_10_15705_759_DCIS_Ep","set4_10_15705_759_DCIS_Ep",4,0.111994970118635,4
"set4_10_15707_759_IBC_Ep","set4_10_15707_759_IBC_Ep",4,0.128433924557369,4
"set4_10_15711_760_EN_2_Ep","set4_10_15711_760_EN_2_Ep",1,0.0984468873004731,4
"set4_10_15719_761_IBC_Ep","set4_10_15719_761_IBC_Ep",4,0.144585627810106,4
"set4_10_15721_761_DCIS_Ep","set4_10_15721_761_DCIS_Ep",4,0.144580247638318,4
"set4_10_15723_761_EN_1_Ep","set4_10_15723_761_EN_1_Ep",3,0.119678939583149,4
"set4_10_15725_761_ADH_Ep","set4_10_15725_761_ADH_Ep",3,0.12949887240644,4
"set4_10_15729_762_IBC_Ep","set4_10_15729_762_IBC_Ep",4,0.14412178145478,4
"set4_10_15731_762_DCIS_1_Ep","set4_10_15731_762_DCIS_1_Ep",4,0.142284016806229,4
"set4_10_15735_763_IBC_Ep","set4_10_15735_763_IBC_Ep",4,0.136750002664802,4
"set4_10_15737_763_ADH_Ep","set4_10_15737_763_ADH_Ep",1,0.110239021598942,4
"set4_10_15739_763_NL_1_Ep","set4_10_15739_763_NL_1_Ep",1,0.114675857892198,4
"set4_10_15741_763_EN_Ep","set4_10_15741_763_EN_Ep",1,0.132288275146823,4
"set4_10_15745_764_IBC_Ep","set4_10_15745_764_IBC_Ep",4,0.131085369285059,4
"set4_10_15747_764_DCIS_1_Ep","set4_10_15747_764_DCIS_1_Ep",4,0.144425943742514,4
"set4_10_15749_764_LVI_Ep","set4_10_15749_764_LVI_Ep",4,0.138326013963554,4
"set4_10_15751_764_DCIS_2_Ep","set4_10_15751_764_DCIS_2_Ep",4,0.14600288995251,4
"set4_10_15753_764_EN_Ep","set4_10_15753_764_EN_Ep",3,0.108717820111222,4
"set4_10_15755_764_NL_Ep","set4_10_15755_764_NL_Ep",3,0.117512920723685,4
"set4_10_15757_765_IBC_Ep","set4_10_15757_765_IBC_Ep",2,0.168749769117845,4
"set4_10_15759_765_DCIS_Ep","set4_10_15759_765_DCIS_Ep",2,0.190088019835157,4
"set4_10_15761_765_EN_1_Ep","set4_10_15761_765_EN_1_Ep",3,0.115512468219464,4
"set4_10_15765_765_NL_Ep","set4_10_15765_765_NL_Ep",1,0.113647251713814,4
"set4_10_15767_766_NL_Ep","set4_10_15767_766_NL_Ep",1,0.122307106750031,4
"set4_10_15769_766_inf_NL_Ep","set4_10_15769_766_inf_NL_Ep",1,0.129604714622703,4
"set4_10_15771_766_IBC_Ep","set4_10_15771_766_IBC_Ep",4,0.146417162621385,4
"set4_10_15773_766_AM_Ep","set4_10_15773_766_AM_Ep",2,0.200298305666702,4
"set4_10_15775_766_EN_Ep","set4_10_15775_766_EN_Ep",3,0.107702002196394,4
"set4_10_15777_767_IBC_Ep","set4_10_15777_767_IBC_Ep",4,0.146485474764939,4
"set4_10_15779_767_DCIS_Ep","set4_10_15779_767_DCIS_Ep",4,0.144287770327727,4
"set4_10_15781_767_AM_2_Ep","set4_10_15781_767_AM_2_Ep",2,0.208550620468914,4
"set4_10_15783_767_ADH_Ep","set4_10_15783_767_ADH_Ep",3,0.0970738052295379,4
"set4_10_15787_767_NL_Ep","set4_10_15787_767_NL_Ep",1,0.11430694729688,4
"set4_10_15789_768_IBC_Ep","set4_10_15789_768_IBC_Ep",4,0.125582332142438,4
"set4_10_15791_768_NL_Ep","set4_10_15791_768_NL_Ep",1,0.100954481386126,4
"set4_10_15795_768_EN_2_Ep","set4_10_15795_768_EN_2_Ep",2,0.114762552693568,4
"set4_10_15797_768_EN_3_Ep","set4_10_15797_768_EN_3_Ep",3,0.102325265197295,4
"set4_10_15799_769_IBC_Ep","set4_10_15799_769_IBC_Ep",4,0.174917942416061,4
"set4_10_15801_769_DCIS_1_Ep","set4_10_15801_769_DCIS_1_Ep",4,0.119367201185468,4
"set4_10_15805_769_EN_1_Ep","set4_10_15805_769_EN_1_Ep",3,0.136822990694146,4
"set4_10_15809_769_NL_Ep","set4_10_15809_769_NL_Ep",1,0.127649611745842,4
"set4_10_15811_769_EN_4_Ep","set4_10_15811_769_EN_4_Ep",3,0.126084597684423,4
"set4_10_15817_769_AM_Ep","set4_10_15817_769_AM_Ep",2,0.214703643900816,4
"set4_10_15785_767_AM_1_Ep","set4_10_15785_767_AM_1_Ep",2,0.209651971273289,4
"set4_10_15793_768_EN_1_Ep","set4_10_15793_768_EN_1_Ep",3,0.10219642160497,4
"set4_10_15803_769_DCIS_2_Ep","set4_10_15803_769_DCIS_2_Ep",4,0.128955988549204,4
"set4_10_15807_769_EN_3_Ep","set4_10_15807_769_EN_3_Ep",3,0.143697512578873,4
"set4_10_15815_769_EN_6_Ep","set4_10_15815_769_EN_6_Ep",3,0.138912837921436,4
"set4_10_15819_770_DCIS_Ep","set4_10_15819_770_DCIS_Ep",4,0.141576699271414,4
"set4_10_15821_770_IBC_Ep","set4_10_15821_770_IBC_Ep",4,0.147660277043492,4
"set4_10_15823_770_EN_1_Ep","set4_10_15823_770_EN_1_Ep",3,0.135669610231419,4
"set4_10_15825_770_NL_Ep","set4_10_15825_770_NL_Ep",1,0.108062188953798,4
"set4_10_15829_771_EN_4_Ep","set4_10_15829_771_EN_4_Ep",3,0.114465786679618,4
"set4_10_15835_771_DCIS_3_Ep","set4_10_15835_771_DCIS_3_Ep",4,0.13407674757561,4
"set4_10_15831_771_NL_Ep","set4_10_15831_771_NL_Ep",1,0.133074907237818,4
"set4_10_15833_771_EN_2_Ep","set4_10_15833_771_EN_2_Ep",3,0.124071761608015,4
"set4_10_15839_771_DCIS_1_Ep","set4_10_15839_771_DCIS_1_Ep",4,0.160015810373147,4
"set4_10_15843_771_IBC_Ep","set4_10_15843_771_IBC_Ep",4,0.166283131515429,4
"set4_10_15727_761_EN_2_Ep","set4_10_15727_761_EN_2_Ep",3,0.111832921689996,4
"set4_10_15743_763_NL_2_Ep","set4_10_15743_763_NL_2_Ep",1,0.138529628962905,4
"set4_10_15763_765_EN_2_Ep","set4_10_15763_765_EN_2_Ep",1,0.127946128901186,4
"set4_10_15813_769_EN_5_Ep","set4_10_15813_769_EN_5_Ep",3,0.142122353948273,4
"set4_10_15827_771_EN_3_Ep","set4_10_15827_771_EN_3_Ep",3,0.139020413265649,4
"set4_10_15837_771_EN_1_Ep","set4_10_15837_771_EN_1_Ep",3,0.1462260820934,4
"set4_10_15841_771_DCIS_2_Ep","set4_10_15841_771_DCIS_2_Ep",4,0.158637236452733,4
"set4_10_15845_772_IBC_Ep","set4_10_15845_772_IBC_Ep",4,0.133402124459501,4
"set4_10_15847_772_DCIS_1_Ep","set4_10_15847_772_DCIS_1_Ep",4,0.122920503970794,4
"set4_10_15849_772_DCIS_2_Ep","set4_10_15849_772_DCIS_2_Ep",4,0.125112156193518,4
"set4_10_15851_772_EN_1_Ep","set4_10_15851_772_EN_1_Ep",4,0.099219045040278,4
"set4_10_15853_772_EN_2_Ep","set4_10_15853_772_EN_2_Ep",1,0.115992636084522,4
"set4_10_15855_772_EN_3_Ep","set4_10_15855_772_EN_3_Ep",4,0.100856875869178,4
"set4_10_15857_772_EN_4_Ep","set4_10_15857_772_EN_4_Ep",4,0.0891877051876675,4
"set4_10_15859_772_NL_Ep","set4_10_15859_772_NL_Ep",1,0.128273635409088,4
"set1_3_11770_354_EN_E_S1_R1_0011","set1_3_11770_354_EN_E_S1_R1_001",1,0.10197682628442,5
"set1_3_11772_354_IDC_E_S3_R1_0011","set1_3_11772_354_IDC_E_S3_R1_001",1,0.0967735662489195,5
"set1_3_11774_354_RS1_E_center_S5_R1_0011","set1_3_11774_354_RS1_E_center_S5_R1_001",2,0.0702665530306237,5
"set1_3_11776_354_RS1_E_peripheral_S7_R1_0011","set1_3_11776_354_RS1_E_peripheral_S7_R1_001",1,0.0986966210659852,5
"set1_3_11778_354_RS2_E_center_S9_R1_0011","set1_3_11778_354_RS2_E_center_S9_R1_001",2,0.0815053387717433,5
"set1_3_11780_354_RS2_E_peripheral_S11_R1_0011","set1_3_11780_354_RS2_E_peripheral_S11_R1_001",2,0.0836894184213,5
"set1_3_11782_354_NL_E_S13_R1_0011","set1_3_11782_354_NL_E_S13_R1_001",1,0.0932888456064028,5
"set1_3_11784_355_RS1_E_center_S15_R1_0011","set1_3_11784_355_RS1_E_center_S15_R1_001",2,0.0858213790274042,5
"set1_3_11786_355_RS1_E_peripheral_S17_R1_0011","set1_3_11786_355_RS1_E_peripheral_S17_R1_001",1,0.103423725974305,5
"set1_3_11789_355_RS2_E_center_S20_R1_0011","set1_3_11789_355_RS2_E_center_S20_R1_001",2,0.090879808496781,5
"set1_3_11791_355_RS2_E_peripheral_S22_R1_0011","set1_3_11791_355_RS2_E_peripheral_S22_R1_001",1,0.102267204726691,5
"set1_3_11794_355_NL_E_S25_R1_0011","set1_3_11794_355_NL_E_S25_R1_001",1,0.0845046736751484,5
"set1_3_11796_355_RS3_E_center_S27_R1_0011","set1_3_11796_355_RS3_E_center_S27_R1_001",2,0.0708110882380599,5
"set1_3_11798_355_RS3_E_peripheral_S29_R1_0011","set1_3_11798_355_RS3_E_peripheral_S29_R1_001",1,0.0942120766684484,5
"set1_3_11800_356_NL_E_S31_R1_0011","set1_3_11800_356_NL_E_S31_R1_001",1,0.0919255877385178,5
"set1_3_11802_356_RS1_E_center_S32_R1_0011","set1_3_11802_356_RS1_E_center_S32_R1_001",2,0.0738911108419533,5
"set1_3_11804_356_RS1_E_peripheral_S34_R1_0011","set1_3_11804_356_RS1_E_peripheral_S34_R1_001",1,0.104842852020552,5
"set1_3_11806_357_NL_E_S50_R1_0011","set1_3_11806_357_NL_E_S50_R1_001",2,0.0608628378506126,5
"set1_3_11808_357_RS1_E_center_S32_R1_0011","set1_3_11808_357_RS1_E_center_S32_R1_001",2,0.0646083974609819,5
"set1_3_11810_357_RS1_E_peripheral_S5_R1_0011","set1_3_11810_357_RS1_E_peripheral_S5_R1_001",1,0.0579513936738572,5
"set1_3_11813_358_NL_E_S36_R1_0011","set1_3_11813_358_NL_E_S36_R1_001",1,0.106352214895132,5
"set1_3_11815_358_EN_E_S38_R1_0011","set1_3_11815_358_EN_E_S38_R1_001",1,0.107812713016966,5
"set1_3_11817_358_RS1_E_center_S40_R1_0011","set1_3_11817_358_RS1_E_center_S40_R1_001",1,0.0931319218514067,5
"set1_3_11819_358_RS1_E_peripheral_S42_R1_0011","set1_3_11819_358_RS1_E_peripheral_S42_R1_001",1,0.108174597291772,5
"set1_3_11821_358_IBC_E_S44_R1_0011","set1_3_11821_358_IBC_E_S44_R1_001",4,0.070709511136159,5
"set1_3_11823_358_RS2_E_center_S46_R1_0011","set1_3_11823_358_RS2_E_center_S46_R1_001",5,0.0802347326775635,5
"set1_3_11825_358_RS2_E_peripheral_S48_R1_0011","set1_3_11825_358_RS2_E_peripheral_S48_R1_001",1,0.107641038008227,5
"set1_3_11827_359_RS1_E_center_S50_R1_0011","set1_3_11827_359_RS1_E_center_S50_R1_001",1,0.0803829095917908,5
"set1_3_11829_359_RS1_E_peripheral_S52_R1_0011","set1_3_11829_359_RS1_E_peripheral_S52_R1_001",5,0.0895499041967134,5
"set1_3_11831_359_NL_E_S54_R1_0011","set1_3_11831_359_NL_E_S54_R1_001",2,0.0711141704865556,5
"set1_3_11833_359_RS2_E_center_S55_R1_0011","set1_3_11833_359_RS2_E_center_S55_R1_001",2,0.0707606863267002,5
"set1_3_11835_359_RS2_E_peripheral_S57_R1_0011","set1_3_11835_359_RS2_E_peripheral_S57_R1_001",1,0.0969428642243428,5
"set1_3_11837_359_IDC_E_S59_R1_0011","set1_3_11837_359_IDC_E_S59_R1_001",1,0.0936295153841232,5
"set1_3_11838_360_RS1_E_center_S4_R1_0011","set1_3_11838_360_RS1_E_center_S4_R1_001",1,0.0781220792939621,5
"set1_3_11840_360_RS1_E_peripheral_S8_R1_0011","set1_3_11840_360_RS1_E_peripheral_S8_R1_001",1,0.0680451474011878,5
"set1_3_11842_360_NL_E_S3_R1_0011","set1_3_11842_360_NL_E_S3_R1_001",2,0.0641341047650695,5
"set1_3_11844_361_RS1_E_center_S34_R1_0011","set1_3_11844_361_RS1_E_center_S34_R1_001",2,0.0643720828854302,5
"set1_3_11846_361_RS1_E_peripheral_S7_R1_0011","set1_3_11846_361_RS1_E_peripheral_S7_R1_001",1,0.0689895851342873,5
"set1_3_11848_361_RS2_E_center_S18_R1_0011","set1_3_11848_361_RS2_E_center_S18_R1_001",2,0.0507103033295359,5
"set1_3_11850_361_RS2_E_peripheral_S10_R1_0011","set1_3_11850_361_RS2_E_peripheral_S10_R1_001",1,0.0681078540917175,5
"set1_3_11852_361_RS4_E_center_S9_R1_0011","set1_3_11852_361_RS4_E_center_S9_R1_001",2,0.0617833135542389,5
"set1_3_11854_361_RS4_E_peripheral_S11_R1_0011","set1_3_11854_361_RS4_E_peripheral_S11_R1_001",2,0.0765382331294359,5
"set1_3_11856_361_RS3_E_center_S21_R1_0011","set1_3_11856_361_RS3_E_center_S21_R1_001",2,0.0637730857171368,5
"set1_3_11858_361_RS3_E_peripheral_S13_R1_0011","set1_3_11858_361_RS3_E_peripheral_S13_R1_001",2,0.0618829759033457,5
"set1_3_11860_361_NL_E_S49_R1_0011","set1_3_11860_361_NL_E_S49_R1_001",2,0.0533535287903056,5
"set1_3_11862_362_RS1_E_center_S55_R1_0011","set1_3_11862_362_RS1_E_center_S55_R1_001",2,0.057721173446909,5
"set1_3_11864_362_RS1_E_peripheral_S39_R1_0011","set1_3_11864_362_RS1_E_peripheral_S39_R1_001",1,0.0646941007849175,5
"set1_3_11867_363_RS1_E_center_S15_R1_0011","set1_3_11867_363_RS1_E_center_S15_R1_001",2,0.0602761721720902,5
"set1_3_11869_363_RS1_E_peripheral_S14_R1_0011","set1_3_11869_363_RS1_E_peripheral_S14_R1_001",1,0.0589097584928391,5
"set1_3_11871_363_NL_E_S47_R1_0011","set1_3_11871_363_NL_E_S47_R1_001",2,0.0641868515107979,5
"set1_3_11873_363_IDC_E_S30_R1_0011","set1_3_11873_363_IDC_E_S30_R1_001",2,0.0521968712536037,5
"set1_3_11874_364_RS1_E_center_S38_R1_0011","set1_3_11874_364_RS1_E_center_S38_R1_001",2,0.0593218034139469,5
"set1_3_11876_364_RS1_E_peripheral_S16_R1_0011","set1_3_11876_364_RS1_E_peripheral_S16_R1_001",1,0.0639718448136729,5
"set1_3_11878_364_NL_E_S19_R1_0011","set1_3_11878_364_NL_E_S19_R1_001",2,0.0564473730129544,5
"set1_3_11880_364_RS2_E_center_S12_R1_0011","set1_3_11880_364_RS2_E_center_S12_R1_001",1,0.0625029732332441,5
"set1_3_11882_364_RS2_E_peripheral_S6_R1_0011","set1_3_11882_364_RS2_E_peripheral_S6_R1_001",1,0.0536885952027442,5
"set1_3_11885_364_NL_E_S22_R1_0011","set1_3_11885_364_NL_E_S22_R1_001",2,0.0651424446533966,5
"set1_3_13813_552_IBC_Ep_11","set1_3_13813_552_IBC_Ep_1",2,0.104125243218447,5
"set1_3_13815_552_EN_Ep_11","set1_3_13815_552_EN_Ep_1",1,0.0974491737084397,5
"set1_3_13819_552_NL_Ep1","set1_3_13819_552_NL_Ep",2,0.0928101626132349,5
"set1_3_13821_551_IBC_Ep_21","set1_3_13821_551_IBC_Ep_2",3,0.168716351525604,5
"set1_3_13823_551_AM_Ep1","set1_3_13823_551_AM_Ep",2,0.0932711547912664,5
"set1_3_13825_551_UDH_Ep1","set1_3_13825_551_UDH_Ep",3,0.128190331615941,5
"set1_3_13826_551_NL_Ep1","set1_3_13826_551_NL_Ep",2,0.0811679980771264,5
"set1_3_13828_551_DCIS_Ep1","set1_3_13828_551_DCIS_Ep",3,0.114468359572608,5
"set1_3_13830_550_ADH_Ep_11","set1_3_13830_550_ADH_Ep_1",3,0.112743300563313,5
"set1_3_13832_550_IBC_Ep_11","set1_3_13832_550_IBC_Ep_1",3,0.132345482750779,5
"set1_3_13834_550_AM_Ep_21","set1_3_13834_550_AM_Ep_2",3,0.157288578870771,5
"set1_3_13836_550_DCIS_Ep_11","set1_3_13836_550_DCIS_Ep_1",3,0.109816791930586,5
"set1_3_13838_550_CCC_Ep1","set1_3_13838_550_CCC_Ep",2,0.0959474805389754,5
"set1_3_13840_549_DCIS_Ep1","set1_3_13840_549_DCIS_Ep",2,0.0872147031442149,5
"set1_3_13842_549_IBC_Ep1","set1_3_13842_549_IBC_Ep",4,0.0998974854602167,5
"set1_3_13844_549_IN_Ep1","set1_3_13844_549_IN_Ep",2,0.0904821087097366,5
"set1_3_13846_550_IBC_Ep_21","set1_3_13846_550_IBC_Ep_2",3,0.10012356253811,5
"set1_3_13848_550_DCIS_Ep_21","set1_3_13848_550_DCIS_Ep_2",3,0.112983128443351,5
"set1_3_13850_549_IP_Ep1","set1_3_13850_549_IP_Ep",2,0.099079482493806,5
"set1_3_13852_549_MC_Ep1","set1_3_13852_549_MC_Ep",2,0.0882334443085895,5
"set1_3_13854_549_NL_Ep1","set1_3_13854_549_NL_Ep",2,0.0912617001402989,5
"set1_3_13856_549_AM_Ep1","set1_3_13856_549_AM_Ep",3,0.169002536234314,5
"set1_3_13858_548_DCIS_Ep1","set1_3_13858_548_DCIS_Ep",2,0.118156119341991,5
"set1_3_13860_548_IBC_Ep1","set1_3_13860_548_IBC_Ep",2,0.113273661552043,5
"set1_3_13862_547_NL_Ep1","set1_3_13862_547_NL_Ep",5,0.088196911995581,5
"set1_3_13864_547_CCC_Ep_11","set1_3_13864_547_CCC_Ep_1",1,0.0847831604183059,5
"set1_3_13866_547_CCH_Ep_11","set1_3_13866_547_CCH_Ep_1",1,0.0955779410911299,5
"set1_3_13868_547_IBC_Ep_11","set1_3_13868_547_IBC_Ep_1",2,0.107827974962826,5
"set1_3_13870_547_DCIS_Ep1","set1_3_13870_547_DCIS_Ep",2,0.115483405003628,5
"set1_3_13872_547_CCC_Ep_21","set1_3_13872_547_CCC_Ep_2",2,0.0881653503432426,5
"set1_3_13876_547_CCC_Ep_31","set1_3_13876_547_CCC_Ep_3",2,0.0877206164841354,5
"set1_3_13878_547_IBC_Ep_21","set1_3_13878_547_IBC_Ep_2",2,0.114994860711006,5
"set1_3_13880_547_NL_Ep1","set1_3_13880_547_NL_Ep",2,0.0883845846242019,5
"set1_3_13882_546_NL_Ep1","set1_3_13882_546_NL_Ep",2,0.0823592415756238,5
"set1_3_13884_546_ALH_Ep1","set1_3_13884_546_ALH_Ep",1,0.115179451620658,5
"set1_3_13886_546_IBC_Ep1","set1_3_13886_546_IBC_Ep",2,0.0954888685417204,5
"set1_3_13888_546_LIN_Ep1","set1_3_13888_546_LIN_Ep",2,0.0861395480869685,5
"set1_3_13890_546_CCH_Ep1","set1_3_13890_546_CCH_Ep",1,0.116606630061422,5
"set1_3_13892_546_HIN_Ep1","set1_3_13892_546_HIN_Ep",2,0.0869060871791741,5
"set1_3_13894_546_MIN_Ep1","set1_3_13894_546_MIN_Ep",2,0.0898948887910002,5
"set1_3_13896_545_CCC_Ep_11","set1_3_13896_545_CCC_Ep_1",3,0.086068337449112,5
"set1_3_13898_545_ADH_Ep1","set1_3_13898_545_ADH_Ep",1,0.108380677381414,5
"set1_3_13900_545_UDH_Ep_11","set1_3_13900_545_UDH_Ep_1",2,0.0917524411761223,5
"set1_3_13902_545_AM_Ep_11","set1_3_13902_545_AM_Ep_1",3,0.163148735190395,5
"set1_3_13904_545_IBC_Ep1","set1_3_13904_545_IBC_Ep",3,0.169009218508232,5
"set1_3_13906_545_DCIS_Ep_11","set1_3_13906_545_DCIS_Ep_1",3,0.158443373333652,5
"set1_3_13908_545_CCC_Ep_21","set1_3_13908_545_CCC_Ep_2",1,0.0892263565950546,5
"set1_3_13910_545_AM_Ep_21","set1_3_13910_545_AM_Ep_2",3,0.197952151748,5
"set1_3_13912_545_UDH_Ep_21","set1_3_13912_545_UDH_Ep_2",2,0.0872192166752182,5
"set1_3_13914_545_NL_Ep1","set1_3_13914_545_NL_Ep",1,0.0935259240291951,5
"set1_3_13916_545_DCIS_Ep_21","set1_3_13916_545_DCIS_Ep_2",3,0.188254033541617,5
"set1_3_13918_545_LVI_Ep1","set1_3_13918_545_LVI_Ep",3,0.170517346002353,5
"set1_3_13920_544_MC_Ep1","set1_3_13920_544_MC_Ep",2,0.0690599454230774,5
"set1_3_13922_544_NL_Ep1","set1_3_13922_544_NL_Ep",2,0.0947907566152232,5
"set1_3_13924_544_DCIS_Ep_11","set1_3_13924_544_DCIS_Ep_1",3,0.112927507985038,5
"set1_3_13926_544_DCIS_Ep_21","set1_3_13926_544_DCIS_Ep_2",3,0.123759699883726,5
"set1_3_13928_544_IBC_Ep1","set1_3_13928_544_IBC_Ep",3,0.104166567007597,5
"set1_3_13930_544_DCIS_Ep_31","set1_3_13930_544_DCIS_Ep_3",3,0.121667876318437,5
"set1_3_13932_543_CCH_Ep_11","set1_3_13932_543_CCH_Ep_1",1,0.101592503954806,5
"set1_3_13934_543_CCH_Ep_21","set1_3_13934_543_CCH_Ep_2",1,0.106268501056376,5
"set1_3_13936_568_AM_Ep1","set1_3_13936_568_AM_Ep",3,0.187153142037571,5
"set1_3_13938_568_NL_Ep1","set1_3_13938_568_NL_Ep",5,0.0757190519502608,5
"set1_3_13940_568_IBC_Ep1","set1_3_13940_568_IBC_Ep",4,0.102482697430216,5
"set1_3_13942_568_DCIS_Ep1","set1_3_13942_568_DCIS_Ep",4,0.090918724633381,5
"set1_3_13944_569_CCC_Ep1","set1_3_13944_569_CCC_Ep",1,0.0917351507035572,5
"set1_3_13946_570_CCC_Ep_11","set1_3_13946_570_CCC_Ep_1",1,0.108028393939275,5
"set1_3_13948_570_IBC_Ep1","set1_3_13948_570_IBC_Ep",1,0.0872025607753368,5
"set1_3_13950_570_DCIS_Ep1","set1_3_13950_570_DCIS_Ep",1,0.101294341590011,5
"set1_3_13952_570_ADH_Ep_11","set1_3_13952_570_ADH_Ep_1",1,0.109550174539564,5
"set1_3_13954_570_NL_Ep1","set1_3_13954_570_NL_Ep",5,0.0911572210828859,5
"set1_3_13956_570_CCC_Ep_21","set1_3_13956_570_CCC_Ep_2",1,0.107962747708782,5
"set1_3_13958_570_CCH_Ep1","set1_3_13958_570_CCH_Ep",1,0.10356040664871,5
"set1_3_13960_570_ADH_Ep_21","set1_3_13960_570_ADH_Ep_2",1,0.0989180222194595,5
"set1_3_13962_569_IBC_Ep1","set1_3_13962_569_IBC_Ep",2,0.090524934344094,5
"set1_3_13966_567_ADH_Ep1","set1_3_13966_567_ADH_Ep",2,0.0828849443105121,5
"set1_3_13968_567_DCIS_Ep1","set1_3_13968_567_DCIS_Ep",2,0.0900028920916754,5
"set1_3_13970_567_IBC_Ep1","set1_3_13970_567_IBC_Ep",2,0.100323544796223,5
"set1_3_13972_567_NL_Ep1","set1_3_13972_567_NL_Ep",2,0.0877365607632199,5
"set1_3_13974_569_NL_Ep1","set1_3_13974_569_NL_Ep",1,0.0904217129405719,5
"set1_3_13976_565_EN_Ep1","set1_3_13976_565_EN_Ep",1,0.104201931923761,5
"set1_3_13978_565_DCIS_Ep1","set1_3_13978_565_DCIS_Ep",2,0.106862595290955,5
"set1_3_13980_565_NL_Ep1","set1_3_13980_565_NL_Ep",5,0.0834235931595139,5
"set1_3_13982_561_DCIS_Ep1","set1_3_13982_561_DCIS_Ep",2,0.104636343555845,5
"set1_3_13984_561_IBC_Ep1","set1_3_13984_561_IBC_Ep",2,0.108978284144061,5
"set1_3_13986_561_NL_Ep1","set1_3_13986_561_NL_Ep",1,0.103015865203779,5
"set1_3_13987_562_DCIS_Ep_11","set1_3_13987_562_DCIS_Ep_1",2,0.104724931591226,5
"set1_3_13989_562_NL_Ep_11","set1_3_13989_562_NL_Ep_1",2,0.0855348087351851,5
"set1_3_13991_562_DCIS_Ep_21","set1_3_13991_562_DCIS_Ep_2",2,0.10742457195848,5
"set1_3_13993_562_NL_Ep_21","set1_3_13993_562_NL_Ep_2",2,0.0844236587965133,5
"set1_3_13995_563_NL_Ep1","set1_3_13995_563_NL_Ep",2,0.0965921026292906,5
"set1_3_13999_563_EN_Ep1","set1_3_13999_563_EN_Ep",2,0.0938113360461704,5
"set1_3_14001_553_DCIS_Ep1","set1_3_14001_553_DCIS_Ep",4,0.0738791096611909,5
"set1_3_14003_553_IBC_Ep1","set1_3_14003_553_IBC_Ep",4,0.0710190690183114,5
"set1_3_14005_553_NL_Ep_11","set1_3_14005_553_NL_Ep_1",2,0.0860617329579753,5
"set1_3_14007_553_EN_Ep1","set1_3_14007_553_EN_Ep",2,0.0884870997442506,5
"set1_3_14009_553_AM_Ep1","set1_3_14009_553_AM_Ep",2,0.0804625477062175,5
"set1_3_14011_553_NL_Ep_21","set1_3_14011_553_NL_Ep_2",2,0.0854276476938333,5
"set1_3_14012_560_CCC_Ep1","set1_3_14012_560_CCC_Ep",1,0.111787020912965,5
"set1_3_14014_560_AM_Ep1","set1_3_14014_560_AM_Ep",3,0.18933235970231,5
"set1_3_14016_560_NL_Ep_11","set1_3_14016_560_NL_Ep_1",1,0.0991554503557536,5
"set1_3_14018_560_NL_Ep_21","set1_3_14018_560_NL_Ep_2",1,0.103550262222766,5
"set1_3_14020_560_IBC_Ep_11","set1_3_14020_560_IBC_Ep_1",2,0.0997240750537407,5
"set1_3_14022_560_SA_Ep1","set1_3_14022_560_SA_Ep",2,0.0793076306102955,5
"set1_3_14024_560_NL_Ep1","set1_3_14024_560_NL_Ep",2,0.0849474613230228,5
"set1_3_14025_560_IBC_Ep_21","set1_3_14025_560_IBC_Ep_2",2,0.0941323112266903,5
"set1_3_14027_572_IP_Ep1","set1_3_14027_572_IP_Ep",1,0.0984203783348114,5
"set1_3_14028_572_UDH_Ep1","set1_3_14028_572_UDH_Ep",3,0.0923502307709329,5
"set1_3_14034_572_IBC_Ep1","set1_3_14034_572_IBC_Ep",2,0.0953465602262418,5
"set1_3_14036_571_NL_Ep1","set1_3_14036_571_NL_Ep",2,0.0765799991903078,5
"set1_3_14038_571_EN_Ep1","set1_3_14038_571_EN_Ep",2,0.0947977603190669,5
"set1_3_14040_571_DCISw_Ep1","set1_3_14040_571_DCISw_Ep",4,0.0961590030505145,5
"set1_3_14042_571_DCIS_Ep1","set1_3_14042_571_DCIS_Ep",2,0.0945980683877276,5
"set1_3_14044_571_IBC_Ep_11","set1_3_14044_571_IBC_Ep_1",4,0.103312865111887,5
"set1_3_14046_571_IBC_Ep_21","set1_3_14046_571_IBC_Ep_2",4,0.1002621391904,5
"set1_3_14048_566_IBC_Ep1","set1_3_14048_566_IBC_Ep",4,0.0928049520422015,5
"set1_3_14050_566_DCIS_Ep1","set1_3_14050_566_DCIS_Ep",2,0.102193310073812,5
"set1_3_14052_566_UDH_Ep1","set1_3_14052_566_UDH_Ep",1,0.0860752802216481,5
"set1_3_14054_566_CCC_Ep_11","set1_3_14054_566_CCC_Ep_1",1,0.0980153644994441,5
"set1_3_14056_566_CCC_Ep_21","set1_3_14056_566_CCC_Ep_2",1,0.096361334413318,5
"set1_3_14058_566_AM_Ep1","set1_3_14058_566_AM_Ep",3,0.183595573095174,5
"set1_3_14060_566_NL_Ep1","set1_3_14060_566_NL_Ep",1,0.082693870696461,5
"set1_3_14062_564_DCIS_Ep1","set1_3_14062_564_DCIS_Ep",2,0.118230788319784,5
"set1_3_14064_564_HP_Ep1","set1_3_14064_564_HP_Ep",2,0.107535530321728,5
"set1_3_14066_564_NL_Ep1","set1_3_14066_564_NL_Ep",5,0.0785606260973081,5
"set1_3_14068_564_IBC_Ep1","set1_3_14068_564_IBC_Ep",2,0.110791427147951,5
"set1_3_14070_559_DCIS_Ep1","set1_3_14070_559_DCIS_Ep",4,0.0883869602913259,5
"set1_3_14072_559_IBC_Ep1","set1_3_14072_559_IBC_Ep",2,0.105079331005972,5
"set1_3_14074_559_CCH_Ep1","set1_3_14074_559_CCH_Ep",1,0.106739647518575,5
"set1_3_14076_559_AM_Ep1","set1_3_14076_559_AM_Ep",3,0.18424617711262,5
"set1_3_14080_558_IBC_Ep1","set1_3_14080_558_IBC_Ep",2,0.110620355864779,5
"set1_3_14082_558_NL_Ep_11","set1_3_14082_558_NL_Ep_1",2,0.0813993954809078,5
"set1_3_14084_558_DCIS_Ep_11","set1_3_14084_558_DCIS_Ep_1",2,0.113071628782616,5
"set1_3_14086_558_DCIS_Ep_21","set1_3_14086_558_DCIS_Ep_2",2,0.108321451855031,5
"set1_3_14088_558_IN_Ep1","set1_3_14088_558_IN_Ep",2,0.0923429356743989,5
"set1_3_14092_557_IBC_Ep1","set1_3_14092_557_IBC_Ep",4,0.095257733858272,5
"set1_3_14094_557_DCIS_Ep1","set1_3_14094_557_DCIS_Ep",2,0.0938960823721666,5
"set1_3_14096_556_IBC_Ep_11","set1_3_14096_556_IBC_Ep_1",3,0.131028009540473,5
"set1_3_14098_556_ADH_Ep_11","set1_3_14098_556_ADH_Ep_1",1,0.106830677575271,5
"set1_3_14100_556_ADH_Ep_21","set1_3_14100_556_ADH_Ep_2",1,0.115813376206581,5
"set1_3_14102_556_AM_Ep1","set1_3_14102_556_AM_Ep",3,0.176605836468549,5
"set1_3_14104_556_IBC_Ep_21","set1_3_14104_556_IBC_Ep_2",3,0.133982788677543,5
"set1_3_14108_556_NL_Ep1","set1_3_14108_556_NL_Ep",2,0.0922191355745839,5
"set1_3_14110_555_IN_Ep1","set1_3_14110_555_IN_Ep",2,0.0895821528305503,5
"set1_3_14112_555_iIBC_Ep1","set1_3_14112_555_iIBC_Ep",2,0.105383178150707,5
"set1_3_14114_555_IBC_Ep1","set1_3_14114_555_IBC_Ep",2,0.109089314854611,5
"set1_3_14116_555_CCC_Ep1","set1_3_14116_555_CCC_Ep",2,0.0951721115089206,5
"set1_3_14118_555_NL_Ep1","set1_3_14118_555_NL_Ep",2,0.0961455826420711,5
"set1_3_14120_554_RS_Ep_11","set1_3_14120_554_RS_Ep_1",1,0.0931917043398764,5
"set1_3_14124_554_EN_Ep1","set1_3_14124_554_EN_Ep",2,0.0856242169953555,5
"set1_3_14126_554_IBC_Ep1","set1_3_14126_554_IBC_Ep",2,0.103175850122733,5
"set1_3_14128_554_UDH_Ep1","set1_3_14128_554_UDH_Ep",2,0.0950346426510518,5
"set1_3_14130_554_DCIS_Ep1","set1_3_14130_554_DCIS_Ep",2,0.100589009362607,5
"set1_3_14134_554_NL_Ep1","set1_3_14134_554_NL_Ep",2,0.0868797139624762,5
"set4_10_14731_656_IBC_Ep1","set4_10_14731_656_IBC_Ep",4,0.128791948371742,5
"set4_10_14733_656_BBD_Ep1","set4_10_14733_656_BBD_Ep",1,0.116234988279037,5
"set4_10_14735_656_NL_Ep1","set4_10_14735_656_NL_Ep",1,0.0918078539328734,5
"set4_10_14737_657_CCC_Ep1","set4_10_14737_657_CCC_Ep",3,0.10869017613103,5
"set4_10_14739_657_NL_Ep1","set4_10_14739_657_NL_Ep",1,0.11269281282405,5
"set4_10_14741_657_DCIS_Ep1","set4_10_14741_657_DCIS_Ep",3,0.142748598317407,5
"set4_10_14744_657_IBC_Ep1","set4_10_14744_657_IBC_Ep",3,0.118619851076459,5
"set4_10_14745_658_DCIS_Ep1","set4_10_14745_658_DCIS_Ep",4,0.109997931053123,5
"set4_10_14746_658_IBC_Ep1","set4_10_14746_658_IBC_Ep",4,0.126321118909491,5
"set4_10_14747_658_NL_Ep1","set4_10_14747_658_NL_Ep",5,0.119318522159318,5
"set4_10_14751_659_DCIS_Ep1","set4_10_14751_659_DCIS_Ep",1,0.0977204817578571,5
"set4_10_14752_659_IBC_Ep1","set4_10_14752_659_IBC_Ep",4,0.100158975941825,5
"set4_10_14755_659_DCIS_Ep1","set4_10_14755_659_DCIS_Ep",4,0.0936288460931068,5
"set4_10_14757_659_NL_Ep1","set4_10_14757_659_NL_Ep",5,0.0948747134498651,5
"set4_10_14791_663_DCIS_Ep1","set4_10_14791_663_DCIS_Ep",4,0.0918794112001923,5
"set4_10_14793_663_IBC_Ep1","set4_10_14793_663_IBC_Ep",1,0.0882662750549461,5
"set4_10_14795_663_NL_Ep1","set4_10_14795_663_NL_Ep",5,0.0958726302823185,5
"set4_10_14759_660_IBC_Ep1","set4_10_14759_660_IBC_Ep",4,0.128024666758895,5
"set4_10_14761_660_DCIS_Ep1","set4_10_14761_660_DCIS_Ep",4,0.119520109133121,5
"set4_10_14763_660_NL_Ep1","set4_10_14763_660_NL_Ep",5,0.0884176747030517,5
"set4_10_14765_660_LVI_Ep1","set4_10_14765_660_LVI_Ep",4,0.125332876404274,5
"set4_10_14767_661_IBC_Ep1","set4_10_14767_661_IBC_Ep",4,0.125720406640965,5
"set4_10_14769_661_AM_Ep1","set4_10_14769_661_AM_Ep",3,0.208994123307115,5
"set4_10_14771_661_ADH_Ep1","set4_10_14771_661_ADH_Ep",1,0.117616061270721,5
"set4_10_14773_661_DCIS_Ep1","set4_10_14773_661_DCIS_Ep",1,0.128378045625302,5
"set4_10_14775_661_ADH_Ep1","set4_10_14775_661_ADH_Ep",1,0.115495401486701,5
"set4_10_14777_661_NL_Ep1","set4_10_14777_661_NL_Ep",1,0.121823109404556,5
"set4_10_14779_662_DCIS.1_Ep1","set4_10_14779_662_DCIS.1_Ep",4,0.126656097738551,5
"set4_10_14781_662_MIV.1_Ep1","set4_10_14781_662_MIV.1_Ep",4,0.130181416555251,5
"set4_10_14783_662_DCIS.2_Ep1","set4_10_14783_662_DCIS.2_Ep",4,0.128543190913593,5
"set4_10_14785_662_MIV.2_Ep1","set4_10_14785_662_MIV.2_Ep",4,0.134236122325498,5
"set4_10_14787_662_DCIS.3_Ep1","set4_10_14787_662_DCIS.3_Ep",4,0.125496734448054,5
"set4_10_14789_662_IBC_Ep1","set4_10_14789_662_IBC_Ep",4,0.133392546637279,5
"set4_10_14909_676_DCIS.2_Ep1","set4_10_14909_676_DCIS.2_Ep",3,0.173560831002189,5
"set4_10_14797_664_AM_Ep1","set4_10_14797_664_AM_Ep",3,0.216956744448287,5
"set4_10_14798_664_BBD_Ep1","set4_10_14798_664_BBD_Ep",1,0.104237390301434,5
"set4_10_14800_664_IBC_Ep1","set4_10_14800_664_IBC_Ep",4,0.128853583161995,5
"set4_10_14802_664_ADH_Ep1","set4_10_14802_664_ADH_Ep",1,0.0864452884741242,5
"set4_10_14804_664_NL_Ep1","set4_10_14804_664_NL_Ep",5,0.122807243362653,5
"set4_10_14805_665_IBC_Ep1","set4_10_14805_665_IBC_Ep",4,0.106724682158437,5
"set4_10_14807_665_inf_NL_Ep1","set4_10_14807_665_inf_NL_Ep",5,0.0947851602238396,5
"set4_10_14809_665_DCIS_Ep1","set4_10_14809_665_DCIS_Ep",4,0.0932383218652129,5
"set4_10_14810_665_NL_Ep1","set4_10_14810_665_NL_Ep",5,0.09334208142449,5
"set4_10_14812_666_IBC_Ep1","set4_10_14812_666_IBC_Ep",4,0.127240640142773,5
"set4_10_14813_666_DCIS_Ep1","set4_10_14813_666_DCIS_Ep",4,0.0999590593656376,5
"set4_10_14816_666_NL_Ep1","set4_10_14816_666_NL_Ep",5,0.0940348459870527,5
"set4_10_14818_666_BBD_Ep1","set4_10_14818_666_BBD_Ep",1,0.109142180437918,5
"set4_10_14853_671_UDH_Ep1","set4_10_14853_671_UDH_Ep",1,0.0987579949802191,5
"set4_10_14855_671_AM_Ep1","set4_10_14855_671_AM_Ep",3,0.201639727904034,5
"set4_10_14856_671_DCIS_Ep1","set4_10_14856_671_DCIS_Ep",4,0.104685653029394,5
"set4_10_14857_671_IBC_Ep1","set4_10_14857_671_IBC_Ep",4,0.106891288432563,5
"set4_10_14862_671_CCC_Ep1","set4_10_14862_671_CCC_Ep",1,0.116548460041695,5
"set4_10_14820_667_IBC_Ep1","set4_10_14820_667_IBC_Ep",4,0.123927543996697,5
"set4_10_14821_667_DCIS_Ep1","set4_10_14821_667_DCIS_Ep",4,0.107944540334747,5
"set4_10_14822_667_NL_Ep1","set4_10_14822_667_NL_Ep",5,0.0804470751362262,5
"set4_10_14826_668_IBC_Ep1","set4_10_14826_668_IBC_Ep",4,0.122444279047153,5
"set4_10_14828_668_DCIS_Ep1","set4_10_14828_668_DCIS_Ep",1,0.0939933565928014,5
"set4_10_14829_668_NL_Ep1","set4_10_14829_668_NL_Ep",5,0.109752933342448,5
"set4_10_14830_668_EN_Ep1","set4_10_14830_668_EN_Ep",3,0.097038553488657,5
"set4_10_14833_669_IBC_Ep1","set4_10_14833_669_IBC_Ep",4,0.113852411241198,5
"set4_10_14834_669_NL_Ep1","set4_10_14834_669_NL_Ep",5,0.0951059210681309,5
"set4_10_14837_669_DCIS_Ep1","set4_10_14837_669_DCIS_Ep",4,0.0906547561862906,5
"set4_10_14839_670_EN_Ep1","set4_10_14839_670_EN_Ep",1,0.109352402363332,5
"set4_10_14840_670_DCIS_Ep1","set4_10_14840_670_DCIS_Ep",3,0.1721866996509,5
"set4_10_14843_670_DCIS_Ep1","set4_10_14843_670_DCIS_Ep",3,0.192169411000196,5
"set4_10_14844_670_IBC_Ep1","set4_10_14844_670_IBC_Ep",3,0.192747810786911,5
"set4_10_14847_670_BBD_Ep1","set4_10_14847_670_BBD_Ep",1,0.0932908087507373,5
"set4_10_14848_670_CCC_Ep1","set4_10_14848_670_CCC_Ep",1,0.0932441690296832,5
"set4_10_14849_670_AM_Ep1","set4_10_14849_670_AM_Ep",3,0.128570269432427,5
"set4_10_14864_672_inf_NL_Ep_S1_R1_0011","set4_10_14864_672_inf_NL_Ep_S1_R1_001",5,0.0873901291781526,5
"set4_10_14866_672_IBC_Ep_2_S3_R1_0011","set4_10_14866_672_IBC_Ep_2_S3_R1_001",4,0.119200889337754,5
"set4_10_14868_672_IBC_Ep_1_S5_R1_0011","set4_10_14868_672_IBC_Ep_1_S5_R1_001",4,0.12060737697506,5
"set4_10_14869_672_DCIS_Ep_S6_R1_0011","set4_10_14869_672_DCIS_Ep_S6_R1_001",4,0.114300036178785,5
"set4_10_14870_672_CaLob_Ep_S7_R1_0011","set4_10_14870_672_CaLob_Ep_S7_R1_001",4,0.10291338850402,5
"set4_10_14873_672_NL_Ep_S10_R1_0011","set4_10_14873_672_NL_Ep_S10_R1_001",5,0.108370062992367,5
"set4_10_14875_672_ADH_Ep_S12_R1_0011","set4_10_14875_672_ADH_Ep_S12_R1_001",1,0.101009651115317,5
"set4_10_14876_672_CCC_Ep_S13_R1_0011","set4_10_14876_672_CCC_Ep_S13_R1_001",1,0.0845365598017645,5
"set4_10_14878_673_IBC_Ep_S15_R1_0011","set4_10_14878_673_IBC_Ep_S15_R1_001",4,0.123823927927054,5
"set4_10_14880_673_DCIS_Ep_S17_R1_0011","set4_10_14880_673_DCIS_Ep_S17_R1_001",4,0.112106138223935,5
"set4_10_14882_673_NL_Ep_S19_R1_0011","set4_10_14882_673_NL_Ep_S19_R1_001",5,0.0990511580175736,5
"set4_10_14884_673_AM_Ep_S21_R1_0011","set4_10_14884_673_AM_Ep_S21_R1_001",3,0.195742076178322,5
"set4_10_14886_673_CCC_Ep_S23_R1_0011","set4_10_14886_673_CCC_Ep_S23_R1_001",1,0.123814616759716,5
"set4_10_14888_673_EN_Ep_S25_R1_0011","set4_10_14888_673_EN_Ep_S25_R1_001",1,0.0848760290277324,5
"set4_10_14890_674_DCIS_Ep_S27_R1_0011","set4_10_14890_674_DCIS_Ep_S27_R1_001",3,0.187020654470697,5
"set4_10_14892_674_IBC_Ep_S29_R1_0011","set4_10_14892_674_IBC_Ep_S29_R1_001",3,0.160081986175695,5
"set4_10_14894_674_BBD_Ep_S31_R1_0011","set4_10_14894_674_BBD_Ep_S31_R1_001",5,0.0802480567203028,5
"set4_10_14899_675_EN1_Ep_S33_R1_0011","set4_10_14899_675_EN1_Ep_S33_R1_001",1,0.0845978342220737,5
"set4_10_14901_675_EN2_Ep1","set4_10_14901_675_EN2_Ep",1,0.100565571715729,5
"set4_10_14904_675_EN3_Ep1","set4_10_14904_675_EN3_Ep",1,0.102711768121331,5
"set4_10_14905_675_NL_Ep1","set4_10_14905_675_NL_Ep",5,0.101368994784932,5
"set4_10_14907_675_IBC_Ep1","set4_10_14907_675_IBC_Ep",4,0.105800336119328,5
"set4_10_14908_675_CCC_Ep1","set4_10_14908_675_CCC_Ep",3,0.130804955347348,5
"set4_10_14922_677_IBC_Ep1","set4_10_14922_677_IBC_Ep",4,0.1227525937737,5
"set4_10_14924_677_DCIS_Ep1","set4_10_14924_677_DCIS_Ep",4,0.11902670001558,5
"set4_10_14926_677_NL_Ep1","set4_10_14926_677_NL_Ep",5,0.123204296737094,5
"set4_10_14928_677_LVI_Ep1","set4_10_14928_677_LVI_Ep",4,0.113898112790898,5
"set4_10_14930_678_IBC_Ep1","set4_10_14930_678_IBC_Ep",4,0.128017326473448,5
"set4_10_14932_678_PLC_Ep1","set4_10_14932_678_PLC_Ep",5,0.113688158180231,5
"set4_10_14934_678_EN_Ep1","set4_10_14934_678_EN_Ep",1,0.100478693378236,5
"set4_10_14936_678_NL_Ep1","set4_10_14936_678_NL_Ep",5,0.101580077293354,5
"set4_10_14938_679_IBC_Ep1","set4_10_14938_679_IBC_Ep",4,0.128257034646623,5
"set4_10_14940_679_DCIS_Ep1","set4_10_14940_679_DCIS_Ep",4,0.112002483164537,5
"set4_10_14942_679_NL_Ep1","set4_10_14942_679_NL_Ep",5,0.100712212239361,5
"set4_10_14954_680_DCIS_2_Ep1","set4_10_14954_680_DCIS_2_Ep",1,0.107057946147192,5
"set4_10_14956_680_ADH_2_Ep1","set4_10_14956_680_ADH_2_Ep",1,0.112525147178001,5
"set4_10_14944_680_ADH_1_Ep1","set4_10_14944_680_ADH_1_Ep",1,0.117487631385331,5
"set4_10_14946_680_UDH_Ep1","set4_10_14946_680_UDH_Ep",1,0.10845450260716,5
"set4_10_14948_680_NL_Ep1","set4_10_14948_680_NL_Ep",1,0.0977140109394776,5
"set4_10_14950_680_DCIS_1_Ep1","set4_10_14950_680_DCIS_1_Ep",1,0.0962142305878513,5
"set4_10_14952_680_IBC_Ep1","set4_10_14952_680_IBC_Ep",3,0.141933418993124,5
"set4_10_14958_680_LG_DCIS_Ep1","set4_10_14958_680_LG_DCIS_Ep",3,0.11376821689966,5
"set4_10_14960_680_AM_Ep1","set4_10_14960_680_AM_Ep",3,0.189386557971029,5
"set4_10_14962_680_atip_AM_Ep1","set4_10_14962_680_atip_AM_Ep",1,0.120120935561637,5
"set4_10_14963_680_ADH_AM_Ep1","set4_10_14963_680_ADH_AM_Ep",1,0.121608558771456,5
"set4_10_14966_681_DCIS_Ep1","set4_10_14966_681_DCIS_Ep",4,0.096637289039881,5
"set4_10_14968_681_AM_Ep1","set4_10_14968_681_AM_Ep",3,0.20814097776704,5
"set4_10_14970_681_EN_Ep1","set4_10_14970_681_EN_Ep",1,0.0826443212760334,5
"set4_10_14972_681_ADH_1_Ep1","set4_10_14972_681_ADH_1_Ep",5,0.0891799197234935,5
"set4_10_14974_681_IBC_Ep1","set4_10_14974_681_IBC_Ep",4,0.111032997984847,5
"set4_10_14976_681_NL_Ep1","set4_10_14976_681_NL_Ep",5,0.0983033170882387,5
"set4_10_14978_682_NL_Ep1","set4_10_14978_682_NL_Ep",5,0.099235080262712,5
"set4_10_14980_682_EN_Ep1","set4_10_14980_682_EN_Ep",5,0.114240492918549,5
"set4_10_14982_682_IBC_Ep1","set4_10_14982_682_IBC_Ep",4,0.13294336851189,5
"set4_10_14984_682_Inf_NL_Ep1","set4_10_14984_682_Inf_NL_Ep",5,0.117374301991286,5
"set4_10_14987_683_DCIS_Ep1","set4_10_14987_683_DCIS_Ep",4,0.0987794045690744,5
"set4_10_14990_684_ADH_DCIS_Ep1","set4_10_14990_684_ADH_DCIS_Ep",4,0.116804288224854,5
"set4_10_14992_684_DCIS_Ep1","set4_10_14992_684_DCIS_Ep",4,0.117775801721414,5
"set4_10_14994_684_NL_Ep1","set4_10_14994_684_NL_Ep",5,0.102885809334893,5
"set4_10_14996_684_IBC_Ep1","set4_10_14996_684_IBC_Ep",4,0.120320251468986,5
"set4_10_14998_685_DCIS_Ep1","set4_10_14998_685_DCIS_Ep",4,0.115349212472444,5
"set4_10_15000_685_IBC_Ep1","set4_10_15000_685_IBC_Ep",4,0.130197588044146,5
"set4_10_15002_685_NL_Ep1","set4_10_15002_685_NL_Ep",1,0.0982316681134425,5
"set4_10_15004_685_EN_Ep1","set4_10_15004_685_EN_Ep",5,0.113548813594216,5
"set4_10_15013_687_DCIS_1_Ep1","set4_10_15013_687_DCIS_1_Ep",4,0.103369141828154,5
"set4_10_15015_687_DCIS_2_Ep1","set4_10_15015_687_DCIS_2_Ep",4,0.115930749714909,5
"set4_10_15017_687_UDH_Ep1","set4_10_15017_687_UDH_Ep",5,0.0891909246365622,5
"set4_10_15019_687_EN_Ep1","set4_10_15019_687_EN_Ep",5,0.102604376227107,5
"set4_10_15021_687_NL_Ep1","set4_10_15021_687_NL_Ep",5,0.112565571133771,5
"set4_10_15025_688_EN_1_Ep1","set4_10_15025_688_EN_1_Ep",5,0.103142803635743,5
"set4_10_14911_676_EN_Ep1","set4_10_14911_676_EN_Ep",1,0.0996545033797757,5
"set4_10_14913_676_BBD_2_Ep1","set4_10_14913_676_BBD_2_Ep",1,0.0958427965957952,5
"set4_10_14915_676_IBC_Ep1","set4_10_14915_676_IBC_Ep",3,0.176371541540414,5
"set4_10_14916_676_DCIS_1_Ep1","set4_10_14916_676_DCIS_1_Ep",3,0.169544834486072,5
"set4_10_14918_676_BBD_1_Ep1","set4_10_14918_676_BBD_1_Ep",5,0.100469042066595,5
"set4_10_14920_676_NL_Ep1","set4_10_14920_676_NL_Ep",5,0.0849207120265657,5
"set4_10_15006_686_IBC_Ep1","set4_10_15006_686_IBC_Ep",4,0.117072295423165,5
"set4_10_15007_686_DCIS_Ep1","set4_10_15007_686_DCIS_Ep",4,0.106357475556898,5
"set4_10_15009_686_EN_Ep1","set4_10_15009_686_EN_Ep",5,0.109873212883311,5
"set4_10_15011_686_NL_Ep1","set4_10_15011_686_NL_Ep",5,0.109642015778574,5
"set4_10_15032_689_IBC_Ep1","set4_10_15032_689_IBC_Ep",4,0.124164003728734,5
"set4_10_15034_689_DCIS_1_Ep1","set4_10_15034_689_DCIS_1_Ep",4,0.120175848363254,5
"set4_10_15036_689_NL_Ep1","set4_10_15036_689_NL_Ep",5,0.0993242392374162,5
"set4_10_15038_689_DCIS_2_Ep1","set4_10_15038_689_DCIS_2_Ep",5,0.0836817096959994,5
"set4_10_15040_689_EN_1_Ep1","set4_10_15040_689_EN_1_Ep",1,0.0991971585277897,5
"set4_10_15042_689_EN_2_Ep1","set4_10_15042_689_EN_2_Ep",1,0.099354788997846,5
"set4_10_15052_690_EN_2_Ep1","set4_10_15052_690_EN_2_Ep",1,0.120637471390836,5
"set4_10_15062_691_EN_2_Ep1","set4_10_15062_691_EN_2_Ep",3,0.107565045841509,5
"set4_10_14964_681_ADH_2_Ep1","set4_10_14964_681_ADH_2_Ep",5,0.0974679796975956,5
"set4_10_15023_688_IBC_Ep1","set4_10_15023_688_IBC_Ep",4,0.12325787586801,5
"set4_10_15027_688_NL_Ep1","set4_10_15027_688_NL_Ep",5,0.107128497780806,5
"set4_10_15029_688_EN_4_Ep1","set4_10_15029_688_EN_4_Ep",1,0.111484056807827,5
"set4_10_15031_688_EN_5_Ep1","set4_10_15031_688_EN_5_Ep",3,0.163139950685251,5
"set4_10_15044_690_NL_Ep1","set4_10_15044_690_NL_Ep",5,0.0976607525749909,5
"set4_10_15046_690_EN_1_Ep1","set4_10_15046_690_EN_1_Ep",1,0.0925845805826535,5
"set4_10_15048_690_IBC_Ep1","set4_10_15048_690_IBC_Ep",4,0.134716966806254,5
"set4_10_15050_690_DCIS_Ep1","set4_10_15050_690_DCIS_Ep",4,0.0994283709407838,5
"set4_10_15054_690_i_DCIS_Ep1","set4_10_15054_690_i_DCIS_Ep",4,0.0997933661754977,5
"set4_10_15056_691_IBC_Ep1","set4_10_15056_691_IBC_Ep",4,0.123690461410921,5
"set4_10_15058_691_EN_1_Ep1","set4_10_15058_691_EN_1_Ep",1,0.103834481597437,5
"set4_10_15060_691_DCIS_Ep1","set4_10_15060_691_DCIS_Ep",1,0.100797073872506,5
"set4_10_15064_692_IBC_Ep1","set4_10_15064_692_IBC_Ep",4,0.115303580445969,5
"set4_10_15066_692_DCIS_Ep1","set4_10_15066_692_DCIS_Ep",4,0.111205592590512,5
"set4_10_15068_692_NL_Ep1","set4_10_15068_692_NL_Ep",5,0.11504823337406,5
"set4_10_15585_744_IBC_Ep1","set4_10_15585_744_IBC_Ep",4,0.130890585591108,5
"set4_10_15587_744_inF.NL_Ep1","set4_10_15587_744_inF.NL_Ep",5,0.113196785870143,5
"set4_10_15589_744_DCIS_Ep1","set4_10_15589_744_DCIS_Ep",4,0.119150027779962,5
"set4_10_15591_745_CCC_Ep1","set4_10_15591_745_CCC_Ep",1,0.104133514202705,5
"set4_10_15593_745_BBD_Ep1","set4_10_15593_745_BBD_Ep",1,0.103651451815898,5
"set4_10_15595_745_IP_Ep1","set4_10_15595_745_IP_Ep",1,0.110845722031412,5
"set4_10_15597_746_IBC_Ep1","set4_10_15597_746_IBC_Ep",4,0.149586550175331,5
"set4_10_15598_746_DCIS_Ep1","set4_10_15598_746_DCIS_Ep",4,0.13843974441723,5
"set4_10_15600_746_NL_Ep1","set4_10_15600_746_NL_Ep",1,0.110745821192075,5
"set4_10_15602_747_IBC_Ep1","set4_10_15602_747_IBC_Ep",4,0.137337440584478,5
"set4_10_15604_747_NL_Ep1","set4_10_15604_747_NL_Ep",5,0.0944282289394986,5
"set4_10_15606_747_ADH_Ep1","set4_10_15606_747_ADH_Ep",1,0.0993477568747165,5
"set4_10_15608_747_AM_Ep1","set4_10_15608_747_AM_Ep",3,0.208434504559689,5
"set4_10_15610_748_AM_Ep1","set4_10_15610_748_AM_Ep",3,0.211870510049977,5
"set4_10_15612_748_DCIS_Ep1","set4_10_15612_748_DCIS_Ep",3,0.188710557076644,5
"set4_10_15614_748_IBC_Ep1","set4_10_15614_748_IBC_Ep",3,0.160788578758931,5
"set4_10_15616_749_IBC_Ep1","set4_10_15616_749_IBC_Ep",4,0.144594282415084,5
"set4_10_15617_749_DCIS_Ep1","set4_10_15617_749_DCIS_Ep",4,0.143836524573145,5
"set4_10_15618_749_LVI_Ep1","set4_10_15618_749_LVI_Ep",4,0.146634659279753,5
"set4_10_15622_750_NL_Ep1","set4_10_15622_750_NL_Ep",1,0.0843797279575246,5
"set4_10_15624_750_IBC_Ep1","set4_10_15624_750_IBC_Ep",4,0.149330214770116,5
"set4_10_15626_750_DCIS_Ep1","set4_10_15626_750_DCIS_Ep",4,0.129462645085928,5
"set4_10_15628_751_NL_Ep1","set4_10_15628_751_NL_Ep",1,0.107054197905481,5
"set4_10_15630_751_IBC_Ep1","set4_10_15630_751_IBC_Ep",4,0.120647651809566,5
"set4_10_15632_751_ADH_Ep1","set4_10_15632_751_ADH_Ep",1,0.113850064306107,5
"set4_10_15634_751_CCC_Ep1","set4_10_15634_751_CCC_Ep",1,0.115224280392252,5
"set4_10_15636_752_IBC_Ep1","set4_10_15636_752_IBC_Ep",4,0.117716346197837,5
"set4_10_15638_752_DCIS_Ep1","set4_10_15638_752_DCIS_Ep",4,0.101724035646207,5
"set4_10_15639_752_NL_Ep1","set4_10_15639_752_NL_Ep",5,0.112390135201891,5
"set4_10_15640_752_BBD_Ep1","set4_10_15640_752_BBD_Ep",5,0.108269124796857,5
"set4_10_15644_753_DCIS_Ep1","set4_10_15644_753_DCIS_Ep",4,0.12144813857494,5
"set4_10_15646_753_IBC_Ep1","set4_10_15646_753_IBC_Ep",4,0.129370737974936,5
"set4_10_15647_753_NL_Ep1","set4_10_15647_753_NL_Ep",5,0.0918894563950716,5
"set4_10_15649_754_IBC_Ep1","set4_10_15649_754_IBC_Ep",4,0.122884941121794,5
"set4_10_15651_754_ADH_Ep1","set4_10_15651_754_ADH_Ep",4,0.110535757501326,5
"set4_10_15653_754_EN_1_Ep1","set4_10_15653_754_EN_1_Ep",4,0.0928447458426546,5
"set4_10_15655_754_DCIS_Ep1","set4_10_15655_754_DCIS_Ep",4,0.114389594317544,5
"set4_10_15657_754_EN_2_Ep1","set4_10_15657_754_EN_2_Ep",5,0.0794340056262279,5
"set4_10_15659_755_EN_Ep1","set4_10_15659_755_EN_Ep",1,0.108801971592333,5
"set4_10_15661_755_DCIS_inf_1_Ep1","set4_10_15661_755_DCIS_inf_1_Ep",4,0.131892856803623,5
"set4_10_15663_755_IBC_Ep1","set4_10_15663_755_IBC_Ep",4,0.129212124193472,5
"set4_10_15665_755_DCIS_inf_2_Ep1","set4_10_15665_755_DCIS_inf_2_Ep",4,0.105921250853111,5
"set4_10_15667_755_NL_Ep1","set4_10_15667_755_NL_Ep",1,0.100778353327267,5
"set4_10_15669_756_NL_Ep1","set4_10_15669_756_NL_Ep",5,0.111686199584891,5
"set4_10_15671_756_EN_1_Ep1","set4_10_15671_756_EN_1_Ep",1,0.120072924247252,5
"set4_10_15673_756_IBC_Ep1","set4_10_15673_756_IBC_Ep",4,0.114710642458183,5
"set4_10_15675_756_UDH_1_Ep1","set4_10_15675_756_UDH_1_Ep",1,0.0894750454809552,5
"set4_10_15677_756_EN_2_Ep1","set4_10_15677_756_EN_2_Ep",1,0.105275594871565,5
"set4_10_15679_756_UDH_2_Ep1","set4_10_15679_756_UDH_2_Ep",1,0.100956010317615,5
"set4_10_15681_757_DCIS_Ep1","set4_10_15681_757_DCIS_Ep",4,0.136888162299547,5
"set4_10_15683_757_IBC_Ep1","set4_10_15683_757_IBC_Ep",4,0.137585715283809,5
"set4_10_15685_757_NL_Ep1","set4_10_15685_757_NL_Ep",5,0.0866602393011679,5
"set4_10_15687_757_UDH_Ep1","set4_10_15687_757_UDH_Ep",1,0.100896080573658,5
"set4_10_15689_757_CCC_Ep1","set4_10_15689_757_CCC_Ep",1,0.117494369459711,5
"set4_10_15691_757_EN_Ep1","set4_10_15691_757_EN_Ep",1,0.0969030464931147,5
"set4_10_15693_758_DCIS_1_Ep1","set4_10_15693_758_DCIS_1_Ep",4,0.132091368212812,5
"set4_10_15695_758_IBC_1_Ep1","set4_10_15695_758_IBC_1_Ep",4,0.131981104362206,5
"set4_10_15697_758_NL_Ep1","set4_10_15697_758_NL_Ep",5,0.0998665403600909,5
"set4_10_15703_758_EN_Ep1","set4_10_15703_758_EN_Ep",5,0.0898857815911876,5
"set4_10_15709_760_UDH_Ep1","set4_10_15709_760_UDH_Ep",1,0.0982010360333859,5
"set4_10_15713_760_IBC_Ep1","set4_10_15713_760_IBC_Ep",3,0.12692076199698,5
"set4_10_15715_760_EN_1_Ep1","set4_10_15715_760_EN_1_Ep",5,0.0865401296671505,5
"set4_10_15717_760_NL_Ep1","set4_10_15717_760_NL_Ep",1,0.0913646547135305,5
"set4_10_15733_762_DCIS_2_Ep1","set4_10_15733_762_DCIS_2_Ep",4,0.117600711620029,5
"set4_10_15699_758_DCIS_2_Ep1","set4_10_15699_758_DCIS_2_Ep",4,0.122366829780627,5
"set4_10_15701_758_IBC_2_Ep1","set4_10_15701_758_IBC_2_Ep",4,0.126908953439471,5
"set4_10_15705_759_DCIS_Ep1","set4_10_15705_759_DCIS_Ep",4,0.101976557791822,5
"set4_10_15707_759_IBC_Ep1","set4_10_15707_759_IBC_Ep",4,0.113726523880297,5
"set4_10_15711_760_EN_2_Ep1","set4_10_15711_760_EN_2_Ep",5,0.0886596292007353,5
"set4_10_15719_761_IBC_Ep1","set4_10_15719_761_IBC_Ep",4,0.136497780464733,5
"set4_10_15721_761_DCIS_Ep1","set4_10_15721_761_DCIS_Ep",4,0.135094419134475,5
"set4_10_15723_761_EN_1_Ep1","set4_10_15723_761_EN_1_Ep",1,0.101222740601489,5
"set4_10_15725_761_ADH_Ep1","set4_10_15725_761_ADH_Ep",1,0.110036561079741,5
"set4_10_15729_762_IBC_Ep1","set4_10_15729_762_IBC_Ep",4,0.128510783573048,5
"set4_10_15731_762_DCIS_1_Ep1","set4_10_15731_762_DCIS_1_Ep",4,0.123914762972713,5
"set4_10_15735_763_IBC_Ep1","set4_10_15735_763_IBC_Ep",4,0.125537991714872,5
"set4_10_15737_763_ADH_Ep1","set4_10_15737_763_ADH_Ep",4,0.0878366896207469,5
"set4_10_15739_763_NL_1_Ep1","set4_10_15739_763_NL_1_Ep",5,0.0999816679770913,5
"set4_10_15741_763_EN_Ep1","set4_10_15741_763_EN_Ep",5,0.11475923221978,5
"set4_10_15745_764_IBC_Ep1","set4_10_15745_764_IBC_Ep",4,0.123619238225866,5
"set4_10_15747_764_DCIS_1_Ep1","set4_10_15747_764_DCIS_1_Ep",4,0.129027845639773,5
"set4_10_15749_764_LVI_Ep1","set4_10_15749_764_LVI_Ep",4,0.122273421573235,5
"set4_10_15751_764_DCIS_2_Ep1","set4_10_15751_764_DCIS_2_Ep",4,0.128105022970013,5
"set4_10_15753_764_EN_Ep1","set4_10_15753_764_EN_Ep",1,0.0909630974047711,5
"set4_10_15755_764_NL_Ep1","set4_10_15755_764_NL_Ep",1,0.0996120566455413,5
"set4_10_15757_765_IBC_Ep1","set4_10_15757_765_IBC_Ep",3,0.165155895605657,5
"set4_10_15759_765_DCIS_Ep1","set4_10_15759_765_DCIS_Ep",3,0.185344601923487,5
"set4_10_15761_765_EN_1_Ep1","set4_10_15761_765_EN_1_Ep",1,0.0989158983959673,5
"set4_10_15765_765_NL_Ep1","set4_10_15765_765_NL_Ep",5,0.10184578148874,5
"set4_10_15767_766_NL_Ep1","set4_10_15767_766_NL_Ep",5,0.105168583128008,5
"set4_10_15769_766_inf_NL_Ep1","set4_10_15769_766_inf_NL_Ep",5,0.111368554144078,5
"set4_10_15771_766_IBC_Ep1","set4_10_15771_766_IBC_Ep",4,0.137325057418987,5
"set4_10_15773_766_AM_Ep1","set4_10_15773_766_AM_Ep",3,0.187891878289217,5
"set4_10_15775_766_EN_Ep1","set4_10_15775_766_EN_Ep",1,0.0905738131903116,5
"set4_10_15777_767_IBC_Ep1","set4_10_15777_767_IBC_Ep",4,0.13222549618594,5
"set4_10_15779_767_DCIS_Ep1","set4_10_15779_767_DCIS_Ep",4,0.129872462961148,5
"set4_10_15781_767_AM_2_Ep1","set4_10_15781_767_AM_2_Ep",3,0.197658343682695,5
"set4_10_15783_767_ADH_Ep1","set4_10_15783_767_ADH_Ep",5,0.08284781475993,5
"set4_10_15787_767_NL_Ep1","set4_10_15787_767_NL_Ep",5,0.101562342473654,5
"set4_10_15789_768_IBC_Ep1","set4_10_15789_768_IBC_Ep",4,0.121533805052998,5
"set4_10_15791_768_NL_Ep1","set4_10_15791_768_NL_Ep",5,0.0887607093416569,5
"set4_10_15795_768_EN_2_Ep1","set4_10_15795_768_EN_2_Ep",3,0.104784478387815,5
"set4_10_15797_768_EN_3_Ep1","set4_10_15797_768_EN_3_Ep",1,0.0851531788399083,5
"set4_10_15799_769_IBC_Ep1","set4_10_15799_769_IBC_Ep",4,0.157183285466601,5
"set4_10_15801_769_DCIS_1_Ep1","set4_10_15801_769_DCIS_1_Ep",4,0.115348591441306,5
"set4_10_15805_769_EN_1_Ep1","set4_10_15805_769_EN_1_Ep",1,0.116465994004888,5
"set4_10_15809_769_NL_Ep1","set4_10_15809_769_NL_Ep",5,0.115009278537936,5
"set4_10_15811_769_EN_4_Ep1","set4_10_15811_769_EN_4_Ep",1,0.106863815608359,5
"set4_10_15817_769_AM_Ep1","set4_10_15817_769_AM_Ep",3,0.203759607941399,5
"set4_10_15785_767_AM_1_Ep1","set4_10_15785_767_AM_1_Ep",3,0.196258565757712,5
"set4_10_15793_768_EN_1_Ep1","set4_10_15793_768_EN_1_Ep",1,0.0851723189850221,5
"set4_10_15803_769_DCIS_2_Ep1","set4_10_15803_769_DCIS_2_Ep",4,0.124357504194196,5
"set4_10_15807_769_EN_3_Ep1","set4_10_15807_769_EN_3_Ep",1,0.123859290992475,5
"set4_10_15815_769_EN_6_Ep1","set4_10_15815_769_EN_6_Ep",1,0.119012353985815,5
"set4_10_15819_770_DCIS_Ep1","set4_10_15819_770_DCIS_Ep",4,0.115330268192306,5
"set4_10_15821_770_IBC_Ep1","set4_10_15821_770_IBC_Ep",4,0.128272161369916,5
"set4_10_15823_770_EN_1_Ep1","set4_10_15823_770_EN_1_Ep",1,0.115429601307072,5
"set4_10_15825_770_NL_Ep1","set4_10_15825_770_NL_Ep",5,0.0986211728021361,5
"set4_10_15829_771_EN_4_Ep1","set4_10_15829_771_EN_4_Ep",1,0.0966489547374426,5
"set4_10_15835_771_DCIS_3_Ep1","set4_10_15835_771_DCIS_3_Ep",4,0.12162781331961,5
"set4_10_15831_771_NL_Ep1","set4_10_15831_771_NL_Ep",5,0.117545819736092,5
"set4_10_15833_771_EN_2_Ep1","set4_10_15833_771_EN_2_Ep",1,0.107013487663079,5
"set4_10_15839_771_DCIS_1_Ep1","set4_10_15839_771_DCIS_1_Ep",4,0.144321717067834,5
"set4_10_15843_771_IBC_Ep1","set4_10_15843_771_IBC_Ep",4,0.152696256817245,5
"set4_10_15727_761_EN_2_Ep1","set4_10_15727_761_EN_2_Ep",1,0.0939449763204229,5
"set4_10_15743_763_NL_2_Ep1","set4_10_15743_763_NL_2_Ep",5,0.120014070116863,5
"set4_10_15763_765_EN_2_Ep1","set4_10_15763_765_EN_2_Ep",5,0.111504185913716,5
"set4_10_15813_769_EN_5_Ep1","set4_10_15813_769_EN_5_Ep",1,0.121839711376039,5
"set4_10_15827_771_EN_3_Ep1","set4_10_15827_771_EN_3_Ep",1,0.120076878003406,5
"set4_10_15837_771_EN_1_Ep1","set4_10_15837_771_EN_1_Ep",1,0.127247363042629,5
"set4_10_15841_771_DCIS_2_Ep1","set4_10_15841_771_DCIS_2_Ep",4,0.147123864549798,5
"set4_10_15845_772_IBC_Ep1","set4_10_15845_772_IBC_Ep",4,0.117919665044185,5
"set4_10_15847_772_DCIS_1_Ep1","set4_10_15847_772_DCIS_1_Ep",4,0.111429139356709,5
"set4_10_15849_772_DCIS_2_Ep1","set4_10_15849_772_DCIS_2_Ep",4,0.1111263310887,5
"set4_10_15851_772_EN_1_Ep1","set4_10_15851_772_EN_1_Ep",4,0.0948669714760799,5
"set4_10_15853_772_EN_2_Ep1","set4_10_15853_772_EN_2_Ep",5,0.101343188067998,5
"set4_10_15855_772_EN_3_Ep1","set4_10_15855_772_EN_3_Ep",4,0.0984223391966084,5
"set4_10_15857_772_EN_4_Ep1","set4_10_15857_772_EN_4_Ep",4,0.0899535243171253,5
"set4_10_15859_772_NL_Ep1","set4_10_15859_772_NL_Ep",5,0.113074748406963,5
"set1_3_11770_354_EN_E_S1_R1_0012","set1_3_11770_354_EN_E_S1_R1_001",4,0.0822268982996883,6
"set1_3_11772_354_IDC_E_S3_R1_0012","set1_3_11772_354_IDC_E_S3_R1_001",2,0.0866835692125317,6
"set1_3_11774_354_RS1_E_center_S5_R1_0012","set1_3_11774_354_RS1_E_center_S5_R1_001",4,0.0632190119476592,6
"set1_3_11776_354_RS1_E_peripheral_S7_R1_0012","set1_3_11776_354_RS1_E_peripheral_S7_R1_001",4,0.0822698762477512,6
"set1_3_11778_354_RS2_E_center_S9_R1_0012","set1_3_11778_354_RS2_E_center_S9_R1_001",4,0.0814282808251854,6
"set1_3_11780_354_RS2_E_peripheral_S11_R1_0012","set1_3_11780_354_RS2_E_peripheral_S11_R1_001",4,0.084499721962679,6
"set1_3_11782_354_NL_E_S13_R1_0012","set1_3_11782_354_NL_E_S13_R1_001",4,0.0771884049598524,6
"set1_3_11784_355_RS1_E_center_S15_R1_0012","set1_3_11784_355_RS1_E_center_S15_R1_001",4,0.0765415017007191,6
"set1_3_11786_355_RS1_E_peripheral_S17_R1_0012","set1_3_11786_355_RS1_E_peripheral_S17_R1_001",2,0.0795841112035227,6
"set1_3_11789_355_RS2_E_center_S20_R1_0012","set1_3_11789_355_RS2_E_center_S20_R1_001",4,0.0747874387437866,6
"set1_3_11791_355_RS2_E_peripheral_S22_R1_0012","set1_3_11791_355_RS2_E_peripheral_S22_R1_001",2,0.0774036918830927,6
"set1_3_11794_355_NL_E_S25_R1_0012","set1_3_11794_355_NL_E_S25_R1_001",4,0.0659145202755365,6
"set1_3_11796_355_RS3_E_center_S27_R1_0012","set1_3_11796_355_RS3_E_center_S27_R1_001",4,0.0661075059287305,6
"set1_3_11798_355_RS3_E_peripheral_S29_R1_0012","set1_3_11798_355_RS3_E_peripheral_S29_R1_001",4,0.0719015568221272,6
"set1_3_11800_356_NL_E_S31_R1_0012","set1_3_11800_356_NL_E_S31_R1_001",4,0.0778848620082976,6
"set1_3_11802_356_RS1_E_center_S32_R1_0012","set1_3_11802_356_RS1_E_center_S32_R1_001",4,0.0706572566987569,6
"set1_3_11804_356_RS1_E_peripheral_S34_R1_0012","set1_3_11804_356_RS1_E_peripheral_S34_R1_001",4,0.0817001293540411,6
"set1_3_11806_357_NL_E_S50_R1_0012","set1_3_11806_357_NL_E_S50_R1_001",4,0.0579518916217345,6
"set1_3_11808_357_RS1_E_center_S32_R1_0012","set1_3_11808_357_RS1_E_center_S32_R1_001",4,0.0572652713894554,6
"set1_3_11810_357_RS1_E_peripheral_S5_R1_0012","set1_3_11810_357_RS1_E_peripheral_S5_R1_001",4,0.0567185015628877,6
"set1_3_11813_358_NL_E_S36_R1_0012","set1_3_11813_358_NL_E_S36_R1_001",2,0.0802909637134994,6
"set1_3_11815_358_EN_E_S38_R1_0012","set1_3_11815_358_EN_E_S38_R1_001",2,0.0836123080142836,6
"set1_3_11817_358_RS1_E_center_S40_R1_0012","set1_3_11817_358_RS1_E_center_S40_R1_001",4,0.0698252820756769,6
"set1_3_11819_358_RS1_E_peripheral_S42_R1_0012","set1_3_11819_358_RS1_E_peripheral_S42_R1_001",2,0.0815675237940814,6
"set1_3_11821_358_IBC_E_S44_R1_0012","set1_3_11821_358_IBC_E_S44_R1_001",6,0.075839958471365,6
"set1_3_11823_358_RS2_E_center_S46_R1_0012","set1_3_11823_358_RS2_E_center_S46_R1_001",1,0.0732000059487659,6
"set1_3_11825_358_RS2_E_peripheral_S48_R1_0012","set1_3_11825_358_RS2_E_peripheral_S48_R1_001",4,0.0877139731975611,6
"set1_3_11827_359_RS1_E_center_S50_R1_0012","set1_3_11827_359_RS1_E_center_S50_R1_001",4,0.077733005497834,6
"set1_3_11829_359_RS1_E_peripheral_S52_R1_0012","set1_3_11829_359_RS1_E_peripheral_S52_R1_001",1,0.0792757594856745,6
"set1_3_11831_359_NL_E_S54_R1_0012","set1_3_11831_359_NL_E_S54_R1_001",4,0.069392833503963,6
"set1_3_11833_359_RS2_E_center_S55_R1_0012","set1_3_11833_359_RS2_E_center_S55_R1_001",4,0.0623990908170634,6
"set1_3_11835_359_RS2_E_peripheral_S57_R1_0012","set1_3_11835_359_RS2_E_peripheral_S57_R1_001",2,0.0721056695978998,6
"set1_3_11837_359_IDC_E_S59_R1_0012","set1_3_11837_359_IDC_E_S59_R1_001",2,0.0795568929704179,6
"set1_3_11838_360_RS1_E_center_S4_R1_0012","set1_3_11838_360_RS1_E_center_S4_R1_001",2,0.0602067219958088,6
"set1_3_11840_360_RS1_E_peripheral_S8_R1_0012","set1_3_11840_360_RS1_E_peripheral_S8_R1_001",4,0.0570424387310941,6
"set1_3_11842_360_NL_E_S3_R1_0012","set1_3_11842_360_NL_E_S3_R1_001",4,0.0587738044132042,6
"set1_3_11844_361_RS1_E_center_S34_R1_0012","set1_3_11844_361_RS1_E_center_S34_R1_001",4,0.0593439143038497,6
"set1_3_11846_361_RS1_E_peripheral_S7_R1_0012","set1_3_11846_361_RS1_E_peripheral_S7_R1_001",4,0.0618994328640804,6
"set1_3_11848_361_RS2_E_center_S18_R1_0012","set1_3_11848_361_RS2_E_center_S18_R1_001",4,0.0462275185047561,6
"set1_3_11850_361_RS2_E_peripheral_S10_R1_0012","set1_3_11850_361_RS2_E_peripheral_S10_R1_001",4,0.053741319573759,6
"set1_3_11852_361_RS4_E_center_S9_R1_0012","set1_3_11852_361_RS4_E_center_S9_R1_001",4,0.0546707268391805,6
"set1_3_11854_361_RS4_E_peripheral_S11_R1_0012","set1_3_11854_361_RS4_E_peripheral_S11_R1_001",4,0.0777108712207677,6
"set1_3_11856_361_RS3_E_center_S21_R1_0012","set1_3_11856_361_RS3_E_center_S21_R1_001",4,0.0563066960159685,6
"set1_3_11858_361_RS3_E_peripheral_S13_R1_0012","set1_3_11858_361_RS3_E_peripheral_S13_R1_001",4,0.0589097117533279,6
"set1_3_11860_361_NL_E_S49_R1_0012","set1_3_11860_361_NL_E_S49_R1_001",4,0.0495475901579374,6
"set1_3_11862_362_RS1_E_center_S55_R1_0012","set1_3_11862_362_RS1_E_center_S55_R1_001",4,0.0487702557000477,6
"set1_3_11864_362_RS1_E_peripheral_S39_R1_0012","set1_3_11864_362_RS1_E_peripheral_S39_R1_001",4,0.0572580005404559,6
"set1_3_11867_363_RS1_E_center_S15_R1_0012","set1_3_11867_363_RS1_E_center_S15_R1_001",4,0.0530090208680523,6
"set1_3_11869_363_RS1_E_peripheral_S14_R1_0012","set1_3_11869_363_RS1_E_peripheral_S14_R1_001",4,0.0583995880923256,6
"set1_3_11871_363_NL_E_S47_R1_0012","set1_3_11871_363_NL_E_S47_R1_001",4,0.0600105822235292,6
"set1_3_11873_363_IDC_E_S30_R1_0012","set1_3_11873_363_IDC_E_S30_R1_001",4,0.0477096561663955,6
"set1_3_11874_364_RS1_E_center_S38_R1_0012","set1_3_11874_364_RS1_E_center_S38_R1_001",4,0.0541689421553904,6
"set1_3_11876_364_RS1_E_peripheral_S16_R1_0012","set1_3_11876_364_RS1_E_peripheral_S16_R1_001",4,0.0517780667617492,6
"set1_3_11878_364_NL_E_S19_R1_0012","set1_3_11878_364_NL_E_S19_R1_001",4,0.0486743668007619,6
"set1_3_11880_364_RS2_E_center_S12_R1_0012","set1_3_11880_364_RS2_E_center_S12_R1_001",2,0.0516897674342846,6
"set1_3_11882_364_RS2_E_peripheral_S6_R1_0012","set1_3_11882_364_RS2_E_peripheral_S6_R1_001",2,0.0452705946324089,6
"set1_3_11885_364_NL_E_S22_R1_0012","set1_3_11885_364_NL_E_S22_R1_001",4,0.0535687474748327,6
"set1_3_13813_552_IBC_Ep_12","set1_3_13813_552_IBC_Ep_1",5,0.0863417210149333,6
"set1_3_13815_552_EN_Ep_12","set1_3_13815_552_EN_Ep_1",4,0.0915604253290486,6
"set1_3_13819_552_NL_Ep2","set1_3_13819_552_NL_Ep",4,0.0782450860867805,6
"set1_3_13821_551_IBC_Ep_22","set1_3_13821_551_IBC_Ep_2",3,0.14447840977552,6
"set1_3_13823_551_AM_Ep2","set1_3_13823_551_AM_Ep",4,0.0922195950028101,6
"set1_3_13825_551_UDH_Ep2","set1_3_13825_551_UDH_Ep",3,0.107606423843433,6
"set1_3_13826_551_NL_Ep2","set1_3_13826_551_NL_Ep",4,0.0825549577327506,6
"set1_3_13828_551_DCIS_Ep2","set1_3_13828_551_DCIS_Ep",3,0.0935080102740534,6
"set1_3_13830_550_ADH_Ep_12","set1_3_13830_550_ADH_Ep_1",3,0.0909517297276977,6
"set1_3_13832_550_IBC_Ep_12","set1_3_13832_550_IBC_Ep_1",3,0.108344259170121,6
"set1_3_13834_550_AM_Ep_22","set1_3_13834_550_AM_Ep_2",3,0.135853585469569,6
"set1_3_13836_550_DCIS_Ep_12","set1_3_13836_550_DCIS_Ep_1",3,0.0893552826148973,6
"set1_3_13838_550_CCC_Ep2","set1_3_13838_550_CCC_Ep",4,0.0974937920191855,6
"set1_3_13840_549_DCIS_Ep2","set1_3_13840_549_DCIS_Ep",5,0.0853257316638963,6
"set1_3_13842_549_IBC_Ep2","set1_3_13842_549_IBC_Ep",5,0.095652269512966,6
"set1_3_13844_549_IN_Ep2","set1_3_13844_549_IN_Ep",4,0.0801384905914237,6
"set1_3_13846_550_IBC_Ep_22","set1_3_13846_550_IBC_Ep_2",3,0.0791999588014147,6
"set1_3_13848_550_DCIS_Ep_22","set1_3_13848_550_DCIS_Ep_2",3,0.0897912794783935,6
"set1_3_13850_549_IP_Ep2","set1_3_13850_549_IP_Ep",4,0.0883046350933237,6
"set1_3_13852_549_MC_Ep2","set1_3_13852_549_MC_Ep",4,0.0804512312283583,6
"set1_3_13854_549_NL_Ep2","set1_3_13854_549_NL_Ep",4,0.0889208214459985,6
"set1_3_13856_549_AM_Ep2","set1_3_13856_549_AM_Ep",3,0.14741710711085,6
"set1_3_13858_548_DCIS_Ep2","set1_3_13858_548_DCIS_Ep",5,0.0790837447785189,6
"set1_3_13860_548_IBC_Ep2","set1_3_13860_548_IBC_Ep",4,0.0781657068831654,6
"set1_3_13862_547_NL_Ep2","set1_3_13862_547_NL_Ep",1,0.0811334555085511,6
"set1_3_13864_547_CCC_Ep_12","set1_3_13864_547_CCC_Ep_1",4,0.0840016598629636,6
"set1_3_13866_547_CCH_Ep_12","set1_3_13866_547_CCH_Ep_1",4,0.0879019418142542,6
"set1_3_13868_547_IBC_Ep_12","set1_3_13868_547_IBC_Ep_1",5,0.0952670282470878,6
"set1_3_13870_547_DCIS_Ep2","set1_3_13870_547_DCIS_Ep",5,0.106875193432688,6
"set1_3_13872_547_CCC_Ep_22","set1_3_13872_547_CCC_Ep_2",4,0.0819226930860699,6
"set1_3_13876_547_CCC_Ep_32","set1_3_13876_547_CCC_Ep_3",4,0.0843751979683244,6
"set1_3_13878_547_IBC_Ep_22","set1_3_13878_547_IBC_Ep_2",5,0.0855681647349005,6
"set1_3_13880_547_NL_Ep2","set1_3_13880_547_NL_Ep",4,0.0752368175360949,6
"set1_3_13882_546_NL_Ep2","set1_3_13882_546_NL_Ep",4,0.0813620893118399,6
"set1_3_13884_546_ALH_Ep2","set1_3_13884_546_ALH_Ep",2,0.0846608836264805,6
"set1_3_13886_546_IBC_Ep2","set1_3_13886_546_IBC_Ep",6,0.140969277590359,6
"set1_3_13888_546_LIN_Ep2","set1_3_13888_546_LIN_Ep",4,0.0771132526390498,6
"set1_3_13890_546_CCH_Ep2","set1_3_13890_546_CCH_Ep",4,0.088079021551923,6
"set1_3_13892_546_HIN_Ep2","set1_3_13892_546_HIN_Ep",4,0.0730849983270268,6
"set1_3_13894_546_MIN_Ep2","set1_3_13894_546_MIN_Ep",4,0.0738799465570375,6
"set1_3_13896_545_CCC_Ep_12","set1_3_13896_545_CCC_Ep_1",4,0.0826844348665304,6
"set1_3_13898_545_ADH_Ep2","set1_3_13898_545_ADH_Ep",4,0.100243113045601,6
"set1_3_13900_545_UDH_Ep_12","set1_3_13900_545_UDH_Ep_1",4,0.0988154453219838,6
"set1_3_13902_545_AM_Ep_12","set1_3_13902_545_AM_Ep_1",3,0.138876552194638,6
"set1_3_13904_545_IBC_Ep2","set1_3_13904_545_IBC_Ep",3,0.144866220624352,6
"set1_3_13906_545_DCIS_Ep_12","set1_3_13906_545_DCIS_Ep_1",3,0.134509383676784,6
"set1_3_13908_545_CCC_Ep_22","set1_3_13908_545_CCC_Ep_2",4,0.0896390977883587,6
"set1_3_13910_545_AM_Ep_22","set1_3_13910_545_AM_Ep_2",3,0.173151021693873,6
"set1_3_13912_545_UDH_Ep_22","set1_3_13912_545_UDH_Ep_2",4,0.100741873210774,6
"set1_3_13914_545_NL_Ep2","set1_3_13914_545_NL_Ep",4,0.103852191711141,6
"set1_3_13916_545_DCIS_Ep_22","set1_3_13916_545_DCIS_Ep_2",3,0.163292519399415,6
"set1_3_13918_545_LVI_Ep2","set1_3_13918_545_LVI_Ep",3,0.145995237682781,6
"set1_3_13920_544_MC_Ep2","set1_3_13920_544_MC_Ep",4,0.0658964221759183,6
"set1_3_13922_544_NL_Ep2","set1_3_13922_544_NL_Ep",4,0.089182931718812,6
"set1_3_13924_544_DCIS_Ep_12","set1_3_13924_544_DCIS_Ep_1",3,0.0935046383898988,6
"set1_3_13926_544_DCIS_Ep_22","set1_3_13926_544_DCIS_Ep_2",3,0.100275425072322,6
"set1_3_13928_544_IBC_Ep2","set1_3_13928_544_IBC_Ep",3,0.0831872842459468,6
"set1_3_13930_544_DCIS_Ep_32","set1_3_13930_544_DCIS_Ep_3",3,0.0982048546302142,6
"set1_3_13932_543_CCH_Ep_12","set1_3_13932_543_CCH_Ep_1",4,0.0914041235974295,6
"set1_3_13934_543_CCH_Ep_22","set1_3_13934_543_CCH_Ep_2",4,0.0932927426931965,6
"set1_3_13936_568_AM_Ep2","set1_3_13936_568_AM_Ep",3,0.164863061709459,6
"set1_3_13938_568_NL_Ep2","set1_3_13938_568_NL_Ep",1,0.0680218598567002,6
"set1_3_13940_568_IBC_Ep2","set1_3_13940_568_IBC_Ep",6,0.0947327362047392,6
"set1_3_13942_568_DCIS_Ep2","set1_3_13942_568_DCIS_Ep",6,0.0830870169425747,6
"set1_3_13944_569_CCC_Ep2","set1_3_13944_569_CCC_Ep",4,0.0890555538350554,6
"set1_3_13946_570_CCC_Ep_12","set1_3_13946_570_CCC_Ep_1",2,0.0819665198540687,6
"set1_3_13948_570_IBC_Ep2","set1_3_13948_570_IBC_Ep",2,0.0693244085577165,6
"set1_3_13950_570_DCIS_Ep2","set1_3_13950_570_DCIS_Ep",2,0.0776532699275809,6
"set1_3_13952_570_ADH_Ep_12","set1_3_13952_570_ADH_Ep_1",4,0.0826681430888467,6
"set1_3_13954_570_NL_Ep2","set1_3_13954_570_NL_Ep",1,0.084008043491402,6
"set1_3_13956_570_CCC_Ep_22","set1_3_13956_570_CCC_Ep_2",4,0.0835544124013162,6
"set1_3_13958_570_CCH_Ep2","set1_3_13958_570_CCH_Ep",4,0.0887223160515745,6
"set1_3_13960_570_ADH_Ep_22","set1_3_13960_570_ADH_Ep_2",2,0.0757162253497501,6
"set1_3_13962_569_IBC_Ep2","set1_3_13962_569_IBC_Ep",5,0.114905140279824,6
"set1_3_13966_567_ADH_Ep2","set1_3_13966_567_ADH_Ep",4,0.0848481264321911,6
"set1_3_13968_567_DCIS_Ep2","set1_3_13968_567_DCIS_Ep",5,0.0799447746499433,6
"set1_3_13970_567_IBC_Ep2","set1_3_13970_567_IBC_Ep",5,0.110623539896307,6
"set1_3_13972_567_NL_Ep2","set1_3_13972_567_NL_Ep",4,0.0813064010573221,6
"set1_3_13974_569_NL_Ep2","set1_3_13974_569_NL_Ep",4,0.0912088511640152,6
"set1_3_13976_565_EN_Ep2","set1_3_13976_565_EN_Ep",4,0.0817023675526384,6
"set1_3_13978_565_DCIS_Ep2","set1_3_13978_565_DCIS_Ep",6,0.091638554793239,6
"set1_3_13980_565_NL_Ep2","set1_3_13980_565_NL_Ep",1,0.074190163655012,6
"set1_3_13982_561_DCIS_Ep2","set1_3_13982_561_DCIS_Ep",5,0.116347568415925,6
"set1_3_13984_561_IBC_Ep2","set1_3_13984_561_IBC_Ep",5,0.126589241411962,6
"set1_3_13986_561_NL_Ep2","set1_3_13986_561_NL_Ep",4,0.0849902541644526,6
"set1_3_13987_562_DCIS_Ep_12","set1_3_13987_562_DCIS_Ep_1",5,0.0772022914535803,6
"set1_3_13989_562_NL_Ep_12","set1_3_13989_562_NL_Ep_1",4,0.0760263354193504,6
"set1_3_13991_562_DCIS_Ep_22","set1_3_13991_562_DCIS_Ep_2",5,0.100836165475425,6
"set1_3_13993_562_NL_Ep_22","set1_3_13993_562_NL_Ep_2",4,0.0780191809097915,6
"set1_3_13995_563_NL_Ep2","set1_3_13995_563_NL_Ep",4,0.0797958048223245,6
"set1_3_13999_563_EN_Ep2","set1_3_13999_563_EN_Ep",4,0.102464776989707,6
"set1_3_14001_553_DCIS_Ep2","set1_3_14001_553_DCIS_Ep",5,0.0712732355305247,6
"set1_3_14003_553_IBC_Ep2","set1_3_14003_553_IBC_Ep",5,0.0635889634362499,6
"set1_3_14005_553_NL_Ep_12","set1_3_14005_553_NL_Ep_1",4,0.0898665383442493,6
"set1_3_14007_553_EN_Ep2","set1_3_14007_553_EN_Ep",4,0.0909934452941985,6
"set1_3_14009_553_AM_Ep2","set1_3_14009_553_AM_Ep",4,0.0864674136523283,6
"set1_3_14011_553_NL_Ep_22","set1_3_14011_553_NL_Ep_2",4,0.0740992125269601,6
"set1_3_14012_560_CCC_Ep2","set1_3_14012_560_CCC_Ep",4,0.0878787792024738,6
"set1_3_14014_560_AM_Ep2","set1_3_14014_560_AM_Ep",3,0.167781844327852,6
"set1_3_14016_560_NL_Ep_12","set1_3_14016_560_NL_Ep_1",4,0.0849007893020386,6
"set1_3_14018_560_NL_Ep_22","set1_3_14018_560_NL_Ep_2",4,0.0921294454372703,6
"set1_3_14020_560_IBC_Ep_12","set1_3_14020_560_IBC_Ep_1",5,0.0779487255270391,6
"set1_3_14022_560_SA_Ep2","set1_3_14022_560_SA_Ep",4,0.0783752588051728,6
"set1_3_14024_560_NL_Ep2","set1_3_14024_560_NL_Ep",4,0.0745222344960024,6
"set1_3_14025_560_IBC_Ep_22","set1_3_14025_560_IBC_Ep_2",5,0.093600948690441,6
"set1_3_14027_572_IP_Ep2","set1_3_14027_572_IP_Ep",4,0.0798777654160338,6
"set1_3_14028_572_UDH_Ep2","set1_3_14028_572_UDH_Ep",4,0.0882726744656326,6
"set1_3_14034_572_IBC_Ep2","set1_3_14034_572_IBC_Ep",5,0.0879324162125443,6
"set1_3_14036_571_NL_Ep2","set1_3_14036_571_NL_Ep",4,0.0685418187594551,6
"set1_3_14038_571_EN_Ep2","set1_3_14038_571_EN_Ep",6,0.13266088197482,6
"set1_3_14040_571_DCISw_Ep2","set1_3_14040_571_DCISw_Ep",6,0.097984675075488,6
"set1_3_14042_571_DCIS_Ep2","set1_3_14042_571_DCIS_Ep",6,0.102247872677248,6
"set1_3_14044_571_IBC_Ep_12","set1_3_14044_571_IBC_Ep_1",6,0.108679031753848,6
"set1_3_14046_571_IBC_Ep_22","set1_3_14046_571_IBC_Ep_2",5,0.0846820421208286,6
"set1_3_14048_566_IBC_Ep2","set1_3_14048_566_IBC_Ep",6,0.100127104094821,6
"set1_3_14050_566_DCIS_Ep2","set1_3_14050_566_DCIS_Ep",6,0.0732189421823433,6
"set1_3_14052_566_UDH_Ep2","set1_3_14052_566_UDH_Ep",4,0.0757640734441257,6
"set1_3_14054_566_CCC_Ep_12","set1_3_14054_566_CCC_Ep_1",4,0.0855264845892883,6
"set1_3_14056_566_CCC_Ep_22","set1_3_14056_566_CCC_Ep_2",4,0.0854422073592852,6
"set1_3_14058_566_AM_Ep2","set1_3_14058_566_AM_Ep",3,0.161665954661871,6
"set1_3_14060_566_NL_Ep2","set1_3_14060_566_NL_Ep",4,0.079187848579363,6
"set1_3_14062_564_DCIS_Ep2","set1_3_14062_564_DCIS_Ep",4,0.0767720136231438,6
"set1_3_14064_564_HP_Ep2","set1_3_14064_564_HP_Ep",4,0.0766018295736279,6
"set1_3_14066_564_NL_Ep2","set1_3_14066_564_NL_Ep",1,0.0698882378349588,6
"set1_3_14068_564_IBC_Ep2","set1_3_14068_564_IBC_Ep",4,0.078649220298487,6
"set1_3_14070_559_DCIS_Ep2","set1_3_14070_559_DCIS_Ep",5,0.109453943639125,6
"set1_3_14072_559_IBC_Ep2","set1_3_14072_559_IBC_Ep",5,0.130261620597726,6
"set1_3_14074_559_CCH_Ep2","set1_3_14074_559_CCH_Ep",4,0.0829804450041664,6
"set1_3_14076_559_AM_Ep2","set1_3_14076_559_AM_Ep",3,0.162003614505245,6
"set1_3_14080_558_IBC_Ep2","set1_3_14080_558_IBC_Ep",5,0.0701520854821169,6
"set1_3_14082_558_NL_Ep_12","set1_3_14082_558_NL_Ep_1",4,0.0762131069788999,6
"set1_3_14084_558_DCIS_Ep_12","set1_3_14084_558_DCIS_Ep_1",5,0.0812099848724049,6
"set1_3_14086_558_DCIS_Ep_22","set1_3_14086_558_DCIS_Ep_2",4,0.0772771901715308,6
"set1_3_14088_558_IN_Ep2","set1_3_14088_558_IN_Ep",4,0.0805040405011049,6
"set1_3_14092_557_IBC_Ep2","set1_3_14092_557_IBC_Ep",5,0.0955952134120039,6
"set1_3_14094_557_DCIS_Ep2","set1_3_14094_557_DCIS_Ep",5,0.0974166138601427,6
"set1_3_14096_556_IBC_Ep_12","set1_3_14096_556_IBC_Ep_1",3,0.110281120159252,6
"set1_3_14098_556_ADH_Ep_12","set1_3_14098_556_ADH_Ep_1",4,0.0889055108389813,6
"set1_3_14100_556_ADH_Ep_22","set1_3_14100_556_ADH_Ep_2",2,0.0873714045319834,6
"set1_3_14102_556_AM_Ep2","set1_3_14102_556_AM_Ep",3,0.15429091987456,6
"set1_3_14104_556_IBC_Ep_22","set1_3_14104_556_IBC_Ep_2",3,0.113745747965109,6
"set1_3_14108_556_NL_Ep2","set1_3_14108_556_NL_Ep",4,0.0866442010518812,6
"set1_3_14110_555_IN_Ep2","set1_3_14110_555_IN_Ep",4,0.0699378245271526,6
"set1_3_14112_555_iIBC_Ep2","set1_3_14112_555_iIBC_Ep",6,0.0780877597781416,6
"set1_3_14114_555_IBC_Ep2","set1_3_14114_555_IBC_Ep",5,0.0983628700773021,6
"set1_3_14116_555_CCC_Ep2","set1_3_14116_555_CCC_Ep",4,0.102469602197317,6
"set1_3_14118_555_NL_Ep2","set1_3_14118_555_NL_Ep",4,0.0829814671736857,6
"set1_3_14120_554_RS_Ep_12","set1_3_14120_554_RS_Ep_1",4,0.101912758793902,6
"set1_3_14124_554_EN_Ep2","set1_3_14124_554_EN_Ep",4,0.0867109922074706,6
"set1_3_14126_554_IBC_Ep2","set1_3_14126_554_IBC_Ep",6,0.125575965445616,6
"set1_3_14128_554_UDH_Ep2","set1_3_14128_554_UDH_Ep",4,0.0988228957011585,6
"set1_3_14130_554_DCIS_Ep2","set1_3_14130_554_DCIS_Ep",6,0.0932382495613678,6
"set1_3_14134_554_NL_Ep2","set1_3_14134_554_NL_Ep",4,0.0891561745181078,6
"set4_10_14731_656_IBC_Ep2","set4_10_14731_656_IBC_Ep",5,0.10028258255765,6
"set4_10_14733_656_BBD_Ep2","set4_10_14733_656_BBD_Ep",2,0.0995825316797461,6
"set4_10_14735_656_NL_Ep2","set4_10_14735_656_NL_Ep",2,0.0837607140606856,6
"set4_10_14737_657_CCC_Ep2","set4_10_14737_657_CCC_Ep",3,0.0971805842844452,6
"set4_10_14739_657_NL_Ep2","set4_10_14739_657_NL_Ep",2,0.104080021589868,6
"set4_10_14741_657_DCIS_Ep2","set4_10_14741_657_DCIS_Ep",3,0.126131566040313,6
"set4_10_14744_657_IBC_Ep2","set4_10_14744_657_IBC_Ep",3,0.103264040938596,6
"set4_10_14745_658_DCIS_Ep2","set4_10_14745_658_DCIS_Ep",6,0.0839329745381169,6
"set4_10_14746_658_IBC_Ep2","set4_10_14746_658_IBC_Ep",5,0.0983283315979606,6
"set4_10_14747_658_NL_Ep2","set4_10_14747_658_NL_Ep",1,0.108573432839003,6
"set4_10_14751_659_DCIS_Ep2","set4_10_14751_659_DCIS_Ep",2,0.100690468319588,6
"set4_10_14752_659_IBC_Ep2","set4_10_14752_659_IBC_Ep",6,0.0745374466108831,6
"set4_10_14755_659_DCIS_Ep2","set4_10_14755_659_DCIS_Ep",2,0.0952453808738245,6
"set4_10_14757_659_NL_Ep2","set4_10_14757_659_NL_Ep",1,0.0853899009840217,6
"set4_10_14791_663_DCIS_Ep2","set4_10_14791_663_DCIS_Ep",2,0.0988510007496398,6
"set4_10_14793_663_IBC_Ep2","set4_10_14793_663_IBC_Ep",2,0.0936614784840446,6
"set4_10_14795_663_NL_Ep2","set4_10_14795_663_NL_Ep",1,0.0875899005744695,6
"set4_10_14759_660_IBC_Ep2","set4_10_14759_660_IBC_Ep",6,0.103564810953337,6
"set4_10_14761_660_DCIS_Ep2","set4_10_14761_660_DCIS_Ep",6,0.0944471772649601,6
"set4_10_14763_660_NL_Ep2","set4_10_14763_660_NL_Ep",1,0.0783887798536296,6
"set4_10_14765_660_LVI_Ep2","set4_10_14765_660_LVI_Ep",5,0.0812457214886035,6
"set4_10_14767_661_IBC_Ep2","set4_10_14767_661_IBC_Ep",6,0.105982426429597,6
"set4_10_14769_661_AM_Ep2","set4_10_14769_661_AM_Ep",3,0.186253735313396,6
"set4_10_14771_661_ADH_Ep2","set4_10_14771_661_ADH_Ep",2,0.103399033771005,6
"set4_10_14773_661_DCIS_Ep2","set4_10_14773_661_DCIS_Ep",2,0.115788216848297,6
"set4_10_14775_661_ADH_Ep2","set4_10_14775_661_ADH_Ep",2,0.10268127345519,6
"set4_10_14777_661_NL_Ep2","set4_10_14777_661_NL_Ep",2,0.105172462649742,6
"set4_10_14779_662_DCIS.1_Ep2","set4_10_14779_662_DCIS.1_Ep",5,0.149414664072651,6
"set4_10_14781_662_MIV.1_Ep2","set4_10_14781_662_MIV.1_Ep",5,0.13529764231073,6
"set4_10_14783_662_DCIS.2_Ep2","set4_10_14783_662_DCIS.2_Ep",5,0.141972112423353,6
"set4_10_14785_662_MIV.2_Ep2","set4_10_14785_662_MIV.2_Ep",5,0.121913810329502,6
"set4_10_14787_662_DCIS.3_Ep2","set4_10_14787_662_DCIS.3_Ep",5,0.149764981744095,6
"set4_10_14789_662_IBC_Ep2","set4_10_14789_662_IBC_Ep",5,0.1453736064385,6
"set4_10_14909_676_DCIS.2_Ep2","set4_10_14909_676_DCIS.2_Ep",3,0.153098668741319,6
"set4_10_14797_664_AM_Ep2","set4_10_14797_664_AM_Ep",3,0.196312109524919,6
"set4_10_14798_664_BBD_Ep2","set4_10_14798_664_BBD_Ep",2,0.0927590606371924,6
"set4_10_14800_664_IBC_Ep2","set4_10_14800_664_IBC_Ep",6,0.0971501728464792,6
"set4_10_14802_664_ADH_Ep2","set4_10_14802_664_ADH_Ep",2,0.0794990128379562,6
"set4_10_14804_664_NL_Ep2","set4_10_14804_664_NL_Ep",1,0.111232043825008,6
"set4_10_14805_665_IBC_Ep2","set4_10_14805_665_IBC_Ep",5,0.0873677705023431,6
"set4_10_14807_665_inf_NL_Ep2","set4_10_14807_665_inf_NL_Ep",1,0.080679460190123,6
"set4_10_14809_665_DCIS_Ep2","set4_10_14809_665_DCIS_Ep",1,0.0786327535339851,6
"set4_10_14810_665_NL_Ep2","set4_10_14810_665_NL_Ep",1,0.0844883719116156,6
"set4_10_14812_666_IBC_Ep2","set4_10_14812_666_IBC_Ep",6,0.0959948619927299,6
"set4_10_14813_666_DCIS_Ep2","set4_10_14813_666_DCIS_Ep",6,0.0660693962385825,6
"set4_10_14816_666_NL_Ep2","set4_10_14816_666_NL_Ep",1,0.0854666111884691,6
"set4_10_14818_666_BBD_Ep2","set4_10_14818_666_BBD_Ep",2,0.0995446475653593,6
"set4_10_14853_671_UDH_Ep2","set4_10_14853_671_UDH_Ep",2,0.0878909040198194,6
"set4_10_14855_671_AM_Ep2","set4_10_14855_671_AM_Ep",3,0.183037653536114,6
"set4_10_14856_671_DCIS_Ep2","set4_10_14856_671_DCIS_Ep",5,0.104692947873019,6
"set4_10_14857_671_IBC_Ep2","set4_10_14857_671_IBC_Ep",5,0.092930638254147,6
"set4_10_14862_671_CCC_Ep2","set4_10_14862_671_CCC_Ep",2,0.106040596431783,6
"set4_10_14820_667_IBC_Ep2","set4_10_14820_667_IBC_Ep",5,0.103173215563174,6
"set4_10_14821_667_DCIS_Ep2","set4_10_14821_667_DCIS_Ep",5,0.073065754648424,6
"set4_10_14822_667_NL_Ep2","set4_10_14822_667_NL_Ep",2,0.0746514369597096,6
"set4_10_14826_668_IBC_Ep2","set4_10_14826_668_IBC_Ep",5,0.116290924348239,6
"set4_10_14828_668_DCIS_Ep2","set4_10_14828_668_DCIS_Ep",2,0.0946823834494339,6
"set4_10_14829_668_NL_Ep2","set4_10_14829_668_NL_Ep",1,0.0986491981629058,6
"set4_10_14830_668_EN_Ep2","set4_10_14830_668_EN_Ep",3,0.0898987740381218,6
"set4_10_14833_669_IBC_Ep2","set4_10_14833_669_IBC_Ep",5,0.127894975484223,6
"set4_10_14834_669_NL_Ep2","set4_10_14834_669_NL_Ep",1,0.0859119061799457,6
"set4_10_14837_669_DCIS_Ep2","set4_10_14837_669_DCIS_Ep",5,0.0880020613067474,6
"set4_10_14839_670_EN_Ep2","set4_10_14839_670_EN_Ep",2,0.0982368215184002,6
"set4_10_14840_670_DCIS_Ep2","set4_10_14840_670_DCIS_Ep",3,0.153902618531311,6
"set4_10_14843_670_DCIS_Ep2","set4_10_14843_670_DCIS_Ep",3,0.171494626028801,6
"set4_10_14844_670_IBC_Ep2","set4_10_14844_670_IBC_Ep",3,0.171303473137709,6
"set4_10_14847_670_BBD_Ep2","set4_10_14847_670_BBD_Ep",2,0.0845268462569138,6
"set4_10_14848_670_CCC_Ep2","set4_10_14848_670_CCC_Ep",2,0.0873107907916136,6
"set4_10_14849_670_AM_Ep2","set4_10_14849_670_AM_Ep",3,0.113596241864802,6
"set4_10_14864_672_inf_NL_Ep_S1_R1_0012","set4_10_14864_672_inf_NL_Ep_S1_R1_001",1,0.0803962301265157,6
"set4_10_14866_672_IBC_Ep_2_S3_R1_0012","set4_10_14866_672_IBC_Ep_2_S3_R1_001",5,0.100469592425033,6
"set4_10_14868_672_IBC_Ep_1_S5_R1_0012","set4_10_14868_672_IBC_Ep_1_S5_R1_001",5,0.109841589759733,6
"set4_10_14869_672_DCIS_Ep_S6_R1_0012","set4_10_14869_672_DCIS_Ep_S6_R1_001",5,0.0992330758934718,6
"set4_10_14870_672_CaLob_Ep_S7_R1_0012","set4_10_14870_672_CaLob_Ep_S7_R1_001",5,0.0937762514995965,6
"set4_10_14873_672_NL_Ep_S10_R1_0012","set4_10_14873_672_NL_Ep_S10_R1_001",1,0.0990882246805193,6
"set4_10_14875_672_ADH_Ep_S12_R1_0012","set4_10_14875_672_ADH_Ep_S12_R1_001",2,0.0923802746978285,6
"set4_10_14876_672_CCC_Ep_S13_R1_0012","set4_10_14876_672_CCC_Ep_S13_R1_001",2,0.0847052982482265,6
"set4_10_14878_673_IBC_Ep_S15_R1_0012","set4_10_14878_673_IBC_Ep_S15_R1_001",6,0.0937321187116098,6
"set4_10_14880_673_DCIS_Ep_S17_R1_0012","set4_10_14880_673_DCIS_Ep_S17_R1_001",5,0.0814187440069279,6
"set4_10_14882_673_NL_Ep_S19_R1_0012","set4_10_14882_673_NL_Ep_S19_R1_001",1,0.0905593762020322,6
"set4_10_14884_673_AM_Ep_S21_R1_0012","set4_10_14884_673_AM_Ep_S21_R1_001",3,0.178643837362864,6
"set4_10_14886_673_CCC_Ep_S23_R1_0012","set4_10_14886_673_CCC_Ep_S23_R1_001",2,0.113215248607775,6
"set4_10_14888_673_EN_Ep_S25_R1_0012","set4_10_14888_673_EN_Ep_S25_R1_001",2,0.0783299135915323,6
"set4_10_14890_674_DCIS_Ep_S27_R1_0012","set4_10_14890_674_DCIS_Ep_S27_R1_001",3,0.166853891515464,6
"set4_10_14892_674_IBC_Ep_S29_R1_0012","set4_10_14892_674_IBC_Ep_S29_R1_001",3,0.140934186807382,6
"set4_10_14894_674_BBD_Ep_S31_R1_0012","set4_10_14894_674_BBD_Ep_S31_R1_001",1,0.0735306496685821,6
"set4_10_14899_675_EN1_Ep_S33_R1_0012","set4_10_14899_675_EN1_Ep_S33_R1_001",2,0.0781669740526743,6
"set4_10_14901_675_EN2_Ep2","set4_10_14901_675_EN2_Ep",2,0.091542979606321,6
"set4_10_14904_675_EN3_Ep2","set4_10_14904_675_EN3_Ep",2,0.0919758933788482,6
"set4_10_14905_675_NL_Ep2","set4_10_14905_675_NL_Ep",1,0.0931669546699488,6
"set4_10_14907_675_IBC_Ep2","set4_10_14907_675_IBC_Ep",5,0.12750792170013,6
"set4_10_14908_675_CCC_Ep2","set4_10_14908_675_CCC_Ep",3,0.12048143231906,6
"set4_10_14922_677_IBC_Ep2","set4_10_14922_677_IBC_Ep",6,0.0873985586179325,6
"set4_10_14924_677_DCIS_Ep2","set4_10_14924_677_DCIS_Ep",6,0.0926088862788163,6
"set4_10_14926_677_NL_Ep2","set4_10_14926_677_NL_Ep",1,0.10973866551678,6
"set4_10_14928_677_LVI_Ep2","set4_10_14928_677_LVI_Ep",6,0.0877321516586124,6
"set4_10_14930_678_IBC_Ep2","set4_10_14930_678_IBC_Ep",5,0.102000675053074,6
"set4_10_14932_678_PLC_Ep2","set4_10_14932_678_PLC_Ep",1,0.100508782637071,6
"set4_10_14934_678_EN_Ep2","set4_10_14934_678_EN_Ep",2,0.0942642525806654,6
"set4_10_14936_678_NL_Ep2","set4_10_14936_678_NL_Ep",1,0.0912152663743614,6
"set4_10_14938_679_IBC_Ep2","set4_10_14938_679_IBC_Ep",5,0.152239599454188,6
"set4_10_14940_679_DCIS_Ep2","set4_10_14940_679_DCIS_Ep",5,0.135366013895363,6
"set4_10_14942_679_NL_Ep2","set4_10_14942_679_NL_Ep",1,0.0919756558488016,6
"set4_10_14954_680_DCIS_2_Ep2","set4_10_14954_680_DCIS_2_Ep",2,0.106602724333487,6
"set4_10_14956_680_ADH_2_Ep2","set4_10_14956_680_ADH_2_Ep",2,0.112699502151704,6
"set4_10_14944_680_ADH_1_Ep2","set4_10_14944_680_ADH_1_Ep",2,0.109819372907324,6
"set4_10_14946_680_UDH_Ep2","set4_10_14946_680_UDH_Ep",2,0.0953875096286937,6
"set4_10_14948_680_NL_Ep2","set4_10_14948_680_NL_Ep",2,0.0844956063795728,6
"set4_10_14950_680_DCIS_1_Ep2","set4_10_14950_680_DCIS_1_Ep",2,0.102902996794323,6
"set4_10_14952_680_IBC_Ep2","set4_10_14952_680_IBC_Ep",3,0.122198515450812,6
"set4_10_14958_680_LG_DCIS_Ep2","set4_10_14958_680_LG_DCIS_Ep",3,0.0969140500187154,6
"set4_10_14960_680_AM_Ep2","set4_10_14960_680_AM_Ep",3,0.169467709779554,6
"set4_10_14962_680_atip_AM_Ep2","set4_10_14962_680_atip_AM_Ep",2,0.114361864947925,6
"set4_10_14963_680_ADH_AM_Ep2","set4_10_14963_680_ADH_AM_Ep",2,0.117389367238368,6
"set4_10_14966_681_DCIS_Ep2","set4_10_14966_681_DCIS_Ep",5,0.0716492028866031,6
"set4_10_14968_681_AM_Ep2","set4_10_14968_681_AM_Ep",3,0.190397746721296,6
"set4_10_14970_681_EN_Ep2","set4_10_14970_681_EN_Ep",2,0.0778440000657336,6
"set4_10_14972_681_ADH_1_Ep2","set4_10_14972_681_ADH_1_Ep",1,0.0797179480580524,6
"set4_10_14974_681_IBC_Ep2","set4_10_14974_681_IBC_Ep",5,0.107561491840146,6
"set4_10_14976_681_NL_Ep2","set4_10_14976_681_NL_Ep",1,0.0906614727866347,6
"set4_10_14978_682_NL_Ep2","set4_10_14978_682_NL_Ep",1,0.0907689835377246,6
"set4_10_14980_682_EN_Ep2","set4_10_14980_682_EN_Ep",1,0.103098558816951,6
"set4_10_14982_682_IBC_Ep2","set4_10_14982_682_IBC_Ep",5,0.129994915497085,6
"set4_10_14984_682_Inf_NL_Ep2","set4_10_14984_682_Inf_NL_Ep",1,0.106393946275496,6
"set4_10_14987_683_DCIS_Ep2","set4_10_14987_683_DCIS_Ep",2,0.0901266937902031,6
"set4_10_14990_684_ADH_DCIS_Ep2","set4_10_14990_684_ADH_DCIS_Ep",5,0.0832135714852553,6
"set4_10_14992_684_DCIS_Ep2","set4_10_14992_684_DCIS_Ep",6,0.0943033862337284,6
"set4_10_14994_684_NL_Ep2","set4_10_14994_684_NL_Ep",1,0.0932508383302027,6
"set4_10_14996_684_IBC_Ep2","set4_10_14996_684_IBC_Ep",6,0.0927270405495101,6
"set4_10_14998_685_DCIS_Ep2","set4_10_14998_685_DCIS_Ep",5,0.0836287980397398,6
"set4_10_15000_685_IBC_Ep2","set4_10_15000_685_IBC_Ep",5,0.118805060952352,6
"set4_10_15002_685_NL_Ep2","set4_10_15002_685_NL_Ep",2,0.088947744653661,6
"set4_10_15004_685_EN_Ep2","set4_10_15004_685_EN_Ep",1,0.101796975291259,6
"set4_10_15013_687_DCIS_1_Ep2","set4_10_15013_687_DCIS_1_Ep",6,0.119384704914821,6
"set4_10_15015_687_DCIS_2_Ep2","set4_10_15015_687_DCIS_2_Ep",6,0.132549549668495,6
"set4_10_15017_687_UDH_Ep2","set4_10_15017_687_UDH_Ep",1,0.0835447862549751,6
"set4_10_15019_687_EN_Ep2","set4_10_15019_687_EN_Ep",1,0.0951020132489814,6
"set4_10_15021_687_NL_Ep2","set4_10_15021_687_NL_Ep",1,0.10242678556869,6
"set4_10_15025_688_EN_1_Ep2","set4_10_15025_688_EN_1_Ep",1,0.0908280016795927,6
"set4_10_14911_676_EN_Ep2","set4_10_14911_676_EN_Ep",2,0.0914219138654668,6
"set4_10_14913_676_BBD_2_Ep2","set4_10_14913_676_BBD_2_Ep",2,0.0874757684113305,6
"set4_10_14915_676_IBC_Ep2","set4_10_14915_676_IBC_Ep",3,0.155231407093403,6
"set4_10_14916_676_DCIS_1_Ep2","set4_10_14916_676_DCIS_1_Ep",3,0.149371714237582,6
"set4_10_14918_676_BBD_1_Ep2","set4_10_14918_676_BBD_1_Ep",1,0.089385554093397,6
"set4_10_14920_676_NL_Ep2","set4_10_14920_676_NL_Ep",1,0.0785520775654133,6
"set4_10_15006_686_IBC_Ep2","set4_10_15006_686_IBC_Ep",6,0.0901232591611426,6
"set4_10_15007_686_DCIS_Ep2","set4_10_15007_686_DCIS_Ep",6,0.10675584563781,6
"set4_10_15009_686_EN_Ep2","set4_10_15009_686_EN_Ep",1,0.0988748442382139,6
"set4_10_15011_686_NL_Ep2","set4_10_15011_686_NL_Ep",1,0.0986906471687486,6
"set4_10_15032_689_IBC_Ep2","set4_10_15032_689_IBC_Ep",5,0.0940576206969075,6
"set4_10_15034_689_DCIS_1_Ep2","set4_10_15034_689_DCIS_1_Ep",6,0.117764320954843,6
"set4_10_15036_689_NL_Ep2","set4_10_15036_689_NL_Ep",1,0.0907360310867118,6
"set4_10_15038_689_DCIS_2_Ep2","set4_10_15038_689_DCIS_2_Ep",6,0.0891574861336762,6
"set4_10_15040_689_EN_1_Ep2","set4_10_15040_689_EN_1_Ep",2,0.0912861646555378,6
"set4_10_15042_689_EN_2_Ep2","set4_10_15042_689_EN_2_Ep",2,0.092624563846106,6
"set4_10_15052_690_EN_2_Ep2","set4_10_15052_690_EN_2_Ep",2,0.110012346721869,6
"set4_10_15062_691_EN_2_Ep2","set4_10_15062_691_EN_2_Ep",3,0.0972104934462514,6
"set4_10_14964_681_ADH_2_Ep2","set4_10_14964_681_ADH_2_Ep",1,0.084152121156109,6
"set4_10_15023_688_IBC_Ep2","set4_10_15023_688_IBC_Ep",6,0.133584343950757,6
"set4_10_15027_688_NL_Ep2","set4_10_15027_688_NL_Ep",1,0.0980744121974182,6
"set4_10_15029_688_EN_4_Ep2","set4_10_15029_688_EN_4_Ep",2,0.103094479944109,6
"set4_10_15031_688_EN_5_Ep2","set4_10_15031_688_EN_5_Ep",3,0.146558458504187,6
"set4_10_15044_690_NL_Ep2","set4_10_15044_690_NL_Ep",1,0.0882246218689306,6
"set4_10_15046_690_EN_1_Ep2","set4_10_15046_690_EN_1_Ep",2,0.0877094861644346,6
"set4_10_15048_690_IBC_Ep2","set4_10_15048_690_IBC_Ep",5,0.14208819693284,6
"set4_10_15050_690_DCIS_Ep2","set4_10_15050_690_DCIS_Ep",5,0.0805037961378323,6
"set4_10_15054_690_i_DCIS_Ep2","set4_10_15054_690_i_DCIS_Ep",6,0.0938715133332825,6
"set4_10_15056_691_IBC_Ep2","set4_10_15056_691_IBC_Ep",5,0.134237132396789,6
"set4_10_15058_691_EN_1_Ep2","set4_10_15058_691_EN_1_Ep",2,0.095938987986449,6
"set4_10_15060_691_DCIS_Ep2","set4_10_15060_691_DCIS_Ep",2,0.0946728924671828,6
"set4_10_15064_692_IBC_Ep2","set4_10_15064_692_IBC_Ep",5,0.0983843500678473,6
"set4_10_15066_692_DCIS_Ep2","set4_10_15066_692_DCIS_Ep",6,0.0910046758411137,6
"set4_10_15068_692_NL_Ep2","set4_10_15068_692_NL_Ep",1,0.0994759788938842,6
"set4_10_15585_744_IBC_Ep2","set4_10_15585_744_IBC_Ep",5,0.109369163092741,6
"set4_10_15587_744_inF.NL_Ep2","set4_10_15587_744_inF.NL_Ep",1,0.101868942514113,6
"set4_10_15589_744_DCIS_Ep2","set4_10_15589_744_DCIS_Ep",6,0.086587357092314,6
"set4_10_15591_745_CCC_Ep2","set4_10_15591_745_CCC_Ep",2,0.093137260632647,6
"set4_10_15593_745_BBD_Ep2","set4_10_15593_745_BBD_Ep",2,0.0951056245997731,6
"set4_10_15595_745_IP_Ep2","set4_10_15595_745_IP_Ep",2,0.105394897053977,6
"set4_10_15597_746_IBC_Ep2","set4_10_15597_746_IBC_Ep",5,0.118941900604066,6
"set4_10_15598_746_DCIS_Ep2","set4_10_15598_746_DCIS_Ep",5,0.118281676108594,6
"set4_10_15600_746_NL_Ep2","set4_10_15600_746_NL_Ep",2,0.109035524245344,6
"set4_10_15602_747_IBC_Ep2","set4_10_15602_747_IBC_Ep",5,0.110672336835814,6
"set4_10_15604_747_NL_Ep2","set4_10_15604_747_NL_Ep",1,0.0841253118497011,6
"set4_10_15606_747_ADH_Ep2","set4_10_15606_747_ADH_Ep",2,0.0868716220406648,6
"set4_10_15608_747_AM_Ep2","set4_10_15608_747_AM_Ep",3,0.188954833811577,6
"set4_10_15610_748_AM_Ep2","set4_10_15610_748_AM_Ep",3,0.192596498422585,6
"set4_10_15612_748_DCIS_Ep2","set4_10_15612_748_DCIS_Ep",3,0.167970012188513,6
"set4_10_15614_748_IBC_Ep2","set4_10_15614_748_IBC_Ep",3,0.142377179222922,6
"set4_10_15616_749_IBC_Ep2","set4_10_15616_749_IBC_Ep",5,0.124910528237644,6
"set4_10_15617_749_DCIS_Ep2","set4_10_15617_749_DCIS_Ep",5,0.145641854160839,6
"set4_10_15618_749_LVI_Ep2","set4_10_15618_749_LVI_Ep",5,0.140380629129309,6
"set4_10_15622_750_NL_Ep2","set4_10_15622_750_NL_Ep",2,0.0796005191615588,6
"set4_10_15624_750_IBC_Ep2","set4_10_15624_750_IBC_Ep",5,0.13962036801348,6
"set4_10_15626_750_DCIS_Ep2","set4_10_15626_750_DCIS_Ep",5,0.151084013386129,6
"set4_10_15628_751_NL_Ep2","set4_10_15628_751_NL_Ep",2,0.0972920655711555,6
"set4_10_15630_751_IBC_Ep2","set4_10_15630_751_IBC_Ep",5,0.117112207357314,6
"set4_10_15632_751_ADH_Ep2","set4_10_15632_751_ADH_Ep",2,0.105665104555117,6
"set4_10_15634_751_CCC_Ep2","set4_10_15634_751_CCC_Ep",2,0.105142428969602,6
"set4_10_15636_752_IBC_Ep2","set4_10_15636_752_IBC_Ep",6,0.0809549660748601,6
"set4_10_15638_752_DCIS_Ep2","set4_10_15638_752_DCIS_Ep",6,0.0784632850441624,6
"set4_10_15639_752_NL_Ep2","set4_10_15639_752_NL_Ep",1,0.102094212929756,6
"set4_10_15640_752_BBD_Ep2","set4_10_15640_752_BBD_Ep",1,0.0975925960835002,6
"set4_10_15644_753_DCIS_Ep2","set4_10_15644_753_DCIS_Ep",5,0.128199551215769,6
"set4_10_15646_753_IBC_Ep2","set4_10_15646_753_IBC_Ep",5,0.119572333162826,6
"set4_10_15647_753_NL_Ep2","set4_10_15647_753_NL_Ep",1,0.0841264469699009,6
"set4_10_15649_754_IBC_Ep2","set4_10_15649_754_IBC_Ep",5,0.126930338388972,6
"set4_10_15651_754_ADH_Ep2","set4_10_15651_754_ADH_Ep",5,0.11371329366299,6
"set4_10_15653_754_EN_1_Ep2","set4_10_15653_754_EN_1_Ep",5,0.0851512192743751,6
"set4_10_15655_754_DCIS_Ep2","set4_10_15655_754_DCIS_Ep",5,0.121503935181936,6
"set4_10_15657_754_EN_2_Ep2","set4_10_15657_754_EN_2_Ep",1,0.0694193980190134,6
"set4_10_15659_755_EN_Ep2","set4_10_15659_755_EN_Ep",2,0.102414337168253,6
"set4_10_15661_755_DCIS_inf_1_Ep2","set4_10_15661_755_DCIS_inf_1_Ep",6,0.140799173073242,6
"set4_10_15663_755_IBC_Ep2","set4_10_15663_755_IBC_Ep",6,0.106686522064972,6
"set4_10_15665_755_DCIS_inf_2_Ep2","set4_10_15665_755_DCIS_inf_2_Ep",6,0.0801650107407353,6
"set4_10_15667_755_NL_Ep2","set4_10_15667_755_NL_Ep",2,0.0926338853826952,6
"set4_10_15669_756_NL_Ep2","set4_10_15669_756_NL_Ep",1,0.101533198944991,6
"set4_10_15671_756_EN_1_Ep2","set4_10_15671_756_EN_1_Ep",2,0.107921200005191,6
"set4_10_15673_756_IBC_Ep2","set4_10_15673_756_IBC_Ep",6,0.101014473627381,6
"set4_10_15675_756_UDH_1_Ep2","set4_10_15675_756_UDH_1_Ep",2,0.0813896710985611,6
"set4_10_15677_756_EN_2_Ep2","set4_10_15677_756_EN_2_Ep",2,0.0956701585195446,6
"set4_10_15679_756_UDH_2_Ep2","set4_10_15679_756_UDH_2_Ep",2,0.0926909687313813,6
"set4_10_15681_757_DCIS_Ep2","set4_10_15681_757_DCIS_Ep",5,0.1204237975017,6
"set4_10_15683_757_IBC_Ep2","set4_10_15683_757_IBC_Ep",5,0.118217433113723,6
"set4_10_15685_757_NL_Ep2","set4_10_15685_757_NL_Ep",1,0.0784847705515859,6
"set4_10_15687_757_UDH_Ep2","set4_10_15687_757_UDH_Ep",2,0.096290162161365,6
"set4_10_15689_757_CCC_Ep2","set4_10_15689_757_CCC_Ep",2,0.111409898703626,6
"set4_10_15691_757_EN_Ep2","set4_10_15691_757_EN_Ep",2,0.0938519725483829,6
"set4_10_15693_758_DCIS_1_Ep2","set4_10_15693_758_DCIS_1_Ep",5,0.129733789918343,6
"set4_10_15695_758_IBC_1_Ep2","set4_10_15695_758_IBC_1_Ep",5,0.12919296662905,6
"set4_10_15697_758_NL_Ep2","set4_10_15697_758_NL_Ep",1,0.0889569186523605,6
"set4_10_15703_758_EN_Ep2","set4_10_15703_758_EN_Ep",1,0.0810568399121739,6
"set4_10_15709_760_UDH_Ep2","set4_10_15709_760_UDH_Ep",2,0.0890947438073496,6
"set4_10_15713_760_IBC_Ep2","set4_10_15713_760_IBC_Ep",6,0.121295254268936,6
"set4_10_15715_760_EN_1_Ep2","set4_10_15715_760_EN_1_Ep",1,0.0790459462658956,6
"set4_10_15717_760_NL_Ep2","set4_10_15717_760_NL_Ep",2,0.0876613181567394,6
"set4_10_15733_762_DCIS_2_Ep2","set4_10_15733_762_DCIS_2_Ep",5,0.123793115421334,6
"set4_10_15699_758_DCIS_2_Ep2","set4_10_15699_758_DCIS_2_Ep",5,0.11863949716956,6
"set4_10_15701_758_IBC_2_Ep2","set4_10_15701_758_IBC_2_Ep",5,0.0990887702228316,6
"set4_10_15705_759_DCIS_Ep2","set4_10_15705_759_DCIS_Ep",6,0.0644309680925295,6
"set4_10_15707_759_IBC_Ep2","set4_10_15707_759_IBC_Ep",5,0.0733071729963924,6
"set4_10_15711_760_EN_2_Ep2","set4_10_15711_760_EN_2_Ep",1,0.0812504097964533,6
"set4_10_15719_761_IBC_Ep2","set4_10_15719_761_IBC_Ep",5,0.102198365513469,6
"set4_10_15721_761_DCIS_Ep2","set4_10_15721_761_DCIS_Ep",5,0.104605684820151,6
"set4_10_15723_761_EN_1_Ep2","set4_10_15723_761_EN_1_Ep",2,0.0937402566081677,6
"set4_10_15725_761_ADH_Ep2","set4_10_15725_761_ADH_Ep",2,0.100118020029252,6
"set4_10_15729_762_IBC_Ep2","set4_10_15729_762_IBC_Ep",5,0.113209114358271,6
"set4_10_15731_762_DCIS_1_Ep2","set4_10_15731_762_DCIS_1_Ep",5,0.112562889420789,6
"set4_10_15735_763_IBC_Ep2","set4_10_15735_763_IBC_Ep",6,0.106143938368034,6
"set4_10_15737_763_ADH_Ep2","set4_10_15737_763_ADH_Ep",1,0.0766381964258552,6
"set4_10_15739_763_NL_1_Ep2","set4_10_15739_763_NL_1_Ep",1,0.0919984532074678,6
"set4_10_15741_763_EN_Ep2","set4_10_15741_763_EN_Ep",1,0.101939963631035,6
"set4_10_15745_764_IBC_Ep2","set4_10_15745_764_IBC_Ep",6,0.106367307254966,6
"set4_10_15747_764_DCIS_1_Ep2","set4_10_15747_764_DCIS_1_Ep",6,0.0914538117074528,6
"set4_10_15749_764_LVI_Ep2","set4_10_15749_764_LVI_Ep",5,0.0888936777983181,6
"set4_10_15751_764_DCIS_2_Ep2","set4_10_15751_764_DCIS_2_Ep",5,0.0991138142521693,6
"set4_10_15753_764_EN_Ep2","set4_10_15753_764_EN_Ep",2,0.085103895340169,6
"set4_10_15755_764_NL_Ep2","set4_10_15755_764_NL_Ep",2,0.0910794892016228,6
"set4_10_15757_765_IBC_Ep2","set4_10_15757_765_IBC_Ep",3,0.146368115371846,6
"set4_10_15759_765_DCIS_Ep2","set4_10_15759_765_DCIS_Ep",3,0.163795059751782,6
"set4_10_15761_765_EN_1_Ep2","set4_10_15761_765_EN_1_Ep",2,0.0958949143751133,6
"set4_10_15765_765_NL_Ep2","set4_10_15765_765_NL_Ep",1,0.0917034416182195,6
"set4_10_15767_766_NL_Ep2","set4_10_15767_766_NL_Ep",1,0.0950743062981844,6
"set4_10_15769_766_inf_NL_Ep2","set4_10_15769_766_inf_NL_Ep",1,0.0983168013144073,6
"set4_10_15771_766_IBC_Ep2","set4_10_15771_766_IBC_Ep",6,0.117204216057358,6
"set4_10_15773_766_AM_Ep2","set4_10_15773_766_AM_Ep",3,0.169720221254869,6
"set4_10_15775_766_EN_Ep2","set4_10_15775_766_EN_Ep",2,0.0900151744995878,6
"set4_10_15777_767_IBC_Ep2","set4_10_15777_767_IBC_Ep",5,0.127383924002719,6
"set4_10_15779_767_DCIS_Ep2","set4_10_15779_767_DCIS_Ep",5,0.108615428361536,6
"set4_10_15781_767_AM_2_Ep2","set4_10_15781_767_AM_2_Ep",3,0.179955206258218,6
"set4_10_15783_767_ADH_Ep2","set4_10_15783_767_ADH_Ep",2,0.0761975488112817,6
"set4_10_15787_767_NL_Ep2","set4_10_15787_767_NL_Ep",1,0.0929804007619363,6
"set4_10_15789_768_IBC_Ep2","set4_10_15789_768_IBC_Ep",6,0.118796567476507,6
"set4_10_15791_768_NL_Ep2","set4_10_15791_768_NL_Ep",1,0.0808202894356888,6
"set4_10_15795_768_EN_2_Ep2","set4_10_15795_768_EN_2_Ep",3,0.0936612624137689,6
"set4_10_15797_768_EN_3_Ep2","set4_10_15797_768_EN_3_Ep",2,0.0794374999640671,6
"set4_10_15799_769_IBC_Ep2","set4_10_15799_769_IBC_Ep",5,0.116475663764878,6
"set4_10_15801_769_DCIS_1_Ep2","set4_10_15801_769_DCIS_1_Ep",5,0.0846360461701147,6
"set4_10_15805_769_EN_1_Ep2","set4_10_15805_769_EN_1_Ep",2,0.103667327501983,6
"set4_10_15809_769_NL_Ep2","set4_10_15809_769_NL_Ep",1,0.10506360731047,6
"set4_10_15811_769_EN_4_Ep2","set4_10_15811_769_EN_4_Ep",2,0.0937461500023045,6
"set4_10_15817_769_AM_Ep2","set4_10_15817_769_AM_Ep",3,0.183499445729799,6
"set4_10_15785_767_AM_1_Ep2","set4_10_15785_767_AM_1_Ep",3,0.178361565317711,6
"set4_10_15793_768_EN_1_Ep2","set4_10_15793_768_EN_1_Ep",2,0.079781513025992,6
"set4_10_15803_769_DCIS_2_Ep2","set4_10_15803_769_DCIS_2_Ep",6,0.106216756279769,6
"set4_10_15807_769_EN_3_Ep2","set4_10_15807_769_EN_3_Ep",2,0.116906336561404,6
"set4_10_15815_769_EN_6_Ep2","set4_10_15815_769_EN_6_Ep",2,0.106577893808278,6
"set4_10_15819_770_DCIS_Ep2","set4_10_15819_770_DCIS_Ep",3,0.0820401333961158,6
"set4_10_15821_770_IBC_Ep2","set4_10_15821_770_IBC_Ep",6,0.103823982313217,6
"set4_10_15823_770_EN_1_Ep2","set4_10_15823_770_EN_1_Ep",2,0.104401319567036,6
"set4_10_15825_770_NL_Ep2","set4_10_15825_770_NL_Ep",1,0.0907754535687544,6
"set4_10_15829_771_EN_4_Ep2","set4_10_15829_771_EN_4_Ep",2,0.0907061659953619,6
"set4_10_15835_771_DCIS_3_Ep2","set4_10_15835_771_DCIS_3_Ep",5,0.116684456816838,6
"set4_10_15831_771_NL_Ep2","set4_10_15831_771_NL_Ep",1,0.106941953345121,6
"set4_10_15833_771_EN_2_Ep2","set4_10_15833_771_EN_2_Ep",2,0.108043105233093,6
"set4_10_15839_771_DCIS_1_Ep2","set4_10_15839_771_DCIS_1_Ep",5,0.155838137398689,6
"set4_10_15843_771_IBC_Ep2","set4_10_15843_771_IBC_Ep",5,0.152833825718515,6
"set4_10_15727_761_EN_2_Ep2","set4_10_15727_761_EN_2_Ep",2,0.0893745147647929,6
"set4_10_15743_763_NL_2_Ep2","set4_10_15743_763_NL_2_Ep",1,0.107010861325183,6
"set4_10_15763_765_EN_2_Ep2","set4_10_15763_765_EN_2_Ep",1,0.0968916918355696,6
"set4_10_15813_769_EN_5_Ep2","set4_10_15813_769_EN_5_Ep",2,0.109502578913605,6
"set4_10_15827_771_EN_3_Ep2","set4_10_15827_771_EN_3_Ep",2,0.110459762930862,6
"set4_10_15837_771_EN_1_Ep2","set4_10_15837_771_EN_1_Ep",2,0.120931917214211,6
"set4_10_15841_771_DCIS_2_Ep2","set4_10_15841_771_DCIS_2_Ep",5,0.131821565624466,6
"set4_10_15845_772_IBC_Ep2","set4_10_15845_772_IBC_Ep",5,0.11909392247268,6
"set4_10_15847_772_DCIS_1_Ep2","set4_10_15847_772_DCIS_1_Ep",5,0.112762416845501,6
"set4_10_15849_772_DCIS_2_Ep2","set4_10_15849_772_DCIS_2_Ep",5,0.113262097972857,6
"set4_10_15851_772_EN_1_Ep2","set4_10_15851_772_EN_1_Ep",5,0.0929179727755071,6
"set4_10_15853_772_EN_2_Ep2","set4_10_15853_772_EN_2_Ep",1,0.092035448207707,6
"set4_10_15855_772_EN_3_Ep2","set4_10_15855_772_EN_3_Ep",5,0.0977551062980802,6
"set4_10_15857_772_EN_4_Ep2","set4_10_15857_772_EN_4_Ep",5,0.0970899766795724,6
"set4_10_15859_772_NL_Ep2","set4_10_15859_772_NL_Ep",1,0.102990032175131,6
"set1_3_11770_354_EN_E_S1_R1_0013","set1_3_11770_354_EN_E_S1_R1_001",3,0.0924152376826782,7
"set1_3_11772_354_IDC_E_S3_R1_0013","set1_3_11772_354_IDC_E_S3_R1_001",1,0.0929271727749087,7
"set1_3_11774_354_RS1_E_center_S5_R1_0013","set1_3_11774_354_RS1_E_center_S5_R1_001",3,0.082647229950082,7
"set1_3_11776_354_RS1_E_peripheral_S7_R1_0013","set1_3_11776_354_RS1_E_peripheral_S7_R1_001",3,0.0827743139870293,7
"set1_3_11778_354_RS2_E_center_S9_R1_0013","set1_3_11778_354_RS2_E_center_S9_R1_001",3,0.093843109900746,7
"set1_3_11780_354_RS2_E_peripheral_S11_R1_0013","set1_3_11780_354_RS2_E_peripheral_S11_R1_001",3,0.0795667287670649,7
"set1_3_11782_354_NL_E_S13_R1_0013","set1_3_11782_354_NL_E_S13_R1_001",6,0.0678035943111693,7
"set1_3_11784_355_RS1_E_center_S15_R1_0013","set1_3_11784_355_RS1_E_center_S15_R1_001",3,0.0909078607186423,7
"set1_3_11786_355_RS1_E_peripheral_S17_R1_0013","set1_3_11786_355_RS1_E_peripheral_S17_R1_001",1,0.0690457526246934,7
"set1_3_11789_355_RS2_E_center_S20_R1_0013","set1_3_11789_355_RS2_E_center_S20_R1_001",3,0.0869193454849419,7
"set1_3_11791_355_RS2_E_peripheral_S22_R1_0013","set1_3_11791_355_RS2_E_peripheral_S22_R1_001",1,0.0675247513979772,7
"set1_3_11794_355_NL_E_S25_R1_0013","set1_3_11794_355_NL_E_S25_R1_001",6,0.0566059005557566,7
"set1_3_11796_355_RS3_E_center_S27_R1_0013","set1_3_11796_355_RS3_E_center_S27_R1_001",3,0.0884909843168988,7
"set1_3_11798_355_RS3_E_peripheral_S29_R1_0013","set1_3_11798_355_RS3_E_peripheral_S29_R1_001",3,0.0738102736710339,7
"set1_3_11800_356_NL_E_S31_R1_0013","set1_3_11800_356_NL_E_S31_R1_001",6,0.0684838842953857,7
"set1_3_11802_356_RS1_E_center_S32_R1_0013","set1_3_11802_356_RS1_E_center_S32_R1_001",3,0.0858820077992965,7
"set1_3_11804_356_RS1_E_peripheral_S34_R1_0013","set1_3_11804_356_RS1_E_peripheral_S34_R1_001",3,0.0803894633644088,7
"set1_3_11806_357_NL_E_S50_R1_0013","set1_3_11806_357_NL_E_S50_R1_001",6,0.0542852427147347,7
"set1_3_11808_357_RS1_E_center_S32_R1_0013","set1_3_11808_357_RS1_E_center_S32_R1_001",3,0.0564994121921805,7
"set1_3_11810_357_RS1_E_peripheral_S5_R1_0013","set1_3_11810_357_RS1_E_peripheral_S5_R1_001",6,0.0524863817234971,7
"set1_3_11813_358_NL_E_S36_R1_0013","set1_3_11813_358_NL_E_S36_R1_001",1,0.0753702342098447,7
"set1_3_11815_358_EN_E_S38_R1_0013","set1_3_11815_358_EN_E_S38_R1_001",1,0.0742592952676046,7
"set1_3_11817_358_RS1_E_center_S40_R1_0013","set1_3_11817_358_RS1_E_center_S40_R1_001",3,0.0760743452582176,7
"set1_3_11819_358_RS1_E_peripheral_S42_R1_0013","set1_3_11819_358_RS1_E_peripheral_S42_R1_001",1,0.0727274594462909,7
"set1_3_11821_358_IBC_E_S44_R1_0013","set1_3_11821_358_IBC_E_S44_R1_001",7,0.0733838959778307,7
"set1_3_11823_358_RS2_E_center_S46_R1_0013","set1_3_11823_358_RS2_E_center_S46_R1_001",3,0.0613670626324548,7
"set1_3_11825_358_RS2_E_peripheral_S48_R1_0013","set1_3_11825_358_RS2_E_peripheral_S48_R1_001",6,0.0763963052611164,7
"set1_3_11827_359_RS1_E_center_S50_R1_0013","set1_3_11827_359_RS1_E_center_S50_R1_001",3,0.0882388172829143,7
"set1_3_11829_359_RS1_E_peripheral_S52_R1_0013","set1_3_11829_359_RS1_E_peripheral_S52_R1_001",2,0.0712656582178746,7
"set1_3_11831_359_NL_E_S54_R1_0013","set1_3_11831_359_NL_E_S54_R1_001",6,0.0622555424227843,7
"set1_3_11833_359_RS2_E_center_S55_R1_0013","set1_3_11833_359_RS2_E_center_S55_R1_001",3,0.0813023826673119,7
"set1_3_11835_359_RS2_E_peripheral_S57_R1_0013","set1_3_11835_359_RS2_E_peripheral_S57_R1_001",1,0.0594819505465614,7
"set1_3_11837_359_IDC_E_S59_R1_0013","set1_3_11837_359_IDC_E_S59_R1_001",1,0.0850855089211414,7
"set1_3_11838_360_RS1_E_center_S4_R1_0013","set1_3_11838_360_RS1_E_center_S4_R1_001",1,0.0601486859776344,7
"set1_3_11840_360_RS1_E_peripheral_S8_R1_0013","set1_3_11840_360_RS1_E_peripheral_S8_R1_001",6,0.0559651894851048,7
"set1_3_11842_360_NL_E_S3_R1_0013","set1_3_11842_360_NL_E_S3_R1_001",6,0.0573887656602092,7
"set1_3_11844_361_RS1_E_center_S34_R1_0013","set1_3_11844_361_RS1_E_center_S34_R1_001",6,0.0528599688219175,7
"set1_3_11846_361_RS1_E_peripheral_S7_R1_0013","set1_3_11846_361_RS1_E_peripheral_S7_R1_001",6,0.0579146233563338,7
"set1_3_11848_361_RS2_E_center_S18_R1_0013","set1_3_11848_361_RS2_E_center_S18_R1_001",3,0.0575591529435801,7
"set1_3_11850_361_RS2_E_peripheral_S10_R1_0013","set1_3_11850_361_RS2_E_peripheral_S10_R1_001",6,0.0469639084970127,7
"set1_3_11852_361_RS4_E_center_S9_R1_0013","set1_3_11852_361_RS4_E_center_S9_R1_001",3,0.0535759315695705,7
"set1_3_11854_361_RS4_E_peripheral_S11_R1_0013","set1_3_11854_361_RS4_E_peripheral_S11_R1_001",6,0.0714910245017586,7
"set1_3_11856_361_RS3_E_center_S21_R1_0013","set1_3_11856_361_RS3_E_center_S21_R1_001",3,0.0562764043740797,7
"set1_3_11858_361_RS3_E_peripheral_S13_R1_0013","set1_3_11858_361_RS3_E_peripheral_S13_R1_001",3,0.0582511850888608,7
"set1_3_11860_361_NL_E_S49_R1_0013","set1_3_11860_361_NL_E_S49_R1_001",6,0.0467372519139692,7
"set1_3_11862_362_RS1_E_center_S55_R1_0013","set1_3_11862_362_RS1_E_center_S55_R1_001",3,0.0514818185014279,7
"set1_3_11864_362_RS1_E_peripheral_S39_R1_0013","set1_3_11864_362_RS1_E_peripheral_S39_R1_001",6,0.0514214397312863,7
"set1_3_11867_363_RS1_E_center_S15_R1_0013","set1_3_11867_363_RS1_E_center_S15_R1_001",3,0.0556347875479133,7
"set1_3_11869_363_RS1_E_peripheral_S14_R1_0013","set1_3_11869_363_RS1_E_peripheral_S14_R1_001",6,0.0520634814780847,7
"set1_3_11871_363_NL_E_S47_R1_0013","set1_3_11871_363_NL_E_S47_R1_001",6,0.0569734377775303,7
"set1_3_11873_363_IDC_E_S30_R1_0013","set1_3_11873_363_IDC_E_S30_R1_001",6,0.0503686074874345,7
"set1_3_11874_364_RS1_E_center_S38_R1_0013","set1_3_11874_364_RS1_E_center_S38_R1_001",6,0.0488824519831567,7
"set1_3_11876_364_RS1_E_peripheral_S16_R1_0013","set1_3_11876_364_RS1_E_peripheral_S16_R1_001",6,0.0469113644440761,7
"set1_3_11878_364_NL_E_S19_R1_0013","set1_3_11878_364_NL_E_S19_R1_001",6,0.0481307339966718,7
"set1_3_11880_364_RS2_E_center_S12_R1_0013","set1_3_11880_364_RS2_E_center_S12_R1_001",1,0.0443874622805507,7
"set1_3_11882_364_RS2_E_peripheral_S6_R1_0013","set1_3_11882_364_RS2_E_peripheral_S6_R1_001",3,0.0368638427722973,7
"set1_3_11885_364_NL_E_S22_R1_0013","set1_3_11885_364_NL_E_S22_R1_001",6,0.0537190661950916,7
"set1_3_13813_552_IBC_Ep_13","set1_3_13813_552_IBC_Ep_1",5,0.077410506203334,7
"set1_3_13815_552_EN_Ep_13","set1_3_13815_552_EN_Ep_1",6,0.0837810511200323,7
"set1_3_13819_552_NL_Ep3","set1_3_13819_552_NL_Ep",6,0.0798658239255638,7
"set1_3_13821_551_IBC_Ep_23","set1_3_13821_551_IBC_Ep_2",4,0.139892678754267,7
"set1_3_13823_551_AM_Ep3","set1_3_13823_551_AM_Ep",3,0.0936650094318766,7
"set1_3_13825_551_UDH_Ep3","set1_3_13825_551_UDH_Ep",4,0.111697691682613,7
"set1_3_13826_551_NL_Ep3","set1_3_13826_551_NL_Ep",6,0.0791061813477535,7
"set1_3_13828_551_DCIS_Ep3","set1_3_13828_551_DCIS_Ep",4,0.0915794002703207,7
"set1_3_13830_550_ADH_Ep_13","set1_3_13830_550_ADH_Ep_1",4,0.0852320295078134,7
"set1_3_13832_550_IBC_Ep_13","set1_3_13832_550_IBC_Ep_1",4,0.103883496789127,7
"set1_3_13834_550_AM_Ep_23","set1_3_13834_550_AM_Ep_2",4,0.133164873367801,7
"set1_3_13836_550_DCIS_Ep_13","set1_3_13836_550_DCIS_Ep_1",4,0.087156972297383,7
"set1_3_13838_550_CCC_Ep3","set1_3_13838_550_CCC_Ep",6,0.0894378297893205,7
"set1_3_13840_549_DCIS_Ep3","set1_3_13840_549_DCIS_Ep",5,0.0723632453847509,7
"set1_3_13842_549_IBC_Ep3","set1_3_13842_549_IBC_Ep",5,0.0805797691027661,7
"set1_3_13844_549_IN_Ep3","set1_3_13844_549_IN_Ep",6,0.079108954258501,7
"set1_3_13846_550_IBC_Ep_23","set1_3_13846_550_IBC_Ep_2",4,0.0763302676562075,7
"set1_3_13848_550_DCIS_Ep_23","set1_3_13848_550_DCIS_Ep_2",4,0.0858414137056299,7
"set1_3_13850_549_IP_Ep3","set1_3_13850_549_IP_Ep",3,0.0825016223700232,7
"set1_3_13852_549_MC_Ep3","set1_3_13852_549_MC_Ep",6,0.0747756364282898,7
"set1_3_13854_549_NL_Ep3","set1_3_13854_549_NL_Ep",6,0.0918851219982157,7
"set1_3_13856_549_AM_Ep3","set1_3_13856_549_AM_Ep",4,0.144208941363921,7
"set1_3_13858_548_DCIS_Ep3","set1_3_13858_548_DCIS_Ep",6,0.0753493552028979,7
"set1_3_13860_548_IBC_Ep3","set1_3_13860_548_IBC_Ep",6,0.0750761002665174,7
"set1_3_13862_547_NL_Ep3","set1_3_13862_547_NL_Ep",6,0.0723946525338197,7
"set1_3_13864_547_CCC_Ep_13","set1_3_13864_547_CCC_Ep_1",6,0.0814326847645029,7
"set1_3_13866_547_CCH_Ep_13","set1_3_13866_547_CCH_Ep_1",6,0.0784173054439964,7
"set1_3_13868_547_IBC_Ep_13","set1_3_13868_547_IBC_Ep_1",5,0.0850930062342405,7
"set1_3_13870_547_DCIS_Ep3","set1_3_13870_547_DCIS_Ep",5,0.0943045918568816,7
"set1_3_13872_547_CCC_Ep_23","set1_3_13872_547_CCC_Ep_2",6,0.0795976417539206,7
"set1_3_13876_547_CCC_Ep_33","set1_3_13876_547_CCC_Ep_3",6,0.0767144044775237,7
"set1_3_13878_547_IBC_Ep_23","set1_3_13878_547_IBC_Ep_2",5,0.0747248747613756,7
"set1_3_13880_547_NL_Ep3","set1_3_13880_547_NL_Ep",6,0.0751077255508144,7
"set1_3_13882_546_NL_Ep3","set1_3_13882_546_NL_Ep",6,0.0788830708147455,7
"set1_3_13884_546_ALH_Ep3","set1_3_13884_546_ALH_Ep",1,0.0949346457162046,7
"set1_3_13886_546_IBC_Ep3","set1_3_13886_546_IBC_Ep",7,0.126709559649977,7
"set1_3_13888_546_LIN_Ep3","set1_3_13888_546_LIN_Ep",6,0.0779528225025633,7
"set1_3_13890_546_CCH_Ep3","set1_3_13890_546_CCH_Ep",1,0.0949188913072782,7
"set1_3_13892_546_HIN_Ep3","set1_3_13892_546_HIN_Ep",6,0.081296925417854,7
"set1_3_13894_546_MIN_Ep3","set1_3_13894_546_MIN_Ep",6,0.0789642601464412,7
"set1_3_13896_545_CCC_Ep_13","set1_3_13896_545_CCC_Ep_1",6,0.0763262289634374,7
"set1_3_13898_545_ADH_Ep3","set1_3_13898_545_ADH_Ep",6,0.0917531692789645,7
"set1_3_13900_545_UDH_Ep_13","set1_3_13900_545_UDH_Ep_1",6,0.0881747933345407,7
"set1_3_13902_545_AM_Ep_13","set1_3_13902_545_AM_Ep_1",4,0.134458988575009,7
"set1_3_13904_545_IBC_Ep3","set1_3_13904_545_IBC_Ep",4,0.14001782109119,7
"set1_3_13906_545_DCIS_Ep_13","set1_3_13906_545_DCIS_Ep_1",4,0.132272392622621,7
"set1_3_13908_545_CCC_Ep_23","set1_3_13908_545_CCC_Ep_2",6,0.0872452032824233,7
"set1_3_13910_545_AM_Ep_23","set1_3_13910_545_AM_Ep_2",4,0.171046589217026,7
"set1_3_13912_545_UDH_Ep_23","set1_3_13912_545_UDH_Ep_2",6,0.0904145126705682,7
"set1_3_13914_545_NL_Ep3","set1_3_13914_545_NL_Ep",6,0.100041366859541,7
"set1_3_13916_545_DCIS_Ep_23","set1_3_13916_545_DCIS_Ep_2",4,0.158155436582282,7
"set1_3_13918_545_LVI_Ep3","set1_3_13918_545_LVI_Ep",4,0.145016332736404,7
"set1_3_13920_544_MC_Ep3","set1_3_13920_544_MC_Ep",6,0.06379543907912,7
"set1_3_13922_544_NL_Ep3","set1_3_13922_544_NL_Ep",6,0.0866844662675544,7
"set1_3_13924_544_DCIS_Ep_13","set1_3_13924_544_DCIS_Ep_1",4,0.0913471747905669,7
"set1_3_13926_544_DCIS_Ep_23","set1_3_13926_544_DCIS_Ep_2",4,0.0979062622454647,7
"set1_3_13928_544_IBC_Ep3","set1_3_13928_544_IBC_Ep",4,0.0782249306707215,7
"set1_3_13930_544_DCIS_Ep_33","set1_3_13930_544_DCIS_Ep_3",4,0.0944428670037167,7
"set1_3_13932_543_CCH_Ep_13","set1_3_13932_543_CCH_Ep_1",6,0.0867240432476431,7
"set1_3_13934_543_CCH_Ep_23","set1_3_13934_543_CCH_Ep_2",6,0.0854355723757262,7
"set1_3_13936_568_AM_Ep3","set1_3_13936_568_AM_Ep",4,0.160465884707822,7
"set1_3_13938_568_NL_Ep3","set1_3_13938_568_NL_Ep",6,0.0536550428395581,7
"set1_3_13940_568_IBC_Ep3","set1_3_13940_568_IBC_Ep",7,0.099941859043174,7
"set1_3_13942_568_DCIS_Ep3","set1_3_13942_568_DCIS_Ep",7,0.0887099691922098,7
"set1_3_13944_569_CCC_Ep3","set1_3_13944_569_CCC_Ep",6,0.0794935407566834,7
"set1_3_13946_570_CCC_Ep_13","set1_3_13946_570_CCC_Ep_1",1,0.0907276326017835,7
"set1_3_13948_570_IBC_Ep3","set1_3_13948_570_IBC_Ep",1,0.0784371513226242,7
"set1_3_13950_570_DCIS_Ep3","set1_3_13950_570_DCIS_Ep",1,0.0871122829126149,7
"set1_3_13952_570_ADH_Ep_13","set1_3_13952_570_ADH_Ep_1",1,0.0792071274870333,7
"set1_3_13954_570_NL_Ep3","set1_3_13954_570_NL_Ep",2,0.0848991761373862,7
"set1_3_13956_570_CCC_Ep_23","set1_3_13956_570_CCC_Ep_2",1,0.0837888747714271,7
"set1_3_13958_570_CCH_Ep3","set1_3_13958_570_CCH_Ep",6,0.0837673278322242,7
"set1_3_13960_570_ADH_Ep_23","set1_3_13960_570_ADH_Ep_2",1,0.0833878010697801,7
"set1_3_13962_569_IBC_Ep3","set1_3_13962_569_IBC_Ep",5,0.104655135895797,7
"set1_3_13966_567_ADH_Ep3","set1_3_13966_567_ADH_Ep",6,0.0759613047079511,7
"set1_3_13968_567_DCIS_Ep3","set1_3_13968_567_DCIS_Ep",5,0.0706491903631528,7
"set1_3_13970_567_IBC_Ep3","set1_3_13970_567_IBC_Ep",5,0.0983664159769727,7
"set1_3_13972_567_NL_Ep3","set1_3_13972_567_NL_Ep",6,0.082249999599897,7
"set1_3_13974_569_NL_Ep3","set1_3_13974_569_NL_Ep",6,0.0862466531814801,7
"set1_3_13976_565_EN_Ep3","set1_3_13976_565_EN_Ep",6,0.0759739916365157,7
"set1_3_13978_565_DCIS_Ep3","set1_3_13978_565_DCIS_Ep",7,0.0849554871943873,7
"set1_3_13980_565_NL_Ep3","set1_3_13980_565_NL_Ep",2,0.0736039360303932,7
"set1_3_13982_561_DCIS_Ep3","set1_3_13982_561_DCIS_Ep",5,0.108468494634192,7
"set1_3_13984_561_IBC_Ep3","set1_3_13984_561_IBC_Ep",5,0.117354130398989,7
"set1_3_13986_561_NL_Ep3","set1_3_13986_561_NL_Ep",6,0.0853970748621891,7
"set1_3_13987_562_DCIS_Ep_13","set1_3_13987_562_DCIS_Ep_1",5,0.0677779209197829,7
"set1_3_13989_562_NL_Ep_13","set1_3_13989_562_NL_Ep_1",6,0.0749188801521148,7
"set1_3_13991_562_DCIS_Ep_23","set1_3_13991_562_DCIS_Ep_2",5,0.0849765827636516,7
"set1_3_13993_562_NL_Ep_23","set1_3_13993_562_NL_Ep_2",6,0.072073522847233,7
"set1_3_13995_563_NL_Ep3","set1_3_13995_563_NL_Ep",6,0.08299249155505,7
"set1_3_13999_563_EN_Ep3","set1_3_13999_563_EN_Ep",6,0.0984238312406312,7
"set1_3_14001_553_DCIS_Ep3","set1_3_14001_553_DCIS_Ep",5,0.0591292281339307,7
"set1_3_14003_553_IBC_Ep3","set1_3_14003_553_IBC_Ep",7,0.052038783912225,7
"set1_3_14005_553_NL_Ep_13","set1_3_14005_553_NL_Ep_1",6,0.0853661764769644,7
"set1_3_14007_553_EN_Ep3","set1_3_14007_553_EN_Ep",6,0.0804478321766247,7
"set1_3_14009_553_AM_Ep3","set1_3_14009_553_AM_Ep",6,0.0753015712477453,7
"set1_3_14011_553_NL_Ep_23","set1_3_14011_553_NL_Ep_2",6,0.0721371684740227,7
"set1_3_14012_560_CCC_Ep3","set1_3_14012_560_CCC_Ep",6,0.0815860522295252,7
"set1_3_14014_560_AM_Ep3","set1_3_14014_560_AM_Ep",4,0.161757094357325,7
"set1_3_14016_560_NL_Ep_13","set1_3_14016_560_NL_Ep_1",6,0.0785152641883484,7
"set1_3_14018_560_NL_Ep_23","set1_3_14018_560_NL_Ep_2",6,0.0843574472510783,7
"set1_3_14020_560_IBC_Ep_13","set1_3_14020_560_IBC_Ep_1",7,0.0716549876394507,7
"set1_3_14022_560_SA_Ep3","set1_3_14022_560_SA_Ep",6,0.0705493605496477,7
"set1_3_14024_560_NL_Ep3","set1_3_14024_560_NL_Ep",6,0.0738302066556283,7
"set1_3_14025_560_IBC_Ep_23","set1_3_14025_560_IBC_Ep_2",5,0.0813789938676845,7
"set1_3_14027_572_IP_Ep3","set1_3_14027_572_IP_Ep",6,0.0700857846582075,7
"set1_3_14028_572_UDH_Ep3","set1_3_14028_572_UDH_Ep",4,0.0840986845855736,7
"set1_3_14034_572_IBC_Ep3","set1_3_14034_572_IBC_Ep",5,0.0745506032469523,7
"set1_3_14036_571_NL_Ep3","set1_3_14036_571_NL_Ep",6,0.0682145347560168,7
"set1_3_14038_571_EN_Ep3","set1_3_14038_571_EN_Ep",7,0.112424565669635,7
"set1_3_14040_571_DCISw_Ep3","set1_3_14040_571_DCISw_Ep",7,0.0975375715701221,7
"set1_3_14042_571_DCIS_Ep3","set1_3_14042_571_DCIS_Ep",7,0.100012368768777,7
"set1_3_14044_571_IBC_Ep_13","set1_3_14044_571_IBC_Ep_1",7,0.109432608638104,7
"set1_3_14046_571_IBC_Ep_23","set1_3_14046_571_IBC_Ep_2",7,0.0870916871555679,7
"set1_3_14048_566_IBC_Ep3","set1_3_14048_566_IBC_Ep",7,0.0926306159708183,7
"set1_3_14050_566_DCIS_Ep3","set1_3_14050_566_DCIS_Ep",7,0.0675105942564191,7
"set1_3_14052_566_UDH_Ep3","set1_3_14052_566_UDH_Ep",6,0.0757748519746951,7
"set1_3_14054_566_CCC_Ep_13","set1_3_14054_566_CCC_Ep_1",6,0.0765801325271315,7
"set1_3_14056_566_CCC_Ep_23","set1_3_14056_566_CCC_Ep_2",6,0.077366402038487,7
"set1_3_14058_566_AM_Ep3","set1_3_14058_566_AM_Ep",4,0.158849468249113,7
"set1_3_14060_566_NL_Ep3","set1_3_14060_566_NL_Ep",6,0.0744869320306902,7
"set1_3_14062_564_DCIS_Ep3","set1_3_14062_564_DCIS_Ep",6,0.0815425518018521,7
"set1_3_14064_564_HP_Ep3","set1_3_14064_564_HP_Ep",6,0.0824564218240658,7
"set1_3_14066_564_NL_Ep3","set1_3_14066_564_NL_Ep",6,0.0665421003439937,7
"set1_3_14068_564_IBC_Ep3","set1_3_14068_564_IBC_Ep",6,0.0800517039151502,7
"set1_3_14070_559_DCIS_Ep3","set1_3_14070_559_DCIS_Ep",5,0.0980994807442682,7
"set1_3_14072_559_IBC_Ep3","set1_3_14072_559_IBC_Ep",5,0.115423541311336,7
"set1_3_14074_559_CCH_Ep3","set1_3_14074_559_CCH_Ep",6,0.0739918358474384,7
"set1_3_14076_559_AM_Ep3","set1_3_14076_559_AM_Ep",4,0.15947101801466,7
"set1_3_14080_558_IBC_Ep3","set1_3_14080_558_IBC_Ep",6,0.064940002576741,7
"set1_3_14082_558_NL_Ep_13","set1_3_14082_558_NL_Ep_1",6,0.0757674330203145,7
"set1_3_14084_558_DCIS_Ep_13","set1_3_14084_558_DCIS_Ep_1",7,0.0661569305438591,7
"set1_3_14086_558_DCIS_Ep_23","set1_3_14086_558_DCIS_Ep_2",6,0.0673646545523262,7
"set1_3_14088_558_IN_Ep3","set1_3_14088_558_IN_Ep",6,0.0761979424501945,7
"set1_3_14092_557_IBC_Ep3","set1_3_14092_557_IBC_Ep",5,0.0836239644244577,7
"set1_3_14094_557_DCIS_Ep3","set1_3_14094_557_DCIS_Ep",5,0.0856160671667938,7
"set1_3_14096_556_IBC_Ep_13","set1_3_14096_556_IBC_Ep_1",4,0.107491187426936,7
"set1_3_14098_556_ADH_Ep_13","set1_3_14098_556_ADH_Ep_1",6,0.0842786694896844,7
"set1_3_14100_556_ADH_Ep_23","set1_3_14100_556_ADH_Ep_2",1,0.0970818124660893,7
"set1_3_14102_556_AM_Ep3","set1_3_14102_556_AM_Ep",4,0.151476753783251,7
"set1_3_14104_556_IBC_Ep_23","set1_3_14104_556_IBC_Ep_2",4,0.109923114805624,7
"set1_3_14108_556_NL_Ep3","set1_3_14108_556_NL_Ep",6,0.082599905582772,7
"set1_3_14110_555_IN_Ep3","set1_3_14110_555_IN_Ep",6,0.0806935620893887,7
"set1_3_14112_555_iIBC_Ep3","set1_3_14112_555_iIBC_Ep",7,0.0731405997862037,7
"set1_3_14114_555_IBC_Ep3","set1_3_14114_555_IBC_Ep",5,0.0872306254058372,7
"set1_3_14116_555_CCC_Ep3","set1_3_14116_555_CCC_Ep",6,0.0955209678398132,7
"set1_3_14118_555_NL_Ep3","set1_3_14118_555_NL_Ep",6,0.0811681776927941,7
"set1_3_14120_554_RS_Ep_13","set1_3_14120_554_RS_Ep_1",6,0.0898718103011673,7
"set1_3_14124_554_EN_Ep3","set1_3_14124_554_EN_Ep",6,0.0825655591108108,7
"set1_3_14126_554_IBC_Ep3","set1_3_14126_554_IBC_Ep",7,0.108422106262047,7
"set1_3_14128_554_UDH_Ep3","set1_3_14128_554_UDH_Ep",6,0.0847820215339544,7
"set1_3_14130_554_DCIS_Ep3","set1_3_14130_554_DCIS_Ep",7,0.077757461411123,7
"set1_3_14134_554_NL_Ep3","set1_3_14134_554_NL_Ep",6,0.0855845006301774,7
"set4_10_14731_656_IBC_Ep3","set4_10_14731_656_IBC_Ep",7,0.0877136030394907,7
"set4_10_14733_656_BBD_Ep3","set4_10_14733_656_BBD_Ep",1,0.0837762907579047,7
"set4_10_14735_656_NL_Ep3","set4_10_14735_656_NL_Ep",3,0.0694269662492741,7
"set4_10_14737_657_CCC_Ep3","set4_10_14737_657_CCC_Ep",4,0.095351658247935,7
"set4_10_14739_657_NL_Ep3","set4_10_14739_657_NL_Ep",1,0.08870059163805,7
"set4_10_14741_657_DCIS_Ep3","set4_10_14741_657_DCIS_Ep",4,0.116074560631418,7
"set4_10_14744_657_IBC_Ep3","set4_10_14744_657_IBC_Ep",4,0.0915078904258707,7
"set4_10_14745_658_DCIS_Ep3","set4_10_14745_658_DCIS_Ep",7,0.0889558651152614,7
"set4_10_14746_658_IBC_Ep3","set4_10_14746_658_IBC_Ep",7,0.0836002597558719,7
"set4_10_14747_658_NL_Ep3","set4_10_14747_658_NL_Ep",2,0.101116623595976,7
"set4_10_14751_659_DCIS_Ep3","set4_10_14751_659_DCIS_Ep",1,0.102676508232486,7
"set4_10_14752_659_IBC_Ep3","set4_10_14752_659_IBC_Ep",7,0.0778263941043396,7
"set4_10_14755_659_DCIS_Ep3","set4_10_14755_659_DCIS_Ep",1,0.0981923806907942,7
"set4_10_14757_659_NL_Ep3","set4_10_14757_659_NL_Ep",2,0.0736681740635563,7
"set4_10_14791_663_DCIS_Ep3","set4_10_14791_663_DCIS_Ep",1,0.104272454404375,7
"set4_10_14793_663_IBC_Ep3","set4_10_14793_663_IBC_Ep",1,0.0977840684829785,7
"set4_10_14795_663_NL_Ep3","set4_10_14795_663_NL_Ep",2,0.0769274754607429,7
"set4_10_14759_660_IBC_Ep3","set4_10_14759_660_IBC_Ep",7,0.112962826054505,7
"set4_10_14761_660_DCIS_Ep3","set4_10_14761_660_DCIS_Ep",7,0.0981192100102377,7
"set4_10_14763_660_NL_Ep3","set4_10_14763_660_NL_Ep",3,0.0736526827640154,7
"set4_10_14765_660_LVI_Ep3","set4_10_14765_660_LVI_Ep",7,0.0897408416599536,7
"set4_10_14767_661_IBC_Ep3","set4_10_14767_661_IBC_Ep",7,0.108655954419413,7
"set4_10_14769_661_AM_Ep3","set4_10_14769_661_AM_Ep",4,0.177063020641796,7
"set4_10_14771_661_ADH_Ep3","set4_10_14771_661_ADH_Ep",1,0.0967787042901137,7
"set4_10_14773_661_DCIS_Ep3","set4_10_14773_661_DCIS_Ep",1,0.124541827888369,7
"set4_10_14775_661_ADH_Ep3","set4_10_14775_661_ADH_Ep",1,0.0964023547940868,7
"set4_10_14777_661_NL_Ep3","set4_10_14777_661_NL_Ep",1,0.105917378421847,7
"set4_10_14779_662_DCIS.1_Ep3","set4_10_14779_662_DCIS.1_Ep",5,0.134872960462327,7
"set4_10_14781_662_MIV.1_Ep3","set4_10_14781_662_MIV.1_Ep",5,0.120030329131849,7
"set4_10_14783_662_DCIS.2_Ep3","set4_10_14783_662_DCIS.2_Ep",5,0.125717608737051,7
"set4_10_14785_662_MIV.2_Ep3","set4_10_14785_662_MIV.2_Ep",5,0.104863492347147,7
"set4_10_14787_662_DCIS.3_Ep3","set4_10_14787_662_DCIS.3_Ep",5,0.134911167978894,7
"set4_10_14789_662_IBC_Ep3","set4_10_14789_662_IBC_Ep",5,0.129096854048065,7
"set4_10_14909_676_DCIS.2_Ep3","set4_10_14909_676_DCIS.2_Ep",4,0.145658204700929,7
"set4_10_14797_664_AM_Ep3","set4_10_14797_664_AM_Ep",4,0.187695258713888,7
"set4_10_14798_664_BBD_Ep3","set4_10_14798_664_BBD_Ep",1,0.0748752127805314,7
"set4_10_14800_664_IBC_Ep3","set4_10_14800_664_IBC_Ep",7,0.105375848225053,7
"set4_10_14802_664_ADH_Ep3","set4_10_14802_664_ADH_Ep",1,0.0641867241852198,7
"set4_10_14804_664_NL_Ep3","set4_10_14804_664_NL_Ep",2,0.106579017155439,7
"set4_10_14805_665_IBC_Ep3","set4_10_14805_665_IBC_Ep",5,0.0702005880796243,7
"set4_10_14807_665_inf_NL_Ep3","set4_10_14807_665_inf_NL_Ep",2,0.0755202237091988,7
"set4_10_14809_665_DCIS_Ep3","set4_10_14809_665_DCIS_Ep",7,0.0758940041699496,7
"set4_10_14810_665_NL_Ep3","set4_10_14810_665_NL_Ep",2,0.0726289508226404,7
"set4_10_14812_666_IBC_Ep3","set4_10_14812_666_IBC_Ep",7,0.105455106430829,7
"set4_10_14813_666_DCIS_Ep3","set4_10_14813_666_DCIS_Ep",7,0.074731069606303,7
"set4_10_14816_666_NL_Ep3","set4_10_14816_666_NL_Ep",2,0.0734984820300748,7
"set4_10_14818_666_BBD_Ep3","set4_10_14818_666_BBD_Ep",1,0.0897455291758923,7
"set4_10_14853_671_UDH_Ep3","set4_10_14853_671_UDH_Ep",3,0.0757417118022747,7
"set4_10_14855_671_AM_Ep3","set4_10_14855_671_AM_Ep",4,0.173972781874425,7
"set4_10_14856_671_DCIS_Ep3","set4_10_14856_671_DCIS_Ep",5,0.0882477813978202,7
"set4_10_14857_671_IBC_Ep3","set4_10_14857_671_IBC_Ep",5,0.0761591359163055,7
"set4_10_14862_671_CCC_Ep3","set4_10_14862_671_CCC_Ep",1,0.0933342066361448,7
"set4_10_14820_667_IBC_Ep3","set4_10_14820_667_IBC_Ep",5,0.084502878492664,7
"set4_10_14821_667_DCIS_Ep3","set4_10_14821_667_DCIS_Ep",7,0.0777911768800972,7
"set4_10_14822_667_NL_Ep3","set4_10_14822_667_NL_Ep",3,0.0656313645443308,7
"set4_10_14826_668_IBC_Ep3","set4_10_14826_668_IBC_Ep",5,0.0979275150691889,7
"set4_10_14828_668_DCIS_Ep3","set4_10_14828_668_DCIS_Ep",1,0.0984138783296164,7
"set4_10_14829_668_NL_Ep3","set4_10_14829_668_NL_Ep",2,0.0916281251431567,7
"set4_10_14830_668_EN_Ep3","set4_10_14830_668_EN_Ep",4,0.0856121762924322,7
"set4_10_14833_669_IBC_Ep3","set4_10_14833_669_IBC_Ep",5,0.11599200830143,7
"set4_10_14834_669_NL_Ep3","set4_10_14834_669_NL_Ep",2,0.0679343813834564,7
"set4_10_14837_669_DCIS_Ep3","set4_10_14837_669_DCIS_Ep",5,0.0783457635703046,7
"set4_10_14839_670_EN_Ep3","set4_10_14839_670_EN_Ep",1,0.0830095499398944,7
"set4_10_14840_670_DCIS_Ep3","set4_10_14840_670_DCIS_Ep",4,0.144353850099936,7
"set4_10_14843_670_DCIS_Ep3","set4_10_14843_670_DCIS_Ep",4,0.163647461576807,7
"set4_10_14844_670_IBC_Ep3","set4_10_14844_670_IBC_Ep",4,0.158663792997724,7
"set4_10_14847_670_BBD_Ep3","set4_10_14847_670_BBD_Ep",3,0.068830575884347,7
"set4_10_14848_670_CCC_Ep3","set4_10_14848_670_CCC_Ep",1,0.0742181940006684,7
"set4_10_14849_670_AM_Ep3","set4_10_14849_670_AM_Ep",4,0.109735054707856,7
"set4_10_14864_672_inf_NL_Ep_S1_R1_0013","set4_10_14864_672_inf_NL_Ep_S1_R1_001",2,0.0688654823878561,7
"set4_10_14866_672_IBC_Ep_2_S3_R1_0013","set4_10_14866_672_IBC_Ep_2_S3_R1_001",5,0.0836947493858032,7
"set4_10_14868_672_IBC_Ep_1_S5_R1_0013","set4_10_14868_672_IBC_Ep_1_S5_R1_001",5,0.093300521342115,7
"set4_10_14869_672_DCIS_Ep_S6_R1_0013","set4_10_14869_672_DCIS_Ep_S6_R1_001",5,0.078240497037399,7
"set4_10_14870_672_CaLob_Ep_S7_R1_0013","set4_10_14870_672_CaLob_Ep_S7_R1_001",5,0.0810022338063623,7
"set4_10_14873_672_NL_Ep_S10_R1_0013","set4_10_14873_672_NL_Ep_S10_R1_001",2,0.0887466971224184,7
"set4_10_14875_672_ADH_Ep_S12_R1_0013","set4_10_14875_672_ADH_Ep_S12_R1_001",3,0.0907731962964541,7
"set4_10_14876_672_CCC_Ep_S13_R1_0013","set4_10_14876_672_CCC_Ep_S13_R1_001",3,0.0749744977270955,7
"set4_10_14878_673_IBC_Ep_S15_R1_0013","set4_10_14878_673_IBC_Ep_S15_R1_001",7,0.100970507229418,7
"set4_10_14880_673_DCIS_Ep_S17_R1_0013","set4_10_14880_673_DCIS_Ep_S17_R1_001",7,0.0771513665930223,7
"set4_10_14882_673_NL_Ep_S19_R1_0013","set4_10_14882_673_NL_Ep_S19_R1_001",2,0.0805198640121648,7
"set4_10_14884_673_AM_Ep_S21_R1_0013","set4_10_14884_673_AM_Ep_S21_R1_001",4,0.169707284544452,7
"set4_10_14886_673_CCC_Ep_S23_R1_0013","set4_10_14886_673_CCC_Ep_S23_R1_001",1,0.109157813686619,7
"set4_10_14888_673_EN_Ep_S25_R1_0013","set4_10_14888_673_EN_Ep_S25_R1_001",3,0.0737512657647866,7
"set4_10_14890_674_DCIS_Ep_S27_R1_0013","set4_10_14890_674_DCIS_Ep_S27_R1_001",4,0.156123191364334,7
"set4_10_14892_674_IBC_Ep_S29_R1_0013","set4_10_14892_674_IBC_Ep_S29_R1_001",4,0.127228007072659,7
"set4_10_14894_674_BBD_Ep_S31_R1_0013","set4_10_14894_674_BBD_Ep_S31_R1_001",3,0.0818206436866638,7
"set4_10_14899_675_EN1_Ep_S33_R1_0013","set4_10_14899_675_EN1_Ep_S33_R1_001",1,0.0781878110311992,7
"set4_10_14901_675_EN2_Ep3","set4_10_14901_675_EN2_Ep",1,0.0854425807014608,7
"set4_10_14904_675_EN3_Ep3","set4_10_14904_675_EN3_Ep",1,0.0935903483336338,7
"set4_10_14905_675_NL_Ep3","set4_10_14905_675_NL_Ep",2,0.0813610078156752,7
"set4_10_14907_675_IBC_Ep3","set4_10_14907_675_IBC_Ep",5,0.121013154507722,7
"set4_10_14908_675_CCC_Ep3","set4_10_14908_675_CCC_Ep",4,0.108455340480849,7
"set4_10_14922_677_IBC_Ep3","set4_10_14922_677_IBC_Ep",7,0.0998015877022525,7
"set4_10_14924_677_DCIS_Ep3","set4_10_14924_677_DCIS_Ep",7,0.103996263773588,7
"set4_10_14926_677_NL_Ep3","set4_10_14926_677_NL_Ep",2,0.112988094682504,7
"set4_10_14928_677_LVI_Ep3","set4_10_14928_677_LVI_Ep",7,0.0963001117031495,7
"set4_10_14930_678_IBC_Ep3","set4_10_14930_678_IBC_Ep",7,0.090384450465452,7
"set4_10_14932_678_PLC_Ep3","set4_10_14932_678_PLC_Ep",2,0.098319390289938,7
"set4_10_14934_678_EN_Ep3","set4_10_14934_678_EN_Ep",1,0.0894448352601229,7
"set4_10_14936_678_NL_Ep3","set4_10_14936_678_NL_Ep",2,0.0848998418242828,7
"set4_10_14938_679_IBC_Ep3","set4_10_14938_679_IBC_Ep",5,0.136123414474564,7
"set4_10_14940_679_DCIS_Ep3","set4_10_14940_679_DCIS_Ep",5,0.125618997744285,7
"set4_10_14942_679_NL_Ep3","set4_10_14942_679_NL_Ep",2,0.0816370203664219,7
"set4_10_14954_680_DCIS_2_Ep3","set4_10_14954_680_DCIS_2_Ep",1,0.103895060987613,7
"set4_10_14956_680_ADH_2_Ep3","set4_10_14956_680_ADH_2_Ep",1,0.114934296391783,7
"set4_10_14944_680_ADH_1_Ep3","set4_10_14944_680_ADH_1_Ep",1,0.111014717296929,7
"set4_10_14946_680_UDH_Ep3","set4_10_14946_680_UDH_Ep",1,0.0766756789099318,7
"set4_10_14948_680_NL_Ep3","set4_10_14948_680_NL_Ep",3,0.0727852732528091,7
"set4_10_14950_680_DCIS_1_Ep3","set4_10_14950_680_DCIS_1_Ep",1,0.104069580093083,7
"set4_10_14952_680_IBC_Ep3","set4_10_14952_680_IBC_Ep",4,0.113810913363828,7
"set4_10_14958_680_LG_DCIS_Ep3","set4_10_14958_680_LG_DCIS_Ep",4,0.0904255714276595,7
"set4_10_14960_680_AM_Ep3","set4_10_14960_680_AM_Ep",4,0.163682434420665,7
"set4_10_14962_680_atip_AM_Ep3","set4_10_14962_680_atip_AM_Ep",1,0.113569674571022,7
"set4_10_14963_680_ADH_AM_Ep3","set4_10_14963_680_ADH_AM_Ep",1,0.118872103775415,7
"set4_10_14966_681_DCIS_Ep3","set4_10_14966_681_DCIS_Ep",7,0.0702351241598459,7
"set4_10_14968_681_AM_Ep3","set4_10_14968_681_AM_Ep",4,0.181405274277994,7
"set4_10_14970_681_EN_Ep3","set4_10_14970_681_EN_Ep",3,0.0889604903054733,7
"set4_10_14972_681_ADH_1_Ep3","set4_10_14972_681_ADH_1_Ep",3,0.075350039752669,7
"set4_10_14974_681_IBC_Ep3","set4_10_14974_681_IBC_Ep",5,0.0889175536455381,7
"set4_10_14976_681_NL_Ep3","set4_10_14976_681_NL_Ep",2,0.0842039279921823,7
"set4_10_14978_682_NL_Ep3","set4_10_14978_682_NL_Ep",2,0.0848558357634426,7
"set4_10_14980_682_EN_Ep3","set4_10_14980_682_EN_Ep",2,0.100012189257108,7
"set4_10_14982_682_IBC_Ep3","set4_10_14982_682_IBC_Ep",5,0.112997235492326,7
"set4_10_14984_682_Inf_NL_Ep3","set4_10_14984_682_Inf_NL_Ep",2,0.105378353406848,7
"set4_10_14987_683_DCIS_Ep3","set4_10_14987_683_DCIS_Ep",1,0.0937129212803214,7
"set4_10_14990_684_ADH_DCIS_Ep3","set4_10_14990_684_ADH_DCIS_Ep",7,0.0902896859754844,7
"set4_10_14992_684_DCIS_Ep3","set4_10_14992_684_DCIS_Ep",7,0.102355051348957,7
"set4_10_14994_684_NL_Ep3","set4_10_14994_684_NL_Ep",2,0.0890340386417634,7
"set4_10_14996_684_IBC_Ep3","set4_10_14996_684_IBC_Ep",7,0.10222700398043,7
"set4_10_14998_685_DCIS_Ep3","set4_10_14998_685_DCIS_Ep",7,0.086730678738279,7
"set4_10_15000_685_IBC_Ep3","set4_10_15000_685_IBC_Ep",5,0.0984958220251027,7
"set4_10_15002_685_NL_Ep3","set4_10_15002_685_NL_Ep",1,0.0820327340596092,7
"set4_10_15004_685_EN_Ep3","set4_10_15004_685_EN_Ep",2,0.0912492906904815,7
"set4_10_15013_687_DCIS_1_Ep3","set4_10_15013_687_DCIS_1_Ep",7,0.117624962816724,7
"set4_10_15015_687_DCIS_2_Ep3","set4_10_15015_687_DCIS_2_Ep",7,0.129154857898134,7
"set4_10_15017_687_UDH_Ep3","set4_10_15017_687_UDH_Ep",3,0.0659735377958727,7
"set4_10_15019_687_EN_Ep3","set4_10_15019_687_EN_Ep",2,0.0763792579208221,7
"set4_10_15021_687_NL_Ep3","set4_10_15021_687_NL_Ep",2,0.0901815996604642,7
"set4_10_15025_688_EN_1_Ep3","set4_10_15025_688_EN_1_Ep",2,0.085920038848866,7
"set4_10_14911_676_EN_Ep3","set4_10_14911_676_EN_Ep",1,0.0800860192807158,7
"set4_10_14913_676_BBD_2_Ep3","set4_10_14913_676_BBD_2_Ep",1,0.083666459528694,7
"set4_10_14915_676_IBC_Ep3","set4_10_14915_676_IBC_Ep",4,0.141350884085577,7
"set4_10_14916_676_DCIS_1_Ep3","set4_10_14916_676_DCIS_1_Ep",4,0.140226205008557,7
"set4_10_14918_676_BBD_1_Ep3","set4_10_14918_676_BBD_1_Ep",2,0.0718393020764631,7
"set4_10_14920_676_NL_Ep3","set4_10_14920_676_NL_Ep",1,0.0705053516580273,7
"set4_10_15006_686_IBC_Ep3","set4_10_15006_686_IBC_Ep",7,0.0950121652083387,7
"set4_10_15007_686_DCIS_Ep3","set4_10_15007_686_DCIS_Ep",7,0.106713054297811,7
"set4_10_15009_686_EN_Ep3","set4_10_15009_686_EN_Ep",2,0.0777644372185203,7
"set4_10_15011_686_NL_Ep3","set4_10_15011_686_NL_Ep",2,0.0867524691463096,7
"set4_10_15032_689_IBC_Ep3","set4_10_15032_689_IBC_Ep",7,0.0914408623199047,7
"set4_10_15034_689_DCIS_1_Ep3","set4_10_15034_689_DCIS_1_Ep",7,0.118960279582123,7
"set4_10_15036_689_NL_Ep3","set4_10_15036_689_NL_Ep",2,0.0824943491031432,7
"set4_10_15038_689_DCIS_2_Ep3","set4_10_15038_689_DCIS_2_Ep",7,0.0881221384348852,7
"set4_10_15040_689_EN_1_Ep3","set4_10_15040_689_EN_1_Ep",1,0.0746728000457261,7
"set4_10_15042_689_EN_2_Ep3","set4_10_15042_689_EN_2_Ep",1,0.0738076603812178,7
"set4_10_15052_690_EN_2_Ep3","set4_10_15052_690_EN_2_Ep",1,0.112640303695809,7
"set4_10_15062_691_EN_2_Ep3","set4_10_15062_691_EN_2_Ep",4,0.0970009801553167,7
"set4_10_14964_681_ADH_2_Ep3","set4_10_14964_681_ADH_2_Ep",2,0.0653631214484481,7
"set4_10_15023_688_IBC_Ep3","set4_10_15023_688_IBC_Ep",7,0.1316246251931,7
"set4_10_15027_688_NL_Ep3","set4_10_15027_688_NL_Ep",2,0.0901456772251806,7
"set4_10_15029_688_EN_4_Ep3","set4_10_15029_688_EN_4_Ep",1,0.0948629032238123,7
"set4_10_15031_688_EN_5_Ep3","set4_10_15031_688_EN_5_Ep",4,0.142449059339733,7
"set4_10_15044_690_NL_Ep3","set4_10_15044_690_NL_Ep",2,0.0745944823702375,7
"set4_10_15046_690_EN_1_Ep3","set4_10_15046_690_EN_1_Ep",3,0.0707811571687701,7
"set4_10_15048_690_IBC_Ep3","set4_10_15048_690_IBC_Ep",5,0.121116135610736,7
"set4_10_15050_690_DCIS_Ep3","set4_10_15050_690_DCIS_Ep",5,0.0651041522242499,7
"set4_10_15054_690_i_DCIS_Ep3","set4_10_15054_690_i_DCIS_Ep",7,0.0938930223889732,7
"set4_10_15056_691_IBC_Ep3","set4_10_15056_691_IBC_Ep",5,0.118368320000543,7
"set4_10_15058_691_EN_1_Ep3","set4_10_15058_691_EN_1_Ep",1,0.073785976722258,7
"set4_10_15060_691_DCIS_Ep3","set4_10_15060_691_DCIS_Ep",1,0.0872743917627148,7
"set4_10_15064_692_IBC_Ep3","set4_10_15064_692_IBC_Ep",5,0.0821679357198399,7
"set4_10_15066_692_DCIS_Ep3","set4_10_15066_692_DCIS_Ep",7,0.0936184090840638,7
"set4_10_15068_692_NL_Ep3","set4_10_15068_692_NL_Ep",2,0.103427964530355,7
"set4_10_15585_744_IBC_Ep3","set4_10_15585_744_IBC_Ep",7,0.0888495370641811,7
"set4_10_15587_744_inF.NL_Ep3","set4_10_15587_744_inF.NL_Ep",2,0.0866049509036246,7
"set4_10_15589_744_DCIS_Ep3","set4_10_15589_744_DCIS_Ep",7,0.0974694071844256,7
"set4_10_15591_745_CCC_Ep3","set4_10_15591_745_CCC_Ep",3,0.0755910333169173,7
"set4_10_15593_745_BBD_Ep3","set4_10_15593_745_BBD_Ep",1,0.0745968239176176,7
"set4_10_15595_745_IP_Ep3","set4_10_15595_745_IP_Ep",1,0.090191511271805,7
"set4_10_15597_746_IBC_Ep3","set4_10_15597_746_IBC_Ep",5,0.0981074458435634,7
"set4_10_15598_746_DCIS_Ep3","set4_10_15598_746_DCIS_Ep",5,0.0965861657209378,7
"set4_10_15600_746_NL_Ep3","set4_10_15600_746_NL_Ep",1,0.0962709457240373,7
"set4_10_15602_747_IBC_Ep3","set4_10_15602_747_IBC_Ep",5,0.0880201290851478,7
"set4_10_15604_747_NL_Ep3","set4_10_15604_747_NL_Ep",2,0.0654334090290057,7
"set4_10_15606_747_ADH_Ep3","set4_10_15606_747_ADH_Ep",3,0.0698115563160751,7
"set4_10_15608_747_AM_Ep3","set4_10_15608_747_AM_Ep",4,0.179610005260462,7
"set4_10_15610_748_AM_Ep3","set4_10_15610_748_AM_Ep",4,0.180015083370335,7
"set4_10_15612_748_DCIS_Ep3","set4_10_15612_748_DCIS_Ep",4,0.160272411319363,7
"set4_10_15614_748_IBC_Ep3","set4_10_15614_748_IBC_Ep",4,0.133717801963249,7
"set4_10_15616_749_IBC_Ep3","set4_10_15616_749_IBC_Ep",5,0.107525943835501,7
"set4_10_15617_749_DCIS_Ep3","set4_10_15617_749_DCIS_Ep",5,0.126688857021665,7
"set4_10_15618_749_LVI_Ep3","set4_10_15618_749_LVI_Ep",5,0.121562062538153,7
"set4_10_15622_750_NL_Ep3","set4_10_15622_750_NL_Ep",1,0.0676345148903421,7
"set4_10_15624_750_IBC_Ep3","set4_10_15624_750_IBC_Ep",5,0.117488931494999,7
"set4_10_15626_750_DCIS_Ep3","set4_10_15626_750_DCIS_Ep",5,0.134627625214884,7
"set4_10_15628_751_NL_Ep3","set4_10_15628_751_NL_Ep",1,0.0787046324895381,7
"set4_10_15630_751_IBC_Ep3","set4_10_15630_751_IBC_Ep",5,0.103287489547728,7
"set4_10_15632_751_ADH_Ep3","set4_10_15632_751_ADH_Ep",1,0.0895572103488883,7
"set4_10_15634_751_CCC_Ep3","set4_10_15634_751_CCC_Ep",1,0.0873723396160575,7
"set4_10_15636_752_IBC_Ep3","set4_10_15636_752_IBC_Ep",7,0.0879978871101758,7
"set4_10_15638_752_DCIS_Ep3","set4_10_15638_752_DCIS_Ep",7,0.0833144966964345,7
"set4_10_15639_752_NL_Ep3","set4_10_15639_752_NL_Ep",2,0.0921909633574096,7
"set4_10_15640_752_BBD_Ep3","set4_10_15640_752_BBD_Ep",3,0.0753640356348947,7
"set4_10_15644_753_DCIS_Ep3","set4_10_15644_753_DCIS_Ep",5,0.111628245764197,7
"set4_10_15646_753_IBC_Ep3","set4_10_15646_753_IBC_Ep",5,0.102684614621816,7
"set4_10_15647_753_NL_Ep3","set4_10_15647_753_NL_Ep",2,0.0669919888150284,7
"set4_10_15649_754_IBC_Ep3","set4_10_15649_754_IBC_Ep",5,0.104235378458762,7
"set4_10_15651_754_ADH_Ep3","set4_10_15651_754_ADH_Ep",5,0.0952853314257878,7
"set4_10_15653_754_EN_1_Ep3","set4_10_15653_754_EN_1_Ep",5,0.0715558026190228,7
"set4_10_15655_754_DCIS_Ep3","set4_10_15655_754_DCIS_Ep",5,0.102054615528495,7
"set4_10_15657_754_EN_2_Ep3","set4_10_15657_754_EN_2_Ep",3,0.0786916423959689,7
"set4_10_15659_755_EN_Ep3","set4_10_15659_755_EN_Ep",1,0.0972198777807344,7
"set4_10_15661_755_DCIS_inf_1_Ep3","set4_10_15661_755_DCIS_inf_1_Ep",7,0.136937278026599,7
"set4_10_15663_755_IBC_Ep3","set4_10_15663_755_IBC_Ep",7,0.110210725863391,7
"set4_10_15665_755_DCIS_inf_2_Ep3","set4_10_15665_755_DCIS_inf_2_Ep",7,0.0831086958949835,7
"set4_10_15667_755_NL_Ep3","set4_10_15667_755_NL_Ep",1,0.0883350708991666,7
"set4_10_15669_756_NL_Ep3","set4_10_15669_756_NL_Ep",2,0.100133759706199,7
"set4_10_15671_756_EN_1_Ep3","set4_10_15671_756_EN_1_Ep",1,0.107527586276976,7
"set4_10_15673_756_IBC_Ep3","set4_10_15673_756_IBC_Ep",7,0.103380292766471,7
"set4_10_15675_756_UDH_1_Ep3","set4_10_15675_756_UDH_1_Ep",3,0.0893900676066596,7
"set4_10_15677_756_EN_2_Ep3","set4_10_15677_756_EN_2_Ep",1,0.0956251684138404,7
"set4_10_15679_756_UDH_2_Ep3","set4_10_15679_756_UDH_2_Ep",1,0.0803765955106624,7
"set4_10_15681_757_DCIS_Ep3","set4_10_15681_757_DCIS_Ep",5,0.100042085311713,7
"set4_10_15683_757_IBC_Ep3","set4_10_15683_757_IBC_Ep",5,0.0989060619570251,7
"set4_10_15685_757_NL_Ep3","set4_10_15685_757_NL_Ep",2,0.065902982302089,7
"set4_10_15687_757_UDH_Ep3","set4_10_15687_757_UDH_Ep",1,0.0787576079538134,7
"set4_10_15689_757_CCC_Ep3","set4_10_15689_757_CCC_Ep",1,0.111136818185493,7
"set4_10_15691_757_EN_Ep3","set4_10_15691_757_EN_Ep",1,0.0815695673205276,7
"set4_10_15693_758_DCIS_1_Ep3","set4_10_15693_758_DCIS_1_Ep",5,0.116681276696764,7
"set4_10_15695_758_IBC_1_Ep3","set4_10_15695_758_IBC_1_Ep",5,0.113914296807709,7
"set4_10_15697_758_NL_Ep3","set4_10_15697_758_NL_Ep",2,0.0859417505471177,7
"set4_10_15703_758_EN_Ep3","set4_10_15703_758_EN_Ep",2,0.0725054244671265,7
"set4_10_15709_760_UDH_Ep3","set4_10_15709_760_UDH_Ep",1,0.0694979003469417,7
"set4_10_15713_760_IBC_Ep3","set4_10_15713_760_IBC_Ep",7,0.12442953680965,7
"set4_10_15715_760_EN_1_Ep3","set4_10_15715_760_EN_1_Ep",2,0.0660913141611538,7
"set4_10_15717_760_NL_Ep3","set4_10_15717_760_NL_Ep",1,0.0780743785828279,7
"set4_10_15733_762_DCIS_2_Ep3","set4_10_15733_762_DCIS_2_Ep",5,0.110535209541384,7
"set4_10_15699_758_DCIS_2_Ep3","set4_10_15699_758_DCIS_2_Ep",5,0.104546100272281,7
"set4_10_15701_758_IBC_2_Ep3","set4_10_15701_758_IBC_2_Ep",5,0.0893958716180237,7
"set4_10_15705_759_DCIS_Ep3","set4_10_15705_759_DCIS_Ep",7,0.0762392349843682,7
"set4_10_15707_759_IBC_Ep3","set4_10_15707_759_IBC_Ep",7,0.0839144269711714,7
"set4_10_15711_760_EN_2_Ep3","set4_10_15711_760_EN_2_Ep",3,0.0920469839056362,7
"set4_10_15719_761_IBC_Ep3","set4_10_15719_761_IBC_Ep",7,0.0897424142252258,7
"set4_10_15721_761_DCIS_Ep3","set4_10_15721_761_DCIS_Ep",7,0.0886020149787596,7
"set4_10_15723_761_EN_1_Ep3","set4_10_15723_761_EN_1_Ep",3,0.0743612665437032,7
"set4_10_15725_761_ADH_Ep3","set4_10_15725_761_ADH_Ep",1,0.0805099287685158,7
"set4_10_15729_762_IBC_Ep3","set4_10_15729_762_IBC_Ep",5,0.0949717108137908,7
"set4_10_15731_762_DCIS_1_Ep3","set4_10_15731_762_DCIS_1_Ep",5,0.0945707237109938,7
"set4_10_15735_763_IBC_Ep3","set4_10_15735_763_IBC_Ep",7,0.109251637580114,7
"set4_10_15737_763_ADH_Ep3","set4_10_15737_763_ADH_Ep",2,0.0690734320876537,7
"set4_10_15739_763_NL_1_Ep3","set4_10_15739_763_NL_1_Ep",2,0.0818779988487774,7
"set4_10_15741_763_EN_Ep3","set4_10_15741_763_EN_Ep",2,0.0975743151792036,7
"set4_10_15745_764_IBC_Ep3","set4_10_15745_764_IBC_Ep",7,0.111548326031864,7
"set4_10_15747_764_DCIS_1_Ep3","set4_10_15747_764_DCIS_1_Ep",7,0.102737572532778,7
"set4_10_15749_764_LVI_Ep3","set4_10_15749_764_LVI_Ep",7,0.0943833121472592,7
"set4_10_15751_764_DCIS_2_Ep3","set4_10_15751_764_DCIS_2_Ep",7,0.091856458670466,7
"set4_10_15753_764_EN_Ep3","set4_10_15753_764_EN_Ep",1,0.0727938042544435,7
"set4_10_15755_764_NL_Ep3","set4_10_15755_764_NL_Ep",1,0.0906557829667279,7
"set4_10_15757_765_IBC_Ep3","set4_10_15757_765_IBC_Ep",4,0.133114268028875,7
"set4_10_15759_765_DCIS_Ep3","set4_10_15759_765_DCIS_Ep",4,0.155632903740937,7
"set4_10_15761_765_EN_1_Ep3","set4_10_15761_765_EN_1_Ep",1,0.0826263377698013,7
"set4_10_15765_765_NL_Ep3","set4_10_15765_765_NL_Ep",2,0.0777625079875174,7
"set4_10_15767_766_NL_Ep3","set4_10_15767_766_NL_Ep",2,0.0884249058477978,7
"set4_10_15769_766_inf_NL_Ep3","set4_10_15769_766_inf_NL_Ep",2,0.0945056199100372,7
"set4_10_15771_766_IBC_Ep3","set4_10_15771_766_IBC_Ep",7,0.123543342122378,7
"set4_10_15773_766_AM_Ep3","set4_10_15773_766_AM_Ep",4,0.16405752177907,7
"set4_10_15775_766_EN_Ep3","set4_10_15775_766_EN_Ep",1,0.0939402712765387,7
"set4_10_15777_767_IBC_Ep3","set4_10_15777_767_IBC_Ep",5,0.109576125125896,7
"set4_10_15779_767_DCIS_Ep3","set4_10_15779_767_DCIS_Ep",5,0.0884417711535419,7
"set4_10_15781_767_AM_2_Ep3","set4_10_15781_767_AM_2_Ep",4,0.167190803607459,7
"set4_10_15783_767_ADH_Ep3","set4_10_15783_767_ADH_Ep",3,0.0834687556481989,7
"set4_10_15787_767_NL_Ep3","set4_10_15787_767_NL_Ep",2,0.0746683722346616,7
"set4_10_15789_768_IBC_Ep3","set4_10_15789_768_IBC_Ep",7,0.114414885716263,7
"set4_10_15791_768_NL_Ep3","set4_10_15791_768_NL_Ep",2,0.0664233183468614,7
"set4_10_15795_768_EN_2_Ep3","set4_10_15795_768_EN_2_Ep",4,0.0915355618318268,7
"set4_10_15797_768_EN_3_Ep3","set4_10_15797_768_EN_3_Ep",1,0.0687390940726191,7
"set4_10_15799_769_IBC_Ep3","set4_10_15799_769_IBC_Ep",7,0.10912804100811,7
"set4_10_15801_769_DCIS_1_Ep3","set4_10_15801_769_DCIS_1_Ep",7,0.0823777822966065,7
"set4_10_15805_769_EN_1_Ep3","set4_10_15805_769_EN_1_Ep",1,0.0896664142155864,7
"set4_10_15809_769_NL_Ep3","set4_10_15809_769_NL_Ep",2,0.102555371746672,7
"set4_10_15811_769_EN_4_Ep3","set4_10_15811_769_EN_4_Ep",3,0.0793050990355417,7
"set4_10_15817_769_AM_Ep3","set4_10_15817_769_AM_Ep",4,0.177277417450344,7
"set4_10_15785_767_AM_1_Ep3","set4_10_15785_767_AM_1_Ep",4,0.171974897490602,7
"set4_10_15793_768_EN_1_Ep3","set4_10_15793_768_EN_1_Ep",3,0.10441835952631,7
"set4_10_15803_769_DCIS_2_Ep3","set4_10_15803_769_DCIS_2_Ep",7,0.11309751943112,7
"set4_10_15807_769_EN_3_Ep3","set4_10_15807_769_EN_3_Ep",1,0.114524125112019,7
"set4_10_15815_769_EN_6_Ep3","set4_10_15815_769_EN_6_Ep",1,0.0916255861282614,7
"set4_10_15819_770_DCIS_Ep3","set4_10_15819_770_DCIS_Ep",7,0.088970206402785,7
"set4_10_15821_770_IBC_Ep3","set4_10_15821_770_IBC_Ep",7,0.115616417102159,7
"set4_10_15823_770_EN_1_Ep3","set4_10_15823_770_EN_1_Ep",1,0.0833101026984626,7
"set4_10_15825_770_NL_Ep3","set4_10_15825_770_NL_Ep",2,0.0819902950451495,7
"set4_10_15829_771_EN_4_Ep3","set4_10_15829_771_EN_4_Ep",1,0.0720539733806341,7
"set4_10_15835_771_DCIS_3_Ep3","set4_10_15835_771_DCIS_3_Ep",5,0.102137939013417,7
"set4_10_15831_771_NL_Ep3","set4_10_15831_771_NL_Ep",2,0.0983652822180297,7
"set4_10_15833_771_EN_2_Ep3","set4_10_15833_771_EN_2_Ep",1,0.105393767492697,7
"set4_10_15839_771_DCIS_1_Ep3","set4_10_15839_771_DCIS_1_Ep",5,0.139514638086636,7
"set4_10_15843_771_IBC_Ep3","set4_10_15843_771_IBC_Ep",5,0.135909281280653,7
"set4_10_15727_761_EN_2_Ep3","set4_10_15727_761_EN_2_Ep",1,0.0711592750539974,7
"set4_10_15743_763_NL_2_Ep3","set4_10_15743_763_NL_2_Ep",2,0.103537673818855,7
"set4_10_15763_765_EN_2_Ep3","set4_10_15763_765_EN_2_Ep",2,0.085026444334856,7
"set4_10_15813_769_EN_5_Ep3","set4_10_15813_769_EN_5_Ep",1,0.098259269520424,7
"set4_10_15827_771_EN_3_Ep3","set4_10_15827_771_EN_3_Ep",1,0.107959992661779,7
"set4_10_15837_771_EN_1_Ep3","set4_10_15837_771_EN_1_Ep",1,0.115530038898277,7
"set4_10_15841_771_DCIS_2_Ep3","set4_10_15841_771_DCIS_2_Ep",5,0.11381855960416,7
"set4_10_15845_772_IBC_Ep3","set4_10_15845_772_IBC_Ep",5,0.103500099946044,7
"set4_10_15847_772_DCIS_1_Ep3","set4_10_15847_772_DCIS_1_Ep",5,0.0989663284873133,7
"set4_10_15849_772_DCIS_2_Ep3","set4_10_15849_772_DCIS_2_Ep",5,0.0965035487886903,7
"set4_10_15851_772_EN_1_Ep3","set4_10_15851_772_EN_1_Ep",5,0.0828846802749524,7
"set4_10_15853_772_EN_2_Ep3","set4_10_15853_772_EN_2_Ep",2,0.084554925364836,7
"set4_10_15855_772_EN_3_Ep3","set4_10_15855_772_EN_3_Ep",5,0.0875473208770709,7
"set4_10_15857_772_EN_4_Ep3","set4_10_15857_772_EN_4_Ep",5,0.0901536704435753,7
"set4_10_15859_772_NL_Ep3","set4_10_15859_772_NL_Ep",2,0.0956385238146434,7
"set1_3_11770_354_EN_E_S1_R1_0014","set1_3_11770_354_EN_E_S1_R1_001",4,0.0714621330755309,8
"set1_3_11772_354_IDC_E_S3_R1_0014","set1_3_11772_354_IDC_E_S3_R1_001",7,0.084430266478639,8
"set1_3_11774_354_RS1_E_center_S5_R1_0014","set1_3_11774_354_RS1_E_center_S5_R1_001",4,0.074585541835675,8
"set1_3_11776_354_RS1_E_peripheral_S7_R1_0014","set1_3_11776_354_RS1_E_peripheral_S7_R1_001",7,0.0674064315045007,8
"set1_3_11778_354_RS2_E_center_S9_R1_0014","set1_3_11778_354_RS2_E_center_S9_R1_001",4,0.0767502170088455,8
"set1_3_11780_354_RS2_E_peripheral_S11_R1_0014","set1_3_11780_354_RS2_E_peripheral_S11_R1_001",4,0.0667095342119765,8
"set1_3_11782_354_NL_E_S13_R1_0014","set1_3_11782_354_NL_E_S13_R1_001",4,0.0617478227317433,8
"set1_3_11784_355_RS1_E_center_S15_R1_0014","set1_3_11784_355_RS1_E_center_S15_R1_001",4,0.0801725529634384,8
"set1_3_11786_355_RS1_E_peripheral_S17_R1_0014","set1_3_11786_355_RS1_E_peripheral_S17_R1_001",7,0.0711637666419989,8
"set1_3_11789_355_RS2_E_center_S20_R1_0014","set1_3_11789_355_RS2_E_center_S20_R1_001",4,0.077863828068103,8
"set1_3_11791_355_RS2_E_peripheral_S22_R1_0014","set1_3_11791_355_RS2_E_peripheral_S22_R1_001",7,0.0615733127728659,8
"set1_3_11794_355_NL_E_S25_R1_0014","set1_3_11794_355_NL_E_S25_R1_001",4,0.054716663301165,8
"set1_3_11796_355_RS3_E_center_S27_R1_0014","set1_3_11796_355_RS3_E_center_S27_R1_001",4,0.0768364312840336,8
"set1_3_11798_355_RS3_E_peripheral_S29_R1_0014","set1_3_11798_355_RS3_E_peripheral_S29_R1_001",4,0.063619761662797,8
"set1_3_11800_356_NL_E_S31_R1_0014","set1_3_11800_356_NL_E_S31_R1_001",7,0.0591380332170586,8
"set1_3_11802_356_RS1_E_center_S32_R1_0014","set1_3_11802_356_RS1_E_center_S32_R1_001",4,0.0717899204251127,8
"set1_3_11804_356_RS1_E_peripheral_S34_R1_0014","set1_3_11804_356_RS1_E_peripheral_S34_R1_001",7,0.0686098329826138,8
"set1_3_11806_357_NL_E_S50_R1_0014","set1_3_11806_357_NL_E_S50_R1_001",2,0.046353528227667,8
"set1_3_11808_357_RS1_E_center_S32_R1_0014","set1_3_11808_357_RS1_E_center_S32_R1_001",4,0.0505856788668696,8
"set1_3_11810_357_RS1_E_peripheral_S5_R1_0014","set1_3_11810_357_RS1_E_peripheral_S5_R1_001",7,0.0430393715128249,8
"set1_3_11813_358_NL_E_S36_R1_0014","set1_3_11813_358_NL_E_S36_R1_001",7,0.0763293111714495,8
"set1_3_11815_358_EN_E_S38_R1_0014","set1_3_11815_358_EN_E_S38_R1_001",7,0.081221120360021,8
"set1_3_11817_358_RS1_E_center_S40_R1_0014","set1_3_11817_358_RS1_E_center_S40_R1_001",4,0.0635141546250164,8
"set1_3_11819_358_RS1_E_peripheral_S42_R1_0014","set1_3_11819_358_RS1_E_peripheral_S42_R1_001",7,0.072498644389335,8
"set1_3_11821_358_IBC_E_S44_R1_0014","set1_3_11821_358_IBC_E_S44_R1_001",6,0.0730902444071515,8
"set1_3_11823_358_RS2_E_center_S46_R1_0014","set1_3_11823_358_RS2_E_center_S46_R1_001",4,0.0634629800856633,8
"set1_3_11825_358_RS2_E_peripheral_S48_R1_0014","set1_3_11825_358_RS2_E_peripheral_S48_R1_001",7,0.0753594324518562,8
"set1_3_11827_359_RS1_E_center_S50_R1_0014","set1_3_11827_359_RS1_E_center_S50_R1_001",4,0.074520622219065,8
"set1_3_11829_359_RS1_E_peripheral_S52_R1_0014","set1_3_11829_359_RS1_E_peripheral_S52_R1_001",2,0.0600809711854658,8
"set1_3_11831_359_NL_E_S54_R1_0014","set1_3_11831_359_NL_E_S54_R1_001",4,0.0543327548676071,8
"set1_3_11833_359_RS2_E_center_S55_R1_0014","set1_3_11833_359_RS2_E_center_S55_R1_001",4,0.0682660803241618,8
"set1_3_11835_359_RS2_E_peripheral_S57_R1_0014","set1_3_11835_359_RS2_E_peripheral_S57_R1_001",7,0.0568326564588312,8
"set1_3_11837_359_IDC_E_S59_R1_0014","set1_3_11837_359_IDC_E_S59_R1_001",7,0.0768321952919831,8
"set1_3_11838_360_RS1_E_center_S4_R1_0014","set1_3_11838_360_RS1_E_center_S4_R1_001",7,0.0653674711689732,8
"set1_3_11840_360_RS1_E_peripheral_S8_R1_0014","set1_3_11840_360_RS1_E_peripheral_S8_R1_001",7,0.0521836457241104,8
"set1_3_11842_360_NL_E_S3_R1_0014","set1_3_11842_360_NL_E_S3_R1_001",2,0.057956628501674,8
"set1_3_11844_361_RS1_E_center_S34_R1_0014","set1_3_11844_361_RS1_E_center_S34_R1_001",2,0.0435940928127528,8
"set1_3_11846_361_RS1_E_peripheral_S7_R1_0014","set1_3_11846_361_RS1_E_peripheral_S7_R1_001",7,0.0541555308283518,8
"set1_3_11848_361_RS2_E_center_S18_R1_0014","set1_3_11848_361_RS2_E_center_S18_R1_001",4,0.0522792451730634,8
"set1_3_11850_361_RS2_E_peripheral_S10_R1_0014","set1_3_11850_361_RS2_E_peripheral_S10_R1_001",7,0.0480227661071846,8
"set1_3_11852_361_RS4_E_center_S9_R1_0014","set1_3_11852_361_RS4_E_center_S9_R1_001",4,0.0473272109026527,8
"set1_3_11854_361_RS4_E_peripheral_S11_R1_0014","set1_3_11854_361_RS4_E_peripheral_S11_R1_001",2,0.0501529001782587,8
"set1_3_11856_361_RS3_E_center_S21_R1_0014","set1_3_11856_361_RS3_E_center_S21_R1_001",4,0.0496223338300146,8
"set1_3_11858_361_RS3_E_peripheral_S13_R1_0014","set1_3_11858_361_RS3_E_peripheral_S13_R1_001",4,0.0491061563278519,8
"set1_3_11860_361_NL_E_S49_R1_0014","set1_3_11860_361_NL_E_S49_R1_001",2,0.0444999056030348,8
"set1_3_11862_362_RS1_E_center_S55_R1_0014","set1_3_11862_362_RS1_E_center_S55_R1_001",4,0.0484650220006099,8
"set1_3_11864_362_RS1_E_peripheral_S39_R1_0014","set1_3_11864_362_RS1_E_peripheral_S39_R1_001",7,0.0452791502114919,8
"set1_3_11867_363_RS1_E_center_S15_R1_0014","set1_3_11867_363_RS1_E_center_S15_R1_001",4,0.0474518760564376,8
"set1_3_11869_363_RS1_E_peripheral_S14_R1_0014","set1_3_11869_363_RS1_E_peripheral_S14_R1_001",2,0.0401850463670801,8
"set1_3_11871_363_NL_E_S47_R1_0014","set1_3_11871_363_NL_E_S47_R1_001",2,0.0521117170892303,8
"set1_3_11873_363_IDC_E_S30_R1_0014","set1_3_11873_363_IDC_E_S30_R1_001",2,0.0410666279350712,8
"set1_3_11874_364_RS1_E_center_S38_R1_0014","set1_3_11874_364_RS1_E_center_S38_R1_001",2,0.0411680271325714,8
"set1_3_11876_364_RS1_E_peripheral_S16_R1_0014","set1_3_11876_364_RS1_E_peripheral_S16_R1_001",7,0.0476802294648418,8
"set1_3_11878_364_NL_E_S19_R1_0014","set1_3_11878_364_NL_E_S19_R1_001",2,0.0476747447362798,8
"set1_3_11880_364_RS2_E_center_S12_R1_0014","set1_3_11880_364_RS2_E_center_S12_R1_001",7,0.0448488916372273,8
"set1_3_11882_364_RS2_E_peripheral_S6_R1_0014","set1_3_11882_364_RS2_E_peripheral_S6_R1_001",7,0.0359041219098598,8
"set1_3_11885_364_NL_E_S22_R1_0014","set1_3_11885_364_NL_E_S22_R1_001",2,0.0496968525883224,8
"set1_3_13813_552_IBC_Ep_14","set1_3_13813_552_IBC_Ep_1",1,0.0910392309455582,8
"set1_3_13815_552_EN_Ep_14","set1_3_13815_552_EN_Ep_1",7,0.0694667531949514,8
"set1_3_13819_552_NL_Ep4","set1_3_13819_552_NL_Ep",2,0.0712874312891183,8
"set1_3_13821_551_IBC_Ep_24","set1_3_13821_551_IBC_Ep_2",5,0.109361822481179,8
"set1_3_13823_551_AM_Ep4","set1_3_13823_551_AM_Ep",4,0.0769972313444418,8
"set1_3_13825_551_UDH_Ep4","set1_3_13825_551_UDH_Ep",5,0.0905311160956496,8
"set1_3_13826_551_NL_Ep4","set1_3_13826_551_NL_Ep",2,0.07901956807676,8
"set1_3_13828_551_DCIS_Ep4","set1_3_13828_551_DCIS_Ep",6,0.095870713292886,8
"set1_3_13830_550_ADH_Ep_14","set1_3_13830_550_ADH_Ep_1",2,0.0907420670974583,8
"set1_3_13832_550_IBC_Ep_14","set1_3_13832_550_IBC_Ep_1",2,0.0906515350914487,8
"set1_3_13834_550_AM_Ep_24","set1_3_13834_550_AM_Ep_2",5,0.121726519250959,8
"set1_3_13836_550_DCIS_Ep_14","set1_3_13836_550_DCIS_Ep_1",2,0.0849951277022374,8
"set1_3_13838_550_CCC_Ep4","set1_3_13838_550_CCC_Ep",2,0.069489776885047,8
"set1_3_13840_549_DCIS_Ep4","set1_3_13840_549_DCIS_Ep",1,0.0859615829856121,8
"set1_3_13842_549_IBC_Ep4","set1_3_13842_549_IBC_Ep",1,0.0948899376436041,8
"set1_3_13844_549_IN_Ep4","set1_3_13844_549_IN_Ep",2,0.0610094982163344,8
"set1_3_13846_550_IBC_Ep_24","set1_3_13846_550_IBC_Ep_2",2,0.0893389909340864,8
"set1_3_13848_550_DCIS_Ep_24","set1_3_13848_550_DCIS_Ep_2",2,0.0941827853806727,8
"set1_3_13850_549_IP_Ep4","set1_3_13850_549_IP_Ep",4,0.0672884184670066,8
"set1_3_13852_549_MC_Ep4","set1_3_13852_549_MC_Ep",2,0.0599010000700645,8
"set1_3_13854_549_NL_Ep4","set1_3_13854_549_NL_Ep",2,0.0874417403252992,8
"set1_3_13856_549_AM_Ep4","set1_3_13856_549_AM_Ep",5,0.130809954905828,8
"set1_3_13858_548_DCIS_Ep4","set1_3_13858_548_DCIS_Ep",1,0.0802673717857564,8
"set1_3_13860_548_IBC_Ep4","set1_3_13860_548_IBC_Ep",1,0.0752472197251955,8
"set1_3_13862_547_NL_Ep4","set1_3_13862_547_NL_Ep",2,0.0804353208010452,8
"set1_3_13864_547_CCC_Ep_14","set1_3_13864_547_CCC_Ep_1",2,0.0723157122645767,8
"set1_3_13866_547_CCH_Ep_14","set1_3_13866_547_CCH_Ep_1",2,0.0653192441369396,8
"set1_3_13868_547_IBC_Ep_14","set1_3_13868_547_IBC_Ep_1",1,0.0934303742619726,8
"set1_3_13870_547_DCIS_Ep4","set1_3_13870_547_DCIS_Ep",1,0.105002261784488,8
"set1_3_13872_547_CCC_Ep_24","set1_3_13872_547_CCC_Ep_2",2,0.0634715575336,8
"set1_3_13876_547_CCC_Ep_34","set1_3_13876_547_CCC_Ep_3",2,0.055477490913828,8
"set1_3_13878_547_IBC_Ep_24","set1_3_13878_547_IBC_Ep_2",1,0.0906474461700619,8
"set1_3_13880_547_NL_Ep4","set1_3_13880_547_NL_Ep",2,0.0641516389536294,8
"set1_3_13882_546_NL_Ep4","set1_3_13882_546_NL_Ep",2,0.0749461705407704,8
"set1_3_13884_546_ALH_Ep4","set1_3_13884_546_ALH_Ep",7,0.0894914145669431,8
"set1_3_13886_546_IBC_Ep4","set1_3_13886_546_IBC_Ep",3,0.117187141551393,8
"set1_3_13888_546_LIN_Ep4","set1_3_13888_546_LIN_Ep",2,0.0763692959909675,8
"set1_3_13890_546_CCH_Ep4","set1_3_13890_546_CCH_Ep",7,0.100875641997698,8
"set1_3_13892_546_HIN_Ep4","set1_3_13892_546_HIN_Ep",2,0.0780450985157746,8
"set1_3_13894_546_MIN_Ep4","set1_3_13894_546_MIN_Ep",2,0.0823211985777609,8
"set1_3_13896_545_CCC_Ep_14","set1_3_13896_545_CCC_Ep_1",7,0.0722157280071084,8
"set1_3_13898_545_ADH_Ep4","set1_3_13898_545_ADH_Ep",7,0.0871127984317367,8
"set1_3_13900_545_UDH_Ep_14","set1_3_13900_545_UDH_Ep_1",2,0.0687006278530904,8
"set1_3_13902_545_AM_Ep_14","set1_3_13902_545_AM_Ep_1",5,0.117347800895053,8
"set1_3_13904_545_IBC_Ep4","set1_3_13904_545_IBC_Ep",5,0.0973158227875704,8
"set1_3_13906_545_DCIS_Ep_14","set1_3_13906_545_DCIS_Ep_1",5,0.102900502391936,8
"set1_3_13908_545_CCC_Ep_24","set1_3_13908_545_CCC_Ep_2",7,0.0699566155003203,8
"set1_3_13910_545_AM_Ep_24","set1_3_13910_545_AM_Ep_2",5,0.1545314575285,8
"set1_3_13912_545_UDH_Ep_24","set1_3_13912_545_UDH_Ep_2",2,0.0703266772347291,8
"set1_3_13914_545_NL_Ep4","set1_3_13914_545_NL_Ep",2,0.084248572302291,8
"set1_3_13916_545_DCIS_Ep_24","set1_3_13916_545_DCIS_Ep_2",5,0.129238656080257,8
"set1_3_13918_545_LVI_Ep4","set1_3_13918_545_LVI_Ep",5,0.117971373333951,8
"set1_3_13920_544_MC_Ep4","set1_3_13920_544_MC_Ep",2,0.0739116858584413,8
"set1_3_13922_544_NL_Ep4","set1_3_13922_544_NL_Ep",2,0.0763237201333347,8
"set1_3_13924_544_DCIS_Ep_14","set1_3_13924_544_DCIS_Ep_1",6,0.0905029074516726,8
"set1_3_13926_544_DCIS_Ep_24","set1_3_13926_544_DCIS_Ep_2",6,0.0798085304824857,8
"set1_3_13928_544_IBC_Ep4","set1_3_13928_544_IBC_Ep",6,0.115440414772452,8
"set1_3_13930_544_DCIS_Ep_34","set1_3_13930_544_DCIS_Ep_3",6,0.0852780030646526,8
"set1_3_13932_543_CCH_Ep_14","set1_3_13932_543_CCH_Ep_1",7,0.0785084487202425,8
"set1_3_13934_543_CCH_Ep_24","set1_3_13934_543_CCH_Ep_2",7,0.0709584338619081,8
"set1_3_13936_568_AM_Ep4","set1_3_13936_568_AM_Ep",5,0.149724013848811,8
"set1_3_13938_568_NL_Ep4","set1_3_13938_568_NL_Ep",2,0.0567494226235859,8
"set1_3_13940_568_IBC_Ep4","set1_3_13940_568_IBC_Ep",6,0.107116717052477,8
"set1_3_13942_568_DCIS_Ep4","set1_3_13942_568_DCIS_Ep",6,0.107665242530933,8
"set1_3_13944_569_CCC_Ep4","set1_3_13944_569_CCC_Ep",7,0.0599443102411612,8
"set1_3_13946_570_CCC_Ep_14","set1_3_13946_570_CCC_Ep_1",7,0.0908796343052047,8
"set1_3_13948_570_IBC_Ep4","set1_3_13948_570_IBC_Ep",7,0.0802833881306371,8
"set1_3_13950_570_DCIS_Ep4","set1_3_13950_570_DCIS_Ep",7,0.0905333535249132,8
"set1_3_13952_570_ADH_Ep_14","set1_3_13952_570_ADH_Ep_1",7,0.086047487313466,8
"set1_3_13954_570_NL_Ep4","set1_3_13954_570_NL_Ep",2,0.0760023986357756,8
"set1_3_13956_570_CCC_Ep_24","set1_3_13956_570_CCC_Ep_2",7,0.0919486359715782,8
"set1_3_13958_570_CCH_Ep4","set1_3_13958_570_CCH_Ep",7,0.0856549763490338,8
"set1_3_13960_570_ADH_Ep_24","set1_3_13960_570_ADH_Ep_2",7,0.0882469843193391,8
"set1_3_13962_569_IBC_Ep4","set1_3_13962_569_IBC_Ep",1,0.10671499262397,8
"set1_3_13966_567_ADH_Ep4","set1_3_13966_567_ADH_Ep",2,0.0663900382148779,8
"set1_3_13968_567_DCIS_Ep4","set1_3_13968_567_DCIS_Ep",1,0.0752980609813376,8
"set1_3_13970_567_IBC_Ep4","set1_3_13970_567_IBC_Ep",1,0.10314274191274,8
"set1_3_13972_567_NL_Ep4","set1_3_13972_567_NL_Ep",2,0.0891046494455967,8
"set1_3_13974_569_NL_Ep4","set1_3_13974_569_NL_Ep",7,0.0717630384053256,8
"set1_3_13976_565_EN_Ep4","set1_3_13976_565_EN_Ep",7,0.079740216652745,8
"set1_3_13978_565_DCIS_Ep4","set1_3_13978_565_DCIS_Ep",3,0.0902476994281517,8
"set1_3_13980_565_NL_Ep4","set1_3_13980_565_NL_Ep",2,0.0704759452164817,8
"set1_3_13982_561_DCIS_Ep4","set1_3_13982_561_DCIS_Ep",1,0.103355802423394,8
"set1_3_13984_561_IBC_Ep4","set1_3_13984_561_IBC_Ep",1,0.113621131264584,8
"set1_3_13986_561_NL_Ep4","set1_3_13986_561_NL_Ep",7,0.0767178792286422,8
"set1_3_13987_562_DCIS_Ep_14","set1_3_13987_562_DCIS_Ep_1",1,0.0712078638799347,8
"set1_3_13989_562_NL_Ep_14","set1_3_13989_562_NL_Ep_1",2,0.0771647472304149,8
"set1_3_13991_562_DCIS_Ep_24","set1_3_13991_562_DCIS_Ep_2",1,0.101183579598426,8
"set1_3_13993_562_NL_Ep_24","set1_3_13993_562_NL_Ep_2",2,0.0633983438295443,8
"set1_3_13995_563_NL_Ep4","set1_3_13995_563_NL_Ep",2,0.0730605891573188,8
"set1_3_13999_563_EN_Ep4","set1_3_13999_563_EN_Ep",2,0.07180002071228,8
"set1_3_14001_553_DCIS_Ep4","set1_3_14001_553_DCIS_Ep",6,0.0796768856712742,8
"set1_3_14003_553_IBC_Ep4","set1_3_14003_553_IBC_Ep",6,0.0771123439930706,8
"set1_3_14005_553_NL_Ep_14","set1_3_14005_553_NL_Ep_1",2,0.0635760003748378,8
"set1_3_14007_553_EN_Ep4","set1_3_14007_553_EN_Ep",2,0.0634673399289685,8
"set1_3_14009_553_AM_Ep4","set1_3_14009_553_AM_Ep",2,0.0605483591301248,8
"set1_3_14011_553_NL_Ep_24","set1_3_14011_553_NL_Ep_2",2,0.0624134031563036,8
"set1_3_14012_560_CCC_Ep4","set1_3_14012_560_CCC_Ep",7,0.0746865057140279,8
"set1_3_14014_560_AM_Ep4","set1_3_14014_560_AM_Ep",5,0.14015674235017,8
"set1_3_14016_560_NL_Ep_14","set1_3_14016_560_NL_Ep_1",7,0.0662417828706265,8
"set1_3_14018_560_NL_Ep_24","set1_3_14018_560_NL_Ep_2",7,0.0771695027795969,8
"set1_3_14020_560_IBC_Ep_14","set1_3_14020_560_IBC_Ep_1",1,0.0859160283787847,8
"set1_3_14022_560_SA_Ep4","set1_3_14022_560_SA_Ep",2,0.0628018189276356,8
"set1_3_14024_560_NL_Ep4","set1_3_14024_560_NL_Ep",2,0.0706965872265906,8
"set1_3_14025_560_IBC_Ep_24","set1_3_14025_560_IBC_Ep_2",1,0.0926819721891831,8
"set1_3_14027_572_IP_Ep4","set1_3_14027_572_IP_Ep",7,0.0648080892447075,8
"set1_3_14028_572_UDH_Ep4","set1_3_14028_572_UDH_Ep",5,0.0703578713909002,8
"set1_3_14034_572_IBC_Ep4","set1_3_14034_572_IBC_Ep",1,0.0883072729712138,8
"set1_3_14036_571_NL_Ep4","set1_3_14036_571_NL_Ep",2,0.057409229671078,8
"set1_3_14038_571_EN_Ep4","set1_3_14038_571_EN_Ep",3,0.136270177898343,8
"set1_3_14040_571_DCISw_Ep4","set1_3_14040_571_DCISw_Ep",3,0.0895839615807572,8
"set1_3_14042_571_DCIS_Ep4","set1_3_14042_571_DCIS_Ep",3,0.100806661332769,8
"set1_3_14044_571_IBC_Ep_14","set1_3_14044_571_IBC_Ep_1",3,0.0956081975181836,8
"set1_3_14046_571_IBC_Ep_24","set1_3_14046_571_IBC_Ep_2",1,0.0879082940830845,8
"set1_3_14048_566_IBC_Ep4","set1_3_14048_566_IBC_Ep",3,0.0825873663461232,8
"set1_3_14050_566_DCIS_Ep4","set1_3_14050_566_DCIS_Ep",3,0.0677457267866328,8
"set1_3_14052_566_UDH_Ep4","set1_3_14052_566_UDH_Ep",7,0.0735241203776483,8
"set1_3_14054_566_CCC_Ep_14","set1_3_14054_566_CCC_Ep_1",7,0.0699921998892691,8
"set1_3_14056_566_CCC_Ep_24","set1_3_14056_566_CCC_Ep_2",7,0.0748461366622262,8
"set1_3_14058_566_AM_Ep4","set1_3_14058_566_AM_Ep",5,0.149068564519133,8
"set1_3_14060_566_NL_Ep4","set1_3_14060_566_NL_Ep",7,0.0593294874536042,8
"set1_3_14062_564_DCIS_Ep4","set1_3_14062_564_DCIS_Ep",1,0.0775721944759184,8
"set1_3_14064_564_HP_Ep4","set1_3_14064_564_HP_Ep",2,0.0780337209999654,8
"set1_3_14066_564_NL_Ep4","set1_3_14066_564_NL_Ep",2,0.0682314559025519,8
"set1_3_14068_564_IBC_Ep4","set1_3_14068_564_IBC_Ep",1,0.0721495052296955,8
"set1_3_14070_559_DCIS_Ep4","set1_3_14070_559_DCIS_Ep",1,0.0956121457821301,8
"set1_3_14072_559_IBC_Ep4","set1_3_14072_559_IBC_Ep",1,0.121571449744575,8
"set1_3_14074_559_CCH_Ep4","set1_3_14074_559_CCH_Ep",7,0.0738612202290724,8
"set1_3_14076_559_AM_Ep4","set1_3_14076_559_AM_Ep",5,0.148747965140895,8
"set1_3_14080_558_IBC_Ep4","set1_3_14080_558_IBC_Ep",1,0.0753001695106091,8
"set1_3_14082_558_NL_Ep_14","set1_3_14082_558_NL_Ep_1",2,0.0660698995806139,8
"set1_3_14084_558_DCIS_Ep_14","set1_3_14084_558_DCIS_Ep_1",1,0.0842026116310666,8
"set1_3_14086_558_DCIS_Ep_24","set1_3_14086_558_DCIS_Ep_2",1,0.0637243145075048,8
"set1_3_14088_558_IN_Ep4","set1_3_14088_558_IN_Ep",2,0.0705616673842006,8
"set1_3_14092_557_IBC_Ep4","set1_3_14092_557_IBC_Ep",1,0.0884256360955436,8
"set1_3_14094_557_DCIS_Ep4","set1_3_14094_557_DCIS_Ep",1,0.0891184635255401,8
"set1_3_14096_556_IBC_Ep_14","set1_3_14096_556_IBC_Ep_1",6,0.0873591557384042,8
"set1_3_14098_556_ADH_Ep_14","set1_3_14098_556_ADH_Ep_1",7,0.0923064063955507,8
"set1_3_14100_556_ADH_Ep_24","set1_3_14100_556_ADH_Ep_2",7,0.102222012011196,8
"set1_3_14102_556_AM_Ep4","set1_3_14102_556_AM_Ep",5,0.133674904586616,8
"set1_3_14104_556_IBC_Ep_24","set1_3_14104_556_IBC_Ep_2",6,0.0878185823076369,8
"set1_3_14108_556_NL_Ep4","set1_3_14108_556_NL_Ep",2,0.0717572636928174,8
"set1_3_14110_555_IN_Ep4","set1_3_14110_555_IN_Ep",2,0.085712855458738,8
"set1_3_14112_555_iIBC_Ep4","set1_3_14112_555_iIBC_Ep",3,0.0667712827388162,8
"set1_3_14114_555_IBC_Ep4","set1_3_14114_555_IBC_Ep",1,0.0978876078309383,8
"set1_3_14116_555_CCC_Ep4","set1_3_14116_555_CCC_Ep",2,0.0704990281651864,8
"set1_3_14118_555_NL_Ep4","set1_3_14118_555_NL_Ep",2,0.0743649007652757,8
"set1_3_14120_554_RS_Ep_14","set1_3_14120_554_RS_Ep_1",7,0.0666574248833944,8
"set1_3_14124_554_EN_Ep4","set1_3_14124_554_EN_Ep",2,0.0592497027064642,8
"set1_3_14126_554_IBC_Ep4","set1_3_14126_554_IBC_Ep",3,0.107819262388876,8
"set1_3_14128_554_UDH_Ep4","set1_3_14128_554_UDH_Ep",2,0.0568900396757288,8
"set1_3_14130_554_DCIS_Ep4","set1_3_14130_554_DCIS_Ep",3,0.083962565079475,8
"set1_3_14134_554_NL_Ep4","set1_3_14134_554_NL_Ep",2,0.075172750161047,8
"set4_10_14731_656_IBC_Ep4","set4_10_14731_656_IBC_Ep",1,0.0908082598442806,8
"set4_10_14733_656_BBD_Ep4","set4_10_14733_656_BBD_Ep",7,0.0765667393814758,8
"set4_10_14735_656_NL_Ep4","set4_10_14735_656_NL_Ep",4,0.0667622090316984,8
"set4_10_14737_657_CCC_Ep4","set4_10_14737_657_CCC_Ep",5,0.0881582718049112,8
"set4_10_14739_657_NL_Ep4","set4_10_14739_657_NL_Ep",7,0.0833471190903871,8
"set4_10_14741_657_DCIS_Ep4","set4_10_14741_657_DCIS_Ep",6,0.10934011756484,8
"set4_10_14744_657_IBC_Ep4","set4_10_14744_657_IBC_Ep",6,0.109610237788847,8
"set4_10_14745_658_DCIS_Ep4","set4_10_14745_658_DCIS_Ep",3,0.072059735491382,8
"set4_10_14746_658_IBC_Ep4","set4_10_14746_658_IBC_Ep",1,0.0889973152180085,8
"set4_10_14747_658_NL_Ep4","set4_10_14747_658_NL_Ep",8,0.0957293134146874,8
"set4_10_14751_659_DCIS_Ep4","set4_10_14751_659_DCIS_Ep",6,0.0791702397314698,8
"set4_10_14752_659_IBC_Ep4","set4_10_14752_659_IBC_Ep",6,0.0792547052680624,8
"set4_10_14755_659_DCIS_Ep4","set4_10_14755_659_DCIS_Ep",6,0.0787148083224139,8
"set4_10_14757_659_NL_Ep4","set4_10_14757_659_NL_Ep",8,0.073730673533305,8
"set4_10_14791_663_DCIS_Ep4","set4_10_14791_663_DCIS_Ep",6,0.0743600862412501,8
"set4_10_14793_663_IBC_Ep4","set4_10_14793_663_IBC_Ep",8,0.0715824179723385,8
"set4_10_14795_663_NL_Ep4","set4_10_14795_663_NL_Ep",8,0.0742106183949985,8
"set4_10_14759_660_IBC_Ep4","set4_10_14759_660_IBC_Ep",6,0.0938905404741277,8
"set4_10_14761_660_DCIS_Ep4","set4_10_14761_660_DCIS_Ep",6,0.0751322509399799,8
"set4_10_14763_660_NL_Ep4","set4_10_14763_660_NL_Ep",4,0.0677455185611037,8
"set4_10_14765_660_LVI_Ep4","set4_10_14765_660_LVI_Ep",6,0.0950074537624001,8
"set4_10_14767_661_IBC_Ep4","set4_10_14767_661_IBC_Ep",3,0.0902786835556331,8
"set4_10_14769_661_AM_Ep4","set4_10_14769_661_AM_Ep",5,0.159882274283882,8
"set4_10_14771_661_ADH_Ep4","set4_10_14771_661_ADH_Ep",7,0.0940994944828744,8
"set4_10_14773_661_DCIS_Ep4","set4_10_14773_661_DCIS_Ep",7,0.119813131857783,8
"set4_10_14775_661_ADH_Ep4","set4_10_14775_661_ADH_Ep",7,0.0928563225420342,8
"set4_10_14777_661_NL_Ep4","set4_10_14777_661_NL_Ep",7,0.0926015240127875,8
"set4_10_14779_662_DCIS.1_Ep4","set4_10_14779_662_DCIS.1_Ep",1,0.12551920257963,8
"set4_10_14781_662_MIV.1_Ep4","set4_10_14781_662_MIV.1_Ep",1,0.115091995718221,8
"set4_10_14783_662_DCIS.2_Ep4","set4_10_14783_662_DCIS.2_Ep",1,0.118328865891531,8
"set4_10_14785_662_MIV.2_Ep4","set4_10_14785_662_MIV.2_Ep",1,0.103496524150937,8
"set4_10_14787_662_DCIS.3_Ep4","set4_10_14787_662_DCIS.3_Ep",1,0.124939233823048,8
"set4_10_14789_662_IBC_Ep4","set4_10_14789_662_IBC_Ep",1,0.121289449249666,8
"set4_10_14909_676_DCIS.2_Ep4","set4_10_14909_676_DCIS.2_Ep",5,0.111772530224074,8
"set4_10_14797_664_AM_Ep4","set4_10_14797_664_AM_Ep",5,0.177439191507651,8
"set4_10_14798_664_BBD_Ep4","set4_10_14798_664_BBD_Ep",7,0.0721209399702723,8
"set4_10_14800_664_IBC_Ep4","set4_10_14800_664_IBC_Ep",3,0.0776653451787965,8
"set4_10_14802_664_ADH_Ep4","set4_10_14802_664_ADH_Ep",8,0.0565269329447561,8
"set4_10_14804_664_NL_Ep4","set4_10_14804_664_NL_Ep",8,0.096927898071616,8
"set4_10_14805_665_IBC_Ep4","set4_10_14805_665_IBC_Ep",1,0.0658382762917618,8
"set4_10_14807_665_inf_NL_Ep4","set4_10_14807_665_inf_NL_Ep",3,0.0656430856358785,8
"set4_10_14809_665_DCIS_Ep4","set4_10_14809_665_DCIS_Ep",3,0.0747000380866298,8
"set4_10_14810_665_NL_Ep4","set4_10_14810_665_NL_Ep",8,0.0699737792161404,8
"set4_10_14812_666_IBC_Ep4","set4_10_14812_666_IBC_Ep",3,0.0722285810604533,8
"set4_10_14813_666_DCIS_Ep4","set4_10_14813_666_DCIS_Ep",3,0.0485148484688716,8
"set4_10_14816_666_NL_Ep4","set4_10_14816_666_NL_Ep",8,0.0761708191646935,8
"set4_10_14818_666_BBD_Ep4","set4_10_14818_666_BBD_Ep",7,0.0741034219215767,8
"set4_10_14853_671_UDH_Ep4","set4_10_14853_671_UDH_Ep",4,0.0669169826089298,8
"set4_10_14855_671_AM_Ep4","set4_10_14855_671_AM_Ep",5,0.159410461127347,8
"set4_10_14856_671_DCIS_Ep4","set4_10_14856_671_DCIS_Ep",1,0.0765119679382455,8
"set4_10_14857_671_IBC_Ep4","set4_10_14857_671_IBC_Ep",1,0.0711969117689114,8
"set4_10_14862_671_CCC_Ep4","set4_10_14862_671_CCC_Ep",7,0.0820777293016597,8
"set4_10_14820_667_IBC_Ep4","set4_10_14820_667_IBC_Ep",1,0.0786734573492418,8
"set4_10_14821_667_DCIS_Ep4","set4_10_14821_667_DCIS_Ep",3,0.0541285447561324,8
"set4_10_14822_667_NL_Ep4","set4_10_14822_667_NL_Ep",4,0.059928284274275,8
"set4_10_14826_668_IBC_Ep4","set4_10_14826_668_IBC_Ep",1,0.0993362866752258,8
"set4_10_14828_668_DCIS_Ep4","set4_10_14828_668_DCIS_Ep",7,0.0787893316793627,8
"set4_10_14829_668_NL_Ep4","set4_10_14829_668_NL_Ep",8,0.0842398012889191,8
"set4_10_14830_668_EN_Ep4","set4_10_14830_668_EN_Ep",5,0.0802382688411282,8
"set4_10_14833_669_IBC_Ep4","set4_10_14833_669_IBC_Ep",1,0.102737534013186,8
"set4_10_14834_669_NL_Ep4","set4_10_14834_669_NL_Ep",8,0.0651080828430135,8
"set4_10_14837_669_DCIS_Ep4","set4_10_14837_669_DCIS_Ep",1,0.0701030011080323,8
"set4_10_14839_670_EN_Ep4","set4_10_14839_670_EN_Ep",7,0.0773523494884612,8
"set4_10_14840_670_DCIS_Ep4","set4_10_14840_670_DCIS_Ep",5,0.12376769781001,8
"set4_10_14843_670_DCIS_Ep4","set4_10_14843_670_DCIS_Ep",5,0.135711331333571,8
"set4_10_14844_670_IBC_Ep4","set4_10_14844_670_IBC_Ep",5,0.1284436780264,8
"set4_10_14847_670_BBD_Ep4","set4_10_14847_670_BBD_Ep",7,0.0615492404124834,8
"set4_10_14848_670_CCC_Ep4","set4_10_14848_670_CCC_Ep",7,0.0638912882194354,8
"set4_10_14849_670_AM_Ep4","set4_10_14849_670_AM_Ep",5,0.0964014696225985,8
"set4_10_14864_672_inf_NL_Ep_S1_R1_0014","set4_10_14864_672_inf_NL_Ep_S1_R1_001",8,0.0771527577664146,8
"set4_10_14866_672_IBC_Ep_2_S3_R1_0014","set4_10_14866_672_IBC_Ep_2_S3_R1_001",1,0.0743884185352919,8
"set4_10_14868_672_IBC_Ep_1_S5_R1_0014","set4_10_14868_672_IBC_Ep_1_S5_R1_001",1,0.08127892293393,8
"set4_10_14869_672_DCIS_Ep_S6_R1_0014","set4_10_14869_672_DCIS_Ep_S6_R1_001",1,0.0748779184773456,8
"set4_10_14870_672_CaLob_Ep_S7_R1_0014","set4_10_14870_672_CaLob_Ep_S7_R1_001",1,0.0678748325407975,8
"set4_10_14873_672_NL_Ep_S10_R1_0014","set4_10_14873_672_NL_Ep_S10_R1_001",8,0.0852757291994961,8
"set4_10_14875_672_ADH_Ep_S12_R1_0014","set4_10_14875_672_ADH_Ep_S12_R1_001",4,0.0735638932798736,8
"set4_10_14876_672_CCC_Ep_S13_R1_0014","set4_10_14876_672_CCC_Ep_S13_R1_001",4,0.061264975303995,8
"set4_10_14878_673_IBC_Ep_S15_R1_0014","set4_10_14878_673_IBC_Ep_S15_R1_001",3,0.0726826496162654,8
"set4_10_14880_673_DCIS_Ep_S17_R1_0014","set4_10_14880_673_DCIS_Ep_S17_R1_001",1,0.0687659322111903,8
"set4_10_14882_673_NL_Ep_S19_R1_0014","set4_10_14882_673_NL_Ep_S19_R1_001",8,0.0841413275580282,8
"set4_10_14884_673_AM_Ep_S21_R1_0014","set4_10_14884_673_AM_Ep_S21_R1_001",5,0.159695746723114,8
"set4_10_14886_673_CCC_Ep_S23_R1_0014","set4_10_14886_673_CCC_Ep_S23_R1_001",7,0.0941804117535044,8
"set4_10_14888_673_EN_Ep_S25_R1_0014","set4_10_14888_673_EN_Ep_S25_R1_001",4,0.0700680130204362,8
"set4_10_14890_674_DCIS_Ep_S27_R1_0014","set4_10_14890_674_DCIS_Ep_S27_R1_001",5,0.130477834590095,8
"set4_10_14892_674_IBC_Ep_S29_R1_0014","set4_10_14892_674_IBC_Ep_S29_R1_001",5,0.0955516395534198,8
"set4_10_14894_674_BBD_Ep_S31_R1_0014","set4_10_14894_674_BBD_Ep_S31_R1_001",4,0.0733579599572032,8
"set4_10_14899_675_EN1_Ep_S33_R1_0014","set4_10_14899_675_EN1_Ep_S33_R1_001",8,0.0652746543194448,8
"set4_10_14901_675_EN2_Ep4","set4_10_14901_675_EN2_Ep",8,0.0677093544965576,8
"set4_10_14904_675_EN3_Ep4","set4_10_14904_675_EN3_Ep",8,0.0731997516037941,8
"set4_10_14905_675_NL_Ep4","set4_10_14905_675_NL_Ep",8,0.0857419938667629,8
"set4_10_14907_675_IBC_Ep4","set4_10_14907_675_IBC_Ep",1,0.106819679409023,8
"set4_10_14908_675_CCC_Ep4","set4_10_14908_675_CCC_Ep",5,0.0984633895266644,8
"set4_10_14922_677_IBC_Ep4","set4_10_14922_677_IBC_Ep",6,0.123486014026666,8
"set4_10_14924_677_DCIS_Ep4","set4_10_14924_677_DCIS_Ep",6,0.127374141167092,8
"set4_10_14926_677_NL_Ep4","set4_10_14926_677_NL_Ep",8,0.098520931163735,8
"set4_10_14928_677_LVI_Ep4","set4_10_14928_677_LVI_Ep",6,0.114335756353281,8
"set4_10_14930_678_IBC_Ep4","set4_10_14930_678_IBC_Ep",1,0.0798065260122797,8
"set4_10_14932_678_PLC_Ep4","set4_10_14932_678_PLC_Ep",8,0.0823690331647715,8
"set4_10_14934_678_EN_Ep4","set4_10_14934_678_EN_Ep",8,0.0760555079343275,8
"set4_10_14936_678_NL_Ep4","set4_10_14936_678_NL_Ep",8,0.0800304776028432,8
"set4_10_14938_679_IBC_Ep4","set4_10_14938_679_IBC_Ep",1,0.122050269953803,8
"set4_10_14940_679_DCIS_Ep4","set4_10_14940_679_DCIS_Ep",1,0.108745881585495,8
"set4_10_14942_679_NL_Ep4","set4_10_14942_679_NL_Ep",8,0.0834859207580134,8
"set4_10_14954_680_DCIS_2_Ep4","set4_10_14954_680_DCIS_2_Ep",7,0.0943430902521673,8
"set4_10_14956_680_ADH_2_Ep4","set4_10_14956_680_ADH_2_Ep",7,0.104496487876786,8
"set4_10_14944_680_ADH_1_Ep4","set4_10_14944_680_ADH_1_Ep",7,0.0940173741916294,8
"set4_10_14946_680_UDH_Ep4","set4_10_14946_680_UDH_Ep",7,0.0687147056523997,8
"set4_10_14948_680_NL_Ep4","set4_10_14948_680_NL_Ep",4,0.0675003153771055,8
"set4_10_14950_680_DCIS_1_Ep4","set4_10_14950_680_DCIS_1_Ep",7,0.086959146247075,8
"set4_10_14952_680_IBC_Ep4","set4_10_14952_680_IBC_Ep",6,0.102692637528338,8
"set4_10_14958_680_LG_DCIS_Ep4","set4_10_14958_680_LG_DCIS_Ep",6,0.0881599142885247,8
"set4_10_14960_680_AM_Ep4","set4_10_14960_680_AM_Ep",5,0.156445595157677,8
"set4_10_14962_680_atip_AM_Ep4","set4_10_14962_680_atip_AM_Ep",7,0.10270670247975,8
"set4_10_14963_680_ADH_AM_Ep4","set4_10_14963_680_ADH_AM_Ep",7,0.105367319323868,8
"set4_10_14966_681_DCIS_Ep4","set4_10_14966_681_DCIS_Ep",3,0.0608812986320671,8
"set4_10_14968_681_AM_Ep4","set4_10_14968_681_AM_Ep",5,0.166148494370192,8
"set4_10_14970_681_EN_Ep4","set4_10_14970_681_EN_Ep",4,0.0772833330463214,8
"set4_10_14972_681_ADH_1_Ep4","set4_10_14972_681_ADH_1_Ep",4,0.069899548827725,8
"set4_10_14974_681_IBC_Ep4","set4_10_14974_681_IBC_Ep",1,0.0823316040106206,8
"set4_10_14976_681_NL_Ep4","set4_10_14976_681_NL_Ep",8,0.090804796617252,8
"set4_10_14978_682_NL_Ep4","set4_10_14978_682_NL_Ep",8,0.0875991153466646,8
"set4_10_14980_682_EN_Ep4","set4_10_14980_682_EN_Ep",8,0.0931750276927057,8
"set4_10_14982_682_IBC_Ep4","set4_10_14982_682_IBC_Ep",1,0.107363830368216,8
"set4_10_14984_682_Inf_NL_Ep4","set4_10_14984_682_Inf_NL_Ep",8,0.100129703992108,8
"set4_10_14987_683_DCIS_Ep4","set4_10_14987_683_DCIS_Ep",7,0.0753983153160526,8
"set4_10_14990_684_ADH_DCIS_Ep4","set4_10_14990_684_ADH_DCIS_Ep",1,0.0653717841226305,8
"set4_10_14992_684_DCIS_Ep4","set4_10_14992_684_DCIS_Ep",3,0.0790754698913985,8
"set4_10_14994_684_NL_Ep4","set4_10_14994_684_NL_Ep",8,0.0871075875279254,8
"set4_10_14996_684_IBC_Ep4","set4_10_14996_684_IBC_Ep",3,0.0737550580883041,8
"set4_10_14998_685_DCIS_Ep4","set4_10_14998_685_DCIS_Ep",3,0.0604958153024998,8
"set4_10_15000_685_IBC_Ep4","set4_10_15000_685_IBC_Ep",1,0.0923145655497431,8
"set4_10_15002_685_NL_Ep4","set4_10_15002_685_NL_Ep",8,0.0803225728566142,8
"set4_10_15004_685_EN_Ep4","set4_10_15004_685_EN_Ep",8,0.0801816795631657,8
"set4_10_15013_687_DCIS_1_Ep4","set4_10_15013_687_DCIS_1_Ep",6,0.113367695369921,8
"set4_10_15015_687_DCIS_2_Ep4","set4_10_15015_687_DCIS_2_Ep",6,0.116820563135165,8
"set4_10_15017_687_UDH_Ep4","set4_10_15017_687_UDH_Ep",4,0.065537915790442,8
"set4_10_15019_687_EN_Ep4","set4_10_15019_687_EN_Ep",8,0.0747321146168316,8
"set4_10_15021_687_NL_Ep4","set4_10_15021_687_NL_Ep",8,0.0847727805809885,8
"set4_10_15025_688_EN_1_Ep4","set4_10_15025_688_EN_1_Ep",8,0.0741952551893947,8
"set4_10_14911_676_EN_Ep4","set4_10_14911_676_EN_Ep",6,0.0594959064539786,8
"set4_10_14913_676_BBD_2_Ep4","set4_10_14913_676_BBD_2_Ep",8,0.0710886855359858,8
"set4_10_14915_676_IBC_Ep4","set4_10_14915_676_IBC_Ep",5,0.108332587523768,8
"set4_10_14916_676_DCIS_1_Ep4","set4_10_14916_676_DCIS_1_Ep",5,0.107595474819038,8
"set4_10_14918_676_BBD_1_Ep4","set4_10_14918_676_BBD_1_Ep",4,0.0629964979559685,8
"set4_10_14920_676_NL_Ep4","set4_10_14920_676_NL_Ep",8,0.0837235456238248,8
"set4_10_15006_686_IBC_Ep4","set4_10_15006_686_IBC_Ep",6,0.112866971658594,8
"set4_10_15007_686_DCIS_Ep4","set4_10_15007_686_DCIS_Ep",6,0.0809302035593937,8
"set4_10_15009_686_EN_Ep4","set4_10_15009_686_EN_Ep",4,0.0718039467420027,8
"set4_10_15011_686_NL_Ep4","set4_10_15011_686_NL_Ep",8,0.0781219855878958,8
"set4_10_15032_689_IBC_Ep4","set4_10_15032_689_IBC_Ep",1,0.0791950102001832,8
"set4_10_15034_689_DCIS_1_Ep4","set4_10_15034_689_DCIS_1_Ep",3,0.103801381815652,8
"set4_10_15036_689_NL_Ep4","set4_10_15036_689_NL_Ep",8,0.0824748520789142,8
"set4_10_15038_689_DCIS_2_Ep4","set4_10_15038_689_DCIS_2_Ep",3,0.080658358247112,8
"set4_10_15040_689_EN_1_Ep4","set4_10_15040_689_EN_1_Ep",7,0.0684303044172564,8
"set4_10_15042_689_EN_2_Ep4","set4_10_15042_689_EN_2_Ep",7,0.0702015634918554,8
"set4_10_15052_690_EN_2_Ep4","set4_10_15052_690_EN_2_Ep",7,0.0957607689649503,8
"set4_10_15062_691_EN_2_Ep4","set4_10_15062_691_EN_2_Ep",5,0.0888880692039409,8
"set4_10_14964_681_ADH_2_Ep4","set4_10_14964_681_ADH_2_Ep",4,0.0621771431505527,8
"set4_10_15023_688_IBC_Ep4","set4_10_15023_688_IBC_Ep",3,0.11656626385145,8
"set4_10_15027_688_NL_Ep4","set4_10_15027_688_NL_Ep",8,0.0863960527904,8
"set4_10_15029_688_EN_4_Ep4","set4_10_15029_688_EN_4_Ep",7,0.072944002969492,8
"set4_10_15031_688_EN_5_Ep4","set4_10_15031_688_EN_5_Ep",5,0.126965005064228,8
"set4_10_15044_690_NL_Ep4","set4_10_15044_690_NL_Ep",8,0.0728178751761116,8
"set4_10_15046_690_EN_1_Ep4","set4_10_15046_690_EN_1_Ep",7,0.0672941786138022,8
"set4_10_15048_690_IBC_Ep4","set4_10_15048_690_IBC_Ep",1,0.116138736975912,8
"set4_10_15050_690_DCIS_Ep4","set4_10_15050_690_DCIS_Ep",1,0.0599383162041584,8
"set4_10_15054_690_i_DCIS_Ep4","set4_10_15054_690_i_DCIS_Ep",3,0.0844370936551922,8
"set4_10_15056_691_IBC_Ep4","set4_10_15056_691_IBC_Ep",1,0.108278661751796,8
"set4_10_15058_691_EN_1_Ep4","set4_10_15058_691_EN_1_Ep",7,0.0687107898713494,8
"set4_10_15060_691_DCIS_Ep4","set4_10_15060_691_DCIS_Ep",7,0.0811577804793211,8
"set4_10_15064_692_IBC_Ep4","set4_10_15064_692_IBC_Ep",1,0.0769817861565797,8
"set4_10_15066_692_DCIS_Ep4","set4_10_15066_692_DCIS_Ep",3,0.065651224935062,8
"set4_10_15068_692_NL_Ep4","set4_10_15068_692_NL_Ep",8,0.0842528333345789,8
"set4_10_15585_744_IBC_Ep4","set4_10_15585_744_IBC_Ep",1,0.0894495832876585,8
"set4_10_15587_744_inF.NL_Ep4","set4_10_15587_744_inF.NL_Ep",8,0.0762172684256167,8
"set4_10_15589_744_DCIS_Ep4","set4_10_15589_744_DCIS_Ep",3,0.0798597960593315,8
"set4_10_15591_745_CCC_Ep4","set4_10_15591_745_CCC_Ep",7,0.0684455506335893,8
"set4_10_15593_745_BBD_Ep4","set4_10_15593_745_BBD_Ep",7,0.0653379450464402,8
"set4_10_15595_745_IP_Ep4","set4_10_15595_745_IP_Ep",7,0.0838120098672138,8
"set4_10_15597_746_IBC_Ep4","set4_10_15597_746_IBC_Ep",1,0.0993202710695549,8
"set4_10_15598_746_DCIS_Ep4","set4_10_15598_746_DCIS_Ep",1,0.0911686891330339,8
"set4_10_15600_746_NL_Ep4","set4_10_15600_746_NL_Ep",7,0.083837909587422,8
"set4_10_15602_747_IBC_Ep4","set4_10_15602_747_IBC_Ep",1,0.0833331049760042,8
"set4_10_15604_747_NL_Ep4","set4_10_15604_747_NL_Ep",4,0.0628015053504017,8
"set4_10_15606_747_ADH_Ep4","set4_10_15606_747_ADH_Ep",4,0.0649506553559043,8
"set4_10_15608_747_AM_Ep4","set4_10_15608_747_AM_Ep",5,0.168168133998213,8
"set4_10_15610_748_AM_Ep4","set4_10_15610_748_AM_Ep",5,0.164866107043643,8
"set4_10_15612_748_DCIS_Ep4","set4_10_15612_748_DCIS_Ep",5,0.129369059856779,8
"set4_10_15614_748_IBC_Ep4","set4_10_15614_748_IBC_Ep",5,0.099682105884034,8
"set4_10_15616_749_IBC_Ep4","set4_10_15616_749_IBC_Ep",1,0.102042853853757,8
"set4_10_15617_749_DCIS_Ep4","set4_10_15617_749_DCIS_Ep",1,0.12026122073486,8
"set4_10_15618_749_LVI_Ep4","set4_10_15618_749_LVI_Ep",1,0.119355118085943,8
"set4_10_15622_750_NL_Ep4","set4_10_15622_750_NL_Ep",8,0.0692327642124291,8
"set4_10_15624_750_IBC_Ep4","set4_10_15624_750_IBC_Ep",1,0.113241201550349,8
"set4_10_15626_750_DCIS_Ep4","set4_10_15626_750_DCIS_Ep",1,0.120571576251261,8
"set4_10_15628_751_NL_Ep4","set4_10_15628_751_NL_Ep",7,0.0688909887149029,8
"set4_10_15630_751_IBC_Ep4","set4_10_15630_751_IBC_Ep",1,0.0914939434809928,8
"set4_10_15632_751_ADH_Ep4","set4_10_15632_751_ADH_Ep",7,0.0826296332700219,8
"set4_10_15634_751_CCC_Ep4","set4_10_15634_751_CCC_Ep",7,0.0809923794902709,8
"set4_10_15636_752_IBC_Ep4","set4_10_15636_752_IBC_Ep",1,0.0614826688925972,8
"set4_10_15638_752_DCIS_Ep4","set4_10_15638_752_DCIS_Ep",3,0.0604127840468882,8
"set4_10_15639_752_NL_Ep4","set4_10_15639_752_NL_Ep",8,0.0850744554645093,8
"set4_10_15640_752_BBD_Ep4","set4_10_15640_752_BBD_Ep",4,0.0748573195804744,8
"set4_10_15644_753_DCIS_Ep4","set4_10_15644_753_DCIS_Ep",1,0.10423711978396,8
"set4_10_15646_753_IBC_Ep4","set4_10_15646_753_IBC_Ep",1,0.100049132468496,8
"set4_10_15647_753_NL_Ep4","set4_10_15647_753_NL_Ep",8,0.0702638332292484,8
"set4_10_15649_754_IBC_Ep4","set4_10_15649_754_IBC_Ep",1,0.0961081404515943,8
"set4_10_15651_754_ADH_Ep4","set4_10_15651_754_ADH_Ep",1,0.0881508864747098,8
"set4_10_15653_754_EN_1_Ep4","set4_10_15653_754_EN_1_Ep",1,0.0590126834444824,8
"set4_10_15655_754_DCIS_Ep4","set4_10_15655_754_DCIS_Ep",1,0.0931720101598744,8
"set4_10_15657_754_EN_2_Ep4","set4_10_15657_754_EN_2_Ep",4,0.0712367667597053,8
"set4_10_15659_755_EN_Ep4","set4_10_15659_755_EN_Ep",7,0.0890106589763319,8
"set4_10_15661_755_DCIS_inf_1_Ep4","set4_10_15661_755_DCIS_inf_1_Ep",3,0.119347538670218,8
"set4_10_15663_755_IBC_Ep4","set4_10_15663_755_IBC_Ep",3,0.0859036151925374,8
"set4_10_15665_755_DCIS_inf_2_Ep4","set4_10_15665_755_DCIS_inf_2_Ep",3,0.0759585147797745,8
"set4_10_15667_755_NL_Ep4","set4_10_15667_755_NL_Ep",8,0.0813577797290522,8
"set4_10_15669_756_NL_Ep4","set4_10_15669_756_NL_Ep",8,0.0958944075090379,8
"set4_10_15671_756_EN_1_Ep4","set4_10_15671_756_EN_1_Ep",7,0.0912115921720585,8
"set4_10_15673_756_IBC_Ep4","set4_10_15673_756_IBC_Ep",3,0.0895088185986461,8
"set4_10_15675_756_UDH_1_Ep4","set4_10_15675_756_UDH_1_Ep",4,0.0767848030943055,8
"set4_10_15677_756_EN_2_Ep4","set4_10_15677_756_EN_2_Ep",8,0.0979939619585112,8
"set4_10_15679_756_UDH_2_Ep4","set4_10_15679_756_UDH_2_Ep",8,0.0693289065807464,8
"set4_10_15681_757_DCIS_Ep4","set4_10_15681_757_DCIS_Ep",1,0.0936853566739676,8
"set4_10_15683_757_IBC_Ep4","set4_10_15683_757_IBC_Ep",1,0.092809808830096,8
"set4_10_15685_757_NL_Ep4","set4_10_15685_757_NL_Ep",8,0.077404457851511,8
"set4_10_15687_757_UDH_Ep4","set4_10_15687_757_UDH_Ep",7,0.0692441097092445,8
"set4_10_15689_757_CCC_Ep4","set4_10_15689_757_CCC_Ep",7,0.0943865042794884,8
"set4_10_15691_757_EN_Ep4","set4_10_15691_757_EN_Ep",7,0.0630861232040594,8
"set4_10_15693_758_DCIS_1_Ep4","set4_10_15693_758_DCIS_1_Ep",1,0.106069486641704,8
"set4_10_15695_758_IBC_1_Ep4","set4_10_15695_758_IBC_1_Ep",1,0.106025487588169,8
"set4_10_15697_758_NL_Ep4","set4_10_15697_758_NL_Ep",8,0.0850586353313176,8
"set4_10_15703_758_EN_Ep4","set4_10_15703_758_EN_Ep",8,0.0746670157775211,8
"set4_10_15709_760_UDH_Ep4","set4_10_15709_760_UDH_Ep",4,0.0619518457583269,8
"set4_10_15713_760_IBC_Ep4","set4_10_15713_760_IBC_Ep",6,0.106283963770691,8
"set4_10_15715_760_EN_1_Ep4","set4_10_15715_760_EN_1_Ep",8,0.0709248184527252,8
"set4_10_15717_760_NL_Ep4","set4_10_15717_760_NL_Ep",8,0.0769727608531463,8
"set4_10_15733_762_DCIS_2_Ep4","set4_10_15733_762_DCIS_2_Ep",1,0.105185494557092,8
"set4_10_15699_758_DCIS_2_Ep4","set4_10_15699_758_DCIS_2_Ep",1,0.0936358485352807,8
"set4_10_15701_758_IBC_2_Ep4","set4_10_15701_758_IBC_2_Ep",8,0.0844590872156817,8
"set4_10_15705_759_DCIS_Ep4","set4_10_15705_759_DCIS_Ep",6,0.0960609554268052,8
"set4_10_15707_759_IBC_Ep4","set4_10_15707_759_IBC_Ep",6,0.10841432645206,8
"set4_10_15711_760_EN_2_Ep4","set4_10_15711_760_EN_2_Ep",4,0.0827680737227116,8
"set4_10_15719_761_IBC_Ep4","set4_10_15719_761_IBC_Ep",1,0.0860978561782096,8
"set4_10_15721_761_DCIS_Ep4","set4_10_15721_761_DCIS_Ep",1,0.0860675631346193,8
"set4_10_15723_761_EN_1_Ep4","set4_10_15723_761_EN_1_Ep",4,0.066471556124756,8
"set4_10_15725_761_ADH_Ep4","set4_10_15725_761_ADH_Ep",7,0.0711020099296966,8
"set4_10_15729_762_IBC_Ep4","set4_10_15729_762_IBC_Ep",1,0.0983946608233505,8
"set4_10_15731_762_DCIS_1_Ep4","set4_10_15731_762_DCIS_1_Ep",1,0.0992523086914203,8
"set4_10_15735_763_IBC_Ep4","set4_10_15735_763_IBC_Ep",3,0.0974695671957361,8
"set4_10_15737_763_ADH_Ep4","set4_10_15737_763_ADH_Ep",8,0.0686675881963422,8
"set4_10_15739_763_NL_1_Ep4","set4_10_15739_763_NL_1_Ep",8,0.0832914117504461,8
"set4_10_15741_763_EN_Ep4","set4_10_15741_763_EN_Ep",8,0.0849876466087148,8
"set4_10_15745_764_IBC_Ep4","set4_10_15745_764_IBC_Ep",3,0.0945855116759838,8
"set4_10_15747_764_DCIS_1_Ep4","set4_10_15747_764_DCIS_1_Ep",1,0.0764313415972189,8
"set4_10_15749_764_LVI_Ep4","set4_10_15749_764_LVI_Ep",1,0.0769760646055567,8
"set4_10_15751_764_DCIS_2_Ep4","set4_10_15751_764_DCIS_2_Ep",1,0.0849239179668738,8
"set4_10_15753_764_EN_Ep4","set4_10_15753_764_EN_Ep",8,0.0741328939103355,8
"set4_10_15755_764_NL_Ep4","set4_10_15755_764_NL_Ep",8,0.0848189370357895,8
"set4_10_15757_765_IBC_Ep4","set4_10_15757_765_IBC_Ep",5,0.0989041963984428,8
"set4_10_15759_765_DCIS_Ep4","set4_10_15759_765_DCIS_Ep",5,0.12575967956343,8
"set4_10_15761_765_EN_1_Ep4","set4_10_15761_765_EN_1_Ep",7,0.0685779411971654,8
"set4_10_15765_765_NL_Ep4","set4_10_15765_765_NL_Ep",8,0.0714168200575174,8
"set4_10_15767_766_NL_Ep4","set4_10_15767_766_NL_Ep",8,0.0853619938383141,8
"set4_10_15769_766_inf_NL_Ep4","set4_10_15769_766_inf_NL_Ep",8,0.0804879670915107,8
"set4_10_15771_766_IBC_Ep4","set4_10_15771_766_IBC_Ep",3,0.0938909551517522,8
"set4_10_15773_766_AM_Ep4","set4_10_15773_766_AM_Ep",5,0.15432628703028,8
"set4_10_15775_766_EN_Ep4","set4_10_15775_766_EN_Ep",8,0.0924000670693463,8
"set4_10_15777_767_IBC_Ep4","set4_10_15777_767_IBC_Ep",1,0.104703709672283,8
"set4_10_15779_767_DCIS_Ep4","set4_10_15779_767_DCIS_Ep",1,0.0886296764474063,8
"set4_10_15781_767_AM_2_Ep4","set4_10_15781_767_AM_2_Ep",5,0.152235311436301,8
"set4_10_15783_767_ADH_Ep4","set4_10_15783_767_ADH_Ep",4,0.0732216353966184,8
"set4_10_15787_767_NL_Ep4","set4_10_15787_767_NL_Ep",8,0.0739702198070155,8
"set4_10_15789_768_IBC_Ep4","set4_10_15789_768_IBC_Ep",3,0.102377678197097,8
"set4_10_15791_768_NL_Ep4","set4_10_15791_768_NL_Ep",8,0.0731192149567914,8
"set4_10_15795_768_EN_2_Ep4","set4_10_15795_768_EN_2_Ep",5,0.0823455048020277,8
"set4_10_15797_768_EN_3_Ep4","set4_10_15797_768_EN_3_Ep",8,0.0635582486276604,8
"set4_10_15799_769_IBC_Ep4","set4_10_15799_769_IBC_Ep",1,0.104821200179592,8
"set4_10_15801_769_DCIS_1_Ep4","set4_10_15801_769_DCIS_1_Ep",1,0.0665230762788148,8
"set4_10_15805_769_EN_1_Ep4","set4_10_15805_769_EN_1_Ep",7,0.0811241190813117,8
"set4_10_15809_769_NL_Ep4","set4_10_15809_769_NL_Ep",8,0.101854782887282,8
"set4_10_15811_769_EN_4_Ep4","set4_10_15811_769_EN_4_Ep",7,0.0733350497424198,8
"set4_10_15817_769_AM_Ep4","set4_10_15817_769_AM_Ep",5,0.168629546091649,8
"set4_10_15785_767_AM_1_Ep4","set4_10_15785_767_AM_1_Ep",5,0.161771250436819,8
"set4_10_15793_768_EN_1_Ep4","set4_10_15793_768_EN_1_Ep",4,0.086251434674537,8
"set4_10_15803_769_DCIS_2_Ep4","set4_10_15803_769_DCIS_2_Ep",3,0.0930451672583618,8
"set4_10_15807_769_EN_3_Ep4","set4_10_15807_769_EN_3_Ep",7,0.095847600925211,8
"set4_10_15815_769_EN_6_Ep4","set4_10_15815_769_EN_6_Ep",7,0.0872868038171263,8
"set4_10_15819_770_DCIS_Ep4","set4_10_15819_770_DCIS_Ep",6,0.13729590627358,8
"set4_10_15821_770_IBC_Ep4","set4_10_15821_770_IBC_Ep",6,0.138633480568921,8
"set4_10_15823_770_EN_1_Ep4","set4_10_15823_770_EN_1_Ep",7,0.0789552109909458,8
"set4_10_15825_770_NL_Ep4","set4_10_15825_770_NL_Ep",8,0.0823310139629997,8
"set4_10_15829_771_EN_4_Ep4","set4_10_15829_771_EN_4_Ep",7,0.0645034370584929,8
"set4_10_15835_771_DCIS_3_Ep4","set4_10_15835_771_DCIS_3_Ep",1,0.0954595098914424,8
"set4_10_15831_771_NL_Ep4","set4_10_15831_771_NL_Ep",8,0.0912596433606102,8
"set4_10_15833_771_EN_2_Ep4","set4_10_15833_771_EN_2_Ep",7,0.0838804915847429,8
"set4_10_15839_771_DCIS_1_Ep4","set4_10_15839_771_DCIS_1_Ep",1,0.12549085522767,8
"set4_10_15843_771_IBC_Ep4","set4_10_15843_771_IBC_Ep",1,0.121373283087847,8
"set4_10_15727_761_EN_2_Ep4","set4_10_15727_761_EN_2_Ep",7,0.0614559461701345,8
"set4_10_15743_763_NL_2_Ep4","set4_10_15743_763_NL_2_Ep",8,0.0901915795457397,8
"set4_10_15763_765_EN_2_Ep4","set4_10_15763_765_EN_2_Ep",3,0.070509939679576,8
"set4_10_15813_769_EN_5_Ep4","set4_10_15813_769_EN_5_Ep",7,0.0880442040691565,8
"set4_10_15827_771_EN_3_Ep4","set4_10_15827_771_EN_3_Ep",7,0.10344491442003,8
"set4_10_15837_771_EN_1_Ep4","set4_10_15837_771_EN_1_Ep",7,0.104725683723297,8
"set4_10_15841_771_DCIS_2_Ep4","set4_10_15841_771_DCIS_2_Ep",1,0.105057500405109,8
"set4_10_15845_772_IBC_Ep4","set4_10_15845_772_IBC_Ep",1,0.0883497954322892,8
"set4_10_15847_772_DCIS_1_Ep4","set4_10_15847_772_DCIS_1_Ep",1,0.0815707898346496,8
"set4_10_15849_772_DCIS_2_Ep4","set4_10_15849_772_DCIS_2_Ep",1,0.0797196094771276,8
"set4_10_15851_772_EN_1_Ep4","set4_10_15851_772_EN_1_Ep",1,0.0642111939520636,8
"set4_10_15853_772_EN_2_Ep4","set4_10_15853_772_EN_2_Ep",8,0.0877723821964824,8
"set4_10_15855_772_EN_3_Ep4","set4_10_15855_772_EN_3_Ep",1,0.0672103665109383,8
"set4_10_15857_772_EN_4_Ep4","set4_10_15857_772_EN_4_Ep",1,0.0675793381064902,8
"set4_10_15859_772_NL_Ep4","set4_10_15859_772_NL_Ep",8,0.0935743968453008,8
"set1_3_11770_354_EN_E_S1_R1_0015","set1_3_11770_354_EN_E_S1_R1_001",5,0.0926120569159406,9
"set1_3_11772_354_IDC_E_S3_R1_0015","set1_3_11772_354_IDC_E_S3_R1_001",9,0.0811189240687857,9
"set1_3_11774_354_RS1_E_center_S5_R1_0015","set1_3_11774_354_RS1_E_center_S5_R1_001",5,0.0739742972282244,9
"set1_3_11776_354_RS1_E_peripheral_S7_R1_0015","set1_3_11776_354_RS1_E_peripheral_S7_R1_001",5,0.0809665984761258,9
"set1_3_11778_354_RS2_E_center_S9_R1_0015","set1_3_11778_354_RS2_E_center_S9_R1_001",5,0.0896369811867089,9
"set1_3_11780_354_RS2_E_peripheral_S11_R1_0015","set1_3_11780_354_RS2_E_peripheral_S11_R1_001",5,0.0719276482954874,9
"set1_3_11782_354_NL_E_S13_R1_0015","set1_3_11782_354_NL_E_S13_R1_001",5,0.0590754045519994,9
"set1_3_11784_355_RS1_E_center_S15_R1_0015","set1_3_11784_355_RS1_E_center_S15_R1_001",5,0.0826928134185424,9
"set1_3_11786_355_RS1_E_peripheral_S17_R1_0015","set1_3_11786_355_RS1_E_peripheral_S17_R1_001",5,0.0636778474134896,9
"set1_3_11789_355_RS2_E_center_S20_R1_0015","set1_3_11789_355_RS2_E_center_S20_R1_001",5,0.0750856068488003,9
"set1_3_11791_355_RS2_E_peripheral_S22_R1_0015","set1_3_11791_355_RS2_E_peripheral_S22_R1_001",5,0.0666477065848813,9
"set1_3_11794_355_NL_E_S25_R1_0015","set1_3_11794_355_NL_E_S25_R1_001",5,0.0628497830847368,9
"set1_3_11796_355_RS3_E_center_S27_R1_0015","set1_3_11796_355_RS3_E_center_S27_R1_001",5,0.0845461986403783,9
"set1_3_11798_355_RS3_E_peripheral_S29_R1_0015","set1_3_11798_355_RS3_E_peripheral_S29_R1_001",5,0.0808317372129808,9
"set1_3_11800_356_NL_E_S31_R1_0015","set1_3_11800_356_NL_E_S31_R1_001",5,0.0593762319038365,9
"set1_3_11802_356_RS1_E_center_S32_R1_0015","set1_3_11802_356_RS1_E_center_S32_R1_001",5,0.0778137950292161,9
"set1_3_11804_356_RS1_E_peripheral_S34_R1_0015","set1_3_11804_356_RS1_E_peripheral_S34_R1_001",5,0.0845773001550711,9
"set1_3_11806_357_NL_E_S50_R1_0015","set1_3_11806_357_NL_E_S50_R1_001",8,0.0453515890155992,9
"set1_3_11808_357_RS1_E_center_S32_R1_0015","set1_3_11808_357_RS1_E_center_S32_R1_001",5,0.0495523488054618,9
"set1_3_11810_357_RS1_E_peripheral_S5_R1_0015","set1_3_11810_357_RS1_E_peripheral_S5_R1_001",8,0.0435550882606899,9
"set1_3_11813_358_NL_E_S36_R1_0015","set1_3_11813_358_NL_E_S36_R1_001",9,0.0582948748955893,9
"set1_3_11815_358_EN_E_S38_R1_0015","set1_3_11815_358_EN_E_S38_R1_001",5,0.0561378079363581,9
"set1_3_11817_358_RS1_E_center_S40_R1_0015","set1_3_11817_358_RS1_E_center_S40_R1_001",5,0.0778424435851746,9
"set1_3_11819_358_RS1_E_peripheral_S42_R1_0015","set1_3_11819_358_RS1_E_peripheral_S42_R1_001",5,0.0572357618727335,9
"set1_3_11821_358_IBC_E_S44_R1_0015","set1_3_11821_358_IBC_E_S44_R1_001",4,0.0678216603083635,9
"set1_3_11823_358_RS2_E_center_S46_R1_0015","set1_3_11823_358_RS2_E_center_S46_R1_001",5,0.0527528247529242,9
"set1_3_11825_358_RS2_E_peripheral_S48_R1_0015","set1_3_11825_358_RS2_E_peripheral_S48_R1_001",5,0.0823053734103383,9
"set1_3_11827_359_RS1_E_center_S50_R1_0015","set1_3_11827_359_RS1_E_center_S50_R1_001",5,0.0841898119452314,9
"set1_3_11829_359_RS1_E_peripheral_S52_R1_0015","set1_3_11829_359_RS1_E_peripheral_S52_R1_001",2,0.061539456831969,9
"set1_3_11831_359_NL_E_S54_R1_0015","set1_3_11831_359_NL_E_S54_R1_001",5,0.0541857189976366,9
"set1_3_11833_359_RS2_E_center_S55_R1_0015","set1_3_11833_359_RS2_E_center_S55_R1_001",5,0.0683763363483811,9
"set1_3_11835_359_RS2_E_peripheral_S57_R1_0015","set1_3_11835_359_RS2_E_peripheral_S57_R1_001",5,0.0606820324728109,9
"set1_3_11837_359_IDC_E_S59_R1_0015","set1_3_11837_359_IDC_E_S59_R1_001",9,0.0647393344661897,9
"set1_3_11838_360_RS1_E_center_S4_R1_0015","set1_3_11838_360_RS1_E_center_S4_R1_001",9,0.0543886640335442,9
"set1_3_11840_360_RS1_E_peripheral_S8_R1_0015","set1_3_11840_360_RS1_E_peripheral_S8_R1_001",8,0.0519071034830931,9
"set1_3_11842_360_NL_E_S3_R1_0015","set1_3_11842_360_NL_E_S3_R1_001",8,0.0534084324537141,9
"set1_3_11844_361_RS1_E_center_S34_R1_0015","set1_3_11844_361_RS1_E_center_S34_R1_001",8,0.0396481775090666,9
"set1_3_11846_361_RS1_E_peripheral_S7_R1_0015","set1_3_11846_361_RS1_E_peripheral_S7_R1_001",8,0.0470832919927965,9
"set1_3_11848_361_RS2_E_center_S18_R1_0015","set1_3_11848_361_RS2_E_center_S18_R1_001",5,0.0482745425837176,9
"set1_3_11850_361_RS2_E_peripheral_S10_R1_0015","set1_3_11850_361_RS2_E_peripheral_S10_R1_001",5,0.0411601960934868,9
"set1_3_11852_361_RS4_E_center_S9_R1_0015","set1_3_11852_361_RS4_E_center_S9_R1_001",5,0.0464177083035159,9
"set1_3_11854_361_RS4_E_peripheral_S11_R1_0015","set1_3_11854_361_RS4_E_peripheral_S11_R1_001",8,0.0555436415253575,9
"set1_3_11856_361_RS3_E_center_S21_R1_0015","set1_3_11856_361_RS3_E_center_S21_R1_001",5,0.0473716026810096,9
"set1_3_11858_361_RS3_E_peripheral_S13_R1_0015","set1_3_11858_361_RS3_E_peripheral_S13_R1_001",5,0.0532998851561081,9
"set1_3_11860_361_NL_E_S49_R1_0015","set1_3_11860_361_NL_E_S49_R1_001",8,0.0407622541964945,9
"set1_3_11862_362_RS1_E_center_S55_R1_0015","set1_3_11862_362_RS1_E_center_S55_R1_001",5,0.039373983096475,9
"set1_3_11864_362_RS1_E_peripheral_S39_R1_0015","set1_3_11864_362_RS1_E_peripheral_S39_R1_001",5,0.0413164406725483,9
"set1_3_11867_363_RS1_E_center_S15_R1_0015","set1_3_11867_363_RS1_E_center_S15_R1_001",5,0.0488090062254336,9
"set1_3_11869_363_RS1_E_peripheral_S14_R1_0015","set1_3_11869_363_RS1_E_peripheral_S14_R1_001",5,0.0431964449925685,9
"set1_3_11871_363_NL_E_S47_R1_0015","set1_3_11871_363_NL_E_S47_R1_001",8,0.049800748421438,9
"set1_3_11873_363_IDC_E_S30_R1_0015","set1_3_11873_363_IDC_E_S30_R1_001",8,0.0429698489048421,9
"set1_3_11874_364_RS1_E_center_S38_R1_0015","set1_3_11874_364_RS1_E_center_S38_R1_001",8,0.0362441067939913,9
"set1_3_11876_364_RS1_E_peripheral_S16_R1_0015","set1_3_11876_364_RS1_E_peripheral_S16_R1_001",8,0.0366877220696975,9
"set1_3_11878_364_NL_E_S19_R1_0015","set1_3_11878_364_NL_E_S19_R1_001",2,0.0477387312472085,9
"set1_3_11880_364_RS2_E_center_S12_R1_0015","set1_3_11880_364_RS2_E_center_S12_R1_001",8,0.0337276001637592,9
"set1_3_11882_364_RS2_E_peripheral_S6_R1_0015","set1_3_11882_364_RS2_E_peripheral_S6_R1_001",5,0.0353406618766002,9
"set1_3_11885_364_NL_E_S22_R1_0015","set1_3_11885_364_NL_E_S22_R1_001",2,0.0476222821328349,9
"set1_3_13813_552_IBC_Ep_15","set1_3_13813_552_IBC_Ep_1",6,0.0792725870318848,9
"set1_3_13815_552_EN_Ep_15","set1_3_13815_552_EN_Ep_1",8,0.0666102459512419,9
"set1_3_13819_552_NL_Ep5","set1_3_13819_552_NL_Ep",8,0.0581210567843533,9
"set1_3_13821_551_IBC_Ep_25","set1_3_13821_551_IBC_Ep_2",7,0.110841801572554,9
"set1_3_13823_551_AM_Ep5","set1_3_13823_551_AM_Ep",5,0.090142277895084,9
"set1_3_13825_551_UDH_Ep5","set1_3_13825_551_UDH_Ep",7,0.09118387848064,9
"set1_3_13826_551_NL_Ep5","set1_3_13826_551_NL_Ep",8,0.0704147099554924,9
"set1_3_13828_551_DCIS_Ep5","set1_3_13828_551_DCIS_Ep",4,0.0954177795497845,9
"set1_3_13830_550_ADH_Ep_15","set1_3_13830_550_ADH_Ep_1",8,0.0701380695507578,9
"set1_3_13832_550_IBC_Ep_15","set1_3_13832_550_IBC_Ep_1",8,0.0721488579215874,9
"set1_3_13834_550_AM_Ep_25","set1_3_13834_550_AM_Ep_2",7,0.121460760057674,9
"set1_3_13836_550_DCIS_Ep_15","set1_3_13836_550_DCIS_Ep_1",8,0.0717267099303949,9
"set1_3_13838_550_CCC_Ep5","set1_3_13838_550_CCC_Ep",8,0.0689710675915404,9
"set1_3_13840_549_DCIS_Ep5","set1_3_13840_549_DCIS_Ep",6,0.0767079170103881,9
"set1_3_13842_549_IBC_Ep5","set1_3_13842_549_IBC_Ep",6,0.0853451115203029,9
"set1_3_13844_549_IN_Ep5","set1_3_13844_549_IN_Ep",8,0.0553391232653278,9
"set1_3_13846_550_IBC_Ep_25","set1_3_13846_550_IBC_Ep_2",8,0.0717970850261717,9
"set1_3_13848_550_DCIS_Ep_25","set1_3_13848_550_DCIS_Ep_2",8,0.0728487537319488,9
"set1_3_13850_549_IP_Ep5","set1_3_13850_549_IP_Ep",5,0.0745070577651896,9
"set1_3_13852_549_MC_Ep5","set1_3_13852_549_MC_Ep",5,0.0547334857834296,9
"set1_3_13854_549_NL_Ep5","set1_3_13854_549_NL_Ep",8,0.0727679597267482,9
"set1_3_13856_549_AM_Ep5","set1_3_13856_549_AM_Ep",7,0.131316102055521,9
"set1_3_13858_548_DCIS_Ep5","set1_3_13858_548_DCIS_Ep",6,0.07279722975332,9
"set1_3_13860_548_IBC_Ep5","set1_3_13860_548_IBC_Ep",6,0.0693396406122529,9
"set1_3_13862_547_NL_Ep5","set1_3_13862_547_NL_Ep",2,0.068077241507678,9
"set1_3_13864_547_CCC_Ep_15","set1_3_13864_547_CCC_Ep_1",8,0.0733023523936007,9
"set1_3_13866_547_CCH_Ep_15","set1_3_13866_547_CCH_Ep_1",8,0.0651116070643019,9
"set1_3_13868_547_IBC_Ep_15","set1_3_13868_547_IBC_Ep_1",6,0.0824746236693056,9
"set1_3_13870_547_DCIS_Ep5","set1_3_13870_547_DCIS_Ep",6,0.0960851599919757,9
"set1_3_13872_547_CCC_Ep_25","set1_3_13872_547_CCC_Ep_2",8,0.0565403086293661,9
"set1_3_13876_547_CCC_Ep_35","set1_3_13876_547_CCC_Ep_3",5,0.0670939502421664,9
"set1_3_13878_547_IBC_Ep_25","set1_3_13878_547_IBC_Ep_2",6,0.0766832884955283,9
"set1_3_13880_547_NL_Ep5","set1_3_13880_547_NL_Ep",8,0.0532545709561884,9
"set1_3_13882_546_NL_Ep5","set1_3_13882_546_NL_Ep",8,0.0708875220412818,9
"set1_3_13884_546_ALH_Ep5","set1_3_13884_546_ALH_Ep",8,0.075590930516769,9
"set1_3_13886_546_IBC_Ep5","set1_3_13886_546_IBC_Ep",1,0.111898494465265,9
"set1_3_13888_546_LIN_Ep5","set1_3_13888_546_LIN_Ep",8,0.0670418419616547,9
"set1_3_13890_546_CCH_Ep5","set1_3_13890_546_CCH_Ep",9,0.0818795057094231,9
"set1_3_13892_546_HIN_Ep5","set1_3_13892_546_HIN_Ep",8,0.0671961601911392,9
"set1_3_13894_546_MIN_Ep5","set1_3_13894_546_MIN_Ep",8,0.0701326054513946,9
"set1_3_13896_545_CCC_Ep_15","set1_3_13896_545_CCC_Ep_1",8,0.0623966682990171,9
"set1_3_13898_545_ADH_Ep5","set1_3_13898_545_ADH_Ep",8,0.0708667862231166,9
"set1_3_13900_545_UDH_Ep_15","set1_3_13900_545_UDH_Ep_1",5,0.0678163999549017,9
"set1_3_13902_545_AM_Ep_15","set1_3_13902_545_AM_Ep_1",7,0.121313174789086,9
"set1_3_13904_545_IBC_Ep5","set1_3_13904_545_IBC_Ep",7,0.100223517316319,9
"set1_3_13906_545_DCIS_Ep_15","set1_3_13906_545_DCIS_Ep_1",7,0.103621587769651,9
"set1_3_13908_545_CCC_Ep_25","set1_3_13908_545_CCC_Ep_2",8,0.0684970336842827,9
"set1_3_13910_545_AM_Ep_25","set1_3_13910_545_AM_Ep_2",7,0.155212194847435,9
"set1_3_13912_545_UDH_Ep_25","set1_3_13912_545_UDH_Ep_2",8,0.0684757187252766,9
"set1_3_13914_545_NL_Ep5","set1_3_13914_545_NL_Ep",8,0.087419977528393,9
"set1_3_13916_545_DCIS_Ep_25","set1_3_13916_545_DCIS_Ep_2",7,0.131464110775461,9
"set1_3_13918_545_LVI_Ep5","set1_3_13918_545_LVI_Ep",7,0.117825577959893,9
"set1_3_13920_544_MC_Ep5","set1_3_13920_544_MC_Ep",8,0.0578689583847648,9
"set1_3_13922_544_NL_Ep5","set1_3_13922_544_NL_Ep",8,0.0668861080210695,9
"set1_3_13924_544_DCIS_Ep_15","set1_3_13924_544_DCIS_Ep_1",4,0.0900606574368881,9
"set1_3_13926_544_DCIS_Ep_25","set1_3_13926_544_DCIS_Ep_2",4,0.0755952546562693,9
"set1_3_13928_544_IBC_Ep5","set1_3_13928_544_IBC_Ep",4,0.110963565253546,9
"set1_3_13930_544_DCIS_Ep_35","set1_3_13930_544_DCIS_Ep_3",4,0.0815634228708329,9
"set1_3_13932_543_CCH_Ep_15","set1_3_13932_543_CCH_Ep_1",8,0.0728814810756791,9
"set1_3_13934_543_CCH_Ep_25","set1_3_13934_543_CCH_Ep_2",8,0.0669201416230075,9
"set1_3_13936_568_AM_Ep5","set1_3_13936_568_AM_Ep",7,0.149683926826124,9
"set1_3_13938_568_NL_Ep5","set1_3_13938_568_NL_Ep",2,0.065317368495727,9
"set1_3_13940_568_IBC_Ep5","set1_3_13940_568_IBC_Ep",4,0.101733956605308,9
"set1_3_13942_568_DCIS_Ep5","set1_3_13942_568_DCIS_Ep",4,0.108526199631505,9
"set1_3_13944_569_CCC_Ep5","set1_3_13944_569_CCC_Ep",8,0.0596449818539287,9
"set1_3_13946_570_CCC_Ep_15","set1_3_13946_570_CCC_Ep_1",9,0.0753198070154829,9
"set1_3_13948_570_IBC_Ep5","set1_3_13948_570_IBC_Ep",9,0.067191675406116,9
"set1_3_13950_570_DCIS_Ep5","set1_3_13950_570_DCIS_Ep",9,0.0737692446534245,9
"set1_3_13952_570_ADH_Ep_15","set1_3_13952_570_ADH_Ep_1",8,0.064438476876489,9
"set1_3_13954_570_NL_Ep5","set1_3_13954_570_NL_Ep",2,0.0649851776500729,9
"set1_3_13956_570_CCC_Ep_25","set1_3_13956_570_CCC_Ep_2",9,0.0705487832042574,9
"set1_3_13958_570_CCH_Ep5","set1_3_13958_570_CCH_Ep",8,0.0734926624221837,9
"set1_3_13960_570_ADH_Ep_25","set1_3_13960_570_ADH_Ep_2",9,0.0702565524421215,9
"set1_3_13962_569_IBC_Ep5","set1_3_13962_569_IBC_Ep",6,0.0932822198952354,9
"set1_3_13966_567_ADH_Ep5","set1_3_13966_567_ADH_Ep",8,0.0626383225273821,9
"set1_3_13968_567_DCIS_Ep5","set1_3_13968_567_DCIS_Ep",6,0.0679064365943497,9
"set1_3_13970_567_IBC_Ep5","set1_3_13970_567_IBC_Ep",6,0.0916260520132061,9
"set1_3_13972_567_NL_Ep5","set1_3_13972_567_NL_Ep",8,0.0768482526553513,9
"set1_3_13974_569_NL_Ep5","set1_3_13974_569_NL_Ep",8,0.0688582549675875,9
"set1_3_13976_565_EN_Ep5","set1_3_13976_565_EN_Ep",8,0.0595142657495942,9
"set1_3_13978_565_DCIS_Ep5","set1_3_13978_565_DCIS_Ep",1,0.0790684785549575,9
"set1_3_13980_565_NL_Ep5","set1_3_13980_565_NL_Ep",2,0.0690668019705367,9
"set1_3_13982_561_DCIS_Ep5","set1_3_13982_561_DCIS_Ep",6,0.0941321465635084,9
"set1_3_13984_561_IBC_Ep5","set1_3_13984_561_IBC_Ep",6,0.100216032302945,9
"set1_3_13986_561_NL_Ep5","set1_3_13986_561_NL_Ep",8,0.0740129893844024,9
"set1_3_13987_562_DCIS_Ep_15","set1_3_13987_562_DCIS_Ep_1",6,0.066758227921884,9
"set1_3_13989_562_NL_Ep_15","set1_3_13989_562_NL_Ep_1",2,0.0662931096426882,9
"set1_3_13991_562_DCIS_Ep_25","set1_3_13991_562_DCIS_Ep_2",6,0.0931673980737094,9
"set1_3_13993_562_NL_Ep_25","set1_3_13993_562_NL_Ep_2",8,0.0535354256217581,9
"set1_3_13995_563_NL_Ep5","set1_3_13995_563_NL_Ep",8,0.0620746343682675,9
"set1_3_13999_563_EN_Ep5","set1_3_13999_563_EN_Ep",8,0.0728955974201257,9
"set1_3_14001_553_DCIS_Ep5","set1_3_14001_553_DCIS_Ep",4,0.0846117088035969,9
"set1_3_14003_553_IBC_Ep5","set1_3_14003_553_IBC_Ep",4,0.0762948637074779,9
"set1_3_14005_553_NL_Ep_15","set1_3_14005_553_NL_Ep_1",8,0.070288854739872,9
"set1_3_14007_553_EN_Ep5","set1_3_14007_553_EN_Ep",8,0.0615642958078621,9
"set1_3_14009_553_AM_Ep5","set1_3_14009_553_AM_Ep",8,0.0597630826042628,9
"set1_3_14011_553_NL_Ep_25","set1_3_14011_553_NL_Ep_2",8,0.0608665553447338,9
"set1_3_14012_560_CCC_Ep5","set1_3_14012_560_CCC_Ep",8,0.0719948990238546,9
"set1_3_14014_560_AM_Ep5","set1_3_14014_560_AM_Ep",7,0.14124513352866,9
"set1_3_14016_560_NL_Ep_15","set1_3_14016_560_NL_Ep_1",8,0.068463086997889,9
"set1_3_14018_560_NL_Ep_25","set1_3_14018_560_NL_Ep_2",8,0.060687116061752,9
"set1_3_14020_560_IBC_Ep_15","set1_3_14020_560_IBC_Ep_1",1,0.0651910753988385,9
"set1_3_14022_560_SA_Ep5","set1_3_14022_560_SA_Ep",8,0.0606862109946575,9
"set1_3_14024_560_NL_Ep5","set1_3_14024_560_NL_Ep",8,0.0651890535795821,9
"set1_3_14025_560_IBC_Ep_25","set1_3_14025_560_IBC_Ep_2",6,0.0731971543677896,9
"set1_3_14027_572_IP_Ep5","set1_3_14027_572_IP_Ep",5,0.0749842444546864,9
"set1_3_14028_572_UDH_Ep5","set1_3_14028_572_UDH_Ep",7,0.0732593026366531,9
"set1_3_14034_572_IBC_Ep5","set1_3_14034_572_IBC_Ep",6,0.0800511634717701,9
"set1_3_14036_571_NL_Ep5","set1_3_14036_571_NL_Ep",8,0.0490907565125672,9
"set1_3_14038_571_EN_Ep5","set1_3_14038_571_EN_Ep",1,0.119422274393436,9
"set1_3_14040_571_DCISw_Ep5","set1_3_14040_571_DCISw_Ep",1,0.0820903132550449,9
"set1_3_14042_571_DCIS_Ep5","set1_3_14042_571_DCIS_Ep",1,0.0903511213563364,9
"set1_3_14044_571_IBC_Ep_15","set1_3_14044_571_IBC_Ep_1",1,0.0937870373183682,9
"set1_3_14046_571_IBC_Ep_25","set1_3_14046_571_IBC_Ep_2",6,0.0799779046181536,9
"set1_3_14048_566_IBC_Ep5","set1_3_14048_566_IBC_Ep",1,0.0799147825877336,9
"set1_3_14050_566_DCIS_Ep5","set1_3_14050_566_DCIS_Ep",1,0.0640906355037489,9
"set1_3_14052_566_UDH_Ep5","set1_3_14052_566_UDH_Ep",9,0.0617872965572979,9
"set1_3_14054_566_CCC_Ep_15","set1_3_14054_566_CCC_Ep_1",8,0.0612661009574845,9
"set1_3_14056_566_CCC_Ep_25","set1_3_14056_566_CCC_Ep_2",8,0.0614152455381466,9
"set1_3_14058_566_AM_Ep5","set1_3_14058_566_AM_Ep",7,0.146752110879241,9
"set1_3_14060_566_NL_Ep5","set1_3_14060_566_NL_Ep",8,0.0607086952774108,9
"set1_3_14062_564_DCIS_Ep5","set1_3_14062_564_DCIS_Ep",6,0.059923095598873,9
"set1_3_14064_564_HP_Ep5","set1_3_14064_564_HP_Ep",8,0.0585976229292869,9
"set1_3_14066_564_NL_Ep5","set1_3_14066_564_NL_Ep",2,0.0614989176760872,9
"set1_3_14068_564_IBC_Ep5","set1_3_14068_564_IBC_Ep",8,0.0592436593916392,9
"set1_3_14070_559_DCIS_Ep5","set1_3_14070_559_DCIS_Ep",6,0.0843722103779188,9
"set1_3_14072_559_IBC_Ep5","set1_3_14072_559_IBC_Ep",6,0.110322956303333,9
"set1_3_14074_559_CCH_Ep5","set1_3_14074_559_CCH_Ep",5,0.0709718084180534,9
"set1_3_14076_559_AM_Ep5","set1_3_14076_559_AM_Ep",7,0.148560640579932,9
"set1_3_14080_558_IBC_Ep5","set1_3_14080_558_IBC_Ep",6,0.0678894948223017,9
"set1_3_14082_558_NL_Ep_15","set1_3_14082_558_NL_Ep_1",8,0.0642441208438149,9
"set1_3_14084_558_DCIS_Ep_15","set1_3_14084_558_DCIS_Ep_1",6,0.0785272496698999,9
"set1_3_14086_558_DCIS_Ep_25","set1_3_14086_558_DCIS_Ep_2",6,0.0612307959365905,9
"set1_3_14088_558_IN_Ep5","set1_3_14088_558_IN_Ep",8,0.0628328228384759,9
"set1_3_14092_557_IBC_Ep5","set1_3_14092_557_IBC_Ep",6,0.0780457566497611,9
"set1_3_14094_557_DCIS_Ep5","set1_3_14094_557_DCIS_Ep",6,0.0802507153025787,9
"set1_3_14096_556_IBC_Ep_15","set1_3_14096_556_IBC_Ep_1",4,0.0852631423965047,9
"set1_3_14098_556_ADH_Ep_15","set1_3_14098_556_ADH_Ep_1",8,0.0740488512548471,9
"set1_3_14100_556_ADH_Ep_25","set1_3_14100_556_ADH_Ep_2",9,0.0894491243688745,9
"set1_3_14102_556_AM_Ep5","set1_3_14102_556_AM_Ep",7,0.134599832723361,9
"set1_3_14104_556_IBC_Ep_25","set1_3_14104_556_IBC_Ep_2",4,0.0873909871994346,9
"set1_3_14108_556_NL_Ep5","set1_3_14108_556_NL_Ep",8,0.0620389956666519,9
"set1_3_14110_555_IN_Ep5","set1_3_14110_555_IN_Ep",8,0.0677458545018597,9
"set1_3_14112_555_iIBC_Ep5","set1_3_14112_555_iIBC_Ep",1,0.0635298739977673,9
"set1_3_14114_555_IBC_Ep5","set1_3_14114_555_IBC_Ep",6,0.0884869107393082,9
"set1_3_14116_555_CCC_Ep5","set1_3_14116_555_CCC_Ep",8,0.0756171237749849,9
"set1_3_14118_555_NL_Ep5","set1_3_14118_555_NL_Ep",8,0.0700841402672004,9
"set1_3_14120_554_RS_Ep_15","set1_3_14120_554_RS_Ep_1",8,0.0708866908267961,9
"set1_3_14124_554_EN_Ep5","set1_3_14124_554_EN_Ep",8,0.0614578997586501,9
"set1_3_14126_554_IBC_Ep5","set1_3_14126_554_IBC_Ep",1,0.104664658108986,9
"set1_3_14128_554_UDH_Ep5","set1_3_14128_554_UDH_Ep",5,0.0620070064233121,9
"set1_3_14130_554_DCIS_Ep5","set1_3_14130_554_DCIS_Ep",1,0.0803388662672344,9
"set1_3_14134_554_NL_Ep5","set1_3_14134_554_NL_Ep",8,0.069594659006617,9
"set4_10_14731_656_IBC_Ep5","set4_10_14731_656_IBC_Ep",6,0.0791368418104132,9
"set4_10_14733_656_BBD_Ep5","set4_10_14733_656_BBD_Ep",5,0.0745275832178672,9
"set4_10_14735_656_NL_Ep5","set4_10_14735_656_NL_Ep",5,0.0633434147445439,9
"set4_10_14737_657_CCC_Ep5","set4_10_14737_657_CCC_Ep",7,0.0880044658486888,9
"set4_10_14739_657_NL_Ep5","set4_10_14739_657_NL_Ep",9,0.0722535130627253,9
"set4_10_14741_657_DCIS_Ep5","set4_10_14741_657_DCIS_Ep",4,0.109431528684583,9
"set4_10_14744_657_IBC_Ep5","set4_10_14744_657_IBC_Ep",4,0.104512639608247,9
"set4_10_14745_658_DCIS_Ep5","set4_10_14745_658_DCIS_Ep",2,0.0570326881363011,9
"set4_10_14746_658_IBC_Ep5","set4_10_14746_658_IBC_Ep",6,0.0852523211308067,9
"set4_10_14747_658_NL_Ep5","set4_10_14747_658_NL_Ep",2,0.0836638705272392,9
"set4_10_14751_659_DCIS_Ep5","set4_10_14751_659_DCIS_Ep",4,0.0729815307458353,9
"set4_10_14752_659_IBC_Ep5","set4_10_14752_659_IBC_Ep",4,0.0742911880961591,9
"set4_10_14755_659_DCIS_Ep5","set4_10_14755_659_DCIS_Ep",4,0.0755205506176777,9
"set4_10_14757_659_NL_Ep5","set4_10_14757_659_NL_Ep",2,0.0568035528962577,9
"set4_10_14791_663_DCIS_Ep5","set4_10_14791_663_DCIS_Ep",9,0.0724280798242897,9
"set4_10_14793_663_IBC_Ep5","set4_10_14793_663_IBC_Ep",3,0.0808367587019851,9
"set4_10_14795_663_NL_Ep5","set4_10_14795_663_NL_Ep",2,0.057061863898609,9
"set4_10_14759_660_IBC_Ep5","set4_10_14759_660_IBC_Ep",4,0.0991859180230511,9
"set4_10_14761_660_DCIS_Ep5","set4_10_14761_660_DCIS_Ep",4,0.0811240918009329,9
"set4_10_14763_660_NL_Ep5","set4_10_14763_660_NL_Ep",5,0.0603451094332604,9
"set4_10_14765_660_LVI_Ep5","set4_10_14765_660_LVI_Ep",4,0.104060870243961,9
"set4_10_14767_661_IBC_Ep5","set4_10_14767_661_IBC_Ep",1,0.0789454868179165,9
"set4_10_14769_661_AM_Ep5","set4_10_14769_661_AM_Ep",7,0.157135451751492,9
"set4_10_14771_661_ADH_Ep5","set4_10_14771_661_ADH_Ep",9,0.0842898052540429,9
"set4_10_14773_661_DCIS_Ep5","set4_10_14773_661_DCIS_Ep",9,0.122442182018032,9
"set4_10_14775_661_ADH_Ep5","set4_10_14775_661_ADH_Ep",9,0.0849926057457466,9
"set4_10_14777_661_NL_Ep5","set4_10_14777_661_NL_Ep",9,0.0794739276389787,9
"set4_10_14779_662_DCIS.1_Ep5","set4_10_14779_662_DCIS.1_Ep",6,0.118077388549661,9
"set4_10_14781_662_MIV.1_Ep5","set4_10_14781_662_MIV.1_Ep",6,0.107087920942365,9
"set4_10_14783_662_DCIS.2_Ep5","set4_10_14783_662_DCIS.2_Ep",6,0.111825500339739,9
"set4_10_14785_662_MIV.2_Ep5","set4_10_14785_662_MIV.2_Ep",6,0.0971592533319148,9
"set4_10_14787_662_DCIS.3_Ep5","set4_10_14787_662_DCIS.3_Ep",6,0.11857127262238,9
"set4_10_14789_662_IBC_Ep5","set4_10_14789_662_IBC_Ep",6,0.114668975665698,9
"set4_10_14909_676_DCIS.2_Ep5","set4_10_14909_676_DCIS.2_Ep",7,0.109029883793491,9
"set4_10_14797_664_AM_Ep5","set4_10_14797_664_AM_Ep",7,0.175282194246315,9
"set4_10_14798_664_BBD_Ep5","set4_10_14798_664_BBD_Ep",5,0.0686753988397785,9
"set4_10_14800_664_IBC_Ep5","set4_10_14800_664_IBC_Ep",1,0.0727035311853807,9
"set4_10_14802_664_ADH_Ep5","set4_10_14802_664_ADH_Ep",5,0.0553224599578657,9
"set4_10_14804_664_NL_Ep5","set4_10_14804_664_NL_Ep",2,0.0931781536977488,9
"set4_10_14805_665_IBC_Ep5","set4_10_14805_665_IBC_Ep",6,0.0665899464000111,9
"set4_10_14807_665_inf_NL_Ep5","set4_10_14807_665_inf_NL_Ep",1,0.0579099804055476,9
"set4_10_14809_665_DCIS_Ep5","set4_10_14809_665_DCIS_Ep",1,0.063970793019741,9
"set4_10_14810_665_NL_Ep5","set4_10_14810_665_NL_Ep",2,0.059491709216652,9
"set4_10_14812_666_IBC_Ep5","set4_10_14812_666_IBC_Ep",1,0.0647143139219281,9
"set4_10_14813_666_DCIS_Ep5","set4_10_14813_666_DCIS_Ep",4,0.0552073635748562,9
"set4_10_14816_666_NL_Ep5","set4_10_14816_666_NL_Ep",2,0.0562126606860212,9
"set4_10_14818_666_BBD_Ep5","set4_10_14818_666_BBD_Ep",9,0.0671004872514627,9
"set4_10_14853_671_UDH_Ep5","set4_10_14853_671_UDH_Ep",5,0.0740946823096926,9
"set4_10_14855_671_AM_Ep5","set4_10_14855_671_AM_Ep",7,0.157221612226601,9
"set4_10_14856_671_DCIS_Ep5","set4_10_14856_671_DCIS_Ep",6,0.0768708841146206,9
"set4_10_14857_671_IBC_Ep5","set4_10_14857_671_IBC_Ep",6,0.072306382670109,9
"set4_10_14862_671_CCC_Ep5","set4_10_14862_671_CCC_Ep",9,0.06389713141103,9
"set4_10_14820_667_IBC_Ep5","set4_10_14820_667_IBC_Ep",6,0.074663534525074,9
"set4_10_14821_667_DCIS_Ep5","set4_10_14821_667_DCIS_Ep",6,0.0534884182592714,9
"set4_10_14822_667_NL_Ep5","set4_10_14822_667_NL_Ep",5,0.0533240191575875,9
"set4_10_14826_668_IBC_Ep5","set4_10_14826_668_IBC_Ep",6,0.0964305491851661,9
"set4_10_14828_668_DCIS_Ep5","set4_10_14828_668_DCIS_Ep",9,0.0870232001703898,9
"set4_10_14829_668_NL_Ep5","set4_10_14829_668_NL_Ep",2,0.081889773476058,9
"set4_10_14830_668_EN_Ep5","set4_10_14830_668_EN_Ep",7,0.0818475268862112,9
"set4_10_14833_669_IBC_Ep5","set4_10_14833_669_IBC_Ep",6,0.0956013562711708,9
"set4_10_14834_669_NL_Ep5","set4_10_14834_669_NL_Ep",2,0.0555630024195516,9
"set4_10_14837_669_DCIS_Ep5","set4_10_14837_669_DCIS_Ep",6,0.0676504342295026,9
"set4_10_14839_670_EN_Ep5","set4_10_14839_670_EN_Ep",9,0.0639981770843239,9
"set4_10_14840_670_DCIS_Ep5","set4_10_14840_670_DCIS_Ep",7,0.121014215946428,9
"set4_10_14843_670_DCIS_Ep5","set4_10_14843_670_DCIS_Ep",7,0.133272941818524,9
"set4_10_14844_670_IBC_Ep5","set4_10_14844_670_IBC_Ep",7,0.131289234031534,9
"set4_10_14847_670_BBD_Ep5","set4_10_14847_670_BBD_Ep",5,0.065300706854788,9
"set4_10_14848_670_CCC_Ep5","set4_10_14848_670_CCC_Ep",7,0.0578103376229716,9
"set4_10_14849_670_AM_Ep5","set4_10_14849_670_AM_Ep",7,0.0963059815063534,9
"set4_10_14864_672_inf_NL_Ep_S1_R1_0015","set4_10_14864_672_inf_NL_Ep_S1_R1_001",3,0.0668425227156179,9
"set4_10_14866_672_IBC_Ep_2_S3_R1_0015","set4_10_14866_672_IBC_Ep_2_S3_R1_001",6,0.0713729642987369,9
"set4_10_14868_672_IBC_Ep_1_S5_R1_0015","set4_10_14868_672_IBC_Ep_1_S5_R1_001",6,0.0777531402799442,9
"set4_10_14869_672_DCIS_Ep_S6_R1_0015","set4_10_14869_672_DCIS_Ep_S6_R1_001",6,0.075979403897649,9
"set4_10_14870_672_CaLob_Ep_S7_R1_0015","set4_10_14870_672_CaLob_Ep_S7_R1_001",6,0.0653243330884049,9
"set4_10_14873_672_NL_Ep_S10_R1_0015","set4_10_14873_672_NL_Ep_S10_R1_001",2,0.0793565776037582,9
"set4_10_14875_672_ADH_Ep_S12_R1_0015","set4_10_14875_672_ADH_Ep_S12_R1_001",5,0.0894442897100612,9
"set4_10_14876_672_CCC_Ep_S13_R1_0015","set4_10_14876_672_CCC_Ep_S13_R1_001",5,0.0715862238874906,9
"set4_10_14878_673_IBC_Ep_S15_R1_0015","set4_10_14878_673_IBC_Ep_S15_R1_001",1,0.0719063341291765,9
"set4_10_14880_673_DCIS_Ep_S17_R1_0015","set4_10_14880_673_DCIS_Ep_S17_R1_001",6,0.0652898494558969,9
"set4_10_14882_673_NL_Ep_S19_R1_0015","set4_10_14882_673_NL_Ep_S19_R1_001",2,0.0803178531067161,9
"set4_10_14884_673_AM_Ep_S21_R1_0015","set4_10_14884_673_AM_Ep_S21_R1_001",7,0.158404842619643,9
"set4_10_14886_673_CCC_Ep_S23_R1_0015","set4_10_14886_673_CCC_Ep_S23_R1_001",9,0.0846547734140973,9
"set4_10_14888_673_EN_Ep_S25_R1_0015","set4_10_14888_673_EN_Ep_S25_R1_001",5,0.0601087581996185,9
"set4_10_14890_674_DCIS_Ep_S27_R1_0015","set4_10_14890_674_DCIS_Ep_S27_R1_001",7,0.12473197122626,9
"set4_10_14892_674_IBC_Ep_S29_R1_0015","set4_10_14892_674_IBC_Ep_S29_R1_001",4,0.0955858062393336,9
"set4_10_14894_674_BBD_Ep_S31_R1_0015","set4_10_14894_674_BBD_Ep_S31_R1_001",5,0.0651448320202827,9
"set4_10_14899_675_EN1_Ep_S33_R1_0015","set4_10_14899_675_EN1_Ep_S33_R1_001",3,0.0862261284972621,9
"set4_10_14901_675_EN2_Ep5","set4_10_14901_675_EN2_Ep",3,0.0903171627800807,9
"set4_10_14904_675_EN3_Ep5","set4_10_14904_675_EN3_Ep",3,0.102266401608385,9
"set4_10_14905_675_NL_Ep5","set4_10_14905_675_NL_Ep",3,0.0728695476173701,9
"set4_10_14907_675_IBC_Ep5","set4_10_14907_675_IBC_Ep",6,0.0925246041543848,9
"set4_10_14908_675_CCC_Ep5","set4_10_14908_675_CCC_Ep",7,0.101785727173911,9
"set4_10_14922_677_IBC_Ep5","set4_10_14922_677_IBC_Ep",4,0.121688702411089,9
"set4_10_14924_677_DCIS_Ep5","set4_10_14924_677_DCIS_Ep",4,0.126539510235692,9
"set4_10_14926_677_NL_Ep5","set4_10_14926_677_NL_Ep",2,0.0849358894011067,9
"set4_10_14928_677_LVI_Ep5","set4_10_14928_677_LVI_Ep",4,0.112551701838007,9
"set4_10_14930_678_IBC_Ep5","set4_10_14930_678_IBC_Ep",6,0.081874427246993,9
"set4_10_14932_678_PLC_Ep5","set4_10_14932_678_PLC_Ep",2,0.100496095104106,9
"set4_10_14934_678_EN_Ep5","set4_10_14934_678_EN_Ep",9,0.0714516694335851,9
"set4_10_14936_678_NL_Ep5","set4_10_14936_678_NL_Ep",2,0.0748567230682737,9
"set4_10_14938_679_IBC_Ep5","set4_10_14938_679_IBC_Ep",6,0.117801913571894,9
"set4_10_14940_679_DCIS_Ep5","set4_10_14940_679_DCIS_Ep",6,0.101354204940947,9
"set4_10_14942_679_NL_Ep5","set4_10_14942_679_NL_Ep",2,0.0725334719055351,9
"set4_10_14954_680_DCIS_2_Ep5","set4_10_14954_680_DCIS_2_Ep",9,0.0935399916709048,9
"set4_10_14956_680_ADH_2_Ep5","set4_10_14956_680_ADH_2_Ep",9,0.106750478356628,9
"set4_10_14944_680_ADH_1_Ep5","set4_10_14944_680_ADH_1_Ep",9,0.097791021910182,9
"set4_10_14946_680_UDH_Ep5","set4_10_14946_680_UDH_Ep",5,0.0685097187352875,9
"set4_10_14948_680_NL_Ep5","set4_10_14948_680_NL_Ep",5,0.066983645713173,9
"set4_10_14950_680_DCIS_1_Ep5","set4_10_14950_680_DCIS_1_Ep",9,0.094271311824369,9
"set4_10_14952_680_IBC_Ep5","set4_10_14952_680_IBC_Ep",4,0.102675272219928,9
"set4_10_14958_680_LG_DCIS_Ep5","set4_10_14958_680_LG_DCIS_Ep",4,0.0893151603758032,9
"set4_10_14960_680_AM_Ep5","set4_10_14960_680_AM_Ep",7,0.153030111214011,9
"set4_10_14962_680_atip_AM_Ep5","set4_10_14962_680_atip_AM_Ep",9,0.101460689524897,9
"set4_10_14963_680_ADH_AM_Ep5","set4_10_14963_680_ADH_AM_Ep",9,0.106200560208649,9
"set4_10_14966_681_DCIS_Ep5","set4_10_14966_681_DCIS_Ep",6,0.0605255087926499,9
"set4_10_14968_681_AM_Ep5","set4_10_14968_681_AM_Ep",7,0.163784700560633,9
"set4_10_14970_681_EN_Ep5","set4_10_14970_681_EN_Ep",5,0.0749582275734884,9
"set4_10_14972_681_ADH_1_Ep5","set4_10_14972_681_ADH_1_Ep",5,0.0620771934804527,9
"set4_10_14974_681_IBC_Ep5","set4_10_14974_681_IBC_Ep",6,0.0851225886447848,9
"set4_10_14976_681_NL_Ep5","set4_10_14976_681_NL_Ep",2,0.067435740580924,9
"set4_10_14978_682_NL_Ep5","set4_10_14978_682_NL_Ep",2,0.0637810266634219,9
"set4_10_14980_682_EN_Ep5","set4_10_14980_682_EN_Ep",3,0.085462900162973,9
"set4_10_14982_682_IBC_Ep5","set4_10_14982_682_IBC_Ep",6,0.100902104181326,9
"set4_10_14984_682_Inf_NL_Ep5","set4_10_14984_682_Inf_NL_Ep",2,0.0753625005544666,9
"set4_10_14987_683_DCIS_Ep5","set4_10_14987_683_DCIS_Ep",9,0.0822391781705747,9
"set4_10_14990_684_ADH_DCIS_Ep5","set4_10_14990_684_ADH_DCIS_Ep",6,0.0667090155101859,9
"set4_10_14992_684_DCIS_Ep5","set4_10_14992_684_DCIS_Ep",1,0.0605084040704128,9
"set4_10_14994_684_NL_Ep5","set4_10_14994_684_NL_Ep",2,0.0815222850221365,9
"set4_10_14996_684_IBC_Ep5","set4_10_14996_684_IBC_Ep",1,0.060483470086636,9
"set4_10_14998_685_DCIS_Ep5","set4_10_14998_685_DCIS_Ep",6,0.0649187761226684,9
"set4_10_15000_685_IBC_Ep5","set4_10_15000_685_IBC_Ep",6,0.0896979924482303,9
"set4_10_15002_685_NL_Ep5","set4_10_15002_685_NL_Ep",3,0.0723506722893239,9
"set4_10_15004_685_EN_Ep5","set4_10_15004_685_EN_Ep",2,0.0909344938633028,9
"set4_10_15013_687_DCIS_1_Ep5","set4_10_15013_687_DCIS_1_Ep",4,0.116276318519628,9
"set4_10_15015_687_DCIS_2_Ep5","set4_10_15015_687_DCIS_2_Ep",4,0.123859787017368,9
"set4_10_15017_687_UDH_Ep5","set4_10_15017_687_UDH_Ep",5,0.0554073486188042,9
"set4_10_15019_687_EN_Ep5","set4_10_15019_687_EN_Ep",2,0.0587103117941703,9
"set4_10_15021_687_NL_Ep5","set4_10_15021_687_NL_Ep",2,0.0655258911759281,9
"set4_10_15025_688_EN_1_Ep5","set4_10_15025_688_EN_1_Ep",3,0.0726919446108912,9
"set4_10_14911_676_EN_Ep5","set4_10_14911_676_EN_Ep",3,0.066887613392245,9
"set4_10_14913_676_BBD_2_Ep5","set4_10_14913_676_BBD_2_Ep",3,0.0793414650490862,9
"set4_10_14915_676_IBC_Ep5","set4_10_14915_676_IBC_Ep",7,0.109267655996594,9
"set4_10_14916_676_DCIS_1_Ep5","set4_10_14916_676_DCIS_1_Ep",7,0.106426312337632,9
"set4_10_14918_676_BBD_1_Ep5","set4_10_14918_676_BBD_1_Ep",5,0.0520984762704254,9
"set4_10_14920_676_NL_Ep5","set4_10_14920_676_NL_Ep",3,0.0879483516136632,9
"set4_10_15006_686_IBC_Ep5","set4_10_15006_686_IBC_Ep",4,0.114259894913182,9
"set4_10_15007_686_DCIS_Ep5","set4_10_15007_686_DCIS_Ep",4,0.0803554401920548,9
"set4_10_15009_686_EN_Ep5","set4_10_15009_686_EN_Ep",2,0.0700260420178707,9
"set4_10_15011_686_NL_Ep5","set4_10_15011_686_NL_Ep",2,0.0724285777985904,9
"set4_10_15032_689_IBC_Ep5","set4_10_15032_689_IBC_Ep",6,0.0796723066268086,9
"set4_10_15034_689_DCIS_1_Ep5","set4_10_15034_689_DCIS_1_Ep",1,0.0903560620019479,9
"set4_10_15036_689_NL_Ep5","set4_10_15036_689_NL_Ep",2,0.0744235072098181,9
"set4_10_15038_689_DCIS_2_Ep5","set4_10_15038_689_DCIS_2_Ep",1,0.0624185176480674,9
"set4_10_15040_689_EN_1_Ep5","set4_10_15040_689_EN_1_Ep",5,0.0628247843687201,9
"set4_10_15042_689_EN_2_Ep5","set4_10_15042_689_EN_2_Ep",5,0.0667480772194426,9
"set4_10_15052_690_EN_2_Ep5","set4_10_15052_690_EN_2_Ep",9,0.0942739263951474,9
"set4_10_15062_691_EN_2_Ep5","set4_10_15062_691_EN_2_Ep",7,0.0868334797556359,9
"set4_10_14964_681_ADH_2_Ep5","set4_10_14964_681_ADH_2_Ep",2,0.0728122631760307,9
"set4_10_15023_688_IBC_Ep5","set4_10_15023_688_IBC_Ep",1,0.105313732067891,9
"set4_10_15027_688_NL_Ep5","set4_10_15027_688_NL_Ep",2,0.0790986968486273,9
"set4_10_15029_688_EN_4_Ep5","set4_10_15029_688_EN_4_Ep",3,0.0691921223321964,9
"set4_10_15031_688_EN_5_Ep5","set4_10_15031_688_EN_5_Ep",7,0.127474611266658,9
"set4_10_15044_690_NL_Ep5","set4_10_15044_690_NL_Ep",2,0.0672758469623257,9
"set4_10_15046_690_EN_1_Ep5","set4_10_15046_690_EN_1_Ep",5,0.0716019547158745,9
"set4_10_15048_690_IBC_Ep5","set4_10_15048_690_IBC_Ep",6,0.115217096368367,9
"set4_10_15050_690_DCIS_Ep5","set4_10_15050_690_DCIS_Ep",6,0.062986240783818,9
"set4_10_15054_690_i_DCIS_Ep5","set4_10_15054_690_i_DCIS_Ep",1,0.0663724625972815,9
"set4_10_15056_691_IBC_Ep5","set4_10_15056_691_IBC_Ep",6,0.103507760244922,9
"set4_10_15058_691_EN_1_Ep5","set4_10_15058_691_EN_1_Ep",5,0.0763837780349513,9
"set4_10_15060_691_DCIS_Ep5","set4_10_15060_691_DCIS_Ep",9,0.0803971385032032,9
"set4_10_15064_692_IBC_Ep5","set4_10_15064_692_IBC_Ep",6,0.071920530526949,9
"set4_10_15066_692_DCIS_Ep5","set4_10_15066_692_DCIS_Ep",1,0.0556762389107715,9
"set4_10_15068_692_NL_Ep5","set4_10_15068_692_NL_Ep",1,0.0655435796457545,9
"set4_10_15585_744_IBC_Ep5","set4_10_15585_744_IBC_Ep",6,0.0906764512864597,9
"set4_10_15587_744_inF.NL_Ep5","set4_10_15587_744_inF.NL_Ep",2,0.0853032791412023,9
"set4_10_15589_744_DCIS_Ep5","set4_10_15589_744_DCIS_Ep",6,0.064585536895273,9
"set4_10_15591_745_CCC_Ep5","set4_10_15591_745_CCC_Ep",5,0.0771823342232736,9
"set4_10_15593_745_BBD_Ep5","set4_10_15593_745_BBD_Ep",5,0.065605717843851,9
"set4_10_15595_745_IP_Ep5","set4_10_15595_745_IP_Ep",9,0.0681258633687357,9
"set4_10_15597_746_IBC_Ep5","set4_10_15597_746_IBC_Ep",6,0.0947310722689286,9
"set4_10_15598_746_DCIS_Ep5","set4_10_15598_746_DCIS_Ep",6,0.0919174945571177,9
"set4_10_15600_746_NL_Ep5","set4_10_15600_746_NL_Ep",9,0.0837261989195557,9
"set4_10_15602_747_IBC_Ep5","set4_10_15602_747_IBC_Ep",6,0.083507303481104,9
"set4_10_15604_747_NL_Ep5","set4_10_15604_747_NL_Ep",2,0.0557081762216094,9
"set4_10_15606_747_ADH_Ep5","set4_10_15606_747_ADH_Ep",5,0.0651921763642863,9
"set4_10_15608_747_AM_Ep5","set4_10_15608_747_AM_Ep",7,0.164777622659279,9
"set4_10_15610_748_AM_Ep5","set4_10_15610_748_AM_Ep",7,0.165496371767231,9
"set4_10_15612_748_DCIS_Ep5","set4_10_15612_748_DCIS_Ep",7,0.126662958251759,9
"set4_10_15614_748_IBC_Ep5","set4_10_15614_748_IBC_Ep",7,0.0997372618590334,9
"set4_10_15616_749_IBC_Ep5","set4_10_15616_749_IBC_Ep",6,0.0973261733375213,9
"set4_10_15617_749_DCIS_Ep5","set4_10_15617_749_DCIS_Ep",6,0.115422983022523,9
"set4_10_15618_749_LVI_Ep5","set4_10_15618_749_LVI_Ep",6,0.114724349115811,9
"set4_10_15622_750_NL_Ep5","set4_10_15622_750_NL_Ep",2,0.0483964775370585,9
"set4_10_15624_750_IBC_Ep5","set4_10_15624_750_IBC_Ep",6,0.110000939110019,9
"set4_10_15626_750_DCIS_Ep5","set4_10_15626_750_DCIS_Ep",6,0.117101440843898,9
"set4_10_15628_751_NL_Ep5","set4_10_15628_751_NL_Ep",5,0.0642612838483324,9
"set4_10_15630_751_IBC_Ep5","set4_10_15630_751_IBC_Ep",6,0.084879453711326,9
"set4_10_15632_751_ADH_Ep5","set4_10_15632_751_ADH_Ep",9,0.0708994008063476,9
"set4_10_15634_751_CCC_Ep5","set4_10_15634_751_CCC_Ep",9,0.0709805403215943,9
"set4_10_15636_752_IBC_Ep5","set4_10_15636_752_IBC_Ep",6,0.0552636351164526,9
"set4_10_15638_752_DCIS_Ep5","set4_10_15638_752_DCIS_Ep",4,0.0538908515576682,9
"set4_10_15639_752_NL_Ep5","set4_10_15639_752_NL_Ep",2,0.077432328014693,9
"set4_10_15640_752_BBD_Ep5","set4_10_15640_752_BBD_Ep",2,0.0679227631471399,9
"set4_10_15644_753_DCIS_Ep5","set4_10_15644_753_DCIS_Ep",6,0.100157699275482,9
"set4_10_15646_753_IBC_Ep5","set4_10_15646_753_IBC_Ep",6,0.0941825390595927,9
"set4_10_15647_753_NL_Ep5","set4_10_15647_753_NL_Ep",3,0.0676636759968187,9
"set4_10_15649_754_IBC_Ep5","set4_10_15649_754_IBC_Ep",6,0.0997322692774223,9
"set4_10_15651_754_ADH_Ep5","set4_10_15651_754_ADH_Ep",6,0.0902468815239563,9
"set4_10_15653_754_EN_1_Ep5","set4_10_15653_754_EN_1_Ep",6,0.0625103952754634,9
"set4_10_15655_754_DCIS_Ep5","set4_10_15655_754_DCIS_Ep",6,0.0956280728549426,9
"set4_10_15657_754_EN_2_Ep5","set4_10_15657_754_EN_2_Ep",5,0.0622142237081423,9
"set4_10_15659_755_EN_Ep5","set4_10_15659_755_EN_Ep",9,0.0776675639124768,9
"set4_10_15661_755_DCIS_inf_1_Ep5","set4_10_15661_755_DCIS_inf_1_Ep",1,0.10649651233859,9
"set4_10_15663_755_IBC_Ep5","set4_10_15663_755_IBC_Ep",1,0.0742286573799466,9
"set4_10_15665_755_DCIS_inf_2_Ep5","set4_10_15665_755_DCIS_inf_2_Ep",1,0.0651006075908267,9
"set4_10_15667_755_NL_Ep5","set4_10_15667_755_NL_Ep",9,0.0742672508230359,9
"set4_10_15669_756_NL_Ep5","set4_10_15669_756_NL_Ep",2,0.078596080422094,9
"set4_10_15671_756_EN_1_Ep5","set4_10_15671_756_EN_1_Ep",9,0.0838323881324935,9
"set4_10_15673_756_IBC_Ep5","set4_10_15673_756_IBC_Ep",1,0.0767719120194533,9
"set4_10_15675_756_UDH_1_Ep5","set4_10_15675_756_UDH_1_Ep",5,0.0838015477113646,9
"set4_10_15677_756_EN_2_Ep5","set4_10_15677_756_EN_2_Ep",3,0.103917799952428,9
"set4_10_15679_756_UDH_2_Ep5","set4_10_15679_756_UDH_2_Ep",3,0.0672904398548543,9
"set4_10_15681_757_DCIS_Ep5","set4_10_15681_757_DCIS_Ep",6,0.0905691548401148,9
"set4_10_15683_757_IBC_Ep5","set4_10_15683_757_IBC_Ep",6,0.0891530664358659,9
"set4_10_15685_757_NL_Ep5","set4_10_15685_757_NL_Ep",2,0.0607504335095616,9
"set4_10_15687_757_UDH_Ep5","set4_10_15687_757_UDH_Ep",9,0.0607870356133664,9
"set4_10_15689_757_CCC_Ep5","set4_10_15689_757_CCC_Ep",9,0.0903055892891697,9
"set4_10_15691_757_EN_Ep5","set4_10_15691_757_EN_Ep",9,0.0603030589918981,9
"set4_10_15693_758_DCIS_1_Ep5","set4_10_15693_758_DCIS_1_Ep",6,0.0963994473992253,9
"set4_10_15695_758_IBC_1_Ep5","set4_10_15695_758_IBC_1_Ep",6,0.0987666376404071,9
"set4_10_15697_758_NL_Ep5","set4_10_15697_758_NL_Ep",2,0.0647317332402381,9
"set4_10_15703_758_EN_Ep5","set4_10_15703_758_EN_Ep",3,0.0557678916684467,9
"set4_10_15709_760_UDH_Ep5","set4_10_15709_760_UDH_Ep",5,0.0689714155355366,9
"set4_10_15713_760_IBC_Ep5","set4_10_15713_760_IBC_Ep",4,0.112666623590323,9
"set4_10_15715_760_EN_1_Ep5","set4_10_15715_760_EN_1_Ep",2,0.0489461251263801,9
"set4_10_15717_760_NL_Ep5","set4_10_15717_760_NL_Ep",3,0.0646475684028522,9
"set4_10_15733_762_DCIS_2_Ep5","set4_10_15733_762_DCIS_2_Ep",6,0.0993697143504516,9
"set4_10_15699_758_DCIS_2_Ep5","set4_10_15699_758_DCIS_2_Ep",6,0.0890166275629329,9
"set4_10_15701_758_IBC_2_Ep5","set4_10_15701_758_IBC_2_Ep",3,0.0949573917891268,9
"set4_10_15705_759_DCIS_Ep5","set4_10_15705_759_DCIS_Ep",4,0.0993011624897792,9
"set4_10_15707_759_IBC_Ep5","set4_10_15707_759_IBC_Ep",4,0.109950558177124,9
"set4_10_15711_760_EN_2_Ep5","set4_10_15711_760_EN_2_Ep",5,0.0813377736365463,9
"set4_10_15719_761_IBC_Ep5","set4_10_15719_761_IBC_Ep",6,0.0802886131100298,9
"set4_10_15721_761_DCIS_Ep5","set4_10_15721_761_DCIS_Ep",6,0.0825609400785607,9
"set4_10_15723_761_EN_1_Ep5","set4_10_15723_761_EN_1_Ep",5,0.0709549039027708,9
"set4_10_15725_761_ADH_Ep5","set4_10_15725_761_ADH_Ep",5,0.071483766919195,9
"set4_10_15729_762_IBC_Ep5","set4_10_15729_762_IBC_Ep",6,0.0936621906076308,9
"set4_10_15731_762_DCIS_1_Ep5","set4_10_15731_762_DCIS_1_Ep",6,0.0949373539582989,9
"set4_10_15735_763_IBC_Ep5","set4_10_15735_763_IBC_Ep",1,0.0871494284092202,9
"set4_10_15737_763_ADH_Ep5","set4_10_15737_763_ADH_Ep",2,0.0557937452837853,9
"set4_10_15739_763_NL_1_Ep5","set4_10_15739_763_NL_1_Ep",2,0.0697517983847247,9
"set4_10_15741_763_EN_Ep5","set4_10_15741_763_EN_Ep",2,0.0772676923137954,9
"set4_10_15745_764_IBC_Ep5","set4_10_15745_764_IBC_Ep",1,0.0769344255447453,9
"set4_10_15747_764_DCIS_1_Ep5","set4_10_15747_764_DCIS_1_Ep",6,0.0747878226502042,9
"set4_10_15749_764_LVI_Ep5","set4_10_15749_764_LVI_Ep",6,0.0758953975779986,9
"set4_10_15751_764_DCIS_2_Ep5","set4_10_15751_764_DCIS_2_Ep",6,0.0830593131087219,9
"set4_10_15753_764_EN_Ep5","set4_10_15753_764_EN_Ep",9,0.0571585108037257,9
"set4_10_15755_764_NL_Ep5","set4_10_15755_764_NL_Ep",9,0.0697211402955497,9
"set4_10_15757_765_IBC_Ep5","set4_10_15757_765_IBC_Ep",7,0.10189825936071,9
"set4_10_15759_765_DCIS_Ep5","set4_10_15759_765_DCIS_Ep",7,0.123841780324309,9
"set4_10_15761_765_EN_1_Ep5","set4_10_15761_765_EN_1_Ep",9,0.0652890008393387,9
"set4_10_15765_765_NL_Ep5","set4_10_15765_765_NL_Ep",2,0.0616890399331383,9
"set4_10_15767_766_NL_Ep5","set4_10_15767_766_NL_Ep",2,0.0767838617078944,9
"set4_10_15769_766_inf_NL_Ep5","set4_10_15769_766_inf_NL_Ep",2,0.0721864466597603,9
"set4_10_15771_766_IBC_Ep5","set4_10_15771_766_IBC_Ep",1,0.0787130003410941,9
"set4_10_15773_766_AM_Ep5","set4_10_15773_766_AM_Ep",7,0.151568904344223,9
"set4_10_15775_766_EN_Ep5","set4_10_15775_766_EN_Ep",9,0.078842271981207,9
"set4_10_15777_767_IBC_Ep5","set4_10_15777_767_IBC_Ep",6,0.100998179150199,9
"set4_10_15779_767_DCIS_Ep5","set4_10_15779_767_DCIS_Ep",6,0.0876725844066285,9
"set4_10_15781_767_AM_2_Ep5","set4_10_15781_767_AM_2_Ep",7,0.150941318998429,9
"set4_10_15783_767_ADH_Ep5","set4_10_15783_767_ADH_Ep",5,0.0741837495745755,9
"set4_10_15787_767_NL_Ep5","set4_10_15787_767_NL_Ep",3,0.0549625187296448,9
"set4_10_15789_768_IBC_Ep5","set4_10_15789_768_IBC_Ep",1,0.0979986382485397,9
"set4_10_15791_768_NL_Ep5","set4_10_15791_768_NL_Ep",2,0.0585586743844651,9
"set4_10_15795_768_EN_2_Ep5","set4_10_15795_768_EN_2_Ep",7,0.0832532038982683,9
"set4_10_15797_768_EN_3_Ep5","set4_10_15797_768_EN_3_Ep",3,0.0546127897828538,9
"set4_10_15799_769_IBC_Ep5","set4_10_15799_769_IBC_Ep",6,0.0994745035702903,9
"set4_10_15801_769_DCIS_1_Ep5","set4_10_15801_769_DCIS_1_Ep",6,0.0668862098819695,9
"set4_10_15805_769_EN_1_Ep5","set4_10_15805_769_EN_1_Ep",9,0.0690526863354891,9
"set4_10_15809_769_NL_Ep5","set4_10_15809_769_NL_Ep",2,0.0743404495904656,9
"set4_10_15811_769_EN_4_Ep5","set4_10_15811_769_EN_4_Ep",5,0.0767759895273451,9
"set4_10_15817_769_AM_Ep5","set4_10_15817_769_AM_Ep",7,0.164430464232851,9
"set4_10_15785_767_AM_1_Ep5","set4_10_15785_767_AM_1_Ep",7,0.159646567962524,9
"set4_10_15793_768_EN_1_Ep5","set4_10_15793_768_EN_1_Ep",5,0.0965595314506275,9
"set4_10_15803_769_DCIS_2_Ep5","set4_10_15803_769_DCIS_2_Ep",1,0.0747656639414961,9
"set4_10_15807_769_EN_3_Ep5","set4_10_15807_769_EN_3_Ep",9,0.0881465712762617,9
"set4_10_15815_769_EN_6_Ep5","set4_10_15815_769_EN_6_Ep",9,0.0680334166187023,9
"set4_10_15819_770_DCIS_Ep5","set4_10_15819_770_DCIS_Ep",4,0.140007335060803,9
"set4_10_15821_770_IBC_Ep5","set4_10_15821_770_IBC_Ep",4,0.137242535871178,9
"set4_10_15823_770_EN_1_Ep5","set4_10_15823_770_EN_1_Ep",5,0.0751884206988951,9
"set4_10_15825_770_NL_Ep5","set4_10_15825_770_NL_Ep",2,0.0634741639052326,9
"set4_10_15829_771_EN_4_Ep5","set4_10_15829_771_EN_4_Ep",5,0.0664452670026367,9
"set4_10_15835_771_DCIS_3_Ep5","set4_10_15835_771_DCIS_3_Ep",6,0.0910544415653009,9
"set4_10_15831_771_NL_Ep5","set4_10_15831_771_NL_Ep",2,0.0813657055836241,9
"set4_10_15833_771_EN_2_Ep5","set4_10_15833_771_EN_2_Ep",9,0.0853388267235415,9
"set4_10_15839_771_DCIS_1_Ep5","set4_10_15839_771_DCIS_1_Ep",6,0.119622715966119,9
"set4_10_15843_771_IBC_Ep5","set4_10_15843_771_IBC_Ep",6,0.113004156032867,9
"set4_10_15727_761_EN_2_Ep5","set4_10_15727_761_EN_2_Ep",5,0.0626410384063382,9
"set4_10_15743_763_NL_2_Ep5","set4_10_15743_763_NL_2_Ep",2,0.0845928445134897,9
"set4_10_15763_765_EN_2_Ep5","set4_10_15763_765_EN_2_Ep",2,0.0624507728369448,9
"set4_10_15813_769_EN_5_Ep5","set4_10_15813_769_EN_5_Ep",9,0.0738667594924432,9
"set4_10_15827_771_EN_3_Ep5","set4_10_15827_771_EN_3_Ep",9,0.0987666813659017,9
"set4_10_15837_771_EN_1_Ep5","set4_10_15837_771_EN_1_Ep",9,0.0969789818810902,9
"set4_10_15841_771_DCIS_2_Ep5","set4_10_15841_771_DCIS_2_Ep",6,0.100616257718807,9
"set4_10_15845_772_IBC_Ep5","set4_10_15845_772_IBC_Ep",6,0.0830953086570857,9
"set4_10_15847_772_DCIS_1_Ep5","set4_10_15847_772_DCIS_1_Ep",6,0.0764489118170658,9
"set4_10_15849_772_DCIS_2_Ep5","set4_10_15849_772_DCIS_2_Ep",6,0.0777935030901381,9
"set4_10_15851_772_EN_1_Ep5","set4_10_15851_772_EN_1_Ep",6,0.059236818921929,9
"set4_10_15853_772_EN_2_Ep5","set4_10_15853_772_EN_2_Ep",2,0.0698422179670286,9
"set4_10_15855_772_EN_3_Ep5","set4_10_15855_772_EN_3_Ep",6,0.0641012202834135,9
"set4_10_15857_772_EN_4_Ep5","set4_10_15857_772_EN_4_Ep",2,0.063813064981679,9
"set4_10_15859_772_NL_Ep5","set4_10_15859_772_NL_Ep",2,0.0834146379788421,9
"set1_3_11770_354_EN_E_S1_R1_0016","set1_3_11770_354_EN_E_S1_R1_001",2,0.0762844230362252,10
"set1_3_11772_354_IDC_E_S3_R1_0016","set1_3_11772_354_IDC_E_S3_R1_001",4,0.0898486955688428,10
"set1_3_11774_354_RS1_E_center_S5_R1_0016","set1_3_11774_354_RS1_E_center_S5_R1_001",2,0.0689568503566152,10
"set1_3_11776_354_RS1_E_peripheral_S7_R1_0016","set1_3_11776_354_RS1_E_peripheral_S7_R1_001",2,0.0674148615251764,10
"set1_3_11778_354_RS2_E_center_S9_R1_0016","set1_3_11778_354_RS2_E_center_S9_R1_001",2,0.0770806961133275,10
"set1_3_11780_354_RS2_E_peripheral_S11_R1_0016","set1_3_11780_354_RS2_E_peripheral_S11_R1_001",2,0.0640514679518108,10
"set1_3_11782_354_NL_E_S13_R1_0016","set1_3_11782_354_NL_E_S13_R1_001",5,0.0565935078477696,10
"set1_3_11784_355_RS1_E_center_S15_R1_0016","set1_3_11784_355_RS1_E_center_S15_R1_001",2,0.0720627122655698,10
"set1_3_11786_355_RS1_E_peripheral_S17_R1_0016","set1_3_11786_355_RS1_E_peripheral_S17_R1_001",5,0.0570247533453206,10
"set1_3_11789_355_RS2_E_center_S20_R1_0016","set1_3_11789_355_RS2_E_center_S20_R1_001",2,0.0704854077069374,10
"set1_3_11791_355_RS2_E_peripheral_S22_R1_0016","set1_3_11791_355_RS2_E_peripheral_S22_R1_001",5,0.0669023254914617,10
"set1_3_11794_355_NL_E_S25_R1_0016","set1_3_11794_355_NL_E_S25_R1_001",5,0.0631948843285308,10
"set1_3_11796_355_RS3_E_center_S27_R1_0016","set1_3_11796_355_RS3_E_center_S27_R1_001",2,0.0718724562449079,10
"set1_3_11798_355_RS3_E_peripheral_S29_R1_0016","set1_3_11798_355_RS3_E_peripheral_S29_R1_001",2,0.0603629891800406,10
"set1_3_11800_356_NL_E_S31_R1_0016","set1_3_11800_356_NL_E_S31_R1_001",5,0.0581831455312853,10
"set1_3_11802_356_RS1_E_center_S32_R1_0016","set1_3_11802_356_RS1_E_center_S32_R1_001",2,0.0727870391947751,10
"set1_3_11804_356_RS1_E_peripheral_S34_R1_0016","set1_3_11804_356_RS1_E_peripheral_S34_R1_001",2,0.0657546581246959,10
"set1_3_11806_357_NL_E_S50_R1_0016","set1_3_11806_357_NL_E_S50_R1_001",5,0.044342846896795,10
"set1_3_11808_357_RS1_E_center_S32_R1_0016","set1_3_11808_357_RS1_E_center_S32_R1_001",2,0.0452577840131252,10
"set1_3_11810_357_RS1_E_peripheral_S5_R1_0016","set1_3_11810_357_RS1_E_peripheral_S5_R1_001",5,0.0431465248300253,10
"set1_3_11813_358_NL_E_S36_R1_0016","set1_3_11813_358_NL_E_S36_R1_001",4,0.0657677544854324,10
"set1_3_11815_358_EN_E_S38_R1_0016","set1_3_11815_358_EN_E_S38_R1_001",4,0.0595894484665195,10
"set1_3_11817_358_RS1_E_center_S40_R1_0016","set1_3_11817_358_RS1_E_center_S40_R1_001",2,0.0644488505170221,10
"set1_3_11819_358_RS1_E_peripheral_S42_R1_0016","set1_3_11819_358_RS1_E_peripheral_S42_R1_001",5,0.0587910156472381,10
"set1_3_11821_358_IBC_E_S44_R1_0016","set1_3_11821_358_IBC_E_S44_R1_001",3,0.0671744801483777,10
"set1_3_11823_358_RS2_E_center_S46_R1_0016","set1_3_11823_358_RS2_E_center_S46_R1_001",2,0.0510451770782417,10
"set1_3_11825_358_RS2_E_peripheral_S48_R1_0016","set1_3_11825_358_RS2_E_peripheral_S48_R1_001",5,0.0647194034587471,10
"set1_3_11827_359_RS1_E_center_S50_R1_0016","set1_3_11827_359_RS1_E_center_S50_R1_001",2,0.0719115474899555,10
"set1_3_11829_359_RS1_E_peripheral_S52_R1_0016","set1_3_11829_359_RS1_E_peripheral_S52_R1_001",9,0.0663415927554939,10
"set1_3_11831_359_NL_E_S54_R1_0016","set1_3_11831_359_NL_E_S54_R1_001",5,0.0588323081010715,10
"set1_3_11833_359_RS2_E_center_S55_R1_0016","set1_3_11833_359_RS2_E_center_S55_R1_001",2,0.0683880276053574,10
"set1_3_11835_359_RS2_E_peripheral_S57_R1_0016","set1_3_11835_359_RS2_E_peripheral_S57_R1_001",5,0.058686272020177,10
"set1_3_11837_359_IDC_E_S59_R1_0016","set1_3_11837_359_IDC_E_S59_R1_001",4,0.0735820174964524,10
"set1_3_11838_360_RS1_E_center_S4_R1_0016","set1_3_11838_360_RS1_E_center_S4_R1_001",4,0.0623114687220693,10
"set1_3_11840_360_RS1_E_peripheral_S8_R1_0016","set1_3_11840_360_RS1_E_peripheral_S8_R1_001",4,0.0521905775913225,10
"set1_3_11842_360_NL_E_S3_R1_0016","set1_3_11842_360_NL_E_S3_R1_001",5,0.0457347154923121,10
"set1_3_11844_361_RS1_E_center_S34_R1_0016","set1_3_11844_361_RS1_E_center_S34_R1_001",5,0.0437343623703068,10
"set1_3_11846_361_RS1_E_peripheral_S7_R1_0016","set1_3_11846_361_RS1_E_peripheral_S7_R1_001",4,0.0438760804660735,10
"set1_3_11848_361_RS2_E_center_S18_R1_0016","set1_3_11848_361_RS2_E_center_S18_R1_001",2,0.0461569886969505,10
"set1_3_11850_361_RS2_E_peripheral_S10_R1_0016","set1_3_11850_361_RS2_E_peripheral_S10_R1_001",5,0.0406271849149765,10
"set1_3_11852_361_RS4_E_center_S9_R1_0016","set1_3_11852_361_RS4_E_center_S9_R1_001",2,0.0436406237697738,10
"set1_3_11854_361_RS4_E_peripheral_S11_R1_0016","set1_3_11854_361_RS4_E_peripheral_S11_R1_001",5,0.0555926973388195,10
"set1_3_11856_361_RS3_E_center_S21_R1_0016","set1_3_11856_361_RS3_E_center_S21_R1_001",2,0.0457710261924767,10
"set1_3_11858_361_RS3_E_peripheral_S13_R1_0016","set1_3_11858_361_RS3_E_peripheral_S13_R1_001",2,0.0480738025123829,10
"set1_3_11860_361_NL_E_S49_R1_0016","set1_3_11860_361_NL_E_S49_R1_001",5,0.0375689021985194,10
"set1_3_11862_362_RS1_E_center_S55_R1_0016","set1_3_11862_362_RS1_E_center_S55_R1_001",2,0.0403344774352639,10
"set1_3_11864_362_RS1_E_peripheral_S39_R1_0016","set1_3_11864_362_RS1_E_peripheral_S39_R1_001",5,0.0442296863029255,10
"set1_3_11867_363_RS1_E_center_S15_R1_0016","set1_3_11867_363_RS1_E_center_S15_R1_001",2,0.0470710874493868,10
"set1_3_11869_363_RS1_E_peripheral_S14_R1_0016","set1_3_11869_363_RS1_E_peripheral_S14_R1_001",5,0.0459161432249942,10
"set1_3_11871_363_NL_E_S47_R1_0016","set1_3_11871_363_NL_E_S47_R1_001",5,0.0459582123642847,10
"set1_3_11873_363_IDC_E_S30_R1_0016","set1_3_11873_363_IDC_E_S30_R1_001",4,0.0368787468653187,10
"set1_3_11874_364_RS1_E_center_S38_R1_0016","set1_3_11874_364_RS1_E_center_S38_R1_001",5,0.0377614623560262,10
"set1_3_11876_364_RS1_E_peripheral_S16_R1_0016","set1_3_11876_364_RS1_E_peripheral_S16_R1_001",4,0.0368572817561866,10
"set1_3_11878_364_NL_E_S19_R1_0016","set1_3_11878_364_NL_E_S19_R1_001",9,0.0414782700794707,10
"set1_3_11880_364_RS2_E_center_S12_R1_0016","set1_3_11880_364_RS2_E_center_S12_R1_001",4,0.0391741103058845,10
"set1_3_11882_364_RS2_E_peripheral_S6_R1_0016","set1_3_11882_364_RS2_E_peripheral_S6_R1_001",2,0.0322885859242519,10
"set1_3_11885_364_NL_E_S22_R1_0016","set1_3_11885_364_NL_E_S22_R1_001",9,0.0379796858890502,10
"set1_3_13813_552_IBC_Ep_16","set1_3_13813_552_IBC_Ep_1",6,0.0520590709862822,10
"set1_3_13815_552_EN_Ep_16","set1_3_13815_552_EN_Ep_1",5,0.0707662880613805,10
"set1_3_13819_552_NL_Ep6","set1_3_13819_552_NL_Ep",5,0.0579935721442718,10
"set1_3_13821_551_IBC_Ep_26","set1_3_13821_551_IBC_Ep_2",8,0.105560101574847,10
"set1_3_13823_551_AM_Ep6","set1_3_13823_551_AM_Ep",2,0.0790361297859725,10
"set1_3_13825_551_UDH_Ep6","set1_3_13825_551_UDH_Ep",8,0.0883871572097486,10
"set1_3_13826_551_NL_Ep6","set1_3_13826_551_NL_Ep",5,0.0723956663773708,10
"set1_3_13828_551_DCIS_Ep6","set1_3_13828_551_DCIS_Ep",3,0.112000116881624,10
"set1_3_13830_550_ADH_Ep_16","set1_3_13830_550_ADH_Ep_1",3,0.0777813537856636,10
"set1_3_13832_550_IBC_Ep_16","set1_3_13832_550_IBC_Ep_1",3,0.0771684727075982,10
"set1_3_13834_550_AM_Ep_26","set1_3_13834_550_AM_Ep_2",8,0.118384326657679,10
"set1_3_13836_550_DCIS_Ep_16","set1_3_13836_550_DCIS_Ep_1",3,0.0842978971138348,10
"set1_3_13838_550_CCC_Ep6","set1_3_13838_550_CCC_Ep",5,0.0759281411266954,10
"set1_3_13840_549_DCIS_Ep6","set1_3_13840_549_DCIS_Ep",1,0.0564876876922122,10
"set1_3_13842_549_IBC_Ep6","set1_3_13842_549_IBC_Ep",1,0.0621816745235484,10
"set1_3_13844_549_IN_Ep6","set1_3_13844_549_IN_Ep",5,0.0569620862919771,10
"set1_3_13846_550_IBC_Ep_26","set1_3_13846_550_IBC_Ep_2",3,0.0852914477447524,10
"set1_3_13848_550_DCIS_Ep_26","set1_3_13848_550_DCIS_Ep_2",3,0.0970424016078097,10
"set1_3_13850_549_IP_Ep6","set1_3_13850_549_IP_Ep",2,0.0692186895741179,10
"set1_3_13852_549_MC_Ep6","set1_3_13852_549_MC_Ep",5,0.0591523423594257,10
"set1_3_13854_549_NL_Ep6","set1_3_13854_549_NL_Ep",5,0.069980689124774,10
"set1_3_13856_549_AM_Ep6","set1_3_13856_549_AM_Ep",8,0.12788479022864,10
"set1_3_13858_548_DCIS_Ep6","set1_3_13858_548_DCIS_Ep",6,0.0593709906174912,10
"set1_3_13860_548_IBC_Ep6","set1_3_13860_548_IBC_Ep",6,0.0539135309178191,10
"set1_3_13862_547_NL_Ep6","set1_3_13862_547_NL_Ep",9,0.0733921235091152,10
"set1_3_13864_547_CCC_Ep_16","set1_3_13864_547_CCC_Ep_1",5,0.0723410297701337,10
"set1_3_13866_547_CCH_Ep_16","set1_3_13866_547_CCH_Ep_1",5,0.0712178075111032,10
"set1_3_13868_547_IBC_Ep_16","set1_3_13868_547_IBC_Ep_1",5,0.0587782956551939,10
"set1_3_13870_547_DCIS_Ep6","set1_3_13870_547_DCIS_Ep",6,0.0676212457451783,10
"set1_3_13872_547_CCC_Ep_26","set1_3_13872_547_CCC_Ep_2",5,0.0636285110536547,10
"set1_3_13876_547_CCC_Ep_36","set1_3_13876_547_CCC_Ep_3",5,0.0626072868676072,10
"set1_3_13878_547_IBC_Ep_26","set1_3_13878_547_IBC_Ep_2",5,0.0635150802897228,10
"set1_3_13880_547_NL_Ep6","set1_3_13880_547_NL_Ep",5,0.0560740761224375,10
"set1_3_13882_546_NL_Ep6","set1_3_13882_546_NL_Ep",5,0.0676833112479926,10
"set1_3_13884_546_ALH_Ep6","set1_3_13884_546_ALH_Ep",4,0.0846574066086405,10
"set1_3_13886_546_IBC_Ep6","set1_3_13886_546_IBC_Ep",1,0.122194641535942,10
"set1_3_13888_546_LIN_Ep6","set1_3_13888_546_LIN_Ep",5,0.0617358461579368,10
"set1_3_13890_546_CCH_Ep6","set1_3_13890_546_CCH_Ep",4,0.0973788528439181,10
"set1_3_13892_546_HIN_Ep6","set1_3_13892_546_HIN_Ep",5,0.0593407622291682,10
"set1_3_13894_546_MIN_Ep6","set1_3_13894_546_MIN_Ep",9,0.0690499721800344,10
"set1_3_13896_545_CCC_Ep_16","set1_3_13896_545_CCC_Ep_1",4,0.059343633087928,10
"set1_3_13898_545_ADH_Ep6","set1_3_13898_545_ADH_Ep",4,0.0679985168730654,10
"set1_3_13900_545_UDH_Ep_16","set1_3_13900_545_UDH_Ep_1",5,0.0686227755173815,10
"set1_3_13902_545_AM_Ep_16","set1_3_13902_545_AM_Ep_1",8,0.117284890748956,10
"set1_3_13904_545_IBC_Ep6","set1_3_13904_545_IBC_Ep",8,0.0974100398031905,10
"set1_3_13906_545_DCIS_Ep_16","set1_3_13906_545_DCIS_Ep_1",8,0.100089799185238,10
"set1_3_13908_545_CCC_Ep_26","set1_3_13908_545_CCC_Ep_2",5,0.0656887217648825,10
"set1_3_13910_545_AM_Ep_26","set1_3_13910_545_AM_Ep_2",8,0.15074261216806,10
"set1_3_13912_545_UDH_Ep_26","set1_3_13912_545_UDH_Ep_2",5,0.07689154642415,10
"set1_3_13914_545_NL_Ep6","set1_3_13914_545_NL_Ep",5,0.0795114757136288,10
"set1_3_13916_545_DCIS_Ep_26","set1_3_13916_545_DCIS_Ep_2",8,0.126305899750466,10
"set1_3_13918_545_LVI_Ep6","set1_3_13918_545_LVI_Ep",8,0.114150795611446,10
"set1_3_13920_544_MC_Ep6","set1_3_13920_544_MC_Ep",5,0.0584737402591137,10
"set1_3_13922_544_NL_Ep6","set1_3_13922_544_NL_Ep",5,0.0740682481637928,10
"set1_3_13924_544_DCIS_Ep_16","set1_3_13924_544_DCIS_Ep_1",3,0.105612540322366,10
"set1_3_13926_544_DCIS_Ep_26","set1_3_13926_544_DCIS_Ep_2",3,0.0962716052255857,10
"set1_3_13928_544_IBC_Ep6","set1_3_13928_544_IBC_Ep",3,0.123031634155568,10
"set1_3_13930_544_DCIS_Ep_36","set1_3_13930_544_DCIS_Ep_3",3,0.0994684017494751,10
"set1_3_13932_543_CCH_Ep_16","set1_3_13932_543_CCH_Ep_1",5,0.0721455562770921,10
"set1_3_13934_543_CCH_Ep_26","set1_3_13934_543_CCH_Ep_2",5,0.0764329660321495,10
"set1_3_13936_568_AM_Ep6","set1_3_13936_568_AM_Ep",8,0.144915026205645,10
"set1_3_13938_568_NL_Ep6","set1_3_13938_568_NL_Ep",9,0.0521753379210475,10
"set1_3_13940_568_IBC_Ep6","set1_3_13940_568_IBC_Ep",3,0.0979283330882065,10
"set1_3_13942_568_DCIS_Ep6","set1_3_13942_568_DCIS_Ep",3,0.111986358873612,10
"set1_3_13944_569_CCC_Ep6","set1_3_13944_569_CCC_Ep",5,0.0768076370033331,10
"set1_3_13946_570_CCC_Ep_16","set1_3_13946_570_CCC_Ep_1",4,0.0847907730042749,10
"set1_3_13948_570_IBC_Ep6","set1_3_13948_570_IBC_Ep",4,0.0753037423090281,10
"set1_3_13950_570_DCIS_Ep6","set1_3_13950_570_DCIS_Ep",4,0.0793113174668322,10
"set1_3_13952_570_ADH_Ep_16","set1_3_13952_570_ADH_Ep_1",4,0.0697006957568021,10
"set1_3_13954_570_NL_Ep6","set1_3_13954_570_NL_Ep",9,0.0763266665171208,10
"set1_3_13956_570_CCC_Ep_26","set1_3_13956_570_CCC_Ep_2",4,0.081243374798912,10
"set1_3_13958_570_CCH_Ep6","set1_3_13958_570_CCH_Ep",4,0.0737222398628691,10
"set1_3_13960_570_ADH_Ep_26","set1_3_13960_570_ADH_Ep_2",4,0.082842055312062,10
"set1_3_13962_569_IBC_Ep6","set1_3_13962_569_IBC_Ep",6,0.0654948760434302,10
"set1_3_13966_567_ADH_Ep6","set1_3_13966_567_ADH_Ep",5,0.0757496095512731,10
"set1_3_13968_567_DCIS_Ep6","set1_3_13968_567_DCIS_Ep",6,0.0549405998232905,10
"set1_3_13970_567_IBC_Ep6","set1_3_13970_567_IBC_Ep",7,0.0709970046083498,10
"set1_3_13972_567_NL_Ep6","set1_3_13972_567_NL_Ep",9,0.0711397159116385,10
"set1_3_13974_569_NL_Ep6","set1_3_13974_569_NL_Ep",5,0.067979537540091,10
"set1_3_13976_565_EN_Ep6","set1_3_13976_565_EN_Ep",5,0.0671591574050998,10
"set1_3_13978_565_DCIS_Ep6","set1_3_13978_565_DCIS_Ep",1,0.0840768918888818,10
"set1_3_13980_565_NL_Ep6","set1_3_13980_565_NL_Ep",9,0.0721608590084432,10
"set1_3_13982_561_DCIS_Ep6","set1_3_13982_561_DCIS_Ep",6,0.0671093732446358,10
"set1_3_13984_561_IBC_Ep6","set1_3_13984_561_IBC_Ep",7,0.0786131177429949,10
"set1_3_13986_561_NL_Ep6","set1_3_13986_561_NL_Ep",4,0.0732209475338681,10
"set1_3_13987_562_DCIS_Ep_16","set1_3_13987_562_DCIS_Ep_1",6,0.0628495108087419,10
"set1_3_13989_562_NL_Ep_16","set1_3_13989_562_NL_Ep_1",9,0.0657155252051456,10
"set1_3_13991_562_DCIS_Ep_26","set1_3_13991_562_DCIS_Ep_2",6,0.0652873687783495,10
"set1_3_13993_562_NL_Ep_26","set1_3_13993_562_NL_Ep_2",5,0.052422748070021,10
"set1_3_13995_563_NL_Ep6","set1_3_13995_563_NL_Ep",5,0.0591621240704146,10
"set1_3_13999_563_EN_Ep6","set1_3_13999_563_EN_Ep",5,0.0813845671049219,10
"set1_3_14001_553_DCIS_Ep6","set1_3_14001_553_DCIS_Ep",3,0.0924342890993142,10
"set1_3_14003_553_IBC_Ep6","set1_3_14003_553_IBC_Ep",3,0.0788699627776043,10
"set1_3_14005_553_NL_Ep_16","set1_3_14005_553_NL_Ep_1",5,0.0716660755734209,10
"set1_3_14007_553_EN_Ep6","set1_3_14007_553_EN_Ep",5,0.0745608654822647,10
"set1_3_14009_553_AM_Ep6","set1_3_14009_553_AM_Ep",5,0.069085082889779,10
"set1_3_14011_553_NL_Ep_26","set1_3_14011_553_NL_Ep_2",5,0.0575106407145944,10
"set1_3_14012_560_CCC_Ep6","set1_3_14012_560_CCC_Ep",5,0.0760200541722895,10
"set1_3_14014_560_AM_Ep6","set1_3_14014_560_AM_Ep",8,0.135710718952893,10
"set1_3_14016_560_NL_Ep_16","set1_3_14016_560_NL_Ep_1",5,0.0689153827552524,10
"set1_3_14018_560_NL_Ep_26","set1_3_14018_560_NL_Ep_2",5,0.074558070158124,10
"set1_3_14020_560_IBC_Ep_16","set1_3_14020_560_IBC_Ep_1",1,0.086411482463217,10
"set1_3_14022_560_SA_Ep6","set1_3_14022_560_SA_Ep",5,0.0631749776462659,10
"set1_3_14024_560_NL_Ep6","set1_3_14024_560_NL_Ep",9,0.0565105493314419,10
"set1_3_14025_560_IBC_Ep_26","set1_3_14025_560_IBC_Ep_2",7,0.0661243113779052,10
"set1_3_14027_572_IP_Ep6","set1_3_14027_572_IP_Ep",5,0.0619549558802976,10
"set1_3_14028_572_UDH_Ep6","set1_3_14028_572_UDH_Ep",8,0.0728463743243774,10
"set1_3_14034_572_IBC_Ep6","set1_3_14034_572_IBC_Ep",6,0.0609933555461463,10
"set1_3_14036_571_NL_Ep6","set1_3_14036_571_NL_Ep",5,0.0490475194190877,10
"set1_3_14038_571_EN_Ep6","set1_3_14038_571_EN_Ep",1,0.118151578585646,10
"set1_3_14040_571_DCISw_Ep6","set1_3_14040_571_DCISw_Ep",1,0.0872496666308035,10
"set1_3_14042_571_DCIS_Ep6","set1_3_14042_571_DCIS_Ep",1,0.0943661275983314,10
"set1_3_14044_571_IBC_Ep_16","set1_3_14044_571_IBC_Ep_1",1,0.103824400112479,10
"set1_3_14046_571_IBC_Ep_26","set1_3_14046_571_IBC_Ep_2",1,0.081229544070533,10
"set1_3_14048_566_IBC_Ep6","set1_3_14048_566_IBC_Ep",1,0.101911350590259,10
"set1_3_14050_566_DCIS_Ep6","set1_3_14050_566_DCIS_Ep",1,0.0797789756398786,10
"set1_3_14052_566_UDH_Ep6","set1_3_14052_566_UDH_Ep",4,0.069993828090792,10
"set1_3_14054_566_CCC_Ep_16","set1_3_14054_566_CCC_Ep_1",5,0.0696630780788051,10
"set1_3_14056_566_CCC_Ep_26","set1_3_14056_566_CCC_Ep_2",5,0.0665743170034037,10
"set1_3_14058_566_AM_Ep6","set1_3_14058_566_AM_Ep",8,0.141693720641546,10
"set1_3_14060_566_NL_Ep6","set1_3_14060_566_NL_Ep",5,0.0635891732846623,10
"set1_3_14062_564_DCIS_Ep6","set1_3_14062_564_DCIS_Ep",5,0.0698961483980506,10
"set1_3_14064_564_HP_Ep6","set1_3_14064_564_HP_Ep",5,0.0665640892020113,10
"set1_3_14066_564_NL_Ep6","set1_3_14066_564_NL_Ep",9,0.0599576723242139,10
"set1_3_14068_564_IBC_Ep6","set1_3_14068_564_IBC_Ep",5,0.0672964495975437,10
"set1_3_14070_559_DCIS_Ep6","set1_3_14070_559_DCIS_Ep",6,0.0712502463112893,10
"set1_3_14072_559_IBC_Ep6","set1_3_14072_559_IBC_Ep",6,0.0823399286756725,10
"set1_3_14074_559_CCH_Ep6","set1_3_14074_559_CCH_Ep",5,0.0668032269007922,10
"set1_3_14076_559_AM_Ep6","set1_3_14076_559_AM_Ep",8,0.14454827996805,10
"set1_3_14080_558_IBC_Ep6","set1_3_14080_558_IBC_Ep",1,0.061297349131331,10
"set1_3_14082_558_NL_Ep_16","set1_3_14082_558_NL_Ep_1",5,0.0541090596829058,10
"set1_3_14084_558_DCIS_Ep_16","set1_3_14084_558_DCIS_Ep_1",1,0.0650898247012203,10
"set1_3_14086_558_DCIS_Ep_26","set1_3_14086_558_DCIS_Ep_2",5,0.0542473773584929,10
"set1_3_14088_558_IN_Ep6","set1_3_14088_558_IN_Ep",5,0.0554760187073052,10
"set1_3_14092_557_IBC_Ep6","set1_3_14092_557_IBC_Ep",7,0.0656198163667407,10
"set1_3_14094_557_DCIS_Ep6","set1_3_14094_557_DCIS_Ep",6,0.0688786868469098,10
"set1_3_14096_556_IBC_Ep_16","set1_3_14096_556_IBC_Ep_1",3,0.0926813774872266,10
"set1_3_14098_556_ADH_Ep_16","set1_3_14098_556_ADH_Ep_1",4,0.0879648439231999,10
"set1_3_14100_556_ADH_Ep_26","set1_3_14100_556_ADH_Ep_2",4,0.10474079861828,10
"set1_3_14102_556_AM_Ep6","set1_3_14102_556_AM_Ep",8,0.130442342381243,10
"set1_3_14104_556_IBC_Ep_26","set1_3_14104_556_IBC_Ep_2",3,0.0941513804471291,10
"set1_3_14108_556_NL_Ep6","set1_3_14108_556_NL_Ep",5,0.060079467929056,10
"set1_3_14110_555_IN_Ep6","set1_3_14110_555_IN_Ep",9,0.0638124828485665,10
"set1_3_14112_555_iIBC_Ep6","set1_3_14112_555_iIBC_Ep",1,0.0686452641230658,10
"set1_3_14114_555_IBC_Ep6","set1_3_14114_555_IBC_Ep",6,0.0642242755747829,10
"set1_3_14116_555_CCC_Ep6","set1_3_14116_555_CCC_Ep",5,0.0865520435028954,10
"set1_3_14118_555_NL_Ep6","set1_3_14118_555_NL_Ep",5,0.0674901375066387,10
"set1_3_14120_554_RS_Ep_16","set1_3_14120_554_RS_Ep_1",5,0.0736957097208912,10
"set1_3_14124_554_EN_Ep6","set1_3_14124_554_EN_Ep",5,0.0623986596887367,10
"set1_3_14126_554_IBC_Ep6","set1_3_14126_554_IBC_Ep",1,0.118530982900347,10
"set1_3_14128_554_UDH_Ep6","set1_3_14128_554_UDH_Ep",5,0.0719106579347896,10
"set1_3_14130_554_DCIS_Ep6","set1_3_14130_554_DCIS_Ep",1,0.0928517308962995,10
"set1_3_14134_554_NL_Ep6","set1_3_14134_554_NL_Ep",5,0.0728586783035824,10
"set4_10_14731_656_IBC_Ep6","set4_10_14731_656_IBC_Ep",1,0.0753199343874802,10
"set4_10_14733_656_BBD_Ep6","set4_10_14733_656_BBD_Ep",10,0.0719441608245814,10
"set4_10_14735_656_NL_Ep6","set4_10_14735_656_NL_Ep",10,0.0566222891742736,10
"set4_10_14737_657_CCC_Ep6","set4_10_14737_657_CCC_Ep",8,0.0809971360983194,10
"set4_10_14739_657_NL_Ep6","set4_10_14739_657_NL_Ep",4,0.0599321977252872,10
"set4_10_14741_657_DCIS_Ep6","set4_10_14741_657_DCIS_Ep",3,0.0981508743779805,10
"set4_10_14744_657_IBC_Ep6","set4_10_14744_657_IBC_Ep",3,0.0906083976749596,10
"set4_10_14745_658_DCIS_Ep6","set4_10_14745_658_DCIS_Ep",1,0.0565415135809454,10
"set4_10_14746_658_IBC_Ep6","set4_10_14746_658_IBC_Ep",1,0.078394448962388,10
"set4_10_14747_658_NL_Ep6","set4_10_14747_658_NL_Ep",9,0.0860684786341024,10
"set4_10_14751_659_DCIS_Ep6","set4_10_14751_659_DCIS_Ep",4,0.0692137634772022,10
"set4_10_14752_659_IBC_Ep6","set4_10_14752_659_IBC_Ep",3,0.0622016724641952,10
"set4_10_14755_659_DCIS_Ep6","set4_10_14755_659_DCIS_Ep",4,0.0687878095785878,10
"set4_10_14757_659_NL_Ep6","set4_10_14757_659_NL_Ep",9,0.0627535830578225,10
"set4_10_14791_663_DCIS_Ep6","set4_10_14791_663_DCIS_Ep",4,0.0636874933608908,10
"set4_10_14793_663_IBC_Ep6","set4_10_14793_663_IBC_Ep",7,0.0779158313166566,10
"set4_10_14795_663_NL_Ep6","set4_10_14795_663_NL_Ep",9,0.0627373355018105,10
"set4_10_14759_660_IBC_Ep6","set4_10_14759_660_IBC_Ep",3,0.0942694721093603,10
"set4_10_14761_660_DCIS_Ep6","set4_10_14761_660_DCIS_Ep",3,0.078822311885948,10
"set4_10_14763_660_NL_Ep6","set4_10_14763_660_NL_Ep",2,0.0589359190863482,10
"set4_10_14765_660_LVI_Ep6","set4_10_14765_660_LVI_Ep",3,0.102890061667688,10
"set4_10_14767_661_IBC_Ep6","set4_10_14767_661_IBC_Ep",1,0.0921590598845878,10
"set4_10_14769_661_AM_Ep6","set4_10_14769_661_AM_Ep",8,0.147481565628916,10
"set4_10_14771_661_ADH_Ep6","set4_10_14771_661_ADH_Ep",4,0.0747178465709466,10
"set4_10_14773_661_DCIS_Ep6","set4_10_14773_661_DCIS_Ep",4,0.124784803580681,10
"set4_10_14775_661_ADH_Ep6","set4_10_14775_661_ADH_Ep",4,0.0746343314325296,10
"set4_10_14777_661_NL_Ep6","set4_10_14777_661_NL_Ep",10,0.0757712096135603,10
"set4_10_14779_662_DCIS.1_Ep6","set4_10_14779_662_DCIS.1_Ep",6,0.0921336489039107,10
"set4_10_14781_662_MIV.1_Ep6","set4_10_14781_662_MIV.1_Ep",6,0.0751096230132408,10
"set4_10_14783_662_DCIS.2_Ep6","set4_10_14783_662_DCIS.2_Ep",6,0.0813366917310771,10
"set4_10_14785_662_MIV.2_Ep6","set4_10_14785_662_MIV.2_Ep",7,0.0733555922250423,10
"set4_10_14787_662_DCIS.3_Ep6","set4_10_14787_662_DCIS.3_Ep",6,0.0931052828123021,10
"set4_10_14789_662_IBC_Ep6","set4_10_14789_662_IBC_Ep",6,0.0829188991388293,10
"set4_10_14909_676_DCIS.2_Ep6","set4_10_14909_676_DCIS.2_Ep",8,0.100239954372909,10
"set4_10_14797_664_AM_Ep6","set4_10_14797_664_AM_Ep",8,0.165383823855573,10
"set4_10_14798_664_BBD_Ep6","set4_10_14798_664_BBD_Ep",10,0.0612827008191443,10
"set4_10_14800_664_IBC_Ep6","set4_10_14800_664_IBC_Ep",1,0.0803474516570153,10
"set4_10_14802_664_ADH_Ep6","set4_10_14802_664_ADH_Ep",10,0.0573453035659086,10
"set4_10_14804_664_NL_Ep6","set4_10_14804_664_NL_Ep",9,0.0962245488525726,10
"set4_10_14805_665_IBC_Ep6","set4_10_14805_665_IBC_Ep",7,0.0656291147153253,10
"set4_10_14807_665_inf_NL_Ep6","set4_10_14807_665_inf_NL_Ep",1,0.0593431978952141,10
"set4_10_14809_665_DCIS_Ep6","set4_10_14809_665_DCIS_Ep",1,0.0682452310108804,10
"set4_10_14810_665_NL_Ep6","set4_10_14810_665_NL_Ep",9,0.0578888279318921,10
"set4_10_14812_666_IBC_Ep6","set4_10_14812_666_IBC_Ep",1,0.0576638292514953,10
"set4_10_14813_666_DCIS_Ep6","set4_10_14813_666_DCIS_Ep",6,0.0522450673488849,10
"set4_10_14816_666_NL_Ep6","set4_10_14816_666_NL_Ep",9,0.0605401945080925,10
"set4_10_14818_666_BBD_Ep6","set4_10_14818_666_BBD_Ep",4,0.054792600365899,10
"set4_10_14853_671_UDH_Ep6","set4_10_14853_671_UDH_Ep",2,0.0596527586299215,10
"set4_10_14855_671_AM_Ep6","set4_10_14855_671_AM_Ep",8,0.14596283002187,10
"set4_10_14856_671_DCIS_Ep6","set4_10_14856_671_DCIS_Ep",6,0.06814990636907,10
"set4_10_14857_671_IBC_Ep6","set4_10_14857_671_IBC_Ep",7,0.0611278148666561,10
"set4_10_14862_671_CCC_Ep6","set4_10_14862_671_CCC_Ep",10,0.0638318015815931,10
"set4_10_14820_667_IBC_Ep6","set4_10_14820_667_IBC_Ep",6,0.0629152837760115,10
"set4_10_14821_667_DCIS_Ep6","set4_10_14821_667_DCIS_Ep",1,0.0517632963325213,10
"set4_10_14822_667_NL_Ep6","set4_10_14822_667_NL_Ep",2,0.0525790561395717,10
"set4_10_14826_668_IBC_Ep6","set4_10_14826_668_IBC_Ep",6,0.0643413267078515,10
"set4_10_14828_668_DCIS_Ep6","set4_10_14828_668_DCIS_Ep",4,0.0804094374501108,10
"set4_10_14829_668_NL_Ep6","set4_10_14829_668_NL_Ep",9,0.080429415099802,10
"set4_10_14830_668_EN_Ep6","set4_10_14830_668_EN_Ep",8,0.0750627372399973,10
"set4_10_14833_669_IBC_Ep6","set4_10_14833_669_IBC_Ep",7,0.0722409389418552,10
"set4_10_14834_669_NL_Ep6","set4_10_14834_669_NL_Ep",9,0.0527313380646038,10
"set4_10_14837_669_DCIS_Ep6","set4_10_14837_669_DCIS_Ep",6,0.0516738714726479,10
"set4_10_14839_670_EN_Ep6","set4_10_14839_670_EN_Ep",4,0.0569455688604523,10
"set4_10_14840_670_DCIS_Ep6","set4_10_14840_670_DCIS_Ep",8,0.109864632214424,10
"set4_10_14843_670_DCIS_Ep6","set4_10_14843_670_DCIS_Ep",8,0.12083578291159,10
"set4_10_14844_670_IBC_Ep6","set4_10_14844_670_IBC_Ep",8,0.120961455106127,10
"set4_10_14847_670_BBD_Ep6","set4_10_14847_670_BBD_Ep",2,0.0529513404662744,10
"set4_10_14848_670_CCC_Ep6","set4_10_14848_670_CCC_Ep",8,0.0546039448407956,10
"set4_10_14849_670_AM_Ep6","set4_10_14849_670_AM_Ep",8,0.0891812278478734,10
"set4_10_14864_672_inf_NL_Ep_S1_R1_0016","set4_10_14864_672_inf_NL_Ep_S1_R1_001",10,0.0645380872145099,10
"set4_10_14866_672_IBC_Ep_2_S3_R1_0016","set4_10_14866_672_IBC_Ep_2_S3_R1_001",7,0.0709165052690143,10
"set4_10_14868_672_IBC_Ep_1_S5_R1_0016","set4_10_14868_672_IBC_Ep_1_S5_R1_001",7,0.0727997106038244,10
"set4_10_14869_672_DCIS_Ep_S6_R1_0016","set4_10_14869_672_DCIS_Ep_S6_R1_001",6,0.0679844313256772,10
"set4_10_14870_672_CaLob_Ep_S7_R1_0016","set4_10_14870_672_CaLob_Ep_S7_R1_001",6,0.0600522503341893,10
"set4_10_14873_672_NL_Ep_S10_R1_0016","set4_10_14873_672_NL_Ep_S10_R1_001",9,0.0770548453417603,10
"set4_10_14875_672_ADH_Ep_S12_R1_0016","set4_10_14875_672_ADH_Ep_S12_R1_001",2,0.074118463825289,10
"set4_10_14876_672_CCC_Ep_S13_R1_0016","set4_10_14876_672_CCC_Ep_S13_R1_001",2,0.0641838967250417,10
"set4_10_14878_673_IBC_Ep_S15_R1_0016","set4_10_14878_673_IBC_Ep_S15_R1_001",7,0.0772544477759948,10
"set4_10_14880_673_DCIS_Ep_S17_R1_0016","set4_10_14880_673_DCIS_Ep_S17_R1_001",1,0.0583299938731798,10
"set4_10_14882_673_NL_Ep_S19_R1_0016","set4_10_14882_673_NL_Ep_S19_R1_001",9,0.0716290660080107,10
"set4_10_14884_673_AM_Ep_S21_R1_0016","set4_10_14884_673_AM_Ep_S21_R1_001",8,0.148679878234836,10
"set4_10_14886_673_CCC_Ep_S23_R1_0016","set4_10_14886_673_CCC_Ep_S23_R1_001",4,0.0734091250745007,10
"set4_10_14888_673_EN_Ep_S25_R1_0016","set4_10_14888_673_EN_Ep_S25_R1_001",2,0.0544664497027685,10
"set4_10_14890_674_DCIS_Ep_S27_R1_0016","set4_10_14890_674_DCIS_Ep_S27_R1_001",8,0.112989453422417,10
"set4_10_14892_674_IBC_Ep_S29_R1_0016","set4_10_14892_674_IBC_Ep_S29_R1_001",3,0.0990443914002024,10
"set4_10_14894_674_BBD_Ep_S31_R1_0016","set4_10_14894_674_BBD_Ep_S31_R1_001",2,0.0652692394852136,10
"set4_10_14899_675_EN1_Ep_S33_R1_0016","set4_10_14899_675_EN1_Ep_S33_R1_001",10,0.0778775494063876,10
"set4_10_14901_675_EN2_Ep6","set4_10_14901_675_EN2_Ep",10,0.0908659507532939,10
"set4_10_14904_675_EN3_Ep6","set4_10_14904_675_EN3_Ep",10,0.0961916745477445,10
"set4_10_14905_675_NL_Ep6","set4_10_14905_675_NL_Ep",10,0.068570125262515,10
"set4_10_14907_675_IBC_Ep6","set4_10_14907_675_IBC_Ep",7,0.097498791157571,10
"set4_10_14908_675_CCC_Ep6","set4_10_14908_675_CCC_Ep",8,0.0956509186431259,10
"set4_10_14922_677_IBC_Ep6","set4_10_14922_677_IBC_Ep",3,0.108617624673637,10
"set4_10_14924_677_DCIS_Ep6","set4_10_14924_677_DCIS_Ep",3,0.11625073615099,10
"set4_10_14926_677_NL_Ep6","set4_10_14926_677_NL_Ep",9,0.0933181655805071,10
"set4_10_14928_677_LVI_Ep6","set4_10_14928_677_LVI_Ep",3,0.102224962999057,10
"set4_10_14930_678_IBC_Ep6","set4_10_14930_678_IBC_Ep",6,0.0652765310665422,10
"set4_10_14932_678_PLC_Ep6","set4_10_14932_678_PLC_Ep",9,0.0928707353773176,10
"set4_10_14934_678_EN_Ep6","set4_10_14934_678_EN_Ep",4,0.0581272233234941,10
"set4_10_14936_678_NL_Ep6","set4_10_14936_678_NL_Ep",9,0.0723917165035574,10
"set4_10_14938_679_IBC_Ep6","set4_10_14938_679_IBC_Ep",6,0.0916783132017374,10
"set4_10_14940_679_DCIS_Ep6","set4_10_14940_679_DCIS_Ep",6,0.0830201680978046,10
"set4_10_14942_679_NL_Ep6","set4_10_14942_679_NL_Ep",9,0.0729555749655524,10
"set4_10_14954_680_DCIS_2_Ep6","set4_10_14954_680_DCIS_2_Ep",4,0.0936684703397633,10
"set4_10_14956_680_ADH_2_Ep6","set4_10_14956_680_ADH_2_Ep",4,0.10452070191015,10
"set4_10_14944_680_ADH_1_Ep6","set4_10_14944_680_ADH_1_Ep",4,0.0968933773439796,10
"set4_10_14946_680_UDH_Ep6","set4_10_14946_680_UDH_Ep",2,0.0538692962632627,10
"set4_10_14948_680_NL_Ep6","set4_10_14948_680_NL_Ep",2,0.0583378754185307,10
"set4_10_14950_680_DCIS_1_Ep6","set4_10_14950_680_DCIS_1_Ep",4,0.0919756492182266,10
"set4_10_14952_680_IBC_Ep6","set4_10_14952_680_IBC_Ep",3,0.100724249622309,10
"set4_10_14958_680_LG_DCIS_Ep6","set4_10_14958_680_LG_DCIS_Ep",3,0.0826664385577947,10
"set4_10_14960_680_AM_Ep6","set4_10_14960_680_AM_Ep",8,0.143396244018603,10
"set4_10_14962_680_atip_AM_Ep6","set4_10_14962_680_atip_AM_Ep",4,0.0999891513513441,10
"set4_10_14963_680_ADH_AM_Ep6","set4_10_14963_680_ADH_AM_Ep",4,0.102515135260368,10
"set4_10_14966_681_DCIS_Ep6","set4_10_14966_681_DCIS_Ep",6,0.0599531825408486,10
"set4_10_14968_681_AM_Ep6","set4_10_14968_681_AM_Ep",8,0.153365843601678,10
"set4_10_14970_681_EN_Ep6","set4_10_14970_681_EN_Ep",2,0.0731169106477857,10
"set4_10_14972_681_ADH_1_Ep6","set4_10_14972_681_ADH_1_Ep",2,0.0611633564917483,10
"set4_10_14974_681_IBC_Ep6","set4_10_14974_681_IBC_Ep",6,0.066298351340278,10
"set4_10_14976_681_NL_Ep6","set4_10_14976_681_NL_Ep",9,0.0699157929785092,10
"set4_10_14978_682_NL_Ep6","set4_10_14978_682_NL_Ep",10,0.065327244626988,10
"set4_10_14980_682_EN_Ep6","set4_10_14980_682_EN_Ep",9,0.0753450097550817,10
"set4_10_14982_682_IBC_Ep6","set4_10_14982_682_IBC_Ep",7,0.0768507087091026,10
"set4_10_14984_682_Inf_NL_Ep6","set4_10_14984_682_Inf_NL_Ep",9,0.0846896177762007,10
"set4_10_14987_683_DCIS_Ep6","set4_10_14987_683_DCIS_Ep",4,0.0754211848996993,10
"set4_10_14990_684_ADH_DCIS_Ep6","set4_10_14990_684_ADH_DCIS_Ep",6,0.0619628021884783,10
"set4_10_14992_684_DCIS_Ep6","set4_10_14992_684_DCIS_Ep",1,0.064764967678745,10
"set4_10_14994_684_NL_Ep6","set4_10_14994_684_NL_Ep",9,0.0808722979571333,10
"set4_10_14996_684_IBC_Ep6","set4_10_14996_684_IBC_Ep",1,0.0588670891184773,10
"set4_10_14998_685_DCIS_Ep6","set4_10_14998_685_DCIS_Ep",6,0.0525734677089046,10
"set4_10_15000_685_IBC_Ep6","set4_10_15000_685_IBC_Ep",6,0.0696488949189563,10
"set4_10_15002_685_NL_Ep6","set4_10_15002_685_NL_Ep",10,0.0569705811220618,10
"set4_10_15004_685_EN_Ep6","set4_10_15004_685_EN_Ep",9,0.0836058709754248,10
"set4_10_15013_687_DCIS_1_Ep6","set4_10_15013_687_DCIS_1_Ep",3,0.115874023372696,10
"set4_10_15015_687_DCIS_2_Ep6","set4_10_15015_687_DCIS_2_Ep",3,0.126860499151176,10
"set4_10_15017_687_UDH_Ep6","set4_10_15017_687_UDH_Ep",2,0.0496967701879546,10
"set4_10_15019_687_EN_Ep6","set4_10_15019_687_EN_Ep",9,0.0621152604845973,10
"set4_10_15021_687_NL_Ep6","set4_10_15021_687_NL_Ep",9,0.0715658017560325,10
"set4_10_15025_688_EN_1_Ep6","set4_10_15025_688_EN_1_Ep",10,0.0561190711929944,10
"set4_10_14911_676_EN_Ep6","set4_10_14911_676_EN_Ep",10,0.0775818484853305,10
"set4_10_14913_676_BBD_2_Ep6","set4_10_14913_676_BBD_2_Ep",10,0.0743014255704206,10
"set4_10_14915_676_IBC_Ep6","set4_10_14915_676_IBC_Ep",8,0.100555985429883,10
"set4_10_14916_676_DCIS_1_Ep6","set4_10_14916_676_DCIS_1_Ep",8,0.0984729254684666,10
"set4_10_14918_676_BBD_1_Ep6","set4_10_14918_676_BBD_1_Ep",2,0.0503651935096237,10
"set4_10_14920_676_NL_Ep6","set4_10_14920_676_NL_Ep",10,0.0854641489489263,10
"set4_10_15006_686_IBC_Ep6","set4_10_15006_686_IBC_Ep",3,0.105644423722751,10
"set4_10_15007_686_DCIS_Ep6","set4_10_15007_686_DCIS_Ep",3,0.0748376975552002,10
"set4_10_15009_686_EN_Ep6","set4_10_15009_686_EN_Ep",9,0.0651610842709517,10
"set4_10_15011_686_NL_Ep6","set4_10_15011_686_NL_Ep",9,0.0743885227028957,10
"set4_10_15032_689_IBC_Ep6","set4_10_15032_689_IBC_Ep",1,0.0674580170522137,10
"set4_10_15034_689_DCIS_1_Ep6","set4_10_15034_689_DCIS_1_Ep",1,0.0942456845508521,10
"set4_10_15036_689_NL_Ep6","set4_10_15036_689_NL_Ep",9,0.0734338603244584,10
"set4_10_15038_689_DCIS_2_Ep6","set4_10_15038_689_DCIS_2_Ep",1,0.0504891620977326,10
"set4_10_15040_689_EN_1_Ep6","set4_10_15040_689_EN_1_Ep",10,0.0485187835396627,10
"set4_10_15042_689_EN_2_Ep6","set4_10_15042_689_EN_2_Ep",2,0.0523551942631726,10
"set4_10_15052_690_EN_2_Ep6","set4_10_15052_690_EN_2_Ep",4,0.0865967619793779,10
"set4_10_15062_691_EN_2_Ep6","set4_10_15062_691_EN_2_Ep",8,0.0806778435116038,10
"set4_10_14964_681_ADH_2_Ep6","set4_10_14964_681_ADH_2_Ep",9,0.0557965391804103,10
"set4_10_15023_688_IBC_Ep6","set4_10_15023_688_IBC_Ep",1,0.10889978709886,10
"set4_10_15027_688_NL_Ep6","set4_10_15027_688_NL_Ep",9,0.0761551106118624,10
"set4_10_15029_688_EN_4_Ep6","set4_10_15029_688_EN_4_Ep",10,0.0701175444778894,10
"set4_10_15031_688_EN_5_Ep6","set4_10_15031_688_EN_5_Ep",8,0.120114539234666,10
"set4_10_15044_690_NL_Ep6","set4_10_15044_690_NL_Ep",9,0.0656003539741762,10
"set4_10_15046_690_EN_1_Ep6","set4_10_15046_690_EN_1_Ep",2,0.0584763450371916,10
"set4_10_15048_690_IBC_Ep6","set4_10_15048_690_IBC_Ep",6,0.081853206155348,10
"set4_10_15050_690_DCIS_Ep6","set4_10_15050_690_DCIS_Ep",6,0.0616459114828194,10
"set4_10_15054_690_i_DCIS_Ep6","set4_10_15054_690_i_DCIS_Ep",1,0.0656054789285514,10
"set4_10_15056_691_IBC_Ep6","set4_10_15056_691_IBC_Ep",6,0.074982178637656,10
"set4_10_15058_691_EN_1_Ep6","set4_10_15058_691_EN_1_Ep",2,0.0590286233541062,10
"set4_10_15060_691_DCIS_Ep6","set4_10_15060_691_DCIS_Ep",4,0.0797661887745656,10
"set4_10_15064_692_IBC_Ep6","set4_10_15064_692_IBC_Ep",6,0.060936153646824,10
"set4_10_15066_692_DCIS_Ep6","set4_10_15066_692_DCIS_Ep",1,0.0535422524416735,10
"set4_10_15068_692_NL_Ep6","set4_10_15068_692_NL_Ep",9,0.0785801888909483,10
"set4_10_15585_744_IBC_Ep6","set4_10_15585_744_IBC_Ep",6,0.0628470790585706,10
"set4_10_15587_744_inF.NL_Ep6","set4_10_15587_744_inF.NL_Ep",9,0.0763781092989168,10
"set4_10_15589_744_DCIS_Ep6","set4_10_15589_744_DCIS_Ep",1,0.0688006393023026,10
"set4_10_15591_745_CCC_Ep6","set4_10_15591_745_CCC_Ep",2,0.0607589341052038,10
"set4_10_15593_745_BBD_Ep6","set4_10_15593_745_BBD_Ep",2,0.0557796638752181,10
"set4_10_15595_745_IP_Ep6","set4_10_15595_745_IP_Ep",4,0.0638450981938225,10
"set4_10_15597_746_IBC_Ep6","set4_10_15597_746_IBC_Ep",7,0.0896555656332464,10
"set4_10_15598_746_DCIS_Ep6","set4_10_15598_746_DCIS_Ep",6,0.0808354928961659,10
"set4_10_15600_746_NL_Ep6","set4_10_15600_746_NL_Ep",4,0.071685199899724,10
"set4_10_15602_747_IBC_Ep6","set4_10_15602_747_IBC_Ep",7,0.0643608396109537,10
"set4_10_15604_747_NL_Ep6","set4_10_15604_747_NL_Ep",9,0.0505083432953852,10
"set4_10_15606_747_ADH_Ep6","set4_10_15606_747_ADH_Ep",10,0.0530322654108275,10
"set4_10_15608_747_AM_Ep6","set4_10_15608_747_AM_Ep",8,0.154817912533783,10
"set4_10_15610_748_AM_Ep6","set4_10_15610_748_AM_Ep",8,0.154903173237789,10
"set4_10_15612_748_DCIS_Ep6","set4_10_15612_748_DCIS_Ep",8,0.113956448554773,10
"set4_10_15614_748_IBC_Ep6","set4_10_15614_748_IBC_Ep",8,0.0888238048846049,10
"set4_10_15616_749_IBC_Ep6","set4_10_15616_749_IBC_Ep",7,0.0918912479622042,10
"set4_10_15617_749_DCIS_Ep6","set4_10_15617_749_DCIS_Ep",6,0.0872906382908159,10
"set4_10_15618_749_LVI_Ep6","set4_10_15618_749_LVI_Ep",6,0.0967363856363102,10
"set4_10_15622_750_NL_Ep6","set4_10_15622_750_NL_Ep",9,0.050697358170596,10
"set4_10_15624_750_IBC_Ep6","set4_10_15624_750_IBC_Ep",6,0.0804995650888178,10
"set4_10_15626_750_DCIS_Ep6","set4_10_15626_750_DCIS_Ep",6,0.103161022648229,10
"set4_10_15628_751_NL_Ep6","set4_10_15628_751_NL_Ep",10,0.0600989342718631,10
"set4_10_15630_751_IBC_Ep6","set4_10_15630_751_IBC_Ep",6,0.0709185397735066,10
"set4_10_15632_751_ADH_Ep6","set4_10_15632_751_ADH_Ep",10,0.0602621309244946,10
"set4_10_15634_751_CCC_Ep6","set4_10_15634_751_CCC_Ep",4,0.0584913995934945,10
"set4_10_15636_752_IBC_Ep6","set4_10_15636_752_IBC_Ep",1,0.0592341721235721,10
"set4_10_15638_752_DCIS_Ep6","set4_10_15638_752_DCIS_Ep",3,0.0521614340935074,10
"set4_10_15639_752_NL_Ep6","set4_10_15639_752_NL_Ep",9,0.0750562573561965,10
"set4_10_15640_752_BBD_Ep6","set4_10_15640_752_BBD_Ep",2,0.0588404156023625,10
"set4_10_15644_753_DCIS_Ep6","set4_10_15644_753_DCIS_Ep",6,0.0807866769383473,10
"set4_10_15646_753_IBC_Ep6","set4_10_15646_753_IBC_Ep",7,0.067802995296476,10
"set4_10_15647_753_NL_Ep6","set4_10_15647_753_NL_Ep",10,0.0757789056990656,10
"set4_10_15649_754_IBC_Ep6","set4_10_15649_754_IBC_Ep",6,0.0854726067175622,10
"set4_10_15651_754_ADH_Ep6","set4_10_15651_754_ADH_Ep",6,0.0846165361537719,10
"set4_10_15653_754_EN_1_Ep6","set4_10_15653_754_EN_1_Ep",6,0.0628428500484929,10
"set4_10_15655_754_DCIS_Ep6","set4_10_15655_754_DCIS_Ep",6,0.0916554947960334,10
"set4_10_15657_754_EN_2_Ep6","set4_10_15657_754_EN_2_Ep",2,0.065341981422063,10
"set4_10_15659_755_EN_Ep6","set4_10_15659_755_EN_Ep",4,0.0643529314741421,10
"set4_10_15661_755_DCIS_inf_1_Ep6","set4_10_15661_755_DCIS_inf_1_Ep",1,0.115580472445194,10
"set4_10_15663_755_IBC_Ep6","set4_10_15663_755_IBC_Ep",1,0.0898347131693463,10
"set4_10_15665_755_DCIS_inf_2_Ep6","set4_10_15665_755_DCIS_inf_2_Ep",1,0.0823298973546372,10
"set4_10_15667_755_NL_Ep6","set4_10_15667_755_NL_Ep",4,0.0585383247161031,10
"set4_10_15669_756_NL_Ep6","set4_10_15669_756_NL_Ep",9,0.083353876233615,10
"set4_10_15671_756_EN_1_Ep6","set4_10_15671_756_EN_1_Ep",10,0.0799569829558985,10
"set4_10_15673_756_IBC_Ep6","set4_10_15673_756_IBC_Ep",1,0.0905395119468627,10
"set4_10_15675_756_UDH_1_Ep6","set4_10_15675_756_UDH_1_Ep",2,0.070953169374637,10
"set4_10_15677_756_EN_2_Ep6","set4_10_15677_756_EN_2_Ep",10,0.104655446046066,10
"set4_10_15679_756_UDH_2_Ep6","set4_10_15679_756_UDH_2_Ep",10,0.0925179932327049,10
"set4_10_15681_757_DCIS_Ep6","set4_10_15681_757_DCIS_Ep",6,0.0803354322076688,10
"set4_10_15683_757_IBC_Ep6","set4_10_15683_757_IBC_Ep",6,0.0745314573961331,10
"set4_10_15685_757_NL_Ep6","set4_10_15685_757_NL_Ep",10,0.0574230466270738,10
"set4_10_15687_757_UDH_Ep6","set4_10_15687_757_UDH_Ep",10,0.0579386998041514,10
"set4_10_15689_757_CCC_Ep6","set4_10_15689_757_CCC_Ep",4,0.0779987075625156,10
"set4_10_15691_757_EN_Ep6","set4_10_15691_757_EN_Ep",10,0.0592507093376449,10
"set4_10_15693_758_DCIS_1_Ep6","set4_10_15693_758_DCIS_1_Ep",6,0.0767278998615838,10
"set4_10_15695_758_IBC_1_Ep6","set4_10_15695_758_IBC_1_Ep",6,0.0696416473633001,10
"set4_10_15697_758_NL_Ep6","set4_10_15697_758_NL_Ep",10,0.0647192164639017,10
"set4_10_15703_758_EN_Ep6","set4_10_15703_758_EN_Ep",10,0.0659737303232805,10
"set4_10_15709_760_UDH_Ep6","set4_10_15709_760_UDH_Ep",10,0.0595943370130595,10
"set4_10_15713_760_IBC_Ep6","set4_10_15713_760_IBC_Ep",3,0.112715369004049,10
"set4_10_15715_760_EN_1_Ep6","set4_10_15715_760_EN_1_Ep",9,0.052399197695605,10
"set4_10_15717_760_NL_Ep6","set4_10_15717_760_NL_Ep",10,0.0510407333668849,10
"set4_10_15733_762_DCIS_2_Ep6","set4_10_15733_762_DCIS_2_Ep",6,0.0794382842978958,10
"set4_10_15699_758_DCIS_2_Ep6","set4_10_15699_758_DCIS_2_Ep",6,0.0806236735584408,10
"set4_10_15701_758_IBC_2_Ep6","set4_10_15701_758_IBC_2_Ep",7,0.0747423129889056,10
"set4_10_15705_759_DCIS_Ep6","set4_10_15705_759_DCIS_Ep",3,0.0913719518903462,10
"set4_10_15707_759_IBC_Ep6","set4_10_15707_759_IBC_Ep",3,0.0983439696331837,10
"set4_10_15711_760_EN_2_Ep6","set4_10_15711_760_EN_2_Ep",2,0.0750879863203136,10
"set4_10_15719_761_IBC_Ep6","set4_10_15719_761_IBC_Ep",7,0.0761858793756356,10
"set4_10_15721_761_DCIS_Ep6","set4_10_15721_761_DCIS_Ep",1,0.0627871225446633,10
"set4_10_15723_761_EN_1_Ep6","set4_10_15723_761_EN_1_Ep",2,0.0588049099551708,10
"set4_10_15725_761_ADH_Ep6","set4_10_15725_761_ADH_Ep",10,0.0555410712372144,10
"set4_10_15729_762_IBC_Ep6","set4_10_15729_762_IBC_Ep",1,0.0693596344826759,10
"set4_10_15731_762_DCIS_1_Ep6","set4_10_15731_762_DCIS_1_Ep",6,0.0693802553411472,10
"set4_10_15735_763_IBC_Ep6","set4_10_15735_763_IBC_Ep",1,0.106279398351895,10
"set4_10_15737_763_ADH_Ep6","set4_10_15737_763_ADH_Ep",6,0.0529634379389228,10
"set4_10_15739_763_NL_1_Ep6","set4_10_15739_763_NL_1_Ep",9,0.0700860297932961,10
"set4_10_15741_763_EN_Ep6","set4_10_15741_763_EN_Ep",9,0.080043070575973,10
"set4_10_15745_764_IBC_Ep6","set4_10_15745_764_IBC_Ep",1,0.087081109626354,10
"set4_10_15747_764_DCIS_1_Ep6","set4_10_15747_764_DCIS_1_Ep",1,0.0719423337728438,10
"set4_10_15749_764_LVI_Ep6","set4_10_15749_764_LVI_Ep",1,0.0667743081963091,10
"set4_10_15751_764_DCIS_2_Ep6","set4_10_15751_764_DCIS_2_Ep",6,0.0692599248639253,10
"set4_10_15753_764_EN_Ep6","set4_10_15753_764_EN_Ep",10,0.0748241541510241,10
"set4_10_15755_764_NL_Ep6","set4_10_15755_764_NL_Ep",10,0.0614702648075751,10
"set4_10_15757_765_IBC_Ep6","set4_10_15757_765_IBC_Ep",8,0.0918396894346249,10
"set4_10_15759_765_DCIS_Ep6","set4_10_15759_765_DCIS_Ep",8,0.111930100350225,10
"set4_10_15761_765_EN_1_Ep6","set4_10_15761_765_EN_1_Ep",4,0.0543785499436384,10
"set4_10_15765_765_NL_Ep6","set4_10_15765_765_NL_Ep",9,0.0649781032970951,10
"set4_10_15767_766_NL_Ep6","set4_10_15767_766_NL_Ep",9,0.0704702819208219,10
"set4_10_15769_766_inf_NL_Ep6","set4_10_15769_766_inf_NL_Ep",9,0.0719852174026109,10
"set4_10_15771_766_IBC_Ep6","set4_10_15771_766_IBC_Ep",1,0.0860126360734641,10
"set4_10_15773_766_AM_Ep6","set4_10_15773_766_AM_Ep",8,0.142024944362709,10
"set4_10_15775_766_EN_Ep6","set4_10_15775_766_EN_Ep",10,0.0629214985636297,10
"set4_10_15777_767_IBC_Ep6","set4_10_15777_767_IBC_Ep",6,0.0771233934617249,10
"set4_10_15779_767_DCIS_Ep6","set4_10_15779_767_DCIS_Ep",6,0.0720614580264578,10
"set4_10_15781_767_AM_2_Ep6","set4_10_15781_767_AM_2_Ep",8,0.14091773603168,10
"set4_10_15783_767_ADH_Ep6","set4_10_15783_767_ADH_Ep",2,0.0679631073560951,10
"set4_10_15787_767_NL_Ep6","set4_10_15787_767_NL_Ep",10,0.0630414026978459,10
"set4_10_15789_768_IBC_Ep6","set4_10_15789_768_IBC_Ep",1,0.112296569567507,10
"set4_10_15791_768_NL_Ep6","set4_10_15791_768_NL_Ep",9,0.0539043742845668,10
"set4_10_15795_768_EN_2_Ep6","set4_10_15795_768_EN_2_Ep",8,0.0780447980473497,10
"set4_10_15797_768_EN_3_Ep6","set4_10_15797_768_EN_3_Ep",10,0.0621230370950089,10
"set4_10_15799_769_IBC_Ep6","set4_10_15799_769_IBC_Ep",1,0.0934939464809516,10
"set4_10_15801_769_DCIS_1_Ep6","set4_10_15801_769_DCIS_1_Ep",6,0.0578493592745759,10
"set4_10_15805_769_EN_1_Ep6","set4_10_15805_769_EN_1_Ep",10,0.0572513359939097,10
"set4_10_15809_769_NL_Ep6","set4_10_15809_769_NL_Ep",9,0.0801124034862565,10
"set4_10_15811_769_EN_4_Ep6","set4_10_15811_769_EN_4_Ep",2,0.0600183447857596,10
"set4_10_15817_769_AM_Ep6","set4_10_15817_769_AM_Ep",8,0.155772464013521,10
"set4_10_15785_767_AM_1_Ep6","set4_10_15785_767_AM_1_Ep",8,0.149399945744096,10
"set4_10_15793_768_EN_1_Ep6","set4_10_15793_768_EN_1_Ep",2,0.0852674436549006,10
"set4_10_15803_769_DCIS_2_Ep6","set4_10_15803_769_DCIS_2_Ep",1,0.0808543540890062,10
"set4_10_15807_769_EN_3_Ep6","set4_10_15807_769_EN_3_Ep",10,0.0744969088564458,10
"set4_10_15815_769_EN_6_Ep6","set4_10_15815_769_EN_6_Ep",10,0.0703294432274834,10
"set4_10_15819_770_DCIS_Ep6","set4_10_15819_770_DCIS_Ep",3,0.136262978396043,10
"set4_10_15821_770_IBC_Ep6","set4_10_15821_770_IBC_Ep",3,0.127458711564688,10
"set4_10_15823_770_EN_1_Ep6","set4_10_15823_770_EN_1_Ep",2,0.0578613203090831,10
"set4_10_15825_770_NL_Ep6","set4_10_15825_770_NL_Ep",9,0.0707466432277554,10
"set4_10_15829_771_EN_4_Ep6","set4_10_15829_771_EN_4_Ep",10,0.0673598787553857,10
"set4_10_15835_771_DCIS_3_Ep6","set4_10_15835_771_DCIS_3_Ep",6,0.0820822097488707,10
"set4_10_15831_771_NL_Ep6","set4_10_15831_771_NL_Ep",9,0.0873436113092468,10
"set4_10_15833_771_EN_2_Ep6","set4_10_15833_771_EN_2_Ep",4,0.0705166353815129,10
"set4_10_15839_771_DCIS_1_Ep6","set4_10_15839_771_DCIS_1_Ep",6,0.0977784104863164,10
"set4_10_15843_771_IBC_Ep6","set4_10_15843_771_IBC_Ep",7,0.0889119949483009,10
"set4_10_15727_761_EN_2_Ep6","set4_10_15727_761_EN_2_Ep",10,0.0523183526085056,10
"set4_10_15743_763_NL_2_Ep6","set4_10_15743_763_NL_2_Ep",9,0.087241686286524,10
"set4_10_15763_765_EN_2_Ep6","set4_10_15763_765_EN_2_Ep",9,0.0658623556964967,10
"set4_10_15813_769_EN_5_Ep6","set4_10_15813_769_EN_5_Ep",10,0.0638325314734253,10
"set4_10_15827_771_EN_3_Ep6","set4_10_15827_771_EN_3_Ep",4,0.0968424240967323,10
"set4_10_15837_771_EN_1_Ep6","set4_10_15837_771_EN_1_Ep",4,0.0871588610025443,10
"set4_10_15841_771_DCIS_2_Ep6","set4_10_15841_771_DCIS_2_Ep",6,0.0814404865587509,10
"set4_10_15845_772_IBC_Ep6","set4_10_15845_772_IBC_Ep",6,0.0885562626090666,10
"set4_10_15847_772_DCIS_1_Ep6","set4_10_15847_772_DCIS_1_Ep",6,0.082566552739003,10
"set4_10_15849_772_DCIS_2_Ep6","set4_10_15849_772_DCIS_2_Ep",6,0.082914007017464,10
"set4_10_15851_772_EN_1_Ep6","set4_10_15851_772_EN_1_Ep",6,0.0637836803915737,10
"set4_10_15853_772_EN_2_Ep6","set4_10_15853_772_EN_2_Ep",9,0.0691622531604597,10
"set4_10_15855_772_EN_3_Ep6","set4_10_15855_772_EN_3_Ep",6,0.0782033163009882,10
"set4_10_15857_772_EN_4_Ep6","set4_10_15857_772_EN_4_Ep",6,0.0813294769915576,10
"set4_10_15859_772_NL_Ep6","set4_10_15859_772_NL_Ep",9,0.0818471134960386,10
