"","Gene","Cluster","Max_Weight","Rank"
"UGT2B28","UGT2B28",2,12.4243407696058,4
"UGT2B11","UGT2B11",2,12.4126642132837,4
"DHRS2","DHRS2",2,11.9271787013979,4
"AKR1B15","AKR1B15",2,11.4628592196315,4
"GSTM5","GSTM5",2,11.1795104691704,4
"FDCSP","FDCSP",1,7.75464773637751,4
"C6orf223","C6orf223",2,11.2284031965627,4
"ACSM1","ACSM1",2,11.118234177895,4
"HPGD","HPGD",2,11.4660087973882,4
"HMGCS2","HMGCS2",2,10.1302181842027,4
"PGC","PGC",2,10.1555836547891,4
"ABCC11","ABCC11",2,11.0466248745522,4
"CSN3","CSN3",1,5.96103794621734,4
"AKR1C2","AKR1C2",2,10.3357730523229,4
"ALOX15B","ALOX15B",2,10.7476197174785,4
"CPB1","CPB1",3,7.84480269788516,4
"PRAME","PRAME",4,8.74251418108789,4
"SERHL2","SERHL2",2,10.6586180805976,4
"S100A7","S100A7",4,6.50675892538489,4
"TFF1","TFF1",3,10.2151831035918,4
"AKR1D1","AKR1D1",2,11.2520919655232,4
"S100P","S100P",4,8.50975450323748,4
"LINC02522","LINC02522",2,9.94438454286313,4
"PNLIPRP3","PNLIPRP3",2,11.2401170918658,4
"SLC26A3","SLC26A3",2,9.7345059467273,4
"SULT1C2P1","SULT1C2P1",2,10.6215269232606,4
"CYP2B7P","CYP2B7P",2,7.2440102146968,4
"LINC02169","LINC02169",2,11.1594882760883,4
"SPINK8","SPINK8",2,10.6559850413068,4
"TAT","TAT",3,7.36254265413295,4
"LBP","LBP",2,9.48635919689164,4
"IGHA2","IGHA2",1,8.31833038928959,4
"LALBA","LALBA",1,5.76907870965019,4
"CXCL13","CXCL13",4,4.8370176647104,4
"TSPAN8","TSPAN8",2,9.43849689369014,4
"OPRPN","OPRPN",1,5.86553469601539,4
"LINC01088","LINC01088",2,9.44779268539588,4
"LINC01087","LINC01087",3,10.6915527350387,4
"CRISP3","CRISP3",4,5.17452547451522,4
"LINC02303","LINC02303",2,9.32453804578097,4
"HPD","HPD",2,10.4599424094213,4
"IGHG1","IGHG1",1,7.06421571668199,4
"CXCL10","CXCL10",4,7.14482489765086,4
"MUCL1","MUCL1",2,9.18542744288931,4
"LINC02487","LINC02487",4,7.27784325458387,4
"SORD","SORD",2,10.0822296768102,4
"KCNC2","KCNC2",3,8.772508062654,4
"FABP7","FABP7",2,7.67980878549653,4
"LINC00624","LINC00624",2,10.3758936268461,4
"IGHG4","IGHG4",1,6.29529811823693,4
"CHST1","CHST1",2,9.69346050017642,4
"PIP","PIP",2,8.4712832524029,4
"ABCC12","ABCC12",2,10.3372572388667,4
"PTHLH","PTHLH",3,7.60189092345505,4
"SERHL","SERHL",2,9.18736579969222,4
"GLRA3","GLRA3",3,7.65530743345301,4
"THRSP","THRSP",2,8.59102690147314,4
"MTND3P19","MTND3P19",2,3.83495447703374,4
"MYOM2","MYOM2",2,9.18679683765224,4
"MUC6","MUC6",3,6.84426491882816,4
"SCGB1A1","SCGB1A1",2,6.74107643466938,4
"CLCA2","CLCA2",2,8.90774032855579,4
"AC122713.2","AC122713.2",2,9.90901219924464,4
"WIF1","WIF1",3,7.25690847939287,4
"CSN1S1","CSN1S1",1,5.52478650795041,4
"EN1","EN1",4,7.74832652000915,4
"IGHM","IGHM",1,8.2639019875795,4
"DDC","DDC",2,9.60569489871046,4
"CYP4Z1","CYP4Z1",3,5.61834690523197,4
"LINC01511","LINC01511",2,9.73205667596879,4
"MTND1P23","MTND1P23",4,4.55429522845159,4
"S100A8","S100A8",4,5.60937271327597,4
"UCHL1","UCHL1",4,7.92463392174873,4
"AL033397.2","AL033397.2",2,9.46782910439618,4
"MSLN","MSLN",4,6.71643470319483,4
"CPHL1P","CPHL1P",2,7.88741781149835,4
"SOX11","SOX11",4,8.21035590351991,4
"AC092069.1","AC092069.1",3,5.1140615192422,4
"TFPI2","TFPI2",3,6.46146142931332,4
"TFF3","TFF3",3,7.79891289455857,4
"CDH19","CDH19",1,5.14301580949827,4
"CXCL9","CXCL9",4,5.72082973701694,4
"ARHGAP36","ARHGAP36",3,7.10038825010513,4
"ABCA12","ABCA12",2,9.24358273956164,4
"IGHA1","IGHA1",1,9.68561410285031,4
"LINC01667","LINC01667",4,7.01271099864717,4
"HORMAD1","HORMAD1",4,7.65358554159509,4
"ALB","ALB",3,6.49663302331582,4
"AC092071.1","AC092071.1",2,6.42633303542769,4
"AC092325.1","AC092325.1",2,8.99196805876447,4
"SCGB1D2","SCGB1D2",3,7.24585579028223,4
"ART3","ART3",4,7.78705771295244,4
"OLFM4","OLFM4",1,7.87572085122104,4
"ENPP3","ENPP3",2,9.02122953315605,4
"SERPINA6","SERPINA6",3,7.19672375133264,4
"CALML5","CALML5",4,6.08886041604046,4
"ADGRD2","ADGRD2",3,7.72472790668242,4
"AGR3","AGR3",3,11.1517254250756,4
"DSG1","DSG1",1,7.45045804755026,4
"HLA-DRB5","HLA-DRB5",1,4.27722113239763,4
"KIF1A","KIF1A",4,7.50076038264868,4
"IGLC2","IGLC2",1,8.02133324764633,4
"TCN1","TCN1",1,5.89654116940754,4
"PLA2G2A","PLA2G2A",2,4.92893272087256,4
"CLEC3A","CLEC3A",3,6.10467093973848,4
"PIGR","PIGR",1,9.32801480441375,4
"NXPH4","NXPH4",2,7.89276840348737,4
"SCGB2A1","SCGB2A1",3,5.37748493794032,4
"IGSF1","IGSF1",3,7.07281766682217,4
"SDR16C5","SDR16C5",2,8.69458284480983,4
"MUC16","MUC16",1,6.2288405909268,4
"CXCL17","CXCL17",2,5.95907817512153,4
"AC008440.1","AC008440.1",3,5.41848234659912,4
"ACADL","ACADL",2,9.14350545846308,4
"FIBCD1","FIBCD1",2,9.46504015321242,4
"SIX3","SIX3",4,6.58032063407739,4
"CYP2A6","CYP2A6",3,5.04562835774782,4
"SCUBE3","SCUBE3",4,6.90552497175234,4
"PCAT18","PCAT18",2,7.7160909721728,4
"BMPR1B","BMPR1B",3,6.33766653453559,4
"CNTNAP2","CNTNAP2",2,8.82412057899455,4
"GJB1","GJB1",2,9.15467026868014,4
"CDKN2A","CDKN2A",4,7.85842495025948,4
"RBM20","RBM20",2,8.02767930730676,4
"CITED1","CITED1",3,7.78882951376351,4
"SCGB3A1","SCGB3A1",2,5.88369884161122,4
"GFRA1","GFRA1",3,9.70893823204249,4
"MUC5B","MUC5B",4,6.77085099464595,4
"AL157387.1","AL157387.1",3,9.75566695327903,4
"CALB2","CALB2",4,7.12548512492873,4
"NPY2R","NPY2R",3,7.75546070192075,4
"FABP4","FABP4",1,6.55461936182059,4
"AC008736.1","AC008736.1",2,8.607261407415,4
"HBB","HBB",1,5.51654170450014,4
"CYP4Z2P","CYP4Z2P",2,9.13610982578267,4
"ST8SIA6-AS1","ST8SIA6-AS1",2,7.41461885676567,4
"CLIC6","CLIC6",3,5.68759658503376,4
"CYP4F8","CYP4F8",2,5.70916468880502,4
"IDO1","IDO1",4,6.09359743364368,4
"SBSN","SBSN",4,6.63194858353477,4
"SCGB2A2","SCGB2A2",3,7.61066924670139,4
"FCN2","FCN2",2,9.60501668542346,4
"SLC27A2","SLC27A2",2,7.71321102004702,4
"POTEKP","POTEKP",3,9.6471509836663,4
"GSTA1","GSTA1",1,5.68064159508301,4
"LCAL1","LCAL1",2,8.33859929879526,4
"CXCL11","CXCL11",4,6.66834265128379,4
"MMP9","MMP9",4,6.25445045404816,4
"ALKAL2","ALKAL2",1,8.30024121770884,4
"ME1","ME1",2,8.36711119386555,4
"LINC01436","LINC01436",4,5.86069533564301,4
"AC096996.2","AC096996.2",2,9.86326348973463,4
"KLK11","KLK11",1,5.51393497870013,4
"ODAM","ODAM",1,5.40853253458896,4
"SCGN","SCGN",2,8.59565107617351,4
"LY6D","LY6D",1,6.39251702603433,4
"PPEF1","PPEF1",2,8.817396751412,4
"SLC15A1","SLC15A1",4,5.51161285284689,4
"PLAC9P1","PLAC9P1",3,9.39384977273147,4
"AFP","AFP",3,7.66049781589952,4
"AC025062.3","AC025062.3",2,9.06049199291487,4
"PI3","PI3",1,7.71980475601516,4
"KCNE4","KCNE4",2,6.47528865108672,4
"LINC00993","LINC00993",3,10.0292510892179,4
"COL2A1","COL2A1",4,4.92255973055945,4
"PON3","PON3",2,8.76751570648532,4
"SULT1C3","SULT1C3",2,9.31067553287248,4
"KYNU","KYNU",2,9.39753038997827,4
"NPY1R","NPY1R",3,5.99456611801328,4
"CRABP1","CRABP1",1,7.46109219626808,4
"TMEM161BP1","TMEM161BP1",3,9.20809311467496,4
"PIEZO2","PIEZO2",3,7.39402148472374,4
"SHISA2","SHISA2",3,6.512936018207,4
"A2ML1","A2ML1",4,7.18570397951947,4
"UBE2C","UBE2C",4,9.29797774623093,4
"EREG","EREG",3,6.91720691041662,4
"MTND3P10","MTND3P10",1,3.96265533258867,4
"NCCRP1","NCCRP1",4,6.64274338933549,4
"AC024940.2","AC024940.2",1,6.43345081146586,4
"MRPS30-DT","MRPS30-DT",3,8.69703662862108,4
"MYBPC1","MYBPC1",2,6.837520845463,4
"LINC02266","LINC02266",2,9.20212054546735,4
"KRT81","KRT81",4,5.56191698327961,4
"CTHRC1","CTHRC1",4,7.91962851037825,4
"SIGLEC15","SIGLEC15",2,6.71157616194735,4
"AQP5","AQP5",1,7.4128099845344,4
"NANOGP1","NANOGP1",2,8.78088466056097,4
"AP002001.1","AP002001.1",2,9.19192395151117,4
"CLDN10","CLDN10",1,6.41615260200178,4
"H4C8","H4C8",2,8.24352458610413,4
"KAZN-AS1","KAZN-AS1",2,8.94318370539468,4
"PGR","PGR",3,9.89133189521509,4
"SRARP","SRARP",3,6.74763418362457,4
"CALML3","CALML3",3,7.86708033990227,4
"MYBL2","MYBL2",4,8.80364498720131,4
"HGD","HGD",2,7.72988021669397,4
"PLAAT2","PLAAT2",2,8.59996565783167,4
"UGT2B7","UGT2B7",2,8.39142577250059,4
"AC100826.1","AC100826.1",2,8.42743048592123,4
"FOXM1","FOXM1",4,9.29307832755882,4
"ANKRD30A","ANKRD30A",3,9.99851114674162,4
"FNDC1","FNDC1",4,7.45697248903016,4
"B3GAT1","B3GAT1",2,8.02488513691526,4
"IGLC3","IGLC3",1,6.91096321339949,4
"SYCP1","SYCP1",2,8.34380999905446,4
"TMEM26","TMEM26",3,9.06798730694283,4
"GRIK1-AS1","GRIK1-AS1",3,8.27807833395845,4
"MMP11","MMP11",4,8.3975231148526,4
"AC093001.1","AC093001.1",2,8.95596173262737,4
"GNMT","GNMT",2,8.72046719775507,4
"ADRA2A","ADRA2A",2,7.36517667184366,4
"VGLL1","VGLL1",4,6.26958910314211,4
"MYEOV","MYEOV",1,7.79736062439769,4
"TDRD12","TDRD12",4,4.95564628309704,4
"CEACAM6","CEACAM6",4,5.62037646965726,4
"ELOVL2","ELOVL2",3,8.77031498462432,4
"CUX2","CUX2",2,8.53818191839792,4
"HAAO","HAAO",2,9.24166839786039,4
"DEFB1","DEFB1",1,4.69509045760624,4
"VN1R53P","VN1R53P",3,8.92317627409712,4
"CLSTN2","CLSTN2",3,9.3510481864852,4
"CP","CP",1,4.92057876651391,4
"AL033523.1","AL033523.1",2,8.65659746974221,4
"ABCC2","ABCC2",2,8.98084150318477,4
"MSMB","MSMB",2,7.83655722288912,4
"KRT16","KRT16",4,6.12566539168397,4
"TTC36","TTC36",2,7.4965740286921,4
"WFDC21P","WFDC21P",4,6.90202442537523,4
"ATP1A2","ATP1A2",2,7.21652635872398,4
"JCHAIN","JCHAIN",1,9.27078389561876,4
"LINC02541","LINC02541",2,8.39864773347217,4
"AC100801.1","AC100801.1",2,6.34680832982752,4
"PI15","PI15",3,7.85109194732325,4
"CHIT1","CHIT1",3,4.26733456452329,4
"MAB21L4","MAB21L4",2,6.58282333482555,4
"CSN2","CSN2",1,5.09112725352843,4
"ALOX15","ALOX15",2,8.41293123726527,4
"NAT2","NAT2",2,9.2107658109605,4
"AGT","AGT",4,6.43288729074923,4
"ELOVL7","ELOVL7",2,7.98117567949009,4
"AP004608.1","AP004608.1",2,7.59157498890151,4
"VSTM2L","VSTM2L",2,7.50606762716801,4
"NAT1","NAT1",3,8.54002985217881,4
"PPP4R4","PPP4R4",3,6.85049664180167,4
"CYP4X1","CYP4X1",3,6.42954129869125,4
"MT-TD","MT-TD",4,5.97870835544839,4
"DNER","DNER",4,5.54435111906305,4
"FAM3D","FAM3D",1,7.62465979765239,4
"HOXA9","HOXA9",2,5.24109115889024,4
"GAL","GAL",4,7.04416880627219,4
"PTX3","PTX3",1,6.10850390169474,4
"H2AC8","H2AC8",2,7.92859271230747,4
"AL391097.3","AL391097.3",3,6.22035063336514,4
"TMEM45B","TMEM45B",2,8.05506377780552,4
"HRCT1","HRCT1",4,5.82036864696001,4
"CYP4F22","CYP4F22",3,6.31202693979588,4
"SERPINA5","SERPINA5",3,8.1748619631958,4
"GRP","GRP",3,7.85022011696944,4
"KMO","KMO",2,8.14751638698339,4
"TMSB15A","TMSB15A",4,6.9345026651381,4
"DIO2","DIO2",2,6.61894210868294,4
"AP005233.2","AP005233.2",1,7.78195946308003,4
"CDC20","CDC20",4,8.77330447053608,4
"NEK2","NEK2",4,8.87139671363878,4
"RN7SL314P","RN7SL314P",3,8.74897341484477,4
"PNMT","PNMT",2,5.87448286112296,4
"LCN2","LCN2",1,7.14256032695289,4
"OBP2B","OBP2B",4,5.59243248625144,4
"SNORD3A","SNORD3A",4,6.45238589949914,4
"PHGR1","PHGR1",3,6.85555502834639,4
"FGG","FGG",4,4.56162039726665,4
"DKK1","DKK1",4,6.66183475947076,4
"LINC01252","LINC01252",2,7.67268081779915,4
"COL22A1","COL22A1",4,5.70792441214047,4
"ADH1C","ADH1C",2,8.79655028063262,4
"C2CD4A","C2CD4A",2,4.71717009398498,4
"LDHD","LDHD",2,8.62057421422945,4
"Z82215.1","Z82215.1",3,5.18673514322992,4
"AP000892.4","AP000892.4",1,7.38098889665169,4
"IQGAP3","IQGAP3",4,8.79245962193446,4
"UGT2B15","UGT2B15",3,7.22217138022457,4
"SOX8","SOX8",1,6.46899011680335,4
"AC022784.1","AC022784.1",4,5.0633925214833,4
"LRG1","LRG1",2,6.74229779414894,4
"ANKRD30B","ANKRD30B",3,9.35385363189553,4
"FAR2","FAR2",2,7.84742002783858,4
"AL356804.1","AL356804.1",2,8.45583869580901,4
"TDRD1","TDRD1",2,6.84050916917899,4
"RNU5F-1","RNU5F-1",4,6.85887810704597,4
"CASP14","CASP14",4,6.27163903157697,4
"SMR3B","SMR3B",3,4.41842261377892,4
"LINC02432","LINC02432",2,5.65744854453862,4
"FADS2","FADS2",4,6.8582463944482,4
"TMPRSS11E","TMPRSS11E",2,7.33288836436992,4
"NPR3","NPR3",4,7.31131281296732,4
"TNFSF11","TNFSF11",2,4.42073732710944,4
"SNORC","SNORC",1,8.40560419423909,4
"TESC","TESC",3,7.43628509389166,4
"PGBD5","PGBD5",4,6.22288098921167,4
"LINC01198","LINC01198",1,8.02086736038832,4
"SLCO1B1","SLCO1B1",2,8.18846273136347,4
"AC073114.1","AC073114.1",3,6.57844690425331,4
"GP2","GP2",3,6.73067984390817,4
"FOXCUT","FOXCUT",4,6.87153550742377,4
"PRR27","PRR27",4,5.15934732818762,4
"H2AC11","H2AC11",2,7.9265221732057,4
"HLA-DRB6","HLA-DRB6",1,4.71032160419448,4
"EDN3","EDN3",3,6.07069284269529,4
"SERPINA11","SERPINA11",3,8.83182674060676,4
"LUZP2","LUZP2",3,6.81115896187318,4
"BRINP3","BRINP3",2,7.76582619309525,4
"TMEM213","TMEM213",1,8.38525056399893,4
"TPX2","TPX2",4,9.19753256893257,4
"TMEM158","TMEM158",1,6.87277892909433,4
"MT-TK","MT-TK",1,4.8014545286807,4
"DCDC2","DCDC2",3,7.94496616525211,4
"FAM83D","FAM83D",4,8.79172558278408,4
"HOXB6","HOXB6",2,5.11848832775064,4
"KRT6A","KRT6A",4,6.212954064893,4
"CENPA","CENPA",4,8.87766358846216,4
"FMO3","FMO3",1,4.9708097091001,4
"NUF2","NUF2",4,8.91510476140513,4
"ZNF350-AS1","ZNF350-AS1",2,6.02539887463449,4
"APCDD1L","APCDD1L",1,8.14088239312082,4
"LINC01833","LINC01833",4,6.50190667700628,4
"AURKB","AURKB",4,8.3390154504252,4
"CCDC141","CCDC141",2,7.38054862343867,4
"ASPM","ASPM",4,8.7483741659377,4
"LYPD6","LYPD6",3,9.19529375388326,4
"KIF4A","KIF4A",4,8.93490962479491,4
"SAA2","SAA2",1,8.06869174250668,4
"MARCO","MARCO",4,5.74599800017548,4
"AC104984.4","AC104984.4",3,5.32565641878257,4
"FBN3","FBN3",4,7.03388774775462,4
"C5orf46","C5orf46",4,6.31078912587296,4
"S100A2","S100A2",1,5.43757007466873,4
"CDCA7","CDCA7",4,7.72025019225108,4
"GRIK3","GRIK3",3,7.37782437852391,4
"PCSK1N","PCSK1N",4,6.44640279566463,4
"CECR2","CECR2",2,7.97533105041802,4
"FAR2P1","FAR2P1",3,6.95306771663193,4
"ESR1","ESR1",3,9.84335750017829,4
"LINC01554","LINC01554",1,5.99322209594816,4
"AGR2","AGR2",3,10.4686735970597,4
"DLX5","DLX5",4,6.4741033375415,4
"ROPN1B","ROPN1B",1,8.2651449479089,4
"MPV17L","MPV17L",2,8.8126660366841,4
"SCGB1B2P","SCGB1B2P",3,6.17629136487569,4
"CAPN6","CAPN6",1,6.83857235539461,4
"MT1G","MT1G",4,4.74938139970362,4
"ATP13A5","ATP13A5",2,7.72793683419909,4
"KLK7","KLK7",1,6.56862428661541,4
"IGHG3","IGHG3",1,6.52470229762693,4
"ZIC1","ZIC1",4,6.38216763359147,4
"CEP55","CEP55",4,8.77925603411632,4
"MELK","MELK",4,8.64634129645279,4
"TNNT1","TNNT1",4,6.02061388398214,4
"CLPSL1","CLPSL1",2,6.07084326218891,4
"KLHDC7B","KLHDC7B",4,5.35339274509216,4
"TDRD9","TDRD9",2,5.55729944279386,4
"KLK6","KLK6",1,6.68035520861996,4
"AC023509.2","AC023509.2",2,7.79995969261102,4
"EXTL1","EXTL1",1,4.9500326716664,4
"NDNF","NDNF",2,7.8472959834408,4
"SLC5A8","SLC5A8",4,5.02004724971313,4
"DIO3","DIO3",2,7.12269377417889,4
"FGFR3","FGFR3",4,5.87458552510854,4
"DCD","DCD",3,5.07214384074413,4
"ALDH3B2","ALDH3B2",2,7.85092535513634,4
"AKR1C3","AKR1C3",2,7.15171912541915,4
"C16orf89","C16orf89",3,8.14836914153928,4
"NEK10","NEK10",3,8.58235216907955,4
"BIRC5","BIRC5",4,7.59166016202028,4
"C2CD4B","C2CD4B",2,6.27942288066124,4
"DEPDC1","DEPDC1",4,8.42198166868777,4
"FBN2","FBN2",2,4.57543768768987,4
"HBA1","HBA1",1,5.40202306003321,4
"AC099508.1","AC099508.1",2,8.21419656190357,4
"COL11A1","COL11A1",4,6.1232405436973,4
"ADAMTS15","ADAMTS15",3,9.07967093439002,4
"NRN1","NRN1",4,5.01877075143348,4
"OTX1","OTX1",4,7.12339809180784,4
"FSIP2","FSIP2",2,5.91382761534342,4
"KIF2C","KIF2C",4,8.79935059661683,4
"ZNF385B","ZNF385B",3,6.38934068779223,4
"AL121790.1","AL121790.1",2,6.04092142760842,4
"COL10A1","COL10A1",4,6.09461303870145,4
"GRIA2","GRIA2",3,4.6172553502714,4
"RSAD2","RSAD2",4,6.2165269738937,4
"ARHGAP40","ARHGAP40",3,7.21651787214176,4
"KLHDC7A","KLHDC7A",3,7.23617482302839,4
"GJB2","GJB2",4,6.80280741383737,4
"ACSM3","ACSM3",2,6.93311197591933,4
"AP000851.1","AP000851.1",1,8.74630350764848,4
"RPL10","RPL10",1,5.14889179800748,4
"MAEL","MAEL",4,4.81695068910602,4
"TNFRSF11B","TNFRSF11B",3,5.51644658314506,4
"SLC13A2","SLC13A2",1,8.57820632348237,4
"GLYATL2","GLYATL2",4,4.60655665662198,4
"RN7SL674P","RN7SL674P",3,8.26354031817606,4
"CBX2","CBX2",4,7.94118225815898,4
"AC025154.2","AC025154.2",1,6.08581841777541,4
"GBP5","GBP5",1,5.53991825101514,4
"SLC25A18","SLC25A18",2,8.94924440112916,4
"GRIA4","GRIA4",3,5.544734050754,4
"PTTG1","PTTG1",4,8.50156616479232,4
"LY6K","LY6K",4,6.35705700825249,4
"C7","C7",1,7.26112630777763,4
"AC008459.1","AC008459.1",3,5.78493884538662,4
"LINC01956","LINC01956",4,6.91562227653183,4
"PTGS2","PTGS2",1,6.56487436814245,4
"SLC28A3","SLC28A3",1,7.84860253132149,4
"CHAD","CHAD",3,6.71454682948578,4
"LAMP3","LAMP3",1,5.92005052281927,4
"RIMS2","RIMS2",2,6.75090859702218,4
"AC119673.3","AC119673.3",4,4.51270417814436,4
"ANLN","ANLN",4,8.45296966425525,4
"RET","RET",3,5.89356432410418,4
"NXNL2","NXNL2",3,8.69756509615912,4
"NOVA1","NOVA1",3,7.91999049335773,4
"IGF2BP3","IGF2BP3",4,5.81979775061222,4
"SPTSSB","SPTSSB",3,5.04788501338354,4
"GDF15","GDF15",2,5.79473900348029,4
"AK5","AK5",3,7.42594240290873,4
"DLGAP5","DLGAP5",4,8.59363966732535,4
"SLC34A2","SLC34A2",1,8.86674653076235,4
"IL32","IL32",1,6.09576193406735,4
"DLK1","DLK1",1,5.80000957973438,4
"CAPN8","CAPN8",3,9.58018440214218,4
"GBP4","GBP4",1,5.88561712683473,4
"VSIG10L2","VSIG10L2",3,7.26551535610842,4
"CELF4","CELF4",4,6.66885554972107,4
"CRYBB2","CRYBB2",1,4.32450265869614,4
"ACKR2","ACKR2",4,5.32344651231622,4
"CEL","CEL",4,5.158127490342,4
"SNTG2-AS1","SNTG2-AS1",2,5.60270711425597,4
"LINC02607","LINC02607",3,6.14864639643429,4
"PITX1","PITX1",4,7.74719979939321,4
"CXCL2","CXCL2",1,8.42541240689921,4
"COL11A2","COL11A2",4,5.74491491491647,4
"KLHL31","KLHL31",2,7.26010414689432,4
"FOXI1","FOXI1",1,7.23077691600906,4
"RIMS1","RIMS1",2,6.86548912829325,4
"KLK10","KLK10",1,6.87416694015235,4
"HJURP","HJURP",4,8.81760097273988,4
"FUT3","FUT3",2,6.02901323812171,4
"AC010280.1","AC010280.1",2,9.0287468648937,4
"IYD","IYD",2,7.86840683753579,4
"MMP7","MMP7",1,9.15323817521806,4
"FMO5","FMO5",2,7.63503489268502,4
"GATA3-AS1","GATA3-AS1",3,8.20817888221569,4
"FYB2","FYB2",3,8.03736363343059,4
"MTCYBP13","MTCYBP13",2,6.02217096652395,4
"PRSS21","PRSS21",4,4.32995471577754,4
"HSPB8","HSPB8",3,7.36873024149414,4
"CLGN","CLGN",3,6.38160755931325,4
"EEF1A2","EEF1A2",3,7.66950502215681,4
"AC008268.1","AC008268.1",3,6.76141272573765,4
"TSPAN1","TSPAN1",3,8.22758614629201,4
"CADM3","CADM3",3,5.67195608893917,4
"OLAH","OLAH",1,5.03996480934779,4
"FGB","FGB",3,4.73101070480436,4
"SULT1C4","SULT1C4",2,5.36502157995344,4
"ONECUT2","ONECUT2",4,5.50289615795896,4
"COL4A6","COL4A6",3,6.94630832554748,4
"PTN","PTN",3,7.27556786659034,4
"TRIM36","TRIM36",2,7.6876750100818,4
"KIF20A","KIF20A",4,8.56970392841522,4
"ECRG4","ECRG4",1,6.34940995509766,4
"SPAG17","SPAG17",3,7.36418760857729,4
"CDCA5","CDCA5",4,8.44781207781802,4
"AC137932.3","AC137932.3",3,5.08550590106981,4
"IFI44L","IFI44L",1,6.48239615369515,4
"SLITRK6","SLITRK6",3,7.31664326172464,4
"MAOA","MAOA",2,6.06392794286813,4
"GSDMC","GSDMC",4,6.29846859539304,4
"FOXD1","FOXD1",4,6.54425978238182,4
"RPL10P9","RPL10P9",1,4.3806164162428,4
"AC106045.1","AC106045.1",2,6.99171978690058,4
"CXCL8","CXCL8",4,5.40011280274854,4
"WNK4","WNK4",3,8.72506267209522,4
"ACSBG1","ACSBG1",2,6.32074059880091,4
"CRLF1","CRLF1",4,5.45003106900156,4
"PKMYT1","PKMYT1",4,8.53827671488378,4
"ADGRL3","ADGRL3",3,5.65047183112764,4
"C2orf72","C2orf72",2,6.10547843644847,4
"AADAT","AADAT",2,6.99129361506802,4
"ATP6V1C2","ATP6V1C2",4,5.71015116717425,4
"FAM111B","FAM111B",4,7.78564853255888,4
"PBK","PBK",4,8.27596863917041,4
"MCM10","MCM10",4,8.02431779847975,4
"GRB14","GRB14",4,6.2954733594892,4
"GNG4","GNG4",4,6.49756833675569,4
"HOXB5","HOXB5",3,4.61131440903394,4
"NLRP2","NLRP2",4,4.99201146041819,4
"SMYD1","SMYD1",3,5.4331037959749,4
"LRP2","LRP2",3,8.63281686834349,4
"ADH1B","ADH1B",1,6.99538611963888,4
"AC021066.1","AC021066.1",4,5.34944893540477,4
"NFE4","NFE4",4,5.42055840341717,4
"LINC01133","LINC01133",4,6.78068014128073,4
"H2BC4","H2BC4",2,7.46061225362361,4
"NDUFA4L2","NDUFA4L2",2,4.87527849816324,4
"GABRB3","GABRB3",2,5.90031330616166,4
"DRAIC","DRAIC",2,6.63859567867505,4
"MKI67","MKI67",4,8.58634351445641,4
"XDH","XDH",1,5.5869730886623,4
"NCAM1","NCAM1",1,5.91049710753221,4
"ASCL2","ASCL2",2,6.96759835570971,4
"QPCT","QPCT",4,5.81944701868402,4
"LOXL4","LOXL4",1,7.98661368889379,4
"FAM3B","FAM3B",1,6.35907116368316,4
"LIN7A","LIN7A",2,6.41700306589517,4
"LIF","LIF",1,5.83023729002162,4
"SLCO1A2","SLCO1A2",1,6.6365889726343,4
"DACH1","DACH1",3,9.06776036022793,4
"ADCY1","ADCY1",3,7.04589929997297,4
"GLYATL1","GLYATL1",2,6.03393095570105,4
"FTCD","FTCD",2,5.44541778944119,4
"TRABD2B","TRABD2B",3,6.06038571960377,4
"AFAP1-AS1","AFAP1-AS1",4,5.68591552960195,4
"FOXC2","FOXC2",1,6.37441640582637,4
"SECTM1","SECTM1",4,6.20474117471159,4
"KRT14","KRT14",1,7.60898080621053,4
"ARNTL2","ARNTL2",4,6.20127312749907,4
"PLPPR3","PLPPR3",3,7.91292360718226,4
"BMP7","BMP7",4,5.31450621271054,4
"FGF10","FGF10",1,5.04345835870526,4
"CAPN13","CAPN13",2,7.01227392106097,4
"ATP13A4","ATP13A4",2,7.72702956621336,4
"SIM2","SIM2",4,6.80164945868862,4
"RRM2","RRM2",4,8.54171574058008,4
"HEPACAM2","HEPACAM2",3,7.62705947465431,4
"HOXA10","HOXA10",2,5.08276570572114,4
"DNALI1","DNALI1",3,8.40087300565464,4
"RARRES1","RARRES1",1,8.01924647441945,4
"ABCC8","ABCC8",3,7.41638022374932,4
"GABRE","GABRE",2,6.87964705849763,4
"COL9A3","COL9A3",4,6.26533814074116,4
"DSG3","DSG3",1,6.40480085223265,4
"POU3F3","POU3F3",3,4.90362724136106,4
"AREG","AREG",3,9.02053373458377,4
"SOSTDC1","SOSTDC1",1,7.32479003314986,4
"AC093866.1","AC093866.1",3,5.60655931601787,4
"CDH2","CDH2",4,5.07670128057008,4
"SLC6A14","SLC6A14",1,8.44734852781362,4
"S100A9","S100A9",1,5.30742152706137,4
"CACNA1H","CACNA1H",3,5.61359866077248,4
"CA5BP1","CA5BP1",4,4.96438843776491,4
"APOD","APOD",2,8.54969390252139,4
"KLK5","KLK5",1,6.87353128810391,4
"CDK1","CDK1",4,8.66117632866574,4
"MAP7D2","MAP7D2",4,5.96981231426019,4
"LINC00504","LINC00504",3,9.21725729991318,4
"MSX2","MSX2",3,6.82683457916223,4
"SUSD3","SUSD3",3,8.71818132403083,4
"LTB","LTB",1,6.2268965201091,4
"TMEM63C","TMEM63C",2,7.34554306804969,4
"GABBR2","GABBR2",4,5.85315094803485,4
"H2BC9","H2BC9",4,5.93082478583963,4
"TUBB2B","TUBB2B",1,5.81309948344737,4
"PAMR1","PAMR1",1,7.01525426836191,4
"ERICH3","ERICH3",3,7.82432796747887,4
"DIO1","DIO1",3,5.52257280824202,4
"SERPINA1","SERPINA1",3,6.1993265189586,4
"LINC01018","LINC01018",2,7.78323111210423,4
"EAF2","EAF2",2,7.97293243589171,4
"SLC7A2","SLC7A2",3,8.11113170739836,4
"PPP1R14C","PPP1R14C",4,5.32356347788894,4
"KIF14","KIF14",4,8.1703843635177,4
"SLC44A4","SLC44A4",3,7.74066723501098,4
"RFLNA","RFLNA",1,5.14144099386133,4
"OLFML3","OLFML3",2,6.93431284818566,4
"CCNE1","CCNE1",4,7.61722920749013,4
"KANK4","KANK4",1,5.39043737408808,4
"FAM83A","FAM83A",4,5.2738104547728,4
"LRRC15","LRRC15",4,6.42882795368032,4
"ATP6V0A4","ATP6V0A4",1,6.25252791392832,4
"MMP1","MMP1",4,6.25741161134457,4
"DGKI","DGKI",3,4.53447586335186,4
"MFAP5","MFAP5",4,4.34452636481543,4
"CMPK2","CMPK2",4,5.9658566812935,4
"TTN","TTN",2,7.41435685512922,4
"CHST8","CHST8",3,6.92585339144628,4
"SMIM31","SMIM31",2,5.83809098168853,4
"SLITRK4","SLITRK4",2,4.37327442067604,4
"MOGAT2","MOGAT2",2,7.47618504147303,4
"AL031777.2","AL031777.2",2,6.72139817600405,4
"CHRM3","CHRM3",1,6.04983807691147,4
"AC116407.1","AC116407.1",2,7.48189918771198,4
"SLC44A5","SLC44A5",2,5.97751346163237,4
"TERB2","TERB2",2,8.28433624262336,4
"INSYN2B","INSYN2B",1,6.66143623364834,4
"SIX1","SIX1",2,5.76717813440142,4
"L1CAM","L1CAM",4,5.49054798090606,4
"CLDN1","CLDN1",2,5.85137342285596,4
"SCUBE2","SCUBE2",3,8.75571148274381,4
"Z95114.1","Z95114.1",2,6.61516690050939,4
"ELN","ELN",4,5.14866518262722,4
"ZBTB16","ZBTB16",2,7.3842140019721,4
"CCNB2","CCNB2",4,8.52709109732562,4
"SNORA2B","SNORA2B",1,4.70889063636729,4
"IFIT1","IFIT1",4,5.22383366892216,4
"ALX4","ALX4",1,6.10783439153647,4
"ROPN1","ROPN1",1,8.25001731159146,4
"TINCR","TINCR",4,7.29383641016924,4
"B3GALT5","B3GALT5",1,6.60501088904241,4
"SGO1","SGO1",4,8.15471337127675,4
"FGFR4","FGFR4",2,6.93009554414797,4
"VSIG2","VSIG2",3,6.84132747060162,4
"ASPN","ASPN",4,4.51991685009955,4
"LPL","LPL",1,6.6953833099163,4
"LINC01819","LINC01819",1,6.86592865046719,4
"HOXB7","HOXB7",4,5.41009200717547,4
"CXCL1","CXCL1",1,6.06698351866284,4
"AKR7A3","AKR7A3",3,6.05743995078246,4
"SLC9A2","SLC9A2",2,6.72223472987168,4
"SLC2A14","SLC2A14",2,6.19698454752093,4
"SEMA6D","SEMA6D",3,6.56981303728248,4
"SMC1B","SMC1B",4,7.0146054196536,4
"IGF2BP2","IGF2BP2",1,8.21139166482955,4
"MUC15","MUC15",1,7.44231214905278,4
"BTNL9","BTNL9",2,6.35435833282003,4
"C2orf88","C2orf88",1,8.26044937971072,4
"EWSAT1","EWSAT1",3,8.34562690475022,4
"FGFBP1","FGFBP1",1,6.25323755984477,4
"NDC80","NDC80",4,7.81863406799316,4
"PLEKHG7","PLEKHG7",2,7.1926071718032,4
"SOCS3","SOCS3",1,6.91026380059013,4
"BUB1B","BUB1B",4,8.27515018773263,4
"RAB3B","RAB3B",2,6.98426426641774,4
"CADM2","CADM2",2,6.23360357655235,4
"DLGAP1","DLGAP1",3,5.00821723869894,4
"VCAM1","VCAM1",1,7.5066735645154,4
"RASD2","RASD2",4,6.35389671698773,4
"SLC5A11","SLC5A11",2,7.47951272662726,4
"HOXA10-AS","HOXA10-AS",2,5.84642997528947,4
"TOB1-AS1","TOB1-AS1",2,8.14170754123359,4
"RAD51AP1","RAD51AP1",4,7.86218582714921,4
"PNLDC1","PNLDC1",4,4.52302610171717,4
"NOP56P3","NOP56P3",4,3.98019476446438,4
"KLK3","KLK3",3,4.86798586669042,4
"ANGPT1","ANGPT1",4,5.24480325560088,4
"SCRG1","SCRG1",4,5.12842268270997,4
"ANKRD20A11P","ANKRD20A11P",3,6.74701350332654,4
"BMP5","BMP5",3,4.86197720728161,4
"MFSD4A","MFSD4A",1,6.41838706101414,4
"SLC43A1","SLC43A1",2,7.22276704496615,4
"LRRC31","LRRC31",2,6.35137437149574,4
"AP002001.2","AP002001.2",2,8.51351526384894,4
"IGLC7","IGLC7",1,5.51482590125279,4
"HRK","HRK",4,6.6724299798059,4
"MMP13","MMP13",4,6.49613230951272,4
"LINC02593","LINC02593",3,6.48126646653788,4
"AURKA","AURKA",4,8.15060831847943,4
"OAS2","OAS2",4,5.18354505859829,4
"GUCY2D","GUCY2D",2,7.45055415838584,4
"MMP12","MMP12",4,5.1777831669092,4
"H19","H19",4,4.26278220185675,4
"LINC01235","LINC01235",1,6.63497068258516,4
"BBOX1","BBOX1",1,8.49266027204164,4
"HLA-DQA2","HLA-DQA2",1,5.12641347508034,4
"HAS3","HAS3",1,6.16877499794098,4
"KIF18B","KIF18B",4,8.16036071875094,4
"SLC38A4","SLC38A4",2,7.58390399897335,4
"DPT","DPT",1,7.45132608206124,4
"RAMP3","RAMP3",3,5.36397641077622,4
"DTL","DTL",4,8.05465476037734,4
"CST6","CST6",4,5.58284625171791,4
"GREB1","GREB1",3,8.84350653115989,4
"EGF","EGF",2,6.16357333801646,4
"CDCA8","CDCA8",4,8.25760857660462,4
"LMO3","LMO3",4,4.67576375538761,4
"ABO","ABO",1,5.66654190920336,4
"CENPW","CENPW",4,7.27615822643898,4
"DCX","DCX",1,5.86802720010241,4
"C4BPA","C4BPA",1,7.33302558457957,4
"SGPP2","SGPP2",2,7.15359570062558,4
"C6orf15","C6orf15",1,5.15573921890637,4
"GPX2","GPX2",3,5.47338200143776,4
"CHI3L1","CHI3L1",1,7.27854141172666,4
"KCNK5","KCNK5",1,6.02076728571662,4
"CKS1B","CKS1B",4,6.55389792811884,4
"DUOXA1","DUOXA1",2,6.19811996121099,4
"MED4-AS1","MED4-AS1",2,7.49631842180625,4
"CD36","CD36",2,6.52616672193727,4
"BEX1","BEX1",3,5.5451446454208,4
"LINC01139","LINC01139",4,5.13051207823709,4
"CCZ1B","CCZ1B",4,5.32090549006315,4
"REEP6","REEP6",2,7.3297947830165,4
"B3GNT3","B3GNT3",1,6.77240449608939,4
"SPC24","SPC24",4,7.84355255990037,4
"SCARA5","SCARA5",1,7.32988763206018,4
"CHST9","CHST9",1,7.82173604657672,4
"CDCA3","CDCA3",4,8.33216419536512,4
"ABCC4","ABCC4",2,6.05735447006428,4
"CENPF","CENPF",4,8.56239643885441,4
"HOTAIR","HOTAIR",4,5.6756650383152,4
"NUDT8","NUDT8",2,7.71799612096988,4
"CCDC170","CCDC170",3,9.13264007049577,4
"AC103718.1","AC103718.1",4,5.52363925432109,4
"NEURL3","NEURL3",1,8.08606044529401,4
"ADCYAP1","ADCYAP1",1,4.19219275707474,4
"PSCA","PSCA",4,6.17177191724978,4
"CAPN11","CAPN11",1,5.80706911625436,4
"ZNF208","ZNF208",3,6.64032643044508,4
"KRT6B","KRT6B",1,6.97915514888137,4
"SLC12A1","SLC12A1",4,5.87279776319553,4
"ERBB4","ERBB4",3,8.62733689761214,4
"ADGRF1","ADGRF1",1,5.30791467786594,4
"PRR15","PRR15",3,6.59189931439652,4
"TMC5","TMC5",3,6.79261464194321,4
"CCL18","CCL18",4,4.38149461665757,4
"TBX1","TBX1",4,6.24652173188366,4
"SAA4","SAA4",1,7.45419045169163,4
"NCAPG","NCAPG",4,8.25794152580565,4
"STEAP4","STEAP4",2,6.6172516000956,4
"AP006248.4","AP006248.4",3,7.14491559621694,4
"DIAPH3","DIAPH3",4,8.22553572323433,4
"TOP2A","TOP2A",4,8.48105856459509,4
"PLK1","PLK1",4,8.30341759962046,4
"OXER1","OXER1",2,6.90303912475421,4
"FOXQ1","FOXQ1",1,5.70545835081517,4
"NRXN3","NRXN3",3,5.30817030461733,4
"CCL19","CCL19",1,6.09702088806461,4
"TPRG1","TPRG1",3,6.70686464087925,4
"CDC45","CDC45",4,8.01400287637264,4
"BUB1","BUB1",4,8.29483316849467,4
"PLP1","PLP1",1,4.29923801060304,4
"TFF2","TFF2",4,5.58020608064789,4
"CCNA2","CCNA2",4,8.06870672810117,4
"COLCA1","COLCA1",1,4.89853624623887,4
"STK32B","STK32B",3,7.70899347027398,4
"MAGEA4","MAGEA4",4,5.46075340791875,4
"COL9A1","COL9A1",4,5.6239798180075,4
"PSAT1","PSAT1",4,6.82296574828184,4
"EYS","EYS",2,7.63695314952163,4
"CHRD","CHRD",3,6.66456013290103,4
"PPARGC1A","PPARGC1A",1,5.09925769551825,4
"CDKN3","CDKN3",4,7.95453282417289,4
"MUC7","MUC7",1,4.7575607577978,4
"RCOR2","RCOR2",4,7.47208614094467,4
"NLGN4X","NLGN4X",1,6.02265008742615,4
"ELAVL2","ELAVL2",4,6.0597628299817,4
"HOXB4","HOXB4",3,4.79659790995732,4
"PPP1R1A","PPP1R1A",1,5.11536643319459,4
"MYBL1","MYBL1",4,7.09070820331587,4
"PI16","PI16",1,6.61393105635667,4
"UBE2T","UBE2T",4,8.20858135588419,4
"ADM","ADM",4,5.29661956838606,4
"FAIM2","FAIM2",2,6.66483993349534,4
"HS6ST2","HS6ST2",3,4.4699085463241,4
"PAX6","PAX6",4,5.74693675265345,4
"FLT3","FLT3",2,5.54089667182796,4
"AL117329.1","AL117329.1",4,5.78859438130866,4
"CAMP","CAMP",4,5.77198444992142,4
"RP1","RP1",3,6.61159460211115,4
"POU2AF1","POU2AF1",1,7.03086077809378,4
"SEPTIN3","SEPTIN3",4,6.15219822036142,4
"RRAD","RRAD",1,5.09331777349146,4
"CCNE2","CCNE2",4,7.66409167753702,4
"HOXC11","HOXC11",4,6.40675449413591,4
"AQP3","AQP3",2,6.98148307088942,4
"S100A1","S100A1",1,6.51436087527303,4
"E2F1","E2F1",4,7.98449851065704,4
"RANBP3L","RANBP3L",2,5.9020248511287,4
"CCL5","CCL5",1,6.82459844109873,4
"BARX1","BARX1",4,5.83350090417861,4
"IL34","IL34",1,6.29169795082607,4
"AC009107.2","AC009107.2",3,4.94802126605227,4
"CDCA2","CDCA2",4,7.91453752834252,4
"AL359555.4","AL359555.4",4,6.20764602242228,4
"SOCS2-AS1","SOCS2-AS1",3,5.68622806740847,4
"ADAM2","ADAM2",2,8.31782308731364,4
"RAB6C-AS1","RAB6C-AS1",3,7.50480052891457,4
"IL33","IL33",1,7.25266533905911,4
"FOLR1","FOLR1",1,8.05108511487291,4
"IL4I1","IL4I1",4,5.75626068557314,4
"SHC4","SHC4",1,4.7762790312352,4
"PTGDS","PTGDS",1,7.13117506785301,4
"STAG3","STAG3",4,5.3669363439235,4
"RMST","RMST",3,6.41173176521052,4
"COMP","COMP",4,5.88966903679052,4
"MZB1","MZB1",1,5.52267137419754,4
"PTCHD1","PTCHD1",1,8.19626323284638,4
"LYPD6B","LYPD6B",3,8.64377914696569,4
"RND1","RND1",2,6.61167698645466,4
"AC099654.5","AC099654.5",2,4.34846941152832,4
"CACNG4","CACNG4",3,6.13828494758389,4
"SCNN1B","SCNN1B",2,5.10317512966988,4
"GATA2","GATA2",2,5.07435917924528,4
"PTH2R","PTH2R",4,5.56392705324342,4
"KIF15","KIF15",4,7.93433727162867,4
"CA4","CA4",2,7.14583152731743,4
"FOSB","FOSB",1,5.85327525625673,4
"ST6GALNAC1","ST6GALNAC1",2,7.70063100219802,4
"PTPRT","PTPRT",3,7.63190109002318,4
"CX3CR1","CX3CR1",1,5.8333181678848,4
"PLAAT5","PLAAT5",3,6.11793790314388,4
"HPX","HPX",3,5.91830827549224,4
"LINC02188","LINC02188",1,8.41201594042848,4
"IGSF21","IGSF21",3,6.04774175090489,4
"NRXN1","NRXN1",3,4.77860629376387,4
"CES3","CES3",2,6.21231374310871,4
"CEROX1","CEROX1",1,7.62884811827249,4
"WNT4","WNT4",3,5.86796793170719,4
"IFIT3","IFIT3",4,5.23643494437021,4
"SMOC1","SMOC1",4,5.88169186215318,4
"PNPLA3","PNPLA3",4,5.48920912540603,4
"OGN","OGN",1,5.03827979681512,4
"ADCY2","ADCY2",2,5.37912042433343,4
"AL355916.2","AL355916.2",2,7.9263309409026,4
"RTP4","RTP4",1,6.07548120095055,4
"NCAM2","NCAM2",3,6.71517278983555,4
"KRT23","KRT23",1,5.85869128579511,4
"CXCL5","CXCL5",1,7.19485219384597,4
"LINC02568","LINC02568",3,5.7939905863222,4
"LRRN3","LRRN3",3,5.51536501308492,4
"ISG15","ISG15",4,6.6733059278829,4
"ADD2","ADD2",4,6.26099255970396,4
"C5orf17","C5orf17",3,4.53528272108847,4
"CSTA","CSTA",2,4.61867548104806,4
"TRIP13","TRIP13",4,7.87837960585088,4
"SNORA31","SNORA31",3,4.54388136817255,4
"ABCC6","ABCC6",2,6.05427937116217,4
"AC021148.3","AC021148.3",2,6.97051886451044,4
"SYTL5","SYTL5",3,7.29544868573261,4
"ZP2","ZP2",2,7.86791010944463,4
"MECOM","MECOM",2,6.70120739556983,4
"AF001548.3","AF001548.3",1,6.14243456249549,4
"QPRT","QPRT",2,6.29643584772853,4
"SRPK3","SRPK3",4,6.12806305795855,4
"TMCC3","TMCC3",2,7.10149611055361,4
"HEY2","HEY2",1,6.55348600878996,4
"AC012358.4","AC012358.4",2,7.56839060117551,4
"LINC02701","LINC02701",2,7.85793991996278,4
"C6orf141","C6orf141",4,6.12084762714662,4
"ST6GALNAC5","ST6GALNAC5",1,5.72626208453913,4
"AC018865.3","AC018865.3",3,5.86470453305193,4
"MLC1","MLC1",4,5.71713429977252,4
"LINC02473","LINC02473",4,5.9915085965921,4
"HMGB1P11","HMGB1P11",2,7.95453912720759,4
"FSIP1","FSIP1",3,6.00258956949018,4
"LINC00862","LINC00862",2,5.2687213304414,4
"FRZB","FRZB",3,5.27669564871329,4
"SLC14A1","SLC14A1",1,5.71026160506494,4
"NEURL1","NEURL1",4,5.98467124143052,4
"GFRA3","GFRA3",4,6.76916908679008,4
"KLRG2","KLRG2",4,6.97720583493471,4
"TYMS","TYMS",4,8.09115905028127,4
"HPSE2","HPSE2",1,6.03895984781898,4
"ANGPTL4","ANGPTL4",1,6.10280060682094,4
"THBS2","THBS2",4,6.16157847829191,4
"NRIP3","NRIP3",3,8.06710191104285,4
"FAM107A","FAM107A",1,5.51384169303519,4
"CDSN","CDSN",3,5.53276636888179,4
"NTS","NTS",3,5.2430359131765,4
"RNU6-195P","RNU6-195P",3,4.61810544594665,4
"PCDHB3","PCDHB3",1,3.84354628489436,4
"FUT2","FUT2",4,5.04716407343523,4
"AC080013.4","AC080013.4",1,6.38155061754517,4
"CKAP2L","CKAP2L",4,8.15496435480265,4
"UNC5A","UNC5A",2,6.83627394702573,4
"CEACAM5","CEACAM5",4,5.22273825879188,4
"ZFP57","ZFP57",4,4.67150628561531,4
"PKP1","PKP1",1,7.52715888114969,4
"H3C10","H3C10",4,5.75914863474669,4
"LGR6","LGR6",1,5.98370357266091,4
"SPINK5","SPINK5",1,5.09985053095189,4
"IGDCC3","IGDCC3",3,6.55374491229234,4
"HSD17B2","HSD17B2",2,6.59595033842128,4
"POLQ","POLQ",4,7.78189029209584,4
"EDN2","EDN2",4,6.02672193457616,4
"LINC00632","LINC00632",1,5.3420113414961,4
"ADAM33","ADAM33",1,7.02988110301534,4
"HOXB2","HOXB2",2,5.69035874009776,4
"ITIH2","ITIH2",3,6.40688029630919,4
"HAPLN1","HAPLN1",1,4.62794793298945,4
"SOCS2","SOCS2",3,5.57922574096301,4
"PWWP3B","PWWP3B",3,6.47473678168877,4
"PCOLCE2","PCOLCE2",4,5.82807195145815,4
"PAPSS2","PAPSS2",2,7.27190196840048,4
"CNTFR","CNTFR",1,4.92900977193345,4
"TCIM","TCIM",3,5.89707395071135,4
"SULT1C2","SULT1C2",2,6.29005644399219,4
"PIMREG","PIMREG",4,7.81256996747908,4
"LGALS12","LGALS12",2,6.27129248989805,4
"TTK","TTK",4,7.56704592418689,4
"CDT1","CDT1",4,7.58323685255162,4
"SKA3","SKA3",4,7.75340314516589,4
"SFRP4","SFRP4",1,4.15187503550999,4
"TAC1","TAC1",1,5.44166234328427,4
"EGR3","EGR3",3,5.97354383404336,4
"HOXB3","HOXB3",3,5.86954422877781,4
"SPIB","SPIB",1,5.7695876381596,4
"CD79A","CD79A",1,7.21122164582982,4
"NGFR","NGFR",1,6.26898757646347,4
"GSN-AS1","GSN-AS1",3,4.75446878733878,4
"SYT8","SYT8",1,5.67213336632766,4
"HERC2P3","HERC2P3",1,5.37410808846747,4
"EXO1","EXO1",4,7.95953795423249,4
"AC012349.1","AC012349.1",1,4.68941419708086,4
"IL7R","IL7R",1,7.59116245220265,4
"APBA2","APBA2",1,6.20694868191631,4
"TRPM8","TRPM8",4,5.67554354178667,4
"H4C5","H4C5",2,5.46864964182316,4
"KCNJ16","KCNJ16",1,5.36682140850267,4
"RERGL","RERGL",1,5.53865063224591,4
"SHOX2","SHOX2",2,6.70072548704104,4
"RYR2","RYR2",2,5.65136396429647,4
"LINP1","LINP1",4,4.53929403069877,4
"ABCG2","ABCG2",1,6.92893745830958,4
"U62317.1","U62317.1",4,6.4512912552894,4
"SLC1A1","SLC1A1",3,4.45323739948668,4
"CLEC2L","CLEC2L",4,6.15813902222005,4
"SYNPO2L","SYNPO2L",2,5.07543080850494,4
"AP003119.3","AP003119.3",2,6.86932879862215,4
"MPZ","MPZ",1,6.32922501893039,4
"PRC1","PRC1",4,8.03827825315356,4
"NRG1","NRG1",1,6.61675055723204,4
"CTSV","CTSV",4,5.41572094285033,4
"ANKRD36BP2","ANKRD36BP2",1,5.62294754861706,4
"CYP4B1","CYP4B1",3,5.3347506911198,4
"CHI3L2","CHI3L2",1,6.11726587857978,4
"RNF128","RNF128",1,5.55173662035475,4
"SAMD11","SAMD11",3,5.7442386344015,4
"PTGIS","PTGIS",4,4.8181946340415,4
"SIM1","SIM1",4,5.37124655721768,4
"RMI2","RMI2",4,7.32178966416567,4
"RAD54L","RAD54L",4,7.83704752350274,4
"AKR1C1","AKR1C1",1,4.91259783817245,4
"NSG1","NSG1",1,6.03593282127165,4
"TNN","TNN",1,5.85187216557205,4
"IL17B","IL17B",3,6.45769614151119,4
"C15orf48","C15orf48",3,6.57627374622313,4
"KIF26B","KIF26B",4,5.82558521333344,4
"NKAIN1","NKAIN1",4,5.74056894958836,4
"DGAT2","DGAT2",4,6.90453177119944,4
"LINC01226","LINC01226",2,6.9825913614614,4
"C11orf96","C11orf96",1,5.20442038941351,4
"LEMD1","LEMD1",4,5.95432927657672,4
"PWP2","PWP2",4,5.61315257572271,4
"AC026124.1","AC026124.1",1,6.13576125967546,4
"DIRAS3","DIRAS3",3,6.15521873810099,4
"TROAP","TROAP",4,7.97340417030213,4
"EMILIN3","EMILIN3",2,4.7981185709788,4
"SLC41A2","SLC41A2",2,7.08538935421679,4
"IFI44","IFI44",1,6.01305319671741,4
"EPSTI1","EPSTI1",1,6.22027455812969,4
"GINS1","GINS1",4,7.64880117775753,4
"AP000356.1","AP000356.1",2,7.36092147499023,4
"FUT6","FUT6",2,5.41266967574035,4
"EPHA7","EPHA7",1,5.83563901280241,4
"ZFP42","ZFP42",4,5.59984469562439,4
"FAM198B-AS1","FAM198B-AS1",3,7.36459245766731,4
"IL22RA2","IL22RA2",1,6.59889103808706,4
"AMTN","AMTN",4,5.21327151425434,4
"TP63","TP63",1,7.14511186890325,4
"CCL3L3","CCL3L3",1,5.14593670901221,4
"GPC3","GPC3",1,6.64977267637303,4
"GPR12","GPR12",1,5.90980989692934,4
"NEFH","NEFH",1,4.81343794487175,4
"PCDHB2","PCDHB2",4,5.37362161083422,4
"LINGO1","LINGO1",4,6.02942757424692,4
"C19orf81","C19orf81",3,4.81054771948666,4
"WNT6","WNT6",1,5.96030696666661,4
"PRELP","PRELP",1,6.54064788436805,4
"MUC19","MUC19",3,4.5496348230345,4
"RBP4","RBP4",1,5.10350630750682,4
"RASL10A","RASL10A",1,7.08082641844396,4
"PEG3","PEG3",1,5.31511214968976,4
"CILP","CILP",1,4.54081228314127,4
"BCL2A1","BCL2A1",4,5.47800892293625,4
"OSGIN1","OSGIN1",2,6.70973668100536,4
"DNAJC12","DNAJC12",3,8.50675402442869,4
"ECM1","ECM1",4,4.95691257533847,4
"BMP6","BMP6",1,5.08897933999065,4
"SOWAHA","SOWAHA",3,6.56833940660206,4
"PPP2R2C","PPP2R2C",4,5.76073732920161,4
"MNX1","MNX1",4,6.26148451068574,4
"ADAMTS17","ADAMTS17",2,6.01876900248685,4
"AL162413.1","AL162413.1",4,6.18384677249657,4
"ABCA13","ABCA13",1,5.71114202824781,4
"DNAAF1","DNAAF1",3,8.02342991851403,4
"DUOX1","DUOX1",2,6.01769603836052,4
"CCN3","CCN3",1,6.00149897046784,4
"PCAT19","PCAT19",1,4.41792524168213,4
"LINC02015","LINC02015",3,5.20431834794961,4
"CAVIN2","CAVIN2",1,6.04187650527175,4
"INPP5J","INPP5J",3,7.84950987451767,4
"SYT1","SYT1",3,5.36272721044213,4
"CA2","CA2",4,4.28709079455334,4
"CA9","CA9",4,7.03699989982211,4
"CA3","CA3",1,6.14500467679419,4
"HOXA7","HOXA7",2,5.30298322375519,4
"FABP3","FABP3",1,5.26936950595737,4
"RAB7B","RAB7B",1,5.59873506833746,4
"GPX3","GPX3",1,6.42407338112081,4
"CFI","CFI",1,6.11617243099699,4
"FAM171A2","FAM171A2",4,7.40973284629673,4
"SYCP3","SYCP3",3,6.14540426980673,4
"AC144450.1","AC144450.1",3,5.58848809274193,4
"SLC5A1","SLC5A1",1,7.03895865218007,4
"TNFRSF19","TNFRSF19",3,4.96493492905186,4
"HES6","HES6",4,6.64927430775852,4
"NR4A3","NR4A3",1,5.74071602771471,4
"RSPO3","RSPO3",1,6.79027020017457,4
"KCND3","KCND3",3,7.03791244119058,4
"BCAS1","BCAS1",3,6.55542118332994,4
"H2BC8","H2BC8",2,6.54538366045991,4
"TMEM86A","TMEM86A",2,6.96333565937852,4
"HSPA2","HSPA2",2,6.09363958937311,4
"LINC02613","LINC02613",1,7.81818457767193,4
"PARM1","PARM1",2,6.17480721399973,4
"NR2E3","NR2E3",3,7.76115382537057,4
"CYP27C1","CYP27C1",4,5.4475779191489,4
"VASH2","VASH2",4,5.93066647964155,4
"KCTD14","KCTD14",1,7.05090834254221,4
"TLR7","TLR7",2,6.58299761128086,4
"AP001636.3","AP001636.3",2,5.96411976643385,4
"CDC42EP5","CDC42EP5",2,6.45458173172166,4
"AC007906.2","AC007906.2",1,5.94820920311827,4
"MS4A1","MS4A1",1,6.06971740762532,4
"AL031666.3","AL031666.3",2,5.73287525458885,4
"G0S2","G0S2",1,5.90824929546488,4
"S100B","S100B",1,7.34253141045489,4
"SLCO1B3-SLCO1B7","SLCO1B3-SLCO1B7",2,8.49662541856593,4
"ADTRP","ADTRP",1,5.05240764795337,4
"MIR3142HG","MIR3142HG",1,6.21897926624512,4
"DCT","DCT",3,6.04316068649617,4
"CCL4","CCL4",1,5.20150081280077,4
"KCNQ4","KCNQ4",1,5.8322959314633,4
"CHODL","CHODL",4,5.79911495290701,4
"ESPL1","ESPL1",4,7.61032606287339,4
"CDC6","CDC6",4,7.48200448183304,4
"TTC6","TTC6",3,8.65361654022794,4
"ABCA8","ABCA8",1,7.0033991311821,4
"MYL7","MYL7",1,5.28612608495946,4
"GATA2-AS1","GATA2-AS1",2,5.33978301540906,4
"RHEX","RHEX",4,5.27107919663659,4
"PRTFDC1","PRTFDC1",1,5.32383790676741,4
"UHRF1","UHRF1",4,7.68709005284751,4
"ABLIM3","ABLIM3",3,5.56561853515711,4
"TICRR","TICRR",4,7.67050134922969,4
"HOXA6","HOXA6",1,5.54018669239014,4
"SPOCK2","SPOCK2",1,5.97518972380176,4
"DLX2","DLX2",3,5.7962601029216,4
"AC006509.3","AC006509.3",1,4.62417657038245,4
"NAV3","NAV3",3,6.47020089456366,4
"SPINK1","SPINK1",1,4.78925058034209,4
"KCNJ8","KCNJ8",3,4.91952889028123,4
"KCNJ2","KCNJ2",1,7.25640842921433,4
"TCEAL2","TCEAL2",1,5.9166434657006,4
"F13A1","F13A1",1,5.59097889472503,4
"TAFA5","TAFA5",1,5.04006995500904,4
"GALNT5","GALNT5",3,6.08513128381299,4
"IFI27","IFI27",4,5.5926601259815,4
"NCMAP","NCMAP",1,5.96545980667787,4
"AL078581.2","AL078581.2",3,4.60830983025648,4
"AARD","AARD",4,6.30131591493069,4
"LINC01876","LINC01876",3,4.69276581991099,4
"LINC02595","LINC02595",1,7.35439837167172,4
"KCNK2","KCNK2",1,6.23601944622548,4
"AC036108.3","AC036108.3",1,5.86585633901393,4
"KCNJ3","KCNJ3",3,5.69764935268691,4
"C10orf90","C10orf90",1,7.61255357759318,4
"IL1B","IL1B",1,6.26767468967857,4
"NCAPH","NCAPH",4,7.62586656490913,4
"AC011365.2","AC011365.2",3,7.78396432037266,4
"AC131206.1","AC131206.1",4,5.57993263893527,4
"B4GALNT2","B4GALNT2",2,6.68346497051217,4
"C1QL2","C1QL2",1,5.07138731617265,4
"AMH","AMH",4,5.1841122142312,4
"FAT2","FAT2",1,6.76392245875215,4
"MX1","MX1",1,5.72988936313369,4
"AL158064.1","AL158064.1",2,7.80789778213931,4
"CARTPT","CARTPT",3,5.16015780517999,4
"RAI2","RAI2",3,7.5399898747519,4
"RECQL4","RECQL4",4,7.84973676921997,4
"TMEM178A","TMEM178A",1,5.0747797002631,4
"POF1B","POF1B",3,5.58152947172548,4
"ABCA4","ABCA4",4,4.9561023369322,4
"BATF2","BATF2",1,5.07486672413057,4
"IFIT2","IFIT2",4,5.22701744004258,4
"VEGFD","VEGFD",1,6.82782892459476,4
"APOL4","APOL4",3,5.78909498003724,4
"GPR87","GPR87",1,4.84163358148246,4
"TRAC","TRAC",1,7.11407301354555,4
"TNFRSF18","TNFRSF18",4,5.50290425519063,4
"LRP8","LRP8",4,6.85351462215779,4
"TRO","TRO",1,5.51863393187838,4
"CPA4","CPA4",4,5.53196370860264,4
"WNT11","WNT11",4,5.04507674853971,4
"FGF2","FGF2",1,5.73425340910537,4
"SPON1","SPON1",3,5.75969958235446,4
"SERPINE1","SERPINE1",4,4.89585134404695,4
"PCP4","PCP4",1,4.42279794141373,4
"ATRNL1","ATRNL1",3,5.94202940804491,4
"CSF3R","CSF3R",3,5.66938420007549,4
"CD7","CD7",1,6.48081611186711,4
"UGT8","UGT8",1,6.78771944626919,4
"SIDT1","SIDT1",3,6.96972892355104,4
"ORC6","ORC6",4,7.72548722063273,4
"CSF2RB","CSF2RB",1,6.56887305162584,4
"PDE8B","PDE8B",3,5.6087680059643,4
"MROH6","MROH6",4,5.67206122667269,4
"ZNF334","ZNF334",3,5.71119164498783,4
"BCAT1","BCAT1",4,5.45919357591674,4
"HMMR","HMMR",4,7.64823783003229,4
"AMPH","AMPH",3,5.39829187465628,4
"ALPK3","ALPK3",2,6.7350714247016,4
"FCRL5","FCRL5",1,7.10480095252931,4
"KIF11","KIF11",4,7.64523482481241,4
"STARD4","STARD4",2,5.52703284741852,4
"ABCB1","ABCB1",1,5.90968936509329,4
"RNF183","RNF183",3,5.43509475221777,4
"TOX3","TOX3",3,6.05115797958601,4
"AC020907.1","AC020907.1",4,6.63552633433948,4
"COL13A1","COL13A1",2,4.71576799699832,4
"LYVE1","LYVE1",1,5.82766696656356,4
"E2F8","E2F8",4,7.82103725331944,4
"RHOH","RHOH",3,6.76904135242393,4
"CACNA2D2","CACNA2D2",3,7.23512475538503,4
"NUDT11","NUDT11",1,4.33796981532877,4
"AC103591.3","AC103591.3",1,4.93580148474123,4
"TNFAIP6","TNFAIP6",1,5.56169783595449,4
"PCDHB5","PCDHB5",2,5.5094737952835,4
"OSR2","OSR2",4,4.39356745622894,4
"CNTN1","CNTN1",1,6.17506064108237,4
"FIBIN","FIBIN",1,6.41713928392715,4
"CYP24A1","CYP24A1",1,5.7932840656263,4
"CDO1","CDO1",3,5.4270090785048,4
"RTN1","RTN1",3,6.58140514307265,4
"PLEKHB1","PLEKHB1",1,6.67591779559857,4
"DNAH11","DNAH11",4,5.28920181164343,4
"STX19","STX19",2,6.67974472643162,4
"ALDH1A1","ALDH1A1",1,6.32426600210771,4
"SRD5A1","SRD5A1",2,7.17295163672461,4
"AC044810.2","AC044810.2",1,6.09711597183317,4
"GLRB","GLRB",2,4.85852618671021,4
"MMP16","MMP16",1,5.37817724530741,4
"ETV4","ETV4",4,4.88024513406023,4
"CCDC144NL-AS1","CCDC144NL-AS1",4,4.95580802050017,4
"PSMB9","PSMB9",1,6.01543919376946,4
"THBS4","THBS4",2,4.33439929365439,4
"C16orf74","C16orf74",3,7.17271497241753,4
"NRAD1","NRAD1",1,5.73156911473064,4
"GRIK1","GRIK1",3,5.77841457819734,4
"CHRDL2","CHRDL2",4,5.12612406769011,4
"STC1","STC1",3,7.31581778469213,4
"SLC38A3","SLC38A3",1,5.35179384185606,4
"TMEM200C","TMEM200C",1,5.68720822302047,4
"HOXC13","HOXC13",4,6.89168794902708,4
"AGTR1","AGTR1",3,5.81064044075245,4
"LINC02814","LINC02814",2,6.89752881594632,4
"TBX18","TBX18",1,5.65807594446113,4
"DOK5","DOK5",1,6.10330404202161,4
"ATP6V1B1","ATP6V1B1",1,6.0929887060541,4
"SPAG6","SPAG6",3,6.90488479986108,4
"GNLY","GNLY",1,5.58006098519847,4
"CSPG4","CSPG4",1,4.886994130134,4
"SUSD5","SUSD5",4,5.66650930003074,4
"AP000851.2","AP000851.2",1,6.61621507358818,4
"DDX43","DDX43",1,4.3003144361832,4
"RAD17P1","RAD17P1",3,7.15295338535266,4
"CLIC3","CLIC3",2,5.10441061251984,4
"GALNT14","GALNT14",4,5.07558950272137,4
"ZNF469","ZNF469",4,5.92728279165705,4
"MPPED2","MPPED2",1,5.41333709307671,4
"KIAA1549L","KIAA1549L",1,6.67106066262448,4
"LTF","LTF",1,7.58632830494552,4
"SF3B4","SF3B4",4,5.95753050350086,4
"CTNNA2","CTNNA2",2,7.03209149521769,4
"CNTN4","CNTN4",1,6.79444426821435,4
"AL645608.7","AL645608.7",4,4.94834304925072,4
"KNL1","KNL1",4,7.85899985845905,4
"HS6ST3","HS6ST3",3,4.97899126952553,4
"RNVU1-22","RNVU1-22",4,4.61559506580189,4
"MFAP4","MFAP4",1,7.16562286811118,4
"MOXD1","MOXD1",1,4.88075969633379,4
"STMND1","STMND1",3,6.47463636456996,4
"MELTF","MELTF",1,6.56275371058785,4
"TNNI2","TNNI2",1,5.03827866986706,4
"SPHKAP","SPHKAP",1,6.13818559120813,4
"SRPX","SRPX",1,7.28491472668599,4
"SKA1","SKA1",4,7.60147066357479,4
"FERMT1","FERMT1",1,6.87182893429508,4
"GATA6","GATA6",4,5.35192281182716,4
"EFCC1","EFCC1",2,6.16948810856367,4
"AC010735.2","AC010735.2",3,7.06838435884939,4
"EMID1","EMID1",4,4.9115654220622,4
"DERL3","DERL3",1,6.90830466007475,4
"PTPRZ1","PTPRZ1",1,6.66846261673937,4
"PDZK1IP1","PDZK1IP1",1,5.19459070463007,4
"MEIS3","MEIS3",3,7.04666395860197,4
"MUC4","MUC4",1,5.04977362098196,4
"PIF1","PIF1",4,6.98337698956825,4
"ID1","ID1",1,4.52273945834508,4
"NTF4","NTF4",1,6.10453631562541,4
"IL2RG","IL2RG",1,6.86384993720585,4
"AC105914.2","AC105914.2",2,6.11295365083793,4
"RPS26","RPS26",1,4.76693524850775,4
"NFE2L3","NFE2L3",4,6.27921377984306,4
"DCHS2","DCHS2",1,6.35579011048198,4
"CD109","CD109",4,5.53657475323698,4
"PPP1R3C","PPP1R3C",3,6.4981431560255,4
"JAM3","JAM3",1,5.96633229758202,4
"MORN3","MORN3",4,5.7568032598464,4
"ITM2A","ITM2A",1,7.10380435164165,4
"ZNF154","ZNF154",3,6.51642635240402,4
"AC092447.7","AC092447.7",1,4.45332109072455,4
"CD3E","CD3E",1,7.06919874038882,4
"PLCD4","PLCD4",3,7.25272700208807,4
"TMEM100","TMEM100",1,5.18817178712724,4
"CCL2","CCL2",1,6.77784086400531,4
"CTNND2","CTNND2",3,5.73180608449833,4
"HS3ST4","HS3ST4",1,6.40000464623451,4
"EDNRB","EDNRB",1,6.84944019251441,4
"UGT2B17","UGT2B17",3,5.87102688304733,4
"CORO6","CORO6",3,5.14782805894969,4
"LGALS9","LGALS9",1,5.02870706968111,4
"NPW","NPW",4,6.7327506988932,4
"CREB3L1","CREB3L1",2,5.20523922523162,4
"ZBTB20-AS2","ZBTB20-AS2",3,5.41730021436365,4
"PLAAT1","PLAAT1",4,6.71263101735446,4
"RNF212","RNF212",3,5.20887792308801,4
"ERP27","ERP27",4,5.36280435530386,4
"AC122688.3","AC122688.3",2,6.70842458015464,4
"NRTN","NRTN",4,5.62466373246373,4
"BMP2","BMP2",1,5.70886796352711,4
"DSCC1","DSCC1",4,7.63364565387584,4
"AC090994.1","AC090994.1",3,5.51917302681346,4
"AC104407.1","AC104407.1",3,7.06906500798351,4
"RAD51","RAD51",4,7.48365754719298,4
"AC126178.1","AC126178.1",2,7.49026710370618,4
"VNN1","VNN1",1,5.50978118131874,4
"ARL9","ARL9",4,6.30045492705132,4
"HTR2A","HTR2A",3,5.47426239928026,4
"TMPRSS3","TMPRSS3",1,5.40124924068237,4
"CNN1","CNN1",1,6.48147822120089,4
"HERC5","HERC5",1,6.32013799886081,4
"KREMEN2","KREMEN2",4,6.91457042007181,4
"AC010329.1","AC010329.1",2,6.80105035318092,4
"SNORA13","SNORA13",1,5.2480823785676,4
"RNU1-85P","RNU1-85P",1,4.87535256733666,4
"NUSAP1","NUSAP1",4,7.5533340364764,4
"AKR1B1","AKR1B1",1,5.71561864675766,4
"ST8SIA6","ST8SIA6",3,8.49089101676455,4
"KIF23","KIF23",4,7.82362922722262,4
"REEP1","REEP1",3,7.67391291003201,4
"CLPSL2","CLPSL2",4,4.94875599185876,4
"MT-TM","MT-TM",4,5.08926299980361,4
"MTND3P25","MTND3P25",2,4.15035160486234,4
"TSPAN18","TSPAN18",4,5.28236096610001,4
"PCSK9","PCSK9",2,6.01447144488442,4
"AL161945.1","AL161945.1",3,4.62464500788551,4
"CCDC160","CCDC160",2,6.03093317800186,4
"AC099506.1","AC099506.1",2,6.1829379818092,4
"CENPM","CENPM",4,7.20213325226172,4
"ANKRD18A","ANKRD18A",3,5.87788573958842,4
"AFF3","AFF3",3,7.98085489373105,4
"CDKN2B","CDKN2B",4,6.2198891161582,4
"AC011447.3","AC011447.3",2,6.0056783221164,4
"KRBOX1","KRBOX1",3,5.06356535920555,4
"GPC2","GPC2",4,6.20802807379907,4
"MT-TR","MT-TR",4,6.34009772562977,4
"KCNG1","KCNG1",4,6.54069510555447,4
"MESP1","MESP1",1,5.75727343953034,4
"TENM2","TENM2",1,6.33368086578477,4
"VIM-AS1","VIM-AS1",4,5.2443535493033,4
"CCN6","CCN6",1,4.56137991538162,4
"ZIC2","ZIC2",4,5.19756059232475,4
"CCL3","CCL3",1,5.10757210886197,4
"MMP3","MMP3",1,4.99017921421591,4
"SEMA3G","SEMA3G",3,5.19068480330115,4
"EFR3B","EFR3B",4,5.52370040237071,4
"ADGRB1","ADGRB1",3,5.29150755354769,4
"HAPLN3","HAPLN3",1,8.24557215014493,4
"RHOXF1-AS1","RHOXF1-AS1",1,6.19670450349476,4
"DEPDC1B","DEPDC1B",4,7.55976274048359,4
"MAMDC2","MAMDC2",1,5.44468249600188,4
"PDE10A","PDE10A",3,4.35195698878353,4
"MAPK15","MAPK15",4,5.59776738556805,4
"CD2","CD2",1,6.85378003298976,4
"TGFB2","TGFB2",4,5.41559396023436,4
"CNTD1","CNTD1",3,5.61412726726709,4
"CYYR1","CYYR1",1,7.058341966259,4
"AC018629.1","AC018629.1",1,5.77424194793236,4
"B3GALT5-AS1","B3GALT5-AS1",1,6.27251616112044,4
"CHEK1","CHEK1",4,7.44976732650342,4
"EDIL3","EDIL3",1,5.50442662479557,4
"HOXA-AS2","HOXA-AS2",3,5.62890409013738,4
"RASSF10","RASSF10",1,5.40368192677793,4
"PLA2G7","PLA2G7",1,4.77098952187264,4
"AC005253.1","AC005253.1",3,4.87071590976018,4
"HR","HR",4,5.48143651189967,4
"ALDH1L1","ALDH1L1",1,4.58295030897141,4
"OLFM2","OLFM2",4,6.00400157134707,4
"PROM1","PROM1",1,7.4422476750768,4
"GJC3","GJC3",3,5.64633212961794,4
"ADGRB2","ADGRB2",3,7.33233230158349,4
"TPPP3","TPPP3",3,4.8791815477854,4
"VOPP1","VOPP1",4,5.77409743857521,4
"AL022151.1","AL022151.1",2,6.46134214639733,4
"WDR86","WDR86",1,6.48336620609887,4
"PLIN1","PLIN1",2,5.03109074209519,4
"CXCL3","CXCL3",1,7.64611689731651,4
"MS4A15","MS4A15",2,5.93683980502299,4
"H2BC11","H2BC11",4,6.20928299308917,4
"CCL8","CCL8",1,5.99842498513269,4
"CLSPN","CLSPN",4,7.77802120743169,4
"MEOX1","MEOX1",1,4.78502757058267,4
"CRACR2A","CRACR2A",3,5.71219422875631,4
"TGM2","TGM2",4,4.45710372672925,4
"SLCO1B7","SLCO1B7",2,7.54229994756389,4
"CHRDL1","CHRDL1",1,6.76230349596315,4
"PTK6","PTK6",2,6.10132861702643,4
"KLK2","KLK2",3,4.34752936604611,4
"AOX1","AOX1",3,5.31922750050457,4
"SLC16A6","SLC16A6",3,7.20450325731331,4
"TRBC2","TRBC2",1,7.11003435971387,4
"AC018816.1","AC018816.1",3,5.88272317400794,4
"FCER1A","FCER1A",1,6.58597166574157,4
"MRC1","MRC1",1,5.85829185874156,4
"RYR3","RYR3",1,5.79903668079136,4
"ENPP2","ENPP2",1,7.00213460384868,4
"PTGER3","PTGER3",3,7.00551652959727,4
"MAT2A","MAT2A",4,4.40129561248483,4
"ICAM1","ICAM1",1,5.2426184437296,4
"PADI3","PADI3",4,5.07854278816378,4
"GREM1","GREM1",2,5.55907295487219,4
"RGS22","RGS22",3,6.54440359555867,4
"KCNK17","KCNK17",3,5.43931892417543,4
"E2F2","E2F2",4,7.44497608760201,4
"DAPP1","DAPP1",1,6.53701602218464,4
"CHL1","CHL1",1,7.11941042411827,4
"NOXO1","NOXO1",4,5.20002688102882,4
"AC020659.1","AC020659.1",3,6.04925171419458,4
"PYGO1","PYGO1",1,4.516083351203,4
"SHCBP1","SHCBP1",4,7.30170679703351,4
"OASL","OASL",4,5.28134959559342,4
"DOK7","DOK7",3,6.46543853117566,4
"GAS6-AS1","GAS6-AS1",1,5.08461706250701,4
"NR1H4","NR1H4",2,7.2585126086227,4
"FCGR2B","FCGR2B",1,5.5309476105699,4
"SLITRK5","SLITRK5",1,4.25073464009537,4
"CYP26A1","CYP26A1",3,6.50385218722322,4
"CLCF1","CLCF1",1,4.81736247050157,4
"AL136296.1","AL136296.1",3,6.94440312390747,4
"GOLGA8N","GOLGA8N",3,4.54272970641445,4
"ADAMDEC1","ADAMDEC1",4,4.94269002401527,4
"GALNT16","GALNT16",1,6.07814514724104,4
"C4orf19","C4orf19",1,7.2280645238717,4
"DIO3OS","DIO3OS",1,5.86512011724488,4
"MT1M","MT1M",1,5.91208707327027,4
"PDE9A","PDE9A",1,6.55328764392462,4
"PRSS33","PRSS33",4,6.0475656690067,4
"ACOT4","ACOT4",3,5.26969479429347,4
"CPNE7","CPNE7",4,5.4196932971198,4
"MAPK12","MAPK12",4,6.38139214641168,4
"PRR11","PRR11",4,7.13483465084165,4
"CCDC158","CCDC158",3,6.86023686058529,4
"CFD","CFD",3,5.33893078609932,4
"VPS9D1-AS1","VPS9D1-AS1",4,5.32533620785246,4
"CCL20","CCL20",4,5.65902694330267,4
"ROCR","ROCR",1,8.88984398811073,4
"CDHR3","CDHR3",3,5.64047792652197,4
"AL355512.1","AL355512.1",2,6.97848937335433,4
"NTRK3","NTRK3",1,5.72355706272791,4
"CHRNA2","CHRNA2",2,7.71865448389571,4
"KCNH8","KCNH8",1,6.21632113207014,4
"FRMD3","FRMD3",4,5.28150848700947,4
"MCM2","MCM2",4,7.0665358132815,4
"HLA-DQB2","HLA-DQB2",1,5.12411267578995,4
"SNCG","SNCG",1,5.67838110927004,4
"SULT1A2","SULT1A2",3,5.30182937373858,4
"SLC7A5","SLC7A5",4,6.7264894658832,4
"LILRB4","LILRB4",1,5.06622566493137,4
"MFSD2A","MFSD2A",4,4.24872825982151,4
"OXTR","OXTR",3,6.58870243034948,4
"MGAT3","MGAT3",1,5.69214439678501,4
"ANKRD29","ANKRD29",3,5.60743828858583,4
"IGSF9B","IGSF9B",3,5.89053448817011,4
"SIX2","SIX2",4,6.35502461018452,4
"NRXN2","NRXN2",1,5.37442013070068,4
"OLR1","OLR1",1,4.45528883848993,4
"TK1","TK1",4,7.12538780314384,4
"AL035425.4","AL035425.4",4,4.61095222102369,4
"SLC35F3","SLC35F3",1,5.53775137399073,4
"DUXAP8","DUXAP8",4,5.72188042512335,4
"SLC15A2","SLC15A2",2,6.42898079169444,4
"LSAMP","LSAMP",1,5.31290835465915,4
"AC009501.3","AC009501.3",4,5.58776042111189,4
"TMEM210","TMEM210",2,7.04542869563463,4
"LINC00511","LINC00511",4,5.92073739694179,4
"SCX","SCX",4,7.05037582526855,4
"AL139220.2","AL139220.2",4,5.27751298751136,4
"AL669831.4","AL669831.4",3,4.91864926206714,4
"GATA6-AS1","GATA6-AS1",4,5.45615786939814,4
"IL1RN","IL1RN",3,5.01531372706054,4
"ZNF826P","ZNF826P",2,5.38180999128629,4
"MT1X","MT1X",1,5.90384225826995,4
"PEG10","PEG10",3,5.51091890159712,4
"TWIST2","TWIST2",1,5.96021089680224,4
"LRRC26","LRRC26",2,7.25342687121658,4
"NRCAM","NRCAM",2,4.20526293181573,4
"CCL4L2","CCL4L2",1,5.14053437024554,4
"ACSL6","ACSL6",1,4.74082050365972,4
"SCARNA22","SCARNA22",4,5.53026540203108,4
"LRRC4C","LRRC4C",3,5.45296129191694,4
"FUT9","FUT9",1,6.12177419267899,4
"KCNQ5","KCNQ5",4,5.73826400378789,4
"SEMA3D","SEMA3D",1,6.69158000537916,4
"PIWIL2","PIWIL2",3,4.85144646503369,4
"DLX1","DLX1",4,4.4145149064123,4
"ANKRD30BP1","ANKRD30BP1",3,6.99171581826895,4
"GASK1A","GASK1A",4,5.35708895616057,4
"NT5E","NT5E",1,5.36182036102421,4
"CKMT1A","CKMT1A",4,5.18616802587119,4
"RGS2","RGS2",1,7.02307977758966,4
"CAMK2B","CAMK2B",3,6.09066439024429,4
"FGD3","FGD3",3,6.50563939689309,4
"AC107464.3","AC107464.3",3,6.26497897632905,4
"RPL18A","RPL18A",1,5.59897511980987,4
"PPP1R14B-AS1","PPP1R14B-AS1",4,6.04975004184067,4
"PCDHB16","PCDHB16",3,4.45919733438719,4
"ETV7","ETV7",4,5.12424041729417,4
"LEF1","LEF1",3,5.4381901821835,4
"COL14A1","COL14A1",3,6.6636389333677,4
"AC005523.2","AC005523.2",3,4.57342256681511,4
"AP003392.3","AP003392.3",3,4.99740814987412,4
"UBXN10","UBXN10",3,7.34012250852966,4
"ZWINT","ZWINT",4,6.74846155560415,4
"LERFS","LERFS",1,4.22300557626205,4
"VSIG4","VSIG4",1,5.46585377549438,4
"BRINP2","BRINP2",3,4.93963205315025,4
"CFH","CFH",1,6.60752179160715,4
"C14orf39","C14orf39",2,4.76298355935316,4
"FOLH1","FOLH1",1,6.32878907467288,4
"AC092053.4","AC092053.4",3,5.16467332347853,4
"LAMA1","LAMA1",1,6.34359018666735,4
"ADGRG2","ADGRG2",1,4.84626242505943,4
"TMCC2","TMCC2",4,5.79061320059924,4
"DAPK1","DAPK1",4,5.78272982863031,4
"GIPR","GIPR",3,6.8694020208278,4
"ABHD6","ABHD6",2,7.19156112550221,4
"CENPE","CENPE",4,7.85429565980344,4
"ANK1","ANK1",4,4.74547228786469,4
"MAATS1","MAATS1",3,6.27455666120403,4
"ADCY5","ADCY5",3,6.09932212864287,4
"HOXC-AS3","HOXC-AS3",4,5.82135751750018,4
"SYT13","SYT13",4,5.9349389391137,4
"HOXB-AS1","HOXB-AS1",3,5.81493325567629,4
"WNT7B","WNT7B",4,4.87385487315541,4
"KIF12","KIF12",3,8.39163368325847,4
"MGAM","MGAM",3,4.87495940708939,4
"SNORD63","SNORD63",1,5.0725588090098,4
"RNU6-618P","RNU6-618P",4,4.1049355928366,4
"PHYHD1","PHYHD1",3,6.25134070733092,4
"MIA","MIA",1,6.72938300443635,4
"TMTC1","TMTC1",3,5.80247870068315,4
"SPNS2","SPNS2",1,5.1860699008102,4
"RACGAP1","RACGAP1",4,6.62766495968581,4
"CHST11","CHST11",4,4.54654839633578,4
"GMPR","GMPR",1,4.92578053370444,4
"ACOT1","ACOT1",2,4.99097495537601,4
"ARHGAP11A","ARHGAP11A",4,7.59671633175828,4
"STON2","STON2",3,7.78322208136246,4
"PANX2","PANX2",4,5.06886218355739,4
"SLC16A3","SLC16A3",4,6.04389472084703,4
"LPAR3","LPAR3",4,4.94175004613215,4
"NDP","NDP",3,5.11260331822089,4
"KCNAB1","KCNAB1",1,5.65394393754616,4
"MIR4500HG","MIR4500HG",4,4.98286577980478,4
"AC022075.1","AC022075.1",1,5.83676305819238,4
"PIM1","PIM1",1,6.39700883850086,4
"DTX4","DTX4",4,5.2840159785261,4
"CLCA4","CLCA4",1,6.80526420144011,4
"ACBD7","ACBD7",4,6.01832278991952,4
"RNU6-268P","RNU6-268P",2,4.45592868117129,4
"CASP10","CASP10",2,5.4956097030356,4
"LINC00514","LINC00514",4,5.7899681309224,4
"AC007342.5","AC007342.5",2,5.28946137380827,4
"DCLK2","DCLK2",4,5.42811532969772,4
"PAX8-AS1","PAX8-AS1",1,4.4183303426524,4
"COCH","COCH",4,5.17217609430305,4
"PDK4","PDK4",1,6.08404888492355,4
"ARC","ARC",1,4.71869482152442,4
"SALL4","SALL4",4,5.61225443412074,4
"MX2","MX2",1,5.89944163380938,4
"GRIN2A","GRIN2A",1,4.61474640797263,4
"HERC3","HERC3",2,7.08267464666632,4
"BAG2","BAG2",4,5.96339453952632,4
"MME","MME",3,5.74004379003985,4
"PIR","PIR",4,5.78657805635637,4
"WNT10A","WNT10A",1,6.17938873118604,4
"TMEM178B","TMEM178B",1,4.56139978384862,4
"KYAT1","KYAT1",2,6.49474704684737,4
"AL512306.3","AL512306.3",1,6.61482985069583,4
"RASAL1","RASAL1",4,6.04473374753007,4
"TTYH1","TTYH1",1,6.79491210514158,4
"FAM171A1","FAM171A1",1,7.27067083541478,4
"FGFBP2","FGFBP2",4,5.16190663037866,4
"RNASE1","RNASE1",1,5.67786344047454,4
"TRBC1","TRBC1",1,7.08799567274422,4
"FGD1","FGD1",4,6.05319475814106,4
"AIM2","AIM2",1,5.11734122332156,4
"CRB2","CRB2",1,6.20429210295991,4
"AC004687.1","AC004687.1",1,5.75026804817681,4
"C19orf33","C19orf33",3,5.50930455063087,4
"DLK2","DLK2",1,6.05919388346749,4
"CNGA1","CNGA1",1,5.35721994849804,4
"AC093642.2","AC093642.2",3,5.60917392328507,4
"RPS6P12","RPS6P12",3,6.46767830922579,4
"RNU6-942P","RNU6-942P",3,4.85129614984212,4
"SPATC1L","SPATC1L",4,5.20904788228253,4
"SCN2A","SCN2A",1,5.12616645613481,4
"SOX18","SOX18",4,4.44885608975237,4
"EGLN3","EGLN3",2,6.03619171149686,4
"AC124852.1","AC124852.1",1,5.76006843381568,4
"GUCY1A2","GUCY1A2",3,4.37452868558232,4
"AP000844.2","AP000844.2",3,7.55942350673487,4
"IRX1","IRX1",1,7.63015446089941,4
"PODN","PODN",1,5.12423062296449,4
"CPXM2","CPXM2",1,5.55759599205694,4
"TRIM17","TRIM17",1,4.97851397468317,4
"CLDN8","CLDN8",2,7.13323052848906,4
"UNC5C","UNC5C",1,5.85286378078157,4
"UNC93B1","UNC93B1",4,5.19810459155227,4
"CGREF1","CGREF1",4,6.1562756291381,4
"ADAMTS8","ADAMTS8",3,5.17926513478039,4
"MTHFD1L","MTHFD1L",4,6.2664360558706,4
"LINC02009","LINC02009",1,7.13186204615013,4
"RNF182","RNF182",4,5.6491262025243,4
"KIFC1","KIFC1",4,7.3217630385959,4
"CYP2T1P","CYP2T1P",2,4.71419211439926,4
"MARC1","MARC1",2,6.25723618108774,4
"GADD45G","GADD45G",2,6.21000210896802,4
"TLX1","TLX1",4,6.57701275248342,4
"VIT","VIT",1,5.79794431806369,4
"AC093535.2","AC093535.2",1,5.80239162266895,4
"PNMA2","PNMA2",3,6.43391094820246,4
"OIP5","OIP5",4,7.00401884507741,4
"SOX15","SOX15",1,5.13650563749769,4
"TREM2","TREM2",3,5.10555608835069,4
"DYNC1I1","DYNC1I1",1,5.91866498656271,4
"ROBO3","ROBO3",1,6.08127587472626,4
"MLLT11","MLLT11",4,5.96310063314406,4
"ACKR1","ACKR1",1,6.21110935171607,4
"ANKRD35","ANKRD35",1,5.65126483302133,4
"ISM1","ISM1",1,6.89537038826698,4
"PRSS12","PRSS12",1,6.39778316369177,4
"ABTB2","ABTB2",4,5.71831545203344,4
"WFDC1","WFDC1",4,5.07640123331221,4
"CCNO","CCNO",3,5.63471382987749,4
"LRFN4","LRFN4",4,6.22948276670994,4
"PIWIL4","PIWIL4",1,6.5421108488873,4
"AC091429.1","AC091429.1",1,4.88987106319483,4
"FHL1","FHL1",1,6.12209032157167,4
"CYP2J2","CYP2J2",2,6.49020884122682,4
"FAM20A","FAM20A",1,7.26012673328984,4
"EVA1A","EVA1A",1,4.97001709142727,4
"FER1L5","FER1L5",3,5.9073911956891,4
"LINC01558","LINC01558",1,6.01958281446725,4
"RNU2-63P","RNU2-63P",4,4.80481785605332,4
"S100A7A","S100A7A",4,4.80378254765274,4
"C1QL1","C1QL1",3,5.19078380173843,4
"ATP8A1","ATP8A1",2,6.51840447582197,4
"NRK","NRK",3,4.98797215670526,4
"PAK5","PAK5",1,5.54566320103287,4
"FBP1","FBP1",3,6.44491992927614,4
"HK2","HK2",4,5.91139548456454,4
"KLHL29","KLHL29",1,5.62721129701953,4
"OAS3","OAS3",4,5.39112999777525,4
"SCN4B","SCN4B",1,5.66918037847831,4
"APLP1","APLP1",4,5.94604670715093,4
"PLCL1","PLCL1",3,6.51318081404266,4
"CDC7","CDC7",4,6.34002660913967,4
"CD48","CD48",1,5.74655869138054,4
"EPHB1","EPHB1",1,5.94878794400121,4
"SLC38A5","SLC38A5",1,5.65117366545135,4
"BRINP1","BRINP1",1,5.91552340765141,4
"CTAGE9","CTAGE9",4,4.47019274880123,4
"AL021807.1","AL021807.1",4,5.73797068651039,4
"MT1L","MT1L",3,5.04958589364222,4
"IRX4","IRX4",3,4.96588036922506,4
"POU4F1","POU4F1",4,5.18534138987074,4
"NME5","NME5",3,7.18877127940915,4
"PKDCC","PKDCC",4,4.93336613618867,4
"BCAP31","BCAP31",4,5.4270407665019,4
"STAC","STAC",1,5.35440844053235,4
"PCDH18","PCDH18",1,6.86586560755357,4
"CYP26B1","CYP26B1",4,4.56523973927096,4
"ARTN","ARTN",4,6.2385507287851,4
"ATP1A4","ATP1A4",3,5.02253999752309,4
"LUCAT1","LUCAT1",1,5.17716478664165,4
"CHMP1B2P","CHMP1B2P",3,4.67099392182915,4
"CA6","CA6",1,5.53891003056718,4
"EPOR","EPOR",3,5.90329400410414,4
"PRRX2","PRRX2",1,5.60892921356559,4
"ARX","ARX",3,4.57093461943191,4
"MISP","MISP",3,5.88961114460534,4
"AC092296.2","AC092296.2",3,5.43163066785838,4
"KPNA2","KPNA2",4,7.38964506002121,4
"ANXA9","ANXA9",3,6.79109132766293,4
"FAM238C","FAM238C",4,5.91642770644587,4
"PLAC9","PLAC9",1,6.20703392013957,4
"BCL11B","BCL11B",1,6.34090009327681,4
"WNT9A","WNT9A",4,5.47322541331612,4
"CRTAC1","CRTAC1",1,5.88208185195358,4
"ADGRG6","ADGRG6",1,5.61906620843343,4
"CNIH2","CNIH2",4,7.12722793253534,4
"SHC3","SHC3",4,4.87205732535258,4
"AC005062.1","AC005062.1",3,4.73435228356889,4
"SULT2B1","SULT2B1",2,6.39980855085555,4
"BMP4","BMP4",3,6.93825780649149,4
"NDN","NDN",1,6.36798588874379,4
"CD200","CD200",1,5.66742030608429,4
"VSTM5","VSTM5",1,5.61688544662956,4
"SERPINA3","SERPINA3",3,4.59873493461556,4
"LAMC3","LAMC3",1,6.6783341820074,4
"SIGLEC1","SIGLEC1",1,6.14660024882809,4
"CENPN","CENPN",4,6.92385096217775,4
"CLEC14A","CLEC14A",1,4.97860405739538,4
"STYK1","STYK1",2,5.85267130315794,4
"PRICKLE1","PRICKLE1",4,6.28269879760644,4
"AC068446.2","AC068446.2",3,4.80696004981734,4
"MAPK8IP2","MAPK8IP2",4,5.69736173572385,4
"SYBU","SYBU",3,5.7389724369865,4
"C9orf152","C9orf152",3,6.12339331592741,4
"FPR3","FPR3",1,5.14245077093201,4
"SRP14P4","SRP14P4",2,7.35243988176519,4
"HOXC12","HOXC12",4,6.46495083764977,4
"GABRP","GABRP",1,9.40698646104889,4
"SLC26A7","SLC26A7",4,4.73006665379163,4
"KAZALD1","KAZALD1",4,5.48408457518572,4
"FGF7","FGF7",1,7.16056817556092,4
"PCP2","PCP2",3,6.68957091881873,4
"CSRNP3","CSRNP3",1,6.36551618024565,4
"NCF2","NCF2",4,4.8613182742374,4
"SLC52A1","SLC52A1",4,4.51256070942273,4
"C4BPB","C4BPB",1,6.1985895815491,4
"PTPN20","PTPN20",1,4.93830035919686,4
"ATP1B2","ATP1B2",1,5.12284617249979,4
"RGS6","RGS6",1,6.28071610651147,4
"ACOX2","ACOX2",3,5.87227550480058,4
"TMEM71","TMEM71",1,6.40936076951495,4
"HILPDA","HILPDA",2,6.11634073628092,4
"HOXA5","HOXA5",3,5.51248719456434,4
"AC091231.2","AC091231.2",3,4.90821749934266,4
"LINC00461","LINC00461",4,4.67388194995086,4
"CCN4","CCN4",4,5.80775741946613,4
"AL589880.1","AL589880.1",1,4.74412004583888,4
"GBP1P1","GBP1P1",1,5.82313019340901,4
"ADORA1","ADORA1",1,6.53179706387566,4
"MKRN3","MKRN3",4,6.05324612255151,4
"RNU6-130P","RNU6-130P",3,4.56424741581883,4
"GGTA1P","GGTA1P",1,7.46410010500929,4
"RBP1","RBP1",4,5.44176803378754,4
"GPRIN1","GPRIN1",4,6.79266648488388,4
"SNHG18","SNHG18",3,5.92396321286661,4
"TRIM9","TRIM9",1,5.29432517500771,4
"SMPD3","SMPD3",3,6.22031057112485,4
"GAD1","GAD1",2,4.73202390924591,4
"AC018500.1","AC018500.1",3,4.8523565656277,4
"CCR1","CCR1",1,6.01304955464892,4
"ANKRD37","ANKRD37",2,5.59771006030084,4
"PPARG","PPARG",2,4.4396754666956,4
"CPXM1","CPXM1",1,4.86446284451895,4
"NPPC","NPPC",4,4.71990342987773,4
"AL391832.2","AL391832.2",2,6.08303396336394,4
"CRAT","CRAT",2,7.35886874329737,4
"IQCA1","IQCA1",3,6.73683763170546,4
"NKX3-1","NKX3-1",3,5.47185176436414,4
"ASF1B","ASF1B",4,7.46044068565931,4
"FAM234B","FAM234B",2,6.1075927937313,4
"ITGA7","ITGA7",1,5.04583449011702,4
"AC010997.6","AC010997.6",3,4.41634776803927,4
"CALHM6","CALHM6",1,5.75729062015395,4
"MIR503HG","MIR503HG",4,4.72227711198431,4
"NANOS1","NANOS1",4,5.26151507047819,4
"CD52","CD52",1,6.31156419335772,4
"TCN2","TCN2",4,4.85724415506685,4
"ADAMTS9-AS2","ADAMTS9-AS2",1,6.49228573298517,4
"RSPO1","RSPO1",1,6.33519303751517,4
"RNA5SP187","RNA5SP187",3,4.97901798853538,4
"APOC1","APOC1",4,4.47525714177986,4
"AC069120.1","AC069120.1",3,5.94929579913035,4
"MAD2L1","MAD2L1",4,7.42613174345346,4
"TSPAN12","TSPAN12",1,5.46577068110288,4
"AC013652.1","AC013652.1",3,5.33000297815006,4
"PAX9","PAX9",3,5.76011680066642,4
"GPX7","GPX7",1,5.52790025318957,4
"AC004233.2","AC004233.2",4,5.72265865819597,4
"PAPPA","PAPPA",1,5.99126275503355,4
"CKS2","CKS2",4,7.57459975962803,4
"LGR5","LGR5",4,5.22555782626247,4
"GFAP","GFAP",1,5.37220693876177,4
"AC017071.1","AC017071.1",3,4.65364977412679,4
"ADORA3","ADORA3",3,4.92168721985434,4
"KLHL13","KLHL13",2,5.32268674382182,4
"NPTX1","NPTX1",3,5.2059955282772,4
"S1PR3","S1PR3",2,6.23762076630725,4
"TMEM176A","TMEM176A",1,6.45539841935343,4
"NINJ2","NINJ2",4,5.95455820904384,4
"TCF15","TCF15",4,5.36397287346942,4
"VWDE","VWDE",1,5.4030292334434,4
"WNT5B","WNT5B",1,5.88927998902754,4
"CLDN14","CLDN14",2,7.19528788837492,4
"AC073869.1","AC073869.1",4,5.20056917430222,4
"CCDC26","CCDC26",1,5.023395235936,4
"SLC27A6","SLC27A6",1,5.11321921231171,4
"PRUNE2","PRUNE2",1,5.6899229507786,4
"MT-TS2","MT-TS2",4,4.80030906693093,4
"PKIA","PKIA",3,4.58338234933814,4
"GJA5","GJA5",4,4.9910426699606,4
"SNX22","SNX22",4,4.80289429249835,4
"HOXA4","HOXA4",1,6.32920384704703,4
"CCNB1","CCNB1",4,7.35184510743957,4
"SNAI2","SNAI2",1,5.51180258266294,4
"SLC2A12","SLC2A12",4,4.98246731033077,4
"SPOCK1","SPOCK1",4,4.99765648466276,4
"NELL2","NELL2",1,5.26930061985196,4
"MIR924HG","MIR924HG",4,6.39906940302253,4
"IGF1","IGF1",1,6.65494222759791,4
"SAMD5","SAMD5",1,7.01364646159258,4
"MIR646HG","MIR646HG",1,5.06388389617145,4
"CDKN2C","CDKN2C",4,6.04901838751811,4
"PTGFR","PTGFR",1,5.43677192105219,4
"HDAC9","HDAC9",1,5.54923830501057,4
"STEAP1","STEAP1",1,4.03416545409041,4
"MATN3","MATN3",3,5.00932043688214,4
"AL450345.2","AL450345.2",2,5.68859133034758,4
"AC104333.3","AC104333.3",1,5.02707921966901,4
"DOC2A","DOC2A",3,6.41031027827279,4
"YBX2","YBX2",4,5.86121433611232,4
"NXPH3","NXPH3",3,6.72201584538556,4
"GTF2H2B","GTF2H2B",3,5.11056075106355,4
"AL365181.3","AL365181.3",3,5.83614792937724,4
"OLFM1","OLFM1",3,5.06418836125769,4
"SNCAIP","SNCAIP",1,5.24198067710812,4
"FXYD6","FXYD6",1,6.1653825055562,4
"NAPSB","NAPSB",1,5.72123963640655,4
"ENO2","ENO2",3,4.73917910751777,4
"JPH2","JPH2",1,6.21059047535895,4
"PELI2","PELI2",1,6.54075029889711,4
"AC127526.5","AC127526.5",3,5.49360981236623,4
"AC239800.2","AC239800.2",1,5.51540045209973,4
"GIMAP7","GIMAP7",1,6.5354027244802,4
"ITPRID1","ITPRID1",1,5.1819700346979,4
"FOXA1","FOXA1",3,7.95410621853835,4
"SPAG5","SPAG5",4,7.6311205830933,4
"EML5","EML5",2,6.19940672852401,4
"AC130304.1","AC130304.1",3,5.66648450931171,4
"ORC1","ORC1",4,6.67095955481161,4
"AC068888.2","AC068888.2",3,4.60965774733637,4
"GTSE1","GTSE1",4,7.50246143488853,4
"GREB1L","GREB1L",3,4.97418452602764,4
"ANKRD20A21P","ANKRD20A21P",3,6.23692941678685,4
"HMGCLL1","HMGCLL1",3,5.57035180202048,4
"VSNL1","VSNL1",1,5.96952706222727,4
"NMB","NMB",4,5.87137536235771,4
"HSH2D","HSH2D",3,4.06740057213452,4
"CHST2","CHST2",1,6.40078188218175,4
"FANCA","FANCA",4,6.44566297423812,4
"SPHK1","SPHK1",1,5.80198622206904,4
"IGKC","IGKC",1,8.23393170383507,4
"ABCA9","ABCA9",1,6.3191991785434,4
"NRG2","NRG2",3,5.65165001859919,4
"FAP","FAP",4,4.75905537135347,4
"CD69","CD69",1,6.50642072915574,4
"CNTD2","CNTD2",4,5.37304004379287,4
"ARL17B","ARL17B",1,4.69502907958371,4
"RBP7","RBP7",1,4.55453314882115,4
"ITGAX","ITGAX",1,5.48847263144608,4
"FAT3","FAT3",3,4.76168126634039,4
"GRAMD2A","GRAMD2A",2,5.55921697301815,4
"EYA2","EYA2",1,7.11093526395941,4
"VGF","VGF",4,7.1733197314436,4
"ATP8A2","ATP8A2",3,5.01000478459633,4
"GNAL","GNAL",1,5.59056969546233,4
"DNM3OS","DNM3OS",1,5.5165074551461,4
"C17orf77","C17orf77",2,6.28834738765385,4
"TRAF3IP3","TRAF3IP3",1,6.28816392244551,4
"TMPRSS5","TMPRSS5",1,5.23002685155269,4
"AJ009632.2","AJ009632.2",3,5.22981972110859,4
"COL8A1","COL8A1",4,5.10906199918904,4
"KLHDC9","KLHDC9",3,5.52826786171892,4
"TENM1","TENM1",1,5.17616907251482,4
"DNA2","DNA2",4,6.91816057467722,4
"MND1","MND1",4,7.48307409852797,4
"SMOC2","SMOC2",3,5.18580703550126,4
"CFAP43","CFAP43",3,7.52774287549507,4
"B4GALNT3","B4GALNT3",4,6.2501989153474,4
"MGAM2","MGAM2",1,7.13930209009845,4
"ZNF812P","ZNF812P",2,5.85900771253297,4
"HSD11B2","HSD11B2",4,4.95910755409204,4
"FSCN1","FSCN1",1,6.93900576919348,4
"TRPM2-AS","TRPM2-AS",4,5.26889079818114,4
"ECEL1","ECEL1",1,4.74924819841672,4
"ARHGAP15","ARHGAP15",1,5.52385916702942,4
"CPLX1","CPLX1",3,6.72833436046443,4
"FREM1","FREM1",1,5.52396516112649,4
"WDR62","WDR62",4,7.61074424215233,4
"SPATA18","SPATA18",1,5.59369415503185,4
"AP001496.4","AP001496.4",1,5.38191653934791,4
"ABCA10","ABCA10",1,6.92111387756101,4
"ZDHHC2","ZDHHC2",3,5.62234301216242,4
"SKP2","SKP2",4,5.85836632439332,4
"ZNF367","ZNF367",4,7.16133391081468,4
"SPCS2","SPCS2",4,4.94686758064116,4
"APCDD1","APCDD1",1,7.83289881029319,4
"IL20RA","IL20RA",3,5.94872671906403,4
"ATG9B","ATG9B",4,5.80820196923364,4
"ACTA1","ACTA1",4,5.25657483848804,4
"KCNB1","KCNB1",1,4.55631924988468,4
"LINC00960","LINC00960",1,4.80680598042067,4
"ZNF486","ZNF486",3,5.87603586415497,4
"GPAT3","GPAT3",1,5.742785749583,4
"BAIAP3","BAIAP3",3,5.12137261916554,4
"SLC6A11","SLC6A11",4,4.92938876192845,4
"TNFRSF14-AS1","TNFRSF14-AS1",3,6.55266792718365,4
"PLAT","PLAT",3,8.35789435213261,4
"ZMYND10","ZMYND10",3,6.54544172522205,4
"FOXC1","FOXC1",1,7.66462733687558,4
"GRHL3","GRHL3",4,5.32380633286673,4
"NEURL1B","NEURL1B",4,5.93732370580966,4
"SLAMF7","SLAMF7",1,6.91490536488974,4
"KNSTRN","KNSTRN",2,5.83594583252034,4
"SNPH","SNPH",3,4.63486957325716,4
"PRTG","PRTG",3,6.67161658641329,4
"IL12RB2","IL12RB2",4,6.08063355691911,4
"AC004982.1","AC004982.1",3,6.57511915059733,4
"TMEM139","TMEM139",1,6.10751457339344,4
"SLC16A9","SLC16A9",3,6.5946028935386,4
"FA2H","FA2H",2,4.27079562336554,4
"AL161908.1","AL161908.1",3,6.62647633373263,4
"VAX2","VAX2",4,6.64120197221668,4
"MOCS1","MOCS1",3,4.95854383739369,4
"MEDAG","MEDAG",1,5.68011770098733,4
"RFTN1","RFTN1",4,5.22319006721534,4
"CKMT1B","CKMT1B",4,4.88315506435354,4
"DOC2B","DOC2B",2,4.79266208007014,4
"SLC30A8","SLC30A8",3,4.48373188596191,4
"C1QTNF1","C1QTNF1",1,5.36879410333724,4
"AL009179.2","AL009179.2",1,4.9741085217056,4
"SNORA12","SNORA12",3,4.96454269404708,4
"KLF15","KLF15",1,4.35280210165358,4
"LINC00958","LINC00958",1,5.2949477015581,4
"GFPT2","GFPT2",1,5.26080891087477,4
"RGMA","RGMA",1,7.40481066214785,4
"C5AR2","C5AR2",3,6.83105572869282,4
"SLCO5A1","SLCO5A1",4,5.7438456746264,4
"MICU3","MICU3",1,7.04563422936127,4
"ACTL8","ACTL8",4,6.20047883005578,4
"PHPT1","PHPT1",4,4.86220976504914,4
"HBA2","HBA2",1,5.55303514118005,4
"TBC1D10C","TBC1D10C",1,7.0797164274888,4
"LINC00964","LINC00964",2,5.24659306101115,4
"CARD6","CARD6",1,6.54573713089433,4
"FP565260.1","FP565260.1",4,4.74906840502694,4
"ANOS1","ANOS1",3,5.46248340691275,4
"CD8A","CD8A",1,6.23842667342993,4
"CASC1","CASC1",3,7.2066689280474,4
"GJC1","GJC1",4,5.83524392055988,4
"AL732437.3","AL732437.3",4,5.53295523293685,4
"MIR222HG","MIR222HG",1,7.24952655727095,4
"NAT8L","NAT8L",4,5.82804916161264,4
"LINC01266","LINC01266",1,4.97586669964422,4
"PHC1","PHC1",1,4.34909451463803,4
"PCDHA10","PCDHA10",3,4.48052474252862,4
"RAB6B","RAB6B",4,5.063021890531,4
"NMU","NMU",4,6.7952089838285,4
"TUSC8","TUSC8",2,4.77003463027676,4
"GJB3","GJB3",4,5.31132696283199,4
"AHNAK2","AHNAK2",4,5.24176736116838,4
"STC2","STC2",3,8.58373291907925,4
"COL5A1","COL5A1",4,5.38325955629353,4
"AMIGO2","AMIGO2",3,5.98213471225847,4
"NR2F1","NR2F1",3,4.72273472264358,4
"LINC00578","LINC00578",3,4.50397186958436,4
"EMSLR","EMSLR",4,5.74340399898411,4
"CASQ1","CASQ1",3,4.69079849486075,4
"PTGS1","PTGS1",1,4.86248920920146,4
"IL17RB","IL17RB",3,6.44311897291209,4
"AL109918.1","AL109918.1",4,5.90214794343162,4
"ANO5","ANO5",3,4.7334749172376,4
"FCGBP","FCGBP",3,5.2661740281985,4
"SMPD4","SMPD4",4,5.48641411186482,4
"ADAMTS18","ADAMTS18",3,4.80645798785457,4
"TP53AIP1","TP53AIP1",3,5.23317708200889,4
"FABP6","FABP6",2,5.26109166122564,4
"FMOD","FMOD",3,7.01598217684553,4
"ADAMTS5","ADAMTS5",1,5.79416727845814,4
"MTCO1P12","MTCO1P12",4,4.76062437757021,4
"AC005154.2","AC005154.2",3,5.1881981176197,4
"SUSD2","SUSD2",4,4.69437670632563,4
"DCDC1","DCDC1",3,7.2784702733286,4
"DCLK1","DCLK1",3,5.73520566759834,4
"HSPB6","HSPB6",1,6.08409351273743,4
"P2RY6","P2RY6",4,4.82175957391549,4
"CBR3","CBR3",4,5.42052709825446,4
"COL17A1","COL17A1",3,6.50959279781017,4
"PLIN5","PLIN5",3,5.93358885909168,4
"MIAT","MIAT",1,5.72113773501188,4
"COX7A1","COX7A1",3,5.3997607074068,4
"ZNF613","ZNF613",2,6.44306904592275,4
"AC108749.1","AC108749.1",2,5.49352964101204,4
"LOX","LOX",2,4.55998574369189,4
"PIK3AP1","PIK3AP1",1,6.33682947257678,4
"PLK4","PLK4",4,6.7452562990785,4
"GLT8D2","GLT8D2",1,6.45685419220179,4
"COL28A1","COL28A1",3,4.37411212147965,4
"COLEC12","COLEC12",1,5.22536761192712,4
"HTRA3","HTRA3",1,5.28226053901556,4
"SPESP1","SPESP1",4,4.14489494735545,4
"CLEC4F","CLEC4F",1,5.18786267213415,4
"DLL1","DLL1",1,5.33843634063597,4
"BMERB1","BMERB1",3,6.49919992084424,4
"CLDN23","CLDN23",4,5.64331022803038,4
"TDO2","TDO2",4,5.16657941452004,4
"PLEK","PLEK",1,6.14681495680397,4
"RASL12","RASL12",1,6.37312375024472,4
"MIR210HG","MIR210HG",4,5.35716470725536,4
"SOD3","SOD3",2,6.65132595488939,4
"IL2RB","IL2RB",1,5.25785954359084,4
"RASSF9","RASSF9",1,5.57922104748988,4
"PCSK4","PCSK4",3,6.43906041408171,4
"FLRT3","FLRT3",3,4.78534282163661,4
"NGEF","NGEF",4,5.25966605912788,4
"PLAUR","PLAUR",4,6.05416719141198,4
"AC109326.1","AC109326.1",1,5.23396443612069,4
"AL365361.1","AL365361.1",1,6.75573746531092,4
"PLEKHF1","PLEKHF1",1,6.73508753699901,4
"AC025031.5","AC025031.5",3,5.17434230876568,4
"PPFIA4","PPFIA4",4,6.43076778601271,4
"SFRP2","SFRP2",1,5.42562653745377,4
"LINC00324","LINC00324",3,5.98185780564734,4
"CD53","CD53",1,6.05496323063338,4
"RAMP1","RAMP1",3,4.97599396532807,4
"DIPK1B","DIPK1B",1,4.80782953262492,4
"TMEM92-AS1","TMEM92-AS1",2,6.0688046960304,4
"F7","F7",3,7.37464825463144,4
"GPRC5D-AS1","GPRC5D-AS1",4,4.18785264898958,4
"NALCN","NALCN",1,7.29435798652353,4
"ANKS6","ANKS6",4,6.10755127536097,4
"MMP25","MMP25",4,5.08630679942958,4
"TFEC","TFEC",1,5.8084456802227,4
"AL445223.1","AL445223.1",3,5.5929561232825,4
"FBXL16","FBXL16",4,4.74737213355991,4
"FAM92A1P2","FAM92A1P2",1,4.90225016705984,4
"GHR","GHR",2,5.08264442175637,4
"HOXA3","HOXA3",1,5.16595213219655,4
"RNF144A","RNF144A",1,5.64364115732467,4
"SCUBE1","SCUBE1",3,6.45487398572974,4
"THEMIS2","THEMIS2",1,5.50386338195981,4
"SHROOM1","SHROOM1",3,7.07355038060749,4
"AC093838.1","AC093838.1",3,7.44130243151628,4
"GNAI1","GNAI1",2,5.75697857153733,4
"DUSP9","DUSP9",4,5.82550868208428,4
"HNRNPA1P54","HNRNPA1P54",1,4.6636457797123,4
"CACHD1","CACHD1",1,7.64019561497017,4
"PDGFD","PDGFD",3,5.88494277369987,4
"TWIST1","TWIST1",1,5.31067518635245,4
"NTN1","NTN1",4,5.77874182467803,4
"TACC3","TACC3",4,7.07591636509725,4
"AC005831.1","AC005831.1",3,4.88954068201767,4
"FMO1","FMO1",1,6.48944700492004,4
"C3AR1","C3AR1",1,5.09812045329126,4
"WNK3","WNK3",1,4.91025744467256,4
"ANGPTL2","ANGPTL2",1,6.31571601942851,4
"RPL21P16","RPL21P16",3,5.34867647237642,4
"RBP5","RBP5",3,4.63751094090768,4
"KIF5C","KIF5C",3,6.43524169129445,4
"PRELID3A","PRELID3A",4,6.01845708879862,4
"CYTIP","CYTIP",1,6.02771920740954,4
"KIAA1755","KIAA1755",1,5.5214806677411,4
"RNU2-64P","RNU2-64P",3,5.19907927745113,4
"IGSF10","IGSF10",1,6.72512943034007,4
"AC037198.1","AC037198.1",1,5.25982313976322,4
"ENHO","ENHO",4,5.27928920131137,4
"AL356417.2","AL356417.2",4,6.25263542777901,4
"CD27","CD27",1,6.39818184987632,4
"MARCHF3","MARCHF3",4,5.18669717816358,4
"ASPHD1","ASPHD1",4,5.17726776223526,4
"TGM5","TGM5",1,5.23210622573228,4
"LINC01116","LINC01116",3,4.91387032948702,4
"STRA6","STRA6",1,4.44600982754868,4
"FZD10-AS1","FZD10-AS1",1,6.4174521260058,4
"PAK3","PAK3",1,8.19769080997667,4
"Z95114.4","Z95114.4",2,6.45330519120919,4
"CA12","CA12",3,8.14676102164307,4
"PLAG1","PLAG1",4,4.44076236990733,4
"HLA-DOA","HLA-DOA",1,6.12345485314882,4
"GINS4","GINS4",4,6.6729074330518,4
"JAML","JAML",1,6.70963881807484,4
"DNAJC22","DNAJC22",3,7.15193460811272,4
"ANKRD20A5P","ANKRD20A5P",3,6.32221068859077,4
"ZDHHC11B","ZDHHC11B",3,5.11331908195758,4
"CA8","CA8",3,6.37589783369094,4
"MT-TC","MT-TC",2,4.9273569759264,4
"PIK3C2G","PIK3C2G",1,6.17265742521327,4
"SP6","SP6",4,4.52309580297378,4
"CCL21","CCL21",1,5.25201689778958,4
"KCNQ3","KCNQ3",1,4.70244754596872,4
"RN7SL359P","RN7SL359P",3,6.37607349121714,4
"PDE1C","PDE1C",1,6.80148360905378,4
"CIART","CIART",4,6.31056101600269,4
"STAC2","STAC2",1,6.45369609858423,4
"NUP62CL","NUP62CL",2,5.40883145973885,4
"XRCC2","XRCC2",4,6.8214494798515,4
"PTP4A3","PTP4A3",4,6.29490615399134,4
"FPR1","FPR1",1,5.36368956841595,4
"HLA-DOB","HLA-DOB",1,5.6217704493591,4
"SCN3A","SCN3A",1,6.08371600117365,4
"FABP5","FABP5",4,6.339470355204,4
"DOCK3","DOCK3",4,5.5535532544667,4
"FADS1","FADS1",4,5.24408256224458,4
"ADRB1","ADRB1",3,4.44281163494308,4
"MCOLN2","MCOLN2",1,5.12853319927822,4
"PARVG","PARVG",1,5.90627713388588,4
"SPP1","SPP1",4,5.60535646792576,4
"LINC00865","LINC00865",3,4.59537696130083,4
"AL844908.1","AL844908.1",1,5.66701179449954,4
"GALNTL6","GALNTL6",2,4.8984349692428,4
"CYGB","CYGB",1,5.39687636343604,4
"AL078595.1","AL078595.1",3,5.74514444018665,4
"EDA2R","EDA2R",1,5.52989603374036,4
"CAPN15","CAPN15",4,5.22821582514994,4
"NKD2","NKD2",1,5.62474524684467,4
"AL033384.1","AL033384.1",2,4.97868710413638,4
"ZNF683","ZNF683",1,6.08461784140475,4
"GPR27","GPR27",3,5.35869668599549,4
"NDRG4","NDRG4",4,5.81232644943043,4
"SLC17A9","SLC17A9",1,4.35622545454245,4
"PDLIM4","PDLIM4",1,7.03903853593369,4
"H1-3","H1-3",4,4.81333583131963,4
"SBSPON","SBSPON",3,5.89299854123212,4
"GLIPR2","GLIPR2",1,6.86796788966665,4
"FAM78B","FAM78B",4,4.94225789565808,4
"TBILA","TBILA",3,6.55442391748621,4
"DYSF","DYSF",4,5.49900453010781,4
"MAPK10","MAPK10",2,6.6148640029762,4
"HES2","HES2",3,5.17173630571036,4
"AC008780.1","AC008780.1",1,5.48549501709598,4
"SMIM10L2A","SMIM10L2A",1,4.8225438077522,4
"SLC6A9","SLC6A9",4,6.80805639292674,4
"OLFML2B","OLFML2B",4,4.70901249230594,4
"GALNT13","GALNT13",4,5.65165576618044,4
"LMOD1","LMOD1",1,6.10665933080862,4
"RNFT2","RNFT2",4,7.20483986021785,4
"LDB2","LDB2",1,6.22858780361098,4
"RASGEF1A","RASGEF1A",1,4.96540776247261,4
"EPHB2","EPHB2",4,5.67700095801317,4
"GRIN2B","GRIN2B",1,5.95420179120053,4
"SDS","SDS",4,4.93218486388748,4
"AL591845.1","AL591845.1",3,5.39252741806307,4
"ITGB3","ITGB3",3,4.75795091100171,4
"ELF5","ELF5",1,8.15457262279362,4
"CD300LG","CD300LG",1,5.19832304950234,4
"LMNTD2-AS1","LMNTD2-AS1",3,7.35609969189924,4
"MYOZ2","MYOZ2",2,6.69797498799655,4
"OSR1","OSR1",1,5.71031645766354,4
"AP001783.1","AP001783.1",4,5.71056491774839,4
"CALCRL","CALCRL",1,5.27604063484263,4
"TRIM68","TRIM68",2,6.33028338977196,4
"MST1L","MST1L",3,4.88534362318125,4
"AP000769.1","AP000769.1",2,5.18545915483508,4
"CD1E","CD1E",1,5.87254588086463,4
"CGAS","CGAS",4,5.51787698533617,4
"SLC49A3","SLC49A3",2,6.44527710055918,4
"IKZF3","IKZF3",1,6.81990392136821,4
"KIF18A","KIF18A",4,6.80549692717753,4
"IL10RA","IL10RA",1,6.55614612296468,4
"APLN","APLN",1,4.34141675656278,4
"RIPK3","RIPK3",1,5.31674173120336,4
"HAND2","HAND2",1,5.09689192400388,4
"ACAN","ACAN",4,4.972231063535,4
"EPB41L3","EPB41L3",2,5.45218718030583,4
"ME3","ME3",3,6.01412780049234,4
"CD86","CD86",1,5.27758429739801,4
"PI4KA","PI4KA",4,4.37292588367891,4
"CACNA2D1","CACNA2D1",1,5.86049080796022,4
"CKB","CKB",4,5.62830711879825,4
"AWAT2","AWAT2",2,5.89936512770071,4
"FAM106A","FAM106A",3,4.21729081675427,4
"NCAN","NCAN",4,5.26884444683563,4
"AF131215.4","AF131215.4",1,5.98948790759111,4
"C19orf18","C19orf18",2,5.64875069762426,4
"MANEAL","MANEAL",4,5.60278255646804,4
"GSEC","GSEC",4,6.90731011525112,4
"ZSCAN23","ZSCAN23",3,5.19621554508853,4
"CYTOR","CYTOR",4,4.99863486990564,4
"FHOD3","FHOD3",1,6.20639813559025,4
"PLEKHG1","PLEKHG1",1,5.98542434050959,4
"FBXO17","FBXO17",1,5.43956429079935,4
"ALOX5AP","ALOX5AP",1,5.12782318097893,4
"TM4SF1-AS1","TM4SF1-AS1",2,4.96802984351161,4
"HEPH","HEPH",1,5.30125028047629,4
"LAMA2","LAMA2",1,5.62626839591414,4
"PLIN4","PLIN4",1,4.66397922959531,4
"FGD5","FGD5",1,4.95628171448187,4
"ABCA6","ABCA6",1,6.63518103243478,4
"APOL3","APOL3",1,6.3690582086659,4
"LYPD1","LYPD1",4,5.1430654766444,4
"ZNF214","ZNF214",3,6.25557110631979,4
"LINC00649","LINC00649",1,4.12964172600988,4
"XYLT1","XYLT1",1,5.66133025696611,4
"ALPL","ALPL",1,5.11218209227907,4
"TF","TF",1,5.94996336260495,4
"PNMA6A","PNMA6A",4,5.5056627923671,4
"APCDD1L-DT","APCDD1L-DT",1,6.33600637472093,4
"MMP15","MMP15",4,6.30994638914753,4
"AL670729.3","AL670729.3",3,4.20998128666497,4
"AC092078.3","AC092078.3",2,6.43375698519718,4
"LRRN2","LRRN2",4,5.63555705322287,4
"TMEM229B","TMEM229B",3,5.17471381779844,4
"ARHGEF4","ARHGEF4",4,5.21718475995722,4
"TGFA","TGFA",1,6.471729662994,4
"ST3GAL4","ST3GAL4",4,6.78724190303623,4
"ZDHHC11","ZDHHC11",3,5.09519439216366,4
"SCD5","SCD5",1,5.79441902258061,4
"DUSP2","DUSP2",1,5.98164058121236,4
"SYT17","SYT17",3,6.90017525500431,4
"PLA2G4A","PLA2G4A",1,5.96389814910939,4
"DRC3","DRC3",3,7.02262374767472,4
"CLDN11","CLDN11",1,6.46808782384768,4
"CD34","CD34",1,5.752003488189,4
"TMEM59L","TMEM59L",3,5.54173699375538,4
"TMEM200B","TMEM200B",1,4.427253919409,4
"LINC01239","LINC01239",4,4.45040179698734,4
"BTBD11","BTBD11",1,5.08656663018918,4
"CLNK","CLNK",2,4.86474952554818,4
"KLHDC8A","KLHDC8A",4,4.75080154513622,4
"ZNF385C","ZNF385C",4,4.80760402982381,4
"TFPI","TFPI",1,5.80101220727078,4
"CLEC5A","CLEC5A",4,5.55800868291853,4
"TNF","TNF",4,4.97284057859095,4
"NOD2","NOD2",4,5.01275745111787,4
"PMAIP1","PMAIP1",4,5.4067567912177,4
"HPDL","HPDL",4,5.72406491836345,4
"CELSR3","CELSR3",4,5.99772520703992,4
"BLACAT1","BLACAT1",4,5.74987416805047,4
"KANSL1-AS1","KANSL1-AS1",2,4.69249599668107,4
"TPPP","TPPP",3,5.52542135158832,4
"KCNH2","KCNH2",4,5.15059813068189,4
"HEY1","HEY1",1,5.23598215962458,4
"TMEM40","TMEM40",4,4.93138308474699,4
"AL031595.2","AL031595.2",1,4.96750060587449,4
"AC095057.4","AC095057.4",3,5.74418321534312,4
"ADAMTS16","ADAMTS16",4,5.33312845698017,4
"AC124798.1","AC124798.1",4,4.46850769187846,4
"PRKCB","PRKCB",1,6.4302718674999,4
"ENTPD8","ENTPD8",3,6.47774680571695,4
"DEGS2","DEGS2",3,6.76138511715189,4
"SVEP1","SVEP1",1,5.67168379688138,4
"AC096589.2","AC096589.2",3,6.96283848425945,4
"CDKN2D","CDKN2D",4,6.44899132088424,4
"APOLD1","APOLD1",4,4.79846824850808,4
"SLAMF8","SLAMF8",1,5.3144235748957,4
"CASP17P","CASP17P",1,6.79799082677362,4
"WT1","WT1",4,4.49639275458718,4
"AF131215.6","AF131215.6",1,5.3052614597316,4
"NYNRIN","NYNRIN",4,5.18825699589405,4
"KDELR3","KDELR3",4,7.31392063170318,4
"GPT","GPT",4,5.3030627739386,4
"CLCN4","CLCN4",4,5.5597291082954,4
"SCIN","SCIN",1,4.23442757900671,4
"AL731571.1","AL731571.1",1,6.53012325939889,4
"LINC02532","LINC02532",4,4.71358111810624,4
"CIT","CIT",4,7.07274690127245,4
"DNAH7","DNAH7",3,7.27275207694814,4
"PTPRM","PTPRM",2,5.90170359974212,4
"P2RY13","P2RY13",1,5.94888251462825,4
"DDIAS","DDIAS",4,6.52470126509132,4
"MAMLD1","MAMLD1",4,4.97065071624308,4
"TMEM45A","TMEM45A",4,5.67208854068277,4
"ANPEP","ANPEP",1,6.68232434719934,4
"G6PD","G6PD",2,6.90112746145715,4
"FGF1","FGF1",1,5.93750651254492,4
"F2RL1","F2RL1",2,5.28231692069424,4
"SERP2","SERP2",3,6.06017443692106,4
"CPNE5","CPNE5",1,5.61814530918426,4
"FBXO27","FBXO27",4,5.71577486415341,4
"CD38","CD38",1,6.0974239345127,4
"CD3D","CD3D",1,6.52185743850879,4
"TFAP2B","TFAP2B",2,6.40753008299201,4
"PTPRS","PTPRS",2,5.13222074006332,4
"AC020656.2","AC020656.2",3,5.31426188429826,4
"CCDC144B","CCDC144B",1,4.56896935104677,4
"LIPG","LIPG",1,5.74548734878003,4
"MAPK4","MAPK4",4,5.06156791741228,4
"SLC16A14","SLC16A14",4,4.96459020358317,4
"GNAZ","GNAZ",4,5.58315646929563,4
"DNAAF3","DNAAF3",3,6.80743383750443,4
"SNED1","SNED1",1,4.83787242186639,4
"ACE","ACE",2,4.63614039216183,4
"AL133330.1","AL133330.1",3,4.99200089092332,4
"OXGR1","OXGR1",1,6.39146797946949,4
"CDC14A","CDC14A",3,5.5247736139667,4
"AC103702.1","AC103702.1",3,5.1755957943807,4
"TMPRSS9","TMPRSS9",2,5.943370216707,4
"HSPB2","HSPB2",1,5.77742051483543,4
"LSP1","LSP1",1,6.9636536617432,4
"SLC4A8","SLC4A8",3,7.21997120011261,4
"GZMB","GZMB",4,4.95708245446498,4
"PIP5K1B","PIP5K1B",1,5.5096945355882,4
"LAG3","LAG3",1,5.40444151448045,4
"A4GALT","A4GALT",1,4.47238122968271,4
"GPR37","GPR37",4,5.35442040890646,4
"RC3H1-IT1","RC3H1-IT1",3,4.42814787156407,4
"PTPRU","PTPRU",1,5.10969512396365,4
"ARSJ","ARSJ",3,5.31885233319772,4
"FAM222A","FAM222A",2,6.19698615536104,4
"CDYL2","CDYL2",3,6.57886316872502,4
"MTCL1","MTCL1",3,4.82137632905499,4
"FIRRE","FIRRE",1,5.85246929403444,4
"F2RL2","F2RL2",3,4.37991566219483,4
"ITPRIPL1","ITPRIPL1",1,6.91840901974769,4
"IRF8","IRF8",1,5.31196827661256,4
"GLIS3","GLIS3",4,4.23652862673164,4
"SERPINE2","SERPINE2",1,5.42000744640315,4
"PCAT6","PCAT6",4,5.9902629006254,4
"SLC6A16","SLC6A16",4,5.99901948525496,4
"SLC6A15","SLC6A15",4,5.34683930058284,4
"AP001057.1","AP001057.1",2,5.5202082796808,4
"GLP1R","GLP1R",1,5.43461376072351,4
"ACSS3","ACSS3",2,6.7336426270778,4
"SLC2A3","SLC2A3",1,5.73929333054375,4
"LINC00173","LINC00173",3,5.70307384592954,4
"PTPRN2","PTPRN2",3,5.0323263890246,4
"ATP2B2","ATP2B2",1,4.55449949639142,4
"AQP7","AQP7",2,6.54793983763381,4
"POM121C","POM121C",4,5.23873074855296,4
"AL139383.1","AL139383.1",3,5.3854175251337,4
"LINC01315","LINC01315",4,5.6019080889071,4
"MB","MB",2,5.75464018506002,4
"SUSD4","SUSD4",4,4.9010922521401,4
"CADPS","CADPS",1,4.83119914010703,4
"AC011287.1","AC011287.1",1,4.60986867126788,4
"LINC01619","LINC01619",3,5.20393466571768,4
"AL021328.1","AL021328.1",2,4.57331560920279,4
"ITGBL1","ITGBL1",3,5.30586328825916,4
"AC107294.2","AC107294.2",4,4.82767564771273,4
"MEG8","MEG8",1,5.84898086681976,4
"TYMSOS","TYMSOS",4,6.37718462401912,4
"ARHGAP27P1-BPTFP1-KPNA2P3","ARHGAP27P1-BPTFP1-KPNA2P3",4,5.06231129355175,4
"RSPH1","RSPH1",3,6.20451920317542,4
"AC092851.1","AC092851.1",1,5.39817415807737,4
"ARNT2","ARNT2",4,5.06007205090346,4
"TCF19","TCF19",4,6.58339676289547,4
"LINC00987","LINC00987",1,5.42347515205473,4
"EGFL7","EGFL7",2,4.94712823626573,4
"HMGB3","HMGB3",4,7.74776293066687,4
"NDUFB4P11","NDUFB4P11",1,5.72095283213827,4
"JPH4","JPH4",3,4.99592996985983,4
"JAM2","JAM2",1,6.24043137623249,4
"MS4A4A","MS4A4A",1,6.25562559592656,4
"INHBA","INHBA",4,6.28222233634441,4
"DNAH2","DNAH2",3,4.64986736499321,4
"AL049840.5","AL049840.5",3,5.35109830387003,4
"AC116348.3","AC116348.3",1,4.04987509502781,4
"KDR","KDR",1,4.51614433906109,4
"SCG5","SCG5",1,4.75580454493744,4
"RUNX1T1","RUNX1T1",1,5.71489591325102,4
"BCR","BCR",4,4.8448839879833,4
"RGS16","RGS16",1,5.12769020220976,4
"LCK","LCK",1,6.42442880350294,4
"HEXA-AS1","HEXA-AS1",2,6.1250611322163,4
"AC080013.1","AC080013.1",1,6.39338091527855,4
"STUM","STUM",1,4.86404172361102,4
"LMO2","LMO2",1,6.58224210957816,4
"IL15RA","IL15RA",1,6.07608723346818,4
"ADAMTS4","ADAMTS4",4,5.22015305718252,4
"GPR34","GPR34",1,5.76063941307765,4
"CFAP157","CFAP157",3,6.70566422805306,4
"CENPK","CENPK",4,6.54792948805886,4
"NSUN5P1","NSUN5P1",1,4.65154516273419,4
"FNDC4","FNDC4",1,5.67808443243463,4
"SLC35F2","SLC35F2",4,6.49399573498808,4
"CRADD","CRADD",2,6.64242352156285,4
"CSF1","CSF1",1,5.87285560652333,4
"EGFLAM","EGFLAM",3,5.09212401059688,4
"PLVAP","PLVAP",2,4.43358356355937,4
"SCARNA9","SCARNA9",1,5.55542178997943,4
"EBF4","EBF4",3,5.36037992097822,4
"ADM2","ADM2",4,6.64935979827577,4
"FRAS1","FRAS1",1,4.78601074959529,4
"AL354836.1","AL354836.1",3,4.78592426668617,4
"UBE2M","UBE2M",4,4.69290746430883,4
"ADGRA2","ADGRA2",1,6.44879353944521,4
"ITIH6","ITIH6",3,6.10795030297609,4
"PTCH2","PTCH2",1,5.96910962138547,4
"CD83","CD83",1,5.53960113586042,4
"AC110285.2","AC110285.2",3,6.03475484240375,4
"AC004130.2","AC004130.2",1,4.84938376539141,4
"PLIN2","PLIN2",1,5.35688534433102,4
"ASTN2","ASTN2",3,5.46888170118583,4
"TNFRSF13C","TNFRSF13C",4,5.21216691611335,4
"RNF39","RNF39",3,4.54175684075918,4
"DSCAM-AS1","DSCAM-AS1",3,5.34201283101059,4
"PAQR8","PAQR8",1,5.35096054748773,4
"BLM","BLM",4,7.06020775924994,4
"MYLK3","MYLK3",2,4.4874512429847,4
"H2AC20","H2AC20",4,5.33890189353809,4
"AL450306.1","AL450306.1",3,6.1448950008292,4
"FBLN2","FBLN2",1,5.27357846932844,4
"HSD17B6","HSD17B6",4,5.46632420515074,4
"LZTS1","LZTS1",1,5.68529869545421,4
"SAMMSON","SAMMSON",2,5.06119727652602,4
"FGF9","FGF9",1,4.38257305012972,4
"CCDC8","CCDC8",1,6.34025095688116,4
"FZD4","FZD4",2,6.26596802333808,4
"ADGRL4","ADGRL4",1,4.98067239936873,4
"PANK1","PANK1",4,5.44502277486279,4
"FAM155A","FAM155A",3,4.82501825108817,4
"FAM171B","FAM171B",1,5.0053313253798,4
"WASF1","WASF1",1,4.88255933582574,4
"AL021392.1","AL021392.1",3,6.88981405316761,4
"MYRFL","MYRFL",2,5.53582692044677,4
"VGLL3","VGLL3",1,6.18846054127129,4
"ADGRF5","ADGRF5",1,4.79194803480788,4
"SLC16A5","SLC16A5",3,4.96352771175333,4
"IFITM2","IFITM2",3,4.51545755838043,4
"TRPV6","TRPV6",2,5.93249815218684,4
"SLC45A3","SLC45A3",4,5.25999010950142,4
"AC099541.2","AC099541.2",1,5.36928417073665,4
"IRAK3","IRAK3",1,5.11260893971568,4
"TMPRSS2","TMPRSS2",1,6.53962307484298,4
"B3GNT5","B3GNT5",1,6.27648497927382,4
"LRP1B","LRP1B",3,5.43314473060816,4
"LINC01359","LINC01359",1,5.47108285283887,4
"LINC00393","LINC00393",4,5.9644711707477,4
"PROX1","PROX1",1,5.04266271226347,4
"MYZAP","MYZAP",1,6.03471848509182,4
"IL1R2","IL1R2",1,5.23933633940443,4
"TNS4","TNS4",3,5.4727676267611,4
"SLFN11","SLFN11",1,6.27265595136524,4
"RN7SL653P","RN7SL653P",1,5.84575953616377,4
"RADIL","RADIL",1,4.38990418160533,4
"LINC01016","LINC01016",3,6.31316732890788,4
"PCSK6","PCSK6",3,5.93480206917085,4
"AKR1B10","AKR1B10",2,4.82414131252724,4
"HAS2","HAS2",1,5.34434984260688,4
"SULT1E1","SULT1E1",4,4.111318143726,4
"HMCN1","HMCN1",1,5.62720583533304,4
"AC007681.1","AC007681.1",2,4.42945514537695,4
"LINC00939","LINC00939",3,4.96069826559946,4
"TDRD6","TDRD6",1,5.87551655711881,4
"H3C6","H3C6",2,5.24140369644469,4
"FAM83B","FAM83B",4,5.1543149574363,4
"VEPH1","VEPH1",1,4.67525238131338,4
"RIC3","RIC3",3,5.88370328694984,4
"UGT2B10","UGT2B10",2,7.77839370740411,4
"PLCH1","PLCH1",4,5.40837755162325,4
"CTTNBP2","CTTNBP2",3,5.34437436431144,4
"ARHGEF38-IT1","ARHGEF38-IT1",2,5.19585564023214,4
"TRPV4","TRPV4",1,5.66692139160126,4
"PRRT3-AS1","PRRT3-AS1",4,4.86836686629709,4
"BST2","BST2",3,4.76785560704173,4
"SMOX","SMOX",4,5.11859497532146,4
"P3H2","P3H2",1,6.48117741074894,4
"SMAD9","SMAD9",1,6.01166421607627,4
"CNTN3","CNTN3",1,4.94788393625338,4
"KDM7A-DT","KDM7A-DT",2,5.23858917433415,4
"GSC","GSC",3,6.12707569549254,4
"GNA14","GNA14",3,5.33808810460251,4
"CCDC3","CCDC3",1,5.83693822151027,4
"NAP1L2","NAP1L2",1,5.5048010704333,4
"PLXNA4","PLXNA4",4,4.24752784119689,4
"HACD1","HACD1",1,5.12704558822505,4
"ESAM","ESAM",1,4.8797211400938,4
"SNTB1","SNTB1",1,5.7171409381838,4
"AC006160.1","AC006160.1",3,4.21506060464462,4
"TNFRSF11A","TNFRSF11A",1,6.78580243514419,4
"AC127024.8","AC127024.8",3,5.31834087845822,4
"AC025034.1","AC025034.1",3,5.36916227796455,4
"C2CD4D","C2CD4D",4,5.92291708750349,4
"GPR183","GPR183",1,6.19917611470806,4
"SNHG26","SNHG26",1,6.89657060050757,4
"ZNF671","ZNF671",3,5.79964658624672,4
"LTBP1","LTBP1",4,6.50675832573656,4
"PNMA8A","PNMA8A",1,5.20870053460877,4
"AL590560.3","AL590560.3",3,4.51483147313992,4
"TLR3","TLR3",1,5.34091259617558,4
"SAE1","SAE1",4,5.9091296624749,4
"KCNS3","KCNS3",4,4.50318249701488,4
"CCDC15","CCDC15",2,6.1818781535733,4
"DUSP15","DUSP15",3,6.70591113835145,4
"GINS2","GINS2",4,6.4484777452773,4
"MRGPRF","MRGPRF",1,5.8965541416824,4
"PLD5","PLD5",1,4.8764702994373,4
"TMPRSS4","TMPRSS4",4,4.33094491560278,4
"SLAIN1","SLAIN1",1,4.76719594898823,4
"ST8SIA2","ST8SIA2",3,5.2746102135596,4
"ABCD1","ABCD1",4,5.35513098795718,4
"NUPR2","NUPR2",4,4.78993765788846,4
"PRKCA","PRKCA",1,5.48412419545536,4
"CCL22","CCL22",1,5.82443678759029,4
"WASHC1","WASHC1",4,4.52263701372542,4
"SNORA75","SNORA75",3,4.36721385985938,4
"CHEK2","CHEK2",4,6.01284949290544,4
"AC021504.1","AC021504.1",1,4.52425375979796,4
"DPP4","DPP4",1,4.56739004874577,4
"AL031282.1","AL031282.1",3,5.6733345140743,4
"PSMB8-AS1","PSMB8-AS1",1,5.88577802213573,4
"RCAN2","RCAN2",1,5.37177318667637,4
"RYR1","RYR1",1,5.59668357989216,4
"CBFA2T3","CBFA2T3",2,4.63664190568766,4
"PCLAF","PCLAF",4,7.16671455671966,4
"TEAD4","TEAD4",4,6.40167145847293,4
"RBM11","RBM11",3,5.09927735759572,4
"AL078622.1","AL078622.1",3,5.82029385405715,4
"TPTEP1","TPTEP1",1,4.69083021762706,4
"C3orf70","C3orf70",1,5.60723316514511,4
"TLR2","TLR2",1,6.63083550140798,4
"NTRK2","NTRK2",3,6.60582005199132,4
"SLC2A6","SLC2A6",4,5.80102024843756,4
"GIMAP2","GIMAP2",1,4.76027216398109,4
"AC074141.1","AC074141.1",2,5.37850445170444,4
"SOX5","SOX5",1,5.67620291418556,4
"MCOLN3","MCOLN3",1,4.91940712973184,4
"ACKR3","ACKR3",1,4.7477610324171,4
"AC078799.1","AC078799.1",3,4.52588413310439,4
"BAIAP2L2","BAIAP2L2",4,5.36969591771913,4
"ETV1","ETV1",3,5.62856590630465,4
"RNU6-482P","RNU6-482P",3,4.94691872966813,4
"CD163L1","CD163L1",2,4.87865617209847,4
"ENTPD3","ENTPD3",3,5.09581539454613,4
"AL355377.3","AL355377.3",2,4.39352685223129,4
"CCKBR","CCKBR",4,6.10782505059752,4
"IQCN","IQCN",3,5.14154524532294,4
"ADAMTS12","ADAMTS12",4,4.89025117006388,4
"CAND2","CAND2",1,4.96339834710493,4
"LRRIQ1","LRRIQ1",3,6.1311792735139,4
"LINC02562","LINC02562",3,4.49175645279702,4
"ALOX5","ALOX5",1,5.46308900004021,4
"BPIFB1","BPIFB1",3,4.70570759583645,4
"FAM207A","FAM207A",4,5.41023533486189,4
"RGS11","RGS11",3,5.36334657961184,4
"TLCD1","TLCD1",4,5.91650494054189,4
"LRRK2","LRRK2",1,5.35792752932933,4
"ARHGAP28","ARHGAP28",1,5.69258091677419,4
"NRP2","NRP2",1,4.88251620571605,4
"LINC01060","LINC01060",3,5.26475118813801,4
"CCL28","CCL28",1,8.09830115533039,4
"SEMA5A","SEMA5A",3,5.97987071869999,4
"SYT6","SYT6",2,5.70081851623931,4
"RUNX2","RUNX2",1,5.79610419838742,4
"KATNAL2","KATNAL2",4,5.64663210806825,4
"SNX20","SNX20",1,6.05461408930806,4
"TNFSF15","TNFSF15",1,5.84141145509989,4
"ZNF280B","ZNF280B",1,5.37039524315923,4
"RARRES2","RARRES2",1,6.1524760066489,4
"LILRB5","LILRB5",1,5.55686462733731,4
"HPN","HPN",2,5.42800819795126,4
"CCDC168","CCDC168",1,5.22801586571497,4
"UBASH3B","UBASH3B",1,5.21099375991574,4
"NPB","NPB",4,5.79651774455625,4
"HSD3BP2","HSD3BP2",2,7.21574107916348,4
"MFAP3L","MFAP3L",1,5.09173720726304,4
"LRMDA","LRMDA",4,4.6487365628402,4
"ZIK1","ZIK1",1,4.5133786792985,4
"DHCR7","DHCR7",4,5.7920573495835,4
"NEGR1","NEGR1",1,5.81593656775756,4
"PGF","PGF",1,5.88597526267864,4
"CDON","CDON",3,6.08212351125777,4
"CXCL6","CXCL6",1,4.64891149730873,4
"CARD16","CARD16",1,7.03502495672224,4
"RHOJ","RHOJ",1,6.78198969596661,4
"NLRP13","NLRP13",2,5.59972653210497,4
"MPP2","MPP2",3,5.67555621915154,4
"LINC01977","LINC01977",3,5.50326444906743,4
"ZNF483","ZNF483",3,6.34241115804027,4
"CCDC136","CCDC136",3,5.36034868188192,4
"RASGRF1","RASGRF1",2,5.08457556429137,4
"MMEL1","MMEL1",3,6.21492705276226,4
"CNTNAP3","CNTNAP3",1,5.97461438018489,4
"ARHGEF39","ARHGEF39",4,6.40703969540938,4
"XG","XG",4,5.93908704877362,4
"TSKU","TSKU",2,6.94326222516856,4
"MS4A14","MS4A14",3,5.91815625143381,4
"PITPNM2","PITPNM2",1,5.3808102527496,4
"C2orf27A","C2orf27A",3,6.34671052036292,4
"ADAMTS2","ADAMTS2",1,5.43451867684962,4
"MYCL","MYCL",4,5.37995693903611,4
"LILRB2","LILRB2",1,5.57673186303558,4
"LINC01524","LINC01524",1,4.58053364364932,4
"MSI1","MSI1",4,5.08869210331241,4
"ELAVL4","ELAVL4",1,5.22571437664273,4
"AC027031.2","AC027031.2",4,5.39023806610897,4
"XKR9","XKR9",4,5.38539380277939,4
"LRP4","LRP4",1,4.84189273114054,4
"AC106795.1","AC106795.1",4,4.73255344914655,4
"IGFBP6","IGFBP6",1,6.61168196031327,4
"MS4A18","MS4A18",2,7.09832190058674,4
"FAM124A","FAM124A",1,4.72758300874035,4
"RDH10","RDH10",4,6.69971008532152,4
"AF131215.2","AF131215.2",3,5.3927340870066,4
"FBLN7","FBLN7",1,4.9909660974452,4
"RASSF2","RASSF2",1,5.86176587885701,4
"RAD54B","RAD54B",4,6.40320771262285,4
"CIB2","CIB2",1,5.41944302753822,4
"DAPL1","DAPL1",3,5.19251396715896,4
"PDGFRA","PDGFRA",1,6.72924895004939,4
"IDNK","IDNK",2,4.88821689424685,4
"OVOL1","OVOL1",4,5.62829700475089,4
"ID3","ID3",4,4.6024727115703,4
"HMGN2P46","HMGN2P46",3,6.89944623286529,4
"IL15","IL15",1,5.67379751863032,4
"KIF19","KIF19",4,4.7214603796826,4
"MERTK","MERTK",1,5.70160177047813,4
"INPP4B","INPP4B",3,7.67995651360335,4
"SMAD6","SMAD6",4,5.09817415095866,4
"NR2F1-AS1","NR2F1-AS1",3,4.10686091792065,4
"GRIN2D","GRIN2D",4,5.81235504096653,4
"ZNF727","ZNF727",3,4.80660524335454,4
"AC096733.3","AC096733.3",3,4.6030581734212,4
"ASRGL1","ASRGL1",1,5.07762141488592,4
"AC096589.1","AC096589.1",3,6.65952488900174,4
"SLC1A2","SLC1A2",3,5.10036063368143,4
"NPL","NPL",1,4.621873110685,4
"MTND2P28","MTND2P28",4,4.63453247519205,4
"SASH3","SASH3",1,6.45341916055286,4
"ANXA2R","ANXA2R",4,5.25836706605849,4
"AC104237.3","AC104237.3",1,6.13648940781613,4
"CACNB2","CACNB2",1,4.99760948639683,4
"THSD7A","THSD7A",1,4.70937900965377,4
"SYTL4","SYTL4",3,6.67124898963388,4
"CCDC68","CCDC68",3,4.9432469834688,4
"UBA7","UBA7",1,5.36493507315109,4
"VANGL2","VANGL2",1,5.07386312119952,4
"AC090877.2","AC090877.2",2,6.72447810628144,4
"FAH","FAH",2,6.76644191895069,4
"RNY1","RNY1",4,4.54673050798568,4
"NCF4","NCF4",1,6.13811387549976,4
"GABRB1","GABRB1",1,4.91918908956885,4
"AC021443.1","AC021443.1",3,4.66283775320123,4
"RAPGEF3","RAPGEF3",3,5.74644113391881,4
"AC015813.1","AC015813.1",3,4.70261865884982,4
"FOXP1-IT1","FOXP1-IT1",3,5.77746698568466,4
"CD3G","CD3G",1,6.26181509061767,4
"RIPOR2","RIPOR2",1,5.92710845423357,4
"ALDH1L2","ALDH1L2",4,5.08171511087053,4
"PRKD1","PRKD1",1,5.30679082040052,4
"GPR137C","GPR137C",4,5.94666611642145,4
"SLC4A11","SLC4A11",2,4.84752048699204,4
"ESCO2","ESCO2",4,6.25828053914429,4
"AL353622.1","AL353622.1",3,4.48129369010125,4
"CATSPERB","CATSPERB",3,4.38344869685703,4
"DIRAS1","DIRAS1",4,6.18475627152901,4
"FER1L4","FER1L4",4,4.70395757208839,4
"AKAP5","AKAP5",3,6.16292680128971,4
"AL354707.1","AL354707.1",2,5.66106580003044,4
"NFATC1","NFATC1",4,4.60217558442239,4
"SNAI1","SNAI1",4,5.34285118854655,4
"ETNK2","ETNK2",2,5.27172442556398,4
"TIGIT","TIGIT",1,5.35093032887778,4
"AC008556.1","AC008556.1",3,5.19765793412016,4
"PREX2","PREX2",1,6.22729280820058,4
"CD40","CD40",1,6.4894847182665,4
"NPNT","NPNT",2,6.1497916353457,4
"BGN","BGN",4,5.72562038181516,4
"FOXP2","FOXP2",1,5.80274924687488,4
"GPR143","GPR143",4,5.10490580571946,4
"TTC34","TTC34",3,6.01506860492583,4
"AC016957.2","AC016957.2",3,5.64463985922008,4
"MT-TL2","MT-TL2",4,4.80079866983375,4
"LYPD5","LYPD5",4,5.24528058091289,4
"MYO1H","MYO1H",3,4.46949863381835,4
"GPR173","GPR173",1,4.74140579723207,4
"MTND3P12","MTND3P12",4,4.11629683788373,4
"AL449403.3","AL449403.3",1,6.4424098074153,4
"MSL3P1","MSL3P1",4,5.89760795768108,4
"ELOVL4","ELOVL4",1,4.92667173424839,4
"SERPINI1","SERPINI1",3,5.00946851889801,4
"ADAMTS3","ADAMTS3",4,4.51314454998615,4
"GLI2","GLI2",1,4.83745960950237,4
"NEXMIF","NEXMIF",4,4.69762162288953,4
"HMGA1P4","HMGA1P4",3,4.028147904392,4
"AL022323.3","AL022323.3",1,5.02032148693874,4
"FAM180A","FAM180A",1,5.16982900674171,4
"SLC4A4","SLC4A4",3,4.62369654826373,4
"EFNB3","EFNB3",1,5.9239752746487,4
"STIL","STIL",4,6.57289804754883,4
"SPC25","SPC25",4,7.35361411458632,4
"BPI","BPI",4,5.73383946554355,4
"CPS1","CPS1",1,5.05509110243485,4
"CDH12","CDH12",1,4.81331158672881,4
"PURPL","PURPL",2,5.09603800409632,4
"C1orf61","C1orf61",4,5.36873828477966,4
"ADAM19","ADAM19",4,5.28345530823973,4
"FAM110B","FAM110B",3,6.07563891951924,4
"RNU6-958P","RNU6-958P",3,4.3355479414752,4
"C1orf112","C1orf112",4,6.26451527782952,4
"POU3F2","POU3F2",1,4.83271132874706,4
"P3H3","P3H3",4,4.61026470017982,4
"RNF150","RNF150",1,6.82068044037748,4
"DANT2","DANT2",1,5.61266865809685,4
"GYG2","GYG2",4,5.2728768415431,4
"MATN4","MATN4",4,5.36774397939963,4
"AP001062.1","AP001062.1",4,5.14703807554006,4
"CYP27B1","CYP27B1",4,4.5836594632255,4
"PXDNL","PXDNL",4,5.75585419380592,4
"H3C8","H3C8",2,5.38093632588294,4
"RNY1P16","RNY1P16",3,5.8863844334563,4
"FCGR3A","FCGR3A",1,5.50691771592877,4
"POLD2","POLD2",4,5.15026643351515,4
"TLCD3A","TLCD3A",4,6.15696836612392,4
"PHEX","PHEX",2,4.57733957971392,4
"MMP17","MMP17",3,5.09190805337142,4
"MIR497HG","MIR497HG",1,5.46246710288696,4
"DNMT3B","DNMT3B",4,6.42914927212127,4
"IKZF1","IKZF1",1,6.69378190357693,4
"MICB","MICB",4,5.13675572050207,4
"CYP39A1","CYP39A1",1,5.87318187439547,4
"PFKP","PFKP",4,5.81703606502891,4
"SAMSN1","SAMSN1",1,5.60195881394039,4
"CCDC163","CCDC163",4,4.85672029469305,4
"AP002387.2","AP002387.2",4,4.79010896852653,4
"TMEM204","TMEM204",1,5.26875655296023,4
"FNDC10","FNDC10",4,4.8396047499373,4
"AC069228.1","AC069228.1",2,3.99367269974778,4
"CENPO","CENPO",4,6.58470356351193,4
"ADCY7","ADCY7",1,5.94688383967882,4
"PHLDA2","PHLDA2",4,5.25195061638797,4
"TXLNB","TXLNB",3,5.05334126154543,4
"PLLP","PLLP",1,5.85677239116266,4
"LONRF2","LONRF2",3,7.01342983573501,4
"SYN2","SYN2",1,5.0796220981246,4
"LIMD2","LIMD2",1,5.44980763978477,4
"JAK3","JAK3",1,6.41582403393334,4
"ERAP2","ERAP2",1,5.76606688734532,4
"PALM3","PALM3",3,5.40937592697573,4
"RASAL3","RASAL3",1,5.98026826240396,4
"AP003306.1","AP003306.1",3,5.29070199017738,4
"AP000547.3","AP000547.3",2,4.59960181097279,4
"HAND2-AS1","HAND2-AS1",1,5.28805721913146,4
"KIF3C","KIF3C",4,6.02932821527815,4
"AC103740.1","AC103740.1",1,5.58423040639015,4
"COL5A2","COL5A2",4,4.98412305141965,4
"SERPINB2","SERPINB2",4,5.05680756810968,4
"SOX1-OT","SOX1-OT",1,4.65252002496554,4
"AL441992.2","AL441992.2",2,5.80192269311874,4
"MDH1B","MDH1B",3,5.61848757928798,4
"CCDC144CP","CCDC144CP",1,4.81530100719727,4
"LINC00839","LINC00839",1,5.99215856262558,4
"SERPINB5","SERPINB5",1,6.52974772574335,4
"SULT4A1","SULT4A1",4,5.27623409357044,4
"PLA2G4F","PLA2G4F",3,4.88401230265477,4
"ULBP3","ULBP3",1,4.94357903526248,4
"FZD5","FZD5",1,4.53504721802184,4
"AL590004.3","AL590004.3",4,5.16861443499085,4
"DCTN1-AS1","DCTN1-AS1",1,4.9527444758393,4
"CD248","CD248",1,6.24584910226415,4
"GALNT15","GALNT15",1,6.08831169338817,4
"AC083843.4","AC083843.4",3,4.66315507200371,4
"PET100","PET100",4,5.30397264682539,4
"ABI3BP","ABI3BP",1,6.11048663107361,4
"HERC2P2","HERC2P2",1,4.63923816427202,4
"AC005899.7","AC005899.7",3,4.89349146717451,4
"FGR","FGR",1,5.41300793810255,4
"AC015712.6","AC015712.6",1,6.46677936314923,4
"CCDC173","CCDC173",3,6.15644590222165,4
"MEX3B","MEX3B",4,5.30476159928811,4
"PROS1","PROS1",1,6.2298789758756,4
"GLA","GLA",3,6.44794263897915,4
"CASC8","CASC8",1,6.54987734691534,4
"PLAC8","PLAC8",1,6.1209269325325,4
"FCHSD1","FCHSD1",1,5.50280881858863,4
"WDR93","WDR93",3,5.97419065243079,4
"DOCK11","DOCK11",1,5.56641865133277,4
"HLF","HLF",1,6.48729625731929,4
"ATF7IP2","ATF7IP2",1,4.26627966283298,4
"AL080317.1","AL080317.1",2,4.84922280584256,4
"TRPC1","TRPC1",1,6.23808779146929,4
"PCDHB4","PCDHB4",1,4.37957385261231,4
"KIT","KIT",1,8.7731501696114,4
"NUDT19P5","NUDT19P5",3,5.6231552974014,4
"KCNQ1","KCNQ1",1,4.54973306173323,4
"BAK1","BAK1",4,5.36819892083857,4
"KLRD1","KLRD1",1,5.55909833889085,4
"ZC4H2","ZC4H2",1,5.36754336769782,4
"DISC1FP1","DISC1FP1",2,5.02933227814013,4
"AFAP1L2","AFAP1L2",3,6.31095045161243,4
"HLA-DQA1","HLA-DQA1",1,6.14300772091431,4
"SNORA38","SNORA38",3,4.1488730673817,4
"PRSS16","PRSS16",1,4.75151156862867,4
"SEMA3E","SEMA3E",3,6.41369916577657,4
"ADAMTS9","ADAMTS9",1,6.81948854586859,4
"TPST1","TPST1",1,4.96369359408762,4
"GEM","GEM",1,5.59855046230113,4
"FBXL13","FBXL13",3,4.94214443335341,4
"ADORA2B","ADORA2B",4,4.74997258727984,4
"GPC6","GPC6",1,4.74432461212936,4
"FBXL7","FBXL7",3,4.44730602603043,4
"RRS1-AS1","RRS1-AS1",2,4.77109832674183,4
"MPEG1","MPEG1",1,6.53008521333506,4
"NRARP","NRARP",4,5.67175715364058,4
"KLHL3","KLHL3",1,5.1214094848832,4
"MBNL1-AS1","MBNL1-AS1",4,4.95899361614138,4
"ACTG2","ACTG2",1,5.95405482279257,4
"PGPEP1L","PGPEP1L",2,5.24365678245538,4
"CSPG5","CSPG5",4,5.33094187715128,4
"TMEM61","TMEM61",1,4.79252294137908,4
"EGOT","EGOT",3,6.47805393286738,4
"SERPINF2","SERPINF2",1,5.80226971499872,4
"PCDHB7","PCDHB7",1,4.53360447824667,4
"PDE3B","PDE3B",1,5.34404079546588,4
"AL512274.1","AL512274.1",1,4.75837025642756,4
"PLCH2","PLCH2",3,5.58131807096862,4
"TMEM156","TMEM156",3,4.84164975201216,4
"MCUB","MCUB",4,5.87971430876589,4
"RASSF4","RASSF4",1,6.0757574909226,4
"ATAD3C","ATAD3C",4,4.43354466983,4
"ADGRV1","ADGRV1",3,6.62735482104898,4
"TGFB1I1","TGFB1I1",1,6.41663083098166,4
"ZYG11A","ZYG11A",4,5.72277512834357,4
"KRT80","KRT80",4,5.38468277789331,4
"ALDH1B1","ALDH1B1",4,5.72062335407905,4
"AC090206.1","AC090206.1",3,5.24520546790573,4
"GDPD5","GDPD5",4,5.51250506215536,4
"C2","C2",1,5.18806796331633,4
"AL122125.1","AL122125.1",3,5.73672639737439,4
"AC246817.2","AC246817.2",1,4.75413604152078,4
"FAM66D","FAM66D",1,4.98815192144195,4
"REC8","REC8",4,4.47564118063069,4
"GXYLT2","GXYLT2",4,4.94008251355075,4
"SMPDL3A","SMPDL3A",2,6.33497599308903,4
"FANCE","FANCE",4,5.95673182729852,4
"FUT4","FUT4",1,5.65092828266039,4
"AL356534.1","AL356534.1",1,5.49633979482619,4
"KCNK15","KCNK15",3,5.757743837668,4
"LRRC36","LRRC36",2,5.37947330018385,4
"NEIL3","NEIL3",4,7.08414523933574,4
"PODNL1","PODNL1",3,5.37581875628493,4
"AC048341.2","AC048341.2",1,5.14090925228188,4
"LINC02515","LINC02515",1,4.80153344381713,4
"NKX1-2","NKX1-2",4,6.41187822716234,4
"GPR39","GPR39",3,5.32768324163157,4
"LPAR1","LPAR1",1,5.67881562067219,4
"SLC51A","SLC51A",3,5.16877502160419,4
"ZNF98","ZNF98",4,4.88852561581076,4
"AP000487.1","AP000487.1",4,4.3744130685895,4
"SALL2","SALL2",3,6.44043661843602,4
"CNTNAP3B","CNTNAP3B",1,5.81002024386007,4
"SHISA9","SHISA9",4,4.69318005794076,4
"EFCAB13","EFCAB13",3,5.03424772534198,4
"TNFRSF1B","TNFRSF1B",1,6.19591997629543,4
"DIPK1A","DIPK1A",3,4.91863494051628,4
"CNKSR2","CNKSR2",1,5.95849245725563,4
"TCAF1","TCAF1",4,5.10064883000196,4
"BCL2L14","BCL2L14",1,5.95066359427834,4
"TRIM55","TRIM55",4,4.56510118542541,4
"PCDH17","PCDH17",4,4.33240897462861,4
"AL365181.2","AL365181.2",3,5.12508405985933,4
"EME1","EME1",4,6.27726714371689,4
"LINC02389","LINC02389",2,5.98215850669214,4
"DOCK8-AS1","DOCK8-AS1",2,4.55679897612889,4
"WFDC2","WFDC2",3,6.22285798238324,4
"PDPN","PDPN",1,5.51181487066481,4
"CYP4F12","CYP4F12",2,4.45596334303328,4
"ERG","ERG",1,5.77808924036424,4
"SLC13A3","SLC13A3",4,4.46850117832797,4
"SLC1A6","SLC1A6",4,4.6497248416804,4
"SRSF12","SRSF12",4,5.38714478872864,4
"NID2","NID2",1,4.64083567220472,4
"AP002761.4","AP002761.4",3,4.7156588429315,4
"KCNJ6","KCNJ6",1,5.12998093257818,4
"FRMD6-AS1","FRMD6-AS1",3,6.10466402824357,4
"RGS5","RGS5",3,5.09185151011068,4
"ADAM32","ADAM32",1,5.33744405167115,4
"CLEC2B","CLEC2B",1,5.88094860368968,4
"HERC6","HERC6",1,5.96489657808208,4
"GLIPR1L2","GLIPR1L2",3,5.53898703170889,4
"PLCG2","PLCG2",1,6.62773031750768,4
"RTKN2","RTKN2",4,6.41118190018245,4
"CDC25A","CDC25A",4,6.98464756109474,4
"AL356740.1","AL356740.1",3,4.92545750365965,4
"AL499602.1","AL499602.1",2,5.390330313571,4
"PKHD1","PKHD1",3,4.83826289050632,4
"RTL5","RTL5",3,5.16209494186529,4
"VWF","VWF",1,4.95677042519468,4
"TMOD1","TMOD1",1,6.08014662856372,4
"ITGAL","ITGAL",1,5.55469934763311,4
"HCP5","HCP5",1,6.48027831995938,4
"AL160000.1","AL160000.1",3,4.91752587820167,4
"EIF4H","EIF4H",1,4.5591426356642,4
"SLC6A8","SLC6A8",4,6.59867292424296,4
"AL031058.1","AL031058.1",4,5.4740948309139,4
"RBM24","RBM24",3,6.61134665538616,4
"LEFTY2","LEFTY2",4,5.32213578097012,4
"SUV39H2","SUV39H2",4,6.43238794530229,4
"CARMN","CARMN",1,6.1626249229463,4
"AC007114.2","AC007114.2",3,4.68190090505817,4
"LRRC37A4P","LRRC37A4P",1,4.98658941980355,4
"SGIP1","SGIP1",1,5.60718512180444,4
"SLCO2A1","SLCO2A1",3,4.29370281262487,4
"SH2D2A","SH2D2A",1,5.5861349293987,4
"ANKDD1A","ANKDD1A",1,6.02027247964492,4
"SCN8A","SCN8A",3,4.93653300035196,4
"GALNT18","GALNT18",4,5.39800781366908,4
"FSTL4","FSTL4",3,5.10937720906734,4
"ADCY4","ADCY4",1,4.69067067891077,4
"ANKRD33B","ANKRD33B",1,5.71745099708598,4
"SLC16A7","SLC16A7",1,6.45179700774006,4
"PSRC1","PSRC1",4,6.43766552196397,4
"TBX2","TBX2",1,4.90531535986294,4
"SLC8A1-AS1","SLC8A1-AS1",1,4.74423829719328,4
"AC016582.3","AC016582.3",3,4.45906921708181,4
"SOBP","SOBP",1,6.44865394114636,4
"PCDH9","PCDH9",1,6.26561416078145,4
"SDK2","SDK2",1,5.47192378838213,4
"IRF5","IRF5",4,4.88615049235704,4
"SLIT3","SLIT3",1,6.73879388237532,4
"TDRD5","TDRD5",4,5.21968153138666,4
"PLEKHH2","PLEKHH2",1,6.18390594263928,4
"PDE6B","PDE6B",3,6.09857950014541,4
"AC093908.1","AC093908.1",1,4.02171927579231,4
"FAM177B","FAM177B",3,4.24924347477466,4
"AP003117.1","AP003117.1",3,4.77958484902458,4
"SLCO4A1","SLCO4A1",4,5.67415657645626,4
"ARHGEF38","ARHGEF38",3,6.0908758951269,4
"VEGFC","VEGFC",2,4.80576321201586,4
"XAGE2","XAGE2",4,5.02813130461667,4
"HAP1","HAP1",1,5.35350983249655,4
"BEX5","BEX5",3,5.06839986563694,4
"LRFN1","LRFN1",4,5.87878265490856,4
"AL391422.4","AL391422.4",4,4.78085677266147,4
"TGFB3","TGFB3",3,7.03833119356459,4
"SNCA","SNCA",1,5.39308609959044,4
"CLUL1","CLUL1",4,4.62676466613668,4
"TPH1","TPH1",3,4.70377203720678,4
"TMEM121","TMEM121",3,5.31921233964151,4
"AC244517.1","AC244517.1",3,4.24023405629134,4
"HUNK","HUNK",3,4.76140541263046,4
"CMTM5","CMTM5",1,4.94087411318428,4
"TBX15","TBX15",1,6.3267556938686,4
"ARHGAP9","ARHGAP9",1,6.02876799427814,4
"LINC01411","LINC01411",3,5.21423306162323,4
"AXIN2","AXIN2",3,4.95558785213056,4
"EGR2","EGR2",1,6.20973082315928,4
"ZNF726","ZNF726",4,6.09902509685438,4
"LINC02334","LINC02334",1,4.85163588268048,4
"ACHE","ACHE",1,4.91495614246437,4
"SLCO2B1","SLCO2B1",1,6.06902303027597,4
"HAMP","HAMP",1,5.18631218941997,4
"BTC","BTC",4,4.63664850020933,4
"MIR17HG","MIR17HG",1,5.3938701004744,4
"H2BC15","H2BC15",2,5.20753617586813,4
"PRODH","PRODH",3,4.91779478069454,4
"RN7SL1","RN7SL1",2,5.08884783243758,4
"AL365209.1","AL365209.1",3,6.01134302005716,4
"TBXAS1","TBXAS1",2,4.57408881337335,4
"NTM","NTM",3,5.71604319103867,4
"SLA","SLA",1,6.01182456922,4
"APLNR","APLNR",1,4.71131197353678,4
"MUC3A","MUC3A",1,5.35382265197594,4
"EPHA10","EPHA10",4,4.91965684918538,4
"CTF1","CTF1",1,4.8976319067936,4
"TEDC2","TEDC2",4,6.92281258385265,4
"NLRC5","NLRC5",1,6.07581975428247,4
"ZNF365","ZNF365",3,4.53747592038668,4
"PTGER4","PTGER4",2,5.246416403796,4
"MLXIPL","MLXIPL",3,4.57142773671367,4
"STOX1","STOX1",3,5.34212627664424,4
"PKN3","PKN3",2,5.3940089030414,4
"HIC1","HIC1",1,6.62367688026241,4
"SOX10","SOX10",1,8.38119531880148,4
"Z97200.1","Z97200.1",1,5.73651176253956,4
"SLIT2","SLIT2",1,6.94771388721927,4
"TEX30","TEX30",4,5.90069786379813,4
"LINC01238","LINC01238",3,5.3387023582275,4
"RASGEF1C","RASGEF1C",1,5.97814244491231,4
"AC246817.1","AC246817.1",3,5.24889514709684,4
"GNG11","GNG11",1,5.95552703448061,4
"NXN","NXN",1,5.71983238423725,4
"POC1A","POC1A",4,7.0595498659534,4
"GUCY1B2","GUCY1B2",4,6.12454355576013,4
"HBEGF","HBEGF",1,5.06066492995405,4
"TRPC6","TRPC6",1,5.32473131721548,4
"ARHGEF26-AS1","ARHGEF26-AS1",4,5.37354336015791,4
"ZSCAN31","ZSCAN31",2,5.8488885502929,4
"ITGAM","ITGAM",1,5.16191459503884,4
"GMFG","GMFG",1,6.65072182421954,4
"COL24A1","COL24A1",2,4.47484506468799,4
"CD6","CD6",1,6.33856174388225,4
"RHOF","RHOF",4,4.97472124785852,4
"SORCS1","SORCS1",3,4.94260551080861,4
"CALML3-AS1","CALML3-AS1",3,4.64771656421901,4
"BANK1","BANK1",1,4.35083868425584,4
"AC011611.4","AC011611.4",1,5.62386863389886,4
"ESYT3","ESYT3",1,5.87647437181839,4
"RGS9","RGS9",4,4.64305065185602,4
"SILC1","SILC1",4,4.39617671195775,4
"EFCAB1","EFCAB1",1,6.21173261554089,4
"FAM24B","FAM24B",4,4.79952582242698,4
"EFNA3","EFNA3",4,5.952611022525,4
"AL109976.1","AL109976.1",2,4.8469965236826,4
"FOXO6-AS1","FOXO6-AS1",3,6.34340556810198,4
"NRGN","NRGN",4,4.48778221441775,4
"MN1","MN1",3,4.95715564176541,4
"ST8SIA1","ST8SIA1",1,7.45157476700774,4
"COL5A3","COL5A3",1,4.55266057322102,4
"CSNK2A3","CSNK2A3",4,4.9815971012015,4
"HIF3A","HIF3A",1,6.02428612526005,4
"AL354740.1","AL354740.1",3,4.93736374995932,4
"AC097634.1","AC097634.1",1,4.92799474597924,4
"GRAMD1B","GRAMD1B",1,4.64213495056292,4
"LINC02762","LINC02762",1,4.81203725484963,4
"P2RY10","P2RY10",1,5.18082828715332,4
"AC011447.7","AC011447.7",4,5.35865847715158,4
"CTXN1","CTXN1",4,7.34427739434209,4
"COL6A6","COL6A6",1,6.80556398698255,4
"ANKHD1-EIF4EBP3","ANKHD1-EIF4EBP3",3,4.69649510732537,4
"KIAA1257","KIAA1257",2,4.86842866887339,4
"CASC19","CASC19",1,4.6835668998343,4
"LINC01341","LINC01341",3,6.34516361693574,4
"SCN9A","SCN9A",1,5.68798696284298,4
"RAPGEF4","RAPGEF4",3,5.47218966518741,4
"C8orf37-AS1","C8orf37-AS1",2,5.35773271372297,4
"ARHGAP6","ARHGAP6",1,5.30688703451713,4
"LINC02560","LINC02560",1,4.97073545994815,4
"CPNE8","CPNE8",1,4.69177194499502,4
"MYB","MYB",3,8.6358538209313,4
"CENPU","CENPU",4,7.2064565025184,4
"RAMP2","RAMP2",3,5.27314126357866,4
"HOXC10","HOXC10",4,5.33481889727746,4
"FOXP4-AS1","FOXP4-AS1",4,6.47248806494363,4
"SOWAHB","SOWAHB",3,4.9069888751927,4
"FAM216A","FAM216A",4,5.08130092553977,4
"UNC13D","UNC13D",4,5.36484576187016,4
"LINC01994","LINC01994",1,4.7446067748388,4
"PIK3CD","PIK3CD",1,6.26419123623452,4
"TBX19","TBX19",1,6.00499386431951,4
"RASGRP3","RASGRP3",1,6.57815215665456,4
"CPED1","CPED1",1,5.41496586313648,4
"KCNMB1","KCNMB1",1,6.12808532214891,4
"FLT4","FLT4",1,4.6642219908858,4
"AC010136.1","AC010136.1",1,4.97173228392226,4
"BX284668.5","BX284668.5",3,5.54547340807065,4
"CLCN5","CLCN5",4,5.77018794574624,4
"AC103760.1","AC103760.1",3,5.79237439108686,4
"GPR88","GPR88",3,5.22519050329874,4
"AC005674.2","AC005674.2",1,5.2462461578349,4
"CABP4","CABP4",3,6.27690495802177,4
"ZNF300","ZNF300",1,5.00810341566657,4
"AL390719.1","AL390719.1",3,5.2358825666607,4
"ANKRD36B","ANKRD36B",3,5.2200793999181,4
"PREX1","PREX1",3,8.36709363359204,4
"PRRG1","PRRG1",4,5.05620593961669,4
"PDCD2L","PDCD2L",4,5.50994234756078,4
"EIF5A","EIF5A",4,5.26937159702992,4
"AC084740.1","AC084740.1",3,5.33404750978396,4
"GIMAP6","GIMAP6",1,5.66076417164398,4
"ADAMTSL4","ADAMTSL4",1,5.37395182466065,4
"AC127024.4","AC127024.4",3,4.74071423242719,4
"EEPD1","EEPD1",1,5.69439632420945,4
"GPR89A","GPR89A",4,5.47683582356571,4
"SLC29A4","SLC29A4",4,6.5316917354655,4
"NLRP1","NLRP1",1,6.09442038804781,4
"FCMR","FCMR",1,5.19738350762366,4
"STMN2","STMN2",1,4.65354549612647,4
"PAX2","PAX2",3,5.90583171444373,4
"SLC9A5","SLC9A5",2,5.25627238976764,4
"PART1","PART1",1,4.90971204121326,4
"PAQR5","PAQR5",4,6.0480449462819,4
"SRPX2","SRPX2",1,4.825139501574,4
"LGALS2","LGALS2",1,6.0110591566283,4
"AL021578.1","AL021578.1",1,5.08728353994595,4
"SCARNA5","SCARNA5",3,6.91333090666393,4
"DYNLRB2","DYNLRB2",3,6.54387027668459,4
"SKAP1","SKAP1",1,5.01875953388419,4
"AC027117.1","AC027117.1",1,4.76843565275859,4
"EPDR1","EPDR1",1,5.47285910026765,4
"C5orf49","C5orf49",3,5.9034941612626,4
"CHIC1","CHIC1",3,4.81610960609823,4
"COL4A4","COL4A4",1,5.4745771921969,4
"PCED1B-AS1","PCED1B-AS1",1,5.3576272796922,4
"P4HTM","P4HTM",3,5.43172863549129,4
"RPP25","RPP25",4,5.09284832312392,4
"RGL3","RGL3",3,6.19350632038821,4
"ENPP5","ENPP5",3,6.08545619852604,4
"SYNC","SYNC",3,5.79452772431338,4
"MAP6","MAP6",1,5.25589878227854,4
"TMEM220","TMEM220",1,6.37757118436526,4
"HTR1F","HTR1F",3,5.3192119239892,4
"PRSS22","PRSS22",4,5.16674788416927,4
"AC008875.3","AC008875.3",1,5.27706494152386,4
"AC091544.4","AC091544.4",2,4.7136360231658,4
"APOL1","APOL1",1,5.25087292005108,4
"SOCS1","SOCS1",1,5.27022488442696,4
"TTLL9","TTLL9",3,6.52899563599458,4
"GPC4","GPC4",4,5.30125921171421,4
"AMER1","AMER1",4,6.19963865429894,4
"GNAO1","GNAO1",3,4.86783879507418,4
"TSPY26P","TSPY26P",3,5.36949923359806,4
"NKD1","NKD1",4,4.58803047509494,4
"AC087854.1","AC087854.1",3,5.55269701011167,4
"CELF5","CELF5",1,5.64563196854426,4
"UGT2B281","UGT2B28",3,12.5935670366696,5
"UGT2B111","UGT2B11",3,12.9070881977323,5
"DHRS21","DHRS2",3,12.6772181758033,5
"AKR1B151","AKR1B15",3,11.9075120371044,5
"GSTM51","GSTM5",3,11.1352548236597,5
"FDCSP1","FDCSP",5,6.66786177295276,5
"C6orf2231","C6orf223",3,11.5697030466656,5
"ACSM11","ACSM1",3,11.5358850986824,5
"HPGD1","HPGD",3,11.9668007227393,5
"HMGCS21","HMGCS2",3,10.610768902628,5
"PGC1","PGC",3,10.4901200365261,5
"ABCC111","ABCC11",3,11.8362274670876,5
"CSN31","CSN3",5,5.36641235757681,5
"AKR1C21","AKR1C2",3,10.684496080882,5
"ALOX15B1","ALOX15B",3,11.2524458726622,5
"CPB11","CPB1",1,8.84807916678538,5
"PRAME1","PRAME",4,9.12339158405276,5
"SERHL21","SERHL2",3,11.1913339085595,5
"S100A71","S100A7",4,6.9065942719671,5
"TFF11","TFF1",1,11.7115758669274,5
"AKR1D11","AKR1D1",3,11.536382643424,5
"S100P1","S100P",4,9.12059293823544,5
"LINC025221","LINC02522",3,10.0605869553259,5
"PNLIPRP31","PNLIPRP3",3,11.5358591651171,5
"SLC26A31","SLC26A3",3,9.98947008337448,5
"SULT1C2P11","SULT1C2P1",3,10.774980169326,5
"CYP2B7P1","CYP2B7P",3,7.73836053275782,5
"LINC021691","LINC02169",3,11.3988228779082,5
"SPINK81","SPINK8",3,11.1572151444215,5
"TAT1","TAT",1,8.23901018133428,5
"LBP1","LBP",3,9.79557530942379,5
"IGHA21","IGHA2",5,9.68822713618835,5
"LALBA1","LALBA",5,5.34407180351783,5
"CXCL131","CXCL13",2,4.78971743577533,5
"TSPAN81","TSPAN8",3,9.76824977140014,5
"OPRPN1","OPRPN",5,6.43396054283448,5
"LINC010881","LINC01088",3,9.66541415676389,5
"LINC010871","LINC01087",1,12.2201056240072,5
"CRISP31","CRISP3",4,5.57082583886207,5
"LINC023031","LINC02303",3,9.57945299877494,5
"HPD1","HPD",3,10.6780725865352,5
"IGHG11","IGHG1",5,7.62585661959495,5
"CXCL101","CXCL10",4,8.08677132086198,5
"MUCL11","MUCL1",3,9.65620118451672,5
"LINC024871","LINC02487",4,7.72684471638508,5
"SORD1","SORD",3,10.3346301608665,5
"KCNC21","KCNC2",1,9.71105622766927,5
"FABP71","FABP7",3,7.70744120818808,5
"LINC006241","LINC00624",3,10.6451425449701,5
"IGHG41","IGHG4",5,6.49490022694664,5
"CHST12","CHST1",3,10.1202390142625,5
"PIP1","PIP",3,8.95516791907312,5
"ABCC121","ABCC12",3,10.6589237696251,5
"PTHLH1","PTHLH",1,8.25952222976247,5
"SERHL1","SERHL",3,9.44591156256152,5
"GLRA31","GLRA3",1,8.66977773724835,5
"THRSP1","THRSP",3,8.76653420338249,5
"MTND3P191","MTND3P19",3,3.79094457703191,5
"MYOM21","MYOM2",3,9.35979814698864,5
"MUC61","MUC6",1,7.68556506723919,5
"SCGB1A11","SCGB1A1",3,6.78470671919861,5
"CLCA21","CLCA2",3,9.10972352336349,5
"AC122713.21","AC122713.2",3,10.0734962800219,5
"WIF11","WIF1",1,7.58033133017093,5
"CSN1S11","CSN1S1",5,5.79923052438702,5
"EN11","EN1",4,8.41736590498014,5
"IGHM1","IGHM",5,9.20062054736774,5
"DDC1","DDC",3,9.84422307180696,5
"CYP4Z11","CYP4Z1",1,6.48442119087513,5
"LINC015111","LINC01511",3,9.95056822744302,5
"MTND1P231","MTND1P23",4,4.82847454637785,5
"S100A81","S100A8",4,6.19343870164233,5
"UCHL11","UCHL1",4,8.75240750809385,5
"AL033397.21","AL033397.2",3,9.69662962914595,5
"MSLN1","MSLN",4,7.68602394569314,5
"CPHL1P1","CPHL1P",3,8.05342865613779,5
"SOX111","SOX11",4,9.14946698043812,5
"AC092069.11","AC092069.1",2,14.3656965284114,5
"TFPI21","TFPI2",1,7.27859449506669,5
"TFF31","TFF3",1,9.53649008188051,5
"CDH191","CDH19",2,5.71990240349671,5
"CXCL91","CXCL9",4,5.83853979537656,5
"ARHGAP361","ARHGAP36",1,7.73113665595083,5
"ABCA121","ABCA12",3,9.82734649908628,5
"IGHA11","IGHA1",5,11.7846440962681,5
"LINC016671","LINC01667",4,7.17723981257663,5
"HORMAD11","HORMAD1",4,7.91192968174743,5
"ALB1","ALB",1,6.81324326777318,5
"AC092071.11","AC092071.1",3,6.7356805870932,5
"AC092325.11","AC092325.1",3,9.04345470732935,5
"SCGB1D21","SCGB1D2",1,7.55294657662633,5
"ART31","ART3",4,8.38769577050708,5
"OLFM41","OLFM4",5,8.43233719400376,5
"ENPP31","ENPP3",3,9.35398301777983,5
"SERPINA61","SERPINA6",1,8.06892463352176,5
"CALML51","CALML5",4,7.18301271560775,5
"ADGRD21","ADGRD2",1,8.48376642156066,5
"AGR31","AGR3",1,12.5526912212396,5
"DSG11","DSG1",5,7.60890346463474,5
"HLA-DRB51","HLA-DRB5",4,4.75675862894065,5
"KIF1A1","KIF1A",4,8.06913412481083,5
"IGLC21","IGLC2",5,8.92678705930009,5
"TCN11","TCN1",5,6.45167099167861,5
"PLA2G2A1","PLA2G2A",2,4.83386285335672,5
"CLEC3A1","CLEC3A",1,6.66096698403046,5
"PIGR1","PIGR",5,11.7990685249581,5
"NXPH41","NXPH4",3,8.13196612614048,5
"SCGB2A11","SCGB2A1",1,5.66529719808008,5
"IGSF11","IGSF1",1,7.78954822662793,5
"SDR16C51","SDR16C5",3,9.18466562557456,5
"MUC161","MUC16",4,7.22330021844575,5
"CXCL171","CXCL17",3,5.87782922048208,5
"AC008440.11","AC008440.1",2,12.5972465050488,5
"ACADL1","ACADL",3,9.34005710630755,5
"FIBCD11","FIBCD1",3,9.7198925767546,5
"SIX31","SIX3",4,7.45066801468967,5
"CYP2A61","CYP2A6",1,5.54764913954573,5
"SCUBE31","SCUBE3",4,7.86424281700667,5
"PCAT181","PCAT18",3,8.08648843474181,5
"BMPR1B1","BMPR1B",1,7.10167840143011,5
"CNTNAP21","CNTNAP2",3,9.22506685213468,5
"GJB11","GJB1",3,9.40646674051714,5
"CDKN2A1","CDKN2A",4,9.18432754502672,5
"RBM201","RBM20",3,8.32198746408496,5
"CITED11","CITED1",1,8.3940023099663,5
"SCGB3A11","SCGB3A1",5,7.08819418727768,5
"GFRA11","GFRA1",1,10.5999435272544,5
"MUC5B1","MUC5B",4,8.08532594260787,5
"AL157387.11","AL157387.1",1,10.5135794820187,5
"CALB21","CALB2",4,7.91286653333256,5
"NPY2R1","NPY2R",1,8.47760842437323,5
"FABP41","FABP4",5,8.53838929917488,5
"AC008736.11","AC008736.1",3,8.81206532723155,5
"HBB1","HBB",5,6.68462549360831,5
"CYP4Z2P1","CYP4Z2P",3,9.55792026264692,5
"ST8SIA6-AS11","ST8SIA6-AS1",3,7.67622267086556,5
"CLIC61","CLIC6",1,5.78176685341011,5
"CYP4F81","CYP4F8",3,5.97452130179468,5
"IDO11","IDO1",4,6.69299456513132,5
"SBSN1","SBSN",4,6.903051027397,5
"SCGB2A21","SCGB2A2",1,7.950680890684,5
"FCN21","FCN2",3,9.87718382117874,5
"SLC27A21","SLC27A2",3,8.08352544777698,5
"POTEKP1","POTEKP",1,10.5275693421376,5
"GSTA11","GSTA1",4,5.85596212722744,5
"LCAL11","LCAL1",3,8.51638810958251,5
"CXCL111","CXCL11",4,7.20819474868204,5
"MMP91","MMP9",4,7.60864120987942,5
"ALKAL21","ALKAL2",5,8.48534067990316,5
"ME11","ME1",3,8.47433250685425,5
"LINC014361","LINC01436",2,6.69554974821799,5
"AC096996.21","AC096996.2",3,10.1118803222652,5
"KLK111","KLK11",4,5.11719768057754,5
"ODAM1","ODAM",2,5.65493532358557,5
"SCGN1","SCGN",3,8.81237614688411,5
"LY6D1","LY6D",2,5.45698073168421,5
"PPEF11","PPEF1",3,9.00727172213798,5
"SLC15A11","SLC15A1",4,5.84142994892148,5
"PLAC9P11","PLAC9P1",1,10.5023541554251,5
"AFP1","AFP",1,8.50202358011029,5
"AC025062.31","AC025062.3",3,9.25464638930381,5
"PI31","PI3",5,7.91698716567942,5
"KCNE41","KCNE4",3,6.88304652746772,5
"LINC009931","LINC00993",1,11.3032683958666,5
"COL2A11","COL2A1",4,5.77750618702318,5
"PON31","PON3",3,8.84565970434738,5
"SULT1C31","SULT1C3",3,9.41254017400905,5
"KYNU1","KYNU",3,9.50678426624277,5
"NPY1R1","NPY1R",1,6.29320465936462,5
"CRABP11","CRABP1",5,6.52449941739911,5
"TMEM161BP11","TMEM161BP1",1,10.1853771006868,5
"PIEZO21","PIEZO2",1,8.18928210146707,5
"SHISA21","SHISA2",1,6.79746901017088,5
"A2ML11","A2ML1",4,8.03665339177606,5
"UBE2C1","UBE2C",4,10.2193396165712,5
"EREG1","EREG",1,7.82034042969517,5
"MTND3P101","MTND3P10",2,4.38421147820588,5
"NCCRP11","NCCRP1",4,7.37473662485011,5
"AC024940.21","AC024940.2",4,5.64303240937231,5
"MRPS30-DT1","MRPS30-DT",1,9.8604022610167,5
"MYBPC11","MYBPC1",3,6.81445845275084,5
"LINC022661","LINC02266",3,9.22045599112116,5
"KRT811","KRT81",4,6.44293170868104,5
"CTHRC11","CTHRC1",4,8.45012592541012,5
"SIGLEC151","SIGLEC15",3,6.85120723861243,5
"AQP51","AQP5",5,6.96923166548916,5
"NANOGP11","NANOGP1",3,8.91853358689294,5
"AP002001.11","AP002001.1",3,9.37427662077367,5
"CLDN101","CLDN10",5,6.13404494643556,5
"H4C81","H4C8",3,8.68120418030099,5
"KAZN-AS11","KAZN-AS1",3,9.1058699375184,5
"PGR1","PGR",1,11.0970954634798,5
"SRARP1","SRARP",1,7.85496921815869,5
"CALML31","CALML3",1,8.2031192398927,5
"MYBL21","MYBL2",4,9.88824597412454,5
"HGD1","HGD",3,8.24245639520212,5
"PLAAT21","PLAAT2",3,9.02107630490492,5
"UGT2B71","UGT2B7",3,8.45744590202308,5
"AC100826.11","AC100826.1",3,8.53238092460622,5
"FOXM11","FOXM1",4,10.0821811222351,5
"ANKRD30A1","ANKRD30A",1,11.2412094891507,5
"FNDC11","FNDC1",4,7.95042455272465,5
"B3GAT11","B3GAT1",3,8.06789530766433,5
"IGLC31","IGLC3",5,7.5109697621683,5
"SYCP11","SYCP1",3,8.44652424815681,5
"TMEM261","TMEM26",1,10.31039793669,5
"GRIK1-AS11","GRIK1-AS1",1,9.10964299708156,5
"MMP111","MMP11",4,8.97139809674528,5
"AC093001.11","AC093001.1",3,9.21771045498349,5
"GNMT1","GNMT",3,9.06194840990221,5
"ADRA2A1","ADRA2A",3,7.60041744376278,5
"VGLL11","VGLL1",4,7.11837941621121,5
"MYEOV1","MYEOV",5,8.35609283880986,5
"TDRD121","TDRD12",2,5.18223178719192,5
"CEACAM61","CEACAM6",4,6.22488292971001,5
"ELOVL21","ELOVL2",1,9.85347355911869,5
"CUX21","CUX2",3,8.69006877130432,5
"HAAO1","HAAO",3,9.48268080171976,5
"DEFB11","DEFB1",4,5.26110609982799,5
"VN1R53P1","VN1R53P",1,9.98493578040512,5
"CLSTN21","CLSTN2",1,10.5773307400299,5
"CP1","CP",4,5.0443281679509,5
"AL033523.11","AL033523.1",3,8.88827388317551,5
"ABCC21","ABCC2",3,9.26251206170911,5
"MSMB1","MSMB",3,8.15252563708948,5
"KRT161","KRT16",4,7.67544760854465,5
"TTC361","TTC36",3,7.92057311702943,5
"WFDC21P1","WFDC21P",4,7.28755519572479,5
"ATP1A21","ATP1A2",3,7.25457268467356,5
"JCHAIN1","JCHAIN",5,11.2761240052671,5
"LINC025411","LINC02541",3,8.4740637261818,5
"AC100801.11","AC100801.1",3,6.59384806237472,5
"PI151","PI15",1,8.44082068081725,5
"CHIT11","CHIT1",1,4.66244423947687,5
"MAB21L41","MAB21L4",3,6.94972969846379,5
"CSN21","CSN2",5,5.12671630525314,5
"ALOX151","ALOX15",3,8.70932585034594,5
"NAT21","NAT2",3,9.46079456125186,5
"AGT1","AGT",4,7.28791303350978,5
"ELOVL71","ELOVL7",3,8.11713454328065,5
"AP004608.11","AP004608.1",3,7.63001100264694,5
"VSTM2L1","VSTM2L",3,7.75813814346967,5
"NAT11","NAT1",1,9.82345895289715,5
"PPP4R41","PPP4R4",1,7.49467733162773,5
"CYP4X11","CYP4X1",1,7.1078604042081,5
"MT-TD1","MT-TD",4,7.23982120372688,5
"DNER1","DNER",4,5.82885915261798,5
"FAM3D1","FAM3D",5,8.54008665905566,5
"HOXA91","HOXA9",3,5.19019333530244,5
"GAL1","GAL",4,7.67676837639584,5
"PTX31","PTX3",5,5.29226730229056,5
"H2AC81","H2AC8",3,8.3467781707084,5
"AL391097.31","AL391097.3",2,9.50219845472617,5
"TMEM45B1","TMEM45B",3,8.4830294663493,5
"HRCT11","HRCT1",4,6.97487783618349,5
"CYP4F221","CYP4F22",1,6.67273600444546,5
"SERPINA51","SERPINA5",1,9.16005954868446,5
"GRP1","GRP",1,8.63156418061778,5
"KMO1","KMO",3,8.47756815718281,5
"TMSB15A1","TMSB15A",4,7.62636078233143,5
"DIO21","DIO2",3,6.69621098449436,5
"AP005233.21","AP005233.2",5,8.4634468034016,5
"CDC201","CDC20",4,10.0639863289837,5
"NEK21","NEK2",4,10.1259914885117,5
"RN7SL314P1","RN7SL314P",1,8.53822461069069,5
"PNMT1","PNMT",3,6.11928813685876,5
"LCN21","LCN2",5,6.58965076908563,5
"OBP2B1","OBP2B",4,6.46270962893816,5
"SNORD3A1","SNORD3A",4,7.3712954125023,5
"PHGR11","PHGR1",1,7.86460827441888,5
"FGG1","FGG",1,4.62522683157331,5
"DKK11","DKK1",4,7.45011963229293,5
"LINC012521","LINC01252",3,7.71592955362068,5
"COL22A11","COL22A1",4,6.64831772807324,5
"ADH1C1","ADH1C",3,8.87601901945186,5
"C2CD4A1","C2CD4A",1,5.41721381162952,5
"LDHD1","LDHD",3,8.86414288508356,5
"Z82215.11","Z82215.1",2,11.9712348021332,5
"AP000892.41","AP000892.4",5,9.00502957584615,5
"IQGAP31","IQGAP3",4,10.0360961067518,5
"UGT2B151","UGT2B15",1,7.66065611050649,5
"SOX81","SOX8",5,5.83474502360324,5
"AC022784.11","AC022784.1",4,7.21801458230177,5
"LRG11","LRG1",3,7.15933844257687,5
"ANKRD30B1","ANKRD30B",1,10.4435276294891,5
"FAR21","FAR2",3,8.05335679235858,5
"AL356804.11","AL356804.1",3,8.71328541916253,5
"TDRD11","TDRD1",3,7.07261749924161,5
"RNU5F-11","RNU5F-1",4,7.92284550238578,5
"CASP141","CASP14",4,6.79741951319668,5
"SMR3B1","SMR3B",1,4.27059360591667,5
"LINC024321","LINC02432",3,5.62969184262408,5
"FADS21","FADS2",4,6.93138518769969,5
"TMPRSS11E1","TMPRSS11E",3,7.49627646388521,5
"NPR31","NPR3",4,7.88180714528976,5
"TNFSF111","TNFSF11",3,4.45706765515073,5
"SNORC1","SNORC",5,9.02622650247527,5
"TESC1","TESC",1,7.79596784572768,5
"PGBD51","PGBD5",4,7.48428051516669,5
"LINC011981","LINC01198",5,8.06297636260655,5
"SLCO1B11","SLCO1B1",3,8.23657021657188,5
"AC073114.11","AC073114.1",1,7.53147238578599,5
"GP21","GP2",1,7.72954731742386,5
"FOXCUT1","FOXCUT",4,7.59021525523229,5
"PRR271","PRR27",4,5.66845483332052,5
"H2AC111","H2AC11",3,8.15607744085753,5
"HLA-DRB61","HLA-DRB6",4,4.69917642101447,5
"EDN31","EDN3",1,6.10507196288736,5
"SERPINA111","SERPINA11",1,9.93241607058908,5
"LUZP21","LUZP2",1,7.17397785269173,5
"BRINP31","BRINP3",3,7.98969603662122,5
"TMEM2131","TMEM213",5,8.5477068889747,5
"TPX21","TPX2",4,9.74974948650459,5
"TMEM1581","TMEM158",4,7.1123318290544,5
"MT-TK1","MT-TK",5,5.11077930979226,5
"DCDC21","DCDC2",1,8.57116962046826,5
"FAM83D1","FAM83D",4,9.72915555541053,5
"HOXB61","HOXB6",3,5.2472748777379,5
"KRT6A1","KRT6A",4,6.929447094156,5
"CENPA1","CENPA",4,9.84848943265184,5
"FMO31","FMO3",4,4.65364073268992,5
"NUF21","NUF2",4,9.48572928023414,5
"ZNF350-AS11","ZNF350-AS1",3,6.20740527839064,5
"APCDD1L1","APCDD1L",5,8.19145931236473,5
"LINC018331","LINC01833",4,7.86054975314857,5
"AURKB1","AURKB",4,9.68017467733299,5
"CCDC1411","CCDC141",3,7.3538176218212,5
"ASPM1","ASPM",4,9.95809282159568,5
"LYPD61","LYPD6",1,10.3668465917567,5
"KIF4A1","KIF4A",4,9.72087489353743,5
"SAA21","SAA2",5,8.76865563163249,5
"MARCO1","MARCO",4,6.28715750088128,5
"AC104984.41","AC104984.4",2,11.8766559905926,5
"FBN31","FBN3",4,7.42172637471974,5
"C5orf461","C5orf46",4,6.99273759086512,5
"S100A21","S100A2",4,6.56328823140041,5
"CDCA71","CDCA7",4,8.79727422103321,5
"GRIK31","GRIK3",1,7.77718628688522,5
"PCSK1N1","PCSK1N",4,7.10370628499511,5
"CECR21","CECR2",3,8.1755438582976,5
"FAR2P11","FAR2P1",1,7.7155799448977,5
"ESR11","ESR1",1,10.7933185729897,5
"LINC015541","LINC01554",5,6.4420092473444,5
"AGR21","AGR2",1,11.7094062962165,5
"DLX51","DLX5",4,6.71587684968202,5
"ROPN1B1","ROPN1B",5,7.92080816103548,5
"MPV17L1","MPV17L",3,9.10113043357184,5
"SCGB1B2P1","SCGB1B2P",1,6.67065507356125,5
"CAPN61","CAPN6",5,7.06576438504385,5
"MT1G1","MT1G",4,5.99576574142097,5
"ATP13A51","ATP13A5",3,7.70415792791369,5
"KLK71","KLK7",5,6.38223452264622,5
"IGHG31","IGHG3",5,6.6686916951241,5
"ZIC11","ZIC1",4,7.41140384750887,5
"CEP551","CEP55",4,9.83795956266938,5
"MELK1","MELK",4,9.51787652033848,5
"TNNT11","TNNT1",4,7.20513918121397,5
"CLPSL11","CLPSL1",3,6.46249913007251,5
"KLHDC7B1","KLHDC7B",4,6.24757798421535,5
"TDRD91","TDRD9",3,5.64537216938898,5
"KLK61","KLK6",5,6.18581793287053,5
"AC023509.21","AC023509.2",3,8.06898922843475,5
"EXTL11","EXTL1",4,5.25233232145843,5
"NDNF1","NDNF",3,8.10124980001659,5
"SLC5A81","SLC5A8",4,5.99586116728287,5
"DIO31","DIO3",3,7.12596673985771,5
"FGFR31","FGFR3",4,7.00095424578146,5
"DCD1","DCD",1,5.62341078491478,5
"ALDH3B21","ALDH3B2",3,8.3830817385366,5
"AKR1C31","AKR1C3",3,7.09372661071027,5
"C16orf891","C16orf89",1,8.81847170220512,5
"NEK101","NEK10",1,9.68602745841293,5
"BIRC51","BIRC5",4,7.84428960517799,5
"C2CD4B1","C2CD4B",3,6.4404809866317,5
"DEPDC11","DEPDC1",4,9.36735786918239,5
"FBN21","FBN2",4,4.8432990584786,5
"HBA11","HBA1",5,6.19850076573539,5
"AC099508.11","AC099508.1",3,8.40575574419924,5
"COL11A11","COL11A1",4,6.71103957683384,5
"ADAMTS151","ADAMTS15",1,10.2712051886561,5
"NRN11","NRN1",4,5.45053044616829,5
"OTX11","OTX1",4,8.4268244025345,5
"FSIP21","FSIP2",3,6.06572044445432,5
"KIF2C1","KIF2C",4,9.73219431844482,5
"ZNF385B1","ZNF385B",1,7.0151744060036,5
"AL121790.11","AL121790.1",1,6.31806067855977,5
"COL10A11","COL10A1",4,7.28758204077758,5
"GRIA21","GRIA2",5,4.87045187403309,5
"RSAD21","RSAD2",4,7.6795137426888,5
"ARHGAP401","ARHGAP40",1,8.06551927849981,5
"KLHDC7A1","KLHDC7A",1,7.83923670766311,5
"GJB21","GJB2",4,7.51236190252615,5
"ACSM31","ACSM3",3,6.95849346632761,5
"AP000851.11","AP000851.1",5,9.09660073206119,5
"RPL101","RPL10",4,5.86169934313114,5
"MAEL1","MAEL",2,5.93094058633808,5
"TNFRSF11B1","TNFRSF11B",1,5.6039166764133,5
"SLC13A21","SLC13A2",5,9.58160294133701,5
"GLYATL21","GLYATL2",4,5.12845910471796,5
"RN7SL674P1","RN7SL674P",1,9.49746841737192,5
"CBX21","CBX2",4,8.65515093069119,5
"AC025154.21","AC025154.2",4,5.63387594171922,5
"GBP51","GBP5",4,5.67362367399417,5
"SLC25A181","SLC25A18",3,9.18195929369219,5
"GRIA41","GRIA4",5,6.48548577016127,5
"PTTG11","PTTG1",4,9.56889647346181,5
"LY6K1","LY6K",4,7.16966061532991,5
"C71","C7",5,8.68392259664727,5
"AC008459.11","AC008459.1",5,6.0140134378432,5
"LINC019561","LINC01956",4,7.61572920315201,5
"PTGS21","PTGS2",5,7.16278563448041,5
"SLC28A31","SLC28A3",5,8.48182684047248,5
"CHAD1","CHAD",1,7.63603473929025,5
"LAMP31","LAMP3",4,6.71649656000042,5
"RIMS21","RIMS2",3,7.0370719011771,5
"AC119673.31","AC119673.3",4,5.24538521904781,5
"ANLN1","ANLN",4,9.64682964371359,5
"RET1","RET",1,6.62175721112478,5
"NXNL21","NXNL2",1,9.74160202148072,5
"NOVA11","NOVA1",1,8.68833607376678,5
"IGF2BP31","IGF2BP3",4,6.15664006097037,5
"SPTSSB1","SPTSSB",1,5.80111876393554,5
"GDF151","GDF15",3,6.09460735328589,5
"AK51","AK5",1,7.88195594663516,5
"DLGAP51","DLGAP5",4,9.21277631972286,5
"SLC34A21","SLC34A2",5,8.75962925020329,5
"IL321","IL32",4,6.77507944444732,5
"DLK11","DLK1",5,6.41463347371307,5
"CAPN81","CAPN8",1,10.7551590811473,5
"GBP41","GBP4",4,5.61359715571828,5
"VSIG10L21","VSIG10L2",1,8.18922922791212,5
"CELF41","CELF4",4,8.00617465799685,5
"CRYBB21","CRYBB2",5,4.26476454201172,5
"ACKR21","ACKR2",4,6.32553472697746,5
"CEL1","CEL",4,5.99868211388411,5
"SNTG2-AS11","SNTG2-AS1",3,5.61631015102538,5
"LINC026071","LINC02607",5,6.1590270013015,5
"PITX11","PITX1",4,9.27938665428576,5
"CXCL21","CXCL2",5,9.88304267505163,5
"COL11A21","COL11A2",4,6.73567795512235,5
"KLHL311","KLHL31",3,7.37700177213139,5
"FOXI11","FOXI1",5,7.62397473863757,5
"RIMS11","RIMS1",3,6.92606455714825,5
"KLK101","KLK10",5,6.4158727983903,5
"HJURP1","HJURP",4,9.56188282037698,5
"FUT31","FUT3",3,6.19992224950744,5
"AC010280.11","AC010280.1",3,9.21717662240198,5
"IYD1","IYD",3,8.04360857251241,5
"MMP71","MMP7",5,8.63997236625673,5
"FMO51","FMO5",3,7.91255740572762,5
"GATA3-AS11","GATA3-AS1",1,9.0977395229308,5
"FYB21","FYB2",1,8.89855770745309,5
"MTCYBP131","MTCYBP13",2,5.95006489539024,5
"PRSS211","PRSS21",4,5.28082802771349,5
"HSPB81","HSPB8",1,8.23881666425742,5
"CLGN1","CLGN",1,7.15374355376658,5
"EEF1A21","EEF1A2",1,8.80775968860652,5
"AC008268.11","AC008268.1",1,7.55598648940126,5
"TSPAN11","TSPAN1",1,9.37959478855149,5
"CADM31","CADM3",1,6.07975404366857,5
"OLAH1","OLAH",4,5.92145866685749,5
"FGB1","FGB",1,4.88628370500598,5
"SULT1C41","SULT1C4",5,5.6074602516154,5
"ONECUT21","ONECUT2",4,6.49384055969112,5
"COL4A61","COL4A6",1,7.6200523367417,5
"PTN1","PTN",1,7.23122733208688,5
"TRIM361","TRIM36",3,8.0268160544393,5
"KIF20A1","KIF20A",4,9.40888896294671,5
"ECRG41","ECRG4",5,7.79187962187864,5
"SPAG171","SPAG17",1,7.68051062414837,5
"CDCA51","CDCA5",4,9.20591369666046,5
"AC137932.31","AC137932.3",2,12.5996334175988,5
"IFI44L1","IFI44L",4,6.00783926327608,5
"SLITRK61","SLITRK6",1,8.01193758687526,5
"MAOA1","MAOA",3,6.22933634172094,5
"GSDMC1","GSDMC",4,6.97549448723203,5
"FOXD11","FOXD1",4,7.20088348580963,5
"RPL10P91","RPL10P9",4,5.20851739270842,5
"AC106045.11","AC106045.1",3,7.35585942095098,5
"CXCL81","CXCL8",4,6.08882052185938,5
"WNK41","WNK4",1,9.75634822520932,5
"ACSBG11","ACSBG1",2,6.57487567393247,5
"CRLF11","CRLF1",4,6.69288736425028,5
"PKMYT11","PKMYT1",4,9.54878795868651,5
"ADGRL31","ADGRL3",1,5.916859597745,5
"C2orf721","C2orf72",3,6.36487739412792,5
"AADAT1","AADAT",3,7.08663170738396,5
"ATP6V1C21","ATP6V1C2",4,6.16273336407208,5
"FAM111B1","FAM111B",4,8.97311169459896,5
"PBK1","PBK",4,8.68314429958377,5
"MCM101","MCM10",4,9.18044194620702,5
"GRB141","GRB14",4,7.35079204093451,5
"GNG41","GNG4",4,7.04938873404317,5
"HOXB51","HOXB5",1,4.794853919078,5
"NLRP21","NLRP2",4,5.80545890401686,5
"SMYD11","SMYD1",5,5.93843559767759,5
"LRP21","LRP2",1,9.0554550659534,5
"ADH1B1","ADH1B",5,8.31384158605669,5
"AC021066.11","AC021066.1",4,6.63499388044903,5
"NFE41","NFE4",2,5.75271449428061,5
"LINC011331","LINC01133",4,7.74586480747265,5
"H2BC41","H2BC4",3,7.78418337155652,5
"NDUFA4L21","NDUFA4L2",4,5.1599510418447,5
"GABRB31","GABRB3",3,6.01356332392784,5
"DRAIC1","DRAIC",3,6.93709923854261,5
"MKI671","MKI67",4,9.21388446111817,5
"XDH1","XDH",5,5.59071368995855,5
"NCAM11","NCAM1",5,6.12379432710799,5
"ASCL21","ASCL2",3,7.36895447774473,5
"QPCT1","QPCT",4,6.67703206016377,5
"LOXL41","LOXL4",5,7.99742389214102,5
"FAM3B1","FAM3B",5,7.47862864982233,5
"LIN7A1","LIN7A",1,6.70481640040606,5
"LIF1","LIF",5,5.51369867584074,5
"SLCO1A21","SLCO1A2",5,6.60744706631645,5
"DACH11","DACH1",1,9.97935067177633,5
"ADCY11","ADCY1",1,8.04217187780042,5
"GLYATL11","GLYATL1",3,6.32962995026564,5
"FTCD1","FTCD",3,5.61048194445347,5
"TRABD2B1","TRABD2B",5,7.00572355477612,5
"AFAP1-AS11","AFAP1-AS1",4,6.65593670575536,5
"FOXC21","FOXC2",5,5.95770615127739,5
"SECTM11","SECTM1",4,7.29457127910158,5
"KRT141","KRT14",5,8.72633627818392,5
"ARNTL21","ARNTL2",4,7.3709962685058,5
"PLPPR31","PLPPR3",1,8.89745441305875,5
"BMP71","BMP7",4,6.56154254031489,5
"FGF101","FGF10",5,5.95977232054567,5
"CAPN131","CAPN13",3,7.36209606990723,5
"ATP13A41","ATP13A4",3,7.84718874073639,5
"SIM21","SIM2",4,7.81282455076459,5
"RRM21","RRM2",4,9.20599298011582,5
"HEPACAM21","HEPACAM2",1,8.28913509688347,5
"HOXA101","HOXA10",3,5.12498753344462,5
"DNALI11","DNALI1",1,9.46436740277641,5
"RARRES11","RARRES1",5,7.54722218798867,5
"ABCC81","ABCC8",1,8.44241671498718,5
"GABRE1","GABRE",3,6.43711857678957,5
"COL9A31","COL9A3",4,6.57091730431944,5
"DSG31","DSG3",5,6.69556292710996,5
"POU3F31","POU3F3",2,4.94119800937254,5
"AREG1","AREG",1,9.46119604665749,5
"SOSTDC11","SOSTDC1",5,7.40708757136335,5
"AC093866.11","AC093866.1",1,6.11911154425099,5
"CDH21","CDH2",4,5.59991932748343,5
"SLC6A141","SLC6A14",5,8.35877908640095,5
"S100A91","S100A9",4,5.40431875565016,5
"CACNA1H1","CACNA1H",1,6.1424237370272,5
"CA5BP11","CA5BP1",4,5.59283435137364,5
"APOD1","APOD",3,8.47945684525262,5
"KLK51","KLK5",5,6.57049347221909,5
"CDK11","CDK1",4,9.49093046819846,5
"MAP7D21","MAP7D2",4,6.72353852769213,5
"LINC005041","LINC00504",1,10.3812034138931,5
"MSX21","MSX2",1,7.74150542484351,5
"SUSD31","SUSD3",1,9.54387242824006,5
"LTB1","LTB",5,5.75263551704392,5
"TMEM63C1","TMEM63C",3,7.86200319943013,5
"GABBR21","GABBR2",4,6.75953759975229,5
"H2BC91","H2BC9",4,6.29568238180098,5
"TUBB2B1","TUBB2B",5,6.0504185184138,5
"PAMR11","PAMR1",5,8.84888491488477,5
"ERICH31","ERICH3",1,8.46866744613295,5
"DIO11","DIO1",1,5.94307408151974,5
"SERPINA12","SERPINA1",1,6.74303908933209,5
"LINC010181","LINC01018",3,7.89211477334885,5
"EAF21","EAF2",3,8.1083347860121,5
"SLC7A21","SLC7A2",1,9.32272793393005,5
"PPP1R14C1","PPP1R14C",4,5.97603974384949,5
"KIF141","KIF14",4,9.1182557542652,5
"SLC44A41","SLC44A4",1,8.74678980389778,5
"RFLNA1","RFLNA",5,4.88901956007157,5
"OLFML31","OLFML3",3,7.04235336802326,5
"CCNE11","CCNE1",4,8.59804729162867,5
"KANK41","KANK4",4,6.60582533607269,5
"FAM83A1","FAM83A",4,6.44166192059595,5
"LRRC151","LRRC15",4,6.94104380830965,5
"ATP6V0A41","ATP6V0A4",5,5.86741941886939,5
"MMP14","MMP1",4,6.69349382962181,5
"DGKI1","DGKI",1,4.61566764664917,5
"MFAP51","MFAP5",4,4.81035050642084,5
"CMPK21","CMPK2",4,7.18327038085144,5
"TTN1","TTN",3,7.31128954029777,5
"CHST81","CHST8",1,7.82086381506017,5
"SMIM311","SMIM31",3,5.95805652969086,5
"SLITRK41","SLITRK4",5,4.51259756063886,5
"MOGAT21","MOGAT2",3,7.71880621828558,5
"AL031777.21","AL031777.2",3,6.99193071228945,5
"CHRM31","CHRM3",4,5.64094061991569,5
"AC116407.11","AC116407.1",3,7.79095905786701,5
"SLC44A51","SLC44A5",3,6.12009447300789,5
"TERB21","TERB2",3,8.40681109435106,5
"INSYN2B1","INSYN2B",5,7.81113304918309,5
"SIX11","SIX1",3,6.20276795708681,5
"L1CAM1","L1CAM",4,6.5996964564842,5
"CLDN12","CLDN1",3,5.85505274425373,5
"SCUBE21","SCUBE2",1,9.763313263111,5
"Z95114.11","Z95114.1",3,6.72478743344025,5
"ELN1","ELN",4,6.27744704366628,5
"ZBTB161","ZBTB16",3,7.04188755200549,5
"CCNB21","CCNB2",4,9.30524483039631,5
"SNORA2B1","SNORA2B",4,5.33194580375995,5
"IFIT11","IFIT1",4,6.19816813629271,5
"ALX41","ALX4",5,7.01280277008914,5
"ROPN11","ROPN1",5,7.88659025869092,5
"TINCR1","TINCR",4,8.0148388984255,5
"B3GALT51","B3GALT5",5,6.6590369294028,5
"SGO11","SGO1",4,8.88937985911099,5
"FGFR41","FGFR4",3,7.28947327332137,5
"VSIG21","VSIG2",1,7.297144003179,5
"ASPN1","ASPN",4,4.98464623084218,5
"LPL1","LPL",5,6.6352952907243,5
"LINC018191","LINC01819",5,6.86065003725714,5
"HOXB71","HOXB7",4,5.72516990256591,5
"CXCL12","CXCL1",5,6.32584451214408,5
"AKR7A31","AKR7A3",1,6.7030023599082,5
"SLC9A21","SLC9A2",3,6.96560569895957,5
"SLC2A141","SLC2A14",3,6.36770946698398,5
"SEMA6D1","SEMA6D",1,7.06227831056112,5
"SMC1B1","SMC1B",4,7.43140955595643,5
"IGF2BP21","IGF2BP2",5,8.22048728818452,5
"MUC151","MUC15",5,7.31699816736847,5
"BTNL91","BTNL9",5,6.82563329045617,5
"C2orf881","C2orf88",5,8.37834901101977,5
"EWSAT11","EWSAT1",1,9.31104714599581,5
"FGFBP11","FGFBP1",5,5.99449089995937,5
"NDC801","NDC80",4,8.92109178951808,5
"PLEKHG71","PLEKHG7",3,7.26257339525892,5
"SOCS31","SOCS3",5,7.4552743706819,5
"BUB1B1","BUB1B",4,9.16522014400702,5
"RAB3B1","RAB3B",3,7.16072951370168,5
"CADM21","CADM2",3,6.27430485064937,5
"DLGAP11","DLGAP1",1,4.99808995378817,5
"VCAM11","VCAM1",5,7.85563001075908,5
"RASD21","RASD2",4,7.05347628030431,5
"SLC5A111","SLC5A11",3,7.57995060638587,5
"HOXA10-AS1","HOXA10-AS",3,6.00252958885387,5
"TOB1-AS11","TOB1-AS1",3,8.38628652721679,5
"RAD51AP11","RAD51AP1",4,8.64471964813771,5
"PNLDC11","PNLDC1",4,4.84104289638703,5
"NOP56P31","NOP56P3",2,6.28671353544967,5
"KLK31","KLK3",1,5.26279504437453,5
"ANGPT11","ANGPT1",4,5.91937796373304,5
"SCRG11","SCRG1",4,5.19951131751052,5
"ANKRD20A11P1","ANKRD20A11P",1,6.89958176961293,5
"BMP51","BMP5",1,4.98253147013921,5
"MFSD4A1","MFSD4A",5,5.80927191170097,5
"SLC43A11","SLC43A1",3,7.43475252534426,5
"LRRC311","LRRC31",3,6.64043208235025,5
"AP002001.21","AP002001.2",3,8.60213373116688,5
"IGLC71","IGLC7",5,5.70312328210758,5
"HRK1","HRK",4,7.19688471029128,5
"MMP131","MMP13",4,6.85539421431295,5
"LINC025931","LINC02593",1,7.17333644364108,5
"AURKA1","AURKA",4,8.7515351686828,5
"OAS21","OAS2",4,6.55643762009603,5
"GUCY2D1","GUCY2D",3,7.71901571562414,5
"MMP121","MMP12",4,6.1327062578119,5
"H191","H19",4,4.58443156141471,5
"LINC012351","LINC01235",5,7.70909205832064,5
"BBOX11","BBOX1",5,9.07002932377285,5
"HLA-DQA21","HLA-DQA2",5,4.94965533617788,5
"HAS31","HAS3",5,7.33988133811285,5
"KIF18B1","KIF18B",4,9.19779772846452,5
"SLC38A41","SLC38A4",3,7.67985769051096,5
"DPT1","DPT",5,8.93515167912421,5
"RAMP31","RAMP3",1,6.35318545237473,5
"DTL1","DTL",4,9.03457910392193,5
"CST61","CST6",4,6.55119237917374,5
"GREB11","GREB1",1,10.0409107095184,5
"EGF1","EGF",5,7.34323748754188,5
"CDCA81","CDCA8",4,9.44590660674701,5
"LMO31","LMO3",4,5.74576072847525,5
"ABO1","ABO",5,5.9037173304062,5
"CENPW1","CENPW",4,8.46584933815651,5
"DCX1","DCX",5,6.21446717037962,5
"C4BPA1","C4BPA",5,8.23501927106398,5
"SGPP21","SGPP2",3,7.18605658597629,5
"C6orf151","C6orf15",4,5.62638661422293,5
"GPX21","GPX2",1,5.84502609957062,5
"CHI3L11","CHI3L1",5,7.00050716912011,5
"KCNK51","KCNK5",4,6.49871856518608,5
"CKS1B1","CKS1B",4,8.36122392645486,5
"DUOXA11","DUOXA1",3,6.10708737025945,5
"MED4-AS11","MED4-AS1",3,7.53038460851323,5
"CD361","CD36",3,6.39726665005528,5
"BEX11","BEX1",1,5.94203330723526,5
"LINC011391","LINC01139",4,5.86426118748018,5
"CCZ1B1","CCZ1B",4,6.95154622416793,5
"REEP61","REEP6",3,7.83999019942582,5
"B3GNT31","B3GNT3",5,6.33457374194374,5
"SPC241","SPC24",4,8.72324423521952,5
"SCARA51","SCARA5",5,9.01474252613198,5
"CHST91","CHST9",5,8.25130416502843,5
"CDCA31","CDCA3",4,9.22493923243656,5
"ABCC41","ABCC4",3,6.07992260523653,5
"CENPF1","CENPF",4,9.3762896846675,5
"HOTAIR1","HOTAIR",4,5.95186329038328,5
"NUDT81","NUDT8",3,8.06873850139599,5
"CCDC1701","CCDC170",1,10.1354604746341,5
"AC103718.11","AC103718.1",4,6.06698185863998,5
"NEURL31","NEURL3",5,8.35615480006963,5
"ADCYAP11","ADCYAP1",4,4.34613598399853,5
"PSCA1","PSCA",4,7.15846134633145,5
"CAPN111","CAPN11",5,7.04145846486873,5
"ZNF2081","ZNF208",1,6.94853044663753,5
"KRT6B1","KRT6B",5,6.73300320200686,5
"SLC12A11","SLC12A1",4,6.52480514246192,5
"ERBB41","ERBB4",1,9.35951840227165,5
"ADGRF11","ADGRF1",5,4.92478513217495,5
"PRR151","PRR15",1,7.83138341346992,5
"TMC51","TMC5",1,7.46522903690399,5
"CCL181","CCL18",4,4.90656233161055,5
"TBX11","TBX1",4,7.48879464587288,5
"SAA41","SAA4",5,8.00986655717988,5
"NCAPG1","NCAPG",4,9.06374998633094,5
"STEAP41","STEAP4",3,6.70019453374572,5
"AP006248.41","AP006248.4",1,7.57096153130826,5
"DIAPH31","DIAPH3",4,8.8037684483042,5
"TOP2A1","TOP2A",4,9.35467131975053,5
"PLK11","PLK1",4,9.28497855342944,5
"OXER11","OXER1",3,6.96860709402767,5
"FOXQ11","FOXQ1",2,5.66558623723933,5
"NRXN31","NRXN3",1,6.12694731306047,5
"CCL191","CCL19",5,5.97774174458622,5
"TPRG11","TPRG1",1,7.23224868216231,5
"CDC451","CDC45",4,8.63581000577471,5
"BUB11","BUB1",4,9.25413405733118,5
"PLP11","PLP1",4,4.92048244054872,5
"TFF21","TFF2",2,5.7476911658003,5
"CCNA21","CCNA2",4,8.93931958067494,5
"COLCA11","COLCA1",5,5.08012749342376,5
"STK32B1","STK32B",1,8.82058725310761,5
"MAGEA41","MAGEA4",2,6.33733464523006,5
"COL9A11","COL9A1",4,6.17855196594952,5
"PSAT11","PSAT1",4,7.87503284970357,5
"EYS1","EYS",3,7.73824790701582,5
"CHRD1","CHRD",1,7.49213309928693,5
"PPARGC1A1","PPARGC1A",4,5.0726266802636,5
"CDKN31","CDKN3",4,8.76835415532314,5
"MUC71","MUC7",5,4.75715035407189,5
"RCOR21","RCOR2",4,8.4434113515311,5
"NLGN4X1","NLGN4X",5,6.62798596999585,5
"ELAVL21","ELAVL2",4,6.53329048035211,5
"HOXB41","HOXB4",1,5.21279331582294,5
"PPP1R1A1","PPP1R1A",4,5.33452529825195,5
"MYBL11","MYBL1",4,7.90065016881523,5
"PI161","PI16",5,7.4872980624714,5
"UBE2T1","UBE2T",4,9.44888052553188,5
"ADM1","ADM",4,5.8689502931903,5
"FAIM21","FAIM2",3,6.69898808456572,5
"HS6ST21","HS6ST2",1,4.83945508608244,5
"PAX61","PAX6",4,6.10489886468825,5
"FLT31","FLT3",1,5.77991022170382,5
"AL117329.11","AL117329.1",4,6.35371516502012,5
"CAMP1","CAMP",4,5.91988935223849,5
"RP11","RP1",1,7.44642482282373,5
"POU2AF11","POU2AF1",5,7.72383241239859,5
"SEPTIN31","SEPTIN3",4,7.73210676985011,5
"RRAD1","RRAD",5,5.36267925631864,5
"CCNE21","CCNE2",4,8.90506925648436,5
"HOXC111","HOXC11",4,6.50144846690485,5
"AQP31","AQP3",3,7.15544159056498,5
"S100A11","S100A1",5,5.50415025296202,5
"E2F11","E2F1",4,9.23092563045421,5
"RANBP3L1","RANBP3L",1,6.30414778293808,5
"CCL51","CCL5",5,6.83072614148328,5
"BARX11","BARX1",4,6.39258803646661,5
"IL341","IL34",4,6.30959666370309,5
"AC009107.21","AC009107.2",2,11.5947791672891,5
"CDCA21","CDCA2",4,8.38511595089578,5
"AL359555.41","AL359555.4",4,6.61762043838907,5
"SOCS2-AS11","SOCS2-AS1",1,6.12945313923706,5
"ADAM21","ADAM2",3,8.48409487260479,5
"RAB6C-AS11","RAB6C-AS1",1,8.54108779213026,5
"IL331","IL33",5,8.53187131389348,5
"FOLR11","FOLR1",5,8.3821994448481,5
"IL4I11","IL4I1",4,6.52682580929437,5
"SHC41","SHC4",4,5.16144474368613,5
"PTGDS1","PTGDS",5,8.56585408693676,5
"STAG31","STAG3",4,6.13130855476075,5
"RMST1","RMST",1,7.25701009318531,5
"COMP1","COMP",4,6.31588400485446,5
"MZB11","MZB1",5,6.22786465472723,5
"PTCHD11","PTCHD1",5,8.42171699962165,5
"LYPD6B1","LYPD6B",1,9.3722714778243,5
"RND11","RND1",3,6.98885102058738,5
"AC099654.51","AC099654.5",2,6.39316157578579,5
"CACNG41","CACNG4",1,7.18913324723462,5
"SCNN1B1","SCNN1B",3,5.10094552946508,5
"GATA21","GATA2",3,5.43890561344142,5
"PTH2R1","PTH2R",4,5.91361885712168,5
"KIF151","KIF15",4,8.79072095730936,5
"CA41","CA4",3,7.10706059844019,5
"FOSB1","FOSB",5,6.80904207702093,5
"ST6GALNAC11","ST6GALNAC1",3,7.85920461484657,5
"PTPRT1","PTPRT",1,8.26643281517242,5
"CX3CR11","CX3CR1",5,6.92073322161969,5
"PLAAT51","PLAAT5",1,6.76646661767907,5
"HPX1","HPX",1,6.85549399721059,5
"LINC021881","LINC02188",5,8.23849218425671,5
"IGSF211","IGSF21",1,6.78277694505834,5
"NRXN11","NRXN1",1,5.17240757063167,5
"CES31","CES3",3,6.21503976396211,5
"CEROX11","CEROX1",5,7.95143238444807,5
"WNT41","WNT4",1,6.50911607788091,5
"IFIT31","IFIT3",4,6.49194641403612,5
"SMOC11","SMOC1",4,6.58171534686408,5
"PNPLA31","PNPLA3",4,5.70304173579589,5
"OGN1","OGN",5,5.88789255061342,5
"ADCY21","ADCY2",3,5.55328855779445,5
"AL355916.21","AL355916.2",3,8.02270707809095,5
"RTP41","RTP4",5,5.41825631976863,5
"NCAM21","NCAM2",1,7.45613227056774,5
"KRT231","KRT23",4,6.41484046975613,5
"CXCL51","CXCL5",5,7.40570989051531,5
"LINC025681","LINC02568",1,6.34800359457556,5
"LRRN31","LRRN3",1,6.07549886297581,5
"ISG151","ISG15",4,7.81221497424219,5
"ADD21","ADD2",4,7.34618423236753,5
"C5orf171","C5orf17",1,4.42911630291348,5
"CSTA1","CSTA",3,4.72602414592921,5
"TRIP131","TRIP13",4,9.11793694308868,5
"SNORA311","SNORA31",2,7.76786004700769,5
"ABCC61","ABCC6",3,6.30538223675856,5
"AC021148.31","AC021148.3",3,7.18275832529145,5
"SYTL51","SYTL5",1,8.36561676146015,5
"ZP21","ZP2",3,7.98848832735036,5
"MECOM1","MECOM",3,6.54930480312123,5
"AF001548.31","AF001548.3",5,7.58549613844791,5
"QPRT1","QPRT",3,6.67861705375355,5
"SRPK31","SRPK3",4,6.51707548965229,5
"TMCC31","TMCC3",3,7.2429105640815,5
"HEY21","HEY2",5,6.38159517883664,5
"AC012358.41","AC012358.4",3,7.77966146529073,5
"LINC027011","LINC02701",3,7.95513328782847,5
"C6orf1411","C6orf141",4,6.9825062851293,5
"ST6GALNAC51","ST6GALNAC5",5,5.2170138478158,5
"AC018865.31","AC018865.3",1,6.81678692284319,5
"MLC11","MLC1",4,5.78324355129653,5
"LINC024731","LINC02473",4,6.71457310393477,5
"HMGB1P111","HMGB1P11",3,7.95344853518915,5
"FSIP11","FSIP1",1,6.87759690241309,5
"LINC008621","LINC00862",1,5.9769140177245,5
"FRZB1","FRZB",1,5.95023265020633,5
"SLC14A11","SLC14A1",5,6.48504757419277,5
"NEURL11","NEURL1",4,6.4702107464341,5
"GFRA31","GFRA3",4,7.34216425021373,5
"KLRG21","KLRG2",4,7.49371414319841,5
"TYMS1","TYMS",4,9.20769269025391,5
"HPSE21","HPSE2",5,7.44143655709397,5
"ANGPTL41","ANGPTL4",5,7.09060470169401,5
"THBS21","THBS2",4,6.98753098712278,5
"NRIP31","NRIP3",1,8.79669429694397,5
"FAM107A1","FAM107A",5,5.25702689732073,5
"CDSN1","CDSN",1,6.08864471638131,5
"NTS1","NTS",1,5.3424510065284,5
"RNU6-195P1","RNU6-195P",2,8.78580992589898,5
"PCDHB31","PCDHB3",2,4.50859804218952,5
"FUT21","FUT2",4,6.03378090083918,5
"AC080013.41","AC080013.4",5,6.29764908085222,5
"CKAP2L1","CKAP2L",4,9.05791393425464,5
"UNC5A1","UNC5A",3,7.05413673885068,5
"CEACAM51","CEACAM5",4,5.76297935902207,5
"ZFP571","ZFP57",4,4.91103049717794,5
"PKP11","PKP1",5,7.23887304569922,5
"H3C101","H3C10",4,5.74312481831384,5
"LGR61","LGR6",5,6.14858637858316,5
"SPINK51","SPINK5",5,5.32575053086582,5
"IGDCC31","IGDCC3",1,7.47088655659265,5
"HSD17B21","HSD17B2",3,6.5247133479083,5
"POLQ1","POLQ",4,8.90908575347216,5
"EDN21","EDN2",4,7.25907764912705,5
"LINC006321","LINC00632",4,6.40404387350505,5
"ADAM331","ADAM33",5,8.47414776968975,5
"HOXB21","HOXB2",1,6.2406276842777,5
"ITIH21","ITIH2",1,6.66378564171267,5
"HAPLN11","HAPLN1",4,5.19925027988354,5
"SOCS21","SOCS2",1,6.17231385694376,5
"PWWP3B1","PWWP3B",1,7.2890322447041,5
"PCOLCE21","PCOLCE2",4,6.07662497939259,5
"PAPSS21","PAPSS2",3,7.55911609887951,5
"CNTFR1","CNTFR",4,5.80190185727745,5
"TCIM1","TCIM",1,6.28949929117407,5
"SULT1C21","SULT1C2",3,6.50522497265516,5
"PIMREG1","PIMREG",4,8.72660052077873,5
"LGALS121","LGALS12",3,6.52591867615936,5
"TTK1","TTK",4,8.31799194629835,5
"CDT11","CDT1",4,8.65466843340319,5
"SKA31","SKA3",4,8.57125215766125,5
"SFRP41","SFRP4",5,4.38939046731174,5
"TAC11","TAC1",5,6.43008480934283,5
"EGR31","EGR3",5,6.52490297839679,5
"HOXB31","HOXB3",1,6.54562867205883,5
"SPIB1","SPIB",4,5.29540819376115,5
"CD79A1","CD79A",5,7.69106104017738,5
"NGFR1","NGFR",5,7.51178639153095,5
"GSN-AS11","GSN-AS1",2,9.91382616039468,5
"SYT81","SYT8",5,6.24532623464822,5
"HERC2P31","HERC2P3",5,5.87000848110001,5
"EXO11","EXO1",4,8.77595113978213,5
"AC012349.11","AC012349.1",4,5.25459877860911,5
"IL7R1","IL7R",5,8.52487445396207,5
"APBA21","APBA2",4,6.64978954546897,5
"TRPM81","TRPM8",4,5.74933742132319,5
"H4C51","H4C5",3,5.61210703502965,5
"KCNJ161","KCNJ16",5,5.93894039085254,5
"RERGL1","RERGL",5,5.41664590062525,5
"SHOX21","SHOX2",3,6.73466746657188,5
"RYR21","RYR2",3,5.65692249470443,5
"LINP11","LINP1",4,4.71396806161833,5
"ABCG21","ABCG2",5,7.891688154603,5
"U62317.11","U62317.1",4,6.81097593106911,5
"SLC1A11","SLC1A1",1,4.97705802694567,5
"CLEC2L1","CLEC2L",4,6.28243002453875,5
"SYNPO2L1","SYNPO2L",3,5.21531921871825,5
"AP003119.31","AP003119.3",3,6.9563370148991,5
"MPZ1","MPZ",5,6.1564088449283,5
"PRC11","PRC1",4,8.96784002063991,5
"NRG11","NRG1",5,7.86220526176167,5
"CTSV1","CTSV",4,6.07523846936381,5
"ANKRD36BP21","ANKRD36BP2",4,5.0590477369772,5
"CYP4B11","CYP4B1",1,5.91169452298209,5
"CHI3L21","CHI3L2",4,5.86573603691838,5
"RNF1281","RNF128",5,6.20549127473017,5
"SAMD111","SAMD11",1,6.52242860845571,5
"PTGIS1","PTGIS",4,5.38962646431583,5
"SIM11","SIM1",4,6.14540098235386,5
"RMI21","RMI2",4,8.48932044051807,5
"RAD54L1","RAD54L",4,8.79687132547637,5
"AKR1C11","AKR1C1",5,4.85955319199318,5
"NSG11","NSG1",5,6.90661655251271,5
"TNN1","TNN",5,6.69398502404341,5
"IL17B1","IL17B",1,6.99422886002817,5
"C15orf481","C15orf48",1,7.29159648845913,5
"KIF26B1","KIF26B",4,6.42322530269637,5
"NKAIN11","NKAIN1",4,6.09722187435168,5
"DGAT21","DGAT2",4,7.76841826678921,5
"LINC012261","LINC01226",3,7.08639233762142,5
"C11orf961","C11orf96",5,5.34013729116494,5
"LEMD11","LEMD1",4,6.60809103711388,5
"PWP21","PWP2",4,6.67527495299306,5
"AC026124.11","AC026124.1",5,7.30257649230858,5
"DIRAS31","DIRAS3",1,6.88016687199286,5
"TROAP1","TROAP",4,9.0521573949795,5
"EMILIN31","EMILIN3",3,4.7832339660472,5
"SLC41A21","SLC41A2",3,7.34116421528709,5
"IFI441","IFI44",4,6.23991440177879,5
"EPSTI11","EPSTI1",5,6.03277603904858,5
"GINS11","GINS1",4,8.84459089230819,5
"AP000356.11","AP000356.1",3,7.52725276835031,5
"FUT61","FUT6",5,5.65413481393592,5
"EPHA71","EPHA7",5,5.36689845724435,5
"ZFP421","ZFP42",4,5.66083961535117,5
"FAM198B-AS11","FAM198B-AS1",1,7.99368440925241,5
"IL22RA21","IL22RA2",5,6.29379442316844,5
"AMTN1","AMTN",2,5.4841870560973,5
"TP631","TP63",5,8.86087473710504,5
"CCL3L31","CCL3L3",5,5.18155442989695,5
"GPC31","GPC3",5,7.98225760160432,5
"GPR121","GPR12",4,5.4448873979878,5
"NEFH1","NEFH",4,4.78982033205163,5
"PCDHB21","PCDHB2",4,5.35472101412848,5
"LINGO11","LINGO1",4,6.99150646838081,5
"C19orf811","C19orf81",1,5.29835237846769,5
"WNT61","WNT6",4,5.42253329909487,5
"PRELP1","PRELP",5,6.62257328080516,5
"MUC191","MUC19",1,5.24632430290427,5
"RBP41","RBP4",5,4.95968821581237,5
"RASL10A1","RASL10A",5,7.9234208859384,5
"PEG31","PEG3",5,5.23163171833651,5
"CILP1","CILP",5,4.52238219121244,5
"BCL2A11","BCL2A1",4,6.06413311745472,5
"OSGIN11","OSGIN1",3,7.02027007963546,5
"DNAJC121","DNAJC12",1,9.17338039691817,5
"ECM11","ECM1",4,6.00975552955127,5
"BMP61","BMP6",4,4.96793237237778,5
"SOWAHA1","SOWAHA",1,7.06652841489791,5
"PPP2R2C1","PPP2R2C",4,6.59251447945694,5
"MNX11","MNX1",4,6.39783984593486,5
"ADAMTS171","ADAMTS17",3,6.27013752194385,5
"AL162413.11","AL162413.1",4,6.107993812195,5
"ABCA131","ABCA13",5,5.34434867167814,5
"DNAAF11","DNAAF1",1,9.035166307436,5
"DUOX11","DUOX1",3,6.07191303736113,5
"CCN31","CCN3",5,5.87706460893609,5
"PCAT191","PCAT19",4,5.17663626547481,5
"LINC020151","LINC02015",1,5.41730036202283,5
"CAVIN21","CAVIN2",5,7.48350979808589,5
"INPP5J1","INPP5J",1,8.94021991841864,5
"SYT11","SYT1",1,6.0264135811624,5
"CA21","CA2",4,4.58159470620011,5
"CA91","CA9",4,7.46934067635885,5
"CA31","CA3",5,6.02051171118953,5
"HOXA71","HOXA7",3,5.21316918776134,5
"FABP31","FABP3",4,4.91520598783083,5
"RAB7B1","RAB7B",4,6.14428311319606,5
"GPX31","GPX3",5,6.76864762946947,5
"CFI1","CFI",5,6.77915220101263,5
"FAM171A21","FAM171A2",4,8.41621558428915,5
"SYCP31","SYCP3",2,8.50595775000347,5
"AC144450.11","AC144450.1",1,6.63015792950897,5
"SLC5A12","SLC5A1",5,7.00994979384041,5
"TNFRSF191","TNFRSF19",1,5.37751108341531,5
"HES61","HES6",4,7.57739671934994,5
"NR4A31","NR4A3",5,6.09637316774127,5
"RSPO31","RSPO3",5,7.3399587875292,5
"KCND31","KCND3",1,7.86963652494918,5
"BCAS11","BCAS1",1,7.33850068944596,5
"H2BC81","H2BC8",3,6.77101545570535,5
"TMEM86A1","TMEM86A",3,7.30941623546343,5
"HSPA21","HSPA2",3,6.27429451979049,5
"LINC026131","LINC02613",5,8.09454657246658,5
"PARM11","PARM1",3,6.15283198166824,5
"NR2E31","NR2E3",1,8.54488594787816,5
"CYP27C11","CYP27C1",4,6.69260554386204,5
"VASH21","VASH2",4,6.83480184451138,5
"KCTD141","KCTD14",5,7.62145458064975,5
"TLR71","TLR7",3,6.61376963014798,5
"AP001636.31","AP001636.3",3,5.94508951077089,5
"CDC42EP51","CDC42EP5",5,6.67884991694194,5
"AC007906.21","AC007906.2",5,6.41532573250196,5
"MS4A11","MS4A1",5,6.11519040264549,5
"AL031666.31","AL031666.3",2,7.2289487176814,5
"G0S21","G0S2",5,5.8198554496275,5
"S100B1","S100B",5,7.52048186771995,5
"SLCO1B3-SLCO1B71","SLCO1B3-SLCO1B7",3,8.51419473834459,5
"ADTRP1","ADTRP",5,5.38308610162326,5
"MIR3142HG1","MIR3142HG",5,5.47489221850076,5
"DCT1","DCT",1,6.55347311715182,5
"CCL41","CCL4",5,5.13263653659258,5
"KCNQ41","KCNQ4",4,6.94177804927825,5
"CHODL1","CHODL",4,6.67706362542784,5
"ESPL11","ESPL1",4,8.48559635881617,5
"CDC61","CDC6",4,8.07941619476031,5
"TTC61","TTC6",1,9.56928335251139,5
"ABCA81","ABCA8",5,8.52025523741911,5
"MYL71","MYL7",5,5.70112306464118,5
"GATA2-AS11","GATA2-AS1",3,5.67831400026035,5
"RHEX1","RHEX",4,5.58404153889869,5
"PRTFDC11","PRTFDC1",4,6.50352799487564,5
"UHRF11","UHRF1",4,8.70429016783183,5
"ABLIM31","ABLIM3",1,6.49811696621211,5
"TICRR1","TICRR",4,8.43129169612132,5
"HOXA61","HOXA6",5,6.23057402296488,5
"SPOCK21","SPOCK2",5,5.6800830604312,5
"DLX21","DLX2",1,6.32681928695759,5
"AC006509.31","AC006509.3",4,6.46761593641065,5
"NAV31","NAV3",1,6.78159565189844,5
"SPINK11","SPINK1",2,4.44595366917661,5
"KCNJ81","KCNJ8",1,5.26113721081422,5
"KCNJ21","KCNJ2",5,7.65693409013394,5
"TCEAL21","TCEAL2",5,6.59093024826136,5
"F13A11","F13A1",5,6.17249308887778,5
"TAFA51","TAFA5",4,4.87113412399909,5
"GALNT51","GALNT5",1,6.35737832985251,5
"IFI271","IFI27",4,5.9401796530346,5
"NCMAP1","NCMAP",2,5.47816899784807,5
"AL078581.21","AL078581.2",2,7.50965786271899,5
"AARD1","AARD",4,7.00772866323598,5
"LINC018761","LINC01876",1,4.69959221988105,5
"LINC025951","LINC02595",5,7.06623829632631,5
"KCNK21","KCNK2",5,6.11057388654799,5
"AC036108.31","AC036108.3",5,6.48953561660881,5
"KCNJ31","KCNJ3",1,6.3395850432712,5
"C10orf901","C10orf90",5,7.66849232989726,5
"IL1B1","IL1B",5,6.66111311937376,5
"NCAPH1","NCAPH",4,8.52166768485335,5
"AC011365.21","AC011365.2",1,8.56082004190012,5
"AC131206.11","AC131206.1",4,5.70152542245794,5
"B4GALNT21","B4GALNT2",3,6.78436136498045,5
"C1QL21","C1QL2",4,5.06331056062289,5
"AMH1","AMH",4,5.90548091509625,5
"FAT21","FAT2",5,7.4583106038202,5
"MX11","MX1",4,6.31456072308372,5
"AL158064.11","AL158064.1",3,7.8335472814714,5
"CARTPT1","CARTPT",1,5.39365868193316,5
"RAI21","RAI2",1,8.2526786881913,5
"RECQL41","RECQL4",4,8.75950418106023,5
"TMEM178A1","TMEM178A",5,6.12352237507753,5
"POF1B1","POF1B",1,6.30718227406065,5
"ABCA41","ABCA4",4,5.92364230922928,5
"BATF21","BATF2",4,5.02640624641497,5
"IFIT21","IFIT2",4,6.02033579738606,5
"VEGFD1","VEGFD",5,8.02536115563009,5
"APOL41","APOL4",1,6.5365813269691,5
"GPR871","GPR87",5,4.6060547833807,5
"TRAC1","TRAC",5,7.7242451996069,5
"TNFRSF181","TNFRSF18",4,6.97661083697481,5
"LRP81","LRP8",4,8.05682098270865,5
"TRO1","TRO",5,5.75391442350241,5
"CPA41","CPA4",4,6.55944421247509,5
"WNT111","WNT11",4,5.54463651565756,5
"FGF21","FGF2",5,6.29517860695208,5
"SPON11","SPON1",1,6.19605041688855,5
"SERPINE11","SERPINE1",4,5.79178080471332,5
"PCP41","PCP4",4,4.67406734952415,5
"ATRNL11","ATRNL1",1,6.43769788172258,5
"CSF3R1","CSF3R",1,6.29206886406767,5
"CD71","CD7",5,6.24382167631151,5
"UGT81","UGT8",5,6.13465850116089,5
"SIDT11","SIDT1",1,8.03323419886218,5
"ORC61","ORC6",4,8.69383264945123,5
"CSF2RB1","CSF2RB",5,6.5098002262566,5
"PDE8B1","PDE8B",1,5.92716870572082,5
"MROH61","MROH6",4,6.26865440411374,5
"ZNF3341","ZNF334",5,6.35060440634381,5
"BCAT11","BCAT1",4,6.72602718438862,5
"HMMR1","HMMR",4,8.19190918605651,5
"AMPH1","AMPH",1,5.91074977470566,5
"ALPK31","ALPK3",3,6.91659515139747,5
"FCRL51","FCRL5",5,7.57018800994938,5
"KIF111","KIF11",4,8.98828088367235,5
"STARD41","STARD4",3,5.53290204596114,5
"ABCB11","ABCB1",5,6.89467178825263,5
"RNF1831","RNF183",1,5.78094578112058,5
"TOX31","TOX3",1,6.9331012765533,5
"AC020907.11","AC020907.1",4,7.15297871512531,5
"COL13A11","COL13A1",3,4.86698058070133,5
"LYVE11","LYVE1",5,6.58418615311305,5
"E2F81","E2F8",4,8.5142186694255,5
"RHOH1","RHOH",1,7.63569160493821,5
"CACNA2D21","CACNA2D2",1,8.27382795966509,5
"NUDT111","NUDT11",4,4.37942122104166,5
"AC103591.31","AC103591.3",5,5.08041618967689,5
"TNFAIP61","TNFAIP6",4,5.60362665568471,5
"PCDHB51","PCDHB5",3,5.64685916642631,5
"OSR21","OSR2",4,4.9360820273258,5
"CNTN11","CNTN1",5,7.14470768389546,5
"FIBIN1","FIBIN",5,6.61619553043164,5
"CYP24A11","CYP24A1",5,5.57098890607736,5
"CDO11","CDO1",1,5.64403389042759,5
"RTN11","RTN1",1,7.13508533314359,5
"PLEKHB11","PLEKHB1",4,6.03399277802489,5
"DNAH111","DNAH11",4,5.84162850856387,5
"STX191","STX19",3,6.53917083260696,5
"ALDH1A11","ALDH1A1",5,7.14296795356389,5
"SRD5A11","SRD5A1",3,7.32514508982667,5
"AC044810.21","AC044810.2",5,6.89857107919482,5
"GLRB1","GLRB",1,5.20694022730455,5
"MMP161","MMP16",5,5.63352674767873,5
"ETV41","ETV4",4,6.41977962015496,5
"CCDC144NL-AS11","CCDC144NL-AS1",4,5.92632318026958,5
"PSMB91","PSMB9",4,6.23304042812994,5
"THBS41","THBS4",5,4.85950126531818,5
"C16orf741","C16orf74",1,8.2651260946383,5
"NRAD11","NRAD1",4,5.15751523668133,5
"GRIK11","GRIK1",1,6.02411745218682,5
"CHRDL21","CHRDL2",4,5.46892397243414,5
"STC11","STC1",1,7.98309026227309,5
"SLC38A31","SLC38A3",4,5.80795304521195,5
"TMEM200C1","TMEM200C",5,5.30918172128873,5
"HOXC131","HOXC13",4,7.11524295286901,5
"AGTR11","AGTR1",1,6.14378626968359,5
"LINC028141","LINC02814",3,6.88320331871796,5
"TBX181","TBX18",5,5.91163822583894,5
"DOK51","DOK5",5,5.61726035382744,5
"ATP6V1B11","ATP6V1B1",5,5.95861403944094,5
"SPAG61","SPAG6",1,7.41947870925549,5
"GNLY1","GNLY",5,5.19924374551417,5
"CSPG41","CSPG4",4,6.02734863158848,5
"SUSD51","SUSD5",4,6.31037485963357,5
"AP000851.21","AP000851.2",5,6.69914028815636,5
"DDX431","DDX43",2,5.24627292599769,5
"RAD17P11","RAD17P1",1,7.7482774813197,5
"CLIC31","CLIC3",4,5.57567873665946,5
"GALNT141","GALNT14",4,5.73489665455668,5
"ZNF4691","ZNF469",4,6.74421473091989,5
"MPPED21","MPPED2",5,5.9472933307381,5
"KIAA1549L1","KIAA1549L",5,6.00594817588368,5
"LTF1","LTF",5,8.31788136758512,5
"SF3B41","SF3B4",4,7.7247585879221,5
"CTNNA21","CTNNA2",3,7.08131999649409,5
"CNTN41","CNTN4",5,7.08702051138428,5
"AL645608.71","AL645608.7",4,5.46745886406631,5
"KNL11","KNL1",4,8.80029368113741,5
"HS6ST31","HS6ST3",1,5.73008122631465,5
"RNVU1-221","RNVU1-22",2,4.89003334783383,5
"MFAP41","MFAP4",5,8.7615540954562,5
"MOXD11","MOXD1",4,5.6836881978466,5
"STMND11","STMND1",1,7.25232760342777,5
"MELTF1","MELTF",5,6.16765634854744,5
"TNNI21","TNNI2",5,5.28274462557861,5
"SPHKAP1","SPHKAP",5,6.08212892857905,5
"SRPX1","SRPX",5,8.14737103262134,5
"SKA11","SKA1",4,8.54432538455824,5
"FERMT11","FERMT1",5,6.60753379505373,5
"GATA61","GATA6",4,6.31346202445143,5
"EFCC11","EFCC1",3,6.43139484006983,5
"AC010735.21","AC010735.2",1,7.45639276964582,5
"EMID11","EMID1",4,6.30033136488947,5
"DERL31","DERL3",5,7.09914628543857,5
"PTPRZ11","PTPRZ1",5,7.43211568229805,5
"PDZK1IP11","PDZK1IP1",4,5.7825091586265,5
"MEIS31","MEIS3",1,7.96133907636779,5
"MUC41","MUC4",5,4.88894434835309,5
"PIF11","PIF1",4,7.76750225944341,5
"ID11","ID1",4,5.65118417685659,5
"NTF41","NTF4",5,7.22348929770744,5
"IL2RG1","IL2RG",5,7.02467910583969,5
"AC105914.21","AC105914.2",3,6.24002868604514,5
"RPS261","RPS26",4,6.30869992674746,5
"NFE2L31","NFE2L3",4,7.17419678977499,5
"DCHS21","DCHS2",5,5.89578041242277,5
"CD1091","CD109",4,6.5478683509827,5
"PPP1R3C1","PPP1R3C",1,7.17211161964139,5
"JAM31","JAM3",5,7.19056709225233,5
"MORN31","MORN3",4,6.80991580132056,5
"ITM2A1","ITM2A",5,9.03521606649645,5
"ZNF1541","ZNF154",1,7.12446334044291,5
"AC092447.71","AC092447.7",2,4.54738722400933,5
"CD3E1","CD3E",5,7.68068443931635,5
"PLCD41","PLCD4",1,8.09597913534109,5
"TMEM1001","TMEM100",5,4.7969983847411,5
"CCL23","CCL2",5,6.85327958616869,5
"CTNND21","CTNND2",1,6.29008911994837,5
"HS3ST41","HS3ST4",5,7.62572977766349,5
"EDNRB1","EDNRB",5,8.4963583153666,5
"UGT2B171","UGT2B17",1,6.28413866847334,5
"CORO61","CORO6",1,5.79478274647602,5
"LGALS91","LGALS9",4,6.51580733713172,5
"NPW1","NPW",4,7.56779969243061,5
"CREB3L11","CREB3L1",3,5.54793410546022,5
"ZBTB20-AS21","ZBTB20-AS2",2,7.22532261528411,5
"PLAAT11","PLAAT1",4,7.81890535175666,5
"RNF2121","RNF212",1,5.41039573422787,5
"ERP271","ERP27",4,5.80781121787025,5
"AC122688.31","AC122688.3",3,6.74219049000849,5
"NRTN1","NRTN",4,6.16881079617573,5
"BMP21","BMP2",4,5.44303178571099,5
"DSCC11","DSCC1",4,8.76590176380439,5
"AC090994.11","AC090994.1",1,5.7249535445778,5
"AC104407.11","AC104407.1",1,7.538879303254,5
"RAD511","RAD51",4,8.10667535530963,5
"AC126178.11","AC126178.1",3,7.64117428861096,5
"VNN11","VNN1",4,5.45699319314274,5
"ARL91","ARL9",4,7.0603956660726,5
"HTR2A1","HTR2A",1,5.78964439783868,5
"TMPRSS31","TMPRSS3",4,5.48580720039584,5
"CNN11","CNN1",5,8.64797194773277,5
"HERC51","HERC5",4,5.96540766778969,5
"KREMEN21","KREMEN2",4,7.4860196224983,5
"AC010329.11","AC010329.1",3,6.93167570506417,5
"SNORA131","SNORA13",5,6.05088469904096,5
"RNU1-85P1","RNU1-85P",4,4.77841923731116,5
"NUSAP11","NUSAP1",4,8.10314520889852,5
"AKR1B11","AKR1B1",5,6.19292829835776,5
"ST8SIA61","ST8SIA6",1,9.14450637968266,5
"KIF231","KIF23",4,8.609923460872,5
"REEP11","REEP1",1,8.57018549777589,5
"CLPSL21","CLPSL2",4,5.24683208079042,5
"MT-TM1","MT-TM",4,5.72284042939476,5
"MTND3P251","MTND3P25",2,4.22498331147836,5
"TSPAN181","TSPAN18",4,6.27853628729333,5
"PCSK91","PCSK9",3,6.15801764292449,5
"AL161945.11","AL161945.1",2,5.16102417388295,5
"CCDC1601","CCDC160",3,6.25525981431093,5
"AC099506.11","AC099506.1",3,6.19982539435854,5
"CENPM1","CENPM",4,8.31737589622642,5
"ANKRD18A1","ANKRD18A",1,5.69834488733393,5
"AFF31","AFF3",1,8.56690142162489,5
"CDKN2B1","CDKN2B",4,7.13892712440987,5
"AC011447.31","AC011447.3",3,6.31151304448678,5
"KRBOX11","KRBOX1",1,5.41530826730364,5
"GPC21","GPC2",4,7.40499153993942,5
"MT-TR1","MT-TR",4,7.46761785148309,5
"KCNG11","KCNG1",4,7.03450735232367,5
"MESP11","MESP1",4,5.86273374324331,5
"TENM21","TENM2",5,7.45592843475123,5
"VIM-AS11","VIM-AS1",2,6.40734629163852,5
"CCN61","CCN6",4,4.51396810120802,5
"ZIC21","ZIC2",4,5.54828666382471,5
"CCL31","CCL3",5,4.93596264957817,5
"MMP31","MMP3",5,4.99743137797055,5
"SEMA3G1","SEMA3G",1,5.60685373667591,5
"EFR3B1","EFR3B",4,6.35879714578871,5
"ADGRB11","ADGRB1",1,5.90016404130685,5
"HAPLN31","HAPLN3",5,7.73935377551572,5
"RHOXF1-AS11","RHOXF1-AS1",5,6.08336910174472,5
"DEPDC1B1","DEPDC1B",4,8.36714182793219,5
"MAMDC21","MAMDC2",5,6.42222586272562,5
"PDE10A1","PDE10A",1,4.50524798204595,5
"MAPK151","MAPK15",4,6.89376453540016,5
"CD21","CD2",5,7.26232906520831,5
"TGFB21","TGFB2",4,6.04008826129946,5
"CNTD11","CNTD1",1,6.16510738697199,5
"CYYR11","CYYR1",5,7.12975675207558,5
"AC018629.11","AC018629.1",5,6.72518261820915,5
"B3GALT5-AS11","B3GALT5-AS1",5,6.18376178556139,5
"CHEK11","CHEK1",4,8.60735559978603,5
"EDIL31","EDIL3",5,5.83788619882686,5
"HOXA-AS21","HOXA-AS2",2,7.00567830321858,5
"RASSF101","RASSF10",5,5.05928166475636,5
"PLA2G71","PLA2G7",4,5.2364061749409,5
"AC005253.11","AC005253.1",2,9.57233193890894,5
"HR1","HR",4,7.06200922788475,5
"ALDH1L11","ALDH1L1",5,4.68432036705583,5
"OLFM21","OLFM2",4,7.26356040564365,5
"PROM11","PROM1",5,6.69180653359027,5
"GJC31","GJC3",1,6.48007909547156,5
"ADGRB21","ADGRB2",1,8.25495379229024,5
"TPPP31","TPPP3",1,5.35346668973661,5
"VOPP11","VOPP1",4,7.55991304994224,5
"AL022151.11","AL022151.1",3,6.38461468226494,5
"WDR861","WDR86",5,7.30717797087496,5
"PLIN11","PLIN1",3,5.02908952275511,5
"CXCL31","CXCL3",5,8.50004324309517,5
"MS4A151","MS4A15",3,6.06646884297523,5
"H2BC111","H2BC11",4,6.65520190371474,5
"CCL81","CCL8",5,5.84810839523969,5
"CLSPN1","CLSPN",4,8.58242451842187,5
"MEOX11","MEOX1",5,4.81314123123878,5
"CRACR2A1","CRACR2A",1,6.09702727123932,5
"TGM21","TGM2",4,5.15445059113297,5
"SLCO1B71","SLCO1B7",3,7.62489935204698,5
"CHRDL11","CHRDL1",5,7.21718302463449,5
"PTK61","PTK6",3,6.41932178607277,5
"KLK21","KLK2",1,5.03051230720419,5
"AOX11","AOX1",1,5.54566431673198,5
"SLC16A61","SLC16A6",1,8.31759820236919,5
"TRBC21","TRBC2",5,7.78711317886493,5
"AC018816.11","AC018816.1",1,6.41626845597424,5
"FCER1A1","FCER1A",5,7.4833489525396,5
"MRC11","MRC1",5,6.57725299128252,5
"RYR31","RYR3",5,6.18106508551505,5
"ENPP21","ENPP2",5,7.65616859945559,5
"PTGER31","PTGER3",1,7.84106573515308,5
"MAT2A1","MAT2A",4,6.00536606772018,5
"ICAM11","ICAM1",4,6.11854127822083,5
"PADI31","PADI3",4,5.29433743516153,5
"GREM11","GREM1",3,5.72528086671246,5
"RGS221","RGS22",1,7.24618377611545,5
"KCNK171","KCNK17",1,5.79496867146125,5
"E2F21","E2F2",4,7.86128670007909,5
"DAPP11","DAPP1",4,6.3756896830515,5
"CHL11","CHL1",5,8.63523492394523,5
"NOXO11","NOXO1",4,6.24072809182898,5
"AC020659.11","AC020659.1",1,6.40266907708383,5
"PYGO11","PYGO1",5,5.00710043963043,5
"SHCBP11","SHCBP1",4,7.97652804406601,5
"OASL1","OASL",4,6.14325955882114,5
"DOK71","DOK7",1,7.02617197230898,5
"GAS6-AS11","GAS6-AS1",5,5.46423172000747,5
"NR1H41","NR1H4",3,7.32040563245997,5
"FCGR2B1","FCGR2B",5,5.58047199768868,5
"SLITRK51","SLITRK5",4,4.72459478738033,5
"CYP26A11","CYP26A1",1,7.00726263513318,5
"CLCF11","CLCF1",4,5.67043098290509,5
"AL136296.11","AL136296.1",1,7.98155715652499,5
"GOLGA8N1","GOLGA8N",2,6.39428287762047,5
"ADAMDEC11","ADAMDEC1",4,5.33912491931382,5
"GALNT161","GALNT16",5,6.55450435422334,5
"C4orf191","C4orf19",5,7.47314941690083,5
"DIO3OS1","DIO3OS",5,7.00879040950408,5
"MT1M1","MT1M",5,6.35811029213456,5
"PDE9A1","PDE9A",5,5.98098435951602,5
"PRSS331","PRSS33",4,6.00773586257308,5
"ACOT41","ACOT4",1,6.17250127051288,5
"CPNE71","CPNE7",4,6.04676623472236,5
"MAPK121","MAPK12",4,7.31606427585619,5
"PRR111","PRR11",4,8.36218421163061,5
"CCDC1581","CCDC158",1,7.07894854050282,5
"CFD1","CFD",5,6.17322408911739,5
"VPS9D1-AS11","VPS9D1-AS1",4,6.78522036204294,5
"CCL201","CCL20",4,5.92700565878141,5
"ROCR1","ROCR",5,8.92210163436147,5
"CDHR31","CDHR3",1,6.30131348049107,5
"AL355512.11","AL355512.1",3,7.1175385277169,5
"NTRK31","NTRK3",5,6.11567810938783,5
"CHRNA21","CHRNA2",3,7.72958959595383,5
"KCNH81","KCNH8",5,6.47021206457447,5
"FRMD31","FRMD3",4,5.83107972302398,5
"MCM21","MCM2",4,8.65102798206491,5
"HLA-DQB21","HLA-DQB2",5,4.81955001328906,5
"SNCG1","SNCG",5,6.30640837076501,5
"SULT1A21","SULT1A2",1,5.85636628064481,5
"SLC7A51","SLC7A5",4,7.63018695128005,5
"LILRB41","LILRB4",5,4.83355598428835,5
"MFSD2A1","MFSD2A",4,5.44089889847892,5
"OXTR1","OXTR",1,6.67033477139482,5
"MGAT31","MGAT3",5,5.17389105497615,5
"ANKRD291","ANKRD29",1,5.91756212786931,5
"IGSF9B1","IGSF9B",1,6.29827559832523,5
"SIX21","SIX2",4,6.57305293951661,5
"NRXN21","NRXN2",5,6.05396520567587,5
"OLR11","OLR1",4,5.50517304548064,5
"TK11","TK1",4,7.99252921996445,5
"AL035425.41","AL035425.4",4,4.88626298444373,5
"SLC35F31","SLC35F3",5,5.59237880487351,5
"DUXAP81","DUXAP8",4,6.7012035964902,5
"SLC15A21","SLC15A2",3,6.59611515756986,5
"LSAMP1","LSAMP",5,5.59144665914496,5
"AC009501.31","AC009501.3",2,6.40676281715708,5
"TMEM2101","TMEM210",3,7.13901786988597,5
"LINC005111","LINC00511",4,7.17842365843079,5
"SCX1","SCX",4,8.11842477933045,5
"AL139220.21","AL139220.2",4,6.33266084114734,5
"AL669831.41","AL669831.4",2,6.34702681939375,5
"GATA6-AS11","GATA6-AS1",4,6.27396321552876,5
"IL1RN1","IL1RN",1,5.53547278615179,5
"ZNF826P1","ZNF826P",3,5.52682136048302,5
"MT1X1","MT1X",5,6.30727114790095,5
"PEG101","PEG10",2,5.5331727915471,5
"TWIST21","TWIST2",5,6.64331770739356,5
"LRRC261","LRRC26",3,7.38473411027159,5
"NRCAM1","NRCAM",4,4.36808770375811,5
"CCL4L21","CCL4L2",5,4.99906407410573,5
"ACSL61","ACSL6",4,5.32930018960267,5
"SCARNA221","SCARNA22",2,5.56479441373357,5
"LRRC4C1","LRRC4C",5,5.75800551561313,5
"FUT91","FUT9",5,6.0734650655411,5
"KCNQ51","KCNQ5",4,6.19097052982014,5
"SEMA3D1","SEMA3D",5,7.27505656520893,5
"PIWIL21","PIWIL2",1,5.15115981761705,5
"DLX11","DLX1",4,5.34264642719775,5
"ANKRD30BP11","ANKRD30BP1",1,7.86906725212161,5
"GASK1A1","GASK1A",4,6.48349996011431,5
"NT5E1","NT5E",5,5.29039752660838,5
"CKMT1A1","CKMT1A",4,5.9713054764901,5
"RGS21","RGS2",5,7.47524797279607,5
"CAMK2B1","CAMK2B",1,6.7970106077618,5
"FGD31","FGD3",1,7.29426448009058,5
"AC107464.31","AC107464.3",1,6.91463289228304,5
"RPL18A1","RPL18A",4,6.7352699229693,5
"PPP1R14B-AS11","PPP1R14B-AS1",4,6.16804658274144,5
"PCDHB161","PCDHB16",1,4.66897809036634,5
"ETV71","ETV7",4,6.13422709548175,5
"LEF11","LEF1",1,6.27480749057204,5
"COL14A11","COL14A1",1,6.92503618868817,5
"AC005523.21","AC005523.2",2,7.28071212094204,5
"AP003392.31","AP003392.3",2,9.95388165256655,5
"UBXN101","UBXN10",1,8.33508726428119,5
"ZWINT1","ZWINT",4,7.70829476798413,5
"LERFS1","LERFS",4,4.48534549458977,5
"VSIG41","VSIG4",5,5.84807590179649,5
"BRINP21","BRINP2",1,5.37149432723176,5
"CFH1","CFH",5,7.69821417362405,5
"C14orf391","C14orf39",3,4.92539872652065,5
"FOLH11","FOLH1",5,6.22180639527308,5
"AC092053.41","AC092053.4",2,6.49012725757292,5
"LAMA11","LAMA1",5,7.07477166871294,5
"ADGRG21","ADGRG2",4,5.18480695777025,5
"TMCC21","TMCC2",4,6.63602020039464,5
"DAPK11","DAPK1",4,7.11532274654933,5
"GIPR1","GIPR",1,7.6841474280507,5
"ABHD61","ABHD6",3,7.29345105026293,5
"CENPE1","CENPE",4,8.53195917048949,5
"ANK11","ANK1",4,5.33609331216234,5
"MAATS11","MAATS1",1,6.65684076738391,5
"ADCY51","ADCY5",1,6.4351889570793,5
"HOXC-AS31","HOXC-AS3",4,5.9478270137614,5
"SYT131","SYT13",4,6.62326087358333,5
"HOXB-AS11","HOXB-AS1",1,6.31649863005467,5
"WNT7B1","WNT7B",4,5.58829214769599,5
"KIF121","KIF12",1,8.84019732280766,5
"MGAM1","MGAM",1,4.83045214350862,5
"SNORD631","SNORD63",5,5.58741362799404,5
"RNU6-618P1","RNU6-618P",4,6.05962503936743,5
"PHYHD11","PHYHD1",1,6.78743464875279,5
"MIA1","MIA",5,6.62132555805178,5
"TMTC11","TMTC1",1,5.9770378247383,5
"SPNS21","SPNS2",4,5.73088865589365,5
"RACGAP11","RACGAP1",4,7.89399720294956,5
"CHST111","CHST11",4,5.26267015989781,5
"GMPR1","GMPR",4,5.76127235002633,5
"ACOT11","ACOT1",3,5.16879173317526,5
"ARHGAP11A1","ARHGAP11A",4,8.5177225055247,5
"STON21","STON2",1,8.72129209191991,5
"PANX21","PANX2",4,5.58764964200999,5
"SLC16A31","SLC16A3",4,7.24801694811933,5
"LPAR31","LPAR3",4,5.74717756008258,5
"NDP1","NDP",1,5.42881236391379,5
"KCNAB11","KCNAB1",4,5.87768962629318,5
"MIR4500HG1","MIR4500HG",4,5.5259163181559,5
"AC022075.11","AC022075.1",5,5.78119030675816,5
"PIM11","PIM1",4,6.53389687101187,5
"DTX41","DTX4",4,6.63865275380688,5
"CLCA41","CLCA4",5,7.57122698047718,5
"ACBD71","ACBD7",4,7.21614684508719,5
"RNU6-268P1","RNU6-268P",2,7.28919470046769,5
"CASP101","CASP10",3,5.48141218061647,5
"LINC005141","LINC00514",4,6.97277415290662,5
"AC007342.51","AC007342.5",3,5.44619600984518,5
"DCLK21","DCLK2",4,6.48038672723944,5
"PAX8-AS11","PAX8-AS1",5,4.32173550337254,5
"COCH1","COCH",4,5.96580020811973,5
"PDK41","PDK4",5,7.42773588261122,5
"ARC1","ARC",1,4.77989523842517,5
"SALL41","SALL4",4,5.93428241168188,5
"MX21","MX2",4,6.12302301614414,5
"GRIN2A1","GRIN2A",4,4.93380934539961,5
"HERC31","HERC3",3,7.25726950385561,5
"BAG21","BAG2",4,6.52846835307044,5
"MME1","MME",5,6.8864257832321,5
"PIR1","PIR",4,6.50453256658735,5
"WNT10A1","WNT10A",5,5.67122864396433,5
"TMEM178B1","TMEM178B",4,5.27254333335016,5
"KYAT11","KYAT1",3,6.65141805512461,5
"AL512306.31","AL512306.3",5,7.00262578737826,5
"RASAL11","RASAL1",4,6.88099799586574,5
"TTYH11","TTYH1",5,6.36673011248421,5
"FAM171A11","FAM171A1",5,6.49122646005566,5
"FGFBP21","FGFBP2",4,5.43672091049766,5
"RNASE11","RNASE1",4,5.87256614526865,5
"TRBC11","TRBC1",5,7.55687837074226,5
"FGD11","FGD1",4,7.56129325236927,5
"AIM21","AIM2",2,5.5354732594037,5
"CRB21","CRB2",5,6.1812751554195,5
"AC004687.11","AC004687.1",5,5.70643120508543,5
"C19orf331","C19orf33",1,6.24877664775251,5
"DLK21","DLK2",5,6.92679846633026,5
"CNGA11","CNGA1",5,5.06238497042921,5
"AC093642.21","AC093642.2",1,6.09297397659277,5
"RPS6P121","RPS6P12",1,7.20414344765192,5
"RNU6-942P1","RNU6-942P",2,6.91206139720175,5
"SPATC1L1","SPATC1L",4,6.6090060061189,5
"SCN2A1","SCN2A",5,5.67079916607273,5
"SOX181","SOX18",4,5.10443263447136,5
"EGLN31","EGLN3",3,6.28991744684451,5
"AC124852.11","AC124852.1",5,6.36218595218446,5
"GUCY1A21","GUCY1A2",1,4.80515493826833,5
"AP000844.21","AP000844.2",1,8.16590662408181,5
"IRX11","IRX1",5,8.17420719348676,5
"PODN1","PODN",5,5.90711432770094,5
"CPXM21","CPXM2",5,5.53765748298289,5
"TRIM171","TRIM17",5,4.73881525528875,5
"CLDN81","CLDN8",3,6.95352296048839,5
"UNC5C1","UNC5C",5,6.42044626268365,5
"UNC93B11","UNC93B1",4,7.22134724790294,5
"CGREF11","CGREF1",4,7.10771284987272,5
"ADAMTS81","ADAMTS8",1,5.45722055460036,5
"MTHFD1L1","MTHFD1L",4,7.33923168605418,5
"LINC020091","LINC02009",5,7.6636858473623,5
"RNF1821","RNF182",4,5.74216196949026,5
"KIFC11","KIFC1",4,8.23388145321237,5
"CYP2T1P1","CYP2T1P",3,4.85257342974819,5
"MARC11","MARC1",3,6.44157850248325,5
"GADD45G1","GADD45G",3,6.50612339431688,5
"TLX11","TLX1",4,6.91588947071571,5
"VIT1","VIT",5,6.17379859852285,5
"AC093535.21","AC093535.2",5,6.71953876309614,5
"PNMA21","PNMA2",1,6.7927199789682,5
"OIP51","OIP5",4,7.87764862790608,5
"SOX151","SOX15",5,4.93928138330698,5
"TREM21","TREM2",1,5.46180141711531,5
"DYNC1I11","DYNC1I1",5,5.82214798125716,5
"ROBO31","ROBO3",5,6.67087266178396,5
"MLLT111","MLLT11",4,6.75699109088739,5
"ACKR11","ACKR1",5,7.24674759312406,5
"ANKRD351","ANKRD35",5,5.54480855179904,5
"ISM11","ISM1",5,8.10932220023549,5
"PRSS121","PRSS12",5,6.53118110662509,5
"ABTB21","ABTB2",4,6.64513872385045,5
"WFDC11","WFDC1",4,5.55726229064423,5
"CCNO1","CCNO",1,6.46310846517388,5
"LRFN41","LRFN4",4,8.15479644369574,5
"PIWIL41","PIWIL4",5,6.42169676178129,5
"AC091429.11","AC091429.1",5,4.84029351567046,5
"FHL11","FHL1",5,6.73247511289243,5
"CYP2J21","CYP2J2",3,6.71157131800977,5
"FAM20A1","FAM20A",5,7.74560759434648,5
"EVA1A1","EVA1A",4,5.14619153991938,5
"FER1L51","FER1L5",1,6.5058686257215,5
"LINC015581","LINC01558",5,5.54602222960544,5
"RNU2-63P1","RNU2-63P",4,5.78698461234898,5
"S100A7A1","S100A7A",2,5.14912185528126,5
"C1QL11","C1QL1",1,5.48919418927036,5
"ATP8A11","ATP8A1",3,6.5517917103543,5
"NRK1","NRK",1,5.50659385078152,5
"PAK51","PAK5",5,6.3251426167219,5
"FBP11","FBP1",1,7.42062339299598,5
"HK21","HK2",4,7.56824640533699,5
"KLHL291","KLHL29",5,6.54501036559465,5
"OAS31","OAS3",4,6.90878316228601,5
"SCN4B1","SCN4B",5,6.77542770494668,5
"APLP11","APLP1",4,6.89723045644029,5
"PLCL11","PLCL1",1,7.16456581851751,5
"CDC71","CDC7",4,7.37053022389865,5
"CD481","CD48",5,5.83458933244068,5
"EPHB11","EPHB1",5,6.05966167465096,5
"SLC38A51","SLC38A5",4,5.36608207099852,5
"BRINP11","BRINP1",5,6.75074976061553,5
"CTAGE91","CTAGE9",4,4.99292373455269,5
"AL021807.11","AL021807.1",4,6.11792187982621,5
"MT1L1","MT1L",1,5.07612248975214,5
"IRX41","IRX4",1,5.34714534186008,5
"POU4F11","POU4F1",4,6.4623724372393,5
"NME51","NME5",1,7.75287224243639,5
"PKDCC1","PKDCC",4,6.02292833615413,5
"BCAP311","BCAP31",4,7.36770484386013,5
"STAC1","STAC",4,5.81919889097278,5
"PCDH181","PCDH18",5,7.25375345695655,5
"CYP26B11","CYP26B1",4,5.6824821384038,5
"ARTN1","ARTN",4,7.36599975714895,5
"ATP1A41","ATP1A4",1,5.50904614741909,5
"LUCAT11","LUCAT1",5,5.59971131689417,5
"CHMP1B2P1","CHMP1B2P",1,4.79900799256409,5
"CA61","CA6",5,5.35353055325136,5
"EPOR1","EPOR",1,6.58376989415568,5
"PRRX21","PRRX2",4,5.32072680943722,5
"ARX1","ARX",1,4.92401536712876,5
"MISP1","MISP",1,6.77348651370877,5
"AC092296.21","AC092296.2",2,7.63185341330275,5
"KPNA21","KPNA2",4,8.44968760644903,5
"ANXA91","ANXA9",1,7.63087089764944,5
"FAM238C1","FAM238C",4,6.32724197311195,5
"PLAC91","PLAC9",5,7.00900378678212,5
"BCL11B1","BCL11B",5,6.58040358804853,5
"WNT9A1","WNT9A",4,6.28167304493657,5
"CRTAC11","CRTAC1",5,6.12903429877612,5
"ADGRG61","ADGRG6",4,5.91100498642791,5
"CNIH21","CNIH2",4,7.93161060803334,5
"SHC31","SHC3",4,5.30785219965208,5
"AC005062.11","AC005062.1",1,5.14107655298018,5
"SULT2B11","SULT2B1",3,6.68006406117083,5
"BMP41","BMP4",1,7.91598031773835,5
"NDN1","NDN",5,7.55210664012782,5
"CD2001","CD200",5,6.4944543106511,5
"VSTM51","VSTM5",4,6.06890034289373,5
"SERPINA31","SERPINA3",1,4.85172463739603,5
"LAMC31","LAMC3",5,7.69427457507251,5
"SIGLEC11","SIGLEC1",5,5.97942241954727,5
"CENPN1","CENPN",4,7.67703468674319,5
"CLEC14A1","CLEC14A",5,5.75550336155704,5
"STYK11","STYK1",3,6.02253645046386,5
"PRICKLE11","PRICKLE1",4,7.61364014188664,5
"AC068446.21","AC068446.2",1,5.04824223216653,5
"MAPK8IP21","MAPK8IP2",4,7.04040744236708,5
"SYBU1","SYBU",1,6.51402447074332,5
"C9orf1521","C9orf152",1,7.05586603662713,5
"FPR31","FPR3",4,5.46657374717709,5
"SRP14P41","SRP14P4",3,7.45681799133146,5
"HOXC121","HOXC12",4,6.80188481450877,5
"GABRP1","GABRP",5,8.93901098078467,5
"SLC26A71","SLC26A7",4,5.65976227127086,5
"KAZALD11","KAZALD1",4,5.78085440984568,5
"FGF71","FGF7",5,8.04769383725987,5
"PCP21","PCP2",1,7.52006949727316,5
"CSRNP31","CSRNP3",5,7.11918194711698,5
"NCF21","NCF2",4,5.67680039169781,5
"SLC52A11","SLC52A1",4,5.3685941030176,5
"C4BPB1","C4BPB",5,6.65604446860314,5
"PTPN201","PTPN20",4,5.35303102582598,5
"ATP1B21","ATP1B2",5,6.05474060999368,5
"RGS61","RGS6",5,5.93809331205687,5
"ACOX21","ACOX2",1,6.46874563034597,5
"TMEM711","TMEM71",5,6.31969102679944,5
"HILPDA1","HILPDA",3,6.56284613766825,5
"HOXA51","HOXA5",5,6.15268282323813,5
"AC091231.21","AC091231.2",2,7.55184741023608,5
"LINC004611","LINC00461",4,5.55032306026133,5
"CCN41","CCN4",4,6.5605989728613,5
"AL589880.11","AL589880.1",4,5.41831437100435,5
"GBP1P11","GBP1P1",5,5.62929903617445,5
"ADORA11","ADORA1",5,6.15132435874981,5
"MKRN31","MKRN3",4,6.80212834090845,5
"RNU6-130P1","RNU6-130P",2,7.59395820075545,5
"GGTA1P1","GGTA1P",5,8.29926377273711,5
"RBP11","RBP1",4,6.21903104262044,5
"GPRIN11","GPRIN1",4,6.9831896111017,5
"SNHG181","SNHG18",1,6.394753514379,5
"TRIM91","TRIM9",5,5.90687190598009,5
"SMPD31","SMPD3",1,6.96325102832243,5
"GAD11","GAD1",3,4.80062469529369,5
"AC018500.11","AC018500.1",2,8.9264620270836,5
"CCR11","CCR1",5,5.98408153472337,5
"ANKRD371","ANKRD37",3,5.88890577327552,5
"PPARG1","PPARG",3,4.50118930501851,5
"CPXM11","CPXM1",5,5.08492279981602,5
"NPPC1","NPPC",4,5.19494644142701,5
"AL391832.21","AL391832.2",3,6.16270157155331,5
"CRAT1","CRAT",3,7.70632530287863,5
"IQCA11","IQCA1",1,6.62357746953438,5
"NKX3-11","NKX3-1",1,5.82244385161179,5
"ASF1B1","ASF1B",4,8.63209818371283,5
"FAM234B1","FAM234B",3,6.43246772395147,5
"ITGA71","ITGA7",5,5.33873588792686,5
"AC010997.61","AC010997.6",2,6.25495005659515,5
"CALHM61","CALHM6",5,5.39127181222253,5
"MIR503HG1","MIR503HG",4,5.45707131417407,5
"NANOS11","NANOS1",4,5.63091037447832,5
"CD521","CD52",5,6.70490388108786,5
"TCN21","TCN2",4,6.29737538987994,5
"ADAMTS9-AS21","ADAMTS9-AS2",5,7.79802103356125,5
"RSPO11","RSPO1",5,6.80008651172368,5
"RNA5SP1871","RNA5SP187",2,8.02682656499313,5
"APOC11","APOC1",4,5.53730497801913,5
"AC069120.11","AC069120.1",1,6.88936745714387,5
"MAD2L11","MAD2L1",4,8.15938238659012,5
"TSPAN121","TSPAN12",4,5.40556186575567,5
"AC013652.11","AC013652.1",1,6.24221844388863,5
"PAX91","PAX9",1,6.64528035517653,5
"GPX71","GPX7",4,6.1528671320722,5
"AC004233.21","AC004233.2",4,6.36276798197909,5
"PAPPA1","PAPPA",5,6.27579591240105,5
"CKS21","CKS2",4,9.00348789553264,5
"LGR51","LGR5",2,5.51817314987614,5
"GFAP1","GFAP",5,6.06212611692895,5
"AC017071.11","AC017071.1",2,6.39072396959745,5
"ADORA31","ADORA3",1,5.11873907250805,5
"KLHL131","KLHL13",5,6.68130256055474,5
"NPTX11","NPTX1",1,5.66048358159663,5
"S1PR31","S1PR3",3,6.53004496437807,5
"TMEM176A1","TMEM176A",5,6.53528393936171,5
"NINJ21","NINJ2",4,6.78940376193541,5
"TCF151","TCF15",4,5.5960427798844,5
"VWDE1","VWDE",5,5.33104210452092,5
"WNT5B1","WNT5B",5,6.07231092839771,5
"CLDN141","CLDN14",3,7.32909185269698,5
"AC073869.11","AC073869.1",4,6.94162024616355,5
"CCDC261","CCDC26",4,5.30954448561404,5
"SLC27A61","SLC27A6",5,5.10935336949873,5
"PRUNE21","PRUNE2",5,5.67122950394689,5
"MT-TS21","MT-TS2",4,5.97166368934172,5
"PKIA1","PKIA",1,4.73811840654194,5
"GJA51","GJA5",4,5.62404590143002,5
"SNX221","SNX22",4,5.90460071953089,5
"HOXA41","HOXA4",5,7.14550362001991,5
"CCNB11","CCNB1",4,8.790984479087,5
"SNAI21","SNAI2",5,6.01295156699027,5
"SLC2A121","SLC2A12",4,5.58546633663973,5
"SPOCK11","SPOCK1",4,5.62771051264883,5
"NELL21","NELL2",4,5.50294373221494,5
"MIR924HG1","MIR924HG",4,7.50392123978746,5
"IGF11","IGF1",5,8.20207379823903,5
"SAMD51","SAMD5",5,8.28539051058844,5
"MIR646HG1","MIR646HG",5,5.21492166264189,5
"CDKN2C1","CDKN2C",4,7.53660828618912,5
"PTGFR1","PTGFR",5,5.21224130348355,5
"HDAC91","HDAC9",4,6.03634102006994,5
"STEAP11","STEAP1",5,4.3999060654358,5
"MATN31","MATN3",1,5.55803555156519,5
"AL450345.21","AL450345.2",3,5.91197993978556,5
"AC104333.31","AC104333.3",4,5.60070240239055,5
"DOC2A1","DOC2A",1,7.12997800200837,5
"YBX21","YBX2",4,7.16919864708896,5
"NXPH31","NXPH3",1,7.59201869489109,5
"GTF2H2B1","GTF2H2B",2,6.18579480366043,5
"AL365181.31","AL365181.3",1,6.50354008741483,5
"OLFM11","OLFM1",1,5.27778946845504,5
"SNCAIP1","SNCAIP",5,5.60190911514563,5
"FXYD61","FXYD6",5,5.88504485672587,5
"NAPSB1","NAPSB",5,5.96613965869631,5
"ENO21","ENO2",4,5.7133712760857,5
"JPH21","JPH2",5,6.72682955092,5
"PELI21","PELI2",5,7.1688709057,5
"AC127526.51","AC127526.5",1,6.31633159677765,5
"AC239800.21","AC239800.2",5,5.7116615748593,5
"GIMAP71","GIMAP7",5,7.11470009076458,5
"ITPRID11","ITPRID1",2,4.91301254334772,5
"FOXA11","FOXA1",1,9.01734026850399,5
"SPAG51","SPAG5",4,8.52727418509372,5
"EML51","EML5",3,6.1773916575445,5
"AC130304.11","AC130304.1",2,6.19220626679841,5
"ORC11","ORC1",4,7.48734263496969,5
"AC068888.21","AC068888.2",2,6.73569924511949,5
"GTSE11","GTSE1",4,7.89406672446228,5
"GREB1L1","GREB1L",1,5.40648773397232,5
"ANKRD20A21P1","ANKRD20A21P",1,6.69947504363777,5
"HMGCLL11","HMGCLL1",1,5.73836098648203,5
"VSNL11","VSNL1",5,5.67949601171106,5
"NMB1","NMB",4,7.46690315683402,5
"HSH2D1","HSH2D",4,4.8064330563912,5
"CHST21","CHST2",5,6.2980565995763,5
"FANCA1","FANCA",4,7.98442637367107,5
"SPHK11","SPHK1",4,6.47139601127334,5
"IGKC1","IGKC",5,8.98801956918273,5
"ABCA91","ABCA9",5,7.58141050954061,5
"NRG21","NRG2",1,5.96558464985137,5
"FAP1","FAP",4,5.86794229970962,5
"CD691","CD69",5,6.96001904762471,5
"CNTD21","CNTD2",4,6.43786687544022,5
"ARL17B1","ARL17B",5,4.8614596256281,5
"RBP71","RBP7",1,4.79665019117382,5
"ITGAX1","ITGAX",5,5.57793555424379,5
"FAT31","FAT3",1,5.34182579407129,5
"GRAMD2A1","GRAMD2A",3,5.61286598458953,5
"EYA21","EYA2",5,7.11490022803916,5
"VGF1","VGF",4,7.53091373176936,5
"ATP8A21","ATP8A2",1,5.55109942631984,5
"GNAL1","GNAL",5,6.89450277589385,5
"DNM3OS1","DNM3OS",5,5.62810337794455,5
"C17orf771","C17orf77",3,6.29794488285039,5
"TRAF3IP31","TRAF3IP3",5,5.91655784076975,5
"TMPRSS51","TMPRSS5",4,5.93290737352341,5
"AJ009632.21","AJ009632.2",1,5.71284702149804,5
"COL8A11","COL8A1",4,6.00712765719107,5
"KLHDC91","KLHDC9",1,6.27048069381779,5
"TENM11","TENM1",5,5.71205225319491,5
"DNA21","DNA2",4,8.12252518707842,5
"MND11","MND1",4,8.26909128101402,5
"SMOC21","SMOC2",1,5.85942568656503,5
"CFAP431","CFAP43",1,8.26534725234065,5
"B4GALNT31","B4GALNT3",4,6.94194368114147,5
"MGAM21","MGAM2",5,7.11371390457231,5
"ZNF812P1","ZNF812P",3,5.84866291610438,5
"HSD11B21","HSD11B2",4,5.97252674282243,5
"FSCN11","FSCN1",4,6.41260613193345,5
"TRPM2-AS1","TRPM2-AS",4,5.96713217066282,5
"ECEL11","ECEL1",4,5.10547284084114,5
"ARHGAP151","ARHGAP15",5,6.42504100956139,5
"CPLX11","CPLX1",1,7.52279313033355,5
"FREM11","FREM1",5,6.06723638437541,5
"WDR621","WDR62",4,8.44945776850841,5
"SPATA181","SPATA18",5,6.40481204006198,5
"AP001496.41","AP001496.4",5,5.69364794332701,5
"ABCA101","ABCA10",5,8.40670682738082,5
"ZDHHC21","ZDHHC2",1,6.00327441311492,5
"SKP21","SKP2",4,7.41341698269923,5
"ZNF3671","ZNF367",4,7.97139537649201,5
"SPCS21","SPCS2",4,6.69077391336481,5
"APCDD11","APCDD1",5,8.51177130872029,5
"IL20RA1","IL20RA",1,6.53776562785744,5
"ATG9B1","ATG9B",4,6.86952478541082,5
"ACTA11","ACTA1",4,5.55991722678495,5
"KCNB11","KCNB1",4,4.72197908216042,5
"LINC009601","LINC00960",5,4.9993771089956,5
"ZNF4861","ZNF486",1,6.46333298194119,5
"GPAT31","GPAT3",5,5.39539860597256,5
"BAIAP31","BAIAP3",1,5.68639153993443,5
"SLC6A111","SLC6A11",4,5.71193746544465,5
"TNFRSF14-AS11","TNFRSF14-AS1",1,7.28764406579792,5
"PLAT1","PLAT",1,9.04037869599308,5
"ZMYND101","ZMYND10",1,7.60844020721793,5
"FOXC11","FOXC1",5,6.71026066323659,5
"GRHL31","GRHL3",4,6.18451176848314,5
"NEURL1B1","NEURL1B",4,7.60162590856131,5
"SLAMF71","SLAMF7",5,7.26341499982237,5
"KNSTRN1","KNSTRN",3,6.08811155787284,5
"SNPH1","SNPH",1,4.87231048381137,5
"PRTG1","PRTG",1,7.2961181066713,5
"IL12RB21","IL12RB2",4,6.52959499692777,5
"AC004982.11","AC004982.1",1,7.22417699130619,5
"TMEM1391","TMEM139",5,5.73543354957451,5
"SLC16A91","SLC16A9",1,7.32126277780258,5
"FA2H1","FA2H",4,4.71880194504887,5
"AL161908.11","AL161908.1",1,7.78931842036973,5
"VAX21","VAX2",4,7.43217691445207,5
"MOCS11","MOCS1",1,5.01617717107649,5
"MEDAG1","MEDAG",5,5.82922136798291,5
"RFTN11","RFTN1",4,6.16522235280715,5
"CKMT1B1","CKMT1B",4,5.99125052034674,5
"DOC2B1","DOC2B",3,4.82983858092716,5
"SLC30A81","SLC30A8",1,4.67858871629749,5
"C1QTNF11","C1QTNF1",4,5.28314281621751,5
"AL009179.21","AL009179.2",4,4.84665313230356,5
"SNORA121","SNORA12",1,5.3341130462973,5
"KLF151","KLF15",5,4.66357892573896,5
"LINC009581","LINC00958",5,5.77314261996593,5
"GFPT21","GFPT2",4,5.03810523685468,5
"RGMA1","RGMA",5,7.05185666904546,5
"C5AR21","C5AR2",1,7.69354336146767,5
"SLCO5A11","SLCO5A1",4,6.17430784005494,5
"MICU31","MICU3",5,7.85929284852388,5
"ACTL81","ACTL8",4,6.18353132958462,5
"PHPT11","PHPT1",4,6.73094630140088,5
"HBA21","HBA2",5,6.29460361667032,5
"TBC1D10C1","TBC1D10C",5,7.6494130923439,5
"LINC009641","LINC00964",3,5.29042333607882,5
"CARD61","CARD6",5,6.27735136878481,5
"FP565260.11","FP565260.1",4,5.26037853259838,5
"ANOS11","ANOS1",1,6.1991174440809,5
"CD8A1","CD8A",5,6.35203062018233,5
"CASC11","CASC1",1,7.72116087425142,5
"GJC11","GJC1",4,6.61595694127437,5
"AL732437.31","AL732437.3",4,5.79297831268594,5
"MIR222HG1","MIR222HG",5,7.4624675035443,5
"NAT8L1","NAT8L",4,6.84244860854915,5
"LINC012661","LINC01266",5,5.7463222982872,5
"PHC11","PHC1",4,5.33679327980534,5
"PCDHA101","PCDHA10",1,5.07220263139873,5
"RAB6B1","RAB6B",4,6.15953874133699,5
"NMU1","NMU",4,7.04743824189048,5
"TUSC81","TUSC8",3,4.92470444844261,5
"GJB31","GJB3",4,5.88539740479185,5
"AHNAK21","AHNAK2",4,5.92697816403161,5
"STC21","STC2",1,9.22689584176913,5
"COL5A11","COL5A1",4,6.41820093258151,5
"AMIGO21","AMIGO2",5,6.48644731648374,5
"NR2F11","NR2F1",5,5.02576112763924,5
"LINC005781","LINC00578",1,5.27602136633057,5
"EMSLR1","EMSLR",4,7.1652142859899,5
"CASQ11","CASQ1",1,4.99646164371762,5
"PTGS11","PTGS1",4,5.49041436219236,5
"IL17RB1","IL17RB",1,7.27664397383969,5
"AL109918.11","AL109918.1",4,6.91536647173387,5
"ANO51","ANO5",1,4.74349029334387,5
"FCGBP1","FCGBP",1,5.15584898710461,5
"SMPD41","SMPD4",4,6.55138743267758,5
"ADAMTS181","ADAMTS18",1,5.09269015111419,5
"TP53AIP11","TP53AIP1",1,5.82805487945306,5
"FABP61","FABP6",3,5.28166727237566,5
"FMOD1","FMOD",1,7.37351259750451,5
"ADAMTS51","ADAMTS5",5,6.9062828806484,5
"MTCO1P121","MTCO1P12",4,5.27433567221092,5
"AC005154.21","AC005154.2",2,6.62942660131054,5
"SUSD21","SUSD2",4,5.56499380866384,5
"DCDC11","DCDC1",1,7.98398165754216,5
"DCLK11","DCLK1",1,6.04779977117121,5
"HSPB61","HSPB6",5,6.75805156945061,5
"P2RY61","P2RY6",4,5.25801503784123,5
"CBR31","CBR3",4,6.43026763951009,5
"COL17A11","COL17A1",5,7.50584631866669,5
"PLIN51","PLIN5",1,6.65376127717741,5
"MIAT1","MIAT",5,5.85338983097429,5
"COX7A11","COX7A1",5,6.03908758348154,5
"ZNF6131","ZNF613",3,6.6971376292479,5
"AC108749.11","AC108749.1",3,5.52941254801425,5
"LOX1","LOX",4,5.02022837112585,5
"PIK3AP11","PIK3AP1",5,5.99292765606527,5
"PLK41","PLK4",4,7.42925047217304,5
"GLT8D21","GLT8D2",5,7.61744341454558,5
"COL28A11","COL28A1",1,4.36924755939552,5
"COLEC121","COLEC12",5,5.76818938525151,5
"HTRA31","HTRA3",5,5.47824373175676,5
"SPESP11","SPESP1",4,4.58835666627872,5
"CLEC4F1","CLEC4F",4,5.63462603785987,5
"DLL11","DLL1",5,6.08830443004213,5
"BMERB11","BMERB1",1,6.62328083603801,5
"CLDN231","CLDN23",4,6.65555849147193,5
"TDO21","TDO2",4,5.1853072165418,5
"PLEK1","PLEK",5,5.99410413183384,5
"RASL121","RASL12",5,6.66223734020842,5
"MIR210HG1","MIR210HG",4,6.21532993905633,5
"SOD31","SOD3",3,6.69044974240229,5
"IL2RB1","IL2RB",5,5.18905463220721,5
"RASSF91","RASSF9",5,5.38593478264829,5
"PCSK41","PCSK4",1,7.721269490996,5
"FLRT31","FLRT3",1,5.52875378229375,5
"NGEF1","NGEF",4,5.96088931225605,5
"PLAUR1","PLAUR",4,7.37331241122018,5
"AC109326.11","AC109326.1",5,5.45674348648574,5
"AL365361.11","AL365361.1",5,7.40303924217046,5
"PLEKHF11","PLEKHF1",5,6.5408066347902,5
"AC025031.51","AC025031.5",2,6.38551025157613,5
"PPFIA41","PPFIA4",4,7.35419683507345,5
"SFRP21","SFRP2",5,5.53504792288196,5
"LINC003241","LINC00324",1,6.21612706227757,5
"CD531","CD53",5,6.72485176575568,5
"RAMP11","RAMP1",1,5.231495378311,5
"DIPK1B1","DIPK1B",4,5.92043860581116,5
"TMEM92-AS11","TMEM92-AS1",3,6.12443934933471,5
"F71","F7",1,8.16441307664466,5
"GPRC5D-AS11","GPRC5D-AS1",4,4.70488525765862,5
"NALCN1","NALCN",5,7.78723795662365,5
"ANKS61","ANKS6",4,6.8904881032341,5
"MMP251","MMP25",4,5.74052421390712,5
"TFEC1","TFEC",5,6.01166386622409,5
"AL445223.11","AL445223.1",2,5.80765002542415,5
"FBXL161","FBXL16",4,5.27672903776142,5
"FAM92A1P21","FAM92A1P2",5,5.22422558497085,5
"GHR1","GHR",3,5.02024764934337,5
"HOXA31","HOXA3",5,5.59377780240191,5
"RNF144A1","RNF144A",4,6.81231330460555,5
"SCUBE11","SCUBE1",1,7.12037673702665,5
"THEMIS21","THEMIS2",4,6.15194924987262,5
"SHROOM11","SHROOM1",1,8.13763133950962,5
"AC093838.11","AC093838.1",1,8.28681731419966,5
"GNAI11","GNAI1",3,5.75824277437855,5
"DUSP91","DUSP9",4,6.85131491914386,5
"HNRNPA1P541","HNRNPA1P54",4,4.85784344317271,5
"CACHD11","CACHD1",5,8.29388431009509,5
"PDGFD1","PDGFD",1,6.3675902705886,5
"TWIST11","TWIST1",5,5.66668650566317,5
"NTN11","NTN1",4,6.5015218332135,5
"TACC31","TACC3",4,8.13518262467319,5
"AC005831.11","AC005831.1",1,5.10425963822852,5
"FMO11","FMO1",5,7.2549313321277,5
"C3AR11","C3AR1",5,5.14924141425908,5
"WNK31","WNK3",4,4.83232222434547,5
"ANGPTL21","ANGPTL2",5,7.27126508594064,5
"RPL21P161","RPL21P16",2,10.2761310088807,5
"RBP51","RBP5",4,5.0597050424632,5
"KIF5C1","KIF5C",1,7.19900465972099,5
"PRELID3A1","PRELID3A",4,7.36328836110693,5
"CYTIP1","CYTIP",5,6.20351624709073,5
"KIAA17551","KIAA1755",2,6.39182806533606,5
"RNU2-64P1","RNU2-64P",2,8.16384774864125,5
"IGSF101","IGSF10",5,7.51197560847225,5
"AC037198.11","AC037198.1",5,5.0417738980069,5
"ENHO1","ENHO",4,6.26252453546069,5
"AL356417.21","AL356417.2",4,6.68044174323836,5
"CD271","CD27",5,6.54500552098973,5
"MARCHF31","MARCHF3",4,5.82701691908286,5
"ASPHD11","ASPHD1",4,5.82995089641133,5
"TGM51","TGM5",4,5.11492189582159,5
"LINC011161","LINC01116",1,5.34214954797566,5
"STRA61","STRA6",4,5.40319578587174,5
"FZD10-AS11","FZD10-AS1",5,7.11494197738177,5
"PAK31","PAK3",5,8.92759291148941,5
"Z95114.41","Z95114.4",3,6.4938731372738,5
"CA121","CA12",1,8.89232174102168,5
"PLAG11","PLAG1",4,4.91284554687702,5
"HLA-DOA1","HLA-DOA",5,6.68322119475445,5
"GINS41","GINS4",4,8.3237702461738,5
"JAML1","JAML",5,7.33016411852295,5
"DNAJC221","DNAJC22",1,7.9772364296236,5
"ANKRD20A5P1","ANKRD20A5P",1,6.82940217839868,5
"ZDHHC11B1","ZDHHC11B",1,5.72091395781096,5
"CA81","CA8",1,6.88665669174144,5
"MT-TC1","MT-TC",4,5.36284270540228,5
"PIK3C2G1","PIK3C2G",5,6.7040201836484,5
"SP61","SP6",4,5.26480503538208,5
"CCL211","CCL21",5,5.33429911512664,5
"KCNQ31","KCNQ3",4,5.14475254884226,5
"RN7SL359P1","RN7SL359P",1,7.19569179172007,5
"PDE1C1","PDE1C",5,7.93957107001411,5
"CIART1","CIART",4,7.23105495818504,5
"STAC21","STAC2",5,7.25662955448045,5
"NUP62CL1","NUP62CL",3,5.4651439442448,5
"XRCC21","XRCC2",4,7.77060901273032,5
"PTP4A31","PTP4A3",4,7.0752603105756,5
"FPR11","FPR1",5,5.07878512997102,5
"HLA-DOB1","HLA-DOB",4,5.54736997226426,5
"SCN3A1","SCN3A",5,6.85110919688941,5
"FABP51","FABP5",4,7.26901039935602,5
"DOCK31","DOCK3",4,6.13458748510303,5
"FADS11","FADS1",4,5.75786362068638,5
"ADRB11","ADRB1",4,4.76569184483172,5
"MCOLN21","MCOLN2",4,5.74189563303151,5
"PARVG1","PARVG",5,6.15236876461072,5
"SPP11","SPP1",4,6.11820347310861,5
"LINC008651","LINC00865",4,5.1087038358171,5
"AL844908.11","AL844908.1",4,5.29800520074814,5
"GALNTL61","GALNTL6",1,5.37852715430438,5
"CYGB1","CYGB",5,5.83843701028865,5
"AL078595.11","AL078595.1",2,10.7575739604744,5
"EDA2R1","EDA2R",5,6.41138660229479,5
"CAPN151","CAPN15",4,6.68810411051808,5
"NKD21","NKD2",5,6.17920735202673,5
"AL033384.11","AL033384.1",2,4.96748786122507,5
"ZNF6831","ZNF683",5,6.26010821398833,5
"GPR271","GPR27",1,6.05648473821061,5
"NDRG41","NDRG4",4,6.47473964428846,5
"SLC17A91","SLC17A9",4,4.84063912687807,5
"PDLIM41","PDLIM4",5,8.05612155694058,5
"H1-31","H1-3",4,6.49839800942426,5
"SBSPON1","SBSPON",1,6.05004895397034,5
"GLIPR21","GLIPR2",4,6.0451907259518,5
"FAM78B1","FAM78B",4,5.76591016607144,5
"TBILA1","TBILA",1,7.26349041771362,5
"DYSF1","DYSF",4,6.09659028101484,5
"MAPK101","MAPK10",3,6.81263719319262,5
"HES21","HES2",1,5.83767751009455,5
"AC008780.11","AC008780.1",5,6.1654831751029,5
"SMIM10L2A1","SMIM10L2A",5,5.45998242470364,5
"SLC6A91","SLC6A9",4,7.72898300873375,5
"OLFML2B1","OLFML2B",4,5.83357116059336,5
"GALNT131","GALNT13",4,5.73889503410828,5
"LMOD11","LMOD1",5,6.89973707336893,5
"RNFT21","RNFT2",4,8.08732312999998,5
"LDB21","LDB2",5,7.33918795736187,5
"RASGEF1A1","RASGEF1A",4,5.45381528507891,5
"EPHB21","EPHB2",4,6.3629155769684,5
"GRIN2B1","GRIN2B",5,5.928487522067,5
"SDS1","SDS",4,5.94343769473977,5
"AL591845.11","AL591845.1",1,6.11104966266386,5
"ITGB31","ITGB3",1,4.96019304325894,5
"ELF51","ELF5",5,7.70764245946881,5
"CD300LG1","CD300LG",5,6.31602790335764,5
"LMNTD2-AS11","LMNTD2-AS1",1,8.46526633110007,5
"MYOZ21","MYOZ2",3,6.62995811945089,5
"OSR11","OSR1",5,5.83641024581096,5
"AP001783.11","AP001783.1",4,6.32819666822452,5
"CALCRL1","CALCRL",5,5.41124681100134,5
"TRIM681","TRIM68",3,6.32711602771377,5
"MST1L1","MST1L",1,5.21460045279346,5
"AP000769.11","AP000769.1",3,5.3153103817508,5
"CD1E1","CD1E",5,5.70693957995686,5
"CGAS1","CGAS",4,6.56156122725147,5
"SLC49A31","SLC49A3",3,6.71765736080719,5
"IKZF31","IKZF3",5,7.20926176037319,5
"KIF18A1","KIF18A",4,7.77156514640626,5
"IL10RA1","IL10RA",5,7.08361019962839,5
"APLN1","APLN",1,4.70981581643548,5
"RIPK31","RIPK3",5,5.33462126812025,5
"HAND21","HAND2",5,4.85644373181978,5
"ACAN1","ACAN",4,5.54479450589691,5
"EPB41L31","EPB41L3",3,5.64179680214045,5
"ME31","ME3",1,6.48734040759724,5
"CD861","CD86",2,5.79833102871152,5
"PI4KA1","PI4KA",4,6.25635551872734,5
"CACNA2D11","CACNA2D1",5,6.65462941894897,5
"CKB1","CKB",4,6.43015102872258,5
"AWAT21","AWAT2",3,5.98971186360895,5
"FAM106A1","FAM106A",1,4.54655652106319,5
"NCAN1","NCAN",4,5.33239725426442,5
"AF131215.41","AF131215.4",5,6.89796280617982,5
"C19orf181","C19orf18",3,5.75072888545567,5
"MANEAL1","MANEAL",4,5.91392783683321,5
"GSEC1","GSEC",4,8.07253551954155,5
"ZSCAN231","ZSCAN23",1,5.61182660021475,5
"CYTOR1","CYTOR",4,6.67653361209942,5
"FHOD31","FHOD3",5,6.95871723920578,5
"PLEKHG11","PLEKHG1",4,6.22285520752854,5
"FBXO171","FBXO17",4,6.07615400970087,5
"ALOX5AP1","ALOX5AP",4,5.36001245716278,5
"TM4SF1-AS11","TM4SF1-AS1",3,5.10898890793664,5
"HEPH1","HEPH",4,5.45674768886246,5
"LAMA21","LAMA2",5,6.53721720095111,5
"PLIN41","PLIN4",5,5.11618363545054,5
"FGD51","FGD5",5,5.17069104714038,5
"ABCA61","ABCA6",5,8.13522065124458,5
"APOL31","APOL3",5,6.92868777695211,5
"LYPD11","LYPD1",2,5.34163373297058,5
"ZNF2141","ZNF214",1,6.78290525767066,5
"LINC006491","LINC00649",4,5.0017463227809,5
"XYLT11","XYLT1",5,5.70346789109207,5
"ALPL1","ALPL",5,6.02219830716596,5
"TF1","TF",5,6.3323373035599,5
"PNMA6A1","PNMA6A",4,5.99716071665997,5
"APCDD1L-DT1","APCDD1L-DT",5,6.16240629822987,5
"MMP151","MMP15",4,6.96190444223822,5
"AL670729.31","AL670729.3",4,4.78140187333516,5
"AC092078.31","AC092078.3",3,6.4750497948724,5
"LRRN21","LRRN2",4,6.50391865543474,5
"TMEM229B1","TMEM229B",1,5.99549386299678,5
"ARHGEF41","ARHGEF4",4,6.34060588234647,5
"TGFA1","TGFA",5,6.60323942798468,5
"ST3GAL41","ST3GAL4",4,8.14167731868318,5
"ZDHHC111","ZDHHC11",1,5.91899052975692,5
"SCD51","SCD5",5,5.63511745024995,5
"DUSP21","DUSP2",5,5.95656493568988,5
"SYT171","SYT17",1,7.91923120498611,5
"PLA2G4A1","PLA2G4A",5,5.83073003776448,5
"DRC31","DRC3",1,7.68376418194368,5
"CLDN111","CLDN11",5,7.65505599494354,5
"CD341","CD34",5,6.73498569782932,5
"TMEM59L1","TMEM59L",1,5.94467904187614,5
"TMEM200B1","TMEM200B",4,5.41219154678578,5
"LINC012391","LINC01239",4,4.82398057328497,5
"BTBD111","BTBD11",5,6.0538406998009,5
"CLNK1","CLNK",5,5.1996456882061,5
"KLHDC8A1","KLHDC8A",4,5.39727497258181,5
"ZNF385C1","ZNF385C",4,5.59259616678388,5
"TFPI1","TFPI",5,6.21742221857883,5
"CLEC5A1","CLEC5A",4,6.17363743780702,5
"TNF1","TNF",4,5.63794423700471,5
"NOD21","NOD2",4,5.7352098432407,5
"PMAIP11","PMAIP1",4,5.52143704052903,5
"HPDL1","HPDL",4,5.82223227690587,5
"CELSR31","CELSR3",4,6.82223505170158,5
"BLACAT11","BLACAT1",4,6.32558033482974,5
"KANSL1-AS11","KANSL1-AS1",3,4.78118362624531,5
"TPPP1","TPPP",1,5.91000861729039,5
"KCNH21","KCNH2",4,6.3581845268067,5
"HEY11","HEY1",5,5.28383225324509,5
"TMEM401","TMEM40",4,5.77006203467792,5
"AL031595.21","AL031595.2",5,5.15868271369886,5
"AC095057.41","AC095057.4",1,6.43820533224238,5
"ADAMTS161","ADAMTS16",4,5.65677850517051,5
"AC124798.11","AC124798.1",4,4.60727233572367,5
"PRKCB1","PRKCB",5,7.01476144770664,5
"ENTPD81","ENTPD8",1,7.2672178717341,5
"DEGS21","DEGS2",1,7.98963959703601,5
"SVEP11","SVEP1",5,6.6672325736933,5
"AC096589.21","AC096589.2",1,7.60335563957064,5
"CDKN2D1","CDKN2D",4,7.50326022739889,5
"APOLD11","APOLD1",4,6.25913480782516,5
"SLAMF81","SLAMF8",4,5.43454427354732,5
"CASP17P1","CASP17P",5,7.85930157708624,5
"WT11","WT1",4,5.14905265380766,5
"AF131215.61","AF131215.6",5,6.06195608222396,5
"NYNRIN1","NYNRIN",4,6.57042967435419,5
"KDELR31","KDELR3",4,8.11447597844185,5
"GPT1","GPT",4,6.58915918388802,5
"CLCN41","CLCN4",4,6.13025560052344,5
"SCIN1","SCIN",4,5.12665491370145,5
"AL731571.11","AL731571.1",5,6.52176757679994,5
"LINC025321","LINC02532",4,5.80829612935858,5
"CIT1","CIT",4,8.09541227560238,5
"DNAH71","DNAH7",1,8.11592104345871,5
"PTPRM1","PTPRM",3,6.02095955894788,5
"P2RY131","P2RY13",5,6.66409309161472,5
"DDIAS1","DDIAS",4,7.41033672690823,5
"MAMLD11","MAMLD1",4,6.20971947417075,5
"TMEM45A1","TMEM45A",4,6.77867370026843,5
"ANPEP1","ANPEP",5,7.09760036059995,5
"G6PD1","G6PD",3,7.25993719533552,5
"FGF11","FGF1",5,6.96455895956292,5
"F2RL11","F2RL1",3,5.25923594134672,5
"SERP21","SERP2",1,6.59292106614469,5
"CPNE51","CPNE5",5,5.61235427969302,5
"FBXO271","FBXO27",4,5.9600092317325,5
"CD381","CD38",5,5.82384086077417,5
"CD3D1","CD3D",5,6.77415939007443,5
"TFAP2B1","TFAP2B",1,6.71681620933221,5
"PTPRS1","PTPRS",4,5.37068819222686,5
"AC020656.21","AC020656.2",1,5.74905510664346,5
"CCDC144B1","CCDC144B",1,5.07454025880104,5
"LIPG1","LIPG",4,5.58845748051375,5
"MAPK41","MAPK4",4,5.66995745756676,5
"SLC16A141","SLC16A14",4,5.82632531887107,5
"GNAZ1","GNAZ",4,6.85472796564798,5
"DNAAF31","DNAAF3",1,7.80696110177503,5
"SNED11","SNED1",5,5.52674330074918,5
"ACE1","ACE",3,4.72041772335247,5
"AL133330.11","AL133330.1",2,5.30332178422966,5
"OXGR11","OXGR1",5,6.14799613795165,5
"CDC14A1","CDC14A",1,5.59214019383167,5
"AC103702.11","AC103702.1",1,5.40181605092959,5
"TMPRSS91","TMPRSS9",3,6.06426646313087,5
"HSPB21","HSPB2",5,5.83386624059296,5
"LSP11","LSP1",5,7.36159110943856,5
"SLC4A81","SLC4A8",1,8.16535032264051,5
"GZMB1","GZMB",4,5.35995417529722,5
"PIP5K1B1","PIP5K1B",5,6.34960287996851,5
"LAG31","LAG3",4,5.64274907429986,5
"A4GALT1","A4GALT",4,4.89574673223262,5
"GPR371","GPR37",4,6.39220119880786,5
"RC3H1-IT11","RC3H1-IT1",2,7.1514995596342,5
"PTPRU1","PTPRU",4,6.09288166834913,5
"ARSJ1","ARSJ",1,5.76687926770025,5
"FAM222A1","FAM222A",3,6.36578990915339,5
"CDYL21","CDYL2",1,7.54042593583259,5
"MTCL11","MTCL1",4,5.36515047350923,5
"FIRRE1","FIRRE",5,5.53973674082031,5
"F2RL21","F2RL2",1,4.88926098431837,5
"ITPRIPL11","ITPRIPL1",5,7.60191074619846,5
"IRF81","IRF8",5,5.3013657592682,5
"GLIS31","GLIS3",2,4.91540315439191,5
"SERPINE21","SERPINE2",2,5.09385545347917,5
"PCAT61","PCAT6",4,7.49579053338402,5
"SLC6A161","SLC6A16",4,6.95702736508475,5
"SLC6A151","SLC6A15",2,5.58237026177792,5
"AP001057.11","AP001057.1",3,5.6078275449293,5
"GLP1R1","GLP1R",5,5.4364307595459,5
"ACSS31","ACSS3",3,6.9523337868103,5
"SLC2A31","SLC2A3",5,6.04813006482903,5
"LINC001731","LINC00173",1,5.79492132879571,5
"PTPRN21","PTPRN2",1,5.38043563868396,5
"ATP2B21","ATP2B2",4,4.88744435420017,5
"AQP71","AQP7",3,6.47567203945949,5
"POM121C1","POM121C",4,6.236623425706,5
"AL139383.11","AL139383.1",1,5.63626991835099,5
"LINC013151","LINC01315",4,6.03847794801156,5
"MB1","MB",3,6.06212138234791,5
"SUSD41","SUSD4",4,6.05240622509119,5
"CADPS1","CADPS",5,5.0436131340809,5
"AC011287.11","AC011287.1",5,4.77534477009733,5
"LINC016191","LINC01619",1,5.53016197312837,5
"AL021328.11","AL021328.1",1,4.96748559411157,5
"ITGBL11","ITGBL1",5,5.7892110544954,5
"AC107294.21","AC107294.2",4,5.15972451019473,5
"MEG81","MEG8",5,6.81164267804378,5
"TYMSOS1","TYMSOS",4,6.98082618545142,5
"ARHGAP27P1-BPTFP1-KPNA2P31","ARHGAP27P1-BPTFP1-KPNA2P3",4,6.3616032149646,5
"RSPH11","RSPH1",1,7.11566170551241,5
"AC092851.11","AC092851.1",5,5.56510659409542,5
"ARNT21","ARNT2",4,6.04854070415882,5
"TCF191","TCF19",4,7.94654524876447,5
"LINC009871","LINC00987",5,5.52518991084608,5
"EGFL71","EGFL7",3,5.13424012984976,5
"HMGB31","HMGB3",4,8.53959666194539,5
"NDUFB4P111","NDUFB4P11",4,5.89607873674849,5
"JPH41","JPH4",1,5.68442025871959,5
"JAM21","JAM2",5,7.30548272913096,5
"MS4A4A1","MS4A4A",5,6.85098752802293,5
"INHBA1","INHBA",4,6.97853085866637,5
"DNAH21","DNAH2",4,5.18584751281992,5
"AL049840.51","AL049840.5",2,7.0514012359876,5
"AC116348.31","AC116348.3",1,4.18700171360049,5
"KDR1","KDR",5,4.97720161731792,5
"SCG51","SCG5",1,4.99706677084913,5
"RUNX1T11","RUNX1T1",5,6.86627040867856,5
"BCR1","BCR",4,6.71418621211762,5
"RGS161","RGS16",4,5.7555057573722,5
"LCK1","LCK",5,6.65918285451159,5
"HEXA-AS11","HEXA-AS1",3,6.19150380779951,5
"AC080013.11","AC080013.1",5,6.34008278028474,5
"STUM1","STUM",5,4.80323553343749,5
"LMO21","LMO2",5,7.28940627163703,5
"IL15RA1","IL15RA",5,6.16622212163766,5
"ADAMTS41","ADAMTS4",4,6.32582481499668,5
"GPR341","GPR34",5,6.3203321091458,5
"CFAP1571","CFAP157",1,7.57597401571963,5
"CENPK1","CENPK",4,7.50076593492998,5
"NSUN5P11","NSUN5P1",4,6.14631767574754,5
"FNDC41","FNDC4",5,5.66246174112684,5
"SLC35F21","SLC35F2",4,7.330732053784,5
"CRADD1","CRADD",3,6.7674878223553,5
"CSF11","CSF1",5,5.82384233735459,5
"EGFLAM1","EGFLAM",1,5.47233281234127,5
"PLVAP1","PLVAP",3,4.54330083306212,5
"SCARNA91","SCARNA9",5,6.1629901141885,5
"EBF41","EBF4",1,6.41877334627999,5
"ADM21","ADM2",4,7.68900319647973,5
"FRAS11","FRAS1",5,4.48719628514637,5
"AL354836.11","AL354836.1",4,5.84041026470446,5
"UBE2M1","UBE2M",4,6.70418797092077,5
"ADGRA21","ADGRA2",5,7.19443102454441,5
"ITIH61","ITIH6",1,6.78171152708355,5
"PTCH21","PTCH2",5,6.05577551205386,5
"CD831","CD83",4,6.039499570036,5
"AC110285.21","AC110285.2",1,6.55939681756024,5
"AC004130.21","AC004130.2",4,5.11538815382831,5
"PLIN21","PLIN2",4,6.49153170865693,5
"ASTN21","ASTN2",1,6.4787200692644,5
"TNFRSF13C1","TNFRSF13C",4,6.0539291253536,5
"RNF391","RNF39",5,5.34820874426082,5
"DSCAM-AS11","DSCAM-AS1",1,5.72330981946077,5
"PAQR81","PAQR8",4,6.12981638528305,5
"BLM1","BLM",4,7.9763511583002,5
"MYLK31","MYLK3",4,5.00294811206323,5
"H2AC201","H2AC20",4,7.38274282376031,5
"AL450306.11","AL450306.1",2,7.34683938185058,5
"FBLN21","FBLN2",4,5.55175834464026,5
"HSD17B61","HSD17B6",4,5.78984756279882,5
"LZTS11","LZTS1",5,6.04863896063423,5
"SAMMSON1","SAMMSON",3,5.17905754286675,5
"FGF91","FGF9",4,4.74379413687477,5
"CCDC81","CCDC8",5,7.4340403818187,5
"FZD41","FZD4",3,6.44057081396457,5
"ADGRL41","ADGRL4",5,5.48527181174355,5
"PANK11","PANK1",4,6.27295648892374,5
"FAM155A1","FAM155A",1,5.24558085660056,5
"FAM171B1","FAM171B",4,5.29742945151544,5
"WASF11","WASF1",4,4.87202614478844,5
"AL021392.11","AL021392.1",1,7.72994909227745,5
"MYRFL1","MYRFL",3,5.74650641060692,5
"VGLL31","VGLL3",5,6.47305146416541,5
"ADGRF51","ADGRF5",5,5.34944940374349,5
"SLC16A51","SLC16A5",1,5.22762663963441,5
"IFITM21","IFITM2",1,5.38693132693889,5
"TRPV61","TRPV6",3,6.16968946218036,5
"SLC45A31","SLC45A3",4,6.31260287627834,5
"AC099541.21","AC099541.2",5,5.1362201193974,5
"IRAK31","IRAK3",5,5.51763152871516,5
"TMPRSS21","TMPRSS2",5,7.23072932758097,5
"B3GNT51","B3GNT5",4,6.83112474977766,5
"LRP1B1","LRP1B",1,5.82510374460392,5
"LINC013591","LINC01359",5,6.21624920691638,5
"LINC003931","LINC00393",4,6.29692250091933,5
"PROX11","PROX1",5,4.79435209337716,5
"MYZAP1","MYZAP",5,6.01105384890392,5
"IL1R21","IL1R2",4,5.46514496275632,5
"TNS41","TNS4",1,5.84929910367517,5
"SLFN111","SLFN11",5,6.50695751975904,5
"RN7SL653P1","RN7SL653P",5,6.33016868124009,5
"RADIL1","RADIL",4,4.71341182887794,5
"LINC010161","LINC01016",1,6.75329697522951,5
"PCSK61","PCSK6",1,6.25917702812606,5
"AKR1B101","AKR1B10",3,4.95593854892381,5
"HAS21","HAS2",5,5.22795760089484,5
"SULT1E11","SULT1E1",2,4.76782124579251,5
"HMCN11","HMCN1",5,5.93441790577586,5
"AC007681.11","AC007681.1",3,4.42947345534594,5
"LINC009391","LINC00939",1,5.3811639863965,5
"TDRD61","TDRD6",5,5.8685759191864,5
"H3C61","H3C6",3,5.44727006373178,5
"FAM83B1","FAM83B",4,6.23307162194164,5
"VEPH11","VEPH1",4,4.4664930748339,5
"RIC31","RIC3",1,6.23616271833949,5
"UGT2B101","UGT2B10",3,7.8077014041576,5
"PLCH11","PLCH1",4,6.18330017107816,5
"CTTNBP21","CTTNBP2",1,5.75846478958868,5
"ARHGEF38-IT11","ARHGEF38-IT1",3,5.33318940298673,5
"TRPV41","TRPV4",5,5.5162040513393,5
"PRRT3-AS11","PRRT3-AS1",4,5.46084272023456,5
"BST21","BST2",4,5.54999244732624,5
"SMOX1","SMOX",4,6.15997632343534,5
"P3H21","P3H2",5,6.96467685514449,5
"SMAD91","SMAD9",5,6.17798773722256,5
"CNTN31","CNTN3",5,5.8411643380647,5
"KDM7A-DT1","KDM7A-DT",4,5.46278559265523,5
"GSC1","GSC",1,6.6620356904268,5
"GNA141","GNA14",1,5.97736335888033,5
"CCDC31","CCDC3",5,6.00051491862633,5
"NAP1L21","NAP1L2",5,6.34108974492757,5
"PLXNA41","PLXNA4",4,5.2906490603078,5
"HACD11","HACD1",4,5.33823120208455,5
"ESAM1","ESAM",5,5.37912715208696,5
"SNTB11","SNTB1",5,5.67853133375235,5
"AC006160.11","AC006160.1",2,6.85958325111574,5
"TNFRSF11A1","TNFRSF11A",5,6.75767089386533,5
"AC127024.81","AC127024.8",2,6.74187217489968,5
"AC025034.11","AC025034.1",1,5.69924367019693,5
"C2CD4D1","C2CD4D",4,7.33005452813992,5
"GPR1831","GPR183",5,6.14924419725718,5
"SNHG261","SNHG26",5,6.85893964131199,5
"ZNF6711","ZNF671",1,6.48411802313241,5
"LTBP11","LTBP1",4,6.80958648657151,5
"PNMA8A1","PNMA8A",5,4.70866966594656,5
"AL590560.31","AL590560.3",1,4.88623611761992,5
"TLR31","TLR3",5,5.68098763732244,5
"SAE11","SAE1",4,7.88026253826837,5
"KCNS31","KCNS3",4,5.28337532823066,5
"CCDC151","CCDC15",3,6.39291421804481,5
"DUSP151","DUSP15",1,7.4598987180411,5
"GINS21","GINS2",4,7.60707886271732,5
"MRGPRF1","MRGPRF",5,6.75332831461589,5
"PLD51","PLD5",5,5.15685595969207,5
"TMPRSS41","TMPRSS4",4,5.62421876035517,5
"SLAIN11","SLAIN1",5,5.12339753817523,5
"ST8SIA21","ST8SIA2",5,5.60020359669156,5
"ABCD11","ABCD1",4,6.66105309010292,5
"NUPR21","NUPR2",4,5.8192773269124,5
"PRKCA1","PRKCA",5,5.09719010567635,5
"CCL221","CCL22",5,5.83655614189627,5
"WASHC11","WASHC1",4,6.21102299218809,5
"SNORA751","SNORA75",2,7.95860692672399,5
"CHEK21","CHEK2",4,7.12092462125005,5
"AC021504.11","AC021504.1",4,4.78602275876017,5
"DPP41","DPP4",5,4.39017203079345,5
"AL031282.11","AL031282.1",2,8.42128354536699,5
"PSMB8-AS11","PSMB8-AS1",5,5.85509246196549,5
"RCAN21","RCAN2",5,5.33155893643125,5
"RYR11","RYR1",5,5.40492213262278,5
"CBFA2T31","CBFA2T3",3,4.83315335968105,5
"PCLAF1","PCLAF",4,8.01745385560337,5
"TEAD41","TEAD4",4,7.47743796588217,5
"RBM111","RBM11",1,5.34182743107164,5
"AL078622.11","AL078622.1",1,5.97464076592115,5
"TPTEP11","TPTEP1",5,5.60085907578921,5
"C3orf701","C3orf70",5,5.81097141907999,5
"TLR21","TLR2",5,7.04751521378149,5
"NTRK21","NTRK2",5,7.4002420719828,5
"SLC2A61","SLC2A6",4,6.38965806795356,5
"GIMAP21","GIMAP2",5,4.76481447365092,5
"AC074141.11","AC074141.1",3,5.53095901183223,5
"SOX51","SOX5",5,6.01288273835879,5
"MCOLN31","MCOLN3",4,5.02599262908925,5
"ACKR31","ACKR3",5,4.74822056851584,5
"AC078799.11","AC078799.1",2,7.14148471313207,5
"BAIAP2L21","BAIAP2L2",4,5.54446099186891,5
"ETV11","ETV1",5,5.73094649120609,5
"RNU6-482P1","RNU6-482P",2,6.4356660482856,5
"CD163L11","CD163L1",3,4.93739459922748,5
"ENTPD31","ENTPD3",1,5.32638960939266,5
"AL355377.31","AL355377.3",4,4.69896054819989,5
"CCKBR1","CCKBR",4,6.2469408873894,5
"IQCN1","IQCN",1,5.8934260413046,5
"ADAMTS121","ADAMTS12",4,6.08625613436983,5
"CAND21","CAND2",4,6.09581457199853,5
"LRRIQ11","LRRIQ1",1,5.82621716343708,5
"LINC025621","LINC02562",1,4.59875194330556,5
"ALOX51","ALOX5",5,5.77981018808079,5
"BPIFB11","BPIFB1",1,5.05988742322701,5
"FAM207A1","FAM207A",4,7.11040250518771,5
"RGS111","RGS11",1,6.0675140379844,5
"TLCD11","TLCD1",4,6.74548425851713,5
"LRRK21","LRRK2",5,5.53525975132157,5
"ARHGAP281","ARHGAP28",5,5.59603558085752,5
"NRP21","NRP2",4,5.13059610304713,5
"LINC010601","LINC01060",5,5.97389655807051,5
"CCL281","CCL28",5,8.80622557934601,5
"SEMA5A1","SEMA5A",5,6.86914005678196,5
"SYT61","SYT6",3,5.67982517228503,5
"RUNX21","RUNX2",5,5.55004778465249,5
"KATNAL21","KATNAL2",4,6.31424618272658,5
"SNX201","SNX20",5,6.23081630230857,5
"TNFSF151","TNFSF15",5,5.62488246810139,5
"ZNF280B1","ZNF280B",4,5.8214901963798,5
"RARRES21","RARRES2",5,6.90075420277729,5
"LILRB51","LILRB5",5,6.0360948326557,5
"HPN1","HPN",3,5.63442790326884,5
"CCDC1681","CCDC168",5,5.24982235785605,5
"UBASH3B1","UBASH3B",4,5.7345942878601,5
"NPB1","NPB",4,6.08571543648226,5
"HSD3BP21","HSD3BP2",3,7.19273335137069,5
"MFAP3L1","MFAP3L",5,5.15467139728979,5
"LRMDA1","LRMDA",4,5.24675520671769,5
"ZIK11","ZIK1",4,4.91283095902775,5
"DHCR71","DHCR7",4,6.80018389353849,5
"NEGR11","NEGR1",5,6.29056517576971,5
"PGF1","PGF",5,6.71817543575291,5
"CDON1","CDON",1,7.03743649409611,5
"CXCL61","CXCL6",5,5.055460587922,5
"CARD161","CARD16",5,7.25144637740523,5
"RHOJ1","RHOJ",5,7.98073271335365,5
"NLRP131","NLRP13",3,5.67975210384182,5
"MPP21","MPP2",1,6.1330847572807,5
"LINC019771","LINC01977",1,6.08032805098918,5
"ZNF4831","ZNF483",1,6.66784076453597,5
"CCDC1361","CCDC136",1,5.72163914512496,5
"RASGRF11","RASGRF1",3,5.14203139143424,5
"MMEL11","MMEL1",1,7.23074087490165,5
"CNTNAP31","CNTNAP3",5,6.17862442741641,5
"ARHGEF391","ARHGEF39",4,7.71472225585917,5
"XG1","XG",4,6.15149977835041,5
"TSKU1","TSKU",3,7.17313695611779,5
"MS4A141","MS4A14",1,6.34311988927796,5
"PITPNM21","PITPNM2",4,6.5167326125161,5
"C2orf27A1","C2orf27A",1,6.91630380390191,5
"ADAMTS21","ADAMTS2",5,5.71113129900937,5
"MYCL1","MYCL",4,6.30007318759114,5
"LILRB21","LILRB2",5,5.55785835419663,5
"LINC015241","LINC01524",1,4.73858321273852,5
"MSI11","MSI1",4,6.27426492566591,5
"ELAVL41","ELAVL4",5,5.38686870557237,5
"AC027031.21","AC027031.2",4,5.88904018228833,5
"XKR91","XKR9",4,5.44217133490459,5
"LRP41","LRP4",5,5.5510755143295,5
"AC106795.11","AC106795.1",4,5.16323260752094,5
"IGFBP61","IGFBP6",5,7.93644402325805,5
"MS4A181","MS4A18",3,7.13136658394217,5
"FAM124A1","FAM124A",4,5.37857207409653,5
"RDH101","RDH10",4,7.6237473237079,5
"AF131215.21","AF131215.2",2,6.19919741802098,5
"FBLN71","FBLN7",5,4.96678006609185,5
"RASSF21","RASSF2",4,5.69506817788369,5
"RAD54B1","RAD54B",4,7.36190140780777,5
"CIB21","CIB2",4,5.95601979283265,5
"DAPL11","DAPL1",1,5.47929800258276,5
"PDGFRA1","PDGFRA",5,7.33191274444915,5
"IDNK1","IDNK",3,5.08585928757275,5
"OVOL11","OVOL1",4,6.73388681140689,5
"ID31","ID3",4,5.37036439706493,5
"HMGN2P461","HMGN2P46",1,7.70082719850189,5
"IL151","IL15",5,5.54477793189817,5
"KIF191","KIF19",4,5.88169585321255,5
"MERTK1","MERTK",5,6.6518607491985,5
"INPP4B1","INPP4B",1,8.13993281411446,5
"SMAD61","SMAD6",4,5.78423129159671,5
"NR2F1-AS11","NR2F1-AS1",1,4.26452429025225,5
"GRIN2D1","GRIN2D",4,6.39119126592109,5
"ZNF7271","ZNF727",1,4.88367327329866,5
"AC096733.31","AC096733.3",1,5.43336599273179,5
"ASRGL11","ASRGL1",4,5.43162093954051,5
"AC096589.11","AC096589.1",1,6.91085354753882,5
"SLC1A21","SLC1A2",1,5.89078893281176,5
"NPL1","NPL",4,5.60345975592822,5
"MTND2P281","MTND2P28",4,5.21430878836204,5
"SASH31","SASH3",5,6.8028366205133,5
"ANXA2R1","ANXA2R",4,5.98456796270017,5
"AC104237.31","AC104237.3",5,6.98770191526897,5
"CACNB21","CACNB2",5,4.9679326291957,5
"THSD7A1","THSD7A",4,5.00415092186585,5
"SYTL41","SYTL4",1,7.62610730019873,5
"CCDC681","CCDC68",1,5.07079753220111,5
"UBA71","UBA7",5,6.03553166321761,5
"VANGL21","VANGL2",4,5.53817619056233,5
"AC090877.21","AC090877.2",3,6.6462360183411,5
"FAH1","FAH",3,7.15736057619059,5
"RNY11","RNY1",4,5.00828855851714,5
"NCF41","NCF4",5,6.49400174120271,5
"GABRB11","GABRB1",5,5.04692533649499,5
"AC021443.11","AC021443.1",1,4.61719771634257,5
"RAPGEF31","RAPGEF3",1,6.45321782090171,5
"AC015813.11","AC015813.1",2,5.55858686615297,5
"FOXP1-IT11","FOXP1-IT1",1,5.82949913663129,5
"CD3G1","CD3G",5,6.66063202044927,5
"RIPOR21","RIPOR2",5,6.67769915713817,5
"ALDH1L21","ALDH1L2",4,5.99547668289133,5
"PRKD11","PRKD1",5,6.01076080288766,5
"GPR137C1","GPR137C",4,6.66822195332608,5
"SLC4A111","SLC4A11",3,4.89168695417889,5
"ESCO21","ESCO2",4,7.49048230276444,5
"AL353622.11","AL353622.1",1,5.1357948071392,5
"CATSPERB1","CATSPERB",1,4.85566315771486,5
"DIRAS11","DIRAS1",4,7.63132845853105,5
"FER1L41","FER1L4",4,5.87593906080481,5
"AKAP51","AKAP5",1,7.06208464568329,5
"AL354707.11","AL354707.1",3,5.90948794503121,5
"NFATC11","NFATC1",4,5.45986861591946,5
"SNAI11","SNAI1",4,6.36863457092881,5
"ETNK21","ETNK2",3,5.64703478418281,5
"TIGIT1","TIGIT",4,5.14504150117134,5
"AC008556.11","AC008556.1",1,5.99185597498923,5
"PREX21","PREX2",5,7.36648957211797,5
"CD401","CD40",5,6.90833432687936,5
"NPNT1","NPNT",3,6.46592638017204,5
"BGN1","BGN",4,6.94566055299927,5
"FOXP21","FOXP2",5,6.13863533425356,5
"GPR1431","GPR143",4,5.73006133853465,5
"TTC341","TTC34",1,6.70152074359198,5
"AC016957.21","AC016957.2",1,6.09532456952076,5
"MT-TL21","MT-TL2",4,5.5643279218356,5
"LYPD51","LYPD5",4,6.39292827429625,5
"MYO1H1","MYO1H",1,4.45325114557545,5
"GPR1731","GPR173",4,5.59219778670522,5
"MTND3P121","MTND3P12",2,6.10271695448416,5
"AL449403.31","AL449403.3",5,6.94309410186546,5
"MSL3P11","MSL3P1",4,6.34538590299122,5
"ELOVL41","ELOVL4",4,5.55539328502405,5
"SERPINI11","SERPINI1",1,5.60956462340355,5
"ADAMTS31","ADAMTS3",4,4.89689946162662,5
"GLI21","GLI2",2,5.08388775447636,5
"NEXMIF1","NEXMIF",4,4.575025660764,5
"HMGA1P41","HMGA1P4",4,5.30974341665127,5
"AL022323.31","AL022323.3",5,5.28446979447841,5
"FAM180A1","FAM180A",5,5.13641374650128,5
"SLC4A41","SLC4A4",2,4.88520362510807,5
"EFNB31","EFNB3",5,6.26217403807108,5
"STIL1","STIL",4,7.22322318435673,5
"SPC251","SPC25",4,7.78089953961319,5
"BPI1","BPI",4,6.24065847704967,5
"CPS11","CPS1",5,5.25121479552504,5
"CDH121","CDH12",5,5.05744805500534,5
"PURPL1","PURPL",2,5.6395066758435,5
"C1orf611","C1orf61",4,6.76329640272326,5
"ADAM191","ADAM19",4,6.31056912647611,5
"FAM110B1","FAM110B",1,6.62831092644497,5
"RNU6-958P1","RNU6-958P",2,7.9431988958708,5
"C1orf1121","C1orf112",4,7.58327726113569,5
"POU3F21","POU3F2",5,4.61742931645494,5
"P3H31","P3H3",4,5.97703955057708,5
"RNF1501","RNF150",5,7.12759510337382,5
"DANT21","DANT2",5,5.69703549543699,5
"GYG21","GYG2",4,6.04689199315856,5
"MATN41","MATN4",4,6.43037586862344,5
"AP001062.11","AP001062.1",4,6.35479531597669,5
"CYP27B11","CYP27B1",4,5.07906157499787,5
"PXDNL1","PXDNL",4,6.13943181536756,5
"H3C81","H3C8",3,5.54741888599567,5
"RNY1P161","RNY1P16",1,5.98925587619724,5
"FCGR3A1","FCGR3A",5,5.65272318298438,5
"POLD21","POLD2",4,7.1210719649667,5
"TLCD3A1","TLCD3A",4,7.31461182548112,5
"PHEX1","PHEX",3,4.66771285432245,5
"MMP171","MMP17",1,5.89746291613874,5
"MIR497HG1","MIR497HG",5,6.22287136132227,5
"DNMT3B1","DNMT3B",4,7.28450497559363,5
"IKZF11","IKZF1",5,7.17162538637263,5
"MICB1","MICB",4,6.20642319537302,5
"CYP39A11","CYP39A1",5,5.5814010303308,5
"PFKP1","PFKP",4,6.95988432131089,5
"SAMSN11","SAMSN1",5,5.58991584582853,5
"CCDC1631","CCDC163",4,5.39863074982504,5
"AP002387.21","AP002387.2",4,5.45449101332228,5
"TMEM2041","TMEM204",5,5.75846095020563,5
"FNDC101","FNDC10",4,6.21125625005664,5
"AC069228.11","AC069228.1",4,4.47870093577391,5
"CENPO1","CENPO",4,7.92633291243801,5
"ADCY71","ADCY7",4,6.7888577758142,5
"PHLDA21","PHLDA2",4,6.53694629917455,5
"TXLNB1","TXLNB",1,5.6370113568844,5
"PLLP1","PLLP",5,6.41059270433687,5
"LONRF21","LONRF2",1,7.62907265260708,5
"SYN21","SYN2",5,5.14874357884169,5
"LIMD21","LIMD2",4,6.58528204520554,5
"JAK31","JAK3",5,6.75071317198158,5
"ERAP21","ERAP2",5,6.17442739285263,5
"PALM31","PALM3",1,5.69559309399224,5
"RASAL31","RASAL3",5,6.64883967680133,5
"AP003306.11","AP003306.1",1,5.17114179321587,5
"AP000547.31","AP000547.3",5,4.72166710652299,5
"HAND2-AS11","HAND2-AS1",5,5.4578198702724,5
"KIF3C1","KIF3C",4,6.92135255656427,5
"AC103740.11","AC103740.1",5,5.82797532260294,5
"COL5A21","COL5A2",4,5.7867009992906,5
"SERPINB21","SERPINB2",4,5.41661392164099,5
"SOX1-OT1","SOX1-OT",4,4.6951109708836,5
"AL441992.21","AL441992.2",3,6.03044035601182,5
"MDH1B1","MDH1B",1,6.06171887890373,5
"CCDC144CP1","CCDC144CP",4,5.78892635026797,5
"LINC008391","LINC00839",5,5.61445888260914,5
"SERPINB51","SERPINB5",5,6.29910259153525,5
"SULT4A11","SULT4A1",4,6.16644829133424,5
"PLA2G4F1","PLA2G4F",1,5.57487075980955,5
"ULBP31","ULBP3",4,5.14900346556601,5
"FZD51","FZD5",4,4.90989706812355,5
"AL590004.31","AL590004.3",4,5.67652965959895,5
"DCTN1-AS11","DCTN1-AS1",5,5.20982521691401,5
"CD2481","CD248",5,6.93177531593655,5
"GALNT151","GALNT15",5,6.55094365617715,5
"AC083843.41","AC083843.4",1,5.11813636219471,5
"PET1001","PET100",4,6.70404098135822,5
"ABI3BP1","ABI3BP",5,6.98990885144341,5
"HERC2P21","HERC2P2",4,5.53184263679659,5
"AC005899.71","AC005899.7",1,5.41357293657069,5
"FGR1","FGR",5,5.32961423581607,5
"AC015712.61","AC015712.6",5,6.88194819209957,5
"CCDC1731","CCDC173",1,6.68031263531357,5
"MEX3B1","MEX3B",4,6.24842549837032,5
"PROS11","PROS1",5,6.89940162902191,5
"GLA1","GLA",1,7.39319539004719,5
"CASC81","CASC8",5,6.26773732600381,5
"PLAC81","PLAC8",5,6.36288667505321,5
"FCHSD11","FCHSD1",5,5.9303423946752,5
"WDR931","WDR93",1,6.66717757525552,5
"DOCK111","DOCK11",5,5.70211362368711,5
"HLF1","HLF",5,7.29530696941685,5
"ATF7IP21","ATF7IP2",4,4.98453837813647,5
"AL080317.11","AL080317.1",2,5.37334577422766,5
"TRPC11","TRPC1",5,6.68423283063758,5
"PCDHB41","PCDHB4",5,4.594164547618,5
"KIT1","KIT",5,9.29372557229876,5
"NUDT19P51","NUDT19P5",1,6.23977545265962,5
"KCNQ11","KCNQ1",1,4.67614623535682,5
"BAK11","BAK1",4,7.02603062138056,5
"KLRD11","KLRD1",5,5.66274077747516,5
"ZC4H21","ZC4H2",4,5.98079691516118,5
"DISC1FP11","DISC1FP1",3,4.96759933030466,5
"AFAP1L21","AFAP1L2",1,7.0138873730008,5
"HLA-DQA11","HLA-DQA1",5,6.34519613174871,5
"SNORA381","SNORA38",2,6.2178877942045,5
"PRSS161","PRSS16",4,5.3142856065645,5
"SEMA3E1","SEMA3E",1,6.61793395486425,5
"ADAMTS91","ADAMTS9",5,7.27177353799938,5
"TPST11","TPST1",4,5.51326486206514,5
"GEM1","GEM",5,6.15573821131753,5
"FBXL131","FBXL13",2,5.23258908521513,5
"ADORA2B1","ADORA2B",4,5.39842300008536,5
"GPC61","GPC6",5,4.75654967907776,5
"FBXL71","FBXL7",1,4.88735046666155,5
"RRS1-AS11","RRS1-AS1",3,4.94604554476232,5
"MPEG11","MPEG1",5,7.30946798739439,5
"NRARP1","NRARP",4,6.43824379057988,5
"KLHL32","KLHL3",5,5.69312488470358,5
"MBNL1-AS11","MBNL1-AS1",4,5.86831659082043,5
"ACTG21","ACTG2",5,6.28764525186227,5
"PGPEP1L1","PGPEP1L",3,5.21750677508589,5
"CSPG51","CSPG5",4,5.59694294892163,5
"TMEM611","TMEM61",5,5.02237262984403,5
"EGOT1","EGOT",1,6.81772753771553,5
"SERPINF21","SERPINF2",5,6.15118864069068,5
"PCDHB71","PCDHB7",4,4.75551932693256,5
"PDE3B1","PDE3B",4,5.46785377876864,5
"AL512274.11","AL512274.1",4,5.28110155267013,5
"PLCH21","PLCH2",1,5.83589798246462,5
"TMEM1561","TMEM156",1,5.30505090971502,5
"MCUB1","MCUB",4,7.20079774958427,5
"RASSF41","RASSF4",5,5.6674645025389,5
"ATAD3C1","ATAD3C",4,5.89792353376226,5
"ADGRV11","ADGRV1",1,7.11775659831991,5
"TGFB1I11","TGFB1I1",5,7.35878817244805,5
"ZYG11A1","ZYG11A",4,6.74799385492687,5
"KRT801","KRT80",4,6.2647407998923,5
"ALDH1B11","ALDH1B1",4,6.85344836736672,5
"AC090206.11","AC090206.1",1,5.92129360987894,5
"GDPD51","GDPD5",4,6.65402679324413,5
"C21","C2",4,5.91066925371294,5
"AL122125.11","AL122125.1",1,6.07294310925813,5
"AC246817.21","AC246817.2",5,4.85974778711325,5
"FAM66D1","FAM66D",1,5.35864765495061,5
"REC81","REC8",4,5.85586322787114,5
"GXYLT21","GXYLT2",4,5.50517665079742,5
"SMPDL3A1","SMPDL3A",3,6.44658621297521,5
"FANCE1","FANCE",4,7.19286416828352,5
"FUT41","FUT4",4,5.7680922003688,5
"AL356534.11","AL356534.1",5,5.62256093640745,5
"KCNK151","KCNK15",1,6.35998834339575,5
"LRRC361","LRRC36",3,5.44672567272153,5
"NEIL31","NEIL3",4,8.09723634158939,5
"PODNL11","PODNL1",5,5.82162898623129,5
"AC048341.21","AC048341.2",5,5.17489501009151,5
"LINC025151","LINC02515",2,5.45003295452372,5
"NKX1-21","NKX1-2",4,6.83640723982468,5
"GPR391","GPR39",1,6.16436924152501,5
"LPAR11","LPAR1",5,6.31959559537706,5
"SLC51A1","SLC51A",1,5.51095657052466,5
"ZNF981","ZNF98",2,4.93242612293149,5
"AP000487.11","AP000487.1",4,4.63371512403959,5
"SALL21","SALL2",1,6.99943919173123,5
"CNTNAP3B1","CNTNAP3B",5,6.36270869902729,5
"SHISA91","SHISA9",4,5.51726813064635,5
"EFCAB131","EFCAB13",1,4.95144207795414,5
"TNFRSF1B1","TNFRSF1B",5,6.38728412412652,5
"DIPK1A1","DIPK1A",1,5.57606515583882,5
"CNKSR21","CNKSR2",5,5.97409094912361,5
"TCAF11","TCAF1",4,6.93058728898141,5
"BCL2L141","BCL2L14",5,5.79111059238923,5
"TRIM551","TRIM55",4,4.54629953273739,5
"PCDH171","PCDH17",4,5.43145242408297,5
"AL365181.21","AL365181.2",1,5.90620450252475,5
"EME11","EME1",4,6.85614761154166,5
"LINC023891","LINC02389",3,6.12791153627045,5
"DOCK8-AS11","DOCK8-AS1",1,4.8174014152761,5
"WFDC21","WFDC2",1,6.43763626872856,5
"PDPN1","PDPN",5,6.23833142472104,5
"CYP4F121","CYP4F12",3,4.38772446392904,5
"ERG1","ERG",5,6.49690994155816,5
"SLC13A31","SLC13A3",4,5.4367893523238,5
"SLC1A61","SLC1A6",4,5.04638036556851,5
"SRSF121","SRSF12",4,6.33883279423344,5
"NID21","NID2",4,4.82928085029016,5
"AP002761.41","AP002761.4",1,5.10682058908109,5
"KCNJ61","KCNJ6",5,4.92546378788426,5
"FRMD6-AS11","FRMD6-AS1",1,6.54787846342209,5
"RGS51","RGS5",1,5.42434891233503,5
"ADAM321","ADAM32",4,5.22867237740326,5
"CLEC2B1","CLEC2B",5,6.17276844554817,5
"HERC61","HERC6",5,5.83703677924562,5
"GLIPR1L21","GLIPR1L2",1,6.00323961171803,5
"PLCG21","PLCG2",5,6.24688216564232,5
"RTKN21","RTKN2",4,7.36510586572728,5
"CDC25A1","CDC25A",4,7.74071562964879,5
"AL356740.11","AL356740.1",1,5.01904965073261,5
"AL499602.11","AL499602.1",3,5.63285632333677,5
"PKHD11","PKHD1",1,5.05398726608863,5
"RTL51","RTL5",5,5.54210127887345,5
"VWF1","VWF",5,5.65995366893282,5
"TMOD11","TMOD1",5,5.85794639833683,5
"ITGAL1","ITGAL",5,5.71917444546336,5
"HCP51","HCP5",5,6.15927934053417,5
"AL160000.11","AL160000.1",2,6.2084784229623,5
"EIF4H1","EIF4H",4,6.30272657738201,5
"SLC6A81","SLC6A8",4,7.68022158743259,5
"AL031058.11","AL031058.1",4,6.29508091133019,5
"RBM241","RBM24",1,7.21959819044816,5
"LEFTY21","LEFTY2",2,5.48221831790913,5
"SUV39H21","SUV39H2",4,7.14960712003131,5
"CARMN1","CARMN",5,7.69551206039545,5
"AC007114.21","AC007114.2",2,10.3979479525687,5
"LRRC37A4P1","LRRC37A4P",5,5.06164940822379,5
"SGIP11","SGIP1",5,5.75867184807685,5
"SLCO2A11","SLCO2A1",5,4.9141976740434,5
"SH2D2A1","SH2D2A",4,6.63210993862912,5
"ANKDD1A1","ANKDD1A",5,5.86925217265443,5
"SCN8A1","SCN8A",1,5.41473344556736,5
"GALNT181","GALNT18",4,5.62533898711402,5
"FSTL41","FSTL4",1,5.40731658048886,5
"ADCY41","ADCY4",5,4.71173210540916,5
"ANKRD33B1","ANKRD33B",5,5.28071064076013,5
"SLC16A71","SLC16A7",5,6.65083997126123,5
"PSRC11","PSRC1",4,7.82348168892633,5
"TBX21","TBX2",5,5.44400651774045,5
"SLC8A1-AS11","SLC8A1-AS1",5,5.037093153805,5
"AC016582.31","AC016582.3",4,4.831193371308,5
"SOBP1","SOBP",5,6.92160671759482,5
"PCDH91","PCDH9",5,6.88858363927375,5
"SDK21","SDK2",5,5.76817432931262,5
"IRF51","IRF5",4,5.88734739454838,5
"SLIT31","SLIT3",5,7.87990359080912,5
"TDRD51","TDRD5",4,6.17433158397889,5
"PLEKHH21","PLEKHH2",5,6.88164010268776,5
"PDE6B1","PDE6B",1,6.61000529451403,5
"AC093908.11","AC093908.1",4,4.19512462699,5
"FAM177B1","FAM177B",4,5.09083512895117,5
"AP003117.11","AP003117.1",1,4.79247087999208,5
"SLCO4A11","SLCO4A1",4,6.36303904825168,5
"ARHGEF381","ARHGEF38",1,6.69812892851734,5
"VEGFC1","VEGFC",1,5.02978584396093,5
"XAGE21","XAGE2",2,5.8418002952462,5
"HAP11","HAP1",5,5.80084117458762,5
"BEX51","BEX5",1,5.68487032902825,5
"LRFN11","LRFN1",4,6.73946280095902,5
"AL391422.41","AL391422.4",4,5.71009756729507,5
"TGFB31","TGFB3",1,8.03877682483134,5
"SNCA1","SNCA",5,5.7271345951641,5
"CLUL11","CLUL1",4,5.43897739620072,5
"TPH11","TPH1",1,4.71978803692394,5
"TMEM1211","TMEM121",1,6.11414933096223,5
"AC244517.11","AC244517.1",4,4.62706824310138,5
"HUNK1","HUNK",1,5.2970653831477,5
"CMTM51","CMTM5",5,4.81086214272239,5
"TBX151","TBX15",5,6.82058895413362,5
"ARHGAP91","ARHGAP9",5,6.36177996018681,5
"LINC014111","LINC01411",1,5.65714372486624,5
"AXIN21","AXIN2",1,5.41016317966002,5
"EGR21","EGR2",5,6.91856861101989,5
"ZNF7261","ZNF726",4,6.91532863137236,5
"LINC023341","LINC02334",5,5.06434303325892,5
"ACHE1","ACHE",4,4.91295528470137,5
"SLCO2B11","SLCO2B1",5,6.72330780432477,5
"HAMP1","HAMP",5,5.25667660812114,5
"BTC1","BTC",2,5.25042356727953,5
"MIR17HG1","MIR17HG",5,5.33631842749638,5
"H2BC151","H2BC15",3,5.3906010277138,5
"PRODH1","PRODH",1,5.71321478887186,5
"RN7SL11","RN7SL1",4,5.37908050582317,5
"AL365209.11","AL365209.1",1,6.37935507567866,5
"TBXAS11","TBXAS1",5,4.87021108112326,5
"NTM1","NTM",1,5.98262033105398,5
"SLA1","SLA",5,6.03304335621937,5
"APLNR1","APLNR",5,4.68578576565236,5
"MUC3A1","MUC3A",5,5.16213986233374,5
"EPHA101","EPHA10",4,5.87920653326204,5
"CTF11","CTF1",5,4.86890843307487,5
"TEDC21","TEDC2",4,7.89188615673918,5
"NLRC51","NLRC5",5,5.6051568102649,5
"ZNF3651","ZNF365",1,4.65142335862406,5
"PTGER41","PTGER4",3,5.16940594800164,5
"MLXIPL1","MLXIPL",4,5.17149428428015,5
"STOX11","STOX1",1,5.94180321097493,5
"PKN31","PKN3",3,5.53662982046002,5
"HIC11","HIC1",5,7.33157203163544,5
"SOX101","SOX10",5,8.61068919596325,5
"Z97200.11","Z97200.1",5,5.98545742474444,5
"SLIT21","SLIT2",5,7.83806531591102,5
"TEX301","TEX30",4,6.7055613881592,5
"LINC012381","LINC01238",1,5.91905002308904,5
"RASGEF1C1","RASGEF1C",4,5.2986856751919,5
"AC246817.11","AC246817.1",1,5.56170514301026,5
"GNG111","GNG11",5,7.09597510755675,5
"NXN1","NXN",4,6.64705992925613,5
"POC1A1","POC1A",4,7.84157409175677,5
"GUCY1B21","GUCY1B2",4,6.49100478524713,5
"HBEGF1","HBEGF",5,5.09685035141218,5
"TRPC61","TRPC6",5,5.87699137364402,5
"ARHGEF26-AS11","ARHGEF26-AS1",4,6.11975248146097,5
"ZSCAN311","ZSCAN31",3,6.04994540854532,5
"ITGAM1","ITGAM",5,5.00101706735057,5
"GMFG1","GMFG",5,7.14081545275841,5
"COL24A11","COL24A1",3,4.59099023340195,5
"CD61","CD6",5,6.2693622529327,5
"RHOF1","RHOF",4,5.67943587041745,5
"SORCS11","SORCS1",1,5.2426744468927,5
"CALML3-AS11","CALML3-AS1",4,5.53155866970973,5
"BANK11","BANK1",5,4.6964835115303,5
"AC011611.41","AC011611.4",5,5.90536235692614,5
"ESYT31","ESYT3",5,5.68895171867177,5
"RGS91","RGS9",4,5.41442758852645,5
"SILC11","SILC1",4,4.99263937942223,5
"EFCAB11","EFCAB1",5,7.2317464873346,5
"FAM24B1","FAM24B",4,5.87841677407314,5
"EFNA31","EFNA3",4,7.07857333326622,5
"AL109976.11","AL109976.1",3,5.0095385653361,5
"FOXO6-AS11","FOXO6-AS1",1,6.91402110911481,5
"NRGN1","NRGN",4,5.28954858120495,5
"MN11","MN1",1,5.50633667149167,5
"ST8SIA11","ST8SIA1",5,7.48528987011507,5
"COL5A31","COL5A3",4,4.5404354091142,5
"CSNK2A31","CSNK2A3",2,8.27637856573036,5
"HIF3A1","HIF3A",5,6.03609070597518,5
"AL354740.11","AL354740.1",2,10.9544289775711,5
"AC097634.11","AC097634.1",5,5.30274374391405,5
"GRAMD1B1","GRAMD1B",5,4.80532124447336,5
"LINC027621","LINC02762",2,5.42306330483191,5
"P2RY101","P2RY10",2,5.07347454413031,5
"AC011447.71","AC011447.7",4,5.91100951675213,5
"CTXN11","CTXN1",4,7.65211968410847,5
"COL6A61","COL6A6",5,7.7478377883981,5
"ANKHD1-EIF4EBP31","ANKHD1-EIF4EBP3",1,5.61303683401884,5
"KIAA12571","KIAA1257",1,5.4739622802843,5
"CASC191","CASC19",4,5.74058112556825,5
"LINC013411","LINC01341",1,6.85824044192776,5
"SCN9A1","SCN9A",5,6.11931809719565,5
"RAPGEF41","RAPGEF4",1,6.08216732085868,5
"C8orf37-AS11","C8orf37-AS1",3,5.39968743138062,5
"ARHGAP61","ARHGAP6",5,6.03069475625781,5
"LINC025601","LINC02560",5,4.64621348507963,5
"CPNE81","CPNE8",4,4.58789771431397,5
"MYB1","MYB",1,9.64848559637238,5
"CENPU1","CENPU",4,7.24893720639361,5
"RAMP21","RAMP2",1,5.93836560812234,5
"HOXC101","HOXC10",4,5.27068231133776,5
"FOXP4-AS11","FOXP4-AS1",4,7.21597324603622,5
"SOWAHB1","SOWAHB",1,5.35983440286506,5
"FAM216A1","FAM216A",4,5.96873693946718,5
"UNC13D1","UNC13D",4,6.45543040347513,5
"LINC019941","LINC01994",4,4.92863434792989,5
"PIK3CD1","PIK3CD",5,6.28078496386796,5
"TBX191","TBX19",4,5.51661037744758,5
"RASGRP31","RASGRP3",5,6.48388051073846,5
"CPED11","CPED1",5,5.89145661510378,5
"KCNMB11","KCNMB1",5,6.99886550246055,5
"FLT41","FLT4",5,4.88639726258879,5
"AC010136.11","AC010136.1",5,4.98342038562802,5
"BX284668.51","BX284668.5",1,6.23319824432672,5
"CLCN51","CLCN5",4,6.24792686073182,5
"AC103760.11","AC103760.1",1,6.52062302637393,5
"GPR881","GPR88",1,5.42319774822791,5
"AC005674.21","AC005674.2",5,5.57704645562419,5
"CABP41","CABP4",1,7.17723589798126,5
"ZNF3001","ZNF300",4,5.3112879650068,5
"AL390719.11","AL390719.1",1,5.72674299842016,5
"ANKRD36B1","ANKRD36B",2,5.66949983111067,5
"PREX11","PREX1",1,9.09856997734457,5
"PRRG11","PRRG1",4,6.09093750018115,5
"PDCD2L1","PDCD2L",4,6.38857878570639,5
"EIF5A1","EIF5A",4,7.23872871254675,5
"AC084740.11","AC084740.1",1,5.92012853809855,5
"GIMAP61","GIMAP6",5,5.98491576023706,5
"ADAMTSL41","ADAMTSL4",4,5.04488903905706,5
"AC127024.41","AC127024.4",1,4.81983206935846,5
"EEPD11","EEPD1",5,5.88740825172297,5
"GPR89A1","GPR89A",4,6.57885061037804,5
"SLC29A41","SLC29A4",4,7.54387673637231,5
"NLRP11","NLRP1",5,6.23667878820488,5
"FCMR1","FCMR",5,5.1358073958005,5
"STMN21","STMN2",5,4.79926647177274,5
"PAX21","PAX2",1,6.53998992113166,5
"SLC9A51","SLC9A5",3,5.43606460149524,5
"PART11","PART1",5,5.14773290748454,5
"PAQR51","PAQR5",4,6.97272115698175,5
"SRPX21","SRPX2",5,4.84635291343587,5
"LGALS21","LGALS2",5,6.16642528234238,5
"AL021578.11","AL021578.1",5,5.61855303929755,5
"SCARNA51","SCARNA5",1,6.67387930419979,5
"DYNLRB21","DYNLRB2",1,7.29598646299787,5
"SKAP11","SKAP1",5,5.16195644116873,5
"AC027117.11","AC027117.1",5,5.25863681542629,5
"EPDR11","EPDR1",5,5.84349856024659,5
"C5orf491","C5orf49",1,6.54352529031506,5
"CHIC11","CHIC1",1,5.29245667176032,5
"COL4A41","COL4A4",5,5.64849192352446,5
"PCED1B-AS11","PCED1B-AS1",5,5.59200501195281,5
"P4HTM1","P4HTM",1,6.48494687128657,5
"RPP251","RPP25",4,6.32264609693696,5
"RGL31","RGL3",1,6.48217407769812,5
"ENPP51","ENPP5",1,6.7010061374737,5
"SYNC1","SYNC",1,6.75791684472238,5
"MAP61","MAP6",5,5.52096697203936,5
"TMEM2201","TMEM220",5,6.74192751166218,5
"HTR1F1","HTR1F",1,5.79214944331799,5
"PRSS221","PRSS22",4,6.40661922722382,5
"AC008875.31","AC008875.3",4,6.00468239676406,5
"AC091544.41","AC091544.4",3,4.88871160181931,5
"APOL11","APOL1",5,5.49072240149902,5
"SOCS11","SOCS1",4,5.83669815408395,5
"TTLL91","TTLL9",1,7.11970159444079,5
"GPC41","GPC4",4,6.11566337763515,5
"AMER11","AMER1",4,7.36670693548437,5
"GNAO11","GNAO1",1,5.76064880823956,5
"TSPY26P1","TSPY26P",1,5.84311368005455,5
"NKD11","NKD1",4,5.25467502790651,5
"AC087854.11","AC087854.1",1,6.06523976533854,5
"CELF51","CELF5",5,6.23892159934744,5
"UGT2B282","UGT2B28",3,13.9834024009644,6
"UGT2B112","UGT2B11",3,14.1966919115434,6
"DHRS22","DHRS2",3,13.7186377782071,6
"AKR1B152","AKR1B15",3,13.2707147243248,6
"GSTM52","GSTM5",3,12.3820340023909,6
"FDCSP2","FDCSP",6,8.36668956511071,6
"C6orf2232","C6orf223",3,12.9689917019095,6
"ACSM12","ACSM1",3,12.6428012252238,6
"HPGD2","HPGD",3,12.9913310755449,6
"HMGCS22","HMGCS2",3,11.3267458945204,6
"PGC2","PGC",3,11.4295560757371,6
"ABCC112","ABCC11",3,12.4586543320541,6
"CSN32","CSN3",1,5.91862461379491,6
"AKR1C22","AKR1C2",3,11.8820892817656,6
"ALOX15B2","ALOX15B",3,12.32023970525,6
"CPB12","CPB1",2,9.89854014744083,6
"PRAME2","PRAME",5,9.48896556600796,6
"SERHL22","SERHL2",3,12.2972213949268,6
"S100A72","S100A7",6,9.36880011763092,6
"TFF12","TFF1",2,12.6324702029908,6
"AKR1D12","AKR1D1",3,12.7710126978304,6
"S100P2","S100P",6,7.66775735363162,6
"LINC025222","LINC02522",3,11.1003363775441,6
"PNLIPRP32","PNLIPRP3",3,12.7684638711652,6
"SLC26A32","SLC26A3",3,10.8691876892602,6
"SULT1C2P12","SULT1C2P1",3,11.5636641931215,6
"CYP2B7P2","CYP2B7P",3,8.05134393698459,6
"LINC021692","LINC02169",3,12.6004100040764,6
"SPINK82","SPINK8",3,12.1212775408148,6
"TAT2","TAT",2,7.94654032938083,6
"LBP2","LBP",3,10.3496448283918,6
"IGHA22","IGHA2",1,10.3655649503937,6
"LALBA2","LALBA",6,6.57103343956625,6
"CXCL132","CXCL13",6,8.45107278336902,6
"TSPAN82","TSPAN8",3,10.4386615678882,6
"OPRPN2","OPRPN",1,7.17213630251079,6
"LINC010882","LINC01088",3,10.9006737220343,6
"LINC010872","LINC01087",2,13.2608400169866,6
"CRISP32","CRISP3",6,6.32013973117009,6
"LINC023032","LINC02303",3,10.2317343892356,6
"HPD2","HPD",3,11.7130762460148,6
"IGHG12","IGHG1",1,7.76738394925838,6
"CXCL102","CXCL10",6,12.9884710203686,6
"MUCL12","MUCL1",3,9.96942048635506,6
"LINC024872","LINC02487",5,9.74111965293337,6
"SORD2","SORD",3,11.4808516462138,6
"KCNC22","KCNC2",2,10.2759087183093,6
"FABP72","FABP7",3,8.68488811964219,6
"LINC006242","LINC00624",3,11.7541235874947,6
"IGHG42","IGHG4",6,8.24686193836182,6
"CHST13","CHST1",3,11.1312476068586,6
"PIP2","PIP",3,8.92319871568524,6
"ABCC122","ABCC12",3,11.6669734047487,6
"PTHLH2","PTHLH",2,8.39211419749631,6
"SERHL3","SERHL",3,10.5536243839621,6
"GLRA32","GLRA3",2,9.48039614817633,6
"THRSP2","THRSP",3,9.32118367021904,6
"MTND3P192","MTND3P19",1,3.8958686323939,6
"MYOM22","MYOM2",3,10.405566609395,6
"MUC62","MUC6",2,8.45052816949123,6
"SCGB1A12","SCGB1A1",3,7.3485106051288,6
"CLCA22","CLCA2",3,9.37204225156973,6
"AC122713.22","AC122713.2",3,11.0802399691817,6
"WIF12","WIF1",2,7.02375872416501,6
"CSN1S12","CSN1S1",1,6.16233893006755,6
"EN12","EN1",5,9.49174131013552,6
"IGHM2","IGHM",1,8.84615361693698,6
"DDC2","DDC",3,10.9390041363497,6
"CYP4Z12","CYP4Z1",2,7.45871783492924,6
"LINC015112","LINC01511",3,10.9727845481629,6
"MTND1P232","MTND1P23",5,4.37388687291694,6
"S100A82","S100A8",6,10.7822109006557,6
"UCHL12","UCHL1",5,8.4301756129246,6
"AL033397.22","AL033397.2",3,10.6395259439601,6
"MSLN2","MSLN",5,8.27457773222704,6
"CPHL1P2","CPHL1P",3,8.20986731262298,6
"SOX112","SOX11",5,8.43872992187944,6
"AC092069.12","AC092069.1",4,16.3020286820474,6
"TFPI22","TFPI2",2,8.21811418136811,6
"TFF32","TFF3",2,10.4869247479846,6
"CDH192","CDH19",5,6.9387704087739,6
"CXCL92","CXCL9",6,12.6621929431193,6
"ARHGAP362","ARHGAP36",2,8.19064410132531,6
"ABCA122","ABCA12",3,10.593924066404,6
"IGHA12","IGHA1",1,12.6889473321439,6
"LINC016672","LINC01667",5,6.77106942669712,6
"HORMAD12","HORMAD1",5,9.37020385547672,6
"ALB2","ALB",2,6.63273767513545,6
"AC092071.12","AC092071.1",3,6.83121911256425,6
"AC092325.12","AC092325.1",3,9.92916722325191,6
"SCGB1D22","SCGB1D2",2,7.2126964662261,6
"ART32","ART3",5,8.8744416885553,6
"OLFM42","OLFM4",1,9.25755075521189,6
"ENPP32","ENPP3",3,10.3123900488372,6
"SERPINA62","SERPINA6",2,8.83612420008721,6
"CALML52","CALML5",5,7.47689030758804,6
"ADGRD22","ADGRD2",2,8.39119579616482,6
"AGR32","AGR3",2,13.4492116900927,6
"DSG12","DSG1",1,8.19054875989559,6
"HLA-DRB52","HLA-DRB5",6,4.6517597445639,6
"KIF1A2","KIF1A",5,8.23272392062107,6
"IGLC22","IGLC2",1,9.49984040795561,6
"TCN12","TCN1",1,7.17218877858067,6
"PLA2G2A2","PLA2G2A",6,5.8698715647379,6
"CLEC3A2","CLEC3A",2,7.26822615848046,6
"PIGR2","PIGR",1,12.7166735477361,6
"NXPH42","NXPH4",3,9.47269360071592,6
"SCGB2A12","SCGB2A1",1,6.16716198651708,6
"IGSF12","IGSF1",2,8.52355932104516,6
"SDR16C52","SDR16C5",3,9.69941587928001,6
"MUC162","MUC16",6,7.56030023615163,6
"CXCL172","CXCL17",6,7.13531081181798,6
"AC008440.12","AC008440.1",4,14.9340927985424,6
"ACADL2","ACADL",3,10.2791513457956,6
"FIBCD12","FIBCD1",3,10.7204116245626,6
"SIX32","SIX3",5,9.02338830533709,6
"CYP2A62","CYP2A6",2,5.92659197635409,6
"SCUBE32","SCUBE3",5,7.88116498322419,6
"PCAT182","PCAT18",3,8.4909733016644,6
"BMPR1B2","BMPR1B",2,8.36499363542422,6
"CNTNAP22","CNTNAP2",3,10.1134708537647,6
"GJB12","GJB1",3,10.1673510701449,6
"CDKN2A2","CDKN2A",6,8.68403754143345,6
"RBM202","RBM20",3,9.16091837091034,6
"CITED12","CITED1",2,8.60831172258158,6
"SCGB3A12","SCGB3A1",1,7.3287676473934,6
"GFRA12","GFRA1",2,10.8333498079825,6
"MUC5B2","MUC5B",5,7.10156280806119,6
"AL157387.12","AL157387.1",2,9.93134721711794,6
"CALB22","CALB2",5,8.06192353505695,6
"NPY2R2","NPY2R",2,8.75867410567503,6
"FABP42","FABP4",1,9.02987965663645,6
"AC008736.12","AC008736.1",3,9.88680314476056,6
"HBB2","HBB",1,7.06567605888235,6
"CYP4Z2P2","CYP4Z2P",3,10.0234973918732,6
"ST8SIA6-AS12","ST8SIA6-AS1",3,9.096838307241,6
"CLIC62","CLIC6",2,5.67876415526041,6
"CYP4F82","CYP4F8",2,5.90464850744597,6
"IDO12","IDO1",6,11.4346673770642,6
"SBSN2","SBSN",5,7.11792906091188,6
"SCGB2A22","SCGB2A2",2,7.73811851048656,6
"FCN22","FCN2",3,10.8000988684084,6
"SLC27A22","SLC27A2",3,8.6251060155731,6
"POTEKP2","POTEKP",2,11.0678152255127,6
"GSTA12","GSTA1",5,6.62416982185414,6
"LCAL12","LCAL1",3,9.36725242036626,6
"CXCL112","CXCL11",6,11.7834872385195,6
"MMP92","MMP9",6,8.23837701725756,6
"ALKAL22","ALKAL2",1,9.09148304487227,6
"ME12","ME1",3,9.58998859625234,6
"LINC014362","LINC01436",6,6.70972701691204,6
"AC096996.22","AC096996.2",3,10.9218238088879,6
"KLK112","KLK11",5,6.69415482759,6
"ODAM2","ODAM",6,6.2315869592319,6
"SCGN2","SCGN",3,9.60931212634041,6
"LY6D2","LY6D",6,6.9532096462343,6
"PPEF12","PPEF1",3,9.97231592631102,6
"SLC15A12","SLC15A1",5,6.65402326223102,6
"PLAC9P12","PLAC9P1",2,11.0914516335093,6
"AFP2","AFP",2,8.99193522547572,6
"AC025062.32","AC025062.3",3,10.2265060328331,6
"PI32","PI3",1,8.68587724694324,6
"KCNE42","KCNE4",2,6.96633743057182,6
"LINC009932","LINC00993",2,10.1410843724109,6
"COL2A12","COL2A1",5,7.28540074946807,6
"PON32","PON3",3,9.61883389737679,6
"SULT1C32","SULT1C3",3,10.3201488246187,6
"KYNU2","KYNU",3,9.87532292758956,6
"NPY1R2","NPY1R",2,6.70288833346534,6
"CRABP12","CRABP1",5,8.11504265812852,6
"TMEM161BP12","TMEM161BP1",2,10.442831387674,6
"PIEZO22","PIEZO2",2,9.02597024642317,6
"SHISA22","SHISA2",2,6.74739691835233,6
"A2ML12","A2ML1",5,7.65992424867288,6
"UBE2C2","UBE2C",5,9.32474293140776,6
"EREG2","EREG",2,8.62978803922592,6
"MTND3P102","MTND3P10",4,4.94110533975153,6
"NCCRP12","NCCRP1",6,7.88602200555456,6
"AC024940.22","AC024940.2",5,6.13214469411224,6
"MRPS30-DT2","MRPS30-DT",2,10.9727202618083,6
"MYBPC12","MYBPC1",3,7.31100827033847,6
"LINC022662","LINC02266",3,9.91826121267272,6
"KRT812","KRT81",5,6.94177159249474,6
"CTHRC12","CTHRC1",6,8.37090090004005,6
"SIGLEC152","SIGLEC15",4,6.96249431717691,6
"AQP52","AQP5",1,7.5487024253487,6
"NANOGP12","NANOGP1",3,10.0580339336847,6
"AP002001.12","AP002001.1",3,10.2188471105685,6
"CLDN102","CLDN10",1,6.81784841656335,6
"H4C82","H4C8",3,9.85604314501971,6
"KAZN-AS12","KAZN-AS1",3,9.79671113099469,6
"PGR2","PGR",2,11.7574459617173,6
"SRARP2","SRARP",2,8.61992295669252,6
"CALML32","CALML3",2,7.79128908807814,6
"MYBL22","MYBL2",5,8.91027186690343,6
"HGD2","HGD",3,8.81829593397887,6
"PLAAT22","PLAAT2",3,9.64945466437313,6
"UGT2B72","UGT2B7",3,9.33255635521065,6
"AC100826.12","AC100826.1",3,9.22598260671161,6
"FOXM12","FOXM1",5,9.29159155759375,6
"ANKRD30A2","ANKRD30A",2,9.76491366906206,6
"FNDC12","FNDC1",5,8.18286189370887,6
"B3GAT12","B3GAT1",3,8.97588614216696,6
"IGLC32","IGLC3",1,8.07127938338191,6
"SYCP12","SYCP1",3,9.45572282818171,6
"TMEM262","TMEM26",2,11.3249654438094,6
"GRIK1-AS12","GRIK1-AS1",2,9.61053573335873,6
"MMP112","MMP11",6,7.83137291346672,6
"AC093001.12","AC093001.1",3,10.0256855693438,6
"GNMT2","GNMT",3,9.80212478624243,6
"ADRA2A2","ADRA2A",3,7.83284595944459,6
"VGLL12","VGLL1",5,7.64534266545781,6
"MYEOV2","MYEOV",1,9.17870830678299,6
"TDRD122","TDRD12",5,5.17815088246762,6
"CEACAM62","CEACAM6",6,8.65706522800933,6
"ELOVL22","ELOVL2",2,10.670655183875,6
"CUX22","CUX2",3,9.33296531825284,6
"HAAO2","HAAO",3,10.5493784028456,6
"DEFB12","DEFB1",6,6.03649064687691,6
"VN1R53P2","VN1R53P",2,10.5882235516075,6
"CLSTN22","CLSTN2",2,11.4378213556469,6
"CP2","CP",6,5.24655096017987,6
"AL033523.12","AL033523.1",3,10.0178261041112,6
"ABCC22","ABCC2",3,10.4660109308236,6
"MSMB2","MSMB",3,8.80117347095589,6
"KRT162","KRT16",5,7.37077166149975,6
"TTC362","TTC36",3,8.26281091274718,6
"WFDC21P2","WFDC21P",6,7.04950780272911,6
"ATP1A22","ATP1A2",3,7.7649250100411,6
"JCHAIN2","JCHAIN",1,11.8301829102881,6
"LINC025412","LINC02541",3,9.216536080801,6
"AC100801.12","AC100801.1",3,6.94504596421635,6
"PI152","PI15",2,8.60146526408069,6
"CHIT12","CHIT1",2,5.41124233713145,6
"MAB21L42","MAB21L4",3,7.44168807760909,6
"CSN22","CSN2",1,5.51821251947252,6
"ALOX152","ALOX15",3,9.50379268015194,6
"NAT22","NAT2",3,10.3064802886908,6
"AGT2","AGT",6,6.75952376102653,6
"ELOVL72","ELOVL7",3,9.20942194253489,6
"AP004608.12","AP004608.1",3,8.18267226226294,6
"VSTM2L2","VSTM2L",3,8.42894698806245,6
"NAT12","NAT1",2,11.1054529870746,6
"PPP4R42","PPP4R4",2,8.07487871928091,6
"CYP4X12","CYP4X1",2,7.50236287197127,6
"MT-TD2","MT-TD",5,6.53418607122918,6
"DNER2","DNER",5,7.76749533262783,6
"FAM3D2","FAM3D",1,8.89664337540595,6
"HOXA92","HOXA9",3,5.39908058410353,6
"GAL2","GAL",5,7.60858613909194,6
"PTX32","PTX3",5,6.54224416829328,6
"H2AC82","H2AC8",3,9.54767860502603,6
"AL391097.32","AL391097.3",4,12.2246793424411,6
"TMEM45B2","TMEM45B",3,9.06232656775724,6
"HRCT12","HRCT1",5,7.62870532716972,6
"CYP4F222","CYP4F22",2,6.65355887424768,6
"SERPINA52","SERPINA5",2,9.89281266644657,6
"GRP2","GRP",2,8.84979113310498,6
"KMO2","KMO",3,8.92453416070648,6
"TMSB15A2","TMSB15A",5,8.76288030144988,6
"DIO22","DIO2",3,7.01420062730588,6
"AP005233.22","AP005233.2",1,9.2560451395309,6
"CDC202","CDC20",5,8.46424598493851,6
"NEK22","NEK2",5,8.69427917377117,6
"RN7SL314P2","RN7SL314P",4,9.50351741634137,6
"PNMT2","PNMT",3,6.49354659633663,6
"LCN22","LCN2",1,7.23336351922643,6
"OBP2B2","OBP2B",5,6.35474533629523,6
"SNORD3A2","SNORD3A",5,6.52985519761536,6
"PHGR12","PHGR1",2,8.65565009861642,6
"FGG2","FGG",6,6.70565928533778,6
"DKK12","DKK1",5,6.38290827327938,6
"LINC012522","LINC01252",3,8.60252721869507,6
"COL22A12","COL22A1",6,6.74289434994398,6
"ADH1C2","ADH1C",3,9.72924637350679,6
"C2CD4A2","C2CD4A",2,6.74920128606573,6
"LDHD2","LDHD",3,9.83109385490766,6
"Z82215.12","Z82215.1",4,13.8277289371513,6
"AP000892.42","AP000892.4",1,9.79306714766709,6
"IQGAP32","IQGAP3",5,9.29733069835438,6
"UGT2B152","UGT2B15",2,7.68041076508772,6
"SOX82","SOX8",5,8.34407353470298,6
"AC022784.12","AC022784.1",5,6.02430676928987,6
"LRG12","LRG1",2,7.27705362859535,6
"ANKRD30B2","ANKRD30B",2,11.0185911618184,6
"FAR22","FAR2",3,9.03186915542643,6
"AL356804.12","AL356804.1",3,9.56587808903828,6
"TDRD13","TDRD1",3,7.71523559737466,6
"RNU5F-12","RNU5F-1",6,7.20244870173287,6
"CASP142","CASP14",6,6.66064270333108,6
"SMR3B2","SMR3B",4,5.24314321910788,6
"LINC024322","LINC02432",3,5.90369910324003,6
"FADS22","FADS2",3,8.01397798559996,6
"TMPRSS11E2","TMPRSS11E",3,8.20520481304369,6
"NPR32","NPR3",5,8.40511094884972,6
"TNFSF112","TNFSF11",3,4.69110295852228,6
"SNORC2","SNORC",1,9.72267059179139,6
"TESC2","TESC",2,7.37180709172509,6
"PGBD52","PGBD5",6,6.74887244498991,6
"LINC011982","LINC01198",1,8.84264726503902,6
"SLCO1B12","SLCO1B1",3,9.06525671069327,6
"AC073114.12","AC073114.1",2,8.18104207220293,6
"GP22","GP2",2,9.07621605425077,6
"FOXCUT2","FOXCUT",5,8.12683141346737,6
"PRR272","PRR27",5,5.80865547603685,6
"H2AC112","H2AC11",3,9.17307270399737,6
"HLA-DRB62","HLA-DRB6",6,6.8623183624324,6
"EDN32","EDN3",1,6.86663967087984,6
"SERPINA112","SERPINA11",2,10.9217264541347,6
"LUZP22","LUZP2",2,6.69656417924123,6
"BRINP32","BRINP3",3,8.96794637352753,6
"TMEM2132","TMEM213",1,9.35848777019378,6
"TPX22","TPX2",5,8.72651500648831,6
"TMEM1582","TMEM158",5,6.93885657896499,6
"MT-TK2","MT-TK",2,5.47262650355282,6
"DCDC22","DCDC2",2,8.72912957808788,6
"FAM83D2","FAM83D",5,8.82479803708468,6
"HOXB62","HOXB6",4,5.28690084454395,6
"KRT6A2","KRT6A",5,5.94577984400254,6
"CENPA2","CENPA",5,8.64588100217499,6
"FMO32","FMO3",6,5.26866020402252,6
"NUF22","NUF2",5,8.7536834171394,6
"ZNF350-AS12","ZNF350-AS1",3,6.60154186401352,6
"APCDD1L2","APCDD1L",1,8.916223116953,6
"LINC018332","LINC01833",5,8.47506424288994,6
"AURKB2","AURKB",5,8.74143105373867,6
"CCDC1412","CCDC141",3,7.89184160146417,6
"ASPM2","ASPM",5,9.08411899517699,6
"LYPD62","LYPD6",2,11.295260239901,6
"KIF4A2","KIF4A",5,8.30236922548953,6
"SAA22","SAA2",1,9.75294310173923,6
"MARCO2","MARCO",6,7.81596676109209,6
"AC104984.42","AC104984.4",4,13.8445571419997,6
"FBN32","FBN3",5,9.49244640100499,6
"C5orf462","C5orf46",5,6.67424913067337,6
"S100A22","S100A2",5,6.48866239812431,6
"CDCA72","CDCA7",5,8.46358438099143,6
"GRIK32","GRIK3",2,7.68184119194827,6
"PCSK1N2","PCSK1N",5,8.49499321283602,6
"CECR22","CECR2",3,9.11927530984522,6
"FAR2P12","FAR2P1",2,8.6651347308875,6
"ESR12","ESR1",2,11.0035000133898,6
"LINC015542","LINC01554",1,6.74213709672572,6
"AGR22","AGR2",2,12.6970186321274,6
"DLX52","DLX5",5,8.9778479208718,6
"ROPN1B2","ROPN1B",1,8.51888455881939,6
"MPV17L2","MPV17L",3,9.77364647169414,6
"SCGB1B2P2","SCGB1B2P",2,6.95689724952345,6
"CAPN62","CAPN6",1,7.77772916318603,6
"MT1G2","MT1G",2,5.60981750419835,6
"ATP13A52","ATP13A5",3,8.36975847473289,6
"KLK72","KLK7",1,7.26139805279701,6
"IGHG32","IGHG3",1,6.99397893377248,6
"ZIC12","ZIC1",5,7.66283921753408,6
"CEP552","CEP55",5,8.84209405399045,6
"MELK2","MELK",5,8.60219316272061,6
"TNNT12","TNNT1",5,6.68052843918984,6
"CLPSL12","CLPSL1",3,7.23061505396405,6
"KLHDC7B2","KLHDC7B",6,9.8200116016373,6
"TDRD92","TDRD9",3,5.76712438847145,6
"KLK62","KLK6",1,7.05583931448093,6
"AC023509.22","AC023509.2",3,8.55667786208554,6
"EXTL12","EXTL1",5,7.44144571168925,6
"NDNF2","NDNF",3,8.54833403693809,6
"SLC5A82","SLC5A8",2,6.1493409020283,6
"DIO32","DIO3",3,7.71063693177524,6
"FGFR32","FGFR3",2,8.53449195634202,6
"DCD2","DCD",2,6.42251797420459,6
"ALDH3B22","ALDH3B2",3,9.13429789455735,6
"AKR1C32","AKR1C3",3,7.86415283086165,6
"C16orf892","C16orf89",2,8.93673137700968,6
"NEK102","NEK10",2,10.2832255745376,6
"BIRC52","BIRC5",5,7.67755355047091,6
"C2CD4B2","C2CD4B",3,6.15905613376687,6
"DEPDC12","DEPDC1",5,8.52254612230385,6
"FBN22","FBN2",3,5.36212234464618,6
"HBA12","HBA1",1,6.61470034027029,6
"AC099508.12","AC099508.1",3,9.24977606584713,6
"COL11A12","COL11A1",5,6.27670639156194,6
"ADAMTS152","ADAMTS15",2,11.2406014660787,6
"NRN12","NRN1",6,5.77030454021426,6
"OTX12","OTX1",5,8.72999723312814,6
"FSIP22","FSIP2",3,6.48084633328904,6
"KIF2C2","KIF2C",5,8.59684235781479,6
"ZNF385B2","ZNF385B",2,7.3717430820619,6
"AL121790.12","AL121790.1",4,6.82012262257557,6
"COL10A12","COL10A1",5,5.7817409732044,6
"GRIA22","GRIA2",1,5.26569460020758,6
"RSAD22","RSAD2",6,9.32935076458947,6
"ARHGAP402","ARHGAP40",2,8.44723625522399,6
"KLHDC7A2","KLHDC7A",2,7.88189107903094,6
"GJB22","GJB2",5,6.73690742772199,6
"ACSM32","ACSM3",3,7.67401125167077,6
"AP000851.12","AP000851.1",1,10.05176796533,6
"RPL102","RPL10",2,5.61266317729796,6
"MAEL2","MAEL",4,6.10132326856483,6
"TNFRSF11B2","TNFRSF11B",2,5.74547049596358,6
"SLC13A22","SLC13A2",1,10.5276519399734,6
"GLYATL22","GLYATL2",5,4.75138606747251,6
"RN7SL674P2","RN7SL674P",2,10.6524698097169,6
"CBX22","CBX2",5,8.48879870582584,6
"AC025154.22","AC025154.2",5,7.47363619744314,6
"GBP52","GBP5",6,10.3922335872938,6
"SLC25A182","SLC25A18",3,9.82918691919689,6
"GRIA42","GRIA4",1,7.11149215837841,6
"PTTG12","PTTG1",5,8.11542944018838,6
"LY6K2","LY6K",5,6.8226274920889,6
"C72","C7",1,9.22579266542614,6
"AC008459.12","AC008459.1",1,6.7237909526241,6
"LINC019562","LINC01956",5,8.42934357051469,6
"PTGS22","PTGS2",1,7.78056730785979,6
"SLC28A32","SLC28A3",1,9.63508629889643,6
"CHAD2","CHAD",2,8.31578418972907,6
"LAMP32","LAMP3",6,9.45892854670581,6
"RIMS22","RIMS2",3,7.97770995917435,6
"AC119673.32","AC119673.3",5,5.07910848821151,6
"ANLN2","ANLN",5,8.31835269590194,6
"RET2","RET",2,7.85260343179805,6
"NXNL22","NXNL2",2,10.6248365079322,6
"NOVA12","NOVA1",2,9.10007178760593,6
"IGF2BP32","IGF2BP3",5,5.85645404690199,6
"SPTSSB2","SPTSSB",2,7.14485544968703,6
"GDF152","GDF15",3,6.16996982793099,6
"AK52","AK5",2,7.74089476074924,6
"DLGAP52","DLGAP5",5,8.22818558306432,6
"SLC34A22","SLC34A2",1,9.42189854485962,6
"IL322","IL32",6,8.91565312460745,6
"DLK12","DLK1",1,6.96034519338949,6
"CAPN82","CAPN8",2,11.4426427024476,6
"GBP42","GBP4",6,10.1620881260449,6
"VSIG10L22","VSIG10L2",2,8.93673437291864,6
"CELF42","CELF4",5,8.50829510094988,6
"CRYBB22","CRYBB2",1,4.59578456879979,6
"ACKR22","ACKR2",6,7.32879342535168,6
"CEL2","CEL",5,5.37015791267977,6
"SNTG2-AS12","SNTG2-AS1",3,6.26031302489669,6
"LINC026072","LINC02607",1,6.99509173920168,6
"PITX12","PITX1",6,7.33718945323806,6
"CXCL22","CXCL2",1,10.8852431868282,6
"COL11A22","COL11A2",5,7.22960699928669,6
"KLHL312","KLHL31",3,8.42428847792944,6
"FOXI12","FOXI1",1,8.29319260459166,6
"RIMS12","RIMS1",3,7.56283878975308,6
"KLK102","KLK10",1,7.11877796688459,6
"HJURP2","HJURP",5,8.54768603479803,6
"FUT32","FUT3",3,6.88047615383652,6
"AC010280.12","AC010280.1",3,9.98099827307049,6
"IYD2","IYD",3,8.90842416206748,6
"MMP72","MMP7",1,9.1459396729641,6
"FMO52","FMO5",3,8.30465948168015,6
"GATA3-AS12","GATA3-AS1",2,9.80506469500034,6
"FYB22","FYB2",2,9.37730160325557,6
"MTCYBP132","MTCYBP13",4,7.00134105102899,6
"PRSS212","PRSS21",2,4.81662216645802,6
"HSPB82","HSPB8",2,9.08111102410811,6
"CLGN2","CLGN",2,8.13377532581801,6
"EEF1A22","EEF1A2",2,10.2974586158135,6
"AC008268.12","AC008268.1",2,7.98924951153518,6
"TSPAN13","TSPAN1",2,10.5540968845808,6
"CADM32","CADM3",2,6.38937628216635,6
"OLAH2","OLAH",5,5.84566432758009,6
"FGB2","FGB",6,5.92846116181042,6
"SULT1C42","SULT1C4",1,6.02038090680887,6
"ONECUT22","ONECUT2",3,5.83509288376462,6
"COL4A62","COL4A6",2,8.0244683357909,6
"PTN2","PTN",1,7.90226221982949,6
"TRIM362","TRIM36",3,8.81763988427722,6
"KIF20A2","KIF20A",5,8.22642101238115,6
"ECRG42","ECRG4",1,8.60470920651273,6
"SPAG172","SPAG17",2,7.678091406102,6
"CDCA52","CDCA5",5,8.37438365830849,6
"AC137932.32","AC137932.3",4,14.1099208803018,6
"IFI44L2","IFI44L",6,9.21091406497348,6
"SLITRK62","SLITRK6",2,8.82866674438907,6
"MAOA2","MAOA",3,6.4104185271755,6
"GSDMC2","GSDMC",6,7.2880509735651,6
"FOXD12","FOXD1",5,7.17446688294323,6
"RPL10P92","RPL10P9",2,5.09376794680258,6
"AC106045.12","AC106045.1",3,7.74912559913506,6
"CXCL82","CXCL8",6,6.85845529207224,6
"WNK42","WNK4",2,10.5078534768225,6
"ACSBG12","ACSBG1",4,7.50367433189185,6
"CRLF12","CRLF1",5,7.10272573390183,6
"PKMYT12","PKMYT1",5,8.42096430452239,6
"ADGRL32","ADGRL3",2,5.95745369468576,6
"C2orf722","C2orf72",3,6.94509062596206,6
"AADAT2","AADAT",3,8.21545025326633,6
"ATP6V1C22","ATP6V1C2",5,7.07735633462615,6
"FAM111B2","FAM111B",5,7.22153482844188,6
"PBK2","PBK",5,8.18143895446974,6
"MCM102","MCM10",5,8.22037848524561,6
"GRB142","GRB14",5,7.79575766044752,6
"GNG42","GNG4",5,7.69668752611269,6
"HOXB52","HOXB5",4,5.25167343758273,6
"NLRP22","NLRP2",5,6.3457101332187,6
"SMYD12","SMYD1",1,6.63242413734173,6
"LRP22","LRP2",2,8.81112982394568,6
"ADH1B2","ADH1B",1,8.91180547931014,6
"AC021066.12","AC021066.1",5,5.8516794935034,6
"NFE42","NFE4",5,5.20632603254694,6
"LINC011332","LINC01133",6,6.8835387053251,6
"H2BC42","H2BC4",3,8.61283812935942,6
"NDUFA4L22","NDUFA4L2",3,5.73102974753293,6
"GABRB32","GABRB3",3,6.89303446992648,6
"DRAIC2","DRAIC",2,7.42047417101718,6
"MKI672","MKI67",5,8.20943991209793,6
"XDH2","XDH",1,6.30922227441156,6
"NCAM12","NCAM1",1,6.81972049022665,6
"ASCL22","ASCL2",3,8.20046869205813,6
"QPCT2","QPCT",5,7.14114254827492,6
"LOXL42","LOXL4",1,8.74689228660953,6
"FAM3B2","FAM3B",1,7.98282624529719,6
"LIN7A2","LIN7A",2,6.47474585773211,6
"LIF2","LIF",6,6.19953816096034,6
"SLCO1A22","SLCO1A2",1,7.19346023257223,6
"DACH12","DACH1",2,10.2784046471227,6
"ADCY12","ADCY1",2,9.31939961573167,6
"GLYATL12","GLYATL1",3,6.67953446608017,6
"FTCD2","FTCD",3,6.46380324866944,6
"TRABD2B2","TRABD2B",1,7.81601017088215,6
"AFAP1-AS12","AFAP1-AS1",6,6.12952471189883,6
"FOXC22","FOXC2",1,6.49757982965785,6
"SECTM12","SECTM1",6,10.231051653193,6
"KRT142","KRT14",1,9.53467394692573,6
"ARNTL22","ARNTL2",6,7.66210742422721,6
"PLPPR32","PLPPR3",2,9.85817290352242,6
"BMP72","BMP7",5,6.42090296108127,6
"FGF102","FGF10",2,6.43782650986843,6
"CAPN132","CAPN13",3,7.46845199633968,6
"ATP13A42","ATP13A4",3,8.75666578918854,6
"SIM22","SIM2",5,7.68269375766719,6
"RRM22","RRM2",5,8.03246614502794,6
"HEPACAM22","HEPACAM2",2,8.63092964119543,6
"HOXA102","HOXA10",3,5.48816874503502,6
"DNALI12","DNALI1",2,10.4731351020357,6
"RARRES12","RARRES1",1,8.46894015224407,6
"ABCC82","ABCC8",2,9.17051552342478,6
"GABRE2","GABRE",3,6.78542284343711,6
"COL9A32","COL9A3",5,8.13594615122274,6
"DSG32","DSG3",1,7.48352700959131,6
"POU3F32","POU3F3",4,6.19078435422815,6
"AREG2","AREG",2,9.11676542698805,6
"SOSTDC12","SOSTDC1",1,8.15677073025968,6
"AC093866.12","AC093866.1",2,6.32849626291833,6
"CDH22","CDH2",5,5.81720165852951,6
"SLC6A142","SLC6A14",1,9.20868385702365,6
"S100A92","S100A9",6,9.47669071688389,6
"CACNA1H2","CACNA1H",2,6.84265755450805,6
"CA5BP12","CA5BP1",6,5.65570478755092,6
"APOD2","APOD",3,9.10569962586437,6
"KLK52","KLK5",1,7.43934529716568,6
"CDK12","CDK1",5,8.10742387620648,6
"MAP7D22","MAP7D2",5,6.76909602606684,6
"LINC005042","LINC00504",2,11.3327959363451,6
"MSX22","MSX2",2,8.12889336873035,6
"SUSD32","SUSD3",2,10.2039348223561,6
"LTB2","LTB",6,9.77183381673535,6
"TMEM63C2","TMEM63C",3,8.25184910192308,6
"GABBR22","GABBR2",5,6.62389341957631,6
"H2BC92","H2BC9",5,5.96401105733273,6
"TUBB2B2","TUBB2B",1,6.72856084774991,6
"PAMR12","PAMR1",1,9.55945438137043,6
"ERICH32","ERICH3",2,8.82559050565463,6
"DIO12","DIO1",2,6.56206815662623,6
"SERPINA13","SERPINA1",2,7.31168875840373,6
"LINC010182","LINC01018",3,8.74706781909083,6
"EAF22","EAF2",3,8.7811832316272,6
"SLC7A22","SLC7A2",2,10.397161763042,6
"PPP1R14C2","PPP1R14C",5,5.8286298788334,6
"KIF142","KIF14",5,8.46245121800064,6
"SLC44A42","SLC44A4",2,9.40791407866794,6
"RFLNA2","RFLNA",5,5.89858486129774,6
"OLFML32","OLFML3",3,7.69595728527803,6
"CCNE12","CCNE1",5,7.79364383621732,6
"KANK42","KANK4",5,7.98312218950339,6
"FAM83A2","FAM83A",6,5.05629280298584,6
"LRRC152","LRRC15",6,6.88110809865464,6
"ATP6V0A42","ATP6V0A4",1,6.40697988781466,6
"MMP18","MMP1",6,6.81328670624373,6
"DGKI2","DGKI",1,5.15466461950869,6
"MFAP52","MFAP5",5,5.2294409741609,6
"CMPK22","CMPK2",6,8.77426587607797,6
"TTN2","TTN",3,7.86033573986733,6
"CHST82","CHST8",2,9.01691699048357,6
"SMIM312","SMIM31",3,6.06662816905666,6
"SLITRK42","SLITRK4",3,4.81217169591518,6
"MOGAT22","MOGAT2",3,8.18852786442221,6
"AL031777.22","AL031777.2",3,7.79436651844815,6
"CHRM32","CHRM3",5,8.24752641819787,6
"AC116407.12","AC116407.1",3,8.1878141385384,6
"SLC44A52","SLC44A5",3,6.65824586357335,6
"TERB22","TERB2",3,9.14436569951538,6
"INSYN2B2","INSYN2B",1,8.62608464447107,6
"SIX12","SIX1",3,6.70456610974259,6
"L1CAM2","L1CAM",6,6.33851124025646,6
"CLDN13","CLDN1",3,6.38745396834392,6
"SCUBE22","SCUBE2",2,10.1255650599663,6
"Z95114.12","Z95114.1",3,7.56707555661742,6
"ELN2","ELN",5,6.24218102042933,6
"ZBTB162","ZBTB16",3,7.15392134266139,6
"CCNB22","CCNB2",5,8.54827631173088,6
"SNORA2B2","SNORA2B",2,6.71692860229584,6
"IFIT12","IFIT1",6,8.60994427986445,6
"ALX42","ALX4",1,7.85019760306484,6
"ROPN12","ROPN1",1,8.70036249074539,6
"TINCR2","TINCR",5,6.88220847096354,6
"B3GALT52","B3GALT5",1,7.34251702360414,6
"SGO12","SGO1",5,8.09809179033686,6
"FGFR42","FGFR4",3,7.86021137024749,6
"VSIG22","VSIG2",2,7.56662476840418,6
"ASPN2","ASPN",6,4.47573003083885,6
"LPL2","LPL",1,7.14149100593625,6
"LINC018192","LINC01819",1,7.69432356059052,6
"HOXB72","HOXB7",6,5.24205214168848,6
"CXCL14","CXCL1",1,6.75429597568377,6
"AKR7A32","AKR7A3",2,6.99741928944978,6
"SLC9A22","SLC9A2",3,7.45010595364649,6
"SLC2A142","SLC2A14",3,7.22418252402844,6
"SEMA6D2","SEMA6D",2,7.02839906404088,6
"SMC1B2","SMC1B",5,7.53090281220525,6
"IGF2BP22","IGF2BP2",1,9.12778997381294,6
"MUC152","MUC15",1,8.14748191631407,6
"BTNL92","BTNL9",1,7.12714668120569,6
"C2orf882","C2orf88",1,9.17979573590448,6
"EWSAT12","EWSAT1",2,10.0406252829412,6
"FGFBP12","FGFBP1",1,6.57401014294636,6
"NDC802","NDC80",5,8.23569304955303,6
"PLEKHG72","PLEKHG7",3,7.51817674721837,6
"SOCS32","SOCS3",1,7.89654887775379,6
"BUB1B2","BUB1B",5,8.59474453235695,6
"RAB3B2","RAB3B",3,7.80247546354521,6
"CADM22","CADM2",3,6.87874028665295,6
"DLGAP12","DLGAP1",5,6.03940835796339,6
"VCAM12","VCAM1",6,8.4422727717921,6
"RASD22","RASD2",5,7.35355795675154,6
"SLC5A112","SLC5A11",3,8.3029232973755,6
"HOXA10-AS2","HOXA10-AS",3,6.4868172241555,6
"TOB1-AS12","TOB1-AS1",3,9.36532818094415,6
"RAD51AP12","RAD51AP1",5,8.09230158922366,6
"PNLDC12","PNLDC1",5,5.23463009213278,6
"NOP56P32","NOP56P3",4,6.99458553940242,6
"KLK32","KLK3",2,5.69087047131909,6
"ANGPT12","ANGPT1",5,6.8445932291993,6
"SCRG12","SCRG1",5,7.7828947864024,6
"ANKRD20A11P2","ANKRD20A11P",2,6.39171766335876,6
"BMP52","BMP5",1,5.50237142547924,6
"MFSD4A2","MFSD4A",5,7.11055319394491,6
"SLC43A12","SLC43A1",3,8.39663967878013,6
"LRRC312","LRRC31",3,6.92976367187913,6
"AP002001.22","AP002001.2",3,9.16424494160306,6
"IGLC72","IGLC7",1,6.20654693257503,6
"HRK2","HRK",5,8.37894678464536,6
"MMP132","MMP13",5,6.42667311234318,6
"LINC025932","LINC02593",2,7.8590888912659,6
"AURKA2","AURKA",5,7.63181269239447,6
"OAS22","OAS2",6,9.44635541479637,6
"GUCY2D2","GUCY2D",3,8.20873163107466,6
"MMP122","MMP12",6,7.43437189875102,6
"H192","H19",5,4.44573642408903,6
"LINC012352","LINC01235",1,8.19958858019523,6
"BBOX12","BBOX1",1,10.1193879376066,6
"HLA-DQA22","HLA-DQA2",6,6.72593311916236,6
"HAS32","HAS3",1,7.96507647657483,6
"KIF18B2","KIF18B",5,8.28064009348237,6
"SLC38A42","SLC38A4",3,8.26861596036163,6
"DPT2","DPT",1,9.49342416384867,6
"RAMP32","RAMP3",2,7.88947512074779,6
"DTL2","DTL",5,8.36172116088507,6
"CST62","CST6",2,5.66766209137199,6
"GREB12","GREB1",2,10.9162151520381,6
"EGF2","EGF",1,7.64990635960115,6
"CDCA82","CDCA8",5,8.30847780369239,6
"LMO32","LMO3",5,6.90543989995558,6
"ABO2","ABO",1,6.24381877970957,6
"CENPW2","CENPW",5,7.41446309080823,6
"DCX2","DCX",1,6.90408547746293,6
"C4BPA2","C4BPA",1,9.07176643813123,6
"SGPP22","SGPP2",3,7.83090548641882,6
"C6orf152","C6orf15",5,7.46146101562936,6
"GPX22","GPX2",2,5.97085653833326,6
"CHI3L12","CHI3L1",1,7.87674303447358,6
"KCNK52","KCNK5",5,8.64877661556211,6
"CKS1B2","CKS1B",5,6.75299365687183,6
"DUOXA12","DUOXA1",3,7.1059671149349,6
"MED4-AS12","MED4-AS1",3,8.11235932524224,6
"CD362","CD36",3,6.46183654724734,6
"BEX12","BEX1",2,6.44952141937467,6
"LINC011392","LINC01139",5,6.66460083353843,6
"CCZ1B2","CCZ1B",2,6.1376817356041,6
"REEP62","REEP6",3,8.1471894074712,6
"B3GNT32","B3GNT3",1,6.9859682489006,6
"SPC242","SPC24",5,7.61754425847766,6
"SCARA52","SCARA5",1,9.72700353108645,6
"CHST92","CHST9",1,9.0348705036653,6
"CDCA32","CDCA3",5,8.65987229170459,6
"ABCC42","ABCC4",3,6.73754282324175,6
"CENPF2","CENPF",5,8.56411146126095,6
"HOTAIR2","HOTAIR",3,6.63647921431834,6
"NUDT82","NUDT8",3,9.05443173576549,6
"CCDC1702","CCDC170",2,10.811570416805,6
"AC103718.12","AC103718.1",6,7.30804499246958,6
"NEURL32","NEURL3",1,9.20897116512023,6
"ADCYAP12","ADCYAP1",5,4.5246691901219,6
"PSCA2","PSCA",6,6.45509088884143,6
"CAPN112","CAPN11",1,7.78283750025908,6
"ZNF2082","ZNF208",2,7.0393351393273,6
"KRT6B2","KRT6B",1,7.52150975163137,6
"SLC12A12","SLC12A1",5,6.31444951638152,6
"ERBB42","ERBB4",2,9.22847279641079,6
"ADGRF12","ADGRF1",1,5.52671319917283,6
"PRR152","PRR15",2,9.30846241098295,6
"TMC52","TMC5",2,8.25717883680124,6
"CCL182","CCL18",6,6.79603669757345,6
"TBX12","TBX1",5,6.52681372034313,6
"SAA42","SAA4",1,8.83989128626886,6
"NCAPG2","NCAPG",5,7.83658821251204,6
"STEAP42","STEAP4",3,6.31379669132364,6
"AP006248.42","AP006248.4",2,7.68748856844835,6
"DIAPH32","DIAPH3",5,7.97525662442013,6
"TOP2A2","TOP2A",5,8.19851301042216,6
"PLK12","PLK1",5,8.36777669512187,6
"OXER12","OXER1",3,7.55602219687667,6
"FOXQ12","FOXQ1",1,5.38996586651632,6
"NRXN32","NRXN3",2,6.82688381455477,6
"CCL192","CCL19",6,6.44244838314864,6
"TPRG12","TPRG1",2,7.76534638429425,6
"CDC452","CDC45",5,8.09466538876636,6
"BUB12","BUB1",5,8.41900218755014,6
"PLP12","PLP1",5,6.18532200177151,6
"TFF22","TFF2",4,5.62332148170554,6
"CCNA22","CCNA2",5,7.71636519221622,6
"COLCA12","COLCA1",1,5.87583984212737,6
"STK32B2","STK32B",2,9.89038309748162,6
"MAGEA42","MAGEA4",4,5.95164483009446,6
"COL9A12","COL9A1",5,8.00474533050334,6
"PSAT12","PSAT1",5,7.94588488297419,6
"EYS2","EYS",3,8.36836562506965,6
"CHRD2","CHRD",2,8.62267134735017,6
"PPARGC1A2","PPARGC1A",5,6.81503534942018,6
"CDKN32","CDKN3",5,7.70394966797851,6
"MUC72","MUC7",4,5.44743842579158,6
"RCOR22","RCOR2",5,8.3776279908146,6
"NLGN4X2","NLGN4X",1,7.40727166350703,6
"ELAVL22","ELAVL2",5,6.04788453189438,6
"HOXB42","HOXB4",2,5.7824492319473,6
"PPP1R1A2","PPP1R1A",5,6.42210251153645,6
"MYBL12","MYBL1",5,7.22906457108736,6
"PI162","PI16",1,8.07524038288142,6
"UBE2T2","UBE2T",5,8.39886762806132,6
"ADM3","ADM",6,5.23421954097874,6
"FAIM22","FAIM2",3,7.24015192977413,6
"HS6ST22","HS6ST2",2,5.31112019560892,6
"PAX62","PAX6",5,5.34684034807661,6
"FLT32","FLT3",2,6.27122369459111,6
"AL117329.12","AL117329.1",5,5.95918996309181,6
"CAMP2","CAMP",6,5.58051271941839,6
"RP12","RP1",2,8.42660393675522,6
"POU2AF12","POU2AF1",1,8.29176994443718,6
"SEPTIN32","SEPTIN3",5,7.69833809357309,6
"RRAD2","RRAD",1,5.7279486783699,6
"CCNE22","CCNE2",5,7.52974588545874,6
"HOXC112","HOXC11",3,6.65740730637435,6
"AQP32","AQP3",3,7.87992550796097,6
"S100A12","S100A1",5,7.1833735373657,6
"E2F12","E2F1",5,8.05723469841256,6
"RANBP3L2","RANBP3L",2,6.76029994917778,6
"CCL52","CCL5",6,9.31543541009408,6
"BARX12","BARX1",5,6.57971196101745,6
"IL342","IL34",1,6.43544889885828,6
"AC009107.22","AC009107.2",4,13.393194072856,6
"CDCA22","CDCA2",5,7.57142028641223,6
"AL359555.42","AL359555.4",5,7.94303545573405,6
"SOCS2-AS12","SOCS2-AS1",2,6.10918802219261,6
"ADAM22","ADAM2",3,9.24992291438438,6
"RAB6C-AS12","RAB6C-AS1",2,9.63247095587133,6
"IL332","IL33",1,9.41466902576597,6
"FOLR12","FOLR1",1,9.12892770864845,6
"IL4I12","IL4I1",6,9.96080053148124,6
"SHC42","SHC4",5,7.81099119573009,6
"PTGDS2","PTGDS",1,9.00238844628634,6
"STAG32","STAG3",5,5.90930488710679,6
"RMST2","RMST",2,8.14780747787432,6
"COMP2","COMP",5,5.23304629491785,6
"MZB12","MZB1",1,6.39268972890726,6
"PTCHD12","PTCHD1",1,9.20130475981389,6
"LYPD6B2","LYPD6B",2,9.71931595342614,6
"RND12","RND1",3,7.10757218350211,6
"AC099654.52","AC099654.5",4,7.15211631650972,6
"CACNG42","CACNG4",2,8.74253146544267,6
"SCNN1B2","SCNN1B",3,5.86719346185464,6
"GATA22","GATA2",2,6.64515421947707,6
"PTH2R2","PTH2R",5,6.01078208177757,6
"KIF152","KIF15",5,7.63058080316503,6
"CA42","CA4",3,7.69895831654268,6
"FOSB2","FOSB",1,7.33414902314835,6
"ST6GALNAC12","ST6GALNAC1",3,8.4014309167955,6
"PTPRT2","PTPRT",2,8.44919287461288,6
"CX3CR12","CX3CR1",1,7.41969953306189,6
"PLAAT52","PLAAT5",2,7.53340463351592,6
"HPX2","HPX",2,8.03650494253961,6
"LINC021882","LINC02188",1,8.95581382070835,6
"IGSF212","IGSF21",2,7.89812718484896,6
"NRXN12","NRXN1",2,5.60818442194522,6
"CES32","CES3",3,7.08854803920496,6
"CEROX12","CEROX1",1,8.54700709529794,6
"WNT42","WNT4",2,7.54577655620466,6
"IFIT32","IFIT3",6,9.45085635725549,6
"SMOC12","SMOC1",5,6.59435209139916,6
"PNPLA32","PNPLA3",5,6.0159744417898,6
"OGN2","OGN",1,6.31506871157339,6
"ADCY22","ADCY2",3,6.53937764189033,6
"AL355916.22","AL355916.2",3,8.65841288019632,6
"RTP42","RTP4",6,7.73255920649143,6
"NCAM22","NCAM2",2,8.02515834637324,6
"KRT232","KRT23",5,6.10209753964794,6
"CXCL52","CXCL5",1,8.03442624141595,6
"LINC025682","LINC02568",2,6.75927661312088,6
"LRRN32","LRRN3",2,6.7340227390175,6
"ISG152","ISG15",6,10.3479263834788,6
"ADD22","ADD2",5,8.07935909263773,6
"C5orf172","C5orf17",4,5.43303024479892,6
"CSTA2","CSTA",3,5.13839278591077,6
"TRIP132","TRIP13",5,8.1284555932691,6
"SNORA312","SNORA31",4,9.16834626081278,6
"ABCC62","ABCC6",2,6.67006635768313,6
"AC021148.32","AC021148.3",3,7.6983574862532,6
"SYTL52","SYTL5",2,9.25172098982493,6
"ZP22","ZP2",3,8.5656920607332,6
"MECOM2","MECOM",3,6.90297708930722,6
"AF001548.32","AF001548.3",1,8.31684364775407,6
"QPRT2","QPRT",3,7.54491613155651,6
"SRPK32","SRPK3",6,5.76193455097205,6
"TMCC32","TMCC3",3,7.84304446531728,6
"HEY22","HEY2",1,7.17370652665118,6
"AC012358.42","AC012358.4",3,8.46612127090771,6
"LINC027012","LINC02701",3,8.64273419379641,6
"C6orf1412","C6orf141",5,7.14366740540854,6
"ST6GALNAC52","ST6GALNAC5",1,5.7853480009267,6
"AC018865.32","AC018865.3",2,8.34111031388346,6
"MLC12","MLC1",5,7.44789068798486,6
"LINC024732","LINC02473",5,7.22711639033585,6
"HMGB1P112","HMGB1P11",3,8.65268653962714,6
"FSIP12","FSIP1",2,7.58039551564382,6
"LINC008622","LINC00862",2,7.68684727468368,6
"FRZB2","FRZB",2,6.61995143744279,6
"SLC14A12","SLC14A1",1,7.00998600350623,6
"NEURL12","NEURL1",6,5.7050200228548,6
"GFRA32","GFRA3",5,8.91741387401823,6
"KLRG22","KLRG2",5,8.66088845924175,6
"TYMS2","TYMS",5,8.34190351549874,6
"HPSE22","HPSE2",1,7.91494152731537,6
"ANGPTL42","ANGPTL4",1,7.50215220295365,6
"THBS22","THBS2",6,6.28758650113888,6
"NRIP32","NRIP3",2,9.37189377879857,6
"FAM107A2","FAM107A",1,5.71623684191882,6
"CDSN2","CDSN",2,6.98855105192005,6
"NTS2","NTS",4,5.57699175789113,6
"RNU6-195P2","RNU6-195P",4,9.82590383398805,6
"PCDHB32","PCDHB3",4,5.24356601171559,6
"FUT22","FUT2",6,6.23766624414116,6
"AC080013.42","AC080013.4",1,6.97647377855358,6
"CKAP2L2","CKAP2L",5,7.90776005522659,6
"UNC5A2","UNC5A",3,7.19633715408559,6
"CEACAM52","CEACAM5",2,5.53354555946909,6
"ZFP572","ZFP57",5,5.07401481788814,6
"PKP12","PKP1",1,7.95841655530184,6
"H3C102","H3C10",3,6.17231374453155,6
"LGR62","LGR6",1,6.93457011817355,6
"SPINK52","SPINK5",1,5.79894758781631,6
"IGDCC32","IGDCC3",2,8.62258727929085,6
"HSD17B22","HSD17B2",3,7.11124531857011,6
"POLQ2","POLQ",5,7.8261835839627,6
"EDN22","EDN2",5,5.71138841668703,6
"LINC006322","LINC00632",5,6.5420932487746,6
"ADAM332","ADAM33",1,9.19476725812911,6
"HOXB22","HOXB2",2,6.73075344701409,6
"ITIH22","ITIH2",2,6.60825189376429,6
"HAPLN12","HAPLN1",5,5.09954089283819,6
"SOCS22","SOCS2",2,6.40529498419479,6
"PWWP3B2","PWWP3B",2,8.18045009607222,6
"PCOLCE22","PCOLCE2",5,6.79056518587261,6
"PAPSS22","PAPSS2",3,8.13660599307549,6
"CNTFR2","CNTFR",5,6.20388343447557,6
"TCIM2","TCIM",2,6.58625098843175,6
"SULT1C22","SULT1C2",3,6.89919731375106,6
"PIMREG2","PIMREG",5,8.78872589953201,6
"LGALS122","LGALS12",3,6.70268096681644,6
"TTK2","TTK",5,8.01908839402046,6
"CDT12","CDT1",5,8.11193206898279,6
"SKA32","SKA3",5,8.12539698870574,6
"SFRP42","SFRP4",1,4.51338002504065,6
"TAC12","TAC1",1,6.91473524136537,6
"EGR32","EGR3",1,7.22198110947048,6
"HOXB32","HOXB3",2,7.41851282643077,6
"SPIB2","SPIB",6,6.79048141678093,6
"CD79A2","CD79A",1,8.25639456533101,6
"NGFR2","NGFR",1,8.38329685854559,6
"GSN-AS12","GSN-AS1",4,11.2788948945794,6
"SYT82","SYT8",1,6.97148864790383,6
"HERC2P32","HERC2P3",1,6.29044934647545,6
"EXO12","EXO1",5,7.66150086536793,6
"AC012349.12","AC012349.1",2,6.02041376923107,6
"IL7R2","IL7R",1,9.10015897476693,6
"APBA22","APBA2",5,7.19193402196704,6
"TRPM82","TRPM8",5,6.55599661459521,6
"H4C52","H4C5",3,6.35325312893802,6
"KCNJ162","KCNJ16",1,6.67073488616085,6
"RERGL2","RERGL",1,6.02225724479696,6
"SHOX22","SHOX2",3,7.58908404540589,6
"RYR22","RYR2",3,6.54763956299646,6
"LINP12","LINP1",5,5.61501858105726,6
"ABCG22","ABCG2",1,8.56799574157236,6
"U62317.12","U62317.1",6,7.31665933454501,6
"SLC1A12","SLC1A1",2,6.01867213732212,6
"CLEC2L2","CLEC2L",5,6.76297194538381,6
"SYNPO2L2","SYNPO2L",2,5.54533259848534,6
"AP003119.32","AP003119.3",3,7.84519296524134,6
"MPZ2","MPZ",1,6.72365000332023,6
"PRC12","PRC1",5,7.90932521568225,6
"NRG12","NRG1",1,8.87767138203472,6
"CTSV2","CTSV",5,6.4904580927618,6
"ANKRD36BP22","ANKRD36BP2",1,5.54291371012984,6
"CYP4B12","CYP4B1",2,6.63805450098062,6
"CHI3L22","CHI3L2",6,6.54842288031007,6
"RNF1282","RNF128",1,6.88409062735979,6
"SAMD112","SAMD11",2,7.62771200702249,6
"PTGIS2","PTGIS",5,6.33601032160368,6
"SIM12","SIM1",5,6.34735243828844,6
"RMI22","RMI2",5,7.09444365633535,6
"RAD54L2","RAD54L",5,7.79263076342482,6
"AKR1C12","AKR1C1",5,5.14918335391371,6
"NSG12","NSG1",1,7.59627589238479,6
"TNN2","TNN",1,7.28174858835998,6
"IL17B2","IL17B",2,7.29879949346697,6
"C15orf482","C15orf48",2,8.58376782289536,6
"KIF26B2","KIF26B",5,6.68822175243653,6
"NKAIN12","NKAIN1",2,6.6832919885841,6
"DGAT22","DGAT2",5,7.86652597235042,6
"LINC012262","LINC01226",3,7.71008624127764,6
"C11orf962","C11orf96",1,5.45847722277977,6
"LEMD12","LEMD1",5,7.49142520979019,6
"PWP22","PWP2",5,5.77517350912874,6
"AC026124.12","AC026124.1",1,8.07147717709568,6
"DIRAS32","DIRAS3",2,7.29185692375779,6
"TROAP2","TROAP",5,7.94834837188424,6
"EMILIN32","EMILIN3",3,5.51148526331544,6
"SLC41A22","SLC41A2",3,7.99708183765817,6
"IFI442","IFI44",6,8.24420698333902,6
"EPSTI12","EPSTI1",6,9.46294038388834,6
"GINS12","GINS1",5,7.67932489432845,6
"AP000356.12","AP000356.1",3,8.29045443792969,6
"FUT62","FUT6",1,5.79395007084588,6
"EPHA72","EPHA7",5,6.87065597954806,6
"ZFP422","ZFP42",5,6.49691015746078,6
"FAM198B-AS12","FAM198B-AS1",2,8.01055186403382,6
"IL22RA22","IL22RA2",1,7.01039410875413,6
"AMTN2","AMTN",6,5.88514563524224,6
"TP632","TP63",1,9.8610931886093,6
"CCL3L32","CCL3L3",6,6.22116286309784,6
"GPC32","GPC3",1,8.58941195985754,6
"GPR122","GPR12",5,6.23508561302539,6
"NEFH2","NEFH",1,4.96550814139395,6
"PCDHB22","PCDHB2",5,5.03045063646084,6
"LINGO12","LINGO1",5,6.06946452378189,6
"C19orf812","C19orf81",2,5.85699675784412,6
"WNT62","WNT6",5,6.57698492715377,6
"PRELP2","PRELP",1,7.15585493006471,6
"MUC192","MUC19",2,6.5954282823091,6
"RBP42","RBP4",1,5.46870170233443,6
"RASL10A2","RASL10A",1,8.56873323506911,6
"PEG32","PEG3",1,5.88103593752622,6
"CILP2","CILP",6,6.19919483659809,6
"BCL2A12","BCL2A1",6,8.71451315285193,6
"OSGIN12","OSGIN1",3,7.65817586346563,6
"DNAJC122","DNAJC12",2,9.4850942199335,6
"ECM12","ECM1",2,6.9283658208445,6
"BMP62","BMP6",5,5.87111479300785,6
"SOWAHA2","SOWAHA",2,7.46085616295098,6
"PPP2R2C2","PPP2R2C",2,6.37895206629467,6
"MNX12","MNX1",5,5.88091713088432,6
"ADAMTS172","ADAMTS17",3,6.82361870988006,6
"AL162413.12","AL162413.1",5,6.46539545222019,6
"ABCA132","ABCA13",5,5.87314570043523,6
"DNAAF12","DNAAF1",2,9.98505202693912,6
"DUOX12","DUOX1",3,7.03760848742951,6
"CCN32","CCN3",1,6.37919385267338,6
"PCAT192","PCAT19",5,4.89740078841991,6
"LINC020152","LINC02015",2,5.742148532362,6
"CAVIN22","CAVIN2",1,8.20641080202766,6
"INPP5J2","INPP5J",2,10.1278711155813,6
"SYT12","SYT1",2,7.18014294141695,6
"CA22","CA2",5,5.2166667854301,6
"CA92","CA9",5,6.96086211050378,6
"CA32","CA3",1,6.71598018508663,6
"HOXA72","HOXA7",1,5.26327565194745,6
"FABP32","FABP3",1,5.26564806288037,6
"RAB7B2","RAB7B",5,5.70393183351356,6
"GPX32","GPX3",1,7.14353644376254,6
"CFI2","CFI",1,7.47863110667191,6
"FAM171A22","FAM171A2",5,8.55025018505484,6
"SYCP32","SYCP3",4,10.2374211307845,6
"AC144450.12","AC144450.1",2,7.74003039388056,6
"SLC5A13","SLC5A1",1,7.70039509964556,6
"TNFRSF192","TNFRSF19",2,6.27756407102145,6
"HES62","HES6",5,6.20584594829615,6
"NR4A32","NR4A3",1,6.52306676049603,6
"RSPO32","RSPO3",1,8.02276925831202,6
"KCND32","KCND3",2,8.26177705573545,6
"BCAS12","BCAS1",2,7.92269152333615,6
"H2BC82","H2BC8",3,7.58728845623993,6
"TMEM86A2","TMEM86A",3,7.50772222918132,6
"HSPA22","HSPA2",3,6.61166063397148,6
"LINC026132","LINC02613",1,8.91240413917223,6
"PARM12","PARM1",3,6.53204831299386,6
"NR2E32","NR2E3",2,9.08702530651301,6
"CYP27C12","CYP27C1",5,6.30937715264648,6
"VASH22","VASH2",5,6.03793603207046,6
"KCTD142","KCTD14",1,8.40736548148815,6
"TLR72","TLR7",3,7.15068937621023,6
"AP001636.32","AP001636.3",3,6.71906274580021,6
"CDC42EP52","CDC42EP5",3,7.37432316041624,6
"AC007906.22","AC007906.2",1,7.11834575805557,6
"MS4A12","MS4A1",6,7.57842294648488,6
"AL031666.32","AL031666.3",4,8.5728090042365,6
"G0S22","G0S2",1,6.21297315961891,6
"S100B2","S100B",1,8.33372866973849,6
"SLCO1B3-SLCO1B72","SLCO1B3-SLCO1B7",3,9.20851991479052,6
"ADTRP2","ADTRP",1,5.76497209772924,6
"MIR3142HG2","MIR3142HG",1,6.03075907407304,6
"DCT2","DCT",2,6.87589695704574,6
"CCL42","CCL4",6,8.10747215007911,6
"KCNQ42","KCNQ4",5,7.38782952814159,6
"CHODL2","CHODL",5,6.91714288545074,6
"ESPL12","ESPL1",5,7.59544976965168,6
"CDC62","CDC6",5,7.17983926147402,6
"TTC62","TTC6",2,9.900580734111,6
"ABCA82","ABCA8",1,9.12594893210134,6
"MYL72","MYL7",1,6.16308649475703,6
"GATA2-AS12","GATA2-AS1",3,5.80185583673774,6
"RHEX2","RHEX",5,5.71608411412963,6
"PRTFDC12","PRTFDC1",5,7.49759275265379,6
"UHRF12","UHRF1",5,7.95647735634107,6
"ABLIM32","ABLIM3",2,7.49174874065833,6
"TICRR2","TICRR",5,8.17752680817012,6
"HOXA62","HOXA6",1,6.68532864519425,6
"SPOCK22","SPOCK2",6,7.78699365958329,6
"DLX22","DLX2",2,7.07593773200643,6
"AC006509.32","AC006509.3",2,6.22641389983799,6
"NAV32","NAV3",2,6.8264193444477,6
"SPINK12","SPINK1",1,4.8224706869207,6
"KCNJ82","KCNJ8",2,5.69603558993692,6
"KCNJ22","KCNJ2",1,8.41246276569535,6
"TCEAL22","TCEAL2",1,7.25820908717729,6
"F13A12","F13A1",1,6.49321132855366,6
"TAFA52","TAFA5",5,6.19600790276131,6
"GALNT52","GALNT5",2,6.53248642714046,6
"IFI272","IFI27",6,9.81323982205047,6
"NCMAP2","NCMAP",1,6.34171766005776,6
"AL078581.22","AL078581.2",4,8.68696250437147,6
"AARD2","AARD",5,8.1490756910789,6
"LINC018762","LINC01876",4,4.90973159772909,6
"LINC025952","LINC02595",1,7.81272790676955,6
"KCNK22","KCNK2",1,6.72362185288206,6
"AC036108.32","AC036108.3",1,7.27902331992562,6
"KCNJ32","KCNJ3",2,6.87992204167677,6
"C10orf902","C10orf90",1,8.33777275159038,6
"IL1B2","IL1B",1,7.02226193955437,6
"NCAPH2","NCAPH",5,7.61870433117772,6
"AC011365.22","AC011365.2",2,9.01917409479269,6
"AC131206.12","AC131206.1",5,5.56342933161516,6
"B4GALNT22","B4GALNT2",3,7.32857063460561,6
"C1QL22","C1QL2",6,6.16353335985607,6
"AMH2","AMH",2,6.17445075822913,6
"FAT22","FAT2",1,8.16189702149298,6
"MX12","MX1",6,9.00148223560515,6
"AL158064.12","AL158064.1",3,8.45876574668994,6
"CARTPT2","CARTPT",2,5.58363987936551,6
"RAI22","RAI2",2,8.63916460200199,6
"RECQL42","RECQL4",5,7.77303484695371,6
"TMEM178A2","TMEM178A",1,6.52875674478294,6
"POF1B2","POF1B",2,6.96024145448088,6
"ABCA42","ABCA4",5,5.8925544612037,6
"BATF22","BATF2",6,8.63653675471015,6
"IFIT22","IFIT2",6,8.79103625617883,6
"VEGFD2","VEGFD",1,8.68277847863191,6
"APOL42","APOL4",2,7.81015033201765,6
"GPR872","GPR87",1,5.03483896099623,6
"TRAC2","TRAC",1,8.00558555826216,6
"TNFRSF182","TNFRSF18",2,7.11810192459823,6
"LRP82","LRP8",5,6.79917083363314,6
"TRO2","TRO",1,6.4831991033611,6
"CPA42","CPA4",6,5.50300536741472,6
"WNT112","WNT11",5,5.17721888376176,6
"FGF22","FGF2",1,7.08934953441391,6
"SPON12","SPON1",2,6.54508588598666,6
"SERPINE12","SERPINE1",6,6.49340142242916,6
"PCP42","PCP4",5,5.35583536341091,6
"ATRNL12","ATRNL1",2,7.0896864438701,6
"CSF3R2","CSF3R",2,7.30244324394592,6
"CD72","CD7",6,8.76619318152409,6
"UGT82","UGT8",5,6.78091116691246,6
"SIDT12","SIDT1",2,8.90687435980452,6
"ORC62","ORC6",5,7.97936469293817,6
"CSF2RB2","CSF2RB",6,8.07502193196959,6
"PDE8B2","PDE8B",2,6.21473754806313,6
"MROH62","MROH6",3,6.39400147943841,6
"ZNF3342","ZNF334",1,7.12574087671458,6
"BCAT12","BCAT1",6,6.26594270627928,6
"HMMR2","HMMR",5,6.89476433397212,6
"AMPH2","AMPH",2,6.69130514617829,6
"ALPK32","ALPK3",3,7.47998559877471,6
"FCRL52","FCRL5",1,8.03795863650165,6
"KIF112","KIF11",5,7.93544200670375,6
"STARD42","STARD4",3,6.04218934036642,6
"ABCB12","ABCB1",1,7.63520049233085,6
"RNF1832","RNF183",2,6.34523400755596,6
"TOX32","TOX3",2,7.82870628551229,6
"AC020907.12","AC020907.1",5,8.21796654310601,6
"COL13A12","COL13A1",3,5.02829387848814,6
"LYVE12","LYVE1",1,7.1894878461009,6
"E2F82","E2F8",5,7.23362871742965,6
"RHOH2","RHOH",2,8.5317006345751,6
"CACNA2D22","CACNA2D2",2,9.60350872553459,6
"NUDT112","NUDT11",5,5.34779606219852,6
"AC103591.32","AC103591.3",1,5.45552741529454,6
"TNFAIP62","TNFAIP6",6,6.09183689918583,6
"PCDHB52","PCDHB5",3,6.01206109242795,6
"OSR22","OSR2",6,5.20246676225963,6
"CNTN12","CNTN1",1,7.67418709686062,6
"FIBIN2","FIBIN",1,7.27642900828641,6
"CYP24A12","CYP24A1",1,6.1359500779029,6
"CDO12","CDO1",2,5.65756878780406,6
"RTN12","RTN1",2,7.77740896713275,6
"PLEKHB12","PLEKHB1",5,7.09886924033425,6
"DNAH112","DNAH11",5,5.48629706400576,6
"STX192","STX19",3,7.30543280989265,6
"ALDH1A12","ALDH1A1",1,7.58187540444122,6
"SRD5A12","SRD5A1",3,8.38578197823411,6
"AC044810.22","AC044810.2",1,7.51122197430152,6
"GLRB2","GLRB",2,5.61228653194167,6
"MMP162","MMP16",1,6.19316911953433,6
"ETV42","ETV4",5,6.82998030593742,6
"CCDC144NL-AS12","CCDC144NL-AS1",5,5.46523024466892,6
"PSMB92","PSMB9",6,8.71364360165065,6
"THBS42","THBS4",1,5.12676295016964,6
"C16orf742","C16orf74",2,9.68109227320165,6
"NRAD12","NRAD1",1,5.66311599333195,6
"GRIK12","GRIK1",2,6.11326368634012,6
"CHRDL22","CHRDL2",5,5.1930162018144,6
"STC12","STC1",2,8.23446556325324,6
"SLC38A32","SLC38A3",6,6.61827539252669,6
"TMEM200C2","TMEM200C",1,5.93168103295991,6
"HOXC132","HOXC13",5,6.69957884183791,6
"AGTR12","AGTR1",2,6.3335061274404,6
"LINC028142","LINC02814",3,7.56378263213638,6
"TBX182","TBX18",1,6.44948083655412,6
"DOK52","DOK5",1,6.2323086942056,6
"ATP6V1B12","ATP6V1B1",1,6.54516792935499,6
"SPAG62","SPAG6",2,7.73788755771608,6
"GNLY2","GNLY",6,8.68517065196188,6
"CSPG42","CSPG4",5,5.68470201587451,6
"SUSD52","SUSD5",5,6.87545038327567,6
"AP000851.22","AP000851.2",1,7.31031708432789,6
"DDX432","DDX43",4,5.33073999050177,6
"RAD17P12","RAD17P1",2,8.1292312667229,6
"CLIC32","CLIC3",3,5.89310106372381,6
"GALNT142","GALNT14",6,6.28942659577681,6
"ZNF4692","ZNF469",5,6.63164076968642,6
"MPPED22","MPPED2",1,6.55304695779833,6
"KIAA1549L2","KIAA1549L",1,6.66780129809487,6
"LTF2","LTF",1,8.762386214237,6
"SF3B42","SF3B4",5,6.36459512240127,6
"CTNNA22","CTNNA2",3,7.51276201489256,6
"CNTN42","CNTN4",1,7.8859826727621,6
"AL645608.72","AL645608.7",6,5.10367008537035,6
"KNL12","KNL1",5,7.47665678388608,6
"HS6ST32","HS6ST3",2,6.66498086664639,6
"RNVU1-222","RNVU1-22",4,4.91694739251669,6
"MFAP42","MFAP4",1,9.4318403889346,6
"MOXD12","MOXD1",6,6.08325208223107,6
"STMND12","STMND1",2,8.19731525286868,6
"MELTF2","MELTF",1,6.78980081228734,6
"TNNI22","TNNI2",1,5.9705061739849,6
"SPHKAP2","SPHKAP",1,6.67369828200131,6
"SRPX3","SRPX",1,8.78862568778846,6
"SKA12","SKA1",5,7.51657854668248,6
"FERMT12","FERMT1",1,7.25689515811883,6
"GATA62","GATA6",5,5.9839605283097,6
"EFCC12","EFCC1",3,6.66460431581221,6
"AC010735.22","AC010735.2",2,7.63104635582217,6
"EMID12","EMID1",2,6.69949863244635,6
"DERL32","DERL3",1,7.56460576909544,6
"PTPRZ12","PTPRZ1",1,8.15691887439883,6
"PDZK1IP12","PDZK1IP1",6,5.76443109878921,6
"MEIS32","MEIS3",2,8.87463568055817,6
"MUC42","MUC4",1,5.35422976546972,6
"PIF12","PIF1",5,7.76167236135013,6
"ID12","ID1",5,5.06338572349013,6
"NTF42","NTF4",1,8.0089289360864,6
"IL2RG2","IL2RG",6,9.10819515084833,6
"AC105914.22","AC105914.2",3,6.45373284275831,6
"RPS262","RPS26",2,5.61208940009819,6
"NFE2L32","NFE2L3",6,7.50098462905221,6
"DCHS22","DCHS2",1,6.48462680857329,6
"CD1092","CD109",5,6.07908471133801,6
"PPP1R3C2","PPP1R3C",2,7.78689529861715,6
"JAM32","JAM3",1,7.70804288260857,6
"MORN32","MORN3",5,5.63992933831428,6
"ITM2A2","ITM2A",1,9.86741774397718,6
"ZNF1542","ZNF154",2,7.74353415968867,6
"AC092447.72","AC092447.7",4,4.80610967285254,6
"CD3E2","CD3E",1,8.2613458661118,6
"PLCD42","PLCD4",2,9.01096094140791,6
"TMEM1002","TMEM100",5,5.88233605735723,6
"CCL24","CCL2",6,8.11468384242018,6
"CTNND22","CTNND2",2,6.97327249161952,6
"HS3ST42","HS3ST4",1,8.16836697673523,6
"EDNRB2","EDNRB",1,8.99534525914674,6
"UGT2B172","UGT2B17",2,6.6238851361879,6
"CORO62","CORO6",2,6.69386590841687,6
"LGALS92","LGALS9",6,7.27311813647143,6
"NPW2","NPW",5,7.62296421131203,6
"CREB3L12","CREB3L1",2,6.19164228074696,6
"ZBTB20-AS22","ZBTB20-AS2",4,8.6435571869274,6
"PLAAT12","PLAAT1",5,7.48430974568628,6
"RNF2122","RNF212",2,5.64967646943696,6
"ERP272","ERP27",5,5.52611120211959,6
"AC122688.32","AC122688.3",3,7.34347836815539,6
"NRTN2","NRTN",5,7.19692714679124,6
"BMP22","BMP2",5,6.70270528471774,6
"DSCC12","DSCC1",5,8.18719892029285,6
"AC090994.12","AC090994.1",2,5.85169623905813,6
"AC104407.12","AC104407.1",2,7.67568161605441,6
"RAD512","RAD51",5,7.16995032649272,6
"AC126178.12","AC126178.1",3,8.48813838506725,6
"VNN12","VNN1",6,6.29968557767794,6
"ARL92","ARL9",5,7.32147134556432,6
"HTR2A2","HTR2A",1,6.18506159301256,6
"TMPRSS32","TMPRSS3",1,5.27483601653137,6
"CNN12","CNN1",1,9.48034446830049,6
"HERC52","HERC5",6,6.92809958019134,6
"KREMEN22","KREMEN2",5,6.77207871361243,6
"AC010329.12","AC010329.1",3,7.66788692824573,6
"SNORA132","SNORA13",1,6.36717399450648,6
"RNU1-85P2","RNU1-85P",1,4.90644049888496,6
"NUSAP12","NUSAP1",5,7.10163530102028,6
"AKR1B12","AKR1B1",1,6.46124395873701,6
"ST8SIA62","ST8SIA6",2,9.23424990336555,6
"KIF232","KIF23",5,7.88053709077151,6
"REEP12","REEP1",2,9.8277079718654,6
"CLPSL22","CLPSL2",2,6.07232365562614,6
"MT-TM2","MT-TM",5,5.04883336009962,6
"MTND3P252","MTND3P25",4,4.69843012257185,6
"TSPAN182","TSPAN18",5,6.45908059758971,6
"PCSK92","PCSK9",3,6.82087773649044,6
"AL161945.12","AL161945.1",4,6.83877655964946,6
"CCDC1602","CCDC160",3,6.28725281258354,6
"AC099506.12","AC099506.1",3,6.87232890749165,6
"CENPM2","CENPM",5,7.33150317452251,6
"ANKRD18A2","ANKRD18A",4,6.24435457701914,6
"AFF32","AFF3",2,8.42616636833363,6
"CDKN2B2","CDKN2B",6,6.83365157478091,6
"AC011447.32","AC011447.3",3,7.12077319120486,6
"KRBOX12","KRBOX1",2,5.96773751525131,6
"GPC22","GPC2",5,7.78872899791557,6
"MT-TR2","MT-TR",5,7.25516039478332,6
"KCNG12","KCNG1",5,7.62593511580098,6
"MESP12","MESP1",1,5.68047775983392,6
"TENM22","TENM2",1,8.19489242624256,6
"VIM-AS12","VIM-AS1",5,6.46619553505836,6
"CCN62","CCN6",1,4.65475680397127,6
"ZIC22","ZIC2",5,4.71975733378588,6
"CCL32","CCL3",6,7.9982556719851,6
"MMP32","MMP3",1,5.17450415606644,6
"SEMA3G2","SEMA3G",2,6.02149336283456,6
"EFR3B2","EFR3B",2,6.93117184810277,6
"ADGRB12","ADGRB1",2,6.74055487722403,6
"HAPLN32","HAPLN3",1,8.58102858852162,6
"RHOXF1-AS12","RHOXF1-AS1",1,6.63479105777778,6
"DEPDC1B2","DEPDC1B",5,7.56074701594405,6
"MAMDC22","MAMDC2",1,7.03132191578305,6
"PDE10A2","PDE10A",5,4.74832414754973,6
"MAPK152","MAPK15",5,6.36878450930144,6
"CD22","CD2",6,8.3161589800785,6
"TGFB22","TGFB2",5,5.57565077992532,6
"CNTD12","CNTD1",2,6.54748718256453,6
"CYYR12","CYYR1",1,7.95155659413741,6
"AC018629.12","AC018629.1",1,7.19887351932812,6
"B3GALT5-AS12","B3GALT5-AS1",1,6.81666056130839,6
"CHEK12","CHEK1",5,8.07200161248585,6
"EDIL32","EDIL3",1,6.27024721964516,6
"HOXA-AS22","HOXA-AS2",4,8.91993638568871,6
"RASSF102","RASSF10",1,5.64156210254396,6
"PLA2G72","PLA2G7",6,6.58495300115625,6
"AC005253.12","AC005253.1",4,10.9070676295773,6
"HR2","HR",5,6.91763562154169,6
"ALDH1L12","ALDH1L1",1,5.03318081245186,6
"OLFM22","OLFM2",5,7.98696787118768,6
"PROM12","PROM1",1,7.50425302241399,6
"GJC32","GJC3",2,7.73399749610385,6
"ADGRB22","ADGRB2",2,9.45961705771679,6
"TPPP32","TPPP3",2,6.20377638035064,6
"VOPP12","VOPP1",2,6.39236386201827,6
"AL022151.12","AL022151.1",3,6.90605899535992,6
"WDR862","WDR86",1,8.19419591639576,6
"PLIN12","PLIN1",2,5.0757675956866,6
"CXCL32","CXCL3",1,9.24721233241575,6
"MS4A152","MS4A15",3,6.55361143140472,6
"H2BC112","H2BC11",6,5.61623745007618,6
"CCL82","CCL8",6,8.02786565668212,6
"CLSPN2","CLSPN",5,7.14084144395036,6
"MEOX12","MEOX1",1,5.1912160115822,6
"CRACR2A2","CRACR2A",2,6.57521824855052,6
"TGM22","TGM2",6,8.90189834355333,6
"SLCO1B72","SLCO1B7",3,8.31994719346758,6
"CHRDL12","CHRDL1",1,7.78621525428518,6
"PTK62","PTK6",3,7.04028367471287,6
"KLK22","KLK2",2,6.04334183258985,6
"AOX12","AOX1",2,5.77404796046405,6
"SLC16A62","SLC16A6",2,10.0050853452751,6
"TRBC22","TRBC2",1,8.16060822890087,6
"AC018816.12","AC018816.1",2,7.22213617561089,6
"FCER1A2","FCER1A",1,8.13200508855748,6
"MRC12","MRC1",1,6.95625828580684,6
"RYR32","RYR3",1,6.93019185737995,6
"ENPP22","ENPP2",1,8.26287142062308,6
"PTGER32","PTGER3",2,8.80808211695657,6
"MAT2A2","MAT2A",5,5.15969792584299,6
"ICAM12","ICAM1",6,9.03586595550602,6
"PADI32","PADI3",6,5.82271148232089,6
"GREM12","GREM1",3,6.35240816060977,6
"RGS222","RGS22",2,8.14051768092177,6
"KCNK172","KCNK17",2,6.21726506455522,6
"E2F22","E2F2",5,7.44894389515364,6
"DAPP12","DAPP1",6,6.84236802083427,6
"CHL12","CHL1",1,9.30404741908739,6
"NOXO12","NOXO1",5,5.27565426168623,6
"AC020659.12","AC020659.1",2,6.63688010287255,6
"PYGO12","PYGO1",1,5.45655365460359,6
"SHCBP12","SHCBP1",5,7.10580006743225,6
"OASL2","OASL",6,8.65414186270631,6
"DOK72","DOK7",2,7.70228347521713,6
"GAS6-AS12","GAS6-AS1",1,5.68236830082473,6
"NR1H42","NR1H4",3,7.85860181344073,6
"FCGR2B2","FCGR2B",6,7.460321756954,6
"SLITRK52","SLITRK5",2,4.61831515348164,6
"CYP26A12","CYP26A1",2,7.24289903115266,6
"CLCF12","CLCF1",6,4.73187099287111,6
"AL136296.12","AL136296.1",2,9.10708332740874,6
"GOLGA8N2","GOLGA8N",4,7.76804299236514,6
"ADAMDEC12","ADAMDEC1",6,8.87353689644365,6
"GALNT162","GALNT16",1,7.15862602218625,6
"C4orf192","C4orf19",1,8.18712627860823,6
"DIO3OS2","DIO3OS",1,7.39564800652869,6
"MT1M2","MT1M",1,6.84826329178626,6
"PDE9A2","PDE9A",5,6.69935512102176,6
"PRSS332","PRSS33",5,7.85608487365101,6
"ACOT42","ACOT4",2,7.48829350557218,6
"CPNE72","CPNE7",5,6.08902538518804,6
"MAPK122","MAPK12",5,6.80030127907239,6
"PRR112","PRR11",5,7.579097414929,6
"CCDC1582","CCDC158",2,6.90074826902452,6
"CFD2","CFD",1,6.60041723169614,6
"VPS9D1-AS12","VPS9D1-AS1",5,6.9073776455577,6
"CCL202","CCL20",6,7.85503192118509,6
"ROCR2","ROCR",1,9.73588357489465,6
"CDHR32","CDHR3",2,7.33236037105245,6
"AL355512.12","AL355512.1",3,7.72939514803231,6
"NTRK32","NTRK3",1,6.75139210025556,6
"CHRNA22","CHRNA2",3,8.32039755191377,6
"KCNH82","KCNH8",1,7.31269341103811,6
"FRMD32","FRMD3",5,5.59579800889767,6
"MCM22","MCM2",5,7.53920747726661,6
"HLA-DQB22","HLA-DQB2",6,6.30223126509105,6
"SNCG2","SNCG",1,6.88877854421565,6
"SULT1A22","SULT1A2",2,6.64467102108406,6
"SLC7A52","SLC7A5",5,6.87575638954982,6
"LILRB42","LILRB4",6,8.13343777784667,6
"MFSD2A2","MFSD2A",2,5.07306081254611,6
"OXTR2","OXTR",1,7.49603358557057,6
"MGAT32","MGAT3",1,5.79708138265493,6
"ANKRD292","ANKRD29",1,6.2331641291413,6
"IGSF9B2","IGSF9B",2,6.74562163193329,6
"SIX22","SIX2",5,5.96576778137135,6
"NRXN22","NRXN2",1,6.65316567661275,6
"OLR12","OLR1",6,7.37063012684607,6
"TK12","TK1",5,6.4156967102023,6
"AL035425.42","AL035425.4",5,5.06332583529086,6
"SLC35F32","SLC35F3",1,6.27273847481687,6
"DUXAP82","DUXAP8",5,7.12067729375232,6
"SLC15A22","SLC15A2",3,7.46250649180713,6
"LSAMP2","LSAMP",1,5.97059156974923,6
"AC009501.32","AC009501.3",5,6.80916738955958,6
"TMEM2102","TMEM210",3,7.57498761589523,6
"LINC005112","LINC00511",5,6.89422345217664,6
"SCX2","SCX",5,6.786452221177,6
"AL139220.22","AL139220.2",2,7.62197074654129,6
"AL669831.42","AL669831.4",4,7.84269391896946,6
"GATA6-AS12","GATA6-AS1",5,7.19298849945197,6
"IL1RN2","IL1RN",2,6.72768916653213,6
"ZNF826P2","ZNF826P",3,5.9007179354413,6
"MT1X2","MT1X",1,6.94568793671263,6
"PEG102","PEG10",4,6.05229340670419,6
"TWIST22","TWIST2",1,7.22167328104106,6
"LRRC262","LRRC26",3,7.55651577630159,6
"NRCAM2","NRCAM",5,4.80516295590619,6
"CCL4L22","CCL4L2",6,6.97879667608101,6
"ACSL62","ACSL6",5,4.62754795061308,6
"SCARNA222","SCARNA22",4,5.99849353772029,6
"LRRC4C2","LRRC4C",1,6.43157926506557,6
"FUT92","FUT9",1,6.65886617408367,6
"KCNQ52","KCNQ5",5,5.62624152578099,6
"SEMA3D2","SEMA3D",1,7.89323460448559,6
"PIWIL22","PIWIL2",2,5.74758272820272,6
"DLX12","DLX1",2,6.03954373887052,6
"ANKRD30BP12","ANKRD30BP1",2,8.89295659812953,6
"GASK1A2","GASK1A",5,6.31339225491903,6
"NT5E2","NT5E",1,5.73121492248329,6
"CKMT1A2","CKMT1A",5,5.54971854328296,6
"RGS23","RGS2",1,8.15787229731999,6
"CAMK2B2","CAMK2B",2,7.4946782938857,6
"FGD32","FGD3",2,8.48164720221897,6
"AC107464.32","AC107464.3",2,7.82734450335797,6
"RPL18A2","RPL18A",5,5.61293075507094,6
"PPP1R14B-AS12","PPP1R14B-AS1",3,6.8394559287143,6
"PCDHB162","PCDHB16",2,5.04836282408471,6
"ETV72","ETV7",6,8.53737388449422,6
"LEF12","LEF1",2,7.80830625330648,6
"COL14A12","COL14A1",2,6.50539586846589,6
"AC005523.22","AC005523.2",4,8.54995245027925,6
"AP003392.32","AP003392.3",4,11.3569624994063,6
"UBXN102","UBXN10",2,9.61056793316139,6
"ZWINT2","ZWINT",5,6.26812796693778,6
"LERFS2","LERFS",1,4.17649314821313,6
"VSIG42","VSIG4",1,6.15280482055557,6
"BRINP22","BRINP2",2,6.24964617498099,6
"CFH2","CFH",1,8.17923303531549,6
"C14orf392","C14orf39",3,5.25122572131963,6
"FOLH12","FOLH1",1,6.73528514158674,6
"AC092053.42","AC092053.4",4,7.79600118386624,6
"LAMA12","LAMA1",1,7.75643119748641,6
"ADGRG22","ADGRG2",5,5.72951041295525,6
"TMCC22","TMCC2",5,6.99009203394575,6
"DAPK12","DAPK1",5,5.98517240503699,6
"GIPR2","GIPR",2,8.70157356297709,6
"ABHD62","ABHD6",3,7.8159281264369,6
"CENPE2","CENPE",5,7.43157216291426,6
"ANK12","ANK1",5,4.52615654177793,6
"MAATS12","MAATS1",2,7.00944526741345,6
"ADCY52","ADCY5",2,6.60728067525748,6
"HOXC-AS32","HOXC-AS3",3,6.19329727988828,6
"SYT132","SYT13",6,5.66605144769198,6
"HOXB-AS12","HOXB-AS1",2,6.4137949503241,6
"WNT7B2","WNT7B",2,5.65183446384257,6
"KIF122","KIF12",2,8.85754233116544,6
"MGAM3","MGAM",2,4.80930969287562,6
"SNORD632","SNORD63",2,6.72140718637217,6
"RNU6-618P2","RNU6-618P",2,6.65585372018491,6
"PHYHD12","PHYHD1",2,6.6296699948359,6
"MIA2","MIA",1,7.49232203323705,6
"TMTC12","TMTC1",1,6.26730362144879,6
"SPNS22","SPNS2",6,4.99698417840779,6
"RACGAP12","RACGAP1",5,6.6152324836841,6
"CHST112","CHST11",6,6.82526073862951,6
"GMPR2","GMPR",5,5.31419924906898,6
"ACOT12","ACOT1",3,5.50199985517017,6
"ARHGAP11A2","ARHGAP11A",5,7.39689328571017,6
"STON22","STON2",2,9.64801856834852,6
"PANX22","PANX2",5,5.46169344551256,6
"SLC16A32","SLC16A3",6,8.56096050081583,6
"LPAR32","LPAR3",5,4.77426150453028,6
"NDP2","NDP",2,6.03386350144649,6
"KCNAB12","KCNAB1",5,6.70306082550244,6
"MIR4500HG2","MIR4500HG",5,4.83456333765058,6
"AC022075.12","AC022075.1",1,6.18337909134466,6
"PIM12","PIM1",1,6.0708616121507,6
"DTX42","DTX4",5,5.76161010585124,6
"CLCA42","CLCA4",1,8.38794297441646,6
"ACBD72","ACBD7",5,6.78941306045878,6
"RNU6-268P2","RNU6-268P",4,8.41413787702719,6
"CASP102","CASP10",6,6.34951430818924,6
"LINC005142","LINC00514",5,5.38432760462605,6
"AC007342.52","AC007342.5",3,5.44873649985635,6
"DCLK22","DCLK2",5,6.80925897153551,6
"PAX8-AS12","PAX8-AS1",1,4.63636074168931,6
"COCH2","COCH",5,6.36490502775696,6
"PDK42","PDK4",1,8.13826946799471,6
"ARC2","ARC",1,5.2018305727621,6
"SALL42","SALL4",5,6.48020662338709,6
"MX22","MX2",6,6.6524184392323,6
"GRIN2A2","GRIN2A",1,4.73087037534556,6
"HERC32","HERC3",3,7.85756245880895,6
"BAG22","BAG2",5,5.96278799073932,6
"MME2","MME",1,7.63994722398701,6
"PIR2","PIR",5,5.69500940951865,6
"WNT10A2","WNT10A",1,6.18641081334486,6
"TMEM178B2","TMEM178B",5,5.14024102131907,6
"KYAT12","KYAT1",3,7.42354026518841,6
"AL512306.32","AL512306.3",1,7.56702588369649,6
"RASAL12","RASAL1",5,7.26881509969148,6
"TTYH12","TTYH1",5,7.53180169179672,6
"FAM171A12","FAM171A1",1,7.17569463606075,6
"FGFBP22","FGFBP2",5,7.10192556491624,6
"RNASE12","RNASE1",6,6.80631404822164,6
"TRBC12","TRBC1",6,7.97030037278211,6
"FGD12","FGD1",5,6.9010875596218,6
"AIM22","AIM2",6,9.00717321870674,6
"CRB22","CRB2",1,6.84777908779765,6
"AC004687.12","AC004687.1",6,7.82308276219497,6
"C19orf332","C19orf33",2,7.42154785967599,6
"DLK22","DLK2",1,7.68180353119192,6
"CNGA12","CNGA1",1,5.49892001775875,6
"AC093642.22","AC093642.2",2,6.35584164392362,6
"RPS6P122","RPS6P12",2,7.93748902261079,6
"RNU6-942P2","RNU6-942P",4,8.12267720229535,6
"SPATC1L2","SPATC1L",5,5.41247500976976,6
"SCN2A2","SCN2A",1,6.41047738710752,6
"SOX182","SOX18",6,5.46760312907021,6
"EGLN32","EGLN3",3,6.40131681625197,6
"AC124852.12","AC124852.1",1,7.10025814458313,6
"GUCY1A22","GUCY1A2",2,5.54349344388304,6
"AP000844.22","AP000844.2",2,8.76146861233159,6
"IRX12","IRX1",1,9.15393047566497,6
"PODN2","PODN",1,6.28029374703012,6
"CPXM22","CPXM2",1,6.02655833594895,6
"TRIM172","TRIM17",1,5.12365442585652,6
"CLDN82","CLDN8",3,7.7086736543395,6
"UNC5C2","UNC5C",1,7.14644216920388,6
"UNC93B12","UNC93B1",6,5.46098436005987,6
"CGREF12","CGREF1",5,6.9007589456894,6
"ADAMTS82","ADAMTS8",2,5.79371285095646,6
"MTHFD1L2","MTHFD1L",5,7.01269856319161,6
"LINC020092","LINC02009",1,8.28342336390481,6
"RNF1822","RNF182",5,6.6784422114204,6
"KIFC12","KIFC1",5,7.45899390531269,6
"CYP2T1P2","CYP2T1P",2,5.17945372447103,6
"MARC12","MARC1",3,7.30521182430913,6
"GADD45G2","GADD45G",3,7.0621972755894,6
"TLX12","TLX1",5,7.1006250339129,6
"VIT2","VIT",1,6.74652784412338,6
"AC093535.22","AC093535.2",1,7.31536913215634,6
"PNMA22","PNMA2",2,6.97812122890087,6
"OIP52","OIP5",5,7.36658415113383,6
"SOX152","SOX15",1,5.43461184198304,6
"TREM22","TREM2",2,5.99725787409115,6
"DYNC1I12","DYNC1I1",1,6.37828303756905,6
"ROBO32","ROBO3",1,7.4859545734662,6
"MLLT112","MLLT11",5,6.84595349325144,6
"ACKR12","ACKR1",1,7.65342419742886,6
"ANKRD352","ANKRD35",1,6.18596679579909,6
"ISM12","ISM1",1,8.85562857047329,6
"PRSS122","PRSS12",1,7.15190370636873,6
"ABTB22","ABTB2",5,7.15853266435832,6
"WFDC12","WFDC1",5,6.161686078647,6
"CCNO2","CCNO",2,7.20975735700035,6
"LRFN42","LRFN4",5,7.30094194887827,6
"PIWIL42","PIWIL4",1,7.01010346493649,6
"AC091429.12","AC091429.1",1,5.36133954770532,6
"FHL12","FHL1",1,7.23512925284159,6
"CYP2J22","CYP2J2",3,7.35808349468727,6
"FAM20A2","FAM20A",1,8.52948605307667,6
"EVA1A2","EVA1A",5,5.48718578258826,6
"FER1L52","FER1L5",2,7.14660258311577,6
"LINC015582","LINC01558",5,6.1834530629921,6
"RNU2-63P2","RNU2-63P",5,4.82547723443677,6
"S100A7A2","S100A7A",6,6.26966784384415,6
"C1QL12","C1QL1",2,5.83771051111331,6
"ATP8A12","ATP8A1",3,6.87386909174219,6
"NRK2","NRK",2,6.04396399622397,6
"PAK52","PAK5",1,7.03850846449849,6
"FBP12","FBP1",2,8.36316448133335,6
"HK22","HK2",2,6.20034959467914,6
"KLHL292","KLHL29",1,7.21282914489208,6
"OAS32","OAS3",6,8.92846302097331,6
"SCN4B2","SCN4B",1,7.40624985699224,6
"APLP12","APLP1",5,5.88133973423991,6
"PLCL12","PLCL1",2,7.87084943135442,6
"CDC72","CDC7",5,6.436563916705,6
"CD482","CD48",6,8.03278342777872,6
"EPHB12","EPHB1",1,6.78703096682639,6
"SLC38A52","SLC38A5",6,5.76455777164062,6
"BRINP12","BRINP1",1,7.46149377143627,6
"CTAGE92","CTAGE9",2,4.83519629446038,6
"AL021807.12","AL021807.1",5,5.19321330980409,6
"MT1L2","MT1L",2,5.18713985427763,6
"IRX42","IRX4",2,5.78536012013886,6
"POU4F12","POU4F1",5,6.66824554919327,6
"NME52","NME5",2,8.26880262074416,6
"PKDCC2","PKDCC",5,5.02722045491939,6
"BCAP312","BCAP31",5,5.73482762098915,6
"STAC3","STAC",5,5.90816866719729,6
"PCDH182","PCDH18",1,7.94267373009417,6
"CYP26B12","CYP26B1",5,5.69665150369135,6
"ARTN2","ARTN",5,6.23104903070207,6
"ATP1A42","ATP1A4",2,6.03928394542057,6
"LUCAT12","LUCAT1",1,5.96290078391056,6
"CHMP1B2P2","CHMP1B2P",2,4.79105669569505,6
"CA62","CA6",1,5.92367497721139,6
"EPOR2","EPOR",2,7.52367899565147,6
"PRRX22","PRRX2",1,5.70255835944497,6
"ARX2","ARX",2,5.39306034980754,6
"MISP2","MISP",2,8.41544419226555,6
"AC092296.22","AC092296.2",4,8.96500296927579,6
"KPNA22","KPNA2",5,6.93133363852118,6
"ANXA92","ANXA9",2,8.74097270416909,6
"FAM238C2","FAM238C",5,6.38809406380967,6
"PLAC92","PLAC9",1,7.50033104436591,6
"BCL11B2","BCL11B",1,7.00596065231814,6
"WNT9A2","WNT9A",6,5.57508776441693,6
"CRTAC12","CRTAC1",1,6.69037680465768,6
"ADGRG62","ADGRG6",5,6.38690024324683,6
"CNIH22","CNIH2",5,7.7952729947719,6
"SHC32","SHC3",5,6.06434392991067,6
"AC005062.12","AC005062.1",2,5.54365436600026,6
"SULT2B12","SULT2B1",3,7.0766159216974,6
"BMP42","BMP4",2,8.82640723874341,6
"NDN2","NDN",1,8.14980078340501,6
"CD2002","CD200",1,7.24717815524976,6
"VSTM52","VSTM5",5,7.21152709548115,6
"SERPINA32","SERPINA3",2,5.49288484375856,6
"LAMC32","LAMC3",1,8.34350551926321,6
"SIGLEC12","SIGLEC1",6,7.93278961238034,6
"CENPN2","CENPN",5,7.48848403125296,6
"CLEC14A2","CLEC14A",1,6.09163207069097,6
"STYK12","STYK1",3,6.631214937946,6
"PRICKLE12","PRICKLE1",5,7.69743345508409,6
"AC068446.22","AC068446.2",1,5.15547197298759,6
"MAPK8IP22","MAPK8IP2",2,5.98307004267394,6
"SYBU2","SYBU",2,7.16253255233504,6
"C9orf1522","C9orf152",2,7.75548407111084,6
"FPR32","FPR3",6,8.12367221446099,6
"SRP14P42","SRP14P4",3,8.13387037742408,6
"HOXC122","HOXC12",5,6.53678613979514,6
"GABRP2","GABRP",1,9.44947662289427,6
"SLC26A72","SLC26A7",5,5.70679761114243,6
"KAZALD12","KAZALD1",3,5.85909164767221,6
"FGF72","FGF7",1,8.70722994701427,6
"PCP22","PCP2",2,8.01888675614327,6
"CSRNP32","CSRNP3",1,7.96039720445117,6
"NCF22","NCF2",6,8.30109696892161,6
"SLC52A12","SLC52A1",5,5.09396461378471,6
"C4BPB2","C4BPB",1,7.18697995499983,6
"PTPN202","PTPN20",5,5.53587356124876,6
"ATP1B22","ATP1B2",1,6.50371867816215,6
"RGS62","RGS6",1,6.47266558283811,6
"ACOX22","ACOX2",2,7.0703459081258,6
"TMEM712","TMEM71",1,7.03134259208515,6
"HILPDA2","HILPDA",3,7.50830512472354,6
"HOXA52","HOXA5",1,6.87428050404448,6
"AC091231.22","AC091231.2",4,9.13568470583118,6
"LINC004612","LINC00461",5,5.91592631298998,6
"CCN42","CCN4",6,5.86092228227671,6
"AL589880.12","AL589880.1",3,5.48812949057865,6
"GBP1P12","GBP1P1",6,6.38105808247878,6
"ADORA12","ADORA1",1,6.8594937372853,6
"MKRN32","MKRN3",5,6.37740706203676,6
"RNU6-130P2","RNU6-130P",4,8.8191760013989,6
"GGTA1P2","GGTA1P",1,9.09816008481632,6
"RBP12","RBP1",5,6.16531628042499,6
"GPRIN12","GPRIN1",6,6.49643364811697,6
"SNHG182","SNHG18",2,6.7997378253582,6
"TRIM92","TRIM9",1,6.53314444093636,6
"SMPD32","SMPD3",2,7.84507529126879,6
"GAD12","GAD1",4,5.52578961847184,6
"AC018500.12","AC018500.1",4,10.2987834801044,6
"CCR12","CCR1",6,8.14986506206364,6
"ANKRD372","ANKRD37",3,6.41403081488526,6
"PPARG2","PPARG",3,4.705591797889,6
"CPXM12","CPXM1",1,5.5213661118154,6
"NPPC2","NPPC",5,5.52603773188696,6
"AL391832.22","AL391832.2",3,6.7089662648096,6
"CRAT2","CRAT",3,8.02550144690874,6
"IQCA12","IQCA1",4,6.35475016138312,6
"NKX3-12","NKX3-1",2,6.17664059853501,6
"ASF1B2","ASF1B",5,7.08061390452012,6
"FAM234B2","FAM234B",3,6.88685483263808,6
"ITGA72","ITGA7",2,6.4776768470294,6
"AC010997.62","AC010997.6",4,7.04148724210542,6
"CALHM62","CALHM6",6,7.19126154251342,6
"MIR503HG2","MIR503HG",6,5.03151872433916,6
"NANOS12","NANOS1",5,5.51971036289469,6
"CD522","CD52",6,9.08774342545707,6
"TCN22","TCN2",5,5.4949762591477,6
"ADAMTS9-AS22","ADAMTS9-AS2",1,8.43472592550659,6
"RSPO12","RSPO1",1,7.32610060181474,6
"RNA5SP1872","RNA5SP187",4,9.44808853036888,6
"APOC12","APOC1",6,7.52476543078558,6
"AC069120.12","AC069120.1",2,8.29590183857666,6
"MAD2L12","MAD2L1",5,7.49541795315149,6
"TSPAN122","TSPAN12",5,6.59690420976228,6
"AC013652.12","AC013652.1",2,7.37009557290283,6
"PAX92","PAX9",2,7.91162267270147,6
"GPX72","GPX7",5,6.47865723186781,6
"AC004233.22","AC004233.2",5,5.52908493469443,6
"PAPPA2","PAPPA",1,6.76120641667984,6
"CKS22","CKS2",5,7.2952844741123,6
"LGR52","LGR5",6,5.91674568275609,6
"GFAP2","GFAP",1,6.7671480505159,6
"AC017071.12","AC017071.1",4,7.24986915783992,6
"ADORA32","ADORA3",2,5.43769192654758,6
"KLHL132","KLHL13",1,7.23482573603263,6
"NPTX12","NPTX1",2,6.25773365709284,6
"S1PR32","S1PR3",3,6.93059244163985,6
"TMEM176A2","TMEM176A",1,7.11699497576964,6
"NINJ22","NINJ2",5,6.31071041308645,6
"TCF152","TCF15",5,5.94737910706047,6
"VWDE2","VWDE",1,6.00199642586395,6
"WNT5B2","WNT5B",1,6.68835312735664,6
"CLDN142","CLDN14",3,7.90358732393335,6
"AC073869.12","AC073869.1",2,6.53594249105417,6
"CCDC262","CCDC26",1,5.53835633173237,6
"SLC27A62","SLC27A6",1,5.83368889934119,6
"PRUNE22","PRUNE2",1,6.21037705448219,6
"MT-TS22","MT-TS2",5,5.14671743882158,6
"PKIA2","PKIA",2,5.063798899719,6
"GJA52","GJA5",6,6.10445066181334,6
"SNX222","SNX22",5,6.94083517181848,6
"HOXA42","HOXA4",1,7.79905893017179,6
"CCNB12","CCNB1",5,7.22081625677708,6
"SNAI22","SNAI2",1,6.68864500704463,6
"SLC2A122","SLC2A12",5,5.65541052738108,6
"SPOCK12","SPOCK1",5,5.35506919017282,6
"NELL22","NELL2",1,5.25005808266876,6
"MIR924HG2","MIR924HG",5,7.61154978201841,6
"IGF12","IGF1",1,8.83563866387183,6
"SAMD52","SAMD5",1,9.20694465661529,6
"MIR646HG2","MIR646HG",1,5.80789760886293,6
"CDKN2C2","CDKN2C",5,6.91123049422114,6
"PTGFR2","PTGFR",1,5.64281634202686,6
"HDAC92","HDAC9",1,5.58199259092076,6
"STEAP12","STEAP1",2,5.36420379304311,6
"MATN32","MATN3",2,6.72020161846682,6
"AL450345.22","AL450345.2",3,6.16913109124989,6
"AC104333.32","AC104333.3",1,5.31877895574069,6
"DOC2A2","DOC2A",2,7.99583415005328,6
"YBX22","YBX2",5,6.41115154619952,6
"NXPH32","NXPH3",2,8.77621987624927,6
"GTF2H2B2","GTF2H2B",4,7.58683640854105,6
"AL365181.32","AL365181.3",2,7.39282167552066,6
"OLFM12","OLFM1",2,5.68792514487853,6
"SNCAIP2","SNCAIP",1,6.0050057686534,6
"FXYD62","FXYD6",1,6.62092376827478,6
"NAPSB2","NAPSB",1,6.23157355243113,6
"ENO22","ENO2",2,6.0995924780703,6
"JPH22","JPH2",1,7.21574409535375,6
"PELI22","PELI2",1,7.90033118240453,6
"AC127526.52","AC127526.5",2,7.03487502625379,6
"AC239800.22","AC239800.2",1,6.34201821055568,6
"GIMAP72","GIMAP7",1,7.71759580586001,6
"ITPRID12","ITPRID1",5,5.67875880716479,6
"FOXA12","FOXA1",2,9.52417731113997,6
"SPAG52","SPAG5",5,7.30196701973796,6
"EML52","EML5",3,6.38400388102903,6
"AC130304.12","AC130304.1",4,7.7287620984475,6
"ORC12","ORC1",6,6.23409915396108,6
"AC068888.22","AC068888.2",4,7.89519753710483,6
"GTSE12","GTSE1",5,7.50621159030257,6
"GREB1L2","GREB1L",2,6.15303095180446,6
"ANKRD20A21P2","ANKRD20A21P",2,6.90723030001996,6
"HMGCLL12","HMGCLL1",2,5.78759329011247,6
"VSNL12","VSNL1",1,6.44597496355411,6
"NMB2","NMB",5,6.43492970826322,6
"HSH2D2","HSH2D",6,6.31701605198312,6
"CHST22","CHST2",1,6.91508978912802,6
"FANCA2","FANCA",5,6.88930879671166,6
"SPHK12","SPHK1",5,6.14273020411699,6
"IGKC2","IGKC",1,9.48130995826238,6
"ABCA92","ABCA9",1,8.28933892365286,6
"NRG22","NRG2",2,5.90804679651257,6
"FAP2","FAP",6,5.40733840096212,6
"CD692","CD69",1,7.36337274896808,6
"CNTD22","CNTD2",2,7.04725377449517,6
"ARL17B2","ARL17B",1,5.34606257258048,6
"RBP72","RBP7",2,5.73736638604189,6
"ITGAX2","ITGAX",6,7.56474848828276,6
"FAT32","FAT3",2,6.12523449910769,6
"GRAMD2A2","GRAMD2A",3,6.13236116857168,6
"EYA22","EYA2",1,7.93982514296738,6
"VGF2","VGF",5,7.90438113093816,6
"ATP8A22","ATP8A2",2,6.16362256401295,6
"GNAL2","GNAL",1,7.43971433790705,6
"DNM3OS2","DNM3OS",1,6.03827049114432,6
"C17orf772","C17orf77",3,6.83962889682691,6
"TRAF3IP32","TRAF3IP3",1,6.37496969371959,6
"TMPRSS52","TMPRSS5",5,6.46883600462136,6
"AJ009632.22","AJ009632.2",2,6.33416603418781,6
"COL8A12","COL8A1",5,5.12906073954966,6
"KLHDC92","KLHDC9",2,7.61873398942867,6
"TENM12","TENM1",1,6.07701847751238,6
"DNA22","DNA2",5,7.04038997645912,6
"MND12","MND1",5,7.49824671840919,6
"SMOC22","SMOC2",2,6.7104358613812,6
"CFAP432","CFAP43",2,8.84693891039894,6
"B4GALNT32","B4GALNT3",5,6.79528797309408,6
"MGAM22","MGAM2",1,7.81924554211001,6
"ZNF812P2","ZNF812P",3,6.16123860832146,6
"HSD11B22","HSD11B2",5,5.56134708470111,6
"FSCN12","FSCN1",5,6.62351056095025,6
"TRPM2-AS2","TRPM2-AS",2,5.72195205091092,6
"ECEL12","ECEL1",5,5.28638425472655,6
"ARHGAP152","ARHGAP15",1,6.49323552859542,6
"CPLX12","CPLX1",2,8.28312829279928,6
"FREM12","FREM1",1,6.6694386776702,6
"WDR622","WDR62",5,7.53955476911177,6
"SPATA182","SPATA18",1,6.9092065085413,6
"AP001496.42","AP001496.4",1,6.07151121779221,6
"ABCA102","ABCA10",1,9.13238439785088,6
"ZDHHC22","ZDHHC2",2,6.48725181510896,6
"SKP22","SKP2",5,6.43491074705628,6
"ZNF3672","ZNF367",5,7.1046657406353,6
"SPCS22","SPCS2",2,6.45494190791077,6
"APCDD12","APCDD1",1,9.29319324554614,6
"IL20RA2","IL20RA",2,6.59381790072647,6
"ATG9B2","ATG9B",5,6.57574923937124,6
"ACTA12","ACTA1",5,5.51238064593105,6
"KCNB12","KCNB1",5,5.74558175357421,6
"LINC009602","LINC00960",1,5.3339817385892,6
"ZNF4862","ZNF486",2,7.04822789317599,6
"GPAT32","GPAT3",1,5.85224129944536,6
"BAIAP32","BAIAP3",2,6.78609945538842,6
"SLC6A112","SLC6A11",5,5.96788485449629,6
"TNFRSF14-AS12","TNFRSF14-AS1",2,8.25199583328281,6
"PLAT2","PLAT",2,9.25973931702843,6
"ZMYND102","ZMYND10",2,9.36893123853493,6
"FOXC12","FOXC1",1,7.39427339572178,6
"GRHL32","GRHL3",5,5.62782354833111,6
"NEURL1B2","NEURL1B",5,5.96269501465141,6
"SLAMF72","SLAMF7",1,7.7130328027332,6
"KNSTRN2","KNSTRN",3,7.00686018586333,6
"SNPH2","SNPH",2,5.46978422467129,6
"PRTG2","PRTG",2,7.7726097069533,6
"IL12RB22","IL12RB2",5,6.43779218329687,6
"AC004982.12","AC004982.1",2,7.64441075367767,6
"TMEM1392","TMEM139",1,6.38318363244036,6
"SLC16A92","SLC16A9",2,8.35170148486562,6
"FA2H2","FA2H",3,4.89832035767328,6
"AL161908.12","AL161908.1",2,9.4514538804768,6
"VAX22","VAX2",5,7.20347598506342,6
"MOCS12","MOCS1",1,5.53460042213793,6
"MEDAG2","MEDAG",1,6.22608154479345,6
"RFTN12","RFTN1",6,7.72507911127197,6
"CKMT1B2","CKMT1B",5,5.23911867743842,6
"DOC2B2","DOC2B",3,4.86612231536067,6
"SLC30A82","SLC30A8",2,5.15088205905987,6
"C1QTNF12","C1QTNF1",1,5.41514933311242,6
"AL009179.22","AL009179.2",1,5.265910339362,6
"SNORA122","SNORA12",2,5.85535075574924,6
"KLF152","KLF15",1,5.0552038755341,6
"LINC009582","LINC00958",1,6.38376624939638,6
"GFPT22","GFPT2",6,6.32599331018425,6
"RGMA2","RGMA",1,7.72037727375761,6
"C5AR22","C5AR2",2,8.46553617727355,6
"SLCO5A12","SLCO5A1",5,6.40339425082321,6
"MICU32","MICU3",1,8.61968622844956,6
"ACTL82","ACTL8",5,5.89719394680952,6
"PHPT12","PHPT1",2,5.81588592906202,6
"HBA22","HBA2",1,6.69265098149201,6
"TBC1D10C2","TBC1D10C",1,8.08833946561074,6
"LINC009642","LINC00964",3,6.2698030910257,6
"CARD62","CARD6",1,6.92942318347147,6
"FP565260.12","FP565260.1",5,4.47885101697246,6
"ANOS12","ANOS1",2,7.24799032085287,6
"CD8A2","CD8A",6,7.01818816785592,6
"CASC12","CASC1",2,8.05489742840249,6
"GJC12","GJC1",5,7.0171517063908,6
"AL732437.32","AL732437.3",5,6.03096279463438,6
"MIR222HG2","MIR222HG",1,8.17975355288755,6
"NAT8L2","NAT8L",5,7.13824300138476,6
"LINC012662","LINC01266",1,6.16677968416287,6
"PHC12","PHC1",2,5.75107014636936,6
"PCDHA102","PCDHA10",2,5.94608489793469,6
"RAB6B2","RAB6B",5,6.1413699491144,6
"NMU2","NMU",5,7.56234063541349,6
"TUSC82","TUSC8",2,5.93972294225469,6
"GJB32","GJB3",5,5.84688077559671,6
"AHNAK22","AHNAK2",5,5.91149111368282,6
"STC22","STC2",2,9.3576847975601,6
"COL5A12","COL5A1",6,6.01480372284726,6
"AMIGO22","AMIGO2",1,7.16021939610384,6
"NR2F12","NR2F1",1,5.41922882488975,6
"LINC005782","LINC00578",2,6.5540083243396,6
"EMSLR2","EMSLR",5,6.63307356504669,6
"CASQ12","CASQ1",2,5.27565514683796,6
"PTGS12","PTGS1",2,5.51230547985835,6
"IL17RB2","IL17RB",2,8.42805984235772,6
"AL109918.12","AL109918.1",5,6.32752215985992,6
"ANO52","ANO5",1,5.12577764454937,6
"FCGBP2","FCGBP",1,5.66722186940437,6
"SMPD42","SMPD4",2,5.99804160783543,6
"ADAMTS182","ADAMTS18",2,5.40921929327335,6
"TP53AIP12","TP53AIP1",2,6.79455973584293,6
"FABP62","FABP6",6,5.69977188479939,6
"FMOD2","FMOD",2,7.38898705105646,6
"ADAMTS52","ADAMTS5",1,7.71106987259886,6
"MTCO1P122","MTCO1P12",3,4.78209468540227,6
"AC005154.22","AC005154.2",4,8.07458125510174,6
"SUSD22","SUSD2",2,6.14598480407162,6
"DCDC12","DCDC1",2,8.59873788248784,6
"DCLK12","DCLK1",2,6.36513290113346,6
"HSPB62","HSPB6",1,7.28456895269011,6
"P2RY62","P2RY6",6,7.33533063368361,6
"CBR32","CBR3",6,6.25856077762006,6
"COL17A12","COL17A1",1,8.9390664488597,6
"PLIN52","PLIN5",2,7.61154118635921,6
"MIAT2","MIAT",6,6.41640302602184,6
"COX7A12","COX7A1",1,6.56840046159059,6
"ZNF6132","ZNF613",3,7.25348927655335,6
"AC108749.12","AC108749.1",3,6.11537078085108,6
"LOX2","LOX",3,5.24866523165824,6
"PIK3AP12","PIK3AP1",6,6.61862572837248,6
"PLK42","PLK4",5,6.82621296937572,6
"GLT8D22","GLT8D2",1,8.31370812080785,6
"COL28A12","COL28A1",4,4.67370764672289,6
"COLEC122","COLEC12",1,6.14808468123666,6
"HTRA32","HTRA3",1,5.81249579544398,6
"SPESP12","SPESP1",2,4.60896919619208,6
"CLEC4F2","CLEC4F",5,6.35973585162089,6
"DLL12","DLL1",1,6.44139772515927,6
"BMERB12","BMERB1",4,6.56873053373958,6
"CLDN232","CLDN23",5,6.62198393382209,6
"TDO22","TDO2",6,6.78055461961392,6
"PLEK2","PLEK",6,8.06931096657745,6
"RASL122","RASL12",1,7.20282485148779,6
"MIR210HG2","MIR210HG",5,5.33300257024856,6
"SOD32","SOD3",3,7.48016941916015,6
"IL2RB2","IL2RB",6,8.23882933923779,6
"RASSF92","RASSF9",1,6.00078358271745,6
"PCSK42","PCSK4",2,9.54883981624101,6
"FLRT32","FLRT3",2,6.66860889537406,6
"NGEF2","NGEF",5,6.27221489245551,6
"PLAUR2","PLAUR",6,7.57756583888522,6
"AC109326.12","AC109326.1",1,5.92850122953402,6
"AL365361.12","AL365361.1",1,7.89493395995341,6
"PLEKHF12","PLEKHF1",1,7.16553760396882,6
"AC025031.52","AC025031.5",4,7.80801344015438,6
"PPFIA42","PPFIA4",5,7.17142943445887,6
"SFRP22","SFRP2",1,5.93368918781788,6
"LINC003242","LINC00324",2,6.39025230514936,6
"CD532","CD53",1,6.82070734168807,6
"RAMP12","RAMP1",2,5.75638258285115,6
"DIPK1B2","DIPK1B",5,6.26761797341447,6
"TMEM92-AS12","TMEM92-AS1",3,6.49795068678192,6
"F72","F7",2,9.04239004242278,6
"GPRC5D-AS12","GPRC5D-AS1",5,4.89497832063975,6
"NALCN2","NALCN",1,8.50898640390756,6
"ANKS62","ANKS6",5,7.28401763661912,6
"MMP252","MMP25",2,6.3057960854787,6
"TFEC2","TFEC",6,7.27823100508396,6
"AL445223.12","AL445223.1",4,7.04208544984492,6
"FBXL162","FBXL16",2,5.17532669508173,6
"FAM92A1P22","FAM92A1P2",1,5.67966785443636,6
"GHR2","GHR",1,5.05872846174209,6
"HOXA32","HOXA3",1,6.27257259146382,6
"RNF144A2","RNF144A",5,6.99520347401824,6
"SCUBE12","SCUBE1",2,7.93486231046049,6
"THEMIS22","THEMIS2",6,7.985887631664,6
"SHROOM12","SHROOM1",2,9.48582729240326,6
"AC093838.12","AC093838.1",2,9.09704683709092,6
"GNAI12","GNAI1",3,6.61710589083221,6
"DUSP92","DUSP9",5,6.6648281348718,6
"HNRNPA1P542","HNRNPA1P54",2,5.19859262464965,6
"CACHD12","CACHD1",1,9.05019535992165,6
"PDGFD2","PDGFD",2,6.76744394033059,6
"TWIST12","TWIST1",1,6.04093727467312,6
"NTN12","NTN1",5,5.92995289274587,6
"TACC32","TACC3",5,7.05067054620555,6
"AC005831.12","AC005831.1",2,5.60102329707868,6
"FMO12","FMO1",1,7.75724412014205,6
"C3AR12","C3AR1",6,6.06354886148213,6
"WNK32","WNK3",5,5.92737293343824,6
"ANGPTL22","ANGPTL2",1,7.83188516737471,6
"RPL21P162","RPL21P16",4,12.0449182284969,6
"RBP52","RBP5",2,5.9324549984883,6
"KIF5C2","KIF5C",2,8.24586244269489,6
"PRELID3A2","PRELID3A",5,7.03925250990352,6
"CYTIP2","CYTIP",6,7.32189372521838,6
"KIAA17552","KIAA1755",5,6.63160428135964,6
"RNU2-64P2","RNU2-64P",4,9.56966680405429,6
"IGSF102","IGSF10",1,8.12711709923936,6
"AC037198.12","AC037198.1",1,5.51325697198814,6
"ENHO2","ENHO",5,6.47017203730458,6
"AL356417.22","AL356417.2",5,7.62475983027916,6
"CD272","CD27",1,6.99893478324482,6
"MARCHF32","MARCHF3",5,6.01608225130781,6
"ASPHD12","ASPHD1",6,5.62628444224874,6
"TGM52","TGM5",1,5.23388820704913,6
"LINC011162","LINC01116",2,6.07761938302448,6
"STRA62","STRA6",2,5.16891889535161,6
"FZD10-AS12","FZD10-AS1",1,7.65361258744631,6
"PAK32","PAK3",1,9.92512247845029,6
"Z95114.42","Z95114.4",3,7.18072941467746,6
"CA122","CA12",2,8.92449117695182,6
"PLAG12","PLAG1",5,5.22853999987717,6
"HLA-DOA2","HLA-DOA",1,6.99634283400853,6
"GINS42","GINS4",5,7.51429218316292,6
"JAML2","JAML",1,7.86857340427271,6
"DNAJC222","DNAJC22",2,8.85421466448228,6
"ANKRD20A5P2","ANKRD20A5P",2,7.25741646303462,6
"ZDHHC11B2","ZDHHC11B",2,6.58998058005499,6
"CA82","CA8",2,7.28811236896644,6
"MT-TC2","MT-TC",3,5.77078616021876,6
"PIK3C2G2","PIK3C2G",1,7.60116388953094,6
"SP62","SP6",5,4.29334458324576,6
"CCL212","CCL21",1,5.67723059365993,6
"KCNQ32","KCNQ3",5,4.9385436941783,6
"RN7SL359P2","RN7SL359P",2,8.13053658969844,6
"PDE1C2","PDE1C",1,8.85070064436212,6
"CIART2","CIART",5,7.26121999432956,6
"STAC22","STAC2",1,8.11066895874246,6
"NUP62CL2","NUP62CL",3,5.79624675598072,6
"XRCC22","XRCC2",5,7.54460263046283,6
"PTP4A32","PTP4A3",5,6.10290908245984,6
"FPR12","FPR1",6,7.88958987133508,6
"HLA-DOB2","HLA-DOB",6,6.41264585442613,6
"SCN3A2","SCN3A",1,7.49625136203386,6
"FABP52","FABP5",5,6.57260452296045,6
"DOCK32","DOCK3",5,6.04532830232294,6
"FADS12","FADS1",3,5.79447055310872,6
"ADRB12","ADRB1",2,5.21254305282884,6
"MCOLN22","MCOLN2",6,5.95308436069571,6
"PARVG2","PARVG",1,6.449664185341,6
"SPP12","SPP1",6,6.99506861465176,6
"LINC008652","LINC00865",2,5.42682068982482,6
"AL844908.12","AL844908.1",6,5.49797777947778,6
"GALNTL62","GALNTL6",2,6.3866945278805,6
"CYGB2","CYGB",1,6.25715046284276,6
"AL078595.12","AL078595.1",4,12.7221394776414,6
"EDA2R2","EDA2R",1,7.00041960771235,6
"CAPN152","CAPN15",2,5.20126787761676,6
"NKD22","NKD2",1,6.66622713787825,6
"AL033384.12","AL033384.1",3,5.57269935122623,6
"ZNF6832","ZNF683",6,7.33017934346553,6
"GPR272","GPR27",2,7.18762890495961,6
"NDRG42","NDRG4",5,6.4437858924984,6
"SLC17A92","SLC17A9",2,5.21403746621318,6
"PDLIM42","PDLIM4",1,8.81126667201821,6
"H1-32","H1-3",2,5.59295956628813,6
"SBSPON2","SBSPON",2,5.97642042409442,6
"GLIPR22","GLIPR2",1,6.60348905358176,6
"FAM78B2","FAM78B",6,5.21675801555528,6
"TBILA2","TBILA",2,8.12849821001103,6
"DYSF2","DYSF",5,5.57997281730521,6
"MAPK102","MAPK10",3,7.20590817986823,6
"HES22","HES2",2,6.91377805470043,6
"AC008780.12","AC008780.1",1,6.5439852202842,6
"SMIM10L2A2","SMIM10L2A",1,5.96234373452466,6
"SLC6A92","SLC6A9",6,6.12488406867864,6
"OLFML2B2","OLFML2B",2,6.46356440929909,6
"GALNT132","GALNT13",5,6.96261945891907,6
"LMOD12","LMOD1",1,8.04298984447881,6
"RNFT22","RNFT2",5,7.52985962983168,6
"LDB22","LDB2",1,7.81847320441832,6
"RASGEF1A2","RASGEF1A",6,5.6583649198654,6
"EPHB22","EPHB2",6,6.71448125187048,6
"GRIN2B2","GRIN2B",1,6.55271766530549,6
"SDS2","SDS",6,6.7550099551086,6
"AL591845.12","AL591845.1",2,6.98406298638324,6
"ITGB32","ITGB3",2,5.51787392329209,6
"ELF52","ELF5",1,8.2062167721482,6
"CD300LG2","CD300LG",1,6.79680071946696,6
"LMNTD2-AS12","LMNTD2-AS1",2,9.75239019363566,6
"MYOZ22","MYOZ2",3,7.11524803724918,6
"OSR12","OSR1",1,6.68492966686525,6
"AP001783.12","AP001783.1",5,7.10059294924829,6
"CALCRL2","CALCRL",1,5.62973887197051,6
"TRIM682","TRIM68",3,6.68217039994809,6
"MST1L2","MST1L",2,5.5556921135703,6
"AP000769.12","AP000769.1",3,6.04470232018166,6
"CD1E2","CD1E",6,7.06517314995519,6
"CGAS2","CGAS",6,6.94164745404948,6
"SLC49A32","SLC49A3",3,6.89324949720094,6
"IKZF32","IKZF3",1,7.5084889176216,6
"KIF18A2","KIF18A",5,6.66910261875257,6
"IL10RA2","IL10RA",1,7.5070467649108,6
"APLN2","APLN",2,5.6288432290281,6
"RIPK32","RIPK3",1,5.80082181746672,6
"HAND22","HAND2",1,5.3077909194856,6
"ACAN2","ACAN",5,6.25671851533728,6
"EPB41L32","EPB41L3",3,5.84117649823027,6
"ME32","ME3",2,7.10760172255995,6
"CD862","CD86",6,7.86878012892293,6
"PI4KA2","PI4KA",2,6.3985342398813,6
"CACNA2D12","CACNA2D1",1,7.38090090021896,6
"CKB2","CKB",5,5.94233683468602,6
"AWAT22","AWAT2",3,6.58636127084774,6
"FAM106A2","FAM106A",2,5.13694378074196,6
"NCAN2","NCAN",5,6.65344810663772,6
"AF131215.42","AF131215.4",1,7.37795451712952,6
"C19orf182","C19orf18",3,5.9236072832713,6
"MANEAL2","MANEAL",6,5.1162785692648,6
"GSEC2","GSEC",5,7.26819924888469,6
"ZSCAN232","ZSCAN23",2,6.17700089634317,6
"CYTOR2","CYTOR",2,5.64468353933609,6
"FHOD32","FHOD3",1,7.75691881336374,6
"PLEKHG12","PLEKHG1",5,6.09262500726648,6
"FBXO172","FBXO17",5,6.9718671369202,6
"ALOX5AP2","ALOX5AP",6,7.04440024397694,6
"TM4SF1-AS12","TM4SF1-AS1",3,5.45131717559859,6
"HEPH2","HEPH",1,5.59647821987705,6
"LAMA22","LAMA2",1,7.05809247584438,6
"PLIN42","PLIN4",1,5.41536859643768,6
"FGD52","FGD5",1,5.36200151364512,6
"ABCA62","ABCA6",1,8.70455057079024,6
"APOL32","APOL3",1,7.31563394824522,6
"LYPD12","LYPD1",6,5.15069951169331,6
"ZNF2142","ZNF214",2,7.27921939142651,6
"LINC006492","LINC00649",2,5.51065085094946,6
"XYLT12","XYLT1",1,6.13129215169975,6
"ALPL2","ALPL",1,6.41965681034384,6
"TF2","TF",1,7.05692483288874,6
"PNMA6A2","PNMA6A",5,6.94178819886626,6
"APCDD1L-DT2","APCDD1L-DT",1,6.95970363920127,6
"MMP152","MMP15",5,6.35574366694605,6
"AL670729.32","AL670729.3",2,4.81949060052495,6
"AC092078.32","AC092078.3",3,7.05102960008953,6
"LRRN22","LRRN2",5,6.59083549831672,6
"TMEM229B2","TMEM229B",2,7.40197882191502,6
"ARHGEF42","ARHGEF4",5,6.44953054335057,6
"TGFA2","TGFA",1,7.06153496005644,6
"ST3GAL42","ST3GAL4",5,7.33394184697838,6
"ZDHHC112","ZDHHC11",2,7.3998337897917,6
"SCD52","SCD5",1,6.37693061633771,6
"DUSP22","DUSP2",1,6.52190603503389,6
"SYT172","SYT17",2,9.2303737014478,6
"PLA2G4A2","PLA2G4A",1,6.36554472673982,6
"DRC32","DRC3",2,8.2759591649564,6
"CLDN112","CLDN11",1,8.50870510238693,6
"CD342","CD34",1,7.15485785370221,6
"TMEM59L2","TMEM59L",2,6.37704158957656,6
"TMEM200B2","TMEM200B",2,5.19374167858283,6
"LINC012392","LINC01239",5,4.7011571274735,6
"BTBD112","BTBD11",1,6.46020526710135,6
"CLNK2","CLNK",1,5.34943187257405,6
"KLHDC8A2","KLHDC8A",5,6.85844625307414,6
"ZNF385C2","ZNF385C",5,5.76903602311571,6
"TFPI3","TFPI",1,6.80460808492791,6
"CLEC5A2","CLEC5A",6,7.19132251520679,6
"TNF2","TNF",6,6.13087092077824,6
"NOD22","NOD2",6,6.32757814063359,6
"PMAIP12","PMAIP1",6,5.62773307228013,6
"HPDL2","HPDL",5,6.11557202205667,6
"CELSR32","CELSR3",5,5.75354937183048,6
"BLACAT12","BLACAT1",5,6.99515741206357,6
"KANSL1-AS12","KANSL1-AS1",3,5.18414467027387,6
"TPPP2","TPPP",2,6.28455006217576,6
"KCNH22","KCNH2",5,5.75234580452388,6
"HEY12","HEY1",1,5.81342695081769,6
"TMEM402","TMEM40",6,4.83037498130897,6
"AL031595.22","AL031595.2",1,5.56181556301982,6
"AC095057.42","AC095057.4",2,7.02070728904715,6
"ADAMTS162","ADAMTS16",5,6.45211839714085,6
"AC124798.12","AC124798.1",5,4.56859204062166,6
"PRKCB2","PRKCB",1,7.26171020813518,6
"ENTPD82","ENTPD8",2,8.36560443423492,6
"DEGS22","DEGS2",2,9.49590169435821,6
"SVEP12","SVEP1",1,7.22458472073977,6
"AC096589.22","AC096589.2",2,8.13676125466363,6
"CDKN2D2","CDKN2D",5,6.18911910450302,6
"APOLD12","APOLD1",5,5.60130712836297,6
"SLAMF82","SLAMF8",6,8.48509410749961,6
"CASP17P2","CASP17P",1,8.52008506930712,6
"WT12","WT1",2,5.08561669493828,6
"AF131215.62","AF131215.6",1,6.65198790222605,6
"NYNRIN2","NYNRIN",5,6.32680099339824,6
"KDELR32","KDELR3",5,6.61829894485084,6
"GPT2","GPT",5,6.03773047882091,6
"CLCN42","CLCN4",5,6.02019329510203,6
"SCIN2","SCIN",2,5.14117345934712,6
"AL731571.12","AL731571.1",1,7.15381946011148,6
"LINC025322","LINC02532",5,4.6559995541952,6
"CIT2","CIT",5,7.04020775962384,6
"DNAH72","DNAH7",2,8.96128720529726,6
"PTPRM2","PTPRM",3,6.36348586851922,6
"P2RY132","P2RY13",1,7.04042164402677,6
"DDIAS2","DDIAS",5,6.70819542360046,6
"MAMLD12","MAMLD1",5,6.37296450260763,6
"TMEM45A2","TMEM45A",5,5.90525931192122,6
"ANPEP2","ANPEP",1,7.99935510484717,6
"G6PD2","G6PD",3,8.11872158708883,6
"FGF12","FGF1",1,7.7689374996025,6
"F2RL12","F2RL1",3,5.6824427362774,6
"SERP22","SERP2",2,7.25908806387968,6
"CPNE52","CPNE5",1,6.0712256087249,6
"FBXO272","FBXO27",5,5.89277928687322,6
"CD382","CD38",6,7.98495003339597,6
"CD3D2","CD3D",6,7.25689550910756,6
"TFAP2B2","TFAP2B",4,6.78137544206809,6
"PTPRS2","PTPRS",3,6.07107860499065,6
"AC020656.22","AC020656.2",2,6.11335484948668,6
"CCDC144B2","CCDC144B",2,5.84247021471636,6
"LIPG2","LIPG",1,5.88116981790739,6
"MAPK42","MAPK4",5,6.04029299237064,6
"SLC16A142","SLC16A14",2,6.85887871202462,6
"GNAZ2","GNAZ",5,6.81025207105847,6
"DNAAF32","DNAAF3",2,9.10616488160454,6
"SNED12","SNED1",2,5.86050792379369,6
"ACE2","ACE",3,5.21753815824831,6
"AL133330.12","AL133330.1",4,6.16599235500955,6
"OXGR12","OXGR1",1,6.70613851697921,6
"CDC14A2","CDC14A",1,5.74341673194299,6
"AC103702.12","AC103702.1",2,5.69007534096743,6
"TMPRSS92","TMPRSS9",3,6.44164849625568,6
"HSPB22","HSPB2",1,6.39479956630727,6
"LSP12","LSP1",1,7.83010365549209,6
"SLC4A82","SLC4A8",2,9.14972650317232,6
"GZMB2","GZMB",6,9.23291026120007,6
"PIP5K1B2","PIP5K1B",1,6.63350695763752,6
"LAG32","LAG3",6,7.07491149383035,6
"A4GALT2","A4GALT",6,4.76870267736873,6
"GPR372","GPR37",5,5.90606006670209,6
"RC3H1-IT12","RC3H1-IT1",4,8.07863626437018,6
"PTPRU2","PTPRU",5,5.40580853184149,6
"ARSJ2","ARSJ",2,6.52687421572572,6
"FAM222A2","FAM222A",3,6.84941274390945,6
"CDYL22","CDYL2",2,9.00244579430008,6
"MTCL12","MTCL1",2,6.22291068246859,6
"FIRRE2","FIRRE",1,6.06594922192432,6
"F2RL22","F2RL2",2,5.82396674877484,6
"ITPRIPL12","ITPRIPL1",1,8.40762004132994,6
"IRF82","IRF8",6,6.95081196572789,6
"GLIS32","GLIS3",6,5.37903438045147,6
"SERPINE22","SERPINE2",5,5.79537090787228,6
"PCAT62","PCAT6",5,7.1299189251262,6
"SLC6A162","SLC6A16",5,6.40199509272191,6
"SLC6A152","SLC6A15",5,5.4726684249927,6
"AP001057.12","AP001057.1",3,5.82319744318316,6
"GLP1R2","GLP1R",1,6.00165789307292,6
"ACSS32","ACSS3",3,7.33373982530278,6
"SLC2A32","SLC2A3",1,6.21649717194782,6
"LINC001732","LINC00173",1,6.27153550537374,6
"PTPRN22","PTPRN2",2,5.92143821029824,6
"ATP2B22","ATP2B2",1,4.46398908273313,6
"AQP72","AQP7",3,6.91541970422688,6
"POM121C2","POM121C",5,5.65029555788698,6
"AL139383.12","AL139383.1",2,5.82872491388654,6
"LINC013152","LINC01315",5,5.79524036078753,6
"MB2","MB",3,6.76309195358063,6
"SUSD42","SUSD4",5,5.46074960154231,6
"CADPS2","CADPS",1,5.32095765119759,6
"AC011287.12","AC011287.1",1,5.12938832224591,6
"LINC016192","LINC01619",2,5.97996914158797,6
"AL021328.12","AL021328.1",2,5.57564217879509,6
"ITGBL12","ITGBL1",1,6.43625312671572,6
"AC107294.22","AC107294.2",5,5.8822212146722,6
"MEG82","MEG8",1,7.34860948511988,6
"TYMSOS2","TYMSOS",5,6.53109954866262,6
"ARHGAP27P1-BPTFP1-KPNA2P32","ARHGAP27P1-BPTFP1-KPNA2P3",5,5.46109900025722,6
"RSPH12","RSPH1",2,8.47557664993849,6
"AC092851.12","AC092851.1",1,6.28920850331049,6
"ARNT22","ARNT2",2,5.61227511524976,6
"TCF192","TCF19",5,6.87986103769165,6
"LINC009872","LINC00987",1,6.13192593199362,6
"EGFL72","EGFL7",3,5.6135165708398,6
"HMGB32","HMGB3",6,6.70769216333093,6
"NDUFB4P112","NDUFB4P11",5,5.62450037675833,6
"JPH42","JPH4",2,6.59612333291036,6
"JAM22","JAM2",1,7.91953549510185,6
"MS4A4A2","MS4A4A",1,7.20825027852595,6
"INHBA2","INHBA",6,6.21829913464168,6
"DNAH22","DNAH2",2,5.82745076685619,6
"AL049840.52","AL049840.5",4,8.37270925966141,6
"AC116348.32","AC116348.3",2,4.5938151196041,6
"KDR2","KDR",1,5.17271175272869,6
"SCG52","SCG5",2,5.67570834636294,6
"RUNX1T12","RUNX1T1",1,7.41401858288337,6
"BCR2","BCR",5,5.65976137088692,6
"RGS162","RGS16",6,6.89197320261589,6
"LCK2","LCK",1,6.90812439312298,6
"HEXA-AS12","HEXA-AS1",3,6.54964121295876,6
"AC080013.12","AC080013.1",1,7.08012472964972,6
"STUM2","STUM",1,5.35611122727238,6
"LMO22","LMO2",1,7.6626355669224,6
"IL15RA2","IL15RA",6,7.05531146921784,6
"ADAMTS42","ADAMTS4",6,6.09006065503799,6
"GPR342","GPR34",1,6.81214063288445,6
"CFAP1572","CFAP157",2,8.80235321166398,6
"CENPK2","CENPK",5,6.36530470406667,6
"NSUN5P12","NSUN5P1",2,6.0658892110279,6
"FNDC42","FNDC4",1,6.23307047543574,6
"SLC35F22","SLC35F2",5,6.70420828983,6
"CRADD2","CRADD",3,7.32686896343315,6
"CSF12","CSF1",6,6.42184006402022,6
"EGFLAM2","EGFLAM",2,5.89672048856626,6
"PLVAP2","PLVAP",6,4.73131836157807,6
"SCARNA92","SCARNA9",1,6.59154795163225,6
"EBF42","EBF4",2,7.7687682774967,6
"ADM22","ADM2",5,6.07795904007638,6
"FRAS12","FRAS1",1,5.04680172978236,6
"AL354836.12","AL354836.1",2,7.14084955068469,6
"UBE2M2","UBE2M",2,5.71229454490405,6
"ADGRA22","ADGRA2",1,7.76717610776024,6
"ITIH62","ITIH6",2,7.45725215046667,6
"PTCH22","PTCH2",1,6.62078719431599,6
"CD832","CD83",6,6.22442570200093,6
"AC110285.22","AC110285.2",2,7.154574472089,6
"AC004130.22","AC004130.2",5,4.90364281614426,6
"PLIN22","PLIN2",6,5.36939484419301,6
"ASTN22","ASTN2",2,7.79136791726591,6
"TNFRSF13C2","TNFRSF13C",5,6.0407171702055,6
"RNF392","RNF39",1,5.8158346534338,6
"DSCAM-AS12","DSCAM-AS1",2,6.25653388383924,6
"PAQR82","PAQR8",5,5.46296199778814,6
"BLM2","BLM",5,7.53520309275149,6
"MYLK32","MYLK3",3,5.06575573389841,6
"H2AC202","H2AC20",5,5.80821406643293,6
"AL450306.12","AL450306.1",4,8.98714774947616,6
"FBLN22","FBLN2",5,6.16315240600569,6
"HSD17B62","HSD17B6",5,5.05744365112262,6
"LZTS12","LZTS1",1,6.65033823772663,6
"SAMMSON2","SAMMSON",3,5.90265067440235,6
"FGF92","FGF9",5,5.44103634297034,6
"CCDC82","CCDC8",1,8.33560700248077,6
"FZD42","FZD4",3,6.56146561142877,6
"ADGRL42","ADGRL4",1,5.74751357866369,6
"PANK12","PANK1",5,6.48657165137619,6
"FAM155A2","FAM155A",2,5.91546815571732,6
"FAM171B2","FAM171B",5,5.3394420923704,6
"WASF12","WASF1",5,5.56300921915739,6
"AL021392.12","AL021392.1",2,8.84333591048384,6
"MYRFL2","MYRFL",3,5.98241689191987,6
"VGLL32","VGLL3",1,6.92771711514155,6
"ADGRF52","ADGRF5",1,5.43502850213496,6
"SLC16A52","SLC16A5",2,5.83801848353059,6
"IFITM22","IFITM2",2,6.96937473860217,6
"TRPV62","TRPV6",3,7.0642053238745,6
"SLC45A32","SLC45A3",5,6.78127199562622,6
"AC099541.22","AC099541.2",1,5.73178289511489,6
"IRAK32","IRAK3",6,5.63740140081826,6
"TMPRSS22","TMPRSS2",1,7.72970101308841,6
"B3GNT52","B3GNT5",5,6.41726763179029,6
"LRP1B2","LRP1B",2,6.21820813336451,6
"LINC013592","LINC01359",1,6.70070133032783,6
"LINC003932","LINC00393",5,7.40308775498207,6
"PROX12","PROX1",1,5.34449830469485,6
"MYZAP2","MYZAP",1,6.6339364188128,6
"IL1R22","IL1R2",5,5.38772093732982,6
"TNS42","TNS4",1,6.42451352763394,6
"SLFN112","SLFN11",1,6.82361850114624,6
"RN7SL653P2","RN7SL653P",1,6.74404453383461,6
"RADIL2","RADIL",1,4.60180034935086,6
"LINC010162","LINC01016",2,7.17367024864765,6
"PCSK62","PCSK6",2,6.73344399515516,6
"AKR1B102","AKR1B10",6,5.4575195259095,6
"HAS22","HAS2",1,5.71049814287217,6
"SULT1E12","SULT1E1",4,5.43652037933689,6
"HMCN12","HMCN1",1,6.38196476383918,6
"AC007681.12","AC007681.1",4,5.11753731688225,6
"LINC009392","LINC00939",2,5.78177096174912,6
"TDRD62","TDRD6",1,6.5859433457194,6
"H3C62","H3C6",3,6.04141269468485,6
"FAM83B2","FAM83B",5,6.15024905324312,6
"VEPH12","VEPH1",5,4.72526231742377,6
"RIC32","RIC3",1,6.66947944534658,6
"UGT2B102","UGT2B10",3,8.19067874672972,6
"PLCH12","PLCH1",5,6.2910541967957,6
"CTTNBP22","CTTNBP2",2,6.28510011163179,6
"ARHGEF38-IT12","ARHGEF38-IT1",2,5.76282564705198,6
"TRPV42","TRPV4",1,5.96225602823942,6
"PRRT3-AS12","PRRT3-AS1",5,5.50619423361847,6
"BST22","BST2",6,7.86755540720997,6
"SMOX2","SMOX",5,6.64331943281173,6
"P3H22","P3H2",1,7.72392534073628,6
"SMAD92","SMAD9",1,6.69822670969734,6
"CNTN32","CNTN3",1,6.24166416404015,6
"KDM7A-DT2","KDM7A-DT",3,6.08592453028832,6
"GSC2","GSC",2,7.29902373514542,6
"GNA142","GNA14",2,6.73476890839837,6
"CCDC32","CCDC3",1,6.45862660949025,6
"NAP1L22","NAP1L2",1,6.96839009509589,6
"PLXNA42","PLXNA4",5,4.58018037749524,6
"HACD12","HACD1",5,5.7396453373859,6
"ESAM2","ESAM",1,5.5564566064125,6
"SNTB12","SNTB1",1,6.03472065524225,6
"AC006160.12","AC006160.1",4,7.50614369736906,6
"TNFRSF11A2","TNFRSF11A",1,7.36616869483827,6
"AC127024.82","AC127024.8",4,8.12399778643914,6
"AC025034.12","AC025034.1",2,5.94347233999464,6
"C2CD4D2","C2CD4D",5,6.88351916664167,6
"GPR1832","GPR183",1,6.52046917262103,6
"SNHG262","SNHG26",1,7.62830504410009,6
"ZNF6712","ZNF671",2,7.43735612045372,6
"LTBP12","LTBP1",6,6.3304485063452,6
"PNMA8A2","PNMA8A",5,6.12535037395511,6
"AL590560.32","AL590560.3",2,5.73372792111404,6
"TLR32","TLR3",1,5.98901337583312,6
"SAE12","SAE1",5,6.39876890227318,6
"KCNS32","KCNS3",2,5.13555297167807,6
"CCDC152","CCDC15",3,7.05567174313595,6
"DUSP152","DUSP15",2,8.33340590861193,6
"GINS22","GINS2",5,6.452992246718,6
"MRGPRF2","MRGPRF",1,7.27227552758623,6
"PLD52","PLD5",1,5.45537742855875,6
"TMPRSS42","TMPRSS4",2,5.69965074215149,6
"SLAIN12","SLAIN1",1,5.66312791537091,6
"ST8SIA22","ST8SIA2",1,6.26882356592013,6
"ABCD12","ABCD1",6,5.4800357424647,6
"NUPR22","NUPR2",2,6.52250454395033,6
"PRKCA2","PRKCA",1,5.64417461584548,6
"CCL222","CCL22",6,6.61566221671558,6
"WASHC12","WASHC1",2,6.20713234302341,6
"SNORA752","SNORA75",4,9.24572317985098,6
"CHEK22","CHEK2",5,6.22752647135495,6
"AC021504.12","AC021504.1",5,5.60684998028083,6
"DPP42","DPP4",1,4.84998486713768,6
"AL031282.12","AL031282.1",4,10.0619552790619,6
"PSMB8-AS12","PSMB8-AS1",6,7.18064578928518,6
"RCAN22","RCAN2",1,5.79033411106326,6
"RYR12","RYR1",1,5.95139158718646,6
"CBFA2T32","CBFA2T3",2,5.40987624196793,6
"PCLAF2","PCLAF",5,6.69936287247533,6
"TEAD42","TEAD4",5,5.92492388780172,6
"RBM112","RBM11",2,5.76026930229631,6
"AL078622.12","AL078622.1",2,5.94595829569659,6
"TPTEP12","TPTEP1",1,6.14379520872906,6
"C3orf702","C3orf70",1,6.27682458575893,6
"TLR22","TLR2",1,7.6504328014867,6
"NTRK22","NTRK2",1,8.38240570980984,6
"SLC2A62","SLC2A6",6,6.90252033585596,6
"GIMAP22","GIMAP2",6,6.91658329725429,6
"AC074141.12","AC074141.1",3,6.18969786600517,6
"SOX52","SOX5",1,6.4670212944608,6
"MCOLN32","MCOLN3",2,5.60579381843742,6
"ACKR32","ACKR3",1,5.00584052679642,6
"AC078799.12","AC078799.1",4,8.24710138732131,6
"BAIAP2L22","BAIAP2L2",5,5.91512540788327,6
"ETV12","ETV1",1,6.44081099624066,6
"RNU6-482P2","RNU6-482P",4,7.79395293785878,6
"CD163L12","CD163L1",3,5.28718671694448,6
"ENTPD32","ENTPD3",2,5.78755523657588,6
"AL355377.32","AL355377.3",3,4.7770132340599,6
"CCKBR2","CCKBR",5,7.73653301134454,6
"IQCN2","IQCN",2,6.93137064128855,6
"ADAMTS122","ADAMTS12",5,5.48315209683223,6
"CAND22","CAND2",5,5.81004650716223,6
"LRRIQ12","LRRIQ1",4,6.44505853848686,6
"LINC025622","LINC02562",2,4.74393454800845,6
"ALOX52","ALOX5",1,6.16774977797473,6
"BPIFB12","BPIFB1",2,5.80371101603312,6
"FAM207A2","FAM207A",5,6.01517269845457,6
"RGS112","RGS11",2,7.41909253341461,6
"TLCD12","TLCD1",6,5.36664778831838,6
"LRRK22","LRRK2",1,5.82549739727625,6
"ARHGAP282","ARHGAP28",1,6.09024571786218,6
"NRP22","NRP2",2,5.44791715187265,6
"LINC010602","LINC01060",1,6.56403033503925,6
"CCL282","CCL28",1,9.87898917275525,6
"SEMA5A2","SEMA5A",1,7.53224517142622,6
"SYT62","SYT6",3,6.07572710822515,6
"RUNX22","RUNX2",1,6.03367306755141,6
"KATNAL22","KATNAL2",5,6.10993463342666,6
"SNX202","SNX20",6,7.33962383447434,6
"TNFSF152","TNFSF15",1,6.05118749375669,6
"ZNF280B2","ZNF280B",6,5.30764458990014,6
"RARRES22","RARRES2",1,7.34682793163995,6
"LILRB52","LILRB5",1,6.50573892855439,6
"HPN2","HPN",3,6.24676064338623,6
"CCDC1682","CCDC168",1,5.64884966349527,6
"UBASH3B2","UBASH3B",5,4.97776671991979,6
"NPB2","NPB",5,5.54045746275364,6
"HSD3BP22","HSD3BP2",3,7.68055548272273,6
"MFAP3L2","MFAP3L",5,5.64965891403474,6
"LRMDA2","LRMDA",6,4.7904731881076,6
"ZIK12","ZIK1",2,5.34062263058995,6
"DHCR72","DHCR7",5,6.80331282757753,6
"NEGR12","NEGR1",1,6.79639804185741,6
"PGF2","PGF",1,7.26831858798435,6
"CDON2","CDON",2,8.59655871571309,6
"CXCL62","CXCL6",1,5.33124035764844,6
"CARD162","CARD16",1,7.89370343342302,6
"RHOJ2","RHOJ",1,8.63085965948477,6
"NLRP132","NLRP13",3,5.76669070823218,6
"MPP22","MPP2",2,6.75391354217823,6
"LINC019772","LINC01977",2,6.92092331516855,6
"ZNF4832","ZNF483",2,6.84353679034825,6
"CCDC1362","CCDC136",2,6.11106904579462,6
"RASGRF12","RASGRF1",3,5.64919132346424,6
"MMEL12","MMEL1",2,8.82104741285316,6
"CNTNAP32","CNTNAP3",1,6.71838781399631,6
"ARHGEF392","ARHGEF39",5,6.4088624799085,6
"XG2","XG",5,6.0625147660299,6
"TSKU2","TSKU",3,7.97522968257845,6
"MS4A142","MS4A14",2,6.78878941814645,6
"PITPNM22","PITPNM2",5,6.22868316088767,6
"C2orf27A2","C2orf27A",2,7.71294813322217,6
"ADAMTS22","ADAMTS2",1,6.17724264432323,6
"MYCL2","MYCL",6,5.11436341123518,6
"LILRB22","LILRB2",6,7.71431246100218,6
"LINC015242","LINC01524",2,5.27656869558815,6
"MSI12","MSI1",5,6.50537504956554,6
"ELAVL42","ELAVL4",1,5.6895726593427,6
"AC027031.22","AC027031.2",5,6.37369873739229,6
"XKR92","XKR9",5,6.04485508602831,6
"LRP42","LRP4",1,6.04307048414115,6
"AC106795.12","AC106795.1",6,4.6595701450131,6
"IGFBP62","IGFBP6",1,8.55537638736546,6
"MS4A182","MS4A18",3,7.60354503267359,6
"FAM124A2","FAM124A",5,5.64850862227244,6
"RDH102","RDH10",6,6.34992485492572,6
"AF131215.22","AF131215.2",4,7.66112607854031,6
"FBLN72","FBLN7",1,5.31784733747646,6
"RASSF22","RASSF2",6,5.87577117951731,6
"RAD54B2","RAD54B",5,6.8623443128914,6
"CIB22","CIB2",5,5.93895038406811,6
"DAPL12","DAPL1",2,6.04846743204827,6
"PDGFRA2","PDGFRA",1,8.21507832015584,6
"IDNK2","IDNK",2,5.8700062583066,6
"OVOL12","OVOL1",2,6.57807833972846,6
"ID32","ID3",6,5.8854218832711,6
"HMGN2P462","HMGN2P46",2,8.79223419371331,6
"IL152","IL15",6,7.05450365752174,6
"KIF192","KIF19",5,5.29202402747152,6
"MERTK2","MERTK",1,6.91285404891195,6
"INPP4B2","INPP4B",2,7.81015484533608,6
"SMAD62","SMAD6",5,6.09184844785362,6
"NR2F1-AS12","NR2F1-AS1",2,4.52780924825711,6
"GRIN2D2","GRIN2D",6,5.80769726734191,6
"ZNF7272","ZNF727",2,5.0236001152284,6
"AC096733.32","AC096733.3",2,6.77332246689891,6
"ASRGL12","ASRGL1",1,5.14696351349748,6
"AC096589.12","AC096589.1",2,6.83999988465694,6
"SLC1A22","SLC1A2",2,6.94843201355276,6
"NPL2","NPL",6,5.25118756529068,6
"MTND2P282","MTND2P28",5,5.32508100959376,6
"SASH32","SASH3",6,7.27711908562556,6
"ANXA2R2","ANXA2R",6,5.71488334391337,6
"AC104237.32","AC104237.3",1,7.60851497027247,6
"CACNB22","CACNB2",1,5.38053253752542,6
"THSD7A2","THSD7A",1,4.95210375935789,6
"SYTL42","SYTL4",2,8.99355167633819,6
"CCDC682","CCDC68",2,5.334874588754,6
"UBA72","UBA7",2,6.8938347063721,6
"VANGL22","VANGL2",5,6.10937013004041,6
"AC090877.22","AC090877.2",3,7.06212506533975,6
"FAH2","FAH",3,7.73185077099841,6
"RNY12","RNY1",5,4.89997491242509,6
"NCF42","NCF4",1,6.69796420377687,6
"GABRB12","GABRB1",1,5.4390617929921,6
"AC021443.12","AC021443.1",4,5.12195625574676,6
"RAPGEF32","RAPGEF3",2,7.08790788608055,6
"AC015813.12","AC015813.1",4,6.66621329876414,6
"FOXP1-IT12","FOXP1-IT1",2,5.7563186662511,6
"CD3G2","CD3G",1,6.98273491099129,6
"RIPOR22","RIPOR2",1,7.01819937962744,6
"ALDH1L22","ALDH1L2",5,5.64556592043426,6
"PRKD12","PRKD1",1,6.58136199600397,6
"GPR137C2","GPR137C",5,5.99746082337483,6
"SLC4A112","SLC4A11",3,5.66587586986373,6
"ESCO22","ESCO2",5,5.94976745920198,6
"AL353622.12","AL353622.1",2,6.15021405450366,6
"CATSPERB2","CATSPERB",2,5.67966585019715,6
"DIRAS12","DIRAS1",5,7.6579544783866,6
"FER1L42","FER1L4",2,6.32627443954396,6
"AKAP52","AKAP5",2,8.36991690303502,6
"AL354707.12","AL354707.1",3,6.6685413992171,6
"NFATC12","NFATC1",5,5.47106162394262,6
"SNAI12","SNAI1",6,6.60041347280626,6
"ETNK22","ETNK2",2,6.7451435941425,6
"TIGIT2","TIGIT",6,7.89678584965745,6
"AC008556.12","AC008556.1",2,7.15613986069506,6
"PREX22","PREX2",1,7.83085136547442,6
"CD402","CD40",1,7.42325039253266,6
"NPNT2","NPNT",3,6.64096433113049,6
"BGN2","BGN",5,5.86106947680124,6
"FOXP22","FOXP2",1,6.56498232126266,6
"GPR1432","GPR143",6,5.24989568058049,6
"TTC342","TTC34",2,7.61970694815465,6
"AC016957.22","AC016957.2",2,6.78078189341723,6
"MT-TL22","MT-TL2",3,4.93753256477119,6
"LYPD52","LYPD5",5,6.29816448099856,6
"MYO1H2","MYO1H",5,5.13735280837326,6
"GPR1732","GPR173",5,5.50725787096115,6
"MTND3P122","MTND3P12",4,6.75083406519595,6
"AL449403.32","AL449403.3",1,7.48791898583673,6
"MSL3P12","MSL3P1",5,6.36894863866569,6
"ELOVL42","ELOVL4",5,6.50508891621589,6
"SERPINI12","SERPINI1",2,6.53639717268228,6
"ADAMTS32","ADAMTS3",5,5.07757047864228,6
"GLI22","GLI2",4,5.39627998089315,6
"NEXMIF2","NEXMIF",4,4.99603529918221,6
"HMGA1P42","HMGA1P4",2,6.65992596999766,6
"AL022323.32","AL022323.3",1,5.63567760820534,6
"FAM180A2","FAM180A",1,5.61864047344724,6
"SLC4A42","SLC4A4",4,5.76905759183636,6
"EFNB32","EFNB3",1,7.03601643173321,6
"STIL2","STIL",5,6.33751169326469,6
"SPC252","SPC25",5,7.56933264928322,6
"BPI2","BPI",5,7.60556508167081,6
"CPS12","CPS1",1,5.69230655452134,6
"CDH122","CDH12",1,5.55563296735099,6
"PURPL2","PURPL",4,6.25037770279789,6
"C1orf612","C1orf61",5,6.21428589353269,6
"ADAM192","ADAM19",6,6.78293690963133,6
"FAM110B2","FAM110B",2,7.36805738351856,6
"RNU6-958P2","RNU6-958P",4,9.05788713229551,6
"C1orf1122","C1orf112",5,6.08392028084188,6
"POU3F22","POU3F2",1,5.10896124801466,6
"P3H32","P3H3",2,6.44471461905547,6
"RNF1502","RNF150",1,7.85771911182393,6
"DANT22","DANT2",1,6.3056546623025,6
"GYG22","GYG2",2,5.86406040275393,6
"MATN42","MATN4",5,6.86484693452179,6
"AP001062.12","AP001062.1",5,6.04238926425681,6
"CYP27B12","CYP27B1",2,4.68715061532439,6
"PXDNL2","PXDNL",5,6.46087093620217,6
"H3C82","H3C8",3,6.02300811661833,6
"RNY1P162","RNY1P16",2,6.07008854582258,6
"FCGR3A2","FCGR3A",6,7.05331869618059,6
"POLD22","POLD2",5,5.74675382457814,6
"TLCD3A2","TLCD3A",5,6.69039005753325,6
"PHEX2","PHEX",3,4.98594582146817,6
"MMP172","MMP17",2,7.24409949421823,6
"MIR497HG2","MIR497HG",1,6.85703966660083,6
"DNMT3B2","DNMT3B",5,6.8927060503002,6
"IKZF12","IKZF1",1,7.57320567268328,6
"MICB2","MICB",6,6.83046460300608,6
"CYP39A12","CYP39A1",1,6.21217204934139,6
"PFKP2","PFKP",6,5.86734312672274,6
"SAMSN12","SAMSN1",6,7.57856494735202,6
"CCDC1632","CCDC163",5,5.06317804143091,6
"AP002387.22","AP002387.2",5,5.67191965067495,6
"TMEM2042","TMEM204",1,6.00347072514036,6
"FNDC102","FNDC10",5,5.2767516126598,6
"AC069228.12","AC069228.1",2,5.23633097831539,6
"CENPO2","CENPO",5,6.7755148095668,6
"ADCY72","ADCY7",1,5.75209030564859,6
"PHLDA22","PHLDA2",2,5.0146659540172,6
"TXLNB2","TXLNB",2,6.53406478441759,6
"PLLP2","PLLP",1,6.86050266294113,6
"LONRF22","LONRF2",2,8.2222325318329,6
"SYN22","SYN2",1,5.79983158461336,6
"LIMD22","LIMD2",6,6.59709170746245,6
"JAK32","JAK3",1,7.14029646768635,6
"ERAP22","ERAP2",1,6.61007348916324,6
"PALM32","PALM3",2,6.16378805377718,6
"RASAL32","RASAL3",1,6.8396617579795,6
"AP003306.12","AP003306.1",4,5.76311741254597,6
"AP000547.32","AP000547.3",3,5.05943460990145,6
"HAND2-AS12","HAND2-AS1",1,5.91324325969964,6
"KIF3C2","KIF3C",5,6.78197111486801,6
"AC103740.12","AC103740.1",1,6.27638257263676,6
"COL5A22","COL5A2",6,5.06652799353769,6
"SERPINB22","SERPINB2",5,5.92836751630019,6
"SOX1-OT2","SOX1-OT",5,5.0955242788416,6
"AL441992.22","AL441992.2",3,6.22465775043407,6
"MDH1B2","MDH1B",2,6.57085867983,6
"CCDC144CP2","CCDC144CP",5,5.07255480799929,6
"LINC008392","LINC00839",1,6.20365054375221,6
"SERPINB52","SERPINB5",1,7.15054506846088,6
"SULT4A12","SULT4A1",5,6.87818762188109,6
"PLA2G4F2","PLA2G4F",2,6.51782343267226,6
"ULBP32","ULBP3",5,5.39054353592136,6
"FZD52","FZD5",6,4.63908475491987,6
"AL590004.32","AL590004.3",5,6.13379416528643,6
"DCTN1-AS12","DCTN1-AS1",1,5.56907301778533,6
"CD2482","CD248",1,7.39808962639647,6
"GALNT152","GALNT15",1,7.20348543041746,6
"AC083843.42","AC083843.4",2,5.80924807897768,6
"PET1002","PET100",2,5.50394610584414,6
"ABI3BP2","ABI3BP",1,7.42599044257282,6
"HERC2P22","HERC2P2",2,5.24442115598177,6
"AC005899.72","AC005899.7",2,6.19645065107839,6
"FGR2","FGR",6,7.20624598339935,6
"AC015712.62","AC015712.6",1,7.48674418838102,6
"CCDC1732","CCDC173",2,7.35014398536389,6
"MEX3B2","MEX3B",5,6.37775420898004,6
"PROS12","PROS1",1,7.71409339940644,6
"GLA2","GLA",2,8.62046853719268,6
"CASC82","CASC8",1,6.87822498848205,6
"PLAC82","PLAC8",1,6.74564629837458,6
"FCHSD12","FCHSD1",2,6.32173595630565,6
"WDR932","WDR93",2,7.65845053103371,6
"DOCK112","DOCK11",1,6.00557477567999,6
"HLF2","HLF",1,8.09222076618946,6
"ATF7IP22","ATF7IP2",2,4.9088275554129,6
"AL080317.12","AL080317.1",4,6.70525922238168,6
"TRPC12","TRPC1",1,7.47313075228146,6
"PCDHB42","PCDHB4",4,5.60326542975955,6
"KIT2","KIT",1,10.2840399845914,6
"NUDT19P52","NUDT19P5",2,6.98202179963172,6
"KCNQ12","KCNQ1",2,5.57003425476918,6
"BAK12","BAK1",5,5.50636057315667,6
"KLRD12","KLRD1",1,5.98515821223234,6
"ZC4H22","ZC4H2",5,5.63726433037728,6
"DISC1FP12","DISC1FP1",3,5.51223340246629,6
"AFAP1L22","AFAP1L2",2,7.70884340063958,6
"HLA-DQA12","HLA-DQA1",6,8.05295573369621,6
"SNORA382","SNORA38",4,7.01979517504271,6
"PRSS162","PRSS16",2,5.46107837521894,6
"SEMA3E2","SEMA3E",4,6.70128488005292,6
"ADAMTS92","ADAMTS9",1,7.89989637815112,6
"TPST12","TPST1",1,5.04768970592217,6
"GEM2","GEM",1,6.65579819313528,6
"FBXL132","FBXL13",4,6.12748219881499,6
"ADORA2B2","ADORA2B",5,5.2084257620032,6
"GPC62","GPC6",1,5.14568092515044,6
"FBXL72","FBXL7",2,5.61127156182283,6
"RRS1-AS12","RRS1-AS1",3,5.49385756865542,6
"MPEG12","MPEG1",1,7.66328072202047,6
"NRARP2","NRARP",6,5.20618062360354,6
"KLHL33","KLHL3",1,6.0002452616875,6
"MBNL1-AS12","MBNL1-AS1",5,6.2270029511761,6
"ACTG22","ACTG2",1,7.05953309199482,6
"PGPEP1L2","PGPEP1L",3,5.84124414626398,6
"CSPG52","CSPG5",3,6.17809314155638,6
"TMEM612","TMEM61",1,5.26932046304967,6
"EGOT2","EGOT",2,7.03893107642839,6
"SERPINF22","SERPINF2",1,6.66945916452496,6
"PCDHB72","PCDHB7",5,4.7650816475203,6
"PDE3B2","PDE3B",6,7.04480335563289,6
"AL512274.12","AL512274.1",5,4.95438670763616,6
"PLCH22","PLCH2",1,6.14165125667735,6
"TMEM1562","TMEM156",2,6.13229009656052,6
"MCUB2","MCUB",6,5.90124578566526,6
"RASSF42","RASSF4",6,6.29759760750205,6
"ATAD3C2","ATAD3C",2,5.87957127450628,6
"ADGRV12","ADGRV1",2,7.25883772952814,6
"TGFB1I12","TGFB1I1",1,7.99919870147416,6
"ZYG11A2","ZYG11A",2,6.39574275988653,6
"KRT802","KRT80",5,6.06491712419563,6
"ALDH1B12","ALDH1B1",5,5.67966728127327,6
"AC090206.12","AC090206.1",2,6.69264333378827,6
"GDPD52","GDPD5",5,6.81980293447058,6
"C22","C2",6,6.79766571781042,6
"AL122125.12","AL122125.1",2,6.61367581199919,6
"AC246817.22","AC246817.2",1,5.49356518379282,6
"FAM66D2","FAM66D",2,6.14697217706908,6
"REC82","REC8",6,6.26092384465443,6
"GXYLT22","GXYLT2",5,5.6564927486602,6
"SMPDL3A2","SMPDL3A",3,6.81752016986644,6
"FANCE2","FANCE",5,6.97312420067341,6
"FUT42","FUT4",1,5.5875383111037,6
"AL356534.12","AL356534.1",1,6.03980296655319,6
"KCNK152","KCNK15",2,7.3252957514778,6
"LRRC362","LRRC36",3,5.63020478667642,6
"NEIL32","NEIL3",5,6.96545653928266,6
"PODNL12","PODNL1",1,6.49981293857932,6
"AC048341.22","AC048341.2",1,5.67661231866598,6
"LINC025152","LINC02515",6,5.56316490440618,6
"NKX1-22","NKX1-2",5,6.91218782926074,6
"GPR392","GPR39",2,7.16371884121543,6
"LPAR12","LPAR1",1,6.8451272680897,6
"SLC51A2","SLC51A",2,6.2256563333942,6
"ZNF982","ZNF98",4,5.73202009867967,6
"AP000487.12","AP000487.1",5,5.11305194659976,6
"SALL22","SALL2",2,7.68090946098104,6
"CNTNAP3B2","CNTNAP3B",1,6.90774431536114,6
"SHISA92","SHISA9",2,6.82484814082644,6
"EFCAB132","EFCAB13",4,5.17303204935168,6
"TNFRSF1B2","TNFRSF1B",6,7.74202202825865,6
"DIPK1A2","DIPK1A",2,6.69622361679032,6
"CNKSR22","CNKSR2",1,6.53643781557413,6
"TCAF12","TCAF1",2,6.50862006153043,6
"BCL2L142","BCL2L14",1,6.19519798085157,6
"TRIM552","TRIM55",4,4.64050434262894,6
"PCDH172","PCDH17",2,4.9254744721831,6
"AL365181.22","AL365181.2",2,7.0648430835126,6
"EME12","EME1",5,6.6119707916696,6
"LINC023892","LINC02389",3,6.47473746223061,6
"DOCK8-AS12","DOCK8-AS1",2,5.54095698434271,6
"WFDC22","WFDC2",2,6.63146619519706,6
"PDPN2","PDPN",1,6.69184796348774,6
"CYP4F122","CYP4F12",6,4.9183733560112,6
"ERG2","ERG",1,7.00097705528519,6
"SLC13A32","SLC13A3",5,5.50199616002158,6
"SLC1A62","SLC1A6",5,5.28221635700553,6
"SRSF122","SRSF12",5,6.69186909164958,6
"NID22","NID2",6,4.85879162872948,6
"AP002761.42","AP002761.4",2,5.54606685269932,6
"KCNJ62","KCNJ6",1,5.3225972805108,6
"FRMD6-AS12","FRMD6-AS1",2,7.0418663015014,6
"RGS52","RGS5",2,5.5696869153659,6
"ADAM322","ADAM32",5,5.47428586887666,6
"CLEC2B2","CLEC2B",1,6.54789963797453,6
"HERC62","HERC6",1,6.2611949543911,6
"GLIPR1L22","GLIPR1L2",2,6.49569217727068,6
"PLCG22","PLCG2",1,6.80021780511366,6
"RTKN22","RTKN2",5,6.48917461519218,6
"CDC25A2","CDC25A",5,7.41688750548079,6
"AL356740.12","AL356740.1",2,5.21175976964634,6
"AL499602.12","AL499602.1",2,6.31094092329382,6
"PKHD12","PKHD1",2,5.46876366852354,6
"RTL52","RTL5",1,6.08907698388868,6
"VWF2","VWF",1,5.76665936973105,6
"TMOD12","TMOD1",1,6.40598961763834,6
"ITGAL2","ITGAL",6,7.77248934754742,6
"HCP52","HCP5",6,8.1874295291512,6
"AL160000.12","AL160000.1",4,7.22262021339792,6
"EIF4H2","EIF4H",2,5.68960230950512,6
"SLC6A82","SLC6A8",5,6.5781891002453,6
"AL031058.12","AL031058.1",5,6.43029665951297,6
"RBM242","RBM24",2,7.84454234126689,6
"LEFTY22","LEFTY2",5,6.65844412106652,6
"SUV39H22","SUV39H2",5,6.52696123538069,6
"CARMN2","CARMN",1,8.43535613689575,6
"AC007114.22","AC007114.2",4,11.7996144851675,6
"LRRC37A4P2","LRRC37A4P",1,5.30514505023269,6
"SGIP12","SGIP1",1,6.24089804563503,6
"SLCO2A12","SLCO2A1",2,5.6918197108959,6
"SH2D2A2","SH2D2A",6,5.98338241619345,6
"ANKDD1A2","ANKDD1A",1,6.36146568208664,6
"SCN8A2","SCN8A",2,6.17888342592765,6
"GALNT182","GALNT18",6,6.14475684280311,6
"FSTL42","FSTL4",2,5.84309809184845,6
"ADCY42","ADCY4",1,4.95677197067312,6
"ANKRD33B2","ANKRD33B",6,6.42743947345289,6
"SLC16A72","SLC16A7",1,7.29851377353372,6
"PSRC12","PSRC1",5,6.81553227799676,6
"TBX22","TBX2",1,5.85249450169561,6
"SLC8A1-AS12","SLC8A1-AS1",1,5.38971058442602,6
"AC016582.32","AC016582.3",2,5.39779118269284,6
"SOBP2","SOBP",1,7.63754370980471,6
"PCDH92","PCDH9",1,7.50258061083358,6
"SDK22","SDK2",1,6.383615062314,6
"IRF52","IRF5",6,6.01206761944917,6
"SLIT32","SLIT3",1,8.50493305900983,6
"TDRD52","TDRD5",5,6.36385987993847,6
"PLEKHH22","PLEKHH2",1,7.52137264761758,6
"PDE6B2","PDE6B",2,7.35789325882537,6
"AC093908.12","AC093908.1",2,4.55431632783382,6
"FAM177B2","FAM177B",2,5.89674685635734,6
"AP003117.12","AP003117.1",1,4.91871031594145,6
"SLCO4A12","SLCO4A1",5,5.78539766924622,6
"ARHGEF382","ARHGEF38",2,6.89798144713131,6
"VEGFC2","VEGFC",2,5.70631284291776,6
"XAGE22","XAGE2",5,6.0070176083488,6
"HAP12","HAP1",1,6.39054601046949,6
"BEX52","BEX5",2,6.68816229870107,6
"LRFN12","LRFN1",5,6.28282403453541,6
"AL391422.42","AL391422.4",5,5.72381104843037,6
"TGFB32","TGFB3",2,9.23780108430016,6
"SNCA2","SNCA",1,6.22901693816667,6
"CLUL12","CLUL1",2,5.51351921286354,6
"TPH12","TPH1",2,4.94173882432797,6
"TMEM1212","TMEM121",2,7.58704892953694,6
"AC244517.12","AC244517.1",2,4.81647809483209,6
"HUNK2","HUNK",2,6.26258520072815,6
"CMTM52","CMTM5",1,5.47200278678817,6
"TBX152","TBX15",1,7.39866124704785,6
"ARHGAP92","ARHGAP9",1,6.70032836816592,6
"LINC014112","LINC01411",2,6.15358179843538,6
"AXIN22","AXIN2",2,6.16712610456887,6
"EGR22","EGR2",1,7.67592241545683,6
"ZNF7262","ZNF726",5,5.87719385282119,6
"LINC023342","LINC02334",1,5.46265425434227,6
"ACHE2","ACHE",6,5.28482200242095,6
"SLCO2B12","SLCO2B1",1,7.07292493912929,6
"HAMP2","HAMP",1,5.50975624142258,6
"BTC2","BTC",4,5.43002268408782,6
"MIR17HG2","MIR17HG",1,5.8189329839005,6
"H2BC152","H2BC15",3,6.09854011756797,6
"PRODH2","PRODH",2,7.14166372491278,6
"RN7SL12","RN7SL1",3,5.8512455490714,6
"AL365209.12","AL365209.1",2,6.6964226939425,6
"TBXAS12","TBXAS1",2,5.08553101035572,6
"NTM2","NTM",2,6.21365962777961,6
"SLA2","SLA",6,7.05486093763344,6
"APLNR2","APLNR",1,4.85791688899658,6
"MUC3A2","MUC3A",1,5.62112265082976,6
"EPHA102","EPHA10",2,6.3521934462021,6
"CTF12","CTF1",1,5.36872972511026,6
"TEDC22","TEDC2",5,6.70014749583917,6
"NLRC52","NLRC5",6,8.31931667215017,6
"ZNF3652","ZNF365",2,5.05882708811253,6
"PTGER42","PTGER4",3,5.14546799666351,6
"MLXIPL2","MLXIPL",2,5.99320861985814,6
"STOX12","STOX1",2,6.99158360101529,6
"PKN32","PKN3",3,5.98369496724551,6
"HIC12","HIC1",1,7.8298933660978,6
"SOX102","SOX10",1,9.5926762303366,6
"Z97200.12","Z97200.1",1,6.42227151177612,6
"SLIT22","SLIT2",1,8.41490821897798,6
"TEX302","TEX30",5,5.90036625404079,6
"LINC012382","LINC01238",2,6.61551947265669,6
"RASGEF1C2","RASGEF1C",5,6.02376491013159,6
"AC246817.12","AC246817.1",2,5.8837466599186,6
"GNG112","GNG11",1,7.4610177279951,6
"NXN2","NXN",5,6.62523651331726,6
"POC1A2","POC1A",5,6.42659834425161,6
"GUCY1B22","GUCY1B2",5,6.10162299501392,6
"HBEGF2","HBEGF",6,5.3733518707251,6
"TRPC62","TRPC6",1,6.43325237431399,6
"ARHGEF26-AS12","ARHGEF26-AS1",5,6.53256163722228,6
"ZSCAN312","ZSCAN31",3,6.77832034485333,6
"ITGAM2","ITGAM",6,6.75574378619629,6
"GMFG2","GMFG",1,7.54889509338556,6
"COL24A12","COL24A1",2,4.77063878018311,6
"CD62","CD6",1,6.6284504172455,6
"RHOF2","RHOF",6,6.47538039844743,6
"SORCS12","SORCS1",2,5.66442536959212,6
"CALML3-AS12","CALML3-AS1",2,6.17837021457514,6
"BANK12","BANK1",1,4.86442601391523,6
"AC011611.42","AC011611.4",1,6.48204617768621,6
"ESYT32","ESYT3",1,6.25091935533709,6
"RGS92","RGS9",6,5.48483967983754,6
"SILC12","SILC1",3,4.93166143903227,6
"EFCAB12","EFCAB1",1,7.93189081500656,6
"FAM24B2","FAM24B",5,5.20457184278318,6
"EFNA32","EFNA3",5,6.75971869981907,6
"AL109976.12","AL109976.1",3,5.65628930911232,6
"FOXO6-AS12","FOXO6-AS1",2,7.56191487637726,6
"NRGN2","NRGN",2,5.15358400857111,6
"MN12","MN1",2,6.40785014120124,6
"ST8SIA12","ST8SIA1",1,8.14443858669742,6
"COL5A32","COL5A3",1,4.73708355879032,6
"CSNK2A32","CSNK2A3",4,8.89263327836288,6
"HIF3A2","HIF3A",1,6.56038426387352,6
"AL354740.12","AL354740.1",4,12.6154081354606,6
"AC097634.12","AC097634.1",1,5.78020471423786,6
"GRAMD1B2","GRAMD1B",1,5.22854042389061,6
"LINC027622","LINC02762",4,5.75844319687009,6
"P2RY102","P2RY10",6,7.31647407804888,6
"AC011447.72","AC011447.7",3,5.77919737206091,6
"CTXN12","CTXN1",5,6.83691653133825,6
"COL6A62","COL6A6",1,8.39691738849412,6
"ANKHD1-EIF4EBP32","ANKHD1-EIF4EBP3",2,6.99461440198879,6
"KIAA12572","KIAA1257",2,6.67127344320113,6
"CASC192","CASC19",5,5.36666425868723,6
"LINC013412","LINC01341",2,7.59127599929923,6
"SCN9A2","SCN9A",1,6.57819546348125,6
"RAPGEF42","RAPGEF4",2,6.98228548162857,6
"C8orf37-AS12","C8orf37-AS1",3,5.98106166440418,6
"ARHGAP62","ARHGAP6",1,6.42740836261309,6
"LINC025602","LINC02560",5,5.31468106588015,6
"CPNE82","CPNE8",1,4.77836103802608,6
"MYB2","MYB",2,10.4557537809777,6
"CENPU2","CENPU",5,6.65031351729418,6
"RAMP22","RAMP2",2,7.00370062131321,6
"HOXC102","HOXC10",3,5.45959730944484,6
"FOXP4-AS12","FOXP4-AS1",5,8.18238346068166,6
"SOWAHB2","SOWAHB",2,6.19821411248356,6
"FAM216A2","FAM216A",5,5.73035606172447,6
"UNC13D2","UNC13D",5,5.27230529451964,6
"LINC019942","LINC01994",2,5.24535407800417,6
"PIK3CD2","PIK3CD",1,6.80258467744044,6
"TBX192","TBX19",5,6.51372970582212,6
"RASGRP32","RASGRP3",1,7.02049855470254,6
"CPED12","CPED1",1,6.27422050729007,6
"KCNMB12","KCNMB1",1,7.75887843729766,6
"FLT42","FLT4",1,5.15668045327434,6
"AC010136.12","AC010136.1",1,5.54558801740834,6
"BX284668.52","BX284668.5",2,7.23347400597393,6
"CLCN52","CLCN5",5,6.05665318172568,6
"AC103760.12","AC103760.1",2,7.2854117928428,6
"GPR882","GPR88",2,5.4709787664241,6
"AC005674.22","AC005674.2",1,6.08092104063447,6
"CABP42","CABP4",2,8.36371092792846,6
"ZNF3002","ZNF300",1,5.11702221840727,6
"AL390719.12","AL390719.1",2,6.71438609374687,6
"ANKRD36B2","ANKRD36B",4,6.38156997253644,6
"PREX12","PREX1",2,9.68644287410662,6
"PRRG12","PRRG1",5,5.67461714537172,6
"PDCD2L2","PDCD2L",5,5.59819460382255,6
"EIF5A2","EIF5A",5,5.55864213458806,6
"AC084740.12","AC084740.1",2,6.88964745770494,6
"GIMAP62","GIMAP6",1,6.24650061495141,6
"ADAMTSL42","ADAMTSL4",6,6.18074448827139,6
"AC127024.42","AC127024.4",2,5.03480990915875,6
"EEPD12","EEPD1",1,6.30579664837222,6
"GPR89A2","GPR89A",5,5.82817836512571,6
"SLC29A42","SLC29A4",5,7.23044295961107,6
"NLRP12","NLRP1",1,6.72371221740828,6
"FCMR2","FCMR",6,6.23993263546855,6
"STMN22","STMN2",1,5.26674468905182,6
"PAX22","PAX2",2,7.12839862194939,6
"SLC9A52","SLC9A5",3,5.74423003232123,6
"PART12","PART1",1,5.49287962894186,6
"PAQR52","PAQR5",5,7.00111307050754,6
"SRPX22","SRPX2",1,5.27556614260991,6
"LGALS22","LGALS2",1,6.62589876903103,6
"AL021578.12","AL021578.1",1,6.05005171742708,6
"SCARNA52","SCARNA5",4,8.26673238160402,6
"DYNLRB22","DYNLRB2",2,8.13590305927887,6
"SKAP12","SKAP1",2,5.52758716494772,6
"AC027117.12","AC027117.1",1,5.54630872359703,6
"EPDR12","EPDR1",1,6.30763576546489,6
"C5orf492","C5orf49",2,7.55344884089028,6
"CHIC12","CHIC1",2,6.27661791226784,6
"COL4A42","COL4A4",1,6.03674578433155,6
"PCED1B-AS12","PCED1B-AS1",1,5.8956732488771,6
"P4HTM2","P4HTM",2,8.31961651967152,6
"RPP252","RPP25",5,5.70979803205207,6
"RGL32","RGL3",2,6.61826154871005,6
"ENPP52","ENPP5",2,7.69633244526673,6
"SYNC2","SYNC",2,8.25346509654001,6
"MAP62","MAP6",1,5.95712572382859,6
"TMEM2202","TMEM220",1,7.44574622026868,6
"HTR1F2","HTR1F",2,6.43411519841442,6
"PRSS222","PRSS22",2,5.96867703455634,6
"AC008875.32","AC008875.3",6,5.23718405247735,6
"AC091544.42","AC091544.4",2,5.57499816873096,6
"APOL12","APOL1",6,7.84506774990512,6
"SOCS12","SOCS1",6,7.37296227055673,6
"TTLL92","TTLL9",2,7.7362755985414,6
"GPC42","GPC4",2,6.7888287076424,6
"AMER12","AMER1",5,7.11234215366496,6
"GNAO12","GNAO1",2,7.23329695966408,6
"TSPY26P2","TSPY26P",2,6.61626663862021,6
"NKD12","NKD1",2,4.43936685683666,6
"AC087854.12","AC087854.1",2,6.88838383650169,6
"CELF52","CELF5",1,6.71014318718242,6
"UGT2B283","UGT2B28",4,14.8505531345594,7
"UGT2B113","UGT2B11",4,14.9810489324385,7
"DHRS23","DHRS2",4,14.5065708539824,7
"AKR1B153","AKR1B15",4,13.9425743450087,7
"GSTM53","GSTM5",4,13.1012898037288,7
"FDCSP3","FDCSP",7,8.68646754708231,7
"C6orf2233","C6orf223",4,13.6654821772761,7
"ACSM13","ACSM1",4,13.2660487948035,7
"HPGD3","HPGD",4,13.618491664413,7
"HMGCS23","HMGCS2",4,11.9285007164093,7
"PGC3","PGC",4,11.9253165998747,7
"ABCC113","ABCC11",4,13.2713281798892,7
"CSN33","CSN3",2,5.37643918698636,7
"AKR1C23","AKR1C2",4,12.4931834691886,7
"ALOX15B3","ALOX15B",4,12.8205614628663,7
"CPB13","CPB1",1,9.26414351998046,7
"PRAME3","PRAME",5,9.43064045747727,7
"SERHL23","SERHL2",4,12.9506603867159,7
"S100A73","S100A7",7,10.4002779474497,7
"TFF13","TFF1",1,13.1309082845978,7
"AKR1D13","AKR1D1",4,13.3764336550542,7
"S100P3","S100P",7,9.35430584828777,7
"LINC025223","LINC02522",4,11.7443106917079,7
"PNLIPRP33","PNLIPRP3",4,13.4836785132396,7
"SLC26A33","SLC26A3",4,11.5191395021037,7
"SULT1C2P13","SULT1C2P1",4,12.1952411105597,7
"CYP2B7P3","CYP2B7P",4,8.50293686736385,7
"LINC021693","LINC02169",4,13.3012027959071,7
"SPINK83","SPINK8",4,12.9156627693989,7
"TAT3","TAT",1,7.9821504502584,7
"LBP3","LBP",4,10.7088824899457,7
"IGHA23","IGHA2",2,10.7447925801051,7
"LALBA3","LALBA",7,6.40705322896577,7
"CXCL133","CXCL13",7,8.00914111231947,7
"TSPAN83","TSPAN8",4,10.958737717738,7
"OPRPN3","OPRPN",3,10.8060247546725,7
"LINC010883","LINC01088",4,11.271924196035,7
"LINC010873","LINC01087",1,13.6013114230576,7
"CRISP33","CRISP3",7,6.94005588728379,7
"LINC023033","LINC02303",4,10.8170075421326,7
"HPD3","HPD",4,12.2780318965162,7
"IGHG13","IGHG1",2,9.57405556827368,7
"CXCL103","CXCL10",7,13.1886754737345,7
"MUCL13","MUCL1",4,10.5408204426152,7
"LINC024873","LINC02487",5,10.391040515791,7
"SORD3","SORD",4,12.0318352329911,7
"KCNC23","KCNC2",1,11.0880314588863,7
"FABP73","FABP7",4,8.98309393001919,7
"LINC006243","LINC00624",4,12.3223485917619,7
"IGHG43","IGHG4",2,8.98939503414207,7
"CHST14","CHST1",4,11.5752581626927,7
"PIP3","PIP",4,9.49857509745357,7
"ABCC123","ABCC12",4,12.2272343031366,7
"PTHLH3","PTHLH",1,7.64762995133153,7
"SERHL4","SERHL",4,10.9372417012494,7
"GLRA33","GLRA3",1,10.0970609620957,7
"THRSP3","THRSP",4,9.82742696289725,7
"MTND3P193","MTND3P19",2,4.43761719317907,7
"MYOM23","MYOM2",4,10.7750513704963,7
"MUC63","MUC6",1,8.85597061597496,7
"SCGB1A13","SCGB1A1",4,7.6801982765351,7
"CLCA23","CLCA2",4,10.029266206082,7
"AC122713.23","AC122713.2",4,11.6199398682745,7
"WIF13","WIF1",3,9.94855743926151,7
"CSN1S13","CSN1S1",2,6.36181241665252,7
"EN13","EN1",5,10.0686196119736,7
"IGHM3","IGHM",2,11.9158849952188,7
"DDC3","DDC",4,11.3676096984295,7
"CYP4Z13","CYP4Z1",3,8.06265242139062,7
"LINC015113","LINC01511",4,11.3989358522864,7
"MTND1P233","MTND1P23",7,4.43809609020555,7
"S100A83","S100A8",7,11.6153224607818,7
"UCHL13","UCHL1",5,8.26577003897424,7
"AL033397.23","AL033397.2",4,11.0932835084835,7
"MSLN3","MSLN",5,8.49256692198925,7
"CPHL1P3","CPHL1P",4,9.01035574775459,7
"SOX113","SOX11",7,8.16378929019401,7
"AC092069.13","AC092069.1",6,17.9453774960424,7
"TFPI23","TFPI2",1,8.61165025945446,7
"TFF33","TFF3",1,11.044055761487,7
"CDH193","CDH19",5,8.00219307337208,7
"CXCL93","CXCL9",7,11.4173560857015,7
"ARHGAP363","ARHGAP36",1,7.94873014136765,7
"ABCA123","ABCA12",4,11.2104934083567,7
"IGHA13","IGHA1",2,13.9259702328789,7
"LINC016673","LINC01667",7,6.96247078504204,7
"HORMAD13","HORMAD1",5,9.96802113321237,7
"ALB3","ALB",3,7.72074806268991,7
"AC092071.13","AC092071.1",4,7.24542428249826,7
"AC092325.13","AC092325.1",4,10.4645139668362,7
"SCGB1D23","SCGB1D2",3,10.3347430866679,7
"ART33","ART3",5,9.01138780910331,7
"OLFM43","OLFM4",2,7.58059841441805,7
"ENPP33","ENPP3",4,10.9477821092133,7
"SERPINA63","SERPINA6",1,9.63959787782779,7
"CALML53","CALML5",5,8.02656633665463,7
"ADGRD23","ADGRD2",3,7.76638861317631,7
"AGR33","AGR3",1,12.3750289289799,7
"DSG13","DSG1",3,8.01168771802841,7
"HLA-DRB53","HLA-DRB5",7,4.98862885598889,7
"KIF1A3","KIF1A",5,8.07260833334682,7
"IGLC23","IGLC2",2,10.3872938796458,7
"TCN13","TCN1",3,13.8521358641931,7
"PLA2G2A3","PLA2G2A",7,5.69970772739218,7
"CLEC3A3","CLEC3A",1,6.47942857483883,7
"PIGR3","PIGR",2,12.8068378056324,7
"NXPH43","NXPH4",4,9.81245397735706,7
"SCGB2A13","SCGB2A1",3,9.4634649143781,7
"IGSF13","IGSF1",1,8.12417025994474,7
"SDR16C53","SDR16C5",4,10.2222197496943,7
"MUC163","MUC16",7,8.20927470729724,7
"CXCL173","CXCL17",7,8.22641465141766,7
"AC008440.13","AC008440.1",6,15.8676195720069,7
"ACADL3","ACADL",4,10.642084275648,7
"FIBCD13","FIBCD1",4,11.2043616954657,7
"SIX33","SIX3",5,9.97242880534118,7
"CYP2A63","CYP2A6",1,5.6278962483078,7
"SCUBE33","SCUBE3",5,7.56348255828409,7
"PCAT183","PCAT18",4,8.64173126349495,7
"BMPR1B3","BMPR1B",1,9.37427557174489,7
"CNTNAP23","CNTNAP2",4,10.4942715130978,7
"GJB13","GJB1",4,10.5716437666385,7
"CDKN2A3","CDKN2A",7,10.0799937836647,7
"RBM203","RBM20",4,9.35607114618455,7
"CITED13","CITED1",1,8.89937837087375,7
"SCGB3A13","SCGB3A1",2,9.14707378641921,7
"GFRA13","GFRA1",1,10.7415819807166,7
"MUC5B3","MUC5B",7,7.69591865469254,7
"AL157387.13","AL157387.1",1,10.0046214293001,7
"CALB23","CALB2",5,7.56381172040172,7
"NPY2R3","NPY2R",1,8.31865651111519,7
"FABP43","FABP4",2,11.0236019747881,7
"AC008736.13","AC008736.1",4,10.2713614060487,7
"HBB3","HBB",2,7.92930097690953,7
"CYP4Z2P3","CYP4Z2P",4,10.7173884834425,7
"ST8SIA6-AS13","ST8SIA6-AS1",4,9.27062506356145,7
"CLIC63","CLIC6",1,5.87064447415792,7
"CYP4F83","CYP4F8",4,6.27468455197551,7
"IDO13","IDO1",7,11.7293032234246,7
"SBSN3","SBSN",5,7.10748045973481,7
"SCGB2A23","SCGB2A2",3,11.9253238136774,7
"FCN23","FCN2",4,11.343103298243,7
"SLC27A23","SLC27A2",4,8.92773833678179,7
"POTEKP3","POTEKP",1,11.5865139709472,7
"GSTA13","GSTA1",5,6.50588361031401,7
"LCAL13","LCAL1",4,9.76276468976697,7
"CXCL113","CXCL11",7,11.9185322902668,7
"MMP93","MMP9",7,9.05299600072535,7
"ALKAL23","ALKAL2",2,9.53801924403724,7
"ME13","ME1",4,9.9515030162111,7
"LINC014363","LINC01436",7,6.76100718559451,7
"AC096996.23","AC096996.2",4,11.5050632586458,7
"KLK113","KLK11",5,7.53701503397454,7
"ODAM3","ODAM",7,6.55891250683986,7
"SCGN3","SCGN",4,10.0869848448034,7
"LY6D3","LY6D",7,7.00114715064888,7
"PPEF13","PPEF1",4,10.4422017882713,7
"SLC15A13","SLC15A1",5,6.93313561733357,7
"PLAC9P13","PLAC9P1",1,10.289999468945,7
"AFP3","AFP",1,8.09990230609289,7
"AC025062.33","AC025062.3",4,10.71906395051,7
"PI33","PI3",2,6.74345222628017,7
"KCNE43","KCNE4",1,7.36027067302125,7
"LINC009933","LINC00993",1,9.67800913360664,7
"COL2A13","COL2A1",5,8.46444334458141,7
"PON33","PON3",4,10.0133265811342,7
"SULT1C33","SULT1C3",4,10.8540430061952,7
"KYNU3","KYNU",4,10.3257150237267,7
"NPY1R3","NPY1R",5,6.79652833683616,7
"CRABP13","CRABP1",5,9.10659826583002,7
"TMEM161BP13","TMEM161BP1",1,10.5199424542685,7
"PIEZO23","PIEZO2",1,10.1300500157742,7
"SHISA23","SHISA2",3,12.0519136103162,7
"A2ML13","A2ML1",5,7.57809673926564,7
"UBE2C3","UBE2C",7,8.82355502610401,7
"EREG3","EREG",3,7.55647860689022,7
"MTND3P103","MTND3P10",6,4.99673074977938,7
"NCCRP13","NCCRP1",7,9.06109841570318,7
"AC024940.23","AC024940.2",5,6.65375876477808,7
"MRPS30-DT3","MRPS30-DT",1,11.0130596796828,7
"MYBPC13","MYBPC1",4,7.42694004562376,7
"LINC022663","LINC02266",4,10.3999758144759,7
"KRT813","KRT81",3,10.1056357119175,7
"CTHRC13","CTHRC1",7,9.26674329715274,7
"SIGLEC153","SIGLEC15",4,7.20051451541711,7
"AQP53","AQP5",5,8.43164036660995,7
"NANOGP13","NANOGP1",4,10.493185534499,7
"AP002001.13","AP002001.1",4,10.6098021636848,7
"CLDN103","CLDN10",2,5.40079217054094,7
"H4C83","H4C8",4,10.1645267288431,7
"KAZN-AS13","KAZN-AS1",4,10.2749567984202,7
"PGR3","PGR",1,11.9059789651616,7
"SRARP3","SRARP",1,9.09743569216225,7
"CALML33","CALML3",3,8.81364389485876,7
"MYBL23","MYBL2",7,8.53554661378655,7
"HGD3","HGD",4,9.25593498466602,7
"PLAAT23","PLAAT2",4,10.1491109454749,7
"UGT2B73","UGT2B7",4,9.6205287737618,7
"AC100826.13","AC100826.1",4,9.67016590511535,7
"FOXM13","FOXM1",5,8.82451255220517,7
"ANKRD30A3","ANKRD30A",1,9.2221837971648,7
"FNDC13","FNDC1",5,8.13945834373232,7
"B3GAT13","B3GAT1",4,9.53961049360165,7
"IGLC33","IGLC3",2,8.51290248932963,7
"SYCP13","SYCP1",4,9.79604594586971,7
"TMEM263","TMEM26",1,11.8010005198813,7
"GRIK1-AS13","GRIK1-AS1",1,9.19018307596283,7
"MMP113","MMP11",7,9.49111898245362,7
"AC093001.13","AC093001.1",4,10.5507139965019,7
"GNMT3","GNMT",4,10.302662176242,7
"ADRA2A3","ADRA2A",4,8.09541249080982,7
"VGLL13","VGLL1",5,7.08822895441567,7
"MYEOV3","MYEOV",2,10.78400786587,7
"TDRD123","TDRD12",5,5.30843169903546,7
"CEACAM63","CEACAM6",7,9.33358603987714,7
"ELOVL23","ELOVL2",1,11.2621792899549,7
"CUX23","CUX2",4,9.70821267417342,7
"HAAO3","HAAO",4,10.8416710826295,7
"DEFB13","DEFB1",3,11.5608879968079,7
"VN1R53P3","VN1R53P",1,10.8649866925513,7
"CLSTN23","CLSTN2",1,10.058046149707,7
"CP3","CP",3,7.34099582235268,7
"AL033523.13","AL033523.1",4,10.364481513804,7
"ABCC23","ABCC2",4,10.7615620794557,7
"MSMB3","MSMB",4,9.20739756299593,7
"KRT163","KRT16",3,6.76814567968098,7
"TTC363","TTC36",4,8.72988856966742,7
"WFDC21P3","WFDC21P",7,7.79797118055737,7
"ATP1A23","ATP1A2",4,8.18743229797711,7
"JCHAIN3","JCHAIN",2,13.9238509234611,7
"LINC025413","LINC02541",4,9.58863984185803,7
"AC100801.13","AC100801.1",4,7.34299007557676,7
"PI153","PI15",1,8.55090410743388,7
"CHIT13","CHIT1",3,7.06173572403544,7
"MAB21L43","MAB21L4",4,7.73529568478122,7
"CSN23","CSN2",2,5.30582265608851,7
"ALOX153","ALOX15",4,9.87801185743753,7
"NAT23","NAT2",4,10.7876030052964,7
"AGT3","AGT",7,7.84129917336803,7
"ELOVL73","ELOVL7",4,9.4807001079198,7
"AP004608.13","AP004608.1",4,8.53700497281562,7
"VSTM2L3","VSTM2L",4,8.6743567788745,7
"NAT13","NAT1",1,11.045435448273,7
"PPP4R43","PPP4R4",1,9.04962853247855,7
"CYP4X13","CYP4X1",1,6.54346061306816,7
"MT-TD3","MT-TD",5,6.14227057280007,7
"DNER3","DNER",5,8.79848587983419,7
"FAM3D3","FAM3D",2,9.08143817026267,7
"HOXA93","HOXA9",4,5.62701173501455,7
"GAL3","GAL",5,7.35367653924031,7
"PTX33","PTX3",5,6.96707170491136,7
"H2AC83","H2AC8",4,9.84982355776723,7
"AL391097.33","AL391097.3",6,12.1346499929366,7
"TMEM45B3","TMEM45B",4,9.67372700041561,7
"HRCT13","HRCT1",5,7.93399060996499,7
"CYP4F223","CYP4F22",3,6.24076815831717,7
"SERPINA53","SERPINA5",3,8.77358347519175,7
"GRP3","GRP",3,8.99303502995596,7
"KMO3","KMO",4,9.16453516850065,7
"TMSB15A3","TMSB15A",5,9.22986512192511,7
"DIO23","DIO2",4,7.34236213350046,7
"AP005233.23","AP005233.2",2,10.5440994490073,7
"CDC203","CDC20",7,9.16766207999542,7
"NEK23","NEK2",7,8.71389579081903,7
"RN7SL314P3","RN7SL314P",6,9.08326157956179,7
"PNMT3","PNMT",4,6.93967739590443,7
"LCN23","LCN2",3,6.85662461114924,7
"OBP2B3","OBP2B",5,6.76053277826124,7
"SNORD3A3","SNORD3A",7,6.24510893466413,7
"PHGR13","PHGR1",1,8.912589316144,7
"FGG3","FGG",7,7.10773929813763,7
"DKK13","DKK1",7,6.99735435789979,7
"LINC012523","LINC01252",4,8.77710853444401,7
"COL22A13","COL22A1",7,7.20667861512132,7
"ADH1C3","ADH1C",4,10.1199852673022,7
"C2CD4A3","C2CD4A",7,6.31435701876496,7
"LDHD3","LDHD",4,10.1622596703963,7
"Z82215.13","Z82215.1",6,14.5854249587856,7
"AP000892.43","AP000892.4",2,9.72595341209195,7
"IQGAP33","IQGAP3",5,8.7899254362124,7
"UGT2B153","UGT2B15",1,7.15353450710466,7
"SOX83","SOX8",5,9.95706140658383,7
"AC022784.13","AC022784.1",5,5.94169371897827,7
"LRG13","LRG1",4,7.44060208612484,7
"ANKRD30B3","ANKRD30B",1,10.8256048166909,7
"FAR23","FAR2",4,9.39530536239089,7
"AL356804.13","AL356804.1",4,9.92431038213294,7
"TDRD14","TDRD1",4,8.03161828555617,7
"RNU5F-13","RNU5F-1",7,7.69019520084821,7
"CASP143","CASP14",7,7.77638597718108,7
"SMR3B3","SMR3B",3,7.51090530292782,7
"LINC024323","LINC02432",4,6.08056336555408,7
"FADS23","FADS2",4,8.16555528366868,7
"TMPRSS11E3","TMPRSS11E",4,8.7400872759919,7
"NPR33","NPR3",5,8.46117550075331,7
"TNFSF113","TNFSF11",4,4.85631035570178,7
"SNORC3","SNORC",2,7.85005041335808,7
"TESC3","TESC",3,8.2892407267047,7
"PGBD53","PGBD5",7,7.81312079139434,7
"LINC011983","LINC01198",2,9.49550686079815,7
"SLCO1B13","SLCO1B1",4,9.35463535137879,7
"AC073114.13","AC073114.1",1,6.79929948289472,7
"GP23","GP2",1,9.08908237601937,7
"FOXCUT3","FOXCUT",5,8.1195200258589,7
"PRR273","PRR27",5,5.86402457307244,7
"H2AC113","H2AC11",4,9.52258276009702,7
"HLA-DRB63","HLA-DRB6",7,6.99934866306852,7
"EDN33","EDN3",3,6.24523920061907,7
"SERPINA113","SERPINA11",1,11.0120534459659,7
"LUZP23","LUZP2",3,11.4342157490118,7
"BRINP33","BRINP3",4,9.20783513385228,7
"TMEM2133","TMEM213",2,10.3837002337331,7
"TPX23","TPX2",7,9.01599137287195,7
"TMEM1583","TMEM158",5,6.99754498995669,7
"MT-TK3","MT-TK",2,5.3082363498378,7
"DCDC23","DCDC2",1,8.75379475648639,7
"FAM83D3","FAM83D",7,8.42036243735884,7
"HOXB63","HOXB6",6,5.68561967426294,7
"KRT6A3","KRT6A",7,6.69405361494757,7
"CENPA3","CENPA",7,9.00261272357047,7
"FMO33","FMO3",7,5.43290896391619,7
"NUF23","NUF2",5,8.36064750841622,7
"ZNF350-AS13","ZNF350-AS1",4,6.81600752495291,7
"APCDD1L3","APCDD1L",3,6.7368771924385,7
"LINC018333","LINC01833",5,8.93256351404047,7
"AURKB3","AURKB",5,8.15213105053759,7
"CCDC1413","CCDC141",4,8.12566177700508,7
"ASPM3","ASPM",5,8.72120873552501,7
"LYPD63","LYPD6",1,11.3410731160956,7
"KIF4A3","KIF4A",7,8.99178470583708,7
"SAA23","SAA2",3,10.4040581211488,7
"MARCO3","MARCO",7,8.25062034652819,7
"AC104984.43","AC104984.4",6,14.6194601655375,7
"FBN33","FBN3",5,10.0792904955622,7
"C5orf463","C5orf46",7,6.89465083208156,7
"S100A23","S100A2",3,8.02243627392268,7
"CDCA73","CDCA7",5,8.31072004866706,7
"GRIK33","GRIK3",3,9.57244647396001,7
"PCSK1N3","PCSK1N",5,8.97709092586825,7
"CECR23","CECR2",4,9.42934173299417,7
"FAR2P13","FAR2P1",1,8.71438830349983,7
"ESR13","ESR1",1,10.6176941528207,7
"LINC015543","LINC01554",2,6.76636261842718,7
"AGR23","AGR2",1,11.8972232737718,7
"DLX53","DLX5",5,10.1377064292742,7
"ROPN1B3","ROPN1B",5,8.75429722799129,7
"MPV17L3","MPV17L",4,10.3019051430302,7
"SCGB1B2P3","SCGB1B2P",1,7.15111222462737,7
"CAPN63","CAPN6",2,7.98895569496868,7
"MT1G3","MT1G",3,6.45458089037565,7
"ATP13A53","ATP13A5",4,8.54958956382425,7
"KLK73","KLK7",3,12.9064507412659,7
"IGHG33","IGHG3",2,7.98446287870165,7
"ZIC13","ZIC1",5,8.10517749744856,7
"CEP553","CEP55",5,8.34084041593595,7
"MELK3","MELK",7,8.45001041426198,7
"TNNT13","TNNT1",5,6.58519699666191,7
"CLPSL13","CLPSL1",4,7.52484035319848,7
"KLHDC7B3","KLHDC7B",7,10.252189159709,7
"TDRD93","TDRD9",4,5.92551297083548,7
"KLK63","KLK6",3,9.57605214557566,7
"AC023509.23","AC023509.2",4,9.05570528331697,7
"EXTL13","EXTL1",5,8.88706623262136,7
"NDNF3","NDNF",4,8.93198443891829,7
"SLC5A83","SLC5A8",1,6.67905863598048,7
"DIO33","DIO3",4,8.01890139318897,7
"FGFR33","FGFR3",1,8.88627632087967,7
"DCD3","DCD",1,5.94276828138099,7
"ALDH3B23","ALDH3B2",4,9.75677298994932,7
"AKR1C33","AKR1C3",4,8.13215818073933,7
"C16orf893","C16orf89",1,9.33008877134931,7
"NEK103","NEK10",1,9.93658813482284,7
"BIRC53","BIRC5",5,7.63297372036866,7
"C2CD4B3","C2CD4B",7,6.38561952604711,7
"DEPDC13","DEPDC1",5,8.03622309290931,7
"FBN23","FBN2",5,5.70607068915436,7
"HBA13","HBA1",2,7.85716016374363,7
"AC099508.13","AC099508.1",4,9.59444141624029,7
"COL11A13","COL11A1",5,6.06929956237645,7
"ADAMTS153","ADAMTS15",1,10.9873374277111,7
"NRN13","NRN1",7,5.98141338754241,7
"OTX13","OTX1",5,9.11836089191777,7
"FSIP23","FSIP2",4,6.85401516273446,7
"KIF2C3","KIF2C",7,8.56317263212318,7
"ZNF385B3","ZNF385B",1,7.0233140078676,7
"AL121790.13","AL121790.1",1,6.75716133229607,7
"COL10A13","COL10A1",7,6.493627160088,7
"GRIA23","GRIA2",2,5.84379488251594,7
"RSAD23","RSAD2",7,9.87311216644234,7
"ARHGAP403","ARHGAP40",1,7.67573307763322,7
"KLHDC7A3","KLHDC7A",1,6.93497635727576,7
"GJB23","GJB2",7,7.30096836957751,7
"ACSM33","ACSM3",4,7.99822652687231,7
"AP000851.13","AP000851.1",2,8.17400677843122,7
"RPL103","RPL10",3,6.98220424342831,7
"MAEL3","MAEL",6,6.49262287626796,7
"TNFRSF11B3","TNFRSF11B",3,9.57978676189921,7
"SLC13A23","SLC13A2",2,9.57098355909445,7
"GLYATL23","GLYATL2",3,9.91145551893007,7
"RN7SL674P3","RN7SL674P",1,11.0557898442676,7
"CBX23","CBX2",5,8.26841066759072,7
"AC025154.23","AC025154.2",5,8.65699980362124,7
"GBP53","GBP5",7,10.0654287520255,7
"SLC25A183","SLC25A18",4,10.2636041462976,7
"GRIA43","GRIA4",2,6.85293602570487,7
"PTTG13","PTTG1",7,9.01329909779665,7
"LY6K3","LY6K",5,6.76577895617574,7
"C73","C7",2,10.3569944055592,7
"AC008459.13","AC008459.1",2,6.49531748390733,7
"LINC019563","LINC01956",5,8.63021824556716,7
"PTGS23","PTGS2",3,6.89725002599888,7
"SLC28A33","SLC28A3",3,11.9968837350126,7
"CHAD3","CHAD",1,8.63341906402892,7
"LAMP33","LAMP3",7,9.49400108444773,7
"RIMS23","RIMS2",4,8.34715877094231,7
"AC119673.33","AC119673.3",5,5.33382834521071,7
"ANLN3","ANLN",7,8.48501844400723,7
"RET3","RET",1,8.53518161942794,7
"NXNL23","NXNL2",1,10.9707321172074,7
"NOVA13","NOVA1",1,9.55639643552253,7
"IGF2BP33","IGF2BP3",7,5.83242537662858,7
"SPTSSB3","SPTSSB",1,6.30878996997312,7
"GDF153","GDF15",4,6.36889713662522,7
"AK53","AK5",3,10.0910728701055,7
"DLGAP53","DLGAP5",7,8.29966839649648,7
"SLC34A23","SLC34A2",2,7.41948746677441,7
"IL323","IL32",7,9.31895680117835,7
"DLK13","DLK1",2,7.70449450121342,7
"CAPN83","CAPN8",1,10.7981019482652,7
"GBP43","GBP4",7,9.6589143208849,7
"VSIG10L23","VSIG10L2",1,9.10586266879421,7
"CELF43","CELF4",5,8.90392877988375,7
"CRYBB23","CRYBB2",2,4.6969270319154,7
"ACKR23","ACKR2",7,8.16022576928626,7
"CEL3","CEL",5,5.17814408092143,7
"SNTG2-AS13","SNTG2-AS1",4,6.45973409579186,7
"LINC026073","LINC02607",3,9.91730940081862,7
"PITX13","PITX1",7,8.2822847064801,7
"CXCL23","CXCL2",2,8.82040215294716,7
"COL11A23","COL11A2",5,7.70740983910182,7
"KLHL313","KLHL31",4,8.73981295981914,7
"FOXI13","FOXI1",3,7.83312608810507,7
"RIMS13","RIMS1",4,7.68842989648986,7
"KLK103","KLK10",5,7.35560947218631,7
"HJURP3","HJURP",7,8.45251423876102,7
"FUT33","FUT3",7,7.3104143273994,7
"AC010280.13","AC010280.1",4,10.4567786197622,7
"IYD3","IYD",4,9.21473559079158,7
"MMP73","MMP7",3,6.46332633449349,7
"FMO53","FMO5",4,8.67452793051605,7
"GATA3-AS13","GATA3-AS1",1,9.43645256121138,7
"FYB23","FYB2",1,9.7606100909282,7
"MTCYBP133","MTCYBP13",6,6.92393762081275,7
"PRSS213","PRSS21",5,4.49851627445097,7
"HSPB83","HSPB8",1,7.68208303691388,7
"CLGN3","CLGN",1,9.41830459986868,7
"EEF1A23","EEF1A2",1,9.23215686910388,7
"AC008268.13","AC008268.1",1,7.54368894775711,7
"TSPAN14","TSPAN1",1,9.12493029518957,7
"CADM33","CADM3",3,6.31673844891156,7
"OLAH3","OLAH",5,5.92931940987338,7
"FGB3","FGB",7,6.12351647561553,7
"SULT1C43","SULT1C4",4,5.87788217914444,7
"ONECUT23","ONECUT2",4,5.73299663174691,7
"COL4A63","COL4A6",3,8.44432661342415,7
"PTN3","PTN",3,12.8005694907034,7
"TRIM363","TRIM36",4,9.19737902037236,7
"KIF20A3","KIF20A",7,8.69209103870473,7
"ECRG43","ECRG4",2,6.83959598647262,7
"SPAG173","SPAG17",1,8.10072592557378,7
"CDCA53","CDCA5",7,8.05380933398898,7
"AC137932.33","AC137932.3",6,14.9416809256975,7
"IFI44L3","IFI44L",7,8.78879292624563,7
"SLITRK63","SLITRK6",1,8.45849841579999,7
"MAOA3","MAOA",1,6.66364939770559,7
"GSDMC3","GSDMC",7,8.43864097561465,7
"FOXD13","FOXD1",5,7.03315825307447,7
"RPL10P93","RPL10P9",5,5.02939569618876,7
"AC106045.13","AC106045.1",4,8.14338132212693,7
"CXCL83","CXCL8",7,8.00627442634029,7
"WNK43","WNK4",1,9.65632446972547,7
"ACSBG13","ACSBG1",6,7.1425931306763,7
"CRLF13","CRLF1",5,7.4744165822508,7
"PKMYT13","PKMYT1",7,8.3199181264552,7
"ADGRL33","ADGRL3",3,5.66892673683452,7
"C2orf723","C2orf72",4,7.20627933382003,7
"AADAT3","AADAT",4,8.37837292837001,7
"ATP6V1C23","ATP6V1C2",5,7.41186635044604,7
"FAM111B3","FAM111B",7,8.30412117406106,7
"PBK3","PBK",5,7.90170494295998,7
"MCM103","MCM10",5,7.83758360731236,7
"GRB143","GRB14",5,8.07656938906958,7
"GNG43","GNG4",5,7.99220556141159,7
"HOXB53","HOXB5",6,5.61877944112798,7
"NLRP23","NLRP2",5,6.62975202362261,7
"SMYD13","SMYD1",2,5.76160822818881,7
"LRP23","LRP2",1,8.69995206244193,7
"ADH1B3","ADH1B",2,10.0346223692735,7
"AC021066.13","AC021066.1",3,6.21882740489107,7
"NFE43","NFE4",6,5.60966311096846,7
"LINC011333","LINC01133",7,8.02571613682292,7
"H2BC43","H2BC4",4,8.7758318517394,7
"NDUFA4L23","NDUFA4L2",4,5.810680700843,7
"GABRB33","GABRB3",4,7.03778185697699,7
"DRAIC3","DRAIC",1,7.92072404996945,7
"MKI673","MKI67",7,8.48614145411704,7
"XDH3","XDH",3,11.9176168505969,7
"NCAM13","NCAM1",3,6.68455508985771,7
"ASCL23","ASCL2",4,8.33695886881343,7
"QPCT3","QPCT",5,7.32713610204711,7
"LOXL43","LOXL4",3,6.55978620135906,7
"FAM3B3","FAM3B",2,8.2476556929642,7
"LIN7A3","LIN7A",4,6.95972266105873,7
"LIF3","LIF",3,7.40125696961447,7
"SLCO1A23","SLCO1A2",2,8.13949951453922,7
"DACH13","DACH1",1,9.68914973466334,7
"ADCY13","ADCY1",1,10.0871958387761,7
"GLYATL13","GLYATL1",4,7.1074520532531,7
"FTCD3","FTCD",4,6.5727695318953,7
"TRABD2B3","TRABD2B",3,11.4044560049313,7
"AFAP1-AS13","AFAP1-AS1",7,6.63137424427432,7
"FOXC23","FOXC2",2,5.64586997352688,7
"SECTM13","SECTM1",7,10.9299717966485,7
"KRT143","KRT14",3,10.1297556936176,7
"ARNTL23","ARNTL2",7,8.49270617722263,7
"PLPPR33","PLPPR3",1,9.63118588059897,7
"BMP73","BMP7",5,6.70069101287802,7
"FGF103","FGF10",2,8.60612895001267,7
"CAPN133","CAPN13",4,8.04335353350322,7
"ATP13A43","ATP13A4",4,9.05924433294242,7
"SIM23","SIM2",5,7.52973015868079,7
"RRM23","RRM2",7,8.56912047504922,7
"HEPACAM23","HEPACAM2",1,8.3467525377511,7
"HOXA103","HOXA10",4,5.61049566684144,7
"DNALI13","DNALI1",1,9.60436471678204,7
"RARRES13","RARRES1",3,10.3340454544759,7
"ABCC83","ABCC8",1,9.18977377035247,7
"GABRE3","GABRE",4,6.96544601657648,7
"COL9A33","COL9A3",5,8.74358492580885,7
"DSG33","DSG3",3,9.15199777774784,7
"POU3F33","POU3F3",6,6.18187481081626,7
"AREG3","AREG",3,8.89000306708095,7
"SOSTDC13","SOSTDC1",3,7.28046006398277,7
"AC093866.13","AC093866.1",1,6.61538062583515,7
"CDH23","CDH2",5,6.18822754214618,7
"SLC6A143","SLC6A14",3,7.78258973188783,7
"S100A93","S100A9",7,10.7313319171456,7
"CACNA1H3","CACNA1H",1,6.87027865352845,7
"CA5BP13","CA5BP1",7,6.36553704063524,7
"APOD3","APOD",4,9.48101060257987,7
"KLK53","KLK5",3,11.3141078282868,7
"CDK13","CDK1",7,8.59296982907636,7
"MAP7D23","MAP7D2",5,7.03166966753678,7
"LINC005043","LINC00504",1,10.7102143742494,7
"MSX23","MSX2",1,7.8963967081165,7
"SUSD33","SUSD3",1,9.46241233176769,7
"LTB3","LTB",7,8.94137572055874,7
"TMEM63C3","TMEM63C",4,8.71461247068191,7
"GABBR23","GABBR2",5,6.90696991995165,7
"H2BC93","H2BC9",4,6.03776488145949,7
"TUBB2B3","TUBB2B",3,6.09404986280611,7
"PAMR13","PAMR1",2,9.75803989934771,7
"ERICH33","ERICH3",1,9.38881440345648,7
"DIO13","DIO1",1,7.24044506684347,7
"SERPINA14","SERPINA1",1,7.38056263373027,7
"LINC010183","LINC01018",4,9.13167369904009,7
"EAF23","EAF2",4,9.04742598564437,7
"SLC7A23","SLC7A2",1,9.60621974466139,7
"PPP1R14C3","PPP1R14C",3,7.40987122791845,7
"KIF143","KIF14",5,8.31605286093493,7
"SLC44A43","SLC44A4",1,9.35320504033494,7
"RFLNA3","RFLNA",5,7.2220325164867,7
"OLFML33","OLFML3",4,7.76053882978877,7
"CCNE13","CCNE1",7,7.34416700293812,7
"KANK43","KANK4",5,9.3046232554799,7
"FAM83A3","FAM83A",7,6.02926591830698,7
"LRRC153","LRRC15",7,7.81025069641477,7
"ATP6V0A43","ATP6V0A4",5,5.36505247054821,7
"MMP19","MMP1",7,7.61192146159483,7
"DGKI3","DGKI",3,10.5357036883463,7
"MFAP53","MFAP5",5,5.85208985907274,7
"CMPK23","CMPK2",7,9.11420440162958,7
"TTN3","TTN",4,7.98642365583821,7
"CHST83","CHST8",1,9.10344435092167,7
"SMIM313","SMIM31",4,6.39405294645972,7
"SLITRK43","SLITRK4",2,5.09363619194915,7
"MOGAT23","MOGAT2",4,8.53525547378569,7
"AL031777.23","AL031777.2",4,7.98801427309558,7
"CHRM33","CHRM3",5,9.61643961819453,7
"AC116407.13","AC116407.1",4,8.57392883940873,7
"SLC44A53","SLC44A5",4,6.838903031571,7
"TERB23","TERB2",4,9.58996217931638,7
"INSYN2B3","INSYN2B",2,8.03583508669269,7
"SIX13","SIX1",4,6.97924228063913,7
"L1CAM3","L1CAM",7,7.23935613464878,7
"CLDN15","CLDN1",7,7.76795193396987,7
"SCUBE23","SCUBE2",1,10.1065078477258,7
"Z95114.13","Z95114.1",4,7.683342873003,7
"ELN3","ELN",5,6.49105947563227,7
"ZBTB163","ZBTB16",4,7.82212120721066,7
"CCNB23","CCNB2",5,8.15414059802428,7
"SNORA2B3","SNORA2B",1,6.49723196713951,7
"IFIT13","IFIT1",7,8.57885849809889,7
"ALX43","ALX4",2,8.1484459926736,7
"ROPN13","ROPN1",5,7.32214687480924,7
"TINCR3","TINCR",7,7.42066126962174,7
"B3GALT53","B3GALT5",2,8.25725165793778,7
"SGO13","SGO1",7,7.90183373618035,7
"FGFR43","FGFR4",4,8.10754708383775,7
"VSIG23","VSIG2",3,7.32221740173451,7
"ASPN3","ASPN",7,4.9429214237539,7
"LPL3","LPL",2,6.26298041142003,7
"LINC018193","LINC01819",3,10.5122890886666,7
"HOXB73","HOXB7",7,5.77919863790902,7
"CXCL15","CXCL1",2,5.89369235367618,7
"AKR7A33","AKR7A3",1,7.36781881373092,7
"SLC9A23","SLC9A2",4,7.75327347251629,7
"SLC2A143","SLC2A14",4,7.46168579149361,7
"SEMA6D3","SEMA6D",1,7.11346636687984,7
"SMC1B3","SMC1B",5,7.63926621531764,7
"IGF2BP23","IGF2BP2",3,6.98975002709473,7
"MUC153","MUC15",3,8.21952965769048,7
"BTNL93","BTNL9",2,8.66788618561068,7
"C2orf883","C2orf88",2,8.62399587212937,7
"EWSAT13","EWSAT1",1,10.0807008337179,7
"FGFBP13","FGFBP1",2,5.55928871368618,7
"NDC803","NDC80",5,7.94336799026433,7
"PLEKHG73","PLEKHG7",4,7.9158087187828,7
"SOCS33","SOCS3",3,7.03324989952203,7
"BUB1B3","BUB1B",5,8.2382425439913,7
"RAB3B3","RAB3B",4,7.96726832870182,7
"CADM23","CADM2",4,6.99464779425762,7
"DLGAP13","DLGAP1",3,6.44706823172115,7
"VCAM13","VCAM1",2,10.5255352118179,7
"RASD23","RASD2",5,7.70534210687796,7
"SLC5A113","SLC5A11",4,8.65923087538869,7
"HOXA10-AS3","HOXA10-AS",4,6.59034224911301,7
"TOB1-AS13","TOB1-AS1",4,9.71209201638735,7
"RAD51AP13","RAD51AP1",5,7.87569950560718,7
"PNLDC13","PNLDC1",5,5.66768518992699,7
"NOP56P33","NOP56P3",6,7.45956336026658,7
"KLK33","KLK3",1,5.57312203367287,7
"ANGPT13","ANGPT1",5,7.60814633727396,7
"SCRG13","SCRG1",5,9.45018087000779,7
"ANKRD20A11P3","ANKRD20A11P",3,6.24349362298618,7
"BMP53","BMP5",3,5.50003854580318,7
"MFSD4A3","MFSD4A",5,8.13524765827415,7
"SLC43A13","SLC43A1",4,8.51628351293808,7
"LRRC313","LRRC31",4,7.17656658808278,7
"AP002001.23","AP002001.2",4,9.5930491758669,7
"IGLC73","IGLC7",2,6.00029670606265,7
"HRK3","HRK",5,8.84143204124968,7
"MMP133","MMP13",7,6.34461494663887,7
"LINC025933","LINC02593",1,6.64140320277309,7
"AURKA3","AURKA",7,8.11488396405407,7
"OAS23","OAS2",7,9.80260539780083,7
"GUCY2D3","GUCY2D",4,8.55345416730784,7
"MMP123","MMP12",7,7.82866247743082,7
"H193","H19",5,4.80975270704492,7
"LINC012353","LINC01235",2,6.64504737170747,7
"BBOX13","BBOX1",3,10.4384730090993,7
"HLA-DQA23","HLA-DQA2",7,6.77047489048808,7
"HAS33","HAS3",2,7.23371919142056,7
"KIF18B3","KIF18B",7,7.90148384351575,7
"SLC38A43","SLC38A4",4,8.66450566861046,7
"DPT3","DPT",2,11.1630446193943,7
"RAMP33","RAMP3",1,8.34523050224051,7
"DTL3","DTL",5,7.94677495754495,7
"CST63","CST6",7,7.10557220597309,7
"GREB13","GREB1",1,11.1790329908957,7
"EGF3","EGF",2,8.15299442374576,7
"CDCA83","CDCA8",5,7.86232148805995,7
"LMO33","LMO3",5,7.8783165945863,7
"ABO3","ABO",2,6.77232490753481,7
"CENPW3","CENPW",7,7.92759055500493,7
"DCX3","DCX",2,6.65066647153949,7
"C4BPA3","C4BPA",3,9.44274835500704,7
"SGPP23","SGPP2",4,8.08509880672756,7
"C6orf153","C6orf15",5,7.95514762598901,7
"GPX23","GPX2",1,5.51941737602357,7
"CHI3L13","CHI3L1",3,11.4007493497249,7
"KCNK53","KCNK5",5,9.28551824391101,7
"CKS1B3","CKS1B",7,7.04392266333153,7
"DUOXA13","DUOXA1",4,7.15422056722375,7
"MED4-AS13","MED4-AS1",4,8.52176632427327,7
"CD363","CD36",2,8.11827492905761,7
"BEX13","BEX1",1,6.63790346767786,7
"LINC011393","LINC01139",5,7.43689054689715,7
"CCZ1B3","CCZ1B",1,5.98113647439798,7
"REEP63","REEP6",4,8.58913952343811,7
"B3GNT33","B3GNT3",2,6.10717267729805,7
"SPC243","SPC24",7,7.93544374679371,7
"SCARA53","SCARA5",2,11.2602284429424,7
"CHST93","CHST9",2,7.37068575809383,7
"CDCA33","CDCA3",5,8.31555992320409,7
"ABCC43","ABCC4",4,6.76490162285823,7
"CENPF3","CENPF",5,8.1801645968309,7
"HOTAIR3","HOTAIR",4,6.82826376370325,7
"NUDT83","NUDT8",4,9.34480590038276,7
"CCDC1703","CCDC170",1,10.8879568799588,7
"AC103718.13","AC103718.1",7,7.92890393594418,7
"NEURL33","NEURL3",2,8.74468201375412,7
"ADCYAP13","ADCYAP1",3,5.8944869697536,7
"PSCA3","PSCA",7,7.55724899044172,7
"CAPN113","CAPN11",2,7.04061732259974,7
"ZNF2083","ZNF208",1,6.62524908444757,7
"KRT6B3","KRT6B",3,11.1246862314016,7
"SLC12A13","SLC12A1",5,6.2573866221371,7
"ERBB43","ERBB4",1,9.00278282719275,7
"ADGRF13","ADGRF1",3,7.78359099912591,7
"PRR153","PRR15",1,8.22369246637786,7
"TMC53","TMC5",3,7.76378924233652,7
"CCL183","CCL18",7,7.17983592901665,7
"TBX13","TBX1",5,6.47043382814499,7
"SAA43","SAA4",3,8.56592138801419,7
"NCAPG3","NCAPG",7,8.10091088242137,7
"STEAP43","STEAP4",4,6.56021011148877,7
"AP006248.43","AP006248.4",1,6.95754650459537,7
"DIAPH33","DIAPH3",7,8.39088829518873,7
"TOP2A3","TOP2A",7,8.34438816716604,7
"PLK13","PLK1",5,7.85427392648061,7
"OXER13","OXER1",4,7.7147252775837,7
"FOXQ13","FOXQ1",7,5.4708389455334,7
"NRXN33","NRXN3",1,6.30210768992013,7
"CCL193","CCL19",2,6.74564476387852,7
"TPRG13","TPRG1",1,8.45756024876384,7
"CDC453","CDC45",5,7.74688611945555,7
"BUB13","BUB1",5,7.89077599748998,7
"PLP13","PLP1",5,7.15391966786223,7
"TFF23","TFF2",6,5.98524634495268,7
"CCNA23","CCNA2",7,8.24604300134552,7
"COLCA13","COLCA1",5,5.47436939805111,7
"STK32B3","STK32B",1,9.33881088598095,7
"MAGEA43","MAGEA4",6,6.13614110347284,7
"COL9A13","COL9A1",5,9.13113874983492,7
"PSAT13","PSAT1",5,7.80644243061917,7
"EYS3","EYS",4,8.68969495053922,7
"CHRD3","CHRD",1,8.26541414247219,7
"PPARGC1A3","PPARGC1A",5,8.24294401013196,7
"CDKN33","CDKN3",7,7.84727816897473,7
"MUC73","MUC7",3,7.26272257126182,7
"RCOR23","RCOR2",5,8.21132220977269,7
"NLGN4X3","NLGN4X",3,11.3550437826666,7
"ELAVL23","ELAVL2",5,5.92925773617897,7
"HOXB43","HOXB4",1,5.56071528871525,7
"PPP1R1A3","PPP1R1A",3,8.37686315715526,7
"MYBL13","MYBL1",5,7.15364308055683,7
"PI163","PI16",2,8.13773451730653,7
"UBE2T3","UBE2T",5,7.85932850089099,7
"ADM4","ADM",7,6.19320099760559,7
"FAIM23","FAIM2",4,7.42001735183505,7
"HS6ST23","HS6ST2",3,6.36203637957423,7
"PAX63","PAX6",7,5.91454129646688,7
"FLT33","FLT3",1,6.52212244861186,7
"AL117329.13","AL117329.1",1,6.35011577424701,7
"CAMP3","CAMP",7,6.45677170464044,7
"RP13","RP1",1,8.70122690114066,7
"POU2AF13","POU2AF1",2,8.79063856507787,7
"SEPTIN33","SEPTIN3",5,7.77553867818819,7
"RRAD3","RRAD",3,8.07967668370038,7
"CCNE23","CCNE2",7,7.51829521740879,7
"HOXC113","HOXC11",4,6.75285076796507,7
"AQP33","AQP3",4,8.08820009968253,7
"S100A13","S100A1",5,7.79748015319744,7
"E2F13","E2F1",7,7.69292482379326,7
"RANBP3L3","RANBP3L",1,6.79688302922949,7
"CCL53","CCL5",7,8.93155444863493,7
"BARX13","BARX1",5,6.8795894794611,7
"IL343","IL34",3,7.40885420915345,7
"AC009107.23","AC009107.2",6,14.089726319306,7
"CDCA23","CDCA2",7,7.6203640711146,7
"AL359555.43","AL359555.4",5,8.36415962886256,7
"SOCS2-AS13","SOCS2-AS1",1,5.49263864117327,7
"ADAM23","ADAM2",4,9.69101441935014,7
"RAB6C-AS13","RAB6C-AS1",1,9.42620472027331,7
"IL333","IL33",3,9.56554486413316,7
"FOLR13","FOLR1",2,7.57978504064103,7
"IL4I13","IL4I1",7,10.079253140781,7
"SHC43","SHC4",5,9.30068489339514,7
"PTGDS3","PTGDS",2,10.9907393029933,7
"STAG33","STAG3",5,5.6907706846467,7
"RMST3","RMST",1,8.18945343418944,7
"COMP3","COMP",7,5.83079115714208,7
"MZB13","MZB1",2,8.50091621715302,7
"PTCHD13","PTCHD1",2,7.41458602934905,7
"LYPD6B3","LYPD6B",1,9.62982009017466,7
"RND13","RND1",4,7.31208052768346,7
"AC099654.53","AC099654.5",6,7.35948945434614,7
"CACNG43","CACNG4",1,7.07090062588644,7
"SCNN1B3","SCNN1B",4,5.97534957767525,7
"GATA23","GATA2",1,6.51776376099138,7
"PTH2R3","PTH2R",5,6.1628194405988,7
"KIF153","KIF15",7,8.0516407106936,7
"CA43","CA4",4,8.00891787214488,7
"FOSB3","FOSB",2,6.69602974810156,7
"ST6GALNAC13","ST6GALNAC1",4,8.71076989186395,7
"PTPRT3","PTPRT",1,8.33797735510415,7
"CX3CR13","CX3CR1",2,7.10512698621735,7
"PLAAT53","PLAAT5",3,6.86146526088487,7
"HPX3","HPX",1,7.55620542147032,7
"LINC021883","LINC02188",2,7.53072529032338,7
"IGSF213","IGSF21",1,7.06476627201957,7
"NRXN13","NRXN1",3,5.707427199039,7
"CES33","CES3",4,7.08983298678262,7
"CEROX13","CEROX1",5,7.68101329322186,7
"WNT43","WNT4",1,7.09558619008754,7
"IFIT33","IFIT3",7,9.59888657069746,7
"SMOC13","SMOC1",5,6.68234676468171,7
"PNPLA33","PNPLA3",5,6.22473014804844,7
"OGN3","OGN",2,7.37333863068291,7
"ADCY23","ADCY2",4,6.66681924723514,7
"AL355916.23","AL355916.2",4,9.04581993070958,7
"RTP43","RTP4",7,7.96127268991762,7
"NCAM23","NCAM2",3,7.87094927212387,7
"KRT233","KRT23",3,6.8832542116192,7
"CXCL53","CXCL5",2,8.61403650138911,7
"LINC025683","LINC02568",1,6.27576244200838,7
"LRRN33","LRRN3",1,6.16341263213853,7
"ISG153","ISG15",7,10.6432742201718,7
"ADD23","ADD2",5,8.63402045989718,7
"C5orf173","C5orf17",6,5.24397314976834,7
"CSTA3","CSTA",4,5.08625833992131,7
"TRIP133","TRIP13",7,7.63255827391392,7
"SNORA313","SNORA31",6,9.17991218943632,7
"ABCC63","ABCC6",1,6.83291456468401,7
"AC021148.33","AC021148.3",4,8.03299274679621,7
"SYTL53","SYTL5",1,8.8507951154465,7
"ZP23","ZP2",4,8.97291751893963,7
"MECOM3","MECOM",4,6.95145173380527,7
"AF001548.33","AF001548.3",2,8.12064235752539,7
"QPRT3","QPRT",4,7.59390964051988,7
"SRPK33","SRPK3",7,6.86006709239236,7
"TMCC33","TMCC3",4,8.08221365605403,7
"HEY23","HEY2",3,7.81286600596566,7
"AC012358.43","AC012358.4",4,8.68262947786078,7
"LINC027013","LINC02701",4,9.00759134072081,7
"C6orf1413","C6orf141",5,7.53959876573721,7
"ST6GALNAC53","ST6GALNAC5",3,7.95510401201229,7
"AC018865.33","AC018865.3",1,8.24464233586196,7
"MLC13","MLC1",5,8.40025231168359,7
"LINC024733","LINC02473",5,7.67402082135652,7
"HMGB1P113","HMGB1P11",4,9.05271485429988,7
"FSIP13","FSIP1",1,7.56462856971264,7
"LINC008623","LINC00862",1,7.72861922550605,7
"FRZB3","FRZB",3,6.92261142042297,7
"SLC14A13","SLC14A1",2,7.4798887235407,7
"NEURL13","NEURL1",7,6.10819634929285,7
"GFRA33","GFRA3",5,9.50062003158304,7
"KLRG23","KLRG2",5,9.15808211360505,7
"TYMS3","TYMS",5,7.95267424909662,7
"HPSE23","HPSE2",2,9.04241252513894,7
"ANGPTL43","ANGPTL4",3,7.22616834233517,7
"THBS23","THBS2",7,6.89193998334735,7
"NRIP33","NRIP3",1,8.58013914735406,7
"FAM107A3","FAM107A",5,5.34714360087118,7
"CDSN3","CDSN",1,6.35045210209613,7
"NTS3","NTS",1,6.06181069663458,7
"RNU6-195P3","RNU6-195P",6,10.1874373636882,7
"PCDHB33","PCDHB3",5,4.86173578099917,7
"FUT23","FUT2",7,7.01838486246417,7
"AC080013.43","AC080013.4",3,9.41659801087854,7
"CKAP2L3","CKAP2L",7,7.88893228022225,7
"UNC5A3","UNC5A",4,7.45963560637274,7
"CEACAM53","CEACAM5",7,5.93926138128197,7
"ZFP573","ZFP57",5,5.0362504127815,7
"PKP13","PKP1",5,7.19431025224433,7
"H3C103","H3C10",4,6.33689326723607,7
"LGR63","LGR6",5,6.82380718878526,7
"SPINK53","SPINK5",2,6.68053809981927,7
"IGDCC33","IGDCC3",1,8.19946098910403,7
"HSD17B23","HSD17B2",4,7.20794079529695,7
"POLQ3","POLQ",7,7.39996943058675,7
"EDN23","EDN2",7,6.73212295713481,7
"LINC006323","LINC00632",5,7.02094777662448,7
"ADAM333","ADAM33",2,10.4561709706717,7
"HOXB23","HOXB2",1,7.06076339888783,7
"ITIH23","ITIH2",1,6.46437131672163,7
"HAPLN13","HAPLN1",5,5.54386913483636,7
"SOCS23","SOCS2",3,6.42483021434674,7
"PWWP3B3","PWWP3B",1,7.4649730833711,7
"PCOLCE23","PCOLCE2",5,7.33878975684583,7
"PAPSS23","PAPSS2",4,8.42254819127152,7
"CNTFR3","CNTFR",5,6.74807164133918,7
"TCIM3","TCIM",3,6.34488008482923,7
"SULT1C23","SULT1C2",4,7.0576070687838,7
"PIMREG3","PIMREG",5,8.67266861613776,7
"LGALS123","LGALS12",4,7.00441400458673,7
"TTK3","TTK",5,7.89810578814036,7
"CDT13","CDT1",5,7.86360706272931,7
"SKA33","SKA3",5,7.8107144463823,7
"SFRP43","SFRP4",2,4.42138713393775,7
"TAC13","TAC1",2,6.57658100175664,7
"EGR33","EGR3",2,6.58528624159816,7
"HOXB33","HOXB3",1,7.61982580580455,7
"SPIB3","SPIB",7,6.4920830422186,7
"CD79A3","CD79A",2,9.97233318970973,7
"NGFR3","NGFR",2,6.92130762573034,7
"GSN-AS13","GSN-AS1",6,11.8287909264797,7
"SYT83","SYT8",2,5.79375499976498,7
"HERC2P33","HERC2P3",2,6.1381983620304,7
"EXO13","EXO1",7,8.12991456958863,7
"AC012349.13","AC012349.1",1,5.99819733462799,7
"IL7R3","IL7R",2,10.0650057055201,7
"APBA23","APBA2",5,7.6412564951373,7
"TRPM83","TRPM8",5,6.56244220320799,7
"H4C53","H4C5",4,6.47193403025294,7
"KCNJ163","KCNJ16",3,8.96359766435753,7
"RERGL3","RERGL",5,6.72200664301197,7
"SHOX23","SHOX2",4,7.57928795419878,7
"RYR23","RYR2",5,6.91797180615284,7
"LINP13","LINP1",5,6.1803146869161,7
"ABCG23","ABCG2",2,7.0770424602817,7
"U62317.13","U62317.1",7,7.87841462340202,7
"SLC1A13","SLC1A1",7,6.13808472447914,7
"CLEC2L3","CLEC2L",5,7.11330821837951,7
"SYNPO2L3","SYNPO2L",1,5.83367015920776,7
"AP003119.33","AP003119.3",4,8.13489951353284,7
"MPZ3","MPZ",2,6.1052971465079,7
"PRC13","PRC1",7,7.53958901732881,7
"NRG13","NRG1",3,10.3077451147381,7
"CTSV3","CTSV",3,6.70858232825458,7
"ANKRD36BP23","ANKRD36BP2",2,6.67780205043735,7
"CYP4B13","CYP4B1",3,6.39636507891495,7
"CHI3L23","CHI3L2",7,7.27967290252776,7
"RNF1283","RNF128",3,6.06144210771615,7
"SAMD113","SAMD11",1,6.7989559298905,7
"PTGIS3","PTGIS",5,7.14446720866478,7
"SIM13","SIM1",5,6.69208432636857,7
"RMI23","RMI2",7,7.60957097126617,7
"RAD54L3","RAD54L",7,7.79715325104542,7
"AKR1C13","AKR1C1",5,5.75148714524759,7
"NSG13","NSG1",2,7.30516605577348,7
"TNN3","TNN",2,8.40328810242365,7
"IL17B3","IL17B",1,6.75827328315163,7
"C15orf483","C15orf48",1,7.84974951182529,7
"KIF26B3","KIF26B",5,7.00529921133587,7
"NKAIN13","NKAIN1",1,6.34972093589447,7
"DGAT23","DGAT2",5,8.0353207101273,7
"LINC012263","LINC01226",4,7.84964924107355,7
"C11orf963","C11orf96",2,6.03445515275113,7
"LEMD13","LEMD1",5,7.61967522707323,7
"PWP23","PWP2",5,5.4314687773166,7
"AC026124.13","AC026124.1",2,7.57665829876548,7
"DIRAS33","DIRAS3",1,6.57606214420553,7
"TROAP3","TROAP",7,7.56669173788905,7
"EMILIN33","EMILIN3",5,6.20157645253383,7
"SLC41A23","SLC41A2",4,8.24258178707791,7
"IFI443","IFI44",7,8.32790819982622,7
"EPSTI13","EPSTI1",7,9.05462934331789,7
"GINS13","GINS1",5,7.24984802610922,7
"AP000356.13","AP000356.1",4,8.60326647815026,7
"FUT63","FUT6",2,6.63301255437675,7
"EPHA73","EPHA7",5,7.8833346601977,7
"ZFP423","ZFP42",5,6.90229084786002,7
"FAM198B-AS13","FAM198B-AS1",1,8.18507325098701,7
"IL22RA23","IL22RA2",2,7.1562990925123,7
"AMTN3","AMTN",7,6.48294742905505,7
"TP633","TP63",2,9.09398816262151,7
"CCL3L33","CCL3L3",7,6.19117181552218,7
"GPC33","GPC3",2,9.35394507134711,7
"GPR123","GPR12",5,6.65280042699534,7
"NEFH3","NEFH",2,4.71433576146711,7
"PCDHB23","PCDHB2",5,4.8485466147988,7
"LINGO13","LINGO1",5,5.93199188719279,7
"C19orf813","C19orf81",3,6.47701635332159,7
"WNT63","WNT6",5,7.22836496006482,7
"PRELP3","PRELP",5,6.40062749011616,7
"MUC193","MUC19",1,6.54010122415881,7
"RBP43","RBP4",3,6.13133118028055,7
"RASL10A3","RASL10A",2,9.0474005335462,7
"PEG33","PEG3",2,5.07726908459548,7
"CILP3","CILP",2,6.23622123752324,7
"BCL2A13","BCL2A1",7,9.11299186739049,7
"OSGIN13","OSGIN1",4,7.89970495357754,7
"DNAJC123","DNAJC12",1,8.6457695840995,7
"ECM13","ECM1",1,7.39720428133466,7
"BMP63","BMP6",5,6.5285739314579,7
"SOWAHA3","SOWAHA",1,6.46378312821682,7
"PPP2R2C3","PPP2R2C",1,6.49349737996531,7
"MNX13","MNX1",5,5.76784260627484,7
"ADAMTS173","ADAMTS17",4,7.02423166387029,7
"AL162413.13","AL162413.1",5,6.53309628465285,7
"ABCA133","ABCA13",5,6.33120721004326,7
"DNAAF13","DNAAF1",1,10.2565153675465,7
"DUOX13","DUOX1",4,7.07864921602545,7
"CCN33","CCN3",3,7.01331913404395,7
"PCAT193","PCAT19",5,5.35179554625511,7
"LINC020153","LINC02015",3,6.3355529590163,7
"CAVIN23","CAVIN2",2,8.26792982706942,7
"INPP5J3","INPP5J",1,9.47690499712632,7
"SYT14","SYT1",1,7.3515220365611,7
"CA23","CA2",5,5.60879942345367,7
"CA93","CA9",5,6.5847870881562,7
"CA33","CA3",5,7.45731764947329,7
"HOXA73","HOXA7",4,5.59986661205602,7
"FABP33","FABP3",7,5.35272832770623,7
"RAB7B3","RAB7B",5,5.64430430182734,7
"GPX33","GPX3",2,6.63290635672473,7
"CFI3","CFI",3,11.2674877734547,7
"FAM171A23","FAM171A2",5,8.49972699388245,7
"SYCP33","SYCP3",6,10.4755268267317,7
"AC144450.13","AC144450.1",1,7.62332565818144,7
"SLC5A14","SLC5A1",2,6.13174085756373,7
"TNFRSF193","TNFRSF19",1,5.69470037329811,7
"HES63","HES6",7,6.73334490886264,7
"NR4A33","NR4A3",2,5.58160754052349,7
"RSPO33","RSPO3",2,8.85843189574446,7
"KCND33","KCND3",1,8.50247205851249,7
"BCAS13","BCAS1",1,7.70711508423904,7
"H2BC83","H2BC8",4,7.71497527555817,7
"TMEM86A3","TMEM86A",4,7.81787922122734,7
"HSPA23","HSPA2",4,6.82488716971586,7
"LINC026133","LINC02613",2,8.09853103138326,7
"PARM13","PARM1",4,6.6629871501505,7
"NR2E33","NR2E3",1,8.96390065792904,7
"CYP27C13","CYP27C1",5,6.39579607066182,7
"VASH23","VASH2",5,5.96465486303768,7
"KCTD143","KCTD14",3,8.4393934490398,7
"TLR73","TLR7",4,7.26480270175125,7
"AP001636.33","AP001636.3",4,7.08272804557852,7
"CDC42EP53","CDC42EP5",4,7.48847712935089,7
"AC007906.23","AC007906.2",3,8.59470868018156,7
"MS4A13","MS4A1",2,7.92252303229164,7
"AL031666.33","AL031666.3",6,8.59074787933412,7
"G0S23","G0S2",7,6.15198323870108,7
"S100B3","S100B",3,8.33830141739612,7
"SLCO1B3-SLCO1B73","SLCO1B3-SLCO1B7",4,9.67812703945176,7
"ADTRP3","ADTRP",2,5.13928611600227,7
"MIR3142HG3","MIR3142HG",2,6.18195759833209,7
"DCT3","DCT",3,7.44540182627694,7
"CCL43","CCL4",7,8.09106308648965,7
"KCNQ43","KCNQ4",5,7.7217537395327,7
"CHODL3","CHODL",5,6.84597573294039,7
"ESPL13","ESPL1",7,7.641841621858,7
"CDC63","CDC6",7,7.26404718017765,7
"TTC63","TTC6",1,9.99240778329778,7
"ABCA83","ABCA8",2,10.0404303314232,7
"MYL73","MYL7",2,6.52035132590591,7
"GATA2-AS13","GATA2-AS1",4,5.97099793396386,7
"RHEX3","RHEX",5,5.98901067761855,7
"PRTFDC13","PRTFDC1",5,8.07232151760185,7
"UHRF13","UHRF1",5,7.48114093302494,7
"ABLIM33","ABLIM3",1,6.51757715081689,7
"TICRR3","TICRR",5,8.03467869839658,7
"HOXA63","HOXA6",2,6.64382054914202,7
"SPOCK23","SPOCK2",7,7.62268835721731,7
"DLX23","DLX2",1,6.61663441790772,7
"AC006509.33","AC006509.3",1,6.20241332459417,7
"NAV33","NAV3",1,6.8712192575294,7
"SPINK13","SPINK1",3,6.36498661269075,7
"KCNJ83","KCNJ8",1,6.26419270983607,7
"KCNJ23","KCNJ2",2,8.37849575008974,7
"TCEAL23","TCEAL2",2,6.16291052246206,7
"F13A13","F13A1",2,7.41684769356245,7
"TAFA53","TAFA5",5,6.99498053921135,7
"GALNT53","GALNT5",1,7.25532284450386,7
"IFI273","IFI27",7,9.44049143246592,7
"NCMAP3","NCMAP",3,9.0255030051785,7
"AL078581.23","AL078581.2",6,8.84177533523097,7
"AARD3","AARD",5,8.12214754548279,7
"LINC018763","LINC01876",6,4.85976672317274,7
"LINC025953","LINC02595",2,6.46128632888325,7
"KCNK23","KCNK2",3,7.81136294741381,7
"AC036108.33","AC036108.3",3,8.41684321256272,7
"KCNJ33","KCNJ3",1,7.22737617901975,7
"C10orf903","C10orf90",2,6.8001251622603,7
"IL1B3","IL1B",7,6.67209975795988,7
"NCAPH3","NCAPH",7,7.47091473030026,7
"AC011365.23","AC011365.2",1,8.75386036984055,7
"AC131206.13","AC131206.1",5,5.632179399313,7
"B4GALNT23","B4GALNT2",4,7.64568734117147,7
"C1QL23","C1QL2",7,6.44813521175613,7
"AMH3","AMH",1,5.91022585000371,7
"FAT23","FAT2",3,7.34304079800847,7
"MX13","MX1",7,9.06080844955886,7
"AL158064.13","AL158064.1",4,8.87023706140838,7
"CARTPT3","CARTPT",1,5.88646819140521,7
"RAI23","RAI2",1,7.70395548458973,7
"RECQL43","RECQL4",7,7.35143342696868,7
"TMEM178A3","TMEM178A",2,6.54965134757601,7
"POF1B3","POF1B",3,9.2330909266228,7
"ABCA43","ABCA4",3,5.90578092423539,7
"BATF23","BATF2",7,8.62772035915478,7
"IFIT23","IFIT2",7,9.00523986672048,7
"VEGFD3","VEGFD",2,9.88380997437537,7
"APOL43","APOL4",1,7.01841220947765,7
"GPR873","GPR87",3,10.6162849779487,7
"TRAC3","TRAC",2,9.64625382077446,7
"TNFRSF183","TNFRSF18",7,7.00720725275641,7
"LRP83","LRP8",7,7.69977804128574,7
"TRO3","TRO",5,5.5622640631506,7
"CPA43","CPA4",7,6.69291457525394,7
"WNT113","WNT11",5,5.06274136035168,7
"FGF23","FGF2",3,8.01425270644396,7
"SPON13","SPON1",1,6.15052273376173,7
"SERPINE13","SERPINE1",7,7.17428722272893,7
"PCP43","PCP4",5,5.86300105699098,7
"ATRNL13","ATRNL1",3,6.74021318176177,7
"CSF3R3","CSF3R",3,6.64432355840442,7
"CD73","CD7",7,8.53166036112572,7
"UGT83","UGT8",5,7.5430542363316,7
"SIDT13","SIDT1",1,8.30430519395108,7
"ORC63","ORC6",5,7.61419214524498,7
"CSF2RB3","CSF2RB",2,8.07518314392124,7
"PDE8B3","PDE8B",3,6.81624308832544,7
"MROH63","MROH6",4,6.4295263851504,7
"ZNF3343","ZNF334",2,6.12209883192933,7
"BCAT13","BCAT1",7,6.82051798828695,7
"HMMR3","HMMR",7,7.75322313500437,7
"AMPH3","AMPH",1,6.77627766693757,7
"ALPK33","ALPK3",4,7.6513759441199,7
"FCRL53","FCRL5",2,9.57754328944366,7
"KIF113","KIF11",5,7.58562007338305,7
"STARD43","STARD4",4,6.05444202610747,7
"ABCB13","ABCB1",2,7.53392276117628,7
"RNF1833","RNF183",3,8.97583469589668,7
"TOX33","TOX3",1,7.49621804020819,7
"AC020907.13","AC020907.1",5,8.71974495933556,7
"COL13A13","COL13A1",4,5.05051940604238,7
"LYVE13","LYVE1",2,7.8875472861699,7
"E2F83","E2F8",7,8.20516797897471,7
"RHOH3","RHOH",1,9.15373066535595,7
"CACNA2D23","CACNA2D2",1,9.57525802670635,7
"NUDT113","NUDT11",5,6.0332508451908,7
"AC103591.33","AC103591.3",3,5.18023170827882,7
"TNFAIP63","TNFAIP6",7,6.28646804113401,7
"PCDHB53","PCDHB5",4,6.15614288223359,7
"OSR23","OSR2",7,5.73347267922214,7
"CNTN13","CNTN1",2,8.09297682892335,7
"FIBIN3","FIBIN",3,7.94395094359503,7
"CYP24A13","CYP24A1",2,6.61759996855154,7
"CDO13","CDO1",3,6.44493189784668,7
"RTN13","RTN1",1,7.67679405279612,7
"PLEKHB13","PLEKHB1",5,7.56048358233238,7
"DNAH113","DNAH11",5,5.41846764350179,7
"STX193","STX19",4,7.56903942127201,7
"ALDH1A13","ALDH1A1",2,8.19453804010913,7
"SRD5A13","SRD5A1",4,8.55014723516692,7
"AC044810.23","AC044810.2",2,6.84179359753359,7
"GLRB3","GLRB",1,6.3890767811791,7
"MMP163","MMP16",2,7.03823568355472,7
"ETV43","ETV4",5,7.09299638379022,7
"CCDC144NL-AS13","CCDC144NL-AS1",5,5.44941337530656,7
"PSMB93","PSMB9",7,8.87034641164267,7
"THBS43","THBS4",2,5.62812659433483,7
"C16orf743","C16orf74",1,9.50397253043562,7
"NRAD13","NRAD1",5,5.27464372433479,7
"GRIK13","GRIK1",3,5.70988463374461,7
"CHRDL23","CHRDL2",5,5.16638144778336,7
"STC13","STC1",3,7.40584211532763,7
"SLC38A33","SLC38A3",7,7.12612659260945,7
"TMEM200C3","TMEM200C",5,6.30103625959022,7
"HOXC133","HOXC13",5,6.30848532701601,7
"AGTR13","AGTR1",1,5.84289420355041,7
"LINC028143","LINC02814",4,7.83037898153982,7
"TBX183","TBX18",2,7.27201443710928,7
"DOK53","DOK5",5,5.86971267647393,7
"ATP6V1B13","ATP6V1B1",2,6.44289345771473,7
"SPAG63","SPAG6",1,7.82414740121241,7
"GNLY3","GNLY",7,8.37227460259343,7
"CSPG43","CSPG4",5,5.68833448807532,7
"SUSD53","SUSD5",5,7.31048782563829,7
"AP000851.23","AP000851.2",2,6.67896382727258,7
"DDX433","DDX43",6,5.5917123559471,7
"RAD17P13","RAD17P1",1,8.25453412300281,7
"CLIC33","CLIC3",4,5.89986563452098,7
"GALNT143","GALNT14",7,7.06338888501052,7
"ZNF4693","ZNF469",5,6.68224560995274,7
"MPPED23","MPPED2",3,5.83998226150367,7
"KIAA1549L3","KIAA1549L",2,6.34287975900134,7
"LTF3","LTF",2,6.70862224947715,7
"SF3B43","SF3B4",7,6.08711548770307,7
"CTNNA23","CTNNA2",4,7.8035424548573,7
"CNTN43","CNTN4",2,7.10335183602177,7
"AL645608.73","AL645608.7",7,5.41049303990252,7
"KNL13","KNL1",7,7.79175496959963,7
"HS6ST33","HS6ST3",1,5.83074505653549,7
"RNVU1-223","RNVU1-22",6,5.31145189959796,7
"MFAP43","MFAP4",2,10.1016944638546,7
"MOXD13","MOXD1",7,6.64880893498496,7
"STMND13","STMND1",1,7.99039901745373,7
"MELTF3","MELTF",3,7.55191379683242,7
"TNNI23","TNNI2",5,5.51766441372078,7
"SPHKAP3","SPHKAP",2,6.2695417836123,7
"SRPX4","SRPX",2,9.55967394608532,7
"SKA13","SKA1",7,7.53103237029909,7
"FERMT13","FERMT1",2,6.55830132248812,7
"GATA63","GATA6",5,5.88169639702931,7
"EFCC13","EFCC1",4,7.02578987496003,7
"AC010735.23","AC010735.2",1,7.43080980566114,7
"EMID13","EMID1",1,6.95573047629261,7
"DERL33","DERL3",2,8.8063644291015,7
"PTPRZ13","PTPRZ1",3,7.29374191003264,7
"PDZK1IP13","PDZK1IP1",7,6.82096872108588,7
"MEIS33","MEIS3",1,7.67018563061844,7
"MUC43","MUC4",7,5.1099503180427,7
"PIF13","PIF1",5,8.05622015619299,7
"ID13","ID1",5,5.35799734780514,7
"NTF43","NTF4",2,6.83872666333671,7
"IL2RG3","IL2RG",2,8.9312517802628,7
"AC105914.23","AC105914.2",4,6.8464370685744,7
"RPS263","RPS26",3,5.21612328925154,7
"NFE2L33","NFE2L3",7,8.16775294676253,7
"DCHS23","DCHS2",2,6.25203820132246,7
"CD1093","CD109",5,5.67741006707641,7
"PPP1R3C3","PPP1R3C",3,7.39660899321072,7
"JAM33","JAM3",2,7.59560722945347,7
"MORN33","MORN3",7,5.6446587442409,7
"ITM2A3","ITM2A",2,9.30834904196215,7
"ZNF1543","ZNF154",1,6.95578819833812,7
"AC092447.73","AC092447.7",6,4.77775592849887,7
"CD3E3","CD3E",2,9.6242814605917,7
"PLCD43","PLCD4",1,8.71728219096027,7
"TMEM1003","TMEM100",5,6.55748229792656,7
"CCL25","CCL2",7,7.58362634194687,7
"CTNND23","CTNND2",3,6.48171655188841,7
"HS3ST43","HS3ST4",2,6.54100980070921,7
"EDNRB3","EDNRB",2,9.8516889436864,7
"UGT2B173","UGT2B17",1,6.53518562736023,7
"CORO63","CORO6",1,5.99400178815841,7
"LGALS93","LGALS9",7,8.15995373256301,7
"NPW3","NPW",5,7.75062533040695,7
"CREB3L13","CREB3L1",1,6.53481556804612,7
"ZBTB20-AS23","ZBTB20-AS2",6,8.37862203840152,7
"PLAAT13","PLAAT1",5,7.20949799479979,7
"RNF2123","RNF212",1,5.6628492828692,7
"ERP273","ERP27",3,5.83260472085404,7
"AC122688.33","AC122688.3",4,7.54872980056547,7
"NRTN3","NRTN",5,7.85550213363484,7
"BMP23","BMP2",5,7.59041376023527,7
"DSCC13","DSCC1",5,7.83539402926083,7
"AC090994.13","AC090994.1",1,5.60785349933672,7
"AC104407.13","AC104407.1",1,7.46879824475325,7
"RAD513","RAD51",7,7.35500358302688,7
"AC126178.13","AC126178.1",4,8.78585982011208,7
"VNN13","VNN1",7,7.07724135409363,7
"ARL93","ARL9",5,7.35789488751461,7
"HTR2A3","HTR2A",3,7.72801780832284,7
"TMPRSS33","TMPRSS3",3,6.06209063908892,7
"CNN13","CNN1",2,8.1610700327074,7
"HERC53","HERC5",2,7.26594945323915,7
"KREMEN23","KREMEN2",7,6.82134550967655,7
"AC010329.13","AC010329.1",4,7.8338390469037,7
"SNORA133","SNORA13",2,7.24950375432645,7
"RNU1-85P3","RNU1-85P",7,4.89706150856786,7
"NUSAP13","NUSAP1",7,7.53667710140375,7
"AKR1B13","AKR1B1",3,5.42818561705838,7
"ST8SIA63","ST8SIA6",1,8.64741843565172,7
"KIF233","KIF23",5,7.67866678976068,7
"REEP13","REEP1",1,10.098821131207,7
"CLPSL23","CLPSL2",4,5.64514242196547,7
"MT-TM3","MT-TM",7,5.44361602406396,7
"MTND3P253","MTND3P25",6,4.84547786691783,7
"TSPAN183","TSPAN18",5,7.06036399738422,7
"PCSK93","PCSK9",4,7.07541763140453,7
"AL161945.13","AL161945.1",3,6.33080560486205,7
"CCDC1603","CCDC160",4,6.56590342606446,7
"AC099506.13","AC099506.1",4,7.09079423970847,7
"CENPM3","CENPM",5,6.93540429945901,7
"ANKRD18A3","ANKRD18A",6,6.06212658120271,7
"AFF33","AFF3",1,8.3966966437404,7
"CDKN2B3","CDKN2B",7,7.87083726811622,7
"AC011447.33","AC011447.3",4,7.21856541167646,7
"KRBOX13","KRBOX1",3,7.21580206348479,7
"GPC23","GPC2",5,8.00388655388926,7
"MT-TR3","MT-TR",5,7.20447173041007,7
"KCNG13","KCNG1",5,7.82102482550746,7
"MESP13","MESP1",3,6.87219754288804,7
"TENM23","TENM2",2,8.59905938852831,7
"VIM-AS13","VIM-AS1",3,6.73181371379938,7
"CCN63","CCN6",3,5.25669777841048,7
"ZIC23","ZIC2",7,5.13097915458036,7
"CCL33","CCL3",7,7.83779996242547,7
"MMP33","MMP3",7,5.57456455417204,7
"SEMA3G3","SEMA3G",1,6.91135258719659,7
"EFR3B3","EFR3B",1,6.72958138532048,7
"ADGRB13","ADGRB1",1,6.04660730432414,7
"HAPLN33","HAPLN3",2,6.92488834943729,7
"RHOXF1-AS13","RHOXF1-AS1",2,6.74178186417797,7
"DEPDC1B3","DEPDC1B",7,7.3095751508997,7
"MAMDC23","MAMDC2",2,6.22235995343412,7
"PDE10A3","PDE10A",5,5.32331206541623,7
"MAPK153","MAPK15",5,6.51450640331072,7
"CD23","CD2",2,9.4162353212218,7
"TGFB23","TGFB2",7,5.58204886532872,7
"CNTD13","CNTD1",1,6.62745122631359,7
"CYYR13","CYYR1",3,6.21360304136021,7
"AC018629.13","AC018629.1",2,7.01658769535051,7
"B3GALT5-AS13","B3GALT5-AS1",2,7.3199822759149,7
"CHEK13","CHEK1",5,7.76236847327896,7
"EDIL33","EDIL3",2,6.5888871606609,7
"HOXA-AS23","HOXA-AS2",6,8.76176947119838,7
"RASSF103","RASSF10",2,5.68632797103148,7
"PLA2G73","PLA2G7",7,6.85509965848047,7
"AC005253.13","AC005253.1",6,11.6510768166672,7
"HR3","HR",5,6.92628203050492,7
"ALDH1L13","ALDH1L1",5,5.43970829993642,7
"OLFM23","OLFM2",5,8.29078903853433,7
"PROM13","PROM1",3,6.93248792922739,7
"GJC33","GJC3",3,7.9078830151798,7
"ADGRB23","ADGRB2",1,9.50580803521518,7
"TPPP33","TPPP3",1,6.25582370821338,7
"VOPP13","VOPP1",7,7.1439350502027,7
"AL022151.13","AL022151.1",4,7.12989627418619,7
"WDR863","WDR86",2,7.93992800763108,7
"PLIN13","PLIN1",4,5.16244352745608,7
"CXCL33","CXCL3",2,8.47918117424753,7
"MS4A153","MS4A15",4,6.81127924941454,7
"H2BC113","H2BC11",7,6.6854779418704,7
"CCL83","CCL8",7,7.71047987367157,7
"CLSPN3","CLSPN",7,8.0955570983607,7
"MEOX13","MEOX1",2,5.42252749225976,7
"CRACR2A3","CRACR2A",1,6.57075482721839,7
"TGM23","TGM2",7,8.75508674817388,7
"SLCO1B73","SLCO1B7",4,8.69239177450937,7
"CHRDL13","CHRDL1",2,8.65331668372039,7
"PTK63","PTK6",4,7.24424254278203,7
"KLK23","KLK2",1,6.09160242129149,7
"AOX13","AOX1",3,5.31652645863895,7
"SLC16A63","SLC16A6",1,9.47112420163364,7
"TRBC23","TRBC2",2,9.30480439921684,7
"AC018816.13","AC018816.1",1,7.00480917748884,7
"FCER1A3","FCER1A",2,6.57780421007712,7
"MRC13","MRC1",2,7.3249373431792,7
"RYR33","RYR3",2,6.894744809922,7
"ENPP23","ENPP2",2,10.1509072498391,7
"PTGER33","PTGER3",1,8.94050814779476,7
"MAT2A3","MAT2A",5,4.97861213714149,7
"ICAM13","ICAM1",7,9.505135814947,7
"PADI33","PADI3",7,6.58787959547677,7
"GREM13","GREM1",4,6.33992425095849,7
"RGS223","RGS22",1,8.95253811531184,7
"KCNK173","KCNK17",1,5.7072163819555,7
"E2F23","E2F2",5,7.15264103677446,7
"DAPP13","DAPP1",7,7.5885062435735,7
"CHL13","CHL1",2,9.26866715773945,7
"NOXO13","NOXO1",7,5.89719124776656,7
"AC020659.13","AC020659.1",3,7.34319000817963,7
"PYGO13","PYGO1",5,5.43154286220012,7
"SHCBP13","SHCBP1",7,7.0939426506716,7
"OASL3","OASL",7,8.93567119511737,7
"DOK73","DOK7",1,7.53146971416262,7
"GAS6-AS13","GAS6-AS1",2,5.6939421983174,7
"NR1H43","NR1H4",4,8.22218913454646,7
"FCGR2B3","FCGR2B",7,7.23622657149643,7
"SLITRK53","SLITRK5",2,5.10161563426069,7
"CYP26A13","CYP26A1",1,7.22880845271148,7
"CLCF13","CLCF1",3,6.25881074946791,7
"AL136296.13","AL136296.1",1,9.49417113973971,7
"GOLGA8N3","GOLGA8N",6,7.77876697853247,7
"ADAMDEC13","ADAMDEC1",7,8.94701528254313,7
"GALNT163","GALNT16",2,7.10172247197993,7
"C4orf193","C4orf19",2,7.41134066265444,7
"DIO3OS3","DIO3OS",2,6.82564844547963,7
"MT1M3","MT1M",3,6.96024385870104,7
"PDE9A3","PDE9A",5,7.16457184764439,7
"PRSS333","PRSS33",5,8.73545074662395,7
"ACOT43","ACOT4",1,6.76593474342831,7
"CPNE73","CPNE7",5,6.31465040358491,7
"MAPK123","MAPK12",5,6.84942382392112,7
"PRR113","PRR11",5,7.49324155691061,7
"CCDC1583","CCDC158",1,6.75926500733335,7
"CFD3","CFD",2,7.83215910842954,7
"VPS9D1-AS13","VPS9D1-AS1",5,7.25395708687273,7
"CCL203","CCL20",7,8.19782185964166,7
"ROCR3","ROCR",3,7.87583924813034,7
"CDHR33","CDHR3",1,8.09404394301584,7
"AL355512.13","AL355512.1",4,7.96341381513046,7
"NTRK33","NTRK3",2,6.94792278754182,7
"CHRNA23","CHRNA2",4,8.7570737248693,7
"KCNH83","KCNH8",3,8.52192031551114,7
"FRMD33","FRMD3",5,5.76026766359962,7
"MCM23","MCM2",5,7.01508385902796,7
"HLA-DQB23","HLA-DQB2",7,6.40703329686702,7
"SNCG3","SNCG",3,6.39233133872964,7
"SULT1A23","SULT1A2",1,6.64048899033607,7
"SLC7A53","SLC7A5",7,7.21223391733121,7
"LILRB43","LILRB4",7,7.86900238282588,7
"MFSD2A3","MFSD2A",3,6.83125004571874,7
"OXTR3","OXTR",2,6.53452393391917,7
"MGAT33","MGAT3",5,6.3056872696691,7
"ANKRD293","ANKRD29",2,6.61792258832085,7
"IGSF9B3","IGSF9B",1,6.37445686778429,7
"SIX23","SIX2",7,6.00289355198573,7
"NRXN23","NRXN2",2,7.22633171942357,7
"OLR13","OLR1",7,7.93090938968565,7
"TK13","TK1",7,7.44182467975414,7
"AL035425.43","AL035425.4",5,5.22793982399272,7
"SLC35F33","SLC35F3",5,6.11396718174267,7
"DUXAP83","DUXAP8",5,7.3997009941462,7
"SLC15A23","SLC15A2",4,7.56131313333055,7
"LSAMP3","LSAMP",2,6.25933475275377,7
"AC009501.33","AC009501.3",5,7.77957475689146,7
"TMEM2103","TMEM210",4,7.94458611312711,7
"LINC005113","LINC00511",5,7.06458641021885,7
"SCX3","SCX",7,7.21288052884478,7
"AL139220.23","AL139220.2",1,7.81758893601633,7
"AL669831.43","AL669831.4",6,8.03064335425911,7
"GATA6-AS13","GATA6-AS1",5,7.72177527926392,7
"IL1RN3","IL1RN",7,6.65370101302795,7
"ZNF826P3","ZNF826P",4,6.09008057226179,7
"MT1X3","MT1X",3,8.6700948791386,7
"PEG103","PEG10",6,5.84661391000937,7
"TWIST23","TWIST2",2,7.15704441987546,7
"LRRC263","LRRC26",4,7.80940049910033,7
"NRCAM3","NRCAM",5,5.38611418007681,7
"CCL4L23","CCL4L2",7,7.3029049017649,7
"ACSL63","ACSL6",7,4.78923143180684,7
"SCARNA223","SCARNA22",6,6.42674893244361,7
"LRRC4C3","LRRC4C",3,9.07724708534376,7
"FUT93","FUT9",2,6.02023770487912,7
"KCNQ53","KCNQ5",7,5.51901240846534,7
"SEMA3D3","SEMA3D",2,8.41624870369596,7
"PIWIL23","PIWIL2",1,6.15257573843157,7
"DLX13","DLX1",1,6.30215451067065,7
"ANKRD30BP13","ANKRD30BP1",1,8.55919552784915,7
"GASK1A3","GASK1A",5,6.46667531656995,7
"NT5E3","NT5E",3,6.279136997668,7
"CKMT1A3","CKMT1A",5,5.41650593313975,7
"RGS24","RGS2",3,9.83271478304677,7
"CAMK2B3","CAMK2B",1,7.51637938901705,7
"FGD33","FGD3",1,7.80312312941865,7
"AC107464.33","AC107464.3",1,7.17153008629412,7
"RPL18A3","RPL18A",5,5.2767602127421,7
"PPP1R14B-AS13","PPP1R14B-AS1",4,7.07377949030548,7
"PCDHB163","PCDHB16",3,5.05459145631344,7
"ETV73","ETV7",7,8.65023654775673,7
"LEF13","LEF1",1,8.46150599600253,7
"COL14A13","COL14A1",3,6.85463776305599,7
"AC005523.23","AC005523.2",6,8.72969258968554,7
"AP003392.33","AP003392.3",6,11.6636026650429,7
"UBXN103","UBXN10",1,9.49715831988746,7
"ZWINT3","ZWINT",7,7.23507388908928,7
"LERFS3","LERFS",7,4.57103851517308,7
"VSIG43","VSIG4",2,5.8520961166965,7
"BRINP23","BRINP2",1,6.23397303864659,7
"CFH3","CFH",2,9.53294487694896,7
"C14orf393","C14orf39",4,5.47617292639811,7
"FOLH13","FOLH1",5,6.56712939456554,7
"AC092053.43","AC092053.4",6,7.39040699439467,7
"LAMA13","LAMA1",2,7.47022184353529,7
"ADGRG23","ADGRG2",5,6.32439573647589,7
"TMCC23","TMCC2",5,7.23892219863006,7
"DAPK13","DAPK1",7,6.28398857690421,7
"GIPR3","GIPR",1,8.31560193427398,7
"ABHD63","ABHD6",4,8.02824485728695,7
"CENPE3","CENPE",7,7.73864487926933,7
"ANK13","ANK1",7,4.7236004390674,7
"MAATS13","MAATS1",1,7.32215609857481,7
"ADCY53","ADCY5",1,6.49244924738385,7
"HOXC-AS33","HOXC-AS3",4,6.41476840845107,7
"SYT133","SYT13",7,6.33808400729695,7
"HOXB-AS13","HOXB-AS1",1,7.01615477874781,7
"WNT7B3","WNT7B",3,7.68053780069947,7
"KIF123","KIF12",1,9.29004807803011,7
"MGAM4","MGAM",3,8.71172025977286,7
"SNORD633","SNORD63",1,5.98118460211212,7
"RNU6-618P3","RNU6-618P",1,6.62731943727885,7
"PHYHD13","PHYHD1",1,6.8163092656129,7
"MIA3","MIA",3,7.94615875481475,7
"TMTC13","TMTC1",1,5.75344172914079,7
"SPNS23","SPNS2",7,5.95775518988916,7
"RACGAP13","RACGAP1",7,6.7031428930269,7
"CHST113","CHST11",7,7.02648237590828,7
"GMPR3","GMPR",7,5.2618721958962,7
"ACOT13","ACOT1",4,5.6806152706769,7
"ARHGAP11A3","ARHGAP11A",7,7.25433733685093,7
"STON23","STON2",1,10.0415142545416,7
"PANX23","PANX2",5,5.5509069013454,7
"SLC16A33","SLC16A3",7,9.44566569405375,7
"LPAR33","LPAR3",5,4.82266494760347,7
"NDP3","NDP",3,5.9456358022499,7
"KCNAB13","KCNAB1",5,7.06249447130723,7
"MIR4500HG3","MIR4500HG",7,4.98620966834057,7
"AC022075.13","AC022075.1",2,5.19225217691607,7
"PIM13","PIM1",7,6.30931948064253,7
"DTX43","DTX4",7,5.60811407631202,7
"CLCA43","CLCA4",3,8.0137592896052,7
"ACBD73","ACBD7",5,6.87559456026674,7
"RNU6-268P3","RNU6-268P",6,8.77969348037145,7
"CASP103","CASP10",7,6.45487698587739,7
"LINC005143","LINC00514",7,5.95927151212307,7
"AC007342.53","AC007342.5",4,5.62849193120283,7
"DCLK23","DCLK2",5,7.08191391299486,7
"PAX8-AS13","PAX8-AS1",3,4.79390816990732,7
"COCH3","COCH",5,6.98812627500834,7
"PDK43","PDK4",2,7.45331180382222,7
"ARC3","ARC",1,4.9881323799193,7
"SALL43","SALL4",5,6.82200032708587,7
"MX23","MX2",2,6.75411822784591,7
"GRIN2A3","GRIN2A",5,4.70236584029728,7
"HERC33","HERC3",4,8.14082411524433,7
"BAG23","BAG2",7,5.91892136915705,7
"MME3","MME",2,7.63657087990299,7
"PIR3","PIR",7,5.99622005600524,7
"WNT10A3","WNT10A",2,6.25648452463741,7
"TMEM178B3","TMEM178B",5,5.26076760176041,7
"KYAT13","KYAT1",4,7.58901804069027,7
"AL512306.33","AL512306.3",2,7.68232492342727,7
"RASAL13","RASAL1",5,7.45880883440213,7
"TTYH13","TTYH1",5,9.17352893133091,7
"FAM171A13","FAM171A1",5,7.39282606668889,7
"FGFBP23","FGFBP2",5,7.97601016514227,7
"RNASE13","RNASE1",7,6.88346240504166,7
"TRBC13","TRBC1",2,8.8513039417552,7
"FGD13","FGD1",5,6.73071019590543,7
"AIM23","AIM2",7,8.79421790907107,7
"CRB23","CRB2",2,6.29141891077283,7
"AC004687.13","AC004687.1",2,7.20781754177954,7
"C19orf333","C19orf33",1,6.79293148221722,7
"DLK23","DLK2",2,7.40194968187555,7
"CNGA13","CNGA1",3,6.03892920199445,7
"AC093642.23","AC093642.2",1,5.83765556893269,7
"RPS6P123","RPS6P12",1,7.34744462890598,7
"RNU6-942P3","RNU6-942P",6,8.26976194143434,7
"SPATC1L3","SPATC1L",5,5.12107584026187,7
"SCN2A3","SCN2A",2,6.05532796634823,7
"SOX183","SOX18",7,5.85857041680086,7
"EGLN33","EGLN3",4,6.77763424872262,7
"AC124852.13","AC124852.1",2,6.21541644445857,7
"GUCY1A23","GUCY1A2",1,5.71170149614985,7
"AP000844.23","AP000844.2",1,8.56932044414342,7
"IRX13","IRX1",3,9.45159085605288,7
"PODN3","PODN",2,6.93627890965452,7
"CPXM23","CPXM2",2,5.87430253273708,7
"TRIM173","TRIM17",3,6.8382726919326,7
"CLDN83","CLDN8",4,8.18405977266736,7
"UNC5C3","UNC5C",3,7.72358155208267,7
"UNC93B13","UNC93B1",7,6.8800850818008,7
"CGREF13","CGREF1",5,6.90041096166981,7
"ADAMTS83","ADAMTS8",1,5.74688097040688,7
"MTHFD1L3","MTHFD1L",5,6.76824662192917,7
"LINC020093","LINC02009",2,7.64471015152779,7
"RNF1823","RNF182",5,6.92821290315515,7
"KIFC13","KIFC1",5,7.26801016503616,7
"CYP2T1P3","CYP2T1P",1,5.26642538957577,7
"MARC13","MARC1",4,7.39493474627643,7
"GADD45G3","GADD45G",4,7.2495864702685,7
"TLX13","TLX1",5,7.1367559815695,7
"VIT3","VIT",2,6.5174967235786,7
"AC093535.23","AC093535.2",2,6.5594356121682,7
"PNMA23","PNMA2",3,6.77719628328151,7
"OIP53","OIP5",5,7.1285604675,7
"SOX153","SOX15",5,5.58293265976334,7
"TREM23","TREM2",3,5.97542066867415,7
"DYNC1I13","DYNC1I1",5,7.23645734989851,7
"ROBO33","ROBO3",3,7.72441239895635,7
"MLLT113","MLLT11",5,6.93580696703766,7
"ACKR13","ACKR1",2,7.74116776942363,7
"ANKRD353","ANKRD35",5,5.99323846684171,7
"ISM13","ISM1",2,8.70730756612763,7
"PRSS123","PRSS12",2,6.97771118768853,7
"ABTB23","ABTB2",5,6.92410936524697,7
"WFDC13","WFDC1",5,6.66074291448349,7
"CCNO3","CCNO",1,6.62230580330238,7
"LRFN43","LRFN4",5,6.9976673019913,7
"PIWIL43","PIWIL4",2,6.94277117533053,7
"AC091429.13","AC091429.1",2,4.7787373698308,7
"FHL13","FHL1",2,7.85094915090698,7
"CYP2J23","CYP2J2",4,7.71476533416287,7
"FAM20A3","FAM20A",2,7.11638414700875,7
"EVA1A3","EVA1A",3,6.385312183796,7
"FER1L53","FER1L5",1,6.88560400458742,7
"LINC015583","LINC01558",5,7.00673460529691,7
"RNU2-63P3","RNU2-63P",7,5.37720762259813,7
"S100A7A3","S100A7A",7,6.77355151437261,7
"C1QL13","C1QL1",1,5.58904069676894,7
"ATP8A13","ATP8A1",4,6.94387300055228,7
"NRK3","NRK",1,5.55167588920211,7
"PAK53","PAK5",2,6.52100912933565,7
"FBP13","FBP1",1,8.24912090639368,7
"HK23","HK2",7,6.18509229327894,7
"KLHL293","KLHL29",2,6.93363164009012,7
"OAS33","OAS3",7,9.28690685228645,7
"SCN4B3","SCN4B",2,6.72765688670745,7
"APLP13","APLP1",5,5.60596492229108,7
"PLCL13","PLCL1",1,7.9669632465681,7
"CDC73","CDC7",7,6.72173236073229,7
"CD483","CD48",7,7.73752837418791,7
"EPHB13","EPHB1",5,6.11065147812135,7
"SLC38A53","SLC38A5",7,5.78462215582924,7
"BRINP13","BRINP1",3,9.21338722700826,7
"CTAGE93","CTAGE9",7,4.65382558913975,7
"AL021807.13","AL021807.1",7,5.84380396962552,7
"MT1L3","MT1L",3,5.81614077342213,7
"IRX43","IRX4",1,5.48899924451441,7
"POU4F13","POU4F1",5,7.09805955330605,7
"NME53","NME5",1,7.79335598297421,7
"PKDCC3","PKDCC",7,5.26602029702172,7
"BCAP313","BCAP31",7,5.617668761734,7
"STAC4","STAC",5,5.6871934050877,7
"PCDH183","PCDH18",2,8.29187317010792,7
"CYP26B13","CYP26B1",5,6.29087098654522,7
"ARTN3","ARTN",7,5.76369243090715,7
"ATP1A43","ATP1A4",1,5.58409528155064,7
"LUCAT13","LUCAT1",3,8.15461704074234,7
"CHMP1B2P3","CHMP1B2P",5,4.93703290450424,7
"CA63","CA6",5,6.02328038978538,7
"EPOR3","EPOR",1,7.0111842197743,7
"PRRX23","PRRX2",2,5.81616873622978,7
"ARX3","ARX",1,5.12712552698339,7
"MISP3","MISP",1,8.01240155034925,7
"AC092296.23","AC092296.2",6,9.31894309290094,7
"KPNA23","KPNA2",7,7.96170346771831,7
"ANXA93","ANXA9",1,8.07242542298297,7
"FAM238C3","FAM238C",5,6.60006527540721,7
"PLAC93","PLAC9",2,8.2308569782747,7
"BCL11B3","BCL11B",2,6.83391093588427,7
"WNT9A3","WNT9A",7,6.83161677278378,7
"CRTAC13","CRTAC1",2,6.6595366910249,7
"ADGRG63","ADGRG6",5,6.69314763846463,7
"CNIH23","CNIH2",5,7.75608869750894,7
"SHC33","SHC3",5,6.31691306209087,7
"AC005062.13","AC005062.1",3,6.1418883610912,7
"SULT2B13","SULT2B1",4,7.35655084417031,7
"BMP43","BMP4",1,8.58990126105078,7
"NDN3","NDN",2,8.13996978795016,7
"CD2003","CD200",2,6.49624107588284,7
"VSTM53","VSTM5",5,7.82922829352901,7
"SERPINA33","SERPINA3",3,7.79996195506368,7
"LAMC33","LAMC3",2,9.0356183394484,7
"SIGLEC13","SIGLEC1",7,7.62194666942322,7
"CENPN3","CENPN",5,7.49884666489695,7
"CLEC14A3","CLEC14A",2,6.5526572711797,7
"STYK13","STYK1",4,6.90569382700948,7
"PRICKLE13","PRICKLE1",5,7.86855527926488,7
"AC068446.23","AC068446.2",1,5.0415038280542,7
"MAPK8IP23","MAPK8IP2",7,6.33779197050144,7
"SYBU3","SYBU",1,7.41323117526344,7
"C9orf1523","C9orf152",1,7.65977694158138,7
"FPR33","FPR3",7,8.38097363338737,7
"SRP14P43","SRP14P4",4,8.49919010133939,7
"HOXC123","HOXC12",5,6.3511437737473,7
"GABRP3","GABRP",3,7.4184617089017,7
"SLC26A73","SLC26A7",5,6.01329143841881,7
"KAZALD13","KAZALD1",4,5.88190528653431,7
"FGF73","FGF7",2,9.00332800827622,7
"PCP23","PCP2",1,8.15467935798878,7
"CSRNP33","CSRNP3",2,7.84895734558125,7
"NCF23","NCF2",7,8.81408498029752,7
"SLC52A13","SLC52A1",5,5.3561442487171,7
"C4BPB3","C4BPB",2,5.9949244294799,7
"PTPN203","PTPN20",5,5.69448528564271,7
"ATP1B23","ATP1B2",2,6.53036306853552,7
"RGS63","RGS6",2,6.37584656857796,7
"ACOX23","ACOX2",1,6.61673412751464,7
"TMEM713","TMEM71",3,5.99345348799629,7
"HILPDA3","HILPDA",4,7.70288480952882,7
"HOXA53","HOXA5",2,6.01865598497092,7
"AC091231.23","AC091231.2",6,9.66458216815058,7
"LINC004613","LINC00461",5,6.61082440331721,7
"CCN43","CCN4",7,6.68391752167903,7
"AL589880.13","AL589880.1",4,5.34277093984422,7
"GBP1P13","GBP1P1",2,6.58898534408053,7
"ADORA13","ADORA1",3,6.83020750000986,7
"MKRN33","MKRN3",5,6.31462569890011,7
"RNU6-130P3","RNU6-130P",6,8.81024920896944,7
"GGTA1P3","GGTA1P",2,9.46976346664933,7
"RBP13","RBP1",3,7.56852751632331,7
"GPRIN13","GPRIN1",7,7.58275001927576,7
"SNHG183","SNHG18",3,6.18218488362682,7
"TRIM93","TRIM9",2,6.2021770498549,7
"SMPD33","SMPD3",1,7.84993286032205,7
"GAD13","GAD1",6,5.67917594520547,7
"AC018500.13","AC018500.1",6,10.9659596601998,7
"CCR13","CCR1",7,8.16059279309458,7
"ANKRD373","ANKRD37",4,6.54567359527536,7
"PPARG3","PPARG",3,5.07950806731067,7
"CPXM13","CPXM1",2,5.32536510015476,7
"NPPC3","NPPC",5,5.87459524323171,7
"AL391832.23","AL391832.2",4,6.87230333345974,7
"CRAT3","CRAT",4,8.33588508995877,7
"IQCA13","IQCA1",3,6.97268136495434,7
"NKX3-13","NKX3-1",3,5.91295969131111,7
"ASF1B3","ASF1B",7,7.51684963364809,7
"FAM234B3","FAM234B",4,7.28578155988613,7
"ITGA73","ITGA7",3,5.9632610093431,7
"AC010997.63","AC010997.6",6,7.21492696022336,7
"CALHM63","CALHM6",7,7.16792874162491,7
"MIR503HG3","MIR503HG",7,5.16050617147688,7
"NANOS13","NANOS1",3,6.16896723632863,7
"CD523","CD52",2,7.83613745016754,7
"TCN23","TCN2",5,5.34332902328979,7
"ADAMTS9-AS23","ADAMTS9-AS2",2,8.44836515632529,7
"RSPO13","RSPO1",2,7.72410713280797,7
"RNA5SP1873","RNA5SP187",6,9.84422343943621,7
"APOC13","APOC1",7,8.19732150674757,7
"AC069120.13","AC069120.1",1,7.97219020933601,7
"MAD2L13","MAD2L1",5,7.26722271986729,7
"TSPAN123","TSPAN12",5,7.00883197741394,7
"AC013652.13","AC013652.1",1,7.62906098548944,7
"PAX93","PAX9",1,7.90555731595599,7
"GPX73","GPX7",5,6.76726386297518,7
"AC004233.23","AC004233.2",7,5.83520435717062,7
"PAPPA3","PAPPA",2,5.7126231528133,7
"CKS23","CKS2",7,7.60713945955965,7
"LGR53","LGR5",7,6.18445062669024,7
"GFAP3","GFAP",3,7.03478759725355,7
"AC017071.13","AC017071.1",6,7.20722395034604,7
"ADORA33","ADORA3",3,5.18302566717615,7
"KLHL133","KLHL13",3,6.83123079118799,7
"NPTX13","NPTX1",1,6.26153129133359,7
"S1PR33","S1PR3",4,7.21601310518119,7
"TMEM176A3","TMEM176A",2,7.28257479256625,7
"NINJ23","NINJ2",5,6.17794009156095,7
"TCF153","TCF15",5,6.35903705550803,7
"VWDE3","VWDE",3,7.32112373289109,7
"WNT5B3","WNT5B",2,6.62224472306079,7
"CLDN143","CLDN14",4,8.21387910325273,7
"AC073869.13","AC073869.1",1,6.23637084145872,7
"CCDC263","CCDC26",2,5.5104278679495,7
"SLC27A63","SLC27A6",3,8.0525625132031,7
"PRUNE23","PRUNE2",2,5.25951071266411,7
"MT-TS23","MT-TS2",5,4.96748430482879,7
"PKIA3","PKIA",1,4.81040394703336,7
"GJA53","GJA5",7,6.55932117850488,7
"SNX223","SNX22",5,7.81500720435433,7
"HOXA43","HOXA4",2,6.64257542824089,7
"CCNB13","CCNB1",7,7.40014947031795,7
"SNAI23","SNAI2",5,5.57398279964441,7
"SLC2A123","SLC2A12",3,5.4841520333621,7
"SPOCK13","SPOCK1",5,5.59463225633363,7
"NELL23","NELL2",7,5.03687415031768,7
"MIR924HG3","MIR924HG",5,7.85852981020326,7
"IGF13","IGF1",2,10.6061588398577,7
"SAMD53","SAMD5",2,8.49092786929451,7
"MIR646HG3","MIR646HG",2,5.31849051269658,7
"CDKN2C3","CDKN2C",5,6.99559341354889,7
"PTGFR3","PTGFR",2,6.39170958072263,7
"HDAC93","HDAC9",7,5.54823379073464,7
"STEAP13","STEAP1",1,5.0165899242078,7
"MATN33","MATN3",3,7.21754622571355,7
"AL450345.23","AL450345.2",4,6.58960246728158,7
"AC104333.33","AC104333.3",2,5.35952751282391,7
"DOC2A3","DOC2A",1,8.0742029122118,7
"YBX23","YBX2",5,6.25380767637626,7
"NXPH33","NXPH3",1,9.33245811190064,7
"GTF2H2B3","GTF2H2B",6,7.44268797803674,7
"AL365181.33","AL365181.3",1,6.39019911487433,7
"OLFM13","OLFM1",1,5.11617721744881,7
"SNCAIP3","SNCAIP",2,5.79859522402921,7
"FXYD63","FXYD6",5,7.57964016752428,7
"NAPSB3","NAPSB",7,6.13967049175756,7
"ENO23","ENO2",1,6.1563687941929,7
"JPH23","JPH2",2,6.13747604947653,7
"PELI23","PELI2",2,7.21198750364652,7
"AC127526.53","AC127526.5",1,6.27984104523518,7
"AC239800.23","AC239800.2",3,7.44185115749023,7
"GIMAP73","GIMAP7",2,8.83220629200924,7
"ITPRID13","ITPRID1",3,7.27638811294242,7
"FOXA13","FOXA1",1,9.39680135771557,7
"SPAG53","SPAG5",7,7.26628025386037,7
"EML53","EML5",4,6.64692304233118,7
"AC130304.13","AC130304.1",6,7.36517431506055,7
"ORC13","ORC1",7,7.39103599899882,7
"AC068888.23","AC068888.2",6,8.12914540859962,7
"GTSE13","GTSE1",5,7.4649440657385,7
"GREB1L3","GREB1L",1,6.18592489205603,7
"ANKRD20A21P3","ANKRD20A21P",1,6.96951631418783,7
"HMGCLL13","HMGCLL1",3,6.03413479031369,7
"VSNL13","VSNL1",3,6.53449626225363,7
"NMB3","NMB",5,6.02190108910108,7
"HSH2D3","HSH2D",7,6.36087712377863,7
"CHST23","CHST2",3,5.56119171506214,7
"FANCA3","FANCA",5,6.63917984266865,7
"SPHK13","SPHK1",5,6.12618486559242,7
"IGKC3","IGKC",2,11.9772148855911,7
"ABCA93","ABCA9",2,8.86068509417941,7
"NRG23","NRG2",3,7.51219504798587,7
"FAP3","FAP",7,5.87879133209232,7
"CD693","CD69",2,8.17027023855828,7
"CNTD23","CNTD2",1,7.40798120602254,7
"ARL17B3","ARL17B",5,5.00360723605287,7
"RBP73","RBP7",1,5.91197713818478,7
"ITGAX3","ITGAX",7,7.75186728019063,7
"FAT33","FAT3",3,5.6712002526034,7
"GRAMD2A3","GRAMD2A",3,6.44460351550151,7
"EYA23","EYA2",3,7.41661567558468,7
"VGF3","VGF",5,7.75490775426452,7
"ATP8A23","ATP8A2",3,7.5382774685682,7
"GNAL3","GNAL",2,6.95333303115605,7
"DNM3OS3","DNM3OS",2,6.09683621670323,7
"C17orf773","C17orf77",4,6.96331355166264,7
"TRAF3IP33","TRAF3IP3",2,7.6387614765268,7
"TMPRSS53","TMPRSS5",5,7.05796238266095,7
"AJ009632.23","AJ009632.2",1,6.94522428783827,7
"COL8A13","COL8A1",7,5.32104608113814,7
"KLHDC93","KLHDC9",1,7.07253813300005,7
"TENM13","TENM1",2,6.70065614497257,7
"DNA23","DNA2",5,6.52120481945683,7
"MND13","MND1",7,7.34494983416331,7
"SMOC23","SMOC2",1,7.5398780375848,7
"CFAP433","CFAP43",1,8.5630672329871,7
"B4GALNT33","B4GALNT3",5,6.69152384713822,7
"MGAM23","MGAM2",2,7.89196833018557,7
"ZNF812P3","ZNF812P",4,6.35102168958592,7
"HSD11B23","HSD11B2",5,5.63559906317995,7
"FSCN13","FSCN1",5,6.8363464601298,7
"TRPM2-AS3","TRPM2-AS",1,5.73277314621607,7
"ECEL13","ECEL1",5,5.79946749451892,7
"ARHGAP153","ARHGAP15",2,6.77956155824675,7
"CPLX13","CPLX1",1,7.78958863949504,7
"FREM13","FREM1",2,6.82194446664508,7
"WDR623","WDR62",5,7.12055036766382,7
"SPATA183","SPATA18",2,5.7726598716701,7
"AP001496.43","AP001496.4",2,6.24330903403236,7
"ABCA103","ABCA10",2,9.38206711904941,7
"ZDHHC23","ZDHHC2",3,6.39890183001371,7
"SKP23","SKP2",5,6.00907050683235,7
"ZNF3673","ZNF367",7,7.0244495966398,7
"SPCS23","SPCS2",7,5.76660903421168,7
"APCDD13","APCDD1",2,8.0077818759635,7
"IL20RA3","IL20RA",1,6.71078837351604,7
"ATG9B3","ATG9B",5,6.64264530317447,7
"ACTA13","ACTA1",5,5.51578122514368,7
"KCNB13","KCNB1",5,6.55717502873696,7
"LINC009603","LINC00960",3,5.69829663813982,7
"ZNF4863","ZNF486",3,6.23707117773378,7
"GPAT33","GPAT3",7,5.30710694359774,7
"BAIAP33","BAIAP3",1,7.16772231918484,7
"SLC6A113","SLC6A11",5,6.25801085195312,7
"TNFRSF14-AS13","TNFRSF14-AS1",1,7.73361465261883,7
"PLAT3","PLAT",1,8.43521918520477,7
"ZMYND103","ZMYND10",1,9.46039315818502,7
"FOXC13","FOXC1",5,7.54817138888975,7
"GRHL33","GRHL3",7,5.63972492631826,7
"NEURL1B3","NEURL1B",7,6.00000438995,7
"SLAMF73","SLAMF7",2,8.90098375768515,7
"KNSTRN3","KNSTRN",4,7.11621280427538,7
"SNPH3","SNPH",3,5.96286371449087,7
"PRTG3","PRTG",1,7.22428256011708,7
"IL12RB23","IL12RB2",5,6.58595331355835,7
"AC004982.13","AC004982.1",1,7.47293321982673,7
"TMEM1393","TMEM139",5,5.85942787809154,7
"SLC16A93","SLC16A9",1,8.06729000523276,7
"FA2H3","FA2H",4,4.9391959551056,7
"AL161908.13","AL161908.1",1,8.94715587514916,7
"VAX23","VAX2",5,7.13805812752792,7
"MOCS13","MOCS1",2,4.81923953798532,7
"MEDAG3","MEDAG",2,6.38871915771862,7
"RFTN13","RFTN1",7,8.0067233358181,7
"CKMT1B3","CKMT1B",7,5.20147485291283,7
"DOC2B3","DOC2B",4,4.85791415936371,7
"SLC30A83","SLC30A8",1,4.87430664652025,7
"C1QTNF13","C1QTNF1",5,4.86194161797538,7
"AL009179.23","AL009179.2",3,6.290221788623,7
"SNORA123","SNORA12",1,6.0054496958028,7
"KLF153","KLF15",5,4.64747131240317,7
"LINC009583","LINC00958",2,5.70493615154808,7
"GFPT23","GFPT2",7,6.18151534949244,7
"RGMA3","RGMA",5,8.09287239403824,7
"C5AR23","C5AR2",1,8.75728254019061,7
"SLCO5A13","SLCO5A1",5,6.79447640831694,7
"MICU33","MICU3",2,7.78286780536181,7
"ACTL83","ACTL8",7,6.15260843545069,7
"PHPT13","PHPT1",1,5.10132633815212,7
"HBA23","HBA2",2,6.66494653535084,7
"TBC1D10C3","TBC1D10C",2,9.50242598036773,7
"LINC009643","LINC00964",5,6.85183172969911,7
"CARD63","CARD6",2,6.01754647092072,7
"FP565260.13","FP565260.1",7,5.30609775396233,7
"ANOS13","ANOS1",1,7.20736270350034,7
"CD8A3","CD8A",2,7.68845903531072,7
"CASC13","CASC1",1,8.11196074395151,7
"GJC13","GJC1",5,7.6700699230835,7
"AL732437.33","AL732437.3",5,6.02929465748373,7
"MIR222HG3","MIR222HG",2,6.99105948269058,7
"NAT8L3","NAT8L",5,7.52821394201625,7
"LINC012663","LINC01266",2,5.47041777489775,7
"PHC13","PHC1",3,5.93764397756227,7
"PCDHA103","PCDHA10",1,5.62881588184997,7
"RAB6B3","RAB6B",5,6.06570288890774,7
"NMU3","NMU",5,7.88835075739778,7
"TUSC83","TUSC8",3,5.7780161472129,7
"GJB33","GJB3",5,5.78615902986439,7
"AHNAK23","AHNAK2",5,5.81425000090692,7
"STC23","STC2",1,9.16220470958596,7
"COL5A13","COL5A1",7,6.48726585994506,7
"AMIGO23","AMIGO2",1,6.48335554070078,7
"NR2F13","NR2F1",2,6.16961112415358,7
"LINC005783","LINC00578",1,6.24828213313643,7
"EMSLR3","EMSLR",5,6.58367928934658,7
"CASQ13","CASQ1",1,4.94143664926474,7
"PTGS13","PTGS1",7,5.58260108244654,7
"IL17RB3","IL17RB",1,8.79210635943892,7
"AL109918.13","AL109918.1",5,6.28940990016387,7
"ANO53","ANO5",3,5.39019804657064,7
"FCGBP3","FCGBP",3,5.87425403598679,7
"SMPD43","SMPD4",1,5.91500381360556,7
"ADAMTS183","ADAMTS18",5,5.3593787452023,7
"TP53AIP13","TP53AIP1",1,6.63031654722672,7
"FABP63","FABP6",7,6.1185366911794,7
"FMOD3","FMOD",1,6.9376752628783,7
"ADAMTS53","ADAMTS5",2,7.98571753654788,7
"MTCO1P123","MTCO1P12",7,5.17329755532542,7
"AC005154.23","AC005154.2",6,8.1984162382782,7
"SUSD23","SUSD2",7,6.02788318444534,7
"DCDC13","DCDC1",1,8.71047551073791,7
"DCLK13","DCLK1",1,6.79100753961455,7
"HSPB63","HSPB6",2,7.78825624636501,7
"P2RY63","P2RY6",7,8.17638064146605,7
"CBR33","CBR3",7,7.31048396854144,7
"COL17A13","COL17A1",2,7.64866617058249,7
"PLIN53","PLIN5",1,7.31882030436179,7
"MIAT3","MIAT",2,6.84444906379167,7
"COX7A13","COX7A1",3,6.68655384830398,7
"ZNF6133","ZNF613",4,7.55175716502548,7
"AC108749.13","AC108749.1",4,6.22062487065589,7
"LOX3","LOX",5,5.30004148216461,7
"PIK3AP13","PIK3AP1",7,6.82631301259668,7
"PLK43","PLK4",5,6.56281977276744,7
"GLT8D23","GLT8D2",2,7.83975965775759,7
"COL28A13","COL28A1",5,4.92438282635432,7
"COLEC123","COLEC12",2,7.69677498338265,7
"HTRA33","HTRA3",2,6.38568591357404,7
"SPESP13","SPESP1",1,4.31690531186355,7
"CLEC4F3","CLEC4F",5,6.81633839581227,7
"DLL13","DLL1",2,5.78486264304931,7
"BMERB13","BMERB1",6,6.1420623796217,7
"CLDN233","CLDN23",5,6.52947361373934,7
"TDO23","TDO2",7,7.25264255754553,7
"PLEK3","PLEK",7,7.83599746917536,7
"RASL123","RASL12",2,6.52388922832462,7
"MIR210HG3","MIR210HG",7,5.22834093387106,7
"SOD33","SOD3",4,7.79356694300292,7
"IL2RB3","IL2RB",7,7.6044358972354,7
"RASSF93","RASSF9",2,5.30702748916743,7
"PCSK43","PCSK4",1,9.19103560853318,7
"FLRT33","FLRT3",1,6.38795758561063,7
"NGEF3","NGEF",5,6.3096960717848,7
"PLAUR3","PLAUR",7,8.66579254128596,7
"AC109326.13","AC109326.1",2,5.77961728464575,7
"AL365361.13","AL365361.1",2,8.86819724384365,7
"PLEKHF13","PLEKHF1",2,6.03677914283308,7
"AC025031.53","AC025031.5",6,7.97165311688142,7
"PPFIA43","PPFIA4",5,7.22067120888593,7
"SFRP23","SFRP2",2,6.36683733835644,7
"LINC003243","LINC00324",3,5.9118521263853,7
"CD533","CD53",2,7.02888955636942,7
"RAMP13","RAMP1",1,5.83694415911686,7
"DIPK1B3","DIPK1B",5,6.91037060328464,7
"TMEM92-AS13","TMEM92-AS1",4,6.85400889854898,7
"F73","F7",1,8.66560549127913,7
"GPRC5D-AS13","GPRC5D-AS1",5,5.26823179211076,7
"NALCN3","NALCN",2,7.24936204869913,7
"ANKS63","ANKS6",5,7.7297277102778,7
"MMP253","MMP25",1,6.32839208999096,7
"TFEC3","TFEC",7,7.02439056589259,7
"AL445223.13","AL445223.1",6,6.97278105365089,7
"FBXL163","FBXL16",7,4.87223345350558,7
"FAM92A1P23","FAM92A1P2",2,5.47747067256548,7
"GHR3","GHR",2,5.80337539907521,7
"HOXA33","HOXA3",3,5.38749967338003,7
"RNF144A3","RNF144A",5,7.18307457433015,7
"SCUBE13","SCUBE1",1,8.14140405889215,7
"THEMIS23","THEMIS2",7,8.3003735489481,7
"SHROOM13","SHROOM1",1,7.92852672191131,7
"AC093838.13","AC093838.1",1,9.18623524241336,7
"GNAI13","GNAI1",4,6.66017073741346,7
"DUSP93","DUSP9",5,6.63069706217033,7
"HNRNPA1P543","HNRNPA1P54",1,5.51439077043682,7
"CACHD13","CACHD1",2,7.045031738357,7
"PDGFD3","PDGFD",1,6.9198072352179,7
"TWIST13","TWIST1",2,6.37955658179755,7
"NTN13","NTN1",5,5.82505617595887,7
"TACC33","TACC3",7,7.16906855861991,7
"AC005831.13","AC005831.1",1,6.04189466510885,7
"FMO13","FMO1",2,8.69401688108093,7
"C3AR13","C3AR1",7,6.41503441490914,7
"WNK33","WNK3",5,6.59243851880589,7
"ANGPTL23","ANGPTL2",2,8.23035528336952,7
"RPL21P163","RPL21P16",6,12.2407410021334,7
"RBP53","RBP5",1,6.28531191091534,7
"KIF5C3","KIF5C",1,7.62389045187624,7
"PRELID3A3","PRELID3A",5,7.1098983481144,7
"CYTIP3","CYTIP",2,7.26614682656483,7
"KIAA17553","KIAA1755",5,7.57044429232177,7
"RNU2-64P3","RNU2-64P",6,9.82805642052148,7
"IGSF103","IGSF10",2,9.07168910266746,7
"AC037198.13","AC037198.1",2,5.50483923880627,7
"ENHO3","ENHO",5,6.76721842172593,7
"AL356417.23","AL356417.2",5,8.04135986242752,7
"CD273","CD27",2,8.31550515391049,7
"MARCHF33","MARCHF3",5,6.6034547837267,7
"ASPHD13","ASPHD1",7,6.45162742382497,7
"TGM53","TGM5",5,4.92740560994719,7
"LINC011163","LINC01116",1,6.37206624264742,7
"STRA63","STRA6",1,5.35160938531227,7
"FZD10-AS13","FZD10-AS1",2,7.96720288645129,7
"PAK33","PAK3",2,9.26031929974553,7
"Z95114.43","Z95114.4",4,7.37112085775715,7
"CA123","CA12",1,8.76137595791486,7
"PLAG13","PLAG1",5,5.74520620211675,7
"HLA-DOA3","HLA-DOA",2,6.92930668982095,7
"GINS43","GINS4",5,7.19557495051135,7
"JAML3","JAML",2,8.46003998645348,7
"DNAJC223","DNAJC22",1,8.11102594621162,7
"ANKRD20A5P3","ANKRD20A5P",1,6.98116442239537,7
"ZDHHC11B3","ZDHHC11B",1,6.30129408467914,7
"CA83","CA8",1,7.82359471177859,7
"MT-TC3","MT-TC",4,5.91510180846548,7
"PIK3C2G3","PIK3C2G",3,6.67060074449804,7
"SP63","SP6",3,5.61539242744253,7
"CCL213","CCL21",2,6.34609364111598,7
"KCNQ33","KCNQ3",5,5.13108714295509,7
"RN7SL359P3","RN7SL359P",1,8.42529735017687,7
"PDE1C3","PDE1C",2,7.25100479160103,7
"CIART3","CIART",5,7.28858772040475,7
"STAC23","STAC2",3,10.7185145988242,7
"NUP62CL3","NUP62CL",4,5.93640270196954,7
"XRCC23","XRCC2",5,7.49836419191783,7
"PTP4A33","PTP4A3",7,6.59948807103025,7
"FPR13","FPR1",7,7.6371764679694,7
"HLA-DOB3","HLA-DOB",7,6.69602352192537,7
"SCN3A3","SCN3A",2,7.55491398179651,7
"FABP53","FABP5",5,6.28917148424735,7
"DOCK33","DOCK3",5,5.97757240565898,7
"FADS13","FADS1",4,5.76962315594304,7
"ADRB13","ADRB1",1,5.56138311277499,7
"MCOLN23","MCOLN2",7,6.19920558720209,7
"PARVG3","PARVG",2,6.5229294063829,7
"SPP13","SPP1",7,8.11769925126573,7
"LINC008653","LINC00865",3,5.61828755010228,7
"AL844908.13","AL844908.1",7,5.98375147587965,7
"GALNTL63","GALNTL6",1,6.4677119747289,7
"CYGB3","CYGB",2,6.88162051824573,7
"AL078595.13","AL078595.1",6,12.8407171373863,7
"EDA2R3","EDA2R",2,6.26507159486064,7
"CAPN153","CAPN15",7,6.29328839692645,7
"NKD23","NKD2",2,6.88734603126515,7
"AL033384.13","AL033384.1",4,5.71069856437421,7
"ZNF6833","ZNF683",2,7.40909025448599,7
"GPR273","GPR27",1,6.8142922374938,7
"NDRG43","NDRG4",5,6.41542462252853,7
"SLC17A93","SLC17A9",1,5.33136288026641,7
"PDLIM43","PDLIM4",3,7.95572915015431,7
"H1-33","H1-3",1,5.833130602822,7
"SBSPON3","SBSPON",3,7.4308101144923,7
"GLIPR23","GLIPR2",7,6.02737705903847,7
"FAM78B3","FAM78B",7,5.65148253616412,7
"TBILA3","TBILA",1,8.00117807333292,7
"DYSF3","DYSF",7,5.95046901747186,7
"MAPK103","MAPK10",4,7.35978402674081,7
"HES23","HES2",1,6.13927429977097,7
"AC008780.13","AC008780.1",2,6.59602509299052,7
"SMIM10L2A3","SMIM10L2A",3,6.24682140750003,7
"SLC6A93","SLC6A9",7,7.22277612477074,7
"OLFML2B3","OLFML2B",1,6.22411738967397,7
"GALNT133","GALNT13",5,7.66325790092428,7
"LMOD13","LMOD1",2,7.40621947645052,7
"RNFT23","RNFT2",5,7.35166182115757,7
"LDB23","LDB2",2,9.18671051103631,7
"RASGEF1A3","RASGEF1A",7,6.35840169990209,7
"EPHB23","EPHB2",7,7.35139752805239,7
"GRIN2B3","GRIN2B",2,6.51336157514852,7
"SDS3","SDS",7,7.55042026485258,7
"AL591845.13","AL591845.1",1,7.17800311709282,7
"ITGB33","ITGB3",3,5.73546184220623,7
"ELF53","ELF5",2,8.37157718675446,7
"CD300LG3","CD300LG",2,7.21651341444318,7
"LMNTD2-AS13","LMNTD2-AS1",1,9.34159919399378,7
"MYOZ23","MYOZ2",4,7.44779543182157,7
"OSR13","OSR1",5,6.55212218924418,7
"AP001783.13","AP001783.1",5,7.39295800402324,7
"CALCRL3","CALCRL",2,6.26681318006186,7
"TRIM683","TRIM68",4,7.01122269594603,7
"MST1L3","MST1L",1,5.223320629842,7
"AP000769.13","AP000769.1",4,6.06964764492549,7
"CD1E3","CD1E",7,6.76282083953039,7
"CGAS3","CGAS",7,7.37895895386364,7
"SLC49A33","SLC49A3",4,7.13632849449827,7
"IKZF33","IKZF3",2,8.52934671852025,7
"KIF18A3","KIF18A",7,6.83011197750045,7
"IL10RA3","IL10RA",2,8.67927171810443,7
"APLN3","APLN",1,5.53791361803414,7
"RIPK33","RIPK3",2,5.60673123210991,7
"HAND23","HAND2",5,5.89651080676001,7
"ACAN3","ACAN",5,6.95540096487406,7
"EPB41L33","EPB41L3",4,5.85531778312871,7
"ME33","ME3",1,6.97384526345722,7
"CD863","CD86",7,7.09679744240232,7
"PI4KA3","PI4KA",3,5.87002109715946,7
"CACNA2D13","CACNA2D1",2,6.45782997373709,7
"CKB3","CKB",5,5.94276956123659,7
"AWAT23","AWAT2",4,6.78485787995373,7
"FAM106A3","FAM106A",1,5.35094218213142,7
"NCAN3","NCAN",5,7.44205870512511,7
"AF131215.43","AF131215.4",2,6.99788849174885,7
"C19orf183","C19orf18",4,6.25577743214524,7
"MANEAL3","MANEAL",7,6.15286872980559,7
"GSEC3","GSEC",5,6.93041442533544,7
"ZSCAN233","ZSCAN23",1,5.83408702316841,7
"CYTOR3","CYTOR",3,7.48948108670168,7
"FHOD33","FHOD3",2,7.30267358702819,7
"PLEKHG13","PLEKHG1",5,5.82086577345069,7
"FBXO173","FBXO17",5,7.74101136631969,7
"ALOX5AP3","ALOX5AP",7,7.59955451865525,7
"TM4SF1-AS13","TM4SF1-AS1",4,5.79807317810312,7
"HEPH3","HEPH",3,5.45254064294611,7
"LAMA23","LAMA2",2,6.90162668759715,7
"PLIN43","PLIN4",2,4.93414685289923,7
"FGD53","FGD5",2,5.84364646177893,7
"ABCA63","ABCA6",2,9.87869435801916,7
"APOL33","APOL3",2,7.38251467636058,7
"LYPD13","LYPD1",7,5.69295060427766,7
"ZNF2143","ZNF214",1,7.02619047935621,7
"LINC006493","LINC00649",1,5.59673238178237,7
"XYLT13","XYLT1",2,6.32199917764491,7
"ALPL3","ALPL",2,5.87629299088328,7
"TF3","TF",2,6.19430167272241,7
"PNMA6A3","PNMA6A",5,7.41754048294634,7
"APCDD1L-DT3","APCDD1L-DT",6,6.10138531408719,7
"MMP153","MMP15",5,6.09928028779018,7
"AL670729.33","AL670729.3",1,4.65140203447965,7
"AC092078.33","AC092078.3",4,7.2330753678983,7
"LRRN23","LRRN2",5,6.66890674287757,7
"TMEM229B3","TMEM229B",1,7.07127571775585,7
"ARHGEF43","ARHGEF4",5,6.65437748215551,7
"TGFA3","TGFA",2,7.10124700272994,7
"ST3GAL43","ST3GAL4",5,6.99702832987832,7
"ZDHHC113","ZDHHC11",1,6.95665704279037,7
"SCD53","SCD5",3,7.95982545501646,7
"DUSP23","DUSP2",3,7.44469438023186,7
"SYT173","SYT17",1,8.96219508089937,7
"PLA2G4A3","PLA2G4A",3,6.15601721245491,7
"DRC33","DRC3",1,8.47371830014615,7
"CLDN113","CLDN11",2,7.24662488608306,7
"CD343","CD34",2,8.03357032886075,7
"TMEM59L3","TMEM59L",1,6.52943050547071,7
"TMEM200B3","TMEM200B",1,5.15752091562409,7
"LINC012393","LINC01239",5,5.17699430125293,7
"BTBD113","BTBD11",2,6.10489293967813,7
"CLNK3","CLNK",2,6.2015327811427,7
"KLHDC8A3","KLHDC8A",5,7.75279325091137,7
"ZNF385C3","ZNF385C",5,6.20531178992202,7
"TFPI4","TFPI",2,7.32088757158531,7
"CLEC5A3","CLEC5A",7,8.19471222748503,7
"TNF3","TNF",7,6.41630292027901,7
"NOD23","NOD2",7,6.44441190115664,7
"PMAIP13","PMAIP1",7,6.15350490335517,7
"HPDL3","HPDL",5,6.22337636661515,7
"CELSR33","CELSR3",7,5.75942703539128,7
"BLACAT13","BLACAT1",5,7.00534118887879,7
"KANSL1-AS13","KANSL1-AS1",4,5.41813098819644,7
"TPPP4","TPPP",1,5.8697221106424,7
"KCNH23","KCNH2",5,5.87109265147716,7
"HEY13","HEY1",5,5.87226491514227,7
"TMEM403","TMEM40",7,5.78732842884364,7
"AL031595.23","AL031595.2",2,5.9439793512573,7
"AC095057.43","AC095057.4",1,7.17675217634481,7
"ADAMTS163","ADAMTS16",5,6.86142179940407,7
"AC124798.13","AC124798.1",5,4.82910690428253,7
"PRKCB3","PRKCB",2,7.46817178987275,7
"ENTPD83","ENTPD8",1,7.45866481538397,7
"DEGS23","DEGS2",1,9.07829643457612,7
"SVEP13","SVEP1",2,7.37565521602776,7
"AC096589.23","AC096589.2",1,7.24393285241341,7
"CDKN2D3","CDKN2D",7,6.85510939629737,7
"APOLD13","APOLD1",5,5.87631751130826,7
"SLAMF83","SLAMF8",7,8.56676642990716,7
"CASP17P3","CASP17P",2,8.48713455987426,7
"WT13","WT1",1,5.013872909257,7
"AF131215.63","AF131215.6",3,6.78845731930802,7
"NYNRIN3","NYNRIN",5,6.5832250277772,7
"KDELR33","KDELR3",7,7.15683297667451,7
"GPT3","GPT",5,6.07613558411109,7
"CLCN43","CLCN4",5,5.96424570065908,7
"SCIN3","SCIN",1,5.05252117952962,7
"AL731571.13","AL731571.1",2,6.81789751603328,7
"LINC025323","LINC02532",7,4.95860136657344,7
"CIT3","CIT",5,6.89759057277566,7
"DNAH73","DNAH7",1,8.77371226617533,7
"PTPRM3","PTPRM",4,6.53371461239067,7
"P2RY133","P2RY13",2,6.53226510425455,7
"DDIAS3","DDIAS",5,6.54503219628688,7
"MAMLD13","MAMLD1",5,6.58425674830572,7
"TMEM45A3","TMEM45A",3,5.87364214001719,7
"ANPEP3","ANPEP",3,9.38022019348167,7
"G6PD3","G6PD",4,8.32830702498956,7
"FGF13","FGF1",2,7.14769929590259,7
"F2RL13","F2RL1",4,5.94531977593128,7
"SERP23","SERP2",1,6.57187735541245,7
"CPNE53","CPNE5",2,5.51709253523966,7
"FBXO273","FBXO27",5,6.05282469935791,7
"CD383","CD38",2,7.56234105314234,7
"CD3D3","CD3D",2,7.72525210132503,7
"TFAP2B3","TFAP2B",4,6.81434156000441,7
"PTPRS3","PTPRS",4,6.16234859715173,7
"AC020656.23","AC020656.2",1,6.47025987658594,7
"CCDC144B3","CCDC144B",1,5.79578801044756,7
"LIPG3","LIPG",3,5.69951856629296,7
"MAPK43","MAPK4",5,6.28151392545315,7
"SLC16A143","SLC16A14",1,6.60492076007879,7
"GNAZ3","GNAZ",5,7.12136954501799,7
"DNAAF33","DNAAF3",1,8.58698841780682,7
"SNED13","SNED1",2,5.85676297269392,7
"ACE3","ACE",4,5.28281304487513,7
"AL133330.13","AL133330.1",6,6.28465384560317,7
"OXGR13","OXGR1",5,6.78421512332644,7
"CDC14A3","CDC14A",3,5.63532329676353,7
"AC103702.13","AC103702.1",1,6.02249627784179,7
"TMPRSS93","TMPRSS9",4,6.73310539181049,7
"HSPB23","HSPB2",3,6.83095179316434,7
"LSP13","LSP1",2,8.42199984163867,7
"SLC4A83","SLC4A8",1,8.21182614012562,7
"GZMB3","GZMB",7,9.09993787157142,7
"PIP5K1B3","PIP5K1B",2,6.44661030817724,7
"LAG33","LAG3",7,7.13511970206889,7
"A4GALT3","A4GALT",7,4.91340719525785,7
"GPR373","GPR37",3,5.74307502276915,7
"RC3H1-IT13","RC3H1-IT1",6,8.30273289671188,7
"PTPRU3","PTPRU",7,5.5494860566469,7
"ARSJ3","ARSJ",3,6.68468199838529,7
"FAM222A3","FAM222A",4,7.08820717192088,7
"CDYL23","CDYL2",1,8.2479091629283,7
"MTCL13","MTCL1",1,6.045613707537,7
"FIRRE3","FIRRE",2,5.88420428518663,7
"F2RL23","F2RL2",1,5.91656871399327,7
"ITPRIPL13","ITPRIPL1",2,7.23958316990832,7
"IRF83","IRF8",7,7.15277988156258,7
"GLIS33","GLIS3",7,5.63256968288861,7
"SERPINE23","SERPINE2",5,6.74567618751595,7
"PCAT63","PCAT6",5,6.9371728258971,7
"SLC6A163","SLC6A16",5,6.20564145566537,7
"SLC6A153","SLC6A15",5,5.49400936072663,7
"AP001057.13","AP001057.1",4,6.09318973478869,7
"GLP1R3","GLP1R",3,7.8327204531281,7
"ACSS33","ACSS3",4,7.68024896029352,7
"SLC2A33","SLC2A3",2,7.00341653184727,7
"LINC001733","LINC00173",1,6.03583960257129,7
"PTPRN23","PTPRN2",1,5.69950189024958,7
"ATP2B23","ATP2B2",7,4.78762369541343,7
"AQP73","AQP7",4,7.16474561857185,7
"POM121C3","POM121C",5,5.35923781853901,7
"AL139383.13","AL139383.1",1,5.97786250714121,7
"LINC013153","LINC01315",7,6.22887239386915,7
"MB3","MB",4,6.94169462205458,7
"SUSD43","SUSD4",3,5.4248113301611,7
"CADPS3","CADPS",2,5.88798387096865,7
"AC011287.13","AC011287.1",3,4.85549644183306,7
"LINC016193","LINC01619",1,6.65314016971138,7
"AL021328.13","AL021328.1",3,5.90939564777687,7
"ITGBL13","ITGBL1",3,5.62264526083649,7
"AC107294.23","AC107294.2",5,6.38491116853259,7
"MEG83","MEG8",2,7.96769618989734,7
"TYMSOS3","TYMSOS",5,6.42653564166398,7
"ARHGAP27P1-BPTFP1-KPNA2P33","ARHGAP27P1-BPTFP1-KPNA2P3",3,5.9147403895861,7
"RSPH13","RSPH1",1,7.81000581863454,7
"AC092851.13","AC092851.1",2,5.2448057915066,7
"ARNT23","ARNT2",5,5.31486763287717,7
"TCF193","TCF19",5,6.49936697653618,7
"LINC009873","LINC00987",5,5.4872223002097,7
"EGFL73","EGFL7",4,5.42343963652221,7
"HMGB33","HMGB3",7,8.06049000840345,7
"NDUFB4P113","NDUFB4P11",5,5.66284709397294,7
"JPH43","JPH4",1,6.46282822297276,7
"JAM23","JAM2",2,7.90949770271704,7
"MS4A4A3","MS4A4A",2,6.97720078278689,7
"INHBA3","INHBA",7,6.97167156788224,7
"DNAH23","DNAH2",5,5.95214139687282,7
"AL049840.53","AL049840.5",6,8.56169508448454,7
"AC116348.33","AC116348.3",1,4.78550952764517,7
"KDR3","KDR",2,4.94170295440369,7
"SCG53","SCG5",1,5.42743967695899,7
"RUNX1T13","RUNX1T1",2,8.58510591803241,7
"BCR3","BCR",5,5.38464329328927,7
"RGS163","RGS16",7,7.08061153391236,7
"LCK3","LCK",2,7.86662074624729,7
"HEXA-AS13","HEXA-AS1",4,6.90285531252942,7
"AC080013.13","AC080013.1",3,7.15267010133222,7
"STUM3","STUM",2,5.57930545059573,7
"LMO23","LMO2",2,7.42039921818724,7
"IL15RA3","IL15RA",7,7.05879143179278,7
"ADAMTS43","ADAMTS4",7,6.32986238851108,7
"GPR343","GPR34",2,6.26825091206679,7
"CFAP1573","CFAP157",1,8.86771353768609,7
"CENPK3","CENPK",7,6.75730847436315,7
"NSUN5P13","NSUN5P1",3,5.93122722841403,7
"FNDC43","FNDC4",3,7.00343858073113,7
"SLC35F23","SLC35F2",5,6.37407102214668,7
"CRADD3","CRADD",4,7.60835861000071,7
"CSF13","CSF1",7,6.37007974049644,7
"EGFLAM3","EGFLAM",1,5.91673583856273,7
"PLVAP3","PLVAP",7,5.0340856518141,7
"SCARNA93","SCARNA9",2,5.82828359401719,7
"EBF43","EBF4",1,7.35040877071392,7
"ADM23","ADM2",7,6.63097934026452,7
"FRAS13","FRAS1",3,5.43863782868544,7
"AL354836.13","AL354836.1",1,6.35066223625972,7
"UBE2M3","UBE2M",1,5.17712206584461,7
"ADGRA23","ADGRA2",2,8.7789250099922,7
"ITIH63","ITIH6",1,7.56706008711813,7
"PTCH23","PTCH2",2,6.08598170569174,7
"CD833","CD83",7,6.78287116851299,7
"AC110285.23","AC110285.2",1,7.49693835802704,7
"AC004130.23","AC004130.2",3,7.7468015989683,7
"PLIN23","PLIN2",7,6.10928928293077,7
"ASTN23","ASTN2",1,7.55585197457586,7
"TNFRSF13C3","TNFRSF13C",5,6.38360924928628,7
"RNF393","RNF39",2,5.00868657407144,7
"DSCAM-AS13","DSCAM-AS1",1,6.64167010610336,7
"PAQR83","PAQR8",5,5.60742247919517,7
"BLM3","BLM",5,7.53024321405212,7
"MYLK33","MYLK3",4,5.01893557716105,7
"H2AC203","H2AC20",5,5.48919022034586,7
"AL450306.13","AL450306.1",6,8.91005374805426,7
"FBLN23","FBLN2",5,6.54509287920469,7
"HSD17B63","HSD17B6",7,5.62411745493435,7
"LZTS13","LZTS1",2,6.62026344600262,7
"SAMMSON3","SAMMSON",4,5.79821498173379,7
"FGF93","FGF9",5,6.07674995750236,7
"CCDC83","CCDC8",2,7.12073513136187,7
"FZD43","FZD4",4,6.73926505039854,7
"ADGRL43","ADGRL4",2,6.10377046352287,7
"PANK13","PANK1",5,6.78254214725767,7
"FAM155A3","FAM155A",1,5.58224621096559,7
"FAM171B3","FAM171B",3,6.21669237928601,7
"WASF13","WASF1",5,5.89894129765657,7
"AL021392.13","AL021392.1",1,8.92515462284267,7
"MYRFL3","MYRFL",4,6.37928876545611,7
"VGLL33","VGLL3",2,7.37437469588303,7
"ADGRF53","ADGRF5",2,6.26782505120232,7
"SLC16A53","SLC16A5",1,5.54464435092697,7
"IFITM23","IFITM2",3,7.00276279186138,7
"TRPV63","TRPV6",4,7.30233578955918,7
"SLC45A33","SLC45A3",5,7.2117762661727,7
"AC099541.23","AC099541.2",5,5.62833784385224,7
"IRAK33","IRAK3",2,6.19938405222768,7
"TMPRSS23","TMPRSS2",3,6.23420134469935,7
"B3GNT53","B3GNT5",7,6.32627954496091,7
"LRP1B3","LRP1B",3,7.50957672818515,7
"LINC013593","LINC01359",2,6.45964576851776,7
"LINC003933","LINC00393",5,7.80474234563936,7
"PROX13","PROX1",3,4.67363176149884,7
"MYZAP3","MYZAP",3,6.49245726392031,7
"IL1R23","IL1R2",5,5.72152321212327,7
"TNS43","TNS4",1,6.45570075854942,7
"SLFN113","SLFN11",2,7.08709729244208,7
"RN7SL653P3","RN7SL653P",2,7.70975614927744,7
"RADIL3","RADIL",5,4.82228360137659,7
"LINC010163","LINC01016",1,7.51177258747053,7
"PCSK63","PCSK6",1,6.56350707316678,7
"AKR1B103","AKR1B10",7,6.1182770605702,7
"HAS23","HAS2",2,6.22257361988749,7
"SULT1E13","SULT1E1",3,6.22346882992998,7
"HMCN13","HMCN1",2,6.90649540316595,7
"AC007681.13","AC007681.1",6,4.88185884319754,7
"LINC009393","LINC00939",1,5.77525736699362,7
"TDRD63","TDRD6",5,5.85682272561198,7
"H3C63","H3C6",4,6.30711985734647,7
"FAM83B3","FAM83B",5,6.09318181494717,7
"VEPH13","VEPH1",5,5.05509638600008,7
"RIC33","RIC3",3,6.64373766055498,7
"UGT2B103","UGT2B10",4,8.60213344350491,7
"PLCH13","PLCH1",5,6.39197538868492,7
"CTTNBP23","CTTNBP2",1,6.23063033131012,7
"ARHGEF38-IT13","ARHGEF38-IT1",4,5.59486263855242,7
"TRPV43","TRPV4",5,5.5062532371591,7
"PRRT3-AS13","PRRT3-AS1",5,5.70026369013322,7
"BST23","BST2",7,7.85265861443676,7
"SMOX3","SMOX",5,7.17601077165818,7
"P3H23","P3H2",2,6.21163192306935,7
"SMAD93","SMAD9",2,7.03713210135162,7
"CNTN33","CNTN3",2,5.55662123991342,7
"KDM7A-DT3","KDM7A-DT",4,6.20907067178967,7
"GSC3","GSC",1,7.5800771193109,7
"GNA143","GNA14",1,6.37056155816416,7
"CCDC33","CCDC3",2,7.04868996495271,7
"NAP1L23","NAP1L2",3,6.36459976661972,7
"PLXNA43","PLXNA4",1,4.79901170097278,7
"HACD13","HACD1",5,6.13960441006898,7
"ESAM3","ESAM",2,6.31304346996029,7
"SNTB13","SNTB1",2,6.00077674910058,7
"AC006160.13","AC006160.1",6,8.18454537409506,7
"TNFRSF11A3","TNFRSF11A",3,6.10368723568094,7
"AC127024.83","AC127024.8",6,8.09054804597008,7
"AC025034.13","AC025034.1",1,6.01338677705699,7
"C2CD4D3","C2CD4D",5,6.70635803186392,7
"GPR1833","GPR183",2,6.40922839049679,7
"SNHG263","SNHG26",3,7.28040859661863,7
"ZNF6713","ZNF671",1,7.06617410402126,7
"LTBP13","LTBP1",7,7.18645529208691,7
"PNMA8A3","PNMA8A",5,6.910627094267,7
"AL590560.33","AL590560.3",1,5.83855676518185,7
"TLR33","TLR3",2,6.08266977179941,7
"SAE13","SAE1",5,5.83276047173675,7
"KCNS33","KCNS3",7,5.27726314494864,7
"CCDC153","CCDC15",4,7.32193366511922,7
"DUSP153","DUSP15",1,7.98184025487443,7
"GINS23","GINS2",7,6.0576077691165,7
"MRGPRF3","MRGPRF",2,7.14031819395108,7
"PLD53","PLD5",2,5.82724011317856,7
"TMPRSS43","TMPRSS4",1,5.53468777137027,7
"SLAIN13","SLAIN1",5,5.36986353248282,7
"ST8SIA23","ST8SIA2",3,5.30524340759804,7
"ABCD13","ABCD1",7,6.61176877115259,7
"NUPR23","NUPR2",1,5.99699630851732,7
"PRKCA3","PRKCA",2,4.9012733512632,7
"CCL223","CCL22",2,6.955185038615,7
"WASHC13","WASHC1",1,5.52027972476773,7
"SNORA753","SNORA75",6,9.42272185812906,7
"CHEK23","CHEK2",5,5.82115708922875,7
"AC021504.13","AC021504.1",5,6.44695530158817,7
"DPP43","DPP4",3,6.15173939983437,7
"AL031282.13","AL031282.1",6,10.6451833746114,7
"PSMB8-AS13","PSMB8-AS1",7,7.1143244698614,7
"RCAN23","RCAN2",2,5.22295508897297,7
"RYR13","RYR1",5,6.30344546277319,7
"CBFA2T33","CBFA2T3",1,5.86403430258406,7
"PCLAF3","PCLAF",7,7.01682789273069,7
"TEAD43","TEAD4",7,7.10998351665683,7
"RBM113","RBM11",3,6.73875231570123,7
"AL078622.13","AL078622.1",1,5.81175547388059,7
"TPTEP13","TPTEP1",3,5.36518513566042,7
"C3orf703","C3orf70",2,5.78022199710162,7
"TLR23","TLR2",3,7.69414359682105,7
"NTRK23","NTRK2",3,8.03725058684036,7
"SLC2A63","SLC2A6",7,7.33586710025847,7
"GIMAP23","GIMAP2",7,6.67697812537451,7
"AC074141.13","AC074141.1",4,6.29212242843703,7
"SOX53","SOX5",2,6.98683348219964,7
"MCOLN33","MCOLN3",1,5.70992302692314,7
"ACKR33","ACKR3",7,5.00520260016604,7
"AC078799.13","AC078799.1",6,8.41452566033057,7
"BAIAP2L23","BAIAP2L2",5,6.21868735310741,7
"ETV13","ETV1",3,6.56302071852844,7
"RNU6-482P3","RNU6-482P",6,8.05947131125163,7
"CD163L13","CD163L1",4,5.53622313405319,7
"ENTPD33","ENTPD3",1,5.31485965964354,7
"AL355377.33","AL355377.3",7,4.7517556109674,7
"CCKBR3","CCKBR",5,8.2882678323616,7
"IQCN3","IQCN",1,6.3166610938901,7
"ADAMTS123","ADAMTS12",5,5.71103335505766,7
"CAND23","CAND2",5,5.95677320029889,7
"LRRIQ13","LRRIQ1",6,6.30491647306461,7
"LINC025623","LINC02562",3,4.75489862337731,7
"ALOX53","ALOX5",3,8.31870637344113,7
"BPIFB13","BPIFB1",1,5.48017779864333,7
"FAM207A3","FAM207A",7,5.54964350564604,7
"RGS113","RGS11",1,7.03121245962667,7
"TLCD13","TLCD1",7,6.61283415427926,7
"LRRK23","LRRK2",2,6.05784600605137,7
"ARHGAP283","ARHGAP28",2,6.37381630548143,7
"NRP23","NRP2",1,5.18245505287682,7
"LINC010603","LINC01060",2,6.21162896458506,7
"CCL283","CCL28",3,8.0657550687903,7
"SEMA5A3","SEMA5A",2,7.7706037579055,7
"SYT63","SYT6",4,6.21954695580665,7
"RUNX23","RUNX2",3,5.19655441256684,7
"KATNAL23","KATNAL2",5,6.29213727371788,7
"SNX203","SNX20",7,7.09959868294695,7
"TNFSF153","TNFSF15",2,6.03276900943926,7
"ZNF280B3","ZNF280B",7,5.52589925914335,7
"RARRES23","RARRES2",2,7.60228619092248,7
"LILRB53","LILRB5",2,6.57699208313515,7
"HPN3","HPN",4,6.3518785044962,7
"CCDC1683","CCDC168",2,5.74681654993194,7
"UBASH3B3","UBASH3B",3,5.93717773174462,7
"NPB3","NPB",7,5.79142820811088,7
"HSD3BP23","HSD3BP2",4,8.07509749912638,7
"MFAP3L3","MFAP3L",5,6.51422733749017,7
"LRMDA3","LRMDA",7,5.29148540671862,7
"ZIK13","ZIK1",1,4.94675113969672,7
"DHCR73","DHCR7",5,6.95346091021286,7
"NEGR13","NEGR1",2,7.17216178237542,7
"PGF3","PGF",2,6.84645616241778,7
"CDON3","CDON",1,8.82187172172769,7
"CXCL63","CXCL6",2,4.77256271114414,7
"CARD163","CARD16",2,8.00342992759409,7
"RHOJ3","RHOJ",2,8.34080851185565,7
"NLRP133","NLRP13",4,6.11181480262523,7
"MPP23","MPP2",1,7.28912718139497,7
"LINC019773","LINC01977",1,6.54587494328477,7
"ZNF4833","ZNF483",1,6.82805130788891,7
"CCDC1363","CCDC136",1,6.37055643225898,7
"RASGRF13","RASGRF1",4,5.73393978206397,7
"MMEL13","MMEL1",1,8.31624943956795,7
"CNTNAP33","CNTNAP3",3,6.15256684423223,7
"ARHGEF393","ARHGEF39",7,6.17471665157871,7
"XG3","XG",5,6.0138606813001,7
"TSKU3","TSKU",4,8.22426931104875,7
"MS4A143","MS4A14",1,6.0050828832274,7
"PITPNM23","PITPNM2",5,6.36940477372225,7
"C2orf27A3","C2orf27A",1,7.7440657133641,7
"ADAMTS23","ADAMTS2",2,5.54656876146948,7
"MYCL3","MYCL",7,5.97928799170127,7
"LILRB23","LILRB2",7,7.62782928254984,7
"LINC015243","LINC01524",1,5.73935025159473,7
"MSI13","MSI1",5,6.63348794835396,7
"ELAVL43","ELAVL4",2,5.37473197637994,7
"AC027031.23","AC027031.2",5,6.61287048677468,7
"XKR93","XKR9",5,6.30570954305191,7
"LRP43","LRP4",2,5.60681677950844,7
"AC106795.13","AC106795.1",7,5.45009452469064,7
"IGFBP63","IGFBP6",2,8.78438938470742,7
"MS4A183","MS4A18",4,8.00289225143603,7
"FAM124A3","FAM124A",5,5.92680424762944,7
"RDH103","RDH10",7,7.31243544844645,7
"AF131215.23","AF131215.2",6,7.69986324122533,7
"FBLN73","FBLN7",2,4.97349243405736,7
"RASSF23","RASSF2",2,6.28792080318181,7
"RAD54B3","RAD54B",5,6.78040089405654,7
"CIB23","CIB2",5,6.07604835917009,7
"DAPL13","DAPL1",1,6.33868917326245,7
"PDGFRA3","PDGFRA",3,6.93899160240975,7
"IDNK3","IDNK",4,5.42930103533846,7
"OVOL13","OVOL1",1,5.88912820302766,7
"ID33","ID3",7,6.49852335802782,7
"HMGN2P463","HMGN2P46",1,8.36276150449681,7
"IL153","IL15",7,7.07440774406685,7
"KIF193","KIF19",5,5.42538544165329,7
"MERTK3","MERTK",2,7.08253313229351,7
"INPP4B3","INPP4B",1,7.69303641769972,7
"SMAD63","SMAD6",5,6.38021306354313,7
"NR2F1-AS13","NR2F1-AS1",2,5.3176109796708,7
"GRIN2D3","GRIN2D",7,6.63137216806074,7
"ZNF7273","ZNF727",1,4.77503473959988,7
"AC096733.33","AC096733.3",1,6.98735082372471,7
"ASRGL13","ASRGL1",7,5.62714365732218,7
"AC096589.13","AC096589.1",1,6.23146610455161,7
"SLC1A23","SLC1A2",1,7.19376886961527,7
"NPL3","NPL",7,5.67699725100603,7
"MTND2P283","MTND2P28",5,5.74284058776477,7
"SASH33","SASH3",2,7.67116530795966,7
"ANXA2R3","ANXA2R",7,6.32027155668862,7
"AC104237.33","AC104237.3",2,7.49684563694196,7
"CACNB23","CACNB2",2,5.39422439453283,7
"THSD7A3","THSD7A",2,5.4936901700565,7
"SYTL43","SYTL4",1,8.62266536683087,7
"CCDC683","CCDC68",1,5.09161766278232,7
"UBA73","UBA7",1,6.65352343363216,7
"VANGL23","VANGL2",5,6.48208566239179,7
"AC090877.23","AC090877.2",4,7.45843947370948,7
"FAH3","FAH",4,7.98553236365747,7
"RNY13","RNY1",5,5.0057464963713,7
"NCF43","NCF4",7,6.87849509806283,7
"GABRB13","GABRB1",2,5.2449933396968,7
"AC021443.13","AC021443.1",6,5.37640698811438,7
"RAPGEF33","RAPGEF3",1,7.47838450825188,7
"AC015813.13","AC015813.1",6,6.93502828163374,7
"FOXP1-IT13","FOXP1-IT1",1,5.7761222578287,7
"CD3G3","CD3G",2,7.77961927611021,7
"RIPOR23","RIPOR2",2,7.00487722919192,7
"ALDH1L23","ALDH1L2",5,5.87013440721307,7
"PRKD13","PRKD1",3,7.31215767159819,7
"GPR137C3","GPR137C",5,5.8268098636625,7
"SLC4A113","SLC4A11",4,5.75355579159878,7
"ESCO23","ESCO2",7,6.57597985976582,7
"AL353622.13","AL353622.1",1,6.3393531358413,7
"CATSPERB3","CATSPERB",3,6.68533730880623,7
"DIRAS13","DIRAS1",5,7.526527342623,7
"FER1L43","FER1L4",1,5.94572562811451,7
"AKAP53","AKAP5",1,8.55063490619535,7
"AL354707.13","AL354707.1",4,6.67949530451997,7
"NFATC13","NFATC1",5,5.737479706836,7
"SNAI13","SNAI1",7,7.73234850843147,7
"ETNK23","ETNK2",4,6.29571111685689,7
"TIGIT3","TIGIT",7,7.6468539872251,7
"AC008556.13","AC008556.1",1,6.31266344425163,7
"PREX23","PREX2",2,8.93131782974758,7
"CD403","CD40",2,7.37608854605631,7
"NPNT3","NPNT",4,6.96900581673707,7
"BGN3","BGN",7,5.78309497889899,7
"FOXP23","FOXP2",2,7.12373972581312,7
"GPR1433","GPR143",7,5.62715287143153,7
"TTC343","TTC34",1,7.28430824364712,7
"AC016957.23","AC016957.2",1,6.39506362111692,7
"MT-TL23","MT-TL2",7,4.90361689838687,7
"LYPD53","LYPD5",5,6.32470242348706,7
"MYO1H3","MYO1H",5,5.8977021919803,7
"GPR1733","GPR173",5,5.68142995317489,7
"MTND3P123","MTND3P12",6,7.04760924823105,7
"AL449403.33","AL449403.3",2,7.84089184600045,7
"MSL3P13","MSL3P1",5,6.42505990020745,7
"ELOVL43","ELOVL4",5,7.28345114980745,7
"SERPINI13","SERPINI1",1,6.81141354196085,7
"ADAMTS33","ADAMTS3",5,5.32556762468285,7
"GLI23","GLI2",6,6.06207981406653,7
"NEXMIF3","NEXMIF",6,4.91483533452996,7
"HMGA1P43","HMGA1P4",1,6.42115527596227,7
"AL022323.33","AL022323.3",2,6.08353828669421,7
"FAM180A3","FAM180A",5,5.35959933040016,7
"SLC4A43","SLC4A4",6,5.74392010366578,7
"EFNB33","EFNB3",3,6.13022959309146,7
"STIL3","STIL",7,6.69380468621649,7
"SPC253","SPC25",5,7.39483552739308,7
"BPI3","BPI",5,8.24291550540429,7
"CPS13","CPS1",1,5.44442005830709,7
"CDH123","CDH12",1,5.25284556399875,7
"PURPL3","PURPL",6,6.39543677549327,7
"C1orf613","C1orf61",5,6.35867448197359,7
"ADAM193","ADAM19",7,7.16320054306438,7
"FAM110B3","FAM110B",1,7.08560672427511,7
"RNU6-958P3","RNU6-958P",6,9.56617682872195,7
"C1orf1123","C1orf112",7,6.55170874294059,7
"POU3F23","POU3F2",5,5.56111451859639,7
"P3H33","P3H3",1,6.47311446186452,7
"RNF1503","RNF150",2,6.77066423348793,7
"DANT23","DANT2",2,5.99239537240381,7
"GYG23","GYG2",7,5.52772034308747,7
"MATN43","MATN4",5,7.23798223779937,7
"AP001062.13","AP001062.1",5,5.84086878408538,7
"CYP27B13","CYP27B1",3,6.77352353838058,7
"PXDNL3","PXDNL",5,6.60190995631437,7
"H3C83","H3C8",4,6.158674482283,7
"RNY1P163","RNY1P16",1,6.25155218746146,7
"FCGR3A3","FCGR3A",7,6.7037577486603,7
"POLD23","POLD2",7,5.3661442151897,7
"TLCD3A3","TLCD3A",5,6.26124677832321,7
"PHEX3","PHEX",4,5.14407843773048,7
"MMP173","MMP17",1,7.1403589463018,7
"MIR497HG3","MIR497HG",2,5.94666550611672,7
"DNMT3B3","DNMT3B",5,6.76333028294893,7
"IKZF13","IKZF1",2,7.73841228877763,7
"MICB3","MICB",7,7.23930940810579,7
"CYP39A13","CYP39A1",5,6.66461699436456,7
"PFKP3","PFKP",7,7.04929234902881,7
"SAMSN13","SAMSN1",7,7.31275319710596,7
"CCDC1633","CCDC163",5,5.06837377605838,7
"AP002387.23","AP002387.2",5,6.137013641413,7
"TMEM2043","TMEM204",2,5.56703605763469,7
"FNDC103","FNDC10",5,5.16726147058436,7
"AC069228.13","AC069228.1",1,5.46385945380563,7
"CENPO3","CENPO",7,6.46959447846102,7
"ADCY73","ADCY7",7,6.00751998880902,7
"PHLDA23","PHLDA2",3,6.66452337993046,7
"TXLNB3","TXLNB",1,6.25070538798511,7
"PLLP3","PLLP",2,7.09368458549138,7
"LONRF23","LONRF2",1,8.29612385323432,7
"SYN23","SYN2",5,6.42040072273975,7
"LIMD23","LIMD2",7,7.1283693273676,7
"JAK33","JAK3",2,7.31544329053866,7
"ERAP23","ERAP2",2,6.38182192240065,7
"PALM33","PALM3",1,6.1730226961036,7
"RASAL33","RASAL3",2,7.35243450428542,7
"AP003306.13","AP003306.1",3,9.71624880465952,7
"AP000547.33","AP000547.3",4,5.21988314453371,7
"HAND2-AS13","HAND2-AS1",2,6.77090960351989,7
"KIF3C3","KIF3C",5,6.61232835256394,7
"AC103740.13","AC103740.1",2,5.81551095985421,7
"COL5A23","COL5A2",7,5.37812889484328,7
"SERPINB23","SERPINB2",5,5.9798504056751,7
"SOX1-OT3","SOX1-OT",5,5.82925710534037,7
"AL441992.23","AL441992.2",4,6.5660254550262,7
"MDH1B3","MDH1B",1,6.25759134459902,7
"CCDC144CP3","CCDC144CP",5,5.04299994494475,7
"LINC008393","LINC00839",5,5.95650733479356,7
"SERPINB53","SERPINB5",5,7.29178015852687,7
"SULT4A13","SULT4A1",5,7.12726041141601,7
"PLA2G4F3","PLA2G4F",1,6.37863624695174,7
"ULBP33","ULBP3",3,5.38081438755692,7
"FZD53","FZD5",7,5.6935501287913,7
"AL590004.33","AL590004.3",5,6.34150435231099,7
"DCTN1-AS13","DCTN1-AS1",2,6.06802243086532,7
"CD2483","CD248",2,8.49573735180938,7
"GALNT153","GALNT15",2,6.54977805026559,7
"AC083843.43","AC083843.4",3,7.12589107636294,7
"PET1003","PET100",7,5.52968263719896,7
"ABI3BP3","ABI3BP",2,8.63022036259763,7
"HERC2P23","HERC2P2",3,5.31231712738443,7
"AC005899.73","AC005899.7",1,5.9037267483845,7
"FGR3","FGR",7,7.46354471344691,7
"AC015712.63","AC015712.6",3,6.06539755479668,7
"CCDC1733","CCDC173",1,7.45488018826733,7
"MEX3B3","MEX3B",5,6.54238676055298,7
"PROS13","PROS1",2,6.29943413671655,7
"GLA3","GLA",1,8.16318472657856,7
"CASC83","CASC8",5,6.33826741967128,7
"PLAC83","PLAC8",2,6.55169142911708,7
"FCHSD13","FCHSD1",1,5.71342075965939,7
"WDR933","WDR93",1,7.7851455595001,7
"DOCK113","DOCK11",7,5.67840267030428,7
"HLF3","HLF",2,6.86690690501102,7
"ATF7IP23","ATF7IP2",7,4.88354191755492,7
"AL080317.13","AL080317.1",6,6.73177020291897,7
"TRPC13","TRPC1",2,6.37378631033491,7
"PCDHB43","PCDHB4",6,5.33538300072988,7
"KIT3","KIT",2,8.21512148377652,7
"NUDT19P53","NUDT19P5",1,6.8332966304193,7
"KCNQ13","KCNQ1",3,5.4189176482725,7
"BAK13","BAK1",7,5.62120859190672,7
"KLRD13","KLRD1",2,6.99156646533966,7
"ZC4H23","ZC4H2",5,5.7059575798788,7
"DISC1FP13","DISC1FP1",4,5.63916877088499,7
"AFAP1L23","AFAP1L2",1,7.05706748858369,7
"HLA-DQA13","HLA-DQA1",7,7.33128117754597,7
"SNORA383","SNORA38",6,7.2969774560207,7
"PRSS163","PRSS16",3,5.99447294577995,7
"SEMA3E3","SEMA3E",6,6.1392967623657,7
"ADAMTS93","ADAMTS9",2,7.72838659595409,7
"TPST13","TPST1",5,4.80477351337872,7
"GEM3","GEM",2,6.57385241038927,7
"FBXL133","FBXL13",6,6.40176623669134,7
"ADORA2B3","ADORA2B",3,5.23927465962042,7
"GPC63","GPC6",5,4.71711243543515,7
"FBXL73","FBXL7",1,5.86393994013608,7
"RRS1-AS13","RRS1-AS1",4,5.45766834246543,7
"MPEG13","MPEG1",2,7.82010446464327,7
"NRARP3","NRARP",7,6.27880835045416,7
"KLHL34","KLHL3",2,6.58705464849304,7
"MBNL1-AS13","MBNL1-AS1",5,6.62920152553605,7
"ACTG23","ACTG2",5,6.03398085710284,7
"PGPEP1L3","PGPEP1L",4,6.04994463070817,7
"CSPG53","CSPG5",4,6.33183267820554,7
"TMEM613","TMEM61",3,5.82791880055358,7
"EGOT3","EGOT",1,6.61485265621623,7
"SERPINF23","SERPINF2",3,6.92231288462244,7
"PCDHB73","PCDHB7",5,4.97524746963228,7
"PDE3B3","PDE3B",7,7.1064715780043,7
"AL512274.13","AL512274.1",5,4.92292689322719,7
"PLCH23","PLCH2",1,5.71169678660707,7
"TMEM1563","TMEM156",1,6.25765545486693,7
"MCUB3","MCUB",7,7.08339082430314,7
"RASSF43","RASSF4",7,6.48595393982133,7
"ATAD3C3","ATAD3C",3,6.23413717462449,7
"ADGRV13","ADGRV1",1,7.33457389822353,7
"TGFB1I13","TGFB1I1",2,7.28020458541384,7
"ZYG11A3","ZYG11A",1,6.0936423694533,7
"KRT803","KRT80",3,8.38843587697481,7
"ALDH1B13","ALDH1B1",7,6.14949928412681,7
"AC090206.13","AC090206.1",1,6.62340120172287,7
"GDPD53","GDPD5",5,7.06056438054803,7
"C23","C2",7,6.98137144322872,7
"AL122125.13","AL122125.1",3,6.06406299543604,7
"AC246817.23","AC246817.2",5,5.12065754286964,7
"FAM66D3","FAM66D",1,6.20464239210132,7
"REC83","REC8",7,6.71504534837373,7
"GXYLT23","GXYLT2",5,5.8235032816843,7
"SMPDL3A3","SMPDL3A",4,6.95983349933983,7
"FANCE3","FANCE",5,6.9709665693509,7
"FUT43","FUT4",7,5.71548019517919,7
"AL356534.13","AL356534.1",2,5.98293189429629,7
"KCNK153","KCNK15",3,6.84988644439976,7
"LRRC363","LRRC36",4,5.79848732228173,7
"NEIL33","NEIL3",7,6.9651910059823,7
"PODNL13","PODNL1",3,7.76438521102579,7
"AC048341.23","AC048341.2",3,6.52569752470294,7
"LINC025153","LINC02515",6,5.97418822056928,7
"NKX1-23","NKX1-2",5,6.82988861981229,7
"GPR393","GPR39",1,6.42861486130053,7
"LPAR13","LPAR1",2,7.28302317440038,7
"SLC51A3","SLC51A",7,6.49441023979236,7
"ZNF983","ZNF98",6,5.36705954723375,7
"AP000487.13","AP000487.1",5,5.53157363393238,7
"SALL23","SALL2",1,7.74476394072095,7
"CNTNAP3B3","CNTNAP3B",3,5.97232498167164,7
"SHISA93","SHISA9",1,6.72707200244687,7
"EFCAB133","EFCAB13",6,5.271298529477,7
"TNFRSF1B3","TNFRSF1B",7,7.809305681933,7
"DIPK1A3","DIPK1A",1,5.87975280572139,7
"CNKSR23","CNKSR2",2,5.8540203152415,7
"TCAF13","TCAF1",1,5.83556143632808,7
"BCL2L143","BCL2L14",2,6.53160696854675,7
"TRIM553","TRIM55",7,4.73945826266558,7
"PCDH173","PCDH17",1,5.02348396049558,7
"AL365181.23","AL365181.2",1,6.69002140519582,7
"EME13","EME1",5,6.61936437012078,7
"LINC023893","LINC02389",4,6.66108093339267,7
"DOCK8-AS13","DOCK8-AS1",1,5.40827909696582,7
"WFDC23","WFDC2",3,9.32497121824131,7
"PDPN3","PDPN",2,6.95827524533547,7
"CYP4F123","CYP4F12",6,5.31229290823513,7
"ERG3","ERG",2,6.63819305066901,7
"SLC13A33","SLC13A3",5,5.77424479962974,7
"SLC1A63","SLC1A6",5,5.60384930232729,7
"SRSF123","SRSF12",5,6.78543763465981,7
"NID23","NID2",2,5.13452663798834,7
"AP002761.43","AP002761.4",3,7.57860449389128,7
"KCNJ63","KCNJ6",2,5.62061360250256,7
"FRMD6-AS13","FRMD6-AS1",1,6.62463215670752,7
"RGS53","RGS5",1,5.98278012366114,7
"ADAM323","ADAM32",5,5.74001377399308,7
"CLEC2B3","CLEC2B",2,6.57799540992114,7
"HERC63","HERC6",2,6.94079357633288,7
"GLIPR1L23","GLIPR1L2",1,6.63610869726269,7
"PLCG23","PLCG2",2,6.13840701407806,7
"RTKN23","RTKN2",7,6.44789708178918,7
"CDC25A3","CDC25A",5,7.07726520062623,7
"AL356740.13","AL356740.1",3,5.07855989533751,7
"AL499602.13","AL499602.1",4,6.04233667419678,7
"PKHD13","PKHD1",1,5.62017642450628,7
"RTL53","RTL5",2,5.27947329366395,7
"VWF3","VWF",2,7.12475571390378,7
"TMOD13","TMOD1",3,5.8738979783903,7
"ITGAL3","ITGAL",7,7.21765335685549,7
"HCP53","HCP5",7,7.65375135653349,7
"AL160000.13","AL160000.1",6,7.38810698823281,7
"EIF4H3","EIF4H",1,5.23319401753056,7
"SLC6A83","SLC6A8",7,6.73445493580208,7
"AL031058.13","AL031058.1",5,6.5690035929609,7
"RBM243","RBM24",1,7.42679192948577,7
"LEFTY23","LEFTY2",5,7.35161622653244,7
"SUV39H23","SUV39H2",5,6.33523061202485,7
"CARMN3","CARMN",2,8.12327630440482,7
"AC007114.23","AC007114.2",6,12.3701419200732,7
"LRRC37A4P3","LRRC37A4P",2,5.12796680070806,7
"SGIP13","SGIP1",2,6.09578534499466,7
"SLCO2A13","SLCO2A1",3,5.59778750089731,7
"SH2D2A3","SH2D2A",7,6.56254176930519,7
"ANKDD1A3","ANKDD1A",2,6.27055333304149,7
"SCN8A3","SCN8A",1,5.64003351541125,7
"GALNT183","GALNT18",7,6.77973790075792,7
"FSTL43","FSTL4",1,5.28605305750313,7
"ADCY43","ADCY4",2,5.70839642613961,7
"ANKRD33B3","ANKRD33B",7,6.33516213492363,7
"SLC16A73","SLC16A7",2,7.05016332924559,7
"PSRC13","PSRC1",5,6.42493318608438,7
"TBX23","TBX2",2,6.16314603626553,7
"SLC8A1-AS13","SLC8A1-AS1",2,5.6170654155535,7
"AC016582.33","AC016582.3",1,5.6680503820772,7
"SOBP3","SOBP",2,8.3399423401606,7
"PCDH93","PCDH9",2,7.09467228963116,7
"SDK23","SDK2",2,6.16755682286669,7
"IRF53","IRF5",7,6.70237614725005,7
"SLIT33","SLIT3",2,9.469619358485,7
"TDRD53","TDRD5",5,6.69204566325851,7
"PLEKHH23","PLEKHH2",2,7.16995963699887,7
"PDE6B3","PDE6B",1,7.12618061522604,7
"AC093908.13","AC093908.1",1,4.51347550419959,7
"FAM177B3","FAM177B",1,6.06239855906274,7
"AP003117.13","AP003117.1",5,5.08562251894458,7
"SLCO4A13","SLCO4A1",7,6.06530650913517,7
"ARHGEF383","ARHGEF38",1,6.46716220855628,7
"VEGFC3","VEGFC",4,5.35214584772475,7
"XAGE23","XAGE2",5,6.68993986912484,7
"HAP13","HAP1",2,6.41830901194171,7
"BEX53","BEX5",1,6.04722104099969,7
"LRFN13","LRFN1",5,6.18494539886017,7
"AL391422.43","AL391422.4",5,5.78782404177152,7
"TGFB33","TGFB3",1,8.50334090982187,7
"SNCA3","SNCA",2,5.41887840743406,7
"CLUL13","CLUL1",1,5.11116880332557,7
"TPH13","TPH1",5,4.8167026089759,7
"TMEM1213","TMEM121",1,7.31811721663954,7
"AC244517.13","AC244517.1",5,4.99937092553243,7
"HUNK3","HUNK",1,5.6488316624181,7
"CMTM53","CMTM5",5,6.28418789913707,7
"TBX153","TBX15",2,8.44328528754168,7
"ARHGAP93","ARHGAP9",2,6.72346257501225,7
"LINC014113","LINC01411",1,6.4777488111921,7
"AXIN23","AXIN2",1,6.34901509566049,7
"EGR23","EGR2",2,6.74000121508687,7
"ZNF7263","ZNF726",7,5.92071931978279,7
"LINC023343","LINC02334",2,5.80592981737251,7
"ACHE3","ACHE",7,6.0512484099203,7
"SLCO2B13","SLCO2B1",2,6.9878593262029,7
"HAMP3","HAMP",7,5.70214395463865,7
"BTC3","BTC",3,5.67205898497787,7
"MIR17HG3","MIR17HG",3,5.59545626835029,7
"H2BC153","H2BC15",4,6.22549672491565,7
"PRODH3","PRODH",1,6.74633707800976,7
"RN7SL13","RN7SL1",4,5.91544290687013,7
"AL365209.13","AL365209.1",1,6.40561840606716,7
"TBXAS13","TBXAS1",4,4.91617511984469,7
"NTM3","NTM",1,6.11873820529274,7
"SLA3","SLA",7,6.9634544007581,7
"APLNR3","APLNR",2,5.85351036732892,7
"MUC3A3","MUC3A",3,5.00947164878367,7
"EPHA103","EPHA10",1,6.12206937369464,7
"CTF13","CTF1",3,6.18566328488408,7
"TEDC23","TEDC2",7,6.66968858077224,7
"NLRC53","NLRC5",7,8.08972560116251,7
"ZNF3653","ZNF365",3,7.48431704973858,7
"PTGER43","PTGER4",2,5.94423999644506,7
"MLXIPL3","MLXIPL",1,5.75729972375898,7
"STOX13","STOX1",1,6.54477386193517,7
"PKN33","PKN3",4,5.97563298675139,7
"HIC13","HIC1",2,8.7100932099041,7
"SOX103","SOX10",5,7.29334271073214,7
"Z97200.13","Z97200.1",2,6.62833329120268,7
"SLIT23","SLIT2",2,8.71356519389175,7
"TEX303","TEX30",7,5.72812388087147,7
"LINC012383","LINC01238",1,5.91848645544257,7
"RASGEF1C3","RASGEF1C",5,6.33164340523939,7
"AC246817.13","AC246817.1",1,5.76683679020929,7
"GNG113","GNG11",2,8.26943358581543,7
"NXN3","NXN",5,6.75024471726352,7
"POC1A3","POC1A",7,7.06979407186665,7
"GUCY1B23","GUCY1B2",5,5.93039856738772,7
"HBEGF3","HBEGF",7,5.83287507981488,7
"TRPC63","TRPC6",2,6.59577476733084,7
"ARHGEF26-AS13","ARHGEF26-AS1",5,6.96910417359613,7
"ZSCAN313","ZSCAN31",4,6.96130714021742,7
"ITGAM3","ITGAM",7,6.89413655548085,7
"GMFG3","GMFG",2,8.06003279586442,7
"COL24A13","COL24A1",1,5.19938824152881,7
"CD63","CD6",2,7.05423452041537,7
"RHOF3","RHOF",7,6.86877270374438,7
"SORCS13","SORCS1",1,5.97035661910451,7
"CALML3-AS13","CALML3-AS1",1,5.62287514392291,7
"BANK13","BANK1",2,4.78465071842055,7
"AC011611.43","AC011611.4",2,6.0418235814188,7
"ESYT33","ESYT3",2,6.19592093258955,7
"RGS93","RGS9",7,5.65392098831891,7
"SILC13","SILC1",4,4.99203438538652,7
"EFCAB14","EFCAB1",2,7.35043720926402,7
"FAM24B3","FAM24B",5,5.00512041979869,7
"EFNA33","EFNA3",5,6.89624205354212,7
"AL109976.13","AL109976.1",4,5.69425080824917,7
"FOXO6-AS13","FOXO6-AS1",1,7.38104599731045,7
"NRGN3","NRGN",3,6.61782549928844,7
"MN13","MN1",1,6.5905656730834,7
"ST8SIA13","ST8SIA1",5,6.28468629440126,7
"COL5A33","COL5A3",2,5.60384857004065,7
"CSNK2A33","CSNK2A3",6,9.31759437158255,7
"HIF3A3","HIF3A",2,7.00681581527574,7
"AL354740.13","AL354740.1",6,13.3370941781217,7
"AC097634.13","AC097634.1",1,5.44873713747424,7
"GRAMD1B3","GRAMD1B",3,6.55296270292398,7
"LINC027623","LINC02762",6,5.85496090863398,7
"P2RY103","P2RY10",2,6.76873198044101,7
"AC011447.73","AC011447.7",4,5.88073363811071,7
"CTXN13","CTXN1",7,6.21509645301258,7
"COL6A63","COL6A6",2,9.45945110225942,7
"ANKHD1-EIF4EBP33","ANKHD1-EIF4EBP3",1,6.61956915847326,7
"KIAA12573","KIAA1257",1,6.78301066289243,7
"CASC193","CASC19",5,5.81477252095106,7
"LINC013413","LINC01341",1,7.19247011855949,7
"SCN9A3","SCN9A",2,6.81650872879205,7
"RAPGEF43","RAPGEF4",1,7.16769719106158,7
"C8orf37-AS13","C8orf37-AS1",4,6.14285600604604,7
"ARHGAP63","ARHGAP6",2,6.69443960507249,7
"LINC025603","LINC02560",5,5.72234082615587,7
"CPNE83","CPNE8",5,4.85698691485209,7
"MYB3","MYB",1,10.5293064333433,7
"CENPU3","CENPU",7,6.52864318442853,7
"RAMP23","RAMP2",1,7.41260365425178,7
"HOXC103","HOXC10",5,5.69215026967127,7
"FOXP4-AS13","FOXP4-AS1",5,8.53791253518766,7
"SOWAHB3","SOWAHB",3,5.52747284576712,7
"FAM216A3","FAM216A",5,5.69654762478494,7
"UNC13D3","UNC13D",7,5.92402125792845,7
"LINC019943","LINC01994",2,5.46405740339333,7
"PIK3CD3","PIK3CD",2,6.38977552553763,7
"TBX193","TBX19",5,7.01551935563855,7
"RASGRP33","RASGRP3",2,7.39232785195608,7
"CPED13","CPED1",2,6.57281403743842,7
"KCNMB13","KCNMB1",2,6.87622534377795,7
"FLT43","FLT4",2,5.53154109526939,7
"AC010136.13","AC010136.1",3,4.7825258864285,7
"BX284668.53","BX284668.5",1,6.64835580664753,7
"CLCN53","CLCN5",5,6.14637159274672,7
"AC103760.13","AC103760.1",1,7.08707026574152,7
"GPR883","GPR88",1,5.02073747488353,7
"AC005674.23","AC005674.2",2,5.26849767690896,7
"CABP43","CABP4",1,8.02566478822231,7
"ZNF3003","ZNF300",3,6.18806708716751,7
"AL390719.13","AL390719.1",3,6.37917217127233,7
"ANKRD36B3","ANKRD36B",6,6.33712631683878,7
"PREX13","PREX1",1,9.81735008036469,7
"PRRG13","PRRG1",5,5.37915297024708,7
"PDCD2L3","PDCD2L",7,5.94037010013007,7
"EIF5A3","EIF5A",7,5.91160651001119,7
"AC084740.13","AC084740.1",1,7.11945291673507,7
"GIMAP63","GIMAP6",2,7.10263512636037,7
"ADAMTSL43","ADAMTSL4",7,6.45978196050875,7
"AC127024.43","AC127024.4",1,4.99038369615373,7
"EEPD13","EEPD1",2,6.87000959286198,7
"GPR89A3","GPR89A",5,5.47733848944235,7
"SLC29A43","SLC29A4",5,7.1463721413751,7
"NLRP14","NLRP1",2,6.93985029409916,7
"FCMR3","FCMR",7,6.41663331058604,7
"STMN23","STMN2",2,5.40382673530558,7
"PAX23","PAX2",1,6.74204678397607,7
"SLC9A53","SLC9A5",4,5.91649983634409,7
"PART13","PART1",5,6.06760517477741,7
"PAQR53","PAQR5",5,7.23971847925366,7
"SRPX23","SRPX2",3,5.59091171126629,7
"LGALS23","LGALS2",2,6.23034020950594,7
"AL021578.13","AL021578.1",3,5.82172779238064,7
"SCARNA53","SCARNA5",6,8.05120212320407,7
"DYNLRB23","DYNLRB2",1,7.32434056779152,7
"SKAP13","SKAP1",2,5.57444286019907,7
"AC027117.13","AC027117.1",3,5.06761108406917,7
"EPDR13","EPDR1",2,5.43572504507234,7
"C5orf493","C5orf49",1,7.1887298723481,7
"CHIC13","CHIC1",1,5.81564254145045,7
"COL4A43","COL4A4",2,5.82219431773876,7
"PCED1B-AS13","PCED1B-AS1",2,6.30769379076897,7
"P4HTM3","P4HTM",1,7.33672209186466,7
"RPP253","RPP25",5,5.58894695012054,7
"RGL33","RGL3",1,6.37410085414135,7
"ENPP53","ENPP5",1,7.0807636157611,7
"SYNC3","SYNC",1,8.00381782836519,7
"MAP63","MAP6",2,5.62629368966403,7
"TMEM2203","TMEM220",2,6.08976715826774,7
"HTR1F3","HTR1F",1,6.17487785955171,7
"PRSS223","PRSS22",3,6.34659761822666,7
"AC008875.33","AC008875.3",7,5.67352054341825,7
"AC091544.43","AC091544.4",1,5.79584016989631,7
"APOL13","APOL1",7,7.54023649743889,7
"SOCS13","SOCS1",7,7.85893482823553,7
"TTLL93","TTLL9",1,7.2447391563108,7
"GPC43","GPC4",1,6.07888129318337,7
"AMER13","AMER1",5,7.17904680847275,7
"GNAO13","GNAO1",1,6.98185934877121,7
"TSPY26P3","TSPY26P",1,6.27476616379369,7
"NKD13","NKD1",1,4.83543068053161,7
"AC087854.13","AC087854.1",1,7.08257943429353,7
"CELF53","CELF5",2,6.35572678753622,7
"UGT2B284","UGT2B28",5,16.6301878707001,8
"UGT2B114","UGT2B11",5,16.0729056080651,8
"DHRS24","DHRS2",5,15.4401744996773,8
"AKR1B154","AKR1B15",5,16.1258062362376,8
"GSTM54","GSTM5",5,15.784103510282,8
"FDCSP4","FDCSP",3,13.1399956112464,8
"C6orf2234","C6orf223",5,15.4213340577826,8
"ACSM14","ACSM1",5,15.4705308310916,8
"HPGD4","HPGD",5,14.0614225243427,8
"HMGCS24","HMGCS2",5,13.5344410042178,8
"PGC4","PGC",5,12.0648748391103,8
"ABCC114","ABCC11",5,12.7142557286001,8
"CSN34","CSN3",3,6.88508660005593,8
"AKR1C24","AKR1C2",5,14.213573809605,8
"ALOX15B4","ALOX15B",5,13.1872938754138,8
"CPB14","CPB1",7,10.4482328206779,8
"PRAME4","PRAME",1,11.6357096535328,8
"SERHL24","SERHL2",5,13.4443159214013,8
"S100A74","S100A7",6,9.17366729291994,8
"TFF14","TFF1",7,13.9328004916743,8
"AKR1D14","AKR1D1",5,14.6194277024557,8
"S100P4","S100P",6,9.03559753620214,8
"LINC025224","LINC02522",5,14.2494523198101,8
"PNLIPRP34","PNLIPRP3",5,13.857072551287,8
"SLC26A34","SLC26A3",5,12.896109860951,8
"SULT1C2P14","SULT1C2P1",5,11.3943314875987,8
"CYP2B7P4","CYP2B7P",5,10.1184229111968,8
"LINC021694","LINC02169",5,14.0684429107947,8
"SPINK84","SPINK8",5,12.3154324243211,8
"TAT4","TAT",7,9.71930490509621,8
"LBP4","LBP",5,9.99292901510031,8
"IGHA24","IGHA2",8,10.6379192330695,8
"LALBA4","LALBA",3,8.10448927781053,8
"CXCL134","CXCL13",6,7.52286492029506,8
"TSPAN84","TSPAN8",5,9.42584786685156,8
"OPRPN4","OPRPN",4,12.6623541939725,8
"LINC010884","LINC01088",5,13.6764356674605,8
"LINC010874","LINC01087",7,15.8315676622659,8
"CRISP34","CRISP3",6,11.5125319046058,8
"LINC023034","LINC02303",5,10.8360782397299,8
"HPD4","HPD",5,13.3742820888637,8
"IGHG14","IGHG1",8,10.7406712421054,8
"CXCL104","CXCL10",3,15.3160943545225,8
"MUCL14","MUCL1",5,9.33930019098245,8
"LINC024874","LINC02487",1,11.8862128266132,8
"SORD4","SORD",5,13.7982966129753,8
"KCNC24","KCNC2",7,12.2117816025554,8
"FABP74","FABP7",5,9.34305753241188,8
"LINC006244","LINC00624",5,13.3290372500623,8
"IGHG44","IGHG4",3,9.45915764665216,8
"CHST15","CHST1",5,10.7905966050252,8
"PIP4","PIP",5,9.96772091402916,8
"ABCC124","ABCC12",5,12.1557919677243,8
"PTHLH4","PTHLH",4,7.80645902005427,8
"SERHL5","SERHL",5,12.3584472241653,8
"GLRA34","GLRA3",7,10.9218566031029,8
"THRSP4","THRSP",5,9.27813724744835,8
"MTND3P194","MTND3P19",8,4.57573789728149,8
"MYOM24","MYOM2",5,13.2729907447571,8
"MUC64","MUC6",7,7.44244625236426,8
"SCGB1A14","SCGB1A1",5,9.01420844776715,8
"CLCA24","CLCA2",5,8.01506480445466,8
"AC122713.24","AC122713.2",5,13.6064712174127,8
"WIF14","WIF1",4,10.7600762874358,8
"CSN1S14","CSN1S1",2,5.7078576758039,8
"EN14","EN1",1,11.4945154293736,8
"IGHM4","IGHM",2,8.85481469399186,8
"DDC4","DDC",5,12.1612176809281,8
"CYP4Z14","CYP4Z1",4,7.57144412519807,8
"LINC015114","LINC01511",5,12.2735602477007,8
"MTND1P234","MTND1P23",1,5.25985767975302,8
"S100A84","S100A8",3,9.68878616974526,8
"UCHL14","UCHL1",1,10.2008658187411,8
"AL033397.24","AL033397.2",5,13.5279955442463,8
"MSLN4","MSLN",1,9.71081571257842,8
"CPHL1P4","CPHL1P",5,9.94307638229505,8
"SOX114","SOX11",1,9.20134846009992,8
"AC092069.14","AC092069.1",2,18.4481964122486,8
"TFPI24","TFPI2",7,10.1768035451428,8
"TFF34","TFF3",7,11.358680694972,8
"CDH194","CDH19",4,8.13142224521941,8
"CXCL94","CXCL9",3,13.1377693714576,8
"ARHGAP364","ARHGAP36",7,9.80643340560619,8
"ABCA124","ABCA12",5,10.6873670465841,8
"IGHA14","IGHA1",8,11.8342360154753,8
"LINC016674","LINC01667",1,7.77360009272499,8
"HORMAD14","HORMAD1",1,11.8075489609437,8
"ALB4","ALB",4,8.3797034920172,8
"AC092071.14","AC092071.1",7,8.7038715126251,8
"AC092325.14","AC092325.1",5,12.826736279242,8
"SCGB1D24","SCGB1D2",4,11.9508986407095,8
"ART34","ART3",1,11.1913903273773,8
"OLFM44","OLFM4",4,8.50736322514654,8
"ENPP34","ENPP3",5,10.8359453928576,8
"SERPINA64","SERPINA6",7,10.7331100426955,8
"CALML54","CALML5",1,7.86252040453434,8
"ADGRD24","ADGRD2",7,7.96337757699767,8
"AGR34","AGR3",7,14.4013643777972,8
"DSG14","DSG1",4,11.1787026820276,8
"HLA-DRB54","HLA-DRB5",3,5.20732451795271,8
"KIF1A4","KIF1A",1,10.0568295704027,8
"IGLC24","IGLC2",8,10.1033456846055,8
"TCN14","TCN1",4,14.4918487278691,8
"PLA2G2A4","PLA2G2A",6,9.07858361059761,8
"CLEC3A4","CLEC3A",7,7.50797555896411,8
"PIGR4","PIGR",4,7.89647483340301,8
"NXPH44","NXPH4",5,8.33289302880389,8
"SCGB2A14","SCGB2A1",4,11.2621107190716,8
"IGSF14","IGSF1",7,9.7538824832276,8
"SDR16C54","SDR16C5",5,9.68382384795739,8
"MUC164","MUC16",3,10.0708570120449,8
"CXCL174","CXCL17",3,7.15711254232276,8
"AC008440.14","AC008440.1",2,16.6925565532735,8
"ACADL4","ACADL",5,11.2055639461902,8
"FIBCD14","FIBCD1",5,12.5074864706891,8
"SIX34","SIX3",1,10.7231688379905,8
"CYP2A64","CYP2A6",7,7.59771976571017,8
"SCUBE34","SCUBE3",1,9.16121711888298,8
"PCAT184","PCAT18",5,10.759367438581,8
"BMPR1B4","BMPR1B",7,9.29480841506163,8
"CNTNAP24","CNTNAP2",5,10.3969946239436,8
"GJB14","GJB1",5,10.3909390454649,8
"CDKN2A4","CDKN2A",3,9.76015868432612,8
"RBM204","RBM20",5,9.97337177820013,8
"CITED14","CITED1",7,10.1792554722809,8
"SCGB3A14","SCGB3A1",8,9.2290157367742,8
"GFRA14","GFRA1",7,12.8017262920424,8
"MUC5B4","MUC5B",1,8.22574045052155,8
"AL157387.14","AL157387.1",7,11.6492927682451,8
"CALB24","CALB2",1,9.42608900417784,8
"NPY2R4","NPY2R",7,9.73888138662111,8
"FABP44","FABP4",8,10.2802175628612,8
"AC008736.14","AC008736.1",5,12.317743220647,8
"HBB4","HBB",2,8.23379972481323,8
"CYP4Z2P4","CYP4Z2P",5,10.0601154793345,8
"ST8SIA6-AS14","ST8SIA6-AS1",5,9.46876094604905,8
"CLIC64","CLIC6",7,6.73893196722377,8
"CYP4F84","CYP4F8",6,6.68776360441747,8
"IDO14","IDO1",3,14.5362389432305,8
"SBSN4","SBSN",6,7.84895127332975,8
"SCGB2A24","SCGB2A2",4,14.152484034101,8
"FCN24","FCN2",5,12.7019949862174,8
"SLC27A24","SLC27A2",5,10.9529113315939,8
"POTEKP4","POTEKP",7,14.0139064563608,8
"GSTA14","GSTA1",1,7.87991431333335,8
"LCAL14","LCAL1",5,11.4955942686531,8
"CXCL114","CXCL11",3,13.6142840609248,8
"MMP94","MMP9",3,8.78469615032495,8
"ALKAL24","ALKAL2",8,8.18240039918893,8
"ME14","ME1",5,11.7378785138634,8
"LINC014364","LINC01436",3,8.91547912782248,8
"AC096996.24","AC096996.2",5,11.6341667289947,8
"KLK114","KLK11",1,6.98395580934183,8
"ODAM4","ODAM",3,8.0397290611466,8
"SCGN4","SCGN",5,11.6079618100031,8
"LY6D4","LY6D",3,7.01825399098774,8
"PPEF14","PPEF1",5,12.1162942726047,8
"SLC15A14","SLC15A1",1,7.60969642603056,8
"PLAC9P14","PLAC9P1",7,12.5721545033637,8
"AFP4","AFP",7,9.2398927056744,8
"AC025062.34","AC025062.3",5,12.5472056580673,8
"PI34","PI3",4,8.8632928372593,8
"KCNE44","KCNE4",7,7.64702425597167,8
"LINC009934","LINC00993",7,12.1118117485523,8
"COL2A14","COL2A1",1,7.8568398071566,8
"PON34","PON3",5,10.6400708875638,8
"SULT1C34","SULT1C3",5,13.2778610123038,8
"KYNU4","KYNU",5,9.93019848601512,8
"NPY1R4","NPY1R",7,8.01649781550996,8
"CRABP14","CRABP1",1,8.96697528275865,8
"TMEM161BP14","TMEM161BP1",7,11.6382888428852,8
"PIEZO24","PIEZO2",7,10.3303200402434,8
"SHISA24","SHISA2",4,12.1438967632315,8
"A2ML14","A2ML1",1,9.00748432749724,8
"UBE2C4","UBE2C",1,10.2255373992119,8
"EREG4","EREG",4,7.75278496170211,8
"MTND3P104","MTND3P10",2,5.00160980819452,8
"NCCRP14","NCCRP1",3,7.58363076211718,8
"AC024940.24","AC024940.2",1,7.60511958313936,8
"MRPS30-DT4","MRPS30-DT",7,11.9943246874062,8
"MYBPC14","MYBPC1",5,7.74274940895143,8
"LINC022664","LINC02266",5,11.1473724160368,8
"KRT814","KRT81",4,10.5453220897002,8
"CTHRC14","CTHRC1",1,7.6784696237888,8
"SIGLEC154","SIGLEC15",2,7.24781492208113,8
"AQP54","AQP5",8,7.61552606825541,8
"NANOGP14","NANOGP1",5,13.0766334210743,8
"AP002001.14","AP002001.1",5,10.5103452433144,8
"CLDN104","CLDN10",4,7.22794534322856,8
"H4C84","H4C8",5,10.178583436717,8
"KAZN-AS14","KAZN-AS1",5,10.6657956745278,8
"PGR4","PGR",7,12.8542807106298,8
"SRARP4","SRARP",7,10.4241270630117,8
"CALML34","CALML3",4,10.4354865262932,8
"MYBL24","MYBL2",1,9.51180646077694,8
"HGD4","HGD",5,8.57285781198099,8
"PLAAT24","PLAAT2",5,10.4757549371051,8
"UGT2B74","UGT2B7",5,10.1523026299748,8
"AC100826.14","AC100826.1",5,11.7689825475191,8
"FOXM14","FOXM1",1,10.3842990822616,8
"ANKRD30A4","ANKRD30A",7,11.7408102245165,8
"FNDC14","FNDC1",1,9.4085946476494,8
"B3GAT14","B3GAT1",5,11.3257839740853,8
"IGLC34","IGLC3",8,8.31259650742341,8
"SYCP14","SYCP1",5,11.185695513728,8
"TMEM264","TMEM26",7,13.0455495643727,8
"GRIK1-AS14","GRIK1-AS1",7,11.0224419115501,8
"MMP114","MMP11",6,9.51046546615105,8
"AC093001.14","AC093001.1",5,10.977547328506,8
"GNMT4","GNMT",5,10.3855250236847,8
"ADRA2A4","ADRA2A",5,9.12367832090583,8
"VGLL14","VGLL1",1,8.80762044641167,8
"MYEOV4","MYEOV",8,10.3712159865534,8
"TDRD124","TDRD12",1,6.29057039891933,8
"CEACAM64","CEACAM6",6,8.26246177828928,8
"ELOVL24","ELOVL2",7,12.4460195743831,8
"CUX24","CUX2",5,10.1640348745865,8
"HAAO4","HAAO",5,10.7908194293888,8
"DEFB14","DEFB1",4,12.0279934152727,8
"VN1R53P4","VN1R53P",7,11.3497678940926,8
"CLSTN24","CLSTN2",7,11.2453217487354,8
"CP4","CP",4,8.65919440056976,8
"AL033523.14","AL033523.1",5,11.6722216895749,8
"ABCC24","ABCC2",5,11.6188804632866,8
"MSMB4","MSMB",5,10.6205623113657,8
"KRT164","KRT16",4,7.88135311635773,8
"TTC364","TTC36",5,9.79756912334819,8
"WFDC21P4","WFDC21P",1,7.79419434895133,8
"ATP1A24","ATP1A2",5,9.53190419658131,8
"JCHAIN4","JCHAIN",8,10.2103618408562,8
"LINC025414","LINC02541",5,11.3440121530115,8
"AC100801.14","AC100801.1",5,8.38997049906087,8
"PI154","PI15",7,10.0281772850899,8
"CHIT14","CHIT1",4,6.77955998950758,8
"MAB21L44","MAB21L4",6,10.4882408866323,8
"CSN24","CSN2",2,5.57532258364284,8
"ALOX154","ALOX15",5,9.92068941638482,8
"NAT24","NAT2",5,12.0084223230071,8
"AGT4","AGT",6,6.49349979311711,8
"ELOVL74","ELOVL7",5,11.9429957028831,8
"AP004608.14","AP004608.1",5,9.6369166353658,8
"VSTM2L4","VSTM2L",6,8.62354269574739,8
"NAT14","NAT1",7,12.5998371000378,8
"PPP4R44","PPP4R4",7,10.3157942428739,8
"CYP4X14","CYP4X1",7,8.76204692661633,8
"MT-TD4","MT-TD",1,6.61878476309658,8
"DNER4","DNER",1,8.89871838709806,8
"FAM3D4","FAM3D",5,6.90969946574047,8
"HOXA94","HOXA9",5,5.5524859962431,8
"GAL4","GAL",1,8.91853811325582,8
"PTX34","PTX3",1,7.86791514827867,8
"H2AC84","H2AC8",5,11.2040673946582,8
"AL391097.34","AL391097.3",2,12.8255504430402,8
"TMEM45B4","TMEM45B",5,9.96820727566418,8
"HRCT14","HRCT1",1,8.93590864898036,8
"CYP4F224","CYP4F22",4,7.0711352536382,8
"SERPINA54","SERPINA5",7,9.41419407032647,8
"GRP4","GRP",4,9.32887647994282,8
"KMO4","KMO",5,8.58437156610114,8
"TMSB15A4","TMSB15A",1,9.90614773322688,8
"DIO24","DIO2",2,6.70286525399599,8
"AP005233.24","AP005233.2",8,10.4367326997045,8
"CDC204","CDC20",1,9.18801791911348,8
"NEK24","NEK2",1,9.52857588051852,8
"RN7SL314P4","RN7SL314P",7,10.0114932853852,8
"PNMT4","PNMT",5,6.04856755957525,8
"LCN24","LCN2",4,9.17709306146472,8
"OBP2B4","OBP2B",1,6.93112499394862,8
"SNORD3A4","SNORD3A",1,6.88129423933264,8
"PHGR14","PHGR1",7,10.2798884250868,8
"FGG4","FGG",6,9.16664006260183,8
"DKK14","DKK1",1,6.69579148381587,8
"LINC012524","LINC01252",5,10.5757609565399,8
"COL22A14","COL22A1",3,9.27786175082111,8
"ADH1C4","ADH1C",5,11.0646719923401,8
"C2CD4A4","C2CD4A",6,11.1782839719936,8
"LDHD4","LDHD",5,11.0217326962244,8
"Z82215.14","Z82215.1",2,15.5373481808805,8
"AP000892.44","AP000892.4",8,10.2436522751089,8
"IQGAP34","IQGAP3",1,10.0920317468198,8
"UGT2B154","UGT2B15",7,7.42639857347413,8
"SOX84","SOX8",1,9.12409431151365,8
"AC022784.14","AC022784.1",8,7.6471377769445,8
"LRG14","LRG1",5,7.31482233451085,8
"ANKRD30B4","ANKRD30B",7,11.4484709357933,8
"FAR24","FAR2",5,9.81216748138465,8
"AL356804.14","AL356804.1",5,10.7668665085218,8
"TDRD15","TDRD1",6,7.33306385631261,8
"RNU5F-14","RNU5F-1",1,7.28961744645594,8
"CASP144","CASP14",6,10.56660017043,8
"SMR3B4","SMR3B",4,9.11805284489313,8
"LINC024324","LINC02432",5,6.9225680236126,8
"FADS24","FADS2",5,8.86141089447584,8
"TMPRSS11E4","TMPRSS11E",5,9.69391590415741,8
"NPR34","NPR3",1,9.7776584351254,8
"TNFSF114","TNFSF11",2,5.90064672615065,8
"SNORC4","SNORC",4,9.07789401102194,8
"TESC4","TESC",4,8.98568555712535,8
"PGBD54","PGBD5",3,7.85104849638178,8
"LINC011984","LINC01198",8,7.74235549029987,8
"SLCO1B14","SLCO1B1",5,10.22021642658,8
"AC073114.14","AC073114.1",7,8.70605076343558,8
"GP24","GP2",7,9.53472394280601,8
"FOXCUT4","FOXCUT",1,9.90501845356501,8
"PRR274","PRR27",1,6.7639393721052,8
"H2AC114","H2AC11",5,10.4306783416962,8
"HLA-DRB64","HLA-DRB6",3,8.21997379150354,8
"EDN34","EDN3",4,7.2964355385601,8
"SERPINA114","SERPINA11",7,12.0493585901882,8
"LUZP24","LUZP2",4,12.44675740209,8
"BRINP34","BRINP3",5,8.90223903051956,8
"TMEM2134","TMEM213",8,8.83125745224828,8
"TPX24","TPX2",1,9.67583070651214,8
"TMEM1584","TMEM158",1,7.93283119678938,8
"MT-TK4","MT-TK",8,8.01359945719689,8
"DCDC24","DCDC2",7,10.7149010719199,8
"FAM83D4","FAM83D",1,9.523281082274,8
"HOXB64","HOXB6",6,6.82561687442681,8
"KRT6A4","KRT6A",1,6.26774176609874,8
"CENPA4","CENPA",1,9.64011732388686,8
"FMO34","FMO3",3,6.13485499095181,8
"NUF24","NUF2",1,9.99918274362932,8
"ZNF350-AS14","ZNF350-AS1",6,6.58796709754951,8
"APCDD1L4","APCDD1L",4,10.2028615359459,8
"LINC018334","LINC01833",1,9.33716526363283,8
"AURKB4","AURKB",1,9.59401083960188,8
"CCDC1414","CCDC141",5,10.0685911491834,8
"ASPM4","ASPM",1,9.81330646463293,8
"LYPD64","LYPD6",7,12.4808864526899,8
"KIF4A4","KIF4A",1,8.98711114847376,8
"SAA24","SAA2",4,13.4360318332994,8
"MARCO4","MARCO",3,10.640989204132,8
"AC104984.44","AC104984.4",2,15.4969663760486,8
"FBN34","FBN3",1,10.6235847955195,8
"C5orf464","C5orf46",1,7.35594433491236,8
"S100A24","S100A2",4,9.84570006410711,8
"CDCA74","CDCA7",1,9.6181013618461,8
"GRIK34","GRIK3",4,10.2335390737515,8
"PCSK1N4","PCSK1N",1,9.93183192903756,8
"CECR24","CECR2",5,9.1360357477677,8
"FAR2P14","FAR2P1",7,8.51326828548838,8
"ESR14","ESR1",7,12.7519300207137,8
"LINC015544","LINC01554",8,5.54381580425324,8
"AGR24","AGR2",7,12.0455943889271,8
"DLX54","DLX5",1,10.5016336906835,8
"ROPN1B4","ROPN1B",1,8.28642207663902,8
"MPV17L4","MPV17L",5,9.46944565654333,8
"SCGB1B2P4","SCGB1B2P",7,6.99041486699008,8
"CAPN64","CAPN6",8,7.5092627735234,8
"MT1G4","MT1G",4,6.52835370264828,8
"ATP13A54","ATP13A5",5,7.73970335715421,8
"KLK74","KLK7",4,14.4800148940907,8
"IGHG34","IGHG3",3,7.69562982747605,8
"ZIC14","ZIC1",1,8.67093018927432,8
"CEP554","CEP55",1,9.47946592758341,8
"MELK4","MELK",1,9.56880307037723,8
"TNNT14","TNNT1",1,7.18671599318978,8
"CLPSL14","CLPSL1",6,7.70495410731099,8
"KLHDC7B4","KLHDC7B",3,11.0044854205665,8
"TDRD94","TDRD9",6,6.8058557143958,8
"KLK64","KLK6",4,11.8495395961382,8
"AC023509.24","AC023509.2",5,9.7270657708987,8
"EXTL14","EXTL1",1,7.70812353672267,8
"NDNF4","NDNF",5,8.80125084489447,8
"SLC5A84","SLC5A8",6,6.79666736434758,8
"DIO34","DIO3",5,9.20129596703423,8
"FGFR34","FGFR3",7,9.07860756769996,8
"DCD4","DCD",7,5.52192174456682,8
"ALDH3B24","ALDH3B2",5,9.72623088046173,8
"AKR1C34","AKR1C3",5,9.66276746334884,8
"C16orf894","C16orf89",7,9.87458302387084,8
"NEK104","NEK10",7,11.7414100070178,8
"BIRC54","BIRC5",1,9.12395798565177,8
"C2CD4B4","C2CD4B",6,9.10755724316829,8
"DEPDC14","DEPDC1",1,8.83855598644049,8
"FBN24","FBN2",1,5.15373140529613,8
"HBA14","HBA1",2,8.75424350100267,8
"AC099508.14","AC099508.1",5,10.9071413515641,8
"COL11A14","COL11A1",6,7.54791292189739,8
"ADAMTS154","ADAMTS15",7,11.7973364652701,8
"NRN14","NRN1",8,5.51393708835449,8
"OTX14","OTX1",1,9.4879488949467,8
"FSIP24","FSIP2",2,5.58870998436652,8
"KIF2C4","KIF2C",1,9.51098033088089,8
"ZNF385B4","ZNF385B",7,8.75910087586922,8
"AL121790.14","AL121790.1",7,7.51330186640737,8
"COL10A14","COL10A1",6,8.46980565806888,8
"GRIA24","GRIA2",8,7.8158249002877,8
"RSAD24","RSAD2",3,11.1523389714691,8
"ARHGAP404","ARHGAP40",7,9.38577529386867,8
"KLHDC7A4","KLHDC7A",7,8.50295911643675,8
"GJB24","GJB2",1,7.14924677186248,8
"ACSM34","ACSM3",5,10.1940405782242,8
"AP000851.14","AP000851.1",4,8.92387746497137,8
"RPL104","RPL10",4,7.46102012827122,8
"MAEL4","MAEL",2,7.27699878605433,8
"TNFRSF11B4","TNFRSF11B",4,8.95417518064728,8
"SLC13A24","SLC13A2",4,8.4748151962977,8
"GLYATL24","GLYATL2",4,11.0796775530523,8
"RN7SL674P4","RN7SL674P",7,11.0502716929443,8
"CBX24","CBX2",1,9.27389558097381,8
"AC025154.24","AC025154.2",8,7.5660357496832,8
"GBP54","GBP5",3,12.8366269566229,8
"SLC25A184","SLC25A18",5,9.65659585582253,8
"GRIA44","GRIA4",8,7.84597395280455,8
"PTTG14","PTTG1",1,8.62495559385341,8
"LY6K4","LY6K",1,7.17835701517945,8
"C74","C7",8,10.0056151026232,8
"AC008459.14","AC008459.1",8,7.37944309858703,8
"LINC019564","LINC01956",1,10.0663212928496,8
"PTGS24","PTGS2",4,8.71455375850955,8
"SLC28A34","SLC28A3",4,15.1233674793796,8
"CHAD4","CHAD",7,9.72054081494806,8
"LAMP34","LAMP3",3,11.5939401530694,8
"RIMS24","RIMS2",5,8.47648061020618,8
"AC119673.34","AC119673.3",1,5.62863720527565,8
"ANLN4","ANLN",1,8.89963183680004,8
"RET4","RET",7,6.78490530905534,8
"NXNL24","NXNL2",7,12.3046462954405,8
"NOVA14","NOVA1",7,9.95649123130178,8
"IGF2BP34","IGF2BP3",1,7.4986050486603,8
"SPTSSB4","SPTSSB",6,7.46061725103344,8
"GDF154","GDF15",6,6.61256342909209,8
"AK54","AK5",4,10.855916548478,8
"DLGAP54","DLGAP5",1,9.07370577661307,8
"SLC34A24","SLC34A2",3,9.15378003177663,8
"IL324","IL32",3,10.7002479906276,8
"DLK14","DLK1",8,9.2201060349201,8
"CAPN84","CAPN8",7,11.6511547315191,8
"GBP44","GBP4",3,12.4604905629404,8
"VSIG10L24","VSIG10L2",7,9.21887916421422,8
"CELF44","CELF4",1,9.72097143228436,8
"CRYBB24","CRYBB2",8,4.96148099729214,8
"ACKR24","ACKR2",6,6.81337237934439,8
"CEL4","CEL",6,6.44353805651804,8
"SNTG2-AS14","SNTG2-AS1",5,7.32071792985177,8
"LINC026074","LINC02607",4,11.7628790758215,8
"PITX14","PITX1",1,7.34217991990724,8
"CXCL24","CXCL2",4,10.9045209114067,8
"COL11A24","COL11A2",1,7.8978481413982,8
"KLHL314","KLHL31",5,10.6978547175843,8
"FOXI14","FOXI1",4,10.3965080952032,8
"RIMS14","RIMS1",5,8.56856009489912,8
"KLK104","KLK10",4,9.7448905887978,8
"HJURP4","HJURP",1,9.25240253427114,8
"FUT34","FUT3",6,8.08468798518124,8
"AC010280.14","AC010280.1",5,10.1097865341243,8
"IYD4","IYD",5,10.5442745301593,8
"MMP74","MMP7",4,9.88310803460316,8
"FMO54","FMO5",5,9.50972279668071,8
"GATA3-AS14","GATA3-AS1",7,10.1143918684277,8
"FYB24","FYB2",7,9.9453261568621,8
"MTCYBP134","MTCYBP13",2,7.16619005271466,8
"PRSS214","PRSS21",4,5.14885268270681,8
"HSPB84","HSPB8",7,7.98152963612704,8
"CLGN4","CLGN",6,8.41778541331776,8
"EEF1A24","EEF1A2",7,8.15274526979356,8
"AC008268.14","AC008268.1",7,9.18627893530735,8
"TSPAN15","TSPAN1",7,9.18858816618966,8
"CADM34","CADM3",4,7.14738870786415,8
"OLAH4","OLAH",1,6.28383090383424,8
"FGB4","FGB",6,6.64897346110365,8
"SULT1C44","SULT1C4",5,7.10429700453511,8
"ONECUT24","ONECUT2",6,7.8017247188953,8
"COL4A64","COL4A6",4,9.37708373413596,8
"PTN4","PTN",4,14.9800698420653,8
"TRIM364","TRIM36",5,9.66196850686326,8
"KIF20A4","KIF20A",1,9.0661329841291,8
"ECRG44","ECRG4",4,8.33489154107426,8
"SPAG174","SPAG17",7,9.76191198912023,8
"CDCA54","CDCA5",1,9.08090050414224,8
"AC137932.34","AC137932.3",2,15.6760181883959,8
"IFI44L4","IFI44L",3,12.46131944551,8
"SLITRK64","SLITRK6",7,9.24706669368203,8
"MAOA4","MAOA",8,6.58071040568167,8
"GSDMC4","GSDMC",3,6.94424865581431,8
"FOXD14","FOXD1",1,8.27270985299921,8
"RPL10P94","RPL10P9",4,5.63414423039979,8
"AC106045.14","AC106045.1",5,9.47780574637211,8
"CXCL84","CXCL8",6,7.54123767602786,8
"WNK44","WNK4",7,10.4744582052758,8
"ACSBG14","ACSBG1",2,7.66234664664394,8
"CRLF14","CRLF1",1,7.23174853678495,8
"PKMYT14","PKMYT1",6,8.87999955241134,8
"ADGRL34","ADGRL3",4,6.67637414634518,8
"C2orf724","C2orf72",5,6.68131007749022,8
"AADAT4","AADAT",5,8.20620655688991,8
"ATP6V1C24","ATP6V1C2",1,7.73290151639172,8
"FAM111B4","FAM111B",6,9.41043959779467,8
"PBK4","PBK",1,9.13006208120299,8
"MCM104","MCM10",1,8.98114376096965,8
"GRB144","GRB14",1,8.76083951340716,8
"GNG44","GNG4",1,8.96838858056955,8
"HOXB54","HOXB5",6,6.48383881526042,8
"NLRP24","NLRP2",1,6.41178472296693,8
"SMYD14","SMYD1",8,6.24603783163835,8
"LRP24","LRP2",7,11.2639302193441,8
"ADH1B4","ADH1B",2,9.13355463816246,8
"AC021066.14","AC021066.1",4,7.28572463789678,8
"NFE44","NFE4",1,6.92914227901687,8
"LINC011334","LINC01133",6,6.82646547814042,8
"H2BC44","H2BC4",5,9.40971789108464,8
"NDUFA4L24","NDUFA4L2",6,8.3556448092896,8
"GABRB34","GABRB3",5,7.00425782380117,8
"DRAIC4","DRAIC",7,8.55801950299992,8
"MKI674","MKI67",1,8.96677251441029,8
"XDH4","XDH",4,13.6730617381316,8
"NCAM14","NCAM1",4,8.45327512642336,8
"ASCL24","ASCL2",5,7.81372525269563,8
"QPCT4","QPCT",1,8.2933478507182,8
"LOXL44","LOXL4",4,9.53867087964925,8
"FAM3B4","FAM3B",8,6.30593117973696,8
"LIN7A4","LIN7A",7,7.25325618275,8
"LIF4","LIF",4,8.51249167654227,8
"SLCO1A24","SLCO1A2",8,8.6554616661297,8
"DACH14","DACH1",7,10.6213227503833,8
"ADCY14","ADCY1",7,9.61003593239377,8
"GLYATL14","GLYATL1",6,8.8593211475842,8
"FTCD4","FTCD",6,6.6887674921666,8
"TRABD2B4","TRABD2B",4,12.9482134248135,8
"AFAP1-AS14","AFAP1-AS1",3,7.55118419908526,8
"FOXC24","FOXC2",1,6.13770291581109,8
"SECTM14","SECTM1",3,11.0502544199754,8
"KRT144","KRT14",4,12.1059669770276,8
"ARNTL24","ARNTL2",3,9.43644098686804,8
"PLPPR34","PLPPR3",7,10.8467925333323,8
"BMP74","BMP7",8,7.17227599151368,8
"FGF104","FGF10",8,10.8142463285852,8
"CAPN134","CAPN13",6,7.44159214537708,8
"ATP13A44","ATP13A4",5,7.55427544309793,8
"SIM24","SIM2",1,8.44462399413734,8
"RRM24","RRM2",6,9.15087193342375,8
"HEPACAM24","HEPACAM2",7,8.72561845347558,8
"HOXA104","HOXA10",2,5.70325373499044,8
"DNALI14","DNALI1",7,10.2394285095546,8
"RARRES14","RARRES1",4,12.6146602704572,8
"ABCC84","ABCC8",7,8.99109136519769,8
"GABRE4","GABRE",5,7.62695069518015,8
"COL9A34","COL9A3",1,9.23771649375408,8
"DSG34","DSG3",4,11.0969707518294,8
"POU3F34","POU3F3",2,6.98001290520352,8
"AREG4","AREG",4,9.85174966716605,8
"SOSTDC14","SOSTDC1",4,10.0022171794078,8
"AC093866.14","AC093866.1",7,6.44088127764344,8
"CDH24","CDH2",1,6.19572747365518,8
"SLC6A144","SLC6A14",4,11.5499315911298,8
"S100A94","S100A9",3,9.47157891820311,8
"CACNA1H4","CACNA1H",7,6.47973391900132,8
"CA5BP14","CA5BP1",3,5.65290300490389,8
"APOD4","APOD",5,9.23715094408357,8
"KLK54","KLK5",4,13.8841646692884,8
"CDK14","CDK1",1,8.74530100766101,8
"MAP7D24","MAP7D2",1,7.46911440476713,8
"LINC005044","LINC00504",7,11.7810750093746,8
"MSX24","MSX2",7,8.26579097854394,8
"SUSD34","SUSD3",7,12.100425053639,8
"LTB4","LTB",3,11.4762186418182,8
"TMEM63C4","TMEM63C",5,8.04894112299813,8
"GABBR24","GABBR2",1,8.2125363990156,8
"H2BC94","H2BC9",6,6.36415908930301,8
"TUBB2B4","TUBB2B",4,7.06837797101343,8
"PAMR14","PAMR1",8,9.46799802080811,8
"ERICH34","ERICH3",7,11.1885448112345,8
"DIO14","DIO1",7,7.34560427393141,8
"SERPINA15","SERPINA1",7,8.81239883784936,8
"LINC010184","LINC01018",5,9.61044903252449,8
"EAF24","EAF2",5,9.31895132893403,8
"SLC7A24","SLC7A2",7,8.93263429967745,8
"PPP1R14C4","PPP1R14C",4,8.11322632948066,8
"KIF144","KIF14",1,9.7548512378458,8
"SLC44A44","SLC44A4",7,8.97935237633306,8
"RFLNA4","RFLNA",4,9.19652257463595,8
"OLFML34","OLFML3",5,8.71213841826939,8
"CCNE14","CCNE1",1,8.51973356691076,8
"KANK44","KANK4",8,8.89954902757313,8
"FAM83A4","FAM83A",6,8.46137925822333,8
"LRRC154","LRRC15",6,7.94562912799614,8
"ATP6V0A44","ATP6V0A4",4,6.81849820021336,8
"MMP110","MMP1",3,6.39446619987892,8
"DGKI4","DGKI",4,11.3831140257123,8
"MFAP54","MFAP5",8,5.91807276570661,8
"CMPK24","CMPK2",3,10.6723523071302,8
"TTN4","TTN",5,9.38092267832385,8
"CHST84","CHST8",7,10.0812502592791,8
"SMIM314","SMIM31",5,7.00593152691996,8
"SLITRK44","SLITRK4",5,5.55085629338028,8
"MOGAT24","MOGAT2",5,8.23759007548901,8
"AL031777.24","AL031777.2",5,9.04161127104011,8
"CHRM34","CHRM3",1,9.26177526453923,8
"AC116407.14","AC116407.1",5,7.81895054389453,8
"SLC44A54","SLC44A5",5,6.59575039578818,8
"TERB24","TERB2",5,11.1097226966855,8
"INSYN2B4","INSYN2B",8,8.7203045367883,8
"SIX14","SIX1",5,7.09554382820378,8
"L1CAM4","L1CAM",3,7.41776044996947,8
"CLDN16","CLDN1",5,7.50169552805236,8
"SCUBE24","SCUBE2",7,11.3846349357046,8
"Z95114.14","Z95114.1",5,9.62008178749657,8
"ELN4","ELN",1,6.43431212829182,8
"ZBTB164","ZBTB16",5,7.73458000665294,8
"CCNB24","CCNB2",1,9.17799754958786,8
"SNORA2B4","SNORA2B",8,9.52944494884119,8
"IFIT14","IFIT1",3,10.5284988345681,8
"ALX44","ALX4",8,9.89893488662933,8
"ROPN14","ROPN1",4,9.09203156567783,8
"TINCR4","TINCR",6,7.58203454040728,8
"B3GALT54","B3GALT5",8,8.19056923322887,8
"SGO14","SGO1",1,9.08877157555931,8
"FGFR44","FGFR4",6,7.53415742846151,8
"VSIG24","VSIG2",4,7.86918557476864,8
"ASPN4","ASPN",6,6.56037168978666,8
"LPL4","LPL",3,6.35866149666898,8
"LINC018194","LINC01819",4,13.1525685866922,8
"HOXB74","HOXB7",6,6.83740249630395,8
"CXCL16","CXCL1",4,6.43579408606203,8
"AKR7A34","AKR7A3",7,8.47504689279123,8
"SLC9A24","SLC9A2",5,8.53629175814321,8
"SLC2A144","SLC2A14",5,8.48573635912762,8
"SEMA6D4","SEMA6D",8,8.03002347640684,8
"SMC1B4","SMC1B",1,8.26567524368752,8
"IGF2BP24","IGF2BP2",4,9.3927262963932,8
"MUC154","MUC15",4,10.9677340261172,8
"BTNL94","BTNL9",8,9.15869912621674,8
"C2orf884","C2orf88",8,6.90204573916774,8
"EWSAT14","EWSAT1",7,11.2524528381918,8
"FGFBP14","FGFBP1",4,6.31837166054197,8
"NDC804","NDC80",1,9.04813834410045,8
"PLEKHG74","PLEKHG7",5,7.70967597905485,8
"SOCS34","SOCS3",3,8.07595184951697,8
"BUB1B4","BUB1B",1,9.51287287213579,8
"RAB3B4","RAB3B",5,6.99639013861642,8
"CADM24","CADM2",5,8.28394294441357,8
"DLGAP14","DLGAP1",1,7.31162663050795,8
"VCAM14","VCAM1",3,9.7602197529527,8
"RASD24","RASD2",1,8.08037403443195,8
"SLC5A114","SLC5A11",5,9.76809942802391,8
"HOXA10-AS4","HOXA10-AS",5,7.11357934431568,8
"TOB1-AS14","TOB1-AS1",5,10.1127994255667,8
"RAD51AP14","RAD51AP1",1,8.91141637413788,8
"PNLDC14","PNLDC1",1,5.92018066236865,8
"NOP56P34","NOP56P3",2,8.16158564119994,8
"KLK34","KLK3",7,5.38854166598682,8
"ANGPT14","ANGPT1",1,7.61761552957404,8
"SCRG14","SCRG1",1,9.34710249966219,8
"ANKRD20A11P4","ANKRD20A11P",4,7.21186374531945,8
"BMP54","BMP5",4,6.81143524478365,8
"MFSD4A4","MFSD4A",1,7.97895124988981,8
"SLC43A14","SLC43A1",5,10.1121778998132,8
"LRRC314","LRRC31",6,6.7408630818363,8
"AP002001.24","AP002001.2",5,9.35035590378726,8
"IGLC74","IGLC7",2,5.89104405547634,8
"HRK4","HRK",1,9.96773042506822,8
"MMP134","MMP13",1,6.95071388581105,8
"LINC025934","LINC02593",6,7.79875161481145,8
"AURKA4","AURKA",1,8.54449114953272,8
"OAS24","OAS2",3,11.3070028022833,8
"GUCY2D4","GUCY2D",5,8.25945634559819,8
"MMP124","MMP12",3,8.79310235669742,8
"H194","H19",8,6.95155895068437,8
"LINC012354","LINC01235",4,7.52222026331201,8
"BBOX14","BBOX1",4,14.4223955796467,8
"HLA-DQA24","HLA-DQA2",3,8.10388555868404,8
"HAS34","HAS3",8,6.78859228608813,8
"KIF18B4","KIF18B",1,9.03286481030579,8
"SLC38A44","SLC38A4",5,9.75932348733017,8
"DPT4","DPT",8,11.2036102800693,8
"RAMP34","RAMP3",7,7.52991220446669,8
"DTL4","DTL",1,8.97210678761194,8
"CST64","CST6",6,7.02200740961883,8
"GREB14","GREB1",7,11.4462389279076,8
"EGF4","EGF",8,7.22606159444051,8
"CDCA84","CDCA8",1,8.94236789963606,8
"LMO34","LMO3",1,6.88595914243082,8
"ABO4","ABO",8,7.63805747957593,8
"CENPW4","CENPW",1,8.27409027099733,8
"DCX4","DCX",8,8.05090061010724,8
"C4BPA4","C4BPA",4,11.7669175998407,8
"SGPP24","SGPP2",5,8.92768871728391,8
"C6orf154","C6orf15",1,8.03718889872778,8
"GPX24","GPX2",7,5.82626906955938,8
"CHI3L14","CHI3L1",4,13.8429422702465,8
"KCNK54","KCNK5",1,9.57152878488423,8
"CKS1B4","CKS1B",1,6.30363208692834,8
"DUOXA14","DUOXA1",5,6.83513375762947,8
"MED4-AS14","MED4-AS1",5,9.43604948232674,8
"CD364","CD36",8,8.48895486084069,8
"BEX14","BEX1",7,5.7911341184331,8
"LINC011394","LINC01139",1,7.65244132749166,8
"CCZ1B4","CCZ1B",8,5.69253178137657,8
"REEP64","REEP6",5,7.51652778344238,8
"B3GNT34","B3GNT3",4,6.25882179416149,8
"SPC244","SPC24",1,7.95669503929364,8
"SCARA54","SCARA5",8,12.4582990207987,8
"CHST94","CHST9",4,8.78400441307854,8
"CDCA34","CDCA3",1,9.58995164888268,8
"ABCC44","ABCC4",5,8.4943532862703,8
"CENPF4","CENPF",1,9.35037778587667,8
"HOTAIR4","HOTAIR",6,6.92846176649072,8
"NUDT84","NUDT8",5,9.32774837862327,8
"CCDC1704","CCDC170",7,12.4099604972195,8
"AC103718.14","AC103718.1",3,7.38772432394512,8
"NEURL34","NEURL3",8,6.94670033977595,8
"ADCYAP14","ADCYAP1",4,6.58693658042859,8
"PSCA4","PSCA",6,8.5252530959567,8
"CAPN114","CAPN11",8,8.22193499178806,8
"ZNF2084","ZNF208",7,7.48743420125459,8
"KRT6B4","KRT6B",4,13.1321016811246,8
"SLC12A14","SLC12A1",6,7.13247105801813,8
"ERBB44","ERBB4",7,10.3455780434431,8
"ADGRF14","ADGRF1",4,9.93024185101872,8
"PRR154","PRR15",7,8.82570292397148,8
"TMC54","TMC5",4,7.28979656400242,8
"CCL184","CCL18",3,7.09126105310838,8
"TBX14","TBX1",1,6.82850952209517,8
"SAA44","SAA4",4,10.6986539221834,8
"NCAPG4","NCAPG",1,8.46069723926644,8
"STEAP44","STEAP4",2,5.78537121171321,8
"AP006248.44","AP006248.4",7,7.71249978381032,8
"DIAPH34","DIAPH3",1,8.97935100997072,8
"TOP2A4","TOP2A",1,8.66498139007058,8
"PLK14","PLK1",1,9.26800960964466,8
"OXER14","OXER1",5,8.11395456427602,8
"FOXQ14","FOXQ1",3,6.26319709631227,8
"NRXN34","NRXN3",7,6.16426024888649,8
"CCL194","CCL19",3,7.41092878780744,8
"TPRG14","TPRG1",7,8.39088135897742,8
"CDC454","CDC45",1,8.92107054551588,8
"BUB14","BUB1",1,9.17511372238621,8
"PLP14","PLP1",1,6.59555912803251,8
"TFF24","TFF2",1,7.02454476743144,8
"CCNA24","CCNA2",1,8.29830469862561,8
"COLCA14","COLCA1",4,6.77426210038603,8
"STK32B4","STK32B",7,9.52989229791516,8
"MAGEA44","MAGEA4",1,7.29573338852259,8
"COL9A14","COL9A1",1,9.26937758351628,8
"PSAT14","PSAT1",1,8.17576266388209,8
"EYS4","EYS",5,9.11232754163017,8
"CHRD4","CHRD",7,7.2176692833232,8
"PPARGC1A4","PPARGC1A",8,7.9939478997541,8
"CDKN34","CDKN3",6,8.3060663078636,8
"MUC74","MUC7",4,8.47468165796214,8
"RCOR24","RCOR2",1,9.32844390693167,8
"NLGN4X4","NLGN4X",4,14.1477104872945,8
"ELAVL24","ELAVL2",1,7.31367702822802,8
"HOXB44","HOXB4",7,5.92227052130528,8
"PPP1R1A4","PPP1R1A",4,10.7755110605919,8
"MYBL14","MYBL1",1,8.16884036103102,8
"PI164","PI16",8,7.80907014173508,8
"UBE2T4","UBE2T",1,8.90272306100316,8
"ADM5","ADM",6,7.63646710912435,8
"FAIM24","FAIM2",5,6.74270328949641,8
"HS6ST24","HS6ST2",4,7.54307832236986,8
"PAX64","PAX6",1,5.84099930451227,8
"FLT34","FLT3",7,7.62483420583397,8
"AL117329.14","AL117329.1",6,7.12742847067768,8
"CAMP4","CAMP",6,7.50835321547098,8
"RP14","RP1",7,8.39167970858822,8
"POU2AF14","POU2AF1",8,8.67315061425835,8
"SEPTIN34","SEPTIN3",1,8.09627167950721,8
"RRAD4","RRAD",4,9.15562832333869,8
"CCNE24","CCNE2",6,8.13605125575695,8
"HOXC114","HOXC11",6,8.10538570438692,8
"AQP34","AQP3",5,8.97287838666845,8
"S100A14","S100A1",1,8.36832880582991,8
"E2F14","E2F1",1,8.41644686783981,8
"RANBP3L4","RANBP3L",7,7.87914271459419,8
"CCL54","CCL5",3,11.5836439392918,8
"BARX14","BARX1",1,7.39240669455442,8
"IL344","IL34",4,8.16207031327155,8
"AC009107.24","AC009107.2",2,14.5848975762088,8
"CDCA24","CDCA2",1,8.94621496156499,8
"AL359555.44","AL359555.4",1,9.25458733555483,8
"SOCS2-AS14","SOCS2-AS1",7,6.45085713971476,8
"ADAM24","ADAM2",5,10.7345511799146,8
"RAB6C-AS14","RAB6C-AS1",7,9.74930784561603,8
"IL334","IL33",4,11.8924524439234,8
"FOLR14","FOLR1",4,8.37730099064933,8
"IL4I14","IL4I1",3,11.8311060943457,8
"SHC44","SHC4",1,9.12585725247438,8
"PTGDS4","PTGDS",8,11.1106139448366,8
"STAG34","STAG3",1,6.67047079785922,8
"RMST4","RMST",7,7.5793384170841,8
"COMP4","COMP",6,7.26069694792863,8
"MZB14","MZB1",8,9.28682922485392,8
"PTCHD14","PTCHD1",4,8.56706286667758,8
"LYPD6B4","LYPD6B",7,10.8090830744173,8
"RND14","RND1",6,8.10301506978133,8
"AC099654.54","AC099654.5",2,7.9763328928293,8
"CACNG44","CACNG4",7,7.01681513270254,8
"SCNN1B4","SCNN1B",5,6.86103005156926,8
"GATA24","GATA2",6,9.52437243333955,8
"PTH2R4","PTH2R",1,6.90547342958455,8
"KIF154","KIF15",1,8.33353842447104,8
"CA44","CA4",5,9.22390709803536,8
"FOSB4","FOSB",2,6.93734636106201,8
"ST6GALNAC14","ST6GALNAC1",5,8.11543759754637,8
"PTPRT4","PTPRT",7,8.03500079603635,8
"CX3CR14","CX3CR1",8,6.87521009454335,8
"PLAAT54","PLAAT5",7,7.16744013097984,8
"HPX4","HPX",6,6.16576479873634,8
"LINC021884","LINC02188",4,7.51603574775741,8
"IGSF214","IGSF21",7,6.53931089617226,8
"NRXN14","NRXN1",4,6.37001817488298,8
"CES34","CES3",8,6.62665069226456,8
"CEROX14","CEROX1",4,7.90960182230337,8
"WNT44","WNT4",7,5.73121546800342,8
"IFIT34","IFIT3",3,11.9499278221643,8
"SMOC14","SMOC1",1,7.24106830201446,8
"PNPLA34","PNPLA3",1,6.66688125639747,8
"OGN4","OGN",8,8.48554969641411,8
"ADCY24","ADCY2",5,6.49706426243328,8
"AL355916.24","AL355916.2",5,9.86584223890571,8
"RTP44","RTP4",3,11.4942867405792,8
"NCAM24","NCAM2",7,8.1777346349486,8
"KRT234","KRT23",4,8.43936937257472,8
"CXCL54","CXCL5",8,7.67853745659995,8
"LINC025684","LINC02568",7,6.73010483872044,8
"LRRN34","LRRN3",7,6.23914609553617,8
"ISG154","ISG15",3,11.0708389687186,8
"ADD24","ADD2",1,9.15740570877243,8
"C5orf174","C5orf17",2,5.33506316591255,8
"CSTA4","CSTA",8,6.67057989112384,8
"TRIP134","TRIP13",1,8.66038789972829,8
"SNORA314","SNORA31",2,9.36947875536242,8
"ABCC64","ABCC6",7,6.96037654707782,8
"AC021148.34","AC021148.3",5,8.59055788269781,8
"SYTL54","SYTL5",7,9.54298797100006,8
"ZP24","ZP2",5,9.05400095973557,8
"MECOM4","MECOM",5,7.35701927183078,8
"AF001548.34","AF001548.3",8,9.2820091296566,8
"QPRT4","QPRT",5,7.72722869808661,8
"SRPK34","SRPK3",6,6.98630034649251,8
"TMCC34","TMCC3",5,9.20632290824231,8
"HEY24","HEY2",4,10.4849979868113,8
"AC012358.44","AC012358.4",5,9.23708078170449,8
"LINC027014","LINC02701",5,10.3297376454013,8
"C6orf1414","C6orf141",1,8.24861246595966,8
"ST6GALNAC54","ST6GALNAC5",4,8.89616296366463,8
"AC018865.34","AC018865.3",7,7.43131526579869,8
"MLC14","MLC1",1,8.99906700118979,8
"LINC024734","LINC02473",1,7.90240488892767,8
"HMGB1P114","HMGB1P11",5,10.4325986453409,8
"FSIP14","FSIP1",7,8.33634914684596,8
"LINC008624","LINC00862",7,6.63099181439294,8
"FRZB4","FRZB",4,7.69736801716653,8
"SLC14A14","SLC14A1",8,8.63789324190453,8
"NEURL14","NEURL1",1,5.68059569969729,8
"GFRA34","GFRA3",1,10.3279766698892,8
"KLRG24","KLRG2",1,9.62520956452597,8
"TYMS4","TYMS",1,9.0427634455792,8
"HPSE24","HPSE2",8,9.50252939859836,8
"ANGPTL44","ANGPTL4",4,8.86868510800198,8
"THBS24","THBS2",1,6.52256371677553,8
"NRIP34","NRIP3",7,10.6792550323009,8
"FAM107A4","FAM107A",1,6.01776777012101,8
"CDSN4","CDSN",6,5.59415721871476,8
"NTS4","NTS",7,7.30527248769867,8
"RNU6-195P4","RNU6-195P",2,9.95600526816584,8
"PCDHB34","PCDHB3",4,5.78243265692048,8
"FUT24","FUT2",3,6.65236223937951,8
"AC080013.44","AC080013.4",4,10.7831474094873,8
"CKAP2L4","CKAP2L",1,8.82826715535182,8
"UNC5A4","UNC5A",5,7.11835491459213,8
"CEACAM54","CEACAM5",6,8.24617411253887,8
"ZFP574","ZFP57",4,5.85223812129026,8
"PKP14","PKP1",8,6.86228759831382,8
"H3C104","H3C10",6,7.52678938168757,8
"LGR64","LGR6",4,7.28727294415454,8
"SPINK54","SPINK5",8,7.6283722850914,8
"IGDCC34","IGDCC3",7,7.69461405083601,8
"HSD17B24","HSD17B2",5,6.51072311792436,8
"POLQ4","POLQ",1,8.14508741084597,8
"EDN24","EDN2",4,5.9725371874415,8
"LINC006324","LINC00632",8,7.02096674294746,8
"ADAM334","ADAM33",8,11.3905208685234,8
"HOXB24","HOXB2",7,7.21626321077126,8
"ITIH24","ITIH2",7,7.42554998200747,8
"HAPLN14","HAPLN1",8,6.51829284002375,8
"SOCS24","SOCS2",4,6.25859569360977,8
"PWWP3B4","PWWP3B",7,7.56942096449032,8
"PCOLCE24","PCOLCE2",1,8.43969388719459,8
"PAPSS24","PAPSS2",5,7.74477866265899,8
"CNTFR4","CNTFR",1,6.61889512213867,8
"TCIM4","TCIM",4,6.69690347234714,8
"SULT1C24","SULT1C2",5,7.06875320173468,8
"PIMREG4","PIMREG",1,9.70295139266413,8
"LGALS124","LGALS12",6,7.1397427292223,8
"TTK4","TTK",1,9.00002153042528,8
"CDT14","CDT1",1,8.39535299276859,8
"SKA34","SKA3",1,8.93543267938405,8
"SFRP44","SFRP4",8,5.27070683707778,8
"TAC14","TAC1",8,7.17525186414834,8
"EGR34","EGR3",8,7.12973196557243,8
"HOXB34","HOXB3",7,7.13669964664756,8
"SPIB4","SPIB",3,8.57920211049649,8
"CD79A4","CD79A",3,8.49722783865882,8
"NGFR4","NGFR",4,8.58086928708168,8
"GSN-AS14","GSN-AS1",2,11.9218576450345,8
"SYT84","SYT8",8,7.41012500015745,8
"HERC2P34","HERC2P3",8,7.33017660065096,8
"EXO14","EXO1",1,8.49358695506283,8
"AC012349.14","AC012349.1",8,8.79064252362436,8
"IL7R4","IL7R",3,8.46109352307786,8
"APBA24","APBA2",1,7.68723524124626,8
"TRPM84","TRPM8",1,7.83840148169027,8
"H4C54","H4C5",5,6.8011988883916,8
"KCNJ164","KCNJ16",4,10.6712654425877,8
"RERGL4","RERGL",8,6.73477143978351,8
"SHOX24","SHOX2",8,7.24262303587879,8
"RYR24","RYR2",5,7.32387599024816,8
"LINP14","LINP1",1,6.79247224490873,8
"ABCG24","ABCG2",4,8.05459334100907,8
"U62317.14","U62317.1",3,7.42833550908367,8
"SLC1A14","SLC1A1",6,6.31733023087834,8
"CLEC2L4","CLEC2L",1,8.07093100951083,8
"SYNPO2L4","SYNPO2L",7,5.75744118842962,8
"AP003119.34","AP003119.3",5,9.24285015703629,8
"MPZ4","MPZ",8,5.65924001978389,8
"PRC14","PRC1",1,8.63506664934259,8
"NRG14","NRG1",4,12.353661534532,8
"CTSV4","CTSV",4,8.34668374689021,8
"ANKRD36BP24","ANKRD36BP2",8,7.53348746213556,8
"CYP4B14","CYP4B1",4,6.61894105145906,8
"CHI3L24","CHI3L2",3,8.06383289935672,8
"RNF1284","RNF128",4,7.36453113728042,8
"SAMD114","SAMD11",6,8.30622253852661,8
"PTGIS4","PTGIS",1,7.21486207735029,8
"SIM14","SIM1",1,7.54826469967617,8
"RMI24","RMI2",1,7.47632059527012,8
"RAD54L4","RAD54L",1,8.55695252494131,8
"AKR1C14","AKR1C1",1,5.61503285000771,8
"NSG14","NSG1",8,8.40367954118929,8
"TNN4","TNN",8,9.86834063272448,8
"IL17B4","IL17B",4,6.84067136732072,8
"C15orf484","C15orf48",7,10.1290091884669,8
"KIF26B4","KIF26B",1,7.42060625668804,8
"NKAIN14","NKAIN1",7,7.0344308632552,8
"DGAT24","DGAT2",1,8.91002382209486,8
"LINC012264","LINC01226",5,8.5597658214952,8
"C11orf964","C11orf96",8,6.86177096475404,8
"LEMD14","LEMD1",1,8.78386718020338,8
"PWP24","PWP2",1,5.96003682957612,8
"AC026124.14","AC026124.1",8,7.63612395460796,8
"DIRAS34","DIRAS3",7,7.50048209720066,8
"TROAP4","TROAP",1,8.32673976739881,8
"EMILIN34","EMILIN3",8,6.08915964554228,8
"SLC41A24","SLC41A2",5,8.49756410119713,8
"IFI444","IFI44",3,10.6684335359326,8
"EPSTI14","EPSTI1",3,11.8435938096078,8
"GINS14","GINS1",1,8.09773474086549,8
"AP000356.14","AP000356.1",5,8.23094809900405,8
"FUT64","FUT6",5,5.66011540461327,8
"EPHA74","EPHA7",1,7.42949058008297,8
"ZFP424","ZFP42",1,7.93067354051078,8
"FAM198B-AS14","FAM198B-AS1",7,8.56041015890782,8
"IL22RA24","IL22RA2",3,6.85068250277865,8
"AMTN4","AMTN",3,6.70424375616113,8
"TP634","TP63",8,8.22603102673011,8
"CCL3L34","CCL3L3",3,7.94698476510482,8
"GPC34","GPC3",8,10.355571235737,8
"GPR124","GPR12",1,6.69098319249045,8
"NEFH4","NEFH",8,5.07453062558627,8
"PCDHB24","PCDHB2",1,5.87000062258335,8
"LINGO14","LINGO1",1,6.51539520069456,8
"C19orf814","C19orf81",4,6.76152738241643,8
"WNT64","WNT6",1,7.46458771809536,8
"PRELP4","PRELP",4,6.31531282915169,8
"MUC194","MUC19",8,5.55412253641156,8
"RBP44","RBP4",4,7.3943769329525,8
"RASL10A4","RASL10A",8,9.75094266839011,8
"PEG34","PEG3",1,5.13399845351156,8
"CILP4","CILP",8,7.27532193733602,8
"BCL2A14","BCL2A1",3,11.1584969536007,8
"OSGIN14","OSGIN1",5,8.71311202364302,8
"DNAJC124","DNAJC12",7,9.17068416328648,8
"ECM14","ECM1",8,6.50730549940196,8
"BMP64","BMP6",1,6.66765554475336,8
"SOWAHA4","SOWAHA",7,7.41109734135227,8
"PPP2R2C4","PPP2R2C",6,6.61871980693517,8
"MNX14","MNX1",6,8.55913212665149,8
"ADAMTS174","ADAMTS17",5,7.34175129722333,8
"AL162413.14","AL162413.1",1,7.18875339277832,8
"ABCA134","ABCA13",1,6.50490435593411,8
"DNAAF14","DNAAF1",7,10.2061247326135,8
"DUOX14","DUOX1",5,7.42272986155087,8
"CCN34","CCN3",4,8.59769073456602,8
"PCAT194","PCAT19",8,6.42895182193717,8
"LINC020154","LINC02015",6,7.912216489748,8
"CAVIN24","CAVIN2",8,7.50641679093179,8
"INPP5J4","INPP5J",7,8.40415066184981,8
"SYT15","SYT1",8,6.7002073760331,8
"CA24","CA2",1,5.98030444281964,8
"CA94","CA9",1,7.52861996651382,8
"CA34","CA3",4,9.18522583316802,8
"HOXA74","HOXA7",2,5.80514537883636,8
"FABP34","FABP3",4,5.09501702740276,8
"RAB7B4","RAB7B",1,6.1157788178111,8
"GPX34","GPX3",8,7.15528812590654,8
"CFI4","CFI",4,12.9171032391967,8
"FAM171A24","FAM171A2",1,8.90619404480827,8
"SYCP34","SYCP3",2,10.3582109801572,8
"AC144450.14","AC144450.1",7,7.79311233182607,8
"SLC5A15","SLC5A1",4,8.65290854002427,8
"TNFRSF194","TNFRSF19",4,5.91277520328241,8
"HES64","HES6",6,8.06772238207526,8
"NR4A34","NR4A3",4,5.95167643012011,8
"RSPO34","RSPO3",8,8.09265273270756,8
"KCND34","KCND3",7,10.1535305335112,8
"BCAS14","BCAS1",7,8.81795020251822,8
"H2BC84","H2BC8",5,8.46643340018598,8
"TMEM86A4","TMEM86A",6,7.60968033183903,8
"HSPA24","HSPA2",5,7.34274494364475,8
"LINC026134","LINC02613",4,6.80878986405642,8
"PARM14","PARM1",5,8.15289756107111,8
"NR2E34","NR2E3",7,9.76621196262194,8
"CYP27C14","CYP27C1",1,6.72626338413054,8
"VASH24","VASH2",1,7.20076944607116,8
"KCTD144","KCTD14",4,10.2682523716447,8
"TLR74","TLR7",5,9.27206348968685,8
"AP001636.34","AP001636.3",5,6.44801780951857,8
"CDC42EP54","CDC42EP5",5,8.03953780258832,8
"AC007906.24","AC007906.2",4,10.8632659191422,8
"MS4A16","MS4A1",3,9.01360059687293,8
"AL031666.34","AL031666.3",2,9.21435044854357,8
"G0S24","G0S2",3,6.75320349429344,8
"S100B4","S100B",4,10.7063555420701,8
"SLCO1B3-SLCO1B74","SLCO1B3-SLCO1B7",5,10.7153469990394,8
"ADTRP4","ADTRP",4,5.3525915516353,8
"MIR3142HG4","MIR3142HG",3,7.29476726202376,8
"DCT4","DCT",4,8.11049785762556,8
"CCL44","CCL4",3,9.87042834554941,8
"KCNQ44","KCNQ4",1,7.98218026500247,8
"CHODL4","CHODL",1,8.09531730292191,8
"ESPL14","ESPL1",1,8.1913171072965,8
"CDC64","CDC6",1,7.68537145996808,8
"TTC64","TTC6",7,10.30871895972,8
"ABCA84","ABCA8",8,9.68517574290839,8
"MYL74","MYL7",8,5.95852510853087,8
"GATA2-AS14","GATA2-AS1",6,9.59714277339576,8
"RHEX4","RHEX",1,7.14552772025513,8
"PRTFDC14","PRTFDC1",1,8.55070439447336,8
"UHRF14","UHRF1",6,8.1460917948967,8
"ABLIM34","ABLIM3",7,6.20049628481982,8
"TICRR4","TICRR",1,9.1455954754619,8
"HOXA64","HOXA6",8,9.14688817206256,8
"SPOCK24","SPOCK2",3,9.65213979067804,8
"DLX24","DLX2",7,7.51005305568458,8
"AC006509.34","AC006509.3",8,9.84567980982176,8
"NAV34","NAV3",7,7.16699449805922,8
"SPINK14","SPINK1",4,7.35432555502342,8
"KCNJ84","KCNJ8",8,7.67545645663624,8
"KCNJ24","KCNJ2",2,7.16285336392442,8
"TCEAL24","TCEAL2",4,6.5348130653243,8
"F13A14","F13A1",8,7.60258343209422,8
"TAFA54","TAFA5",4,6.25296518175905,8
"GALNT54","GALNT5",7,7.15934781702478,8
"IFI274","IFI27",3,9.74008201607665,8
"NCMAP4","NCMAP",4,11.6959613491496,8
"AL078581.24","AL078581.2",2,9.04243382918371,8
"AARD4","AARD",1,9.42886346558674,8
"LINC018764","LINC01876",7,5.13589199541905,8
"LINC025954","LINC02595",4,7.19055471966332,8
"KCNK24","KCNK2",4,10.2374830493596,8
"AC036108.34","AC036108.3",4,10.054066254224,8
"KCNJ34","KCNJ3",7,6.8553105957974,8
"C10orf904","C10orf90",4,8.07996227460753,8
"IL1B4","IL1B",3,8.83983030737088,8
"NCAPH4","NCAPH",1,8.21457965120967,8
"AC011365.24","AC011365.2",7,9.22479083333153,8
"AC131206.14","AC131206.1",1,6.43488908168454,8
"B4GALNT24","B4GALNT2",5,7.14648511180087,8
"C1QL24","C1QL2",3,7.33960871360683,8
"AMH4","AMH",6,8.28742975230942,8
"FAT24","FAT2",4,9.46693492546583,8
"MX14","MX1",3,11.6568515435228,8
"AL158064.14","AL158064.1",5,10.1294384875018,8
"CARTPT4","CARTPT",7,6.15087808483455,8
"RAI24","RAI2",7,8.4687074559995,8
"RECQL44","RECQL4",1,8.18364546190253,8
"TMEM178A4","TMEM178A",8,8.4578884930929,8
"POF1B4","POF1B",4,9.75909329594911,8
"ABCA44","ABCA4",4,6.59836397964581,8
"BATF24","BATF2",3,10.5676586674901,8
"IFIT24","IFIT2",3,10.4669469611789,8
"VEGFD4","VEGFD",8,10.3314099142861,8
"APOL44","APOL4",7,6.46155293849177,8
"GPR874","GPR87",4,11.4555847610034,8
"TRAC4","TRAC",3,9.93525883485135,8
"TNFRSF184","TNFRSF18",3,6.12486731711494,8
"LRP84","LRP8",1,7.21483554077695,8
"TRO4","TRO",8,6.43328194220928,8
"CPA44","CPA4",6,6.7835103709177,8
"WNT114","WNT11",1,6.29302736646464,8
"FGF24","FGF2",4,9.66253890365181,8
"SPON14","SPON1",4,6.6856371118607,8
"SERPINE14","SERPINE1",6,7.12191902669991,8
"PCP44","PCP4",1,6.16211202814075,8
"ATRNL14","ATRNL1",7,6.81235569937984,8
"CSF3R4","CSF3R",7,6.82769012019075,8
"CD74","CD7",3,10.7038323975838,8
"UGT84","UGT8",1,7.90996919852504,8
"SIDT14","SIDT1",7,8.51039607565425,8
"ORC64","ORC6",1,8.49831363048831,8
"CSF2RB4","CSF2RB",3,9.98483986759425,8
"PDE8B4","PDE8B",4,7.57882734472654,8
"MROH64","MROH6",6,6.41725995207793,8
"ZNF3344","ZNF334",4,6.816937103145,8
"BCAT14","BCAT1",3,6.9921790705691,8
"HMMR4","HMMR",6,7.99007903115811,8
"AMPH4","AMPH",8,5.95057793874753,8
"ALPK34","ALPK3",5,8.02102497083489,8
"FCRL54","FCRL5",3,8.17853814354586,8
"KIF114","KIF11",1,8.33223243150295,8
"STARD44","STARD4",5,6.88912168891613,8
"ABCB14","ABCB1",2,7.55779268691073,8
"RNF1834","RNF183",4,10.1301469681445,8
"TOX34","TOX3",7,7.6148569335452,8
"AC020907.14","AC020907.1",1,9.67129666451074,8
"COL13A14","COL13A1",6,9.51192730594097,8
"LYVE14","LYVE1",2,8.47974769398345,8
"E2F84","E2F8",1,8.02119883003791,8
"RHOH4","RHOH",7,9.70722510702349,8
"CACNA2D24","CACNA2D2",7,8.7800527676142,8
"NUDT114","NUDT11",1,6.00563613610401,8
"AC103591.34","AC103591.3",4,5.69601981681014,8
"TNFAIP64","TNFAIP6",8,5.94540170594597,8
"PCDHB54","PCDHB5",5,6.18060245590088,8
"OSR24","OSR2",3,4.94962927416913,8
"CNTN14","CNTN1",8,9.97645912542051,8
"FIBIN4","FIBIN",4,9.98900900519883,8
"CYP24A14","CYP24A1",2,6.52402001401554,8
"CDO14","CDO1",4,7.51050796621083,8
"RTN14","RTN1",7,7.79938062354332,8
"PLEKHB14","PLEKHB1",1,8.32314446910618,8
"DNAH114","DNAH11",1,5.65352322091872,8
"STX194","STX19",5,8.22027761451568,8
"ALDH1A14","ALDH1A1",8,8.47569675577466,8
"SRD5A14","SRD5A1",5,8.92874355907702,8
"AC044810.24","AC044810.2",8,7.42623060780449,8
"GLRB4","GLRB",7,6.6903404451616,8
"MMP164","MMP16",8,9.75672983465694,8
"ETV44","ETV4",4,6.82116497168167,8
"CCDC144NL-AS14","CCDC144NL-AS1",1,5.61747623372144,8
"PSMB94","PSMB9",3,11.0360419263959,8
"THBS44","THBS4",8,6.51054145659459,8
"C16orf744","C16orf74",7,8.8470951899983,8
"NRAD14","NRAD1",4,6.53161504996745,8
"GRIK14","GRIK1",7,6.23788803493904,8
"CHRDL24","CHRDL2",1,5.65778983992534,8
"STC14","STC1",7,8.19197601949496,8
"SLC38A34","SLC38A3",3,7.3522782996227,8
"TMEM200C4","TMEM200C",1,6.36884321211189,8
"HOXC134","HOXC13",1,7.31860688379395,8
"AGTR14","AGTR1",4,6.22764332236095,8
"LINC028144","LINC02814",5,9.24778729256673,8
"TBX184","TBX18",8,8.95567975548985,8
"DOK54","DOK5",4,6.94100310854866,8
"ATP6V1B14","ATP6V1B1",8,7.09963322265424,8
"SPAG64","SPAG6",7,9.47920978985774,8
"GNLY4","GNLY",3,10.7403441272895,8
"CSPG44","CSPG4",4,5.87748527988256,8
"SUSD54","SUSD5",1,7.71955647530849,8
"AP000851.24","AP000851.2",3,6.78637675954336,8
"DDX434","DDX43",2,6.0404164164642,8
"RAD17P14","RAD17P1",7,9.44361738466425,8
"CLIC34","CLIC3",6,7.06329484768407,8
"GALNT144","GALNT14",3,6.49271165015336,8
"ZNF4694","ZNF469",1,7.61016326797336,8
"MPPED24","MPPED2",4,6.99698757974241,8
"KIAA1549L4","KIAA1549L",1,6.29278202595075,8
"LTF4","LTF",4,9.23502754496653,8
"SF3B44","SF3B4",1,5.99679724812234,8
"CTNNA24","CTNNA2",2,6.8266206439181,8
"CNTN44","CNTN4",2,6.84728223712511,8
"AL645608.74","AL645608.7",6,5.24322586450799,8
"KNL14","KNL1",1,7.95787566982572,8
"HS6ST34","HS6ST3",7,6.35992215109111,8
"RNVU1-224","RNVU1-22",1,5.48330922725937,8
"MFAP44","MFAP4",8,9.92332560034783,8
"MOXD14","MOXD1",3,6.95558767687342,8
"STMND14","STMND1",7,8.28395748724433,8
"MELTF4","MELTF",4,9.53987914139122,8
"TNNI24","TNNI2",4,6.08336103308491,8
"SPHKAP4","SPHKAP",8,6.18739736177726,8
"SRPX5","SRPX",8,10.5569457591919,8
"SKA14","SKA1",1,8.40388747643356,8
"FERMT14","FERMT1",1,5.83410189807358,8
"GATA64","GATA6",1,6.2010469790059,8
"EFCC14","EFCC1",5,7.44845448192552,8
"AC010735.24","AC010735.2",7,8.16579210061902,8
"EMID14","EMID1",7,6.33347122791171,8
"DERL34","DERL3",8,8.82193846288988,8
"PTPRZ14","PTPRZ1",4,9.84451814788376,8
"PDZK1IP14","PDZK1IP1",6,6.33361855248507,8
"MEIS34","MEIS3",7,7.68036815923536,8
"MUC44","MUC4",3,5.21395415251022,8
"PIF14","PIF1",1,8.72267163151612,8
"ID14","ID1",8,7.70001288149224,8
"NTF44","NTF4",4,7.32004038688097,8
"IL2RG4","IL2RG",3,11.7776742884333,8
"AC105914.24","AC105914.2",5,7.77548900959671,8
"RPS264","RPS26",8,6.42893154354501,8
"NFE2L34","NFE2L3",3,7.70718937013972,8
"DCHS24","DCHS2",3,6.52597925549553,8
"CD1094","CD109",1,6.34098605481932,8
"PPP1R3C4","PPP1R3C",4,7.89729583632792,8
"JAM34","JAM3",8,9.69278527370159,8
"MORN34","MORN3",1,6.83665224452614,8
"ITM2A4","ITM2A",8,7.95035811611002,8
"ZNF1544","ZNF154",7,6.93840577013831,8
"AC092447.74","AC092447.7",4,5.31856992195239,8
"CD3E4","CD3E",3,9.6304053255147,8
"PLCD44","PLCD4",7,8.37637729575311,8
"TMEM1004","TMEM100",4,7.74796182399465,8
"CCL26","CCL2",3,9.89058344865788,8
"CTNND24","CTNND2",4,7.11873371053924,8
"HS3ST44","HS3ST4",4,7.75564082102274,8
"EDNRB4","EDNRB",8,11.0802690924215,8
"UGT2B174","UGT2B17",7,7.16636703088159,8
"CORO64","CORO6",6,6.1007123093978,8
"LGALS94","LGALS9",3,8.87984288370711,8
"NPW4","NPW",1,8.10446909813253,8
"CREB3L14","CREB3L1",6,6.19994215971281,8
"ZBTB20-AS24","ZBTB20-AS2",2,7.8757894306842,8
"PLAAT14","PLAAT1",1,7.91057566898782,8
"RNF2124","RNF212",2,5.50028725194359,8
"ERP274","ERP27",1,6.57264679293435,8
"AC122688.34","AC122688.3",5,8.25883997065771,8
"NRTN4","NRTN",1,8.29556793102365,8
"BMP24","BMP2",1,7.68918098061557,8
"DSCC14","DSCC1",1,8.92160497676636,8
"AC090994.14","AC090994.1",7,6.68097413487598,8
"AC104407.14","AC104407.1",7,8.82517287726479,8
"RAD514","RAD51",1,7.73777182674518,8
"AC126178.14","AC126178.1",5,9.54365953129206,8
"VNN14","VNN1",3,7.01209305482649,8
"ARL94","ARL9",1,8.5616383326383,8
"HTR2A4","HTR2A",4,8.9453465566076,8
"TMPRSS34","TMPRSS3",3,6.74725713798879,8
"CNN14","CNN1",4,8.10657639271945,8
"HERC54","HERC5",3,8.47870592525394,8
"KREMEN24","KREMEN2",1,7.15808157495296,8
"AC010329.14","AC010329.1",5,8.32818243226158,8
"SNORA134","SNORA13",8,9.76162805597177,8
"RNU1-85P4","RNU1-85P",4,4.80997401676184,8
"NUSAP14","NUSAP1",1,7.56728000044444,8
"AKR1B14","AKR1B1",4,6.11472380589038,8
"ST8SIA64","ST8SIA6",7,10.7532163982853,8
"KIF234","KIF23",1,8.81184210433244,8
"REEP14","REEP1",7,9.93048954242928,8
"CLPSL24","CLPSL2",6,7.3608132791359,8
"MT-TM4","MT-TM",1,5.28455662368569,8
"MTND3P254","MTND3P25",2,5.20207155709361,8
"TSPAN184","TSPAN18",1,7.15819434940122,8
"PCSK94","PCSK9",5,6.64590235840018,8
"AL161945.14","AL161945.1",4,7.9498703537549,8
"CCDC1604","CCDC160",7,6.88571662132931,8
"AC099506.14","AC099506.1",5,8.60348113920479,8
"CENPM4","CENPM",1,7.48938274845995,8
"ANKRD18A4","ANKRD18A",2,6.72215686413231,8
"AFF34","AFF3",7,10.3319271920496,8
"CDKN2B4","CDKN2B",3,6.34787687857215,8
"AC011447.34","AC011447.3",5,7.16865382571739,8
"KRBOX14","KRBOX1",4,8.05629410373092,8
"GPC24","GPC2",1,8.11976512845692,8
"MT-TR4","MT-TR",1,7.70571982422749,8
"KCNG14","KCNG1",1,8.27758728329757,8
"MESP14","MESP1",4,8.69843292807629,8
"TENM24","TENM2",8,8.94793600228548,8
"VIM-AS14","VIM-AS1",4,8.34661890068086,8
"CCN64","CCN6",4,6.17146315694796,8
"ZIC24","ZIC2",6,7.42354661786489,8
"CCL34","CCL3",3,9.65773049678884,8
"MMP34","MMP3",3,5.48423979014854,8
"SEMA3G4","SEMA3G",8,8.9015474748523,8
"EFR3B4","EFR3B",7,6.16042309231131,8
"ADGRB14","ADGRB1",4,6.19659809106331,8
"HAPLN34","HAPLN3",4,7.57156730386449,8
"RHOXF1-AS14","RHOXF1-AS1",8,5.63859415301853,8
"DEPDC1B4","DEPDC1B",1,8.08818009179014,8
"MAMDC24","MAMDC2",8,7.77570113965601,8
"PDE10A4","PDE10A",8,5.51539753327487,8
"MAPK154","MAPK15",1,7.1509403182391,8
"CD24","CD2",3,11.2223714143507,8
"TGFB24","TGFB2",1,6.18556819231597,8
"CNTD14","CNTD1",7,7.69138899312842,8
"CYYR14","CYYR1",4,8.75713318819089,8
"AC018629.14","AC018629.1",8,9.21879549319187,8
"B3GALT5-AS14","B3GALT5-AS1",8,7.64880598759244,8
"CHEK14","CHEK1",1,8.65853721210345,8
"EDIL34","EDIL3",8,8.87924261945591,8
"HOXA-AS24","HOXA-AS2",2,10.19249681476,8
"RASSF104","RASSF10",8,5.98934285711382,8
"PLA2G74","PLA2G7",3,7.8168752020871,8
"AC005253.14","AC005253.1",2,11.9679906126225,8
"HR4","HR",1,6.6184304438858,8
"ALDH1L14","ALDH1L1",5,5.11104650367791,8
"OLFM24","OLFM2",1,7.96973658180848,8
"PROM14","PROM1",4,9.68244088843789,8
"GJC34","GJC3",4,8.51943805124295,8
"ADGRB24","ADGRB2",7,10.0403049942589,8
"TPPP34","TPPP3",8,6.38731290670837,8
"VOPP14","VOPP1",6,6.69683023823728,8
"AL022151.14","AL022151.1",5,8.74449921437951,8
"WDR864","WDR86",8,7.35754719263837,8
"PLIN14","PLIN1",2,5.05894577965377,8
"CXCL34","CXCL3",4,7.26085669026873,8
"MS4A154","MS4A15",5,6.64888394231961,8
"H2BC114","H2BC11",1,6.38185825922704,8
"CCL84","CCL8",3,9.19650646517389,8
"CLSPN4","CLSPN",1,7.82131486567326,8
"MEOX14","MEOX1",8,6.47780273431799,8
"CRACR2A4","CRACR2A",8,6.60299179470375,8
"TGM24","TGM2",3,9.43742377931693,8
"SLCO1B74","SLCO1B7",5,9.85953146116957,8
"CHRDL14","CHRDL1",8,7.7770460975199,8
"PTK64","PTK6",5,6.73946806323418,8
"KLK24","KLK2",8,6.6664787102443,8
"AOX14","AOX1",4,5.7818484228325,8
"SLC16A64","SLC16A6",7,9.84167199186224,8
"TRBC24","TRBC2",3,9.48840672612497,8
"AC018816.14","AC018816.1",7,7.21599066524846,8
"FCER1A4","FCER1A",4,7.87644695165757,8
"MRC14","MRC1",8,6.94889105903256,8
"RYR34","RYR3",8,8.05762679384409,8
"ENPP24","ENPP2",8,10.3534596115104,8
"PTGER34","PTGER3",7,8.87853566435512,8
"MAT2A4","MAT2A",4,5.3504182936107,8
"ICAM14","ICAM1",3,10.4054200492354,8
"PADI34","PADI3",6,9.04513128691685,8
"GREM14","GREM1",5,7.05974233401439,8
"RGS224","RGS22",7,8.84950309659932,8
"KCNK174","KCNK17",4,6.55958192231777,8
"E2F24","E2F2",1,8.54528074272789,8
"DAPP14","DAPP1",3,8.77207462044473,8
"CHL14","CHL1",8,8.37664092039755,8
"NOXO14","NOXO1",3,6.45628467636836,8
"AC020659.14","AC020659.1",4,8.6908707373157,8
"PYGO14","PYGO1",8,6.36460141787115,8
"SHCBP14","SHCBP1",1,7.87707725592724,8
"OASL4","OASL",3,10.1446724728919,8
"DOK74","DOK7",7,8.26975153719223,8
"GAS6-AS14","GAS6-AS1",8,6.1955677811238,8
"NR1H44","NR1H4",5,8.92922290115943,8
"FCGR2B4","FCGR2B",3,9.52059919905857,8
"SLITRK54","SLITRK5",8,7.80557888239603,8
"CYP26A14","CYP26A1",7,6.61962747727386,8
"CLCF14","CLCF1",4,7.07821163207727,8
"AL136296.14","AL136296.1",7,9.04634559611046,8
"GOLGA8N4","GOLGA8N",2,8.34526928342899,8
"ADAMDEC14","ADAMDEC1",3,10.3040622952254,8
"GALNT164","GALNT16",8,7.91205051891412,8
"C4orf194","C4orf19",4,6.82044593502069,8
"DIO3OS4","DIO3OS",5,5.80025435139208,8
"MT1M4","MT1M",4,7.86840977101833,8
"PDE9A4","PDE9A",1,6.95052110009316,8
"PRSS334","PRSS33",1,9.5331251129703,8
"ACOT44","ACOT4",6,6.97618731947687,8
"CPNE74","CPNE7",1,6.5549216203694,8
"MAPK124","MAPK12",1,7.4190590337958,8
"PRR114","PRR11",1,8.47010647014865,8
"CCDC1584","CCDC158",7,7.45658911243663,8
"CFD4","CFD",8,8.7324128976935,8
"VPS9D1-AS14","VPS9D1-AS1",1,7.23053344049074,8
"CCL204","CCL20",3,8.92076670627903,8
"ROCR4","ROCR",4,12.3004730462443,8
"CDHR34","CDHR3",7,7.65020752801842,8
"AL355512.14","AL355512.1",5,9.22662054926616,8
"NTRK34","NTRK3",8,8.54382124678416,8
"CHRNA24","CHRNA2",5,10.3249351709935,8
"KCNH84","KCNH8",4,10.5293175737421,8
"FRMD34","FRMD3",1,7.08505541214512,8
"MCM24","MCM2",1,7.73863516646368,8
"HLA-DQB24","HLA-DQB2",3,7.90247443020718,8
"SNCG4","SNCG",4,7.35920960638989,8
"SULT1A24","SULT1A2",6,6.99058593444367,8
"SLC7A54","SLC7A5",1,7.40474803857376,8
"LILRB44","LILRB4",3,9.97214795783049,8
"MFSD2A4","MFSD2A",4,7.49507631721814,8
"OXTR4","OXTR",2,6.78791746321101,8
"MGAT34","MGAT3",1,6.45634136423268,8
"ANKRD294","ANKRD29",8,7.67892799475494,8
"IGSF9B4","IGSF9B",8,5.95984780153389,8
"SIX24","SIX2",6,7.96539659847651,8
"NRXN24","NRXN2",8,9.15910650785388,8
"OLR14","OLR1",3,8.34702970562423,8
"TK14","TK1",6,7.03205501909011,8
"AL035425.44","AL035425.4",1,5.77842922475263,8
"SLC35F34","SLC35F3",4,6.87636794330071,8
"DUXAP84","DUXAP8",1,7.49019590760747,8
"SLC15A24","SLC15A2",5,7.5940364368234,8
"LSAMP4","LSAMP",8,8.16616640029836,8
"AC009501.34","AC009501.3",1,8.5525068526019,8
"TMEM2104","TMEM210",5,8.90491593906844,8
"LINC005114","LINC00511",1,7.72229662882494,8
"SCX4","SCX",1,7.17135741110272,8
"AL139220.24","AL139220.2",7,6.84881925305674,8
"AL669831.44","AL669831.4",2,8.36827308002622,8
"GATA6-AS14","GATA6-AS1",1,7.95468558262924,8
"IL1RN4","IL1RN",3,6.88300139595308,8
"ZNF826P4","ZNF826P",5,5.65642990835237,8
"MT1X4","MT1X",4,10.3329967778365,8
"PEG104","PEG10",1,6.9366944015136,8
"TWIST24","TWIST2",8,8.31204671308217,8
"LRRC264","LRRC26",5,7.03475992984218,8
"NRCAM4","NRCAM",1,4.90775932573865,8
"CCL4L24","CCL4L2",3,8.40488344716421,8
"ACSL64","ACSL6",3,6.05041446569326,8
"SCARNA224","SCARNA22",2,6.67745501986309,8
"LRRC4C4","LRRC4C",4,10.4010881105492,8
"FUT94","FUT9",4,5.63815607892213,8
"KCNQ54","KCNQ5",1,7.00122031548575,8
"SEMA3D4","SEMA3D",8,8.52131381668411,8
"PIWIL24","PIWIL2",8,6.10064069421573,8
"DLX14","DLX1",8,5.56673937490722,8
"ANKRD30BP14","ANKRD30BP1",7,8.15919921807872,8
"GASK1A4","GASK1A",1,7.3021287277855,8
"NT5E4","NT5E",4,7.11934724909342,8
"CKMT1A4","CKMT1A",6,6.02034078543807,8
"RGS25","RGS2",4,12.4642741111742,8
"CAMK2B4","CAMK2B",8,6.47283513885707,8
"FGD34","FGD3",7,8.34102978660682,8
"AC107464.34","AC107464.3",7,6.59105463234599,8
"RPL18A4","RPL18A",8,6.75302520384719,8
"PPP1R14B-AS14","PPP1R14B-AS1",5,6.92968377238125,8
"PCDHB164","PCDHB16",4,5.96003741863706,8
"ETV74","ETV7",3,10.2379960091594,8
"LEF14","LEF1",8,7.59451411049525,8
"COL14A14","COL14A1",4,7.90543961708709,8
"AC005523.24","AC005523.2",2,9.36418352344699,8
"AP003392.34","AP003392.3",2,11.7452243035545,8
"UBXN104","UBXN10",7,9.97507731329061,8
"ZWINT4","ZWINT",6,6.86655581973016,8
"LERFS4","LERFS",4,4.60619763964279,8
"VSIG44","VSIG4",3,6.68473614091766,8
"BRINP24","BRINP2",7,5.74842200851513,8
"CFH4","CFH",8,10.3202958150448,8
"C14orf394","C14orf39",5,6.17606707077894,8
"FOLH14","FOLH1",8,6.22347722144316,8
"AC092053.44","AC092053.4",2,6.86295201430349,8
"LAMA14","LAMA1",8,8.11989474315259,8
"ADGRG24","ADGRG2",1,6.33163262319482,8
"TMCC24","TMCC2",1,8.50863555385571,8
"DAPK14","DAPK1",1,6.84258917572769,8
"GIPR4","GIPR",7,7.93006163314257,8
"ABHD64","ABHD6",5,7.30301790061057,8
"CENPE4","CENPE",1,8.03359539315246,8
"ANK14","ANK1",6,6.00305702772584,8
"MAATS14","MAATS1",7,7.24132273945564,8
"ADCY54","ADCY5",8,6.72439226211821,8
"HOXC-AS34","HOXC-AS3",6,7.3926519746541,8
"SYT134","SYT13",1,6.21883404626567,8
"HOXB-AS14","HOXB-AS1",7,7.49930214604221,8
"WNT7B4","WNT7B",4,7.6968098532289,8
"KIF124","KIF12",7,10.8981673340909,8
"MGAM5","MGAM",4,9.50645053562261,8
"SNORD634","SNORD63",8,8.27393956158716,8
"RNU6-618P4","RNU6-618P",8,8.35068929388255,8
"PHYHD14","PHYHD1",7,7.45018579304622,8
"MIA4","MIA",4,10.304831133584,8
"TMTC14","TMTC1",8,6.61182926889584,8
"SPNS24","SPNS2",4,6.28830837044623,8
"RACGAP14","RACGAP1",1,6.70039535758768,8
"CHST114","CHST11",3,7.40248807288907,8
"GMPR4","GMPR",1,5.81106614955376,8
"ACOT14","ACOT1",5,5.86340091119432,8
"ARHGAP11A4","ARHGAP11A",1,8.15818562850634,8
"STON24","STON2",7,9.29884530086153,8
"PANX24","PANX2",1,6.64118682539134,8
"SLC16A34","SLC16A3",3,8.50104965009628,8
"LPAR34","LPAR3",8,5.61767783775176,8
"NDP4","NDP",4,6.40916667423788,8
"KCNAB14","KCNAB1",1,7.40456869886635,8
"MIR4500HG4","MIR4500HG",1,5.11374711999745,8
"AC022075.14","AC022075.1",4,5.9103970579179,8
"PIM14","PIM1",3,6.65175866234347,8
"DTX44","DTX4",6,5.63972456901052,8
"CLCA44","CLCA4",4,10.3912716277655,8
"ACBD74","ACBD7",1,7.54290363234628,8
"RNU6-268P4","RNU6-268P",2,9.99023919511719,8
"CASP104","CASP10",6,6.20359116052077,8
"LINC005144","LINC00514",6,5.75962665493467,8
"AC007342.54","AC007342.5",7,5.81346022863144,8
"DCLK24","DCLK2",1,7.2993014852494,8
"PAX8-AS14","PAX8-AS1",4,5.67403121887447,8
"COCH4","COCH",1,7.29411228145446,8
"PDK44","PDK4",8,7.11131215515718,8
"ARC4","ARC",8,5.45207150450271,8
"SALL44","SALL4",1,7.39503519889314,8
"MX24","MX2",3,8.21254675254475,8
"GRIN2A4","GRIN2A",4,5.12767030827227,8
"HERC34","HERC3",5,7.90299443323322,8
"BAG24","BAG2",1,7.08185164849504,8
"MME4","MME",8,8.660379806641,8
"PIR4","PIR",1,6.27836554077296,8
"WNT10A4","WNT10A",1,5.93239168109622,8
"TMEM178B4","TMEM178B",1,5.53227595628792,8
"KYAT14","KYAT1",5,7.1335719903626,8
"AL512306.34","AL512306.3",3,6.41406442277763,8
"RASAL14","RASAL1",1,7.81608209638847,8
"TTYH14","TTYH1",1,8.6244465789674,8
"FAM171A14","FAM171A1",1,7.7348998289712,8
"FGFBP24","FGFBP2",1,8.01126685465312,8
"RNASE14","RNASE1",8,7.0885383995311,8
"TRBC14","TRBC1",3,10.2741718338468,8
"FGD14","FGD1",1,7.33975352955372,8
"AIM24","AIM2",3,11.1657860981374,8
"CRB24","CRB2",2,6.19551069272857,8
"AC004687.14","AC004687.1",3,10.1228385700512,8
"C19orf334","C19orf33",7,5.99113055958797,8
"DLK24","DLK2",8,7.50360268484505,8
"CNGA14","CNGA1",4,8.00695616412665,8
"AC093642.24","AC093642.2",7,5.78833519144436,8
"RPS6P124","RPS6P12",7,7.37170593711825,8
"RNU6-942P4","RNU6-942P",2,8.457298056289,8
"SPATC1L4","SPATC1L",6,5.63893826311512,8
"SCN2A4","SCN2A",8,7.32446041403632,8
"SOX184","SOX18",6,6.29890501085445,8
"EGLN34","EGLN3",6,7.13363903461557,8
"AC124852.14","AC124852.1",8,6.40951818367656,8
"GUCY1A24","GUCY1A2",6,6.66921724084599,8
"AP000844.24","AP000844.2",7,9.78639751562577,8
"IRX14","IRX1",4,12.5342996126557,8
"PODN4","PODN",8,8.91852863827251,8
"CPXM24","CPXM2",8,5.32577555682255,8
"TRIM174","TRIM17",4,8.05407740380134,8
"CLDN84","CLDN8",4,8.60963903657234,8
"UNC5C4","UNC5C",4,9.06199226458921,8
"UNC93B14","UNC93B1",8,5.62931919569148,8
"CGREF14","CGREF1",1,7.32106524389446,8
"ADAMTS84","ADAMTS8",8,6.2866017826382,8
"MTHFD1L4","MTHFD1L",1,7.85126828604433,8
"LINC020094","LINC02009",3,6.98540782220206,8
"RNF1824","RNF182",1,8.04567076015397,8
"KIFC14","KIFC1",1,8.4008484365085,8
"CYP2T1P4","CYP2T1P",5,4.73158880816584,8
"MARC14","MARC1",5,6.49262915206804,8
"GADD45G4","GADD45G",5,7.91100652491698,8
"TLX14","TLX1",1,8.26225933537441,8
"VIT4","VIT",8,7.53630734914643,8
"AC093535.24","AC093535.2",8,8.12170043658579,8
"PNMA24","PNMA2",4,6.99783392074574,8
"OIP54","OIP5",1,7.85447560543541,8
"SOX154","SOX15",4,5.7447641580402,8
"TREM24","TREM2",4,6.34057015898349,8
"DYNC1I14","DYNC1I1",8,6.76636810545133,8
"ROBO34","ROBO3",4,9.61897064583284,8
"MLLT114","MLLT11",1,7.69444247406951,8
"ACKR14","ACKR1",8,6.95744363164746,8
"ANKRD354","ANKRD35",4,7.22041992684721,8
"ISM14","ISM1",8,9.25407148233438,8
"PRSS124","PRSS12",8,6.28994126702606,8
"ABTB24","ABTB2",4,8.13474360138152,8
"WFDC14","WFDC1",1,6.90772207856643,8
"CCNO4","CCNO",7,6.72044694738945,8
"LRFN44","LRFN4",1,7.58116079485147,8
"PIWIL44","PIWIL4",8,6.64251966934527,8
"AC091429.14","AC091429.1",2,5.08198588127197,8
"FHL14","FHL1",8,9.38682532099362,8
"CYP2J24","CYP2J2",5,8.29973486065294,8
"FAM20A4","FAM20A",4,7.6347346303408,8
"EVA1A4","EVA1A",4,7.86610130447496,8
"FER1L54","FER1L5",7,6.57786228323647,8
"LINC015584","LINC01558",1,6.858051523492,8
"RNU2-63P4","RNU2-63P",1,4.93845252418079,8
"S100A7A4","S100A7A",6,8.52413614280868,8
"C1QL14","C1QL1",4,5.2414404848981,8
"ATP8A14","ATP8A1",5,6.95269601174346,8
"NRK4","NRK",4,5.27673608623295,8
"PAK54","PAK5",8,7.02830989065122,8
"FBP14","FBP1",7,8.73386612648696,8
"HK24","HK2",6,6.51454692496491,8
"KLHL294","KLHL29",8,7.92380100822614,8
"OAS34","OAS3",3,9.86375871921928,8
"SCN4B4","SCN4B",8,7.67266622925747,8
"APLP14","APLP1",6,6.40716113381022,8
"PLCL14","PLCL1",7,8.78839593879202,8
"CDC74","CDC7",1,6.81457641031803,8
"CD484","CD48",3,10.1510049996602,8
"EPHB14","EPHB1",1,5.80793463983165,8
"SLC38A54","SLC38A5",3,6.00706706678002,8
"BRINP14","BRINP1",4,11.0090176616453,8
"CTAGE94","CTAGE9",7,4.91040779136113,8
"AL021807.14","AL021807.1",1,5.79709063644094,8
"MT1L4","MT1L",4,6.36945978402689,8
"IRX44","IRX4",4,5.86073155280795,8
"POU4F14","POU4F1",1,7.21647442890219,8
"NME54","NME5",7,8.32459704210884,8
"PKDCC4","PKDCC",8,5.70382010617519,8
"BCAP314","BCAP31",8,5.85623615385752,8
"STAC5","STAC",1,7.06408241529476,8
"PCDH184","PCDH18",8,8.99953446745936,8
"CYP26B14","CYP26B1",8,6.99990447103438,8
"ARTN4","ARTN",1,6.81468848089115,8
"ATP1A44","ATP1A4",7,5.57196304757516,8
"LUCAT14","LUCAT1",4,9.12314819739445,8
"CHMP1B2P4","CHMP1B2P",4,5.43857959107842,8
"CA64","CA6",1,5.62085381060475,8
"EPOR4","EPOR",7,6.23103741489749,8
"PRRX24","PRRX2",8,6.94006687818028,8
"ARX4","ARX",6,6.44143800056099,8
"MISP4","MISP",7,7.55622739927313,8
"AC092296.24","AC092296.2",2,9.09711181901476,8
"KPNA24","KPNA2",1,7.41607921326124,8
"ANXA94","ANXA9",7,8.14371987256586,8
"FAM238C4","FAM238C",1,7.5117034483161,8
"PLAC94","PLAC9",8,9.5011536313916,8
"BCL11B4","BCL11B",8,7.27393938541788,8
"WNT9A4","WNT9A",4,7.25212222869156,8
"CRTAC14","CRTAC1",8,8.21957662979296,8
"ADGRG64","ADGRG6",1,6.89485316545682,8
"CNIH24","CNIH2",1,8.38843139185163,8
"SHC34","SHC3",1,6.66812059723259,8
"AC005062.14","AC005062.1",4,6.18235634536511,8
"SULT2B14","SULT2B1",5,6.36587708593418,8
"BMP44","BMP4",7,7.74868795661946,8
"NDN4","NDN",8,9.53192418814169,8
"CD2004","CD200",8,6.94960343434563,8
"VSTM54","VSTM5",1,8.24213230564608,8
"SERPINA34","SERPINA3",4,8.14119574194082,8
"LAMC34","LAMC3",8,10.0421280455429,8
"SIGLEC14","SIGLEC1",3,9.14019404413296,8
"CENPN4","CENPN",1,8.0870860822201,8
"CLEC14A4","CLEC14A",8,7.86195379449699,8
"STYK14","STYK1",5,7.83625698359771,8
"PRICKLE14","PRICKLE1",1,7.97475091018236,8
"AC068446.24","AC068446.2",2,5.71898387652777,8
"MAPK8IP24","MAPK8IP2",6,6.12213884404746,8
"SYBU4","SYBU",7,8.04715710395885,8
"C9orf1524","C9orf152",6,6.91459039953189,8
"FPR34","FPR3",3,10.0846223755516,8
"SRP14P44","SRP14P4",5,9.76714500615004,8
"HOXC124","HOXC12",6,7.63246661754509,8
"GABRP4","GABRP",4,13.3225971992336,8
"SLC26A74","SLC26A7",1,5.89993029762931,8
"KAZALD14","KAZALD1",6,8.33908570855087,8
"FGF74","FGF7",8,9.37327810600881,8
"PCP24","PCP2",7,9.06011632151831,8
"CSRNP34","CSRNP3",8,8.31754916203464,8
"NCF24","NCF2",3,8.99006870742465,8
"SLC52A14","SLC52A1",1,5.54046319607351,8
"C4BPB4","C4BPB",4,6.95806762766061,8
"PTPN204","PTPN20",1,6.42991914486746,8
"ATP1B24","ATP1B2",8,7.70895138588125,8
"RGS64","RGS6",8,6.38560916345981,8
"ACOX24","ACOX2",7,5.58064215558651,8
"TMEM714","TMEM71",4,8.04663620677822,8
"HILPDA4","HILPDA",6,7.45075709438281,8
"HOXA54","HOXA5",2,6.67721388037493,8
"AC091231.24","AC091231.2",2,10.7840047230777,8
"LINC004614","LINC00461",8,6.18232027501672,8
"CCN44","CCN4",6,7.69321964814178,8
"AL589880.14","AL589880.1",8,6.41264168127439,8
"GBP1P14","GBP1P1",3,8.31536266854123,8
"ADORA14","ADORA1",4,9.4616491841393,8
"MKRN34","MKRN3",1,7.19207961590811,8
"RNU6-130P4","RNU6-130P",2,8.89988370638662,8
"GGTA1P4","GGTA1P",8,8.56651169806305,8
"RBP14","RBP1",4,8.58807225978537,8
"GPRIN14","GPRIN1",6,7.05599469934707,8
"SNHG184","SNHG18",4,6.38687834901072,8
"TRIM94","TRIM9",8,7.89970733847076,8
"SMPD34","SMPD3",7,7.87651780355984,8
"GAD14","GAD1",2,6.27295762743288,8
"AC018500.14","AC018500.1",2,11.4110292163824,8
"CCR14","CCR1",3,10.1762395006091,8
"ANKRD374","ANKRD37",5,6.8250837367582,8
"PPARG4","PPARG",4,5.31521658798656,8
"CPXM14","CPXM1",8,6.97138925402619,8
"NPPC4","NPPC",1,6.17055972242547,8
"AL391832.24","AL391832.2",5,6.71809575288824,8
"CRAT4","CRAT",5,7.87152433072658,8
"IQCA14","IQCA1",4,7.80877652055048,8
"NKX3-14","NKX3-1",7,6.00885057420647,8
"ASF1B4","ASF1B",6,7.40272280554483,8
"FAM234B4","FAM234B",5,8.06863469495505,8
"ITGA74","ITGA7",8,6.97478992815794,8
"AC010997.64","AC010997.6",2,7.10788475554639,8
"CALHM64","CALHM6",3,9.01336448244192,8
"MIR503HG4","MIR503HG",8,6.499590756552,8
"NANOS14","NANOS1",4,7.06586902662399,8
"CD524","CD52",3,10.4497509494026,8
"TCN24","TCN2",1,5.68203982257312,8
"ADAMTS9-AS24","ADAMTS9-AS2",8,9.52999907298446,8
"RSPO14","RSPO1",8,8.55580821992934,8
"RNA5SP1874","RNA5SP187",2,9.96836662256581,8
"APOC14","APOC1",3,8.45832792237201,8
"AC069120.14","AC069120.1",7,7.41651219990984,8
"MAD2L14","MAD2L1",1,8.18429776416329,8
"TSPAN124","TSPAN12",4,7.63246013355667,8
"AC013652.14","AC013652.1",7,7.55183642736522,8
"PAX94","PAX9",7,7.01591627191193,8
"GPX74","GPX7",1,7.1550437130599,8
"AC004233.24","AC004233.2",1,6.20711500714072,8
"PAPPA4","PAPPA",4,6.40671425587473,8
"CKS24","CKS2",1,7.5245991053618,8
"LGR54","LGR5",3,6.97290436527553,8
"GFAP4","GFAP",4,8.25195977300615,8
"AC017071.14","AC017071.1",2,7.54764679589573,8
"ADORA34","ADORA3",3,5.73301392737264,8
"KLHL134","KLHL13",4,8.15883485649949,8
"NPTX14","NPTX1",8,6.51624715358727,8
"S1PR34","S1PR3",5,8.2305932596369,8
"TMEM176A4","TMEM176A",3,7.9814525901105,8
"NINJ24","NINJ2",1,7.14339084759533,8
"TCF154","TCF15",1,6.59389984950882,8
"VWDE4","VWDE",4,9.04246653565059,8
"WNT5B4","WNT5B",8,7.51738247954369,8
"CLDN144","CLDN14",5,8.51659905590645,8
"AC073869.14","AC073869.1",1,5.83084866651329,8
"CCDC264","CCDC26",8,7.66108891853239,8
"SLC27A64","SLC27A6",4,9.22315795867306,8
"PRUNE24","PRUNE2",4,5.67338154960622,8
"MT-TS24","MT-TS2",1,5.14444541394916,8
"PKIA4","PKIA",4,5.57295586652597,8
"GJA54","GJA5",3,5.892377505018,8
"SNX224","SNX22",1,7.60181529964847,8
"HOXA44","HOXA4",4,7.25800996818762,8
"CCNB14","CCNB1",6,7.79443827962918,8
"SNAI24","SNAI2",8,7.07440288104401,8
"SLC2A124","SLC2A12",4,6.847852432557,8
"SPOCK14","SPOCK1",8,5.93037522554812,8
"NELL24","NELL2",8,5.13274936665292,8
"MIR924HG4","MIR924HG",1,8.27032480452406,8
"IGF14","IGF1",8,11.3481682392123,8
"SAMD54","SAMD5",8,8.72280195082126,8
"MIR646HG4","MIR646HG",8,5.6361907175692,8
"CDKN2C4","CDKN2C",8,7.11192194093997,8
"PTGFR4","PTGFR",8,6.60263303449347,8
"HDAC94","HDAC9",8,5.67687143942467,8
"STEAP14","STEAP1",6,5.72230482426226,8
"MATN34","MATN3",4,7.71172068995599,8
"AL450345.24","AL450345.2",5,6.76657383071491,8
"AC104333.34","AC104333.3",8,7.32290028287006,8
"DOC2A4","DOC2A",7,7.8085019212243,8
"YBX24","YBX2",6,7.12038306737281,8
"NXPH34","NXPH3",7,9.49719286454476,8
"GTF2H2B4","GTF2H2B",2,7.73261213073351,8
"AL365181.34","AL365181.3",4,6.28870535775513,8
"OLFM14","OLFM1",7,5.23197503270953,8
"SNCAIP4","SNCAIP",8,6.07097879102853,8
"FXYD64","FXYD6",1,7.03430608623566,8
"NAPSB4","NAPSB",3,7.80154860293727,8
"ENO24","ENO2",8,6.05597498706311,8
"JPH24","JPH2",4,6.81677733288365,8
"PELI24","PELI2",8,7.21128111214204,8
"AC127526.54","AC127526.5",7,6.61475067324659,8
"AC239800.24","AC239800.2",4,9.41970672160503,8
"GIMAP74","GIMAP7",2,9.44504386715113,8
"ITPRID14","ITPRID1",4,10.0981994189036,8
"FOXA14","FOXA1",7,9.35824573997119,8
"SPAG54","SPAG5",1,7.97773755698547,8
"EML54","EML5",5,6.28787749743571,8
"AC130304.14","AC130304.1",2,6.51263357133683,8
"ORC14","ORC1",1,6.8794908034197,8
"AC068888.24","AC068888.2",2,8.27186820120007,8
"GTSE14","GTSE1",1,8.61303957828584,8
"GREB1L4","GREB1L",7,6.16761913650502,8
"ANKRD20A21P4","ANKRD20A21P",7,7.45904809323539,8
"HMGCLL14","HMGCLL1",4,7.06562310795494,8
"VSNL14","VSNL1",4,8.62905882891146,8
"NMB4","NMB",1,6.47242292928405,8
"HSH2D4","HSH2D",3,7.92836596726668,8
"CHST24","CHST2",4,7.05424794814224,8
"FANCA4","FANCA",1,6.92870626023457,8
"SPHK14","SPHK1",1,6.50078926898401,8
"IGKC4","IGKC",8,9.42767317694683,8
"ABCA94","ABCA9",2,8.22403090170257,8
"NRG24","NRG2",4,8.66622178787959,8
"FAP4","FAP",8,6.05271983582263,8
"CD694","CD69",3,8.77457191286016,8
"CNTD24","CNTD2",7,7.36136560455734,8
"ARL17B4","ARL17B",8,5.76895790478749,8
"RBP74","RBP7",7,6.2595381903591,8
"ITGAX4","ITGAX",3,10.0950312727815,8
"FAT34","FAT3",4,6.26637891749017,8
"GRAMD2A4","GRAMD2A",4,7.18169267578393,8
"EYA24","EYA2",4,10.0031633817875,8
"VGF4","VGF",1,8.79839784279803,8
"ATP8A24","ATP8A2",4,8.19557550999128,8
"GNAL4","GNAL",8,6.86410647519611,8
"DNM3OS4","DNM3OS",8,7.89344399619232,8
"C17orf774","C17orf77",5,7.36544115761568,8
"TRAF3IP34","TRAF3IP3",8,7.24418891183293,8
"TMPRSS54","TMPRSS5",1,7.10000209934064,8
"AJ009632.24","AJ009632.2",7,7.08207875324669,8
"COL8A14","COL8A1",8,5.58712330068659,8
"KLHDC94","KLHDC9",7,6.25385242517815,8
"TENM14","TENM1",8,9.13148473255855,8
"DNA24","DNA2",1,7.87644497118496,8
"MND14","MND1",1,8.28388744571528,8
"SMOC24","SMOC2",8,7.68745187462146,8
"CFAP434","CFAP43",7,9.02094040093522,8
"B4GALNT34","B4GALNT3",1,7.91147281722851,8
"MGAM24","MGAM2",8,5.90548789470786,8
"ZNF812P4","ZNF812P",5,6.02963890422363,8
"HSD11B24","HSD11B2",6,6.43414364502179,8
"FSCN14","FSCN1",1,7.47214881691441,8
"TRPM2-AS4","TRPM2-AS",6,5.90554109493822,8
"ECEL14","ECEL1",8,6.69566342157681,8
"ARHGAP154","ARHGAP15",3,6.62356405982901,8
"CPLX14","CPLX1",7,7.53937012727555,8
"FREM14","FREM1",8,8.10177929808029,8
"WDR624","WDR62",1,8.35487225256469,8
"SPATA184","SPATA18",4,6.96672751976228,8
"AP001496.44","AP001496.4",8,8.3886161099039,8
"ABCA104","ABCA10",8,8.71292331348891,8
"ZDHHC24","ZDHHC2",4,6.79220307772291,8
"SKP24","SKP2",1,6.22809349427493,8
"ZNF3674","ZNF367",1,7.65347731042377,8
"SPCS24","SPCS2",6,5.42839364349475,8
"APCDD14","APCDD1",4,8.38047255495683,8
"IL20RA4","IL20RA",7,7.01634186774264,8
"ATG9B4","ATG9B",1,7.01452602222639,8
"ACTA14","ACTA1",1,6.64700056326444,8
"KCNB14","KCNB1",1,5.89900784906522,8
"LINC009604","LINC00960",4,6.84619946945883,8
"ZNF4864","ZNF486",6,6.32648114767419,8
"GPAT34","GPAT3",4,6.08515922918582,8
"BAIAP34","BAIAP3",8,7.92972327267794,8
"SLC6A114","SLC6A11",1,6.51910180107098,8
"TNFRSF14-AS14","TNFRSF14-AS1",7,7.5600528206566,8
"PLAT4","PLAT",7,9.51620201517233,8
"ZMYND104","ZMYND10",7,8.66048092561682,8
"FOXC14","FOXC1",1,8.35014180285023,8
"GRHL34","GRHL3",1,6.21780206404644,8
"NEURL1B4","NEURL1B",8,6.40485364000482,8
"SLAMF74","SLAMF7",3,9.29403435221415,8
"KNSTRN4","KNSTRN",5,7.41177579221461,8
"SNPH4","SNPH",4,6.83588398320223,8
"PRTG4","PRTG",4,6.40414551536725,8
"IL12RB24","IL12RB2",1,7.78434826007359,8
"AC004982.14","AC004982.1",7,8.1520422278674,8
"TMEM1394","TMEM139",4,7.48472940174621,8
"SLC16A94","SLC16A9",7,8.33609582579888,8
"FA2H4","FA2H",6,5.97421923744814,8
"AL161908.14","AL161908.1",7,8.43618914529695,8
"VAX24","VAX2",1,7.76598916102104,8
"MOCS14","MOCS1",4,5.5674622276714,8
"MEDAG4","MEDAG",8,6.49380854976269,8
"RFTN14","RFTN1",3,7.82489634577218,8
"CKMT1B4","CKMT1B",6,5.86434337083601,8
"DOC2B4","DOC2B",5,4.83004491609601,8
"SLC30A84","SLC30A8",7,5.21637084465936,8
"C1QTNF14","C1QTNF1",4,5.33698665579837,8
"AL009179.24","AL009179.2",4,7.11546951073385,8
"SNORA124","SNORA12",8,6.00430289299204,8
"KLF154","KLF15",5,5.09434955583208,8
"LINC009584","LINC00958",8,6.75681118394059,8
"GFPT24","GFPT2",3,6.3047169420738,8
"RGMA4","RGMA",1,7.65399495712928,8
"C5AR24","C5AR2",7,9.81326604070305,8
"SLCO5A14","SLCO5A1",1,7.44640668048324,8
"MICU34","MICU3",8,6.82006751071121,8
"ACTL84","ACTL8",1,7.06744360334034,8
"PHPT14","PHPT1",8,5.95095534431857,8
"HBA24","HBA2",8,6.55173273926727,8
"TBC1D10C4","TBC1D10C",3,10.1789127348988,8
"LINC009644","LINC00964",1,6.33891072600964,8
"CARD64","CARD6",4,6.23093050738649,8
"FP565260.14","FP565260.1",4,5.95023348223813,8
"ANOS14","ANOS1",8,6.33247448333078,8
"CD8A4","CD8A",3,9.09019790212768,8
"CASC14","CASC1",7,8.38839252744213,8
"GJC14","GJC1",1,7.93479210875994,8
"AL732437.34","AL732437.3",1,6.74438519900145,8
"MIR222HG4","MIR222HG",4,7.35268989451723,8
"NAT8L4","NAT8L",1,8.08464960613149,8
"LINC012664","LINC01266",4,5.31339162839548,8
"PHC14","PHC1",4,6.85222228411405,8
"PCDHA104","PCDHA10",8,4.99360366007528,8
"RAB6B4","RAB6B",4,6.59126221288264,8
"NMU4","NMU",1,9.01995034467605,8
"TUSC84","TUSC8",5,6.24190787344729,8
"GJB34","GJB3",1,6.54365556581593,8
"AHNAK24","AHNAK2",1,6.47414630886568,8
"STC24","STC2",7,11.2272946480795,8
"COL5A14","COL5A1",6,7.7726148653025,8
"AMIGO24","AMIGO2",8,7.05928342267649,8
"NR2F14","NR2F1",8,8.59657676550367,8
"LINC005784","LINC00578",8,5.92449384084386,8
"EMSLR4","EMSLR",1,7.27112297973434,8
"CASQ14","CASQ1",7,5.15370890745718,8
"PTGS14","PTGS1",8,5.62621579878311,8
"IL17RB4","IL17RB",7,9.51387856143317,8
"AL109918.14","AL109918.1",1,7.32674516179786,8
"ANO54","ANO5",4,6.12748357379602,8
"FCGBP4","FCGBP",4,6.42523494766541,8
"SMPD44","SMPD4",1,5.65796270231185,8
"ADAMTS184","ADAMTS18",8,6.43577949791257,8
"TP53AIP14","TP53AIP1",8,7.57350801508727,8
"FABP64","FABP6",6,7.6266801540493,8
"FMOD4","FMOD",7,6.85924768441379,8
"ADAMTS54","ADAMTS5",2,9.04040640824812,8
"MTCO1P124","MTCO1P12",1,4.9880882917832,8
"AC005154.24","AC005154.2",2,8.32535615694364,8
"SUSD24","SUSD2",6,6.4319400971487,8
"DCDC14","DCDC1",7,9.10552660703375,8
"DCLK14","DCLK1",8,7.43643829207983,8
"HSPB64","HSPB6",8,8.31374551889681,8
"P2RY64","P2RY6",3,7.22110007618798,8
"CBR34","CBR3",6,6.1848548389168,8
"COL17A14","COL17A1",4,7.81402905495099,8
"PLIN54","PLIN5",7,7.92524529496408,8
"MIAT4","MIAT",3,7.04938894219322,8
"COX7A14","COX7A1",4,7.50189638214966,8
"ZNF6134","ZNF613",5,7.45803425102403,8
"AC108749.14","AC108749.1",5,6.78155485057291,8
"LOX4","LOX",6,5.76753977600199,8
"PIK3AP14","PIK3AP1",3,8.38077590145597,8
"PLK44","PLK4",1,7.80116486415245,8
"GLT8D24","GLT8D2",8,8.05055259827861,8
"COL28A14","COL28A1",1,5.16625778292122,8
"COLEC124","COLEC12",8,9.84589930042811,8
"HTRA34","HTRA3",8,7.55527741399535,8
"SPESP14","SPESP1",4,4.46526545367776,8
"CLEC4F4","CLEC4F",1,6.52836769084313,8
"DLL14","DLL1",8,6.18899456838409,8
"BMERB14","BMERB1",2,6.86580597198217,8
"CLDN234","CLDN23",1,7.15963485449451,8
"TDO24","TDO2",6,7.955140853781,8
"PLEK4","PLEK",3,10.3000913304412,8
"RASL124","RASL12",8,6.93719592095041,8
"MIR210HG4","MIR210HG",1,5.53361523408914,8
"SOD34","SOD3",5,7.64213887586059,8
"IL2RB4","IL2RB",3,10.155728702664,8
"RASSF94","RASSF9",3,5.36474906594311,8
"PCSK44","PCSK4",7,8.07411151387481,8
"FLRT34","FLRT3",8,5.80239883338441,8
"NGEF4","NGEF",1,6.33699005528905,8
"PLAUR4","PLAUR",3,8.33141976585313,8
"AC109326.14","AC109326.1",8,5.86038768707371,8
"AL365361.14","AL365361.1",8,7.61680291689296,8
"PLEKHF14","PLEKHF1",4,6.38644246116911,8
"AC025031.54","AC025031.5",2,8.37480929570364,8
"PPFIA44","PPFIA4",1,7.63957214141782,8
"SFRP24","SFRP2",8,7.15247646683836,8
"LINC003244","LINC00324",7,6.41705986503681,8
"CD534","CD53",3,9.69593440996872,8
"RAMP14","RAMP1",7,5.84857326323203,8
"DIPK1B4","DIPK1B",8,6.92900322608674,8
"TMEM92-AS14","TMEM92-AS1",5,7.1101439793786,8
"F74","F7",7,9.48259789233228,8
"GPRC5D-AS14","GPRC5D-AS1",1,5.38321554349778,8
"NALCN4","NALCN",4,7.49414945673212,8
"ANKS64","ANKS6",1,8.22124693304116,8
"MMP254","MMP25",7,6.71261515651951,8
"TFEC4","TFEC",3,9.24590654892174,8
"AL445223.14","AL445223.1",7,6.76227118789536,8
"FBXL164","FBXL16",6,6.51338537769224,8
"FAM92A1P24","FAM92A1P2",8,6.97953658957673,8
"GHR4","GHR",2,7.32238905295049,8
"HOXA34","HOXA3",4,7.10412537376894,8
"RNF144A4","RNF144A",1,7.1887628527712,8
"SCUBE14","SCUBE1",7,8.76119867732223,8
"THEMIS24","THEMIS2",3,9.97926936481606,8
"SHROOM14","SHROOM1",7,8.30289347798302,8
"AC093838.14","AC093838.1",7,10.2043092500216,8
"GNAI14","GNAI1",5,7.57145101911683,8
"DUSP94","DUSP9",1,7.35407186228213,8
"HNRNPA1P544","HNRNPA1P54",8,7.48726621320198,8
"CACHD14","CACHD1",4,9.53887832674679,8
"PDGFD4","PDGFD",8,7.60007184176115,8
"TWIST14","TWIST1",8,8.12098342230347,8
"NTN14","NTN1",1,6.77086604753479,8
"TACC34","TACC3",1,7.26422955809346,8
"AC005831.14","AC005831.1",8,6.44736641738276,8
"FMO14","FMO1",8,10.5509688697579,8
"C3AR14","C3AR1",3,7.09118148687619,8
"WNK34","WNK3",1,7.13892131456431,8
"ANGPTL24","ANGPTL2",8,9.18581258603596,8
"RPL21P164","RPL21P16",2,12.4402164439648,8
"RBP54","RBP5",8,6.64284380847023,8
"KIF5C4","KIF5C",7,7.44478596085213,8
"PRELID3A4","PRELID3A",1,7.74371869213394,8
"CYTIP4","CYTIP",3,9.39046363880963,8
"KIAA17554","KIAA1755",1,7.84641673343557,8
"RNU2-64P4","RNU2-64P",2,9.42214701240583,8
"IGSF104","IGSF10",8,9.43221134010216,8
"AC037198.14","AC037198.1",8,5.29651492432399,8
"ENHO4","ENHO",1,7.06512888561848,8
"AL356417.24","AL356417.2",1,9.05407468297732,8
"CD274","CD27",3,7.60332570705894,8
"MARCHF34","MARCHF3",1,7.23272939005371,8
"ASPHD14","ASPHD1",3,6.17422578444942,8
"TGM54","TGM5",4,6.36610243254713,8
"LINC011164","LINC01116",6,6.24150515219193,8
"STRA64","STRA6",8,6.68017269478944,8
"FZD10-AS14","FZD10-AS1",8,8.5406970257334,8
"PAK34","PAK3",4,6.93940376539297,8
"Z95114.44","Z95114.4",5,8.7484119353548,8
"CA124","CA12",7,9.51915858384154,8
"PLAG14","PLAG1",1,6.09693313099043,8
"HLA-DOA4","HLA-DOA",3,8.35080760636848,8
"GINS44","GINS4",1,7.79877224334216,8
"JAML4","JAML",3,7.57605181408965,8
"DNAJC224","DNAJC22",6,7.5927326918141,8
"ANKRD20A5P4","ANKRD20A5P",7,6.50143554508305,8
"ZDHHC11B4","ZDHHC11B",7,5.7218703550135,8
"CA84","CA8",7,8.21685691367281,8
"MT-TC4","MT-TC",5,5.92381407084021,8
"PIK3C2G4","PIK3C2G",4,9.12991492218928,8
"SP64","SP6",6,6.5435018243932,8
"CCL214","CCL21",2,7.43718895545531,8
"KCNQ34","KCNQ3",1,5.81861869636432,8
"RN7SL359P4","RN7SL359P",7,7.38464138250547,8
"PDE1C4","PDE1C",4,8.57919062865755,8
"CIART4","CIART",1,8.66923106220976,8
"STAC24","STAC2",4,13.1385428152201,8
"NUP62CL4","NUP62CL",5,6.01391611046661,8
"XRCC24","XRCC2",1,8.2536037658071,8
"PTP4A34","PTP4A3",1,6.92218093241286,8
"FPR14","FPR1",3,9.49639413389289,8
"HLA-DOB4","HLA-DOB",3,7.8136968138495,8
"SCN3A4","SCN3A",8,8.25064204616812,8
"FABP54","FABP5",1,7.64237102323083,8
"DOCK34","DOCK3",1,6.78052330653246,8
"FADS14","FADS1",5,6.56906598208794,8
"ADRB14","ADRB1",7,5.41546851759543,8
"MCOLN24","MCOLN2",3,6.75934954234283,8
"PARVG4","PARVG",3,6.58417183926653,8
"SPP14","SPP1",3,7.54602286129987,8
"LINC008654","LINC00865",4,6.15070373362699,8
"AL844908.14","AL844908.1",3,6.86607251347487,8
"GALNTL64","GALNTL6",7,6.07761877439626,8
"CYGB4","CYGB",8,8.3586066176506,8
"AL078595.14","AL078595.1",2,13.2918080229162,8
"EDA2R4","EDA2R",8,6.41068584662121,8
"CAPN154","CAPN15",4,5.91095341158366,8
"NKD24","NKD2",8,9.08022654693129,8
"AL033384.14","AL033384.1",1,5.85184232843135,8
"ZNF6834","ZNF683",3,9.07752144565219,8
"GPR274","GPR27",8,6.48194706334376,8
"NDRG44","NDRG4",1,6.99460482934966,8
"SLC17A94","SLC17A9",8,5.9862981551596,8
"PDLIM44","PDLIM4",4,9.43798360725477,8
"H1-34","H1-3",8,7.26012078293319,8
"SBSPON4","SBSPON",4,8.58954103042808,8
"GLIPR24","GLIPR2",1,6.67798375255637,8
"FAM78B4","FAM78B",3,5.94531050467391,8
"TBILA4","TBILA",7,8.83670390661898,8
"DYSF4","DYSF",1,6.13238311529176,8
"MAPK104","MAPK10",5,7.2049382362211,8
"HES24","HES2",6,6.43556369102279,8
"AC008780.14","AC008780.1",8,6.44660396544595,8
"SMIM10L2A4","SMIM10L2A",4,7.44639841240139,8
"SLC6A94","SLC6A9",1,6.64179808217709,8
"OLFML2B4","OLFML2B",8,5.3394757372438,8
"GALNT134","GALNT13",1,8.42486951468269,8
"LMOD14","LMOD1",2,8.61341978264762,8
"RNFT24","RNFT2",1,8.79416503765104,8
"LDB24","LDB2",8,10.2976814677122,8
"RASGEF1A4","RASGEF1A",4,6.27223098442441,8
"EPHB24","EPHB2",3,6.63517678873497,8
"GRIN2B4","GRIN2B",8,7.00366846341993,8
"SDS4","SDS",3,7.07541943004531,8
"AL591845.14","AL591845.1",7,6.90164425829664,8
"ITGB34","ITGB3",4,6.05038574542635,8
"ELF54","ELF5",1,6.82673702684405,8
"CD300LG4","CD300LG",8,7.32822696615108,8
"LMNTD2-AS14","LMNTD2-AS1",7,9.01748805185927,8
"MYOZ24","MYOZ2",5,8.79068839293235,8
"OSR14","OSR1",4,7.68229736378489,8
"AP001783.14","AP001783.1",1,8.37494146741221,8
"CALCRL4","CALCRL",8,7.40530286608911,8
"TRIM684","TRIM68",5,7.14445208640037,8
"MST1L4","MST1L",4,5.71314091372058,8
"AP000769.14","AP000769.1",5,6.95105950218175,8
"CD1E4","CD1E",3,8.44853422048134,8
"CGAS4","CGAS",3,7.91859686643722,8
"SLC49A34","SLC49A3",5,7.05945991668293,8
"IKZF34","IKZF3",8,7.95279440886705,8
"KIF18A4","KIF18A",1,7.13903458115684,8
"IL10RA4","IL10RA",3,8.46194440507948,8
"APLN4","APLN",8,7.18527565271931,8
"RIPK34","RIPK3",3,6.10921003009354,8
"HAND24","HAND2",8,7.02359187248608,8
"ACAN4","ACAN",1,7.0724358559998,8
"EPB41L34","EPB41L3",5,6.36260932454529,8
"ME34","ME3",7,7.09385089700316,8
"CD864","CD86",3,9.83438609582197,8
"PI4KA4","PI4KA",4,5.83225942809079,8
"CACNA2D14","CACNA2D1",4,6.73880089861264,8
"CKB4","CKB",6,6.41994618820955,8
"AWAT24","AWAT2",5,7.40862141027902,8
"FAM106A4","FAM106A",8,6.5744694811092,8
"NCAN4","NCAN",1,7.90797963599425,8
"AF131215.44","AF131215.4",8,8.20253213996796,8
"C19orf184","C19orf18",5,7.01394980262619,8
"MANEAL4","MANEAL",6,6.87432319408265,8
"GSEC4","GSEC",1,8.04374963844407,8
"ZSCAN234","ZSCAN23",4,5.76918108601305,8
"CYTOR4","CYTOR",4,7.64761705281616,8
"FHOD34","FHOD3",8,7.10953970561487,8
"PLEKHG14","PLEKHG1",4,7.02293326975762,8
"FBXO174","FBXO17",1,7.94340286902323,8
"ALOX5AP4","ALOX5AP",3,8.9089741382086,8
"TM4SF1-AS14","TM4SF1-AS1",5,7.22134420125467,8
"HEPH4","HEPH",4,6.67997860406277,8
"LAMA24","LAMA2",8,7.8402195085694,8
"PLIN44","PLIN4",8,5.46710856286359,8
"FGD54","FGD5",8,6.91788667531997,8
"ABCA64","ABCA6",8,10.7981740517518,8
"APOL34","APOL3",3,9.01521003900644,8
"LYPD14","LYPD1",1,5.91498124258436,8
"ZNF2144","ZNF214",7,7.1962189318473,8
"LINC006494","LINC00649",8,5.49473631950759,8
"XYLT14","XYLT1",8,8.00486485191698,8
"ALPL4","ALPL",5,6.15931685247005,8
"TF4","TF",4,6.05378588159463,8
"PNMA6A4","PNMA6A",1,7.87865529685909,8
"APCDD1L-DT4","APCDD1L-DT",2,6.81621201708081,8
"MMP154","MMP15",1,6.78149327902595,8
"AL670729.34","AL670729.3",1,4.41480823083149,8
"AC092078.34","AC092078.3",5,7.97687268203046,8
"LRRN24","LRRN2",1,7.5706270339896,8
"TMEM229B4","TMEM229B",7,6.35392478349101,8
"ARHGEF44","ARHGEF4",1,6.65152176787659,8
"TGFA4","TGFA",8,7.08883490791876,8
"ST3GAL44","ST3GAL4",1,7.96616947275945,8
"ZDHHC114","ZDHHC11",7,5.90588316548617,8
"SCD54","SCD5",4,9.65263996565658,8
"DUSP24","DUSP2",4,8.82421063420134,8
"SYT174","SYT17",7,8.4765217431948,8
"PLA2G4A4","PLA2G4A",4,7.6920660559371,8
"DRC34","DRC3",7,8.00505378649521,8
"CLDN114","CLDN11",4,7.85346419751169,8
"CD344","CD34",8,8.79516236334869,8
"TMEM59L4","TMEM59L",8,6.13880845705073,8
"TMEM200B4","TMEM200B",8,6.4556216644979,8
"LINC012394","LINC01239",1,5.49340061203571,8
"BTBD114","BTBD11",8,7.32620326878799,8
"CLNK4","CLNK",8,6.21901405575398,8
"KLHDC8A4","KLHDC8A",1,7.35434771459609,8
"ZNF385C4","ZNF385C",1,6.42747170793906,8
"TFPI5","TFPI",8,8.12674524848123,8
"CLEC5A4","CLEC5A",3,8.3149795142034,8
"TNF4","TNF",3,7.47474110591534,8
"NOD24","NOD2",3,6.81202032134911,8
"PMAIP14","PMAIP1",7,7.41480621912887,8
"HPDL4","HPDL",1,6.88128870434241,8
"CELSR34","CELSR3",6,8.60822681847038,8
"BLACAT14","BLACAT1",1,8.27407661900829,8
"KANSL1-AS14","KANSL1-AS1",5,5.79563307127927,8
"TPPP5","TPPP",7,5.34614893755353,8
"KCNH24","KCNH2",1,6.20978471689625,8
"HEY14","HEY1",8,7.62648481218724,8
"TMEM404","TMEM40",4,4.86377930476987,8
"AL031595.24","AL031595.2",8,8.02189355354915,8
"AC095057.44","AC095057.4",7,7.45816519346675,8
"ADAMTS164","ADAMTS16",1,7.27418614811711,8
"AC124798.14","AC124798.1",1,5.54243233745624,8
"PRKCB4","PRKCB",3,8.09378670954983,8
"ENTPD84","ENTPD8",7,7.59840611740788,8
"DEGS24","DEGS2",7,8.2987324289443,8
"SVEP14","SVEP1",8,8.14392913140844,8
"AC096589.24","AC096589.2",7,8.3597425501218,8
"CDKN2D4","CDKN2D",1,6.93842009153579,8
"APOLD14","APOLD1",8,6.89600805939128,8
"SLAMF84","SLAMF8",3,10.1038543104343,8
"CASP17P4","CASP17P",8,8.14732832299575,8
"WT14","WT1",1,5.42394401783374,8
"AF131215.64","AF131215.6",4,7.79573177614991,8
"NYNRIN4","NYNRIN",8,6.63507563492945,8
"KDELR34","KDELR3",1,7.64350911174996,8
"GPT4","GPT",1,6.18684280420405,8
"CLCN44","CLCN4",1,7.05238204263117,8
"SCIN4","SCIN",8,5.2726940538598,8
"AL731571.14","AL731571.1",8,6.77071427797382,8
"LINC025324","LINC02532",8,5.87797196727914,8
"CIT4","CIT",1,7.83054545924795,8
"DNAH74","DNAH7",7,8.38401571606797,8
"PTPRM4","PTPRM",5,5.8925079295291,8
"P2RY134","P2RY13",3,6.78657511088396,8
"DDIAS4","DDIAS",1,7.58520388678185,8
"MAMLD14","MAMLD1",1,6.94774332484154,8
"TMEM45A4","TMEM45A",4,6.81569382177708,8
"ANPEP4","ANPEP",4,11.1957140847006,8
"G6PD4","G6PD",5,8.44706476891337,8
"FGF14","FGF1",8,7.33150136477887,8
"F2RL14","F2RL1",4,6.87863024822946,8
"SERP24","SERP2",7,6.41735525956263,8
"CPNE54","CPNE5",8,5.50061496312147,8
"FBXO274","FBXO27",1,6.52211034331794,8
"CD384","CD38",3,8.91453891054035,8
"CD3D4","CD3D",3,9.34839097136148,8
"TFAP2B4","TFAP2B",2,7.1018657658941,8
"PTPRS4","PTPRS",6,6.06881968422809,8
"AC020656.24","AC020656.2",7,6.20527694716183,8
"CCDC144B4","CCDC144B",8,6.51398944897869,8
"LIPG4","LIPG",4,6.82651793071916,8
"MAPK44","MAPK4",1,6.73551341486514,8
"SLC16A144","SLC16A14",6,6.25907686900046,8
"GNAZ4","GNAZ",1,7.44895795364336,8
"DNAAF34","DNAAF3",7,7.60228166249493,8
"SNED14","SNED1",8,8.20806166876122,8
"ACE4","ACE",5,5.93021350497056,8
"AL133330.14","AL133330.1",2,6.19913119248188,8
"OXGR14","OXGR1",1,6.35080595248145,8
"CDC14A4","CDC14A",4,6.67563814362219,8
"AC103702.14","AC103702.1",7,6.06759296010403,8
"TMPRSS94","TMPRSS9",5,6.54373725292131,8
"HSPB24","HSPB2",4,8.41651450508366,8
"LSP14","LSP1",3,8.78297361911381,8
"SLC4A84","SLC4A8",7,7.82462035160833,8
"GZMB4","GZMB",3,10.5969945757499,8
"PIP5K1B4","PIP5K1B",8,6.5834144422571,8
"LAG34","LAG3",3,7.6566755393362,8
"A4GALT4","A4GALT",3,5.95555524709846,8
"GPR374","GPR37",4,6.69220855428727,8
"RC3H1-IT14","RC3H1-IT1",2,8.35307145230591,8
"PTPRU4","PTPRU",4,6.11603044692081,8
"ARSJ4","ARSJ",4,7.79730619166367,8
"FAM222A4","FAM222A",5,6.66556716935577,8
"CDYL24","CDYL2",7,8.04596343307625,8
"MTCL14","MTCL1",7,5.36075779263337,8
"FIRRE4","FIRRE",8,6.53256938459032,8
"F2RL24","F2RL2",8,7.32307310442938,8
"ITPRIPL14","ITPRIPL1",4,7.52917411260147,8
"IRF84","IRF8",3,8.8506949991662,8
"GLIS34","GLIS3",2,5.17425450391403,8
"SERPINE24","SERPINE2",8,6.90772549894604,8
"PCAT64","PCAT6",1,6.93684600390592,8
"SLC6A164","SLC6A16",1,6.49506359831444,8
"SLC6A154","SLC6A15",1,6.91017801680804,8
"AP001057.14","AP001057.1",5,5.36725804793801,8
"GLP1R4","GLP1R",4,9.80923171753607,8
"ACSS34","ACSS3",5,7.8613986726332,8
"SLC2A34","SLC2A3",8,7.30549502131069,8
"LINC001734","LINC00173",8,6.4141389460204,8
"PTPRN24","PTPRN2",8,5.30131086353718,8
"ATP2B24","ATP2B2",4,5.69548429040481,8
"AQP74","AQP7",5,8.12677782432081,8
"POM121C4","POM121C",1,5.90153545701637,8
"AL139383.14","AL139383.1",7,6.70454171320319,8
"LINC013154","LINC01315",1,6.02216313787172,8
"MB4","MB",5,7.21062621179964,8
"SUSD44","SUSD4",1,6.19547324284328,8
"CADPS4","CADPS",8,7.94744688260483,8
"AC011287.14","AC011287.1",4,5.43164956333714,8
"LINC016194","LINC01619",8,6.77664264165762,8
"AL021328.14","AL021328.1",4,5.67425262391807,8
"ITGBL14","ITGBL1",4,7.21679994258341,8
"AC107294.24","AC107294.2",1,6.98219438704246,8
"MEG84","MEG8",8,9.92139969712766,8
"TYMSOS4","TYMSOS",1,6.86299967848861,8
"ARHGAP27P1-BPTFP1-KPNA2P34","ARHGAP27P1-BPTFP1-KPNA2P3",4,6.74972905610358,8
"RSPH14","RSPH1",7,7.1723042031095,8
"AC092851.14","AC092851.1",4,6.62720589585616,8
"ARNT24","ARNT2",1,6.26534676211643,8
"TCF194","TCF19",1,6.97588680153681,8
"LINC009874","LINC00987",4,6.05154237329977,8
"EGFL74","EGFL7",8,7.88079169428385,8
"HMGB34","HMGB3",6,8.09887417993048,8
"NDUFB4P114","NDUFB4P11",1,6.75221815772738,8
"JPH44","JPH4",8,6.80616184716277,8
"JAM24","JAM2",8,9.27710584487148,8
"MS4A4A4","MS4A4A",3,7.28050201092598,8
"INHBA4","INHBA",1,6.29549608310033,8
"DNAH24","DNAH2",4,6.03213309520092,8
"AL049840.54","AL049840.5",2,8.45475010040487,8
"AC116348.34","AC116348.3",8,5.01818900441009,8
"KDR4","KDR",8,6.14345454626265,8
"SCG54","SCG5",8,6.4805420123698,8
"RUNX1T14","RUNX1T1",8,9.95522287903855,8
"BCR4","BCR",8,5.51175706008205,8
"RGS164","RGS16",3,7.01215919646761,8
"LCK4","LCK",3,7.86409800363193,8
"HEXA-AS14","HEXA-AS1",5,7.25574097447534,8
"AC080013.14","AC080013.1",4,9.11435367174174,8
"STUM4","STUM",8,7.06645038281123,8
"LMO24","LMO2",8,6.51276918622465,8
"IL15RA4","IL15RA",3,8.73179484973136,8
"ADAMTS44","ADAMTS4",8,6.86068135120605,8
"GPR344","GPR34",3,5.90554682153347,8
"CFAP1574","CFAP157",7,8.45435452511217,8
"CENPK4","CENPK",6,6.76613273409857,8
"NSUN5P14","NSUN5P1",4,6.52088452633487,8
"FNDC44","FNDC4",4,8.36714357139707,8
"SLC35F24","SLC35F2",1,7.50269855901259,8
"CRADD4","CRADD",5,8.21100276387715,8
"CSF14","CSF1",3,8.85219722920391,8
"EGFLAM4","EGFLAM",8,6.56555037003641,8
"PLVAP4","PLVAP",8,5.97576877538382,8
"SCARNA94","SCARNA9",8,7.50366517566681,8
"EBF44","EBF4",7,6.57299897703374,8
"ADM24","ADM2",1,6.56514427627947,8
"FRAS14","FRAS1",4,6.41187288962233,8
"AL354836.14","AL354836.1",6,6.18476473561327,8
"UBE2M4","UBE2M",8,7.19036190835537,8
"ADGRA24","ADGRA2",8,10.3644334443529,8
"ITIH64","ITIH6",7,7.28973175614831,8
"PTCH24","PTCH2",8,6.51277868474399,8
"CD834","CD83",3,7.4631848839857,8
"AC110285.24","AC110285.2",7,6.9423061047107,8
"AC004130.24","AC004130.2",4,9.19100158283268,8
"PLIN24","PLIN2",8,6.26328547997267,8
"ASTN24","ASTN2",7,5.96249587973104,8
"TNFRSF13C4","TNFRSF13C",8,6.76374780444021,8
"RNF394","RNF39",4,5.72285162155316,8
"DSCAM-AS14","DSCAM-AS1",6,6.36641671126883,8
"PAQR84","PAQR8",8,6.26377134059977,8
"BLM4","BLM",1,8.28621293997008,8
"MYLK34","MYLK3",5,5.30381924820089,8
"H2AC204","H2AC20",8,7.12668883551694,8
"AL450306.14","AL450306.1",2,7.89435740395484,8
"FBLN24","FBLN2",1,6.67905495543109,8
"HSD17B64","HSD17B6",6,6.72398240217946,8
"LZTS14","LZTS1",8,7.97369409990693,8
"SAMMSON4","SAMMSON",5,6.67698125978968,8
"FGF94","FGF9",1,6.18719820376506,8
"CCDC84","CCDC8",4,7.5138851935897,8
"FZD44","FZD4",2,6.6889219092893,8
"ADGRL44","ADGRL4",8,7.03033075017457,8
"PANK14","PANK1",1,6.75372078540419,8
"FAM155A4","FAM155A",7,5.44972148801101,8
"FAM171B4","FAM171B",4,7.35857023582136,8
"WASF14","WASF1",4,6.33167386958597,8
"AL021392.14","AL021392.1",7,9.18700174093791,8
"MYRFL4","MYRFL",5,6.83149843633086,8
"VGLL34","VGLL3",8,6.84835310140576,8
"ADGRF54","ADGRF5",8,8.40019975911212,8
"SLC16A54","SLC16A5",7,5.2978759955177,8
"IFITM24","IFITM2",4,6.65053844011884,8
"TRPV64","TRPV6",5,7.15590596014851,8
"SLC45A34","SLC45A3",1,7.22885451507997,8
"AC099541.24","AC099541.2",1,5.58424137940407,8
"IRAK34","IRAK3",3,6.17999446786506,8
"TMPRSS24","TMPRSS2",4,8.41165777001118,8
"B3GNT54","B3GNT5",1,6.92120460242699,8
"LRP1B4","LRP1B",4,8.21787385058654,8
"LINC013594","LINC01359",8,7.64768122166883,8
"LINC003934","LINC00393",1,8.84668410142976,8
"PROX14","PROX1",4,5.6519906055667,8
"MYZAP4","MYZAP",4,8.13532350909939,8
"IL1R24","IL1R2",1,6.07118970157911,8
"TNS44","TNS4",8,8.25291937032018,8
"SLFN114","SLFN11",8,8.06872077220526,8
"RN7SL653P4","RN7SL653P",8,9.90881165404482,8
"RADIL4","RADIL",8,5.37591729238526,8
"LINC010164","LINC01016",7,8.23068909505312,8
"PCSK64","PCSK6",7,7.2593768879701,8
"AKR1B104","AKR1B10",6,9.07080200848853,8
"HAS24","HAS2",8,7.37691161021392,8
"SULT1E14","SULT1E1",4,6.70740033216689,8
"HMCN14","HMCN1",8,9.04484719815773,8
"AC007681.14","AC007681.1",2,5.7638853428012,8
"LINC009394","LINC00939",7,5.32109750247812,8
"TDRD64","TDRD6",4,6.07580819571817,8
"H3C64","H3C6",5,6.26343748070442,8
"FAM83B4","FAM83B",1,6.53396466082169,8
"VEPH14","VEPH1",1,5.15182307945512,8
"RIC34","RIC3",4,7.18967636494957,8
"UGT2B104","UGT2B10",5,8.11907688798143,8
"PLCH14","PLCH1",1,6.61796756566341,8
"CTTNBP24","CTTNBP2",8,7.15282322568031,8
"ARHGEF38-IT14","ARHGEF38-IT1",5,5.15946871702632,8
"TRPV44","TRPV4",8,5.8493647226143,8
"PRRT3-AS14","PRRT3-AS1",1,5.6587924633314,8
"BST24","BST2",3,8.45115459722795,8
"SMOX4","SMOX",1,6.33397250756878,8
"P3H24","P3H2",4,7.72821735871502,8
"SMAD94","SMAD9",8,8.67164194775805,8
"CNTN34","CNTN3",4,5.35003497270812,8
"KDM7A-DT4","KDM7A-DT",6,6.05187107493469,8
"GSC4","GSC",7,7.43447702619549,8
"GNA144","GNA14",7,6.51716378707756,8
"CCDC34","CCDC3",8,8.00182304056986,8
"NAP1L24","NAP1L2",4,7.59392145184947,8
"PLXNA44","PLXNA4",8,7.05952439614493,8
"HACD14","HACD1",1,6.1529604316998,8
"ESAM4","ESAM",8,7.73057357896199,8
"SNTB14","SNTB1",8,5.53624742666698,8
"AC006160.14","AC006160.1",2,8.7393717318962,8
"TNFRSF11A4","TNFRSF11A",4,8.27132979215983,8
"AC127024.84","AC127024.8",2,8.03202940578474,8
"AC025034.14","AC025034.1",7,6.49107932047718,8
"C2CD4D4","C2CD4D",1,7.40629815203517,8
"GPR1834","GPR183",3,7.70212712293047,8
"SNHG264","SNHG26",4,9.3833959934029,8
"ZNF6714","ZNF671",7,7.23048467421864,8
"LTBP14","LTBP1",1,6.83184533477094,8
"PNMA8A4","PNMA8A",1,6.98647452562044,8
"AL590560.34","AL590560.3",8,6.34968199967906,8
"TLR34","TLR3",3,6.73141895472391,8
"SAE14","SAE1",6,6.49857976828602,8
"KCNS34","KCNS3",6,5.64147795152321,8
"CCDC154","CCDC15",5,8.12806045946984,8
"DUSP154","DUSP15",7,8.47468197294585,8
"GINS24","GINS2",1,6.64964132703698,8
"MRGPRF4","MRGPRF",8,7.89161680835609,8
"PLD54","PLD5",8,7.4908841837864,8
"TMPRSS44","TMPRSS4",8,5.8962996628255,8
"SLAIN14","SLAIN1",4,5.16894780329908,8
"ST8SIA24","ST8SIA2",4,6.45520062284686,8
"ABCD14","ABCD1",6,5.96171735319892,8
"NUPR24","NUPR2",6,6.55627929583925,8
"PRKCA4","PRKCA",4,5.12221244850114,8
"CCL224","CCL22",8,6.68192622369663,8
"WASHC14","WASHC1",8,5.26426655110965,8
"SNORA754","SNORA75",2,9.90088966684341,8
"CHEK24","CHEK2",1,6.64247336508556,8
"AC021504.14","AC021504.1",1,6.24370918721095,8
"DPP44","DPP4",4,7.43492257610483,8
"AL031282.14","AL031282.1",2,10.9224839713711,8
"PSMB8-AS14","PSMB8-AS1",3,8.35342845108349,8
"RCAN24","RCAN2",8,6.29024484991295,8
"RYR14","RYR1",8,6.81207314712352,8
"CBFA2T34","CBFA2T3",8,7.37741457506802,8
"PCLAF4","PCLAF",6,7.62769571364971,8
"TEAD44","TEAD4",1,6.38429954903224,8
"RBM114","RBM11",4,7.3774318699853,8
"AL078622.14","AL078622.1",2,5.84978909618099,8
"TPTEP14","TPTEP1",4,6.71484918760352,8
"C3orf704","C3orf70",8,6.92184745128277,8
"TLR24","TLR2",4,9.09226827824496,8
"NTRK24","NTRK2",4,9.60886195387297,8
"SLC2A64","SLC2A6",3,6.35447454865426,8
"GIMAP24","GIMAP2",3,8.09810485005261,8
"AC074141.14","AC074141.1",5,6.53000385743055,8
"SOX54","SOX5",8,8.48254356620937,8
"MCOLN34","MCOLN3",8,6.62551846047434,8
"ACKR34","ACKR3",8,5.7147592938297,8
"AC078799.14","AC078799.1",2,8.65844616404126,8
"BAIAP2L24","BAIAP2L2",1,7.16245183291267,8
"ETV14","ETV1",4,8.04178285251551,8
"RNU6-482P4","RNU6-482P",2,8.44847215737965,8
"CD163L14","CD163L1",5,5.65352864373108,8
"ENTPD34","ENTPD3",4,5.44178611807362,8
"AL355377.34","AL355377.3",8,4.89614134376391,8
"CCKBR4","CCKBR",1,9.277077102614,8
"IQCN4","IQCN",4,6.45619006225823,8
"ADAMTS124","ADAMTS12",8,7.98490722754957,8
"CAND24","CAND2",1,6.41006533682975,8
"LRRIQ14","LRRIQ1",4,6.65503992966645,8
"LINC025624","LINC02562",4,5.1366885671354,8
"ALOX54","ALOX5",4,8.53946719426788,8
"BPIFB14","BPIFB1",8,5.06788227513624,8
"FAM207A4","FAM207A",1,5.6526623180565,8
"RGS114","RGS11",7,6.17824556678416,8
"TLCD14","TLCD1",1,5.70061965275744,8
"LRRK24","LRRK2",8,6.68535599426403,8
"ARHGAP284","ARHGAP28",8,6.37016621286774,8
"NRP24","NRP2",8,5.70460698342795,8
"LINC010604","LINC01060",8,6.84786344922452,8
"CCL284","CCL28",4,11.1158985603069,8
"SEMA5A4","SEMA5A",8,9.12989744576904,8
"SYT64","SYT6",5,7.63067071201994,8
"RUNX24","RUNX2",4,6.54023927145345,8
"KATNAL24","KATNAL2",1,7.18018961224141,8
"SNX204","SNX20",3,9.83629068483467,8
"TNFSF154","TNFSF15",3,6.04417760729971,8
"ZNF280B4","ZNF280B",3,6.6941866327167,8
"RARRES24","RARRES2",8,8.38095214647478,8
"LILRB54","LILRB5",2,6.8596044263398,8
"HPN4","HPN",5,7.83429409206387,8
"CCDC1684","CCDC168",8,7.16156355172978,8
"UBASH3B4","UBASH3B",4,6.93686151363139,8
"NPB4","NPB",1,6.70687218794789,8
"HSD3BP24","HSD3BP2",5,9.24854385619773,8
"MFAP3L4","MFAP3L",4,6.72029036612253,8
"LRMDA4","LRMDA",3,4.80820278179471,8
"ZIK14","ZIK1",4,5.21791883942568,8
"DHCR74","DHCR7",1,7.19659093165884,8
"NEGR14","NEGR1",8,7.9587651890286,8
"PGF4","PGF",8,8.16762050811803,8
"CDON4","CDON",7,8.49029410560471,8
"CXCL64","CXCL6",4,5.05098519794469,8
"CARD164","CARD16",3,9.2576934952639,8
"RHOJ4","RHOJ",8,8.82630230867212,8
"NLRP134","NLRP13",5,7.1975205954887,8
"MPP24","MPP2",8,6.96855133721645,8
"LINC019774","LINC01977",7,6.87199627913832,8
"ZNF4834","ZNF483",7,6.94215758583039,8
"CCDC1364","CCDC136",8,7.55265464604084,8
"RASGRF14","RASGRF1",5,6.51744205410744,8
"MMEL14","MMEL1",7,7.2728140961919,8
"CNTNAP34","CNTNAP3",4,7.17239777903515,8
"ARHGEF394","ARHGEF39",1,6.92789538348149,8
"XG4","XG",1,6.52245053373383,8
"TSKU4","TSKU",5,8.79710231549621,8
"MS4A144","MS4A14",7,6.78270710021291,8
"PITPNM24","PITPNM2",1,6.5544276034314,8
"C2orf27A4","C2orf27A",7,8.49917838963587,8
"ADAMTS24","ADAMTS2",8,7.05732636235259,8
"MYCL4","MYCL",3,5.64164267737995,8
"LILRB24","LILRB2",3,8.9606225230445,8
"LINC015244","LINC01524",8,6.88967295748965,8
"MSI14","MSI1",1,7.13755160896899,8
"ELAVL44","ELAVL4",8,6.5700327041008,8
"AC027031.24","AC027031.2",1,7.30338916839739,8
"XKR94","XKR9",1,6.69787187600559,8
"LRP44","LRP4",8,6.34841370377284,8
"AC106795.14","AC106795.1",1,4.54839196317574,8
"IGFBP64","IGFBP6",8,9.11087781694774,8
"MS4A184","MS4A18",5,9.03718775119845,8
"FAM124A4","FAM124A",4,6.21602061056734,8
"RDH104","RDH10",1,6.43778598313515,8
"AF131215.24","AF131215.2",2,7.92288294899071,8
"FBLN74","FBLN7",8,5.43471108532221,8
"RASSF24","RASSF2",3,6.50765418228869,8
"RAD54B4","RAD54B",1,7.18802776402259,8
"CIB24","CIB2",1,6.21089696879295,8
"DAPL14","DAPL1",7,6.12193321668202,8
"PDGFRA4","PDGFRA",4,9.26764023972533,8
"IDNK4","IDNK",5,5.42555402168233,8
"OVOL14","OVOL1",1,6.76831290057299,8
"ID34","ID3",6,5.29871307516534,8
"HMGN2P464","HMGN2P46",7,9.0874686468849,8
"IL154","IL15",3,8.9977649865053,8
"KIF194","KIF19",8,5.75520093644733,8
"MERTK4","MERTK",8,6.7267055220202,8
"INPP4B4","INPP4B",7,9.16504128373564,8
"SMAD64","SMAD6",1,6.31852163343981,8
"NR2F1-AS14","NR2F1-AS1",8,7.94861878836086,8
"GRIN2D4","GRIN2D",1,5.66432771378479,8
"ZNF7274","ZNF727",4,5.40109942020197,8
"AC096733.34","AC096733.3",8,7.15795947289691,8
"ASRGL14","ASRGL1",4,6.29933675782758,8
"AC096589.14","AC096589.1",7,8.02079070129037,8
"SLC1A24","SLC1A2",7,7.04030268556902,8
"NPL4","NPL",8,6.69733309584355,8
"MTND2P284","MTND2P28",1,5.79961861232247,8
"SASH34","SASH3",3,9.10630555122376,8
"ANXA2R4","ANXA2R",3,5.93231142779119,8
"AC104237.34","AC104237.3",8,8.30943013922124,8
"CACNB24","CACNB2",8,6.97347895289097,8
"THSD7A4","THSD7A",8,7.57113590160147,8
"SYTL44","SYTL4",7,8.92236175718422,8
"CCDC684","CCDC68",7,5.14745294464889,8
"UBA74","UBA7",8,7.50394194431263,8
"VANGL24","VANGL2",1,7.71905312547949,8
"AC090877.24","AC090877.2",5,8.95806483077181,8
"FAH4","FAH",5,8.1022171933409,8
"RNY14","RNY1",1,5.54468916720478,8
"NCF44","NCF4",3,8.13435628870949,8
"GABRB14","GABRB1",8,6.23313980579932,8
"AC021443.14","AC021443.1",2,5.55041212757656,8
"RAPGEF34","RAPGEF3",7,7.37910004794402,8
"AC015813.14","AC015813.1",2,8.1839467368718,8
"FOXP1-IT14","FOXP1-IT1",7,6.09577743048184,8
"CD3G4","CD3G",3,8.18243136882735,8
"RIPOR24","RIPOR2",8,7.13713454593241,8
"ALDH1L24","ALDH1L2",1,6.01684581755579,8
"PRKD14","PRKD1",4,8.45696842984214,8
"GPR137C4","GPR137C",1,6.27777925170432,8
"SLC4A114","SLC4A11",6,5.5052950652851,8
"ESCO24","ESCO2",6,6.63808644062282,8
"AL353622.14","AL353622.1",7,5.32464318490624,8
"CATSPERB4","CATSPERB",4,7.35183241639464,8
"DIRAS14","DIRAS1",1,7.76436913526186,8
"FER1L44","FER1L4",6,5.99821040167842,8
"AKAP54","AKAP5",7,8.02549466092876,8
"AL354707.14","AL354707.1",5,6.28554416999772,8
"NFATC14","NFATC1",1,6.11707589074841,8
"SNAI14","SNAI1",6,6.11489282351401,8
"ETNK24","ETNK2",6,6.16200475264823,8
"TIGIT4","TIGIT",3,9.11411100862684,8
"AC008556.14","AC008556.1",6,6.69443391657166,8
"PREX24","PREX2",8,8.97838845693665,8
"CD404","CD40",3,7.74365772696054,8
"NPNT4","NPNT",7,7.05195385442675,8
"BGN4","BGN",6,7.02584614710264,8
"FOXP24","FOXP2",8,8.39528050755648,8
"GPR1434","GPR143",3,5.93807652542022,8
"TTC344","TTC34",7,7.01915172093421,8
"AC016957.24","AC016957.2",7,6.82604379784094,8
"MT-TL24","MT-TL2",1,4.99925423929697,8
"LYPD54","LYPD5",1,6.73117133873551,8
"MYO1H4","MYO1H",8,5.76800486448373,8
"GPR1734","GPR173",1,6.1625309773724,8
"MTND3P124","MTND3P12",2,8.02809189502304,8
"AL449403.34","AL449403.3",8,9.24012237068226,8
"MSL3P14","MSL3P1",1,7.04151678518414,8
"ELOVL44","ELOVL4",1,7.15474308951511,8
"SERPINI14","SERPINI1",8,8.06860402156406,8
"ADAMTS34","ADAMTS3",1,5.40407110147111,8
"GLI24","GLI2",2,7.53062001117979,8
"NEXMIF4","NEXMIF",6,5.30917341857846,8
"HMGA1P44","HMGA1P4",8,6.25316026470022,8
"AL022323.34","AL022323.3",8,7.56194504892291,8
"FAM180A4","FAM180A",8,5.57679770261137,8
"SLC4A44","SLC4A4",2,5.85333630597091,8
"EFNB34","EFNB3",4,7.80560446219677,8
"STIL4","STIL",1,7.03078025012152,8
"SPC254","SPC25",1,8.79222412854783,8
"BPI4","BPI",1,8.56869548657746,8
"CPS14","CPS1",8,6.3031853420509,8
"CDH124","CDH12",8,6.40284210566521,8
"PURPL4","PURPL",2,7.58117325340306,8
"C1orf614","C1orf61",1,6.5698758554331,8
"ADAM194","ADAM19",3,6.72091136122103,8
"FAM110B4","FAM110B",7,6.80555418634264,8
"RNU6-958P4","RNU6-958P",2,9.95061917792282,8
"C1orf1124","C1orf112",1,6.42923788760415,8
"POU3F24","POU3F2",8,5.87933018319021,8
"P3H34","P3H3",8,6.53138357848708,8
"RNF1504","RNF150",4,6.35771378289832,8
"DANT24","DANT2",8,7.0025113433986,8
"GYG24","GYG2",6,6.06377265902087,8
"MATN44","MATN4",1,7.2687781916576,8
"AP001062.14","AP001062.1",4,6.08310556760402,8
"CYP27B14","CYP27B1",4,7.44824467196558,8
"PXDNL4","PXDNL",1,7.53245958657595,8
"H3C84","H3C8",6,6.29599935785908,8
"RNY1P164","RNY1P16",7,6.24329108286144,8
"FCGR3A4","FCGR3A",3,8.80617402820964,8
"POLD24","POLD2",6,5.83258835950289,8
"TLCD3A4","TLCD3A",1,6.83280093949819,8
"PHEX4","PHEX",5,5.44261042432742,8
"MMP174","MMP17",6,7.27430359835724,8
"MIR497HG4","MIR497HG",8,7.36037651974443,8
"DNMT3B4","DNMT3B",6,7.68340083028228,8
"IKZF14","IKZF1",3,8.31067816741611,8
"MICB4","MICB",3,7.51556700149583,8
"CYP39A14","CYP39A1",4,7.33306070317358,8
"PFKP4","PFKP",6,6.10193685013295,8
"SAMSN14","SAMSN1",3,9.10765397508392,8
"CCDC1634","CCDC163",1,5.54459550394647,8
"AP002387.24","AP002387.2",1,6.21526938443842,8
"TMEM2044","TMEM204",8,6.82160466272545,8
"FNDC104","FNDC10",6,6.50821633476238,8
"AC069228.14","AC069228.1",8,6.15019067386979,8
"CENPO4","CENPO",1,7.13763826967906,8
"ADCY74","ADCY7",8,6.23094269382333,8
"PHLDA24","PHLDA2",4,7.38560198966164,8
"TXLNB4","TXLNB",7,7.12048708613488,8
"PLLP4","PLLP",8,8.56984355471555,8
"LONRF24","LONRF2",7,7.52005838006892,8
"SYN24","SYN2",4,6.21920234154656,8
"LIMD24","LIMD2",3,6.26349336202196,8
"JAK34","JAK3",8,7.09613678027925,8
"ERAP24","ERAP2",8,6.69466046254884,8
"PALM34","PALM3",7,6.09256311504312,8
"RASAL34","RASAL3",3,7.63854969679896,8
"AP003306.14","AP003306.1",4,11.1684280194217,8
"AP000547.34","AP000547.3",4,5.93105819341269,8
"HAND2-AS14","HAND2-AS1",8,8.34988151803866,8
"KIF3C4","KIF3C",1,7.74465346491808,8
"AC103740.14","AC103740.1",8,7.0061733565949,8
"COL5A24","COL5A2",8,7.05706830924666,8
"SERPINB24","SERPINB2",1,6.74411019253744,8
"SOX1-OT4","SOX1-OT",8,6.53362963635702,8
"AL441992.24","AL441992.2",5,6.55354545266796,8
"MDH1B4","MDH1B",7,6.21255529609404,8
"CCDC144CP4","CCDC144CP",8,5.50806813310081,8
"LINC008394","LINC00839",1,6.16426058532241,8
"SERPINB54","SERPINB5",4,8.59162447517069,8
"SULT4A14","SULT4A1",1,7.37222766310688,8
"PLA2G4F4","PLA2G4F",6,5.87764422412319,8
"ULBP34","ULBP3",4,6.74825424610938,8
"FZD54","FZD5",4,5.84690343413345,8
"AL590004.34","AL590004.3",1,6.82729815023394,8
"DCTN1-AS14","DCTN1-AS1",8,7.88338657885862,8
"CD2484","CD248",8,10.6277576523864,8
"GALNT154","GALNT15",8,6.185835147747,8
"AC083843.44","AC083843.4",4,7.95998953519528,8
"PET1004","PET100",6,5.86248551971429,8
"ABI3BP4","ABI3BP",8,8.68938465074849,8
"HERC2P24","HERC2P2",4,6.08718450775354,8
"AC005899.74","AC005899.7",8,6.21850164008601,8
"FGR4","FGR",3,8.37522106265823,8
"AC015712.64","AC015712.6",4,8.12390649834678,8
"CCDC1734","CCDC173",7,6.96066824915545,8
"MEX3B4","MEX3B",1,6.87472026097454,8
"PROS14","PROS1",4,7.55848124092292,8
"GLA4","GLA",7,9.11695280568719,8
"CASC84","CASC8",4,8.34352119440102,8
"PLAC84","PLAC8",3,6.3850443048602,8
"FCHSD14","FCHSD1",8,6.73544999548412,8
"WDR934","WDR93",7,7.74907935975903,8
"DOCK114","DOCK11",3,5.81723212334137,8
"HLF4","HLF",4,7.22500158241835,8
"ATF7IP24","ATF7IP2",8,4.64720036782349,8
"AL080317.14","AL080317.1",2,7.63392932599544,8
"TRPC14","TRPC1",4,6.85068036863413,8
"PCDHB44","PCDHB4",2,6.04846972966085,8
"KIT4","KIT",4,10.3147477491303,8
"NUDT19P54","NUDT19P5",7,6.51874047052549,8
"KCNQ14","KCNQ1",3,5.57994597188196,8
"BAK14","BAK1",1,5.45160580709144,8
"KLRD14","KLRD1",8,7.76228265924429,8
"ZC4H24","ZC4H2",1,5.8894711403173,8
"DISC1FP14","DISC1FP1",5,6.38283870378452,8
"AFAP1L24","AFAP1L2",7,6.71331861855899,8
"HLA-DQA14","HLA-DQA1",3,10.6103503459471,8
"SNORA384","SNORA38",2,7.48413269494295,8
"PRSS164","PRSS16",4,6.63268542968111,8
"SEMA3E4","SEMA3E",7,6.86374512913383,8
"ADAMTS94","ADAMTS9",8,7.056544083805,8
"TPST14","TPST1",8,5.97437665994274,8
"GEM4","GEM",8,7.6984862070261,8
"FBXL134","FBXL13",2,6.13887628590538,8
"ADORA2B4","ADORA2B",4,6.40941044264546,8
"GPC64","GPC6",8,5.7417396703654,8
"FBXL74","FBXL7",8,6.61829723682949,8
"RRS1-AS14","RRS1-AS1",8,6.00486324845903,8
"MPEG14","MPEG1",3,7.38603375135898,8
"NRARP4","NRARP",1,5.56963331590953,8
"KLHL35","KLHL3",8,8.45302422343732,8
"MBNL1-AS14","MBNL1-AS1",1,7.02425666721539,8
"ACTG24","ACTG2",4,6.96369155763279,8
"PGPEP1L4","PGPEP1L",5,7.0634910498109,8
"CSPG54","CSPG5",6,6.08773081038727,8
"TMEM614","TMEM61",4,6.8146000470644,8
"EGOT4","EGOT",7,7.75205684253565,8
"SERPINF24","SERPINF2",4,7.9194665961148,8
"PCDHB74","PCDHB7",1,5.2040706197134,8
"PDE3B4","PDE3B",3,7.24462083861358,8
"AL512274.14","AL512274.1",4,5.77903194318441,8
"PLCH24","PLCH2",7,5.97673624855904,8
"TMEM1564","TMEM156",8,6.4521399922248,8
"MCUB4","MCUB",3,5.78438513521848,8
"RASSF44","RASSF4",3,8.12006257273413,8
"ATAD3C4","ATAD3C",4,6.95799456015895,8
"ADGRV14","ADGRV1",7,6.52503571933881,8
"TGFB1I14","TGFB1I1",8,8.58535642907861,8
"ZYG11A4","ZYG11A",6,6.33266583074091,8
"KRT804","KRT80",4,10.5090101588624,8
"ALDH1B14","ALDH1B1",1,6.23331785827702,8
"AC090206.14","AC090206.1",7,6.41308489701742,8
"GDPD54","GDPD5",1,6.94041353319118,8
"C24","C2",3,7.78564898176246,8
"AL122125.14","AL122125.1",4,6.60247377693289,8
"AC246817.24","AC246817.2",8,5.22073622968728,8
"FAM66D4","FAM66D",8,7.68341058964059,8
"REC84","REC8",3,6.98099833941465,8
"GXYLT24","GXYLT2",1,5.8223171364777,8
"SMPDL3A4","SMPDL3A",5,6.76750454642436,8
"FANCE4","FANCE",1,7.53467122151139,8
"FUT44","FUT4",3,5.98659455878033,8
"AL356534.14","AL356534.1",8,6.57773931300385,8
"KCNK154","KCNK15",4,6.7172118108408,8
"LRRC364","LRRC36",5,5.73694870213505,8
"NEIL34","NEIL3",1,7.67602965139608,8
"PODNL14","PODNL1",4,9.403172241098,8
"AC048341.24","AC048341.2",4,7.80148338606753,8
"LINC025154","LINC02515",2,6.63611312892296,8
"NKX1-24","NKX1-2",1,7.83551138555678,8
"GPR394","GPR39",7,6.76045686451388,8
"LPAR14","LPAR1",8,8.19769500750678,8
"SLC51A4","SLC51A",6,7.47673158892221,8
"ZNF984","ZNF98",1,6.04878041744028,8
"AP000487.14","AP000487.1",1,5.85040820701962,8
"SALL24","SALL2",7,8.13461749015006,8
"CNTNAP3B4","CNTNAP3B",4,6.94663564480504,8
"SHISA94","SHISA9",6,6.0328378391369,8
"EFCAB134","EFCAB13",2,5.43345917925991,8
"TNFRSF1B4","TNFRSF1B",3,9.78550565110586,8
"DIPK1A4","DIPK1A",7,5.76026549965296,8
"CNKSR24","CNKSR2",8,5.68571013028401,8
"TCAF14","TCAF1",8,5.6776528756485,8
"BCL2L144","BCL2L14",3,7.55308684797471,8
"TRIM554","TRIM55",2,4.90984210971899,8
"PCDH174","PCDH17",8,6.09253758883784,8
"AL365181.24","AL365181.2",7,5.47750367838968,8
"EME14","EME1",1,7.19100436317865,8
"LINC023894","LINC02389",5,7.54891116187995,8
"DOCK8-AS14","DOCK8-AS1",5,4.84408282876324,8
"WFDC24","WFDC2",4,9.69644838024373,8
"PDPN4","PDPN",8,8.5951146014709,8
"CYP4F124","CYP4F12",2,6.81362225177616,8
"ERG4","ERG",8,7.993181962336,8
"SLC13A34","SLC13A3",1,5.69608526763266,8
"SLC1A64","SLC1A6",1,5.64008258242857,8
"SRSF124","SRSF12",1,7.50437567956783,8
"NID24","NID2",8,6.4684972781827,8
"AP002761.44","AP002761.4",4,8.15303918385205,8
"KCNJ64","KCNJ6",8,5.83426679979416,8
"FRMD6-AS14","FRMD6-AS1",7,6.839124045971,8
"RGS54","RGS5",8,6.39414976184318,8
"ADAM324","ADAM32",4,5.92671620449809,8
"CLEC2B4","CLEC2B",3,7.25366041806866,8
"HERC64","HERC6",3,6.97954281760302,8
"GLIPR1L24","GLIPR1L2",7,6.72875408906742,8
"PLCG24","PLCG2",3,6.19439258098245,8
"RTKN24","RTKN2",1,7.38135129410935,8
"CDC25A4","CDC25A",1,8.03954755506574,8
"AL356740.14","AL356740.1",4,5.75506833186268,8
"AL499602.14","AL499602.1",7,5.79837286814722,8
"PKHD14","PKHD1",7,6.33835764762627,8
"RTL54","RTL5",4,5.84298584144605,8
"VWF4","VWF",8,8.60865874048197,8
"TMOD14","TMOD1",4,7.46409832777019,8
"ITGAL4","ITGAL",3,8.73001633220957,8
"HCP54","HCP5",3,10.2651281592445,8
"AL160000.14","AL160000.1",2,7.27149199334908,8
"EIF4H4","EIF4H",8,7.58534897969242,8
"SLC6A84","SLC6A8",1,6.7588683491907,8
"AL031058.14","AL031058.1",1,7.2943038226897,8
"RBM244","RBM24",7,8.2263901659277,8
"LEFTY24","LEFTY2",1,7.88957916201889,8
"SUV39H24","SUV39H2",1,7.36419278693705,8
"CARMN4","CARMN",8,8.98418004754612,8
"AC007114.24","AC007114.2",2,12.5965578938785,8
"LRRC37A4P4","LRRC37A4P",8,5.39841481028958,8
"SGIP14","SGIP1",8,7.39221097870754,8
"SLCO2A14","SLCO2A1",4,6.15108369070945,8
"SH2D2A4","SH2D2A",3,7.0384610190348,8
"ANKDD1A4","ANKDD1A",8,6.89539003544631,8
"SCN8A4","SCN8A",4,5.94907713269269,8
"GALNT184","GALNT18",3,6.82809831813255,8
"FSTL44","FSTL4",7,5.80417771057642,8
"ADCY44","ADCY4",8,6.26780480159543,8
"ANKRD33B4","ANKRD33B",3,7.46989439732591,8
"SLC16A74","SLC16A7",8,6.15326451720548,8
"PSRC14","PSRC1",1,7.17754214628267,8
"TBX24","TBX2",8,8.19876049589471,8
"SLC8A1-AS14","SLC8A1-AS1",8,7.02142036550255,8
"AC016582.34","AC016582.3",8,5.65646264462625,8
"SOBP4","SOBP",8,9.05696676499673,8
"PCDH94","PCDH9",8,7.44845544620345,8
"SDK24","SDK2",8,8.19141170563347,8
"IRF54","IRF5",3,6.89318031830109,8
"SLIT34","SLIT3",8,10.1184786801655,8
"TDRD54","TDRD5",1,7.20898450647107,8
"PLEKHH24","PLEKHH2",8,7.48840191300429,8
"PDE6B4","PDE6B",7,7.71661553293048,8
"AC093908.14","AC093908.1",8,5.91421621686464,8
"FAM177B4","FAM177B",8,7.19335737412661,8
"AP003117.14","AP003117.1",7,5.15472890894156,8
"SLCO4A14","SLCO4A1",1,6.47901846717189,8
"ARHGEF384","ARHGEF38",7,6.3320889652636,8
"VEGFC4","VEGFC",5,5.34492162015217,8
"XAGE24","XAGE2",1,7.44814923275312,8
"HAP14","HAP1",8,7.80438623083832,8
"BEX54","BEX5",4,6.63333675267066,8
"LRFN14","LRFN1",1,7.3647620783583,8
"AL391422.44","AL391422.4",1,6.07336834742325,8
"TGFB34","TGFB3",7,7.05044879889734,8
"SNCA4","SNCA",4,5.83111730943654,8
"CLUL14","CLUL1",1,5.67713191073809,8
"TPH14","TPH1",4,5.57723787329184,8
"TMEM1214","TMEM121",8,5.73285048707702,8
"AC244517.14","AC244517.1",4,5.35901625319097,8
"HUNK4","HUNK",6,5.67788180941251,8
"CMTM54","CMTM5",1,5.8177073866662,8
"TBX154","TBX15",8,9.12915337354832,8
"ARHGAP94","ARHGAP9",3,7.74250342217,8
"LINC014114","LINC01411",7,7.38628566650639,8
"AXIN24","AXIN2",8,7.1319667516393,8
"EGR24","EGR2",4,6.82272782041017,8
"ZNF7264","ZNF726",6,6.75457514859192,8
"LINC023344","LINC02334",8,7.14933489607413,8
"ACHE4","ACHE",4,6.04951113569342,8
"SLCO2B14","SLCO2B1",3,7.56325691707735,8
"HAMP4","HAMP",3,6.59086079574107,8
"BTC4","BTC",4,6.81996710012435,8
"MIR17HG4","MIR17HG",4,7.03871133419047,8
"H2BC154","H2BC15",5,5.89097411032665,8
"PRODH4","PRODH",6,6.46626181640766,8
"RN7SL14","RN7SL1",6,6.7242179742819,8
"AL365209.14","AL365209.1",7,6.56536755758711,8
"TBXAS14","TBXAS1",5,5.96134983297426,8
"NTM4","NTM",2,5.44217019885712,8
"SLA4","SLA",3,8.88988619239269,8
"APLNR4","APLNR",8,7.25823176337412,8
"MUC3A4","MUC3A",4,6.17144171503516,8
"EPHA104","EPHA10",7,5.48665955211643,8
"CTF14","CTF1",4,7.23299826937529,8
"TEDC24","TEDC2",1,7.00267030245793,8
"NLRC54","NLRC5",3,9.43001056608692,8
"ZNF3654","ZNF365",4,8.22539661613995,8
"PTGER44","PTGER4",2,6.05416291724104,8
"MLXIPL4","MLXIPL",8,4.92933328743652,8
"STOX14","STOX1",7,6.57477561337797,8
"PKN34","PKN3",5,5.59539183072619,8
"HIC14","HIC1",8,9.28802310123817,8
"SOX104","SOX10",4,10.3972709042811,8
"Z97200.14","Z97200.1",8,8.53325902033849,8
"SLIT24","SLIT2",8,9.33554374093099,8
"TEX304","TEX30",1,6.37788295662952,8
"LINC012384","LINC01238",4,5.69867539251041,8
"RASGEF1C4","RASGEF1C",1,6.92902674372329,8
"AC246817.14","AC246817.1",8,6.04144954073965,8
"GNG114","GNG11",8,8.93911609169259,8
"NXN4","NXN",1,6.72731189479216,8
"POC1A4","POC1A",1,6.89320531052881,8
"GUCY1B24","GUCY1B2",1,6.72756080099493,8
"HBEGF4","HBEGF",3,5.94333369840836,8
"TRPC64","TRPC6",8,7.27864780425127,8
"ARHGEF26-AS14","ARHGEF26-AS1",1,7.45840561726399,8
"ZSCAN314","ZSCAN31",5,7.34510110316321,8
"ITGAM4","ITGAM",3,7.83755378786673,8
"GMFG4","GMFG",3,8.30340656289083,8
"COL24A14","COL24A1",7,5.97381848592326,8
"CD64","CD6",3,7.74904324659176,8
"RHOF4","RHOF",3,7.19497092552363,8
"SORCS14","SORCS1",8,6.12370478894461,8
"CALML3-AS14","CALML3-AS1",4,5.75959617114802,8
"BANK14","BANK1",8,5.3476471903557,8
"AC011611.44","AC011611.4",2,6.29706267648176,8
"ESYT34","ESYT3",8,7.59484884046342,8
"RGS94","RGS9",3,6.58232008140312,8
"SILC14","SILC1",6,5.72707165635118,8
"EFCAB15","EFCAB1",8,7.25759237260388,8
"FAM24B4","FAM24B",4,5.44056690477486,8
"EFNA34","EFNA3",6,7.17714610670453,8
"AL109976.14","AL109976.1",8,6.70290114242453,8
"FOXO6-AS14","FOXO6-AS1",7,7.43758027681209,8
"NRGN4","NRGN",4,7.58388787825045,8
"MN14","MN1",8,5.6942175227843,8
"ST8SIA14","ST8SIA1",4,8.09940144372212,8
"COL5A34","COL5A3",8,7.56252152085405,8
"CSNK2A34","CSNK2A3",2,8.83048593832566,8
"HIF3A4","HIF3A",8,8.13622006942973,8
"AL354740.14","AL354740.1",2,13.8832628014053,8
"AC097634.14","AC097634.1",8,6.53027493583451,8
"GRAMD1B4","GRAMD1B",4,7.31575437030912,8
"LINC027624","LINC02762",1,6.10678703351797,8
"P2RY104","P2RY10",3,7.65925762453792,8
"AC011447.74","AC011447.7",5,6.12076009034192,8
"CTXN14","CTXN1",1,7.80963694853885,8
"COL6A64","COL6A6",8,9.59888751891047,8
"ANKHD1-EIF4EBP34","ANKHD1-EIF4EBP3",8,6.80942570971399,8
"KIAA12574","KIAA1257",7,6.24108359153656,8
"CASC194","CASC19",8,7.66148399624954,8
"LINC013414","LINC01341",7,7.91009884536485,8
"SCN9A4","SCN9A",8,8.45991245676515,8
"RAPGEF44","RAPGEF4",8,7.47318721925159,8
"C8orf37-AS14","C8orf37-AS1",5,6.94810535837219,8
"ARHGAP64","ARHGAP6",8,7.50239842039779,8
"LINC025604","LINC02560",4,6.84331377141589,8
"CPNE84","CPNE8",8,4.68709043973315,8
"MYB4","MYB",7,11.8780661617561,8
"CENPU4","CENPU",1,7.4745103411308,8
"RAMP24","RAMP2",7,7.03680901113721,8
"HOXC104","HOXC10",6,7.10988928445976,8
"FOXP4-AS14","FOXP4-AS1",1,9.10955038025577,8
"SOWAHB4","SOWAHB",7,6.2407487429588,8
"FAM216A4","FAM216A",1,6.18147272993011,8
"UNC13D4","UNC13D",4,6.35214197208737,8
"LINC019944","LINC01994",8,7.04721076016935,8
"PIK3CD4","PIK3CD",3,7.61808049498499,8
"TBX194","TBX19",1,7.63563652712495,8
"RASGRP34","RASGRP3",8,7.00281942762411,8
"CPED14","CPED1",8,7.42472253315519,8
"KCNMB14","KCNMB1",8,7.10772364013021,8
"FLT44","FLT4",8,6.2344374760524,8
"AC010136.14","AC010136.1",4,5.66896015536795,8
"BX284668.54","BX284668.5",7,6.17090558743062,8
"CLCN54","CLCN5",1,6.85403661544206,8
"AC103760.14","AC103760.1",7,7.00494256018459,8
"GPR884","GPR88",7,5.46558849647467,8
"AC005674.24","AC005674.2",4,5.91635800005803,8
"CABP44","CABP4",7,7.06488450496666,8
"ZNF3004","ZNF300",4,7.25458033577911,8
"AL390719.14","AL390719.1",4,6.45376530140544,8
"ANKRD36B4","ANKRD36B",7,5.65573335510383,8
"PREX14","PREX1",7,11.4922248922044,8
"PRRG14","PRRG1",4,5.80756383973515,8
"PDCD2L4","PDCD2L",1,5.85307970284901,8
"EIF5A4","EIF5A",6,5.76607659992578,8
"AC084740.14","AC084740.1",7,6.99783478281129,8
"GIMAP64","GIMAP6",3,7.43732496240763,8
"ADAMTSL44","ADAMTSL4",3,7.02117646655688,8
"AC127024.44","AC127024.4",7,5.00341787792032,8
"EEPD14","EEPD1",8,8.19861791918644,8
"GPR89A4","GPR89A",1,6.14601229379891,8
"SLC29A44","SLC29A4",1,7.63932248193439,8
"NLRP15","NLRP1",3,6.27433908201039,8
"FCMR4","FCMR",3,7.13151193078136,8
"STMN24","STMN2",2,6.90963922839392,8
"PAX24","PAX2",7,6.72497803374473,8
"SLC9A54","SLC9A5",5,5.46142480395343,8
"PART14","PART1",5,6.60677676515137,8
"PAQR54","PAQR5",1,7.91261005898586,8
"SRPX24","SRPX2",4,6.69806101880796,8
"LGALS24","LGALS2",3,7.09285252429261,8
"AL021578.14","AL021578.1",4,6.74137752150414,8
"SCARNA54","SCARNA5",2,8.13932675850423,8
"DYNLRB24","DYNLRB2",7,7.082152083365,8
"SKAP14","SKAP1",3,5.94723778796568,8
"AC027117.14","AC027117.1",4,5.85925532324039,8
"EPDR14","EPDR1",4,6.04518255937526,8
"C5orf494","C5orf49",7,7.61374068440116,8
"CHIC14","CHIC1",8,5.55650164781442,8
"COL4A44","COL4A4",2,5.27808416056479,8
"PCED1B-AS14","PCED1B-AS1",3,6.5837840474758,8
"P4HTM4","P4HTM",4,6.03543357615493,8
"RPP254","RPP25",6,5.70029002056659,8
"RGL34","RGL3",7,6.39866328373599,8
"ENPP54","ENPP5",7,7.45203869370142,8
"SYNC4","SYNC",7,6.68998970419154,8
"MAP64","MAP6",8,6.79252008439393,8
"TMEM2204","TMEM220",4,7.35497416956304,8
"HTR1F4","HTR1F",7,5.90296647851264,8
"PRSS224","PRSS22",4,6.77551653053025,8
"AC008875.34","AC008875.3",8,6.31281849784428,8
"AC091544.44","AC091544.4",7,5.2877877482203,8
"APOL14","APOL1",3,9.45964511346114,8
"SOCS14","SOCS1",3,8.21768662886292,8
"TTLL94","TTLL9",7,7.3610787266376,8
"GPC44","GPC4",7,5.82892374460912,8
"AMER14","AMER1",1,7.70183814232203,8
"GNAO14","GNAO1",8,6.21235821621825,8
"TSPY26P4","TSPY26P",7,5.78328279216327,8
"NKD14","NKD1",8,5.97366778554666,8
"AC087854.14","AC087854.1",7,6.91252689245953,8
"CELF54","CELF5",8,7.12940520160866,8
"UGT2B285","UGT2B28",7,17.1982630962599,9
"UGT2B115","UGT2B11",7,16.5239791242368,9
"DHRS25","DHRS2",7,15.5843541309213,9
"AKR1B155","AKR1B15",7,16.291859495533,9
"GSTM55","GSTM5",7,16.4222502105084,9
"FDCSP5","FDCSP",1,14.7842140621286,9
"C6orf2235","C6orf223",7,15.6540706658301,9
"ACSM15","ACSM1",7,15.7499917068837,9
"HPGD5","HPGD",7,14.6620295586514,9
"HMGCS25","HMGCS2",7,13.6158789528383,9
"PGC5","PGC",7,12.262612076936,9
"ABCC115","ABCC11",7,12.9912276936417,9
"CSN35","CSN3",2,7.83440883554153,9
"AKR1C25","AKR1C2",7,14.4409896023854,9
"ALOX15B5","ALOX15B",7,13.6901662945369,9
"CPB15","CPB1",9,12.2708414761306,9
"PRAME5","PRAME",6,11.83886906804,9
"SERHL25","SERHL2",7,13.5488074059943,9
"S100A75","S100A7",4,9.58802004652576,9
"TFF15","TFF1",9,15.3421833801258,9
"AKR1D15","AKR1D1",7,14.9754176550329,9
"S100P5","S100P",4,8.3742793823739,9
"LINC025225","LINC02522",7,14.3465737379511,9
"PNLIPRP35","PNLIPRP3",7,14.2063605063639,9
"SLC26A35","SLC26A3",7,13.2945723507531,9
"SULT1C2P15","SULT1C2P1",7,11.9843609126196,9
"CYP2B7P5","CYP2B7P",7,9.65301717144943,9
"LINC021695","LINC02169",7,14.4345950515911,9
"SPINK85","SPINK8",7,12.4500655990019,9
"TAT5","TAT",9,8.36217047896701,9
"LBP5","LBP",7,10.0702479772183,9
"IGHA25","IGHA2",2,13.7088284505192,9
"LALBA5","LALBA",2,7.59215024115649,9
"CXCL135","CXCL13",1,8.44275268406663,9
"TSPAN85","TSPAN8",7,9.96267660312735,9
"OPRPN5","OPRPN",5,10.1941955520732,9
"LINC010885","LINC01088",7,13.9526771010357,9
"LINC010875","LINC01087",9,16.0616545341234,9
"CRISP35","CRISP3",4,11.8760305348048,9
"LINC023035","LINC02303",7,10.9700863341962,9
"HPD5","HPD",7,13.6615918763997,9
"IGHG15","IGHG1",2,9.77049157416459,9
"CXCL105","CXCL10",1,17.3034791743603,9
"MUCL15","MUCL1",7,9.75054569983269,9
"LINC024875","LINC02487",6,12.7302194104411,9
"SORD5","SORD",7,13.8515784403004,9
"KCNC25","KCNC2",9,14.8402033150479,9
"FABP75","FABP7",7,9.46605067072913,9
"LINC006245","LINC00624",7,13.4673524030926,9
"IGHG45","IGHG4",1,9.35302590486425,9
"CHST16","CHST1",7,11.0842014095964,9
"PIP5","PIP",7,10.0211714090711,9
"ABCC125","ABCC12",7,12.5827590560229,9
"PTHLH5","PTHLH",5,8.9097865874645,9
"SERHL6","SERHL",7,12.4733192791709,9
"GLRA35","GLRA3",9,12.6465245123877,9
"THRSP5","THRSP",7,9.63332239782308,9
"MTND3P195","MTND3P19",1,4.56853156715752,9
"MYOM25","MYOM2",7,13.3642432117497,9
"MUC65","MUC6",9,7.05893372962449,9
"SCGB1A15","SCGB1A1",7,8.98152719550761,9
"CLCA25","CLCA2",7,8.49386580745899,9
"AC122713.25","AC122713.2",7,13.7473277018541,9
"WIF15","WIF1",5,12.0391468689079,9
"CSN1S15","CSN1S1",2,7.8157205347358,9
"EN15","EN1",6,11.806365910198,9
"IGHM5","IGHM",2,11.1389853134028,9
"DDC5","DDC",7,12.3042934103053,9
"CYP4Z15","CYP4Z1",5,8.52918536133397,9
"LINC015115","LINC01511",7,12.5620234698054,9
"MTND1P235","MTND1P23",6,5.54179454956924,9
"S100A85","S100A8",1,10.3813375829827,9
"UCHL15","UCHL1",6,9.92467864795436,9
"AL033397.25","AL033397.2",7,13.5111729716944,9
"MSLN5","MSLN",6,10.1634055028941,9
"CPHL1P5","CPHL1P",7,10.0260333713629,9
"SOX115","SOX11",6,9.50340248862933,9
"AC092069.15","AC092069.1",8,20.4188278207959,9
"TFPI25","TFPI2",9,13.0998003628904,9
"TFF35","TFF3",9,12.1980686869739,9
"CDH195","CDH19",6,7.96243043895283,9
"CXCL95","CXCL9",1,16.1064531430181,9
"ARHGAP365","ARHGAP36",9,10.4336095185655,9
"ABCA125","ABCA12",7,10.7153547951616,9
"IGHA15","IGHA1",2,15.8986792833494,9
"LINC016675","LINC01667",6,8.2745561136062,9
"HORMAD15","HORMAD1",6,11.9730480035503,9
"ALB5","ALB",5,9.19517808081788,9
"AC092071.15","AC092071.1",9,8.56300743679138,9
"AC092325.15","AC092325.1",7,12.8404410042217,9
"SCGB1D25","SCGB1D2",5,9.3982777781767,9
"ART35","ART3",6,11.5139253159156,9
"OLFM45","OLFM4",2,12.5547955638676,9
"ENPP35","ENPP3",7,10.9286019060261,9
"SERPINA65","SERPINA6",9,13.84599293844,9
"CALML55","CALML5",6,8.37248594687616,9
"ADGRD25","ADGRD2",5,10.2126376033098,9
"AGR35","AGR3",9,13.687662634339,9
"DSG15","DSG1",2,8.77910222632005,9
"HLA-DRB55","HLA-DRB5",1,5.76277036239373,9
"KIF1A5","KIF1A",6,10.2865708375235,9
"IGLC25","IGLC2",2,12.4246295899399,9
"TCN15","TCN1",5,12.4562908857332,9
"PLA2G2A5","PLA2G2A",4,9.1034495870889,9
"CLEC3A5","CLEC3A",9,7.39241586102296,9
"PIGR5","PIGR",2,17.8327379371451,9
"NXPH45","NXPH4",7,8.6968761099165,9
"SCGB2A15","SCGB2A1",5,8.73319819009575,9
"IGSF15","IGSF1",9,10.8546355586702,9
"SDR16C55","SDR16C5",7,9.79540078752883,9
"MUC165","MUC16",1,9.93963301187141,9
"CXCL175","CXCL17",4,8.07097547725844,9
"AC008440.15","AC008440.1",8,18.6149031092926,9
"ACADL5","ACADL",7,11.7052803108267,9
"FIBCD15","FIBCD1",7,12.4875774647101,9
"SIX35","SIX3",6,11.1727071257724,9
"CYP2A65","CYP2A6",9,8.0217895579756,9
"SCUBE35","SCUBE3",6,9.3274628552796,9
"PCAT185","PCAT18",7,10.2975432552842,9
"BMPR1B5","BMPR1B",9,13.2566075577133,9
"CNTNAP25","CNTNAP2",7,10.1236901843635,9
"GJB15","GJB1",7,10.7789349938202,9
"CDKN2A5","CDKN2A",1,10.8082269108331,9
"RBM205","RBM20",7,10.1644012917963,9
"CITED15","CITED1",9,12.1365382332123,9
"SCGB3A15","SCGB3A1",2,11.0034290764851,9
"GFRA15","GFRA1",9,13.0451922292505,9
"MUC5B5","MUC5B",6,9.21479593520756,9
"AL157387.15","AL157387.1",8,10.4713717852177,9
"CALB25","CALB2",6,10.4030355517286,9
"NPY2R5","NPY2R",9,9.52003467177353,9
"FABP45","FABP4",2,9.17814647896648,9
"AC008736.15","AC008736.1",7,12.0780482606366,9
"HBB5","HBB",8,6.90179431700421,9
"CYP4Z2P5","CYP4Z2P",7,10.0819819979786,9
"ST8SIA6-AS15","ST8SIA6-AS1",7,9.31288801748453,9
"CLIC65","CLIC6",9,8.86210566646352,9
"CYP4F85","CYP4F8",4,6.27062183726618,9
"IDO15","IDO1",1,15.4925747036248,9
"SBSN5","SBSN",6,8.16172257056026,9
"SCGB2A25","SCGB2A2",5,11.6876507210073,9
"FCN25","FCN2",7,12.7489160474503,9
"SLC27A25","SLC27A2",7,10.5127887839594,9
"POTEKP5","POTEKP",9,14.5438355415014,9
"GSTA15","GSTA1",6,8.73389577733485,9
"LCAL15","LCAL1",7,11.139886116599,9
"CXCL115","CXCL11",1,15.1874411095398,9
"MMP95","MMP9",1,10.8468250530585,9
"ALKAL25","ALKAL2",2,11.4173229277618,9
"ME15","ME1",7,11.3978438557877,9
"LINC014365","LINC01436",1,9.82670536241399,9
"AC096996.25","AC096996.2",7,11.9910712429277,9
"KLK115","KLK11",6,7.66605414596155,9
"ODAM5","ODAM",1,8.4877717981664,9
"SCGN5","SCGN",7,11.6354281172222,9
"LY6D5","LY6D",1,7.4037120860811,9
"PPEF15","PPEF1",7,12.1494999900911,9
"SLC15A15","SLC15A1",6,8.51498768572205,9
"PLAC9P15","PLAC9P1",9,10.6251158719085,9
"AFP5","AFP",5,8.07779256094267,9
"AC025062.35","AC025062.3",7,12.525983672627,9
"PI35","PI3",2,11.310116677165,9
"KCNE45","KCNE4",9,9.77978216769045,9
"LINC009935","LINC00993",8,9.67043698219596,9
"COL2A15","COL2A1",3,9.68335507930182,9
"PON35","PON3",7,11.0487386096068,9
"SULT1C35","SULT1C3",7,13.2866644860704,9
"KYNU5","KYNU",7,10.0175306765819,9
"NPY1R5","NPY1R",9,9.63459039870005,9
"CRABP15","CRABP1",6,9.54379666209769,9
"TMEM161BP15","TMEM161BP1",9,9.82226590915936,9
"PIEZO25","PIEZO2",9,12.8508897292129,9
"SHISA25","SHISA2",5,13.4796618475875,9
"A2ML15","A2ML1",6,9.10716844422816,9
"UBE2C5","UBE2C",6,10.3464182582881,9
"EREG5","EREG",5,9.53079976416626,9
"MTND3P105","MTND3P10",8,5.36149093669001,9
"NCCRP15","NCCRP1",1,7.27497438334214,9
"AC024940.25","AC024940.2",6,7.4781893179664,9
"MRPS30-DT5","MRPS30-DT",9,13.4265261933968,9
"MYBPC15","MYBPC1",7,8.53633813292069,9
"LINC022665","LINC02266",7,11.5080018891769,9
"KRT815","KRT81",5,10.6627431046843,9
"CTHRC15","CTHRC1",1,9.57126898707972,9
"SIGLEC155","SIGLEC15",8,8.91740676820175,9
"AQP55","AQP5",2,10.5229818777621,9
"NANOGP15","NANOGP1",7,13.0190047657809,9
"AP002001.15","AP002001.1",7,10.8425261506207,9
"CLDN105","CLDN10",2,9.24695729299857,9
"H4C85","H4C8",7,10.108027326686,9
"KAZN-AS15","KAZN-AS1",7,10.8196217239196,9
"PGR5","PGR",9,12.9347234446834,9
"SRARP5","SRARP",9,12.2374558126932,9
"CALML35","CALML3",5,10.8653548971664,9
"MYBL25","MYBL2",6,9.62153280287807,9
"HGD5","HGD",7,8.59455516539844,9
"PLAAT25","PLAAT2",7,10.2929200758299,9
"UGT2B75","UGT2B7",7,10.3646239008915,9
"AC100826.15","AC100826.1",7,11.7120992428238,9
"FOXM15","FOXM1",6,10.2506902443384,9
"ANKRD30A5","ANKRD30A",8,9.87513572900034,9
"FNDC15","FNDC1",6,8.94005975431058,9
"B3GAT15","B3GAT1",7,11.7308654148351,9
"IGLC35","IGLC3",2,9.87551996804816,9
"SYCP15","SYCP1",7,11.4427286036086,9
"TMEM265","TMEM26",9,14.6057978770753,9
"GRIK1-AS15","GRIK1-AS1",9,11.6078009720797,9
"MMP115","MMP11",4,7.99688518828984,9
"AC093001.15","AC093001.1",7,11.0966734048677,9
"GNMT5","GNMT",7,10.5855865054906,9
"ADRA2A5","ADRA2A",7,9.25833037411642,9
"VGLL15","VGLL1",6,9.978936858194,9
"MYEOV5","MYEOV",2,12.3046026733833,9
"TDRD125","TDRD12",6,6.501276011297,9
"CEACAM65","CEACAM6",4,8.60872932505271,9
"ELOVL25","ELOVL2",9,14.0195861782323,9
"CUX25","CUX2",7,10.6336292757043,9
"HAAO5","HAAO",7,11.4722973472086,9
"DEFB15","DEFB1",5,10.2698210294468,9
"VN1R53P5","VN1R53P",9,9.9948662176616,9
"CLSTN25","CLSTN2",5,10.4043991512178,9
"CP5","CP",1,7.50233746237001,9
"AL033523.15","AL033523.1",7,11.8472462302055,9
"ABCC25","ABCC2",7,11.9039286426144,9
"MSMB5","MSMB",7,10.2219108817195,9
"KRT165","KRT16",6,8.83373402929957,9
"TTC365","TTC36",7,9.55442688408544,9
"WFDC21P5","WFDC21P",1,8.44576980730894,9
"ATP1A25","ATP1A2",7,9.8104272531499,9
"JCHAIN5","JCHAIN",2,14.7896268005029,9
"LINC025415","LINC02541",7,11.3818231429035,9
"AC100801.15","AC100801.1",7,8.06807580023226,9
"PI155","PI15",9,11.2069455013793,9
"CHIT15","CHIT1",5,7.07473550340292,9
"MAB21L45","MAB21L4",4,9.62541731592505,9
"CSN25","CSN2",2,7.18099951190608,9
"ALOX155","ALOX15",7,10.043339556734,9
"NAT25","NAT2",7,11.9431263801358,9
"AGT5","AGT",4,6.61156720039464,9
"ELOVL75","ELOVL7",7,11.8754231894129,9
"AP004608.15","AP004608.1",7,10.1683415896804,9
"VSTM2L5","VSTM2L",4,8.61535824839478,9
"NAT15","NAT1",9,13.3372820605902,9
"PPP4R45","PPP4R4",9,13.5998568962956,9
"CYP4X15","CYP4X1",9,8.390209315703,9
"MT-TD5","MT-TD",6,7.81867645429201,9
"DNER5","DNER",6,9.47338767291167,9
"FAM3D5","FAM3D",2,13.6863924438082,9
"HOXA95","HOXA9",2,6.34330317134065,9
"GAL5","GAL",6,8.93547204532555,9
"PTX35","PTX3",6,8.11649822889236,9
"H2AC85","H2AC8",7,10.9516146068684,9
"AL391097.35","AL391097.3",8,13.7348689841415,9
"TMEM45B5","TMEM45B",7,9.93934654365276,9
"HRCT15","HRCT1",6,9.43803990362837,9
"CYP4F225","CYP4F22",5,7.66389401032459,9
"SERPINA55","SERPINA5",5,10.3858563212129,9
"GRP5","GRP",5,11.6163302442444,9
"KMO5","KMO",7,8.42826921202387,9
"TMSB15A5","TMSB15A",6,10.6181796943463,9
"DIO25","DIO2",3,8.22574284752474,9
"AP005233.25","AP005233.2",2,12.3576253008114,9
"CDC205","CDC20",6,9.46245532017014,9
"NEK25","NEK2",6,9.64773082298453,9
"RN7SL314P5","RN7SL314P",8,11.4337807777892,9
"PNMT5","PNMT",3,6.39147321738122,9
"LCN25","LCN2",2,9.8813971950464,9
"OBP2B5","OBP2B",6,7.18338481369996,9
"SNORD3A5","SNORD3A",6,7.19600556157983,9
"PHGR15","PHGR1",9,11.196143754406,9
"FGG5","FGG",4,8.99005508013404,9
"DKK15","DKK1",6,7.26218931000557,9
"LINC012525","LINC01252",7,11.1077705586712,9
"COL22A15","COL22A1",1,10.2504968429497,9
"ADH1C5","ADH1C",7,11.4485204705688,9
"C2CD4A5","C2CD4A",4,11.0501089727767,9
"LDHD5","LDHD",7,11.3106493915156,9
"Z82215.15","Z82215.1",8,16.7587911001945,9
"AP000892.45","AP000892.4",2,9.05322370575759,9
"IQGAP35","IQGAP3",6,10.2483269170073,9
"UGT2B155","UGT2B15",8,7.73912754648686,9
"SOX85","SOX8",6,9.63451192485981,9
"AC022784.15","AC022784.1",6,6.18725023083934,9
"LRG15","LRG1",9,7.61101814875507,9
"ANKRD30B5","ANKRD30B",9,10.9555595419851,9
"FAR25","FAR2",7,9.83557154686311,9
"AL356804.15","AL356804.1",7,10.8283361493771,9
"TDRD16","TDRD1",4,7.753942907001,9
"RNU5F-15","RNU5F-1",6,7.33695441472566,9
"CASP145","CASP14",4,10.7964400393178,9
"SMR3B5","SMR3B",5,7.66924866168801,9
"LINC024325","LINC02432",7,6.82870656460646,9
"FADS25","FADS2",7,8.29898529836808,9
"TMPRSS11E5","TMPRSS11E",7,9.39808093283815,9
"NPR35","NPR3",6,9.83984629360951,9
"TNFSF115","TNFSF11",3,9.58152551970233,9
"SNORC5","SNORC",2,10.106371315636,9
"TESC5","TESC",5,10.5126942327662,9
"PGBD55","PGBD5",6,7.35035558701039,9
"LINC011985","LINC01198",2,11.3130842221376,9
"SLCO1B15","SLCO1B1",7,10.5493716803544,9
"AC073114.15","AC073114.1",5,8.14103891046147,9
"GP25","GP2",9,11.9099018994204,9
"FOXCUT5","FOXCUT",6,10.6435063267342,9
"PRR275","PRR27",6,7.33357870160274,9
"H2AC115","H2AC11",7,10.2600204299279,9
"HLA-DRB65","HLA-DRB6",1,8.94003762357192,9
"EDN35","EDN3",3,8.84408950163246,9
"SERPINA115","SERPINA11",9,12.0875752386143,9
"LUZP25","LUZP2",5,13.5536296952546,9
"BRINP35","BRINP3",7,8.92004960878081,9
"TMEM2135","TMEM213",2,12.7048497973941,9
"TPX25","TPX2",6,9.4898946887399,9
"TMEM1585","TMEM158",6,8.44470978274087,9
"MT-TK5","MT-TK",9,5.82497068185103,9
"DCDC25","DCDC2",9,10.8857621226274,9
"FAM83D5","FAM83D",6,9.76881712487999,9
"HOXB65","HOXB6",8,7.7731025695045,9
"KRT6A5","KRT6A",6,6.44504184392395,9
"CENPA5","CENPA",6,9.76528569754857,9
"FMO35","FMO3",1,6.79920312698664,9
"NUF25","NUF2",6,9.85808562718115,9
"ZNF350-AS15","ZNF350-AS1",4,6.48883543285648,9
"APCDD1L5","APCDD1L",2,12.1861781466606,9
"LINC018335","LINC01833",6,10.122073401439,9
"AURKB5","AURKB",6,9.98989837955367,9
"CCDC1415","CCDC141",7,10.0589815629718,9
"ASPM5","ASPM",6,9.73017605658209,9
"LYPD65","LYPD6",9,12.6960536865943,9
"KIF4A5","KIF4A",6,8.91646958505667,9
"SAA25","SAA2",5,9.58598650853203,9
"MARCO5","MARCO",1,11.8643827484984,9
"AC104984.45","AC104984.4",8,16.9997115560103,9
"FBN35","FBN3",6,11.1233874269208,9
"C5orf465","C5orf46",6,8.16126283433322,9
"S100A25","S100A2",6,7.4478309696698,9
"CDCA75","CDCA7",6,9.81593069900942,9
"GRIK35","GRIK3",5,11.027224110286,9
"PCSK1N5","PCSK1N",6,9.77676705433618,9
"CECR25","CECR2",7,9.50377272796956,9
"FAR2P15","FAR2P1",9,8.00760860585181,9
"ESR15","ESR1",9,12.9008760001757,9
"LINC015545","LINC01554",2,8.23146194641552,9
"AGR25","AGR2",9,10.7278575626198,9
"DLX55","DLX5",6,10.4611840690815,9
"ROPN1B5","ROPN1B",2,10.7386723682939,9
"MPV17L5","MPV17L",7,9.9804247873463,9
"SCGB1B2P5","SCGB1B2P",9,5.89933064313889,9
"CAPN65","CAPN6",3,6.72926995540927,9
"MT1G5","MT1G",5,5.63495267953231,9
"ATP13A55","ATP13A5",7,8.41879370076198,9
"KLK75","KLK7",5,12.6569374854761,9
"IGHG35","IGHG3",2,7.75372165053402,9
"ZIC15","ZIC1",6,8.96403708559813,9
"CEP555","CEP55",6,9.26443823605299,9
"MELK5","MELK",6,9.60829684708243,9
"TNNT15","TNNT1",6,7.10531260731223,9
"CLPSL15","CLPSL1",4,7.62888421487829,9
"KLHDC7B5","KLHDC7B",1,12.3510830399744,9
"TDRD95","TDRD9",4,6.5764285811021,9
"KLK65","KLK6",5,9.07492730024046,9
"AC023509.25","AC023509.2",7,9.73772199928749,9
"EXTL15","EXTL1",3,7.84725639384035,9
"NDNF5","NDNF",7,9.00053389035721,9
"SLC5A85","SLC5A8",4,7.06965023087388,9
"DIO35","DIO3",7,9.33222220878467,9
"FGFR35","FGFR3",9,12.366320914188,9
"DCD5","DCD",5,5.291291617837,9
"ALDH3B25","ALDH3B2",7,9.44997224874747,9
"AKR1C35","AKR1C3",7,9.81371821053406,9
"C16orf895","C16orf89",9,10.6554258647736,9
"NEK105","NEK10",9,12.3042935427087,9
"BIRC55","BIRC5",6,9.09720111931013,9
"C2CD4B5","C2CD4B",4,9.08182240166932,9
"DEPDC15","DEPDC1",4,9.10373108942543,9
"FBN25","FBN2",3,7.69240926023139,9
"HBA15","HBA1",8,7.67047790022528,9
"AC099508.15","AC099508.1",7,11.151005009296,9
"COL11A15","COL11A1",3,7.02762268929363,9
"ADAMTS155","ADAMTS15",9,11.7700011122535,9
"NRN15","NRN1",2,5.31388956628736,9
"OTX15","OTX1",6,9.99592976749902,9
"FSIP25","FSIP2",3,6.78992017667183,9
"KIF2C5","KIF2C",6,9.60574494662776,9
"ZNF385B5","ZNF385B",9,7.21925488610969,9
"AL121790.15","AL121790.1",8,9.71142890452512,9
"COL10A15","COL10A1",4,7.24893342748805,9
"GRIA25","GRIA2",9,6.52557849952322,9
"RSAD25","RSAD2",1,11.4449364817709,9
"ARHGAP405","ARHGAP40",9,8.6431353885123,9
"KLHDC7A5","KLHDC7A",5,8.121989616338,9
"GJB25","GJB2",6,7.68197930228438,9
"ACSM35","ACSM3",7,10.1824478905038,9
"AP000851.15","AP000851.1",2,8.54797907937219,9
"RPL105","RPL10",2,7.21435808721219,9
"MAEL5","MAEL",8,7.87807780107208,9
"TNFRSF11B5","TNFRSF11B",5,10.6284079863375,9
"SLC13A25","SLC13A2",2,15.1522821547379,9
"GLYATL25","GLYATL2",5,9.98588860456977,9
"RN7SL674P5","RN7SL674P",9,11.8535001992626,9
"CBX25","CBX2",6,9.69133311387005,9
"AC025154.25","AC025154.2",2,9.05435360809932,9
"GBP55","GBP5",1,13.9175547095647,9
"SLC25A185","SLC25A18",7,10.0146947525516,9
"GRIA45","GRIA4",3,8.02725185337369,9
"PTTG15","PTTG1",6,8.69004160235293,9
"LY6K5","LY6K",6,7.05376684042712,9
"C75","C7",2,10.2712581309326,9
"AC008459.15","AC008459.1",3,6.92889232417738,9
"LINC019565","LINC01956",6,10.7522594813935,9
"PTGS25","PTGS2",2,8.72902925323124,9
"SLC28A35","SLC28A3",5,10.6185454040667,9
"CHAD5","CHAD",9,10.2820304335296,9
"LAMP35","LAMP3",1,11.8795279155092,9
"RIMS25","RIMS2",7,8.57859581172325,9
"AC119673.35","AC119673.3",6,5.32582208853341,9
"ANLN5","ANLN",6,8.84430350308099,9
"RET5","RET",9,7.45905515150389,9
"NXNL25","NXNL2",9,13.2069091253032,9
"NOVA15","NOVA1",9,11.4052391648461,9
"IGF2BP35","IGF2BP3",1,7.78555043456322,9
"SPTSSB5","SPTSSB",4,7.53073826908547,9
"GDF155","GDF15",4,6.14655905376566,9
"AK55","AK5",5,10.9465949087062,9
"DLGAP55","DLGAP5",6,8.85881070324772,9
"SLC34A25","SLC34A2",2,11.2583074456492,9
"IL325","IL32",1,11.0927539616422,9
"DLK15","DLK1",2,7.26391375981902,9
"CAPN85","CAPN8",9,10.594447103462,9
"GBP45","GBP4",1,13.7038203841716,9
"VSIG10L25","VSIG10L2",9,9.57673218515088,9
"CELF45","CELF4",6,10.0268374922556,9
"CRYBB25","CRYBB2",6,4.62791126253627,9
"ACKR25","ACKR2",4,7.02260105209416,9
"CEL5","CEL",4,6.70270846300047,9
"SNTG2-AS15","SNTG2-AS1",7,7.19697931212837,9
"LINC026075","LINC02607",5,11.1101075385499,9
"PITX15","PITX1",6,7.48738617761414,9
"CXCL25","CXCL2",2,12.3462607377497,9
"COL11A25","COL11A2",6,7.96766524390542,9
"KLHL315","KLHL31",7,10.6788704060756,9
"FOXI15","FOXI1",2,10.8972002476383,9
"RIMS15","RIMS1",7,8.96971374808633,9
"KLK105","KLK10",6,8.5376383080543,9
"HJURP5","HJURP",6,9.10811636506644,9
"FUT35","FUT3",4,8.6932310305704,9
"AC010280.15","AC010280.1",7,10.3430025191057,9
"IYD5","IYD",7,10.5237937531205,9
"MMP75","MMP7",1,9.50796734696027,9
"FMO55","FMO5",7,9.69776460465798,9
"GATA3-AS15","GATA3-AS1",9,11.8115367416709,9
"FYB25","FYB2",9,8.86010608016331,9
"MTCYBP135","MTCYBP13",8,8.03690699748208,9
"PRSS215","PRSS21",2,6.15787993464181,9
"HSPB85","HSPB8",5,8.71944338584501,9
"CLGN5","CLGN",9,8.66387003703328,9
"EEF1A25","EEF1A2",5,7.20399484746882,9
"AC008268.15","AC008268.1",9,8.55528067592662,9
"TSPAN16","TSPAN1",5,8.10617113144594,9
"CADM35","CADM3",3,8.87724535942396,9
"OLAH5","OLAH",2,7.260246793919,9
"FGB5","FGB",4,6.42500680633397,9
"SULT1C45","SULT1C4",7,7.53494986203136,9
"ONECUT25","ONECUT2",4,8.30138794594976,9
"COL4A65","COL4A6",5,10.1916322036082,9
"PTN5","PTN",5,14.5553246577879,9
"TRIM365","TRIM36",7,9.77411359689651,9
"KIF20A5","KIF20A",6,9.20600068487658,9
"ECRG45","ECRG4",5,7.25686976666119,9
"SPAG175","SPAG17",9,9.50663909431797,9
"CDCA55","CDCA5",6,8.92617891564689,9
"AC137932.35","AC137932.3",8,17.0591292885377,9
"IFI44L5","IFI44L",1,13.3454708034964,9
"SLITRK65","SLITRK6",9,9.99800093978432,9
"MAOA5","MAOA",9,7.61476024976165,9
"GSDMC5","GSDMC",6,6.53474909493081,9
"FOXD15","FOXD1",6,8.88525023010178,9
"RPL10P95","RPL10P9",2,6.26786474390619,9
"AC106045.15","AC106045.1",7,8.91858975063053,9
"CXCL85","CXCL8",4,7.01203971372857,9
"WNK45","WNK4",9,8.79421474656162,9
"ACSBG15","ACSBG1",8,8.80556912352525,9
"CRLF15","CRLF1",6,7.29521044363038,9
"PKMYT15","PKMYT1",4,9.07400652643717,9
"ADGRL35","ADGRL3",3,7.65982392613625,9
"C2orf725","C2orf72",7,6.85123023694547,9
"AADAT5","AADAT",7,8.7070769540336,9
"ATP6V1C25","ATP6V1C2",6,8.52681057267683,9
"FAM111B5","FAM111B",4,9.81622259045263,9
"PBK5","PBK",6,9.09567641488873,9
"MCM105","MCM10",6,8.8907883443451,9
"GRB145","GRB14",6,9.09412364548954,9
"GNG45","GNG4",6,9.4874815471351,9
"HOXB55","HOXB5",8,7.64888521070528,9
"NLRP25","NLRP2",6,6.71214663886823,9
"SMYD15","SMYD1",2,6.3523094086979,9
"LRP25","LRP2",9,10.0601310382122,9
"ADH1B5","ADH1B",2,9.50135835560619,9
"AC021066.15","AC021066.1",6,6.18642675310944,9
"NFE45","NFE4",1,6.80825342107224,9
"LINC011335","LINC01133",4,7.22014762358999,9
"H2BC45","H2BC4",7,9.12489604414248,9
"NDUFA4L25","NDUFA4L2",4,8.02149179684092,9
"GABRB35","GABRB3",7,7.41813896630138,9
"DRAIC5","DRAIC",9,8.17324915330985,9
"MKI675","MKI67",6,8.72203213762683,9
"XDH5","XDH",5,11.6953143985085,9
"NCAM15","NCAM1",5,6.53242743531883,9
"ASCL25","ASCL2",7,7.71028818697527,9
"QPCT5","QPCT",6,8.74112916144964,9
"LOXL45","LOXL4",2,10.1668768793538,9
"FAM3B5","FAM3B",2,9.41937261879778,9
"LIN7A5","LIN7A",5,7.12649458032011,9
"LIF5","LIF",1,8.35060867413416,9
"SLCO1A25","SLCO1A2",2,8.7025503588471,9
"DACH15","DACH1",9,8.70574013517383,9
"ADCY15","ADCY1",9,12.9140004245634,9
"GLYATL15","GLYATL1",4,8.43977848151853,9
"FTCD5","FTCD",4,7.21887861046741,9
"TRABD2B5","TRABD2B",5,12.1928822371155,9
"AFAP1-AS15","AFAP1-AS1",1,7.47497819939061,9
"FOXC25","FOXC2",6,6.47851198918083,9
"SECTM15","SECTM1",1,10.9758691467904,9
"KRT145","KRT14",2,8.68288723195949,9
"ARNTL25","ARNTL2",1,10.5669525318021,9
"PLPPR35","PLPPR3",9,11.6893157030391,9
"BMP75","BMP7",3,10.0154764761259,9
"FGF105","FGF10",9,9.6192964751667,9
"CAPN135","CAPN13",4,7.01588158991378,9
"ATP13A45","ATP13A4",7,8.37709390069067,9
"SIM25","SIM2",6,8.71969191186915,9
"RRM25","RRM2",4,9.41443541527071,9
"HEPACAM25","HEPACAM2",9,7.3379414767428,9
"HOXA105","HOXA10",8,6.24516617970293,9
"DNALI15","DNALI1",9,10.2945229923402,9
"RARRES15","RARRES1",1,10.0668513529401,9
"ABCC85","ABCC8",9,7.06586427294344,9
"GABRE5","GABRE",7,7.66354416584771,9
"COL9A35","COL9A3",6,9.41849710960952,9
"DSG35","DSG3",5,9.43015372654575,9
"POU3F35","POU3F3",8,7.23981544523614,9
"AREG5","AREG",5,11.4553255679567,9
"SOSTDC15","SOSTDC1",2,10.5645502132782,9
"AC093866.15","AC093866.1",8,6.11607031885186,9
"CDH25","CDH2",3,7.40782445355986,9
"SLC6A145","SLC6A14",2,11.5619070048479,9
"S100A95","S100A9",1,10.4880179422278,9
"CACNA1H5","CACNA1H",9,6.38258788376724,9
"CA5BP15","CA5BP1",1,6.01918044504302,9
"APOD5","APOD",7,10.3683743341466,9
"KLK55","KLK5",5,10.7425248390722,9
"CDK15","CDK1",4,8.62620893465178,9
"MAP7D25","MAP7D2",6,7.48612647731764,9
"LINC005045","LINC00504",9,10.5038355377175,9
"MSX25","MSX2",8,6.77520239432614,9
"SUSD35","SUSD3",9,11.689318550122,9
"LTB5","LTB",1,13.195188587718,9
"TMEM63C5","TMEM63C",7,7.88026704143803,9
"GABBR25","GABBR2",6,8.065414321954,9
"H2BC95","H2BC9",6,6.78351095111621,9
"TUBB2B5","TUBB2B",3,6.17122199498208,9
"PAMR15","PAMR1",2,10.4470075910804,9
"ERICH35","ERICH3",9,13.1282124295671,9
"DIO15","DIO1",9,8.89471676779135,9
"SERPINA16","SERPINA1",9,9.66559226733499,9
"LINC010185","LINC01018",7,9.95430818318072,9
"EAF25","EAF2",7,9.51323819900938,9
"SLC7A25","SLC7A2",9,7.87808040161473,9
"PPP1R14C5","PPP1R14C",6,7.7361949942558,9
"KIF145","KIF14",6,9.43433757186611,9
"SLC44A45","SLC44A4",9,8.36722709337351,9
"RFLNA5","RFLNA",5,7.94111330948108,9
"OLFML35","OLFML3",7,9.20757720816644,9
"CCNE15","CCNE1",6,8.84171228615494,9
"KANK45","KANK4",3,9.23178906059137,9
"FAM83A5","FAM83A",4,9.35679588352533,9
"LRRC155","LRRC15",4,6.73000077744521,9
"ATP6V0A45","ATP6V0A4",2,10.1340567121817,9
"MMP116","MMP1",1,8.41579228134709,9
"DGKI5","DGKI",5,11.6713374664692,9
"MFAP55","MFAP5",3,7.72273597032169,9
"CMPK25","CMPK2",1,10.9753598612545,9
"TTN5","TTN",7,9.74315577352355,9
"CHST85","CHST8",9,12.2800591866446,9
"SMIM315","SMIM31",7,6.97128307541875,9
"SLITRK45","SLITRK4",2,6.79224343364506,9
"MOGAT25","MOGAT2",7,8.16240963700114,9
"AL031777.25","AL031777.2",7,8.59390947303346,9
"CHRM35","CHRM3",6,9.52035889398575,9
"AC116407.15","AC116407.1",7,7.89152561056345,9
"SLC44A55","SLC44A5",7,6.71985941658022,9
"TERB25","TERB2",7,11.1940770783041,9
"INSYN2B5","INSYN2B",2,9.50627563505207,9
"SIX15","SIX1",7,6.72343942813442,9
"L1CAM5","L1CAM",1,7.85507275876151,9
"CLDN17","CLDN1",1,7.77360680134818,9
"SCUBE25","SCUBE2",9,11.3176399085244,9
"Z95114.15","Z95114.1",7,9.80101046305947,9
"ELN5","ELN",3,7.09117037966078,9
"ZBTB165","ZBTB16",7,8.41821777015192,9
"CCNB25","CCNB2",6,9.05945760508297,9
"SNORA2B5","SNORA2B",9,7.04469088316787,9
"IFIT15","IFIT1",1,10.6670449480215,9
"ALX45","ALX4",3,9.3224437573983,9
"ROPN15","ROPN1",2,9.3373255982677,9
"TINCR5","TINCR",6,7.74844213285508,9
"B3GALT55","B3GALT5",2,11.4595006587244,9
"SGO15","SGO1",6,8.94728163982942,9
"FGFR45","FGFR4",4,7.48048476532016,9
"VSIG25","VSIG2",5,7.88887101232196,9
"ASPN5","ASPN",3,6.94321377957494,9
"LPL5","LPL",2,6.99550482512625,9
"LINC018195","LINC01819",5,10.1778259187519,9
"HOXB75","HOXB7",4,6.78605197824252,9
"CXCL18","CXCL1",1,6.93362560545856,9
"AKR7A35","AKR7A3",9,8.57948236748793,9
"SLC9A25","SLC9A2",7,8.17583834145681,9
"SLC2A145","SLC2A14",7,8.21906529215657,9
"SEMA6D5","SEMA6D",3,9.91734829969426,9
"SMC1B5","SMC1B",6,8.30697915312458,9
"IGF2BP25","IGF2BP2",1,8.09019391048574,9
"MUC155","MUC15",2,9.82671056263242,9
"BTNL95","BTNL9",2,7.2947728594383,9
"C2orf885","C2orf88",2,12.0242362399149,9
"EWSAT15","EWSAT1",9,12.1176883484531,9
"FGFBP15","FGFBP1",2,7.52436455961439,9
"NDC805","NDC80",6,8.89591155262591,9
"PLEKHG75","PLEKHG7",7,7.8952218625166,9
"SOCS35","SOCS3",1,8.38805939902853,9
"BUB1B5","BUB1B",6,9.81858619680416,9
"RAB3B5","RAB3B",7,7.64407043524459,9
"CADM25","CADM2",7,8.56173115502847,9
"DLGAP15","DLGAP1",5,7.3415387575479,9
"VCAM15","VCAM1",1,11.3312089959556,9
"RASD25","RASD2",6,8.12278073805123,9
"SLC5A115","SLC5A11",7,9.72680359420727,9
"HOXA10-AS5","HOXA10-AS",7,7.16060137653231,9
"TOB1-AS15","TOB1-AS1",7,10.3151964946331,9
"RAD51AP15","RAD51AP1",6,8.75850082231411,9
"PNLDC15","PNLDC1",6,6.12334212691351,9
"NOP56P35","NOP56P3",8,8.94117793125961,9
"KLK35","KLK3",9,5.73411477844903,9
"ANGPT15","ANGPT1",3,9.48478403415819,9
"SCRG15","SCRG1",6,9.31378187130029,9
"ANKRD20A11P5","ANKRD20A11P",5,7.80721943730224,9
"BMP55","BMP5",3,8.22138603895563,9
"MFSD4A5","MFSD4A",2,9.08886237283389,9
"SLC43A15","SLC43A1",7,10.1914650017906,9
"LRRC315","LRRC31",4,6.64423137788505,9
"AP002001.25","AP002001.2",7,9.63354241727653,9
"IGLC75","IGLC7",2,7.48431928494293,9
"HRK5","HRK",6,10.2586031184988,9
"MMP135","MMP13",6,6.82573082346445,9
"LINC025935","LINC02593",5,7.72304929179477,9
"AURKA5","AURKA",6,8.57341073888567,9
"OAS25","OAS2",1,11.776479705112,9
"GUCY2D5","GUCY2D",7,8.61346528365824,9
"MMP125","MMP12",1,9.27909529249848,9
"H195","H19",3,10.1534538077743,9
"LINC012355","LINC01235",2,9.52986622624366,9
"BBOX15","BBOX1",5,9.63719469116018,9
"HLA-DQA25","HLA-DQA2",1,8.77374649294383,9
"HAS35","HAS3",2,8.69019412744547,9
"KIF18B5","KIF18B",6,9.1273831669306,9
"SLC38A45","SLC38A4",7,9.90704679244493,9
"DPT5","DPT",2,9.72418025441426,9
"RAMP35","RAMP3",9,11.6765725032741,9
"DTL5","DTL",6,9.05201612422479,9
"CST65","CST6",4,6.48424735708224,9
"GREB15","GREB1",9,10.9501799363865,9
"EGF5","EGF",2,11.1872114836585,9
"CDCA85","CDCA8",6,9.04430338094385,9
"LMO35","LMO3",3,7.83602213457835,9
"ABO5","ABO",2,7.45340399997946,9
"CENPW5","CENPW",6,8.64426859228147,9
"DCX5","DCX",3,7.68822811984588,9
"C4BPA5","C4BPA",2,9.35728364723774,9
"SGPP25","SGPP2",7,8.79634305498021,9
"C6orf155","C6orf15",6,9.00020270256472,9
"GPX25","GPX2",5,6.55851419742553,9
"CHI3L15","CHI3L1",5,11.2098173477043,9
"KCNK55","KCNK5",6,10.4578938113341,9
"CKS1B5","CKS1B",6,7.53336988727414,9
"DUOXA15","DUOXA1",7,7.5549574761465,9
"MED4-AS15","MED4-AS1",7,9.62762686085587,9
"CD365","CD36",7,6.80684599978214,9
"BEX15","BEX1",9,5.73887067449961,9
"LINC011395","LINC01139",6,7.52630642353449,9
"CCZ1B5","CCZ1B",9,7.28233646085434,9
"REEP65","REEP6",7,7.63279060254238,9
"B3GNT35","B3GNT3",2,10.1329843215065,9
"SPC245","SPC24",6,8.33811812311435,9
"SCARA55","SCARA5",2,10.9172718660408,9
"CHST95","CHST9",2,11.0774456623493,9
"CDCA35","CDCA3",6,9.59569940180118,9
"ABCC45","ABCC4",7,8.42292023883408,9
"CENPF5","CENPF",6,9.04401684093713,9
"HOTAIR5","HOTAIR",6,6.92501073709049,9
"NUDT85","NUDT8",7,9.22627937413463,9
"CCDC1705","CCDC170",9,12.8616987636201,9
"AC103718.15","AC103718.1",1,7.15138117349446,9
"NEURL35","NEURL3",2,11.847677738986,9
"ADCYAP15","ADCYAP1",5,6.13715610914488,9
"PSCA5","PSCA",4,9.01338123725521,9
"CAPN115","CAPN11",3,8.21584358703483,9
"ZNF2085","ZNF208",5,6.5357463945079,9
"KRT6B5","KRT6B",5,10.1345535347492,9
"SLC12A15","SLC12A1",4,7.77785155800257,9
"ERBB45","ERBB4",9,8.91137895997392,9
"ADGRF15","ADGRF1",2,7.46054641732591,9
"PRR155","PRR15",9,8.70435217393778,9
"TMC55","TMC5",5,9.37835688355233,9
"CCL185","CCL18",1,8.12232750910439,9
"TBX16","TBX1",6,6.70235223378862,9
"SAA45","SAA4",2,8.50084645861122,9
"NCAPG5","NCAPG",6,8.23135991548254,9
"STEAP45","STEAP4",8,6.12959770714678,9
"AP006248.45","AP006248.4",5,7.28048430682243,9
"DIAPH35","DIAPH3",6,9.10784512701085,9
"TOP2A5","TOP2A",6,8.41090348854151,9
"PLK15","PLK1",6,9.5608531837298,9
"OXER15","OXER1",7,8.3334766861302,9
"FOXQ15","FOXQ1",1,6.88286072076595,9
"NRXN35","NRXN3",5,6.0475692591195,9
"CCL195","CCL19",1,8.068931015271,9
"TPRG15","TPRG1",9,10.7461377913946,9
"CDC455","CDC45",6,9.08524653216875,9
"BUB15","BUB1",6,9.41111457509817,9
"PLP15","PLP1",6,6.45526430558902,9
"TFF25","TFF2",6,6.96128069049684,9
"CCNA25","CCNA2",6,8.09630360522082,9
"COLCA15","COLCA1",2,6.26514449196406,9
"STK32B5","STK32B",9,8.22686476250956,9
"MAGEA45","MAGEA4",6,7.60810996145205,9
"COL9A15","COL9A1",6,9.37595025528314,9
"PSAT15","PSAT1",6,8.83435858053444,9
"EYS5","EYS",7,9.3794340645163,9
"CHRD5","CHRD",9,7.96537661510843,9
"PPARGC1A5","PPARGC1A",6,6.92777962956185,9
"CDKN35","CDKN3",4,8.45428236748793,9
"MUC75","MUC7",5,7.52082634643473,9
"RCOR25","RCOR2",6,9.91977182884334,9
"NLGN4X5","NLGN4X",5,11.4303391145526,9
"ELAVL25","ELAVL2",6,7.26784537964569,9
"HOXB45","HOXB4",9,7.48279075213713,9
"PPP1R1A5","PPP1R1A",5,8.03313422888181,9
"MYBL15","MYBL1",6,7.88251575397929,9
"PI165","PI16",2,8.27122616444001,9
"UBE2T5","UBE2T",6,9.27281801234319,9
"ADM6","ADM",4,7.44160727708123,9
"FAIM25","FAIM2",7,7.35693191208376,9
"HS6ST25","HS6ST2",5,7.38508998530572,9
"PAX65","PAX6",6,6.07530667227286,9
"FLT35","FLT3",7,6.82907465164783,9
"AL117329.15","AL117329.1",4,7.45263453822904,9
"CAMP5","CAMP",4,8.01775266620431,9
"RP15","RP1",9,7.89269187686686,9
"POU2AF15","POU2AF1",2,10.1404040559025,9
"SEPTIN35","SEPTIN3",6,8.36772620611394,9
"RRAD5","RRAD",5,7.90656493825479,9
"CCNE25","CCNE2",4,8.11307030499165,9
"HOXC115","HOXC11",4,7.78317663561209,9
"AQP35","AQP3",7,9.07379966576933,9
"S100A15","S100A1",6,8.96606761604543,9
"E2F15","E2F1",6,8.8025389307189,9
"RANBP3L5","RANBP3L",9,7.50122699071372,9
"CCL55","CCL5",1,12.0233429027259,9
"BARX15","BARX1",6,7.30671732073414,9
"IL345","IL34",6,6.55304610755444,9
"AC009107.25","AC009107.2",8,16.2858363042749,9
"CDCA25","CDCA2",6,8.90810996609357,9
"AL359555.45","AL359555.4",6,9.81025277232147,9
"SOCS2-AS15","SOCS2-AS1",5,6.6514388972907,9
"ADAM25","ADAM2",7,10.8066052567836,9
"RAB6C-AS15","RAB6C-AS1",9,9.72239262884711,9
"IL335","IL33",2,9.41370153067726,9
"FOLR15","FOLR1",2,11.435077564022,9
"IL4I15","IL4I1",1,13.3809186818288,9
"SHC45","SHC4",6,8.83252596400874,9
"PTGDS5","PTGDS",2,9.90647433646289,9
"STAG35","STAG3",6,7.37261521840497,9
"RMST5","RMST",9,7.76257941353552,9
"COMP5","COMP",4,6.06065164114484,9
"MZB15","MZB1",2,6.88484470180302,9
"PTCHD15","PTCHD1",2,10.8264253334966,9
"LYPD6B5","LYPD6B",9,9.69874432167316,9
"RND15","RND1",4,7.69935633174683,9
"AC099654.55","AC099654.5",8,9.13079809783708,9
"CACNG45","CACNG4",5,8.210842243282,9
"SCNN1B5","SCNN1B",7,6.68412642768465,9
"GATA25","GATA2",4,9.1664328469787,9
"PTH2R5","PTH2R",6,7.6756729063707,9
"KIF155","KIF15",6,8.48533329180372,9
"CA45","CA4",7,9.61082583801656,9
"FOSB5","FOSB",2,8.9607985165285,9
"ST6GALNAC15","ST6GALNAC1",7,8.33781246046177,9
"PTPRT5","PTPRT",9,7.37746505081171,9
"CX3CR15","CX3CR1",2,7.66331693803877,9
"PLAAT55","PLAAT5",5,7.58255331000754,9
"HPX5","HPX",4,6.4268229217502,9
"LINC021885","LINC02188",2,9.55176291884567,9
"IGSF215","IGSF21",9,7.23160887763687,9
"NRXN15","NRXN1",9,5.90574424084074,9
"CES35","CES3",2,7.99159949890705,9
"CEROX15","CEROX1",2,8.42485401354773,9
"WNT45","WNT4",3,7.70404195157187,9
"IFIT35","IFIT3",1,12.3423896216682,9
"SMOC15","SMOC1",6,6.99425282537957,9
"PNPLA35","PNPLA3",6,6.91816577139766,9
"OGN5","OGN",8,7.45809395862,9
"ADCY25","ADCY2",7,6.76981086632176,9
"AL355916.25","AL355916.2",7,9.99182380203735,9
"RTP45","RTP4",1,11.9425973069198,9
"NCAM25","NCAM2",5,9.21575264697414,9
"KRT235","KRT23",6,7.99886055120862,9
"CXCL55","CXCL5",2,9.182867917705,9
"LINC025685","LINC02568",9,8.24285091238574,9
"LRRN35","LRRN3",5,6.08815676106791,9
"ISG155","ISG15",1,11.9576350232598,9
"ADD25","ADD2",6,9.8018361907468,9
"C5orf175","C5orf17",8,6.1770703107768,9
"CSTA5","CSTA",4,6.51213148238346,9
"TRIP135","TRIP13",6,8.82488465696625,9
"SNORA315","SNORA31",8,10.6431952389186,9
"ABCC65","ABCC6",9,7.00427571486147,9
"AC021148.35","AC021148.3",7,8.61780702560023,9
"SYTL55","SYTL5",9,8.23157708655618,9
"ZP25","ZP2",7,9.13638698922562,9
"MECOM5","MECOM",7,7.71162254218979,9
"AF001548.35","AF001548.3",3,8.00797787904941,9
"QPRT5","QPRT",7,7.41987186890508,9
"SRPK35","SRPK3",4,7.49258052951928,9
"TMCC35","TMCC3",7,9.33105045574189,9
"HEY25","HEY2",5,7.64281453269787,9
"AC012358.45","AC012358.4",7,9.5468366791706,9
"LINC027015","LINC02701",7,10.3936814120187,9
"C6orf1415","C6orf141",6,8.3973337715153,9
"ST6GALNAC55","ST6GALNAC5",1,8.43452876539214,9
"AC018865.35","AC018865.3",9,8.88448859589864,9
"MLC15","MLC1",6,9.03989765611053,9
"LINC024735","LINC02473",6,8.06589685437681,9
"HMGB1P115","HMGB1P11",7,10.4874656881277,9
"FSIP15","FSIP1",9,7.51526087320841,9
"LINC008625","LINC00862",9,8.54708416384381,9
"FRZB5","FRZB",5,7.58037133836441,9
"SLC14A15","SLC14A1",2,7.6240947701241,9
"NEURL15","NEURL1",6,5.33102466896843,9
"GFRA35","GFRA3",6,11.1821496839541,9
"KLRG25","KLRG2",6,9.94634457855741,9
"TYMS5","TYMS",6,9.05147149240089,9
"HPSE25","HPSE2",2,8.20092394011955,9
"ANGPTL45","ANGPTL4",2,9.08408924166086,9
"THBS25","THBS2",6,6.72671186532666,9
"NRIP35","NRIP3",9,8.22005687607136,9
"FAM107A5","FAM107A",6,6.45471495896726,9
"CDSN5","CDSN",5,6.21136233379551,9
"NTS5","NTS",9,8.97266388526939,9
"RNU6-195P5","RNU6-195P",8,11.5608391034516,9
"PCDHB35","PCDHB3",8,5.61574234664203,9
"FUT25","FUT2",2,6.43739824273334,9
"AC080013.45","AC080013.4",5,8.53079928714667,9
"CKAP2L5","CKAP2L",6,8.52901639600008,9
"UNC5A5","UNC5A",7,7.08336120622966,9
"CEACAM55","CEACAM5",4,8.08529679824749,9
"ZFP575","ZFP57",6,5.89929868499987,9
"PKP15","PKP1",6,6.97445375097492,9
"H3C105","H3C10",4,7.32165610662414,9
"LGR65","LGR6",3,6.10239961206096,9
"SPINK55","SPINK5",3,6.45052859085542,9
"IGDCC35","IGDCC3",9,7.67671150927614,9
"HSD17B25","HSD17B2",2,7.84048434696728,9
"POLQ5","POLQ",6,8.16457017448276,9
"EDN25","EDN2",6,6.70223991667871,9
"LINC006325","LINC00632",3,6.9166927463906,9
"ADAM335","ADAM33",2,9.16419799935103,9
"HOXB25","HOXB2",9,8.21242202383435,9
"ITIH25","ITIH2",8,6.80565173732828,9
"HAPLN15","HAPLN1",3,6.58935773418354,9
"SOCS25","SOCS2",5,7.10775750521405,9
"PWWP3B5","PWWP3B",5,6.67144236225935,9
"PCOLCE25","PCOLCE2",6,7.91773857005295,9
"PAPSS25","PAPSS2",7,7.98763699900991,9
"CNTFR5","CNTFR",6,6.91682218601856,9
"TCIM5","TCIM",5,7.98795146315717,9
"SULT1C25","SULT1C2",7,6.9439887839147,9
"PIMREG5","PIMREG",6,10.0732588540018,9
"LGALS125","LGALS12",4,7.1542723344366,9
"TTK5","TTK",6,9.02000105895953,9
"CDT15","CDT1",6,8.5074974449469,9
"SKA35","SKA3",6,9.24767723875838,9
"SFRP45","SFRP4",3,4.93957616010864,9
"TAC15","TAC1",2,6.84705177808708,9
"EGR35","EGR3",2,7.40171234298361,9
"HOXB35","HOXB3",9,9.18646066563132,9
"SPIB5","SPIB",1,9.33843184380826,9
"CD79A5","CD79A",2,9.02518510795461,9
"NGFR5","NGFR",5,7.88793394737309,9
"GSN-AS15","GSN-AS1",8,13.2814747642519,9
"SYT85","SYT8",3,6.76704614839314,9
"HERC2P35","HERC2P3",3,6.82301364473885,9
"EXO15","EXO1",6,8.69159950175851,9
"AC012349.15","AC012349.1",9,7.02086775425224,9
"IL7R5","IL7R",1,8.7708241162525,9
"APBA25","APBA2",6,8.32565587080166,9
"TRPM85","TRPM8",6,8.28062858597937,9
"H4C55","H4C5",7,6.6404368924893,9
"KCNJ165","KCNJ16",5,9.46431319443117,9
"RERGL5","RERGL",2,7.00986937205485,9
"SHOX25","SHOX2",3,8.05178386424818,9
"RYR25","RYR2",7,7.68606238752996,9
"LINP15","LINP1",6,6.63901571556297,9
"ABCG25","ABCG2",2,9.33713280304676,9
"U62317.15","U62317.1",1,8.07890631679677,9
"SLC1A15","SLC1A1",4,5.64750081074066,9
"CLEC2L5","CLEC2L",6,8.16703793533595,9
"SYNPO2L5","SYNPO2L",9,6.05364988530963,9
"AP003119.35","AP003119.3",7,9.27321801306405,9
"MPZ5","MPZ",2,6.24457182291383,9
"PRC15","PRC1",6,8.63582395032604,9
"NRG15","NRG1",5,11.1018573791202,9
"CTSV5","CTSV",6,8.16125895453082,9
"ANKRD36BP25","ANKRD36BP2",3,6.31591704173722,9
"CYP4B15","CYP4B1",5,6.74132174087635,9
"CHI3L25","CHI3L2",1,7.64663614156929,9
"RNF1285","RNF128",2,7.90458024135456,9
"SAMD115","SAMD11",4,7.722059171504,9
"PTGIS5","PTGIS",3,8.55029871877167,9
"SIM15","SIM1",6,7.77294383613586,9
"RMI25","RMI2",6,7.85331856029587,9
"RAD54L5","RAD54L",6,8.65312669644263,9
"AKR1C15","AKR1C1",6,6.17419837327243,9
"NSG15","NSG1",2,6.96526243427969,9
"TNN5","TNN",2,8.38804022957629,9
"IL17B5","IL17B",5,7.40491114826894,9
"C15orf485","C15orf48",9,10.4175759990876,9
"KIF26B5","KIF26B",3,7.95726194731428,9
"NKAIN15","NKAIN1",9,7.16452517382536,9
"DGAT25","DGAT2",6,9.20786440337248,9
"LINC012265","LINC01226",7,8.66994100579058,9
"C11orf965","C11orf96",3,6.17987130369455,9
"LEMD15","LEMD1",6,9.32104014248278,9
"PWP25","PWP2",6,6.86592990225709,9
"AC026124.15","AC026124.1",3,7.5081308290517,9
"DIRAS35","DIRAS3",9,7.34865538712438,9
"TROAP5","TROAP",6,8.4835915094105,9
"EMILIN35","EMILIN3",3,7.1479908761139,9
"SLC41A25","SLC41A2",7,8.56185334286849,9
"IFI445","IFI44",1,11.3456241260911,9
"EPSTI15","EPSTI1",1,13.2389923035069,9
"GINS15","GINS1",6,8.11315328653764,9
"AP000356.15","AP000356.1",7,8.56020269905295,9
"FUT65","FUT6",2,8.70190630129693,9
"EPHA75","EPHA7",6,8.13126601776208,9
"ZFP425","ZFP42",6,8.33174018966667,9
"FAM198B-AS15","FAM198B-AS1",8,7.88544302411694,9
"IL22RA25","IL22RA2",2,7.81415946726659,9
"AMTN5","AMTN",1,7.52392177825195,9
"TP635","TP63",2,9.66772947170195,9
"CCL3L35","CCL3L3",1,8.46992838894361,9
"GPC35","GPC3",2,8.12354421375045,9
"GPR125","GPR12",6,7.48707886557595,9
"NEFH5","NEFH",2,5.22016177623242,9
"PCDHB25","PCDHB2",6,6.26281689347504,9
"LINGO15","LINGO1",6,6.86842867242484,9
"C19orf815","C19orf81",5,6.96315689344857,9
"WNT65","WNT6",6,7.38062953702863,9
"PRELP5","PRELP",3,7.34496730906869,9
"MUC195","MUC19",9,7.00911420592516,9
"RBP45","RBP4",5,6.40349346043184,9
"RASL10A5","RASL10A",2,12.1087460929154,9
"PEG35","PEG3",6,5.22767524429841,9
"CILP5","CILP",1,6.21558249284876,9
"BCL2A15","BCL2A1",1,12.3895986223138,9
"OSGIN15","OSGIN1",7,8.53893341075836,9
"DNAJC125","DNAJC12",5,9.03401390400405,9
"ECM15","ECM1",9,7.53899179471764,9
"BMP65","BMP6",6,7.03147435902238,9
"SOWAHA5","SOWAHA",5,7.28944725361429,9
"PPP2R2C5","PPP2R2C",4,6.32658421836566,9
"MNX15","MNX1",4,8.60450914865963,9
"ADAMTS175","ADAMTS17",7,7.36218138858762,9
"AL162413.15","AL162413.1",6,7.62833182773756,9
"ABCA135","ABCA13",6,7.10540370625082,9
"DNAAF15","DNAAF1",9,10.4565554588906,9
"DUOX15","DUOX1",7,7.77614571048775,9
"CCN35","CCN3",5,6.08874894045679,9
"PCAT195","PCAT19",3,5.96872562460868,9
"LINC020155","LINC02015",5,7.68328332800936,9
"CAVIN25","CAVIN2",2,8.02483972905322,9
"INPP5J5","INPP5J",9,7.92680380216352,9
"SYT16","SYT1",9,7.65687152808567,9
"CA25","CA2",6,6.40445843058805,9
"CA95","CA9",6,7.95414416927439,9
"CA35","CA3",6,8.02067378501355,9
"HOXA75","HOXA7",8,6.02478422135148,9
"FABP35","FABP3",2,7.61334204363174,9
"RAB7B5","RAB7B",6,6.45993541719903,9
"GPX35","GPX3",2,6.88582289561121,9
"CFI5","CFI",5,11.3629102756935,9
"FAM171A25","FAM171A2",6,9.19480144308212,9
"SYCP35","SYCP3",8,12.2853810240203,9
"AC144450.15","AC144450.1",9,8.00684325726498,9
"SLC5A16","SLC5A1",2,12.1551368364836,9
"TNFRSF195","TNFRSF19",9,5.79211155803021,9
"HES65","HES6",4,8.10461680821542,9
"NR4A35","NR4A3",1,5.87142164615671,9
"RSPO35","RSPO3",3,7.15879409047267,9
"KCND35","KCND3",9,10.7769913390098,9
"BCAS15","BCAS1",9,8.58637412414898,9
"H2BC85","H2BC8",7,8.26493186125847,9
"TMEM86A5","TMEM86A",4,7.29368341921385,9
"HSPA25","HSPA2",7,7.47408421527685,9
"LINC026135","LINC02613",2,9.65131927292968,9
"PARM15","PARM1",7,8.11456976932587,9
"NR2E35","NR2E3",9,9.46013879983627,9
"CYP27C15","CYP27C1",3,7.34371640031384,9
"VASH25","VASH2",6,6.9506857593579,9
"KCTD145","KCTD14",2,8.42804108364772,9
"TLR75","TLR7",7,9.16286408475743,9
"AP001636.35","AP001636.3",7,6.7380680185986,9
"CDC42EP55","CDC42EP5",7,8.59232520469511,9
"AC007906.25","AC007906.2",5,8.66459822749412,9
"MS4A17","MS4A1",1,9.26637304291827,9
"AL031666.35","AL031666.3",8,10.73551032328,9
"G0S25","G0S2",1,7.48629213285172,9
"S100B5","S100B",5,8.1129718560439,9
"SLCO1B3-SLCO1B75","SLCO1B3-SLCO1B7",7,10.9815119953936,9
"ADTRP5","ADTRP",3,5.48415155237109,9
"MIR3142HG5","MIR3142HG",1,8.10663874638892,9
"DCT5","DCT",5,8.68414508134489,9
"CCL45","CCL4",1,10.6114041378076,9
"KCNQ45","KCNQ4",6,9.22519322235024,9
"CHODL5","CHODL",6,8.93376803886895,9
"ESPL15","ESPL1",6,8.68565846181235,9
"CDC65","CDC6",4,7.83430855710353,9
"TTC65","TTC6",9,9.93216205537989,9
"ABCA85","ABCA8",2,9.3171852188729,9
"MYL75","MYL7",2,8.74131671158895,9
"GATA2-AS15","GATA2-AS1",4,9.69243638590967,9
"RHEX5","RHEX",6,7.12914505424821,9
"PRTFDC15","PRTFDC1",6,8.69517075183595,9
"UHRF15","UHRF1",6,8.48933758113539,9
"ABLIM35","ABLIM3",5,6.97486855715159,9
"TICRR5","TICRR",6,9.25928279936482,9
"HOXA65","HOXA6",2,8.0248016493263,9
"SPOCK25","SPOCK2",1,10.842428201286,9
"DLX25","DLX2",9,8.21305706438033,9
"AC006509.35","AC006509.3",9,8.13607869787624,9
"NAV35","NAV3",9,6.63511310390375,9
"SPINK15","SPINK1",5,6.44378046786486,9
"KCNJ85","KCNJ8",9,7.03058794316944,9
"KCNJ25","KCNJ2",2,8.37762567138412,9
"TCEAL25","TCEAL2",2,6.0627812826449,9
"F13A15","F13A1",2,6.04997602586572,9
"TAFA55","TAFA5",6,6.37088985610268,9
"GALNT55","GALNT5",9,8.76082430497876,9
"IFI275","IFI27",1,11.8809317376584,9
"NCMAP5","NCMAP",5,9.62001566038684,9
"AL078581.25","AL078581.2",8,10.0714692706466,9
"AARD5","AARD",6,10.0670419704254,9
"LINC018765","LINC01876",8,5.67608391301717,9
"LINC025955","LINC02595",2,6.71041078773554,9
"KCNK25","KCNK2",2,8.94693285896524,9
"AC036108.35","AC036108.3",5,8.94061744930711,9
"KCNJ35","KCNJ3",3,5.9529173903544,9
"C10orf905","C10orf90",2,10.852944777405,9
"IL1B5","IL1B",1,9.10985692294034,9
"NCAPH5","NCAPH",6,8.36564404745135,9
"AC011365.25","AC011365.2",9,8.08918214621495,9
"AC131206.15","AC131206.1",6,6.46814146657727,9
"B4GALNT25","B4GALNT2",7,7.29229677318487,9
"C1QL25","C1QL2",1,7.63661754664183,9
"AMH5","AMH",4,8.25914703548678,9
"FAT25","FAT2",2,8.97915457782969,9
"MX15","MX1",1,11.9204938371151,9
"AL158064.15","AL158064.1",7,10.2671589647166,9
"CARTPT5","CARTPT",8,6.86844247942592,9
"RAI25","RAI2",5,8.10761406615584,9
"RECQL45","RECQL4",6,8.39217328918973,9
"TMEM178A5","TMEM178A",3,6.56380332455657,9
"POF1B5","POF1B",5,10.5913055954552,9
"ABCA45","ABCA4",6,7.10601299173253,9
"BATF25","BATF2",1,11.0045177864102,9
"IFIT25","IFIT2",1,10.7585615308309,9
"VEGFD5","VEGFD",2,9.09047228377493,9
"APOL45","APOL4",5,6.32332652570068,9
"GPR875","GPR87",5,10.2449506704815,9
"TRAC5","TRAC",1,9.95731130432894,9
"TNFRSF185","TNFRSF18",9,8.16402048360664,9
"LRP85","LRP8",6,7.48660525857634,9
"TRO5","TRO",3,10.2314365207141,9
"CPA45","CPA4",4,7.57195440386867,9
"WNT115","WNT11",6,6.4302970096615,9
"FGF25","FGF2",5,8.78320246321653,9
"SPON15","SPON1",3,8.61892776746076,9
"SERPINE15","SERPINE1",1,6.89426476283267,9
"PCP45","PCP4",6,6.54980981217509,9
"ATRNL15","ATRNL1",5,7.28353590651593,9
"CSF3R5","CSF3R",5,7.05910063430343,9
"CD75","CD7",1,10.6847947635507,9
"UGT85","UGT8",6,8.26508711980355,9
"SIDT15","SIDT1",9,7.00456335118405,9
"ORC65","ORC6",6,8.70996416231772,9
"CSF2RB5","CSF2RB",1,11.4122011046633,9
"PDE8B5","PDE8B",5,6.94788175393887,9
"MROH65","MROH6",4,6.63502047841984,9
"ZNF3345","ZNF334",5,6.32984237981033,9
"BCAT15","BCAT1",1,8.32573009133274,9
"HMMR5","HMMR",4,8.04033350476697,9
"AMPH5","AMPH",3,8.23601051332472,9
"ALPK35","ALPK3",7,7.97988508167086,9
"FCRL55","FCRL5",1,8.52432125516461,9
"KIF115","KIF11",6,8.3224067216673,9
"STARD45","STARD4",7,6.85988753528586,9
"ABCB15","ABCB1",3,6.91921919621988,9
"RNF1835","RNF183",5,8.90426769056747,9
"TOX35","TOX3",9,6.84030917833217,9
"AC020907.15","AC020907.1",6,10.3767465890805,9
"COL13A15","COL13A1",4,9.85636347230663,9
"LYVE15","LYVE1",8,7.44464252050006,9
"E2F85","E2F8",6,8.30791068240533,9
"RHOH5","RHOH",9,10.8852357079548,9
"CACNA2D25","CACNA2D2",9,9.9382131872977,9
"NUDT115","NUDT11",6,6.22013951242244,9
"AC103591.35","AC103591.3",2,5.39712233239839,9
"TNFAIP65","TNFAIP6",1,7.11087454480753,9
"PCDHB55","PCDHB5",7,6.26552366443183,9
"OSR25","OSR2",1,5.42478722729957,9
"CNTN15","CNTN1",3,9.01504510166257,9
"FIBIN5","FIBIN",5,7.61401920871339,9
"CYP24A15","CYP24A1",2,6.72125886929867,9
"CDO15","CDO1",5,7.25492171092943,9
"RTN15","RTN1",9,8.27589262431192,9
"PLEKHB15","PLEKHB1",6,8.72398886834177,9
"DNAH115","DNAH11",6,5.8821422236055,9
"STX195","STX19",7,8.27505164589735,9
"ALDH1A15","ALDH1A1",2,7.19737682589095,9
"SRD5A15","SRD5A1",7,9.05641411705613,9
"AC044810.25","AC044810.2",2,7.25180658693098,9
"GLRB5","GLRB",9,9.35746161434796,9
"MMP165","MMP16",3,10.8714749284469,9
"ETV45","ETV4",6,7.1240863082611,9
"CCDC144NL-AS15","CCDC144NL-AS1",6,5.76827308223688,9
"PSMB95","PSMB9",1,11.6087121230646,9
"THBS45","THBS4",3,6.79703151018788,9
"C16orf745","C16orf74",9,9.27155196807068,9
"NRAD15","NRAD1",2,6.90755277573215,9
"GRIK15","GRIK1",5,6.15640810705398,9
"CHRDL25","CHRDL2",6,6.02509834211876,9
"STC15","STC1",5,8.67482206805637,9
"SLC38A35","SLC38A3",1,7.82598152879355,9
"TMEM200C5","TMEM200C",3,6.80622889229038,9
"HOXC135","HOXC13",6,7.56394377190026,9
"AGTR15","AGTR1",5,6.48832709385492,9
"LINC028145","LINC02814",7,9.30204706777972,9
"TBX185","TBX18",3,8.67388860693447,9
"DOK55","DOK5",6,6.71354004056382,9
"ATP6V1B15","ATP6V1B1",2,9.67957461750453,9
"SPAG65","SPAG6",9,9.99987724423946,9
"GNLY5","GNLY",1,11.4628716593618,9
"CSPG45","CSPG4",3,8.45785548236785,9
"SUSD55","SUSD5",6,7.58310710088759,9
"AP000851.25","AP000851.2",1,6.92664975114961,9
"DDX435","DDX43",8,6.29960696838699,9
"RAD17P15","RAD17P1",9,9.76592582832863,9
"CLIC35","CLIC3",4,6.91444455754748,9
"GALNT145","GALNT14",1,7.14947455238428,9
"ZNF4695","ZNF469",6,7.76262951452855,9
"MPPED25","MPPED2",5,5.82330656974345,9
"KIAA1549L5","KIAA1549L",3,7.48282235137961,9
"LTF5","LTF",2,9.5368194598361,9
"SF3B45","SF3B4",6,7.32073036358058,9
"CTNNA25","CTNNA2",7,6.90361032956278,9
"CNTN45","CNTN4",2,8.66119511999101,9
"AL645608.75","AL645608.7",4,5.72913243608395,9
"KNL15","KNL1",6,7.75047881658334,9
"HS6ST35","HS6ST3",5,6.11939963252489,9
"RNVU1-225","RNVU1-22",8,5.55559634738347,9
"MFAP45","MFAP4",2,9.57118673619507,9
"MOXD15","MOXD1",1,8.64805664192819,9
"STMND15","STMND1",9,8.63848325236616,9
"MELTF5","MELTF",6,6.93348701823343,9
"TNNI25","TNNI2",3,6.45150687420871,9
"SPHKAP5","SPHKAP",2,8.61216175457325,9
"SRPX6","SRPX",3,8.55517125409027,9
"SKA15","SKA1",6,8.45170810562878,9
"FERMT15","FERMT1",2,6.15780064774051,9
"GATA65","GATA6",6,6.63776934528246,9
"EFCC15","EFCC1",7,7.37765090225215,9
"AC010735.25","AC010735.2",9,7.44030851000391,9
"EMID15","EMID1",9,8.28623438405969,9
"DERL35","DERL3",2,9.20997429527234,9
"PTPRZ15","PTPRZ1",5,7.24240134656565,9
"PDZK1IP15","PDZK1IP1",2,7.71808089310505,9
"MEIS35","MEIS3",5,8.32044003806782,9
"MUC45","MUC4",2,6.17607638778238,9
"PIF15","PIF1",6,8.52102484140782,9
"ID15","ID1",3,6.59858203739438,9
"NTF45","NTF4",2,7.85305561475749,9
"IL2RG5","IL2RG",1,12.7725495221215,9
"AC105914.25","AC105914.2",7,7.61191461728285,9
"RPS265","RPS26",2,5.77793061721753,9
"NFE2L35","NFE2L3",1,7.77167236755538,9
"DCHS25","DCHS2",1,6.39979439338021,9
"CD1095","CD109",6,6.4737181624596,9
"PPP1R3C5","PPP1R3C",5,7.87998767629167,9
"JAM35","JAM3",3,8.55933422251474,9
"MORN35","MORN3",6,6.79469580331956,9
"ITM2A5","ITM2A",2,9.32126591091363,9
"ZNF1545","ZNF154",5,7.60926885443734,9
"AC092447.75","AC092447.7",2,5.7021842418712,9
"CD3E5","CD3E",1,9.73148400383561,9
"PLCD45","PLCD4",9,7.48466511510095,9
"TMEM1005","TMEM100",6,6.76636062804794,9
"CCL27","CCL2",1,11.4580224071806,9
"CTNND25","CTNND2",5,7.88862090072641,9
"HS3ST45","HS3ST4",2,8.58345378042787,9
"EDNRB5","EDNRB",2,8.69476564212656,9
"UGT2B175","UGT2B17",9,7.62578147144796,9
"CORO65","CORO6",5,5.97167810817903,9
"LGALS95","LGALS9",1,8.21610667743164,9
"NPW5","NPW",6,8.28376348679769,9
"CREB3L15","CREB3L1",4,6.11223589809593,9
"ZBTB20-AS25","ZBTB20-AS2",8,9.4854840539001,9
"PLAAT15","PLAAT1",6,8.78079740749528,9
"RNF2125","RNF212",8,5.62236670820295,9
"ERP275","ERP27",6,7.35603993174405,9
"AC122688.35","AC122688.3",7,8.30218809388536,9
"NRTN5","NRTN",6,8.52103620106486,9
"BMP25","BMP2",6,7.53301969328284,9
"DSCC15","DSCC1",6,9.17813008485653,9
"AC090994.15","AC090994.1",9,7.19788734714103,9
"AC104407.15","AC104407.1",9,8.17165487073864,9
"RAD515","RAD51",6,7.81643808750878,9
"AC126178.15","AC126178.1",7,9.62340342226402,9
"VNN15","VNN1",1,6.89626667251242,9
"ARL95","ARL9",6,8.89247331270018,9
"HTR2A5","HTR2A",5,8.64851942268093,9
"TMPRSS35","TMPRSS3",1,6.36975539563029,9
"CNN15","CNN1",2,9.20820604950165,9
"HERC55","HERC5",1,8.7814102893641,9
"KREMEN25","KREMEN2",6,7.66429585122037,9
"AC010329.15","AC010329.1",7,8.68397532377961,9
"SNORA135","SNORA13",3,6.94768775315137,9
"RNU1-85P5","RNU1-85P",2,6.92575480676695,9
"NUSAP15","NUSAP1",4,7.89650487637469,9
"AKR1B16","AKR1B1",7,5.81795228328764,9
"ST8SIA65","ST8SIA6",9,8.96677452912466,9
"KIF235","KIF23",6,8.38750020894781,9
"REEP15","REEP1",9,10.8258563401917,9
"CLPSL25","CLPSL2",4,6.90018608737141,9
"MT-TM5","MT-TM",6,5.9717336168092,9
"MTND3P255","MTND3P25",8,5.73407861184035,9
"TSPAN185","TSPAN18",3,7.15985552240456,9
"PCSK95","PCSK9",7,6.66795684566224,9
"AL161945.15","AL161945.1",5,7.21854386147807,9
"CCDC1605","CCDC160",9,7.33677967962302,9
"AC099506.15","AC099506.1",7,8.73764096220652,9
"CENPM5","CENPM",6,7.8540416162598,9
"ANKRD18A5","ANKRD18A",8,7.26706455251233,9
"AFF35","AFF3",9,8.07754239266213,9
"CDKN2B5","CDKN2B",1,7.51988044844902,9
"AC011447.35","AC011447.3",7,6.95191488159145,9
"KRBOX15","KRBOX1",5,7.14860463848193,9
"GPC25","GPC2",6,8.33655683324215,9
"MT-TR5","MT-TR",6,8.63935876365837,9
"KCNG15","KCNG1",6,8.34909828047882,9
"MESP15","MESP1",2,7.87524306793249,9
"TENM25","TENM2",2,9.08021906800498,9
"VIM-AS15","VIM-AS1",6,8.12282256295984,9
"CCN65","CCN6",5,5.81925335518101,9
"ZIC25","ZIC2",4,7.50470706382449,9
"CCL35","CCL3",1,10.8678796791335,9
"MMP35","MMP3",1,6.31113388431068,9
"SEMA3G5","SEMA3G",9,7.47110037560187,9
"EFR3B5","EFR3B",9,6.57885394021485,9
"ADGRB15","ADGRB1",5,6.22923574131197,9
"HAPLN35","HAPLN3",2,8.65509682554824,9
"RHOXF1-AS15","RHOXF1-AS1",2,7.60956484877709,9
"DEPDC1B5","DEPDC1B",6,8.04590569001416,9
"MAMDC25","MAMDC2",2,6.92854022969578,9
"PDE10A5","PDE10A",3,7.99465275638246,9
"MAPK155","MAPK15",6,7.44926920865693,9
"CD25","CD2",1,11.4797063713718,9
"TGFB25","TGFB2",6,6.44108062412555,9
"CNTD15","CNTD1",9,8.97247094292808,9
"CYYR15","CYYR1",5,6.39168375392121,9
"AC018629.15","AC018629.1",3,7.85118979656078,9
"B3GALT5-AS15","B3GALT5-AS1",2,9.41814154578602,9
"CHEK15","CHEK1",6,8.74885576001467,9
"EDIL35","EDIL3",3,7.67408832969544,9
"HOXA-AS25","HOXA-AS2",8,10.5261405621754,9
"RASSF105","RASSF10",2,6.95901657105076,9
"PLA2G75","PLA2G7",1,8.57015853636489,9
"AC005253.15","AC005253.1",8,13.4320978254347,9
"HR5","HR",6,7.37352574714625,9
"ALDH1L15","ALDH1L1",2,6.46953648383682,9
"OLFM25","OLFM2",6,8.35767548507924,9
"PROM15","PROM1",2,8.86107843863375,9
"GJC35","GJC3",9,7.30979441211809,9
"ADGRB25","ADGRB2",9,9.81443709797096,9
"TPPP35","TPPP3",9,6.63170379568804,9
"VOPP15","VOPP1",9,6.72189136442716,9
"AL022151.15","AL022151.1",7,8.83738618425846,9
"WDR865","WDR86",2,6.99183314779328,9
"PLIN15","PLIN1",8,5.2437946917289,9
"CXCL35","CXCL3",2,10.3431942483661,9
"MS4A155","MS4A15",7,6.53342273857179,9
"H2BC115","H2BC11",6,6.62321908584261,9
"CCL85","CCL8",1,10.0717295044037,9
"CLSPN5","CLSPN",6,7.46486861181012,9
"MEOX15","MEOX1",3,5.79582346813666,9
"CRACR2A5","CRACR2A",9,6.36923280131394,9
"TGM25","TGM2",1,10.7283806439237,9
"SLCO1B75","SLCO1B7",7,10.0066279786888,9
"CHRDL15","CHRDL1",2,6.95167269412497,9
"PTK65","PTK6",7,6.61687487992768,9
"KLK25","KLK2",9,6.77512635168266,9
"AOX15","AOX1",5,5.96010020129404,9
"SLC16A65","SLC16A6",9,10.9210884751607,9
"TRBC25","TRBC2",1,9.75803435505282,9
"AC018816.15","AC018816.1",9,7.582085538453,9
"FCER1A5","FCER1A",2,6.88703787638625,9
"MRC15","MRC1",2,5.88929671105166,9
"RYR35","RYR3",3,7.84100323285677,9
"ENPP25","ENPP2",3,7.88814833397582,9
"PTGER35","PTGER3",9,10.7647803639126,9
"MAT2A5","MAT2A",2,6.53900752535834,9
"ICAM15","ICAM1",1,11.8196494103785,9
"PADI35","PADI3",4,9.04149598916962,9
"GREM15","GREM1",7,7.18194468270345,9
"RGS225","RGS22",9,10.9572199289966,9
"KCNK175","KCNK17",5,6.57863494623018,9
"E2F25","E2F2",6,8.73214138474438,9
"DAPP15","DAPP1",1,8.39884174002352,9
"CHL15","CHL1",2,9.10517590525517,9
"NOXO15","NOXO1",6,6.54198035377675,9
"AC020659.15","AC020659.1",5,7.37650321494937,9
"PYGO15","PYGO1",3,6.32901165212423,9
"SHCBP15","SHCBP1",6,7.78667188211067,9
"OASL5","OASL",1,10.4780818115986,9
"DOK75","DOK7",9,8.00263194012594,9
"GAS6-AS15","GAS6-AS1",2,6.72736867475609,9
"NR1H45","NR1H4",7,8.99565887266576,9
"FCGR2B5","FCGR2B",1,10.4487349491028,9
"SLITRK55","SLITRK5",3,6.6143200746301,9
"CYP26A15","CYP26A1",3,7.68078363094163,9
"CLCF15","CLCF1",1,6.27787928952283,9
"AL136296.15","AL136296.1",9,10.1510321856491,9
"GOLGA8N5","GOLGA8N",8,9.21328716298395,9
"ADAMDEC15","ADAMDEC1",1,11.6911786106969,9
"GALNT165","GALNT16",2,8.27796441741638,9
"C4orf195","C4orf19",2,11.1284425214369,9
"DIO3OS5","DIO3OS",7,6.51112537102895,9
"MT1M5","MT1M",2,6.29413857215583,9
"PDE9A5","PDE9A",2,8.94029209067143,9
"PRSS335","PRSS33",6,9.7818521749215,9
"ACOT45","ACOT4",9,7.20647521136242,9
"CPNE75","CPNE7",6,7.05895071240614,9
"MAPK125","MAPK12",6,7.52977082824697,9
"PRR115","PRR11",6,8.16652933288659,9
"CCDC1585","CCDC158",8,6.57985504098417,9
"CFD5","CFD",2,8.89828051355407,9
"VPS9D1-AS15","VPS9D1-AS1",6,7.6869156472435,9
"CCL205","CCL20",1,9.67486240307972,9
"ROCR5","ROCR",2,8.91049285425185,9
"CDHR35","CDHR3",9,10.2166152933429,9
"AL355512.15","AL355512.1",7,9.26838607903864,9
"NTRK35","NTRK3",3,9.40640774273777,9
"CHRNA25","CHRNA2",7,10.4373183505953,9
"KCNH85","KCNH8",5,8.66834643969807,9
"FRMD35","FRMD3",1,7.60735524049984,9
"MCM25","MCM2",6,8.15410171945003,9
"HLA-DQB25","HLA-DQB2",1,8.83394860770022,9
"SNCG5","SNCG",5,6.53131188748252,9
"SULT1A25","SULT1A2",4,6.77039410842784,9
"SLC7A55","SLC7A5",6,8.02071525052042,9
"LILRB45","LILRB4",1,10.9198025299033,9
"MFSD2A5","MFSD2A",5,6.44070223595456,9
"OXTR5","OXTR",8,7.18304593395985,9
"MGAT35","MGAT3",3,7.4270120243493,9
"ANKRD295","ANKRD29",3,7.09857426340257,9
"IGSF9B5","IGSF9B",9,5.55382807630561,9
"SIX25","SIX2",4,7.88163545855009,9
"NRXN25","NRXN2",3,10.9159288798238,9
"OLR15","OLR1",1,9.21836592868429,9
"TK15","TK1",6,7.18017531288707,9
"AL035425.45","AL035425.4",6,6.22989329609102,9
"SLC35F35","SLC35F3",3,6.15082978176414,9
"DUXAP85","DUXAP8",6,7.65555606482345,9
"SLC15A25","SLC15A2",7,7.68995460591166,9
"LSAMP5","LSAMP",3,8.51306562058672,9
"AC009501.35","AC009501.3",6,8.75536840907544,9
"TMEM2105","TMEM210",7,8.6864241797276,9
"LINC005115","LINC00511",6,7.510488962462,9
"SCX5","SCX",6,7.72333836169638,9
"AL139220.25","AL139220.2",9,9.40904474854789,9
"AL669831.45","AL669831.4",8,9.45001499237005,9
"GATA6-AS15","GATA6-AS1",6,8.70250898032433,9
"IL1RN5","IL1RN",1,6.59536406849056,9
"ZNF826P5","ZNF826P",7,5.60263777319337,9
"MT1X5","MT1X",5,7.87017785236747,9
"PEG105","PEG10",5,7.51195438765174,9
"TWIST25","TWIST2",3,9.33139137008112,9
"LRRC265","LRRC26",7,7.25214490804489,9
"NRCAM5","NRCAM",3,5.84206073825429,9
"CCL4L25","CCL4L2",1,8.87987007018901,9
"ACSL65","ACSL6",1,6.71470036474635,9
"SCARNA225","SCARNA22",8,8.28506346241969,9
"LRRC4C5","LRRC4C",5,9.44204966870217,9
"FUT95","FUT9",2,7.64273703168698,9
"KCNQ55","KCNQ5",6,6.82727060240152,9
"SEMA3D5","SEMA3D",2,7.37854092054349,9
"PIWIL25","PIWIL2",9,7.46492035027106,9
"DLX15","DLX1",9,6.77787168462078,9
"ANKRD30BP15","ANKRD30BP1",9,7.82151415235723,9
"GASK1A5","GASK1A",6,7.63197371679135,9
"NT5E5","NT5E",1,6.32463659653488,9
"CKMT1A5","CKMT1A",4,6.32910043714092,9
"RGS26","RGS2",5,8.95249700133964,9
"CAMK2B5","CAMK2B",3,5.97157251627178,9
"FGD35","FGD3",9,9.0401151209575,9
"AC107464.35","AC107464.3",9,7.38068080557142,9
"RPL18A5","RPL18A",2,6.8346624243045,9
"PPP1R14B-AS15","PPP1R14B-AS1",6,6.56026153830539,9
"PCDHB165","PCDHB16",5,5.66891117215731,9
"ETV75","ETV7",1,10.8600796505543,9
"LEF15","LEF1",9,9.79146801955601,9
"COL14A15","COL14A1",5,9.11529634314961,9
"AC005523.25","AC005523.2",8,10.6079744004251,9
"AP003392.35","AP003392.3",8,13.5353411584072,9
"UBXN105","UBXN10",9,11.8165468623389,9
"ZWINT5","ZWINT",4,6.91102554058939,9
"LERFS5","LERFS",2,4.91414118691002,9
"VSIG45","VSIG4",1,6.90130157024528,9
"BRINP25","BRINP2",9,6.86936902871304,9
"CFH5","CFH",3,7.93432809170069,9
"C14orf395","C14orf39",7,5.93048605743517,9
"FOLH15","FOLH1",2,8.66881588472449,9
"AC092053.45","AC092053.4",8,8.21598322527503,9
"LAMA15","LAMA1",2,7.69533189718453,9
"ADGRG25","ADGRG2",6,6.76612339054113,9
"TMCC25","TMCC2",6,8.74921067978053,9
"DAPK15","DAPK1",1,7.0606798856444,9
"GIPR5","GIPR",9,9.30788550950141,9
"ABHD65","ABHD6",7,7.73200809707632,9
"CENPE5","CENPE",6,7.62947489387544,9
"ANK15","ANK1",4,6.77205464491561,9
"MAATS15","MAATS1",9,8.43270920220236,9
"ADCY55","ADCY5",3,6.49705517381808,9
"HOXC-AS35","HOXC-AS3",4,7.19319883676886,9
"SYT135","SYT13",6,6.18219693149697,9
"HOXB-AS15","HOXB-AS1",8,7.71493844680733,9
"WNT7B5","WNT7B",5,8.04637470540517,9
"KIF125","KIF12",9,11.8206132511984,9
"MGAM6","MGAM",5,9.22730649472441,9
"SNORD635","SNORD63",9,7.53798126601581,9
"RNU6-618P5","RNU6-618P",9,7.00047614694015,9
"PHYHD15","PHYHD1",8,7.31574211147674,9
"MIA5","MIA",5,8.18014208119978,9
"TMTC15","TMTC1",3,9.52824698094646,9
"SPNS25","SPNS2",2,6.82276012567304,9
"RACGAP15","RACGAP1",6,7.21076066757497,9
"CHST115","CHST11",1,9.4569132257632,9
"GMPR5","GMPR",6,6.44221836884601,9
"ACOT15","ACOT1",9,6.11896685711035,9
"ARHGAP11A5","ARHGAP11A",6,7.95139627218462,9
"STON25","STON2",9,9.4079010050561,9
"PANX25","PANX2",6,6.76241390244748,9
"SLC16A35","SLC16A3",1,10.1191218736289,9
"LPAR35","LPAR3",4,5.94065615591609,9
"NDP5","NDP",5,6.50196183110303,9
"KCNAB15","KCNAB1",6,8.13463489554845,9
"MIR4500HG5","MIR4500HG",4,5.38082564918537,9
"AC022075.15","AC022075.1",2,7.52644398390932,9
"PIM15","PIM1",1,7.45631478582583,9
"DTX45","DTX4",2,6.47284974493112,9
"CLCA45","CLCA4",2,9.45684441144169,9
"ACBD75","ACBD7",6,7.99130923235548,9
"RNU6-268P5","RNU6-268P",8,10.7674867927393,9
"CASP105","CASP10",4,6.43832546667442,9
"LINC005145","LINC00514",4,6.00638449497348,9
"AC007342.55","AC007342.5",8,6.37115718443731,9
"DCLK25","DCLK2",6,7.52842056857676,9
"PAX8-AS15","PAX8-AS1",5,5.02794266590469,9
"COCH5","COCH",6,7.37430112198422,9
"PDK45","PDK4",2,9.68514496006745,9
"ARC5","ARC",3,4.79023859207018,9
"SALL45","SALL4",3,7.09967796990854,9
"MX25","MX2",1,8.7314984601581,9
"GRIN2A5","GRIN2A",6,5.09950955067665,9
"HERC35","HERC3",7,8.29566135023087,9
"BAG25","BAG2",6,7.22793216429979,9
"MME5","MME",2,7.30304327499174,9
"PIR5","PIR",6,6.7645125863317,9
"WNT10A5","WNT10A",1,6.26995178529508,9
"TMEM178B5","TMEM178B",6,5.38439696334511,9
"KYAT15","KYAT1",7,7.65247858311041,9
"AL512306.35","AL512306.3",2,8.93463793368655,9
"RASAL15","RASAL1",6,8.64902654822129,9
"TTYH15","TTYH1",6,9.26392450186926,9
"FAM171A15","FAM171A1",6,8.19567526651529,9
"FGFBP25","FGFBP2",6,8.243554803261,9
"RNASE15","RNASE1",1,7.62913969221633,9
"TRBC15","TRBC1",1,10.6977103992036,9
"FGD15","FGD1",6,7.58952479923428,9
"AIM25","AIM2",1,12.1714312293288,9
"CRB25","CRB2",2,6.82413372656653,9
"AC004687.15","AC004687.1",1,10.9337693166564,9
"C19orf335","C19orf33",9,6.36505500173461,9
"DLK25","DLK2",2,7.64126071721848,9
"CNGA15","CNGA1",2,7.08071516031892,9
"AC093642.25","AC093642.2",5,5.85418645970734,9
"RPS6P125","RPS6P12",5,6.8578738784007,9
"RNU6-942P5","RNU6-942P",8,9.61375688705112,9
"SPATC1L5","SPATC1L",4,5.89873946366325,9
"SCN2A5","SCN2A",3,8.23057549148951,9
"SOX185","SOX18",4,5.90841477229716,9
"EGLN35","EGLN3",4,6.5481753681539,9
"AC124852.15","AC124852.1",3,6.83783127847576,9
"GUCY1A25","GUCY1A2",4,6.38093750056586,9
"AP000844.25","AP000844.2",9,9.12443835958967,9
"IRX15","IRX1",5,9.21909682506744,9
"PODN5","PODN",3,8.8951559953032,9
"CPXM25","CPXM2",3,7.3582334231791,9
"TRIM175","TRIM17",5,6.44975307806989,9
"CLDN85","CLDN8",7,8.38272237371483,9
"UNC5C5","UNC5C",5,8.46381469589784,9
"UNC93B15","UNC93B1",9,6.6204457491354,9
"CGREF15","CGREF1",6,8.01322483530302,9
"ADAMTS85","ADAMTS8",2,5.41852801274751,9
"MTHFD1L5","MTHFD1L",6,8.16353851990661,9
"LINC020095","LINC02009",2,9.35927604615038,9
"RNF1825","RNF182",6,8.47320638836311,9
"KIFC15","KIFC1",6,8.26739168448878,9
"CYP2T1P5","CYP2T1P",9,5.95204359597364,9
"MARC15","MARC1",7,6.87612932094436,9
"GADD45G5","GADD45G",7,7.6732029141839,9
"TLX15","TLX1",6,8.65912187635966,9
"VIT5","VIT",2,6.52594411000723,9
"AC093535.25","AC093535.2",3,8.00412178927265,9
"PNMA25","PNMA2",5,7.94949361175504,9
"OIP55","OIP5",6,8.23832924942388,9
"SOX155","SOX15",2,5.94433261064289,9
"TREM25","TREM2",5,5.96216942462218,9
"DYNC1I15","DYNC1I1",6,6.52183509164007,9
"ROBO35","ROBO3",5,7.84946176890509,9
"MLLT115","MLLT11",6,7.58615367020148,9
"ACKR15","ACKR1",2,6.52914673328882,9
"ANKRD355","ANKRD35",2,7.74839601746779,9
"ISM15","ISM1",2,8.01877814950746,9
"PRSS125","PRSS12",2,5.67639193617758,9
"ABTB25","ABTB2",6,8.4704535657148,9
"WFDC15","WFDC1",6,6.84653077053412,9
"CCNO5","CCNO",9,5.88140995526841,9
"LRFN45","LRFN4",6,8.07567261099763,9
"PIWIL45","PIWIL4",2,7.33285046864005,9
"AC091429.15","AC091429.1",8,5.13119994952223,9
"FHL15","FHL1",3,8.04733903031099,9
"CYP2J25","CYP2J2",7,8.14706760281505,9
"FAM20A5","FAM20A",1,7.57224860868987,9
"EVA1A5","EVA1A",5,6.48189391388527,9
"FER1L55","FER1L5",9,5.85498450449323,9
"LINC015585","LINC01558",2,8.08739313894855,9
"RNU2-63P5","RNU2-63P",6,5.40764801872244,9
"S100A7A5","S100A7A",4,8.47758784380933,9
"C1QL15","C1QL1",3,8.47910236952778,9
"ATP8A15","ATP8A1",7,7.13660920760067,9
"NRK5","NRK",3,7.21865973493441,9
"PAK55","PAK5",3,7.8555392276738,9
"FBP15","FBP1",9,9.19399473098544,9
"HK25","HK2",6,6.22387090605139,9
"KLHL295","KLHL29",3,8.55714386505517,9
"OAS35","OAS3",1,10.2017975818689,9
"SCN4B5","SCN4B",3,7.05754532923148,9
"APLP15","APLP1",4,6.31481350712538,9
"PLCL15","PLCL1",9,9.96746459114273,9
"CDC75","CDC7",6,6.98956175797507,9
"CD485","CD48",1,10.8227407335722,9
"EPHB15","EPHB1",2,6.2823103074233,9
"SLC38A55","SLC38A5",1,7.16605942598361,9
"BRINP15","BRINP1",5,9.21453427758754,9
"CTAGE95","CTAGE9",9,4.99956390388967,9
"AL021807.15","AL021807.1",6,6.02510703106188,9
"MT1L5","MT1L",5,6.6421822554186,9
"IRX45","IRX4",3,6.99789887317489,9
"POU4F15","POU4F1",6,7.67178414615144,9
"NME55","NME5",9,8.04635766494994,9
"PKDCC5","PKDCC",6,5.43074333200633,9
"BCAP315","BCAP31",6,6.0159595088263,9
"STAC6","STAC",6,7.54619232723692,9
"PCDH185","PCDH18",3,7.95884406039638,9
"CYP26B15","CYP26B1",9,6.24584254140053,9
"ARTN5","ARTN",6,7.36299086618657,9
"ATP1A45","ATP1A4",5,5.31613242679477,9
"LUCAT15","LUCAT1",5,7.76353342317392,9
"CHMP1B2P5","CHMP1B2P",6,5.35479714991062,9
"CA65","CA6",2,7.90454802825982,9
"EPOR5","EPOR",9,6.69843674016573,9
"PRRX25","PRRX2",3,6.6632517737848,9
"ARX5","ARX",4,6.04091273393362,9
"MISP5","MISP",9,8.1476909152099,9
"AC092296.25","AC092296.2",8,11.0399103830998,9
"KPNA25","KPNA2",6,7.91838960318344,9
"ANXA95","ANXA9",9,8.60157885342928,9
"FAM238C5","FAM238C",6,7.86396978911841,9
"PLAC95","PLAC9",3,7.79895178105298,9
"BCL11B5","BCL11B",2,7.00951496826862,9
"WNT9A5","WNT9A",5,6.61621061561682,9
"CRTAC15","CRTAC1",2,7.35445986348547,9
"ADGRG65","ADGRG6",6,7.50622525401443,9
"CNIH25","CNIH2",6,8.56618326808771,9
"SHC35","SHC3",6,7.45875998479833,9
"AC005062.15","AC005062.1",5,6.80701143087501,9
"SULT2B15","SULT2B1",7,6.66601388941599,9
"BMP45","BMP4",9,8.03831425337552,9
"NDN5","NDN",3,8.78673934845858,9
"CD2005","CD200",3,9.03535417275265,9
"VSTM55","VSTM5",6,8.74057333535545,9
"SERPINA35","SERPINA3",5,7.64127114463042,9
"LAMC35","LAMC3",2,8.44267751612316,9
"SIGLEC16","SIGLEC1",1,10.1250794551719,9
"CENPN5","CENPN",6,8.19975326734077,9
"CLEC14A5","CLEC14A",3,7.66096767299471,9
"STYK15","STYK1",7,7.63586120184096,9
"PRICKLE15","PRICKLE1",6,8.47787665808948,9
"AC068446.25","AC068446.2",8,5.68169482595137,9
"MAPK8IP25","MAPK8IP2",4,6.06834098260056,9
"SYBU5","SYBU",9,9.03280908536104,9
"C9orf1525","C9orf152",4,6.66162193298196,9
"FPR35","FPR3",1,11.2516319851686,9
"SRP14P45","SRP14P4",7,9.81525102791067,9
"HOXC125","HOXC12",6,7.55366618061565,9
"GABRP5","GABRP",2,8.97937659530167,9
"SLC26A75","SLC26A7",6,6.06531176195596,9
"KAZALD15","KAZALD1",4,8.00610892811215,9
"FGF75","FGF7",2,8.98335068245113,9
"PCP25","PCP2",9,9.46834170444498,9
"CSRNP35","CSRNP3",2,7.52675712886886,9
"NCF25","NCF2",1,10.2224513574734,9
"SLC52A15","SLC52A1",3,6.3022669910681,9
"C4BPB5","C4BPB",2,8.66374007021526,9
"PTPN205","PTPN20",6,6.54022093655245,9
"ATP1B25","ATP1B2",3,6.50090506049619,9
"RGS65","RGS6",2,7.31720823890949,9
"ACOX25","ACOX2",9,5.63644044122318,9
"TMEM715","TMEM71",2,8.87683746536794,9
"HILPDA5","HILPDA",4,7.1624535633155,9
"HOXA55","HOXA5",2,7.7458942985044,9
"AC091231.25","AC091231.2",8,11.9130446084339,9
"LINC004615","LINC00461",6,6.19927274836339,9
"CCN45","CCN4",4,7.31846028606371,9
"AL589880.15","AL589880.1",2,6.72762954293002,9
"GBP1P15","GBP1P1",1,8.77503554033472,9
"ADORA15","ADORA1",2,8.90910117572452,9
"MKRN35","MKRN3",6,7.58420440605226,9
"RNU6-130P5","RNU6-130P",8,10.0789071448688,9
"GGTA1P5","GGTA1P",2,11.1828175107324,9
"RBP15","RBP1",5,8.64205381658403,9
"GPRIN15","GPRIN1",4,6.79709185532371,9
"SNHG185","SNHG18",5,7.37945138761708,9
"TRIM95","TRIM9",3,7.80546894521139,9
"SMPD35","SMPD3",9,8.885408371644,9
"GAD15","GAD1",8,7.4815728973731,9
"AC018500.15","AC018500.1",8,12.8593737471088,9
"CCR15","CCR1",1,10.6935030952792,9
"ANKRD375","ANKRD37",9,6.85803587345956,9
"PPARG5","PPARG",5,5.16007490305856,9
"CPXM15","CPXM1",3,8.16457635316246,9
"NPPC5","NPPC",6,5.98852142370214,9
"AL391832.25","AL391832.2",7,6.8876630090338,9
"CRAT5","CRAT",7,7.76122898600582,9
"IQCA15","IQCA1",5,8.41347984499144,9
"NKX3-15","NKX3-1",9,6.29816588154251,9
"ASF1B5","ASF1B",4,7.65374176832009,9
"FAM234B5","FAM234B",7,7.74712413728352,9
"ITGA75","ITGA7",3,7.14389557048092,9
"AC010997.65","AC010997.6",8,7.85114962079895,9
"CALHM65","CALHM6",1,9.60511708009712,9
"MIR503HG5","MIR503HG",3,6.52031219859075,9
"NANOS15","NANOS1",6,6.53752714622937,9
"CD525","CD52",1,10.9272719578423,9
"TCN25","TCN2",6,6.06857764944972,9
"ADAMTS9-AS25","ADAMTS9-AS2",2,8.50030086109314,9
"RSPO15","RSPO1",2,8.25841198678808,9
"RNA5SP1875","RNA5SP187",8,11.2455925543193,9
"APOC15","APOC1",1,9.36530184557665,9
"AC069120.15","AC069120.1",9,8.75407340591001,9
"MAD2L15","MAD2L1",6,8.0868878416411,9
"TSPAN125","TSPAN12",6,8.16101371825016,9
"AC013652.15","AC013652.1",9,8.62133222296297,9
"PAX95","PAX9",9,6.83377972554864,9
"GPX75","GPX7",6,7.16764008364404,9
"AC004233.25","AC004233.2",6,7.03909351520041,9
"PAPPA5","PAPPA",1,6.50357168841128,9
"CKS25","CKS2",6,7.68417340306056,9
"LGR55","LGR5",1,8.44406783977607,9
"GFAP5","GFAP",5,7.77757444882586,9
"AC017071.15","AC017071.1",8,8.58235364165417,9
"ADORA35","ADORA3",1,6.17742142672792,9
"KLHL135","KLHL13",5,7.80262779951033,9
"NPTX15","NPTX1",3,8.11991369675527,9
"S1PR35","S1PR3",7,7.98765970734715,9
"TMEM176A5","TMEM176A",1,8.54903205212312,9
"NINJ25","NINJ2",6,7.19726069455556,9
"TCF155","TCF15",6,7.050940946012,9
"VWDE5","VWDE",5,7.73121439567746,9
"WNT5B5","WNT5B",3,7.04701788378575,9
"CLDN145","CLDN14",7,8.47032625706374,9
"AC073869.15","AC073869.1",9,8.31134028144104,9
"CCDC265","CCDC26",3,6.46759430851272,9
"SLC27A65","SLC27A6",5,8.51798185486806,9
"PRUNE25","PRUNE2",2,5.36289129112152,9
"MT-TS25","MT-TS2",6,6.17485860363586,9
"PKIA5","PKIA",3,5.66982225803373,9
"GJA55","GJA5",1,7.16935457894252,9
"SNX225","SNX22",3,7.72229590639936,9
"HOXA45","HOXA4",2,8.60201755125869,9
"CCNB15","CCNB1",4,7.851843064899,9
"SNAI25","SNAI2",3,8.94587522364482,9
"SLC2A125","SLC2A12",6,6.35332137184787,9
"SPOCK15","SPOCK1",3,8.68107327168802,9
"NELL25","NELL2",2,6.62654835307342,9
"MIR924HG5","MIR924HG",6,8.23097104215463,9
"IGF15","IGF1",2,8.91853879226852,9
"SAMD55","SAMD5",3,8.70079839567096,9
"MIR646HG5","MIR646HG",3,5.35564392915829,9
"CDKN2C5","CDKN2C",6,6.94005273907995,9
"PTGFR5","PTGFR",3,5.67560019389219,9
"HDAC95","HDAC9",2,5.5260311681646,9
"STEAP15","STEAP1",4,5.80622884381587,9
"MATN35","MATN3",5,7.55545680816917,9
"AL450345.25","AL450345.2",7,6.49802201733054,9
"AC104333.35","AC104333.3",2,6.44291455650355,9
"DOC2A5","DOC2A",9,7.62638673096544,9
"YBX25","YBX2",4,7.07090240157215,9
"NXPH35","NXPH3",9,11.6826631854231,9
"GTF2H2B5","GTF2H2B",8,8.78440646635129,9
"AL365181.35","AL365181.3",5,7.31820586836644,9
"OLFM15","OLFM1",1,5.80906165246204,9
"SNCAIP5","SNCAIP",3,6.16812393961597,9
"FXYD65","FXYD6",3,7.75719762068626,9
"NAPSB5","NAPSB",1,7.94492485065326,9
"ENO25","ENO2",3,6.36359402469077,9
"JPH25","JPH2",2,6.93617197435919,9
"PELI25","PELI2",2,8.52080341775923,9
"AC127526.55","AC127526.5",5,6.42200542231604,9
"AC239800.25","AC239800.2",5,7.31086030322159,9
"GIMAP75","GIMAP7",8,7.7992981548022,9
"ITPRID15","ITPRID1",6,7.10143527401354,9
"FOXA15","FOXA1",8,8.77373190511578,9
"SPAG55","SPAG5",6,8.03152976757678,9
"EML55","EML5",7,6.5591412132157,9
"AC130304.15","AC130304.1",8,8.56556058990976,9
"ORC15","ORC1",6,7.28087657773853,9
"AC068888.25","AC068888.2",8,9.80026812271673,9
"GTSE15","GTSE1",6,8.2798279394473,9
"GREB1L5","GREB1L",9,6.96799981702087,9
"ANKRD20A21P5","ANKRD20A21P",9,7.06153713205862,9
"HMGCLL15","HMGCLL1",5,7.54894575151899,9
"VSNL15","VSNL1",2,6.99026593871118,9
"NMB5","NMB",6,7.13838299072684,9
"HSH2D5","HSH2D",9,9.3993238049373,9
"CHST25","CHST2",1,5.74156333310891,9
"FANCA5","FANCA",6,7.02254741225878,9
"SPHK15","SPHK1",6,6.81824231531871,9
"IGKC5","IGKC",2,10.386707170656,9
"ABCA95","ABCA9",2,7.80723311132242,9
"NRG25","NRG2",5,9.21330115826874,9
"FAP5","FAP",3,5.6930875367241,9
"CD695","CD69",1,9.45763488767215,9
"CNTD25","CNTD2",9,9.41856725746867,9
"ARL17B5","ARL17B",3,7.38617384347277,9
"RBP75","RBP7",9,8.89081883391036,9
"ITGAX5","ITGAX",1,11.3003131010245,9
"FAT35","FAT3",5,6.20936508344022,9
"GRAMD2A5","GRAMD2A",7,6.79997112997653,9
"EYA25","EYA2",2,8.96411389252309,9
"VGF5","VGF",6,9.35310636960553,9
"ATP8A25","ATP8A2",5,8.07908141761295,9
"GNAL5","GNAL",3,6.97108379562329,9
"DNM3OS5","DNM3OS",3,8.06524962329248,9
"C17orf775","C17orf77",7,7.66554430196168,9
"TRAF3IP35","TRAF3IP3",1,7.44350577779269,9
"TMPRSS55","TMPRSS5",6,7.55288479758867,9
"AJ009632.25","AJ009632.2",9,8.83011624242354,9
"COL8A15","COL8A1",3,7.08338454073903,9
"KLHDC95","KLHDC9",9,7.56235310169208,9
"TENM15","TENM1",3,6.71367589916766,9
"DNA25","DNA2",6,8.45491716635428,9
"MND15","MND1",6,8.60404904019308,9
"SMOC25","SMOC2",9,10.2494873459387,9
"CFAP435","CFAP43",9,8.89582199112671,9
"B4GALNT35","B4GALNT3",6,8.04879850338954,9
"MGAM25","MGAM2",2,7.2865497001126,9
"ZNF812P5","ZNF812P",7,6.13881104760041,9
"HSD11B25","HSD11B2",4,6.54523403307439,9
"FSCN15","FSCN1",6,7.72292492290834,9
"TRPM2-AS5","TRPM2-AS",4,6.01479011211361,9
"ECEL15","ECEL1",3,6.84544967879462,9
"ARHGAP155","ARHGAP15",1,6.96168880776226,9
"CPLX15","CPLX1",9,8.97105353102551,9
"FREM15","FREM1",2,7.12797726485911,9
"WDR625","WDR62",6,8.35301912215615,9
"SPATA185","SPATA18",2,7.43829678515643,9
"AP001496.45","AP001496.4",2,6.50363078444501,9
"ABCA105","ABCA10",2,9.19576004240301,9
"ZDHHC25","ZDHHC2",9,6.73180596704132,9
"SKP25","SKP2",6,6.88458912390267,9
"ZNF3675","ZNF367",6,7.91660406659529,9
"SPCS25","SPCS2",9,6.83797023046808,9
"APCDD15","APCDD1",2,9.95450152323515,9
"IL20RA5","IL20RA",9,7.07697090975708,9
"ATG9B5","ATG9B",6,7.2879089685619,9
"ACTA15","ACTA1",6,6.84848759371932,9
"KCNB15","KCNB1",3,6.104170409603,9
"LINC009605","LINC00960",2,6.06756698417758,9
"ZNF4865","ZNF486",5,7.71218973106888,9
"GPAT35","GPAT3",2,6.0850057947307,9
"BAIAP35","BAIAP3",9,9.14438372087537,9
"SLC6A115","SLC6A11",6,7.22756810303913,9
"TNFRSF14-AS15","TNFRSF14-AS1",9,7.66164213709977,9
"PLAT5","PLAT",5,8.5906219289118,9
"ZMYND105","ZMYND10",9,10.4281454912929,9
"FOXC15","FOXC1",6,9.1438198797365,9
"GRHL35","GRHL3",6,7.00149376608651,9
"NEURL1B5","NEURL1B",4,6.44839244443596,9
"SLAMF75","SLAMF7",1,9.78188413842786,9
"KNSTRN5","KNSTRN",7,7.15063363603215,9
"SNPH5","SNPH",2,6.26694028372133,9
"PRTG5","PRTG",5,7.24323396838435,9
"IL12RB25","IL12RB2",6,7.39435763612474,9
"AC004982.15","AC004982.1",9,8.61169820442279,9
"TMEM1395","TMEM139",6,6.66305509846603,9
"SLC16A95","SLC16A9",9,8.86571233086414,9
"FA2H5","FA2H",4,6.51002333807168,9
"AL161908.15","AL161908.1",9,10.3560315915997,9
"VAX25","VAX2",6,8.06527349852861,9
"MOCS15","MOCS1",3,5.37733259548512,9
"MEDAG5","MEDAG",2,6.75653316364478,9
"RFTN15","RFTN1",1,9.07675232203465,9
"CKMT1B5","CKMT1B",2,6.8960525665001,9
"DOC2B5","DOC2B",1,5.54681046966319,9
"SLC30A85","SLC30A8",9,5.582473767803,9
"C1QTNF15","C1QTNF1",3,5.33028920156513,9
"AL009179.25","AL009179.2",6,6.30581689965971,9
"SNORA125","SNORA12",9,6.64675417703487,9
"KLF155","KLF15",2,6.4617413753963,9
"LINC009585","LINC00958",3,6.76016769549522,9
"GFPT25","GFPT2",1,8.10478507892372,9
"RGMA5","RGMA",6,8.23625953223406,9
"C5AR25","C5AR2",9,10.4249275393446,9
"SLCO5A15","SLCO5A1",6,7.3882684793805,9
"MICU35","MICU3",2,8.14499707269473,9
"ACTL85","ACTL8",6,7.39725154556278,9
"PHPT15","PHPT1",9,6.2905443670913,9
"HBA25","HBA2",2,6.28726857154762,9
"TBC1D10C5","TBC1D10C",1,10.6952607469008,9
"LINC009645","LINC00964",6,7.10806713048679,9
"CARD65","CARD6",2,8.84805417181102,9
"FP565260.15","FP565260.1",5,5.26340900110877,9
"ANOS15","ANOS1",9,7.61050516136672,9
"CD8A5","CD8A",1,9.03617835799825,9
"CASC15","CASC1",9,8.06008174134351,9
"GJC15","GJC1",3,8.20325179834703,9
"AL732437.35","AL732437.3",6,7.43285178926614,9
"MIR222HG5","MIR222HG",2,7.97820128177175,9
"NAT8L5","NAT8L",6,8.19145480416456,9
"LINC012665","LINC01266",2,5.68101699889417,9
"PHC15","PHC1",6,6.35922105825423,9
"PCDHA105","PCDHA10",9,5.22193730025368,9
"RAB6B5","RAB6B",6,6.6193002459088,9
"NMU5","NMU",6,8.91813165842323,9
"TUSC85","TUSC8",7,6.11015457474257,9
"GJB35","GJB3",6,6.64432730041578,9
"AHNAK25","AHNAK2",6,6.90340991948036,9
"STC25","STC2",9,10.3059786117163,9
"COL5A15","COL5A1",3,8.75892770633461,9
"AMIGO25","AMIGO2",2,6.51022952947599,9
"NR2F15","NR2F1",3,9.08827388991986,9
"LINC005785","LINC00578",3,7.31200558924731,9
"EMSLR5","EMSLR",6,7.65851144639024,9
"CASQ15","CASQ1",5,4.92562341357889,9
"PTGS15","PTGS1",1,5.56874154496868,9
"IL17RB5","IL17RB",9,10.9775021216193,9
"AL109918.15","AL109918.1",6,7.38660217856873,9
"ANO55","ANO5",5,5.92427655745749,9
"FCGBP5","FCGBP",5,6.79807098951886,9
"SMPD45","SMPD4",9,6.95907502532691,9
"ADAMTS185","ADAMTS18",3,6.93533456281883,9
"TP53AIP15","TP53AIP1",2,6.5038037136506,9
"FABP65","FABP6",4,7.58165108970436,9
"FMOD5","FMOD",3,7.87473302779517,9
"ADAMTS55","ADAMTS5",8,8.26945278852618,9
"MTCO1P125","MTCO1P12",6,5.4061056451177,9
"AC005154.25","AC005154.2",8,9.53688926729758,9
"SUSD25","SUSD2",4,6.14684666503791,9
"DCDC15","DCDC1",9,9.5235752475487,9
"DCLK15","DCLK1",3,7.52300586896155,9
"HSPB65","HSPB6",2,7.16097451318515,9
"P2RY65","P2RY6",1,8.59279739357084,9
"CBR35","CBR3",4,6.31152835460383,9
"COL17A15","COL17A1",2,8.68191523065325,9
"PLIN55","PLIN5",9,9.57146238966445,9
"MIAT5","MIAT",1,7.94985123641857,9
"COX7A15","COX7A1",5,6.68124633258212,9
"ZNF6135","ZNF613",7,7.44582494050644,9
"AC108749.15","AC108749.1",7,6.83679941041993,9
"LOX5","LOX",3,7.29050314457586,9
"PIK3AP15","PIK3AP1",1,8.81477017942086,9
"PLK45","PLK4",6,7.92025835052389,9
"GLT8D25","GLT8D2",3,8.04420792767731,9
"COL28A15","COL28A1",9,5.58591002996646,9
"COLEC125","COLEC12",3,7.21148578706224,9
"HTRA35","HTRA3",3,8.20533021959358,9
"SPESP15","SPESP1",6,4.91631944807651,9
"CLEC4F5","CLEC4F",6,7.2290819677045,9
"DLL15","DLL1",2,6.63799499225173,9
"BMERB15","BMERB1",8,7.44260154572775,9
"CLDN235","CLDN23",6,7.97699530268115,9
"TDO25","TDO2",4,7.84115922892347,9
"PLEK5","PLEK",1,11.7167148186064,9
"RASL125","RASL12",2,6.62819274040974,9
"MIR210HG5","MIR210HG",6,6.18044291579239,9
"SOD35","SOD3",7,8.34943566683148,9
"IL2RB5","IL2RB",1,10.5721812501519,9
"RASSF95","RASSF9",1,5.37770065068942,9
"PCSK45","PCSK4",9,9.61666381745922,9
"FLRT35","FLRT3",4,5.92615970598753,9
"NGEF5","NGEF",6,7.2275244628407,9
"PLAUR5","PLAUR",1,9.33085929997307,9
"AC109326.15","AC109326.1",2,5.20709725839071,9
"AL365361.15","AL365361.1",2,8.10899293446146,9
"PLEKHF15","PLEKHF1",2,6.79761259173152,9
"AC025031.55","AC025031.5",8,9.59744456703476,9
"PPFIA45","PPFIA4",6,7.84532975065001,9
"SFRP25","SFRP2",3,8.21455514006443,9
"LINC003245","LINC00324",5,6.54215010788382,9
"CD535","CD53",1,10.0276171603449,9
"RAMP15","RAMP1",9,5.75279372594736,9
"DIPK1B5","DIPK1B",6,6.78710920668569,9
"TMEM92-AS15","TMEM92-AS1",7,6.98247430654613,9
"F75","F7",9,8.9330770286944,9
"GPRC5D-AS15","GPRC5D-AS1",6,5.36153717793968,9
"NALCN5","NALCN",2,8.52484172895682,9
"ANKS65","ANKS6",6,8.33139768534856,9
"MMP255","MMP25",9,7.81594417680998,9
"TFEC5","TFEC",1,9.81774265218682,9
"AL445223.15","AL445223.1",8,7.86428774769202,9
"FBXL165","FBXL16",4,6.07633284800206,9
"FAM92A1P25","FAM92A1P2",2,5.8924565613872,9
"GHR5","GHR",3,7.61285678542556,9
"HOXA35","HOXA3",2,7.35851139902299,9
"RNF144A5","RNF144A",6,7.57335502809416,9
"SCUBE15","SCUBE1",9,9.67077539697238,9
"THEMIS25","THEMIS2",1,10.9728288883114,9
"SHROOM15","SHROOM1",5,8.58197367666837,9
"AC093838.15","AC093838.1",9,10.5949970695016,9
"GNAI15","GNAI1",7,7.90492537165073,9
"DUSP95","DUSP9",6,7.90081397726925,9
"HNRNPA1P545","HNRNPA1P54",9,5.84806205349447,9
"CACHD15","CACHD1",2,9.941458351417,9
"PDGFD5","PDGFD",9,6.92293499365096,9
"TWIST15","TWIST1",3,9.72182972352493,9
"NTN15","NTN1",6,7.05446339123132,9
"TACC35","TACC3",6,7.40720220591748,9
"AC005831.15","AC005831.1",9,6.52771136416027,9
"FMO15","FMO1",2,7.98129599392916,9
"C3AR15","C3AR1",1,7.68284953218873,9
"WNK35","WNK3",6,6.92928776001408,9
"ANGPTL25","ANGPTL2",3,8.00463914515308,9
"RPL21P165","RPL21P16",8,14.0556901849404,9
"RBP55","RBP5",9,6.60884622066862,9
"KIF5C5","KIF5C",9,6.93613306737023,9
"PRELID3A5","PRELID3A",6,8.07864644971258,9
"CYTIP5","CYTIP",1,9.87390609419577,9
"KIAA17555","KIAA1755",6,7.54236722099093,9
"RNU2-64P5","RNU2-64P",8,11.217542566953,9
"IGSF105","IGSF10",2,7.40531373445063,9
"AC037198.15","AC037198.1",1,5.80384695940545,9
"ENHO5","ENHO",6,7.25739562767906,9
"AL356417.25","AL356417.2",6,9.03536146321267,9
"CD275","CD27",1,8.39855135640356,9
"MARCHF35","MARCHF3",6,7.31027411191305,9
"ASPHD15","ASPHD1",1,6.47085649994957,9
"TGM55","TGM5",2,6.7671527447915,9
"LINC011165","LINC01116",9,6.16297532957102,9
"STRA65","STRA6",3,7.50716720029508,9
"FZD10-AS15","FZD10-AS1",2,8.14798779707209,9
"PAK35","PAK3",2,7.52348478514173,9
"Z95114.45","Z95114.4",7,8.88158369227754,9
"CA125","CA12",9,9.0904581834096,9
"PLAG15","PLAG1",6,6.31918003174912,9
"HLA-DOA5","HLA-DOA",1,8.9383359334357,9
"GINS45","GINS4",6,8.12605568764519,9
"JAML5","JAML",1,8.22746914364505,9
"DNAJC225","DNAJC22",4,7.00225947200981,9
"ANKRD20A5P5","ANKRD20A5P",3,6.0440095210956,9
"ZDHHC11B5","ZDHHC11B",9,7.21064110961236,9
"CA85","CA8",9,8.93084011516098,9
"MT-TC5","MT-TC",7,5.84216562249382,9
"PIK3C2G5","PIK3C2G",5,7.39326316455358,9
"SP65","SP6",4,6.87144621318044,9
"CCL215","CCL21",8,6.61001286931972,9
"KCNQ35","KCNQ3",6,5.84446620864858,9
"RN7SL359P5","RN7SL359P",9,7.03827557587197,9
"PDE1C5","PDE1C",2,7.36469134230247,9
"CIART5","CIART",6,9.11521772872333,9
"STAC25","STAC2",5,10.2631189802695,9
"NUP62CL5","NUP62CL",7,6.01781970353937,9
"XRCC25","XRCC2",6,8.47795570761565,9
"PTP4A35","PTP4A3",6,6.98282625952723,9
"FPR15","FPR1",1,10.4047178018414,9
"HLA-DOB5","HLA-DOB",1,8.6450098337277,9
"SCN3A5","SCN3A",2,7.11903149263904,9
"FABP55","FABP5",6,8.05351274628695,9
"DOCK35","DOCK3",6,6.90762892767383,9
"FADS15","FADS1",7,6.35906669079455,9
"ADRB15","ADRB1",9,6.81971803423229,9
"MCOLN25","MCOLN2",1,7.41833122124567,9
"PARVG5","PARVG",2,6.48017371367604,9
"SPP15","SPP1",1,9.6081843504212,9
"LINC008655","LINC00865",6,5.98891435829022,9
"AL844908.15","AL844908.1",1,7.35819781370159,9
"GALNTL65","GALNTL6",9,7.19590443808544,9
"CYGB5","CYGB",3,7.50558646265394,9
"AL078595.15","AL078595.1",8,14.9835031238041,9
"EDA2R5","EDA2R",3,6.95511680175373,9
"CAPN155","CAPN15",6,5.96176162639159,9
"NKD25","NKD2",3,8.79546275518217,9
"AL033384.15","AL033384.1",6,6.8031736457252,9
"ZNF6835","ZNF683",1,9.17544801197741,9
"GPR275","GPR27",3,6.20063592972674,9
"NDRG45","NDRG4",6,6.93102987938004,9
"SLC17A95","SLC17A9",9,5.87912064837001,9
"PDLIM45","PDLIM4",5,7.55231500349662,9
"H1-35","H1-3",9,6.05923803541226,9
"SBSPON5","SBSPON",5,8.452097917725,9
"GLIPR25","GLIPR2",2,7.2360629020488,9
"FAM78B5","FAM78B",1,5.73965018429556,9
"TBILA5","TBILA",9,8.58909855983248,9
"DYSF5","DYSF",6,6.26877314926345,9
"MAPK105","MAPK10",7,7.25505742133464,9
"HES25","HES2",4,6.13578660939614,9
"AC008780.15","AC008780.1",2,7.2493243325382,9
"SMIM10L2A5","SMIM10L2A",2,6.39689316598902,9
"SLC6A95","SLC6A9",6,6.8859431162872,9
"OLFML2B5","OLFML2B",3,8.19909099976445,9
"GALNT135","GALNT13",6,8.52392790094389,9
"LMOD15","LMOD1",8,8.41375823176036,9
"RNFT25","RNFT2",6,8.82805989216893,9
"LDB25","LDB2",2,8.04538257474612,9
"RASGEF1A5","RASGEF1A",1,7.60044278098088,9
"EPHB25","EPHB2",1,7.67789943116618,9
"GRIN2B5","GRIN2B",2,6.62296367188029,9
"SDS5","SDS",1,7.59276873933261,9
"AL591845.15","AL591845.1",9,7.56647742049771,9
"ITGB35","ITGB3",5,6.07805122152158,9
"ELF55","ELF5",2,11.6498905141507,9
"CD300LG5","CD300LG",2,6.21650510543384,9
"LMNTD2-AS15","LMNTD2-AS1",9,9.71883218037847,9
"MYOZ25","MYOZ2",7,8.92841087345406,9
"OSR15","OSR1",3,7.61851852568929,9
"AP001783.15","AP001783.1",6,8.98815328839374,9
"CALCRL5","CALCRL",2,5.69193569648091,9
"TRIM685","TRIM68",7,7.4060713568436,9
"MST1L5","MST1L",9,6.39613590746989,9
"AP000769.15","AP000769.1",7,6.89140621662436,9
"CD1E5","CD1E",1,9.16820306321219,9
"CGAS5","CGAS",1,8.52298670666395,9
"SLC49A35","SLC49A3",7,7.10038360978386,9
"IKZF35","IKZF3",1,7.76706187005401,9
"KIF18A5","KIF18A",6,7.04462954553943,9
"IL10RA5","IL10RA",1,8.61745538554527,9
"APLN5","APLN",3,6.24754353401283,9
"RIPK35","RIPK3",1,6.32670766919419,9
"HAND25","HAND2",6,5.58314881917545,9
"ACAN5","ACAN",6,6.77750686666898,9
"EPB41L35","EPB41L3",9,6.53201481431101,9
"ME35","ME3",9,7.57552508834626,9
"CD865","CD86",1,11.0023219423946,9
"PI4KA5","PI4KA",9,6.60416142289308,9
"CACNA2D15","CACNA2D1",3,7.14124192537692,9
"CKB5","CKB",6,6.23559822476605,9
"AWAT25","AWAT2",7,7.45243648540131,9
"FAM106A5","FAM106A",3,6.08291533227409,9
"NCAN5","NCAN",6,7.9511611282753,9
"AF131215.45","AF131215.4",2,7.00921551753802,9
"C19orf185","C19orf18",7,7.11003928837711,9
"MANEAL5","MANEAL",4,6.87018704687814,9
"GSEC5","GSEC",6,8.20004754626097,9
"ZSCAN235","ZSCAN23",3,6.51218483288893,9
"CYTOR5","CYTOR",5,6.48165986128291,9
"FHOD35","FHOD3",3,6.679560582549,9
"PLEKHG15","PLEKHG1",6,7.0251322897642,9
"FBXO175","FBXO17",6,7.95713840104234,9
"ALOX5AP5","ALOX5AP",1,9.74569837613985,9
"TM4SF1-AS15","TM4SF1-AS1",7,6.75837226085197,9
"HEPH5","HEPH",2,5.85948796764346,9
"LAMA25","LAMA2",3,7.00619323821614,9
"PLIN45","PLIN4",2,7.20081441319806,9
"FGD55","FGD5",3,6.66474831543649,9
"ABCA65","ABCA6",2,9.09872745171716,9
"APOL35","APOL3",1,9.02114152648892,9
"LYPD15","LYPD1",1,6.61222255321239,9
"ZNF2145","ZNF214",9,7.59073124011696,9
"LINC006495","LINC00649",9,7.08094904160649,9
"XYLT15","XYLT1",3,7.44172896945177,9
"ALPL5","ALPL",7,6.43165877307552,9
"TF5","TF",3,6.05021367311797,9
"PNMA6A5","PNMA6A",6,8.27788636816713,9
"APCDD1L-DT5","APCDD1L-DT",2,9.23074567065369,9
"MMP155","MMP15",6,7.33322766828153,9
"AL670729.35","AL670729.3",2,6.026971088935,9
"AC092078.35","AC092078.3",7,8.22424746200692,9
"LRRN25","LRRN2",6,7.55445357641647,9
"TMEM229B5","TMEM229B",9,8.37559335799595,9
"ARHGEF45","ARHGEF4",6,6.78974945508193,9
"TGFA5","TGFA",2,8.0117157686066,9
"ST3GAL45","ST3GAL4",6,8.2037303130076,9
"ZDHHC115","ZDHHC11",9,7.31255161164078,9
"SCD55","SCD5",5,8.34874995229699,9
"DUSP25","DUSP2",5,7.03202405207361,9
"SYT175","SYT17",9,8.98119023262895,9
"PLA2G4A5","PLA2G4A",2,6.58333666001155,9
"DRC35","DRC3",9,7.92623894599402,9
"CLDN115","CLDN11",2,7.24775274082724,9
"CD345","CD34",2,6.703674145577,9
"TMEM59L5","TMEM59L",3,8.87371509836635,9
"TMEM200B5","TMEM200B",3,6.06102911371972,9
"LINC012395","LINC01239",8,5.26525127641692,9
"BTBD115","BTBD11",3,6.46238464564299,9
"CLNK5","CLNK",7,5.78620259079097,9
"KLHDC8A5","KLHDC8A",6,7.41339547535798,9
"ZNF385C5","ZNF385C",6,6.24078367401997,9
"TFPI6","TFPI",3,8.31822056538597,9
"CLEC5A5","CLEC5A",1,9.9591818735277,9
"TNF5","TNF",1,7.99159307499849,9
"NOD25","NOD2",1,6.94000088303217,9
"PMAIP15","PMAIP1",9,7.58010190638019,9
"HPDL5","HPDL",6,7.28064526772566,9
"CELSR35","CELSR3",4,8.59003089236859,9
"BLACAT15","BLACAT1",6,8.67225046566146,9
"KANSL1-AS15","KANSL1-AS1",7,5.8013513378792,9
"TPPP6","TPPP",8,5.55789920879885,9
"KCNH25","KCNH2",6,5.96355149307281,9
"HEY15","HEY1",3,9.05599203249866,9
"TMEM405","TMEM40",6,5.30911000933024,9
"AL031595.25","AL031595.2",3,5.93006261765333,9
"AC095057.45","AC095057.4",9,6.89612663092046,9
"ADAMTS165","ADAMTS16",6,7.33133525467703,9
"AC124798.15","AC124798.1",6,5.25000948716379,9
"PRKCB5","PRKCB",1,8.20854894104164,9
"ENTPD85","ENTPD8",9,8.00299343152315,9
"DEGS25","DEGS2",9,10.410374358478,9
"SVEP15","SVEP1",3,7.38454823328511,9
"AC096589.25","AC096589.2",5,7.49792074864955,9
"CDKN2D5","CDKN2D",6,7.42969480672539,9
"APOLD15","APOLD1",3,6.24024693785359,9
"SLAMF85","SLAMF8",1,11.3718619865697,9
"CASP17P5","CASP17P",2,8.50519548586479,9
"WT15","WT1",6,5.41957968385636,9
"AF131215.65","AF131215.6",5,6.87166491929932,9
"NYNRIN5","NYNRIN",6,7.03867132046292,9
"KDELR35","KDELR3",6,7.56075188122824,9
"GPT5","GPT",6,6.78508036641152,9
"CLCN45","CLCN4",6,7.24232125327438,9
"SCIN5","SCIN",9,5.28054825170559,9
"AL731571.15","AL731571.1",2,7.92523488163055,9
"LINC025325","LINC02532",9,5.65072067762403,9
"CIT5","CIT",6,7.31499920356578,9
"DNAH75","DNAH7",9,8.46319612245598,9
"PTPRM5","PTPRM",7,6.45723306285938,9
"P2RY135","P2RY13",1,6.69387058314006,9
"DDIAS5","DDIAS",6,7.7980012901593,9
"MAMLD15","MAMLD1",6,7.57871141066393,9
"TMEM45A5","TMEM45A",6,6.16765843259677,9
"ANPEP5","ANPEP",5,9.24080265041521,9
"G6PD5","G6PD",7,8.26878851993714,9
"FGF15","FGF1",3,7.21383508322392,9
"F2RL15","F2RL1",7,5.65729891023482,9
"SERP25","SERP2",9,6.54798384025502,9
"CPNE55","CPNE5",2,7.3675910512248,9
"FBXO275","FBXO27",6,6.76323859630645,9
"CD385","CD38",1,9.70410763991986,9
"CD3D5","CD3D",1,9.69170025031722,9
"TFAP2B5","TFAP2B",5,8.10940319009808,9
"PTPRS5","PTPRS",4,6.21504339245177,9
"AC020656.25","AC020656.2",9,6.05512734255253,9
"CCDC144B5","CCDC144B",3,5.87575640745446,9
"LIPG5","LIPG",2,6.79085878893324,9
"MAPK45","MAPK4",6,7.13104186037156,9
"SLC16A145","SLC16A14",4,6.33699977387292,9
"GNAZ5","GNAZ",6,7.42090244159118,9
"DNAAF35","DNAAF3",4,7.07421992509794,9
"SNED15","SNED1",2,6.67708857313887,9
"ACE5","ACE",7,5.84283192261086,9
"AL133330.15","AL133330.1",8,6.94596823563918,9
"OXGR15","OXGR1",2,9.56788626213372,9
"CDC14A5","CDC14A",5,6.75359127211988,9
"AC103702.15","AC103702.1",9,6.864743056287,9
"TMPRSS95","TMPRSS9",7,6.69530690321612,9
"HSPB25","HSPB2",5,6.82544498496511,9
"LSP15","LSP1",1,9.34511097026965,9
"SLC4A85","SLC4A8",5,7.65063241234936,9
"GZMB5","GZMB",1,11.4876325423682,9
"PIP5K1B5","PIP5K1B",2,7.7524480615484,9
"LAG35","LAG3",1,8.30437269292742,9
"A4GALT5","A4GALT",1,6.4992908031694,9
"GPR375","GPR37",6,6.92089565821306,9
"RC3H1-IT15","RC3H1-IT1",8,9.76534632751334,9
"PTPRU5","PTPRU",6,6.12618378519222,9
"ARSJ5","ARSJ",5,7.27830785923317,9
"FAM222A5","FAM222A",7,6.7893070502666,9
"CDYL25","CDYL2",9,8.25886513695254,9
"MTCL15","MTCL1",3,6.18765650501486,9
"FIRRE5","FIRRE",2,6.20205903212655,9
"F2RL25","F2RL2",3,7.21794015203089,9
"ITPRIPL15","ITPRIPL1",2,8.68567866451293,9
"IRF85","IRF8",1,9.22811252736459,9
"GLIS35","GLIS3",1,6.1089710642567,9
"SERPINE25","SERPINE2",3,9.87400997809609,9
"PCAT65","PCAT6",6,7.98993288108766,9
"SLC6A165","SLC6A16",6,6.91022554444484,9
"SLC6A155","SLC6A15",6,6.89557247309407,9
"AP001057.15","AP001057.1",8,5.67641600104625,9
"GLP1R5","GLP1R",5,7.5903556042196,9
"ACSS35","ACSS3",7,7.99110669112288,9
"SLC2A35","SLC2A3",3,7.52761245058333,9
"LINC001735","LINC00173",9,6.77036061655823,9
"PTPRN25","PTPRN2",9,6.13674862592646,9
"ATP2B25","ATP2B2",2,6.80610006810139,9
"AQP75","AQP7",7,8.46928916125667,9
"POM121C5","POM121C",6,6.75107381502129,9
"AL139383.15","AL139383.1",9,7.36063751962356,9
"LINC013155","LINC01315",6,6.51194566769843,9
"MB5","MB",7,6.97982741042775,9
"SUSD45","SUSD4",6,6.61210985015256,9
"CADPS5","CADPS",2,5.91796764750575,9
"AC011287.15","AC011287.1",5,4.90189715497369,9
"LINC016195","LINC01619",8,6.14819437459046,9
"AL021328.15","AL021328.1",5,6.17680113973331,9
"ITGBL15","ITGBL1",3,6.88389931269465,9
"AC107294.25","AC107294.2",6,7.1054859781524,9
"MEG85","MEG8",3,8.9407137291423,9
"TYMSOS5","TYMSOS",6,6.88653797946838,9
"ARHGAP27P1-BPTFP1-KPNA2P35","ARHGAP27P1-BPTFP1-KPNA2P3",6,6.37022391660064,9
"RSPH15","RSPH1",9,8.52669827664234,9
"AC092851.15","AC092851.1",2,6.73477741562469,9
"ARNT25","ARNT2",6,6.0035763162282,9
"TCF195","TCF19",6,7.39717551830545,9
"LINC009875","LINC00987",3,6.60156643021044,9
"EGFL75","EGFL7",3,6.30210350371426,9
"HMGB35","HMGB3",4,7.7910113642523,9
"NDUFB4P115","NDUFB4P11",6,6.9895099997113,9
"JPH45","JPH4",3,7.27985733178408,9
"JAM25","JAM2",3,8.67102235672703,9
"MS4A4A5","MS4A4A",1,7.71060777224818,9
"INHBA5","INHBA",1,7.32141477639045,9
"DNAH25","DNAH2",6,5.78812879066103,9
"AL049840.55","AL049840.5",8,10.1145107777796,9
"AC116348.35","AC116348.3",9,5.45208142140399,9
"KDR5","KDR",3,6.19932964143101,9
"SCG55","SCG5",3,7.96766750698624,9
"RUNX1T15","RUNX1T1",3,8.13202544738008,9
"BCR5","BCR",6,6.3930820012323,9
"RGS165","RGS16",1,8.58528501963552,9
"LCK5","LCK",1,7.67235229836647,9
"HEXA-AS15","HEXA-AS1",7,7.40691480278127,9
"AC080013.15","AC080013.1",5,7.19380554425838,9
"STUM5","STUM",3,6.20378844300925,9
"LMO25","LMO2",2,8.61378476165671,9
"IL15RA5","IL15RA",1,9.24403161821765,9
"ADAMTS45","ADAMTS4",3,7.93628755947965,9
"GPR345","GPR34",1,6.40582778829573,9
"CFAP1575","CFAP157",9,10.0198970292512,9
"CENPK5","CENPK",4,7.10026974961962,9
"NSUN5P15","NSUN5P1",2,6.39203078255657,9
"FNDC45","FNDC4",5,6.61238993936572,9
"SLC35F25","SLC35F2",6,7.62159308269341,9
"CRADD5","CRADD",7,8.38031142937188,9
"CSF15","CSF1",1,8.42072585139233,9
"EGFLAM5","EGFLAM",3,5.97814616720468,9
"PLVAP5","PLVAP",3,6.0655315333731,9
"SCARNA95","SCARNA9",2,7.93575285326527,9
"EBF45","EBF4",9,6.56014103451628,9
"ADM25","ADM2",6,6.61342322511013,9
"FRAS15","FRAS1",5,5.76131247486864,9
"AL354836.15","AL354836.1",4,5.95110050394688,9
"UBE2M5","UBE2M",9,6.04972620132257,9
"ADGRA25","ADGRA2",3,9.13198421314216,9
"ITIH65","ITIH6",9,6.4739539570611,9
"PTCH25","PTCH2",2,7.61067882562877,9
"CD835","CD83",1,8.53928860128904,9
"AC110285.25","AC110285.2",9,7.28354235088679,9
"AC004130.25","AC004130.2",5,7.5253971237806,9
"PLIN25","PLIN2",2,6.72259970951774,9
"ASTN25","ASTN2",9,5.88249050945499,9
"TNFRSF13C5","TNFRSF13C",2,7.08981565085865,9
"RNF395","RNF39",2,6.15415747123041,9
"DSCAM-AS15","DSCAM-AS1",8,6.93973948930424,9
"PAQR85","PAQR8",3,7.50134880719944,9
"BLM5","BLM",6,8.18371108907299,9
"MYLK35","MYLK3",7,5.17832037730033,9
"H2AC205","H2AC20",9,6.26156624796334,9
"AL450306.15","AL450306.1",8,10.2737027527269,9
"FBLN25","FBLN2",3,6.62316156567186,9
"HSD17B65","HSD17B6",4,6.41072468886166,9
"LZTS15","LZTS1",3,8.2821405908482,9
"SAMMSON5","SAMMSON",7,6.70969474126309,9
"FGF95","FGF9",3,7.2305279828464,9
"CCDC85","CCDC8",3,6.87262364195231,9
"FZD45","FZD4",8,7.25766532724777,9
"ADGRL45","ADGRL4",3,6.17122130538071,9
"PANK15","PANK1",6,7.33893904699651,9
"FAM155A5","FAM155A",3,6.75891604080468,9
"FAM171B5","FAM171B",5,6.56337502140863,9
"WASF15","WASF1",6,6.15420037586038,9
"AL021392.15","AL021392.1",9,10.3778614495924,9
"MYRFL5","MYRFL",7,6.44911372772806,9
"VGLL35","VGLL3",1,6.19977789698236,9
"ADGRF55","ADGRF5",3,7.3746440396789,9
"SLC16A55","SLC16A5",9,6.61557404486928,9
"IFITM25","IFITM2",5,6.5971358669017,9
"TRPV65","TRPV6",7,6.98281482280443,9
"SLC45A35","SLC45A3",6,7.64988542718087,9
"AC099541.25","AC099541.2",6,5.55163736437337,9
"IRAK35","IRAK3",1,6.6228488970502,9
"TMPRSS25","TMPRSS2",2,9.90409706596651,9
"B3GNT55","B3GNT5",6,7.50470314417969,9
"LRP1B5","LRP1B",5,8.13404191156982,9
"LINC013595","LINC01359",2,7.14864332899098,9
"LINC003935","LINC00393",6,9.57609460959893,9
"PROX15","PROX1",3,5.33867939723988,9
"MYZAP5","MYZAP",2,7.50024377666961,9
"IL1R25","IL1R2",6,6.18553403660514,9
"TNS45","TNS4",3,8.36432556282849,9
"SLFN115","SLFN11",3,6.84332745734466,9
"RN7SL653P5","RN7SL653P",2,7.786353570345,9
"RADIL5","RADIL",2,5.22196454780155,9
"LINC010165","LINC01016",9,9.85651501207908,9
"PCSK65","PCSK6",9,7.51892731375154,9
"AKR1B105","AKR1B10",4,8.7930689320576,9
"HAS25","HAS2",3,9.25527485524035,9
"SULT1E15","SULT1E1",5,7.07007479582909,9
"HMCN15","HMCN1",3,8.55291438324893,9
"AC007681.15","AC007681.1",8,6.19374020307532,9
"LINC009395","LINC00939",8,5.52611755635163,9
"TDRD65","TDRD6",2,5.70837669353521,9
"H3C65","H3C6",6,6.16118770066033,9
"FAM83B5","FAM83B",6,6.77730722973239,9
"VEPH15","VEPH1",8,5.09278352805911,9
"RIC35","RIC3",5,7.18360915056931,9
"UGT2B105","UGT2B10",7,8.41498857483795,9
"PLCH15","PLCH1",6,7.51754680905156,9
"CTTNBP25","CTTNBP2",3,6.7753877422857,9
"ARHGEF38-IT15","ARHGEF38-IT1",7,5.19348228319282,9
"TRPV45","TRPV4",2,6.01184315061894,9
"PRRT3-AS15","PRRT3-AS1",6,6.10811271687274,9
"BST25","BST2",1,8.3602907589458,9
"SMOX5","SMOX",6,6.73025956395122,9
"P3H25","P3H2",2,6.11642382515528,9
"SMAD95","SMAD9",2,6.90349789389336,9
"CNTN35","CNTN3",2,5.80155082996791,9
"KDM7A-DT5","KDM7A-DT",4,6.11462781922541,9
"GSC5","GSC",9,7.92717246103004,9
"GNA145","GNA14",9,7.0345764538624,9
"CCDC35","CCDC3",2,6.93548892114794,9
"NAP1L25","NAP1L2",5,6.68332926349256,9
"PLXNA45","PLXNA4",3,6.69758343492412,9
"HACD15","HACD1",3,6.57335558855593,9
"ESAM5","ESAM",3,6.12754219293136,9
"SNTB15","SNTB1",2,7.51385468900496,9
"AC006160.15","AC006160.1",8,9.39313297692381,9
"TNFRSF11A5","TNFRSF11A",2,9.67167114280082,9
"AC127024.85","AC127024.8",8,9.56097341616353,9
"AC025034.15","AC025034.1",9,7.51203528319383,9
"C2CD4D5","C2CD4D",6,8.40454798633786,9
"GPR1835","GPR183",1,8.38243226485582,9
"SNHG265","SNHG26",5,6.7290409843401,9
"ZNF6715","ZNF671",9,7.79148887385291,9
"LTBP15","LTBP1",6,7.0735658655426,9
"PNMA8A5","PNMA8A",6,6.99716454966172,9
"AL590560.35","AL590560.3",9,6.6010782076927,9
"TLR35","TLR3",1,6.76086339550361,9
"SAE15","SAE1",6,6.61609452415176,9
"KCNS35","KCNS3",4,5.17614626960792,9
"CCDC155","CCDC15",7,8.01587123645881,9
"DUSP155","DUSP15",9,7.96363448805004,9
"GINS25","GINS2",6,6.75883008801896,9
"MRGPRF5","MRGPRF",2,7.02439419521434,9
"PLD55","PLD5",3,6.20480865709132,9
"TMPRSS45","TMPRSS4",4,5.41367734960217,9
"SLAIN15","SLAIN1",2,5.99373088143867,9
"ST8SIA25","ST8SIA2",3,7.57470232959766,9
"ABCD15","ABCD1",4,6.0281800720413,9
"NUPR25","NUPR2",9,6.21795795195057,9
"PRKCA5","PRKCA",1,6.12815063733168,9
"CCL225","CCL22",2,7.58353183791986,9
"WASHC15","WASHC1",9,6.81957168034493,9
"SNORA755","SNORA75",8,11.056198176895,9
"CHEK25","CHEK2",6,7.27456512282216,9
"AC021504.15","AC021504.1",3,6.5559969420135,9
"DPP45","DPP4",5,6.33778088712587,9
"AL031282.15","AL031282.1",8,12.6737472445896,9
"PSMB8-AS15","PSMB8-AS1",1,8.8755344407335,9
"RCAN25","RCAN2",3,8.26913964593157,9
"RYR15","RYR1",6,6.00485772197912,9
"CBFA2T35","CBFA2T3",9,6.71185192037112,9
"PCLAF5","PCLAF",4,7.80007341844509,9
"TEAD45","TEAD4",6,6.58287333879009,9
"RBM115","RBM11",5,7.17146906906611,9
"AL078622.15","AL078622.1",8,6.86848894310836,9
"TPTEP15","TPTEP1",2,5.99905917243051,9
"C3orf705","C3orf70",2,6.09491993612331,9
"TLR25","TLR2",2,7.97066155975918,9
"NTRK25","NTRK2",5,9.05020104698808,9
"SLC2A65","SLC2A6",1,7.43621460887457,9
"GIMAP25","GIMAP2",1,8.30180858311471,9
"AC074141.15","AC074141.1",7,6.60991078679855,9
"SOX55","SOX5",3,7.12566806137281,9
"MCOLN35","MCOLN3",3,7.56872804617351,9
"ACKR35","ACKR3",1,4.82749103715007,9
"AC078799.15","AC078799.1",8,9.80997947704365,9
"BAIAP2L25","BAIAP2L2",6,7.06890987632679,9
"ETV15","ETV1",5,7.64257588385169,9
"RNU6-482P5","RNU6-482P",8,9.61193489868364,9
"CD163L15","CD163L1",7,5.3912789288195,9
"ENTPD35","ENTPD3",6,5.62985461641289,9
"AL355377.35","AL355377.3",9,5.65307969774243,9
"CCKBR5","CCKBR",6,9.66135191755637,9
"IQCN5","IQCN",2,6.74049352459118,9
"ADAMTS125","ADAMTS12",3,6.5874394871886,9
"CAND25","CAND2",6,6.69326695354387,9
"LRRIQ15","LRRIQ1",8,7.19209714794598,9
"LINC025625","LINC02562",5,5.26967162957044,9
"ALOX55","ALOX5",1,8.50042531062406,9
"BPIFB15","BPIFB1",9,5.58666904034506,9
"FAM207A5","FAM207A",6,6.65036425912389,9
"RGS115","RGS11",9,7.62234062358667,9
"TLCD15","TLCD1",6,6.38824782315874,9
"LRRK25","LRRK2",3,5.58626000545017,9
"ARHGAP285","ARHGAP28",2,6.50203935028713,9
"NRP25","NRP2",3,8.79306263550238,9
"LINC010605","LINC01060",3,7.54041803222582,9
"CCL285","CCL28",2,11.8735723188784,9
"SEMA5A5","SEMA5A",3,7.91207506642721,9
"SYT65","SYT6",7,7.63743189237959,9
"RUNX25","RUNX2",2,6.54986029585342,9
"KATNAL25","KATNAL2",6,7.50238748553982,9
"SNX205","SNX20",1,10.2450361021899,9
"TNFSF155","TNFSF15",1,6.13778738549726,9
"ZNF280B5","ZNF280B",1,7.15071613467781,9
"RARRES25","RARRES2",3,6.98614275230998,9
"LILRB55","LILRB5",2,6.02790638604014,9
"HPN5","HPN",7,7.47769380429249,9
"CCDC1685","CCDC168",3,6.03942895456555,9
"UBASH3B5","UBASH3B",1,6.70809721630602,9
"NPB5","NPB",1,6.42070888690055,9
"HSD3BP25","HSD3BP2",7,9.3732909407199,9
"MFAP3L5","MFAP3L",6,6.44394721348817,9
"LRMDA5","LRMDA",1,4.97614173236417,9
"ZIK15","ZIK1",5,5.15060623150906,9
"DHCR75","DHCR7",6,7.86419276392247,9
"NEGR15","NEGR1",3,7.92394307576111,9
"PGF5","PGF",3,7.86997510333023,9
"CDON5","CDON",9,11.1659041228073,9
"CXCL65","CXCL6",3,6.07886631297419,9
"CARD165","CARD16",1,9.01056155854902,9
"RHOJ5","RHOJ",3,7.64750886433963,9
"NLRP135","NLRP13",7,7.14919620321976,9
"MPP25","MPP2",9,7.2065657530705,9
"LINC019775","LINC01977",9,6.33245617626449,9
"ZNF4835","ZNF483",9,6.74228347238118,9
"CCDC1365","CCDC136",3,9.63244267333348,9
"RASGRF15","RASGRF1",7,6.14850575874072,9
"MMEL15","MMEL1",9,8.43698390138476,9
"CNTNAP35","CNTNAP3",2,7.03298629732212,9
"ARHGEF395","ARHGEF39",6,7.08042396895365,9
"XG5","XG",6,7.02761644449363,9
"TSKU5","TSKU",7,8.84800682458054,9
"MS4A145","MS4A14",5,6.65204584755927,9
"PITPNM25","PITPNM2",6,6.81681232771683,9
"C2orf27A5","C2orf27A",9,9.46669316878609,9
"ADAMTS25","ADAMTS2",3,9.08868758527955,9
"MYCL5","MYCL",6,5.71209149690915,9
"LILRB25","LILRB2",1,10.2430309872974,9
"LINC015245","LINC01524",3,6.78471685347443,9
"MSI15","MSI1",6,7.60846244722117,9
"ELAVL45","ELAVL4",9,6.02217418384036,9
"AC027031.25","AC027031.2",6,7.34165488717717,9
"XKR95","XKR9",6,7.13609781394946,9
"LRP45","LRP4",3,6.68210587479264,9
"AC106795.15","AC106795.1",6,5.11470146301354,9
"IGFBP65","IGFBP6",3,8.6220055579831,9
"MS4A185","MS4A18",7,9.06338883626749,9
"FAM124A5","FAM124A",6,5.85956389018562,9
"RDH105","RDH10",6,6.55232227828014,9
"AF131215.25","AF131215.2",8,8.86137488971396,9
"FBLN75","FBLN7",2,5.78346773375962,9
"RASSF25","RASSF2",1,7.12433049987696,9
"RAD54B5","RAD54B",6,7.35618945655351,9
"CIB25","CIB2",6,6.26377857016112,9
"DAPL15","DAPL1",9,7.65672241662765,9
"PDGFRA5","PDGFRA",5,6.98625607926713,9
"IDNK5","IDNK",9,5.5297451799403,9
"OVOL15","OVOL1",9,7.69732558543839,9
"ID35","ID3",1,7.04620910420371,9
"HMGN2P465","HMGN2P46",9,9.44199538044694,9
"IL155","IL15",1,9.48762320430621,9
"KIF195","KIF19",6,5.62624898198042,9
"MERTK5","MERTK",7,6.52723040186406,9
"INPP4B5","INPP4B",8,8.69212457392867,9
"SMAD65","SMAD6",3,6.69732396166354,9
"NR2F1-AS15","NR2F1-AS1",3,8.98855754518285,9
"GRIN2D5","GRIN2D",6,5.93005231107148,9
"ZNF7275","ZNF727",9,5.05024677344463,9
"AC096733.35","AC096733.3",9,7.69858260192762,9
"ASRGL15","ASRGL1",2,5.42332821370744,9
"AC096589.15","AC096589.1",5,7.08872209110981,9
"SLC1A25","SLC1A2",9,8.96176048016155,9
"NPL5","NPL",3,6.36278783301328,9
"MTND2P285","MTND2P28",6,6.35264814444423,9
"SASH35","SASH3",1,9.67798719135275,9
"ANXA2R5","ANXA2R",1,5.64037270643352,9
"AC104237.35","AC104237.3",2,6.9123854887794,9
"CACNB25","CACNB2",3,6.88814113632036,9
"THSD7A5","THSD7A",3,6.79705860802109,9
"SYTL45","SYTL4",9,10.8551927462391,9
"CCDC685","CCDC68",3,6.41665002616561,9
"UBA75","UBA7",9,8.37553836501127,9
"VANGL25","VANGL2",6,7.72421813564111,9
"AC090877.25","AC090877.2",7,8.95817286931239,9
"FAH5","FAH",7,7.95052719284814,9
"RNY15","RNY1",6,5.87803157519883,9
"NCF45","NCF4",1,7.9616060304825,9
"GABRB15","GABRB1",9,5.40555031916603,9
"AC021443.15","AC021443.1",8,6.1312069336374,9
"RAPGEF35","RAPGEF3",9,9.09936432039221,9
"AC015813.15","AC015813.1",8,8.74527763429658,9
"FOXP1-IT15","FOXP1-IT1",8,7.06243972579323,9
"CD3G5","CD3G",1,8.00583706050981,9
"RIPOR25","RIPOR2",3,5.85877380711615,9
"ALDH1L25","ALDH1L2",3,8.83553645957194,9
"PRKD15","PRKD1",5,7.3510368015195,9
"GPR137C5","GPR137C",6,6.19763675559751,9
"SLC4A115","SLC4A11",4,6.13470031576146,9
"ESCO25","ESCO2",4,7.14656656750225,9
"AL353622.15","AL353622.1",9,6.36509274391725,9
"CATSPERB5","CATSPERB",5,6.59043122189165,9
"DIRAS15","DIRAS1",6,8.48760879907466,9
"FER1L45","FER1L4",4,6.1598603127112,9
"AKAP55","AKAP5",9,7.89909371985836,9
"AL354707.15","AL354707.1",7,6.40064521522527,9
"NFATC15","NFATC1",3,5.98684666785031,9
"SNAI15","SNAI1",1,6.50068493472107,9
"ETNK25","ETNK2",4,5.80865408236366,9
"TIGIT5","TIGIT",1,10.0215968694983,9
"AC008556.15","AC008556.1",4,6.02838050815751,9
"PREX25","PREX2",2,7.67204737987833,9
"CD405","CD40",1,8.45577513597891,9
"NPNT5","NPNT",9,7.66862954995233,9
"BGN5","BGN",3,9.34911715767281,9
"FOXP25","FOXP2",2,6.50868381489061,9
"GPR1435","GPR143",9,6.25576991740285,9
"TTC345","TTC34",9,7.49850238741451,9
"AC016957.25","AC016957.2",9,8.28274456937989,9
"MT-TL25","MT-TL2",6,5.62154351973447,9
"LYPD55","LYPD5",6,7.07110128271399,9
"MYO1H5","MYO1H",6,5.47515738979514,9
"GPR1735","GPR173",3,7.17976844681052,9
"MTND3P125","MTND3P12",8,8.73067139748551,9
"AL449403.35","AL449403.3",2,8.28584725933808,9
"MSL3P15","MSL3P1",6,7.10897075486891,9
"ELOVL45","ELOVL4",3,7.21244692200996,9
"SERPINI15","SERPINI1",3,7.02766678973065,9
"ADAMTS35","ADAMTS3",6,5.3731224787421,9
"GLI25","GLI2",3,7.14747696158459,9
"NEXMIF5","NEXMIF",8,6.12186415616126,9
"HMGA1P45","HMGA1P4",9,7.3104675965931,9
"AL022323.35","AL022323.3",3,5.78830914032507,9
"FAM180A5","FAM180A",3,6.2685115394868,9
"SLC4A45","SLC4A4",8,6.60855455885936,9
"EFNB35","EFNB3",3,6.70098734341024,9
"STIL5","STIL",6,7.33776737072527,9
"SPC255","SPC25",6,8.71095142443658,9
"BPI5","BPI",6,9.19569045052078,9
"CPS15","CPS1",2,5.47269693473084,9
"CDH125","CDH12",3,5.84076798883235,9
"PURPL5","PURPL",8,7.92671255829234,9
"C1orf615","C1orf61",3,7.06223614990617,9
"ADAM195","ADAM19",1,7.64990943215884,9
"FAM110B5","FAM110B",9,6.91692526210753,9
"RNU6-958P5","RNU6-958P",8,11.160617073075,9
"C1orf1125","C1orf112",6,6.8428602985216,9
"POU3F25","POU3F2",6,5.55871599088133,9
"P3H35","P3H3",9,7.34499280172304,9
"RNF1505","RNF150",3,7.75942781828651,9
"DANT25","DANT2",3,7.31100823909028,9
"GYG25","GYG2",4,5.64414171539629,9
"MATN45","MATN4",6,7.86012858598693,9
"AP001062.15","AP001062.1",6,6.77401635669677,9
"CYP27B15","CYP27B1",5,6.59621710813649,9
"PXDNL5","PXDNL",6,8.23595405669635,9
"H3C85","H3C8",4,6.42463486776414,9
"RNY1P165","RNY1P16",9,6.27291112453663,9
"FCGR3A5","FCGR3A",1,9.62229544143138,9
"POLD25","POLD2",6,6.02334430212689,9
"TLCD3A5","TLCD3A",6,7.3387896195215,9
"PHEX5","PHEX",7,5.18055185035201,9
"MMP175","MMP17",4,6.93899806347215,9
"MIR497HG5","MIR497HG",3,7.36301730507841,9
"DNMT3B5","DNMT3B",4,7.84373699788644,9
"IKZF15","IKZF1",1,8.4818195087224,9
"MICB5","MICB",1,8.16591221097768,9
"CYP39A15","CYP39A1",6,6.8531969832873,9
"PFKP5","PFKP",1,6.1336346862574,9
"SAMSN15","SAMSN1",1,10.01628709432,9
"CCDC1635","CCDC163",6,5.61926727953816,9
"AP002387.25","AP002387.2",6,6.8659468510783,9
"TMEM2045","TMEM204",3,6.64762284592465,9
"FNDC105","FNDC10",4,6.75584978488065,9
"AC069228.15","AC069228.1",9,5.00321482636858,9
"CENPO5","CENPO",6,7.65108149590904,9
"ADCY75","ADCY7",2,5.92905089329501,9
"PHLDA25","PHLDA2",4,6.40654223642918,9
"TXLNB5","TXLNB",9,6.78290984761518,9
"PLLP5","PLLP",2,8.94313280831467,9
"LONRF25","LONRF2",9,8.1469058996481,9
"SYN25","SYN2",3,6.37455892595273,9
"LIMD25","LIMD2",1,6.89277578073627,9
"JAK35","JAK3",1,8.26207002584749,9
"ERAP25","ERAP2",2,7.02723651991547,9
"PALM35","PALM3",9,6.10988414522782,9
"RASAL35","RASAL3",1,7.75869147711958,9
"AP003306.15","AP003306.1",5,10.1481076932656,9
"AP000547.35","AP000547.3",7,5.95319625324594,9
"HAND2-AS15","HAND2-AS1",3,8.26347159016677,9
"KIF3C5","KIF3C",6,7.73949999339082,9
"AC103740.15","AC103740.1",3,6.06453513291749,9
"COL5A25","COL5A2",3,9.01540261276527,9
"SERPINB25","SERPINB2",6,7.56540206841821,9
"SOX1-OT5","SOX1-OT",6,5.55778237115536,9
"AL441992.25","AL441992.2",7,6.22038101637857,9
"MDH1B5","MDH1B",5,5.82179842273738,9
"CCDC144CP5","CCDC144CP",3,5.72041172336641,9
"LINC008395","LINC00839",6,6.38203071663673,9
"SERPINB55","SERPINB5",6,7.3111496033258,9
"SULT4A15","SULT4A1",6,7.96622605470198,9
"PLA2G4F5","PLA2G4F",9,6.46189632916801,9
"ULBP35","ULBP3",6,6.2556566253566,9
"FZD55","FZD5",2,5.81560857374279,9
"AL590004.35","AL590004.3",6,7.22469986097803,9
"DCTN1-AS15","DCTN1-AS1",9,6.57418047932891,9
"CD2485","CD248",3,8.85211526386521,9
"GALNT155","GALNT15",2,7.34792488837893,9
"AC083843.45","AC083843.4",5,7.18575387259684,9
"PET1005","PET100",6,6.18913224448107,9
"ABI3BP5","ABI3BP",2,7.2300172504399,9
"HERC2P25","HERC2P2",2,6.00625626440478,9
"AC005899.75","AC005899.7",9,6.6133908526374,9
"FGR5","FGR",1,9.16547033576516,9
"AC015712.65","AC015712.6",2,8.69637655751492,9
"CCDC1735","CCDC173",9,7.54225476571115,9
"MEX3B5","MEX3B",6,7.24704496136062,9
"PROS15","PROS1",3,6.80869795065485,9
"GLA5","GLA",9,10.1929587817581,9
"CASC85","CASC8",2,8.58470689513285,9
"PLAC85","PLAC8",2,6.8180183607173,9
"FCHSD15","FCHSD1",3,5.82640210195152,9
"WDR935","WDR93",9,8.94004388150448,9
"DOCK115","DOCK11",1,6.50791615557991,9
"HLF5","HLF",2,7.9109479079504,9
"ATF7IP25","ATF7IP2",9,5.44890948924685,9
"AL080317.15","AL080317.1",8,8.20076905960602,9
"TRPC15","TRPC1",3,7.92479514852718,9
"PCDHB45","PCDHB4",8,6.21458121558685,9
"KIT5","KIT",2,12.2984061383587,9
"NUDT19P55","NUDT19P5",9,6.79981140747692,9
"KCNQ15","KCNQ1",9,6.14650740097589,9
"BAK15","BAK1",6,6.03309639001451,9
"KLRD15","KLRD1",2,5.75091728751405,9
"ZC4H25","ZC4H2",6,6.16411039785207,9
"DISC1FP15","DISC1FP1",7,6.59868182670541,9
"AFAP1L25","AFAP1L2",5,7.12127565427366,9
"HLA-DQA15","HLA-DQA1",1,11.8490040325539,9
"SNORA385","SNORA38",8,8.42533241355992,9
"PRSS165","PRSS16",6,6.64143575707587,9
"SEMA3E5","SEMA3E",8,7.65389634372976,9
"ADAMTS95","ADAMTS9",3,7.32265039286069,9
"TPST15","TPST1",3,6.94570948158461,9
"GEM5","GEM",3,7.41285722492381,9
"FBXL135","FBXL13",8,7.44197325972918,9
"ADORA2B5","ADORA2B",6,5.56544736969855,9
"GPC65","GPC6",3,6.78584064898559,9
"FBXL75","FBXL7",3,5.91511227594984,9
"RRS1-AS15","RRS1-AS1",9,5.97225931237168,9
"MPEG15","MPEG1",1,7.77213017643708,9
"NRARP5","NRARP",6,5.82336582025729,9
"KLHL36","KLHL3",9,6.1772876949752,9
"MBNL1-AS15","MBNL1-AS1",6,7.15802985508478,9
"ACTG25","ACTG2",2,5.874077868607,9
"PGPEP1L5","PGPEP1L",7,7.00841858729635,9
"CSPG55","CSPG5",6,6.14044513564421,9
"TMEM615","TMEM61",2,6.07190377998222,9
"EGOT5","EGOT",9,7.73029575050189,9
"SERPINF25","SERPINF2",5,6.68912131869417,9
"PCDHB75","PCDHB7",6,5.45188797088051,9
"PDE3B5","PDE3B",1,7.29381922116409,9
"AL512274.15","AL512274.1",2,5.84135240101606,9
"PLCH25","PLCH2",9,7.19146405439661,9
"TMEM1565","TMEM156",9,6.68616481470035,9
"MCUB5","MCUB",1,6.5600058587938,9
"RASSF45","RASSF4",1,9.11619542750989,9
"ATAD3C5","ATAD3C",5,5.57108963932709,9
"ADGRV15","ADGRV1",8,6.9140614758285,9
"TGFB1I15","TGFB1I1",3,8.84730029351852,9
"ZYG11A5","ZYG11A",4,6.17948010521236,9
"KRT805","KRT80",5,8.04472466006092,9
"ALDH1B15","ALDH1B1",1,6.31000290162998,9
"AC090206.15","AC090206.1",9,6.37962196475212,9
"GDPD55","GDPD5",6,7.27687910463593,9
"C25","C2",1,8.03720520257337,9
"AL122125.15","AL122125.1",5,6.50347307006282,9
"AC246817.25","AC246817.2",3,6.38267303533318,9
"FAM66D5","FAM66D",3,7.22120519497159,9
"REC85","REC8",1,7.03105425479041,9
"GXYLT25","GXYLT2",3,7.06272125156734,9
"SMPDL3A5","SMPDL3A",7,7.06782007209881,9
"FANCE5","FANCE",6,7.99529602933293,9
"FUT45","FUT4",1,6.09841226167041,9
"AL356534.15","AL356534.1",3,5.50987054597858,9
"KCNK155","KCNK15",5,7.10541859317328,9
"LRRC365","LRRC36",7,5.94735088926721,9
"NEIL35","NEIL3",6,7.69015981527767,9
"PODNL15","PODNL1",5,8.42219055882486,9
"AC048341.25","AC048341.2",5,6.35125568815945,9
"LINC025155","LINC02515",8,6.45581351409719,9
"NKX1-25","NKX1-2",6,8.24518576920271,9
"GPR395","GPR39",9,5.99653157564554,9
"LPAR15","LPAR1",2,6.59317428406288,9
"SLC51A5","SLC51A",4,7.10987305093323,9
"ZNF985","ZNF98",6,6.45678967602513,9
"AP000487.15","AP000487.1",6,5.86110265956272,9
"SALL25","SALL2",9,8.85431194047313,9
"CNTNAP3B5","CNTNAP3B",2,6.11034207064977,9
"SHISA95","SHISA9",9,6.39137546550743,9
"EFCAB135","EFCAB13",8,6.14945909834381,9
"TNFRSF1B5","TNFRSF1B",1,10.3425534594472,9
"DIPK1A5","DIPK1A",9,6.38858863883395,9
"CNKSR25","CNKSR2",3,5.75162804403765,9
"TCAF15","TCAF1",9,6.76191935411795,9
"BCL2L145","BCL2L14",1,7.00333654278275,9
"TRIM555","TRIM55",8,5.48436926512331,9
"PCDH175","PCDH17",3,6.21241120242563,9
"AL365181.25","AL365181.2",9,5.79875862328753,9
"EME15","EME1",6,7.37405948910916,9
"LINC023895","LINC02389",7,7.41960048158303,9
"DOCK8-AS15","DOCK8-AS1",9,5.05008870617806,9
"WFDC25","WFDC2",5,9.77523637084247,9
"PDPN5","PDPN",3,7.89145980009284,9
"CYP4F125","CYP4F12",8,6.57482439481681,9
"ERG5","ERG",3,8.07157053846349,9
"SLC13A35","SLC13A3",6,6.29107504563106,9
"SLC1A65","SLC1A6",6,5.59772133377671,9
"SRSF125","SRSF12",6,8.11529885131038,9
"NID25","NID2",3,6.28706252835189,9
"AP002761.45","AP002761.4",5,8.0212938369461,9
"KCNJ65","KCNJ6",3,5.15240212134656,9
"FRMD6-AS15","FRMD6-AS1",9,6.53133581922257,9
"RGS55","RGS5",8,6.0246018769635,9
"ADAM325","ADAM32",2,7.38033533249148,9
"CLEC2B5","CLEC2B",1,8.02924363058961,9
"HERC65","HERC6",1,6.72353846078898,9
"GLIPR1L25","GLIPR1L2",9,7.74788761345866,9
"PLCG25","PLCG2",2,6.76572076086577,9
"RTKN25","RTKN2",6,7.56183682621113,9
"CDC25A5","CDC25A",6,8.66013712443062,9
"AL356740.15","AL356740.1",5,5.75868264878316,9
"AL499602.15","AL499602.1",7,5.44496541660452,9
"PKHD15","PKHD1",9,6.59124149085808,9
"RTL55","RTL5",5,5.61205406576396,9
"VWF5","VWF",3,6.06440689946736,9
"TMOD15","TMOD1",1,6.53126299490359,9
"ITGAL5","ITGAL",1,9.34850222548516,9
"HCP55","HCP5",1,11.144943657194,9
"AL160000.15","AL160000.1",8,8.5171483387763,9
"EIF4H5","EIF4H",9,6.18934993133429,9
"SLC6A85","SLC6A8",6,7.68691497546629,9
"AL031058.15","AL031058.1",6,7.59067769986737,9
"RBM245","RBM24",9,8.05410693123189,9
"LEFTY25","LEFTY2",6,7.9711170142852,9
"SUV39H25","SUV39H2",6,7.6936061347172,9
"CARMN5","CARMN",2,7.64527686981312,9
"AC007114.25","AC007114.2",8,14.2685084845421,9
"LRRC37A4P5","LRRC37A4P",2,6.67390295989375,9
"SGIP15","SGIP1",3,8.66462389501343,9
"SLCO2A15","SLCO2A1",5,5.34265375063052,9
"SH2D2A5","SH2D2A",1,6.94247891745271,9
"ANKDD1A5","ANKDD1A",3,6.47955019739082,9
"SCN8A5","SCN8A",5,5.95094149405439,9
"GALNT185","GALNT18",1,7.51710447029903,9
"FSTL45","FSTL4",9,5.64363118671991,9
"ADCY45","ADCY4",3,4.89524885829769,9
"ANKRD33B5","ANKRD33B",1,8.99294287857486,9
"SLC16A75","SLC16A7",3,6.3932784290279,9
"PSRC15","PSRC1",6,7.4522641203479,9
"TBX25","TBX2",3,7.63597674137386,9
"SLC8A1-AS15","SLC8A1-AS1",9,5.93069662943507,9
"AC016582.35","AC016582.3",9,6.66865780140787,9
"SOBP5","SOBP",3,9.44498572795612,9
"PCDH95","PCDH9",3,6.82251516322109,9
"SDK25","SDK2",3,7.70208363974656,9
"IRF55","IRF5",1,6.83694410784903,9
"SLIT35","SLIT3",2,8.34865515766882,9
"TDRD55","TDRD5",6,7.68463910760042,9
"PLEKHH25","PLEKHH2",2,7.39091642290406,9
"PDE6B5","PDE6B",9,7.69022555490288,9
"AC093908.15","AC093908.1",3,7.84168553737475,9
"FAM177B5","FAM177B",3,6.4565675298015,9
"AP003117.15","AP003117.1",3,5.9240379862031,9
"SLCO4A15","SLCO4A1",6,6.82529921528538,9
"ARHGEF385","ARHGEF38",5,6.28378813358306,9
"VEGFC5","VEGFC",5,5.48784155048562,9
"XAGE25","XAGE2",6,7.317445415254,9
"HAP15","HAP1",3,7.97746160492756,9
"BEX55","BEX5",9,6.64255174058987,9
"LRFN15","LRFN1",6,7.7424332607079,9
"AL391422.45","AL391422.4",6,6.93783407404408,9
"TGFB35","TGFB3",5,6.83931332785313,9
"SNCA5","SNCA",2,5.52133850224576,9
"CLUL15","CLUL1",6,6.01753193385116,9
"TPH15","TPH1",6,5.17094547464317,9
"TMEM1215","TMEM121",9,6.32840855964902,9
"AC244517.15","AC244517.1",6,5.42426106751806,9
"HUNK5","HUNK",3,6.8274336992954,9
"CMTM55","CMTM5",3,6.59642259472234,9
"TBX155","TBX15",2,7.21315949937913,9
"ARHGAP95","ARHGAP9",1,7.84259282745581,9
"LINC014115","LINC01411",9,8.77254454598309,9
"AXIN25","AXIN2",9,6.73681542092329,9
"EGR25","EGR2",2,6.9758577771464,9
"ZNF7265","ZNF726",4,6.78567726964357,9
"LINC023345","LINC02334",2,5.43146746593472,9
"ACHE5","ACHE",2,6.09684095206821,9
"SLCO2B15","SLCO2B1",1,8.26720363919147,9
"HAMP5","HAMP",1,6.96927620536223,9
"BTC5","BTC",5,6.3367802703038,9
"MIR17HG5","MIR17HG",2,6.38502495885646,9
"H2BC155","H2BC15",7,6.05213640523088,9
"PRODH5","PRODH",4,6.4533539319679,9
"RN7SL15","RN7SL1",4,6.69268628797381,9
"AL365209.15","AL365209.1",9,6.33166506291132,9
"TBXAS15","TBXAS1",9,6.50444776386074,9
"NTM5","NTM",3,6.30183405159393,9
"SLA5","SLA",1,9.44868711482827,9
"APLNR5","APLNR",3,6.28675197755936,9
"MUC3A5","MUC3A",2,6.49616768481226,9
"EPHA105","EPHA10",9,7.36043136846769,9
"CTF15","CTF1",2,5.91698006190335,9
"TEDC25","TEDC2",6,7.48400148261118,9
"NLRC55","NLRC5",1,10.4697485873218,9
"ZNF3655","ZNF365",5,7.58528186567083,9
"PTGER45","PTGER4",8,5.74543269453089,9
"MLXIPL5","MLXIPL",9,6.55657729413646,9
"STOX15","STOX1",9,7.76392959930695,9
"PKN35","PKN3",2,6.34438876972909,9
"HIC15","HIC1",2,7.73559512915308,9
"SOX105","SOX10",2,8.12096361458167,9
"Z97200.15","Z97200.1",3,8.64755746445864,9
"SLIT25","SLIT2",2,8.17422449654464,9
"TEX305","TEX30",6,6.80266792656168,9
"LINC012385","LINC01238",9,6.37537896538222,9
"RASGEF1C5","RASGEF1C",2,7.83069392742854,9
"AC246817.15","AC246817.1",3,6.46746796302379,9
"GNG115","GNG11",3,6.99727418615803,9
"NXN5","NXN",6,7.06634939713604,9
"POC1A5","POC1A",6,7.11064566861748,9
"GUCY1B25","GUCY1B2",6,7.05669561509345,9
"HBEGF5","HBEGF",1,6.71411952180005,9
"TRPC65","TRPC6",3,6.41359929698487,9
"ARHGEF26-AS15","ARHGEF26-AS1",6,7.79944323523864,9
"ZSCAN315","ZSCAN31",7,7.26138390844751,9
"ITGAM5","ITGAM",1,8.75456925358103,9
"GMFG5","GMFG",1,9.15844245236631,9
"COL24A15","COL24A1",9,6.14278320911289,9
"CD65","CD6",1,7.92476178426604,9
"RHOF5","RHOF",1,7.75730046230113,9
"SORCS15","SORCS1",3,6.49505243082773,9
"CALML3-AS15","CALML3-AS1",5,5.59270898261529,9
"BANK15","BANK1",3,6.01777696771722,9
"AC011611.45","AC011611.4",2,6.59865910687754,9
"ESYT35","ESYT3",3,6.41327863222622,9
"RGS95","RGS9",1,6.55844646455667,9
"SILC15","SILC1",4,6.21011456395188,9
"EFCAB16","EFCAB1",2,7.0279304820892,9
"FAM24B5","FAM24B",6,5.79097562333195,9
"EFNA35","EFNA3",4,7.26986728966318,9
"AL109976.15","AL109976.1",3,6.43640602782752,9
"FOXO6-AS15","FOXO6-AS1",9,8.76401013967906,9
"NRGN5","NRGN",5,6.89891660794169,9
"MN15","MN1",3,5.8528170843782,9
"ST8SIA15","ST8SIA1",2,7.75882188902815,9
"COL5A35","COL5A3",3,8.25947594052813,9
"CSNK2A35","CSNK2A3",8,10.5907217453421,9
"HIF3A5","HIF3A",2,7.407337051259,9
"AL354740.15","AL354740.1",8,15.6458727249432,9
"AC097634.15","AC097634.1",3,5.88971687813229,9
"GRAMD1B5","GRAMD1B",5,6.9944792746357,9
"LINC027625","LINC02762",6,6.45472540664886,9
"P2RY105","P2RY10",1,8.12380383285022,9
"AC011447.75","AC011447.7",6,6.40758112244314,9
"CTXN15","CTXN1",6,7.92154809219048,9
"COL6A65","COL6A6",2,9.24700691107586,9
"ANKHD1-EIF4EBP35","ANKHD1-EIF4EBP3",9,6.21138786365999,9
"KIAA12575","KIAA1257",9,7.42020705856778,9
"CASC195","CASC19",3,6.483301423521,9
"LINC013415","LINC01341",9,8.18224753946566,9
"SCN9A5","SCN9A",3,8.4284657496439,9
"RAPGEF45","RAPGEF4",3,6.86950065791381,9
"C8orf37-AS15","C8orf37-AS1",7,7.05096405156295,9
"ARHGAP65","ARHGAP6",3,6.53239651785918,9
"LINC025605","LINC02560",2,6.38070246901649,9
"CPNE85","CPNE8",3,5.00858361195522,9
"MYB5","MYB",9,11.8136029305579,9
"CENPU5","CENPU",6,7.41545992731449,9
"RAMP25","RAMP2",9,9.84918120287759,9
"HOXC105","HOXC10",4,6.80459992215212,9
"FOXP4-AS15","FOXP4-AS1",6,9.76134027419539,9
"SOWAHB5","SOWAHB",9,6.84156414922414,9
"FAM216A5","FAM216A",6,6.14147829838442,9
"UNC13D5","UNC13D",5,5.9078605941678,9
"LINC019945","LINC01994",9,6.07942464504003,9
"PIK3CD5","PIK3CD",1,8.02562488634552,9
"TBX195","TBX19",6,7.87261153635098,9
"RASGRP35","RASGRP3",2,7.36431710557819,9
"CPED15","CPED1",3,6.51126660465035,9
"KCNMB15","KCNMB1",3,6.8786763948394,9
"FLT45","FLT4",2,5.72350540722852,9
"AC010136.15","AC010136.1",2,5.22899648516444,9
"BX284668.55","BX284668.5",9,6.27406789709245,9
"CLCN55","CLCN5",6,7.14985746219397,9
"AC103760.15","AC103760.1",9,6.78417720118306,9
"GPR885","GPR88",5,5.89645341198171,9
"AC005674.25","AC005674.2",2,6.58706949348494,9
"CABP45","CABP4",9,7.19106394279199,9
"ZNF3005","ZNF300",5,5.86091219850881,9
"AL390719.15","AL390719.1",5,6.58594027067783,9
"ANKRD36B5","ANKRD36B",8,6.90384880234966,9
"PREX15","PREX1",9,10.7671172354437,9
"PRRG15","PRRG1",6,6.24910654497924,9
"PDCD2L5","PDCD2L",6,6.66064557990923,9
"EIF5A5","EIF5A",6,6.08261808453453,9
"AC084740.15","AC084740.1",9,9.22824206828039,9
"GIMAP65","GIMAP6",1,7.82995130068971,9
"ADAMTSL45","ADAMTSL4",1,7.06915102040442,9
"AC127024.45","AC127024.4",9,5.26604290080944,9
"EEPD15","EEPD1",2,7.78803628808618,9
"GPR89A5","GPR89A",6,7.12576230292409,9
"SLC29A45","SLC29A4",6,7.90483753015203,9
"NLRP16","NLRP1",1,6.85104476643363,9
"FCMR5","FCMR",1,6.62611702217361,9
"STMN25","STMN2",8,6.79344429898331,9
"PAX25","PAX2",5,5.69830318441062,9
"SLC9A55","SLC9A5",7,5.52297025308257,9
"PART15","PART1",6,6.70795466031313,9
"PAQR55","PAQR5",6,7.99752069082889,9
"SRPX25","SRPX2",5,5.60798967455938,9
"LGALS25","LGALS2",1,7.51407987562917,9
"AL021578.15","AL021578.1",2,5.74500831539411,9
"SCARNA55","SCARNA5",8,10.1476071192507,9
"DYNLRB25","DYNLRB2",5,6.97508115937907,9
"SKAP15","SKAP1",9,8.24275264145826,9
"AC027117.15","AC027117.1",2,5.75202452393255,9
"EPDR15","EPDR1",3,5.32734805682432,9
"C5orf495","C5orf49",9,8.51865520961346,9
"CHIC15","CHIC1",9,6.19986214695396,9
"COL4A45","COL4A4",2,5.1570928270046,9
"PCED1B-AS15","PCED1B-AS1",1,7.04145846284107,9
"P4HTM5","P4HTM",9,7.93065029039892,9
"RPP255","RPP25",6,6.00621878018349,9
"RGL35","RGL3",5,5.94479615818036,9
"ENPP55","ENPP5",9,7.34558287747922,9
"SYNC5","SYNC",9,8.29510569127851,9
"MAP65","MAP6",2,5.9831280182253,9
"TMEM2205","TMEM220",2,7.6605090235533,9
"HTR1F5","HTR1F",9,6.82145781933433,9
"PRSS225","PRSS22",5,5.92298392118852,9
"AC008875.35","AC008875.3",1,5.9008059757182,9
"AC091544.45","AC091544.4",9,6.52688957419421,9
"APOL15","APOL1",1,9.99538544723977,9
"SOCS15","SOCS1",1,8.83297346408548,9
"TTLL95","TTLL9",9,7.119857323349,9
"GPC45","GPC4",9,6.53148811768504,9
"AMER15","AMER1",6,8.06239385095149,9
"GNAO15","GNAO1",9,6.37223329323964,9
"TSPY26P5","TSPY26P",9,6.63992443860641,9
"NKD15","NKD1",3,5.99890352929348,9
"AC087854.15","AC087854.1",9,8.12746694260869,9
"CELF55","CELF5",2,7.84237447387744,9
"UGT2B286","UGT2B28",8,18.2805625135091,10
"UGT2B116","UGT2B11",8,17.6114677617264,10
"DHRS26","DHRS2",8,16.5335153810959,10
"AKR1B156","AKR1B15",8,17.3367214144831,10
"GSTM56","GSTM5",8,17.9550816462841,10
"FDCSP6","FDCSP",1,14.7565592862453,10
"C6orf2236","C6orf223",8,16.6035773422341,10
"ACSM16","ACSM1",8,16.7287026013884,10
"HPGD6","HPGD",8,15.4393073581827,10
"HMGCS26","HMGCS2",8,14.7703225259103,10
"PGC6","PGC",8,12.9840992043295,10
"ABCC116","ABCC11",8,13.8861912791552,10
"CSN36","CSN3",6,8.35155657124711,10
"AKR1C26","AKR1C2",8,15.1363059407264,10
"ALOX15B6","ALOX15B",8,14.2343484497471,10
"CPB16","CPB1",4,13.0813767408195,10
"PRAME6","PRAME",6,10.5321343773192,10
"SERHL26","SERHL2",8,14.091956295151,10
"S100A76","S100A7",3,11.3241768234496,10
"TFF16","TFF1",4,15.9525032156259,10
"AKR1D16","AKR1D1",8,15.8809961844293,10
"S100P6","S100P",7,10.0871765733545,10
"LINC025226","LINC02522",8,15.6428737844245,10
"PNLIPRP36","PNLIPRP3",8,15.0392875910122,10
"SLC26A36","SLC26A3",8,13.9844653523432,10
"SULT1C2P16","SULT1C2P1",8,12.6731096621351,10
"CYP2B7P6","CYP2B7P",8,10.6993127796309,10
"LINC021696","LINC02169",8,15.3192198001485,10
"SPINK86","SPINK8",8,12.9793322954808,10
"TAT6","TAT",4,8.50019737674743,10
"LBP6","LBP",8,10.4581452925288,10
"IGHA26","IGHA2",9,12.5548221654537,10
"LALBA6","LALBA",1,6.79527732782374,10
"CXCL136","CXCL13",3,8.56614836597088,10
"TSPAN86","TSPAN8",8,10.2976849961337,10
"OPRPN6","OPRPN",2,12.6947221765495,10
"LINC010886","LINC01088",8,14.5822087410252,10
"LINC010876","LINC01087",4,16.6243644533662,10
"CRISP36","CRISP3",3,12.2908806970091,10
"LINC023036","LINC02303",8,11.8241884715316,10
"HPD6","HPD",8,14.4978899791667,10
"IGHG16","IGHG1",9,10.7827171504003,10
"CXCL106","CXCL10",1,17.4846593650094,10
"MUCL16","MUCL1",8,10.1222513195816,10
"LINC024876","LINC02487",6,14.3468688987069,10
"SORD6","SORD",8,14.8615259997633,10
"KCNC26","KCNC2",4,15.0353100033098,10
"FABP76","FABP7",8,9.6634802661311,10
"LINC006246","LINC00624",8,14.3363116666222,10
"IGHG46","IGHG4",9,10.8617053347782,10
"CHST17","CHST1",8,11.5090365242914,10
"PIP6","PIP",8,10.9365428757068,10
"ABCC126","ABCC12",8,13.1663888265669,10
"PTHLH6","PTHLH",10,13.8398594425307,10
"SERHL7","SERHL",8,13.0577393188224,10
"GLRA36","GLRA3",4,12.4211598866156,10
"THRSP6","THRSP",8,10.1647104545134,10
"MTND3P196","MTND3P19",9,4.56948655817761,10
"MYOM26","MYOM2",8,14.2670356803928,10
"MUC66","MUC6",10,7.5436897567949,10
"SCGB1A16","SCGB1A1",8,9.57624413733151,10
"CLCA26","CLCA2",8,8.81006055517335,10
"AC122713.26","AC122713.2",8,14.7841310556745,10
"WIF16","WIF1",10,11.9514834748824,10
"CSN1S16","CSN1S1",9,7.12240217923553,10
"EN16","EN1",6,10.8412382701051,10
"IGHM6","IGHM",9,15.0310968574915,10
"DDC6","DDC",8,12.9400638049796,10
"CYP4Z16","CYP4Z1",2,10.6883225487134,10
"LINC015116","LINC01511",8,13.2837745338505,10
"MTND1P236","MTND1P23",7,6.51526072819779,10
"S100A86","S100A8",3,10.9948917355516,10
"UCHL16","UCHL1",1,8.97073937466189,10
"AL033397.26","AL033397.2",8,14.5135793055036,10
"MSLN6","MSLN",6,8.97657380927638,10
"CPHL1P6","CPHL1P",8,10.4097016707952,10
"SOX116","SOX11",6,10.0613500178546,10
"AC092069.16","AC092069.1",5,20.707196147761,10
"TFPI26","TFPI2",4,14.1455838090655,10
"TFF36","TFF3",4,12.1717791938907,10
"CDH196","CDH19",5,7.53845492666691,10
"CXCL96","CXCL9",1,14.765025010914,10
"ARHGAP366","ARHGAP36",4,10.5725357022231,10
"ABCA126","ABCA12",8,10.6292769908777,10
"IGHA16","IGHA1",9,17.0881136751916,10
"LINC016676","LINC01667",6,8.94963206861479,10
"HORMAD16","HORMAD1",6,10.6793782147483,10
"ALB6","ALB",2,7.67664101789405,10
"AC092071.16","AC092071.1",4,9.21214600015009,10
"AC092325.16","AC092325.1",8,14.0747834288954,10
"SCGB1D26","SCGB1D2",2,11.8281584192521,10
"ART36","ART3",6,10.6969876132692,10
"OLFM46","OLFM4",9,9.99778912087129,10
"ENPP36","ENPP3",8,11.212371194662,10
"SERPINA66","SERPINA6",4,15.1236057305071,10
"CALML56","CALML5",6,10.1703684782672,10
"ADGRD26","ADGRD2",10,14.6298081561022,10
"AGR36","AGR3",4,14.4528366880442,10
"DSG16","DSG1",6,9.54187313837276,10
"HLA-DRB56","HLA-DRB5",1,5.34503243817426,10
"KIF1A6","KIF1A",6,8.8828150049484,10
"IGLC26","IGLC2",9,12.8450158092887,10
"TCN16","TCN1",2,16.6077421229517,10
"PLA2G2A6","PLA2G2A",3,9.80257355626875,10
"CLEC3A6","CLEC3A",4,8.58701490415542,10
"PIGR6","PIGR",9,17.2452272802555,10
"NXPH46","NXPH4",8,8.8668090471541,10
"SCGB2A16","SCGB2A1",2,11.3273916065128,10
"IGSF16","IGSF1",4,9.86905718063014,10
"SDR16C56","SDR16C5",8,10.2888189738843,10
"MUC166","MUC16",1,10.5671658875785,10
"CXCL176","CXCL17",3,9.98695324974152,10
"AC008440.16","AC008440.1",5,18.5414062240751,10
"ACADL6","ACADL",8,12.3837443088313,10
"FIBCD16","FIBCD1",8,13.282231029784,10
"SIX36","SIX3",6,12.3223648524357,10
"CYP2A66","CYP2A6",4,8.97845285808861,10
"SCUBE36","SCUBE3",7,8.6626692438717,10
"PCAT186","PCAT18",8,11.5780706671925,10
"BMPR1B6","BMPR1B",4,13.4640823569611,10
"CNTNAP26","CNTNAP2",8,10.5418583946995,10
"GJB16","GJB1",8,11.391491278223,10
"CDKN2A6","CDKN2A",1,11.3496824417628,10
"RBM206","RBM20",8,10.8362001613134,10
"CITED16","CITED1",4,12.7447337018346,10
"SCGB3A16","SCGB3A1",9,11.1865629814851,10
"GFRA16","GFRA1",4,15.0376146275988,10
"MUC5B6","MUC5B",6,10.4932120709732,10
"AL157387.16","AL157387.1",5,10.1923477457658,10
"CALB26","CALB2",6,10.9956139573855,10
"NPY2R6","NPY2R",4,9.90209253768918,10
"FABP46","FABP4",9,13.5529569835395,10
"AC008736.16","AC008736.1",8,12.7992662658474,10
"HBB6","HBB",9,10.1403153826467,10
"CYP4Z2P6","CYP4Z2P",8,10.3792873383826,10
"ST8SIA6-AS16","ST8SIA6-AS1",8,9.43669337405731,10
"CLIC66","CLIC6",4,9.07668733067315,10
"CYP4F86","CYP4F8",3,7.06721106105432,10
"IDO16","IDO1",1,15.6205915814417,10
"SBSN6","SBSN",6,9.31620819787479,10
"SCGB2A26","SCGB2A2",2,13.4694932970127,10
"FCN26","FCN2",8,13.6142223741578,10
"SLC27A26","SLC27A2",8,11.5963908323461,10
"POTEKP6","POTEKP",4,15.812078181739,10
"GSTA16","GSTA1",6,9.23207324458454,10
"LCAL16","LCAL1",8,11.922406638189,10
"CXCL116","CXCL11",1,15.0325117287807,10
"MMP96","MMP9",1,10.3875171444885,10
"ALKAL26","ALKAL2",9,11.2039444334778,10
"ME16","ME1",8,12.0997823070624,10
"LINC014366","LINC01436",1,10.5051929753353,10
"AC096996.26","AC096996.2",8,12.7718583598716,10
"KLK116","KLK11",6,9.3871540135292,10
"ODAM6","ODAM",1,9.0578017721048,10
"SCGN6","SCGN",8,12.4461028169829,10
"LY6D6","LY6D",1,7.8348129399591,10
"PPEF16","PPEF1",8,13.0051019927856,10
"SLC15A16","SLC15A1",6,9.58991098554217,10
"PLAC9P16","PLAC9P1",4,10.5590368494205,10
"AFP6","AFP",10,7.56632407229793,10
"AC025062.36","AC025062.3",8,13.3884054652298,10
"PI36","PI3",2,8.15925296347576,10
"KCNE46","KCNE4",4,10.2375344774584,10
"LINC009936","LINC00993",4,11.6517301214923,10
"COL2A16","COL2A1",7,9.97739645425789,10
"PON36","PON3",8,11.8222172627287,10
"SULT1C36","SULT1C3",8,14.3693741709267,10
"KYNU6","KYNU",8,10.3944036796705,10
"NPY1R6","NPY1R",6,10.7750638205742,10
"CRABP16","CRABP1",6,11.6190662611617,10
"TMEM161BP16","TMEM161BP1",4,9.89789088608719,10
"PIEZO26","PIEZO2",4,12.7099593485928,10
"SHISA26","SHISA2",2,13.8984360290255,10
"A2ML16","A2ML1",6,8.84730303690513,10
"UBE2C6","UBE2C",6,8.71957557801844,10
"EREG6","EREG",10,11.2521006024246,10
"MTND3P106","MTND3P10",5,4.84108509656673,10
"NCCRP16","NCCRP1",6,7.71812002007556,10
"AC024940.26","AC024940.2",1,8.16009234020166,10
"MRPS30-DT6","MRPS30-DT",4,13.2382490275316,10
"MYBPC16","MYBPC1",8,9.28934924165218,10
"LINC022666","LINC02266",8,12.3623522958122,10
"KRT816","KRT81",2,10.8294810098507,10
"CTHRC16","CTHRC1",7,14.1994626272923,10
"SIGLEC156","SIGLEC15",5,7.25519877946628,10
"AQP56","AQP5",6,10.6311334531083,10
"NANOGP16","NANOGP1",8,13.8340783355191,10
"AP002001.16","AP002001.1",8,11.234708991288,10
"CLDN106","CLDN10",6,7.80145452979377,10
"H4C86","H4C8",8,10.4055338077108,10
"KAZN-AS16","KAZN-AS1",8,11.5258454966904,10
"PGR6","PGR",4,12.4975127432749,10
"SRARP6","SRARP",4,12.6514876751781,10
"CALML36","CALML3",10,9.15480165245998,10
"MYBL26","MYBL2",6,8.54699164765456,10
"HGD6","HGD",8,8.60075391104778,10
"PLAAT26","PLAAT2",8,10.9582263882402,10
"UGT2B76","UGT2B7",8,10.7153432672915,10
"AC100826.16","AC100826.1",8,12.8463187719086,10
"FOXM16","FOXM1",6,8.08821623534128,10
"ANKRD30A6","ANKRD30A",4,11.3131365909463,10
"FNDC16","FNDC1",7,13.811675792107,10
"B3GAT16","B3GAT1",8,12.1544593664115,10
"IGLC36","IGLC3",9,10.0874272702588,10
"SYCP16","SYCP1",8,12.2465752674205,10
"TMEM266","TMEM26",4,14.1874248883214,10
"GRIK1-AS16","GRIK1-AS1",4,11.2566674048866,10
"MMP117","MMP11",7,14.1157447182196,10
"AC093001.16","AC093001.1",8,11.6027470666554,10
"GNMT6","GNMT",8,11.0483829134109,10
"ADRA2A6","ADRA2A",8,10.365532305244,10
"VGLL16","VGLL1",6,9.92853103497363,10
"MYEOV6","MYEOV",9,12.7335474741246,10
"TDRD126","TDRD12",6,6.6550093646846,10
"CEACAM66","CEACAM6",3,10.1573623330229,10
"ELOVL26","ELOVL2",4,14.071643783207,10
"CUX26","CUX2",8,11.2670145665932,10
"HAAO6","HAAO",8,11.9341260940261,10
"DEFB16","DEFB1",2,15.0161553703382,10
"VN1R53P6","VN1R53P",4,9.8169429633823,10
"CLSTN26","CLSTN2",10,9.31552281312126,10
"CP6","CP",2,9.57495446327891,10
"AL033523.16","AL033523.1",8,12.2206435109882,10
"ABCC26","ABCC2",8,12.2051181139686,10
"MSMB6","MSMB",8,10.7708683415523,10
"KRT166","KRT16",2,8.40160510080926,10
"TTC366","TTC36",8,10.3404603066524,10
"WFDC21P6","WFDC21P",1,8.65669024930216,10
"ATP1A26","ATP1A2",8,10.515232353195,10
"JCHAIN6","JCHAIN",9,18.1562532155538,10
"LINC025416","LINC02541",8,12.0754871233246,10
"AC100801.16","AC100801.1",8,8.42563397968502,10
"PI156","PI15",4,11.7394882340469,10
"CHIT16","CHIT1",2,8.91274924116373,10
"MAB21L46","MAB21L4",3,9.75501106218775,10
"CSN26","CSN2",9,6.7889782877825,10
"ALOX156","ALOX15",8,10.638820806769,10
"NAT26","NAT2",8,12.7721336116157,10
"AGT6","AGT",3,7.19395024770207,10
"ELOVL76","ELOVL7",8,12.5833486975369,10
"AP004608.16","AP004608.1",8,10.9022090999514,10
"VSTM2L6","VSTM2L",3,9.46608134721774,10
"NAT16","NAT1",4,15.357745392292,10
"PPP4R46","PPP4R4",4,13.9561820681994,10
"CYP4X16","CYP4X1",4,10.4139504102518,10
"MT-TD6","MT-TD",6,8.88768363483498,10
"DNER6","DNER",6,10.3956867274653,10
"FAM3D6","FAM3D",9,10.4644830809764,10
"HOXA96","HOXA9",8,6.16209418479321,10
"GAL6","GAL",6,7.29703837549518,10
"PTX36","PTX3",7,8.07505814057211,10
"H2AC86","H2AC8",8,11.4042092293826,10
"AL391097.36","AL391097.3",5,15.5706538013514,10
"TMEM45B6","TMEM45B",8,10.0831779228592,10
"HRCT16","HRCT1",6,8.16379746417701,10
"CYP4F226","CYP4F22",10,10.2874845888854,10
"SERPINA56","SERPINA5",2,9.04181858720977,10
"GRP6","GRP",10,10.9490152924664,10
"KMO6","KMO",3,8.74357892727117,10
"TMSB15A6","TMSB15A",6,11.8361703133334,10
"DIO26","DIO2",10,9.31445849063898,10
"AP005233.26","AP005233.2",9,11.9120014436406,10
"CDC206","CDC20",6,8.14668755023107,10
"NEK26","NEK2",6,8.54774156160992,10
"RN7SL314P6","RN7SL314P",5,11.2490363784273,10
"PNMT6","PNMT",10,9.48953182787259,10
"LCN26","LCN2",6,9.53677422371834,10
"OBP2B6","OBP2B",6,9.41006434342011,10
"SNORD3A6","SNORD3A",6,6.51028819740092,10
"PHGR16","PHGR1",4,10.7019238881044,10
"FGG6","FGG",3,9.84588924811687,10
"DKK16","DKK1",6,6.88177129159244,10
"LINC012526","LINC01252",8,11.8692050855093,10
"COL22A16","COL22A1",1,11.3865811889034,10
"ADH1C6","ADH1C",8,12.1947869426493,10
"C2CD4A6","C2CD4A",3,11.2150069121971,10
"LDHD6","LDHD",8,11.8322603237144,10
"Z82215.16","Z82215.1",5,17.1130604270009,10
"AP000892.46","AP000892.4",10,9.48892527870028,10
"IQGAP36","IQGAP3",6,8.9077388525183,10
"UGT2B156","UGT2B15",5,7.57565077508828,10
"SOX86","SOX8",6,10.9559988519067,10
"AC022784.16","AC022784.1",10,7.24758098382972,10
"LRG16","LRG1",4,9.40649213603213,10
"ANKRD30B6","ANKRD30B",4,10.8581061786215,10
"FAR26","FAR2",8,10.1065742730862,10
"AL356804.16","AL356804.1",8,11.2942226660733,10
"TDRD17","TDRD1",3,8.20825911339126,10
"RNU5F-16","RNU5F-1",1,7.76743583529142,10
"CASP146","CASP14",3,10.9652192310426,10
"SMR3B6","SMR3B",2,8.54560402165359,10
"LINC024326","LINC02432",8,7.39959653178283,10
"FADS26","FADS2",8,8.54209635438747,10
"TMPRSS11E6","TMPRSS11E",8,9.68200121710875,10
"NPR36","NPR3",7,10.7653371825893,10
"TNFSF116","TNFSF11",10,11.0109221701757,10
"SNORC6","SNORC",9,8.89768179236794,10
"TESC6","TESC",10,11.6493012500825,10
"PGBD56","PGBD5",6,8.63364415078157,10
"LINC011986","LINC01198",9,9.12158587488385,10
"SLCO1B16","SLCO1B1",8,10.9327850156901,10
"AC073114.16","AC073114.1",4,7.33551710365458,10
"GP26","GP2",4,12.4320200058999,10
"FOXCUT6","FOXCUT",6,11.3156558568315,10
"PRR276","PRR27",6,9.18043851191748,10
"H2AC116","H2AC11",8,10.8825244902644,10
"HLA-DRB66","HLA-DRB6",1,8.42665060859662,10
"EDN36","EDN3",10,11.4111780131436,10
"SERPINA116","SERPINA11",4,11.6687612219954,10
"LUZP26","LUZP2",2,10.3505242443269,10
"BRINP36","BRINP3",8,8.97222014822956,10
"TMEM2136","TMEM213",9,10.9679805000436,10
"TPX26","TPX2",3,7.55821412829774,10
"TMEM1586","TMEM158",1,8.45631308035315,10
"MT-TK6","MT-TK",10,10.3379864917917,10
"DCDC26","DCDC2",4,11.5168099095394,10
"FAM83D6","FAM83D",6,8.30078219107097,10
"HOXB66","HOXB6",3,7.82548235590822,10
"KRT6A6","KRT6A",7,8.38433951770433,10
"CENPA6","CENPA",6,8.59217028019909,10
"FMO36","FMO3",1,6.30998139473823,10
"NUF26","NUF2",6,8.30718556232776,10
"ZNF350-AS16","ZNF350-AS1",3,6.39554422565633,10
"APCDD1L6","APCDD1L",6,11.3027854417566,10
"LINC018336","LINC01833",6,12.0579861257103,10
"AURKB6","AURKB",6,9.19800162431803,10
"CCDC1416","CCDC141",8,10.8270693945141,10
"ASPM6","ASPM",6,8.55381647806047,10
"LYPD66","LYPD6",4,12.1753037444778,10
"KIF4A6","KIF4A",3,8.09921373721398,10
"SAA26","SAA2",2,12.81353881609,10
"MARCO6","MARCO",1,12.2117637261645,10
"AC104984.46","AC104984.4",5,17.1781037244746,10
"FBN36","FBN3",6,10.6915276625539,10
"C5orf466","C5orf46",6,7.32286360541775,10
"S100A26","S100A2",2,9.1998848876024,10
"CDCA76","CDCA7",6,9.21231088619988,10
"GRIK36","GRIK3",2,9.6770171160033,10
"PCSK1N6","PCSK1N",7,8.90748609661103,10
"CECR26","CECR2",8,9.96552900053467,10
"FAR2P16","FAR2P1",4,7.58517597999457,10
"ESR16","ESR1",4,14.1957205581798,10
"LINC015546","LINC01554",9,7.72388838023277,10
"AGR26","AGR2",4,12.2861492309039,10
"DLX56","DLX5",7,10.3952626643258,10
"ROPN1B6","ROPN1B",6,11.7986583208688,10
"MPV17L6","MPV17L",8,10.4911745513517,10
"SCGB1B2P6","SCGB1B2P",10,8.74006780642165,10
"CAPN66","CAPN6",10,7.14631605496861,10
"MT1G6","MT1G",2,8.10228858748335,10
"ATP13A56","ATP13A5",8,8.49100187341657,10
"KLK76","KLK7",2,14.9691221106164,10
"IGHG36","IGHG3",9,9.14579916289907,10
"ZIC16","ZIC1",6,9.11420315414507,10
"CEP556","CEP55",6,7.55109430013801,10
"MELK6","MELK",6,8.25197451579778,10
"TNNT16","TNNT1",7,9.44824258035621,10
"CLPSL16","CLPSL1",3,7.87276286297826,10
"KLHDC7B6","KLHDC7B",1,11.9051030977145,10
"TDRD96","TDRD9",3,6.76458779312948,10
"KLK66","KLK6",2,10.999557028901,10
"AC023509.26","AC023509.2",8,10.4954998509516,10
"EXTL16","EXTL1",7,7.62043342637345,10
"NDNF6","NDNF",8,9.59137713754567,10
"SLC5A86","SLC5A8",10,7.8822130352122,10
"DIO36","DIO3",8,10.0126625004565,10
"FGFR36","FGFR3",4,12.3953210547994,10
"DCD6","DCD",10,8.07284379633545,10
"ALDH3B26","ALDH3B2",8,9.36052034343834,10
"AKR1C36","AKR1C3",8,10.2387315454223,10
"C16orf896","C16orf89",4,11.1563100284434,10
"NEK106","NEK10",4,12.5394838352656,10
"BIRC56","BIRC5",6,7.43255111125036,10
"C2CD4B6","C2CD4B",3,9.73180243454814,10
"DEPDC16","DEPDC1",3,8.06570917993813,10
"FBN26","FBN2",7,7.15367166386921,10
"HBA16","HBA1",9,9.51624166649341,10
"AC099508.16","AC099508.1",8,11.7526258827624,10
"COL11A16","COL11A1",7,13.2277358995178,10
"ADAMTS156","ADAMTS15",4,11.7535864741239,10
"NRN16","NRN1",6,5.81636044695303,10
"OTX16","OTX1",6,10.8008674072222,10
"FSIP26","FSIP2",10,10.7921168551275,10
"KIF2C6","KIF2C",6,8.23517510610838,10
"ZNF385B6","ZNF385B",4,7.2606562562032,10
"AL121790.16","AL121790.1",4,8.96438076143624,10
"COL10A16","COL10A1",7,12.4207337573094,10
"GRIA26","GRIA2",10,6.10340099216934,10
"RSAD26","RSAD2",1,11.6231001515965,10
"ARHGAP406","ARHGAP40",4,8.40660314488343,10
"KLHDC7A6","KLHDC7A",4,7.11020191746344,10
"GJB26","GJB2",7,7.24348987574307,10
"ACSM36","ACSM3",8,10.7025604603427,10
"AP000851.16","AP000851.1",9,8.36224987624065,10
"RPL106","RPL10",2,7.14056709164367,10
"MAEL6","MAEL",5,7.37033516612225,10
"TNFRSF11B6","TNFRSF11B",2,11.359466480265,10
"SLC13A26","SLC13A2",9,11.8971725768427,10
"GLYATL26","GLYATL2",2,12.2797544700121,10
"RN7SL674P6","RN7SL674P",4,10.5511163864257,10
"CBX26","CBX2",6,9.17344338755475,10
"AC025154.26","AC025154.2",6,10.7961012497082,10
"GBP56","GBP5",1,13.7029409768642,10
"SLC25A186","SLC25A18",8,10.5228051191804,10
"GRIA46","GRIA4",10,11.0507428446958,10
"PTTG16","PTTG1",6,7.32120093761524,10
"LY6K6","LY6K",7,7.49233332368133,10
"C76","C7",9,13.6824700555551,10
"AC008459.16","AC008459.1",10,9.23955432612211,10
"LINC019566","LINC01956",6,10.3742722337586,10
"PTGS26","PTGS2",2,7.90025662512416,10
"SLC28A36","SLC28A3",2,15.0337034533044,10
"CHAD6","CHAD",4,10.3969457084734,10
"LAMP36","LAMP3",1,12.3261563478451,10
"RIMS26","RIMS2",8,8.47005697080772,10
"AC119673.36","AC119673.3",10,6.91586203126357,10
"ANLN6","ANLN",6,7.19363360979313,10
"RET6","RET",4,7.2891414849119,10
"NXNL26","NXNL2",4,13.3805207862893,10
"NOVA16","NOVA1",4,11.2546273671237,10
"IGF2BP36","IGF2BP3",1,8.84840938447939,10
"SPTSSB6","SPTSSB",10,6.78421911630755,10
"GDF156","GDF15",3,7.08259173042034,10
"AK56","AK5",2,10.6905965494092,10
"DLGAP56","DLGAP5",3,7.80225348922164,10
"SLC34A26","SLC34A2",9,9.03018711886906,10
"IL326","IL32",1,10.03181296937,10
"DLK16","DLK1",9,8.35714767917254,10
"CAPN86","CAPN8",4,10.6019664055762,10
"GBP46","GBP4",1,12.4437035950302,10
"VSIG10L26","VSIG10L2",4,9.73044488568048,10
"CELF46","CELF4",6,10.5636617674579,10
"CRYBB26","CRYBB2",6,4.58239228983114,10
"ACKR26","ACKR2",3,8.07540768118774,10
"CEL6","CEL",6,8.1113558550971,10
"SNTG2-AS16","SNTG2-AS1",8,7.61902276462503,10
"LINC026076","LINC02607",2,8.68157104713929,10
"PITX16","PITX1",6,7.46852277427856,10
"CXCL26","CXCL2",9,10.7679562210956,10
"COL11A26","COL11A2",7,9.10136507120916,10
"KLHL316","KLHL31",8,11.0575031757392,10
"FOXI16","FOXI1",2,8.91382561938493,10
"RIMS16","RIMS1",8,9.48356081827814,10
"KLK106","KLK10",6,9.60842310373756,10
"HJURP6","HJURP",3,7.58713152080291,10
"FUT36","FUT3",3,9.85153708732552,10
"AC010280.16","AC010280.1",8,10.8472688492461,10
"IYD6","IYD",8,10.9384980498001,10
"MMP76","MMP7",1,9.2074991778188,10
"FMO56","FMO5",8,10.5696103184881,10
"GATA3-AS16","GATA3-AS1",4,11.7790169197309,10
"FYB26","FYB2",10,9.80777312800624,10
"MTCYBP136","MTCYBP13",8,7.42367751896656,10
"PRSS216","PRSS21",6,6.04580579393045,10
"HSPB86","HSPB8",2,9.03420704479166,10
"CLGN6","CLGN",4,9.33212093665863,10
"EEF1A26","EEF1A2",10,8.68874069849009,10
"AC008268.16","AC008268.1",4,9.14670896071817,10
"TSPAN17","TSPAN1",4,8.10993297155552,10
"CADM36","CADM3",10,11.1709873254421,10
"OLAH6","OLAH",6,9.53856331500324,10
"FGB6","FGB",3,7.59511630015266,10
"SULT1C46","SULT1C4",8,7.94989475895282,10
"ONECUT26","ONECUT2",3,8.0361169812881,10
"COL4A66","COL4A6",10,12.001627968181,10
"PTN6","PTN",2,13.0381193766129,10
"TRIM366","TRIM36",8,10.1291928565219,10
"KIF20A6","KIF20A",6,7.93935783792918,10
"ECRG46","ECRG4",10,7.37418389383466,10
"SPAG176","SPAG17",4,10.1941132004192,10
"CDCA56","CDCA5",6,7.2280723862112,10
"AC137932.36","AC137932.3",5,17.5366538479363,10
"IFI44L6","IFI44L",1,13.2818035225759,10
"SLITRK66","SLITRK6",4,9.75779558475713,10
"MAOA6","MAOA",4,7.19021087997994,10
"GSDMC6","GSDMC",6,7.58256972713825,10
"FOXD16","FOXD1",6,9.40719846326059,10
"RPL10P96","RPL10P9",6,6.97283699481727,10
"AC106045.16","AC106045.1",8,9.93449302999475,10
"CXCL86","CXCL8",3,7.29807608665226,10
"WNK46","WNK4",4,9.12937167763114,10
"ACSBG16","ACSBG1",8,7.39688327049863,10
"CRLF16","CRLF1",7,8.05298368002025,10
"PKMYT16","PKMYT1",3,8.03099730929832,10
"ADGRL36","ADGRL3",10,11.5813178264215,10
"C2orf726","C2orf72",8,6.99532499262201,10
"AADAT6","AADAT",8,8.91451195114784,10
"ATP6V1C26","ATP6V1C2",6,8.83734196702864,10
"FAM111B6","FAM111B",3,9.15365894714562,10
"PBK6","PBK",6,8.4418020940901,10
"MCM106","MCM10",6,7.78232182409727,10
"GRB146","GRB14",6,9.59809954194383,10
"GNG46","GNG4",6,10.4291262469705,10
"HOXB56","HOXB5",3,7.29398788302473,10
"NLRP26","NLRP2",6,6.73767152145213,10
"SMYD16","SMYD1",9,6.10066288997239,10
"LRP26","LRP2",4,11.0600003967568,10
"ADH1B6","ADH1B",9,13.0845046418334,10
"AC021066.16","AC021066.1",2,6.98305290009254,10
"NFE46","NFE4",1,8.39949927313174,10
"LINC011336","LINC01133",6,8.26515991962913,10
"H2BC46","H2BC4",8,9.6330046263719,10
"NDUFA4L26","NDUFA4L2",7,10.5621228502937,10
"GABRB36","GABRB3",8,7.41735751528763,10
"DRAIC6","DRAIC",4,8.21483265509555,10
"MKI676","MKI67",3,8.027722646342,10
"XDH6","XDH",2,14.038227460056,10
"NCAM16","NCAM1",2,6.72409665584385,10
"ASCL26","ASCL2",8,7.98393785317135,10
"QPCT6","QPCT",6,8.20679772463465,10
"LOXL46","LOXL4",9,8.24471431395112,10
"FAM3B6","FAM3B",9,8.26692916171428,10
"LIN7A6","LIN7A",5,7.64056460034992,10
"LIF6","LIF",2,10.0089367565981,10
"SLCO1A26","SLCO1A2",6,8.23172925673909,10
"DACH16","DACH1",4,9.09305218819716,10
"ADCY16","ADCY1",4,12.3916073229435,10
"GLYATL16","GLYATL1",3,8.47938180580257,10
"FTCD6","FTCD",3,7.25357749593537,10
"TRABD2B6","TRABD2B",2,12.9088993374194,10
"AFAP1-AS16","AFAP1-AS1",1,9.22283855669902,10
"FOXC26","FOXC2",6,6.11250821923128,10
"SECTM16","SECTM1",1,9.55436144918114,10
"KRT146","KRT14",2,11.3908867414354,10
"ARNTL26","ARNTL2",1,10.4227187124643,10
"PLPPR36","PLPPR3",4,11.7960144451642,10
"BMP76","BMP7",10,10.6543267144673,10
"FGF106","FGF10",9,10.3154784090938,10
"CAPN136","CAPN13",3,7.29948428817139,10
"ATP13A46","ATP13A4",8,8.13199348638533,10
"SIM26","SIM2",6,8.18745009612822,10
"RRM26","RRM2",3,8.998569462216,10
"HEPACAM26","HEPACAM2",10,9.09208342439183,10
"HOXA106","HOXA10",6,6.39640637066867,10
"DNALI16","DNALI1",4,9.98708096095728,10
"RARRES16","RARRES1",2,13.9818271314995,10
"ABCC86","ABCC8",10,11.413882287047,10
"GABRE6","GABRE",8,7.74816312344398,10
"COL9A36","COL9A3",6,8.22538320112315,10
"DSG36","DSG3",2,10.405889791296,10
"POU3F36","POU3F3",5,9.82102428452984,10
"AREG6","AREG",5,8.8953455831894,10
"SOSTDC16","SOSTDC1",6,9.74309381570754,10
"AC093866.16","AC093866.1",10,7.63923406350454,10
"CDH26","CDH2",7,7.75398823873437,10
"SLC6A146","SLC6A14",6,10.3794400868632,10
"S100A96","S100A9",2,11.72303505671,10
"CACNA1H6","CACNA1H",7,8.92506013740856,10
"CA5BP16","CA5BP1",1,6.17626785554774,10
"APOD6","APOD",8,10.9869452567847,10
"KLK56","KLK5",2,13.2342670715815,10
"CDK16","CDK1",3,8.05662195107091,10
"MAP7D26","MAP7D2",6,7.39609678545376,10
"LINC005046","LINC00504",4,10.6557102101556,10
"MSX26","MSX2",4,7.16059287808415,10
"SUSD36","SUSD3",4,12.6053026983858,10
"LTB6","LTB",1,12.0319765138092,10
"TMEM63C6","TMEM63C",8,7.95851298440691,10
"GABBR26","GABBR2",1,8.27464582866696,10
"H2BC96","H2BC9",6,7.35813104874686,10
"TUBB2B6","TUBB2B",10,6.8998741099947,10
"PAMR16","PAMR1",9,11.1275260245352,10
"ERICH36","ERICH3",4,13.7901406230827,10
"DIO16","DIO1",4,10.6795350143238,10
"SERPINA17","SERPINA1",4,10.5028483284881,10
"LINC010186","LINC01018",8,10.5138979948865,10
"EAF26","EAF2",8,10.1017372619905,10
"SLC7A26","SLC7A2",10,8.70176178631304,10
"PPP1R14C6","PPP1R14C",2,8.91956095104834,10
"KIF146","KIF14",6,8.43169488420188,10
"SLC44A46","SLC44A4",4,9.21423293927136,10
"RFLNA6","RFLNA",5,7.5498438524529,10
"OLFML36","OLFML3",8,9.83820745525387,10
"CCNE16","CCNE1",6,7.94933225417214,10
"KANK46","KANK4",7,8.69070255202883,10
"FAM83A6","FAM83A",10,9.19829276365218,10
"LRRC156","LRRC15",7,13.6796874085296,10
"ATP6V0A46","ATP6V0A4",6,10.1564671109022,10
"MMP118","MMP1",7,9.29171652046464,10
"DGKI6","DGKI",2,11.5566185089351,10
"MFAP56","MFAP5",7,12.1146027021863,10
"CMPK26","CMPK2",1,10.8920744449664,10
"TTN6","TTN",8,10.2992460232505,10
"CHST86","CHST8",4,12.2678124666582,10
"SMIM316","SMIM31",8,7.38070578068801,10
"SLITRK46","SLITRK4",6,7.98373366329407,10
"MOGAT26","MOGAT2",8,8.42256068304479,10
"AL031777.26","AL031777.2",8,9.08760903300685,10
"CHRM36","CHRM3",6,9.84928221459875,10
"AC116407.16","AC116407.1",8,8.17641783170646,10
"SLC44A56","SLC44A5",8,6.73276921954712,10
"TERB26","TERB2",8,12.0646002947229,10
"INSYN2B6","INSYN2B",10,8.30913617722564,10
"SIX16","SIX1",8,6.83431318222955,10
"L1CAM6","L1CAM",1,8.26386489644613,10
"CLDN18","CLDN1",2,9.22061032290334,10
"SCUBE26","SCUBE2",4,11.779899474924,10
"Z95114.16","Z95114.1",8,9.90458808126172,10
"ELN6","ELN",7,11.1542508265066,10
"ZBTB166","ZBTB16",8,8.94843802720153,10
"CCNB26","CCNB2",6,7.95463317389482,10
"SNORA2B6","SNORA2B",10,9.4927587906375,10
"IFIT16","IFIT1",1,10.1792781288686,10
"ALX46","ALX4",10,10.5891761954154,10
"ROPN16","ROPN1",6,10.0329857389434,10
"TINCR6","TINCR",6,7.00811365479427,10
"B3GALT56","B3GALT5",9,9.54001591684911,10
"SGO16","SGO1",6,7.57638599215313,10
"FGFR46","FGFR4",3,7.27903038397264,10
"VSIG26","VSIG2",2,7.51385143767478,10
"ASPN6","ASPN",7,13.9096028433056,10
"LPL6","LPL",1,6.44135647899357,10
"LINC018196","LINC01819",2,12.2098452332783,10
"HOXB76","HOXB7",3,7.35183796966426,10
"CXCL19","CXCL1",2,6.12768716856097,10
"AKR7A36","AKR7A3",4,9.34404665582446,10
"SLC9A26","SLC9A2",8,8.77476959455543,10
"SLC2A146","SLC2A14",8,8.60123104319338,10
"SEMA6D6","SEMA6D",10,11.388639949507,10
"SMC1B6","SMC1B",6,7.78714819911592,10
"IGF2BP26","IGF2BP2",2,8.54271484874431,10
"MUC156","MUC15",2,10.4117171122801,10
"BTNL96","BTNL9",9,10.0244755848787,10
"C2orf886","C2orf88",9,9.24238238067188,10
"EWSAT16","EWSAT1",4,11.8991653364805,10
"FGFBP16","FGFBP1",9,6.67102541132189,10
"NDC806","NDC80",1,7.7925589430687,10
"PLEKHG76","PLEKHG7",8,8.28701683444309,10
"SOCS36","SOCS3",2,8.66621004922823,10
"BUB1B6","BUB1B",6,9.45218234895894,10
"RAB3B6","RAB3B",8,7.49222708572772,10
"CADM26","CADM2",8,8.94536910439733,10
"DLGAP16","DLGAP1",5,6.19871171149566,10
"VCAM16","VCAM1",9,11.1275746129978,10
"RASD26","RASD2",6,7.54962430165322,10
"SLC5A116","SLC5A11",8,10.3531725927462,10
"HOXA10-AS6","HOXA10-AS",8,7.24004196902271,10
"TOB1-AS16","TOB1-AS1",8,10.8908808208661,10
"RAD51AP16","RAD51AP1",7,7.57535691385442,10
"PNLDC16","PNLDC1",6,6.78482177701596,10
"NOP56P36","NOP56P3",5,7.6213534341566,10
"KLK36","KLK3",4,5.7141497203614,10
"ANGPT16","ANGPT1",7,10.9208727620358,10
"SCRG16","SCRG1",5,8.06712623625618,10
"ANKRD20A11P6","ANKRD20A11P",5,7.79471161924834,10
"BMP56","BMP5",10,10.3237288249247,10
"MFSD4A6","MFSD4A",6,11.5750753752852,10
"SLC43A16","SLC43A1",8,10.849757435705,10
"LRRC316","LRRC31",3,7.49350186481886,10
"AP002001.26","AP002001.2",8,10.2784727081144,10
"IGLC76","IGLC7",9,6.97410854828645,10
"HRK6","HRK",6,9.8504466433199,10
"MMP136","MMP13",7,11.5317154855176,10
"LINC025936","LINC02593",10,6.81167747872274,10
"AURKA6","AURKA",6,7.37407427533977,10
"OAS26","OAS2",1,11.0014543959688,10
"GUCY2D6","GUCY2D",8,9.01356396286902,10
"MMP126","MMP12",1,9.92364103936038,10
"H196","H19",7,13.2293881988403,10
"LINC012356","LINC01235",8,7.21723781417555,10
"BBOX16","BBOX1",2,12.2257485335903,10
"HLA-DQA26","HLA-DQA2",1,8.69877833758168,10
"HAS36","HAS3",9,9.1226418268934,10
"KIF18B6","KIF18B",6,7.87757222000345,10
"SLC38A46","SLC38A4",8,10.6434121491364,10
"DPT6","DPT",9,14.5484458911324,10
"RAMP36","RAMP3",4,11.2109430437222,10
"DTL6","DTL",6,8.11938378957162,10
"CST66","CST6",2,8.55603259793728,10
"GREB16","GREB1",4,10.3651875494317,10
"EGF6","EGF",9,9.76322171676236,10
"CDCA86","CDCA8",6,8.02186135138882,10
"LMO36","LMO3",10,7.95840977302645,10
"ABO6","ABO",9,7.92101924372461,10
"CENPW6","CENPW",1,8.1579902388185,10
"DCX6","DCX",10,12.5327347994273,10
"C4BPA6","C4BPA",2,11.5841933206679,10
"SGPP26","SGPP2",8,9.11539700812335,10
"C6orf156","C6orf15",6,9.27224431106124,10
"GPX26","GPX2",10,7.33735965564593,10
"CHI3L16","CHI3L1",2,12.7716191999017,10
"KCNK56","KCNK5",6,10.8391120661357,10
"CKS1B6","CKS1B",6,7.15750726797718,10
"DUOXA16","DUOXA1",8,7.69610350572886,10
"MED4-AS16","MED4-AS1",8,10.3771262159761,10
"CD366","CD36",9,9.92615814099671,10
"BEX16","BEX1",10,5.90214262836501,10
"LINC011396","LINC01139",7,8.10650350187747,10
"CCZ1B6","CCZ1B",7,6.3466659800541,10
"REEP66","REEP6",8,7.96937795961693,10
"B3GNT36","B3GNT3",6,8.28937608402437,10
"SPC246","SPC24",6,8.21796596197369,10
"SCARA56","SCARA5",9,13.221126398019,10
"CHST96","CHST9",9,8.30684848581669,10
"CDCA36","CDCA3",6,7.97426923588321,10
"ABCC46","ABCC4",8,9.04078355969822,10
"CENPF6","CENPF",6,7.69671602495797,10
"HOTAIR6","HOTAIR",6,7.56363641017529,10
"NUDT86","NUDT8",8,9.34151777942273,10
"CCDC1706","CCDC170",4,12.5108528203643,10
"AC103718.16","AC103718.1",1,7.41811185835404,10
"NEURL36","NEURL3",9,10.5492371483916,10
"ADCYAP16","ADCYAP1",2,6.68193204567368,10
"PSCA6","PSCA",3,9.13531298158764,10
"CAPN116","CAPN11",10,11.2973039771686,10
"ZNF2086","ZNF208",5,6.89399466418945,10
"KRT6B6","KRT6B",2,12.7185211517524,10
"SLC12A16","SLC12A1",6,9.7831708860107,10
"ERBB46","ERBB4",4,9.15312797442727,10
"ADGRF16","ADGRF1",2,8.88317961124851,10
"PRR156","PRR15",4,9.03706552442347,10
"TMC56","TMC5",2,10.5260919409792,10
"CCL186","CCL18",1,6.12256417798266,10
"TBX17","TBX1",7,7.66176333503276,10
"SAA46","SAA4",2,10.5978400958299,10
"NCAPG6","NCAPG",3,7.80455624228138,10
"STEAP46","STEAP4",9,7.19599873520612,10
"AP006248.46","AP006248.4",5,6.9583731748545,10
"DIAPH36","DIAPH3",6,7.5782889869297,10
"TOP2A6","TOP2A",3,7.3483673083347,10
"PLK16","PLK1",6,8.82868869691352,10
"OXER16","OXER1",8,8.66135966639153,10
"FOXQ16","FOXQ1",1,6.58353477060137,10
"NRXN36","NRXN3",10,9.23889783872654,10
"CCL196","CCL19",1,7.31356898436124,10
"TPRG16","TPRG1",4,10.4170329789766,10
"CDC456","CDC45",6,8.17869555182426,10
"BUB16","BUB1",6,8.79206104339601,10
"PLP16","PLP1",10,8.13493771090194,10
"TFF26","TFF2",6,6.35345961969226,10
"CCNA26","CCNA2",3,6.91573229583531,10
"COLCA16","COLCA1",10,9.52135366587626,10
"STK32B6","STK32B",10,9.73833853548524,10
"MAGEA46","MAGEA4",6,8.49790253491864,10
"COL9A16","COL9A1",6,9.12675519597054,10
"PSAT16","PSAT1",6,8.43332757385034,10
"EYS6","EYS",8,9.70953873535516,10
"CHRD6","CHRD",4,7.56774855702532,10
"PPARGC1A6","PPARGC1A",6,8.16989442103974,10
"CDKN36","CDKN3",3,7.75319634627231,10
"MUC76","MUC7",2,8.89985166138422,10
"RCOR26","RCOR2",6,10.2435307653263,10
"NLGN4X6","NLGN4X",2,12.7831162572419,10
"ELAVL26","ELAVL2",6,6.56733899665557,10
"HOXB46","HOXB4",4,7.67689543358693,10
"PPP1R1A6","PPP1R1A",6,9.1577930136027,10
"MYBL16","MYBL1",7,7.10406015912816,10
"PI166","PI16",9,9.82773658601982,10
"UBE2T6","UBE2T",6,8.65474569152913,10
"ADM7","ADM",7,7.95610180209045,10
"FAIM26","FAIM2",8,7.67868784256708,10
"HS6ST26","HS6ST2",10,9.05178013717522,10
"PAX66","PAX6",6,6.6046823160873,10
"FLT36","FLT3",10,7.47606564227032,10
"AL117329.16","AL117329.1",3,7.18685303037284,10
"CAMP6","CAMP",3,8.70399074464594,10
"RP16","RP1",10,10.5349683565845,10
"POU2AF16","POU2AF1",9,9.62856162766648,10
"SEPTIN36","SEPTIN3",6,7.58192749325158,10
"RRAD6","RRAD",2,10.3454073343006,10
"CCNE26","CCNE2",7,7.56631936418814,10
"HOXC116","HOXC11",3,7.33479089453556,10
"AQP36","AQP3",8,9.54477790254278,10
"S100A16","S100A1",6,9.23870485876486,10
"E2F16","E2F1",6,8.60024038513759,10
"RANBP3L6","RANBP3L",4,7.92851571903991,10
"CCL56","CCL5",1,11.4645987581006,10
"BARX16","BARX1",6,6.780821895454,10
"IL346","IL34",2,8.22223983698576,10
"AC009107.26","AC009107.2",5,16.6578600484314,10
"CDCA26","CDCA2",6,8.33446433166597,10
"AL359555.46","AL359555.4",6,10.4109202165153,10
"SOCS2-AS16","SOCS2-AS1",5,5.69818566679311,10
"ADAM26","ADAM2",8,11.5807685263415,10
"RAB6C-AS16","RAB6C-AS1",4,9.58284796550753,10
"IL336","IL33",2,10.9597051520329,10
"FOLR16","FOLR1",6,9.23455283167471,10
"IL4I16","IL4I1",1,12.9113996067208,10
"SHC46","SHC4",10,7.55971326587338,10
"PTGDS6","PTGDS",9,13.6290196679456,10
"STAG36","STAG3",6,8.96165619584091,10
"RMST6","RMST",10,10.6388290327737,10
"COMP6","COMP",7,10.3278697177453,10
"MZB16","MZB1",9,10.5501149121302,10
"PTCHD16","PTCHD1",6,8.88476278633997,10
"LYPD6B6","LYPD6B",4,9.67131943252173,10
"RND16","RND1",3,7.8753934373519,10
"AC099654.56","AC099654.5",5,8.87742519173776,10
"CACNG46","CACNG4",7,8.72562415090715,10
"SCNN1B6","SCNN1B",2,7.25541798204299,10
"GATA26","GATA2",3,8.95635574256555,10
"PTH2R6","PTH2R",6,9.44792010110911,10
"KIF156","KIF15",6,8.16797569938309,10
"CA46","CA4",8,10.3844234928967,10
"FOSB6","FOSB",9,9.72286151123765,10
"ST6GALNAC16","ST6GALNAC1",8,8.69315272278168,10
"PTPRT6","PTPRT",10,8.17716816489409,10
"CX3CR16","CX3CR1",9,9.14961374996073,10
"PLAAT56","PLAAT5",2,7.88199801074288,10
"HPX6","HPX",10,8.74153434013604,10
"LINC021886","LINC02188",6,9.28023577987146,10
"IGSF216","IGSF21",2,6.77435661027662,10
"NRXN16","NRXN1",6,6.37799850480287,10
"CES36","CES3",3,7.90917788328169,10
"CEROX16","CEROX1",6,8.13651480132327,10
"WNT46","WNT4",10,11.5454929245643,10
"IFIT36","IFIT3",1,11.8679309073244,10
"SMOC16","SMOC1",7,8.4586732214952,10
"PNPLA36","PNPLA3",6,7.29313624366994,10
"OGN6","OGN",9,9.93959746936234,10
"ADCY26","ADCY2",7,6.74539111095174,10
"AL355916.26","AL355916.2",8,10.7242940549085,10
"RTP46","RTP4",1,11.1203052019492,10
"NCAM26","NCAM2",2,8.50896763550191,10
"KRT236","KRT23",2,9.0253715872037,10
"CXCL56","CXCL5",9,8.09270007662738,10
"LINC025686","LINC02568",4,8.37691091996152,10
"LRRN36","LRRN3",10,9.26166086765459,10
"ISG156","ISG15",1,11.763324941949,10
"ADD26","ADD2",6,11.1428793592988,10
"C5orf176","C5orf17",5,7.48628209502957,10
"CSTA6","CSTA",10,8.68803324190915,10
"TRIP136","TRIP13",6,7.73422392818627,10
"SNORA316","SNORA31",5,10.0772930915954,10
"ABCC66","ABCC6",4,7.17435782116359,10
"AC021148.36","AC021148.3",8,9.09670939191998,10
"SYTL56","SYTL5",4,8.03372277474404,10
"ZP26","ZP2",8,9.69874491521126,10
"MECOM6","MECOM",8,8.32019010966204,10
"AF001548.36","AF001548.3",10,10.8718282215796,10
"QPRT6","QPRT",8,7.43510387227389,10
"SRPK36","SRPK3",6,8.31436769630249,10
"TMCC36","TMCC3",8,9.80618713981084,10
"HEY26","HEY2",2,8.64788052154828,10
"AC012358.46","AC012358.4",8,10.185665996449,10
"LINC027016","LINC02701",8,11.156362228273,10
"C6orf1416","C6orf141",6,8.89007973851347,10
"ST6GALNAC56","ST6GALNAC5",2,9.8497979688082,10
"AC018865.36","AC018865.3",4,8.5004188044805,10
"MLC16","MLC1",6,8.79088323706758,10
"LINC024736","LINC02473",6,8.44577084522951,10
"HMGB1P116","HMGB1P11",8,11.3095834408762,10
"FSIP16","FSIP1",4,7.51914920352345,10
"LINC008626","LINC00862",10,8.71252380830772,10
"FRZB6","FRZB",10,9.90810235537231,10
"SLC14A16","SLC14A1",9,7.55078251775615,10
"NEURL16","NEURL1",1,5.51123202670563,10
"GFRA36","GFRA3",6,12.6441171865514,10
"KLRG26","KLRG2",6,10.2594002370689,10
"TYMS6","TYMS",6,7.75520300705821,10
"HPSE26","HPSE2",9,9.98578062508296,10
"ANGPTL46","ANGPTL4",2,9.0539955680948,10
"THBS26","THBS2",7,11.4312539928927,10
"NRIP36","NRIP3",4,8.8111047519328,10
"FAM107A6","FAM107A",6,6.73191866127693,10
"CDSN6","CDSN",10,7.55945509065437,10
"NTS6","NTS",4,9.37023558098702,10
"RNU6-195P6","RNU6-195P",5,11.347038579242,10
"PCDHB36","PCDHB3",5,6.09355263790788,10
"FUT26","FUT2",6,6.91440690709482,10
"AC080013.46","AC080013.4",2,12.1926382656254,10
"CKAP2L6","CKAP2L",1,7.24011618635316,10
"UNC5A6","UNC5A",8,7.84946534203631,10
"CEACAM56","CEACAM5",3,8.21391409836486,10
"ZFP576","ZFP57",7,6.304837410028,10
"PKP16","PKP1",6,6.61777642734219,10
"H3C106","H3C10",3,7.25131084012922,10
"LGR66","LGR6",10,6.43843758727943,10
"SPINK56","SPINK5",9,6.90936533758159,10
"IGDCC36","IGDCC3",10,10.0816897606057,10
"HSD17B26","HSD17B2",8,7.00117722382974,10
"POLQ6","POLQ",6,7.92649424735504,10
"EDN26","EDN2",2,7.44225622655244,10
"LINC006326","LINC00632",7,6.97758339794773,10
"ADAM336","ADAM33",9,12.969120123119,10
"HOXB26","HOXB2",4,9.3187599610432,10
"ITIH26","ITIH2",4,7.18351200432148,10
"HAPLN16","HAPLN1",10,6.64992705018404,10
"SOCS26","SOCS2",2,7.10437119828363,10
"PWWP3B6","PWWP3B",4,6.28549858077948,10
"PCOLCE26","PCOLCE2",7,7.32724590716525,10
"PAPSS26","PAPSS2",8,8.34438425854995,10
"CNTFR6","CNTFR",6,8.11878901027294,10
"TCIM6","TCIM",10,7.2090360922074,10
"SULT1C26","SULT1C2",8,6.98491457129042,10
"PIMREG6","PIMREG",6,9.74036266045479,10
"LGALS126","LGALS12",3,7.73365730155761,10
"TTK6","TTK",6,8.66434071553754,10
"CDT16","CDT1",6,7.65583651908898,10
"SKA36","SKA3",6,8.94521505676788,10
"SFRP46","SFRP4",7,9.15038472742976,10
"TAC16","TAC1",9,8.23390664472184,10
"EGR36","EGR3",9,7.18022573059165,10
"HOXB36","HOXB3",4,9.23078786543579,10
"SPIB6","SPIB",1,10.5393693693947,10
"CD79A6","CD79A",9,12.0917470212761,10
"NGFR6","NGFR",10,7.90340854923448,10
"GSN-AS16","GSN-AS1",5,13.7342284675536,10
"SYT86","SYT8",10,6.91822137630353,10
"HERC2P36","HERC2P3",10,8.89911742823187,10
"EXO16","EXO1",6,7.89083282687352,10
"AC012349.16","AC012349.1",10,10.8085431380594,10
"IL7R6","IL7R",9,10.2621320278353,10
"APBA26","APBA2",6,9.74041505014957,10
"TRPM86","TRPM8",6,8.16716377091254,10
"H4C56","H4C5",8,6.8635710635292,10
"KCNJ166","KCNJ16",2,9.28123447933809,10
"RERGL6","RERGL",6,7.81480753474996,10
"SHOX26","SHOX2",7,8.17205317370656,10
"RYR26","RYR2",8,7.87342193208489,10
"LINP16","LINP1",5,6.27220680263195,10
"ABCG26","ABCG2",9,8.31808902953492,10
"U62317.16","U62317.1",1,8.59441906203247,10
"SLC1A16","SLC1A1",2,6.7443104902453,10
"CLEC2L6","CLEC2L",6,7.78592695911336,10
"SYNPO2L6","SYNPO2L",8,6.14339991309352,10
"AP003119.36","AP003119.3",8,9.70835739999483,10
"MPZ6","MPZ",1,6.31937254309832,10
"PRC16","PRC1",6,7.45618723148333,10
"NRG16","NRG1",2,9.94511529873221,10
"CTSV6","CTSV",2,8.47281769358992,10
"ANKRD36BP26","ANKRD36BP2",9,7.30030121590258,10
"CYP4B16","CYP4B1",2,8.17512981204651,10
"CHI3L26","CHI3L2",2,8.37172713027737,10
"RNF1286","RNF128",9,6.52495180871098,10
"SAMD116","SAMD11",7,7.18980377045893,10
"PTGIS6","PTGIS",7,10.1922433687057,10
"SIM16","SIM1",6,8.00336070883091,10
"RMI26","RMI2",6,7.21006695886912,10
"RAD54L6","RAD54L",6,7.35664968915256,10
"AKR1C16","AKR1C1",6,7.48607271232208,10
"NSG16","NSG1",10,7.57016518117012,10
"TNN6","TNN",9,10.646480022038,10
"IL17B6","IL17B",10,8.73317778391977,10
"C15orf486","C15orf48",4,10.6585258699263,10
"KIF26B6","KIF26B",7,10.8274010775823,10
"NKAIN16","NKAIN1",4,7.17726589393358,10
"DGAT26","DGAT2",6,9.40280764907907,10
"LINC012266","LINC01226",8,8.81777552897293,10
"C11orf966","C11orf96",7,11.4688821800382,10
"LEMD16","LEMD1",6,8.44738689259783,10
"PWP26","PWP2",6,7.3668049173344,10
"AC026124.16","AC026124.1",9,7.74947761256059,10
"DIRAS36","DIRAS3",4,7.30878093737563,10
"TROAP6","TROAP",6,8.06993891848582,10
"EMILIN36","EMILIN3",10,6.4928272892499,10
"SLC41A26","SLC41A2",8,8.68714553007922,10
"IFI446","IFI44",1,11.1942385692289,10
"EPSTI16","EPSTI1",1,12.0966344084457,10
"GINS16","GINS1",6,7.29461643230985,10
"AP000356.16","AP000356.1",8,8.80824358688762,10
"FUT66","FUT6",9,7.53520057255605,10
"EPHA76","EPHA7",6,9.52978693715932,10
"ZFP426","ZFP42",6,9.39937108280518,10
"FAM198B-AS16","FAM198B-AS1",5,7.60547715505569,10
"IL22RA26","IL22RA2",9,7.40184075698902,10
"AMTN6","AMTN",1,7.8863763938255,10
"TP636","TP63",9,10.2869906948888,10
"CCL3L36","CCL3L3",1,6.89397727882201,10
"GPC36","GPC3",9,10.7068925269241,10
"GPR126","GPR12",6,8.59688703545934,10
"NEFH6","NEFH",10,5.25461058585516,10
"PCDHB26","PCDHB2",6,8.41094890960773,10
"LINGO16","LINGO1",6,7.7299796273636,10
"C19orf816","C19orf81",2,7.64751200636106,10
"WNT66","WNT6",6,6.81801177046903,10
"PRELP6","PRELP",7,10.0908733801003,10
"MUC196","MUC19",10,6.59023799316584,10
"RBP46","RBP4",2,6.48037778795323,10
"RASL10A6","RASL10A",9,11.6048135874156,10
"PEG36","PEG3",6,5.36018516651907,10
"CILP6","CILP",7,10.5286406579441,10
"BCL2A16","BCL2A1",1,11.5597068423539,10
"OSGIN16","OSGIN1",8,9.04822917221084,10
"DNAJC126","DNAJC12",10,8.29286397374445,10
"ECM16","ECM1",7,8.63976366344742,10
"BMP66","BMP6",6,7.10695511185941,10
"SOWAHA6","SOWAHA",2,6.36931578453158,10
"PPP2R2C6","PPP2R2C",7,6.93541633359813,10
"MNX16","MNX1",3,8.57221483327466,10
"ADAMTS176","ADAMTS17",8,7.83079004953699,10
"AL162413.16","AL162413.1",6,8.03124151800678,10
"ABCA136","ABCA13",6,8.77681598272674,10
"DNAAF16","DNAAF1",4,10.4968812728031,10
"DUOX16","DUOX1",8,7.76557313890842,10
"CCN36","CCN3",2,8.95657476493666,10
"PCAT196","PCAT19",10,6.91108100838514,10
"LINC020156","LINC02015",2,7.97853026297475,10
"CAVIN26","CAVIN2",9,8.98269422964151,10
"INPP5J6","INPP5J",10,9.4431962122519,10
"SYT18","SYT1",4,6.64896301792826,10
"CA26","CA2",6,7.27257393805689,10
"CA96","CA9",6,8.13234215383716,10
"CA36","CA3",6,8.90589943753185,10
"HOXA76","HOXA7",5,5.90122265269953,10
"FABP36","FABP3",6,6.90150902939281,10
"RAB7B6","RAB7B",6,7.02455239967599,10
"GPX36","GPX3",9,7.74161952727094,10
"CFI6","CFI",2,12.8430743553023,10
"FAM171A26","FAM171A2",6,9.43816033269544,10
"SYCP36","SYCP3",5,12.6143291646195,10
"AC144450.16","AC144450.1",4,7.27410109576521,10
"SLC5A17","SLC5A1",6,9.31351318236948,10
"TNFRSF196","TNFRSF19",10,5.68355803853295,10
"HES66","HES6",3,7.67096565498186,10
"NR4A36","NR4A3",9,6.39494458550921,10
"RSPO36","RSPO3",9,8.61176498689687,10
"KCND36","KCND3",4,10.9093232786585,10
"BCAS16","BCAS1",4,9.67168523536685,10
"H2BC86","H2BC8",8,8.6139379271253,10
"TMEM86A6","TMEM86A",3,7.77377627693255,10
"HSPA26","HSPA2",8,8.08297839178584,10
"LINC026136","LINC02613",9,8.05354588271356,10
"PARM16","PARM1",8,8.55286213533525,10
"NR2E36","NR2E3",4,9.58712733311263,10
"CYP27C16","CYP27C1",10,8.14159841325093,10
"VASH26","VASH2",1,8.12043793808561,10
"KCTD146","KCTD14",2,8.65682666374835,10
"TLR76","TLR7",8,9.61515613466481,10
"AP001636.36","AP001636.3",8,6.55570898205258,10
"CDC42EP56","CDC42EP5",8,8.47103896102637,10
"AC007906.26","AC007906.2",2,8.75141322273915,10
"MS4A19","MS4A1",1,9.03284313926019,10
"AL031666.36","AL031666.3",5,9.44103841266334,10
"G0S26","G0S2",9,6.86528608215943,10
"S100B6","S100B",2,8.33244662880555,10
"SLCO1B3-SLCO1B76","SLCO1B3-SLCO1B7",8,11.8355088707292,10
"ADTRP6","ADTRP",10,7.07707583525688,10
"MIR3142HG6","MIR3142HG",1,9.35343769620189,10
"DCT6","DCT",10,10.6511233318288,10
"CCL46","CCL4",1,8.89941537429934,10
"KCNQ46","KCNQ4",6,12.4652911850613,10
"CHODL6","CHODL",6,10.2155150146451,10
"ESPL16","ESPL1",6,8.87757858875024,10
"CDC66","CDC6",3,7.36332289008546,10
"TTC66","TTC6",4,10.8465689973699,10
"ABCA86","ABCA8",9,11.6929462191433,10
"MYL76","MYL7",9,8.41737212715634,10
"GATA2-AS16","GATA2-AS1",3,9.65602038064015,10
"RHEX6","RHEX",6,6.60938656008217,10
"PRTFDC16","PRTFDC1",6,7.65252613713849,10
"UHRF16","UHRF1",6,8.31536187011427,10
"ABLIM36","ABLIM3",2,6.48705064646627,10
"TICRR6","TICRR",6,8.81282980274129,10
"HOXA66","HOXA6",10,10.9150793850349,10
"SPOCK26","SPOCK2",1,10.0918866788791,10
"DLX26","DLX2",4,8.50285780853795,10
"AC006509.36","AC006509.3",10,11.1116453858493,10
"NAV36","NAV3",10,6.74452069863618,10
"SPINK16","SPINK1",2,7.67693025826487,10
"KCNJ86","KCNJ8",9,7.58380309178179,10
"KCNJ26","KCNJ2",9,9.90298745512165,10
"TCEAL26","TCEAL2",10,6.0255967336638,10
"F13A16","F13A1",9,10.2800284982215,10
"TAFA56","TAFA5",7,6.72188166788102,10
"GALNT56","GALNT5",4,9.06833817570545,10
"IFI276","IFI27",1,10.3361408305294,10
"NCMAP6","NCMAP",2,9.48625824176167,10
"AL078581.26","AL078581.2",5,10.0790419137565,10
"AARD6","AARD",6,9.48083801270405,10
"LINC018766","LINC01876",5,5.9917015715267,10
"LINC025956","LINC02595",1,6.72747981484594,10
"KCNK26","KCNK2",6,10.2280796510308,10
"AC036108.36","AC036108.3",2,8.66035195078978,10
"KCNJ36","KCNJ3",10,10.6972392561726,10
"C10orf906","C10orf90",6,10.5858738171408,10
"IL1B6","IL1B",9,7.91007657679906,10
"NCAPH6","NCAPH",6,8.17517954540752,10
"AC011365.26","AC011365.2",10,8.39547720991759,10
"AC131206.16","AC131206.1",6,6.0554079157769,10
"B4GALNT26","B4GALNT2",8,7.66497125993074,10
"C1QL26","C1QL2",1,8.35960889684565,10
"AMH6","AMH",3,7.54562136514493,10
"FAT26","FAT2",2,6.92969333741073,10
"MX16","MX1",1,11.6979136781117,10
"AL158064.16","AL158064.1",8,11.1228976068356,10
"CARTPT6","CARTPT",4,6.99375906176225,10
"RAI26","RAI2",4,8.7086346922192,10
"RECQL46","RECQL4",6,7.67055690076635,10
"TMEM178A6","TMEM178A",10,8.30723284922114,10
"POF1B6","POF1B",2,9.70223436150694,10
"ABCA46","ABCA4",6,8.00802464141261,10
"BATF26","BATF2",1,10.8067066572837,10
"IFIT26","IFIT2",1,9.81966797250257,10
"VEGFD6","VEGFD",9,10.7613425994059,10
"APOL46","APOL4",10,8.56748968165054,10
"GPR876","GPR87",2,13.2642918612065,10
"TRAC6","TRAC",9,9.52411582099256,10
"TNFRSF186","TNFRSF18",4,7.5848672597985,10
"LRP86","LRP8",1,7.23705654106637,10
"TRO6","TRO",10,9.34096234759594,10
"CPA46","CPA4",6,8.98092286040579,10
"WNT116","WNT11",7,5.78271484217608,10
"FGF26","FGF2",2,8.02616455188662,10
"SPON16","SPON1",10,10.0539012707049,10
"SERPINE16","SERPINE1",7,12.9333180066158,10
"PCP46","PCP4",6,6.97669707822677,10
"ATRNL16","ATRNL1",2,7.42287011890046,10
"CSF3R6","CSF3R",2,6.98061748307754,10
"CD76","CD7",1,10.2216706326781,10
"UGT86","UGT8",6,8.62436116644525,10
"SIDT16","SIDT1",4,7.20007754096728,10
"ORC66","ORC6",6,8.27598349408037,10
"CSF2RB6","CSF2RB",1,10.029679907733,10
"PDE8B6","PDE8B",2,7.61556725164903,10
"MROH66","MROH6",6,7.59163961947069,10
"ZNF3346","ZNF334",10,9.24290507270704,10
"BCAT16","BCAT1",7,7.83653419225283,10
"HMMR6","HMMR",3,7.53835598643542,10
"AMPH6","AMPH",10,11.3169610751127,10
"ALPK36","ALPK3",8,8.37839700330635,10
"FCRL56","FCRL5",9,10.4992458425893,10
"KIF116","KIF11",6,7.5331288377417,10
"STARD46","STARD4",8,7.20324458823937,10
"ABCB16","ABCB1",5,8.21977716317596,10
"RNF1836","RNF183",2,9.50366192282273,10
"TOX36","TOX3",4,6.78445822245006,10
"AC020907.16","AC020907.1",6,11.8267229984629,10
"COL13A16","COL13A1",3,9.22197757554494,10
"LYVE16","LYVE1",9,10.7744961834659,10
"E2F86","E2F8",6,8.23813518035262,10
"RHOH6","RHOH",4,10.4483838675039,10
"CACNA2D26","CACNA2D2",4,9.3277516996567,10
"NUDT116","NUDT11",6,5.81459146756079,10
"AC103591.36","AC103591.3",10,5.56350578803137,10
"TNFAIP66","TNFAIP6",7,8.07379773729296,10
"PCDHB56","PCDHB5",8,6.29624396807547,10
"OSR26","OSR2",7,6.02689793008669,10
"CNTN16","CNTN1",9,9.13805221569446,10
"FIBIN6","FIBIN",2,9.51055207508933,10
"CYP24A16","CYP24A1",9,6.87635576242633,10
"CDO16","CDO1",10,7.21745426776575,10
"RTN16","RTN1",4,7.83596918405904,10
"PLEKHB16","PLEKHB1",6,8.77968652439091,10
"DNAH116","DNAH11",6,6.51774387677859,10
"STX196","STX19",8,8.6155335611516,10
"ALDH1A16","ALDH1A1",9,9.41294167990984,10
"SRD5A16","SRD5A1",8,9.3442223264132,10
"AC044810.26","AC044810.2",10,9.29306501058576,10
"GLRB6","GLRB",4,9.33711842214623,10
"MMP166","MMP16",7,8.67727136315582,10
"ETV46","ETV4",10,8.34513184602159,10
"CCDC144NL-AS16","CCDC144NL-AS1",7,6.44782421726849,10
"PSMB96","PSMB9",1,11.1138709290232,10
"THBS46","THBS4",9,6.49922106223751,10
"C16orf746","C16orf74",4,8.9003587152042,10
"NRAD16","NRAD1",6,8.33292351052534,10
"GRIK16","GRIK1",4,5.89133622755313,10
"CHRDL26","CHRDL2",6,6.57328219720668,10
"STC16","STC1",2,7.7361587116821,10
"SLC38A36","SLC38A3",1,7.69060472467325,10
"TMEM200C6","TMEM200C",10,9.98848076579886,10
"HOXC136","HOXC13",7,8.79423650859528,10
"AGTR16","AGTR1",10,6.05416167250585,10
"LINC028146","LINC02814",8,9.99493786939723,10
"TBX186","TBX18",9,7.65149446000907,10
"DOK56","DOK5",1,5.95184454058099,10
"ATP6V1B16","ATP6V1B1",6,8.86168848228255,10
"SPAG66","SPAG6",4,10.5344729079797,10
"GNLY6","GNLY",1,11.1625816795036,10
"CSPG46","CSPG4",7,10.9042758845945,10
"SUSD56","SUSD5",7,7.60936996387732,10
"AP000851.26","AP000851.2",1,7.27018748736718,10
"DDX436","DDX43",6,6.34416699412106,10
"RAD17P16","RAD17P1",4,9.65543344787161,10
"CLIC36","CLIC3",7,7.2938582512569,10
"GALNT146","GALNT14",1,6.66283918101093,10
"ZNF4696","ZNF469",7,9.56726412167152,10
"MPPED26","MPPED2",10,6.65420656654976,10
"KIAA1549L6","KIAA1549L",1,7.9142159030439,10
"LTF6","LTF",2,10.0136138496257,10
"SF3B46","SF3B4",7,7.10226621554078,10
"CTNNA26","CTNNA2",8,7.16849031647971,10
"CNTN46","CNTN4",9,8.81011588765273,10
"AL645608.76","AL645608.7",3,5.78264973279956,10
"KNL16","KNL1",3,6.91290994637255,10
"HS6ST36","HS6ST3",10,7.21599039977266,10
"RNVU1-226","RNVU1-22",5,6.86011101888137,10
"MFAP46","MFAP4",9,13.2997184801492,10
"MOXD16","MOXD1",7,8.28198811965842,10
"STMND16","STMND1",4,8.6551518201816,10
"MELTF6","MELTF",2,7.96907475336785,10
"TNNI26","TNNI2",10,6.33696729368343,10
"SPHKAP6","SPHKAP",6,8.32493406622311,10
"SRPX7","SRPX",9,11.1337481771345,10
"SKA16","SKA1",6,7.77263740715376,10
"FERMT16","FERMT1",1,6.13387544991384,10
"GATA66","GATA6",7,6.39609029889835,10
"EFCC16","EFCC1",8,7.95557032870545,10
"AC010735.26","AC010735.2",4,7.39528346410143,10
"EMID16","EMID1",4,7.14564960900736,10
"DERL36","DERL3",9,10.9906341163859,10
"PTPRZ16","PTPRZ1",2,6.80622873367332,10
"PDZK1IP16","PDZK1IP1",3,6.94087091496157,10
"MEIS36","MEIS3",2,7.37896744778789,10
"MUC46","MUC4",5,5.40619004303283,10
"PIF16","PIF1",6,8.28119887568353,10
"ID16","ID1",7,9.24741042435098,10
"NTF46","NTF4",9,6.86268816978504,10
"IL2RG6","IL2RG",1,11.616223691662,10
"AC105914.26","AC105914.2",8,8.39389573377768,10
"RPS266","RPS26",7,6.44566318201142,10
"NFE2L36","NFE2L3",1,8.29478794246987,10
"DCHS26","DCHS2",1,7.94102597188777,10
"CD1096","CD109",7,10.3903871566906,10
"PPP1R3C6","PPP1R3C",2,7.60340565595718,10
"JAM36","JAM3",9,8.76905411804785,10
"MORN36","MORN3",1,7.34271964246733,10
"ITM2A6","ITM2A",9,10.3597737584003,10
"ZNF1546","ZNF154",10,7.9460842929301,10
"AC092447.76","AC092447.7",6,6.06664087972722,10
"CD3E6","CD3E",9,9.55717038278682,10
"PLCD46","PLCD4",10,9.6808116662401,10
"TMEM1006","TMEM100",7,7.75312514001212,10
"CCL29","CCL2",9,8.44547350184723,10
"CTNND26","CTNND2",10,9.28706532020372,10
"HS3ST46","HS3ST4",8,6.72666650552995,10
"EDNRB6","EDNRB",9,10.5173419834059,10
"UGT2B176","UGT2B17",4,8.61000145927017,10
"CORO66","CORO6",10,6.74741969687171,10
"LGALS96","LGALS9",1,7.85010785875868,10
"NPW6","NPW",6,7.79649162721541,10
"CREB3L16","CREB3L1",3,5.9930841758906,10
"ZBTB20-AS26","ZBTB20-AS2",5,9.89414065920448,10
"PLAAT16","PLAAT1",6,10.2014426652677,10
"RNF2126","RNF212",9,5.60203424206663,10
"ERP276","ERP27",2,7.53016371190462,10
"AC122688.36","AC122688.3",8,8.72515516541294,10
"NRTN6","NRTN",6,9.06377676765915,10
"BMP26","BMP2",7,7.50849749184488,10
"DSCC16","DSCC1",6,8.18434022616824,10
"AC090994.16","AC090994.1",4,7.5001518463876,10
"AC104407.16","AC104407.1",4,8.32598287632175,10
"RAD516","RAD51",6,7.15242559708921,10
"AC126178.16","AC126178.1",8,10.0061176827595,10
"VNN16","VNN1",2,7.57385776716339,10
"ARL96","ARL9",6,8.32735967705423,10
"HTR2A6","HTR2A",10,9.92056223861661,10
"TMPRSS36","TMPRSS3",2,6.93826073459338,10
"CNN16","CNN1",9,9.94314950122045,10
"HERC56","HERC5",1,9.25321869795689,10
"KREMEN26","KREMEN2",6,8.41483217065736,10
"AC010329.16","AC010329.1",8,8.79230974130807,10
"SNORA136","SNORA13",10,9.56031909599544,10
"RNU1-85P6","RNU1-85P",6,7.45099873156734,10
"NUSAP16","NUSAP1",3,7.49270493555426,10
"AKR1B17","AKR1B1",8,5.80742144352715,10
"ST8SIA66","ST8SIA6",4,9.41500096011486,10
"KIF236","KIF23",6,7.04673247651251,10
"REEP16","REEP1",4,10.7903734069309,10
"CLPSL26","CLPSL2",3,7.19256854197146,10
"MT-TM6","MT-TM",7,6.53006004894057,10
"MTND3P256","MTND3P25",5,4.99773523327942,10
"TSPAN186","TSPAN18",7,6.81175818671512,10
"PCSK96","PCSK9",8,6.85132310337495,10
"AL161945.16","AL161945.1",5,7.85950008637464,10
"CCDC1606","CCDC160",4,7.97497765124976,10
"AC099506.16","AC099506.1",8,9.06132708654651,10
"CENPM6","CENPM",6,7.54749729639467,10
"ANKRD18A6","ANKRD18A",5,8.45669141783439,10
"AFF36","AFF3",5,8.22716454459413,10
"CDKN2B6","CDKN2B",7,7.40574713897499,10
"AC011447.36","AC011447.3",8,6.96556653051782,10
"KRBOX16","KRBOX1",2,7.96769697357177,10
"GPC26","GPC2",6,8.36917324638317,10
"MT-TR6","MT-TR",6,9.17642977242047,10
"KCNG16","KCNG1",6,7.29226603535184,10
"MESP16","MESP1",2,8.43993220855846,10
"TENM26","TENM2",9,9.89770393026775,10
"VIM-AS16","VIM-AS1",2,7.23817913410052,10
"CCN66","CCN6",2,5.18829775964555,10
"ZIC26","ZIC2",3,7.52379424715588,10
"CCL36","CCL3",1,8.67169097419785,10
"MMP36","MMP3",7,6.64331302526572,10
"SEMA3G6","SEMA3G",9,7.88618541684482,10
"EFR3B6","EFR3B",4,6.02526871433831,10
"ADGRB16","ADGRB1",10,8.86935965475345,10
"HAPLN36","HAPLN3",6,8.6871992920784,10
"RHOXF1-AS16","RHOXF1-AS1",6,6.93455927004972,10
"DEPDC1B6","DEPDC1B",6,7.22090662394175,10
"MAMDC26","MAMDC2",10,7.85173652310368,10
"PDE10A6","PDE10A",10,7.42161221169352,10
"MAPK156","MAPK15",6,7.63944202039567,10
"CD26","CD2",1,10.6954709772689,10
"TGFB26","TGFB2",7,7.90483742307814,10
"CNTD16","CNTD1",4,9.50811659288738,10
"CYYR16","CYYR1",5,6.64874053904811,10
"AC018629.16","AC018629.1",10,8.82377911661789,10
"B3GALT5-AS16","B3GALT5-AS1",6,7.85358797739094,10
"CHEK16","CHEK1",6,7.90368852657085,10
"EDIL36","EDIL3",7,9.28976879302894,10
"HOXA-AS26","HOXA-AS2",5,11.3165467723719,10
"RASSF106","RASSF10",6,7.65238902469269,10
"PLA2G76","PLA2G7",1,9.17035951955152,10
"AC005253.16","AC005253.1",5,13.885718856718,10
"HR6","HR",6,7.98746387594246,10
"ALDH1L16","ALDH1L1",6,7.59620932545557,10
"OLFM26","OLFM2",6,8.58193110932498,10
"PROM16","PROM1",6,9.22783319775815,10
"GJC36","GJC3",2,8.97649110244772,10
"ADGRB26","ADGRB2",4,9.12102075923966,10
"TPPP36","TPPP3",7,7.10391285750067,10
"VOPP16","VOPP1",7,6.0094133158011,10
"AL022151.16","AL022151.1",8,9.50828035659304,10
"WDR866","WDR86",9,8.22235387358919,10
"PLIN16","PLIN1",8,5.31608293683236,10
"CXCL36","CXCL3",9,9.14461330800581,10
"MS4A156","MS4A15",8,6.984866538772,10
"H2BC116","H2BC11",1,6.0867520028927,10
"CCL86","CCL8",9,8.8113647156401,10
"CLSPN6","CLSPN",1,7.48228755765211,10
"MEOX16","MEOX1",10,5.52172189218996,10
"CRACR2A6","CRACR2A",10,8.15485666860507,10
"TGM26","TGM2",1,8.25836736708906,10
"SLCO1B76","SLCO1B7",8,10.6478419012414,10
"CHRDL16","CHRDL1",9,10.034192684632,10
"PTK66","PTK6",3,6.98155780034398,10
"KLK26","KLK2",10,7.8949701168574,10
"AOX16","AOX1",2,5.99598479085364,10
"SLC16A66","SLC16A6",4,10.4806165284571,10
"TRBC26","TRBC2",1,9.40729166890893,10
"AC018816.16","AC018816.1",4,7.79228867929186,10
"FCER1A6","FCER1A",2,7.34711841341632,10
"MRC16","MRC1",9,8.65796657507585,10
"RYR36","RYR3",10,7.44441085559463,10
"ENPP26","ENPP2",9,10.528822359182,10
"PTGER36","PTGER3",4,10.6639106805095,10
"MAT2A6","MAT2A",6,6.81011609963031,10
"ICAM16","ICAM1",1,9.52145667518921,10
"PADI36","PADI3",3,9.28172128460566,10
"GREM16","GREM1",8,7.48982392879489,10
"RGS226","RGS22",4,10.4231019924334,10
"KCNK176","KCNK17",10,8.31778871190352,10
"E2F26","E2F2",6,8.68517126149334,10
"DAPP16","DAPP1",1,8.66987125931892,10
"CHL16","CHL1",9,10.5007636234015,10
"NOXO16","NOXO1",6,7.65031388859269,10
"AC020659.16","AC020659.1",2,6.75364944309267,10
"PYGO16","PYGO1",7,5.82799353662256,10
"SHCBP16","SHCBP1",6,6.64631374793176,10
"OASL6","OASL",1,10.2687359536231,10
"DOK76","DOK7",4,7.6667035096599,10
"GAS6-AS16","GAS6-AS1",9,5.73008219566327,10
"NR1H46","NR1H4",8,9.67697221002103,10
"FCGR2B6","FCGR2B",1,8.5899897846579,10
"SLITRK56","SLITRK5",10,9.44840948090315,10
"CYP26A16","CYP26A1",10,11.1531212548911,10
"CLCF16","CLCF1",2,7.86541548604991,10
"AL136296.16","AL136296.1",4,9.539491005233,10
"GOLGA8N6","GOLGA8N",5,8.24441970079084,10
"ADAMDEC16","ADAMDEC1",1,10.9433476179217,10
"GALNT166","GALNT16",9,7.61458511701873,10
"C4orf196","C4orf19",9,8.52813491734686,10
"DIO3OS6","DIO3OS",9,7.71187707154059,10
"MT1M6","MT1M",2,8.47047132884994,10
"PDE9A6","PDE9A",6,9.95606758266682,10
"PRSS336","PRSS33",6,9.74617503271637,10
"ACOT46","ACOT4",4,7.53632911509598,10
"CPNE76","CPNE7",6,8.43521421807701,10
"MAPK126","MAPK12",6,7.6157220514607,10
"PRR116","PRR11",1,7.57699985565634,10
"CCDC1586","CCDC158",5,7.48382500837666,10
"CFD6","CFD",9,11.414614069067,10
"VPS9D1-AS16","VPS9D1-AS1",6,8.44284380524738,10
"CCL206","CCL20",1,9.7894320898787,10
"ROCR6","ROCR",6,9.44387873046496,10
"CDHR36","CDHR3",4,9.75007465141023,10
"AL355512.16","AL355512.1",8,9.74755673065874,10
"NTRK36","NTRK3",10,10.3885552256996,10
"CHRNA26","CHRNA2",8,11.3520962402281,10
"KCNH86","KCNH8",2,8.04406905594056,10
"FRMD36","FRMD3",1,8.09923159271938,10
"MCM26","MCM2",6,7.65579341663741,10
"HLA-DQB26","HLA-DQB2",1,8.3834061183257,10
"SNCG6","SNCG",2,7.61894958923416,10
"SULT1A26","SULT1A2",3,6.91915732735119,10
"SLC7A56","SLC7A5",6,7.34355933408307,10
"LILRB46","LILRB4",1,8.86070199847752,10
"MFSD2A6","MFSD2A",2,7.45965445343334,10
"OXTR6","OXTR",5,8.03014240119394,10
"MGAT36","MGAT3",5,6.43608828601288,10
"ANKRD296","ANKRD29",10,7.86274916236047,10
"IGSF9B6","IGSF9B",9,6.05572610537347,10
"SIX26","SIX2",3,7.90409540395648,10
"NRXN26","NRXN2",10,7.99829091097217,10
"OLR16","OLR1",2,7.11172882052645,10
"TK16","TK1",3,6.64241003520064,10
"AL035425.46","AL035425.4",6,8.19658202920456,10
"SLC35F36","SLC35F3",10,6.36056357039465,10
"DUXAP86","DUXAP8",7,7.11495244307156,10
"SLC15A26","SLC15A2",8,7.67981189417795,10
"LSAMP6","LSAMP",10,11.360833588184,10
"AC009501.36","AC009501.3",6,10.2860491111194,10
"TMEM2106","TMEM210",8,9.43267423017552,10
"LINC005116","LINC00511",10,7.35935283715236,10
"SCX6","SCX",6,7.44784145052698,10
"AL139220.26","AL139220.2",4,8.86473185987597,10
"AL669831.46","AL669831.4",5,8.64937444063689,10
"GATA6-AS16","GATA6-AS1",6,9.48992624487498,10
"IL1RN6","IL1RN",2,7.52409523027319,10
"ZNF826P6","ZNF826P",3,5.86581011804851,10
"MT1X6","MT1X",2,9.11429338229349,10
"PEG106","PEG10",5,7.79129425870552,10
"TWIST26","TWIST2",9,7.75823627616806,10
"LRRC266","LRRC26",8,7.65750973116012,10
"NRCAM6","NRCAM",10,8.52772484244316,10
"CCL4L26","CCL4L2",1,6.99447891076898,10
"ACSL66","ACSL6",1,8.15684525440177,10
"SCARNA226","SCARNA22",5,6.96010637251887,10
"LRRC4C6","LRRC4C",2,10.7728827688839,10
"FUT96","FUT9",6,6.6862321875884,10
"KCNQ56","KCNQ5",1,6.65719656007711,10
"SEMA3D6","SEMA3D",9,9.37458106562793,10
"PIWIL26","PIWIL2",4,6.87359855405688,10
"DLX16","DLX1",4,5.76313587392777,10
"ANKRD30BP16","ANKRD30BP1",10,8.05661960203323,10
"GASK1A6","GASK1A",6,7.46015730792671,10
"NT5E6","NT5E",7,9.23809454675167,10
"CKMT1A6","CKMT1A",6,7.4632478355534,10
"RGS27","RGS2",2,12.0407341001593,10
"CAMK2B6","CAMK2B",10,10.4026437192555,10
"FGD36","FGD3",4,8.4157011820238,10
"AC107464.36","AC107464.3",4,6.67234503026048,10
"RPL18A6","RPL18A",6,6.09534913534008,10
"PPP1R14B-AS16","PPP1R14B-AS1",8,6.60174214317984,10
"PCDHB166","PCDHB16",10,6.13661569822513,10
"ETV76","ETV7",1,10.8854584455581,10
"LEF16","LEF1",4,8.45345577259762,10
"COL14A16","COL14A1",5,8.45036735919441,10
"AC005523.26","AC005523.2",5,10.858104666646,10
"AP003392.36","AP003392.3",5,13.4130435625293,10
"UBXN106","UBXN10",4,11.6093671310267,10
"ZWINT6","ZWINT",7,6.44227551518516,10
"LERFS6","LERFS",6,4.94182927503591,10
"VSIG46","VSIG4",9,7.1966994728413,10
"BRINP26","BRINP2",4,6.08025017452224,10
"CFH6","CFH",9,12.1333553777806,10
"C14orf396","C14orf39",10,6.26043835809701,10
"FOLH16","FOLH1",6,9.21320814987457,10
"AC092053.46","AC092053.4",5,7.57658140579238,10
"LAMA16","LAMA1",9,7.44490991722978,10
"ADGRG26","ADGRG2",6,8.09820961895813,10
"TMCC26","TMCC2",6,8.21788394301073,10
"DAPK16","DAPK1",1,7.62925846931036,10
"GIPR6","GIPR",4,8.83799435493405,10
"ABHD66","ABHD6",8,8.02866057591928,10
"CENPE6","CENPE",3,7.012516802767,10
"ANK16","ANK1",10,7.10169384932434,10
"MAATS16","MAATS1",4,7.76941193692385,10
"ADCY56","ADCY5",10,6.9348896137664,10
"HOXC-AS36","HOXC-AS3",6,7.06442769577663,10
"SYT136","SYT13",1,5.7123949903201,10
"HOXB-AS16","HOXB-AS1",4,7.90481347768079,10
"WNT7B6","WNT7B",2,10.5720844543014,10
"KIF126","KIF12",4,13.1259813508659,10
"MGAM7","MGAM",2,9.86234860882415,10
"SNORD636","SNORD63",10,8.4588124928889,10
"RNU6-618P6","RNU6-618P",10,9.11432986221242,10
"PHYHD16","PHYHD1",4,7.37084242355674,10
"MIA6","MIA",2,7.49762259053072,10
"TMTC16","TMTC1",10,8.35752159408027,10
"SPNS26","SPNS2",6,6.65580134522866,10
"RACGAP16","RACGAP1",6,7.1913147313541,10
"CHST116","CHST11",7,8.40354979369947,10
"GMPR6","GMPR",6,6.77877683596965,10
"ACOT16","ACOT1",4,6.38719782159908,10
"ARHGAP11A6","ARHGAP11A",6,6.70701423424482,10
"STON26","STON2",4,8.64330541914713,10
"PANX26","PANX2",6,6.42523005615851,10
"SLC16A36","SLC16A3",1,8.2188303652209,10
"LPAR36","LPAR3",10,7.92749101046797,10
"NDP6","NDP",2,6.15686564832096,10
"KCNAB16","KCNAB1",6,9.27293809410543,10
"MIR4500HG6","MIR4500HG",6,6.59507820877211,10
"AC022075.16","AC022075.1",6,6.7346339540637,10
"PIM16","PIM1",7,8.04757100770822,10
"DTX46","DTX4",6,6.73241058592675,10
"CLCA46","CLCA4",2,8.76078104831235,10
"ACBD76","ACBD7",6,9.5422232437655,10
"RNU6-268P6","RNU6-268P",5,9.83349082616482,10
"CASP106","CASP10",3,7.58227754965761,10
"LINC005146","LINC00514",6,7.04984246626979,10
"AC007342.56","AC007342.5",4,6.7000481379746,10
"DCLK26","DCLK2",6,7.12878660063359,10
"PAX8-AS16","PAX8-AS1",2,6.13516714876502,10
"COCH6","COCH",6,8.27715364836631,10
"PDK46","PDK4",9,9.71828778843382,10
"ARC6","ARC",9,5.2863975345843,10
"SALL46","SALL4",7,8.84153602626015,10
"MX26","MX2",1,9.03198474788328,10
"GRIN2A6","GRIN2A",10,5.81482552920639,10
"HERC36","HERC3",8,8.57570843327653,10
"BAG26","BAG2",7,6.83356884081504,10
"MME6","MME",9,8.47004798297588,10
"PIR6","PIR",6,6.65902763044191,10
"WNT10A6","WNT10A",9,6.20259029835544,10
"TMEM178B6","TMEM178B",10,6.54618464433647,10
"KYAT16","KYAT1",8,7.79808115497514,10
"AL512306.36","AL512306.3",9,7.70176236075389,10
"RASAL16","RASAL1",6,10.4558415011531,10
"TTYH16","TTYH1",6,11.862162333004,10
"FAM171A16","FAM171A1",6,9.10360364737087,10
"FGFBP26","FGFBP2",7,7.8399700165758,10
"RNASE16","RNASE1",7,8.78494429803023,10
"TRBC16","TRBC1",1,9.96194725550526,10
"FGD16","FGD1",6,7.02545048439493,10
"AIM26","AIM2",1,12.1606943293886,10
"CRB26","CRB2",9,7.74426760390413,10
"AC004687.16","AC004687.1",1,10.4926449469868,10
"C19orf336","C19orf33",4,5.72675702438686,10
"DLK26","DLK2",9,7.95633772233744,10
"CNGA16","CNGA1",6,9.60960879514087,10
"AC093642.26","AC093642.2",2,5.84593089794524,10
"RPS6P126","RPS6P12",10,9.94479976841201,10
"RNU6-942P6","RNU6-942P",5,9.3041951841315,10
"SPATC1L6","SPATC1L",6,6.5011992483864,10
"SCN2A6","SCN2A",10,11.6724308097518,10
"SOX186","SOX18",7,9.4478189531817,10
"EGLN36","EGLN3",3,6.69072820970972,10
"AC124852.16","AC124852.1",10,7.93856904741182,10
"GUCY1A26","GUCY1A2",7,9.05827183339622,10
"AP000844.26","AP000844.2",4,9.84282718502006,10
"IRX16","IRX1",2,9.67157819961711,10
"PODN6","PODN",7,10.6653511909183,10
"CPXM26","CPXM2",7,8.917109681896,10
"TRIM176","TRIM17",2,8.35431149197075,10
"CLDN86","CLDN8",8,8.2656953324104,10
"UNC5C6","UNC5C",2,8.01897264157635,10
"UNC93B16","UNC93B1",6,5.02954536085138,10
"CGREF16","CGREF1",6,9.52665508196013,10
"ADAMTS86","ADAMTS8",10,5.90017158755262,10
"MTHFD1L6","MTHFD1L",6,7.38712172303934,10
"LINC020096","LINC02009",9,9.08658861743552,10
"RNF1826","RNF182",6,8.4300089112698,10
"KIFC16","KIFC1",7,6.76432052028263,10
"CYP2T1P6","CYP2T1P",7,6.46343447635614,10
"MARC16","MARC1",8,7.05657455522354,10
"GADD45G6","GADD45G",8,7.85514903025459,10
"TLX16","TLX1",6,9.66827180448477,10
"VIT6","VIT",9,6.82927832637655,10
"AC093535.26","AC093535.2",10,11.894491351365,10
"PNMA26","PNMA2",2,6.76510404049005,10
"OIP56","OIP5",6,7.70993306852735,10
"SOX156","SOX15",7,6.01226338376905,10
"TREM26","TREM2",2,7.39123776109192,10
"DYNC1I16","DYNC1I1",10,7.51699351548706,10
"ROBO36","ROBO3",2,7.54637631674542,10
"MLLT116","MLLT11",6,6.2988717669244,10
"ACKR16","ACKR1",9,9.19444459023782,10
"ANKRD356","ANKRD35",6,7.33982204708077,10
"ISM16","ISM1",9,10.0000151865563,10
"PRSS126","PRSS12",9,7.24346670947816,10
"ABTB26","ABTB2",6,8.71414908875584,10
"WFDC16","WFDC1",7,6.65351634172207,10
"CCNO6","CCNO",4,6.11962509363416,10
"LRFN46","LRFN4",6,7.2395672980369,10
"PIWIL46","PIWIL4",9,6.29399463427413,10
"AC091429.16","AC091429.1",5,5.7987083229632,10
"FHL16","FHL1",7,9.56463052144807,10
"CYP2J26","CYP2J2",8,8.34511789132125,10
"FAM20A6","FAM20A",1,6.88080899259432,10
"EVA1A6","EVA1A",7,6.9649419344471,10
"FER1L56","FER1L5",10,6.69370557868822,10
"LINC015586","LINC01558",6,9.54915690587146,10
"RNU2-63P6","RNU2-63P",6,6.42816127833113,10
"S100A7A6","S100A7A",3,9.71272547556583,10
"C1QL16","C1QL1",10,9.25683174386964,10
"ATP8A16","ATP8A1",8,7.47577444820233,10
"NRK6","NRK",10,9.71998929488811,10
"PAK56","PAK5",10,9.94019745351323,10
"FBP16","FBP1",4,9.40136105109705,10
"HK26","HK2",6,6.08842635051083,10
"KLHL296","KLHL29",10,9.53192087410199,10
"OAS36","OAS3",1,9.79950424819145,10
"SCN4B6","SCN4B",9,7.17949090082529,10
"APLP16","APLP1",7,6.57119472989639,10
"PLCL16","PLCL1",4,9.90033551432794,10
"CDC76","CDC7",7,6.03708531045039,10
"CD486","CD48",1,9.82018586816429,10
"EPHB16","EPHB1",10,7.26430796579274,10
"SLC38A56","SLC38A5",1,6.775834277387,10
"BRINP16","BRINP1",2,9.61639990541826,10
"CTAGE96","CTAGE9",6,5.48019428124131,10
"AL021807.16","AL021807.1",7,5.58949042914186,10
"MT1L6","MT1L",7,8.53094115912212,10
"IRX46","IRX4",10,8.00157143332205,10
"POU4F16","POU4F1",6,8.87951470991803,10
"NME56","NME5",4,8.09305837436304,10
"PKDCC6","PKDCC",7,6.62505750434974,10
"BCAP316","BCAP31",7,5.84067859527908,10
"STAC7","STAC",6,7.57749112763424,10
"PCDH186","PCDH18",9,8.94386633920947,10
"CYP26B16","CYP26B1",7,7.9425406678788,10
"ARTN6","ARTN",6,7.13982300722198,10
"ATP1A46","ATP1A4",2,5.15344356934822,10
"LUCAT16","LUCAT1",2,9.33538916474236,10
"CHMP1B2P6","CHMP1B2P",6,6.78924262163383,10
"CA66","CA6",6,8.52264456104965,10
"EPOR6","EPOR",4,6.19579366249596,10
"PRRX26","PRRX2",7,10.0765446814922,10
"ARX6","ARX",7,6.19385071035842,10
"MISP6","MISP",4,7.58563744333855,10
"AC092296.26","AC092296.2",5,11.1950543367441,10
"KPNA26","KPNA2",6,6.97999771342233,10
"ANXA96","ANXA9",4,8.55645044187136,10
"FAM238C6","FAM238C",6,9.18171558785204,10
"PLAC96","PLAC9",9,10.3277408066933,10
"BCL11B6","BCL11B",9,6.37748870760722,10
"WNT9A6","WNT9A",2,9.26083286730891,10
"CRTAC16","CRTAC1",6,7.10427127303075,10
"ADGRG66","ADGRG6",6,8.94103462590301,10
"CNIH26","CNIH2",6,7.72005808703539,10
"SHC36","SHC3",6,9.25638258152859,10
"AC005062.16","AC005062.1",2,6.69346188725474,10
"SULT2B16","SULT2B1",8,6.81023478533935,10
"BMP46","BMP4",4,7.84469434656256,10
"NDN6","NDN",9,9.21649259849564,10
"CD2006","CD200",10,8.63921483072159,10
"VSTM56","VSTM5",6,10.1202847153579,10
"SERPINA36","SERPINA3",2,9.54968995868028,10
"LAMC36","LAMC3",9,10.3655450312373,10
"SIGLEC17","SIGLEC1",1,8.94771847962397,10
"CENPN6","CENPN",6,7.69254170186881,10
"CLEC14A6","CLEC14A",7,8.78013238046828,10
"STYK16","STYK1",8,7.71150439729669,10
"PRICKLE16","PRICKLE1",6,8.51946203339869,10
"AC068446.26","AC068446.2",5,5.63401075830545,10
"MAPK8IP26","MAPK8IP2",7,6.1345125216969,10
"SYBU6","SYBU",4,9.15030969787375,10
"C9orf1526","C9orf152",4,6.77993766501861,10
"FPR36","FPR3",1,10.0721725086179,10
"SRP14P46","SRP14P4",8,10.5062711802893,10
"HOXC126","HOXC12",6,7.74985769143709,10
"GABRP6","GABRP",2,9.02490964022755,10
"SLC26A76","SLC26A7",6,6.97541592128397,10
"KAZALD16","KAZALD1",3,7.80964848815634,10
"FGF76","FGF7",9,11.2411971099872,10
"PCP26","PCP2",4,9.44138910744759,10
"CSRNP36","CSRNP3",10,9.99090286322738,10
"NCF26","NCF2",1,8.20890604333936,10
"SLC52A16","SLC52A1",7,6.13878803837576,10
"C4BPB6","C4BPB",2,7.67816989604953,10
"PTPN206","PTPN20",6,6.05464334886478,10
"ATP1B26","ATP1B2",10,6.92374455662419,10
"RGS66","RGS6",6,7.10554618243646,10
"ACOX26","ACOX2",4,5.68486303266936,10
"TMEM716","TMEM71",6,7.68481432629761,10
"HILPDA6","HILPDA",8,6.90294082480674,10
"HOXA56","HOXA5",5,7.25465383832652,10
"AC091231.26","AC091231.2",5,10.7273418556801,10
"LINC004616","LINC00461",10,7.15119741697147,10
"CCN46","CCN4",7,10.2758196569862,10
"AL589880.16","AL589880.1",6,5.94078407069298,10
"GBP1P16","GBP1P1",1,9.51680435210359,10
"ADORA16","ADORA1",6,8.01127452167467,10
"MKRN36","MKRN3",6,7.90617545965937,10
"RNU6-130P6","RNU6-130P",5,10.1765076369418,10
"GGTA1P6","GGTA1P",9,11.3956548018236,10
"RBP16","RBP1",2,7.73291957794622,10
"GPRIN16","GPRIN1",3,7.01869124199118,10
"SNHG186","SNHG18",2,6.83219722616155,10
"TRIM96","TRIM9",10,10.5047422826524,10
"SMPD36","SMPD3",4,8.86272241954148,10
"GAD16","GAD1",3,6.30347347596987,10
"AC018500.16","AC018500.1",5,12.5612641389846,10
"CCR16","CCR1",1,9.47931771253756,10
"ANKRD376","ANKRD37",8,7.08386374853939,10
"PPARG6","PPARG",2,6.42630836781651,10
"CPXM16","CPXM1",10,8.64775683433929,10
"NPPC6","NPPC",10,6.19697544843808,10
"AL391832.26","AL391832.2",8,7.14528843927573,10
"CRAT6","CRAT",8,8.21313503511309,10
"IQCA16","IQCA1",5,7.85503196924947,10
"NKX3-16","NKX3-1",2,8.02018380611339,10
"ASF1B6","ASF1B",3,7.04334017143051,10
"FAM234B6","FAM234B",8,8.08459071664492,10
"ITGA76","ITGA7",10,9.61247644672128,10
"AC010997.66","AC010997.6",5,7.26954819553013,10
"CALHM66","CALHM6",1,9.24456471602688,10
"MIR503HG6","MIR503HG",7,9.041348965229,10
"NANOS16","NANOS1",2,7.62760825085928,10
"CD526","CD52",1,9.72049304307118,10
"TCN26","TCN2",6,6.19681581219666,10
"ADAMTS9-AS26","ADAMTS9-AS2",10,9.60049526402106,10
"RSPO16","RSPO1",9,7.36375109456531,10
"RNA5SP1876","RNA5SP187",5,11.4227490053205,10
"APOC16","APOC1",1,8.17854065065016,10
"AC069120.16","AC069120.1",10,8.96898460340335,10
"MAD2L16","MAD2L1",6,6.83346533191355,10
"TSPAN126","TSPAN12",6,8.7082662485629,10
"AC013652.16","AC013652.1",10,8.05593783992807,10
"PAX96","PAX9",10,6.44745520892485,10
"GPX76","GPX7",7,7.14626169615522,10
"AC004233.26","AC004233.2",6,7.10225790448841,10
"PAPPA6","PAPPA",7,7.68335469250204,10
"CKS26","CKS2",6,6.85137003364179,10
"LGR56","LGR5",1,7.96865767628101,10
"GFAP6","GFAP",10,7.36591037690109,10
"AC017071.16","AC017071.1",5,9.2003762480457,10
"ADORA36","ADORA3",2,6.52632916079906,10
"KLHL136","KLHL13",10,7.35450754957686,10
"NPTX16","NPTX1",10,11.8626593571277,10
"S1PR36","S1PR3",8,8.36638623930674,10
"TMEM176A6","TMEM176A",1,7.69944343452646,10
"NINJ26","NINJ2",7,8.29051091636376,10
"TCF156","TCF15",6,7.65830122024877,10
"VWDE6","VWDE",10,7.14441609712515,10
"WNT5B6","WNT5B",10,8.53860454121071,10
"CLDN146","CLDN14",8,9.088565589976,10
"AC073869.16","AC073869.1",6,8.0606143622966,10
"CCDC266","CCDC26",10,10.1586544525516,10
"SLC27A66","SLC27A6",10,8.03490900987783,10
"PRUNE26","PRUNE2",6,5.27177008759533,10
"MT-TS26","MT-TS2",6,6.8973843183786,10
"PKIA6","PKIA",10,6.76360451214852,10
"GJA56","GJA5",7,9.02686729022199,10
"SNX226","SNX22",10,9.02472150492247,10
"HOXA46","HOXA4",9,7.1332081304241,10
"CCNB16","CCNB1",3,6.82365698678689,10
"SNAI26","SNAI2",7,9.33024848296744,10
"SLC2A126","SLC2A12",6,6.25811695695416,10
"SPOCK16","SPOCK1",7,13.3480254050906,10
"NELL26","NELL2",6,6.31423717545329,10
"MIR924HG6","MIR924HG",6,8.03060610311406,10
"IGF16","IGF1",9,12.3416113120988,10
"SAMD56","SAMD5",10,10.8611524438376,10
"MIR646HG6","MIR646HG",10,7.68260141839911,10
"CDKN2C6","CDKN2C",7,7.79499215902836,10
"PTGFR6","PTGFR",9,7.07147868191128,10
"HDAC96","HDAC9",10,5.44874666332964,10
"STEAP16","STEAP1",3,5.83993374817459,10
"MATN36","MATN3",7,8.63222799430448,10
"AL450345.26","AL450345.2",8,6.65740447066454,10
"AC104333.36","AC104333.3",10,6.86538040611384,10
"DOC2A6","DOC2A",10,10.2319200090525,10
"YBX26","YBX2",6,6.92489429207514,10
"NXPH36","NXPH3",4,11.2385724556336,10
"GTF2H2B6","GTF2H2B",5,7.89702412390657,10
"AL365181.36","AL365181.3",2,6.94128560810982,10
"OLFM16","OLFM1",2,5.8098922999363,10
"SNCAIP6","SNCAIP",10,6.91313346084985,10
"FXYD66","FXYD6",7,7.88343316200871,10
"NAPSB6","NAPSB",1,7.1765173663889,10
"ENO26","ENO2",7,10.264645229653,10
"JPH26","JPH2",9,7.21924561284135,10
"PELI26","PELI2",9,7.99982509528224,10
"AC127526.56","AC127526.5",4,6.14084694371228,10
"AC239800.26","AC239800.2",2,7.93172337990956,10
"GIMAP76","GIMAP7",9,9.88706403162663,10
"ITPRID16","ITPRID1",6,9.23383068493952,10
"FOXA16","FOXA1",4,9.58958961502661,10
"SPAG56","SPAG5",6,7.39438167666073,10
"EML56","EML5",8,6.73570114482949,10
"AC130304.16","AC130304.1",5,8.21861071486053,10
"ORC16","ORC1",6,7.16664428460346,10
"AC068888.26","AC068888.2",5,8.49322790577533,10
"GTSE16","GTSE1",6,7.53955097525687,10
"GREB1L6","GREB1L",4,6.4811096086119,10
"ANKRD20A21P6","ANKRD20A21P",4,7.32795735660657,10
"HMGCLL16","HMGCLL1",10,9.95616339654714,10
"VSNL16","VSNL1",6,7.93237600630965,10
"NMB6","NMB",6,7.16881030569989,10
"HSH2D6","HSH2D",4,8.96715449683837,10
"CHST26","CHST2",2,6.07181061159916,10
"FANCA6","FANCA",10,7.2183723686646,10
"SPHK16","SPHK1",7,6.64488863508207,10
"IGKC6","IGKC",9,14.5003978572328,10
"ABCA96","ABCA9",9,10.4638011627391,10
"NRG26","NRG2",10,10.9153960325443,10
"FAP6","FAP",7,8.88370504352651,10
"CD696","CD69",9,8.72552090408018,10
"CNTD26","CNTD2",4,8.34254734996413,10
"ARL17B6","ARL17B",10,7.83115033084933,10
"RBP76","RBP7",4,8.22818485312989,10
"ITGAX6","ITGAX",1,9.23818664157981,10
"FAT36","FAT3",10,10.1779715691002,10
"GRAMD2A6","GRAMD2A",2,7.5185387745431,10
"EYA26","EYA2",2,7.66422853977809,10
"VGF6","VGF",6,8.85074488335001,10
"ATP8A26","ATP8A2",2,7.58863135823449,10
"GNAL6","GNAL",10,7.8145332234335,10
"DNM3OS6","DNM3OS",7,10.3385593764842,10
"C17orf776","C17orf77",8,7.90280503569669,10
"TRAF3IP36","TRAF3IP3",9,7.82700225937749,10
"TMPRSS56","TMPRSS5",6,8.02180650630962,10
"AJ009632.26","AJ009632.2",4,7.77850739464587,10
"COL8A16","COL8A1",7,10.1841447286577,10
"KLHDC96","KLHDC9",4,6.95483638565195,10
"TENM16","TENM1",10,9.40731678658327,10
"DNA26","DNA2",6,9.08631466539737,10
"MND16","MND1",6,7.98253909933205,10
"SMOC26","SMOC2",4,9.84429588224507,10
"CFAP436","CFAP43",4,8.71018700457977,10
"B4GALNT36","B4GALNT3",6,7.42466017505523,10
"MGAM26","MGAM2",1,7.18340525480263,10
"ZNF812P6","ZNF812P",8,6.37520143563445,10
"HSD11B26","HSD11B2",6,7.08729689170114,10
"FSCN16","FSCN1",6,7.36992224814297,10
"TRPM2-AS6","TRPM2-AS",10,6.59495271497414,10
"ECEL16","ECEL1",10,7.24757516715488,10
"ARHGAP156","ARHGAP15",9,6.59135996750469,10
"CPLX16","CPLX1",4,8.37935300463363,10
"FREM16","FREM1",9,7.35941722519337,10
"WDR626","WDR62",6,7.3892473020877,10
"SPATA186","SPATA18",9,7.0914765431993,10
"AP001496.46","AP001496.4",10,10.6851106509416,10
"ABCA106","ABCA10",9,10.1659183942981,10
"ZDHHC26","ZDHHC2",2,6.96263571574651,10
"SKP26","SKP2",6,6.70484078288144,10
"ZNF3676","ZNF367",6,7.38028220057171,10
"SPCS26","SPCS2",7,6.24119390628767,10
"APCDD16","APCDD1",9,8.8588376075544,10
"IL20RA6","IL20RA",4,6.64059762973777,10
"ATG9B6","ATG9B",6,7.98550882028211,10
"ACTA16","ACTA1",7,6.54844721875466,10
"KCNB16","KCNB1",10,7.36469547152209,10
"LINC009606","LINC00960",6,6.40571820851643,10
"ZNF4866","ZNF486",2,6.94768494542338,10
"GPAT36","GPAT3",2,6.33798827725459,10
"BAIAP36","BAIAP3",4,8.58613785370183,10
"SLC6A116","SLC6A11",6,8.71357768149685,10
"TNFRSF14-AS16","TNFRSF14-AS1",10,7.91429835644541,10
"PLAT6","PLAT",4,8.79230043968383,10
"ZMYND106","ZMYND10",4,9.51317051909177,10
"FOXC16","FOXC1",6,10.2979325301869,10
"GRHL36","GRHL3",6,6.74947518617714,10
"NEURL1B6","NEURL1B",7,8.34076079913384,10
"SLAMF76","SLAMF7",9,9.20262574609668,10
"KNSTRN6","KNSTRN",8,7.37034839887234,10
"SNPH6","SNPH",2,7.0457852517754,10
"PRTG6","PRTG",10,10.5157812367629,10
"IL12RB26","IL12RB2",1,6.92696844184837,10
"AC004982.16","AC004982.1",4,8.60445323328863,10
"TMEM1396","TMEM139",6,6.80275561397151,10
"SLC16A96","SLC16A9",4,8.86933121426176,10
"FA2H6","FA2H",10,6.37103553713525,10
"AL161908.16","AL161908.1",4,9.42997518164175,10
"VAX26","VAX2",6,8.18564507348391,10
"MOCS16","MOCS1",10,6.87579390560456,10
"MEDAG6","MEDAG",9,9.08836102571789,10
"RFTN16","RFTN1",7,7.61415168732811,10
"CKMT1B6","CKMT1B",6,7.38368274120035,10
"DOC2B6","DOC2B",1,5.38297000810165,10
"SLC30A86","SLC30A8",6,5.80802837663947,10
"C1QTNF16","C1QTNF1",7,6.3890161054631,10
"AL009179.26","AL009179.2",6,7.14728276961618,10
"SNORA126","SNORA12",4,5.93402308077116,10
"KLF156","KLF15",6,7.21223683852489,10
"LINC009586","LINC00958",10,9.72640471593086,10
"GFPT26","GFPT2",7,8.95359221242444,10
"RGMA6","RGMA",6,9.29934304817792,10
"C5AR26","C5AR2",4,10.3629905151265,10
"SLCO5A16","SLCO5A1",6,7.54883721260226,10
"MICU36","MICU3",9,8.53946741585884,10
"ACTL86","ACTL8",6,8.3474254007589,10
"PHPT16","PHPT1",7,6.01805274532535,10
"HBA26","HBA2",9,7.57175619343266,10
"TBC1D10C6","TBC1D10C",1,10.2557706283628,10
"LINC009646","LINC00964",6,9.32152424143581,10
"CARD66","CARD6",9,7.33078258246599,10
"FP565260.16","FP565260.1",2,6.29405248453676,10
"ANOS16","ANOS1",4,6.88182807808338,10
"CD8A6","CD8A",1,9.20449630361603,10
"CASC16","CASC1",4,8.22977484480602,10
"GJC16","GJC1",7,8.68682890117095,10
"AL732437.36","AL732437.3",6,7.80121821383436,10
"MIR222HG6","MIR222HG",9,7.76354502706579,10
"NAT8L6","NAT8L",6,8.60361744610246,10
"LINC012666","LINC01266",9,5.44932124625943,10
"PHC16","PHC1",6,7.17518327628911,10
"PCDHA106","PCDHA10",10,4.94708309110462,10
"RAB6B6","RAB6B",6,6.60132545800684,10
"NMU6","NMU",6,7.76582921917091,10
"TUSC86","TUSC8",10,6.38744893438964,10
"GJB36","GJB3",7,6.79638923253475,10
"AHNAK26","AHNAK2",7,9.29156752773644,10
"STC26","STC2",4,10.9171396396923,10
"COL5A16","COL5A1",7,13.5727264652461,10
"AMIGO26","AMIGO2",10,7.82369103143102,10
"NR2F16","NR2F1",9,7.71487498618299,10
"LINC005786","LINC00578",10,10.5013573762324,10
"EMSLR6","EMSLR",6,8.29244675408259,10
"CASQ16","CASQ1",2,5.27656838411276,10
"PTGS16","PTGS1",7,6.21451282344289,10
"IL17RB6","IL17RB",4,10.4136913277088,10
"AL109918.16","AL109918.1",6,6.83414307288799,10
"ANO56","ANO5",5,5.82275360472123,10
"FCGBP6","FCGBP",2,6.69760542719271,10
"SMPD46","SMPD4",4,6.33739735567569,10
"ADAMTS186","ADAMTS18",10,10.0029914151642,10
"TP53AIP16","TP53AIP1",10,8.75129815360879,10
"FABP66","FABP6",3,8.62870534103931,10
"FMOD6","FMOD",5,7.2686544143799,10
"ADAMTS56","ADAMTS5",5,9.42804171307107,10
"MTCO1P126","MTCO1P12",7,5.40810169693354,10
"AC005154.26","AC005154.2",5,9.22177408689676,10
"SUSD26","SUSD2",7,5.8601697830996,10
"DCDC16","DCDC1",4,9.06571094068411,10
"DCLK16","DCLK1",10,8.35440007074747,10
"HSPB66","HSPB6",9,9.98667072021254,10
"P2RY66","P2RY6",1,7.28638510277567,10
"CBR36","CBR3",3,6.83052802340825,10
"COL17A16","COL17A1",9,8.91453909666715,10
"PLIN56","PLIN5",4,11.1070115214136,10
"MIAT6","MIAT",1,6.98167937795568,10
"COX7A16","COX7A1",2,7.07481733067798,10
"ZNF6136","ZNF613",8,7.65982977670263,10
"AC108749.16","AC108749.1",8,6.9682228462171,10
"LOX6","LOX",7,10.7790515441109,10
"PIK3AP16","PIK3AP1",1,8.37016608428564,10
"PLK46","PLK4",6,7.63592568165082,10
"GLT8D26","GLT8D2",9,8.60009551012448,10
"COL28A16","COL28A1",6,6.52336867931593,10
"COLEC126","COLEC12",9,9.36504554201257,10
"HTRA36","HTRA3",7,12.2443706723064,10
"SPESP16","SPESP1",6,5.19256183353167,10
"CLEC4F6","CLEC4F",6,9.23148558601148,10
"DLL16","DLL1",9,7.58036644234534,10
"BMERB16","BMERB1",5,8.72087904131292,10
"CLDN236","CLDN23",6,8.61520271337306,10
"TDO26","TDO2",3,8.51902360616839,10
"PLEK6","PLEK",1,10.3424024742686,10
"RASL126","RASL12",9,6.59862445288471,10
"MIR210HG6","MIR210HG",6,6.39495530825443,10
"SOD36","SOD3",8,8.63798650013617,10
"IL2RB6","IL2RB",1,9.50887389928225,10
"RASSF96","RASSF9",1,5.76055004566968,10
"PCSK46","PCSK4",4,8.66520665041964,10
"FLRT36","FLRT3",10,8.43006501343189,10
"NGEF6","NGEF",6,8.19415748277468,10
"PLAUR6","PLAUR",1,8.00333957173201,10
"AC109326.16","AC109326.1",9,5.41116207162312,10
"AL365361.16","AL365361.1",9,9.50366555539503,10
"PLEKHF16","PLEKHF1",9,6.15664987187842,10
"AC025031.56","AC025031.5",5,9.34641158890733,10
"PPFIA46","PPFIA4",6,7.70327185289306,10
"SFRP26","SFRP2",7,12.6253578570273,10
"LINC003246","LINC00324",2,6.48361132279692,10
"CD536","CD53",1,8.79784066013539,10
"RAMP16","RAMP1",7,8.76321593549555,10
"DIPK1B6","DIPK1B",6,7.45617113040109,10
"TMEM92-AS16","TMEM92-AS1",8,7.39259600826981,10
"F76","F7",4,9.42467121197541,10
"GPRC5D-AS16","GPRC5D-AS1",6,5.3023455548419,10
"NALCN6","NALCN",6,6.66140930355224,10
"ANKS66","ANKS6",7,7.84058657392548,10
"MMP256","MMP25",4,7.82887886641166,10
"TFEC6","TFEC",1,9.46251870750702,10
"AL445223.16","AL445223.1",5,7.41640389820476,10
"FBXL166","FBXL16",6,7.21209626227542,10
"FAM92A1P26","FAM92A1P2",10,9.67057742837419,10
"GHR6","GHR",10,7.58182592554863,10
"HOXA36","HOXA3",5,5.98687883874933,10
"RNF144A6","RNF144A",7,8.04890353241572,10
"SCUBE16","SCUBE1",4,10.0604855477101,10
"THEMIS26","THEMIS2",1,9.43570078560515,10
"SHROOM16","SHROOM1",2,8.64364715946442,10
"AC093838.16","AC093838.1",4,10.6750205837339,10
"GNAI16","GNAI1",8,8.1849521714143,10
"DUSP96","DUSP9",6,8.05003730170192,10
"HNRNPA1P546","HNRNPA1P54",10,9.87119979234605,10
"CACHD16","CACHD1",9,8.10143286098212,10
"PDGFD6","PDGFD",9,7.48122960703921,10
"TWIST16","TWIST1",7,8.96287020485021,10
"NTN16","NTN1",6,7.31912530288028,10
"TACC36","TACC3",6,6.61102395657096,10
"AC005831.16","AC005831.1",4,6.00238178592597,10
"FMO16","FMO1",9,9.0377459065331,10
"C3AR16","C3AR1",2,7.14928745073265,10
"WNK36","WNK3",5,6.16661562293951,10
"ANGPTL26","ANGPTL2",9,10.2953276232242,10
"RPL21P166","RPL21P16",5,13.7265552745252,10
"RBP56","RBP5",10,6.76255525996186,10
"KIF5C6","KIF5C",10,8.49405046961014,10
"PRELID3A6","PRELID3A",6,8.08292416127364,10
"CYTIP6","CYTIP",1,8.93821837036712,10
"KIAA17556","KIAA1755",5,9.13883094495422,10
"RNU2-64P6","RNU2-64P",5,10.5229395288958,10
"IGSF106","IGSF10",9,8.4550969648556,10
"AC037198.16","AC037198.1",9,6.63722182333919,10
"ENHO6","ENHO",6,7.21894768264239,10
"AL356417.26","AL356417.2",7,8.8170969798673,10
"CD276","CD27",9,8.85581640424829,10
"MARCHF36","MARCHF3",6,7.57593254254213,10
"ASPHD16","ASPHD1",1,6.8793103397763,10
"TGM56","TGM5",6,6.52048840123879,10
"LINC011166","LINC01116",7,8.42378661742459,10
"STRA66","STRA6",10,6.84233920650706,10
"FZD10-AS16","FZD10-AS1",9,8.30220507559735,10
"PAK36","PAK3",9,7.94661887629468,10
"Z95114.46","Z95114.4",8,9.24051983412589,10
"CA126","CA12",4,9.68662702978092,10
"PLAG16","PLAG1",6,6.97163284517682,10
"HLA-DOA6","HLA-DOA",1,7.66712628427036,10
"GINS46","GINS4",6,7.77641060670333,10
"JAML6","JAML",9,8.49333154172953,10
"DNAJC226","DNAJC22",3,6.63201010392268,10
"ANKRD20A5P6","ANKRD20A5P",10,6.72404022307559,10
"ZDHHC11B6","ZDHHC11B",4,7.16431907496904,10
"CA86","CA8",4,8.5485157564348,10
"MT-TC6","MT-TC",6,6.51798706467112,10
"PIK3C2G6","PIK3C2G",5,9.32200990099121,10
"SP66","SP6",3,6.69755971261089,10
"CCL216","CCL21",9,7.55336554320705,10
"KCNQ36","KCNQ3",6,5.7497334859983,10
"RN7SL359P6","RN7SL359P",10,7.56301959013152,10
"PDE1C6","PDE1C",10,8.18317877928214,10
"CIART6","CIART",6,9.20182141796033,10
"STAC26","STAC2",2,10.9903047022374,10
"NUP62CL6","NUP62CL",8,6.13515892749428,10
"XRCC26","XRCC2",6,8.55169903342712,10
"PTP4A36","PTP4A3",6,6.96287509973913,10
"FPR16","FPR1",1,8.17691404740753,10
"HLA-DOB6","HLA-DOB",1,8.64681821442755,10
"SCN3A6","SCN3A",10,8.47898261316977,10
"FABP56","FABP5",6,7.57026891465621,10
"DOCK36","DOCK3",6,6.58557853520967,10
"FADS16","FADS1",8,6.51131636271177,10
"ADRB16","ADRB1",4,6.71770452629722,10
"MCOLN26","MCOLN2",1,7.06132390830094,10
"PARVG6","PARVG",9,6.92755011962219,10
"SPP16","SPP1",2,8.94884126284416,10
"LINC008656","LINC00865",6,6.13169012174816,10
"AL844908.16","AL844908.1",1,6.97020754208325,10
"GALNTL66","GALNTL6",10,6.40383044466284,10
"CYGB6","CYGB",7,9.00714870655978,10
"AL078595.16","AL078595.1",5,14.7317538677162,10
"EDA2R6","EDA2R",10,7.94271450434059,10
"CAPN156","CAPN15",2,6.7668140116326,10
"NKD26","NKD2",10,7.52618922270545,10
"AL033384.16","AL033384.1",6,8.15317685175636,10
"ZNF6836","ZNF683",1,8.90925356678768,10
"GPR276","GPR27",10,7.31983453040213,10
"NDRG46","NDRG4",7,7.03460311507728,10
"SLC17A96","SLC17A9",7,7.65999490055102,10
"PDLIM46","PDLIM4",2,8.67097889734604,10
"H1-36","H1-3",10,9.25268520075747,10
"SBSPON6","SBSPON",2,7.35996330618534,10
"GLIPR26","GLIPR2",6,7.85130601943085,10
"FAM78B6","FAM78B",1,6.95669701155626,10
"TBILA6","TBILA",4,8.51716177704566,10
"DYSF6","DYSF",7,6.79975415898192,10
"MAPK106","MAPK10",8,7.46812965220826,10
"HES26","HES2",2,5.9704014924968,10
"AC008780.16","AC008780.1",6,7.02663904297133,10
"SMIM10L2A6","SMIM10L2A",10,8.12287272304651,10
"SLC6A96","SLC6A9",7,6.88454286429123,10
"OLFML2B6","OLFML2B",7,9.35394420769626,10
"GALNT136","GALNT13",6,8.51989208321558,10
"LMOD16","LMOD1",9,8.9930194735355,10
"RNFT26","RNFT2",6,7.98333725302579,10
"LDB26","LDB2",9,11.3154096655221,10
"RASGEF1A6","RASGEF1A",7,7.68097612355929,10
"EPHB26","EPHB2",1,7.15370192217272,10
"GRIN2B6","GRIN2B",10,8.25396904797169,10
"SDS6","SDS",1,6.56871661815214,10
"AL591845.16","AL591845.1",4,6.84150889969831,10
"ITGB36","ITGB3",7,7.39601631712853,10
"ELF56","ELF5",6,11.2298405074385,10
"CD300LG6","CD300LG",9,6.89940286897861,10
"LMNTD2-AS16","LMNTD2-AS1",4,9.42757794014398,10
"MYOZ26","MYOZ2",8,9.60198965613087,10
"OSR16","OSR1",10,6.85427416602827,10
"AP001783.16","AP001783.1",6,9.9943000488099,10
"CALCRL6","CALCRL",9,8.21353121516351,10
"TRIM686","TRIM68",8,7.53097680711112,10
"MST1L6","MST1L",4,6.21408948191559,10
"AP000769.16","AP000769.1",8,7.05274007424507,10
"CD1E6","CD1E",1,8.19762949867309,10
"CGAS6","CGAS",1,8.77194382870485,10
"SLC49A36","SLC49A3",8,7.51171227270305,10
"IKZF36","IKZF3",1,8.34858345510694,10
"KIF18A6","KIF18A",6,6.35142202312733,10
"IL10RA6","IL10RA",9,9.3690647738755,10
"APLN6","APLN",10,7.13718243434982,10
"RIPK36","RIPK3",9,6.23389862170607,10
"HAND26","HAND2",6,5.9648015712207,10
"ACAN6","ACAN",7,7.04115383050235,10
"EPB41L36","EPB41L3",8,6.89849977747051,10
"ME36","ME3",10,7.88778621261076,10
"CD866","CD86",1,9.5893965007657,10
"PI4KA6","PI4KA",2,6.06757093923232,10
"CACNA2D16","CACNA2D1",9,6.86306162352966,10
"CKB6","CKB",7,8.35855405387339,10
"AWAT26","AWAT2",8,7.61643787382238,10
"FAM106A6","FAM106A",7,5.70365188022689,10
"NCAN6","NCAN",6,8.16648316805633,10
"AF131215.46","AF131215.4",10,9.13903997861614,10
"C19orf186","C19orf18",8,7.56785322432531,10
"MANEAL6","MANEAL",3,7.42227851689816,10
"GSEC6","GSEC",6,7.69122864471917,10
"ZSCAN236","ZSCAN23",10,8.94697010274843,10
"CYTOR6","CYTOR",2,8.92864808841177,10
"FHOD36","FHOD3",9,7.6132837739957,10
"PLEKHG16","PLEKHG1",1,6.96966600819135,10
"FBXO176","FBXO17",6,7.73955622257271,10
"ALOX5AP6","ALOX5AP",1,8.21149567468626,10
"TM4SF1-AS16","TM4SF1-AS1",8,6.94910186042891,10
"HEPH6","HEPH",10,6.8007478069408,10
"LAMA26","LAMA2",9,8.85350047794388,10
"PLIN46","PLIN4",9,7.11508648756916,10
"FGD56","FGD5",7,7.12766567549802,10
"ABCA66","ABCA6",9,10.9423206192874,10
"APOL36","APOL3",9,8.09087510146207,10
"LYPD16","LYPD1",1,6.20541621476256,10
"ZNF2146","ZNF214",4,6.97388663554109,10
"LINC006496","LINC00649",4,6.06291921699841,10
"XYLT16","XYLT1",7,6.98327759292049,10
"ALPL6","ALPL",8,6.98277596810862,10
"TF6","TF",10,8.83078863648318,10
"PNMA6A6","PNMA6A",6,7.95002577633169,10
"APCDD1L-DT6","APCDD1L-DT",6,9.24643033286734,10
"MMP156","MMP15",6,7.57374707756466,10
"AL670729.36","AL670729.3",6,6.25799523707798,10
"AC092078.36","AC092078.3",8,8.48636720344012,10
"LRRN26","LRRN2",6,6.44564210727875,10
"TMEM229B6","TMEM229B",4,7.40964497540092,10
"ARHGEF46","ARHGEF4",10,6.8848066973437,10
"TGFA6","TGFA",9,6.90498243181353,10
"ST3GAL46","ST3GAL4",6,7.2636713950864,10
"ZDHHC116","ZDHHC11",4,6.90831369224829,10
"SCD56","SCD5",2,8.19407932092793,10
"DUSP26","DUSP2",2,9.10049289932964,10
"SYT176","SYT17",4,8.37814694275002,10
"PLA2G4A6","PLA2G4A",6,6.80762715145068,10
"DRC36","DRC3",10,7.51247535169916,10
"CLDN116","CLDN11",9,7.65356471765273,10
"CD346","CD34",9,10.334181341156,10
"TMEM59L6","TMEM59L",10,9.76489452879269,10
"TMEM200B6","TMEM200B",7,8.51770057450254,10
"LINC012396","LINC01239",10,6.43718112174673,10
"BTBD116","BTBD11",10,8.14364548533807,10
"CLNK6","CLNK",10,6.64675162094335,10
"KLHDC8A6","KLHDC8A",6,8.09146602280545,10
"ZNF385C6","ZNF385C",10,6.57410057501899,10
"TFPI7","TFPI",9,8.81899394165688,10
"CLEC5A6","CLEC5A",1,8.11709220072959,10
"TNF6","TNF",1,7.7760641357004,10
"NOD26","NOD2",1,6.87575680871557,10
"PMAIP16","PMAIP1",4,8.33387097212153,10
"HPDL6","HPDL",6,7.25016640394202,10
"CELSR36","CELSR3",3,7.97342924808702,10
"BLACAT16","BLACAT1",6,7.80741294662474,10
"KANSL1-AS16","KANSL1-AS1",8,5.76876445022611,10
"TPPP7","TPPP",2,5.5730642914435,10
"KCNH26","KCNH2",10,8.62324630654313,10
"HEY16","HEY1",10,7.51662001729225,10
"TMEM406","TMEM40",6,5.60945716738164,10
"AL031595.26","AL031595.2",10,10.1974341025664,10
"AC095057.46","AC095057.4",10,7.08635007019221,10
"ADAMTS166","ADAMTS16",7,8.48281075075648,10
"AC124798.16","AC124798.1",7,7.28582554606269,10
"PRKCB6","PRKCB",1,7.90042909092129,10
"ENTPD86","ENTPD8",4,7.7096860421505,10
"DEGS26","DEGS2",4,10.2583600946048,10
"SVEP16","SVEP1",9,7.24433388125236,10
"AC096589.26","AC096589.2",4,7.12003423001782,10
"CDKN2D6","CDKN2D",6,6.85269158091105,10
"APOLD16","APOLD1",7,8.13251265192758,10
"SLAMF86","SLAMF8",1,10.3148863740112,10
"CASP17P6","CASP17P",9,9.93493313197734,10
"WT16","WT1",10,6.67714720647007,10
"AF131215.66","AF131215.6",10,6.93965251022044,10
"NYNRIN6","NYNRIN",6,7.80807802906943,10
"KDELR36","KDELR3",7,7.52258580301463,10
"GPT6","GPT",6,8.66480728099039,10
"CLCN46","CLCN4",6,6.75480158491438,10
"SCIN6","SCIN",7,5.20144904243279,10
"AL731571.16","AL731571.1",6,7.3647531691861,10
"LINC025326","LINC02532",10,6.717109955717,10
"CIT6","CIT",10,6.40357445799986,10
"DNAH76","DNAH7",4,8.00622194238398,10
"PTPRM6","PTPRM",7,8.43789551705871,10
"P2RY136","P2RY13",9,6.80475831070211,10
"DDIAS6","DDIAS",6,7.64464634323704,10
"MAMLD16","MAMLD1",6,7.56741290956893,10
"TMEM45A6","TMEM45A",2,6.72828684384772,10
"ANPEP6","ANPEP",2,10.9255961533421,10
"G6PD6","G6PD",8,8.43494872770845,10
"FGF16","FGF1",9,7.5347734246869,10
"F2RL16","F2RL1",2,7.44578574691336,10
"SERP26","SERP2",2,6.39575960709724,10
"CPNE56","CPNE5",9,6.56449470722715,10
"FBXO276","FBXO27",6,7.43737993061495,10
"CD386","CD38",1,8.85645661816303,10
"CD3D6","CD3D",1,9.37367436416425,10
"TFAP2B6","TFAP2B",5,8.25697185085702,10
"PTPRS6","PTPRS",10,6.29790621263973,10
"AC020656.26","AC020656.2",10,7.61999265318278,10
"CCDC144B6","CCDC144B",10,8.83646243527619,10
"LIPG6","LIPG",2,6.35015591037799,10
"MAPK46","MAPK4",6,7.66427353075288,10
"SLC16A146","SLC16A14",4,6.07697890549258,10
"GNAZ6","GNAZ",7,7.55961826271675,10
"DNAAF36","DNAAF3",10,8.07986707457782,10
"SNED16","SNED1",9,8.73955760132237,10
"ACE6","ACE",8,5.93532407176581,10
"AL133330.16","AL133330.1",5,6.25210516499683,10
"OXGR16","OXGR1",6,10.2408005750915,10
"CDC14A6","CDC14A",10,8.51720282428329,10
"AC103702.16","AC103702.1",4,6.88630938745095,10
"TMPRSS96","TMPRSS9",8,6.93242426986137,10
"HSPB26","HSPB2",10,6.96846808032365,10
"LSP16","LSP1",9,9.83382923813902,10
"SLC4A86","SLC4A8",10,8.4208080409145,10
"GZMB6","GZMB",1,10.9906670240416,10
"PIP5K1B6","PIP5K1B",9,7.56786041354365,10
"LAG36","LAG3",1,7.72815869806124,10
"A4GALT6","A4GALT",7,6.44345701520639,10
"GPR376","GPR37",2,6.90984098851119,10
"RC3H1-IT16","RC3H1-IT1",5,8.78628530132642,10
"PTPRU6","PTPRU",7,7.49681570238995,10
"ARSJ6","ARSJ",10,8.22461153811482,10
"FAM222A6","FAM222A",8,7.19055703369343,10
"CDYL26","CDYL2",4,8.02828443671807,10
"MTCL16","MTCL1",7,7.1042448724251,10
"FIRRE6","FIRRE",10,7.52848244146768,10
"F2RL26","F2RL2",7,7.93429727849469,10
"ITPRIPL16","ITPRIPL1",9,7.21391125621124,10
"IRF86","IRF8",1,7.36465256648915,10
"GLIS36","GLIS3",7,6.69032422103192,10
"SERPINE26","SERPINE2",7,9.45625282069395,10
"PCAT66","PCAT6",6,8.95880451340047,10
"SLC6A166","SLC6A16",6,7.6836499038061,10
"SLC6A156","SLC6A15",1,6.97270879414744,10
"AP001057.16","AP001057.1",8,5.72860256208067,10
"GLP1R6","GLP1R",2,8.38309063718916,10
"ACSS36","ACSS3",8,8.34395923341626,10
"SLC2A36","SLC2A3",9,8.27863266316715,10
"LINC001736","LINC00173",4,6.046841938787,10
"PTPRN26","PTPRN2",9,6.16842259350209,10
"ATP2B26","ATP2B2",6,7.38711572530537,10
"AQP76","AQP7",8,9.12791475179744,10
"POM121C6","POM121C",6,7.0352012818089,10
"AL139383.16","AL139383.1",4,7.34520588982902,10
"LINC013156","LINC01315",6,6.518801269429,10
"MB6","MB",8,7.05737272569009,10
"SUSD46","SUSD4",6,7.35350629727544,10
"CADPS6","CADPS",10,9.69722268461988,10
"AC011287.16","AC011287.1",10,6.84271758541732,10
"LINC016196","LINC01619",10,7.67316577800107,10
"AL021328.16","AL021328.1",2,7.14310940457821,10
"ITGBL16","ITGBL1",5,7.69015218657601,10
"AC107294.26","AC107294.2",6,7.38177783676424,10
"MEG86","MEG8",9,8.54951312969136,10
"TYMSOS6","TYMSOS",6,6.23736307443032,10
"ARHGAP27P1-BPTFP1-KPNA2P36","ARHGAP27P1-BPTFP1-KPNA2P3",2,7.12828171028701,10
"RSPH16","RSPH1",4,8.25728269104289,10
"AC092851.16","AC092851.1",5,7.5113470256328,10
"ARNT26","ARNT2",10,5.75435097975896,10
"TCF196","TCF19",6,7.15260622829311,10
"LINC009876","LINC00987",10,7.73419251512163,10
"EGFL76","EGFL7",7,8.24637631861638,10
"HMGB36","HMGB3",3,7.53941335427252,10
"NDUFB4P116","NDUFB4P11",1,7.38071652296083,10
"JPH46","JPH4",10,10.8699232184403,10
"JAM26","JAM2",9,8.95916967654154,10
"MS4A4A6","MS4A4A",9,8.54865580229378,10
"INHBA6","INHBA",7,11.1067532245257,10
"DNAH26","DNAH2",10,8.69782651926334,10
"AL049840.56","AL049840.5",5,9.74228345361751,10
"AC116348.36","AC116348.3",6,5.00634862447419,10
"KDR6","KDR",7,7.54119229009553,10
"SCG56","SCG5",10,9.1796256125151,10
"RUNX1T16","RUNX1T1",9,10.5201451162678,10
"BCR6","BCR",6,6.96738518326399,10
"RGS166","RGS16",7,8.38703984035491,10
"LCK6","LCK",1,8.43780257942331,10
"HEXA-AS16","HEXA-AS1",8,7.8457518466862,10
"AC080013.16","AC080013.1",2,7.85200551887456,10
"STUM6","STUM",5,5.61368160746787,10
"LMO26","LMO2",9,8.2976724704721,10
"IL15RA6","IL15RA",1,7.74845758611882,10
"ADAMTS46","ADAMTS4",7,8.34039019615222,10
"GPR346","GPR34",9,7.67097253380481,10
"CFAP1576","CFAP157",4,9.63923284277762,10
"CENPK6","CENPK",3,6.35623011663654,10
"NSUN5P16","NSUN5P1",6,6.55634293753041,10
"FNDC46","FNDC4",2,7.46305234605513,10
"SLC35F26","SLC35F2",6,6.7337388613685,10
"CRADD6","CRADD",8,8.78121889200134,10
"CSF16","CSF1",1,7.71017256347162,10
"EGFLAM6","EGFLAM",10,7.68333519059112,10
"PLVAP6","PLVAP",7,10.3152338708702,10
"SCARNA96","SCARNA9",10,6.6056853900243,10
"EBF46","EBF4",10,8.27410342061347,10
"ADM26","ADM2",7,6.30926867769822,10
"FRAS16","FRAS1",2,5.58933509164299,10
"AL354836.16","AL354836.1",10,7.12039636249076,10
"UBE2M6","UBE2M",10,8.419022964044,10
"ADGRA26","ADGRA2",9,10.9467346682642,10
"ITIH66","ITIH6",4,6.0990418683799,10
"PTCH26","PTCH2",9,7.49340642789796,10
"CD836","CD83",1,7.64246632020314,10
"AC110285.26","AC110285.2",10,6.85984495087462,10
"AC004130.26","AC004130.2",2,9.14408084566524,10
"PLIN26","PLIN2",6,6.50614246809946,10
"ASTN26","ASTN2",10,9.10616829990446,10
"TNFRSF13C6","TNFRSF13C",6,8.48572076753617,10
"RNF396","RNF39",9,5.60253918912361,10
"DSCAM-AS16","DSCAM-AS1",4,6.97695927288916,10
"PAQR86","PAQR8",10,7.88813259041764,10
"BLM6","BLM",6,7.57338488905646,10
"MYLK36","MYLK3",10,6.22860334959458,10
"H2AC206","H2AC20",10,7.40891956307501,10
"AL450306.16","AL450306.1",5,9.54255708582267,10
"FBLN26","FBLN2",7,11.21681902378,10
"HSD17B66","HSD17B6",7,7.24549538323241,10
"LZTS16","LZTS1",10,6.93694083043645,10
"SAMMSON6","SAMMSON",10,7.80034704614306,10
"FGF96","FGF9",10,8.67617316691307,10
"CCDC86","CCDC8",5,8.37728830561177,10
"FZD46","FZD4",8,6.39497184605383,10
"ADGRL46","ADGRL4",7,9.63864270452241,10
"PANK16","PANK1",6,8.51756818781813,10
"FAM155A6","FAM155A",10,9.88714151326238,10
"FAM171B6","FAM171B",2,6.32162730667439,10
"WASF16","WASF1",6,6.45297497869894,10
"AL021392.16","AL021392.1",4,10.3068176179257,10
"MYRFL6","MYRFL",8,6.88229504391457,10
"VGLL36","VGLL3",9,9.68246394003505,10
"ADGRF56","ADGRF5",7,7.64107367362721,10
"SLC16A56","SLC16A5",4,6.26585286853001,10
"IFITM26","IFITM2",2,8.74089844665962,10
"TRPV66","TRPV6",6,7.22625015159331,10
"SLC45A36","SLC45A3",6,8.09056230329283,10
"AC099541.26","AC099541.2",5,5.87757637445149,10
"IRAK36","IRAK3",9,6.98454762245479,10
"TMPRSS26","TMPRSS2",2,7.33126167865932,10
"B3GNT56","B3GNT5",6,7.97041223557154,10
"LRP1B6","LRP1B",2,7.92476295381518,10
"LINC013596","LINC01359",10,7.54827612519993,10
"LINC003936","LINC00393",6,10.29307585381,10
"PROX16","PROX1",5,6.17957142724369,10
"MYZAP6","MYZAP",6,7.77898343671117,10
"IL1R26","IL1R2",6,6.67279981265351,10
"TNS46","TNS4",10,8.07589254556028,10
"SLFN116","SLFN11",9,7.39390712823058,10
"RN7SL653P6","RN7SL653P",9,7.42623039683697,10
"RADIL6","RADIL",6,5.59798304815978,10
"LINC010166","LINC01016",4,10.1328637200363,10
"PCSK66","PCSK6",4,7.12377334813039,10
"AKR1B106","AKR1B10",3,9.39352129410646,10
"HAS26","HAS2",7,7.72573207974171,10
"SULT1E16","SULT1E1",2,7.56970218808674,10
"HMCN16","HMCN1",10,7.73628893753647,10
"AC007681.16","AC007681.1",5,6.61442122156811,10
"LINC009396","LINC00939",10,6.15075245427507,10
"TDRD66","TDRD6",10,6.12039334736993,10
"H3C66","H3C6",8,6.39396168972499,10
"FAM83B6","FAM83B",10,6.30958318695114,10
"VEPH16","VEPH1",7,6.21496180264827,10
"RIC36","RIC3",10,6.57693442313952,10
"UGT2B106","UGT2B10",8,9.02584465432902,10
"PLCH16","PLCH1",6,9.66866488473099,10
"CTTNBP26","CTTNBP2",10,8.81376722321993,10
"ARHGEF38-IT16","ARHGEF38-IT1",2,5.75664747737011,10
"TRPV46","TRPV4",9,5.75556823324848,10
"PRRT3-AS16","PRRT3-AS1",6,6.3072449192096,10
"BST26","BST2",4,7.23087960378476,10
"SMOX6","SMOX",7,7.2959050042261,10
"P3H26","P3H2",9,6.63187418770288,10
"SMAD96","SMAD9",9,6.82191720684326,10
"CNTN36","CNTN3",8,5.4971018307691,10
"KDM7A-DT6","KDM7A-DT",3,6.56084831431063,10
"GSC6","GSC",4,7.92588868742022,10
"GNA146","GNA14",4,7.40256575043165,10
"CCDC36","CCDC3",9,7.53488253238624,10
"NAP1L26","NAP1L2",10,7.30847111085746,10
"PLXNA46","PLXNA4",10,7.33077538192711,10
"HACD16","HACD1",7,8.20847724330937,10
"ESAM6","ESAM",7,8.67223077704179,10
"SNTB16","SNTB1",6,7.04570753749151,10
"AC006160.16","AC006160.1",5,8.812730339489,10
"TNFRSF11A6","TNFRSF11A",6,7.69147024957953,10
"AC127024.86","AC127024.8",5,9.04866317208504,10
"AC025034.16","AC025034.1",4,7.19100384449211,10
"C2CD4D6","C2CD4D",6,9.83621741215246,10
"GPR1836","GPR183",1,7.42354868277565,10
"SNHG266","SNHG26",2,7.91995951958859,10
"ZNF6716","ZNF671",4,7.2957500427324,10
"LTBP16","LTBP1",6,6.62348967563703,10
"PNMA8A6","PNMA8A",6,6.34121645437377,10
"AL590560.36","AL590560.3",4,5.63383537046327,10
"TLR36","TLR3",9,6.6676619147885,10
"SAE16","SAE1",7,7.4700102328678,10
"KCNS36","KCNS3",2,6.59480003068896,10
"CCDC156","CCDC15",8,8.49343115177203,10
"DUSP156","DUSP15",4,7.61406066633563,10
"GINS26","GINS2",7,6.62604809386024,10
"MRGPRF6","MRGPRF",9,9.12992140544867,10
"PLD56","PLD5",10,8.80247572953033,10
"TMPRSS46","TMPRSS4",10,7.74838806027188,10
"SLAIN16","SLAIN1",6,6.56313006396905,10
"ST8SIA26","ST8SIA2",10,10.1792198839213,10
"ABCD16","ABCD1",3,5.90626973322505,10
"NUPR26","NUPR2",4,5.87673624125121,10
"PRKCA6","PRKCA",1,5.60919579806592,10
"CCL226","CCL22",9,8.31724265092936,10
"WASHC16","WASHC1",6,6.37069444420541,10
"SNORA756","SNORA75",5,11.2004261827821,10
"CHEK26","CHEK2",6,7.35967563823974,10
"AC021504.16","AC021504.1",10,8.06508212365392,10
"DPP46","DPP4",2,6.68778392066815,10
"AL031282.16","AL031282.1",5,13.0999775522063,10
"PSMB8-AS16","PSMB8-AS1",9,7.6645231711771,10
"RCAN26","RCAN2",7,8.47760921994663,10
"RYR16","RYR1",6,6.69506942915725,10
"CBFA2T36","CBFA2T3",9,6.4386210364215,10
"PCLAF6","PCLAF",3,7.15129472050299,10
"TEAD46","TEAD4",7,7.45620428599421,10
"RBM116","RBM11",2,7.08991098409442,10
"AL078622.16","AL078622.1",5,6.97846348620497,10
"TPTEP16","TPTEP1",8,5.29892415804122,10
"C3orf706","C3orf70",9,6.11987612907367,10
"TLR26","TLR2",2,9.5912383531198,10
"NTRK26","NTRK2",5,8.51647400307829,10
"SLC2A66","SLC2A6",1,7.09997898395628,10
"GIMAP26","GIMAP2",1,7.39206308451728,10
"AC074141.16","AC074141.1",10,6.82453675081276,10
"SOX56","SOX5",10,7.35735199433477,10
"MCOLN36","MCOLN3",10,10.0471173466719,10
"ACKR36","ACKR3",7,8.88932869775265,10
"AC078799.16","AC078799.1",5,8.89229037301466,10
"BAIAP2L26","BAIAP2L2",6,6.54243915761077,10
"ETV16","ETV1",5,8.36364838656135,10
"RNU6-482P6","RNU6-482P",5,8.31405810640319,10
"CD163L16","CD163L1",6,6.27173861968308,10
"ENTPD36","ENTPD3",6,6.72008135505627,10
"AL355377.36","AL355377.3",4,5.14821812895074,10
"CCKBR6","CCKBR",6,9.05978135601804,10
"IQCN6","IQCN",10,6.35133711100816,10
"ADAMTS126","ADAMTS12",7,7.72360570456636,10
"CAND26","CAND2",6,6.77507976320875,10
"LRRIQ16","LRRIQ1",5,9.06125518369199,10
"LINC025626","LINC02562",2,5.13573191773957,10
"ALOX56","ALOX5",2,10.4296561287319,10
"BPIFB16","BPIFB1",10,5.08917571538905,10
"FAM207A6","FAM207A",6,7.28831195644015,10
"RGS116","RGS11",4,6.76089988060849,10
"TLCD16","TLCD1",6,6.791942579242,10
"LRRK26","LRRK2",9,6.36870738749309,10
"ARHGAP286","ARHGAP28",6,6.64684034936899,10
"NRP26","NRP2",7,7.82741030622252,10
"LINC010606","LINC01060",10,9.06062205700101,10
"CCL286","CCL28",9,10.1656169327677,10
"SEMA5A6","SEMA5A",9,8.61016190495046,10
"SYT66","SYT6",8,8.25467551316597,10
"RUNX26","RUNX2",2,6.55492506419105,10
"KATNAL26","KATNAL2",6,8.2416866722138,10
"SNX206","SNX20",1,9.78385655797905,10
"TNFSF156","TNFSF15",1,6.91653442531049,10
"ZNF280B6","ZNF280B",1,8.48489943762549,10
"RARRES26","RARRES2",9,9.95420168448186,10
"LILRB56","LILRB5",9,8.47414452765015,10
"HPN6","HPN",8,8.09383209323426,10
"CCDC1686","CCDC168",10,9.49429548167063,10
"UBASH3B6","UBASH3B",2,7.07418659914994,10
"NPB6","NPB",1,6.94473892320253,10
"HSD3BP26","HSD3BP2",8,10.1471119923446,10
"MFAP3L6","MFAP3L",6,6.70334015028997,10
"LRMDA6","LRMDA",1,4.87886218269682,10
"ZIK16","ZIK1",10,6.56911082523376,10
"DHCR76","DHCR7",6,7.90439238054539,10
"NEGR16","NEGR1",7,8.66036166330581,10
"PGF6","PGF",10,7.31603950379919,10
"CDON6","CDON",4,10.4546467396716,10
"CXCL66","CXCL6",10,7.41079611975161,10
"CARD166","CARD16",9,9.00739999995237,10
"RHOJ6","RHOJ",9,9.05099332075121,10
"NLRP136","NLRP13",8,7.885979256142,10
"MPP26","MPP2",4,6.64933625814989,10
"LINC019776","LINC01977",4,5.96847741503121,10
"ZNF4836","ZNF483",10,6.59894066183032,10
"CCDC1366","CCDC136",10,10.9621761252787,10
"RASGRF16","RASGRF1",8,6.24977200617569,10
"MMEL16","MMEL1",4,7.93290965977537,10
"CNTNAP36","CNTNAP3",6,6.64441096113725,10
"ARHGEF396","ARHGEF39",6,6.7900809043767,10
"XG6","XG",6,7.69965894257808,10
"TSKU6","TSKU",8,9.28718645380573,10
"MS4A146","MS4A14",2,6.79305727488016,10
"PITPNM26","PITPNM2",6,6.82098878444433,10
"C2orf27A6","C2orf27A",4,9.57592817633722,10
"ADAMTS26","ADAMTS2",7,10.2995384182616,10
"MYCL6","MYCL",1,6.00557323077315,10
"LILRB26","LILRB2",1,7.92607808480378,10
"LINC015246","LINC01524",10,10.3312627742033,10
"MSI16","MSI1",6,7.52730988164355,10
"ELAVL46","ELAVL4",10,9.48546934262081,10
"AC027031.26","AC027031.2",6,6.45956741349984,10
"XKR96","XKR9",6,7.112729491849,10
"LRP46","LRP4",10,7.07312297402765,10
"AC106795.16","AC106795.1",6,5.55693141128827,10
"IGFBP66","IGFBP6",9,9.870428265095,10
"MS4A186","MS4A18",8,9.91139177460513,10
"FAM124A6","FAM124A",10,8.35406486256974,10
"RDH106","RDH10",6,6.45447634164827,10
"AF131215.26","AF131215.2",5,9.77951449370311,10
"FBLN76","FBLN7",9,6.46978065311926,10
"RASSF26","RASSF2",1,6.60063522077049,10
"RAD54B6","RAD54B",6,6.79988379685268,10
"CIB26","CIB2",7,6.89475374432,10
"DAPL16","DAPL1",4,7.5724445453171,10
"PDGFRA6","PDGFRA",9,7.45188009946175,10
"IDNK6","IDNK",8,5.3788464144452,10
"OVOL16","OVOL1",6,8.37121454828597,10
"ID36","ID3",7,10.6167539909786,10
"HMGN2P466","HMGN2P46",4,9.13081499467115,10
"IL156","IL15",1,8.47638046514871,10
"KIF196","KIF19",10,7.46035677339415,10
"MERTK6","MERTK",8,6.7252586422879,10
"INPP4B6","INPP4B",4,8.02578364851628,10
"SMAD66","SMAD6",7,10.2025650420376,10
"NR2F1-AS16","NR2F1-AS1",7,8.38300758768993,10
"GRIN2D6","GRIN2D",3,5.87329961174969,10
"ZNF7276","ZNF727",6,5.72920393757736,10
"AC096733.36","AC096733.3",10,8.33167179366568,10
"ASRGL16","ASRGL1",2,6.7986700494171,10
"AC096589.16","AC096589.1",5,7.18235609856666,10
"SLC1A26","SLC1A2",4,8.31820916580677,10
"NPL6","NPL",7,6.33617444440467,10
"MTND2P286","MTND2P28",6,7.58150167585147,10
"SASH36","SASH3",1,8.51505382020328,10
"ANXA2R6","ANXA2R",1,6.10881579244021,10
"AC104237.36","AC104237.3",10,7.75552874573004,10
"CACNB26","CACNB2",10,9.15268328516717,10
"THSD7A6","THSD7A",10,7.33223044121499,10
"SYTL46","SYTL4",4,10.3529525791527,10
"CCDC686","CCDC68",7,5.93055629071923,10
"UBA76","UBA7",4,6.98172829812615,10
"VANGL26","VANGL2",6,7.49728524439477,10
"AC090877.26","AC090877.2",8,9.79661653699244,10
"FAH6","FAH",8,8.2047978403299,10
"RNY16","RNY1",6,5.68538732665707,10
"NCF46","NCF4",9,6.94259229229317,10
"GABRB16","GABRB1",10,9.05974918822428,10
"AC021443.16","AC021443.1",5,5.73606344771969,10
"RAPGEF36","RAPGEF3",4,8.99720799527724,10
"AC015813.16","AC015813.1",5,8.52419858409486,10
"FOXP1-IT16","FOXP1-IT1",4,6.52130984481933,10
"CD3G6","CD3G",1,8.39354596273052,10
"RIPOR26","RIPOR2",10,7.6470004873216,10
"ALDH1L26","ALDH1L2",10,8.01555582415272,10
"PRKD16","PRKD1",10,7.19338398295146,10
"GPR137C6","GPR137C",10,6.59766813846295,10
"SLC4A116","SLC4A11",6,7.14198359946394,10
"ESCO26","ESCO2",10,7.5816864954341,10
"AL353622.16","AL353622.1",10,6.07105654797132,10
"CATSPERB6","CATSPERB",2,7.71196180317982,10
"DIRAS16","DIRAS1",6,8.91989903178849,10
"FER1L46","FER1L4",10,7.26901464581025,10
"AKAP56","AKAP5",10,8.10338839722615,10
"AL354707.16","AL354707.1",8,6.43381837466608,10
"NFATC16","NFATC1",7,7.99855250421106,10
"SNAI16","SNAI1",2,7.03191846269064,10
"ETNK26","ETNK2",10,7.39292059245969,10
"TIGIT6","TIGIT",1,9.76991129562709,10
"AC008556.16","AC008556.1",7,6.29810702989411,10
"PREX26","PREX2",9,10.4973297050006,10
"CD406","CD40",9,8.0463248116758,10
"NPNT6","NPNT",4,8.97455204395125,10
"BGN6","BGN",7,15.1184014148756,10
"FOXP26","FOXP2",10,6.87300573285327,10
"GPR1436","GPR143",1,6.18310510238698,10
"TTC346","TTC34",10,7.76366658531905,10
"AC016957.26","AC016957.2",4,7.86734086983998,10
"MT-TL26","MT-TL2",6,6.55497595653933,10
"LYPD56","LYPD5",6,6.52923049052256,10
"MYO1H6","MYO1H",6,6.62454163071342,10
"GPR1736","GPR173",7,6.92776127892741,10
"MTND3P126","MTND3P12",5,8.75520645866844,10
"AL449403.36","AL449403.3",10,10.066931935203,10
"MSL3P16","MSL3P1",6,7.15169594398039,10
"ELOVL46","ELOVL4",7,6.95359467998923,10
"SERPINI16","SERPINI1",9,6.51737601347875,10
"ADAMTS36","ADAMTS3",7,5.78686465591966,10
"GLI26","GLI2",5,7.33254647952137,10
"NEXMIF6","NEXMIF",6,6.3898621677463,10
"HMGA1P46","HMGA1P4",10,7.23557958036223,10
"AL022323.36","AL022323.3",10,9.44729766094356,10
"FAM180A6","FAM180A",7,7.64299215670782,10
"SLC4A46","SLC4A4",5,6.78854005596917,10
"EFNB36","EFNB3",10,7.69542563340986,10
"STIL6","STIL",6,7.03967648279518,10
"SPC256","SPC25",6,7.68306663862065,10
"BPI6","BPI",6,10.5496315101489,10
"CPS16","CPS1",10,6.82167632949102,10
"CDH126","CDH12",10,9.53451352894719,10
"PURPL6","PURPL",5,6.83828006228226,10
"C1orf616","C1orf61",10,9.42972179300451,10
"ADAM196","ADAM19",1,6.78166408727904,10
"FAM110B6","FAM110B",4,6.51237173073214,10
"RNU6-958P6","RNU6-958P",5,10.156518315244,10
"C1orf1126","C1orf112",6,6.76660717928082,10
"POU3F26","POU3F2",10,7.60737085790862,10
"P3H36","P3H3",7,6.69716249023698,10
"RNF1506","RNF150",10,6.7092418441671,10
"DANT26","DANT2",10,8.3433325699709,10
"GYG26","GYG2",7,5.92057158740406,10
"MATN46","MATN4",6,8.99063772323104,10
"AP001062.16","AP001062.1",6,8.01874383004096,10
"CYP27B16","CYP27B1",2,8.57141822802535,10
"PXDNL6","PXDNL",6,9.089997932327,10
"H3C86","H3C8",3,6.96878715519713,10
"RNY1P166","RNY1P16",5,6.82623442393701,10
"FCGR3A6","FCGR3A",9,8.08450653125453,10
"POLD26","POLD2",6,6.22340613013773,10
"TLCD3A6","TLCD3A",7,6.79454433235236,10
"PHEX6","PHEX",10,5.72142536978361,10
"MMP176","MMP17",3,6.64394858737365,10
"MIR497HG6","MIR497HG",10,7.92512705878194,10
"DNMT3B6","DNMT3B",6,7.22925826845204,10
"IKZF16","IKZF1",9,8.42225487674333,10
"MICB6","MICB",1,7.41085337433738,10
"CYP39A16","CYP39A1",6,6.93250103153472,10
"PFKP6","PFKP",7,6.89147776027577,10
"SAMSN16","SAMSN1",1,8.61762886972977,10
"CCDC1636","CCDC163",7,6.17598326992779,10
"AP002387.26","AP002387.2",6,7.86987848068652,10
"TMEM2046","TMEM204",7,7.90944417796501,10
"FNDC106","FNDC10",6,5.98430146719286,10
"AC069228.16","AC069228.1",10,8.95028210549511,10
"CENPO6","CENPO",6,7.26895821174394,10
"ADCY76","ADCY7",7,5.94181813815042,10
"PHLDA26","PHLDA2",2,8.2650352676095,10
"TXLNB6","TXLNB",4,6.53663088696147,10
"PLLP6","PLLP",9,7.67908955762635,10
"LONRF26","LONRF2",4,8.02470691234073,10
"SYN26","SYN2",10,7.60043817307086,10
"LIMD26","LIMD2",1,6.25322805691419,10
"JAK36","JAK3",9,7.49281766024326,10
"ERAP26","ERAP2",9,6.86256717254794,10
"PALM36","PALM3",4,6.32411622067088,10
"RASAL36","RASAL3",9,8.30450772457845,10
"AP003306.16","AP003306.1",2,11.3023681655419,10
"AP000547.36","AP000547.3",6,6.34108908312392,10
"HAND2-AS16","HAND2-AS1",10,7.57455531574689,10
"KIF3C6","KIF3C",6,6.8031063005279,10
"AC103740.16","AC103740.1",10,9.92101947442611,10
"COL5A26","COL5A2",7,13.3796166576417,10
"SERPINB26","SERPINB2",6,8.70309720417378,10
"SOX1-OT6","SOX1-OT",10,7.9295966568118,10
"AL441992.26","AL441992.2",8,6.67467941254968,10
"MDH1B6","MDH1B",10,7.25663735019315,10
"CCDC144CP6","CCDC144CP",10,7.22659720062181,10
"LINC008396","LINC00839",6,6.5677961432386,10
"SERPINB56","SERPINB5",6,6.71254319547607,10
"SULT4A16","SULT4A1",6,8.63901120911828,10
"PLA2G4F6","PLA2G4F",3,6.37319037106802,10
"ULBP36","ULBP3",6,6.37502455592631,10
"FZD56","FZD5",2,6.97515378180017,10
"AL590004.36","AL590004.3",6,7.32337529754498,10
"DCTN1-AS16","DCTN1-AS1",10,8.88777854760827,10
"CD2486","CD248",9,10.5472157250305,10
"GALNT156","GALNT15",9,7.62593091612691,10
"AC083843.46","AC083843.4",2,7.47642067745629,10
"PET1006","PET100",6,6.39659281214608,10
"ABI3BP6","ABI3BP",9,10.8196731635367,10
"HERC2P26","HERC2P2",6,6.22371419824077,10
"AC005899.76","AC005899.7",4,5.71762713679844,10
"FGR6","FGR",1,7.25479635903186,10
"AC015712.66","AC015712.6",6,7.05215912868496,10
"CCDC1736","CCDC173",4,7.21201943724083,10
"MEX3B6","MEX3B",6,7.04908993742667,10
"PROS16","PROS1",9,6.47716757814364,10
"GLA6","GLA",4,10.2763117450509,10
"CASC86","CASC8",6,9.44848624164726,10
"PLAC86","PLAC8",1,6.59911151646596,10
"FCHSD16","FCHSD1",10,7.62379032870108,10
"WDR936","WDR93",4,8.09572223072625,10
"DOCK116","DOCK11",9,6.05889777696515,10
"HLF6","HLF",9,7.2138755576867,10
"ATF7IP26","ATF7IP2",4,4.96714659505887,10
"AL080317.16","AL080317.1",5,8.30025800167075,10
"TRPC16","TRPC1",5,6.6152680484157,10
"PCDHB46","PCDHB4",5,5.8148450010455,10
"KIT6","KIT",9,9.43670931635396,10
"NUDT19P56","NUDT19P5",10,6.88576262493486,10
"KCNQ16","KCNQ1",2,7.14861551277214,10
"BAK16","BAK1",6,5.72263343291977,10
"KLRD16","KLRD1",10,6.64185220360909,10
"ZC4H26","ZC4H2",10,7.18088851425533,10
"DISC1FP16","DISC1FP1",6,6.72380391157527,10
"AFAP1L26","AFAP1L2",10,8.91177813360858,10
"HLA-DQA16","HLA-DQA1",1,9.13295230658022,10
"SNORA386","SNORA38",5,9.12379429802223,10
"PRSS166","PRSS16",6,7.37639898970308,10
"SEMA3E6","SEMA3E",5,7.64506480075609,10
"ADAMTS96","ADAMTS9",9,7.06819665719928,10
"TPST16","TPST1",7,10.5840147793233,10
"GEM6","GEM",9,7.98293098743201,10
"FBXL136","FBXL13",5,7.11883407420771,10
"ADORA2B6","ADORA2B",7,7.92230217838336,10
"GPC66","GPC6",7,7.77037840691398,10
"FBXL76","FBXL7",7,8.74499857245448,10
"RRS1-AS16","RRS1-AS1",6,6.06151829793003,10
"MPEG16","MPEG1",9,8.00912059884856,10
"NRARP6","NRARP",7,6.67969947046338,10
"KLHL37","KLHL3",10,6.96810285059218,10
"MBNL1-AS16","MBNL1-AS1",6,6.52939922613036,10
"ACTG26","ACTG2",6,5.85058761340524,10
"PGPEP1L6","PGPEP1L",6,7.74370013183241,10
"CSPG56","CSPG5",6,6.47895633508015,10
"TMEM616","TMEM61",2,7.20468064354689,10
"EGOT6","EGOT",4,8.4336850854409,10
"SERPINF26","SERPINF2",2,7.43014275712645,10
"PCDHB76","PCDHB7",6,5.25334081569342,10
"PDE3B6","PDE3B",1,7.25384205219359,10
"AL512274.16","AL512274.1",6,6.02685841840501,10
"PLCH26","PLCH2",4,7.18551082658504,10
"TMEM1566","TMEM156",10,6.33794910932726,10
"MCUB6","MCUB",7,6.83884544521759,10
"RASSF46","RASSF4",1,9.08671097667716,10
"ATAD3C6","ATAD3C",2,6.87844081196268,10
"ADGRV16","ADGRV1",5,6.68958338004759,10
"TGFB1I16","TGFB1I1",7,8.92696759734115,10
"ZYG11A6","ZYG11A",10,6.65580270128266,10
"KRT806","KRT80",2,10.0668530544105,10
"ALDH1B16","ALDH1B1",7,7.47492170874738,10
"AC090206.16","AC090206.1",10,8.29644062247255,10
"GDPD56","GDPD5",6,7.56595883216524,10
"C26","C2",1,7.66391456039307,10
"AL122125.16","AL122125.1",2,6.35664931098268,10
"AC246817.26","AC246817.2",10,7.95361395051419,10
"FAM66D6","FAM66D",10,9.92891384912814,10
"REC86","REC8",1,6.466971343802,10
"GXYLT26","GXYLT2",7,8.82301533690092,10
"SMPDL3A6","SMPDL3A",8,7.45450016271059,10
"FANCE6","FANCE",6,8.09444562116612,10
"FUT46","FUT4",1,6.14667433254561,10
"AL356534.16","AL356534.1",10,9.78578631381111,10
"KCNK156","KCNK15",2,8.38711881532671,10
"LRRC366","LRRC36",8,6.47551537708409,10
"NEIL36","NEIL3",6,7.25600975926554,10
"PODNL16","PODNL1",2,7.7378456385777,10
"AC048341.26","AC048341.2",2,6.31584534390954,10
"LINC025156","LINC02515",5,6.32082308978796,10
"NKX1-26","NKX1-2",6,8.06762110325799,10
"GPR396","GPR39",4,5.85285106381771,10
"LPAR16","LPAR1",9,8.53375093940559,10
"SLC51A6","SLC51A",3,7.86422782074076,10
"ZNF986","ZNF98",6,7.70510105332909,10
"AP000487.16","AP000487.1",6,5.97914949676081,10
"SALL26","SALL2",4,8.43211962553956,10
"CNTNAP3B6","CNTNAP3B",10,7.91151659580129,10
"SHISA96","SHISA9",10,6.14543864265093,10
"EFCAB136","EFCAB13",5,5.90649582241642,10
"TNFRSF1B6","TNFRSF1B",1,8.66780379928725,10
"DIPK1A6","DIPK1A",2,6.37783849670702,10
"CNKSR26","CNKSR2",10,5.6129284534629,10
"TCAF16","TCAF1",6,6.90250487673032,10
"BCL2L146","BCL2L14",1,8.11494878672642,10
"TRIM556","TRIM55",6,5.45352436815461,10
"PCDH176","PCDH17",7,7.26364496766628,10
"AL365181.26","AL365181.2",10,9.02378508464791,10
"EME16","EME1",6,7.51556809648382,10
"LINC023896","LINC02389",8,8.03715305349924,10
"DOCK8-AS16","DOCK8-AS1",10,6.70135605163164,10
"WFDC26","WFDC2",2,10.8678601022663,10
"PDPN6","PDPN",9,7.92491631064283,10
"CYP4F126","CYP4F12",5,6.15409121287496,10
"ERG6","ERG",7,7.98286817082616,10
"SLC13A36","SLC13A3",6,6.94245499150902,10
"SLC1A66","SLC1A6",10,5.79860333713695,10
"SRSF126","SRSF12",6,8.55001293716564,10
"NID26","NID2",7,10.2247795394921,10
"AP002761.46","AP002761.4",2,8.96331883699839,10
"KCNJ66","KCNJ6",10,7.39321778608534,10
"FRMD6-AS16","FRMD6-AS1",4,6.37507202165276,10
"RGS56","RGS5",9,6.82732595343758,10
"ADAM326","ADAM32",6,8.34052278744917,10
"CLEC2B6","CLEC2B",9,7.88033627964223,10
"HERC66","HERC6",1,7.56467653108725,10
"GLIPR1L26","GLIPR1L2",4,6.88543838380313,10
"PLCG26","PLCG2",9,6.29992802788936,10
"RTKN26","RTKN2",6,7.02942354055032,10
"CDC25A6","CDC25A",6,8.91351219283469,10
"AL356740.16","AL356740.1",5,5.87058097665109,10
"AL499602.16","AL499602.1",10,5.68223199518003,10
"PKHD16","PKHD1",10,5.98490127913236,10
"RTL56","RTL5",9,5.89158031442775,10
"VWF6","VWF",9,8.25599839611883,10
"TMOD16","TMOD1",2,7.68927516157766,10
"ITGAL6","ITGAL",1,8.19532146495399,10
"HCP56","HCP5",1,10.2110071332528,10
"AL160000.16","AL160000.1",5,8.34530308483085,10
"EIF4H6","EIF4H",10,8.22998053199492,10
"SLC6A86","SLC6A8",6,7.85322657069222,10
"AL031058.16","AL031058.1",6,7.30329756901733,10
"RBM246","RBM24",4,7.9287176209377,10
"LEFTY26","LEFTY2",6,7.45805304849936,10
"SUV39H26","SUV39H2",6,7.93799523995016,10
"CARMN6","CARMN",9,9.17854767538328,10
"AC007114.26","AC007114.2",5,14.5122677616859,10
"LRRC37A4P6","LRRC37A4P",6,5.98345195029741,10
"SGIP16","SGIP1",7,9.23020235786799,10
"SLCO2A16","SLCO2A1",7,6.83036325703057,10
"SH2D2A6","SH2D2A",1,7.63274907601973,10
"ANKDD1A6","ANKDD1A",7,7.37711409146895,10
"SCN8A6","SCN8A",10,8.80715692267615,10
"GALNT186","GALNT18",1,7.44572569884159,10
"FSTL46","FSTL4",2,6.08705241003424,10
"ADCY46","ADCY4",9,6.41241791188186,10
"ANKRD33B6","ANKRD33B",1,8.17908418438538,10
"SLC16A76","SLC16A7",9,7.13620627275753,10
"PSRC16","PSRC1",6,6.98948548573181,10
"TBX26","TBX2",7,8.0763113288821,10
"SLC8A1-AS16","SLC8A1-AS1",10,8.69972530696725,10
"AC016582.36","AC016582.3",10,5.62581924954843,10
"SOBP6","SOBP",10,8.34657777760272,10
"PCDH96","PCDH9",9,7.05823733643171,10
"SDK26","SDK2",10,9.40473612594901,10
"IRF56","IRF5",1,6.35294589905061,10
"SLIT36","SLIT3",9,11.3063695660781,10
"TDRD56","TDRD5",6,8.91544497092733,10
"PLEKHH26","PLEKHH2",9,8.17568552108841,10
"PDE6B6","PDE6B",10,7.22754236279603,10
"AC093908.16","AC093908.1",7,7.26321179823503,10
"FAM177B6","FAM177B",10,9.47913334540204,10
"AP003117.16","AP003117.1",10,6.96357387112575,10
"SLCO4A16","SLCO4A1",6,6.80610493695617,10
"ARHGEF386","ARHGEF38",5,5.78535582758992,10
"VEGFC6","VEGFC",7,6.78196168154269,10
"XAGE26","XAGE2",5,6.73041977913308,10
"HAP16","HAP1",10,9.2116690773116,10
"BEX56","BEX5",2,6.11407762129821,10
"LRFN16","LRFN1",6,7.80289483740931,10
"AL391422.46","AL391422.4",6,7.1631681895996,10
"TGFB36","TGFB3",10,6.76715185650266,10
"SNCA6","SNCA",9,6.49331929251889,10
"CLUL16","CLUL1",6,6.66934151031299,10
"TPH16","TPH1",6,5.56091747976524,10
"TMEM1216","TMEM121",7,6.77514787025825,10
"AC244517.16","AC244517.1",6,6.35396404129067,10
"HUNK6","HUNK",10,6.74842069430057,10
"CMTM56","CMTM5",5,6.54461018426729,10
"TBX156","TBX15",9,10.1947927297411,10
"ARHGAP96","ARHGAP9",9,7.6908082388413,10
"LINC014116","LINC01411",4,8.35378043516024,10
"AXIN26","AXIN2",9,7.60849272629143,10
"EGR26","EGR2",9,7.35390657551388,10
"ZNF7266","ZNF726",6,7.6104243371517,10
"LINC023346","LINC02334",10,8.93128830652609,10
"ACHE6","ACHE",2,6.65296958207428,10
"SLCO2B16","SLCO2B1",9,7.91850956536245,10
"HAMP6","HAMP",2,6.12571073022108,10
"BTC6","BTC",2,6.89975354999378,10
"MIR17HG6","MIR17HG",6,5.94630431607886,10
"H2BC156","H2BC15",6,6.43837950292399,10
"PRODH6","PRODH",10,8.03088458915573,10
"RN7SL16","RN7SL1",3,6.48183792674258,10
"AL365209.16","AL365209.1",4,6.42092476653732,10
"TBXAS16","TBXAS1",8,6.16143413695377,10
"NTM6","NTM",7,7.3880167320668,10
"SLA6","SLA",1,8.05178961975933,10
"APLNR6","APLNR",7,8.13691368801087,10
"MUC3A6","MUC3A",2,6.09334204209147,10
"EPHA106","EPHA10",4,7.00384847978053,10
"CTF16","CTF1",2,7.1735572908798,10
"TEDC26","TEDC2",6,7.49201355966832,10
"NLRC56","NLRC5",1,9.58970707954194,10
"ZNF3656","ZNF365",2,9.4068696189416,10
"PTGER46","PTGER4",9,6.98128762349603,10
"MLXIPL6","MLXIPL",6,6.22277545946152,10
"STOX16","STOX1",4,7.55646812368116,10
"PKN36","PKN3",8,5.97395655584507,10
"HIC16","HIC1",9,10.7711979629601,10
"SOX106","SOX10",6,8.74145188534036,10
"Z97200.16","Z97200.1",10,8.8226838911887,10
"SLIT26","SLIT2",9,10.0302931837332,10
"TEX306","TEX30",6,6.68892266184549,10
"LINC012386","LINC01238",4,6.43634357255298,10
"RASGEF1C6","RASGEF1C",6,9.95897064424249,10
"AC246817.16","AC246817.1",10,9.16624104172289,10
"GNG116","GNG11",9,9.82618327206094,10
"NXN6","NXN",6,7.09942839308098,10
"POC1A6","POC1A",6,6.83512488650631,10
"GUCY1B26","GUCY1B2",6,7.94604489046561,10
"HBEGF6","HBEGF",2,6.53872308598002,10
"TRPC66","TRPC6",10,6.9837446533375,10
"ARHGEF26-AS16","ARHGEF26-AS1",6,9.27267178110023,10
"ZSCAN316","ZSCAN31",8,7.46330035895179,10
"ITGAM6","ITGAM",1,7.5148730485559,10
"GMFG6","GMFG",9,9.36283571977622,10
"COL24A16","COL24A1",4,6.14922655835388,10
"CD66","CD6",1,7.76016031784973,10
"RHOF6","RHOF",1,7.92100144600554,10
"SORCS16","SORCS1",10,10.0659689849917,10
"CALML3-AS16","CALML3-AS1",10,9.14852176440908,10
"BANK16","BANK1",10,7.73070074033554,10
"AC011611.46","AC011611.4",5,6.43731009423031,10
"ESYT36","ESYT3",10,6.18197135414273,10
"RGS96","RGS9",1,6.63234670174765,10
"SILC16","SILC1",10,6.79653636712175,10
"EFCAB17","EFCAB1",9,7.35649420189632,10
"FAM24B6","FAM24B",6,5.42440297682589,10
"EFNA36","EFNA3",6,7.71033120340654,10
"AL109976.16","AL109976.1",10,9.45673514506138,10
"FOXO6-AS16","FOXO6-AS1",4,8.74997706269358,10
"NRGN6","NRGN",2,6.72896796363066,10
"MN16","MN1",7,6.699805481471,10
"ST8SIA16","ST8SIA1",6,8.16717266028764,10
"COL5A36","COL5A3",7,9.96856527346586,10
"CSNK2A36","CSNK2A3",5,9.48433988018015,10
"HIF3A6","HIF3A",6,7.02745655309858,10
"AL354740.16","AL354740.1",5,15.2661601399931,10
"AC097634.16","AC097634.1",10,7.06809050949084,10
"GRAMD1B6","GRAMD1B",2,6.83694734743945,10
"LINC027626","LINC02762",6,7.03703393929755,10
"P2RY106","P2RY10",9,8.40798725665332,10
"AC011447.76","AC011447.7",6,6.34503075591202,10
"CTXN16","CTXN1",7,6.56719183360245,10
"COL6A66","COL6A6",9,11.141177643617,10
"ANKHD1-EIF4EBP36","ANKHD1-EIF4EBP3",10,8.40707115152793,10
"KIAA12576","KIAA1257",4,6.83914078725326,10
"CASC196","CASC19",10,10.8101727762715,10
"LINC013416","LINC01341",4,8.07934115698192,10
"SCN9A6","SCN9A",10,10.4266015933527,10
"RAPGEF46","RAPGEF4",10,8.50601074232199,10
"C8orf37-AS16","C8orf37-AS1",8,7.17008232962206,10
"ARHGAP66","ARHGAP6",9,7.90661178679424,10
"LINC025606","LINC02560",6,7.12917934396037,10
"CPNE86","CPNE8",7,5.55782733346699,10
"MYB6","MYB",4,12.1261872171225,10
"CENPU6","CENPU",6,7.63198533966917,10
"RAMP26","RAMP2",4,9.80434609549419,10
"HOXC106","HOXC10",7,7.02681852643391,10
"FOXP4-AS16","FOXP4-AS1",6,10.2824145048451,10
"SOWAHB6","SOWAHB",4,7.51777223105615,10
"FAM216A6","FAM216A",7,6.22073026668311,10
"UNC13D6","UNC13D",2,6.11457605955927,10
"LINC019946","LINC01994",10,9.43385727507846,10
"PIK3CD6","PIK3CD",1,7.53798914324073,10
"TBX196","TBX19",6,8.1490699487593,10
"RASGRP36","RASGRP3",9,7.57068972897137,10
"CPED16","CPED1",9,7.66387905207135,10
"KCNMB16","KCNMB1",10,8.33010060469755,10
"FLT46","FLT4",9,7.05630977938075,10
"AC010136.16","AC010136.1",5,5.45464960851572,10
"BX284668.56","BX284668.5",4,5.98921895209117,10
"CLCN56","CLCN5",6,7.49590404500189,10
"AC103760.16","AC103760.1",4,6.82951866916294,10
"GPR886","GPR88",5,5.87990590100241,10
"AC005674.26","AC005674.2",9,6.32976397119888,10
"CABP46","CABP4",10,9.78775642838572,10
"ZNF3006","ZNF300",2,6.62482422445996,10
"AL390719.16","AL390719.1",2,7.86761727384856,10
"ANKRD36B6","ANKRD36B",6,7.16707028090732,10
"PREX16","PREX1",4,11.3094091893907,10
"PRRG16","PRRG1",6,6.52366819885005,10
"PDCD2L6","PDCD2L",6,7.277775230577,10
"EIF5A6","EIF5A",6,5.97975422470167,10
"AC084740.16","AC084740.1",4,8.41529006956829,10
"GIMAP66","GIMAP6",9,7.93135627891017,10
"ADAMTSL46","ADAMTSL4",9,6.51344772052246,10
"AC127024.46","AC127024.4",5,5.13598135212163,10
"EEPD16","EEPD1",9,8.21337829395903,10
"GPR89A6","GPR89A",6,7.48743872024756,10
"SLC29A46","SLC29A4",6,8.21360800623982,10
"NLRP17","NLRP1",9,7.27358320946466,10
"FCMR6","FCMR",2,6.32029519551369,10
"STMN26","STMN2",5,7.10943247289926,10
"PAX26","PAX2",10,7.26089453516609,10
"SLC9A56","SLC9A5",8,5.60795823697549,10
"PART16","PART1",6,9.0752144135006,10
"PAQR56","PAQR5",6,7.83896899435777,10
"SRPX26","SRPX2",2,7.02823860206344,10
"LGALS26","LGALS2",1,7.22728249276748,10
"AL021578.16","AL021578.1",2,6.03669241173366,10
"SCARNA56","SCARNA5",5,9.50629123724675,10
"DYNLRB26","DYNLRB2",4,6.42729662201122,10
"SKAP16","SKAP1",4,7.74446014831503,10
"AC027117.16","AC027117.1",2,5.93601593099651,10
"EPDR16","EPDR1",9,6.32847456451596,10
"C5orf496","C5orf49",4,8.60993675135268,10
"CHIC16","CHIC1",10,5.75680321060849,10
"COL4A46","COL4A4",9,5.9126424470925,10
"PCED1B-AS16","PCED1B-AS1",10,6.91479166101018,10
"P4HTM6","P4HTM",2,6.82225022876155,10
"RPP256","RPP25",6,6.05216325906048,10
"RGL36","RGL3",5,6.69824254936011,10
"ENPP56","ENPP5",4,6.88161290300497,10
"SYNC6","SYNC",4,7.38193642921348,10
"MAP66","MAP6",9,6.36030425593826,10
"TMEM2206","TMEM220",9,6.38317974595528,10
"HTR1F6","HTR1F",4,6.02967485417781,10
"PRSS226","PRSS22",2,8.2665338446194,10
"AC008875.36","AC008875.3",1,6.41961010992374,10
"AC091544.46","AC091544.4",4,5.94183443836071,10
"APOL16","APOL1",1,8.11869779410295,10
"SOCS16","SOCS1",1,7.84187022741458,10
"TTLL96","TTLL9",10,7.25293349407923,10
"GPC46","GPC4",4,6.67219930077258,10
"AMER16","AMER1",6,8.69300904489275,10
"GNAO16","GNAO1",10,10.1891246338546,10
"TSPY26P6","TSPY26P",4,5.9513796482087,10
"NKD16","NKD1",10,6.22292584508869,10
"AC087854.16","AC087854.1",4,6.90828099063211,10
"CELF56","CELF5",10,7.12567338676434,10
