Mixture	luminal epithelial cell of mammary gland	mammary gland epithelial cell	basal cell	naive B cell	IgG plasma cell	class switched memory B cell	unswitched memory B cell	IgA plasma cell	effector memory CD8-positive, alpha-beta T cell	gamma-delta T cell	natural killer cell	lymphocyte	mature NK T cell	activated CD4-positive, alpha-beta T cell	CD4-positive, alpha-beta T cell	regulatory T cell	T cell	CD4-positive helper T cell	effector memory CD4-positive, alpha-beta T cell	CD8-positive, alpha-beta memory T cell	activated CD8-positive, alpha-beta T cell	myeloid dendritic cell	non-classical monocyte	macrophage	classical monocyte	conventional dendritic cell	M1 macrophage	myeloid cell	M2 macrophage	plasmacytoid dendritic cell	neutrophil	fibroblast	endothelial cell of lymphatic vessel	vein endothelial cell	endothelial cell of artery	capillary endothelial cell	pericyte	vascular associated smooth muscle cell	mast cell	P-value	Correlation	RMSE
BCRF1_3&EN_11771_354_EN_S_S2_R1_001	0	0.00245458364879743	3.81682593216108e-05	0.0468812746026784	0.0566995736939015	0.0195242724994613	0	0.012420208535022	0.0153657591039656	0	0	0.0454062075344712	0.0526495600129189	0	0.138249114917953	0.0276659561404263	0	0.00410608021280958	0	0	0.0083158154915777	0	0	0	0	0	0.00438702396560126	0.133492502192402	0	0.00421407357659871	0	0.310648585698452	0.00624574273368185	0	0.00468762708340394	0.0839163579525881	0.00967950669536855	0.0129520054485994	0	0	0.861445690110601	0.717701330505075
BCRF1_3&EN_11773_354_IDC_S_S4_R1_001	0	0.000691775504895721	0.00876745861484077	0.0204083392568666	0.00502997698610412	0.0694593149359139	0	0	0.0463515700053528	0	0.000272213255881068	0.0469138986931798	0.0450515554888119	0	0.104340378630991	0.0390806003650175	0	0	0	0.0141607238635881	0.0157931227323422	0	0	0.0398852993455869	0	0	0.0343004558212935	0.251004456552352	0	0.0144295811709572	0.00255768347920221	0.145849685166603	0.00701561371248761	0	0	0.0481204101692078	0.0405158862485246	0	0	0	0.612493457505606	0.891287861662911
BCRF1_3&EN_11775_354_RS1_S_center_S6_R1_001	0	0.0122062575479116	0.0135221468807098	0.0419257889875719	0.0641099996948882	0.0443413109838825	0	0.0124914788325249	0.0209684765774015	0	0.0109618121456695	0.0344593374399265	0.0152134389243473	0	0.120747976637891	0.0228941905346504	0	0	0	0.0308333700606304	0.0240311321443217	0	0	0	0	0.00248723615537542	0.00687991285098852	0.187647412633762	0.00377586426368895	0.010079942331535	0.00181987049940665	0.202584762763047	0.00319938640127775	0	0	0.0742290354387893	0.0352112312363207	0.00337862803348212	0	0	0.909960909198443	0.667704881798728
BCRF1_3&EN_11777_354_RS1_S_peripheral_S8_R1_001	0	0	1.96417922201448e-05	0.0175694321100387	0.0235796005153157	0.0556599845833098	0	0.00224892000361072	0.0272500599087847	0	0.00206767867256093	0.0486085392307837	0.0186411105397146	0	0.113591324977774	0.0244219262949298	0	0	0	0.00558405526606522	0.0303217398585068	0	0	0	0	0	0.00890241630406246	0.148017961183026	0	0.00128846649666608	0.0016437928014052	0.338335279221185	0.019818232634855	0	0.00187741893003665	0.0948835721727364	0.0156688465024126	0	0	0	0.770539186071563	0.842617654234059
BCRF1_3&EN_11779_354_RS2_S_center_S10_R1_001	0	0.0566627942523414	0.0193705071049684	0.0302637987054086	0.0340669540716555	0.100883542376268	0	0.00264298819809424	0.0241481703348987	0	0	0.0306809201167522	0.0255887788910324	0	0.165541796440881	0.0114448684558045	0	0	0.00456779705401644	0.0114505287455489	0.0255574752567819	0	0	5.30618354879655e-05	0	0	0	0.161824213758267	0	0.00498236491763067	0	0.161207940940891	0.00228793461934262	0	0	0.0867895016075362	0.039984062316394	0	0	0	0.806145160529008	0.819760804475397
BCRF1_3&EN_11781_354_RS2_S_peripheral_S12_R1_001	0	0.00625678858256071	0.0235578901564351	0.013841361197519	0.0224224587714681	0.0618504232478031	0	0.00523070239900213	0.0230665610422556	0	0	0.051181262824	0.0343748366855449	0	0.108733925593974	0.0381174846605629	0	0	0	0	0.00575851095529102	0	0	0	0	0	0	0.147464536372088	0	0.00906054593554209	0	0.3023143481008	0.0178101738348088	0	0	0.108200207817352	0.0023753525808096	0.0183826292421836	0	0	0.699543042540862	0.863325388392261
BCRF1_3&EN_11783_354_NL_S_S14_R1_001	0.00385834836278424	0.00422704520912536	0.00629887394037453	0.0357377993113238	0.0715329707669596	0.0266077045146337	0	0.0254826723888344	0.021166492201737	0	0.0054885751703358	0.0640726396749949	0.0194015515535354	0	0.125712870656768	0.033828785410156	0	0	0	0	0.0280884352893791	0	0	0	0	0	0	0.156218121655555	0	0.00433474187962726	0.00133178699303483	0.265140377022512	0.0071918381211608	0	0.00599328600973886	0.0696256362971751	0.0186594475702545	0	0	0	0.932566297345381	0.600279938034175
BCRF1_3&EN_11785_355_RS1_S_center_S16_R1_001	0.00484419379639252	0.0101166011090569	0.0347247611817	0.0292773242312884	0.0221972062288919	0.0755170846974884	0	0.0033669259124133	0.0539142149577866	0	0	0.0578007365889981	0.0213384249452247	0	0.0930791498512411	0.00873606293577925	0	0.0102915489832288	0	0	0.0120824174169596	0	0.00426210459377449	0	0	0.00773601760358531	0.00313279663236395	0.23092287170204	0.0103853026483047	0.0108286480935478	0.000453461902059288	0.187238453498415	0.00773605182153406	0	0	0.0667576414321899	0.0332599972357358	0	0	0	0.657378555149801	0.872235261476405
BCRF1_3&EN_11787_355_RS1_S_peripheral_S18_R1_001	0	0.00143634090739984	0.0151011949460177	0.0165207311723255	0.0114550517282757	0.0707378882717286	0	0.00908713558983322	0.0294482600681016	0	0.00257022139809219	0.0389790475086379	0.0179069907987357	0	0.100084820177095	0.0145051741576549	0	0	0	0	0.0125324334822821	0	0	0	0	0	0.00187820755388233	0.16113271934717	0	0.00820430571913823	0.00161005089511717	0.37254200449541	0.00238193533863465	0	0	0.106158513283645	0.00572697316082315	0	0	0	0.596109059866928	0.892318528323183
BCRF1_3&EN_11790_355_RS2_S_center_S21_R1_001	0.0654241734183881	0.00857903469287201	0.0388922125211832	0.0179675668072724	0.0259383723523641	0.0793690476412088	0	0.0116996789284096	0.0279958305395059	0	0	0.0601774129581781	0.0392090673793925	0	0.128558319088154	0.0091684249505082	0	0	0.0332560154827141	0.0195965328692788	0	0	0	0.00165285370779165	0	0	0	0.204372114535805	0	0.0202699146491353	0	0.140832413780726	0.00642076141433873	0	0.000150751664301625	0.038733834075228	0.0217356665432444	0	0	0	0.801221747365	0.82440991744988
BCRF1_3&EN_11792_355_RS2_S_peripheral_S23_R1_001	0	0.000710198160126141	0.0127650584282468	0.00380914830310199	0.0111744257437377	0.050836336532458	0	0.00707575806895314	0.0265430893332235	0	0	0.0504218939919743	0.017959883096302	0	0.119306061885256	0.0231003808299841	0	0.012093099179277	0	0	0.0397695498916268	0.000518093846309494	0	0	0	0	0.0163271446578762	0.172669162629539	0	0.0181909988569667	0.00610879535191758	0.314136018989643	0.0132143881441959	0	0	0.0766994345877775	0.00657107949150683	0	0	0	0.571753803210123	0.899166099640228
BCRF1_3&EN_11795_355_NL_S_S26_R1_001	0	0.00189814291097795	0.000237730353599358	0.0333811676911108	0.0254016582327001	0.0424618040906496	0	0.0126829133915595	0.0324762230376916	0	0.0083818065455426	0.0372150166977631	0	0	0.130681802407146	0	0	0	0	0.000466703728195652	0.0219940512982788	0	0	0	0	0	0	0.163519051683835	0	0.0205508658921989	0.00186248754197548	0.339873693422627	0.0270440297733402	0	0	0.0847534847665888	0.00756988098771321	0.00754748554650721	0	0	0.688048615090329	0.848961122431949
BCRF1_3&EN_11797_355_RS3_S_center_S28_R1_001	0.047880097980214	0.0308991849827051	0.0283151234780892	0.0179905224728054	0.0171967259179831	0.06049108365851	0	0.0126751216284807	0.0271424650993106	0	0	0.0380152316171704	0.0286696445359629	0	0.0921242340944956	0.0376279168284287	0	0	0	0	0.00985893354717173	0	0	0	0	0	0	0.227818171985602	0.000822900276634326	0.00556203278989293	0.00205316922083019	0.185427719591286	0.0059525883624661	0	0	0.0899291857777851	0.0335479461541764	0	0	0	0.746766880135613	0.850170814702815
BCRF1_3&EN_11799_355_RS3_S_peripheral_S30_R1_001	5.18770081578012e-05	0	0	0.00257765217170432	0.00354391858788575	0.0411564278844804	0.00303459490827094	0.00188122849895906	0.0253800796592592	0	0.000979702147155116	0.0478900368052515	0.00969653972212626	0	0.11993295947743	0.0187636019119234	0	0	0	0	0.0173814531247668	0	0	0.0358339916075577	0	0	0	0.186910637421022	0	0.0189214924372675	0.00054001384031084	0.356566319139404	0.0312413873779475	0	0	0.0582352166208016	0.0194808696483183	0	0	0	0.620712802429849	0.888274157191349
BCRF1_3&EN_11803_356_RS1_S_center_S33_R1_001	0	0.0115688761039764	0.0164246537008641	0.0248278963405216	0.0786673126855828	0.0524720866324783	0.0105159988037118	0.0320124424712385	0.0164668194793791	0	0.0116372527582592	0.0403976396372962	0.0203518479590098	0	0.151497615881233	0	0	0	0	0	0.031981873265383	0	0	0	0	0.0109888200761678	0	0.207415039942698	0.0204139825917857	0	0	0.148018436532805	0.0107658976117274	0	0	0.0685406989936371	0.0350348085322446	0	0	0	0.935863921784505	0.556410249958908
BCRF1_3&EN_11805_356_RS1_S_peripheral_S35_R1_001	0	0	0.00127318070235336	0.0106434423286828	0.0205822458856593	0.0667302197732332	0	0.00545183688527453	0.0324353157974025	0	0.00418448489313939	0.0407446772425837	0.0186473730260564	0	0.0922192169150415	0.0103980261736105	0	0	0	0	0.0242581759989697	0	0	0	0	0	0	0.218971026856469	0.00523874941776155	0.0178375743140229	0.00134079533201446	0.31060675518721	0.0227112373036974	0	0	0.095638234373919	8.74315928987292e-05	0	0	0	0.725041500953221	0.852529311730004
BCRF1_3&EN_11807_357_NL_S_S41_R1_001	0	0	0.00203051247230996	0.051259127187769	0.0757134422905038	0	0	0.0679745828621436	0.0122949934335355	0	0	0.0168114445029237	0.0278472087604601	0	0.0289397059289788	0.00573305169925402	0	0.00352706023639563	0.00363542673772299	0	0.0309242756656446	0	0	0.00689971072036474	0	0	0	0.0888489801290235	0	0.00847435766340711	0	0.460862598813289	0.038138620028959	0	0	0.062727813649155	0.00334401024229352	0.00401307697586614	0	0	0.932322314810306	0.484756421067917
BCRF1_3&EN_11809_357_RS1_S_center_S33_R1_001	0	0.0204512936791964	0.0396071207685085	0.0534240000179161	0.0677264135616689	0.00905728420049027	0	0.0456948963185535	0	0	0	0.00854800240665088	0.0406920198864021	0	0.0120877743957507	0.0039760014359951	0	0.0133080919559844	0	0.0163214949740432	0.0108740738660228	0	0	0.0570233048803492	0	0.0996711810741644	0.0361036006687135	0.0534165258435762	0	0.066725423130462	0	0.293398544739493	0.000433266580682778	0	0	0.0438878088981943	0	0.00757187671718123	0	0	0.87073135265522	0.601958093959461
BCRF1_3&EN_11811_357_RS1_S_peripheral_S42_R1_001	0	0.00101019000934643	0.000203507889583156	0.017444026209991	0.0650548666307382	0	0.00353738146422862	0.0725992298853706	0.00102178383014707	0	0	0.0102676407566484	0.0209326854155013	0.0206207121092696	0.0222478600128367	0.000275172626914266	0	0	0	0	0	0	0	0	0	0.0328163280991636	0.00455365534965594	0.0408491700284882	0	0.0432588578197242	0	0.566202955119843	0.0176031646162427	0	0	0.047362142687735	0.0121386694385723	0	0	0	0.934327914499957	0.498132871024396
BCRF1_3&EN_11814_358_NL_S_S37_R1_001	0.0124167780109988	0.00266573058159983	0.0223808071277367	0.0133430440802871	0.00737020933991037	0.0765382271758527	0	0.000895086015915669	0.0142017318067449	0	0.00572079549859041	0.0485555676963371	0.00640803412558873	0	0.109864274136994	0.00769100399016632	0	0.000859628585213639	0	0	0.0202917867134373	0	0	0.00960010655816359	0	0	0	0.195424004742541	0.00353023614438563	0.0045830253964244	0.000411634616040671	0.32016734285321	0.0135921537083141	0	0	0.0918845812603486	0.00400384913860571	0.00760036069659289	0	0	0.625210836599438	0.892499263973516
BCRF1_3&EN_11816_358_EN_S_S39_R1_001	0.0641274981663535	0.003875641360202	0.00994338040063892	0.00404577900389742	0.00256880817767632	0.0759219733203013	0.0126498143734937	0.00096685334733166	0.0112862143964615	0	0.000612467457608229	0.0285322116160296	0.0151409980612788	0	0.133835303267523	0.0233885270235823	0	0	0.00130551375064191	0.00843033918582152	0.0230012029012842	0	0	0.0130131938222278	0	0	0	0.218111722085049	0	0.0094465086552131	0	0.241317343708176	0.00482506909980766	0	0	0.0801184062590844	0.0135352305603167	0	0	0	0.602746214706293	0.901886336312972
BCRF1_3&EN_11818_358_RS1_S_center_S41_R1_001	4.69484574230828e-05	0	0.0252785802962371	0.0016650970087691	0.0105917027396371	0.0626370027487321	0.00198151584321361	0.00327218827935903	0.0205998615962285	0	0.0129816312643668	0.0374457484223471	0.0152083722951511	0	0.123458925436073	0.0431759636295144	0	0	0.00505527280777048	0	0.0300369902076399	0	0.014360378123322	0	0	0	0.00209675446392184	0.183416248809501	0	0.0108990495565753	0.00477761567827101	0.235494242293305	0.00933618290896587	0	0	0.0994441077812337	0.0467396193524424	0	0	0	0.679842685028884	0.882545064194766
BCRF1_3&EN_11820_358_RS1_S_peripheral_S43_R1_001	0	0.00471071229395678	0.00901465983474009	0.0291974991591904	0	0.0319534730406205	0	0.000990260748690788	0.0450166382836556	0	0.00239713890640695	0.0538112611927996	0.0234460313791451	0	0.0866170178193652	0.0260186879528232	0	0.0209805017157554	0	0	0.0165086269080605	0	0.0109289764213154	0	0	0	0.00493685901269601	0.197388328373549	0.00790255839659928	0.0153888208864965	0.0118316077567168	0.275034326735108	0.00310157516198639	0	0	0.0813110665645454	0.0415133714557769	0	0	0	0.634608261628801	0.889615568835739
BCRF1_3&EN_11822_358_IBC_S_S45_R1_001	0.12197128250318	0.0176426797486158	0.00453555753480654	0.00679465114027089	0.00077967276520877	0.085940433668905	0.0159589712405353	0.00170345497875505	0.0271159158680223	0	0	0.0310788553669429	0.0245623327472942	0	0.128582037584885	0.0605791815416259	0.0188931183658706	0	0.022694661504325	0.00888117594993195	0.0151461788369714	0.0071658748810597	0	0.0165806247570292	0	0	0	0.193422285454538	0.00405772345727905	0.0146542938654932	0	0.0873843497676497	0	0	0	0.0592978581183266	0.0245768283524774	0	0	0	0.55335717274853	0.917231416543782
BCRF1_3&EN_11824_358_RS2_S_center_S47_R1_001	0	0.00430402210930323	0.0155216664157926	0.0641762880326487	0.0181089240955045	0.0603952119014287	0	0.00971279292023647	0.0521265977017778	0	0.00480954698534036	0.0477357933424947	0.0268841423502203	0	0.0731792336486295	0.014330036156845	0	0.0161736637079169	0	0.0150463348181225	0.0275101916048666	0	0	0	0	0	0	0.196393900683167	0	0.00374517062107426	0.00280733705334728	0.235620492852887	0.00586051838784807	0	0	0.075982010170531	0.0169794456116457	0.0125966788283725	0	0	0.660573042017588	0.874538790278185
BCRF1_3&EN_11826_358_RS2_S_peripheral_S49_R1_001	0	0.00127255274265604	0.00112318816983513	0.0296139591242896	0.0293588160165189	0.0437614295542743	0	0.0101454521121139	0.013460332198691	0	0	0.050719873895632	0.0365374092089621	0	0.117907214177572	0.0190998808536206	0	0	0	0.00282429997030604	0.0278224317326384	0.00170323977958245	0.00609103609342827	0	0	0	0	0.160745317647078	0.00190946340742731	0.00670150391950046	0	0.329988857872026	0.00358159589725207	0	0	0.0969832538077866	0.000357272918874712	0.00829161889993375	0	0	0.782820416860759	0.818886374851045
BCRF1_3&EN_11828_359_RS1_S_center_S51_R1_001	0	0.00706098676920964	0.0113120825077875	0.0137881822542353	0.0789136174628783	0.0446916745650039	0	0.016231877393278	0.0340780727145443	0	0.00325520303956827	0.0441609014578298	0.0123330812669946	0	0.130030136070654	0.010924551351758	0	0.0256387026166215	0	0.00632022694107563	0.0320596456176154	0	0	0	0	0	0	0.157852909337355	0.00984774691489322	0.0248062099871443	0	0.22207113676512	0.00365709309447382	0	0	0.0838985478358409	0.0268769255579558	0.000190488478162683	0	0	0.93212875653639	0.595643748846211
BCRF1_3&EN_11830_359_RS1_S_peripheral_S53_R1_001	0.00279142239961768	0.0214147055572827	0.0466614329258181	0.00925890458685846	0.0214218131026427	0.0239441998694236	0.0514071203916467	0.0104346894981187	0.0140328287722092	0	0.0017745074855012	0.0446729636947309	0.0242513932644993	0	0.0653855824556836	0.0161020387661509	0	0	0	0.00680684428386639	0	0	0.0136500565703618	0	0.00241654022177247	0	0	0.114482098253661	0.0223321351567424	0	0.0149610437777772	0.20277269059115	0	0.0848715721488526	0.0142911208485069	0.0474711540831803	0.122391141293945	0	0	0	0.609714267144247	0.876583981388631
BCRF1_3&EN_11834_359_RS2_S_center_S56_R1_001	0.020362464749038	0.0550335774694599	0.0397641024903915	0.00995697640038585	0.048609994145937	0.039591143202037	0.0339664050663998	0.000775494005902615	0.0353662530615314	0	0	0.0489744137354026	0.00547416599435335	0.00387681352541214	0.0918262465762888	0.00655944447113293	0	0.00725634704140657	0	0.000957857733856666	0	0.00233437247025194	0.00352706514487267	0	0	0	0.00327048022294745	0.165924346083021	0	0.00148576058866174	0	0.221721754300799	0	0	0	0.0924993613248773	0.0608851601956322	0	0	0	0.827028197869105	0.773303140460211
BCRF1_3&EN_11836_359_RS2_S_peripheral_S58_R1_001	0	0	0.0003513715121074	0.0270235982344549	0.045090716353356	0.0593220776756008	0	0.0115620798271582	0.0171005477721649	0	0	0.0605719866751976	0.0196195009555813	0	0.118394877197272	0.00326131634398892	0	0.000135357149340806	0	0.00358580927449711	0.0152443481811832	0.00332781434538011	0	0.00128482770784722	0	0	0.0148822284700768	0.126670327726041	0	0.00156651864978869	0	0.331792258458172	0.016031058269101	0	0	0.093241012449353	0.0217896217496319	0.00815074502270558	0	0	0.880192060090071	0.741141024094384
BCRF1_3&EN_11839_360_RS1_S_center_S43_R1_001	0.00577488517073714	0	0.000543488780768328	0	0.0402330179254933	0.193127825640592	0	0.0313949522788591	0.00739888514152337	0	0	0.0166479325124379	0.0339895186349632	0	0.126363259171786	0	0	0	0.00704865110799965	0	0.0307741777937593	0	0	0	0	0.0164863647003397	0	0.0868603961902571	0.000652495545748239	0.0153180941757471	0	0.270021877955623	0.00697733836669831	0	0	0.0563667664812479	0.0165909264915947	0.0374291459338246	0	0	0.903319661618021	0.708097560571395
BCRF1_3&EN_11841_360_RS1_S_peripheral_S36_R1_001	0.0125098762130237	0	0.0195925939649378	0.0378183203915983	0.0177237181926518	0.0312695840301341	0	0.0515737298391727	0.0187790082138024	0	0.00318165242732928	0.0264359876412536	0.0135772341392602	0	0.0453153943117683	0.0176039085376529	0	0.0129971819246149	0	0	0.0110448295426766	0	0	0	0	0.00861125997105227	0.00739090490262695	0.0952938374504223	0	0.00302030335014826	0.00228085556719391	0.391845360407106	0.022082065719932	0	0	0.144953895052905	0.0050984982087363	0	0	0	0.873863342752424	0.735982614536825
BCRF1_3&EN_11843_360_NL_S_S53_R1_001	0	0.00184742290990601	0.000260381371700212	0.00498392068796939	0.000929008391560657	0.00931550254131952	0	0.00132024389092497	0.00874305574955894	0	0	0.0158309041259417	0.0187108511576048	0	0.0192934648262395	0.00182042923904247	0	0.00599919597017105	0	0	0.00521812803420847	0	0	0.0109027783057081	0	0.0206163139000969	0.0105807892322882	0.0319150698310071	0	0.0132630288165183	0	0.683341910469652	0.0433227698347854	0	0	0.0913584538157281	0.000426376898068149	0	0	0	0.679686298676722	0.852646003140712
BCRF1_3&EN_11845_361_RS1_S_center_S31_R1_001	0	0.0573032173475102	0	0.0504591075857271	0.0963722370967146	0	0	0.0560711071699747	0.0208798667999961	0	0	0.021693364122168	0.0346910672151964	0.0846537223364173	0.0586736136753178	0.012865396177447	0	0	0.0395931207666705	0	0	0	0	0	0	0.0593874794569659	0.0315051723338257	0.115576799221373	0	0.00185030131825521	0	0.200602279812271	0.00140187394177773	0	0.00347332133545685	0.0253360348386222	0	0.0276109174483134	0	0	0.921172260975926	0.468048342145457
BCRF1_3&EN_11847_361_RS1_S_peripheral_S35_R1_001	0	0.00656435677130694	0.0312590189023212	0.0493241493265922	0.0520364186888725	0	0	0.030960582844153	0.0163711714479379	0	0.00898570029873637	0.00634676200296241	0.00240263435406696	0.13261866281134	0	0	0	0	0.044522245595305	0	0	0	0	0	0	0.0149223048967461	0.0146201777848993	0.0716219814000076	0	0.0266920276762927	0	0.392292497408083	0.0235692867977248	0	0.00122471852310244	0.0736653024695503	0	0	0	0	0.894129588935365	0.668678978780257
BCRF1_3&EN_11849_361_RS2_S_center_S20_R1_001	0.0027288954722238	0	0.0359913158063498	0.0542630534462785	0.0973161769225401	0.00940039690834291	0	0.121321113724181	0.0170170171011841	0	0.00352319797610072	0.0343111954536731	0	0.015109250132456	0	0.00626688550658973	0	0.0732904818632597	0.0535315996950751	0	0	0.00114214039990227	0	0	0	0	0.0231675088865594	0.0962377416102224	0	0	0.00460428478116249	0.209533494425514	0.00956771113626439	0	0	0.0803320743445403	0.0326822644383157	0.0186621999692652	0	0	0.958619658940711	0.297918992083849
BCRF1_3&EN_11851_361_RS2_S_peripheral_S45_R1_001	0	0.00285638596949292	0.00548459896745632	0.0102461031364707	0.0474680785305963	0.00788588206517737	0	0.0124088118348789	0.0276510922569406	0	0.00700861981440209	0.00599513218869315	0	0.0544270756729998	0	0.00138485931576919	0	0	0.0276252706982917	0	0	0	0	0	0	0.0244142460786475	0.0425263744232688	0.0652899452988887	0	0.00417489504839175	0.00473452364487707	0.554284743043599	0.0154780139536066	0	0	0.0482551711413228	0.0304001769162287	0	0	0	0.770126222097677	0.763601992130261
BCRF1_3&EN_11853_361_RS4_S_center_S29_R1_001	0.0924399710637623	0	0.087896590874238	0.0495110263089482	0.0155117760825631	0.0248445918207232	0	0.0169786945840492	0.0399519965709665	0	0.00871557636011288	0.0217178933390747	0	0.0740206159181022	0.011715829504085	0.00192319714347679	0	0	0.0253226180509126	0.00592573864275451	0	0	0	0	0	0	0.0376643151090023	0.150608072708797	0	0.0151584870470434	0.00296576518141662	0.1910527150536	0.00036960521116333	0	0	0.0836834123122454	0.0118526177603232	0.0301688933526401	0	0	0.57896828745155	0.888535514234533
BCRF1_3&EN_11855_361_RS4_S_peripheral_S25_R1_001	0	0.00116949809088687	0.00607026265625069	0.00500511022435247	0.0507528229386194	0.00911523097089068	0	0.0085891407355415	0.0143878370712261	0	0.00612098542138213	0.0148142591496881	0.00621578619475422	0.0397629520470815	0.0168751216040101	0.0126161710143905	0	0	0.00978725243095682	0.00939981887043861	0	0	0.00212612699096402	0	0	0	0.0435336260650315	0.0851796302400452	0	0.0200843646895611	0.00690849586518002	0.507164941437798	0.0163879654985501	0	0	0.1079325997924	0	0	0	0	0.890881076789264	0.708526436412142
BCRF1_3&EN_11857_361_RS3_S_center_S26_R1_001	0	0.0603648636274379	0.0433805567223376	0.0260899897757858	0.0728368322547648	0.00238980487642604	0	0.0209910021969591	0.0252631462603989	0	0	0.0138162893103275	0.0225776312353032	0.0193329704808101	0	0	0	0.00422103533721691	0.00592217785156425	0	0	0	0	0	0	0.0971157836561243	0.0830937662405926	0.0676957181353609	0	0.00709092565443024	0.000697108436523071	0.334463327283063	5.01745113528791e-06	0	0.00175696427301571	0.0115959690103379	0.0415563352379514	0.0377427846921331	0	0	0.762390598017287	0.709029702682133
BCRF1_3&EN_11859_361_RS3_S_peripheral_S54_R1_001	0	0.00196928799407916	7.32089597066219e-05	0.0047881730835429	0.00691644810523368	0.0424341513128945	0	0.00680590232613229	0.0189805195908412	0	0	0.0147690776164281	0.0241377628687455	0	0.00769909550950532	0.0122333703543671	0	0.019578795423912	0.0143082073201828	0	0.00256246031672334	0	0	0	0	0.0296607365695411	0.0394143722911654	0.0639220644897817	0	0.0128143359466548	0.00248842989928317	0.404113454387531	0.0447751749924661	0	0.00143585651077035	0.197709770911126	0.0194353965826967	0.0069739466366891	0	0	0.678089944779974	0.866817636944543
BCRF1_3&EN_11863_362_RS1_S_center_S28_R1_001	0	0.0104369072482049	0.157373188241216	0.00595341149340666	0.0246109371496977	0.0258878618151205	0	0.0360865125183203	0.00514993125854615	0	0	0.0101680150315899	0.0179972458600643	0	0.0160850667565017	0.00809185526194521	0	0	0.0229823490078262	0	0.00992939907658487	0	0	0.00305780081671198	0	0.0374653515388886	0.0214801214689612	0.0717400808844335	0	0.073673973249528	0	0.239411447821976	0.00362857041523159	0	0	0.0238602049926419	0.0630515811022893	0.111878186990313	0	0	0.696054382834669	0.816437419937874
BCRF1_3&EN_11865_362_RS1_S_peripheral_S40_R1_001	0	0.00152851777297413	0.000265935420432537	0.0097595959521969	0.0629925341342714	0.0098355895276507	0	0.0635127636571076	0.00184524970360127	0	0.00238019989226091	0.00916997895890678	0.00502681095705606	0	0.00723511726183793	0.00768304177719326	0	0.00684637779244756	0.00512814708297335	0	0.00927690786605604	0	0	0	0	0.00563151627320603	0.00632759154045275	0.0422093372136343	0	0.0118702128210076	0	0.662706883623921	0.000122974537313269	0	0	0.0572931892122478	0.0113515270212513	0	0	0	0.918080769963131	0.539351687609259
BCRF1_3&EN_11868_363_RS1_S_center_S27_R1_001	0.0118964774153022	0.0192711225784406	0.052116058966929	0.00702945686496314	0.0188861606704193	0.01514894241199	0.00298842102843165	0.00151282007361357	0.00902907350206098	0	0	0.0152642408332741	0.0327001755294648	0	0.00588504017214292	0.0221199295558111	0	0.0139089312730069	0.0454799050691561	0	0.00362489415671459	0	0	0	0	0.0286729348724909	0.0450071821036093	0.0594818847985623	0	0.0246991725090758	0	0.511456094786894	0.000165718821004825	0	0	0.0225561378909534	0.0091099980712423	0.0219892260444462	0	0	0.449514646304828	0.916464959210505
BCRF1_3&EN_11870_363_RS1_S_peripheral_S46_R1_001	0	0.00101083450196563	2.07362399962051e-05	0.018273391887459	0.0217324350518092	0	0	0.0179225203384241	0.0142214468863128	0	0	0.0126401784228326	0.0369009049712686	0	0.0189389134618056	0.0110448809852576	0	0.0261042158583443	0.00992761890127216	0	0.0150420055793419	0	0	0.0221724778897913	0	0.0649276653169991	0.0364179093199641	0.0382402092728507	0	0.0419095137254816	0	0.519319011551179	0.000316290032049067	0	0	0.0719335677373152	0	0.000983272068280202	0	0	0.659952850256168	0.839572387951828
BCRF1_3&EN_11872_363_NL_S_S57_R1_001	0	0.00942456855379137	0	0.0891367828623257	0.0922628646613644	0	0	0.147915295408199	0.0281913167613643	0	0	0.0312728074483314	0.0204965792049781	0	0.0332962563064731	0	0	0.0138829361025454	0	0	0.00270042453562271	0	0	0.0067264232303984	0	0.0146846057762481	0.0288742932038331	0.0699994403835948	0	0.0452444985454028	0.00208988754084445	0.272133523200838	0.00132471368321114	0	0.0236458802317559	0.0666969023588782	0	0	0	0	0.938067505233837	0.346748001244456
BCRF1_3&EN_11875_364_RS1_S_center_S52_R1_001	0	0.000382167159875284	0.0235730209252087	0.0418476130902998	0.0143200880800804	0.0101890057736248	0	0.0574715398392434	0.00772235050950378	0	0	0.0150515763034579	0.016887391704441	0	0.00364573721434452	0	0	0.0339979579622671	0.039663201974874	0	0	0	0	0	0	0.0702457717914836	0.0471708756619874	0.0662637510970562	0	0.0115153318041958	0.00356648749757606	0.407524393408022	0	0	0.019853748685637	0.00938566045854644	0.0429770249300722	0.0567453041282024	0	0	0.747840736493755	0.775922861427941
BCRF1_3&EN_11877_364_RS1_S_peripheral_S56_R1_001	0	0.00184068006798385	0.0202114752702534	0.031191509703107	0.00933043165156406	0	0	0.0192799754283142	0.00783388202523464	0	0	0.0106963223430909	0.0167487372452799	0	0.00291831145253888	0.0052897980718536	0	0.0178088593841314	0.0160546192664018	0	0.00893764179656504	0	0	0	0	0.037516261090957	0.00395655903342846	0.0395581964750647	0	0.0224686291333482	0.00137730718758878	0.481864601120575	0.0185429475981392	0	0	0.0950409364956003	0.0887027723745131	0.042829545784467	0	0	0.623892137169731	0.869942662134661
BCRF1_3&EN_11881_364_RS2_S_center_S37_R1_001	0.0368775738241057	0	0.000718291439236357	0.0133089254784689	0.0208439834139735	0.00590748950553108	0.00746004487145056	0.0743791958082255	0.00898274576652945	0	0.00245066762845207	0.00851806537179086	0.0116768177967784	0	0.0137665916226983	0.00169212976394483	0	0.00297468739656083	0.0789074399238342	0	0	0	0	0	0	0.0157688615602899	0.0400274011126285	0.0586117777558681	0	0.0351435101244878	0.0176574348649766	0.431898959065293	0	0.00634137656868349	0	0.0429268278860607	0.063159201450131	0	0	0	0.769337291475313	0.73127655947881
BCRF1_3&EN_13814_552_IBC_Str_1	0	0.000557729104304601	0.0129146966949052	0.00084015858191684	0.169291539329404	0.0706274669932362	0	0	0.0103460215182359	0	0	0.0268701759608923	0.0628953836260475	0	0.0468341727447224	0.0629054059896574	0	0.00082737922450295	0.00847950435653551	0	0.0175900696523312	0	0	0	0	0	0.00979314138438134	0.24434748274137	0	0.0208926384363548	0.000972710859991939	0.107192707057883	0	0	0	0.0829645150832528	0.0428571006600746	0	0	0	0.952228069582043	0.332956801112569
BCRF1_3&EN_13829_551_DCIS_Str	0	0	0.00121290517526991	0.0368954146681281	0.0598682263113789	0.0418264543499965	0.0104728576450323	0	0.0149917349239543	0	0	0.0357465621516498	0.0446252286706693	0	0.119201714173282	0.0215719839837017	0	0.0821940441038686	0	0	0.0334014807568613	0	0	0.0115054296909702	0	0.0256312652919098	0	0.178513032339822	0	0.0339130108232636	0	0.167977280477545	0.00305069304714993	0	0	0.0543153369276255	0.0230853444879217	0	0	0	0.878583659355715	0.720811922531993
BCRF1_3&EN_13831_550_ADH_Str_1	0.0114102753633751	0	0.00362532330042454	0.0487681900436769	0.160482703482778	0.000650442816732635	0.00530474452600521	0	0.0657839421101046	0	0.00253729710247447	0.0301533575422737	0.00298556204689416	0	0.122149038077731	0.00363334711886899	0	0	0	0.00417375283462571	0.0057075383694116	0	0.00147359297546323	0	0	0	0.0105347782298502	0.0990916250668677	0.0131856403921323	0.0200398295588872	0.0271544820071515	0.208983632767271	0.00853365064980945	0.00453317118239522	0	0.0547801043032348	0.084323978131561	0	0	0	0.949756485027354	0.355286118199847
BCRF1_3&EN_13837_550_DCIS_Str_1	0	0.00825676153313051	0.000917479708036413	0.108588240643408	0.308677729431075	0	0	0	0.0332552896708437	0	0.0226304726326869	0.0167558436117341	0.00469563939299389	0	0.118719253163041	0	0	0	0	0.00681229488910001	0.039875788935154	0	0	0.00189269520855149	0	0	0	0.116289437696794	0	0.0201042065567523	0	0.132142742523171	0	0	0	0.0281062174883943	0.0322799069151324	0	0	0	0.959465452242053	0.581094973437077
BCRF1_3&EN_13841_549_DCIS_Str	0.000776331976227483	0.00302980913575505	0.0145815147472965	0	0.095296340487811	0.0597469010631259	0.014338797382807	0	0.0350209017784586	0	0.00538744617361463	0.0322984997814806	0.0147547477369776	0	0.0960907782033967	0.0572948227492665	0	0	0	0	0.0143822614312877	0	0	0.0965236564110873	0	0	0	0.244463191638447	0	0.00691174562811899	0.00059412905160453	0.116327411767482	0.00130003019149497	0	0	0.0553605135895576	0.0340378169803883	0.00148235209431339	0	0	0.910025838332743	0.586845923638891
BCRF1_3&EN_13843_549_IBC_Str	0	0.000166854357641681	0.00817297912603669	0.00430340761022738	0.199408130759698	0.0440020272942803	0.0274638231019613	0	0.0239111960116152	0	0	0.0394958518703221	0.0173090844528124	0	0.107547686336383	0.0429400266494336	0	0	0.0251712491945156	0	0.0258201052904824	0	0	0.0307333772358802	0	0	0	0.204240886273324	0	0.00584972979690565	0	0.0662588898398127	0.00482246222923017	0	0	0.0785950918164576	0.0437871407529794	0	0	0	0.954061771629613	0.299725174625075
BCRF1_3&EN_13845_549_IN_Str	0.00290641120606838	0.00615718268362446	0.0169086078679879	0.08363338443869	0.130089986250715	0.102721204695015	0.0224015190027937	0	0.00288166385556024	0	0	0.040250368501942	0.0278672695269852	0	0.244171437890027	0.000925180579939017	0.00827639198667508	0	0	0	0.0288984478872433	0	0	0	0	0	0	0.138308295040658	0	0.0087494989783667	0.00173251204668034	0.0503107227369391	0.00622415379297426	0.00334419378542469	0	0.0369912575260163	0.0362503097196748	0	0	0	0.952766717708378	0.436652092707324
BCRF1_3&EN_13849_550_DCIS_Str_2	0	0	0.0011193350969326	0.0230936295348315	0.348834105218911	0.028071023641899	0.00936976436818598	0	0.0253279376855341	0	0.0278607589482402	0.0150430771061019	0	0.00433102691815642	0.11635029576435	0.0289501749260947	0	0	0	0.0188168844248543	0.030164672188394	0	0	0.00358296001288797	0	0	0	0.133196501619773	0.00843524953822345	0.000962533244451531	0	0.103775548834196	0	0	0	0.03888039914543	0.0338341217825511	0	0	0	0.961041373253773	0.743957571488595
BCRF1_3&EN_13855_549_NL_Str	0	0.00136521979032462	0.0230527034297627	0.050274758227863	0.129696341266444	0.0145763498442446	0	0.00839031616714831	0.017857301123998	0	0	0.054282344256727	0.00250660497465889	0	0.100393157020349	0.0006812819035064	0	0.0613203577729344	0	0	0.0309150203443498	0	0	0	0	0.00644170046962721	0	0.111637844051167	0.0048449675423172	0.00915007571717746	0	0.224836984243676	0.020561649814142	0	0	0.111082596730794	0.00536154767172837	0.0107708776370597	0	0	0.9471896798774	0.429624115667249
BCRF1_3&EN_13859_548_DCIS_Str	0	0	0.000232104878130732	0.0206580550720885	0.0535228092171987	0.0384493298336762	0.0135071117013376	0	0.0357020751889606	0	0.00462847017360768	0.0190403285606953	0.0379662493398931	0	0.164983261889673	0.0415030563548065	0	0	0	0	0.0650660353683361	0.00101984933514852	0	0.0160291365429817	0	0	0	0.157391869460755	0.000362674307223794	0.0325599890520552	0.000593022255915163	0.171185568249122	0.00150198582823945	0	0	0.0929988160455535	0.0310982013446011	0	0	0	0.866976227276993	0.750514432865897
BCRF1_3&EN_13861_548_IBC_Str	0	0	0.00500625991013995	0.0451416921604582	0.101877348077892	0.0353435145267048	0.0115892747205773	0	0.0657563235861674	0	0	0.0477403439559347	0.043120223629555	0	0.168766164515719	0.0314550901552532	0	0	0	0.0242902911411562	0.0436451318041296	0	0	0.0240847320515462	0	0	0	0.155476890090955	0.00187794006759899	0.0219294068137449	2.39280837618035e-05	0.131921483394626	0.000348156343384014	0.00387905289471387	0	0.0232828644463152	0.0134438876296669	0	0	0	0.930837889412137	0.555796467462418
BCRF1_3&EN_13863_547_NL_Str	0	0.00174142368264778	0.00422835135674084	0.00770546407374274	0.146352584733253	0.0118242400824509	0	0.00387421055862905	0.0291136933792197	0	0.00201065131438658	0.0479167087333348	0.00982182536230694	0	0.0464843380708921	0	0	0.0283578272209948	0	0	0.0402690866461596	0	0	0	0	0.0070165433598301	0	0.144514261535528	0.0276519154756385	0.018901244245625	0	0.285531243960396	0.0218410727047654	0	0	0.0805457195263868	0.0318947006632062	0.00240289331386395	0	0	0.94576105679486	0.391381631709744
BCRF1_3&EN_13865_547_CCC_Str_1	0	0	0.000776555899027761	0.0909016488057451	0.0917366806397695	0.107040473279198	0.018797166115245	0	0.0424383080721644	0	0	0.032494946272682	0.0404846004830268	0	0.177530039989203	0.0376740756350769	0	0	0	0.0217443799746563	0.0446252427400421	0	0	0.00219484916725055	0	0	0	0.112510947053785	0	0.0229215924118634	0.000187723407178399	0.110443667417149	0.00328246577794079	0	0	0.0334316149878309	0.00878302187116545	0	0	0	0.939055400763055	0.584258732059099
BCRF1_3&EN_13867_547_CCH_Str_1	0	0	0.00487171397928293	0.0341225211371545	0.0581327663722622	0.0366397862235158	0	0.00448025345766333	0.0176762576893392	0	0.0021391689668732	0.0458374493356077	0.0208309412771389	0	0.128752944044185	0.0124472974755956	0	0.00210450986154798	0	0	0.0227565316131268	0	0	0.00238897382268477	0	0.000119525001307928	0	0.142069486739558	0.00688580836936454	0.00813320169061608	0.00416682270949638	0.351558217953137	0.00945430652103493	0	0	0.0844315157595074	0	0	0	0	0.868975411346542	0.721008586669142
BCRF1_3&EN_13869_547_IBC_Str_1	0.00468851040833197	0	0.0102485537145905	0.000928061678487214	0.00771524500329875	0.0897664892003764	0.00441507389313588	0	0.0486374314913409	0	0	0.0401288534111042	0.0105149655299054	0	0.08781731152176	0.017814912849735	0	0	0	0	0.0143113981754988	0	0	0	0	0	0	0.236169768625724	0.00264933295428872	0.00133165383296657	0	0.231466668593713	0.000773739550748953	0	0	0.104675705308367	0.0602114359570355	0.0257348882995913	0	0	0.439976813002931	0.9333332588699
BCRF1_3&EN_13871_547_DCIS_Str	0	8.15884458052322e-05	0.00872602447040124	0.0170740175112907	0.08005198645539	0.0564219770714424	0	0	0.047294916597026	0	0.0103366464603945	0.0377195065625192	0.0124669126361154	0	0.0879527266424179	0.0174039876768556	0	0.00589250294851331	0	0.00699461374112479	0.0274333012205118	0	0	0	0	0	0.00300187481160156	0.230256264219523	0	0.011489405232759	0.00267478576016893	0.165825434010539	0.00415150419684725	0	0	0.114050519230117	0.051519328641241	0.00118017545739552	0	0	0.898522717455628	0.649570005991073
BCRF1_3&EN_13873_547_CCC_Str_2	0	0	0.00021381192258552	0.0573619544389299	0.105575886086101	0.0147329056500682	0	0	0.0250738331014645	0	0.00259835536999628	0.0463874042461478	0.0231838033307902	0	0.0963410375736236	0.0241856470881944	0	0	0	0	0.0213839465710794	0	0	0	0	0	0	0.150349202439769	0.0146150031682264	0.00333608705479583	0	0.280500674814779	0.00400174786444792	0	0	0.0943515005034406	0.0358071987755607	0	0	0	0.929138192032506	0.543254684150163
BCRF1_3&EN_13877_547_CCC_Str_3	0.0187411951744643	0.0110799962858588	0.0336727456643355	0.0192443440553926	0.0445069772368276	0.0780216917679709	0.011682542243525	0	0.0358388302133071	0	0	0.0253445672079533	0.0232260366849164	0	0.118084554096907	0.0270529501754721	0	0.00727463721360352	0	0.0105390944870632	0.0175804041577922	0	0	0.00436613328737417	0	0	0.0107621056582476	0.219584518380189	0	0.00836051962119692	0.00219584982146254	0.149502982778523	0	0	0	0.085928794433607	0.0374085293540096	0	0	0	0.828481047872932	0.786072292052146
BCRF1_3&EN_13879_547_IBC_Str_2	0.0250275271671002	0.0490717389779944	0.0611228762437583	0	0.0252705188253908	0.0903193300621324	0.00177698390005086	0	0.0520558004492555	0	0	0.0646476896843376	0.0333574388209064	0	0.0819147103765183	0.0186066601398582	0	0	0	0	0	0	0	0.00225092480044852	0	0	0	0.236864390183683	0	0.00166086874917743	0.00336981895535875	0.137945762131842	0	0	0.00885220493911535	0.0557156239417309	0.050169131651341	0	0	0	0.674475701572535	0.869201225762485
BCRF1_3&EN_13881_547_NL_Str	0.0124352153431187	0.00969359158904676	0.0233952950394405	0.0116300975108841	0.0596819164039616	0.0544731177002683	0.00516260041016078	0	0.0365133440642948	0	0.0127173521603756	0.0449271290719279	0.023147639725755	0	0.110949434144316	0.00326348093234461	0	0	0	0.00974864550924793	0.00876174421018813	0	0	0	0	0	0	0.218921940096396	0.00904339139311748	0.0115421564646789	0	0.214306226822149	0.00104624531885398	0	0.00254332604378374	0.0611790982918324	0.0532142601460815	0.00170275160777652	0	0	0.88020193971762	0.721472090049073
BCRF1_3&EN_13883_546_NL_Str	0.0374829333605188	0.00419650960027535	0.0171798977840607	0.0538903819152785	0.0681443177452869	0.0599270268421544	0	0.00798494726719653	0.0530972937528953	0	0.0161961736311821	0.0590046196658493	0	0.0084454944304063	0.0940288015517553	0.0111496303190102	0	0	0.00509114021420354	0	0.0103352778239602	0	0	0	0	0	0	0.139570024953628	0	0.00457535935705421	0.00259650272424786	0.233966128774274	0.00367680149183341	0	0	0.109460736794929	0	0	0	0	0.919270238659662	0.661211950260314
BCRF1_3&EN_13885_546_ALH_Str	0.0767457428781717	0	0.013665019504112	0.0409020563531421	0.0689408044736027	0.0808603659325474	0	0.004812128868767	0.0264134146802321	0	0.00800463326604934	0.0368294418305691	0	0	0.06625154992525	0.0291116176980365	0	0	0.0241134137591129	0.00779943203390117	0	0	0	0.00264607347186729	0	0	0	0.100060268757333	0.00621919773887503	0.00697978351494493	0.00125878963962249	0.232418233727819	0.00148547452233505	0	0	0.10818384390903	0.0562987135146795	0	0	0	0.907261115787782	0.671646179829421
BCRF1_3&EN_13887_546_IBC_Str	0	0	0.00341343247416472	0.06962006914159	0.32423571931741	0.0452178279577046	0.00733558362756974	0	0.00198943340893254	0	0.00338803149680088	0.0351888028274204	0.00102759196346148	0	0.160359258606948	0.0697171062709371	0	0	0	0.0170418214984546	0.0541554968121368	0	0	0.0166033278621549	0	0	0.00919832354105784	0.118887944900058	0	0.00102837055651985	0.000928944568930957	0.0429384331659699	0	0.00076746099845597	0	0.00534752712040668	0.011609491882916	0	0	0	0.959860999008858	0.643646599531102
BCRF1_3&EN_13889_546_LIN_Str	0	0.00395269711746945	0.00533684111633703	0.0623421026616728	0.319637269400621	0.0289055280824521	0	0	0.019713739095827	0	0.0254736290339348	0.0273517653370268	0	0	0.0924896816252979	0	0	0.0632854572587351	0	0.00447295702984532	0.0320500475322163	0	0	0.00853513865202271	0	0.020136360330666	0	0.104639677312287	0	0.0255608177711502	0	0.0695120665462065	0	0	0	0.0597440890014817	0.0268601350947497	0	0	0	0.960523356790772	0.623529781381355
BCRF1_3&EN_13891_546_CCH_Str	0	0.00175692068942195	0.00478195678285537	0.0378833853329018	0.106667014056459	0.0970545332774795	0	0	0.0144826986390603	0	0	0.0478891058386005	0.0160807171311036	0.0168500095566919	0.102817597397596	0.0381128904633708	0	0.0251083527956856	0	0.000416930528802152	0.0549998194312156	0	0.0091887591741702	0	0	0	0	0.129309464239299	0.0106232746743831	0.0325188303456397	0.00012210048518086	0.170819976770657	0.011274787972784	0	0	0.0465443357782781	0.0246965386383639	0	0	0	0.940048747362528	0.528995693872891
BCRF1_3&EN_13893_546_HIN_Str	0	0	0.00403320709708001	0.162374288637506	0.284845320586222	0.0595061164210223	0.0463901840436351	0	0.000256882158238352	0	0.00542513253725428	0.0302241182435115	0	0.00115263105022058	0.181315570453846	0.0469686302078301	0	0	0	0.0134331415308215	0.0698139414339887	0	0	0	0	0	0	0.0560620509691753	0.0047145314732321	0.00484563938390911	0.000693130960594176	0.00591284150752438	0	0	0	0.0146629298887972	0.00736971141559064	0	0	0	0.960741561267854	0.486843175887519
BCRF1_3&EN_13895_546_MIN_Str	0	0	0.00426349932722323	0.0527169847378594	0.237162398420303	0.0499611094623813	0.0101292132696584	0	0.0169018072499128	0	0	0.0488307761965551	0.0109055702041471	0	0.204201873706233	0.0234984643990312	0	0.0212763920107102	0	0	0.0792256907418885	0	0.00084400587427735	0.00878496124461977	0	0	0	0.0891164501684711	0.00789215668827785	0.0459227176466908	0.000574440832301575	0.0390396782372534	0	0	0	0.0282686241462728	0.0204831854359313	0	0	0	0.960157672517304	0.329417314023517
BCRF1_3&EN_13897_545_CCC_Str_1	0.00628150219566155	0.00218845320836792	0.00222390523347815	0.0754440523388445	0.105813055824374	0.0660080276609841	0.00105124061517267	0	0.0226643150287976	0	0.00366560886868745	0.0436237165086114	0.0179809816032524	0	0.192249784667281	0.0242495086481149	0	0.0352111756986976	0	0	0.049933858403666	0	0	0	0	0	0	0.119045755972142	0	0.0179626210287503	0.00245445809797914	0.153745496249782	0.0025024317440511	0	0	0.0486499040123539	0.00361018502212451	0.00343996136882486	0	0	0.945173754241971	0.529478669523654
BCRF1_3&EN_13899_545_ADH_Str	0	0	0.00232445955301281	0.0378426027598503	0.157288460234184	0.0829737775566932	0.00911361046151468	0	0.0177631705230329	0	0.0151455384574841	0.0351687833914259	0.0162779939936827	0	0.154358976841343	0.0324052839643295	0	0	0	0	0.0472259897779536	0	0	0.00671953548352421	0	0	0	0.14379665921103	0.000343820755988581	0.0159602737057353	0	0.152585290334306	0.000226300385634149	0	0	0.0578878044152768	0.0145916681939978	0	0	0	0.954437637147364	0.35435335635693
BCRF1_3&EN_13901_545_UDH_Str_1	0.0212608188576741	0.00532701954484395	0.00555130668219885	0.0296647751844624	0.193885383163477	0.0501912044957157	0.00385022151941203	0	0.0152865353450094	0	0	0.0300819876821641	0.0302800044499893	0	0.160153108362371	0.0290951576881396	0	0	0	0	0.0477589919296768	0	0.00115096507481635	0.00794129827672679	0	0	0	0.140825758526948	0.000349506365901081	0.0118782840906406	0	0.14443691743951	0.00215909925703388	0	0	0.0563052077571342	0.0125664483061557	0	0	0	0.957135026213045	0.290933785258643
BCRF1_3&EN_13903_545_AM_Str_1	0.00766934943682407	0	0.0068578426015325	0.0160005524250513	0.0971491267875472	0.0573260694763833	0.0294578966466269	0	0.0274443278727293	0	0.0061543378989498	0.0437760301931466	0.00687857502590271	0	0.208676988026348	0.0328511501235655	0	0.0181882822259869	0	0	0.0493873266927344	0.0016891170481841	0	0	0	0	0	0.159717949044548	0.00406382906403001	0.00906326146125577	0.00399132973673876	0.14604182319338	0.00517393485053855	0	0	0.0486986161020367	0.0137422840659597	0	0	0	0.939201126729763	0.565955734211376
BCRF1_3&EN_13905_545_IBC_Str	0.0248083423460892	0	0.00258889991261624	0.0163290509622329	0.0837161572799067	0.0387900869162477	0	0	0.0250672282277293	0	0.00703511425029724	0.0379753520786329	0.043311833781612	0	0.105843538601327	0.0205568996949188	0	0.0168767121416744	0	0	0.0219969700220968	0	0	0.0349641014155881	0	0	0.00276867395904909	0.183688239459248	0	0.0181075141669204	0.00165714626475524	0.187498184648252	0.0163489773510643	0	0	0.0860254660893549	0.0218582969931723	0.00218721343721475	0	0	0.907432497623155	0.630948178852686
BCRF1_3&EN_13907_545_DCIS_Str_1	0.00872806146079621	0.00245014824373749	0.00634434130584779	0.0370960717394202	0.103199070362724	0.0624470008435443	0	0.00821609678675259	0.0289516940239964	0	0.0135869873026483	0.0350274568817867	0	0	0.161008129261243	0.00512260945752514	0	0	0	0.000177563163587136	0.0305657729105862	0	0	0	0	0	0	0.170236157715976	0	0.0147137810912936	0.000775505996017024	0.1812940717626	0.00194460734030648	0	0	0.0933641527108909	0.0347507196387201	0	0	0	0.939534653669303	0.524880081369193
BCRF1_3&EN_13909_545_CCC_Str_2	0.0120918411617145	0	0.000550012699605665	0.0373656547734799	0.0416897187851843	0.00758136689401743	0.00771633758573218	0	0.0125276820067847	0	0.00838139732421524	0.0389588660577687	0.0268113062089998	0	0.102563194259771	0.00684775903111596	0	0.0644165324179555	0	0	0.0286261181689465	0	0	0	0	0	0	0.162089887852618	0.0016459220429062	0.0144527131092458	0.000114714680360428	0.288669521159115	0.0265866343015283	0	0	0.0908495651736088	0.019463254305326	0	0	0	0.81943394002299	0.794735275474833
BCRF1_3&EN_13917_545_DCIS_Str_2	0.0746525284143744	0	0.00315971175520251	0.0148887072515721	0.0171380577957219	0.0827453896434147	0.0102918309357452	0	0.0353429458373426	0	0	0.0753885932777003	0.0152261464854218	0	0.068742399045028	0	0	0	0.0403449380236225	0	0.0047874159499508	0	0	0.00696467164071351	0	0	0	0.145868085926789	0.00144715775415748	0.00421731645199024	0.00152702581848804	0.18595509676221	0.034584746582642	0	0	0.0956736621077444	0.0767864700835554	0.00426710245661264	0	0	0.645366320842813	0.888743614936639
BCRF1_3&EN_13925_544_DCIS_Str_1	0.0109847215758166	0	0.013757485727662	0.0169705451943521	0.0419728095767837	0.0677858988121418	0.000813312576060487	0	0.0333395070722626	0	0.00846365761460272	0.0270993815174191	0.0218372620245235	0.0460853985861887	0.0831925891691521	0.0121290629522393	0	0.0031054854312722	0.0310752637724479	0	0	0	0	0	0	0	0	0.218162570465841	0.0101610449263331	0.0201280919180734	0.00507124969389849	0.179736410392435	0.010301654545915	0	0	0.0799070947032817	0.0579195017512975	0	0	0	0.840530909554989	0.786058307400233
BCRF1_3&EN_13927_544_DCIS_Str_2	0	0	0.00228769219610879	0.0836001062661667	0.119890766589866	0.0726668349687834	0.0154842515883871	0	0.0308186637264432	0	0.00947591422225422	0.0393532620114987	0	0.0964607440340843	0.162010273232814	0.0272565571116881	0	0.00852061198008291	0.0132310695118386	0	0.00141242580115566	0	0	0.00236799111871125	0	0	0	0.145267632426527	0.0101243655334133	0.0211843192692651	0.00212384603272177	0.0658855152561468	0	0	0	0.0372044868922449	0.0333726702297982	0	0	0	0.948251241349498	0.475329765819842
BCRF1_3&EN_13929_544_IBC_Str	0.000923732092958785	0.000293677780603415	0.000384517196519699	0.0658608889311993	0.199886540174563	0.0327373414523989	0	0	0.0401586196226924	0	0.00074532739375593	0.0537846429065881	0.0285188959219834	0	0.121243037869706	0.0214424841698834	0	0.0156531297976097	0	0.0305008040905248	0.0389617631089606	0.000903624031790815	0	0.0953976162933469	0	0	0	0.124118892291094	0	0.0145373821631496	0	0.0918171096054984	0.000644221823734836	0	0	0.0128554256525155	0.00278899929296121	0.0058413263359617	0	0	0.955305933404504	0.295783934052735
BCRF1_3&EN_13931_544_DCIS_Str_3	0	0	0.00412699477716774	0.0746246247824737	0.40061986051334	0.065467052148103	0.00439229177668794	0	0.018929959376251	0	0.00259964919664554	0.0354250752052828	0	0	0.129976438847897	0.027331117351353	0	0	0	0	0.0365712155398498	0	0	0.0105558651940446	0	0	0	0.100016524761454	0.000646239510353935	0.0131915399413898	0.00016179084965933	0.0488576658255282	0.000938285268126894	0.0004091911626881	0	0.00879677731865807	0.0163618406530457	0	0	0	0.961506395543251	0.976221159660739
BCRF1_3&EN_13939_568_NL_Str	0	0.00199569233563957	0.00427079858648654	0.041171728293008	0.0372654697989365	0.0304226080186711	0	0.0154647369569013	0.0254142751117869	0	0.00227472313669491	0.0501804105632454	0.0158364994193727	0	0.107806906574226	0.0401154671528201	0	0.0227882853187809	0	0.0017622775955162	0.0268536256057107	0	0	0.0142438185554407	0	0	0	0.189136830823544	0.000882325515733844	0.00710319973573994	0	0.274123153795445	0.00104757611233471	0	0	0.0841000081012934	0.00573958289267211	0	0	0	0.839991956188596	0.772172715580281
BCRF1_3&EN_13941_568_IBC_Str	0	0	0.00566680561604755	0.032381101120701	0.0299046743700455	0.0770142039118286	0.00505511033067662	0.00046530419324571	0.0148103911052854	0	0.0106283179627004	0.0356698435217537	0.00623724631200571	0	0.182116138328795	0.0411037450639352	0	0.0132507500486619	0.0226415524630816	0	0.0510182757058074	0.00642269080181677	0	0.03172994274176	0	0	0	0.168422583316273	0	0.00943300282793123	0	0.148522930217562	0.00745704188355702	0	0	0.071879237340384	0.028169110816144	0	0	0	0.794564996422658	0.833241016522277
BCRF1_3&EN_13943_568_DCIS_Str	0.000450815881992248	0	0.0014319168535752	0.0802550678775219	0.0306898226843547	0.0790603028431448	0.00964979505984185	0.00815984829374423	0	0	0	0.0319161643554213	0.0363827002497152	0	0.180948454531247	0.0159581848520678	0	0	0	0.00391088528872305	0.0313490033257973	0.00252444922620959	0	0.0444287744915356	0	0	0	0.171539802313092	0	0.0273520765560955	0	0.133362085965102	0.00380424640468273	0	0	0.0736572623877344	0.0331683405584016	0	0	0	0.843586461979162	0.801605602558786
BCRF1_3&EN_13947_570_CCC_Str_1	0.0138825868871864	0	0.0153472806246033	0.000200088795374732	0.0127011557188952	0.0694466596513522	0	0.00361414120067778	0.0235363290097449	0	0	0.0496870262927612	0.0362404294770915	0	0.112594253627705	0.0272777945599096	0	0	0	0	0.0151172305936315	0	0	0	0	0	0.00273051440343941	0.147662610582004	0.00228687511644016	0.000439759561772984	0.00415139950763217	0.282044191048658	0.000302942392845431	0	0.000246891063622727	0.170645636682256	0.00954084004082608	0.000303363161569676	0	0	0.726014598881221	0.871835583685034
BCRF1_3&EN_13949_570_IBC_Str	0.0560279391573788	0	0.0013153405454933	0	0.00153217213271948	0.0901823890181246	0.0573383066381393	0	0.0188756757108831	0	0	0.063164497873523	0.00868287850365608	0	0.167598605322556	0.0670754951489304	0	0	0.00705150206790152	0	0.0353135092463099	0.00676684957819018	0.000967418404117005	0	0	0	0	0.16663430184518	0.00258693128918061	0.020560975732814	0	0.11817277287654	0	0	0	0.0782071200974888	0.0319453188108737	0	0	0	0.708675374330345	0.895779009182166
BCRF1_3&EN_13951_570_DCIS_Str	0	0	0.00333995452166419	0.0662613873133913	0.0117921481279295	0.0247270377854603	0	0.00386563555602056	0.019188090729551	0	0.0100340965335558	0.0280248884115892	0.0286812681010144	0	0.0933423838139549	0.0341652875970338	0	0.00841547601138772	0.0306180855602377	0	0.047068854190915	0.00583673969398729	0	0	0	0	0.00122677464283442	0.17378435054858	0	0.00877230962607328	0.00389341170088597	0.29176575429176	0.000833439168889944	0	0	0.0830980448784147	0.0212645811948696	0	0	0	0.709875887451589	0.873632059415685
BCRF1_3&EN_13953_570_ADH_Str_1	0	0.00439330190200801	0.00388867745355933	0.00512645914681234	0.0527077974348671	0.0803484912426788	0	0.0144213363995018	0.0445869929354419	0	0.0134797394098187	0.0411309828121854	0.0055752047942995	0	0.143050899181638	0	0	0	0.0409777440765431	0	0.018449260148437	0	0	0	0	0.00186174558635457	0	0.124934765424399	0	0.0010161199302627	0.000838966578972613	0.209639082631117	0.00984983823782693	0	0	0.137976401629201	0.0457461930440748	0	0	0	0.901948877796996	0.710041144249432
BCRF1_3&EN_13955_570_NL_Str	0	0	0.00497917326209784	0.0695585803086869	0.0598305591115404	0.0830655320373377	0	0.016029132872857	0.0274337426254496	0	0	0.0215499158104062	0.0618273747379423	0.0156930062494001	0.0994108877238915	0.0105128583461895	0	0	0	0	0	0	0	0	0	0	0	0.133087927451641	0	0	0	0.272410849631499	0.00720524284557777	0	0	0.0879528244702903	0.0252603312884045	0.00419206122678837	0	0	0.917912688876429	0.671143690200751
BCRF1_3&EN_13957_570_CCC_Str_2	0	0.00183109352789778	0.000394972205103081	0.0564090969793732	0.0512484331280551	0.0846648594173929	0.0201572327954135	0.0018614346223215	0.0228134023577758	0	0.00451130093388484	0.023314550535727	0.0216043002826285	0	0.135290414083033	0.0154243385443866	0	0.00136810219872815	0.0183481622721528	0	0.0434874045880273	0	0	0	0	0	0	0.147243374065579	0.010042045744794	0.00478159044617638	0	0.202075129273091	0.0131087055338291	0	0	0.0936294322284641	0.0263906242361661	0	0	0	0.891797245701618	0.743287018851533
BCRF1_3&EN_13959_570_CCH_Str	0	0	0.00678183216164014	0.072051928186359	0.0478637615261805	0.00890539217303441	0	0.00978242424825296	0.0301668027012371	0	0.00134871675958072	0.0310575049110867	0.0264232615914483	0	0.118539088890459	0.0182727138711301	0	0.00285553170757639	0.00681048491341556	0	0	0	0	0	0	0	0	0.101152131981686	0.00655261492921518	0	0.00257363502654616	0.322529719178112	0.000848931387100495	0	0	0.172400759596664	0.0130827642592758	0	0	0	0.8726035701474	0.742404857381489
BCRF1_3&EN_13961_570_ADH_Str_2	0.0126675501030539	0	0.0053724562796848	0.0177676636654853	0.0199985819485655	0.0521031290172584	0	0.0109894434861899	0.0200848744439986	0	0	0.0522223609830466	0.0151047527900134	0	0.144758379537248	0.00829186656636124	0	0	0.014796762988969	0	0.0212109327473917	0	0	0	0	0	0	0.147879614204034	0	0.0075608747154335	0	0.325109103742144	0.000261663294228019	0	0	0.113065327558413	0	0.0107546619284812	0	0	0.781983230879167	0.838589977987721
BCRF1_3&EN_13963_569_IBC_Str	0	0.00187452049021061	0.00317786041111334	0.0184368014740578	0.0137611845443033	0.0616026281145306	0.0121918508637744	0	0.0245909634787512	0	0.00723315253823272	0.0227945040251501	0.0548028170019402	0	0.132134779161248	0.0313860808089269	0	0.0243733120647236	0	0.0188564737123003	0.0362033870129332	0.00521779174471281	0	0.0175058354129596	0	0	0.0267129905250718	0.263921292504477	0.0225059229170635	0.0054185953130878	0	0.116078613654748	0	0	0	0.044635974122202	0.0338881335291662	0.000694534574314835	0	0	0.689445031682596	0.871310272461853
BCRF1_3&EN_13965_567_EN_Str	0	0	0.00308668456452109	0.00717224345207243	0.0383618222307138	0.0194532148757453	0	0.00738476413688856	0	0	0.00383916920505104	0.0327619895379622	0.00221460951240896	0	0.0330809362809569	0.0119909692191409	0	0.0504149760385731	0	0	0.0515075721403344	0	0	0	0	0	0.00869352363647281	0.0982241365067715	0	0.00829620061411935	0	0.468181370509508	0.00158214327425436	0	0	0.136963764308547	0.0167899099559582	0	0	0	0.650518990860169	0.841497231729997
BCRF1_3&EN_13969_567_DCIS_Str	0	0.000127861882362998	0.000671317759328692	0.0507187529408844	0.0591631732589287	0.0610291112932402	0.0151068857661465	0.0105726319907595	0.00344026565471042	0	0.012404944914419	0.0497694042066843	0.0175025125065003	0	0.241941832337663	0.0494256780864288	0	0.00956691531954704	0	0	0.0722994512787255	0.00116027753273642	0	0	0	0	0	0.160776701957731	0	0.0378548570115666	0	0.0857656918291109	0	0	0	0.0410734363595902	0.0196282961129352	0	0	0	0.932741027878758	0.682303893155371
BCRF1_3&EN_13971_567_IBC_Str	0	0	0.00785452068705303	0.0371925108302741	0.0380894287505484	0.050021562125829	0.018840668868557	0	0.0293781778949957	0	0	0.0346907919974739	0.0387720976919299	0	0.195440477727879	0.0205120663077568	0	0	0.0120968363965643	0	0.00911499947527719	0.00421974049126469	0	0.0343069574416468	0	0	0.00611824810102372	0.210143985176294	0	0.0172786489711491	0	0.106270735913535	0.00458101192229006	0.00383927455871944	0	0.0707971156636669	0.0504401430062717	0	0	0	0.800992378683728	0.809884543125935
BCRF1_3&EN_13977_565_EN_Str	4.59996015934656e-05	0.000147700422479142	0.000210198713964628	0.00299908547918591	0.0313180823346426	0.0747805207829062	0	0.0115061648324389	0.0278287823099146	0	0.000568010900007661	0.0452093946459391	0.0259476924237084	0	0.156757278986998	0.0224493560311912	0	0	0	0.00642971714440156	0.0128531134871227	0	0	0	0	0	0.0100415630401379	0.125358732725196	0	0.00347485447631324	0.0032933442744632	0.261699946551976	0.000924722754279696	0	0	0.135319919686315	0.0274581105527155	0.0133777078421094	0	0	0.814585954844194	0.807296066183931
BCRF1_3&EN_13983_561_DCIS_Str	0	0	0.00512267849964888	0.0521894842493151	0.048527115502385	0.0196138232746489	0.0158436843656853	2.37112422717331e-05	0.0376685035198288	0	0	0.0393285900983465	0.0253728739002189	0	0.128845423804441	0.0425820749255621	0	0.020707082184843	0	0	0.045099071430241	0	0	0.00610626885074718	0	0	0	0.202176908760332	0	0.0445431736885796	0	0.184278553836331	0.00217751548124483	0	0	0.0521557681979545	0.027046620678573	0.000591073508802455	0	0	0.863473204758082	0.762124228314018
BCRF1_3&EN_13985_561_IBC_Str	0	0	0.013489662379438	0	0.00825596817014758	0.0672570891373419	0.00571505683197489	0	0.0496932271502855	0	0	0.0453143860147017	0.0440007289026299	0	0.0964373031210116	0.0212564689285738	0	0	0.00480481211566664	0	0.0338653903775415	0.00187513038244995	0	0.0195738613745091	0	0	0	0.242980771510341	0	0.0115130138102014	0	0.198905583110446	0.0106612560045558	0	0	0.0730493905023038	0.0513509001758802	0	0	0	0.450559985362054	0.930828685701498
BCRF1_3&EN_13988_562_DCIS_Str_1	0	0.012716533030815	0.00884378764690913	0.0368501006595408	0.0510447401018747	0.0353752191938074	0.00305728148200599	0.00448846112310524	0	0	0.000667692641464274	0.0467378784289689	0.0287661083659534	0.0428311037851247	0.168066443311403	0.040359453248156	0	0.00516657637119285	0.0124982324020233	0	0.0197583767000906	0.00761719581975591	0.00132749217624847	0	0	0	0	0.180586235397173	0.00571693844587308	0.0128104392615118	0.000449449890750891	0.146235212798942	0.00152553098994235	0	0	0.0921844060271147	0.034319110700252	0	0	0	0.894298126209704	0.738447344691042
BCRF1_3&EN_13992_562_DCIS_Str_2	0	0.00127763158847215	0.0162565262616413	0.0328512331528445	0.00516238072513732	0.0675886336488311	0	0	0.0117605083600669	0	0.0207955562827077	0.0151329300942762	0.0204488080287791	0.0324967673206058	0.184812590698878	0.0130471050500159	0	0	0.00286448198939337	0.0122838573162075	0.0109921824929902	0.00120864427306179	0.00410009832725396	0	0	0.0326925480262299	0	0.177629340262499	0.0174379884701692	0.00591415600464043	0.000423999699575763	0.142325439601553	0.00344885885054611	0	0	0.112839396796869	0.0542083366767545	0	0	0	0.601181549771018	0.904341320628984
BCRF1_3&EN_13994_562_NL_Str_2	0	0.000742093025106877	0.00935298868550314	0.0686615403848006	0.071168973222652	0.0252038120445307	0	0.0108815445487254	0.0128056943078447	0	0.00891395914284747	0.0434768665155302	0.00479064221590122	0	0.0952469255658864	0.021997282698719	0	0.0318135540943596	0	0.0187199880386265	0.0100319512867183	0	0	0	0	0	0	0.143300195045702	0.00568363625798491	0	0	0.276897028414253	0.00147047514046125	0	0	0.113215425559881	0.025625423803965	0	0	0	0.917486119057052	0.64344435907039
BCRF1_3&EN_13996_563_NL_Str	0	0.00404551649139386	0.00677596376934599	0.0679212510566106	0.28005923120542	0.0785022389105793	0	0.0117013582282235	0.0492800907419137	0	0	0.0516016847815017	0.0285128750022684	0	0.141203165995517	0.0271721482461686	0	0	0	0	0.0388310331542819	0	0	0	0	0	0	0.0634664801044113	0.00344069642600552	0.0239568428382928	0	0.0774294853089144	0	0	0	0.0239534931047533	0.0221464446343988	0	0	0	0.959951404497806	0.495812145895617
BCRF1_3&EN_13998_563_IBC_Str	0	0	0.00261349890792782	0.053435119165015	0.393271553998632	0	0.0477687167592546	0	0.0104881754016542	0	0	0.0356393871968764	0.0436187296476064	0.00720699799755923	0.16646258155529	0.0484501789238492	0	0	0	0.0166415128838705	0.0322200444883329	0	0	0.0144514714731228	0.00238602980229631	0	0.00241623694598402	0.0804285048020561	0	0.0238435223847607	0	0.0154222347579097	0.000544073666450697	0.000114493074953897	0	0.00257693616659784	0	0	0	0	0.96410706485352	0.937157355931045
BCRF1_3&EN_14002_553_DCIS_Str	0.0199848073226685	0.00640569608006715	0.00798777884629372	0.00151145330611827	0.0218657412383611	0.089677190085883	0.0130573540311084	0.00310771555981239	0.0104403100370568	0	0	0.0373841781367265	0.0338324101263666	0	0.110679174764709	0.0336680063666166	0	0	0.00129286729955653	0.00635220709076737	0.0120964059398569	0	0	0	0	0	0	0.170200638534149	0	0.0131129077566407	0.0035149501099244	0.158661123964615	0.000729497599479724	0	0	0.164164664649702	0.0705589468337017	0.00971397431981857	0	0	0.669779625278434	0.876511246325388
BCRF1_3&EN_14004_553_IBC_Str	0.0449074040582017	0.00134581942750048	0.0541203796745671	0	0.00988758892732624	0.053464634481757	0.00871228751280066	0	0.0175877745496726	0	0	0.0467335702582738	0.0169074873474237	0	0.0562011560652367	0.0198017148582225	0	0.0228463046645162	0.0190255702857732	0	0.000322479810469899	0	0	0.00622243614055377	0	0	0	0.248243621057708	0.00102578512149245	0.0168127429564802	0.00130655646633448	0.217565990437154	0.00795243324822966	0	0	0.0889383969192585	0.0368759316247119	0.00319193410633585	0	0	0.568935060510854	0.903673839571252
BCRF1_3&EN_14008_553_EN_Str	0.00721217522812039	0	0.0126658618943961	0.0478628479321782	0.0457711062392202	0.0308319022895851	0	0.00629044166898684	0.0116435283756063	0	0.00963755074089608	0.0231272868665591	0.00897602272740815	0	0.0457553565622432	0.0104377858572946	0	0.0298243197044025	0	0	0.00651873633873628	0	0	0	0	0	0	0.128655781636437	0.0129967693532009	0.0136405132924064	0	0.409671883854053	0.00014802516626839	0	0	0.136499561562845	0	0.00183254270915625	0	0	0.833686957493997	0.76171544235215
BCRF1_3&EN_14013_560_CCC_Str	0.0195677136540893	0	0.00611123411380034	0	0.0130586028401171	0.0688562127600949	0	0.00160533575774531	0.0137375952452071	0	0	0.0481749381413535	0.0231842352985762	0	0.0824382968306971	0.00529483889484611	0	0.0386540483429226	0	0	0.0394390859841131	0	0	0	0	0	0	0.193304526777368	0	0.0166845819764064	0.00186362221198956	0.291825726342801	0.00336299712830695	0	0	0.102787071058114	0.019330163763139	0.0107191728783133	0	0	0.634099167903487	0.888739726137128
BCRF1_3&EN_14015_560_AM_Str	0.00412154448223559	0	0.0100578750016205	0.00959765573155729	0.0626355060745656	0.0582704348068723	0.000274672071356861	0.00601944601560104	0.0208112989902249	0	0.00915035584065986	0.032173574498241	0.0180928588506841	0	0.102509471517499	0.0380504282137687	0	0	0	0.0121606626842424	0.0503847078676171	0	0	0	0	0	0	0.184912097572206	0.00660450072956651	0.0192244133828881	0	0.23205577287714	0.0102752044806859	0	0	0.0871184593428343	0.0254990589679328	0	0	0	0.892507381456244	0.696509906799239
BCRF1_3&EN_14017_560_NL_Str_1	0	0	0.00332387854760537	0.0433681330683465	0.0966028300936185	0	0.0124947430408042	0.00759823133393134	0.040659053970194	0	0	0.0299427542343773	0.0251108984424705	0	0.077707179666314	0	0	0.0327858554432776	0	0	0.047919583084367	0	0	0.00329674397026171	0	0.0247882661533816	0	0.165960844877117	0.0118121597840131	0.0213371078265688	0	0.25136999305034	0.00489298783480973	0	0	0.0881112217293671	0	0.0109175338488351	0	0	0.929062132979437	0.554258029355122
BCRF1_3&EN_14019_560_NL_Str_2	0	0	0.0060906824194778	0.0433670074647023	0.155654237763139	0.0069847470526217	0.00472717129923163	0.00767968857939796	0.0290977274898136	0	0.00489036266994586	0.0606791308929139	0.00851849022232643	0	0.121172904296023	0	0	0.00421262401407556	0	0.0207045295759289	0.0433757704780664	0	0	0	0	0	0	0.14155003268884	0	0.0344287240952694	0	0.254016312783602	0.0126292967220782	0	0	0.0402205594925463	0	0	0	0	0.952380196065571	0.35042088300561
BCRF1_3&EN_14021_560_IBC_Str_1	0	0.00300671484909035	0.000267425091600873	0.0437100297277109	0.518738354715383	0	0.00341148920232359	0	0.0191788657228224	0	0.0150334015486355	0.0116898462995909	0.00245537058781641	0	0.128372021467481	0.0181522841679901	0	0	0	0.00574688009974555	0.0583159418257477	0	0	0.00733797836133649	0	0.00267452252142182	0	0.0649236697964707	0	0.0140507492094806	0	0.0512382381703462	6.83716230213792e-05	0	0	0.0135288518531323	0.0180989931588526	0	0	0	0.963900971265266	1.50821916786924
BCRF1_3&EN_14023_560_SA_Str	0.00939672587799537	0	0.0207117643903595	0.0319509179009051	0.0907919444662036	0.0259993499706519	0.00948377532794041	0.00883256724279919	0.0311907946979472	0	0.00495544437389096	0.0555788686969097	0.0142689327955962	0	0.121511591846087	0.0100203180236749	0	0	0	0	0.0260714006448339	0	0	0	0	0	0	0.190784629049809	0	0.00417099191877183	0.00184366343175655	0.201762788917981	0.020597894504909	0	0	0.0862961507550297	0.0337794851659471	0	0	0	0.937833806423104	0.567678062432077
BCRF1_3&EN_14026_560_IBC_Str_2	0	0.00939284893262981	0	0.0334752952678929	0.661996854175916	0	0	0	0.00569796590306496	0	0.00184814989131939	0.012115772615421	0.0312909046720155	0	0.027844760693353	0.0173633366133924	0	0.0304806223849444	0	0	0.0164222354991347	0.00865924014253856	0	0	0	0.0331868197639728	0.0267063285474796	0.0520742586449064	0.00239690684374955	0	0	0.00451646554423632	0	0	0.00401878602123923	0.0140776778075181	0.0064347700352753	0	0	0	0.961369984066132	2.17590367575146
BCRF1_3&EN_14035_572_IBC_Str	0	0	0.00175692752776884	0.0934217748280768	0.140422642163164	0.0761066386361158	0.0320384903131898	0	0.010209851229271	0	0	0.0528757744619767	0.0417645568732651	0	0.181146356913249	0.0617074748884023	0.00473403350314872	0	0	0.00653021424912941	0.0271221535368812	0.00209557165764869	0	0.00747775264944776	0.0244371863373724	0	0	0.144352928284182	0	0.0424722825519086	0.00181260076689448	0.0208390754440206	0	0.00372757050136411	0	0.0159969867045401	0.00695115597898227	0	0	0	0.958112336292529	0.391002550916581
BCRF1_3&EN_14037_571_NL_Str	0	0.00632856258245085	0.00660040069779053	0.0271650135337943	0.101341368804107	0.0183465279440598	0.0112116487475262	0.0297436954626515	0.0268627869044515	0	0.0187344934103538	0.0288751185658682	0.0173116664786595	0.00689460176105494	0.0954567692734442	0.0289626354342134	0	0	0	0.0098650608095203	0	0	0	0	0	0	0.0142118693191239	0.152167609950938	0	0.00168155616861851	0.00289281477105751	0.225925386856671	0	0.00812332137568661	0	0.105279933482802	0.0560171576651567	0	0	0	0.944319182102089	0.477626494312928
BCRF1_3&EN_14039_571_EN_Str	0	0	0.000997370617412033	0.141094709873132	0.00930881169161812	0.0737593401942965	0.0551262031152066	0	0.017734984234707	0	0	0.0431296219208937	0.0373498735365456	0	0.260149087641261	0.0605926096336454	0.0138559136140946	0	0	0.00462987415576636	0.0503419112934299	0	0	0.0244825229261731	0	0	0	0.111682950444186	0	0.0401084821628245	0.00113820649035806	0.0124995925507306	0	0.0121812824898861	0.00498687674363864	0.00187559558347597	0.0229741790867191	0	0	0	0.752757147853568	0.888164223101489
BCRF1_3&EN_14041_571_DCISw_Str	0	0	0.00114989435216388	0.119919431969727	0.0285251746583405	0.0857727680359218	0.0370789620789997	0	0.0217186672004824	0	0	0.0592932071721737	0.0125775361868023	0	0.283571870438753	0.0428165820560246	0	0	0	0.0139229209114171	0.0900840734238049	0.00152202866944348	0	0.0172933118825466	0.00204180532686121	0	0	0.0914437253283629	0	0.0257138070921636	0	0.0370470436280916	0	0.00227456925356013	0.00299962810616291	0.0126710464561985	0.0105619457719982	0	0	0	0.868810807607442	0.829350532936873
BCRF1_3&EN_14043_571_DCIS_Str	0	0.00155323638617243	0.000820639366007785	0.0700840779058265	0.119716817328443	0.0438472516061727	0.0178190679215458	0.0209739208720798	0.0210673996666409	0	0.0206692718256863	0.0391082040096182	0.0277222662322891	0	0.137028932535441	0.0463163761550811	0	0	0	0.0247998424962658	0.0434118031239145	0	0.0125921662741011	0.0106120516604546	0	0	0.00224265939733216	0.144168033807612	0.00570000325932778	0.0143787469198806	0	0.0973238901193863	0	0.00308934972516954	0	0.0459046900440256	0.0290493013615256	0	0	0	0.95875390433871	0.416083020351068
BCRF1_3&EN_14045_571_IBC_Str_1	0	0	0.00213474406311328	0.0374562624405154	0.0605766301827554	0.0330038321318481	0.0413794039334494	0.0025971350581781	0.0243487170893176	0	0.0255767517455699	0.0458846868387695	0.0157310202479032	0	0.169016130812557	0.0777229832885986	0	0	0	0	0.0556799460668063	0.0129904925317833	0	0.0567094123044473	0	0	0.0223681575082585	0.16190708186944	0	0.0276044057814266	0.00143857067645249	0.0276353336490895	0.00183066850584215	0.0152450882442479	0	0.0257871695148217	0.0553753755148091	0	0	0	0.906996010293169	0.698442205015788
BCRF1_3&EN_14047_571_IBC_Str_2	0	0	0.0108589700502061	0.0262576860091008	0.0455699783859434	0.0549667326354918	0	0.00337990939311159	0.0563820103536456	0	0.0127407126768306	0.0249970689582301	0.0451481243252155	0	0.182166048022062	0.0393320533436145	0	0	0.0204135120897543	0	0.0262705280055223	0	0	0.0564537009542041	0	0	0.00222888508353132	0.227724749246631	0	0.0226000207412188	0	0.052271787561328	0	0.000268178246909263	0	0.0498407653232831	0.0401285785941658	0	0	0	0.85333256628467	0.766905304318878
BCRF1_3&EN_14049_566_IBC_Str	0.00206573585556958	0	0.0117801559218922	0.0276210635407345	0.214152575325265	0.0667604855152052	0.0281806963624632	0.0154558768408545	0	0	0.000395179270980988	0.0172083082564426	0.0143134500231572	0	0.127536162302341	0.0374083207089946	0.0166540737071262	0	0	0.0249299675887738	0.027161409403731	0.00332706418801076	0	0.0416891967396782	0	0	0.0030143474348825	0.171785985916914	0	0	0	0.0607136555588751	0	0.00104697417729404	0	0.0507358212876671	0.0360634940731474	0	0	0	0.965448362163664	0.282233321055443
BCRF1_3&EN_14051_566_DCIS_Str	0	0.00144371673846425	0.000898032325844474	0.091509139588713	0.0767771165758507	0.0649482036559858	0.00134821185737773	0	0	0	0	0.0617400326692608	0.0610588322392106	0.0464734079798765	0.291798940305846	0.0609032437578183	0	0	0.00429802543226867	0	0.020372033907135	0.00944964733768293	0	0	0	0	0	0.105688776487014	0	0.0434452034989939	0.00144695845785453	0.0246886596472742	0.000244249973356174	0.000932994848708802	0.00693280726980908	0.00995840570529099	0.013643359740363	0	0	0	0.935738856548196	0.643111563096065
BCRF1_3&EN_14053_566_UDH_Str	0	0.000162079547129178	0.000124912071807557	0.0127194246924943	0.04332339290354	0.124175860557408	0	0.00872309225734558	0.0107571917921741	0	0	0.0407279632997217	0.0477773674154298	0	0.0340944980665502	0.0809531039520473	0	0.117220563243939	0.0125507335958249	0	0.0406329355676722	0	0.00300625878655804	0	0	0	0.0208041982095109	0.0985995773530148	0.00667392925188648	0.032978247203803	0.0126754431960373	0.160268153845354	0.00466418423747068	0	0	0.0412064145646586	0.0451804743886216	0	0	0	0.871372838407278	0.75750817093597
BCRF1_3&EN_14063_564_DCIS_Str	0	0.00275125282885591	0.00431457502952781	0.0596362392365528	0.0717896982466277	0.06232651871926	0.0117923982564987	0.00282214566513681	0.00614931032026364	0	0	0.0439134310464199	0.0797492493149881	0	0.263297824362402	0.0219642630353036	0	0.00274300161742783	0	0	0.0466203898676297	0.00419198272367622	0	0.0122218560910976	0	0	0	0.109570927062019	0	0.0312709792386777	0.00468799427292013	0.0784658219929661	0	0.00236453605264898	0	0.0353758326665853	0.0419797723525145	0	0	0	0.928405103006349	0.658604682870871
BCRF1_3&EN_14065_564_HP_Str	0	0.00241212476543945	0	0.000862477463236407	0.0809333053109536	0.0910230472288669	0.00511851793577229	0	0.00352648594309442	0	0.0189415630092734	0.0379687836581777	0	0	0.193642098510891	0.0350469807254654	0	0.0409959540686948	0.00715275212832678	0	0.0208232525897839	0	0.00344484434966857	0	0	0	0	0.118043352232704	0.012660073825148	0.0126121680444474	0.0137663911275614	0.148678582354445	0.000587669130687756	0	0	0.0633922314598364	0.0883673441375256	0	0	0	0.922368120416251	0.633185675159835
BCRF1_3&EN_14067_564_NL_Str	0	0.00146841396564073	0.00424262823627586	0.0373427219106807	0.111847932474059	0.00661855978917816	0.0264891005130086	0.00590104189859866	0.0257046766419357	0	0.00294697098020009	0.0389269391670886	0.00531766476505025	0	0.0832053864094059	0.00331208865690721	0	0	0.0271582963475386	0	0.00613667042738748	0	0.00198689418871538	0	0	0	0	0.150369812624902	0.0240537991446261	0.00704625788325202	0.0191585771693807	0.251671935779479	0	0.0112893063779098	0	0.0708368974486665	0.0769674272001123	0	0	0	0.936919881329221	0.49880198786992
BCRF1_3&EN_14069_564_IBC_Str	0	0	0.0100397218705057	0.0307029613743454	0.169335418071087	0.046878214154224	0.00706152631722309	0.00325997298343688	0.0209838583351027	0	0	0.0440511729176866	0.0553509483179018	0	0.163424627942943	0.0372717715486295	0	0	0	0.0028285437368783	0.0163287995972207	0.00746895532951806	0	0.00695164109940146	0	0	0	0.167469422641143	0.00351678904136285	0.0314712349263063	0.0031124782127994	0.0988922817313888	0.00239838768000791	0	0	0.0285745193277239	0.0426267528431631	0	0	0	0.961148973065898	0.306135901692976
BCRF1_3&EN_14071_559_DCIS_Str	0	0.000936565269646135	0.000554279934569762	0.0048922542575724	0.0111189947077222	0.0906568950862456	0.00232756962791549	0	0.0145140078077661	0	0	0.0488892330232239	0.0288423343820636	0	0.234557594203643	0.068040744351026	0	0.0359181601138019	0	0	0.0563720077091298	0.0029226170142371	0	0.0502079790444809	0	0	0.00658267166338224	0.144499115570823	0	0.00839316931380635	0.00361140201902017	0.0992690797768132	0.000115803274145347	0.00218788669248181	0.00142266001048708	0.0523151208492003	0.0308518542967969	0	0	0	0.735757744798863	0.877882989394082
BCRF1_3&EN_14073_559_IBC_Str	0.00163003626482269	0	0.0136472832874979	0.0234397575916552	0.0280168346716296	0.0650716544136772	0.0111256524188513	0.00459720706154607	0.0364943450291978	0	0.00311857082359733	0.0528107997422026	0.0316039251408019	0	0.234435800526457	0.0128745255336352	0	0.00125691735309045	0	0.00939636030178695	0.0509781161375487	0.00128265835784746	0	0.0250533343897342	0	0	0	0.134546746273441	0	0.0142591760407959	0	0.107930012811624	0.00809999454595013	0	0	0.0772198522213824	0.0511104390612268	0	0	0	0.832313106807012	0.827873213177987
BCRF1_3&EN_14075_559_CCH_Str	0.0157622698562873	0	0.0220825767200013	0.0412951005859302	0.00577374152312888	0.0325799001025754	0	0	0.0316740892342342	0	3.12044701624196e-05	0.0550886823060341	0.00217378582155262	0	0.0641643539273695	0.0313733876668199	0	0.00440641802269562	0	0.0239578687096624	0.0289811438289431	0	0	0	0	0	0	0.133905543093674	0.00320414551038532	0	0.00104410220689645	0.398220347209197	4.40403635903806e-05	0	0	0.0999785522072443	0	0.00425874663361574	0	0	0.63216866702355	0.891581302701148
BCRF1_3&EN_14081_558_IBC_Str	0	0.0137243750602689	0.0083293492621939	0.0208379379833635	0.0852063966516664	0.0613877945976651	0.00151549286555281	0	0.0420459115221788	0	0.0165118659190601	0.035258912811513	0.0050335003065578	0	0.0583233510649894	0.0388111069801507	0	0.0323504749092	0	0.000337212514256411	0.0365375760262711	0	0.00249260300801126	0	0	0	0.0156521280325703	0.204865727716114	0	0.017601264673477	0.00422953800039063	0.214595654358372	0.000109859703103078	0	0	0.0591586825696452	0.0250832834634286	0	0	0	0.903708675431535	0.627109288466716
BCRF1_3&EN_14085_558_DCIS_Str_1	0	0.0120024879551121	0.0134247901379198	0.0492260070132516	0.173049685206799	0.0732525913801643	0	0	0.0187920628398649	0	0	0.0582974184156785	0.0221488860653839	0	0.11711303456955	0.0149630946571218	0	0.0288538487062832	0	0	0.0193544331839219	0	0	0.00120270050559978	0	0	0	0.165072019186421	0.0175093495943251	0.0222010844760717	0.00550316765064801	0.104991168961325	0.00147103377552518	0.00427762471931988	0	0.0295764878160823	0.0477170231836311	0	0	0	0.955735899480721	0.316861935164251
BCRF1_3&EN_14093_557_IBC_Str	0.0065238490661204	0	0.00837238107892731	0.0245197173705958	0.0785127302014902	0.0226177168776631	0.0324078509839936	0.000792843435408053	0.0161221033398574	0	0.0353555016988095	0.0549813095592277	0.00758455460442224	0	0.110634117883101	0.0402357578235029	0	0.0751918144436666	0.0145688559405227	0	0.00948152872353255	0.00122034274008907	0	0	0	0	0	0.238560430303625	0.013556595311804	0.00962244867407482	0	0.0824955385313723	0.00168708743485653	0	0	0.0496322680265845	0.0629467112414641	0.00237594470528905	0	0	0.92358005301406	0.637243140084077
BCRF1_3&EN_14095_557_DCIS_Str	0	0.000978051087082007	0.0150952496337396	0.0719472401825571	0.183937783234241	0.0220568855847142	0	0	0.0257206494580834	0	0	0.0366809565245671	0.0405815808425281	0	0.139743718089512	0.0252179371411585	0	0.010650860660366	0	0	0.0160895169418116	0	0	0	0	0	0	0.16848915629704	0.0115334589209382	0.0294341503912367	0.00223258510092473	0.0924268489737333	0.000994269014862603	0	0	0.0533148554578622	0.0369607166967957	0.015913529766246	0	0	0.957901679068583	0.295773058190255
BCRF1_3&EN_14097_556_IBC_Str_1	0	0	0.00107373127772495	0.0345791967181392	0.0436531521205626	0.066461400167498	0.0259872514336925	0.00110209453651432	0.0267180931811152	0	0	0.048192138051821	0.00832484369608791	0.0315565509012704	0.130558460731526	0.00599514340975942	0	0.0218067294789775	0.00745011911798605	0	0.0105452752463305	0	0	0.0410253232157134	0	0	0	0.17009657846651	0.00516988835287882	0.0122430557009997	0	0.169040713848592	0.00672711938277664	0	0	0.0876577706678733	0.0418813865446134	0.00215398375103813	0	0	0.834975675447342	0.781978698807232
BCRF1_3&EN_14099_556_ADH_Str_1	0	0	0	0.00844509592082233	0.0437324967522781	0.030470935884023	0.00349145871905134	0.00384910536411031	0.0394176703305731	0	0.00412582807067247	0.0542015116097902	0.0148272488512618	0.00689226292156626	0.10828768784004	0.0241327055774649	0	0	0	0	0	0	0.00212439272377919	0	0	0.00729887886311126	0	0.161695460735471	0.0452756498880313	0.01652831814242	0.00395514973548481	0.313260622885417	0.0131777750843499	0	0	0.0469894122275911	0.0478203318726904	0	0	0	0.804124041077379	0.781006671197716
BCRF1_3&EN_14101_556_ADH_Str_2	0	0.00300239923628877	0	0.035288415491812	0.0691445840435668	0.0316304085921609	0	0.00656081711206252	0.0133496546269782	0	0.00758416381342474	0.0411875111114963	0.0330422779620681	0	0.0666882880879345	0.000990787382118819	0	0.0434046795295536	0	0	0.0426946158490001	0	0	0	0	0.00264967577458307	0	0.151563391227091	0.00203901358946825	0.00664080328457671	0.00068921158448092	0.319526485652281	0.0253410931185893	0	0	0.0923293720424438	0	0.00465235088802058	0	0	0.911157583062045	0.66178532469646
BCRF1_3&EN_14105_556_IBC_Str_2	0.00398191485980652	0	0	0	0.0240807411448115	0.0762492797319782	0.01769028034573	0.0017013103076427	0.0248794463363158	0	0.0126938826154133	0.0268350885328902	0.0269803041397243	0	0.112740042690372	0.0129787230110748	0	0.0193125334596386	0	0	0.0401818137056278	0	0	0.0134511024058331	0	0	0.000107752345138177	0.184926271333474	0.00465434716692805	0.0181220260229617	0.00676535032111989	0.240694889566484	0.0131667568343207	0	0	0.0795655402541036	0.0209778606028371	0.0172627422657731	0	0	0.617835901534159	0.881624505841905
BCRF1_3&EN_14111_555_IN_Str	0.000625788324580023	0	0.00634196036470378	0.0719082863681801	0.194585386172214	0.0135805127004255	0.0104714645841261	0	0.0317810312312705	0	0.00612087855432671	0.0393353197768297	0	0	0.171237732574428	0.0654681905317266	0	0.0110023692169972	0	0	0.058454556593084	0	0	0	0	0	0	0.142105528729428	0.00452279761045167	0.0238056163166566	0.00162251401717144	0.0598731028311721	0.00108912118597042	0.000366172083201427	0	0.0506918349938567	0.0350098352391999	0	0	0	0.957416234160523	0.289593705085284
BCRF1_3&EN_14113_555_iIBC_Str	0	0.00466800660666941	0.00557604612973523	0.0289396001481925	0.262278013124634	0.0473914719356371	0.0123865246399669	0	0.0155386727722826	0	0	0.0116532714366193	0.0539711239848076	0.00997357300106487	0.147527750819767	0.0715282343769674	0.0103586035316712	0	0	0.00376479985025826	0.0269185275417581	0.0032396437488349	0	0.0191293044120124	0	0	0	0.152623073253042	0	0.010185055534108	0.00121259927827937	0.0157781420437074	0.00379061080480025	0.00199446254938255	0	0.0400792966084943	0.0394935918673067	0	0	0	0.959623629871239	0.403338417920181
BCRF1_3&EN_14115_555_IBC_Str	0.00565192808889344	0	0.0046573129355516	0.0425663461086537	0.176144597725008	0.0347913348988069	0	0	0.0220903431904496	0	0	0.0459207910000851	0.0221519680605345	0	0.0714481186021769	0.0819655899862987	0	0.0418012501617775	0.0152253559443563	0	0.0505589343106234	0	0	0.0130657451080512	0	0	0	0.196154928505058	0	0.0127935577546148	0.00601226763183487	0.0467861509554059	0	0	0	0.0534096027864417	0.0492842747990768	0.00751960144630041	0	0	0.952845747650658	0.320340514402805
BCRF4_10_14732_656_IBC_Str	0	0	0.0279803981511714	0.0148996141091912	0.0779136047555466	0.0574494414633327	0.0178935397816607	0.00559152335387582	0.0189023661323761	0	0	0.0231904788590801	0.0448988099061147	0.00238250853797159	0.113177973740561	0.0365180101096459	0.00584125684569061	0	0	0.0357110051645283	0.0237684433285975	0.00223466909098269	0	0.0616020126512859	0	0	0.0432691201915682	0.173336945119279	0.018504450476434	0.00998893668632409	0.00402875956030227	0.0902767529506118	0	0	0	0.046049700316363	0.0445896787175047	0	0	0	0.920437033860137	0.621858758050593
BCRF4_10_14734_656_BBD_Str	0	0.000632982701867016	0.000960134341482186	0.00151586532953512	0.0330886048058658	0.0716518042105636	0	0	0.029857410874788	0	0	0.0545178308648864	0.0288302762071025	0	0.0599452803059542	0.0143653014911087	0	0.0296949502600621	0	0	0.0298290959202321	0.00726019932375047	0.00767406347710256	0	0	0	0.00824875679647183	0.215109384893465	0	0.0201385247032267	0.0064462268691427	0.253879317575862	0.00128123692152961	0	0	0.0876373966646583	0.0374353554613425	0	0	0	0.788983499827377	0.817717011383508
BCRF4_10_14736_656_NL_Str	0	0	0.00264464789162711	0.029958126930964	0.0605536065513275	0.0143298382377472	0	0.0325246866997792	0.0325146143446234	0	0.00450426505101616	0.0479122003052122	0.0308492940670688	0	0.0810336348395707	0.0309853359190247	0	0.025983522146923	0	0	0.0230742709642098	0	0.00061837641044817	0	0	0	0.00266764825162955	0.196598594049286	6.08329944126872e-05	0.0247061888289896	0.00813754687278892	0.231948173167531	0	0	0	0.0902494313766461	0.0281451640991743	0	0	0	0.933317647517538	0.617274449547784
BCRF4_10_14738_657_CCC_Str	0.00162629884356354	0.0164795789722935	0.0102618127832668	0.0143462872964462	0.00731543489960053	0.00627381925906392	0.0118185874723816	0.00249571147024974	0.032972100640855	0	0	0.0389713854785625	0.045471338409202	0	0.0802657561446506	0.0275328435912065	0	0	0.00058724712168946	0	0.00543748381681265	0	0	0	0	0	0.00925016927788649	0.180813408517996	0.0302682706692872	0.0112787634036885	0.00461092093093521	0.325342125640456	0.00667550754539784	0	0	0.0806426579242583	0.034793989555815	0.0144685003344346	0	0	0.675547544740337	0.874062730733509
BCRF4_10_14740_657_NL_Str	0	0.00151334446350314	0.00769322673570407	0.0183955085234501	0.0687102896311871	0.0525413453889469	0	0.025083019290276	0.02637623850447	0	0.00946947665209288	0.0277690713938778	0.0299350184167777	0	0.107610681191447	0.0153495255817456	0	0	0	0	0.0281529991171111	0	0	0	0	0	0	0.173581765428769	0.0112233713380254	0.00910406959238253	0	0.22826059793728	0.00556504844425562	0	0	0.107987151200858	0.0427873818204778	0.00289086934736243	0	0	0.936337099588468	0.607263491043399
BCRF4_10_14742_657_DCIS_Str	0.0140523876307143	0	0.00830980483097246	0.0111344735203375	0.00127287046690844	0.0591572520525787	0	0	0.022436830887134	0	0	0.0305141630403666	0.0317283675009703	0	0.116454680915218	0.0177448409458287	0	0	0	0	0.0204904863533766	0	0.00162180102453383	0.0251966543999623	0	0	0.00883939745262994	0.223954520661748	0	0.0122894083935075	0	0.180165035906276	0.0151081270943001	0	0	0.105491524594033	0.0540959205413009	0.0399414517873024	0	0	0.71452852736311	0.877085090840718
BCRF4_10_14743_657_IBC_Str	0.10306109010817	0	0.0365021554684197	0	0	0.0747538519727755	0.00964085522665161	0	0.0291725204668054	0	0.00282912626597185	0.0170972751502632	0	0.0348460903016034	0.0691016601968084	0.0116935536032901	0	0	0	0.0125877801830489	0	0.00262575671223081	0	0.0204465141482729	0	0	0	0.237193130563467	0	0	0.00835892162566825	0.156994522631304	0.0123515616402771	0	0	0.101895564334241	0.0553975892161099	0.00345048018462041	0	0	0.580558553626707	0.903538018679953
BCRF4_10_14748_658_DCIS_Str	0	0	0.00143276965372106	0.0776226310746243	0.208989504114314	0.0864260927264987	0.0285770548547852	0.00594894213751363	0.0126215836338949	0	0	0.0221324671805988	0.0118549440158511	0	0.161663057009318	0.036796344888795	0	0	0	0.00308385651207361	0.0630048034502834	0	0	0.0113794136173696	0	0	0	0.119512514249117	0	0.00488069508894274	0	0.083834793945813	0.00226801517861539	0	0	0.0401856507490772	0.0177848659187931	0	0	0	0.974149369632486	0.230923981419489
BCRF4_10_14749_658_IBC_Str	0	0	0.00411436479723715	0.020702163060702	0.465443885116656	0.0420554696839074	0.0117031855407873	0.00565756266320349	0.00520696751923766	0	0	0.00959486299007774	0.00933941902935382	0	0.0965820454481911	0.0251041292373448	0.00500916773391386	0	0	0.0159396312061306	0.027362091018049	0	0	0.0397712403504976	0	0	0	0.109846380614785	0	0.00616867347274395	0	0.0546750836202236	0	0	0	0.030639002419214	0.0150846744777437	0	0	0	0.986743066280213	1.24019798475301
BCRF4_10_14750_658_NL_Str	0	0.006065410531901	0.00123689101051261	0.0156296562761297	0.0603948073513415	0.0504731611322152	0	0.0472029506782433	0.0346293416463492	0	0	0.0514279702742049	0.032159818117735	0	0.104635806256712	0.00576458878340641	0	0	0	0	0.00696825563507013	0	0	0	0	0	0	0.136637682082138	0.00554837838350018	0.00184755216395981	0	0.335460324715797	0.0198458347712084	0	0.010332041424002	0.0597322061478441	0.0119957040700726	0.00201161854765746	0	0	0.93785918239325	0.579786704279349
BCRF4_10_14753_659_DCIS_Str	0.000460976459045336	0	0.0183865464748875	0.0450906982470159	0.0319559980370829	0.0324338123983138	0	0.00943271053297726	0.0263998495602426	0	0	0.0390309536952165	0.0248557704449035	0	0.143807642126134	0.0279027399042356	0	0	0	0.0162350216715781	0.0198675359449671	0	0	0.00411756119104898	0	0	0.0181608135549583	0.125737207280577	0	0.0235894917113354	0.00429972373627786	0.273575050322729	0.000857784529130245	0	0.00386704019697554	0.0861185504858003	0.0147092537954663	0.00910726769910088	0	0	0.842672046176928	0.796055286082556
BCRF4_10_14754_659_IBC_Str	0	0	0.00211648161500762	0.0424225608696643	0.0423224171951907	0.0661366735691003	0.00624095156261729	0.0125702093379492	0.0132016187648361	0	0.00536341023908303	0.0284892180067774	0.030370429779812	0	0.129963832654397	0.0324668562768365	0	0.00319232265460178	0	0.000394012539968785	0.0400494544520602	0	0	0.0590302422430567	0	0.00745614671539625	0.0192975240357211	0.161284621699023	0	0.0195714171694872	0.000926891944135869	0.159852965969805	0.00423552041773127	0	0	0.0806273116141226	0.0324169086736182	0	0	0	0.881706272519395	0.742716291550578
BCRF4_10_14756_659_DCIS_Str	0.00307008476230798	0	0.0209054698100824	0	0.00175914088857383	0.07748814843279	0	0.000927960544264648	0.0162837511841347	0	0.00631330176602312	0.0484227878386214	0.0266847707064173	0	0.10759076172345	0.0146600867266342	0	0	0	0.00724147300176021	0.0153700066626035	0	0	0	0	0	0.00470628379140168	0.16242154377775	0	0.0207413112892956	0.00493693045023976	0.363535131713308	0.0040608160262491	0	0	0.0842916881484129	0.00597793243337351	0.00261061832230679	0	0	0.662039337976544	0.885896158288251
BCRF4_10_14758_659_NL_Str	0	0.00157144602569573	0.00909822618069546	0.0167642271938912	0.0176406104458662	0.0439981664229468	0	0.0108638593544649	0.0264174951080648	0	0.00547832687863024	0.0335246560320416	0.0302382402690292	0	0.116181905657794	0.0212979160978424	0	0	0	0.00229540063763847	0.0155842352280011	0	3.66909777905091e-05	0	0	0.00601927532306342	0	0.183908872835456	0.0200545942744596	0.0255715731580599	0	0.299572459345061	0.001233410496685	0	0	0.105174953270853	0.0063451216995339	0.00112833708643544	0	0	0.751630519622965	0.84499905547085
BCRF4_10_14792_663_DCIS_Str	0	0	0.00646605535975818	0.00324767080654538	0.014628064448594	0.075174270953937	0	0.0045217133192681	0.00739220361006229	0	0.00685716821569144	0.029694910269719	0.0257668976669581	0	0.137754702282428	0.00342505174502657	0	0	0.00955146392355842	0	0.0435122913499423	0	0	0.0168772013291493	0	0	0	0.166318217837853	0.00372769189904996	0.00981427984617116	0	0.239638671304828	0.0114522914023406	0	0.0111434180890669	0.118271940012741	0.0341598753729175	0.0206039489543935	0	0	0.804220138599383	0.849829561564826
BCRF4_10_14794_663_IBC_Str	0.00454628387250215	0.00247418699584877	0.00687916946154947	0.0116100069049424	0.0123604304272259	0.024540018158661	0.0170747269544709	0.00734949218384664	0.0206344807582798	0	0	0.0591698203697738	0.0201852099798287	0	0.148349472383732	0.00192806266265264	0	0	0.00290792767276084	0	0.0297368175575727	0	0	0.031579044917863	0	0	0.00632251172525833	0.201373959025714	0.00243702645501294	0.0125677759098839	0	0.220820471357544	0.0149202415797828	0	0	0.0916055411745109	0.0403236685342236	0.00830365297655916	0	0	0.775599061623258	0.850933563819136
BCRF4_10_14796_663_NL_Str	0	0.00767088334549852	0	0.0113439988877323	0.0332352529504369	0.0219395301517024	0	0.0127850914926028	0.0298989851040765	0	0	0.0503552360375258	0.0307776671427031	0	0.144181783619405	0.0100267769663038	0	0	0.0287591654108562	0	0.0189397624176866	0	0	0	0	0	0	0.122527132246028	0.00382833060939478	0.0214473871941467	0	0.26951176525664	0.0152661905344398	0	0.0104935793353833	0.0771259290219706	0.06588178875773	0.0140037635177367	0	0	0.839696333467342	0.790664485389356
BCRF4_10_14760_660_IBC_Str	0	0	0.00516585000342173	0.0311804862343335	0.322589585161761	0.0161761042959146	0.00925023877420728	0.000111295439248725	0.0184856608233165	0	0	0.0255122592484541	0.0467572175169218	0	0.0765948704364679	0.0533966870583329	0	0	0.00598174382419515	0.00458408171355052	0.0213776458783612	0	0	0.0575385737119943	0	0	0.0117780424647784	0.139033123859286	0	0.0230010708176655	0	0.0709599652327916	0	0	0	0.0288490228496702	0.0316764746553265	0	0	0	0.9691119237314	0.614789764111142
BCRF4_10_14762_660_DCIS_Str	0	0.0024877716933259	0.00271466061245895	0.00975270448508592	0.150854457681039	0.0595744513829776	0	0	0.00352316827162089	0	0	0.0395977182229933	0.0724240749120403	0	0.160876229738879	0.0399393089124001	0	0	0	0	0.0331158110478483	0.00289496508900797	0.000426500329269133	0	0	0	0	0.141243477872192	0	0.0256764526070836	0	0.145672817272254	0.00247764668422431	0.00044416266147408	0	0.056977720601369	0.0465687170792566	0.00275718284319943	0	0	0.959045596264254	0.3633820342023
BCRF4_10_14764_660_NL_Str	0	0.0139308519172381	0.00933121669882687	0.0131385133953764	0.0869525210515664	0.0686319336056238	0	0.0160916775556201	0.0154262897900086	0	0	0.0330527887687064	0.0473913172467192	0	0.118650610021489	0.0143073983997377	0	0	0.00525434010817273	0	0.0193703895330757	0.000269744215070129	0	0.00773940840153379	0	0	0	0.151921125732789	0	0.0243964686766159	0.00245786480131136	0.194585422316027	0.00571162657741533	0	0	0.10158313242142	0.0262292632927933	0.0235760954728626	0	0	0.948207362880617	0.5548743984658
BCRF4_10_14766_660_LVI_Str	0	0.00255836340682152	0	0.0196782252076571	0.107964463219348	0.062195343831708	0.00159792217703636	0.000816182374456027	0.009425130142802	0	0	0.0303534058707583	0.0376772550344385	0	0.181935098032435	0.0217787999430911	0	0	0	0	0.062021463198762	0.00776292304265274	0.00174544314774212	0.0191422112074478	0	0	0	0.136264998703603	0	0.0244815543436587	0	0.116086139186834	0.0104588777652707	0	0	0.0880447765325561	0.0550531570578779	0.00295826657304335	0	0	0.953878729797046	0.510751262581575
BCRF4_10_14768_661_IBC_Str	0	0	0.00542309799277259	0.00815504070107133	0.0612240879700762	0.0558705352457743	0.0163375376739639	0.00604576380501971	0.000316790851470588	0	0	0.0344283580459842	0.0689570113069919	0	0.117774575107929	0.0461952342859397	0	0	0	0.00687560224781771	0.0459400752776285	0.000648009378287179	0.00641976194215307	0.090100159159729	0	0.0264265429783145	0.00167445220891686	0.137149211220241	0	0.0217422467405756	0	0.142993993133904	0.00128494079364043	0	0	0.0625050427939697	0.0355119291378289	0	0	0	0.889910619285228	0.694720241189112
BCRF4_10_14770_661_AM_Str	0.0252856311867476	0	0.03923554578892	0	0.0305569475392566	0.0991694799901351	0.00566710221889986	0.00306850381704465	0.0203315337738829	0	0	0.0242137852745601	0.034961695631231	0	0.17761115957841	0.023819196175717	0	0	0.0067740197283889	0	0.0365421915163682	0	0	0.041371953386809	0	0	0	0.128101355866497	0	0.0405150175449363	0.0027660510280449	0.117481131580307	0.0147947115518798	0	0	0.101815913235672	0.0253827537536791	0.000534319832613499	0	0	0.754479298306589	0.840043652004189
BCRF4_10_14772_661_ADH_Str	0	0	0.0110570736850785	0.0188303748594636	0.0181724632563086	0.0325830176153948	0	0.00085698445190719	0.0204241546878524	0	0	0.0563060686799619	0.024930293580789	0	0.113558147976996	0.0153673379523073	0	0.0214365266149593	0	0	0.0335351755548246	0	0	0	0	0	0	0.146111001085357	0.00173614652712095	0.00757313307199934	0	0.351141120776771	0.0190370110410401	0	0	0.0970599305056465	0	0.0102840380762215	0	0	0.763660040903991	0.854711003579595
BCRF4_10_14774_661_DCIS_Str	0.0172575116721621	0	0.0202977215785511	0.0426072553149482	0.0404702961526331	0.0285495180283248	0	0.00429288117063425	0.0087047461296277	0	0.0116035148850361	0.0352608158354615	0.0329137180738152	0	0.153608190397417	0.00314686396059961	0	0	0.00113572188690728	0	0.0247531833543679	0	0	0	0	0	0.00882837244862547	0.156980435279521	0.0220383515457563	0.00319264116811592	0.000546614081764826	0.235632891691505	0.0429607757270283	0	0.00173143055626249	0.0942566132896017	0	0.00922993577133346	0	0	0.847859585180335	0.782599727777732
BCRF4_10_14776_661_ADH_Str	0.0446331264326382	0.000195733838472125	0.0246644135737028	0.043236771586103	0.0160875981441057	0.0309926962690226	0.0157655262517286	0.00181578532687482	0.0307213808689762	0	0	0.0535931287986901	0.0187083006581952	0	0.0946422178541256	0.0102043045691648	0	0.00590750852427244	0	0	0.0199504369471679	0	0	0	0	0	0	0.124393790952822	0	0.00904061335410694	0	0.307032289028065	0.0197295206701098	0	0	0.0968395003185421	0	0.0318453560331138	0	0	0.777905468528638	0.8577799921818
BCRF4_10_14778_661_NL_Str	0	0	0.0131612118083821	0.0150086233799195	0.0266294252283189	0.077430021697877	0	0	0.0174175371737088	0	0.00140208138387407	0.0602196405590081	0.0260351945086578	0	0.113798664177788	0.0199346992387776	0	0.0124152187465493	0	0	0.0379253526611183	0	0	0.0028442199564258	0	0	0	0.166448878611972	0	0.0124205535603624	0	0.287518313058217	0.00503056357925139	0	0.0262458871736685	0.0639118069570902	0.00118783949052112	0.0130142670485131	0	0	0.804398299918573	0.834134069064872
BCRF4_10_14780_662_DCIS-1_Str	0	0.014801016506154	0.00801539303157513	0.0344119862103038	0.11490108405701	0.0558262262355088	0	0.00571265855627638	0.019639544360715	0	0	0.027104620405142	0.036691711997176	0	0.0915077389055098	0.0198444733177508	0	0	0.0027341147578648	0.0202895829451167	0.0196874962118735	0	0	0.0314148590850602	0	0	0.00757921955276491	0.218552285630838	0	0.00366382974041778	0.00158038466630749	0.141500426576852	0.00032748289966173	0	0	0.0747205882327722	0.0426974418281925	0.00679583428915645	0	0	0.956641531182535	0.467413688868619
BCRF4_10_14782_662_MIV-1_Str	0	0.00665764602699428	0.00404072383741944	0.0527706157228738	0.0936594449503572	0.0350874959347559	0.0189665055099703	0.00333561325828779	0.0302543296403704	0	0	0.0144633293204674	0.0423452352604641	0	0.155723066676479	0.0316655392536423	0	0	0.0126906052776776	0.022558287454312	0.0191038789672274	0.00503920981155428	0	0.0869218997835288	0	0	0.00789341451073385	0.171392356769406	0	0.0204468735658575	0.00240158406245503	0.0881131504043998	0	0	0	0.0372993421164845	0.0371698518842813	0	0	0	0.944966690784394	0.556325643236406
BCRF4_10_14784_662_DCIS-2_Str	0	0.00625172290124376	0.0046937546131784	0.0417389420328786	0.147280768758602	0.0623457954373685	0.00350229509644531	0.0197946593036196	0.0102708787321931	0	0.000339754092193993	0.0164695944724385	0.01922858848631	0	0.136287769365176	0.0329449010067506	0	0	0	0.0160588195958997	0.0453894588500613	0.00125492071468961	0	0.0465075941137439	0	0	0.00012591960031915	0.171916531079636	0	0.00973677086868654	0	0.107471621984063	0.00407265015547823	0	0	0.0570914027376486	0.039224886001375	0	0	0	0.966626906963556	0.31787742803136
BCRF4_10_14786_662_MIV-2_Str	0	0.0163570988998311	0.00517503368281297	0.066067085250008	0.100498805062067	0.0450022783769315	0.0165390863004714	0.00835550045757727	0.0298644572705388	0	0	0.0257452916609161	0.0605916477840397	0	0.137368527682623	0.0496901775473373	0	0	0	0.0208822359511645	0.0180247154441509	0	0	0.0670160104260835	0	0	0	0.177071752490055	0	0.0195957236435188	0	0.077574176468447	0	0.00113805804644603	0	0.0365753218476072	0.0208670157073723	0	0	0	0.955494159165425	0.513254768015142
BCRF4_10_14788_662_DCIS-3_Str	0	0.0163899272217157	0.0060310608630885	0.0158639394428785	0.0529103642949959	0.0553986067476381	0	0	0.0262178586716835	0	0.000802628822070222	0.0271460617839859	0.0255257958085115	0	0.103537984505245	0.0280487420169608	0	0	0.0155736283537181	0	0.0234680168846877	0	0	0.0398021394702351	0	0	0	0.24029501306337	0	0.0143031903748867	0	0.168549378973596	0.00187698235100437	0	0	0.0918246836655916	0.0398546679475036	0.00657932873663391	0	0	0.885395801879008	0.735582568874011
BCRF4_10_14790_662_IBC_Str	0	0.0158058492749341	0.00465659352792133	0.0326240669323812	0.1770503316209	0.0331401295678369	0	0.00245695440312397	0.0199488442150787	0	0	0.0259123358509802	0.0240718067614934	0	0.0852283209028579	0.0301590534902015	0	0	0.00156628502144474	0.0254672474244041	0.0200804053046573	0	0	0.0735388366629608	0	0	0	0.217351270841957	0	0.000949083366544539	0.000921963292226453	0.105912257188467	0.000612650134593372	0	0	0.0609910162869811	0.0411335980154599	0.000421099912594974	0	0	0.975842922843498	0.245238792605884
BCRF4_10_14910_676_DCIS-2_Str	0.00584442924970513	0	0.00762923079216672	0.0114354408335824	0.0600150690045822	0.137559419327822	0	0.00591960540851099	0.00894533445357884	0	0.00236773466865081	0.0169864291788732	0.0319027851406471	0	0.140991663659772	0.032159769557759	0	0	0.0330771687685478	0	0.0279839026007715	0.00133864383782938	0	0	0	0	0	0.186809697929518	0	0.0366922681598447	0	0.155435123459137	0.0102711337670784	0	0	0.0575485593633279	0.0271366244422817	0.0019499663960145	0	0	0.916918432014234	0.693455957692572
BCRF4_10_14799_664_BBD_Str	0.00039621488447726	0.00354127896105723	0	0	0.0111462617631131	0.0568010350174076	0	0.00351058746985199	0.0247780848989297	0	0	0.0464564245139873	0.0243133129055769	0	0.136164037994105	0.0181017666694147	0	0	0	0	0.0336914969442845	0	0.000673497545774254	0	0	0	0	0.182728565184044	0.0118475818258219	0.0121431672498686	0.00236666098419393	0.289799873223263	0.0372829224090883	0	0	0.0945210255032935	0	0.00973620405244747	0	0	0.735361260534634	0.86718945272931
BCRF4_10_14801_664_IBC_Str	0	0	0.0100645850097174	0.0120409733510132	0.0676549742487477	0.057365594410307	0.00168565715931017	0.0141382449782454	0.0286866126764204	0	0	0.0270571125520487	0.033225953349812	0	0.105997783277605	0.0374292737393303	0	0	0.00594552430153689	0	0.047774101368154	0.00489542510098881	0.00120336436675229	0.103099956665953	0	0	0.0246430298574571	0.16419780573049	0	0.0161055309658389	0	0.141044335136842	0	0.00243990124281408	0	0.0571019599451788	0.0362023005654366	0	0	0	0.919942105240172	0.636677333604191
BCRF4_10_14803_664_ADH_Str	0	0	0.0111254797190411	0.0147027189237714	0.0227480329307814	0.0466573140874257	0	0.0161651980119386	0.024501782881705	0	0	0.0580658132103282	0.025865153952964	0	0.0980694515943527	0.0167929616745474	0	0.00488044487943448	0	0	0.0178576821392529	0	0	0.0393750183077429	0	0	0	0.166024234352188	0	0.00908853548140698	0.00126403414967579	0.330892014232678	0.0230852461431652	0	0	0.0575186698581783	0	0.0153202134694215	0	0	0.822768970719048	0.805295798029668
BCRF4_10_14806_665_IBC_Str	0	0.0292189090534497	0.00996381545727212	0.00177433466975836	0.0258029919487486	0.096923944052439	0	0.00224983390412408	0.0144540806170078	0	0	0.0194334838513554	0.0371250448847237	0	0.119221446829738	0.0209801212120124	0	0	0	0	0.0214752739553693	0.00487906316951315	0	0.0066983433090188	0	0	0	0.233174582578253	0	0.00474061390245474	0.000780624026980443	0.266502707624852	0.0109703940926016	0	0	0.0641611427268585	0.00946924813346954	0	0	0	0.774962967351577	0.835455068589094
BCRF4_10_14808_665_inf_NL_Str	0	0	0.00283007451971507	0.0698633358881305	0.0169801400058529	0.112796879444575	0.0323454926297245	0.00312970951782365	0	0	0	0.0503396349295295	0.0345295059257552	0	0.252280252205987	0.0450114046270363	0	0	0	0	0.0834966138053854	0.0106183927928127	0	0.0226884702014263	0	0	0	0.106440596517365	0	0.0406377835456776	0.000351465790700333	0.0533641629264588	0.0113350811143808	0.000789158542696002	0	0.0337327860672139	0.0164390590017535	0	0	0	0.805252577489173	0.86241815205004
BCRF4_10_14860_665_DCIS_Str	0	0.0063685348759256	0	0.0446954071692741	0.0342450234431271	0.0726968898475192	0	0.021454539533472	0.0160221998034302	0	0	0.0392011174210257	0.0596651109813248	0	0.146968107276944	0.0220811525115862	0	0.0179551878935108	0	0	0.0356139875619814	0	0	0.0189081062408882	0	0	0	0.133700620464466	0	0.0251458864499403	0	0.227278328744422	0.0122278508522977	0.00497487369827071	0	0.0548716500745141	0	0.00592542515608001	0	0	0.890200793090987	0.754482326086503
BCRF4_10_14811_665_NL_Str	0	0	0.00345743412440952	0.00187205385443133	0.0333899347041096	0.0750057293831921	0	0.0445360160465225	0.011636202002641	0	0.000569456462147916	0.0395869124250325	0.00247894974929944	0.0387340298426885	0.123625434750331	0	0	0	0	0.0128792056164703	0.0119141321505154	0	0	0.00828377092843455	0	0	0	0.128106014060955	0	0.0171804497652676	0.00101241984732883	0.301519094031147	0.020047388169576	0	0	0.1061483811025	0.00706198399021536	0.0109550069927852	0	0	0.919600829375314	0.689077623037711
BCRF4_10_14814_666_DCIS_Str	0.00284618740940044	0	0.00636975822585511	0.0103665475120037	0.0243362324053045	0.0571390030297267	0.00705061654305423	0.115184417056751	0.0021973842413668	0	0.00502656838238671	0.0280124961132925	0.0132087096873617	0.0425291115221858	0.147798329052718	0.0024525898126502	0	0	0	0.00107397358586116	0.00942927797752207	0.00501811229941646	0.00465466171983497	0	0	0	0	0.150416626846911	0.0218012066810554	0.00951343862461253	0	0.2442872357594	0.000239437026722196	0	0	0.0839821124972553	0.00436010599224445	0.000705859995106831	0	0	0.959926618445001	0.507559230889903
BCRF4_10_14815_666_IBC_Str	0	0.0435737031150158	0.0103968590058821	0.00351539162807789	0.0333425102369598	0.0577300224733693	0.00480877612132262	0.0164522116255831	0.0218053780720273	0	0	0.0392759795454769	0.0375949001513302	0	0.0680821627349145	0.0294890001438248	0	0	0.00372626989722131	0.00795507795817722	0.00139789743043184	0.00590287417835536	0	0.0725858751217303	0	0	0.0144756537993647	0.21000705042463	0	0.0127071067932467	0.00902953579022193	0.160164336457638	0.000927792218067679	0	0	0.0850008176778288	0.0500528173993018	0	0	0	0.884141659258877	0.749208131976292
BCRF4_10_14817_666_NL_Str	0	0.00251747303360489	0.00191745709471255	0.00863812361272768	0.0101810513214313	0.062336061729811	0	0.00901146929477863	0.0177116356001522	0	0.0102466427308847	0.0442935121433416	0.0364363556270182	0	0.0890361944287259	0.00686387763741382	0	0.0284187318799994	0	0	0.0253176325678141	0.000285855246717967	0	0	0	0	0	0.19748555243366	0.0066633140583321	0.00181643730880149	0	0.311077062987974	0.0159571794282486	0	0	0.0917202263406683	0.00355474689314903	0.0185134066000317	0	0	0.736822143466974	0.862691598563652
BCRF4_10_14819_666_BBD_Str	0	0.00341246027061743	0.00240126509068683	0.011940019677262	0.00550286148079694	0.0614659725212816	0	0.00331044837194859	0.0309115463626533	0	0	0.0631470485741691	0.0440854718297639	0	0.0900957140593513	0.00635163980242588	0	0.00445873326346727	0	0	0.0147715608130294	0	0	0.0081456284085306	0	0	0	0.174542331206018	0.0143311486904625	0.0241055011833543	0.00195977282545279	0.336077936167217	0.0123562507084008	0	0	0.0709180537602058	0	0.0157086349329045	0	0	0.722929405467839	0.869260761956231
BCRF4_10_14854_671_UDH_Str	0.00907510654155261	0.0044761196957173	0.00633811763283981	0.0191656482439156	0.00627064540373864	0.0411505952508281	0	0.0269448488129159	0.0200987148002833	0	0	0.0491835877931099	0.0327886540887945	0	0.0862850833656216	0.0180614316091875	0	0.0329737001866653	0	0	0.0240854861208453	0	0	0	0	0	0.000153123178872516	0.17442771351486	0	0	0.000449369510412405	0.304331663689722	0.00136500206114426	0	0.00300339386140445	0.116900733595152	0	0.0224712610424176	0	0	0.824872460771665	0.829635072637165
BCRF4_10_14858_671_IBC_Str	0.00239890045274618	0.0377659555195899	0.0170782151634044	0.01828059080546	0.0476825122563354	0.0709620925763858	0	0.0393748074801255	0.00973763679535295	0	0	0.024523584530508	0.0428186466882218	0	0.111373079746151	0.0120149250274573	0	0	0	0.00739904314574251	0.0161941207690633	0	0.00607646375089519	0.0198626060053492	0	0	0.00565457914226894	0.20396858181463	0	0.0110916313130461	0	0.194387155207623	0.00849374534665001	0	0	0.0676292495314929	0.0216045047327117	0.0036273721987885	0	0	0.913365729179117	0.656243061590514
BCRF4_10_14859_671_DCIS_Str	0.00699255563667134	0.0355804900747731	0.013791926681067	0	0.131701033086674	0.0677890507529069	0	0.0330387287746894	0.0201722616329339	0	0	0.0250105208442826	0.0284129775236239	0	0.0898098353244882	0.0143420519139131	0	0	0.000348632211270314	0.00386779370449174	0.00323335039961529	0	0	0	0	0	0	0.211250252336152	0	0.000276482653283826	0.00671861100409945	0.174235103996752	0.00305340892448764	0	0	0.0863827335247947	0.0381769108518173	0.00581528814721219	0	0	0.960248682104645	0.352089410644351
BCRF4_10_14861_671_AM_Str	0.0104936408591151	0.000481191953006482	0.0204886554326115	0.0171741671660691	0.0110015012842669	0.0212638321250535	0.00101284619391426	0.00203556310658897	0.00686352754634005	0	0	0.0335774832441753	0.0488416550624111	0	0.133514564635275	0.0219380228922412	0	0.0121779532450225	0	0.00294038381119952	0.0228791693108397	0	0.000816961304408769	0.0234611580024091	0	0	0	0.173599972197641	0.00766498481694944	0.00523624327255371	0.00255122635787246	0.310837248056615	0.00108278234662628	0	0	0.0954748279479978	0.00981876585773528	0.00277167197106173	0	0	0.745194838704888	0.862080783227209
BCRF4_10_14863_671_CCC_Str	0	0	0.0015606515434587	0.0463540873073126	0.0544737787579555	0.0392902373835692	0	0.00716172744729483	0.0138975533299846	0	0.0099752751721684	0.0419007394432812	0.0211647857404907	0	0.118673909937594	0.0232394638807296	0	0.0270529707196615	0	0.00290870596556545	0.0271952602022569	0.0023428223612323	0	0.0190129468361973	0	0	0.0206696631326245	0.134973121071593	0	0.0267297211627664	0.00172630030600276	0.221420901300796	0.00262928862443442	0	0	0.101436948293112	0.0283350740240834	0.00587406605583554	0	0	0.914842440331073	0.705803163873034
BCRF4_10_14823_667_IBC_Str	0	0	0.0055324732883752	0.0362399255342525	0.145346651061956	0.0359452412310955	0.0167946536447705	0.00997264647520557	0.0220895090528958	0	0	0.035923040356227	0.0226172167200197	0	0.120209495937856	0.0603557182111203	0	0	0	0.00641230451480435	0.0342376819319083	0.00889945862930945	0	0.066635695378712	0	0	0.00830514486345606	0.145185419838135	0	0.019292089755143	0	0.104032482826161	0	0	0	0.0613109627336118	0.0346621880149849	0	0	0	0.967213568539944	0.33960407508375
BCRF4_10_14824_667_DCIS_Str	0	0.000995421491405185	0.00624990812651746	0.0365881118432117	0.0460702760779023	0.0542827143355784	0.00260801700363217	0.070135374096519	0.0169820605697348	0	0.00212151277517033	0.0323157671685705	0.0174180893849374	0	0.125058026073497	0.0351878254509482	0	0	0	0	0.0414681503582031	0.000689487392729829	0.00127856587361139	0.0184298046077607	0	0	0.00609285842468748	0.150093460455148	0	0.0214939700045817	0.00120829196292976	0.207691607912277	0.00080236927192793	0	0	0.0780558734689827	0.0256976347622578	0.00098482110727761	0	0	0.946162152345532	0.565139535048692
BCRF4_10_14825_667_NL_Str	0	0.00228098513053077	0.0159811600130101	0.0182535942163054	0.0462867171120694	0.0280875650575496	0	0.0723485138608937	0.0371470214441126	0	0	0.0419761713264263	0.0411592517295797	0	0.0909615559838314	0.0293479586726076	0	0	0	0	0.0312751652781004	0	0.00190189093165246	0	0	0	0.0110255019919054	0.166982397989317	0	0.0263251914016857	0	0.210704322203911	0	0	0	0.0785712184210839	0.0493838172354273	0	0	0	0.949531335153406	0.556745221547181
BCRF4_10_14827_668_IBC_Str	0	0.0138497124004251	0.0147759787885998	0.0285682657806902	0.0321624922437883	0.0639625756790389	0.00511342655731465	0.0110658576795953	0.0314414493663603	0	0	0.0120367507931381	0.0395771788736555	0	0.0795234445540334	0.040906038976757	0	0	0	0	0.033040048413073	0	0	0.12960191819376	0	0.00554467505427221	0.0573926960595245	0.175617551581237	0	0.00243914729195832	0	0.0904572932295911	0.000309174174310281	0	0	0.0987838524604596	0.033830471848417	0	0	0	0.857680699340718	0.763623640706312
BCRF4_10_14831_668_DCIS_Str	0.0301299064020959	0.00583403166355988	0.0132636518271056	0.0241035042689076	0.0338830792311275	0.0489696972430739	0.00019612701834035	0.0244443504268432	0.0270131518205361	0	0	0.0520087977254969	0.0413688070073678	0	0.112310438901055	0.0144767469838656	0	0	0	0	0.0224112831547018	0	0.00702867860264783	0	0	0	0	0.164747447069917	0.0197584224996834	0.00887170120308265	0	0.228298849669436	0.00280139725070352	0	0.00550460680395044	0.0904845295626747	0.00258527207970998	0.0195055215841172	0	0	0.90081043751112	0.743131911235555
BCRF4_10_14832_668_NL_Str	0	0	0.00430595079804857	0.0627594484013473	0.08911942219894	0.0180158694803469	0	0.0569895435671004	0.0544256351215155	0	0	0.0462623116954832	0.037391097575587	0.034630345477812	0.0771370306643849	0.0164434891337485	0	0	0.00451010132610364	0	0	0	0	0.00212211864998785	0	0	0.00822980764945702	0.131168264410185	0.00784786241296146	0.0104947311615594	0	0.249644152412846	0.00244433752156704	0	0.00911368198640297	0.0615551675934215	0	0.0153896307611943	0	0	0.970614446637965	0.41856579555142
BCRF4_10_14835_669_IBC_Str	0.00315187188359033	0	0.0588913349962658	0	0.0722431557923836	0.0670559914967711	0.00899255455824432	0.0226870174066029	0.00637078903006478	0	0	0.0372675269018653	0.0502378639790498	0	0.0594977945512631	0.00456961018192455	0	0.00240372560295162	0.00237672299204781	0	0	0	0.00321782971020016	0	0	0	0.0079880190000207	0.221666917789649	0	0.0205655854954316	0.00437369341538912	0.181401864973173	0.0149846045715558	0.0094647814834957	0.00592119993999782	0.0685804641874857	0.0660890800605766	0	0	0	0.947340317736474	0.588699118388615
BCRF4_10_14836_669_NL_Str	0	0.0110599053270197	0.0192682906221352	0.00791819692223991	0.0181312326485099	0.0258934262842385	0.0284077398538449	0.0357568121532703	0.0221874178522743	0	0	0.0409320922850824	0.0226636879210849	0	0.119967647967889	0.00884842112044784	0	0	0.0211229754263352	0	0.0133316866112656	0.00488816353912583	0.012185745311136	0	0.0354221658013306	0	0	0.119832673857974	0.0105461663577346	0	0.01466780991369	0.272880500403416	0	0.0353201004660572	0.00245897443973235	0.0566371750789264	0.0396709918352398	0	0	0	0.87465304756753	0.762441068956429
BCRF4_10_14838_669_DCIS_Str	0	0.00043635621509191	0.000196582657503178	0	0.0146666857855491	0.047704175599503	0.00242305698800366	0.0205536708491318	0.0226646898168955	0	0	0.0451406609255392	0.0443991936230821	0.00481424267011649	0.10990674969419	0.0104333047011018	0	0	0	0	0.0077839171132338	0.00262161182266224	0	0	0	0	0.00627687463783609	0.137083531715861	0.0111311334659599	0.00552164983991775	0.00922306769034124	0.287108019735145	0.001601521709196	0	0	0.107637701196842	0.0847166875703598	0.0159549139769377	0	0	0.867244710817261	0.806768961748334
BCRF4_10_14841_670_EN_Str	0.00534161912591418	0.0203021822106281	0.0153473173676601	0	3.85677846417079e-05	0.0925453632481989	0	0	0.0175065834301357	0	0	0.057312349910859	0.0228770976786065	0	0.104547602130561	0.014014991265094	0	0	0	0	0.00941244086102952	0	0	0.00894115336686511	0	0	0	0.166005560670393	0	0.0105006714058973	4.14545780949198e-05	0.311628413526309	0.0194164130639013	0	0	0.0867209999555759	0	0.0374992184196351	0	0	0.626722003798857	0.896576790268519
BCRF4_10_14842_670_DCIS_Str	0.0831232362426597	0	0.0195763533554959	0.0377182329538864	0.0587232469217274	0.0452212879769618	0.00494386103201696	0.0731971743969338	0.011617687227439	0	0.00492859489941134	0.0150834335723822	0.0261268217240136	0	0.126249748481036	0.0189933377359292	0	0	0.00841192890443542	0	0.0117012732690563	0	0	0.0434685052168361	0	0	0.00393364816568458	0.172633934580258	0	0.0129499757470318	0.0012659250812974	0.14281775417076	0.00041371440055013	0	0	0.0601477655101466	0.0135606027032832	0.00319195573076717	0	0	0.943061510540025	0.516988339852209
BCRF4_10_14845_670_DCIS_Str	0.00741781266161548	0	0.00415935311704566	0.0251137757915406	0.0331537119954348	0.0505005933761476	0	0.0415421184674669	0.00487528786484657	0	0	0.0261624354987411	0.0460908236049946	0	0.140524857922241	0.0160490982494757	0	0	0	0	0.041912050533647	0.000164201833606806	0.00341535669344497	0.0525790178515656	0	0	0.0158862739185617	0.158598439810187	0.000216156977339806	0.0233357785388796	0	0.215403412623646	0.00353146032173786	0	0	0.0710448711825849	0.00598157236727408	0.0123415387979743	0	0	0.917169656289194	0.693668547269634
BCRF4_10_14846_670_IBC_Str	0.10786576232104	0	0.00133596367344118	0.0131646082155383	0.0152683163303711	0.0616477122288812	0.0143504610940866	0.0134163699598371	0.0296441276615519	0	5.90278248870056e-05	0.0383518469873885	0.017249028025138	0.000120321719508691	0.114842470240157	0.0147294831411956	0	0	0.0100637730164919	0.00693634993134916	0	0	0	0.0166006410549461	0	0	0.0100193332739263	0.220389728840745	0	0.0234189980817762	0.00525329982672248	0.148524773808119	0.00805393602334027	0	0	0.0834059068448313	0.0179239049643996	0.00736385491033064	0	0	0.615683442724606	0.881861107917071
BCRF4_10_14850_670_BBD_Str	0.0290229172977161	0.00318247896411224	0.0271636048161191	0.0342748293810024	0.013007383437045	0.0495073263550849	0	0.0117694736319544	0.0131788491602207	0	0.00151599363696035	0.0388400898853623	0.0349179686309954	0	0.125877260947161	0.021487606743252	0	0	0	0	0.0228157051666882	0	0	0	0	0	0.00430053681037568	0.16691823362585	0.00124641524928874	0.00691950400696714	0.0028419732022789	0.276030501618699	0.00314596647651689	0	0	0.0812382137392939	0	0.0307971672170558	0	0	0.769706829948063	0.85339161183242
BCRF4_10_14851_670_CCC_Str	0.00396333082628825	0.00862525594548418	0.0120571085264683	0.00608411386596636	0.00735867607259778	0.0698683117214273	0	0.00692487059111017	0.025299763823447	0	0	0.0479997262256657	0.0281432651204563	0	0.106138552586398	0.0261782427317247	0	0	0	0.00293920213980267	0.0116963610354502	0	0	0.00509838369640745	0	0	0	0.164793134612749	0.00940235943004616	0.00314366758754238	0.000303048684422392	0.336871138732785	0.0163267932098144	0	0.00255702133316587	0.0828743986017278	0	0.0153532728990516	0	0	0.720973651313222	0.869641451798598
BCRF4_10_14852_670_AM_Str	0.00066980007727458	0	0.00455317708334631	0.0231532375402593	0.00458223241157997	0.0468114349991374	0	0.00393618040166291	0.0156407434606168	0	0	0.0431018570068883	0.037735616493661	0	0.104487641376694	0.0254857509177648	0	0	0	0	0.0219445306679304	0	0	0.0633478819140227	0	0	0.000748801050927985	0.152368895484475	0	0	0.00186707147518542	0.341320806004155	0.0233346171254443	0	0.00159218240999425	0.0630939523973802	0	0.0202235897015986	0	0	0.723712021792602	0.864186470674341
BCRF4_10_14865_672_inf_NL_Str_S2_R1_001	0	0	0.00424236357056329	0.0286801765205075	0.0703292805687787	0.0433890262185362	0	0.0513178881285904	0.0281283723324191	0	0	0.0500389499557231	0.0550600470493158	0	0.0976210640082546	0.0251447535009586	0	0	0	0.0256586515818406	0.0247768273965756	0	0	0	0	0	0.00479564569954249	0.137616625994647	0	0.0224153670894375	0.00212077333467365	0.224773460910533	0.00314079522899506	0	0	0.0765911901898144	0.0241587407202937	0	0	0	0.941986863967044	0.53450821873509
BCRF4_10_14867_672_IBC_Str_1_S4_R1_001	0.0334931000671044	0.0263716258160372	0.0429191254781292	0	0.0167936067723232	0.0723911069111292	0.00654672725433223	0.0108988430880691	0.0101073908254226	0	0	0.0196281133412391	0.0292337299405904	0	0.0793796727717211	0.0353817543069052	0	0	0.0154092308846807	0.0160992406771129	0.000562593363947535	0.00957501477293865	0	0.0830755828984139	0	0	0.0105386212064686	0.215878833292947	0	0.0205667534191703	0.00173480007347033	0.139519907919502	0.00719857457827817	0	0	0.0617733050254228	0.0349227453146443	0	0	0	0.751506060898275	0.83562669902705
BCRF4_10_14871_672_DCIS_Str_S8_R1_001	0	0	0.00227447085639233	0.0224438349158292	0.0354068030935179	0.0642949220438307	0	0.0123728464360031	0.0210357110670223	0	0	0.0453529591955644	0.030312917666303	0	0.153105377393012	0.0285991743333849	0	0.00234173541625005	0	0	0.0390299257713271	0	0.00995073261665575	0.00598306624869041	0	0.0159023007780814	0.00208954229247499	0.155662680695365	0.00439894840782535	0.045695421221106	0.00452518952427856	0.152515997655556	0.00161094346107782	0	0	0.112668174251754	0.0308596967357513	0.00156662792294672	0	0	0.872463600576696	0.772817616841505
BCRF4_10_14872_672_CaLob_Str_S9_R1_001	0	0	0.000309371012385324	0.0685522762918301	0.0822963147676061	0.0880740497212653	0	0.0324907885251713	0.036061883453127	0	0	0.0704316108252343	0.0366280470742393	0	0.201464295788599	0.00876625835215662	0	0.000567140022009899	0	0	0.0428977568346656	0	0	0.00170018566420453	0	0	0	0.118039806076358	0	0.0425007439687363	0.00129064401051898	0.102196682189936	0.00200596004506998	0	0	0.0497146250484998	0.014011560328387	0	0	0	0.948318794359336	0.532599457624559
BCRF4_10_14874_672_NL_Str_S11_R1_001	0	0	0.00823144138547312	0.0328500013043792	0.107516333799172	0.0381262024480208	0	0.0921533264290515	0.0183590836006993	0	0	0.0346383401736853	0.0392387186168661	0	0.0660225508934628	0.0243269260853745	0	0.00213482529136695	0	0.0172785809369428	0.0117935759354221	0	0	0.00522845477687045	0	0	0.000785189366986907	0.100186254811198	0.0055275033439029	0.0220628588878913	0.00428764589460598	0.214548327104955	0	0	0	0.128593781854311	0.0188543739080741	0.00725570315128718	0	0	0.948839427776421	0.340423921970731
BCRF4_10_14877_672_CCC_Str_S14_R1_001	0	0	0.0085008101899205	0.0379247066268782	0.0830523062234337	0.0345437265786657	0	0.0333096898302372	0.017945747582145	0	0.00189012955807651	0.0485590400948275	0.0194113436323977	0	0.123574340382816	0.00676256301359144	0	0	0	0	0.036203672170116	0	0.00275304958591015	0.0142695677356231	0	0	0.000362713268123224	0.129550711078987	0.00577323495267819	0.0143364007122829	0	0.258483077537989	0.00746621878319891	0	0	0.0857469785125705	0.0157461309903809	0.0138338409591511	0	0	0.945894180239103	0.528727780637194
BCRF4_10_14879_673_IBC_Str_S16_R1_001	0	0	0.0391350112864502	0	0.00218125576692372	0.0598757600430118	0	0.00169859711819957	0.00357538445001948	0	0	0.0494667023412958	0.0282872293859054	0	0.106064121190264	0.0338376756656388	0	0	0	0.000594713238955296	0.0149546568938121	0.00283020465307412	0	0.024365869007133	0	0	0	0.202271112630644	0	0.0142393982003173	0.00465697258237226	0.308994791880835	0.0223235032302813	0	0	0.0708978472744319	0.00704457617111965	0.0027046169893157	0	0	0.534836961074049	0.910757976085424
BCRF4_10_14881_673_DCIS_Str_S18_R1_001	0	0	0.00446440098607088	0.148181045065568	0.00654203211180286	0.114916976555267	0.0122881412968136	0.0128325118589038	0.0160505124505605	0	0	0.0323809391373682	0.0246122028893638	0	0.202893694918884	0.0382858930203452	0	0	0	0	0.0651081244377387	0.00234481538261324	0.0053495316216663	0.0318458761385583	0	0	0	0.113675822468051	0	0.0397239750859269	0.000225267193622075	0.0635886624942341	0.000415961001938222	0	0	0.0425328534553701	0.0217407604293337	0	0	0	0.804677055686893	0.864543272995759
BCRF4_10_14883_673_NL_Str_S20_R1_001	0.00295149240537417	0	0.0192782563158684	0.0188004317527869	0.0283990813832469	0.0465405445512626	0	0.0812945301021775	0.0128219417073888	0	0	0.0567872627138838	0.0478648188066981	0	0.123282743242268	0.0347484133694011	0	0.00494031573797559	0.000699805277561266	0	0.0193128212018878	0.00639658247659759	0	0.0033178331839719	0	0	0	0.104901361714673	0	0.0392653330056038	0.00303609622840854	0.240103090033151	0	0	0	0.101798351583918	0.00345889320589397	0	0	0	0.942205532607527	0.602107231186775
BCRF4_10_14885_673_AM_Str_S22_R1_001	0.000823120370960653	0	0.0156684354139234	0.00226024042857161	0	0.0641388788543292	0	0	0.0188919163415439	0	0	0.0363235543254437	0.0323257521612663	0	0.0664803082252926	0.00402374818612025	0	0.0161802736825742	0	0	0.0219791675945939	0	0.00314787891515988	0.0185426670555422	0	0	0	0.162484507683366	0.0068813644107067	0.0105882063548418	0.000389035613362472	0.392484669107116	0.0140011225873581	0	0.00427334462631838	0.101305860201463	0	0.00680594786014521	0	0	0.701865653621962	0.871390378669396
BCRF4_10_14887_673_CCC_Str_S24_R1_001	0.0172761036163653	0	0.00983509786521796	0.00770123167112359	0	0.0550931241967247	0	0	0.0247674673805577	0	0	0.0628664222748802	0.0344979104799774	0	0.0805883911623851	0.0205673981540527	0	0.00150786366551334	0.0048342597464388	0.00486559083068516	0.0100457874110008	0	0	0	0	0	0	0.146898898842305	0	0.0291426982400004	0.00365264757641006	0.379213979939843	0.000336501319548606	0	0	0.0992808546351111	0	0.00702777099185854	0	0	0.696821742401474	0.878788644448362
BCRF4_10_14889_673_EN_Str_S26_R1_001	0.0183385114146963	0.00241315921203947	0.0112318299599234	0.0451250828898806	0.0307833555675646	0.0202276316801141	0	0.106007466664836	0.0219395104177348	0	0	0.0510087719749172	0.0264260195038279	0	0.0702991584307672	0.0189040506229815	0	0.00301493447998885	0	0	0.0210671617228816	0	0	0	0	0	0	0.158996504832674	0	0.0248195294173248	0.00235176750341407	0.285808180290215	0	0	0	0.0675049701714206	0	0.0137324032427978	0	0	0.949807433913332	0.519688326126448
BCRF4_10_14891_674_DCIS_Str_S28_R1_001	0	0.00357650421542382	0.00802100950266454	0.0290463866477421	0.0394707543722789	0.0295163270624712	0.00769290593556173	0.00703878832886347	0.0842060525564977	0	0	0.0304980931112154	0.0611059019129103	0	0.168342692397567	0.00866634307706702	0	0	0	0	0.00740476226872951	0	0	0	0	0.00590902720727753	0.013617467618029	0.146382312368321	0	0.0143967972926193	0	0.171659007436629	0.00671236094778671	0	0	0.112295207069878	0.0320976497469147	0.0123436489235525	0	0	0.8684920127281	0.778673744309228
BCRF4_10_14893_674_IBC_Str_S30_R1_001	0.0110706667213066	0	0.00501755067332444	0.0157353110494918	0.105983046727046	0.0336657225488461	0.0364551160428868	0.00118036297177282	0.0437905119651857	0	0	0.0491140302423378	0.0681018734943666	0	0.0708967078561939	0.0145787644951775	0.014397306681863	0.00666869584151881	0.0584993954401958	0	0.0343106666408445	0.000879704410922636	0	0.0678816327095539	0	0	0	0.131394740030001	0	0.0106709416765699	0.00665553658271564	0.120981102616605	0.000119301057192651	0	0.00433373074338367	0.0450801311237273	0.0214187709177754	0.0211186787391949	0	0	0.943889072174117	0.523940875687982
BCRF4_10_14895_674_BBD_Str_S32_R1_001	0	0.0334580360439514	0.020127268053076	0.0103814906556732	0.0324661673571029	0.0158481378696688	0.00324247511122083	0.0110319895128183	0.00438594174073274	0	0	0.0532333733145878	0.0445016359262552	0	0.0868508623324338	0.00234575598993582	0	0.0171378802111105	0	0	0.0242644763923849	0	0	0	0	0	0.0100610978823841	0.113009176128652	0	0.00480027120967016	0.00139637953330616	0.288738966687614	0.00753521541750937	0	0.0216317686987066	0.136106415264862	0.0574452186663436	0	0	0	0.841432896413146	0.791412017188854
BCRF4_10_14900_675_EN1_Str_S34_R1_001	0	0	0.0250326904959317	0.0157730274393214	0.0512654697263593	0.0459933881688303	0.00174320787829336	0.00819349188181421	0.0227549078707757	0	0	0.052204211636737	0.0295534262762588	0	0.118518206324727	0.00379133234640558	0	0.0149886418952529	0	0	0.0210012020667827	0	0	0	0	0	0	0.133763848098043	0	0.0136921194904628	0	0.283070676616678	0.000198365711757349	0	0	0.135178680052787	0	0.023283106022781	0	0	0.892057667524996	0.729301848194183
BCRF4_10_14902_675_EN2_Str	0.00522492729223647	0	0.00784036501579167	0	0.00127695743908806	0.113204731152513	0	0	0.0104848190322521	0	0.00954849281915539	0.0465166999887729	0	0	0.133488654620693	0.0172402380844073	0	0	0	0	0.0337649687470018	0	0	0	0	0	0	0.141534266935747	0	0.0134772367760856	0.00196993599414327	0.30164493845871	0.00261899476106851	0	0	0.145396993653722	0.0131536179287621	0.00161316129984924	0	0	0.637826592975796	0.899100975779142
BCRF4_10_14903_675_EN3_Str	0	0.00305854772383432	0.00325937854102072	0.00156498355831459	0.00470994134728163	0.100663897420315	0	0.00128608006142577	0.0177494940689634	0	0	0.0492729102754492	0.0144332590153467	0	0.106687364985261	0.0114663176210339	0.0056761030678947	0	0	0	0.0221798582436065	0	0	0	0	0	0	0.156125527964542	0	0.014094979096911	0.00306194876851708	0.307046903287067	0.016504222081935	0	0	0.13264307320789	0.0259751782175574	0.00254003144583366	0	0	0.663544066302358	0.889562682404017
BCRF4_10_14906_675_NL_Str	0.00590001305538512	0	0.0444835171944574	0	0.0572863621684802	0.0721142664537626	0.00025508871299107	0.0556749309635226	0.0274857229163129	0	0	0.0562077858417932	0.0225357281403899	0	0.0836907079213095	0.0225982163521613	0	0	0	0.00182037101386404	0.0137614187093322	0	0	0	0	0	0	0.141156012360855	0	0.0181188338635713	0.000413107385374592	0.28215043857315	0.00550337644258765	0	0	0.0872421855497227	0	0.00160191638097673	0	0	0.934598808451759	0.574247113902428
BCRF4_10_14923_677_IBC_Str	0	0	0.0101377369553107	0.0207013909509378	0.106617979378922	0.0627190268855385	0	0.00405511816136473	0.0126714265158238	0	0	0.0246342564495861	0.0358510341403103	0	0.110286283163436	0.0326635965220554	0	0	0	0.00929290213743938	0.0397512786716878	0.00685232693368682	0	0.0791693484928048	0	0	0.0150794913929081	0.162065084923383	0	0.0374927572884478	0	0.11597165783269	0.00290519932712914	0	0	0.0733032112740258	0.0377788926025124	0	0	0	0.954065915239632	0.499624912438276
BCRF4_10_14925_677_DCIS_Str	0	0	0.00301603653246491	0.0457823596535042	0.0655248721109879	0.0605325095421553	0.00220955243984853	0.00944181754470039	0.00524212760101108	0	0	0.0314303820930703	0.0323327169357077	0	0.135262384383676	0.0320609226913858	0	0	0	0.0118263028804479	0.0521429590003886	0.0103252160156364	0.00391559805650105	0.0645327403441609	0	0	0	0.146715932884025	0	0.0300895658269207	0	0.17181713661014	0.00410599473833179	0	0	0.0631273349927486	0.0185655371221873	0	0	0	0.929779715492694	0.653667041716052
BCRF4_10_14927_677_NL_Str	0	0	0.00506529008304162	0.0248697509912859	0.0223777673812591	0.0805917148550104	0	0.0370908588239036	0.0314726436823595	0	0	0.0456011446846914	0.0478730076927016	0	0.159274253753209	0.0220033480650976	0	0	0	0.002818337413606	0.0434871120516499	0.00350827494105817	0	0.0361700616673964	0	0	0	0.142102798205548	0	0.0267823616268658	0	0.154636838625576	0.00151355118668561	0	0.000658908707302	0.0777010459472602	0.0329393948104604	0.00146153480403225	0	0	0.902237977597525	0.751775469576038
BCRF4_10_14929_677_LVI_Str	0	0	0.00967572086923365	0.034525100447153	0.0348160518804059	0.0500919547065585	0	0.00234252833871538	0.031411850058254	0	0	0.0344141384268276	0.0510225610251591	0	0.12503731141839	0.0259412417646734	0	0	0	0	0.0496246415322598	0.00842574840981271	0.00584940557947506	0.0504751104340179	0	0.009231739024248	0.00438433455486351	0.195653592780336	0	0.0448761550621943	0	0.154031477729048	0.00134509832116596	0	0	0.0528845329741241	0.0239397046630848	0	0	0	0.84658927628593	0.792327090314217
BCRF4_10_14931_678_IBC_Str	0.0189206025765764	0	0.0287170752887042	0.0142968782230858	0.0791379941736177	0.0662924094019697	0.00710069071320956	0.0066881184862388	0.0163035413458375	0	0	0.0192685346356578	0.0554485853460334	0	0.0919668575531753	0.0423272110083679	0	0	0	0.00250006441240476	0.0317313125715761	0.0180990074532106	0	0.0619075474823477	0.0048099832031134	0	0	0.193732174079805	0	0.0239743687505268	0.00363644133945162	0.108909316464669	0.00640288457896595	0.00606655321343558	0	0.0585626978775693	0.0331991498204502	0	0	0	0.951923046819002	0.595749922655893
BCRF4_10_14933_678_PLC_Str	0	0	0.00201104047432689	0	0.0220028973605695	0.0624978893977321	0	0.037554514501884	0.0273622135057172	0	0	0.0436715936883547	0.028158203209764	0	0.0844650787756044	0.00590262082459907	0	0.00335420488281657	0	0	0.00397837491734058	0	0	0.0279289944704148	0	0	0	0.168592373854016	0	0.0177998142932311	0.00536880006285568	0.308259515609859	0.041998225923251	0	0.0104271287425121	0.0773278495969339	0	0.0213386659082174	0	0	0.868633283696117	0.753620609332099
BCRF4_10_14935_678_EN_Str	0	0	0.00281671074509819	0.0127160939748342	0.0253308039963708	0.0658978869377593	0	0.0121186328172802	0.0187113759221738	0	0.00656706398398133	0.0513021812261008	0.0335889425528938	0.00285719162466372	0.0895846419162294	0.0275873239205358	0	0	0.00512156608049613	0	0	0	0	0.0108936397464565	0	0	0	0.164190567052626	0	0.0101948781547996	0.00115286441810242	0.317693937527432	0.00571112693336302	0	0.00669856333537949	0.112325747832622	0	0.0169382593008013	0	0	0.853802008846025	0.801807083496227
BCRF4_10_14937_678_NL_Str	0	0	0.00713587166286508	0.0120844508684167	0.0304999500544293	0.0298226398145329	0.0185990245718705	0.104149651241592	0.0416145583323054	0	0.00829188182367402	0.0503050005575898	0.0212991917761387	0.0301943971045365	0.0636270945321758	0.0172138296571873	0	0	0	0	0	0	0.00390594078565246	0.00705259546977262	0	0	0	0.16920408111258	0	0.00836232653479483	0.00133977800431355	0.236266487121639	0.0216135083978585	0	0	0.101727729861161	0.015690010714914	0	0	0	0.958260280987216	0.518404185916102
BCRF4_10_14939_679_IBC_Str	0	0	0.0202120900150136	0	0.0266136565050105	0.0912811342565542	0.00163776002959704	0	0.02226260140422	0	0	0.0250662933560864	0.0361884073817904	0	0.0807334558283667	0.0171116983794795	0	0	0	0.0144102156598041	0	0	0	0.0299950924803891	0	0	0	0.26767445215881	0	0.00213164118552433	0.000342914930103881	0.241386939486128	0.00499968783380049	0	0	0.073758234577192	0.0398853850282128	0.00430833950391631	0	0	0.722288626578961	0.846626147429893
BCRF4_10_14941_679_DCIS_Str	0	0.00340029848206678	0.00292494328817102	0.0150345580576465	0.0557488443880254	0.0376749255276994	0	0.0378549729723208	0.0390901574959504	0	0.00761017309895577	0.039255748531132	0.00754742513035614	0.0177302032944006	0.0809358257813556	0.00714624381546148	0	0	0	0	0	0	0	0	0	0	0	0.196331959504339	0	0.0140261715004481	0.00589634106878447	0.29513993332139	0.00302772680740516	0	0	0.0950542757388634	0.0110289303271634	0.0275403418680653	0	0	0.941522498178563	0.613962570629753
BCRF4_10_14943_679_NL_Str	0	0.00142037168675781	0.00379888426846828	0.0206360951640279	0.110256326717995	0.0433572625562854	0	0.0545025079006285	0.0163203554753533	0	0.0071885076442176	0.0345659631460801	0.0187285391606206	0.00614235581926464	0.0950388735607644	0.00710393489962832	0	0	0	0	0.0058293870159403	0	0.000972111317225396	0.0222093908219855	0	0	0	0.149601792163468	0.0134732152663031	0.00125221530620718	0	0.283841472914642	0.00780541474857878	0	0	0.0896032520779781	0	0.00635177036757942	0	0	0.966319612009895	0.358821717399449
BCRF4_10_14955_680_DCIS_2_Str	0	0.000638568592198734	0.00582587176615482	0.0291435514696265	0.123915696047356	0.0336238087969258	0.011219089126045	0.00235871512424436	0.0411946356579551	0	0.00593051660752252	0.0210247011849483	0.0188467971446762	0	0.0945132152867214	0.0262558551049275	0	0.00463992577711539	0	0	0.0388824078220266	0	0	0.0228311242074215	0	0	0.00366021002046595	0.146360827719727	0.0122737391896009	0.0198984376656201	0.00858900166696075	0.194590735012734	0.00442402253248677	0.00462963812637012	0	0.0709874863559522	0.0491152120782075	0.00462620991600798	0	0	0.964860087975077	0.431984833160201
BCRF4_10_14957_680_ADH_2_Str	0.0070556335224435	0.00992407638572208	0.00920447069438907	0.031176680770693	0.0504448592393362	0.0363316235639359	0.00707217616119549	0.00191105591563282	0.0327028325905149	0	0	0.0344035096785248	0.049237742323545	0	0.116103074675515	0.00510183648336501	0	0	0.00229179174128747	0	0.0250938831699372	0	0	0.100370624886086	0	0	0	0.147149966484802	0	0.0129456203137387	0	0.225775090114907	0.00397073330247458	0.0022482944752156	0.00941194542035884	0.043516106941	0.0214893273086374	0.0150670438367417	0	0	0.888919950970329	0.732690052714296
BCRF4_10_14945_680_ADH_1_Str	0.0304646139615898	0.000203894909272575	0.0205183541084356	0	0.00631806402051797	0.0429733209324978	0.0072514519082508	0.00544063260508976	0.033054082034137	0	0	0.0295527639552993	0.0380245457941643	0	0.108478331708254	0.00956065965928281	0	0	0	0	0.0141101285285161	0	0	0	0	0	0	0.190883899024248	0.0188268393072484	0.00809688825105267	0.00353307232696718	0.326885282093519	0.015825260766056	0	0.0200593161928315	0.037908744171438	0.00508789187643407	0.0269419618648978	0	0	0.642810673683596	0.884853814434572
BCRF4_10_14947_680_UDH_Str	0	0.00201723617363868	0.00965697520420175	0.0349225607411799	0.0689409006114154	0.0219121026496379	0	0.0442001060134637	0.0266218073106241	0	0	0.0450464427857219	0.0371888646369946	0	0.104926312966995	0.0130307132802534	0	0	0	0	0.0118341079408187	0	0.000749842111508159	0	0	0.00915727492064747	0	0.135560322788775	0.0104267983664466	0.0104775077016827	0.00253868219068054	0.288396569897698	0.01575046849596	0	0	0.0862428421723637	0	0.0204015610392922	0	0	0.931807121688647	0.563745797854044
BCRF4_10_14949_680_NL_Str	0.00275135391848659	0.00816708474188191	0.00885819390230571	0.0263802778222832	0.0543900376478966	0.0359280773619518	0	0.0140547539238072	0	0	0	0.0573982737448203	0.051270231490319	0	0.163660413507377	0.00209622322068773	0	0.00272084343986957	0.0115561110149893	0	0.03041815347145	0	0	0	0	0	0	0.165883574749402	0.0104023094900941	0.0131659062925324	0.00176285382698819	0.231541376347254	0.0179889988495509	0	0	0.0632931460359573	0.00736196618594586	0.0189498390141505	0	0	0.906654455102712	0.699942810424304
BCRF4_10_14951_680_DCIS_1_Str	0.00653444863513631	0	0.0107298940356353	0.0287736542780939	0.112229762531659	0.0341689136454995	0.0142541498791493	0	0.0438662770705191	0	0	0.0357076246836904	0.0448411686246879	0	0.0914774628505839	0.028604996584739	0	0	0	0	0.0223307626721944	0	0	0.04722334921326	0	0	0.0111990932118473	0.156351370699828	0.00792904227821837	0.00657803938304756	0.00522625907968767	0.179435821460225	0.00205444215475829	0.00463802845544698	0	0.0654468356466464	0.0403986029254456	0	0	0	0.959305246970351	0.486250554834793
BCRF4_10_14953_680_IBC_Str	0.0139826797514542	0	0.00962659437679745	0.0202973014304421	0.320662990482117	0.0388192441951089	0.0092013387922666	0	0.0172151892251833	0	0.000521714266238176	0.0201620177959135	0.0215355948259679	0	0.0866531319848813	0.0288515048455959	0	0	0	0.0103069275882363	0.0230310923622991	0	0	0.034164984630847	0	0	0	0.130505713872383	0.00239109054866618	0.0023809399682992	0	0.140520864261519	0	0	0	0.0537671206332598	0.0154019641625247	0	0	0	0.976372432396609	0.5859451022478
BCRF4_10_14959_680_LG_DCIS_Str	0	0.00476644867133434	0.0035978710771549	0.0881674542609004	0.0493882017074656	0.10048085331997	0.0147123877845652	0.00630715659776738	0.0349430510185713	0	0	0.0344921197414969	0.0252423853986492	0	0.172773762379239	0.0128566815211845	0	0	0.00484580053421432	0.00554504702666643	0.0448899425239741	0	0	0.0660038435896399	0	0	0	0.111596897260512	0	0.019455417245006	0	0.121730331209272	0.000731978607453961	0	0	0.0569292677086845	0.0130537468327821	0.00748935398349669	0	0	0.921488935528166	0.724008027234987
BCRF4_10_14961_680_AM_Str	0.19997303913147	0.0111906999915264	0.149118592727478	0	0	0.0959064875560125	0	0.000722055976907862	0.0175875542857446	0	0	0.0358521794192248	0.00549042118666352	0.00253300709466442	0.0677903040288658	0.0176837253924118	0	0	0.0124040457558383	0	0	0	0	0.0183143525051431	0	0	0	0.18378294140353	0.00339361923579883	0.00722476967424021	0.00267957790822019	0.068581974491298	0.00812393153981571	0	0	0.0733697584772528	0.00489418405277331	0.0133827781651198	0	0	0.4585737319112	0.933119921350035
BCRF4_10_14967_681_DCIS_Str	0	0.0309178411103095	0.0132291622607741	0.0158695317489852	0.0447445726395608	0.0535450114007974	0.0151374027475226	0.0517734724192902	0.00948381158722432	0	0.00947403622072997	0.0137419007613882	0.0252681047645493	0	0.114572744139157	0.0248804853058745	0	0	0	0	0.0309775853252009	0.00153811957075679	0.000390741405967695	0	0	0	0.0143361290945267	0.164030070667539	0	0.00260162300102465	0.00154285690123719	0.201664229999246	0.00461764202971275	0.0136818932186826	0	0.0859265060400721	0.0487825693806526	0.00727195625921777	0	0	0.949154326120213	0.616140198256916
BCRF4_10_14969_681_AM_Str	0.0107718608146066	0	0.00798001473492263	0.0385607717196167	0.000727851563989229	0.0312061498282232	0	0.0191737776581063	0.030525470927138	0	0	0.057508879458353	0.0206588811320804	0	0.0937042861712614	0.0196747461571407	0	0	0	0	0.00397797421955597	0	0	0.0211465338843048	0	0	0	0.157232965624693	0	0.00724946098124633	0.000698593373799478	0.319065400627723	0.00800173173891264	0	0	0.137094333534895	0.014814739843838	0.000225576005594482	0	0	0.782720282063039	0.852046842603312
BCRF4_10_14971_681_EN_Str	0.0142642686628558	0	0.0263378777769337	0.00577062776414111	0.0375477662326077	0.0189762612727423	0.0170274916645995	0.12146050466426	0.026529701320053	0	0.00610751389071538	0.0403893211602951	0.00624715942547757	0	0.0783414976106055	0.0201935726049466	0	0	0	0	0.0241407960303552	0	0.0106129076989459	0	0	0	0.0037989292060845	0.129681784053857	0	0.00606173774379956	0.00345871364684713	0.216779691633666	0	0.0117143657089618	0	0.107110180038527	0.055020379272669	0.0124269509160539	0	0	0.979328395168165	0.421051093184115
BCRF4_10_14973_681_ADH_1_Str	0	0.00637203001208579	0.00701687809352752	0.009102505175221	0.0432160151584875	0.0479759641886406	0.0030443108104649	0.0443134865856872	0.0162628518561569	0	0.00108239461004393	0.0318370352770481	0.0299522365049196	0	0.145569787607351	0.026607181325938	0	0	0	0	0.0390000016666391	0	0.00368326584848626	0.00233602139103306	0	0	0	0.152479917395773	0.00311192271526645	0.0336546814378238	0.00195797998260685	0.195818480294346	0.0134666187596772	0	0	0.104578724962985	0.0375597083397912	0	0	0	0.94797428341361	0.643093293583006
BCRF4_10_14975_681_IBC_Str	0.00577965732935039	0.045676241443768	0.0101099370471973	0.0019720459926624	0.00136846708222027	0.0705618127522634	0	0.0167907670938977	0.00515282296542677	0	0	0.0287306421707673	0.0293689387287824	0	0.0900870040516839	0.011019830226328	0	0	0	0.019225957700684	0.0115254583904626	0	0.00810180495941284	0.0234566869825938	0	0	0	0.245065943706144	0	0.00454246714033031	0	0.240799368219702	0.0164917340805618	0	0	0.0922809241326404	0.0167852813230865	0.00510620648003363	0	0	0.68380514368753	0.871376738116833
BCRF4_10_14977_681_NL_Str	0	0	0.00777135148030905	0	0.0271377756477839	0.0650096822976131	0	0.133411416470653	0.0456169398106456	0	0.00234885405351401	0.045823902040525	0.0150311805707054	0	0.0928485455039312	0.0165022485749093	0	0	0	0.00305570402251774	0.0046247499139865	0	0	0.00512079590730418	0	0	0	0.126856053542964	0	0.00984728733998931	0	0.280623036642514	0.00302715605493609	0	0	0.0938584029588336	0	0.0214849171663649	0	0	0.979608469575459	0.423616520173977
BCRF4_10_14979_682_NL_Str	0.00538907554287113	0	0.00924566277934742	0.080800452852902	0.119600228030324	0.0646968250706424	0	0.0340577428647596	0.0293391663656222	0	0.00243985985173623	0.0237419764910058	0.0398664571704766	0	0.105388529371197	0.0106809076122626	0	0	0	0	0.0146766285604081	0	0	0.0309524365521214	0	0	0	0.135079388561116	0	0.00429804922345033	0.00365990497578268	0.181833464632704	0	0	0	0.0940630605503061	0.0101901829409642	0	0	0	0.944711799814246	0.411761000356948
BCRF4_10_14981_682_EN_Str	0.00999010702836193	0.00793937940560705	0.00783029528272285	0.0262880678708572	0.0697097484098191	0.0788534391366716	0	0.00839271849584552	0.0180805735660327	0	0	0.0425938994649724	0.048151535610247	0	0.0728671941738715	0.0319544409616945	0	0.0088386384826805	0	0	0.0208835135026683	0	0	0	0	0	0	0.186304866543786	0.000357397830074846	0.0117030684809493	0.00307144512537222	0.241983787456625	0.00928679794777208	0	0	0.0856992880131882	0.0051497916275675	0.00407000558261262	0	0	0.924125870543957	0.649541269591127
BCRF4_10_14983_682_IBC_Str	0	0	0.0146003965372932	0.0142427390359886	0.16750269314894	0.0764905032409821	0.0136264614023409	0	0.00108241793489265	0	0	0.0179793050029863	0.0350990586190483	0	0.114006403573595	0.0377220500066197	0.0130621812622719	0	0	0.00329481333985978	0.0225119917284394	0.000497744095920239	0	0.0668555828053697	0	0	0.00123363937302075	0.164211055609662	0	0.0113654402241398	0	0.10444065087272	0.00119164608449827	0	0	0.066867906015734	0.0521153200856775	0	0	0	0.931896990871964	0.381764913142824
BCRF4_10_14985_682_Inf_NL_Str	0	0	0.000514112532035384	0.0634006513677108	0.149432801350416	0.0960882796794083	0	0.00377049438216543	0.00431947827542954	0	0.00422070082274556	0.0235418993547998	0.0329166088713346	0	0.159327625813331	0.0140375830673208	0	0.00645330675350837	0	0	0.0473154834469098	0	0	0.0189156293442464	0	0.00397042599887011	0	0.128687712919438	0.010176019003902	0.0217103295655168	0	0.110185264070017	0.00345706022759455	0	0	0.0711764691107856	0.0263820640425147	0	0	0	0.938146795005805	0.398622945337674
BCRF4_10_14988_683_DCIS_Str	0.00844700103795139	0.000508060431951319	0.00252511518274777	0.0280255739971319	0.057572393374024	0.0554725995251328	0.0182242697984971	0.0135438055991144	0.0122852322030201	0	0.00373128809327932	0.0220345601459359	0.0406189222463696	0	0.113934646275119	0.0378049456715566	0	0	0	0	0.0442267088525406	0.00204570339334802	0	0.0438104823085369	0	0	0	0.164997980466248	0	0.0376208382612469	0	0.192091127227383	0.00678715784645999	0	0	0.0831993858144496	0.0104922022479559	0	0	0	0.934403486955057	0.670724128129812
BCRF4_10_14991_684_ADH_DCIS_Str	0	0.0257062568321918	0.0157511916186191	0.0139235276171268	0.131660342131866	0.0690670065269728	0.00718521890501356	0.0392646487967282	0.0177390376840192	0	0.000502123297484471	0.0230042628975444	0.0216491556063653	0	0.137825307337072	0.0329124319713481	0	0	0	0	0.0276273760624438	0.00697698871692414	0.00195493051024424	0.019481736982326	0	0	0.0162112526981274	0.184757555886296	0	0.0157050250523966	0.00297716703300221	0.106871485487085	0.00244780294144246	0	0	0.0461452477942725	0.0326529196130883	0	0	0	0.960849468935756	0.338309149590233
BCRF4_10_14993_684_DCIS_Str	0	0.00994934092477359	0.0136969286307751	0.0230719347476704	0.0923333670637689	0.0590487229868895	0.0179282988065064	0.0558128299606514	0.0174130090550961	0	0	0.0174800636005779	0.0255856771492803	0	0.196505487626734	0.0299049080623472	0.00410780869067256	0	0	0	0.0566327373265798	0.00830358975187694	0	0.026810663473396	0	0	0	0.164457859033828	0	0.0113503441684926	0.000543671657001234	0.0875706149120138	0.00175922994326606	0.00246524795045454	0	0.0513677060716413	0.0258999584057064	0	0	0	0.961397537446931	0.425013350291899
BCRF4_10_14995_684_NL_Str	0	0	0.0179060699961229	0.0288274703003046	0.118596056943238	0.0469092979494411	0	0.0427809116260837	0.0166957773096259	0	0.00227271973830029	0.0334777439412213	0.0310553659128863	0	0.0944012894945874	0.0186420579114766	0	0	0	0	0.0182842241363948	0	0	0.00303118961798981	0	0	0	0.141664509542167	0.00410648950048129	0.00613410054843248	0.000489854146029313	0.265152845210317	0.000853543513570154	0	0	0.103087342491341	0	0.00563114016998917	0	0	0.961968761557237	0.367952136359261
BCRF4_10_14997_684_IBC_Str	0.00366193302989679	0.0131996432972719	0.0108266911500283	0.00332636095726877	0.203792139158469	0.0591262824398101	0.00120893387706597	0.0398539655791381	0.00793309228214437	0	0.00883403468462193	0.0252181875487311	0	0	0.081615685371924	0.0382325456410566	0	0	0	0.012945080482704	0.0198887015489627	0	0	0.0182985652853711	0	0	0.00100779795709576	0.153069792352528	0.00465890573093988	0	0.000713434496724582	0.199202620205088	0.00213683312159492	0	0	0.0763050434668384	0.0149437303347259	0	0	0	0.969945767049881	0.275075210734316
BCRF4_10_14999_685_DCIS_Str	0	0.00379962998923579	0.00224597286544147	0.0393956069061119	0.0210985274294869	0.0556107703373251	0.00440275659725069	0.0108139670717652	0.030458223896133	0	0	0.0410355701695195	0.0462575519458629	0	0.183395262449852	0.0207582609261022	0	0.00495378477693195	0	0	0.0473583984851291	0.00109440320663957	0	0.0261999335079625	0	0	0	0.162587028067636	0	0.0313674194524976	0	0.147151685244769	0.0031479180925505	0	0	0.0810368212414904	0.035830507340306	0	0	0	0.835330210724356	0.827453657470354
BCRF4_10_15001_685_IBC_Str	0	0.0184742993876668	0.00963645255672611	0.0311381100949699	0.03583993562546	0.0490370718725301	0.00711106983051118	0.0200473342712872	0.0284804873252458	0	0.00467337048322667	0.0352271652569639	0.0100991985338075	0	0.137545358325932	0.0283157408703694	0	0	0	0.00417743707722223	0.0396991422067804	0.00652491437332336	0	0.0630880992377644	0	0	0	0.207974345105957	0	0.0375641401313594	0	0.130242121177902	0.00230269102417943	0	0	0.0664703467835908	0.0263311684472235	0	0	0	0.892828447719883	0.740967250212407
BCRF4_10_15003_685_NL_Str	0	0	0.00114124745515901	0.0286775724579097	0.0302232972841408	0.0644001703168244	0	0.00629109702288856	0	0	0.00604665862254946	0.0348114898810908	0.0273600656638416	0	0.123340423310073	0.0106379353491409	0	0.0165290365118784	0	0	0.0448759643431601	0	0	0.00549440240570343	0	0	0	0.146632371741019	0.00157895591692298	0.0224233878259267	0.00142169974991469	0.288134369930103	0.00807138187369782	0	8.09343771536569e-05	0.113000316069459	0.018827221891443	0	0	0	0.834331228853458	0.80869979509347
BCRF4_10_15005_685_EN_Str	0	0	0.00497179968200044	0.0284479743239116	0.0784758514904713	0.0693466004783057	0	0.0176980979226731	0.00646253682884679	0	0.00776089177256904	0.0510036602357112	0.00737252874153309	0.00566793953472066	0.110457691027691	0.017361198396067	0	0	0	0	0.0195272068617113	0	0	0.030719920655767	0	0	0	0.126465252827636	0.0267724403998414	0.0166917644928783	6.65154802831372e-05	0.259075065383694	0.00607376907611959	0	0.0128187290469123	0.0901755690528375	0.00658699628781825	0	0	0	0.925591751609637	0.59451175178274
BCRF4_10_15014_687_DCIS_1_Str	0	0.00264807260345419	0.00781009053104002	0.0416242632976572	0.134136402324506	0.0521803380022742	0.0200444736919252	0.0253620631644221	0.0149056931326124	0	0	0.0252116978655997	0.038407700589751	0	0.0979499487926343	0.0365440102244007	0	0	0	0.0101554544846515	0.0370575954309759	0	0	0.139310135912977	0	0.00410213119968655	0	0.161713268800252	0	0.0202876556780336	0	0.0791186032893239	0	0	0	0.0394692284851281	0.0119611724986943	0	0	0	0.96169849387284	0.350739867677008
BCRF4_10_15016_687_DCIS_2_Str	0	0	0.00223542951516013	0.0788244019178576	0.0715652265075462	0.0653395623756727	0.0447352331439298	0	0.0266711623179118	0	0.00569455244751763	0.0360653948689226	0.0285591294685002	0	0.162760059445306	0.0538341465850858	6.91858621879809e-05	0	0	0	0.0507985115779565	0.0033486436887229	0	0.12574543878936	0	0	0	0.131534396350951	0	0.0435089082123225	0.0013302819424744	0.0282528991570067	0.00157310988143968	0.00257814947947505	0	0.0202867481230105	0.0146894283416817	0	0	0	0.93213196918638	0.647379572294577
BCRF4_10_15018_687_UDH_Str	0	0.00350250918232758	0.00431289397198928	0.0352650392896666	0.0890938190239882	0.051031864226302	0	0.0756442354624884	0.0131293044052175	0	0	0.0433173966980157	0.0187065197676418	0	0.122043028288581	0.00522258846970833	0	0	0	0.00578127742749774	0.0262309084396234	0	0	0	0	0.00747152854804242	0	0.135626723034443	0.0123045807347487	0.0118418479833139	0	0.224776620055314	0.0129531136090165	0	0.00519814225955395	0.0762917860576685	0.000338313564725756	0.0199159595001266	0	0	0.952375583587087	0.404440164956237
BCRF4_10_15020_687_EN_Str	0.0107557347804345	0	0.0879261957058522	0.0144433126768848	0.0257666146358642	0.0511107371194032	0	0.0336493918134052	0.0119066571228602	0	0	0.0485568694006988	0.041954423120149	0	0.141017972311421	0.00135236162761684	0	0	0	0	0.0105913022952265	0	0	0.00146183086998199	0	0.00764513230908828	0	0.143427029494147	0.0115418541119072	0.0161488122355013	0	0.218382258518224	0.0102221082270654	0	0.0221046103419025	0.0327622264383775	0	0.0572725648439887	0	0	0.883282053767415	0.756272054796142
BCRF4_10_15022_687_NL_Str	0	0	0.00424752827510809	0.0315762214363915	0.0512513978891744	0.0467775942827635	0	0.0465986257635097	0.00988177976329226	0	0	0.0477978272185511	0.0303807892510541	0	0.107098797420022	0.00818101205045445	0	0	0	0.000232207708121291	0.0248702735513713	0	0	0.0156190091648535	0	0	0	0.147789456033156	0.0188482435895515	0.0116551005268743	0	0.238133487734637	0.025337757923017	0	0	0.100237691559001	0.00423002379502834	0.0292551750640675	0	0	0.934658219887786	0.615121588972179
BCRF4_10_15026_688_EN_1_Str	0	0	0.0155215186800394	0.0516658656378051	0.0200320461579159	0.0773960298603175	0.0105356851830121	0.00447581793139872	0.0101433425685331	0	0	0.0504844196339396	0.0310720796847967	0	0.158027361202773	0.0244238766026084	0	0.0367582140533055	0	0	0.0524029701733766	0.00312025882710075	0	0.0199157591493459	0	0	0	0.111693335439273	0	0.0195894869095453	0	0.191156375936709	0.00777803845716437	0	0.00468079482760215	0.07907530449223	0.0200514185912085	0	0	0	0.820335305819641	0.845203108969664
BCRF4_10_14912_676_EN_Str	0.0409504301445153	0	0.0223016616274641	0	0.00931884473018283	0.0788689233536752	0	0	0.0369385244564019	0	0.00240086459906502	0.0387708602460654	0.016121610433411	0	0.100106349234886	0.0316384056386659	0	0	0	0	0.0221141667939038	0	0	0	0	0	0	0.177936606081586	0	0.0154662974489302	0.00418551059137284	0.298479436315255	0.000721144441370231	0	0	0.0910050435841954	0	0.0126753202790532	0	0	0.695759073761253	0.880643987401277
BCRF4_10_14914_676_BBD_2_Str	0	0	0.0027050654482182	0.0371739444856281	0.0303149785775121	0.0834636846744327	0	0.00312307358001733	0.0230303506671529	0	0.00135168284172	0.0415125347785297	0.0233531737455208	0	0.137293791337443	0.0325034804931538	0	0	0	0	0.0335213290554478	0	0	0	0	0	0	0.14564328849985	0	0.0273012313489663	0.00189889792586142	0.282222322734362	0.0084485949391025	0	0	0.078335817525309	0.00680275734177225	0	0	0	0.844492887181785	0.812593369954984
BCRF4_10_14917_676_DCIS_1_Str	0.00850578397232469	0	0.000517544315472272	0.0368538068408177	0.0817317047128797	0.0592042787898272	0	0.00483684987857326	0.0123952073491867	0	0	0.0311694067531129	0.038195808963111	0	0.182093036873899	0.0234475199353103	0	0.00337051370371716	0	0	0.0598488112643063	0	0	0.0385624009803157	0	0	0	0.141170923322505	0	0.021981791433842	0	0.161054510263186	0.00844757909159576	0	0	0.0670841620605479	0.0146386533869209	0.00488970610854867	0	0	0.936865524382183	0.609141464714269
BCRF4_10_14919_676_BBD_1_Str	0	0	0.00109425600045994	0.0420469398798343	0.0991668396450898	0.0334477726516374	0	0.0172054769270708	0.0331496581935763	0	0	0.041702566687312	0.0537905625993699	0	0.153178284254993	0.0140622860808913	0	0.00749692748912635	0	0	0.0433484552583661	0	0	0	0	0	0	0.16371951902682	0.000342620846505066	0.00889330145911165	0.00182266733886934	0.208204481577084	0.00600659599450992	0	0	0.0694568450900077	0	0.00186394299936565	0	0	0.945979860280883	0.5128355554924
BCRF4_10_14921_676_NL_Str	0	0	0.00428331890818296	0.0321419370691241	0.0123765178372219	0.128770958810173	0	0.00726041615629753	0.0152632731074437	0	0.000399792502239422	0.0410518010204658	0.0134298745447127	0	0.166856196194664	0.0210142513028125	0	0	0	0	0.0433442526439218	0	0	0	0	0	0	0.138256197122432	0	0.0334556263725043	0.00145040685759987	0.225918104565613	0.000285767758191307	0	0	0.0943610179131589	0.0200802893132419	0	0	0	0.746082069145353	0.870588376348338
BCRF4_10_15008_686_DCIS_Str	0	0	0.0105540523449679	0.0187992200212956	0.0886359382471094	0.0636684630164348	0.0230842676980437	0.0124825783498778	0.0192267375083148	0	0	0.0387136841713623	0.0247691403678336	0	0.157692888252747	0.0302904687080767	0	0	0	0	0.0669272420917868	0	0	0.0783862055451353	0	0.00556288369953222	0	0.113746309769087	0	0.0364956572898189	0	0.118610105556466	0.00157530554766458	0.00131480140871044	0	0.0669528643979761	0.0225111860077596	0	0	0	0.94844878656121	0.553570501943419
BCRF4_10_15010_686_EN_Str	0	0.00277943970820554	0.00294900436633463	0.0141385063294586	0.0731705419450281	0.0451479227645594	0	0.0398834108809646	0.00986835882467342	0	0	0.0458231050784364	0.02987804295039	0	0.116454444460593	0.0204210874188589	0	0	0	0	0.0190013339584029	0	0	0	0	0	0	0.156156719774807	0.0104523120586972	0.00295075420581483	0	0.266191137668829	0.0166166761014361	0	0	0.106908038912564	0	0.0212091625919461	0	0	0.930664557091895	0.562339631519351
BCRF4_10_15012_686_NL_Str	0	0	0.0113852301682501	0.00593236385088898	0.0281047046485539	0.0413096855766342	0	0.0486670289749239	0.0305749082630237	0	0.0146082789010645	0.0253449781764077	0	0.0925295044368142	0.0806778263636777	0.00751571909016177	0	0	0	0	0	0	0	0	0	0	0	0.137210612637854	0.0395358440063544	0.000353337209920875	0.00892945468090051	0.273395794795416	0.00226051884294329	0	0	0.109856149732812	0.0261279162827926	0.0156801433606055	0	0	0.901254730583241	0.701954973473806
BCRF4_10_15033_689_IBC_Str	0	0	0.0171848211796008	0	0.012233683645394	0.0825237029952015	0.00198578238658469	0.000195532189731219	0.0200669203731062	0	0	0.0283899682167525	0.0389982509800256	0	0.0705114461953839	0.0218756088656799	0	0	0.00351226682530556	0	0.00252810213716577	0.000491351508414328	0.00643629435053872	0.00149233387425246	0	0	0.0199141881332854	0.226951133363917	0.000389152089952968	0.0113094457445421	0	0.257780320604705	0.0123112846638445	0	0	0.106847264185654	0.0549804489769172	0.00109069651404506	0	0	0.607435450196625	0.891539941382849
BCRF4_10_15035_689_DCIS_1_Str	0	0.000944012927308084	0.00192625033492875	0.04035727233719	0.0481058101933729	0.0786450593549733	0.0283670264550915	0.00491436877808345	0.000684571132713107	0	0.000555273074126885	0.0197630746761057	0.0432201768154964	0	0.197934379704656	0.0414078457211765	0	0	0	0	0.0643649833375921	0.0104594493765459	0.0099681086446817	0.0055048662431979	0.0015360175530622	0	0	0.118828159044594	0	0.0432591817349583	0.00717206214668249	0.0998646125686468	0.00744631349943666	0.00877541510392886	0	0.0717629848341491	0.0442327244073019	0	0	0	0.923163227595909	0.734927650702926
BCRF4_10_15037_689_NL_Str	0.00534636271905053	0	0.0199596662423882	0.0080437024799099	0.0588832741954568	0.0767674047948889	0	0.0467924807092753	0.0186616533127922	0	0	0.0496253769489051	0.010047369669777	0	0.0977980950667003	0.00923803289419488	0	0	0	0	0.0192907885084667	0	0	0.0202719974374765	0	0	0	0.114172590832818	0	0.0120085023847711	0.00141600930438168	0.317475518224262	0.00323340753014914	0	0	0.104942818127003	0	0.00602494861733184	0	0	0.940434274223984	0.583499082772624
BCRF4_10_15039_689_DCIS_2_Str	0	0.0071283834082177	0.0126080402903465	0.0309045502440918	0.0447157315732273	0.0492061155167238	0.0133773669585378	0.0380883083441513	0.00599963883201585	0	0	0.0516700612474391	0.0297887869718323	0.0266369864444477	0.17013427027721	0.0270290981992316	0	0.00550732029466049	0	0	0.0300219388960184	0	0.00917011330078839	0.0169145276946644	0	0.00252415936280031	0	0.130457947225566	0.00328081494189072	0.033714111219699	0.0161248105334433	0.101259171867794	0.00205453972828676	0.00829258086492743	0	0.0928281201659339	0.0405625055960539	0	0	0	0.92778235682749	0.663911908803142
BCRF4_10_15041_689_EN_1_Str	0.00916478024687591	0	0.0339777509049126	0	0.00261657509856907	0.0583566128629888	0.0134931347623258	0	0.0285563321171002	0	0.00454078872665383	0.0345421377444077	0.0203381366428363	0	0.0792773727046936	0.0329748124215014	0	0	0.00203417660124139	0	0.00371376802932443	0	0.0132406655448719	0	0	0	0.0290907910205475	0.157867279321256	0	0.0141643210893378	0.0102627425497205	0.256678535869396	0.00189781930424684	0	0	0.13852596713033	0.0546854993068627	0	0	0	0.675715090504292	0.880742563927172
BCRF4_10_15043_689_EN_2_Str	0.00580754457708617	0	0.0353801038803464	0.0123209786670441	0.00820937265002099	0.0472785571748374	0.00444611401471353	0.00629696915915989	0.0220134017003576	0	0	0.0410069443715199	0.0210165516664211	0	0.089106303120543	0.0278103152645652	0	0	0	0	0.0226502313672925	0	0.0112971786775902	0.0284393225384593	0	0	0.0252212989968111	0.135660823356203	0	0.0120754127423317	0.00741458243909699	0.275173374165975	0.0049916590547624	0	0	0.123372321890273	0.0330106385245894	0	0	0	0.686002620429103	0.872051719300035
BCRF4_10_15053_690_EN_2_Str	0	0	0.002148556171603	0.020147859907331	0.0279319076542527	0.0610992704515609	0	0.00450631103831683	0.0314000811401973	0	0	0.0473637896079207	0.0257725823653642	0	0.0981627260138011	0.00452217996053161	0	0	0	0	0.0161670255282689	0	0	0.0219335879712994	0	0	0	0.107569143150388	0	0.00803079691108021	0.00210977332512649	0.341222816205067	0.0326100361431436	0	0	0.129522668945647	0	0.0177788875091008	0	0	0.82016405781298	0.816889019704248
BCRF4_10_15063_691_EN_2_Str	0	0.00402885627100683	0.0184829103509404	0.000477490044011836	0.00294373016052387	0.0505511381387745	0	0.0067223960647275	0.00712383781572088	0	0	0.036647589613769	0.0237300853717718	0	0.1272551782689	0.00883605626307074	0	0	0	0	0.0280698566091125	0	0	0.0153236809298476	0	0	0	0.15343986053221	0.0208757256490123	0.00654951120164928	0	0.35136516969327	0.0259112803990239	0	0	0.0865377705261537	0	0.0251278760965027	0	0	0.698246736267283	0.87356565126278
BCRF4_10_14965_681_ADH_2_Str	0	0	0.016733839857059	0	0.0602062928948755	0.0318611538018691	0.0244211408463413	0.110659999018464	0.00253396242506208	0	0.001976454046695	0.0268419741245344	0.0110492541485766	0	0.0652695384030518	0.0192841421265763	0	0.00337108247901556	0	0.00204222298101597	0.0345485092579449	0	0.00465267331715398	0	0	0	0.00700461912375109	0.119681298535986	0.0222384341428256	0.00454935549079216	0	0.246826185662652	0.0104829338383004	0	0	0.104572352068938	0.0589817631998562	0.0102108182086635	0	0	0.971512986378231	0.380692080562796
BCRF4_10_15024_688_IBC_Str	0	0	0.00437051517913209	0.0477540582031527	0.0193108491334573	0.0900104531804644	0.0291783490089738	0.00899336552852045	0.00334010581924885	0	0	0.0293957750151345	0.0471685644795901	0	0.268001214983865	0.0663769614079493	0.00757571766630421	0	0	0.00995678571635949	0.0748844822796629	0.00725078854348405	0.00509967022710671	0.0471840421023431	0	0	0	0.116601502864845	0	0.0213958509466467	0.00121545650280879	0.0442531176750429	0.00371008611192433	0	5.51440851209579e-06	0.0252109809004301	0.0217557921150413	0	0	0	0.846250923097899	0.83699978225177
BCRF4_10_15028_688_NL_Str	4.54543649454741e-05	0	0.0302711651736581	0.025645532610607	0.0701000507933428	0.0556841039292389	0	0.041367369412647	0.00942596734499553	0	0	0.0464266540678608	0.0204768604732878	0	0.106961595180043	0.0207579089392011	0	0	0.0131628675099951	0.0102324369169633	0.00665449170856085	0	0	0.00609728178445229	0	0	0	0.11627642890452	0	0.00691145112824625	0	0.29716821710973	0.0351055818949623	0	0.00814320184526561	0.0716460205381911	0	0.00143935836928611	0	0	0.943852548787323	0.556878576671871
BCRF4_10_15030_688_EN_4_Str	0.0645099176455673	0	0.0599281161988734	0	0.00307820817631065	0.0769461168287666	0	0	0.00459961021584722	0	0	0.0464644653804194	0.0291410452695682	0	0.106056033283414	0.0248646066629321	0	0	0	0	0.0197823407405847	0	0	0.00552146697223345	0	0	0	0.126190034905721	0	0.00744490271094784	0.00326721461809269	0.269568835105377	0.00100022832190406	0	0	0.133966497144685	0.00773198596969754	0.00993837384905892	0	0	0.597622143190352	0.907281530983589
BCRF4_10_15107_688_EN_5_Str	0.0083625105215711	0	0.00512600479184151	0.0236228681706308	0.0176652496732062	0.0452373570509198	0	0	0.0132239860563003	0	0.00339338461857549	0.0432283141350674	0.0303957273665426	0	0.100565235881193	0.0272342087198955	0	0	0	0.0269098097204748	0.000465530361933152	0	0	0	0	0.000392127464648731	0	0.135549792806349	0.00475774830145599	0.00849071338341612	0.00478780927472611	0.314360468377796	0.0306134232636766	0	0	0.12956337185693	0	0.0260543582028508	0	0	0.702488127302487	0.870656025510027
BCRF4_10_15045_690_NL_Str	0	0	0.00578569828925923	0.0188105128854331	0.220569142812568	0.0501421792076143	0	0.0138784892454789	0.0106809215600587	0	0.00797548368482331	0.0327118440604623	0.0286790375907	0	0.112083637529932	0.0128477461233575	0	0	0	0.000759370566220342	0.0289813750633625	0	0	0.00135502353053761	0	0	0	0.137402685966174	0.00503746710731389	0.015787811004374	2.06445937286189e-05	0.181967741549729	0.014603879533653	0	0	0.0855113134681765	0.0144079946270436	0	0	0	0.967075048374132	0.28552916173162
BCRF4_10_15047_690_EN_1_Str	0	0	0.00113340443247981	0.0172120114881326	0.0408719157097833	0.0539797847399113	0	0.00102515998376396	0.023723374633629	0	0	0.0447351779443136	0.0305745806121931	0	0.14109312067437	0.0357580013356772	0	0	0	0	0.0339435765733822	0	0	0.015194282592632	0	0	0.00481559671019583	0.168885050958406	0	0.0177278796897423	0	0.218181393557395	0.012875503431207	0	0	0.118050367176268	0.0202198177565181	0	0	0	0.869211124423049	0.781345750560076
BCRF4_10_15049_690_IBC_Str	0.000245229207640404	0.0118081648293107	0.0101902304203795	0.0142255944867783	0.125039159187704	0.0662957519293768	0	0	0.0374214179711726	0	0	0.0342837825363361	0.0306954331997578	0	0.0848511273089872	0.0164521831103797	0	0	0	0.0275468818923173	0	0	0	0.0231239480389405	0	0	0	0.212173143883811	0	0	0.00456192469363036	0.138843786633461	0	0	0	0.104059144687672	0.0558740401781512	0.00230905580419382	0	0	0.965127043119535	0.434611557820634
BCRF4_10_15051_690_DCIS_Str	0	0.0140858563638706	0.0128109930483277	0.0617699343834438	0.0677280132000658	0.081419029108237	0.00717072559839381	0.0156220411609022	0.0129290176659082	0	0	0.0462021689148769	0.049635553839715	0	0.153718723568035	0.0203021982889969	0	0.00640948942026251	0	0	0.0449794727692637	0	0	0.0127827813721002	0	0	0	0.144636263679554	0	0.034802457197209	0	0.113986687752229	0.00583663175138474	0	0	0.0708970740189902	0.0222748868982337	0	0	0	0.948706705191005	0.626672939708609
BCRF4_10_15055_690_i_DCIS_Str	0	0	0.00521802204957808	0.100671192242292	0.0315651837984772	0.107053636445054	0.0248922158363764	0.018095778483075	0.00756697808624222	0	0	0.0386659583612712	0.0414265586361362	0	0.247430085411847	0.0343184167190875	0	0	0	0	0.0779334125571777	0	0	0.0132614515004803	0	0.00355082309741178	0	0.108883160371182	0	0.0299311517564183	0	0.0697612293102485	0.00170199782649185	0	0	0.0292404332394812	0.00883231427167253	0	0	0	0.917835521260317	0.767240105072004
BCRF4_10_15057_691_IBC_Str	0	0.00369273345953676	0.00530810217315325	0.00314147892224434	0	0.0760042914963015	0	0	0.0137280283482297	0	0	0.0275068107527094	0.0268916000180104	0	0.117980609435657	0.0158530636577962	0	0	0	0.00612575887718316	0.0132615569099968	0	0.00329999231789735	0.0558162989171249	0	0	0.0241142537836543	0.241096400333271	0.0188000698298385	0.00507014012366545	0	0.165859280348942	0.0101734788159586	0	0	0.111309755971503	0.0514289102834553	0.00353738522387128	0	0	0.651305590290426	0.87842187198171
BCRF4_10_15059_691_EN_1_Str	0.0126912112019592	3.29199064093286e-05	0.0316124731904997	0.0129259412650727	0.00767132469191521	0.0524232249174148	0	0.00429608734969275	0.0287323703521798	0	0.00178244803440514	0.0382693004742929	0.0519674021110584	0	0.117500577914104	0.00664369520522074	0	0	0	0	0.00727086168750806	0	0	0	0	0	0.00649688193244485	0.189358557687752	0.000157390284800227	0.00609894940058122	0.00346586942375226	0.289059902162929	0.000925937606011758	0	0	0.111367875643588	0.00698103157673501	0.0122677659796726	0	0	0.724099219355337	0.872952305198708
BCRF4_10_15061_691_DCIS_Str	0.0540786186926578	0.0154375708173171	0.00506189758197963	0.0116553246736262	0.0109186508830665	0.0425464334141658	0.000209887711060888	0.0157708210546107	0.0062199408803192	0	0.00664724571753293	0.0350744915972648	0.0271838928390938	0	0.143577905273467	0.00346775363235638	0	0	0	0	0.0127306821777419	0	0	0.000879077136979961	0	0	0	0.163931380938134	0.0236444303571559	0.0187395475435373	0.00615738824649251	0.237957823745782	0.011256329967645	0	0	0.10800697518801	0.0326563072035732	0.0061896227264293	0	0	0.804425486746975	0.838228353589455
BCRF4_10_15065_692_IBC_Str	0	0	0.00752264162224169	0.0268052694910646	0.318806259650474	0.0209511408653059	0.0207118650624055	0	0.0301317230664349	0	0	0.0256979702752899	0.0431032600697915	0	0.0641591847313364	0.0320393401068196	0	0	0	0.0216833163033713	0	0	0	0.0627352990862066	0	0	0.0284882718016581	0.157149592003062	0	0.00316176735640919	0.0016668510166253	0.0591629360700465	0.000519211846076699	0	0	0.0418278546730288	0.0336762449023518	0	0	0	0.973644303207108	0.586997238319105
BCRF4_10_15067_692_DCIS_Str	0	0	0.0104410456675346	0.0622812513358353	0.27264748458385	0.0534268443309274	0.0278424724981644	0	0.0228539340082462	0	0	0.02006371020773	0.0242555210709166	0	0.128109024387089	0.0360725420930713	0	0	0	0.0146501863792878	0.0449202325136241	0	0	0.0485745552226429	0	0	0.00170920024289087	0.114194633968097	0	0	0	0.0586731649777024	0.00289954366803783	0	0	0.0383816463671969	0.0180030064771565	0	0	0	0.973776855041352	0.39739191326715
BCRF4_10_15069_692_NL_Str	0	0	0.00300243996478321	0.0498081731502604	0.11762685791336	0.0584642124799987	0.0152207563888557	0	0.0323180354946223	0	0	0.0338165153546616	0.0350418192940552	0	0.144402350638858	0.0310435384192762	0	0	0	0.0117931258288565	0.0372443807069556	0	0	0.0204052485098857	0	0	0	0.142261797263965	0	0.0186866194741673	0	0.139850993718655	0.00302994574999085	0	0	0.0766314546549423	0.0293517349938512	0	0	0	0.956927900006865	0.473263423816857
BCRF4_10_15586_744_IBC_Str	0	0	0.0151075663707123	0	0.143921790578087	0.0489111569232939	0.00822154484576306	0.0367544495985088	0.0217289144855743	0	0	0.0251787897103994	0.0135174970844993	0	0.0801264878668817	0.0418632042757297	0	0	0	0.0150413937742526	0.0323827679894566	0	0	0.0400531846016326	0	0	0.0126886821495667	0.201738070900149	0.00998912826452822	0.00127023600235666	0	0.137071173925723	0.0051053033694059	0	0	0.0726809496725014	0.0366477076109776	0	0	0	0.976466425399619	0.269731641654105
BCRF4_10_15588_744_inF-NL_Str	0	0	0.00936456269894624	0.0437051939569461	0.0717715532867154	0.0855311930567306	0.00777074264021489	0.0346731416802848	0.013664052165152	0	0	0.0201208166978776	0.0262567450738414	0	0.217406076171022	0.0214684397505005	0	0	0	0	0.0841748481544991	0	0.00140365605087646	0.0028279819159049	0	0	0	0.124364965739939	0	0.0165571539198707	0	0.140128894927976	0.00218443877113023	0	0	0.0594599363650565	0.0171656069765158	0	0	0	0.964502836150403	0.553462978419935
BCRF4_10_15590_744_DCIS_Str	0	0.00591359507052001	0.0109673590127833	0.000982811562343987	0.0760747924045217	0.063166311772788	0.00206547825412173	0.0338443609242994	0.0179309161752591	0	0	0.0254778665879119	0.0365196378089962	0	0.139960422736729	0.0116146507667804	0	0	0	0	0.0417236683389968	0	0	0.00465946279845839	0	0	0	0.17923267582035	0	0.00695376945994931	0	0.172954513866496	0.0106551135795118	0	0	0.115868102183657	0.0359575843883467	0.00747690648718005	0	0	0.952907491573644	0.548492196240496
BCRF4_10_15592_745_CCC_Str	0	0.00700556393665611	0.00548106848169718	0	0.00860598589616112	0.0730692249353098	0	0.0194737231340136	0.00319420374172884	0	0	0.0466473951791333	0.0436312614869373	0	0.105773937670056	0.0315019271447099	0	5.91126431762508e-06	0	0	0.0257140804173371	0	0.00428579702918536	0.0173404852125055	0	0.0100384206593973	0	0.140268345162702	0.000959041674472776	0.0112610261282229	0	0.322234352182692	0.00331093020929401	0	0	0.0970432428612407	0.0228182586029975	0.000335816989231546	0	0	0.804701241324247	0.837118306161801
BCRF4_10_15594_745_BBD_Str	0.00285252608851912	0.00325966144841287	0.00354908223700439	0.00448826500555253	0.00292557977443298	0.0653486028871327	0	0.0327637741279467	0.017774479616149	0	0.0118534968049191	0.0374255133268961	0.015959160557739	0	0.0756133518285035	0.0191492771108368	0	0.00159662959415477	0	0	0.00622736204384216	0	0	0	0	0	0.0183354112577007	0.149320529654971	0.0114652139632679	0.00468772163680844	0.00352515630836189	0.339774757481272	0.00385052638970863	0	0	0.13663559292846	0.027478313907955	0.0041400140194526	0	0	0.791390169920947	0.827915400541084
BCRF4_10_15596_745_IP_Str	0.00213741629660549	0.00677719327178623	0.0073376580298755	0.0356352778264866	0.0353646766350529	0.132612967051265	0.00609415359274407	0.00626796073554243	0.00812202679885111	0	0	0.0408133971669173	0.0265537462882933	0	0.158082130954452	0.0170974292592925	0	0.0157234807520184	0	0	0.0480003189326081	0	0.0057121955874052	0	0	0	0	0.163263907311272	0.00132463998811659	0.0222500675971064	0	0.197943366655529	0.00772624922664759	0	0	0.0384983248847017	0.0166614151574303	0	0	0	0.893454040534302	0.781549006882982
BCRF4_10_15599_746_DCIS_Str	0	0	0.00610195387990727	0.0420503055243045	0.091182023665693	0.0561690918404868	0.0288586884768765	0.00356720324806177	0.023915261229412	0	0	0.0240366530404273	0.0327635932885819	0	0.160604678995589	0.0553135997375611	0.0129683768555582	0	0	0	0.0650331690042836	0.00981596471340201	0.00616456470468871	0.0507203071796607	0	0	0	0.144819158781696	0	0.0543068800777424	0	0.0579224992910656	0.00183673023436086	0.000678453591602937	0	0.0468971276414173	0.0242737149976208	0	0	0	0.959906547093574	0.555064198590609
BCRF4_10_15601_746_NL_Str	0	0	0.00056603872746219	0.0399286137309599	0.126600070481999	0.0693755667035666	0.00176720370799402	0.0185631193198776	0.00989509979134892	0	0.0133284193501719	0.0319445161344521	0.0121774715786632	0	0.137778491511461	0.0298308472311792	0	0	0	0	0.0457907967320185	0.000753849913814769	0.00955351705675745	0.0278415030679131	0	0	0	0.14147460346943	0.000261612487187538	0.0388391226714238	0.000441788908544077	0.132675353385215	0.0011580021539486	0	0	0.0793077353850313	0.0301466564995803	0	0	0	0.970819405053317	0.37603085962025
BCRF4_10_15603_747_IBC_Str	0.0885869076907988	0	0.0401675405788695	0	0	0.09770453706525	0	0	0.009977177675414	0	0	0.0404638732245851	0.0367395842429129	0	0.0945089364124022	0.0104679212359235	0	0	0	0	0.00914826739994843	0.000822149815306512	0	0.0517419143623657	0	0	0	0.232028829826879	0	0.00163972671695124	0.00282003965851977	0.205594022344695	0.0209023682789665	0	0	0.0461091739830059	0.0105770294872061	0	0	0	0.648981464031759	0.886275204185794
BCRF4_10_15605_747_NL_Str	0	0.00134000098386359	0.00211673859876108	0.00737585237707818	0.0133924278504791	0.036122007372948	0	0.0120580781106286	0.022015868146999	0	0.000409060789067352	0.0242056692563124	0.0381312968963938	0	0.103288645665882	0.0147455059424387	0	0.0215979170388997	0	0	0.0387696233623824	0	0.00339501842191813	0.0119420635706353	0	0	0	0.191385597149284	0.00570786958298211	0.0163809927927505	0	0.295186656582307	0.00902234092678258	0	0	0.116629277572413	0.0147814910087942	0	0	0	0.783214679873794	0.842661228531158
BCRF4_10_15607_747_ADH_Str	0	0	0.00743992855070906	0	0	0.0889354674379319	0	0.00129941809334479	0.000452180474217113	0	0.00452080632373049	0.0457067744579484	0.0193031001052215	0	0.159659627942809	0.0311047273581571	0	0.000544422855206315	0	0.000819125764360542	0.043186919809528	0.00040897982938479	0	0.0129164611618877	0	0	0	0.131960566439261	0.000316635474588714	0.01703687653411	0.00181891074665927	0.235462456637311	0.026494753774337	0	0	0.143682050676105	0.026929809553191	0	0	0	0.669836591449823	0.895788646634477
BCRF4_10_15609_747_AM_Str	0.00882969756867064	0.000136774537291829	0.00171724921812093	0	0.0259802511929996	0.0615263805375092	0	0.0130736074636202	0.0319912533003815	0	0.000424828952205182	0.0334237998772215	0.0346477593833055	0	0.107651657515013	0.0416471180628416	0	0	0	0	0.00522185623780917	0	0	0	0	0	0	0.124759860339046	0	0.00700847834732308	0.0048435409181099	0.344952505715566	0.0139469234291531	0	0	0.135307145171173	0	0.00290931223264032	0	0	0.839697285238945	0.8051649220249
BCRF4_10_15611_748_AM_Str	0	0	0	0	0.017711681001215	0.0402478651739047	0	0.00590766180956955	0.0151665332721947	0	0	0.0477314847841769	0.0599995676956932	0	0.063203149134134	0.000916125616372257	0	0.0163876202187029	0	0	0.0123014393289177	0	0	0.00131492678388582	0	0	0	0.158625030206257	0.00825622401030112	0.0162678022983438	0	0.408130427458277	0.0187164079848775	0	0.0131689976053856	0.081803120721851	0	0.0137350784083464	0.000408856487593757	0	0.732606785839753	0.849870291147062
BCRF4_10_15613_748_DCIS_Str	0.00513956164662426	0	0.00328918581964757	0.0243643827605435	0.00418293939919468	0.0694121558335413	0.00690674659126095	0.00163299457044364	0.0163695075414803	0	0	0.0298626768987011	0.0515729434229547	0	0.20163347993245	0.03377329102009	0	0	0	0	0.0598036403380985	0.0069764962596881	0.00566843257645778	0.0238151365921068	0	0	0	0.16153639982966	0.00192430074220123	0.0258690259607957	0.000935894737295924	0.153423279671326	0.00406659229498653	0	0	0.0860402170954865	0.0218007184649659	0	0	0	0.724508292983246	0.885405504547258
BCRF4_10_15615_748_IBC_Str	0.0356087394950589	0	0.015484064172251	0.011071878121481	0	0.0566927658087457	0	0	0.00514073031507176	0	0	0.0266021051978118	0.0386635006797316	0	0.10206905178079	0.0213204460216924	0	0	0	0	0.0145937912405057	0.0019601304380067	0	0.0907089719590714	0	0	0	0.206863658140312	0	0.0139245694310644	0	0.238654950292631	0.0156643529617837	0	0	0.0863588553881664	0.0169140489862627	0.00170338956956294	0	0	0.547224812316182	0.903456174632412
BCRF4_10_15619_749_IBC_Str	0	0	0.0134643778488259	0.0183607182052693	0.0414217640839564	0.0600648095049037	0.00114781612969531	0.0042354563230401	0.0186680585960465	0	0	0.0168900319546882	0.0373555264802015	0	0.116496565331163	0.0277176870261647	0	0	0	0.00392462332358326	0.0550127168544284	0	0.00205257310984276	0.081867364726201	0	0.0122764195212258	0.0277991866950932	0.195836358099815	0	0.0162036018945779	0	0.13991752835845	0.00275541439730016	0	0	0.0705924213772168	0.035938980158312	0	0	0	0.865227428703397	0.759949973090254
BCRF4_10_15620_749_DCIS_Str	0	0.00626107127229147	0.00441771872121807	0.0216353157571928	0.061254207017258	0.0569861333215962	0.00340033408193307	0.0019733163088448	0.0142153701940026	0	0	0.0272891712658916	0.0473957264551199	0	0.105959178956719	0.0184782723237278	0	0	0	0	0.0445934002321004	0	0.00815573952586518	0.0706850655530466	0	0	0	0.210038726775981	0.00636956843566811	0.00979627871435246	0	0.185220694521789	0.000653647397759286	0	0	0.0779714867408868	0.0172495764267561	0	0	0	0.902753680700854	0.695266180413292
BCRF4_10_15621_749_LVI_Str	0.0197685066560204	0.0180339633811241	0.0257547518284192	0	0.0273412510115839	0.0933123380587906	0.0108894925570805	0.0042437879670966	0.0116317636801602	0	0	0.0334406516154428	0.0410760452396595	0	0.108638296928586	0.0076897400669591	0	0	0	0	0.0102351133800258	0	0	0	0	0	0	0.25122795093315	0	0	0.00270715679658678	0.131665054157965	0.0193636639623367	0	0	0.0822382916519804	0.00981384677841851	0.090928333348615	0	0	0.833701382635619	0.821026391613184
BCRF4_10_15623_750_NL_Str	0	0.000684017759022651	0	0.00335500702764875	0.0492448137205203	0.060127246773293	0	0.0265335648533701	0.0106635626965448	0	0	0.0527920351890148	0.0240866898319574	0	0.119392036595596	0.0227843689349717	0	0.0271793435440909	0	0	0.033686089677235	0	0	0.00351635491632524	0	0	0	0.134900763138861	0	0.034401316659528	0.000959785282864669	0.291391629893162	0.0055814021862456	0	0	0.0881803485494549	0.00908087215783654	0.00145875061245686	0	0	0.912165587784388	0.683698742449157
BCRF4_10_15625_750_IBC_Str	0	0	0.0144733557541407	0	0.0370215332854857	0.082916413273799	0.010712594512022	0.00982064788734413	0.00932009916993095	0	0	0.0331865533020417	0.0473195980459422	0	0.0851990988147823	0.0394714543600651	0	0	0	0.0194305278534087	0.0189872463845576	0.0159572278465035	0	0.0592006819008286	0	0	0	0.188021978715878	0	0.018040005354985	0.00362343715248856	0.20526496683347	0	0.00167154559581925	0.00268029113248612	0.0527341686569118	0.0449465741671089	0	0	0	0.872238134140967	0.763422498816649
BCRF4_10_15627_750_DCIS_Str	0	0	0.0228673815134744	0.0047744269782669	0.0418267733546451	0.0526837419043289	0	9.76106711471182e-05	0.0277177713863924	0	0	0.0398096940903961	0.0247295380084811	0	0.0878130731185146	0.0230572119907382	0	0	0	0	0.015033343527959	0.00581459669354627	0	0.00805556572481653	0	0	0	0.21135839630778	0	0.0235621511722123	0.0026091706622506	0.243311974650935	0.0157977774970886	0	0	0.1004619324285	0.0486178683185265	0	0	0	0.799500887750487	0.798096104028097
BCRF4_10_15629_751_NL_Str	0	0	0.00618623464781207	0.0378787949666874	0.0289458584172023	0.0283039549374944	0	0.0173451433055969	0.0217312311521955	0	0.000825049301710779	0.0443528177995584	0.0324677847429124	0	0.0921015702928316	0.0167572582520609	0	0.0269636347334052	0	0	0.0195880415722342	0	0	0.00138043235229477	0	0	0	0.17823862929896	2.94031918866947e-05	0.00761805071358427	0.00451219451683037	0.253873715861817	0.00141779321238914	0	0	0.140134984528245	0.0393474222022913	0	0	0	0.85226104254575	0.787182737573401
BCRF4_10_15631_751_IBC_Str	0	0	0.00605931092729484	0.000717008836469333	0.014503125041136	0.0904248967016249	0	0	0.027396449209881	0	0	0.0362262195816895	0.027360486153859	0	0.0642485102581149	0.0234501999505127	0	0	0.0121141150972658	0	0.0104883389218214	0	0	0.0121368118913069	0	0	0.0601408068771529	0.226485541816903	0.0010750216716611	0.0116969371457154	0.00370474234240461	0.153453920600921	0.0101616890498501	0	0	0.12324053553746	0.084915332386955	0	0	0	0.69713535897893	0.863837711172852
BCRF4_10_15633_751_ADH_Str	0.0112998816629899	0	0.0149049849246259	0	0.0094502226879323	0.0843900467494392	0	0.00235447433536849	0.0091494368165168	0	0	0.0470456744950096	0.0171194177125013	0	0.124980905729944	0.00122946558722201	0	0.0194208815395463	0	0.00709489237907531	0.0218883952168991	0	0	0.0111489788785247	0	0	0	0.147276639165101	0.00126886150259682	0.00580073795059639	0	0.327301976588816	0.0109946567894627	0	0.0024473694449933	0.123432099842839	0	0	0	0	0.663731958008679	0.885040482449057
BCRF4_10_15635_751_CCC_Str	0	0	0.0146487040177796	0.0124521842597303	0.0680127499720837	0.0423352620379479	0	0.0417683870321864	0.0234696119102726	0	0	0.055265224323683	0.0330300656538229	0	0.101818092774733	0.00531887870672056	0	0.0169348508265737	0	0	0.0198262876551725	0	0	0.000626335692050748	0	0	0	0.146829540572406	0	0	0.00403255194168168	0.279444077594368	0.0153620787984844	0	0.0126360870189743	0.09542583560786	0.0068246073637994	0.00393858623966938	0	0	0.935639429331333	0.570725495680249
BCRF4_10_15637_752_IBC_Str	0	0	0.00759145966629904	0.0458264154647466	0.197296554087117	0.0203484934773213	0.00044808629705116	0.0016788190102198	0.0226797847165345	0	0.00799993136912494	0.0180755643857888	0.0315919549687807	0	0.095538678892185	0.068538725597644	0	0	0.000755362211269948	0.0205573189474476	0.0271947524082353	0	0	0.0698749462705899	0	0	0.0121400053447124	0.186766319225895	0	0.0187987449446674	0.00177376844604411	0.074956574036815	0	0	0	0.0310867520523491	0.0384809881791611	0	0	0	0.96503064569682	0.262422376160422
BCRF4_10_15641_752_DCIS_Str	0	0.00619009425929049	0.00155079954968965	0.0229023831466335	0.0428286954972438	0.0573214460325127	0	0.0108650306856428	0.0153326853440822	0	0	0.0453523266584338	0.0372329437102017	0	0.0951693075168612	0.0343488740475948	0	0	0	0.000440545581385639	0.0240728443685385	0	0.00492128075250521	0.00165146936757447	0	0	0	0.149059338458367	0.0111635153345896	0.0160811308833716	0	0.292505146829151	0.0241711054909816	0	0.0141143887654126	0.0646910687838854	0.0104735099325342	0.0175600690035169	0	0	0.877156824062533	0.750868451159538
BCRF4_10_15642_752_NL_Str	0.0386432953593297	0.0178220344359765	0.027616892698257	0.00493670917109014	0.0994234801961737	0.0862108549493127	0	0.0314010465408121	0.00386330406393142	0	0	0.02181323631197	0.0436082307616877	0	0.0990063233767018	0.017960201135428	0	0	0.00498206725182534	0	0.0147149117842168	0	0	0	0	0	0	0.120324211389921	0.0152554117593229	0	0	0.238314744652478	0.00210087393067848	0	0	0.0840114104464354	0	0.0279907597844515	0	0	0.950875652088203	0.473226210622286
BCRF4_10_15643_752_BBD_Str	0.00769384836014819	0.0415009122983649	0.029910409696853	0.00866769522318726	0.0212261036074307	0.0691754232635144	0	0.0222126371557391	0.00404378081046527	0	0	0.0259256104598775	0.0395081408747131	0	0.112263103932884	0.00856569467484056	0	0	0	0.0043264828574238	0.0282151552606036	0	0.00352425456975028	0	0	0	0	0.144619128760741	0.0054996519827466	0	0	0.271348819678947	0.028012682376254	0	0.0162508757209758	0.0624817511985631	0	0.045027837235977	0	0	0.889411805737583	0.78681937425554
BCRF4_10_15645_753_DCIS_Str	0	0.0156050750342241	0.0155716896854224	0.00212001969043815	0.00135474578212877	0.0773322399566385	0.00800388339997053	0.00744846505263659	0.0197563896336885	0	0	0.0307461459821742	0.0246893478570666	0	0.119233546292183	0.00489498570905994	0	0	0	0.0063572572711491	0.0117305536095546	0	0.000532650893583656	0.0248905599678728	0	0	0	0.24578226151713	0	0.00667474040798536	0	0.232116279969389	0.00479559194377601	0	0	0.11148155458803	0.0288820157558973	0	0	0	0.691225739423081	0.877680859003162
BCRF4_10_15648_753_NL_Str	0	0	0.00420086579481555	0.0487196486071122	0.0686565579852806	0.0279226828462482	0	0.0257698285145086	0.0380020344069871	0	0.00244165823874329	0.0535141372574459	0.0339553964635907	0	0.088177610358592	0.0102534660222085	0	0	0	0	0.025606431526979	0	0	0	0	0	0	0.172965462273944	0	0.0145276285669464	0.00304964211772238	0.285229664358164	0	0	0	0.0970072846607118	0	0	0	0	0.927514608130631	0.610561220349505
BCRF4_10_15650_754_IBC_Str	0	0.0500895576061682	0.00887722487910098	0	0.0121754937900211	0.0856764177716335	0	0.00215127534838413	0.0135555880927762	0	0.00863492018250829	0.019890763299069	0.00813215526650894	0	0.101205567497047	0.0180927117377358	0	0	0.00190810770066907	0.0108405075826008	0.0197355301013852	0	0.000203050410278453	0.0186503038117857	0	0	0.0107939865752164	0.203142666334189	0	0.0239622936222942	0	0.246334409815585	0.00296445755474366	0	0	0.102806742039858	0.0301762689804409	0	0	0	0.64896628602213	0.880999873563905
BCRF4_10_15652_754_ADH_Str	0	0.00659284380243432	0.0161118229881672	0.0236585725371943	0.0114833715600925	0.0491565660781275	0	0.00928638652428293	0.00747126225511437	0	0.00750586037958576	0.0416567474167384	0.0357564006700265	0	0.107704325292888	0.0287258995299403	0	0.00741828648787148	0	0	0.0219116230760233	0	0	0.0121150770107187	0	0	0	0.188641625201861	0.00130082093614298	0.014296313883447	0	0.2219036047605	0.000232049016623368	0	0	0.143880653561058	0.0367798557168841	0.00641003131427764	0	0	0.760762614394684	0.859780324868418
BCRF4_10_15654_754_EN_1_Str	0	0.0143696417155389	0.00900208303212086	0.0326863501996399	0.0198230292534365	0.0394537205781293	0	0.0164125536558671	0.0149162959464109	0	0	0.0427212815459571	0.0363697637641073	0	0.111945622133718	0.0208161984350802	0	0.00969186372622291	0	0.00246279429740759	0.0171047305550917	0	0.00335425466819055	0.0165586807031564	0	0	0	0.170490407710796	0.013307489840818	0.0239917295615924	0	0.233571607753389	0.0116983092024193	0	0	0.115545049039034	0.0183396179383765	0.00536692474349917	0	0	0.840295844569732	0.811607108743802
BCRF4_10_15656_754_DCIS_Str	0.0123184185351076	0.0323647605487068	0.0427560441241063	0	0.0126699264203494	0.0749699120309303	0	0.00452008983742441	0.0171928618979654	0	0	0.0346942908638108	0.026177183029949	0	0.118438238843056	0	0	0	0.0194573719533284	0	0.00993012732267701	0.000281415697250109	0	0	0	0	0	0.150650918250673	0	0.000672382911134426	0	0.223733937909989	0.0182346779644172	0	0.0148039095344943	0.15013191060556	0.0243320054177664	0.011669616301305	0	0	0.616396606593343	0.896082527957666
BCRF4_10_15658_754_EN_2_Str	0	0.00775211370277898	0.00860816331296567	0.0485050511430556	0.04098053792467	0.0223554241644557	0.00158944955601342	0.0374075124437119	0.0139431561191661	0	0.00398690303235997	0.0343317061563964	0.0473400788854262	0	0.0708154729684195	0.0179658387124331	0	0.00278588290490194	0	0.0091911901246251	0.0108915529348327	0	0	0	0	0	0.0026414393918135	0.187266623716972	0.000797048970745322	0.0174128865192463	0.00218016983129266	0.263887844260576	0.00283288145623701	0	0	0.118241672890399	0.0253182965339291	0.000971102342577255	0	0	0.914622308111268	0.682373540524362
BCRF4_10_15660_755_EN_Str	0.0436929014249395	0	0.0348887951940849	0.0135374447847826	0.0639256866660608	0.0666436603958906	0	0.00128694841556135	0.0129003339387652	0	0.0103782535917169	0.0335929526999787	0.00951836971468795	0	0.126561878245865	0.0226730113632105	0	0	0.00124442039492022	0	0.0232798550270897	0	0	0	0	0	0	0.159902520115925	0.00173496811905619	0.0198199252836285	0.00186450706478666	0.240711330871376	0.00186426893983177	0	0	0.09691616329309	0	0.0130618044547511	0	0	0.898307250424752	0.700154378041949
BCRF4_10_15662_755_DCIS_inf_1_Str	0	0.000146440653181142	0.0141307968153262	0.0365828631762959	0.106385899009469	0.0633146907866476	0.0349668745225569	0	0.0169236265981504	0	0	0.0360827444081182	0.0478985232986828	0	0.189806493619119	0.0449701130117164	0.0089521272007128	0	0	0	0.0501278570536153	0.00907837177126603	0	0.0876688118908509	0	0	0	0.130666568099913	0	0.0189970525717571	0.00105952085096181	0.0524716220589177	0.00163154231786568	0.000641467815659017	0	0.0291403016866129	0.0183556907826036	0	0	0	0.946548362581098	0.521350885584966
BCRF4_10_15664_755_IBC_Str	0	0.00103583497878532	0.00761998559306575	0.0250243280096635	0.171359508130046	0.0759099686083875	0.0339637028979625	0	0.021951270549905	0	0	0.026373868927094	0.029772313430726	0	0.14110526744017	0.0532434123030945	0.0151199742328219	0	0	0	0.0463467849220193	0.00138049899249791	0	0.0969071375733764	0	0	0.00307718785505804	0.131377174210157	0	0.0336379101250901	0	0.0372586159449694	0	0	0	0.0234334944082847	0.024101760866826	0	0	0	0.971149922413256	0.275132474891952
BCRF4_10_15666_755_DCIS_inf_2_Str	0	0.00455845483040816	0.0120895619834252	0.00789668647904423	0.0681981756303299	0.080575927622803	0.0158292495036269	0.00327788814418034	0.004070869596305	0	0	0.045245577578398	0.0480813404239288	0	0.255889487713818	0.0425505380061133	0	0	0	0	0.0673779966285137	0.00283441690394786	0	0.0217684426150881	0	0	0	0.123816968197152	0	0.0399087420540955	0.000412945953916133	0.0766107968212044	0.00252612752244337	0	0	0.0525831970293739	0.0238966087618847	0	0	0	0.934722723563954	0.666719679879231
BCRF4_10_15668_755_NL_Str	0	0.0114956193980204	0.00807589364879086	0.0174967996689327	0.147525981227578	0.0512049710577795	0	0.0254197650459463	0.0268006751105364	0	0.000892263589919445	0.0406899184599243	0.0178673021657603	0	0.123546202080556	0	0	0	0	0	0.0212800773897961	0	0	0	0	0	0	0.145036623070785	0.00426544784150081	0.00943199190960842	0.00334471397242785	0.239239264148181	0.0055534649800223	0	0	0.0830376764377613	0.00133661345124246	0.0164587353449306	0	0	0.955124932203448	0.337178419062105
BCRF4_10_15670_756_NL_Str	0	0.00145791373325992	0.0102158253950836	0.0320668372169571	0.187156093491193	0.0473082946556813	0.00324479574119181	0.0142094726656508	0.0167909313677659	0	0.00881625261220037	0.0333093414415394	0.0230585725590027	0	0.0916596326187953	0.0280680774703358	0	0	0	0.00161711078838947	0.0481937388003713	0	0	0.0306766576957332	0	0	0	0.163819834695058	0.00171434784297255	0.0136291823297175	0	0.161020310363478	0.00197585520560979	0	0	0.0618744220646665	0.0181164992453472	0	0	0	0.955440106452598	0.295527406050709
BCRF4_10_15672_756_EN_1_Str	0	0	0.0135732471857762	0.0473438875358756	0.0411384499467318	0.0696256953003509	0	0.00357661188508361	0.0272024746940833	0	0.00393680261037758	0.0466803963184104	0.0254349174202575	0	0.096154158379778	0.032697249104127	0	0	0	0.00891323449127593	0.0257645506009437	0	0	0.0176652244890427	0	0	0	0.175188974568392	0	0.00135931332298048	0.000247856500410111	0.231550770370242	0.00667176970081628	0	0.0038243654907386	0.112788687586287	0.000868694799455438	0.00779266769856425	0	0	0.864852409421944	0.777030576539056
BCRF4_10_15674_756_IBC_Str	0	0	0.0101815176654547	0.0278939434532491	0.357658640228037	0.0571861643754922	0.0149411198823769	0	0.000439567759677212	0	0.00862544724008136	0.0264970806943903	0.0208868356210352	0	0.0965926041495898	0.043247022312481	0.000790737908495088	0	0	0.0217923149397713	0.036524437352774	0	0	0.067706286405457	0	0	0.00207701705736277	0.109606809270501	0	0.00114533169449293	0	0.0558133492751782	0.00123967566727893	0.000394553998925555	0	0.022882897899144	0.0158766451487553	0	0	0	0.965121396625431	0.775767655514829
BCRF4_10_15676_756_UDH_1_Str	0	0.0145092994201784	0.0134713517870742	0.00760415569067702	0.0661819883604565	0.0872818032374114	0.00777531245957352	0.0165429976781184	0.0115746577996282	0	0	0.0394517935013933	0.0386901952143929	0	0.129310094550981	0.00727598955280803	0	0	0	0.00516047709252009	0.036356221608096	0	0	0	0	0	0.00265495184221686	0.160824123859424	0	0.0122749503159348	0	0.247436678222028	0.0132643476357422	0	0	0.0630912525123684	0.0192512842640912	1.60733948857902e-05	0	0	0.932017683478332	0.639507766445246
BCRF4_10_15678_756_EN_2_Str	0	0.0216918722686579	0.0232410584867196	0.0600566352828485	0.00866290601269674	0.126871846859082	0	0.00783374200666311	0.0495383537170671	0	0	0.0560282253327127	0.0296490367341715	0	0.114056331525331	0.00445247802657677	0	0.0169928217711454	0	0	0.0240331443747702	0	0	0.00152877424737483	0	0	0.0032341324030663	0.142765271510335	0	0.0230292154204973	0	0.212889150777887	0.00172115322903829	0	0.0363467482649743	0.0225157072463725	0.0128613945020119	0	0	0	0.76658828932534	0.867847373777328
BCRF4_10_15680_756_UDH_2_Str	0.0378615276827102	0.0505005751942982	0.048795769295559	0.0146762000306468	0.0598875360584283	0.0635501508482769	0.00715992412818589	0.0137866066019389	0.0399510358344825	0	0.0045338422327702	0.0504656408889283	0.0163408107656412	0	0.111498980620882	0.011102983626214	0	0	0	0.00928967278429798	0.020006947702219	0	0	0	0	0	0	0.159574977883895	0	0.00612109570230649	0.00532690346271741	0.204556819663207	0.00652955288206729	0	0	0.048587362650311	0	0.0098950834600157	0	0	0.933949510166587	0.667162585072159
BCRF4_10_15682_757_DCIS_Str	0.00468159813496498	0.00466075843696405	0.019953298877353	0.0210564993142296	0.246002610225454	0.0538068395921963	0	0	0.00960553937993057	0	0.00551485024083889	0.0305396264813464	0.0240118086051635	0	0.115070643864449	0.0331180704536612	0	0	0	0.0084422661368101	0.0173358663287793	0.00343578104001217	0.000996287578939199	0	0	0	0	0.158848078981194	0	0.0139518950594239	0.000433397559719874	0.106015254087298	0.00122186490473181	0	0	0.0764129790764742	0.0448841856400659	0	0	0	0.966441722825578	0.329425508456462
BCRF4_10_15684_757_IBC_Str	0	0.0171810660534131	0.0204864718419893	0.00751398375765925	0.286270977695682	0.0545823915674845	0	0.00451154165450478	0.00171380138546515	0	0	0.023808670477223	0.0380701527856075	0	0.0974865053210398	0.038776247390752	0	0	0.00984877971273406	0.0119485328459653	0.00527654794274359	0	0	0.0417439278575202	0	0	0.00371053160924803	0.156992394277422	0	0.0127117587764243	0.00144990603236651	0.0737977812964469	0	0	0	0.0509604980453144	0.0411575316729949	0	0	0	0.967064490205474	0.480381497699662
BCRF4_10_15686_757_NL_Str	0.00265533526872905	0	0.0220788198797793	0.0117289119258004	0.0918412895182493	0.0468495771143976	0	0.0163878944600012	0.0161081263853341	0	0	0.0482703395220791	0.0380993890486981	0	0.0884071294236129	0.0220545185623687	0	0	0.0217135355274223	0	0.00265382935190836	0	0	0	0	0	0.000865743349037822	0.153354249507408	0	0.00890505686310961	0.00423795110762441	0.233859801660052	0.00174155042978525	0	0	0.116116053736957	0.0520708973576458	0	0	0	0.957457124176058	0.527996938731796
BCRF4_10_15688_757_UDH_Str	0.0142647620263355	0.015393741002828	0.0154008611179882	0.0243114626324479	0.012748282257826	0.0368739297414208	0	0.0115033725126481	0.0163798335807584	0	0	0.0469924700401295	0.0237567710121002	0	0.105190288197847	0.0112626690713137	0	0	0	0	0.0192320118825203	0	0	0	0	0	0	0.149041817052523	0	0.00758894632473784	0.00399462818259229	0.326886934486171	0.000654946550269055	0	0	0.138424842250552	0.0200974300769914	0	0	0	0.768418052592057	0.849896884037039
BCRF4_10_15690_757_CCC_Str	0.0256620803053801	0.0125233732399869	0.0259272068793256	0.00802708605132186	0.00921523574275039	0.0672047078409657	0	0.0068816629628097	0.0109090821702431	0	0	0.0461174115311196	0.0322219299498906	0	0.099894393205375	0.0124500700902834	0	0.00120466295589291	0	0	0.0096214955577551	0	0	0	0	0	0	0.14353712396054	0	0.00706568195152329	0.00358401961815273	0.298419360905652	0.0012039514681735	0	0.000162553797443541	0.171947245369698	0	0.00621966444571717	0	0	0.745010922296185	0.867173350577629
BCRF4_10_15692_757_EN_Str	0.0293716439455631	0.0223829864061467	0.058946630764797	0	0.00976832325566368	0.0847015978424634	0	0.00946074591449366	0.0155606170605525	0	0	0.0483994495800524	0.0268355832947006	0	0.0790959172018327	0.0351817631745701	0	0	0.00790765003715556	0	0.0105406723652096	0	0	0	0	0	0	0.164652375801786	0	0.00804604721260636	0.000745888949743902	0.256554880429799	0.00577463730510254	0	0	0.0971581326005591	0.0289144568572025	0	0	0	0.769846302070604	0.860682804755505
BCRF4_10_15694_758_DCIS_1_Str	0	0.00866122714162972	0.0118351065653767	0.0297232676049965	0.0602937106947675	0.0567061000080594	0.00037841266889776	0.00604695213982025	0.0112367058052607	0	0	0.0360517097088206	0.0332707129344294	0	0.164182808984513	0.0276753202301217	0	0	0	0	0.0528508528232374	0.00368636320684084	0	0.0327962131337785	0	0	0	0.197277713862153	0	0.0179134520006346	0	0.132423451247618	0	0	0	0.0776976426713009	0.0392922765677441	0	0	0	0.912210839971149	0.693469501480439
BCRF4_10_15696_758_IBC_1_Str	0	0.00782536439189567	0.0114658291219167	0.0155387276221802	0.152369944867676	0.0721719094772865	0.0136900922971883	0	0.00644556618006151	0	0	0.0375593493674925	0.0440048576870439	0	0.133084221930229	0.0526820493178463	0.00443497266667428	0	0	0.00974959788340054	0.0351806074230987	0.0122178844642049	0	0.0605478747894202	0	0	0	0.173947409856986	0	0.0355096035527348	0.00135302375751051	0.063283158272767	0.000537272489612232	0.00422981406702636	0	0.0285733717763012	0.0235974967394467	0	0	0	0.95792289530488	0.357143526516825
BCRF4_10_15698_758_NL_Str	0	0	0.0112346621621789	0.0187664855504026	0.0876020874687	0.0483947344135178	0	0.0195572096697766	0.0270602198878772	0	0	0.0511170984976477	0.0322203960033025	0	0.12018666637609	0.0247346583887322	0	0.00317175836790476	0	0	0.0516505130132887	0	0.00144867006358437	0.0138258725651187	0	0	0	0.170444268790663	0.00718504359512677	0.0302561553334491	0	0.191165172322344	0	0	0	0.0692176933239912	0.0207606342063037	0	0	0	0.939280800175718	0.55148944075677
BCRF4_10_15704_758_EN_Str	0	0	0.0126614603960107	0.0233837930294287	0.0459738850102486	0.0604492176928974	0	0.00883355396401702	0.0202970434547772	0	0	0.0472817790902616	0.0388363315906652	0	0.0936284962841973	0.0227359131653206	0	5.97848172189764e-05	0	0	0.0300291213457552	0	0.00665542106995224	0.00156884975141329	0	0	0	0.178337834183732	0.00585957771371982	0.0287641926007509	0	0.273984596452154	0.00118911103766027	0	0	0.0884068471843484	0.0110631901654704	0	0	0	0.8862762389393	0.74188120763217
BCRF4_10_15710_760_UDH_Str	0.0118553268263288	0.0306103884894643	0.0322304297559481	0	0.0200941817156939	0.0710446392440316	0	0.00770598578308329	0.00789034806325068	0	0.00303274732384754	0.0491315500542534	0.0209946118948039	0	0.164755963502978	0	0	0.0299616265861747	0	0	0.0280663646243719	0	0	0	0	0	0.00508859167480892	0.179804263055143	0.00412626768536744	0.0112813776003576	0.000436526113703055	0.223211222566412	0.00928398899235792	0	0.00397662432553989	0.057727070163994	0.0276899039580861	0	0	0	0.850482054989268	0.825529235146463
BCRF4_10_15714_760_IBC_Str	0.000930395681825002	0	0.00649896483319415	0.0350569124904693	0.20776989681563	0.0331896517760112	0.0151258306130021	0.0183180975287322	0.0179413186261224	0	0.000631916599986032	0.0389711933898594	0.0349359100222558	0	0.122544001110179	0.0368335881749297	0	0	0	0.0044546900073983	0.0491309286301432	0	0	0.0999868650962625	0	0	0	0.114422393042669	0	0.0201173205681863	0	0.0895824043768928	0	0	0	0.0410225769669301	0.012535143649321	0	0	0	0.974673632041274	0.237404735317431
BCRF4_10_15716_760_EN_1_Str	0.00657854555657201	0.0237509679700687	0.0140250444349171	0.0152112425147324	0.0346208043305016	0.0527072102232974	0.00145468448843846	0.00645187792870305	0.0230506174083914	0	0	0.0491982810087875	0.0468748190294895	0	0.106712508242667	0.0257999748818223	0	0	0	0	0.0349813293884968	0	0	0.00959869992473832	0	0	0	0.213868041589494	0	0.0417196876493985	0.00265275140797542	0.204806948526541	0.00787802126528759	0	0	0.0623991518091198	0	0.01565879042056	0	0	0.859183364066904	0.787859808784952
BCRF4_10_15718_760_NL_Str	0.0300705510546203	0.0287166941633069	0.0410349055938629	0	0.0170774949586559	0.0973233422248229	0	0.00582590979360864	0.0312435314677837	0	0	0.0460448875072062	0.0399623585329326	0	0.0975323051607754	0.016132862683227	0	0	0	0	0.0171618406445329	0	0	0	0	0	0	0.196216240278135	0	0.0234300501110768	0.00320490958940055	0.228697248257584	0.00558847034456862	0	0.0139166121136548	0.0427894685840219	0	0.0180303169362227	0	0	0.786886085829635	0.84800580505069
BCRF4_10_15734_762_DCIS_2_Str	0	0.0141355345664167	0.0112699798076834	0.0639311054941431	0.0145141531083995	0.0465469421180964	0.0175633997711861	0.00124118290175656	0.00494962526773702	0	0.00072067755991919	0.041967682991462	0.0481415619306819	0	0.212348905623352	0.0487390487118194	0	0	0	0.00545962071625089	0.0576653319480273	0.0176602702124802	0	0.0410810949688791	0	0	0.00418525711969754	0.133969038515555	0	0.0415193082793175	0	0.0892467920980297	0.00187827591495187	0	0	0.049720476540649	0.0315447338335088	0	0	0	0.744673076944796	0.870736265775937
BCRF4_10_15700_758_DCIS_2_Str	0	0.0116361237681532	0.0104068895129897	0.0212871853655118	0.0366111569312328	0.0935377735440331	0	0.00238780943278464	0.0045416055850991	0	0	0.0353193181289995	0.0421492686699614	0	0.157215143135233	0.0233368454743394	0	0	0	0	0.0529081333969434	0.00266690936534948	0	0.0144451314482149	0	0	0	0.169972538080135	0	0.0272632162400589	0	0.166065702106327	0.0120324164361513	0	0	0.0921957784626502	0.0232612680500782	0.000759786865754231	0	0	0.86623682485116	0.793884834345045
BCRF4_10_15702_758_IBC_2_Str	0	0	0.0234252051028141	4.43652838526251e-05	0.0892572149432951	0.0608953387728811	0	0.00215597333227031	0.0126938153912716	0	0	0.0304660114544934	0.0337264038000601	0	0.103408894317698	0.0288343422938908	0	0	0	0	0.045253240054346	0.00817965010019199	0.00834542829388075	0.0341641094209785	0	0	0	0.19919345763335	0	0.0192051052022197	0	0.238958531923154	5.44113561162399e-05	0	0	0.0538334221650696	0.00790507915816703	0	0	0	0.919041791487362	0.597870930548425
BCRF4_10_15706_759_DCIS_Str	0.00527976475887357	0.0164631317406469	0.0079099891075504	0.0125480892779551	0.0265912649623775	0.0534169868750136	0.0117276189667416	0.00551384348675131	0.0135851383479576	0	0	0.0305759823455733	0.0559674517660549	0	0.137131166432341	0.0311632114258271	0	0	0	0.00593730676773303	0.0543310588773362	0.00749759361844615	0.00058341365521836	0.0268064181453997	0	0.0149681253894601	0.00435582515369304	0.156397283061193	0	0.0151258102890515	0	0.179808930145277	0.00801504007055844	0	0	0.085414256623902	0.0328852987090669	0	0	0	0.826894956931409	0.820559181449105
BCRF4_10_15708_759_IBC_Str	0.0662905182582082	0.00116859473514513	0.0207864273294056	0	0.015554331280848	0.0824884542004297	0.00962974455872925	0.00208083876186473	0.00945454788950727	0	0	0.030533889271725	0.0376380153929585	0	0.0742525442493899	0.0161556212686633	0	0	0.0288685102303569	0	0.0186651544172264	0.00164456371678191	0	0.0402565286407979	0	0	0.00947744215238742	0.224847883750845	0	0.00760129959570226	0.00457372256965655	0.218133663810408	0.0118270404393528	0	0	0.0512318248059445	0.016838838673666	0	0	0	0.66863609027068	0.872175613398096
BCRF4_10_15712_760_EN_2_Str	0.0145827483834094	0.0412889369766187	0.0326443017843566	0	0.0257757035941938	0.055132745494747	0.0073715134781474	0.0101153951567788	0.0118836158368165	0	0	0.0393709299143116	0.0521856990706264	0	0.132011653080422	0.000588039535770451	0	0.0264902392207057	0.028133228158529	0	0.0161733485236088	0	0	0	0	0	0	0.178776163675454	0	0.0182746547355033	0.004753302828443	0.215426846670208	0.00416730336279447	6.05915234932134e-05	0.00286102656671885	0.0427390502167869	0.0176571507854444	0.0215358114261118	0	0	0.869439791336993	0.803774718852911
BCRF4_10_15720_761_IBC_Str	0	0.000470806674776425	0.0142291133162238	0.0283940762249343	0.0569631930013967	0.0344677862711717	0.0298203851751806	0.00281819750355472	0.0127374281355929	0	0	0.0203043507241025	0.0467444756349664	0	0.158680222821021	0.069330717533149	0	0	0	0.00426635897168729	0.0473999020178204	0.0147842028099697	0	0.092018385420164	0	0	0.0136875250368103	0.171227260429235	0	0.0127182876236776	0	0.102099347493884	0	0	0	0.0369575427626027	0.0298804344180786	0	0	0	0.890006937948248	0.713714522900181
BCRF4_10_15722_761_DCIS_Str	0	0.00663261714985451	0.0148867071851767	0.0221563608431516	0.0442484650417114	0.0385595278124257	0.0269780396313267	0.00334744896946535	0.0348370903429051	0	0	0.0473333510406454	0.0301289493377696	0	0.169995258648129	0.0364329213881737	0	0	0	0	0.056582690576215	0.0100324196110369	0	0.0599450056317681	0	0	0.0018191951244966	0.17822719862416	0	0.0155326129764373	0	0.111402757216956	0.000944275969756611	0	0	0.0569113805494282	0.03306572632901	0	0	0	0.869426653258086	0.764622587271949
BCRF4_10_15724_761_EN_1_Str	0.00260295409559413	0.00456453937578378	0.0226862534126064	0.0124569517137884	0.0432111688924257	0.0462594362806914	0.000529508744442228	0.0294554543261601	0.035511916232319	0	0.00880533438946231	0.0451273459886432	0.023696378475586	0.0385280353220655	0.0753266033269318	0.0124795636382691	0	0	0.00207113780400538	0	0	0	0	0	0	0	0	0.153870468980162	0.0130725301385623	0.00779333004042664	0.00126168516587215	0.292363434845142	0.00601184491538546	0	0.00975948095482884	0.0778405593913137	0.0106648871850364	0.0240491963644965	0	0	0.912002274943491	0.695718390365486
BCRF4_10_15726_761_ADH_Str	0.000742958556998988	0.019748837674844	0.0178456099771726	0	0.0107174103727131	0.0600358243773232	0.000587401750722731	0.00338325367244656	0.0268229679482675	0	0.00740436933050593	0.0450697431811264	0.029099553974407	0	0.0867504758429727	0.0196066039576355	0	0.00509176137372885	0	0	0.018970332565983	0	0	0	0	0	0.0152935482446397	0.169658593791975	0	0.00882297047562729	0.0035960095425294	0.350742598988011	0.00687180043517982	0	0	0.0791220890469361	0	0.0140152849182535	0	0	0.709278563313765	0.868022093223622
BCRF4_10_15730_762_IBC_Str	0.000488719636404468	0.0235738703860425	0.0194170068317747	0.0237136685357456	0.0377234619454926	0.0382503485178892	0.00828490827379051	0.00447392837075201	0.0118591278075306	0	0	0.0372004179436868	0.0250369767829968	0	0.137020665913773	0.0190920252096704	0	0	0	0.0175775649474852	0.0282693676625339	0.00160971702191666	0	0.0709091318927816	0	0	0.0342664524912451	0.200869412155092	0	0.0265358672307158	0	0.111427987950906	0	0	0.00715391232827336	0.0645965457426333	0.0506489144208674	0	0	0	0.845921575070383	0.775896844589324
BCRF4_10_15732_762_DCIS_1_Str	0	0.0172669198766494	0.0101613813385949	0.0108716702660122	0.0313218038799457	0.0594223609479704	0.00338084300140341	0.00450613162985993	0.00815557633972004	0	0	0.0478290449302528	0.0494675005186318	0	0.153668247828206	0.0292224322742749	0	0.00142551801129821	0	0	0.0379549304630357	0.00346715635808234	0	0.0382032903276943	0	0	0.0206965582442794	0.181360482719785	0	0.0326874477650457	0	0.126530207923416	0	0	0	0.0875430836914907	0.0448574116643502	0	0	0	0.838626065107645	0.804496393368759
BCRF4_10_15736_763_IBC_Str	0.0122011977619621	0.0559345894344816	0.0231209671301802	0.0240130152155984	0.0976375153001114	0.0342719610077303	0.054939040829504	0.00404822292103924	0.0147009121209939	0	0.0097838524706607	0.0183207386655094	0.0347773569736706	0.00915167422556248	0.107576669650516	0.0487026758485221	0	0	0	0.0313911531485893	0.0215208922248152	0.00437890369863432	0	0.0275059264744829	0	0	0.0333946910577692	0.198322658995504	0	0.0202041890151299	0.00278176278363641	0.0653346077298571	0	0.000673259923222988	0.0073455870001194	0.018728119732019	0.019237858660179	0	0	0	0.945830653755999	0.540411206676285
BCRF4_10_15738_763_ADH_Str	0.0290358194862355	0.0277439083997863	0.0448064333336066	0.00830853339910582	0.0702743063025691	0.0622099586000601	0.0185240966035847	0.00815733372004727	0.0367847339781989	0	0.00479397620793553	0.0313169804222891	0.0245319317838264	0	0.143638218703009	0.0230841858259295	0	0	0	0	0.0358644967199623	0.00545316429509166	0	0.017594624724288	0	0	0	0.187138307342777	0	0.0227286867927145	0.00193077720915481	0.107694328023476	0.00228434690414626	0	0	0.0609869225337685	0.0251139286884378	0	0	0	0.929595685820938	0.646270927793416
BCRF4_10_15740_763_NL_1_Str	0.0172667739177195	0.0867999415337552	0.0629647124827779	0.049316557917989	0.0647457170094587	0.0886725797498923	0	0.022125913892861	0.0176340408201695	0	0	0.048805607340478	0.0222576037742567	0.00379506782088129	0.079661475653386	0.0161809009239958	0	0	0.0385033007095123	0	0	0	0	0.010773948327228	0	0	0	0.124203675775545	0	0.0282271339520881	0	0.149659039480936	0.00174923067780124	0	0.000614545364903102	0.0359828041365814	0	0.0300594287377834	0	0	0.958880802523072	0.612263241551118
BCRF4_10_15742_763_EN_Str	0.00969451469162005	0.0204222621460987	0.023542818834257	0.0543863389801487	0.0827509419565706	0.0255850773988264	0.0193876699066734	0.0157946670502377	0.0520854149983423	0	0	0.0407197237803958	0.0406956812036873	0.000504989260269185	0.113982465736592	0.0219723443723917	0	0	0	0	0.00968631230069045	0	0	0	0	0	0.019990119880679	0.154634358753539	0.0157534177608652	0.0167986120727661	0.00724869857062074	0.195802224239773	0	0	0	0.0349358667487453	0.0236254793562107	0	0	0	0.941911835598641	0.572138445746469
BCRF4_10_15746_764_IBC_Str	0	0.012719427119878	0.0016691186630399	0.0121717778446827	0.088001060323684	0.0489852084788678	0.0270729925137459	0.0204378536812481	0.0132689429622685	0	0.00472781243893295	0.0194331243865336	0.0249904585112607	0	0.140421003960367	0.0557388047098473	0.0048051543919901	0	0	0.0108266803296879	0.0551794463965208	0.00308959669608268	0	0.0586200218411648	0	0	0	0.18417576001402	0	0.01463537062613	0	0.10191780885832	0.00340014378723811	0	0	0.0600398680595601	0.0336725634049292	0	0	0	0.951860593657522	0.534588211564159
BCRF4_10_15748_764_DCIS_1_Str	0	0	0.00669286726315484	0.00604242319388429	0.131092215237307	0.0649376982830225	0.0216379997034656	0.0228397134194344	0.0053693405243341	0	0	0.0255370445219385	0.0416976583660795	0	0.110900049709868	0.0353474072210745	0.0197163813199143	0	0	0.01038069714325	0.0571515202344262	0.00306690732961643	0	0.0510829647111601	0	0	0	0.207040239503501	0	0.00968933199700724	0	0.0704476170837171	0.000351935731242836	0	0	0.0661033431589734	0.0328746443436281	0	0	0	0.96396327997488	0.365195035957028
BCRF4_10_15750_764_LVI_Str	0	0.034038999001454	0.000776458713349426	0.0276155786018556	0.117218144022084	0.0613215649403726	0.0123734623651227	0.00873861088170706	0.00546473017812182	0	0	0.0326822748707325	0.0329131838686647	0	0.117789610499947	0.0333894636414844	0	0	0	0.00580041781512278	0.0317207561699514	0	0	0.020092155772809	0	0	0	0.180533164368054	0	0.0175221773520021	0	0.110176269463065	0.0128107329299161	0	0	0.0852374494743538	0.0517847950698303	0	0	0	0.957824745455203	0.452730312346294
BCRF4_10_15752_764_DCIS_2_Str	0	0	0.00733274977235217	0.0124051635222402	0.0552967735527732	0.0689802879335695	0.0179119099363784	0.00975538009883819	1.46188131619571e-05	0	0	0.0404992255824165	0.0473719723497546	0	0.159926889354851	0.0464001695651446	0.00418685439764959	0	0.00337235107089946	0	0.0581218874680411	0.00722288747946033	0	0.0412296243151256	0	0	0	0.23045465012492	0	0.0112984784040741	0	0.0790400093666684	0.00108550344983968	0	0.00346462043202027	0.0524778899006806	0.0421501031091417	0	0	0	0.920602383256216	0.696769443580954
BCRF4_10_15754_764_EN_Str	0	0.0103145716492772	0.0362831257347387	0.017696997415788	0.0200571106681784	0.0545750461227783	0	0.0232581857857011	0.0291280447374787	0	0	0.0571883615078637	0.0329996378624678	0	0.122440142772317	0.0192275637322271	0	0	0	0	0.0196894554363755	0	0	0	0	0	0.0117258187164344	0.128924943357909	0	0.00780106513590671	0.00271269786079313	0.247889786118599	0.0132906627034614	0	0.0046759375630041	0.109374229020417	0.0125466563310315	0.018199959767252	0	0	0.86878500830817	0.797788043667859
BCRF4_10_15756_764_NL_Str	0	0.0217792333299299	0.0232672631403256	0.0569470995428011	0.048578609891397	0.0837361358579124	0	0.0270922163218027	0.0103450014770749	0	0	0.035432677552781	0.0661950304856345	0	0.0545899329964525	0.00657632207463338	0	0.00166529784763531	0	0	0.0259246653365946	0	0	0	0	0	0	0.134670506330635	2.08851538755151e-05	0.0272428651331689	1.29767809280795e-05	0.213937262522314	0.00203101341957973	0	0.00462723975912905	0.131935544650692	0.0137956544312544	0.00959656596344871	0	0	0.930618377457448	0.676437115948524
BCRF4_10_15758_765_IBC_Str	0.0591714951805522	0	0.0209439469961223	0	0.0504344413566767	0.0743207849958408	0.00891783744580932	0.00916042686785478	0.0111646226535865	0	0	0.0302087314479805	0.0420405890712069	0	0.105135822151586	0.00591510412212165	0	0	0.00333491297064997	0.00105847425879363	0	0	0	0.018333840191833	0	0	0	0.184568448549325	0.000228772551665679	0	0.00733092203918387	0.263320034847166	0.0184790324893872	0	0	0.0717706809717189	0.0141610788409395	0	0	0	0.868228575862327	0.734601888277598
BCRF4_10_15760_765_DCIS_Str	0.0138497097442773	0	0.00547065804657337	0.0538139862068165	0.0540579404600516	0.0726510770678211	0.00441566694112232	0.00862304835290461	0.0285186463737701	0	0	0.0335476457944324	0.0488741336347806	0	0.147734982268413	0.0259331802365696	0	0	0	0	0.0116993384631942	0	0	0.0502471056217754	0	0	0.00946901505657261	0.147177141529022	0	0.0204074670427766	0.00450690433170629	0.154794044668482	0.0006160166380996	0	0	0.0776338980871253	0.025958393433714	0	0	0	0.908055349692441	0.707198145306208
BCRF4_10_15762_765_EN_1_Str	0.019498793090519	0	0.0130590107211897	0	0.00735954101156999	0.0323191956751589	0.0078839764605055	0.00524809870184517	0.0284610012470397	0	0	0.0242645075078759	0.0431154578156169	0	0.0930300490654303	0.00942219117539367	0	0	0.0313252341749718	0	0.0101689320881215	0	0.00397179409846877	0	0.0333310067952159	0	0	0.121197314881527	0.0217917900455006	0	0.0407746422222094	0.317684597581588	0	0.00978787255272287	0.0135224233297445	0.0693547177480935	0.0217118504704718	0.0217160015392191	0	0	0.702962881262192	0.856148489080733
BCRF4_10_15766_765_NL_Str	0	0.00365524222271372	0.0113285929161286	0.0171810030786179	0.0654742350684422	0.0205393987891226	0.00889720884061184	0.0534031631662459	0.00975603227129808	0	0.00234413549533596	0.032357130273293	0.0360049093732251	0	0.116473388135352	0.0105016307659935	0	0	0	0	0.0300531912501157	0	0.000857451637564884	0	0	0	0	0.15058282859495	0.0289300788392014	0.0108250246588578	0.00647682010735211	0.26252758680963	0.00662544277082125	0.000150649423389503	0	0.0696558609325943	0.0453989945791424	0	0	0	0.961641455042884	0.523913217835508
BCRF4_10_15768_766_NL_Str	0	0	0.0169186080438989	0.0172112572975999	0.0827606906964863	0.0612462948358104	0.00590850584635397	0.0466299098364121	0.0278243088047841	0	0	0.0405920877188095	0.0467672174902292	0	0.111319547600391	0.0233654636314372	0	0	0.00449709674855024	0	0.0214569148448629	0.00336592218241993	0	0.00731891305325526	0	0	0	0.141051619475823	0	0.00704518392315347	0.00214369320930402	0.215045664987639	0.000284731002953647	0	0	0.108431600469267	0	0.00881476830055886	0	0	0.959682594618577	0.484452907930581
BCRF4_10_15770_766_inf_NL_Str	0.00104882558459751	0	0.018332499762215	0.0746920113553318	0.0510150557043404	0.126634970018412	0.0297808864985503	0.0133892602346165	0.0184446467953664	0	0	0.0291346392692699	0.0252670243517828	0	0.177619517753031	0.0519523893760495	0.000472247117812869	0	0	0	0.0703940042419408	0.0027805522080443	0	0.0151755771349564	0	0	0	0.11562980830545	0.000476265769711634	0.0158037678711854	0	0.0781230686363909	0	0	0	0.0551319242693501	0.028701057741594	0	0	0	0.942898179615029	0.699712095957537
BCRF4_10_15772_766_IBC_Str	0	0	0.0045024143311599	0.00915042185124539	0.196944594969894	0.0527909250870899	0.0241866994821267	0.0197181916990502	0.00944740176712021	0	0	0.025454915012737	0.0560553571336106	0	0.10202950501721	0.0552271392864448	0	0	0	0.00944763281843701	0.0252482367166345	0.0021640051658642	0	0.0882686239083994	0	0	0	0.200309964852484	0	0.0120584953062756	0.00217111969056602	0.0513344854482157	0.000497464168573642	0.00585117547695967	0	0.0288616558202863	0.0182795749896148	0	0	0	0.979244382560442	0.205037487128487
BCRF4_10_15774_766_AM_Str	0.021643191093892	0	0.0586347665143135	0	0.018807078872076	0.0709769545984371	0.0119237480939788	0.0182262516112642	0.0332676431567122	0	0	0.0263267460561421	0.035134435738638	0	0.0998721913359354	0	0	0	0.0194751831126048	0	0.0128071595981958	0	0	0.00267263948472556	0	0	0	0.152006121710444	0.0110720857275105	0	0.000966683761476996	0.216513212409803	0.022685636027028	0	0	0.107752706315959	0.0211890368232915	0.0380465279575721	0	0	0.793687170583786	0.83112967264737
BCRF4_10_15776_766_EN_Str	0.0061097640892798	0.00331880359319951	0.010546892376896	0.0110305304804397	0.0477980191653473	0.0825683802321992	0.00468474233345996	0.0434958897566019	0.0167299603510476	0	0.00503019625161426	0.0583483950247452	0.0177792786221136	0	0.15335856220251	0.0165079587002867	0	0	0	0	0.0334248004446344	0	0	0.00433691658014269	0	0	0	0.141848467829893	0.0057991700119103	0.00535679627240779	0	0.192124068452095	0.00475439581303707	0	3.75851385845734e-06	0.110658533208423	0.0224342766011457	0.00195144309271269	0	0	0.951242002738928	0.629298981493734
BCRF4_10_15778_767_IBC_Str	0	0	0.0173762597381679	0.00750743988311274	0.16890998238057	0.0460293801500549	0.00338676340345313	0.0257795543593847	0.00604245777379099	0	0	0.030709401242599	0.037547167018223	0	0.0704318919671607	0.0382995612156919	0	0	0	0.00650639757722271	0.024058119163888	0	0	0.00209899806313773	0	0	0	0.188400749921333	0	0.0027978872260384	0.00124449039970554	0.192390244014859	0.00250745133087738	0	0	0.0942525127510687	0.031416542652861	0.00230674776679967	0	0	0.966679069762809	0.266643295788361
BCRF4_10_15780_767_DCIS_Str	0	0.00284602700164548	0.00229256560589483	0.0239369002760021	0.136616252398215	0.0322088768209303	0.00834464944190151	0.0147714362161282	0.0279840326526982	0	0	0.0264573018010762	0.0290863576701499	0	0.0999648008984367	0.0322941106201417	0	0	0	0.00247874785929508	0.0369108301144777	0	0	0.0410063679049707	0	0	5.75453459301136e-05	0.179051432184686	0	0.00882023034780912	0	0.154286507866628	0.00576913610352653	0	0	0.0745795838812444	0.0466816767782125	0.0135546302100006	0	0	0.96766623173649	0.35789189656366
BCRF4_10_15782_767_AM_2_Str	0	0	0.005181336164536	0.0205736982997128	0.0109010113666081	0.0517309179777369	0	0.0172169632775053	0.0111331754907075	0	0	0.0372925625599459	0.0358539344345486	0	0.151317098043305	0	0	0.0164348067095296	0.018514745863976	0.00432697063144991	0.0535145474113728	0	0	0.00357047374686355	0	0	0	0.140844776348783	0.00734769803463493	0.000272158362260794	0	0.297224335086899	0.0466554368791263	0	0	0.0497240156998109	0.00506253360241081	0.0153068040082768	0	0	0.823293223856341	0.837954035837309
BCRF4_10_15784_767_ADH_Str	0	0	0.0245780864628762	0.00603347333371187	0.00970126101878595	0.056971403361752	0	0.0167562902290291	0.0179798368881378	0	0	0.0440286564240494	0.033561113362849	0	0.136631576361099	0.00513215858003825	0	0.00754670865382602	0	0	0.0380967747857389	0	0	0.0013292186570905	0	0	0	0.134343819024423	0.00768546963509482	0.00313677542198329	0	0.314775404149602	0.0310465557762204	0	0.00560983436364751	0.076864575215312	0.00694744875352224	0.0212435595412112	0	0	0.816821799090855	0.841081024483019
BCRF4_10_15788_767_NL_Str	0	0	0.0101478869398011	0.0411887787060476	0.0544301539325269	0.0198333248777469	0.0205154060175562	0.0187058384127569	0.0196609275575796	0	0	0.0486205637567282	0.0292393812621302	0.02016638537482	0.10194188889129	0.0129063871951484	0	0.0156690963249462	0.0357693911082042	0	0	0	0	0	0	0	0	0.132481245961185	0.00550382981361028	0.00487913365254465	0	0.26220289525984	0.00831546909823282	0	0	0.0917587945052338	0.0360373812650786	0.0100258400869923	0	0	0.926147996439863	0.678807967088491
BCRF4_10_15790_768_IBC_Str	0	0	0.00270380551218271	0.0519173332936867	0.0455097914567702	0.0172917636940638	0.0187869377982063	0.00607562986853975	0.0208890787942895	0	0	0.0299297488684232	0.0666905474152677	0	0.143129380762779	0.0809326945269431	0	0	0	0.00157701533755179	0.0649733508619405	0	0	0.081196242013983	0	0	0.028227906250183	0.150803595818026	0	0.0603496481590719	0.00219412998901884	0.0780350767667491	0	0	0	0.0295790708578821	0.0192072519544425	0	0	0	0.904021427614619	0.734697622423268
BCRF4_10_15792_768_NL_Str	0.0130681399051948	0	0.023339710936876	0.0323671444659359	0.0953124689250827	0.012085727779039	0.00565281755244545	0.0841374009898602	0.0248710263814535	0	0	0.0522929347777139	0.0328200193364794	0	0.0873520915259306	0.00755108678872152	0	0	0	0	0.0127706557894311	0	0	0.00577416256766205	0	0	0	0.133118355547294	0	0.0145765694175971	0.00346650150970197	0.226987923611359	0.000828438295254416	0	0	0.109899727306175	0.021727096590792	0	0	0	0.953010198769416	0.370102409832424
BCRF4_10_15796_768_EN_2_Str	0.00229499725759607	0	0.0166872758357264	0.0221763286861683	0.000974096294315603	0.0271270443704152	0	0.00876200597595776	0.0354333968338707	0	0.00695141066312369	0.0461533543806386	0.0115490660997209	0	0.0981882422107103	0.0145463261807053	0	0	0	0	0.0291002889473001	0	0	0	0	0	0	0.141447866921984	0	0.00838921684705243	0.00521070108752877	0.364148650557784	0.000844817957248447	0	0	0.13485573998515	0.0177581062568272	0.00740106665017713	0	0	0.672980988363869	0.883183926333003
BCRF4_10_15798_768_EN_3_Str	0.0276040077390268	0	0.0685476494926161	0.023374134144558	0.0306660337560081	0.0332477651760568	0	0.0240633039107588	0.0213000061153162	0	0.00580812871818299	0.0424758223575885	0.014929820623786	0	0.0905291855055489	0.0253026490870225	0	0	0	0.00309134901245666	0.0165217574639631	0	0	0.00427593260616641	0	0	0	0.166346870334503	0.00113725217799911	0.0126788127223654	0.000858498764056492	0.298521117247092	0	0	0	0.0887199030449279	0	0	0	0	0.866979393548163	0.764487602177127
BCRF4_10_15800_769_IBC_Str	0	0	0.00571086676406028	0.0293296729604427	0.0446584456627683	0.0406861621380885	0.0125665280943931	0.00937501842887299	0.0164455079476005	0	0.00731551976290268	0.0291137117369532	0.0294616049775478	0	0.1316368510475	0.0451910062784468	0	0	0.00390601251984568	0.0101527714267281	0.0384426630905085	0.00603250588167078	0.00281757063266543	0.145149546916655	0	0	0.0200186976389177	0.135100306270489	0	0.0311700931387826	0	0.104710252570514	0.00522358813232673	0	0	0.053411235373582	0.0423738606077369	0	0	0	0.86414489870739	0.739068113668304
BCRF4_10_15802_769_DCIS_1_Str	0	0	0.00586082983609881	0.0942971847931123	0.0795055127944687	0.100770644738682	0	0.0284090534726002	0.0115500783085216	0	0	0.0375462765610637	0.0173982998019154	0	0.179489265284811	0.0216273655167256	0	0	0	0	0.0531722385461907	0.000858749658628945	0	0.0253934353757835	0	0	0	0.108980768895828	0	0.0278544466111618	0	0.125270960234121	0.000673927554157674	0	0.00125877492423743	0.0608945055811655	0.019187681510726	0	0	0	0.95008379113596	0.549157333541412
BCRF4_10_15806_769_EN_1_Str	0.00741959972224181	0.00148379728357705	0.0289281068978398	0.00979441553658688	0.0244923071208908	0.0586270446894433	0	0.0157246380332425	0.0116044523934541	0	0.00251716545772776	0.0403648932826821	0.0181413612832804	0	0.0855857293095473	0.0307089103908249	0	0	0	0.00234145243217952	0.0288665471683841	0	0	0.00326598890813848	0	0	0.022343066254587	0.136792686763845	0	0.010104907648168	0.00181052644232659	0.350388125504458	0.00188605932375772	0	0	0.094224359805048	0	0.0125838583477683	0	0	0.830186401854902	0.802545233915146
BCRF4_10_15810_769_NL_Str	0.0155206627883305	0.00412074178771641	0.0274564975278263	0.0173881512701973	0.113758746045773	0.0574058592604539	0	0.0220127697910921	0.0160189082229164	0	0.00630453370039665	0.0426963722427286	0	0	0.0770848580353001	0.0290858890256129	0	0.000217436052057289	0.0212140831813668	0	0.0288865698500521	0	0	0	0	0	0	0.129722681296674	0.022264050247103	0.01504531362446	0.000306053663687127	0.236006720397362	0.00181948524420032	0	0.0134734297008776	0.0539598463454197	0.0413789542360107	0.0068513864623856	0	0	0.94736899788798	0.449442211585532
BCRF4_10_15812_769_EN_4_Str	0.0135649853863596	0	0.0410706551945751	0.00662247008048228	0.0337123156673108	0.0532317140405991	0	0.0252070603149727	0.0256971811973373	0	0.00575378037435195	0.0520287495718868	0.015229237622526	0	0.0980272736865536	0.02871781695496	0	0	0	0	0.0179007518501365	0	0	0	0	0	0.0151034425395793	0.146162200467649	0.0106875003186667	0.012061121872378	0.00152784630307008	0.277618053141852	0.00411473859661277	0	0	0.0916001302630186	0	0.0243609745551227	0	0	0.854239060201163	0.758724943233548
BCRF4_10_15818_769_AM_Str	0.104777089448628	0	0.0430930369461666	0	0.00152515721311058	0.100831247804673	0	0	0.0197854901854023	0	0	0.0310780463590046	0.0329228038587029	0	0.0749092174572019	0.0204518480042661	0	0	0.0401317836333353	0	0	0	0	0	0	0	0	0.148949457619215	0.0222476890775946	0.00581440721066485	0.00519882974570589	0.161972029208178	0.00664979768320955	0	0	0.168682486388215	0.00643449957857922	0.00454508257814648	0	0	0.341657035420256	0.955056139946793
BCRF4_10_15786_767_AM_1_Str	0.000887141459059283	0	0.0026491863567226	0	0.0304062819628274	0.0626866188140992	0.00580861916998629	0.0119099635668168	0.0310374445303402	0	0	0.0417643940153118	0.0332790883619621	0	0.107126286940677	0.00343208663498921	0	0.00679634117813	0	0	0.0284984190518112	0	0.000320482508708764	0	0	0	0	0.135776042743146	0.00947808963691879	0.0153962011838484	0	0.328192449106773	0.0224418342608369	0	0	0.0936934938697877	0.00266223704275794	0.0257572976044885	0	0	0.869121228556827	0.786523724217056
BCRF4_10_15794_768_EN_1_Str	0	0.00890550787743739	0.00481864171209614	0.028856274863009	0.0458931444821223	0.0205366471274481	0	0.0455083300995832	0.0129979682008609	0	0.00428937459799928	0.0494641220978475	0.022005949735894	0	0.136969692807235	0.0236811887588878	0	0	0	0	0.0364637015174903	0	0	0.00298707467126976	0	0	0	0.156536484091442	0	0.0113980008747577	0	0.28829182136518	0.00239922784534992	0	0	0.0857229816886755	0.012273865585414	0	0	0	0.929389141677838	0.641327687552718
BCRF4_10_15804_769_DCIS_2_Str	0	0	0.00680382847067567	0.067203854694714	0.0533130491528136	0.0566349929873331	0.0200737648201947	0.0270867255992257	0.00978238604235021	0	0	0.0383079331403115	0.0469325393470452	0	0.202960946503298	0.0315864636402029	0	0.00133830719187294	0	0	0.048871648447857	0.00596587773428017	0	0.040545333265662	0	0	0	0.143228931068732	0	0.0454380683216945	0	0.0801986928038198	0.000621815156201649	0.000449175895566441	0	0.0468775120063273	0.0257781537098211	0	0	0	0.934285967379488	0.656871228786579
BCRF4_10_15808_769_EN_3_Str	0.0204995568499059	0	0.011703993315334	0.00586410114953752	0.00244345996304741	0.0529692146322309	0	5.22142520813237e-06	0.0192891333808043	0	0	0.0327719283381852	0.0164207933958028	0	0.0915800111841251	0.0174142473665902	0	0	0.00675351275276251	0.0175064980946413	0.0186485195539743	0	0	0	0	0	0	0.140928825479089	0.0222732543695857	0.0196037046204091	0.00586641400523237	0.365448362173991	0.00963141170176171	0	0.0204972006650969	0.0763374852319164	0	0.0255431503507683	0	0	0.648082533415329	0.885066753458021
BCRF4_10_15816_769_EN_6_Str	0.017961220433339	0	0.0626224018763635	0	0.000461277961416799	0.0798801531799114	0	0	0.0123135853156434	0	0.00293331152653903	0.0433586490670886	0.05423211431168	0	0.103094378258196	0.00876972313274945	0	0	0.0155610344955167	0	0.00820960125388216	0	0	0	0	0	0	0.158474994458479	0	0.0156390239980372	0.00409342282859337	0.277483728726681	0.00291786791003622	0	0	0.108067498620236	0	0.0239260126456115	0	0	0.636451264596726	0.899126131414419
BCRF4_10_15820_770_DCIS_Str	0	0.00805862830906836	0	0.112255826937651	0.12427285483546	0.0722621123333373	0.00314891965956703	0	0.0259502162529558	0	0.00152534305181694	0.0332471459467548	0.0285694294463685	0	0.146212507593493	0.0227608704163254	0	0	0	0	0.035693013905115	0	0	0.0264994508714977	0	0	0	0.154848533096188	0	0.0249843117435862	0.00192641971658151	0.092539526182595	0.00618904002372516	0.00604532798947236	0	0.0339629351704835	0.0390475865179573	0	0	0	0.952921430417836	0.452340377990045
BCRF4_10_15822_770_IBC_Str	0.0232970237393087	0	0.0179411092740079	0.014720799018336	0.115043411097002	0.0540687948837688	0	0.00569712856565523	0.0145256513453851	0	0.00544817036128784	0.0206688649296336	0.0402622616609044	0	0.0798656684592457	0.0402210728926656	0	0	0	0.0158527630569725	0.0200523472630745	0.00286284353838691	0	0.0862309792863295	0	0	0.0179079993490413	0.183797238691486	0	0	0.00303977536533087	0.103662124917187	0	0.000381551975057676	0.0173394646481072	0.0456787035707229	0.0714342521111031	0	0	0	0.939545074875329	0.485360969452088
BCRF4_10_15824_770_EN_1_Str	0	0	0.00799525826046754	0.0356840152938535	0.0745713858776137	0.0234422215668659	0	0.0149431005716324	0.0203498559122035	0	0.000177956489939986	0.0652049584174849	0.0355108377211132	0	0.117792922189177	0.00944552107049982	0	0	0	0	0.0198050609591605	0	0	0	0	0	0	0.162667918027519	0	0.0146034548157892	0	0.296151312502623	0.00811407547199231	0	0	0.0773265808290415	0	0.0162135640230233	0	0	0.92262970761718	0.619866535196611
BCRF4_10_15826_770_NL_Str	0.00224428995034625	0.00165553057124063	0.0147842346832966	0.0126159248118381	0.244486796747701	0.0622459131426169	0	0.0472181643107078	0.00486473226724264	0	0	0.0290585478650129	0.0371794620644095	0	0.0905054738338351	0.00558923148046063	0	0	0	0.00976144625180932	0.0141261182460159	0	0	0	0	0	0	0.122176818830906	0.00997600387513844	0	0	0.196598675346697	0.00844199589295839	0	0	0.0684160681602862	0	0.0180545716674808	0	0	0.962366067912105	0.440179215910273
BCRF4_10_15830_771_EN_4_Str	0	0	0.00239604616608029	0.00152724425034821	0.0354843115893287	0.0433301399834032	0	0.0151457364955554	0.0184591268764269	0	0	0.0453127146028508	0.0238144548993395	0	0.115570748014841	0.00867922716447377	0	0	0	0	0.0241023966374613	0	0	0	0	0	0.0133435132166235	0.16318960249221	0.00278870631738114	0.0116976419481642	0.00355108107048118	0.380693289542997	0.0133395609757697	0	0	0.0758460594165395	0	0.00172839833972417	0	0	0.857248276003271	0.764943745939659
BCRF4_10_15836_771_DCIS_3_Str	0	0.00700819801079263	0.00435759462889047	0.0298301575542802	0.0243149491411689	0.0677310228196279	0.0247570966177549	0.00664484968433779	0.0234229347369629	0	0.000933348199226116	0.0513474740105007	0.0382304913040619	0	0.152495838001943	0.0253645540391777	0	0	0	0.000194414630152842	0.0380132190556487	0.00841141183506113	0	0.0217663715558545	0	0	0.00475483521853963	0.172614369579106	0.00127726044281807	0.0317201501324582	0	0.162340300801473	0.00383685150502536	0	0.00156550823510162	0.0436236080452682	0.0442489065564554	0.0091942836583123	0	0	0.834893623179277	0.822316668580563
BCRF4_10_15832_771_NL_Str	0	0.00292546636297241	0.0230935819878199	0.00742643769198181	0.0448639466784779	0.0375188568561953	0	0.0290676201741934	0.0236399576087377	0	0	0.040193570906525	0.0440075495283772	0.00473595557495612	0.0983544406458851	0	0	0	0	0	0	0	0	0.00654149304286959	0	0	0	0.147603821999135	0.0145830153635253	0.00274070461793908	0	0.348846473154939	0.0114927901147769	0	0	0.100635106144421	0	0.0117292115462721	0	0	0.892644374659429	0.699023830525288
BCRF4_10_15834_771_EN_2_Str	0	0.00214672219762924	0.00805111960374789	0.025102148236724	0.0421836277206168	0.0119838774366852	0.0200995447599959	0.0230561353907366	0.0118876693801641	0	0	0.0504554945451347	0.0627602100302035	0	0.0561431103896384	0.0396897097881751	0	0.00495031807105212	0.00880036006555079	0	0.00662327277370641	0	0.0163012156182079	0	6.69387571218622e-05	0	0	0.162301753557462	0	0.0242990822428769	0.0113459360911932	0.291152398976572	0.0133699184970459	0.015540315709153	0	0.0569368869221428	0.0347522332384636	0	0	0	0.904551478919618	0.712606672393203
BCRF4_10_15840_771_DCIS_1_Str	0	0.000623851427773328	0.0086709593129257	0.00545318760905656	0.0353033220472813	0.0376875490103771	0.0162304972404448	0.000746186466564239	0.00916932635463241	0	0	0.0488919616321533	0.0505589005368183	0	0.0982779759015704	0.0431311094499839	0	0	0.0225793172738116	0	0.0197342514452516	0.00670566271901987	0	0.0465114266827004	0	0	0.0065422102417767	0.213468447190256	0	0.0183247738974947	0	0.110360348142133	0.00875696444687615	0	0	0.112384518993452	0.0781392194136782	0.00174803256396796	0	0	0.842723765130932	0.798291609703822
BCRF4_10_15844_771_IBC_Str	0	0.000120094661322921	0.0143076965288327	0.00352040504175802	0.0371571024679018	0.052541490988449	0.0138184778267093	0.00516067839802202	0.0238514413805286	0	0	0.0511591483597664	0.0559172592065176	0	0.0775628254815781	0.0396905938564309	0	0	0	0.00990382717550661	0.00507752890452016	0.00796136505172858	0	0.0890285958408034	0	0	0.0507732190898238	0.195514503282844	0	0.0176550906933963	0.00380159912217743	0.110019211892058	0.00538667221772121	0	0	0.068183245860525	0.0618879266710785	0	0	0	0.855912404621379	0.765868998248671
BCRF4_10_15728_761_EN_2_Str	0.0947300574584131	0.0164286258286479	0.0486252321385456	0	0.00927733378610784	0.0942272681026647	0.0058531461954553	0.00675302613099784	0.012973810188251	0	0.00305775064367114	0.0460226682117528	0.0138022584903849	0	0.0886319415276088	0.0236163991663711	0	0	0	0	0.00535999358380689	0	0	0	0	0	0.0063621665965542	0.143310185842079	0	0.00396364234961545	0.000578000025516132	0.274522922591165	0.00736735100752792	0	0	0.0868575007585744	0.00767871937628908	0	0	0	0.686547373854333	0.880395349856704
BCRF4_10_15744_763_NL_2_Str	0	0	0.0132289597916631	0.0387399499600314	0.141334072043145	0.0493086969449276	0.0109782753459469	0.0127825623137681	0.0393236598294808	0	0.0105472428093523	0.0400673345250402	0.00610327130148867	0	0.107189128484006	0.0150260836090343	0	0	0	0	0.033223544745699	0	0	0.000462361440168228	0	0	0.0135297533404725	0.136781367139474	0.0264723492602058	0.0182388308404774	0.00151698880993744	0.167822727672271	0.0068031529509071	0	0	0.068960019941723	0.04155966690078	0	0	0	0.956261584816899	0.36952005540212
BCRF4_10_15764_765_EN_2_Str	0	0.00145931515881497	0.0196825183670146	0.0159356634395069	0.0438460155144096	0.0338316946695861	0.00239002293539267	0.0317854224111184	0.0216303867038702	0	0.00297857673325061	0.0414781141739023	0.0290860325465467	0	0.0930032497303987	0.0206584203631953	0	0.0208949717177389	0	0.000181681131111503	0.0181158833564769	0	0	0.0835734428997582	0	0	0.0337537984020902	0.123211883784877	0	0.0155187157941858	0.00574536036192307	0.21220922099986	0	0.00179968759381292	0.00183568718654239	0.0698772460009977	0.0494811869974614	0.0060358010261573	0	0	0.921306612636384	0.672772948444625
BCRF4_10_15814_769_EN_5_Str	0	0.00251653974866688	0.0219916237359304	0	0.00308234610311648	0.0477905040210427	0	0.0032644164272366	0.0285571112669696	0	0.0088702671169255	0.0553916011464495	0	0	0.118338316998925	0.0232589765118409	0	0	0	0.00289949307333661	0.0247457283783016	0	0	0	0	0	0.0034894091413763	0.136583720580444	0.00453058508249677	0.0107258026281539	0.00318444806473954	0.3599665695328	0.00150169393735986	0	0	0.11996400894521	0.0108384450009449	0.0085083925577331	0	0	0.648519977664592	0.889448863554706
BCRF4_10_15828_771_EN_3_Str	0.0467703055191123	0.000815193530834448	0.0185427718375543	0.0133969368191355	0.0180179723222806	0.0495949215893556	0.00458761231940755	0.00540038782790288	0.0292211212271428	0	0.00884730091749894	0.0412803182733331	0.0262910546197842	0	0.119470658107946	0.0273409085297859	0	0	0	0	0.0123665494942015	0	0	0	0	0	0.0227618175101209	0.177146557880039	0	0.0265719342028305	0.00409189623087087	0.260396681239382	0.0108456731575021	0	0.00231423749326291	0.0548883633113756	0.00109640202971436	0.0179424240096267	0	0	0.721878079557712	0.859127791472599
BCRF4_10_15838_771_EN_1_Str	0.0534144871609023	0	0.0431706245950947	0.000235685469970462	0.00958636690528844	0.0712211668846012	0.0147379106125899	0.00451195451206488	0.0123989553233847	0	0	0.0333074706527321	0.0264757574219215	0	0.100435872274633	0.0234281936875305	0	0.00341883556587941	0	0	0.0216515961142475	0	0	0.00254690579858459	0	0	0.0129541494347598	0.166207565360934	0	0.0106119615516249	0.00562119014672318	0.245705240088752	0.0152894743053145	0	0	0.0763148556790586	0.0467537804534076	0	0	0	0.75036851476198	0.865642237567284
BCRF4_10_15842_771_DCIS_2_Str	0	0	0.0108185759900429	0.020556333332969	0.0820836409201701	0.0501388615110271	0.0190522241065605	0.00292032901560884	0.0301889475224169	0	0	0.0494198215328481	0.0446139211065311	0	0.151229183444639	0.0485451185149194	0	0	0	0	0.0408026390490065	0.00779801602864987	0	0.0602824611013244	0	0	0	0.182082071034497	0	0.0384955649946241	0	0.0892028834789799	0.00551196658119508	0.00222437422659103	0	0.0346601720264535	0.0293728944809462	0	0	0	0.938452016599364	0.606727527084053
BCRF4_10_15846_772_IBC_Str	0.011994804542631	0.00241973359288928	0.0224866961723955	0	0.165094885745454	0.0862942138141323	0.015270848722078	0.0141683810811751	0.0120842308933504	0	0	0.0408526046571748	0.0186222474476977	0	0.0947439251344927	0.0172203188528464	0.00290980755996704	0	0.000865257594052503	0	0.00862423077073294	0	0	0.0480924195665308	0	0	0.00930453040114667	0.175105859915047	0	0.00500849674567998	0.00507118393685762	0.114174840283991	0.000621748649787531	0	0	0.0848965357571956	0.0329897159596241	0.0110824822030695	0	0	0.967069887288609	0.282893017044294
BCRF4_10_15848_772_DCIS_1_Str	0	0.0156522948667055	0.0205961123808355	0.0365355630379873	0.192975043447798	0.05121241134519	0	0.0151705468534546	0.0326676054616612	0	0	0.0312799551319995	0.0630946895829341	0	0.0973520942156536	0.0130628336720677	0	0.0200290131972849	0	0	0.0204910129763679	0	0	0.00160099255065298	0	0	0	0.141658578526555	0	0.00426788663986712	0.0031996066758634	0.112484714439408	0.00206890941335503	0	0	0.0804963070280253	0.0299630248117564	0.0141408037445761	0	0	0.976392173080176	0.216205874305394
BCRF4_10_15850_772_DCIS_2_Str	0	0.0125151339546937	0.0148099930945626	0.00768230290890963	0.157991925148962	0.0784652885435333	0	0.0114461419939282	0.0382598982917576	0	0	0.044918952977415	0.0526222285327243	0	0.113842664652194	0.00549880185739495	0	0	0	0	0.0166060003757435	0	0	0.0262220385823653	0	0	0.00912633825275984	0.124316032488469	0	0.00691694170353944	0.000988138791593942	0.123124803205792	0.00241604149506883	0	0	0.105448024305269	0.0361462948993886	0.0106360139439353	0	0	0.963955063147721	0.313004498349
BCRF4_10_15852_772_EN_1_Str	0	0	0.0154316060830848	0.000673942964170377	0.0761900199097863	0.0791741773103481	0	0.0289704103182339	0.03354870605375	0	0	0.0451614698536538	0.0254322508976516	0	0.101846539321647	0.00747889999707797	0	0	0	0	0.0242808253194881	0	0	0	0	0	0	0.165387619358232	0	0.0185507014350322	0.000653751118899292	0.186912798365615	0.0132821246761709	0	0	0.122483472584474	0.054540684432685	0	0	0	0.950127798066456	0.561320014172944
BCRF4_10_15854_772_EN_2_Str	0.00613396479489449	0.00398463874574067	0.011059204410842	0.0254231375681014	0.142234713222152	0.0574005977711276	0	0.0372514591742369	0.0306948523401079	0	0	0.0336180237307137	0.034952808285481	0	0.112424604757245	0.0242521893557691	0	0	0	0	0.02612970943809	0	0	0	0	0	0	0.140269004470498	0	0.0149644803781838	0.00257454296665805	0.204404856334772	0.000201728543972395	0	0	0.0815600215073466	0.00703465750087538	0.00343080470319206	0	0	0.967413920854686	0.300506833152348
BCRF4_10_15856_772_EN_3_Str	0.0180425256671976	0.0212061950205967	0.00259797646346394	0	0.128928663129723	0.0509323301643005	0	0.00755992092361635	0.0286259128507031	0	0	0.0292716814622924	0.0149538912533111	0	0.116056818038877	0.0133612566295694	0	0	0.0107217235609869	0	0.01636498016164	0.00324301969172679	0	0.00727902980723551	0	0	0.00713798291247446	0.145930813332323	0	0.0194924531861345	0.00115209715783069	0.249689246560054	0	0	0	0.0864808758661068	0.0209706061598364	0	0	0	0.965247863835783	0.403751340075818
BCRF4_10_15858_772_EN_4_Str	0.0158772733580758	0.0606472481162127	0.0159716020278415	0	0.02950717252981	0.10903712113039	0	0.00719169728826855	0.0400440665699701	0	0	0.0503761717965989	0.0343466864229958	0.00742356901674072	0.0619613542781405	0.0227970463982009	0	0.00843417137089212	0.0132771220346471	0	0	0	0	0	0	0	0.0185536979332146	0.139175589762394	0	0.0154729868772776	0.00163752683509703	0.193738222800126	0	0	0	0.12191210057214	0.0313426880351434	0.0012748848458229	0	0	0.808410328299565	0.816909810997339
BCRF4_10_15860_772_NL_Str	0	0.0131007448562443	0.00595056323287245	0.014448986372348	0.115501639398224	0.0408513376985367	0	0.0329945466457088	0.0344302915864679	0	0	0.0261013300904727	0.0673617525674896	0	0.0702767759977122	0.0267200968842608	0	0	0	0	0.00564115530477781	0	0	0	0	0	0.00354339153054208	0.156157023461809	0	0.0213033009021521	0.00589715318321821	0.218034568859782	0.00322963309802755	0	0	0.101842852893538	0.0326508917303226	0.00396196370549352	0	0	0.957316686946025	0.406115809875625
