Mixture	luminal epithelial cell of mammary gland	mammary gland epithelial cell	basal cell	naive B cell	IgG plasma cell	class switched memory B cell	unswitched memory B cell	IgA plasma cell	effector memory CD8-positive, alpha-beta T cell	gamma-delta T cell	natural killer cell	lymphocyte	mature NK T cell	activated CD4-positive, alpha-beta T cell	CD4-positive, alpha-beta T cell	regulatory T cell	T cell	CD4-positive helper T cell	effector memory CD4-positive, alpha-beta T cell	CD8-positive, alpha-beta memory T cell	activated CD8-positive, alpha-beta T cell	myeloid dendritic cell	non-classical monocyte	macrophage	classical monocyte	conventional dendritic cell	M1 macrophage	myeloid cell	M2 macrophage	plasmacytoid dendritic cell	neutrophil	fibroblast	endothelial cell of lymphatic vessel	vein endothelial cell	endothelial cell of artery	capillary endothelial cell	pericyte	vascular associated smooth muscle cell	mast cell	P-value	Correlation	RMSE
BCRF1_3&EN_11770_354_EN_E_S1_R1_001	0.30505145335298	0.180835719449604	0.0309835484302736	0	0	0.15658087212854	0	0	0.0105493382277093	0	0	0.0485769054246886	0.00586579860726385	0	0.0935250196184584	0	0	0	0.0272782639614877	0.0047183526260724	0	0	0	0.00505084188931902	0	0	0	0.108840755827791	0	0	0	0.000359232893105446	0.00360339697746393	0	0	0.0158719654983875	0.00230853508685514	0	0	0	0.619327713248725	0.895074779859082
BCRF1_3&EN_11772_354_IDC_E_S3_R1_001	0.3473984807367	0	0.00582285598937088	0	0	0.103075037656825	0	0	0.00961265695869786	0	0	0.0380760773042295	0.000920446979029968	0.00215830849475399	0.085876446625258	0.0221697594346195	0	0	0.00341938065938346	0.00871695892743782	0	0	0	0.0157132255324719	0	0	0.0123669029490926	0.258735364333744	0.00720616085811589	0	0.00869586577485729	0.00206960267450951	0	0	0	0.0505274994253014	0.0165296277839398	0.000909340901660797	0	0	0.36846323731254	0.945715434389711
BCRF1_3&EN_11774_354_RS1_E_center_S5_R1_001	0.137814112603312	0.214980786919549	0.097350261788723	0	0.00037579063509806	0.105390775405992	0	0	0.00434086876585044	0	0	0.0390792026028912	0.0105639561785321	0	0.104008712744054	0.02016222855176	0	0	0.0148297426214485	0.00388613444983006	0.00493881409214115	0	0	0.00576862532041516	0	0	0.00920719190753078	0.125484944195836	0	0	0	0.0376626546031071	0.00688375663932144	0	0.0188584142814713	0.0176590430306666	0.020753982662471	0	0	0	0.61865181534276	0.893727227310379
BCRF1_3&EN_11776_354_RS1_E_peripheral_S7_R1_001	0.302514172068242	0.154130655006961	0.0628406346324023	0	0	0.136775911184115	0	0	0	0	0	0.0495363789759517	0.014278779721934	0	0.0827785336138456	0.00976248203130322	0	0	0.0441207930446952	0	0	0	0	0.000345051125462194	0	0	0	0.09984714711968	0	0	0	0.00317783181509951	0.00173710396503394	0	0	0.0321123316713556	0.00604219402391871	0	0	0	0.643930820140475	0.894032500139118
BCRF1_3&EN_11778_354_RS2_E_center_S9_R1_001	0.207991973799209	0.229044541348092	0.101621149863072	0	0	0.0887558193415914	0	9.86662065757488e-05	0.0163325744579017	0	0	0.0420955689202679	0	0	0.106604093222245	0.00627048802565961	0	0	0.0162101610454556	0	0.000938872336528609	0	0	0	0	0.00325153019959778	0	0.134551459989929	0	0.00294012500591761	0.000468954152966477	7.25440794964563e-05	0.00213052039410328	0	0	0.0318525135614922	0.00876844404989917	0	0	0	0.679509965481121	0.878458878614406
BCRF1_3&EN_11780_354_RS2_E_peripheral_S11_R1_001	0.223457503925623	0.233441176200575	0.0700866724626722	0	0	0.125607960159325	0	0	0.0255781904160931	0	0	0.0477779010176777	0.00508324302715505	0	0.130567818691123	0	0	0	0	0.00186515160719829	0	0	0	0	0	0	0	0.0968645821493303	0	0	0	0	0.00915965204726852	0	0	0.023073126407073	0.00743702188888557	0	0	0	0.644517446689787	0.888809407042153
BCRF1_3&EN_11782_354_NL_E_S13_R1_001	0.269026496322524	0.103664422426445	0.111516037494265	0.0220867702755158	0.00654178911435233	0.0834365956494638	0	0.00234739938374771	0	0	0	0.0527759912309664	0.00796897848566359	0	0.115867747158456	0.0192923515009785	0	0	0	0.0178866619459998	0.000347295677205353	0	0	0	0	0	0	0.12696819229155	0.0050903730561007	0	0	0.0167986307484258	0.00211530530509036	0	0.0030545964383798	0.0272213355872834	0.0059930299075859	0	0	0	0.603109602012708	0.903246169828725
BCRF1_3&EN_11784_355_RS1_E_center_S15_R1_001	0.166735277002907	0.252559190316198	0.0527059555091267	0	0	0.0984458947851112	0.00859228805106974	0	0.0206969235659916	0	0	0.04342541298988	0.0106800601815856	0.0394995725603208	0.0901443134866574	0	0	0	0.044876266410948	0	0	0	0.00327737254696362	0	0	0	0.00626836962724342	0.114992704321008	0	0	0	0.00795479167304413	0.00509261690900858	0	0.00748954549540921	0.0127395123613216	0.0138239322062051	0	0	0	0.650934827528827	0.884678646376164
BCRF1_3&EN_11786_355_RS1_E_peripheral_S17_R1_001	0.479733236224116	0	0.0551839115779296	0	0	0.126059725316818	0	0	0.00843073975877894	0	0	0.0525529788216098	0.00714916431330967	0.000622206912437438	0.0776615871449723	0.000490654297145673	0.00190877339380409	0	0.00200318968122751	0.00511132119021237	0	0	0	0	0	0	0	0.141938118880808	0	0.00361330825961859	0.00129891412337528	0.000398185736020868	0	0	0	0.0304414254782023	0.00540255888961421	0	0	0	0.663886820639167	0.894223150926243
BCRF1_3&EN_11789_355_RS2_E_center_S20_R1_001	0.120690188244396	0.298277293376217	0.0730975116796409	0	0	0.105282277743705	0	0	0.0133582411122162	0	0	0.0433744314863684	0.0222393435705503	0	0.0996575019224694	0.00199999377956852	0.00184007255195553	0	0.0313978754610902	0	0.0015044705303396	0	0	0	0	0	0	0.134355071507243	0	0	0	0.0115794125849341	0.000205275698175739	0	0.0122973673527429	0.0167815633583286	0.012062108040058	0	0	0	0.650730748646977	0.88128613117912
BCRF1_3&EN_11791_355_RS2_E_peripheral_S22_R1_001	0.412077347460458	0	0.11356457584791	0	0	0.137205638141132	0	0	0.00899366247208546	0	0	0.0444047118734047	0.00111717177194846	0	0.0668689378894117	0.00277501829889771	0.025600686584417	0	0	0	0	0	0	0	0	0	0	0.138324781014046	0	0.00404828607190776	0	0	0.00256253996859206	0	0	0.0307769822089594	0.0116796603968303	0	0	0	0.621388298754896	0.906098563434538
BCRF1_3&EN_11794_355_NL_E_S25_R1_001	0.326493974719156	0.0316297131856013	0.131060934338531	0	0	0.10596611316693	0	0	0	0	0	0.0434206448709821	0.0258849939803721	0	0.0990754611460143	0.00492837710993504	0.023537814987188	0	0	0.0140749539850171	0.000772893829142551	0	0	0	0	0	0	0.150099214413432	0	0	0	0.00911492908401776	0	0	0.00468151720304844	0.0276887523823747	0	0.00156971159825848	0	0	0.533812789282505	0.922269787517077
BCRF1_3&EN_11796_355_RS3_E_center_S27_R1_001	0.235121766160154	0.198903019080533	0.0802834759116237	0	0	0.104750899398618	0	0	0.0144158400030849	0	0	0.0500197431214157	0.0135773813596328	0	0.0877202369584387	0.00558678344856985	0	0	0.0102715754580287	0	0	0	0	0.00575541148179695	0	0	0.000591098307238612	0.134495137347633	0	0.0057824812953825	0	0.00802591970322287	0.00400522623857104	0	0	0.030039719574127	0.0106542851519299	0	0	0	0.691847628282735	0.877810802828224
BCRF1_3&EN_11798_355_RS3_E_peripheral_S29_R1_001	0.296158481456017	0.108293363601877	0.090201518836708	0	0	0.114275926436226	0	0	0.00527682717631312	0	0	0.0403735554521971	0.00116708313529149	0.0284604626361738	0.0848882863196451	0	0	0	0.0140192669854679	0.00347714381272904	0	0	0	0.00344678659290171	0	0	0	0.170702645456881	0	0	0	0	0.00753040500624189	0	0.00512671358163554	0.0146874098941871	0.00936447302574933	0.00254965059375832	0	0	0.653751870687182	0.891602107532631
BCRF1_3&EN_11800_356_NL_E_S31_R1_001	0.328625562360208	0.0443747580002842	0.112326980265765	0	0.00106790131951078	0.101583640076511	0	0	0	0	0	0.055038571834097	0.00509357399712988	0.0633338868361383	0.083599496886572	0.0116264572656788	0	0	0.0125490276647752	0.0134868896030551	0	0	0	0.00437026095438521	0	0	0	0.115660362152718	0	0	0	0.00474181243243259	0	0	0	0.0305323813774051	0.0119884369733345	0	0	0	0.623094503160699	0.905973113588915
BCRF1_3&EN_11802_356_RS1_E_center_S32_R1_001	0.243652499133889	0.164930638985326	0.0446228321732189	0.0060602469692734	0.00108493653348126	0.0826970665716028	0	0	0.00398094189729485	0	0	0.0526040486769652	0	0.0575747589566734	0.0986051627281981	0	0	0	0.0284073660940345	0	0	0	0	0.0112781220699116	0	0	0	0.138509110848541	0	0	0	0.00826810338207378	0.00468463535747983	0	0.0115966296336151	0.0242925185167994	0.0171503814716219	0	0	0	0.674197280258262	0.883840666504939
BCRF1_3&EN_11804_356_RS1_E_peripheral_S34_R1_001	0.2893946301578	0.105318843513275	0.0788953132717013	0.00353320520575323	0.00118059236166692	0.0948471085756383	0	0.000897873605525341	0.0125035296817891	0	0	0.0525890876793111	0.00787361756785597	0.0574627302672099	0.0676113644650447	0	0	0	0.0215876909070983	0.0170358739414588	0	0	0	0.0106049707145632	0	0	0	0.128978925871997	0	0.00254865940463967	0	0.0104843556269911	0.00216739340755118	0	0	0.030409841023134	0.00407439274999584	0	0	0	0.586856402638437	0.906864183180138
BCRF1_3&EN_11806_357_NL_E_S50_R1_001	0.203532182180734	0.376627798890044	0.0856107738016056	0.00133555650754291	0	0.0458216990614786	0	0	0.0105073234259946	0	0	0.0327137551841937	0.00682119434043277	0.0791184959917559	0.023611626114454	0.00666360829639558	0	0	0.00399824791893643	0	0	0	0	0	0	0.019400832648664	0.0222616943725722	0.0510201305149076	0	0.0124764979874333	0	0.00147136360339955	0.000423792806287641	0	0	0.00754575033687894	0	0.00903767601628939	0	0	0.68570145733019	0.855189277407839
BCRF1_3&EN_11808_357_RS1_E_center_S32_R1_001	0.0677337698898074	0.518181809116102	0.0928275315529524	0.010102002436162	0.00339151121418376	0.0486536742502906	0	0.00298264002647424	0.0124517808139695	0	0	0.0259225274751232	0.0156927030479708	0.023009792196082	0.0133752582216486	0.00565675642120533	0	0	0.0109282486035389	0	0	0	0	0.00733217113651873	0	0	0.0259475659251582	0.0532732916622639	0	0.0285821632989506	0	0.0155537293960746	0.000341175960666296	0	0	0.0136493875863688	0.00441050976848806	0	0	0	0.768862789132372	0.814818054837039
BCRF1_3&EN_11810_357_RS1_E_peripheral_S5_R1_001	0.751096841084482	0.0408642034345855	0.00345877106074488	0	0.00294601200819874	0.020594625971212	0.0058959541811952	0.00776994480522958	0.00997647650376952	0	0.000584477221167163	0.0236046715088763	0.00410332599743611	0.01237654784257	0.0188252765366564	0.00522732434969508	0	0	0.00367739814059367	0	0	0	0	0.000634074460736707	0	0	0	0.0666378748910504	0	0.00579910732169572	0	0.000649404284121815	0.000518738751304983	0	0	0.0108085884001675	0	0.00395036124451085	0	0	0.669108941704124	0.870212854095688
BCRF1_3&EN_11813_358_NL_E_S36_R1_001	0.31092700016332	0.0259279907516121	0.103304431536326	0	0	0.0833673324795682	0	0	0.013820376722571	0	0	0.0502839253592917	0.00468165399658203	0.0178850007491885	0.0923399119775578	0.0306500968185626	0	0	0.000470797738188014	0	0	0	0	0.0116706850372884	0	0	0	0.152244636570923	0	0.00493608962116791	0.00349174173651491	0.0409841270573489	0.00652993334457633	0	0	0.0452309976463402	0.00125327069307288	0	0	0	0.470953775739077	0.931420345495404
BCRF1_3&EN_11815_358_EN_E_S38_R1_001	0.45148289169794	0.020753599161268	0.0382713100833985	0	0	0.11579140211064	0	0	0.00738856484745601	0	0	0.0514838540501175	0.00445660456207879	0	0.0984047682869561	0.0153800165746112	0	0	0.0102295301676606	0.00694282609332732	0	0	0	0.00297605360789054	0	0	0	0.132916785919967	0	0	0	0.00619814018885782	0	0	0	0.0320726398853381	0.00525101276249257	0	0	0	0.610661378487494	0.904564869516707
BCRF1_3&EN_11817_358_RS1_E_center_S40_R1_001	0.309872048700982	0.11086559205513	0.0876282856924828	0	0.00489928006452459	0.106771193536886	0	1.95332122435965e-05	0.0128442578382059	0	0	0.055080716080331	0.0161460500869004	0	0.0747684758066548	0.0107234173306258	0	0	0.0181578090632816	0	0.0046436588777129	0	0	0.00166336041374606	0	0	0	0.117177083843265	0	0.000413823018778416	0	0.0125958068518017	0.00507345976153004	0	0.00614460828801218	0.0284329473914493	0.0160785920854554	0	0	0	0.62592147213987	0.89863956536198
BCRF1_3&EN_11819_358_RS1_E_peripheral_S42_R1_001	0.388134366956586	0	0.10739743504439	0	0.00150457330468297	0.0871067701073083	0	0	0.0096313063431197	0	0	0.0444735861243689	0.0012666245884452	0	0.094874063004125	0.0152162074212146	0	0	0	0.00638963812644542	0.00101773043672068	0	0	0.00142832529188513	0	0	0	0.13121827494498	0	0.00135053109649968	0	0.0440830596297387	0.00652913150847986	0	0	0.0453526853041537	0.0130256907668551	0	0	0	0.545027740226954	0.919110058290927
BCRF1_3&EN_11821_358_IBC_E_S44_R1_001	0.354534773325165	0.0359851266782251	0	0	0	0.0888683847610096	0.0217077185272922	0	0.00388256328917452	0	0	0.0287256159124643	0.0079368369987471	0.013762569628661	0.0591737792725534	0.0144312816961592	0.0854459044872294	0	0.0121491857923012	0.026000691861564	0	0	0	0	0	0	0.00159539741618774	0.177048003013157	0	0	0.00131522637978906	0.0149066131741545	0	0	0	0.0354189717933166	0.0171113559928486	0	0	0	0.496913256887268	0.926333163820581
BCRF1_3&EN_11823_358_RS2_E_center_S46_R1_001	0.105083907438748	0.149498471755663	0.0920804097256329	0	0	0.101433070982419	0	0	0.0139286064624184	0	0	0.0389962718284994	0.0446464524700573	0	0.0831848661007422	0.00740622980484282	0	0	0.018125974008561	0.0032556424584816	0.00233679197606725	0	0.0019435663689312	0.007420099961764	0	0	0	0.143246262993978	0	0	0	0.060933196328307	0.0284861841766764	0	0.0175658358567892	0.0712700813900909	0.00915807791132915	0	0	0	0.550596580601829	0.914251306512052
BCRF1_3&EN_11825_358_RS2_E_peripheral_S48_R1_001	0.344399989084416	0.101926685345995	0.0810066351910348	0	0	0.144408344516144	0	0	0.00385108091573533	0	0	0.0529066275645117	0.0122794775111428	0	0.063982940022418	0	0	0	0.0138614449390433	0.0171036774892603	0.00449838270094068	0	0	0.00136555845661215	0	0	0	0.117927121577827	0	0	0	0.00493260247302726	0.00344023943897993	0	0	0.0286794580638458	0.00342973470906617	0	0	0	0.602147722137239	0.904363310180578
BCRF1_3&EN_11827_359_RS1_E_center_S50_R1_001	0.301773879622681	0.14263662080387	0.0661554754646052	0	0.00042866087274036	0.11910541269351	0	0	0.00697450837503854	0	0	0.0548489275415933	0.000739806233281582	0.0455792499551829	0.0744207301123291	0.0117612408518566	0	0	0.0175415130441573	0	0	0	0	0	0	0	0	0.115371231533615	0	0	0	0.0185384360566207	0.00781778053502074	0	0	0.0137876526056525	0.0025188736982451	0	0	0	0.630615781948498	0.896348865953425
BCRF1_3&EN_11829_359_RS1_E_peripheral_S52_R1_001	0.165782199196631	0.0687529973961749	0.15571218444227	0.00359812193012032	0.00914309436778878	0.0462683732838708	0.0322285439010412	0.0168657557494224	0.0459346630360194	0	0	0.0627748261927565	0.0137327514442192	0.00173083057251911	0.049807835864499	0.0155173974686123	0	0.00952868658049683	0	0	0	0	0	0	0	0	0	0.136638442751556	0	0	0.00252499873080268	0.0632715495437739	0	0.0218855246509244	0	0.0355255944821336	0.0427756284143676	0	0	0	0.760720249751638	0.859904617876599
BCRF1_3&EN_11831_359_NL_E_S54_R1_001	0.218337721637873	0.0519804250577591	0.162461523578849	0.00293117336521103	0	0.124547415643899	0	0.00152542451849312	0.00833251522529375	0	0	0.0751924002553119	0.0348693565397829	0	0.0667458313727829	0.00929909479355587	0	0.0275729163634168	0	0	0.00326155916040869	0	0	0	0	0	0	0.155798894343952	0.000565624975847829	0.0111745755514881	0.000647244605679826	0.00747284329285016	0.0018458115758574	0	0.00184563358809069	0.0216932340966058	0	0.0118987804569904	0	0	0.545578997051792	0.92096997532803
BCRF1_3&EN_11833_359_RS2_E_center_S55_R1_001	0.21727771610124	0.275167324406449	0.0748816222741914	0	0.00222339181761069	0.0754587260699469	0.00141275829954324	0	0.0137694462242854	0	0	0.0364922117631817	0.0124584817486367	0.0329205011609087	0.054868173281537	0.0029182010079997	0	0	0.0356225402563414	0	0	0	0	0	0	0	0.00185103828149053	0.113611799411589	0	0	0	0.0184459308460641	0	0	0.00243411671757581	0.0183638168898644	0.00982220344154394	0	0	0	0.712028984241661	0.864189322086902
BCRF1_3&EN_11835_359_RS2_E_peripheral_S57_R1_001	0.355628973832686	0.0113064130805603	0.101910141452683	0.00474516141004527	0.00355324685329651	0.103987509729744	0	0.00294220524271009	0.0094164686963075	0	0	0.049494391767687	0.00717129532041471	0.000690279823809947	0.0801023492426965	0.0177343380909935	0	0	0.0116397754642771	0.00458589749604396	0	0	0	0.0105201424461552	0	0	0	0.139333752925091	0	0.00514614912822134	0	0.0333655338835022	0	0	0	0.0334470012574036	0	0.0132789728556707	0	0	0.642448931353381	0.899523786763049
BCRF1_3&EN_11837_359_IDC_E_S59_R1_001	0.401594173473893	0	0.0110597469622645	0	0.00269964803299859	0.11406390630288	0.00802529039454617	0	0.00843922498673813	0	0	0.0317265997622461	0.0106123530744104	0	0.0753288697123774	0.0321951215476879	0	0	0.0122002982577245	0.0071746557312667	0	0	0	0	0	0	0	0.192609863801496	0.00983333416829731	0.00753671355655443	0.000238374767820895	0.0185129129196542	0.00255610356530762	0	0	0.037884813192546	0.0157079957892895	0	0	0	0.674032879787391	0.890179530733669
BCRF1_3&EN_11838_360_RS1_E_center_S4_R1_001	0.614961480934245	0.0253065309069993	0.103556612088956	0	0	0.0416786670586299	0.00251831320521962	0.000406693697554507	0.00323387107296304	0	0	0.0254761349454485	0.00880819661703548	0.0309614830180045	0.0210402451330465	0.00889294538997323	0	0	0.0443573897509775	0	0	0	0	0	0	0	0	0.0396948124503778	0	0	0	0.00172339513852321	0.00921960054591208	0	0	0.00596670773332964	0.00154300929103394	0.0106539110217703	0	0	0.660390490264309	0.886947960743599
BCRF1_3&EN_11840_360_RS1_E_peripheral_S8_R1_001	0.603459102604517	0	0.0662436349205924	0	0.0144620490397811	0.0181185142349819	0.00288466040020551	0.0178898271798332	0.00352685930400288	0	0	0.0224407596823239	0.0139756001518359	0.00374939376805992	0.0265428765961166	0.0113277789714735	0	0	0.00144446701447642	0.00239337527174076	0	0	0	0	0	0.0168380887356144	0.000168237314070715	0.0619371684897866	0.00817896106279409	0.0306082805025167	0	0.0400199594105001	0	0	0	0.02821954590552	0	0.00557085943925624	0	0	0.589568795565485	0.883574074247513
BCRF1_3&EN_11842_360_NL_E_S3_R1_001	0.215130530712839	0.143353927996202	0.163724517476327	0.0684281102653479	0.0234259821501605	0.0155876746953097	0	0.0590813051257784	0.0150582366172201	0	0	0.032239496452824	0.0149657103863871	0	0.0208458961939924	0.00109723240633156	0	0.0210192803871231	0	0	0.00757112909159749	0	0	0	0	0	0.0135940842994303	0.0520723333132974	0	0.0308313040160221	0	0.0592828179969699	0	0	0	0.0426904304168395	0	0	0	0	0.86109709392939	0.71360056488609
BCRF1_3&EN_11844_361_RS1_E_center_S34_R1_001	0.01099078930256	0.317390433261389	0.154221356189646	0.0119446099870872	0.00175043165297305	0.0307518268503215	0	0	0.0272564180371565	0	0.0108833989195129	0.0131868532712914	0	0.170241619147642	0.00388646089907675	0.0132456992433345	0	0	0.0510576277471425	0	0	0	0	0	0	0.0641608125979175	0.0124283389225868	0.0570019986245549	0	0.0317398383465438	0	0	0.00108077357556731	0	0.003494391750062	0.0062873308457505	0	0.00699899082788416	0	0	0.638469838237111	0.878686642573101
BCRF1_3&EN_11846_361_RS1_E_peripheral_S7_R1_001	0.392634197745944	0.0642946470563035	0.186534245090933	0.000953270464597175	0	0.045054339836961	0	0	0.0212997548286369	0	0.00487311566827295	0.0171642923637572	0	0.0827689489337461	0.0301235633560412	0	0	0	0.0198308386608005	0	0	0	0	0.00519814194728569	0	0.00446318197972491	0.00550268593626449	0.0763333590039704	0	0.0149890284010314	0	0.00649492696898297	0.00030871625807192	0	0	0.00827479992425762	0	0.0129039455744167	0	0	0.603301834958191	0.902269936104808
BCRF1_3&EN_11848_361_RS2_E_center_S18_R1_001	0.211400455127735	0.240539468771363	0.138113777892187	0	0	0.103743866019311	0	0	0.00922883853796373	0	0	0.0202993358986003	0.0143242765472543	0.00509646874728498	0.0323776573048596	0.0196683920926619	0	0	0.0383602776099958	0	0	0	0	0	0	0	0.00978252347268699	0.103714845215605	0	0	0	0.0298576234834309	0.000289149208450283	0	0	0.0150146296746841	0	0.00818841439592608	0	0	0.768001293497026	0.854982064361448
BCRF1_3&EN_11850_361_RS2_E_peripheral_S10_R1_001	0.622796555909881	0.00183498717054588	0.194642440993805	0	0	0.0228475281867447	0	0	0.00248435247590751	0	0	0.0167947473297813	0.00566150585852051	0.00635571733789447	0.0197869195067896	0.008214101068776	0	0	0.0153275406839058	0	0	0	0	0	0	0.018908529282693	0	0.0356467159567993	0	0.0183438751920655	0	0.00379660604536004	0	0	0	0.00655787700052991	0	0	0	0	0.681903593089429	0.879988478926948
BCRF1_3&EN_11852_361_RS4_E_center_S9_R1_001	0.0865458558513641	0.357999530211528	0.136037593215878	0	0	0.029716969197477	0	0	0.0148700558444813	0	0.00431886252379904	0.0180212502150378	0.0074163659720175	0.0742506771016977	0	0.0163591484190838	0	0	0.0618982278049875	0	0	0	0	0	0	0.0466430940960155	0	0.0720238374727843	0	0.0170609122852795	0	0.0096198831208536	0.000107561591679107	0.000570669869692608	0.0189328365071002	0	0	0.0276066686992429	0	0	0.722171161724933	0.851768467101674
BCRF1_3&EN_11854_361_RS4_E_peripheral_S11_R1_001	0.318756826914213	0.0653000482024102	0.183325714463577	0.00160341855735727	0	0.0357519380571681	0	0	0.0220993484277233	0	0	0.0476541220342873	0.0109273359657357	0.0347235143852466	0.0502686648347787	0.00970293531532285	0	0	0.00333055485087208	0	0	0	0	0	0	0.0425032773021088	0.00269975070375293	0.0910292956485731	0	0.00536416506960263	0	0.0261221206139522	0.00046466970935026	0	0	0.0297126066349175	0	0.0186596923090499	0	0	0.583517384084086	0.905941277388865
BCRF1_3&EN_11856_361_RS3_E_center_S21_R1_001	0.089838931063656	0.532910859272357	0.165418787821725	0	0.00375755620214911	0.0195954435381099	0	8.65947568040536e-05	0.0158853809823939	0	0	0.0206183521853459	0.00438015009953915	0.0405506067740086	0	0.00292234291399005	0	0.00690610323488499	0.0244571597575657	0	0	0	0	0	0	0	0.0165793019200722	0.0422975634387117	0	0.000351564778027458	0	0.00308307263815723	0.00026990189950227	0	0.00875609657942543	0	0.00125564570211143	0	7.85844414629009e-05	0	0.817868501217921	0.796301609715585
BCRF1_3&EN_11858_361_RS3_E_peripheral_S13_R1_001	0.405898436102866	0.223419552548679	0.09082686047452	0	0.00031304301327041	0.0388758888954502	0.00218866846462201	0	0.00596480341591189	0	0.00178896170326236	0.0210192287386299	0.00746730356639322	0	0.0229248389569737	0.00174368746861399	0	0.00257036191824868	0.0662309606525655	0	0	0	0	0	0	0.0157658740147267	0	0.0766046500454606	0	0.00476377989991498	0.00135835055555811	0.000636771114785226	0.000215994387079052	0	0.00260883548225862	0.00531100474221262	0	0.001502143837997	0	0	0.723546735254816	0.855488238134578
BCRF1_3&EN_11860_361_NL_E_S49_R1_001	0.283152842749776	0.0773737178455474	0.155644014008396	0.0151588017611023	0.0196567450504559	0.0471904895473076	0	0.07432671504538	0.0252816026873558	0	0	0.0225101436362367	0.0112936058049471	0	0	0.0149573402640933	0	0	0.0250847723833737	0	0	0.00032239784357004	0.00340773830797822	0	0	0	0	0.0663298000904746	0	0.0105014620005222	0	0.0981361071947819	0.00180628479458726	0	0	0.0126403456476396	0.00464579997150094	0.030579273364973	0	0	0.874756463175539	0.687839105429691
BCRF1_3&EN_11862_362_RS1_E_center_S55_R1_001	0.048544514232428	0.402682922389799	0.214127044738368	0.0129034374148058	0.0238188970916631	0.0157209229334596	0	0.0677786987371277	0.00524358329201362	0	0.00423547482217945	0.01700711160762	0.0100920156837188	0.0311564879894959	0.0251025301117735	0.00212758293825556	0	0	0.0211073930479929	0	0	0	0.000309753620706795	0	0	0	0.0134173661821932	0.0561861665714825	0	0	0	0.0127633651552977	0.00180948187398121	0	0.00240017142343774	0.00798950928105656	0	0.00347556886114385	0	0	0.764035563662534	0.737575072149883
BCRF1_3&EN_11864_362_RS1_E_peripheral_S39_R1_001	0.662411312706261	0.0159229982309534	0.104470644437006	0	0	0.0351565643621798	0	0	0.00269376395139002	0	0	0.0189967751738247	0.00367061405752662	0.0263266254958474	0.0181925436805035	0.00979919292492136	0	0	0.0181737107027672	0	0	0.000504699637757287	0	0	0	0	0.00443082981705591	0.0616109022876423	0	0.00366529770646148	0	0.00206307672097251	0	0	0	0.00995453233170371	0	0.00195591577522643	0	0	0.765635161824845	0.858903660775121
BCRF1_3&EN_11867_363_RS1_E_center_S15_R1_001	0.0605453275488479	0.524244059869624	0.16635056878002	0.000439227751295513	8.82109303543404e-05	0.0984421170853773	0.00442854384085767	0	0.00442012170744654	0	0	0.0221890283679528	0.00633888958210121	0	0.00845356027691539	0	0	0.0225649215380255	0	0.00209804563035135	0.0026935693070115	0	0	0.00169332095829089	0	0.0186346742388512	0.00703438048200838	0.0341623376718277	0	0.00742482348560976	0	0.00184621051403421	0.000197953527041341	0	0	0.00362305481117472	0.00208705209498083	0	0	0	0.795691893862172	0.809266963908346
BCRF1_3&EN_11869_363_RS1_E_peripheral_S14_R1_001	0.603686605277113	0.0160963263578279	0.206966341148408	0.00548731242484076	0.00325701812317414	0.0098103274126207	0	0	0.0110165632487559	0	0	0.0158325863472823	0.00694286530266657	0.00827178488345066	0.00839839918744938	0.00601696983270091	0	0	0.00145233999201405	0	0	0	0	0	0	0.0016837045112799	0.00466665110002939	0.0500306684923732	0	0.0223405421333912	0	0.00203198635011174	0.000339663486188282	0	0.000911050418007806	0.0065538558188701	0	0.00820643815144447	0	0	0.640187631828942	0.888010894846624
BCRF1_3&EN_11871_363_NL_E_S47_R1_001	0.162940560216768	0.135856560559284	0.15649151122822	0.0631035791071099	0.0325032313271214	0.00238619136921834	0	0	0	0	0	0.0190108014481038	0.0171945803067533	0.0686389095559577	0	0	0	0	0.0350782434640816	0.00414480316695356	0	0	0	0.00012133021665323	0	0.096289155550586	0.00546964376361111	0.0296326444683	0	0.08785328817272	0	0.0481818559300291	0.000530567902374009	0	0	0.00944721289085527	0	0.0251253293552998	0	0	0.634042531774636	0.860227849607875
BCRF1_3&EN_11873_363_IDC_E_S30_R1_001	0.389788531816856	0.00932327524557811	0.00144130110449604	0.0315367845959892	0.0217710669008379	0.0607941886998975	0	0	0	0	0.000613538331310409	0.00268300579569518	0.0106165971802502	0.0504883597761027	0.0071513228583021	0.0101935416174398	0	0	0	0.00323296166449949	0	0.0062635498931873	0	0.0295200186030869	0	0.086001530933291	0.0247199113480582	0.051425186130805	0	0.0183845520708504	0	0.108949305613564	0.00036108470423035	0	0.00816323141742486	0.0238902761313127	0	0.0426868775669342	0	0	0.626761210417565	0.87193988572068
BCRF1_3&EN_11874_364_RS1_E_center_S38_R1_001	0.0241526851553155	0.574063846333611	0.183406268200315	0	0.000157848344923322	0.0259645838847674	0	0.0074609751302532	0.0104974867265051	0	0.00184422966894126	0.0219602760550994	0.00335572792334277	0.0274181303313277	0.00411118735743694	0.0044927167441226	0	0	0.0396899274576973	0	0	0	0	0	0	0.00617318986817988	0.00922693450073692	0.0396758071482216	0	0	0.000176780124025286	0.000205586163117968	0.000357165999697792	0	0.00421281733677355	0.00927922256969383	0	0.00211660697589491	0	0	0.772911506996405	0.809106387766168
BCRF1_3&EN_11876_364_RS1_E_peripheral_S16_R1_001	0.479964485271974	0.0883937090813171	0.22870594254823	0.00319847162762132	0	0.0169393218057147	0	0	0	0	0.00396755235478165	0.00678016551767452	0	0.0448716332343929	0	0.00222095505177071	0	0	0.0177973872205621	0	0	0	0	0	0	0.0459267433804462	0	0.0358389866344206	0.00433965801488233	0.002840436335153	0	0.000966778054162913	0.000210729253014712	0.000641439635912314	0.00591384711079693	0.00357787285692657	0	0.00661013579909114	0.000293749211153907	0	0.68483840888736	0.873489283335378
BCRF1_3&EN_11878_364_NL_E_S19_R1_001	0.036315098475101	0.283684442398991	0.33156267184052	0.0127839034565966	0.000123221433953388	0.0302941894257772	0	0.0416029760658834	0.00900592507460453	0	0	0.0135555479723976	0.0128491007184462	0	0.0286321339199657	0.00761928584650159	0	0	0	0.0178695275955532	0.0109944475009582	0	0	0	0	0.0277837248542833	0.0365682571307002	0.0353527510392805	0	0.0215512096793404	0	0.025795743122108	0.000277264724876198	0	0	0.015778577724162	0	0	0	0	0.68954956347674	0.842249198493255
BCRF1_3&EN_11880_364_RS2_E_center_S12_R1_001	0.60014738783684	0	0.043200429955377	0	0	0.0685502144768422	0.00102028718863248	0	0.0169603594292244	0	0	0.021324386739561	0.0143854173532366	0	0.0141012515214481	0.0221126868450763	0	0	0.0433923501697929	0.00609677431606071	0	0	0	0	0	0	0.00636387721587789	0.0550989867142844	0	0.00773034520675885	0.000697846806506227	0.0077281326300079	0	0	0	0.0417411032597744	0.0277913469729666	0.00155681536173158	0	0	0.720865060748902	0.876980348124539
BCRF1_3&EN_11882_364_RS2_E_peripheral_S6_R1_001	0.581382639262959	0	0.113610429598504	0	0	0.0184957372975766	0.00272570522110408	0	0.0162210850474877	0	0	0.0186926370746623	0.00174584661313581	0.0611151666241003	0.00429724607527204	0.00472972061486359	0	0	0.0834236668587733	0	0	0.000992116205124331	0	0	0	0.00266895520764548	0.00812513063033517	0.0289798889704215	0	0	0	0.000850298060330793	6.71998282735836e-05	0.0245416230129024	0	0.0127583039807553	0.0145766038157731	0	0	0	0.653672523225067	0.891283648860983
BCRF1_3&EN_11885_364_NL_E_S22_R1_001	0.0528013977264281	0.362784165082306	0.138779088371863	0.0474703049225238	0.0245913365364102	0.0418150263380442	0	0.0419299865446849	0	0	0.00120934328678392	0	0.00593310060192616	0.00392564740947188	0	0	0.0039388972842452	0.038919182223026	0.0224593599949187	0.00977001566824616	0.0118230009130542	0.081066821490048	0	0.00844124146016434	0.00194901312720275	0.00137661082037205	0.0193379102519133	0.0168525692686623	0	0.0121096125990326	0.00185391227516277	0.0219294311922857	0.000761644183966286	0.000199020000204699	0.00962537399298735	0.00413627358698452	0	0.00995532624274165	0.00225538660433911	0	0.860522262202629	0.721041287846216
BCRF1_3&EN_13813_552_IBC_Ep_1	0.0820439637381846	0.0827313075384169	0.0948232759834172	0	0.00230481449024402	0.101035160980871	0.0287290243823517	0	0.0267387847835248	0	0	0.0737607782733214	0.0367428303102961	0.0517334252774301	0.011206155048843	0.0106864808866732	0.0369432916036103	0	0	0	0	0	0	0	0	0.00566814711806852	0.0308843996531741	0.1956115214341	0	0.028824687153102	0	0.00381054325083183	0.00579154675160517	0.0235434946524909	0.0188826308102244	0.0155158222094199	0.0319879136697987	0	0	0	0.522019973692477	0.918459798952167
BCRF1_3&EN_13815_552_EN_Ep_1	0.379256570704621	0	0.0491040219629724	0	0	0.0883314460322551	0	0	0	0	0	0.0664770908802318	0.0179951039132772	0.00171456592606248	0.0671466188637267	0.0106589537474543	0	0	0.0283270454864769	0	0	0	0	0	0	0	0	0.181393324278776	0	0.0033170132544269	0.00178558564211234	0.0213621212440804	0	0	0	0.0617009652780877	0.0164638370024232	0.00496573578301532	0	0	0.556183064462999	0.915679641507933
BCRF1_3&EN_13819_552_NL_Ep	0.0707616462621821	0.241863753555046	0.0494414818520945	0.036005376679779	0.0389332540161586	0.0427526353965832	0.00797019228827091	0.000930183229113325	0.00848907877339428	0	0	0.053204409518114	0.0255617646724013	0	0.0911085785420074	0.00619330389592026	0	0.0423534817547861	0	0	0.0163430321375527	0	0	0	0	0	0.000821609589908103	0.163705834640907	0	0	0.0026803873469516	0.0290481780738718	0	0	0	0.044986299237709	0.0266416323296779	0.000203886207571308	0	0	0.81341997635614	0.795760589323695
BCRF1_3&EN_13821_551_IBC_Ep_2	0.425054771658696	0	0.0114148309349311	0	0.00639287280322398	0.0650320705020442	0.0257590080250812	0	0.0225889233984178	0	0	0.0365303946283941	0.0233910707697856	0.0422303688899076	0.0575530415301735	0.0158276887441315	0	0	0.05128581987237	0	0	0	0	0.00949441835531926	0	0	0	0.101080292691852	0	0.0101399341462871	0.00825319804281465	0.0186240150835854	0.00122745597463826	0	0	0.0542984523442577	0.0138213716040892	0	0	0	0.397069255709148	0.944386281748573
BCRF1_3&EN_13823_551_AM_Ep	0.232976975980384	0.199414561121863	0.0673978861232279	0.00457608509074292	0.00217502649210786	0.0988992927322577	0	0	0.0222268901659308	0	0.000913639113459535	0.0484857816856052	0.00439462932888175	0	0.0863556020613257	0.00232183323950328	0	0	0.0223658692878602	0.00138792367020695	0	0	0	0.0112989319556891	0	0	0	0.132728730488162	0.00575653235751658	0	0	0.0138544316575074	0.00195701021066278	0	0.0112166777506663	0.00716577470029408	0.0221299147861449	0	0	0	0.63688415204362	0.887266404264317
BCRF1_3&EN_13825_551_UDH_Ep	0.355172003077634	0.0684286107244544	0.0452091480268838	0.00487731666898053	0.00237092580265807	0.0675467839647283	0.0106231470862492	0	0.0130556907081818	0	0	0.04595623671324	0	0.0456070237033987	0.0855676393159365	0.00245633928870939	0	0	0	0.00552191571370523	0	0	0	0	0	0	0	0.160068078427062	0	0.00922835407596875	0.00188900594936776	0.0117993270638473	0.00575108449361085	0	0	0.0467967578240679	0.00827986802367616	0.00379474334763915	0	0	0.58386077141799	0.906810031928835
BCRF1_3&EN_13826_551_NL_Ep	0.122122595981369	0.0325123121812861	0.0957596260991558	0.0313082750629594	0.0211379316881843	0.0524982039380845	0	0	0.0293323145700977	0	0	0.0752845247066297	0.0130089486635458	0	0.131097412431138	0	0	0.0239560300812165	0.00613796738404681	0	0.00175016250657345	0	0	0	0	0	0	0.172988108927385	0.00169725438306028	0.0339014578741151	0	0.056705765120271	0.000655991096435251	0	0.0284013309204026	0.0214083477593852	0.0286002362573579	0.0197352023673	0	0	0.726198099504769	0.867784334509459
BCRF1_3&EN_13828_551_DCIS_Ep	0.392462272910982	0	0.030563960613923	0	0.00441464542804986	0.111209204800951	0.0211050256833221	0	0.0129130167013352	0	0	0.0247900244006494	0.00430700667014089	0.0339476313631661	0.042424205364987	0.0152491730240464	0	0	0.0579719606937109	0	0	0	0	0	0	0	0.00303980149049977	0.155498270300299	0	0	0.00806216177573322	0.0175497020571748	0.00693477646174985	0	0	0.0437896537140122	0.0137675065452667	0	0	0	0.504924981662728	0.924178423493592
BCRF1_3&EN_13830_550_ADH_Ep_1	0.323917181850159	0	0.0255887562281998	0	0.0196707425898665	0.0498578665644876	0.0416363194328352	0	0.0119802381830163	0	0	0.0242494733371995	0.01201254664531	0	0.113818421212173	0.00408807072686416	0	0	0.0174418218684212	0	0	0	0	0	0	0	0	0.200767168328838	0.0127967242520026	0	0.00311054799422744	0.0596822420727323	0.0106553816086103	0	0	0.0455346831848115	0.0231918139202463	0	0	0	0.313342737368029	0.956098584315395
BCRF1_3&EN_13832_550_IBC_Ep_1	0.325039657161915	0	0.00513966765787786	0.0200272236533734	0.0131793676091961	0.0654780437045886	0.000614821397001389	0	0.00991978135626297	0	0	0.0472261161730459	0.0171308616492524	0.0148378065972233	0.114407464118073	0.00116866076282661	0.00456656830914103	0	0.0632478288051626	0.00402221079734131	0	0	0	0.00637086115862472	0	0	0	0.171792106937141	0.00130595697683927	0.00785130675051197	0.00465124408440656	0.0192016475765161	0	0	0	0.0590248947865004	0.0237959019771778	0	0	0	0.352020018023623	0.951260930824166
BCRF1_3&EN_13834_550_AM_Ep_2	0.321531717444888	0	0.0299096585975349	0	0.0467163146624997	0.079342468594393	0.0140850019724567	0	0.032334660116794	0	0	0.0239062390967693	0.0134327958883223	0.0931668680567303	0.0492053317749719	0.0034520510271593	0	0	0.0466475973421821	0	0	0	0	0	0	0	0	0.122116686546716	0.00182640385450478	0.0273660630314025	0.00891244296747921	0.0155661197545002	0.00128996897884991	0.00435181663401563	0	0.0628566141308413	0	0	0.00198317952698895	0	0.615104228143503	0.85679467698207
BCRF1_3&EN_13836_550_DCIS_Ep_1	0.461480009966199	0.0014277014744084	0	0.00501147745898518	0.0084615865618328	0.0637984001033601	0.0275470333510323	0	0.00532788015372901	0	0	0.0674601544510724	0.00595984442833057	0.0126609330971689	0.0565113339170469	0.0297879439701165	0	0	0.013537046412584	0.0109452743956315	0	0.00237490233477353	0	0	0	0	0	0.180716332160654	0	0	0.00215182015473445	0.0188065190053498	0.000192054648441871	0	0	0.0195946245427774	0	0.00624712741177186	0	0	0.28011713511624	0.964667737205806
BCRF1_3&EN_13838_550_CCC_Ep	0.349402789498403	0.0532308023191791	0.0835543716507882	0	0.0085738917440375	0.0563002302690746	0	0	0.0384033726831751	0	0	0.0589462860948903	0	0	0.110310937960957	0	0	0	0.0129415122612082	0	0.0100941798450994	0	0	0	0	0	0	0.148223853355446	2.96658128557656e-05	0.0146847126943857	0	0.0181523521927466	3.43066501908896e-05	0	0	0.0286486758269683	0.00846805914059417	0	0	0	0.591342016102679	0.905520865038458
BCRF1_3&EN_13840_549_DCIS_Ep	0.204684928037162	0.0877443015553374	0.0114028538969337	0	0.0144444226452217	0.0844034296568171	0.0356622712099971	0	0.0184521436908643	0	0	0.0566062037794392	0	0.0498480481577332	0.0814969444802561	0	0.0525575380842385	0	0.0232074564050218	0	0	0	0	0.0235044572076479	0	0	0	0.1919526743662	0	0	0.00307541176362818	0.00530709902504218	0.00377112936105722	0.0103657982369116	0	0.0246130758085904	0.0168998126319008	0	0	0	0.557165308429987	0.906610236397663
BCRF1_3&EN_13842_549_IBC_Ep	0.227561036796223	0.0242863588697004	0.0169351414477829	0	0.00958357517476705	0.116524903527393	0.0184521909160095	0	0	0	0	0.00658918477085318	0	0.0419755137745878	0.0354368393067061	0	0.0994847668957367	0	0.0743770757946323	0	0	0	0	0	0	0	0	0.238829306882914	0	0	0.00119604312599338	0.0136135650782221	0.00330783371527987	0.0198823130696419	0.00244523126997663	0.0290532546604408	0.0204658649231387	0	0	0	0.572772693386069	0.909785657254826
BCRF1_3&EN_13844_549_IN_Ep	0.245119745999713	0.129693583380427	0.0913779129621831	0.057264633979246	0.00712508060275402	0.0978360171421304	0.00990356991949113	0	0.00299634212809739	0	0	0.0512504894433877	0.0125622786831323	0	0.0973333929720999	0.013289521394748	0	0	0.0220352080314734	0	0.00836831051401454	0	0	0	0	0	0	0.12775199598142	0	0	0	0.00708296219729673	5.74643974541812e-05	0	0	0.0179090141512543	0.00104247611967709	0	0	0	0.718089187959245	0.881354062935716
BCRF1_3&EN_13846_550_IBC_Ep_2	0.249612117292634	0	0.0118008348827146	0.0488759112859402	0.0540517132941033	0.0387540241775197	0.0142409981688786	0	0.0334893612792407	0	0	0.0232031975968	0.0475039794969544	0.0455007768484523	0.0423268253381637	0.0190465453325653	0	0	0.0683837231100353	0	0	0	0	0.000877910797071419	0	0	0	0.188693292773586	0	0	0.0118000370552648	0.0368044623092415	0.00118260412606112	0	0	0.0560483793707953	0.00780330546397717	0	0	0	0.716755048544436	0.807716316353829
BCRF1_3&EN_13848_550_DCIS_Ep_2	0.317533138131005	0	0.023234288408989	0.0201537213402582	0.0915999341968925	0.038886212484391	0.0218887027415647	0	0	0	0.00615288106874489	0.0211769350909815	0.00850678758893537	0.0454923623026637	0.0480268827996817	0	0	0.0282642823281493	0.0112460112285822	0	0	0	0	0	0	0	0	0.193545569029511	0.0038526502046372	0.00792268958357797	0.00763059242420627	0.0211150671934312	0.000494747758086921	0	0	0.0574332031126125	0.0258433409830986	0	0	0	0.761720293169641	0.71080753160528
BCRF1_3&EN_13850_549_IP_Ep	0.133719910461619	0.290826475924785	0.0740021644955144	0.0245703509739896	0.00870401841092676	0.0713257489316415	0	0.000708704766281838	0.022682820872707	0	0.000437753724442469	0.0395897195766346	0.0166097517464002	0	0.0614024750668181	0.0129351626930918	0	0.00679098913618683	0.026537166527787	0	0.0186581373490442	0	0	0.00664586058900388	0	0	0.00781939502271951	0.120074509955123	0	0.0176557244000397	0	0.00432368403613006	0.00396634383259137	0	0.0139914327055476	0.00568412292276316	0	0.0103375758782114	0	0	0.696235553032097	0.866004228815249
BCRF1_3&EN_13852_549_MC_Ep	0.22956338562933	0.221311198076987	0.168728210201709	0	0.00398826357676979	0.0926019112099902	0	0	0.0177661832840485	0	0	0.0422862862907116	0.0115337351816315	0	0.0292032491402128	0.00673993673807848	0	0.00288684623109624	0.0505779079781312	0	0.00151266399866442	0	0	0	0	0.00364581697086663	0.0173340169557903	0.0655497270083412	0.00221740399261113	0.000777391743446815	0	0.0153592764725781	0.0006508519810277	0	0	0.0104840620737322	0	0.00528167526424424	0	0	0.735328069785185	0.863713738079162
BCRF1_3&EN_13854_549_NL_Ep	0.128208259189791	0.0951128556656628	0.132552407987286	0.0453609972130162	0.0452956654670182	0.122202500592252	0	0.00177018093382735	0	0	0	0.0461021658533723	0.0195578087403511	0	0.0967390122943168	0.00955421601278695	0	0.0273857439504721	0.011143180448119	0	0.00706111175928138	0	0	0	0	0	0.000477209126603286	0.0836813776187231	0.00529455095592837	0.0128157561230166	0.00048772695815089	0.041813022854658	0.00847004803965171	0	0.00186602899064205	0.033407267223257	0.0236409060018148	0	0	0	0.866244244284518	0.772871703113395
BCRF1_3&EN_13856_549_AM_Ep	0.192349686040426	0.0371954842838759	0.0492661681778179	0	0.0280799860619982	0.108606124848206	0.00128750651531721	0.000258665568315019	0.0239714246146707	0	0	0.0448257483821738	0.0292734763045874	0	0.112121974447197	0.00975247308203188	0	0	0.0595343490032009	0	0	0	0	0	0	0	0	0.170908500082629	0.00180730846059681	0.0118699144058881	0.00280586839003923	0.0304811341722795	0.0305714420085198	0	0	0.040788547671179	0	0.014244217479051	0	0	0.54949693609865	0.900552034887282
BCRF1_3&EN_13858_548_DCIS_Ep	0.16604306080666	0.11474324334429	0.0427653339940691	0	0.00195954223329376	0.0704728696347238	0.0455451861788728	0	0.0193600787750592	0	0	0.0829317817168901	0.0146528152282165	0	0.088460939329056	0.00630935105701906	0	0	0.0173452029394717	0	0.00587881282078734	0	0	0	0	0	0.00395111144605667	0.257558492144486	0	0	0	0.021278139257699	0.00191853873466896	0.0017533806547388	0.00659073271960789	0.0158428260137304	0.0146385609706026	0	0	0	0.627703976042413	0.895349414692022
BCRF1_3&EN_13860_548_IBC_Ep	0.208735174008017	0.184533332869679	0	0	0.00500261473254033	0.0594987546911995	0.0209488078157892	0	0.023579296355246	0	0	0.0654955781423067	0.0114553459332372	0	0.0890944667473017	0.00858250222580334	0	0	0.0399113209949361	0	0.00777902905620537	0	0	0	0	0	0	0.218446495137573	0	0.00181950698293167	0	0.023089074125746	0.00614558823283136	0.00195278722820265	0	0.0167509830621779	0.00717934165827672	0	0	0	0.668754699223712	0.880199213276318
BCRF1_3&EN_13862_547_NL_Ep	0.0937620435335013	0.15636727985576	0.0797836708038627	0.014515412532152	0.0399224047603259	0.0925974154833112	0	0	0.0139928715697071	0	0.00285652384383158	0.0524924077562527	0.00504423829687651	0	0.0922306614034669	0.014139557410472	0	0	0.0383389019701929	0	0.00451845622993286	0	0	0	0	0.00218156322069763	0	0.16104911643054	0.00445225843473851	0	0	0.0579766299409562	0.0103958621111029	0	0	0.0473073579669627	0.00551586613728401	0.0105595003080728	0	0	0.808230947201887	0.803453996348858
BCRF1_3&EN_13864_547_CCC_Ep_1	0.337662212603843	0	0.0646872045745132	0	0.00526428407072564	0.0615947040163989	0	0	0.0211664847403698	0	0	0.0531940482794851	0.0182338102023409	0	0.0840247190586557	0.00100624131463498	0	0	0	0	0.01689154097979	0	0	0	0	0	0	0.113169098154973	0.00621927142238053	0.0302573746330758	0.00155853636014989	0.123865005590061	0	0	0	0.0516012569478051	0.00960420705079684	0	0	0	0.503749806100728	0.924733224889158
BCRF1_3&EN_13866_547_CCH_Ep_1	0.34007943612457	0.0308641987993187	0.0838143463737048	0	0.00110633664581855	0.0930486244911412	0	0	0.0350062897581993	0	0	0.0524279779333208	0.0179823485158269	0	0.11213060219499	0.00246393073870291	0	0	0	0.0185544392955115	0	0	0	0	0	0	0	0.108252289426701	0.00824410089596095	0.0102377103591339	0.00122924635261154	0.0423022652667742	0	0	0	0.0405738833201223	0	0.00168197350759203	0	0	0.550069974919209	0.918675598935775
BCRF1_3&EN_13868_547_IBC_Ep_1	0.234738952397234	0.130554434876885	0.0552010997446079	0	0	0.0957848982592264	0.0506356828672114	0	0.00406047483792616	0	0	0.0417567542129971	0	0.00855799407445356	0.0418455405069682	0.00219912999525181	0.0730140705243335	0	0	0	0	0	0	0	0	0	0	0.166503273677739	0	0	0.0039631840190418	0.0118679130172498	0.013907150711517	0	0	0.0304561954503993	0.0349532508269583	0	0	0	0.58131490455661	0.906849853261742
BCRF1_3&EN_13870_547_DCIS_Ep	0.240892958836951	0.19906854259823	0.0769326799420046	0	0.00297501923729341	0.0693934976645027	0.0236565016030076	0	0.0148057682524137	0	0	0.0421023525564556	0	0	0.0461348070234501	0	0.0757520890228816	0	0.0224816206035357	0	0	0	0	0	0	0	0	0.133402444912505	0	0	0	0.00389617327918934	0.00860910188979578	0	0	0.0221022521042663	0.0177941904735169	0	0	0	0.660697894834985	0.88518776808367
BCRF1_3&EN_13872_547_CCC_Ep_2	0.247451355139886	0.0910216323007934	0.114802692243545	0.020596882948204	0.000928393901357935	0.0607352976824387	0	0	0.0146838921722685	0	0	0.0559261466144244	0.0185413043570143	0	0.106608314714658	0.00313707376546843	0	0	0.0269572911405519	0	0.00477176675409778	0	0	0	0	0	0	0.149434312623071	0	0	0	0.0324087544349999	0.00240969310904059	0	0.000254995998866343	0.0335124788531495	0.00725323444126301	0.00856448680490159	0	0	0.597480523085603	0.907511443243285
BCRF1_3&EN_13876_547_CCC_Ep_3	0.202441719696701	0.127746965122745	0.0740444344513677	0	6.73960232271131e-05	0.0944573140443931	0	0	0.0398182108300436	0	0	0.0576841608733147	0.00616856161287235	0	0.12728464500558	0	0	0	0	0.015790162438496	0	0	0	0.0294361450283092	0	0	0	0.124755748798244	0	0.0076624200628745	0	0.0275008379994205	0.00698441659875526	0	0	0.0349984122541154	0.0231584491595414	0	0	0	0.557786023594676	0.911192164895202
BCRF1_3&EN_13878_547_IBC_Ep_2	0.169755613545868	0.0776138399149841	0.0265501766439696	0	0.0251242683440752	0.0823882744991297	0.016923158481902	0	0.04028661768362	0	0	0.0590540495024047	0	0	0.0510896288527	0.0185549858950358	0.0383075911068555	0	0	0.00882626214421752	0	0	0	0.0114913460313618	0	0	0	0.242288271457573	0.00603024310688407	0.000454316340342759	0.00102542139252921	0.024391037743901	0.00568473969733397	1.54176556556145e-05	0	0.0361361093485352	0.0580086306111207	0	0	0	0.691724075356149	0.861995083573097
BCRF1_3&EN_13880_547_NL_Ep	0.226293430765797	0.129929377214586	0.109506529414472	0.0202632164805116	0.00706815792101602	0.0674103683460193	0.00444120421448199	0	0.0364131594265379	0	0.00573683964254994	0.0422675747270156	0.00509685787725807	0	0.109740503153267	0	0	0	0.0075757250196291	0	0.00224604838699637	0	0	0	0	0	0.0005502704850384	0.15826709481717	0	0	0	0.0139057131456926	0	0	0.00785042612555537	0.0314228869573575	0.00958631140650968	0.00442830447253935	0	0	0.660626286176266	0.890009804153588
BCRF1_3&EN_13882_546_NL_Ep	0.248890835870801	0.0336815661438436	0.14688712426974	0.00997007007593595	0.0097679366648301	0.10885664821526	0.0055468892109081	0	0	0	0	0.0230805373736604	0.0149246298614487	0	0.149945091023263	0	0	0	0	0.00601650201416359	0.00737901339787235	0	0	0	0	0	0	0.131826546977606	0	0	0	0.039408842601694	0.00536897595567179	0	0.00829666183108597	0.038688412078811	0.0114637164334058	0	0	0	0.669136614707999	0.896236435910488
BCRF1_3&EN_13884_546_ALH_Ep	0.37953676241093	0	0.0751929776968276	0	0.00140311293732609	0.104324782190248	0	0	0.00365632485012883	0	0.00525313812123352	0.0326362501877845	0.000998111189126287	0	0.115193844361604	0.0224398725965938	0	0	0.000741807647410025	0.0218357920486345	0.007680644211598	0	0	0	0	0	0	0.135443592585924	0.000165936140136039	0.00124700384815177	0	0.0342132517999642	0	0	0.00331604872639728	0.0423553826281051	0.012365363821876	0	0	0	0.548339141750972	0.919906649418066
BCRF1_3&EN_13886_546_IBC_Ep	0.0809613571910499	0.0773936671491828	0.0143290577338181	0.029436600013351	0.0234916149769408	0.0413450079334686	0.0548464611008693	0	0.0115134023843635	0	0.012235488907813	0.0458823400425713	0.041848235344256	0.0141914655728102	0.0239530489549918	0.0680384968521458	0	0	0.00483828121815488	0	0.0101629309637166	0.000611114532494821	0	0.0831514615196862	0	0	0.000741208444207744	0.2475756268649	0	0.0212377784777965	0.00746037298558865	0.00184056985561406	0	0.00606035010088722	0	0.0279671685504584	0.0488868923288625	0	0	0	0.736880929529024	0.841492840692536
BCRF1_3&EN_13888_546_LIN_Ep	0.127059160074133	0.0753987040968443	0.117283033571253	0.0125511373421998	0.039606467094595	0.124921599000086	0	0.000167274041017067	0.0302187126874129	0	0	0.0622320920719786	0.0585277880101035	0.0013882468839505	0.0866338090008782	0.0182146230515845	0	2.36427065224982e-05	0	0	0	0	0	0.0022497678171431	0	0.0174423824457242	0	0.131339110813933	0.00215615563330462	0.0195337889363021	0	0.0397708793919271	0.00151914792083629	0	0.000769618990401408	0.0261067758181586	0	0.00488608259971105	0	0	0.842132228609038	0.798856347099294
BCRF1_3&EN_13890_546_CCH_Ep	0.415503562879704	0	0.0267489577018761	0	0.00240448039813929	0.0807519816117887	0	0	0.00717915899737341	0	0	0.0541544312577781	0.0362743308814484	0.0132080189694034	0.0918308512835214	0.029666362296494	0	0	0.032444876404557	0	0	0	0	0.00282745273000826	0	0	0	0.144344108108234	0.00174232962772424	0.0145551176934151	0	0.00462279954779834	0	0	0	0.0321099741072592	0.00963120550347713	0	0	0	0.547218349413122	0.918712282920292
BCRF1_3&EN_13892_546_HIN_Ep	0.0552550947793423	0.0602378423401331	0.0474828567683415	0.0864193817301438	0.0862977846242548	0.0791624066863063	0	0	0.0241516797223861	0	0.0158528751524857	0.0358488646047503	0.0066918040853956	0	0.130439216267867	0.0383691538884573	0	0	0	0	0.0417461542405923	0	0	0	0	0.0402413382656631	0.000223733208862186	0.181892763745454	0.000503295716159309	0.00484928816980115	0.00340609148112144	0.0101282087236876	0.00111314322863151	0	0	0.0391931038137444	0.0104939187564193	0	0	0	0.922212509206781	0.612498849480059
BCRF1_3&EN_13894_546_MIN_Ep	0.0779177140903612	0.0793897023381065	0.0983831517616684	0.0562105394650586	0.0293113587291157	0.0888577410460071	0.00105141422627358	0	0.0105236923116896	0	0	0.0499651963933186	0.0782855277523167	0	0.14089695208735	0.0182644575017911	0	0	0	0	0.00750496992796972	0	0	0	0	0	0.00506233314654943	0.173013105128852	0.00151651203606408	0.0227328723775058	0.00153755358926593	0.0142096105704448	0.000745190261062252	0	0	0.0332802266378624	0.0113401786213662	0	0	0	0.781119278095043	0.841762190134775
BCRF1_3&EN_13896_545_CCC_Ep_1	0.445360767936762	0.00873261078187259	0.0270366699808048	0	0.0108486834054873	0.0565068460073709	0.00595061706192792	0	0.0370696919390972	0	0	0.0661374266139544	0.0145324725124707	0	0.105275846629885	0.0321554306303646	0	0	0	0	0.000866543609064287	0	0	0.00454551858608282	0	0	0	0.146564993931681	0	0.0147891547545161	0	0.00691946410873127	0	0	0.00532956986989008	0.0090092802600706	0	0.00236841137996641	0	0	0.661843050850162	0.890063812051313
BCRF1_3&EN_13898_545_ADH_Ep	0.389933842334203	0.0480822671199146	0.0483447385495902	0	0.00608955624842122	0.079913943632926	0	0	0.0201486122782751	0	0	0.036446553080278	0.000942671653953518	0	0.100510297176174	0.0247390905532034	0	0	0.00601490035474168	0	0.00433598850614495	0	0	0.00971159614741818	0	0	0	0.142467409695059	0	0.00955950700108135	0	0.012829918695063	0	0	0.00784763276844009	0.0413466165935375	0.0107348576115751	0	0	0	0.577123363526074	0.907469363688163
BCRF1_3&EN_13900_545_UDH_Ep_1	0.288548499819887	0.114700123083239	0.0705783347338923	0.0100547554535633	0.0224581040556092	0.109198230492897	0	0	0.0306983075548569	0	0	0.0525561236289791	0.00583648689812806	0	0.0957010725046752	0.0182307863292421	0	0	0	0	0.00356327314933938	0	0	0.00995369195175675	0	0	0	0.119631287898661	0.00174860070762912	0	0	0.0147132997997266	0.00245732676126789	0	0	0.026639684993853	0.00273201018279764	0	0	0	0.722624112140621	0.861308367063341
BCRF1_3&EN_13902_545_AM_Ep_1	0.307207047530682	0	0.0685794894567486	0.00213481297287394	0.0181507031077927	0.0946217727325687	0.00312398308373808	0	0.0219257953479982	0	0	0.0450684905311666	0.00421948752949503	0	0.0965006914668777	0.0116077073030767	0	0	0.0177736078172028	0	0	0	0	0.00686209683074857	0	0	0	0.163910322396135	0	0.00122542837641389	0.00485348961130284	0.0473287368313632	0.0153320772667793	0	0	0.0406591935990807	0.0289150662079554	0	0	0	0.561188189302371	0.906407613019082
BCRF1_3&EN_13904_545_IBC_Ep	0.389170928359573	0	0.0174504743385786	0	0.00165065174059577	0.0823415619988533	0.021148879453706	0	0.0189619471781413	0	0	0.0372578206372831	0.0190095489472376	0.0388260425008044	0.0456514786727696	0.0180576271428427	0	0	0.0385583392391329	0	0	0	0	0	0	0	0	0.165424186776862	0	0.0046387646797056	0.00878219262633988	0.034641903818647	0.0090884718655427	0	0	0.0447390778795505	0.00435630163662429	0	0.000243800507209481	0	0.480742640334478	0.928771338041337
BCRF1_3&EN_13906_545_DCIS_Ep_1	0.357453859740946	0	0.0376763860207954	0	0.00287016489943937	0.0819971358081377	0.00492154473046306	0	0.020890062081941	0	0.0046299544217916	0.0308657847713459	0	0.0177288059661934	0.129792145509875	0.0157747965280205	0	0	0.0111451014577423	0.0034776636943316	0	0	0	0.00904409827524509	0	0	0	0.188059289544602	0	0.0119269929068742	0.00663650730233276	0.0096210544572994	0.012489426874888	0	0	0.0322457213817849	0.0107535036259515	0	0	0	0.46683412423235	0.931004694698882
BCRF1_3&EN_13908_545_CCC_Ep_2	0.327390989138592	0	0.0480308370830426	0.0113295779468614	0.00351951521265633	0.0767462732672803	0.00203637593526362	0	0.0244531622041472	0	0	0.050929083701099	0.00877699470521061	0	0.062634066819796	0.0292394313101051	0	0.00440622460459918	0	0	0.0146816583795918	0	0	0.0188545035134853	0	0	0	0.22713690088326	0	0.0274340652534591	0	0.0274523035841233	0.00180044504802724	0	0.00400980959962706	0.0239073537670894	0.00523042804268345	0	0	0	0.612243015133489	0.899999281125295
BCRF1_3&EN_13910_545_AM_Ep_2	0.397379140392159	0	0.0372705753856235	0	0.00226835625055482	0.0961438225540687	0.0224264739937322	0	0.0105708936255042	0	0	0.033315402740155	0	0.052964268591138	0.096093309918156	0.00265444251765446	0	0	0.0144725020015152	0.000391869916015852	0	0	0	0	0	0	0	0.147840578645053	0.00392418345267767	0.0134094630879667	0.00134073839654963	0.0102165293117174	0.00147622991876155	0	0	0.0428085611421468	0.0130326581588498	0	0	0	0.352732707627395	0.953537977419964
BCRF1_3&EN_13912_545_UDH_Ep_2	0.295970988341523	0.084913118437519	0.0648125118256534	0.0028306811114087	0.00371627826046402	0.110540048202165	0	0	0.0102067441966486	0	0	0.0635536058623206	0	0	0.0993118501344356	0	0	0	0.0440558676316756	0	0	0	0	0.0055217969506183	0	0.00896816731546274	0	0.131980346080215	0	0.0147372298051055	0	0.0261322431242286	0.0082311859132043	0	0.00190454287209332	0.0149879187789185	0.00762487515634054	0	0	0	0.603532530457977	0.903381789652941
BCRF1_3&EN_13914_545_NL_Ep	0.285145108058942	0.0204072441673186	0.115088211390793	0.00665562709012151	0.0183335829287396	0.0915423478655181	0	0	0.0293341357556851	0	0	0.0531433160273961	0.00890121035592042	0	0.109837473260563	0	0	0	0	0	0.0049444807554734	0	0	0	0	0	0	0.149152332420668	0.00912497015239098	0.0194928114152006	8.29183146155012e-05	0.0337212870555627	0.0146691217996468	0	0.00735133694277797	0.0191199193827856	0.00224731340287055	0.00170525145701025	0	0	0.618831055171546	0.89474048987507
BCRF1_3&EN_13916_545_DCIS_Ep_2	0.402078331280972	0	0.0116549128257236	0.0073468557483112	0.00010663039832299	0.0492439675673963	0.013462349198069	0	0.00745617955480665	0	0.00204059557726009	0.0224306171763911	0.0208665247861614	0.0294031347168051	0.0539320964861555	0	0	0	0.0580077228449564	0	0	0.00148812393177719	0	0.00373948758197618	0	0	0	0.151357759866849	0.00697519866840965	0.00228567368797703	0.00914145866185663	0.0285525419025758	0.0139001343094011	0	0	0.0753143847462406	0.0245894495713613	0.0046258689102444	0	0	0.445527948550948	0.933894778323932
BCRF1_3&EN_13918_545_LVI_Ep	0.407344905496641	0	0.0284772122329796	0	0.0184758279588659	0.0855150153789444	0.0236963309796035	0.000125637999040443	0.00693395804252363	0	0	0.0449985312901169	0.00103750203880327	0.00785228837268078	0.062326822223692	0.0180894647509806	0	0	0.0503451362794474	0	0	0	0	0.0135540870138835	0	0	0	0.188266090700217	0	0.00971016322562713	0.00210852373533019	0.00626011350949882	0.00197870295885273	0	0	0.0221477040538851	0.000755981758385798	0	0	0	0.568417648819053	0.901052793871706
BCRF1_3&EN_13920_544_MC_Ep	0.116744678371463	0.0970106224283697	0.192478625382031	0	0.0287464149305655	0.0701093861294014	0	0	0.0326889149751663	0	0	0.0543108621537425	0.0188815867961001	0	0.0249147872869889	0.00576536936365036	0	0.0100052881346785	0.0133138910616188	0	0.000849330855284551	0	0	0	0	0	0.0109938654559605	0.14235030231874	0	0.0317536464761095	0	0.0438721579291346	0	0	0	0.0456109891692825	0.0595992807817117	0	0	0	0.697776873639282	0.85786195507685
BCRF1_3&EN_13922_544_NL_Ep	0.118008962635323	0.121662047207422	0.184876792227921	0.0308076765814255	0.019855874585618	0.0846467692878446	0	0.000525846081563502	0.00193827994470311	0	0.0139203147075185	0.0524809094252552	0	0	0.0681527727562182	0.000606649654095884	0	0.0436240125203299	0	0	0.0205573884634698	0	0	0	0	0	0.0070784101356364	0.13778997674849	0	0.00235382053532537	0.00279607162542628	0.0318434181358201	0.0011294837511883	0	0	0.0344111927643835	0.0110796237460001	0.00985370647902142	0	0	0.674074625055426	0.877464232733615
BCRF1_3&EN_13924_544_DCIS_Ep_1	0.399208104736098	0.00672242749592081	0.0054464500522802	0	0	0.0682278313797385	0.0211584299688897	0	0.0263153905135784	0	0	0.0299650935061968	0.000430449641534418	0.12697446666857	0.0410035457295865	0.0204582315287422	0.00987089872029306	0	0.0604561719062951	0	0	0	0	0	0	0	0	0.15535210199046	0	0	0.00337680848253137	0.00320416129281441	0.000124125285311794	0	0	0.0216972368553783	8.07424578053598e-06	0	0	0	0.571089502096617	0.913350202925516
BCRF1_3&EN_13926_544_DCIS_Ep_2	0.278502120395018	0	0.00504041986583534	0.00285163971612874	0.001724685611102	0.0541289218916956	0.0283178288941498	0	0.0322697969973203	0	0.0106451248355119	0.0182066916590088	0	0.1828825868225	0.0393139377795794	0.0349776261344635	0	0	0.0778122875428798	0.00470149033612538	0	0.00956967977329424	0	0	0	0	0.00904112849074091	0.139784439707648	0	0	0.0107051401534341	0.0157605915344818	0.0015569490899488	0	0	0.0320493603823944	0.010157552386739	0	0	0	0.518299081231811	0.923106098112625
BCRF1_3&EN_13928_544_IBC_Ep	0.352544218833444	0.0375832844313521	0	0.0134696028942006	0.0245684052543118	0.037443560441624	0.015569862176949	0	0.02011591016868	0	0	0.0396702565210712	0.000511342241041463	0.0898652364577831	0.0144091350470634	0.0274092497234357	0.0109334781226412	0	0.0321531626901544	0.0171711377796149	0	0.000715358685158128	0	0.00970619024758843	0	0	0	0.178262809912543	0	0.00254838819772419	0.00749051981599172	0.0212583312837972	0	0	0	0.0320761358021677	0.0145244232716625	0	0	0	0.583470029191784	0.890391612348768
BCRF1_3&EN_13930_544_DCIS_Ep_3	0.334107228455429	0	0.00499807891408628	0.0136388085552346	0.023496355841188	0.0719972536873669	0.0070534581465722	0	0.00774367212961413	0	0	0.0627190639587835	0.0320744257406664	0.0408972893396259	0.0688126584076018	0.00538120243878793	0	0	0.0725120404548002	0	0	0	0	0.0148841619884088	0	0	0	0.189739955876461	0	0.00735995646893479	0.00578968229154043	0.00857372619154359	0.00250597136389553	0	0	0.0202419164227467	0.00547309332671307	0	0	0	0.590237364489038	0.892869720889914
BCRF1_3&EN_13932_543_CCH_Ep_1	0.42223771271851	0	0.0905464961881915	0	0	0.114272879838689	0	0	0.0168203118674875	0	0.00366422827614062	0.0326513616686592	0.00337840540200839	0.0271830377168758	0.0646992248829583	0.0183289863755772	0	0	0.0132336817558865	0	0	0	0	0	0	0	0	0.130097880178108	0	0	0.00155035925016633	0.0149242980749344	0	0	0	0.0382890854658722	0.00812205033993487	0	0	0	0.526832155469674	0.922815361202987
BCRF1_3&EN_13934_543_CCH_Ep_2	0.326587757370721	0.0135446640401184	0.0976992671327023	0	0.000176207323669549	0.119543633488022	0	0	0.0333501276777195	0	0	0.0687732808386762	0.00343503528935549	0	0.114567131269282	0.00437413782737327	0	0	0	0	0.00578395007810307	0	0	0	0	0	0	0.122297671588342	0	0.00574915015490764	0	0.0443283969285413	0.000587836478056927	0	0	0.0369839823762195	0	0.00221777013819045	0	0	0.54106491379534	0.923169199123878
BCRF1_3&EN_13936_568_AM_Ep	0.419817891425889	0	0.0493274344287606	0	0.00199995489701803	0.0903012046573136	0.00990514428239136	0	0.0128182559132427	0	0	0.0412830216278032	0.00080977407482483	0.0209174808048582	0.0839277373813478	0.00069274610531919	0	0	0.054244656422508	0	0	0	0	0	0	0	0	0.146897732044385	0.00454781980447722	0	0.00141563293810009	0.00250053752789861	0	0	0	0.0585929756638622	0	0	0	0	0.235030178865594	0.974090629095709
BCRF1_3&EN_13938_568_NL_Ep	0.215695619551332	0.148237713855963	0.0944091415426998	0	0.00376204560457236	0.109347335771653	0.0171063266186941	0.00165866766316836	0.00985244085768633	0	0	0.0382931100470951	0.0303788263106867	0.00536381095824078	0.0639840575559219	0.0153830751711993	0.0154365309763167	0	0.00552846578761813	0.0132895448647587	0	0	0	0	0	0	0.003268160674404	0.160687625409823	0	0	0	0.0266862002291801	0	0	0	0.0153596362838771	0.00627166426510945	0	0	0	0.62140160045575	0.897501230640587
BCRF1_3&EN_13940_568_IBC_Ep	0.350296550456075	0	0.0185921851149977	0	0.00451327824109763	0.0540301445166456	0.0486993827358099	0	0.0281267813977751	0	0	0.0122461673278414	0	0.0588391699686633	0.0395125125842719	0.00788775572138996	0.0505100195567453	0	0.0578020974033817	0	0	0	0	0	0	0	0	0.180421675438588	0	0	0.00874232261384142	0.00848263572939867	0.00367530861933385	0.000138057214794489	0	0.0306150317654292	0.0368689235939204	0	0	0	0.524311737193024	0.920919075195345
BCRF1_3&EN_13942_568_DCIS_Ep	0.38201756711813	0	0.0153601334649302	0	0.00013543563946332	0.082526982014062	0.029248158804917	0	0.00794185450226578	0	0	0.0319555935818397	0.0143137199749229	0.0270038080952055	0.0576206234069924	0.00739906341084483	0.0397240477657675	0	0.0558890136442823	0	0	0	0	0.00108035797065174	0	0	0	0.209360736254953	0.00428695843073973	0.00096462757414069	0.00901520092868653	0	0.0021492270565616	0	0	0.0189874718335341	0.00301941852710907	0	0	0	0.530295090057715	0.918221866844059
BCRF1_3&EN_13944_569_CCC_Ep	0.170941914651781	0.0547619134056062	0.103876781472629	0	0	0.0974990872834893	0	0	0.0230726319565557	0	0.00419753492342195	0.0376806994473843	0.0161713521485853	0.127910422396882	0.0710478113323837	0.0149815379100718	0	0	0.0406717283541711	0	0	0	0	0	0	0	0	0.158894700885038	0.000493752540636918	0.0205628298033592	0.00146787939498535	0.0111868923892532	0.00208700710936276	0	0.0338197199251069	0.00867380266929622	0	0	0	0	0.553520084212487	0.918968610793749
BCRF1_3&EN_13946_570_CCC_Ep_1	0.461742034897091	0	0.0591509766774594	0	0	0.103049832768996	0	0	0.0168707633536765	0	0	0.0511240823713933	0.00568049766251357	0	0.0757401436043199	0.0222720672471811	0	0	0.0181006133734466	0.00287504535902734	0	0	0	0	0	0	0	0.141318985963458	0.00294778534949858	0.000172337674164392	0	0.013151623531566	0	0	0	0.0242718583880894	0.00126811111420522	0.000263240663913957	0	0	0.531121665134089	0.92010008514145
BCRF1_3&EN_13948_570_IBC_Ep	0.491434403385019	0	0.00193750722006557	0	0	0.0591368492886685	0	0	0.00957813006541356	0	0	0.0438101383896726	0	0.00171605090221044	0.113197199827045	0.0237010025322155	0.00604170337108039	0	0.0536513969913277	0	0	0	0	0	0	0	0	0.170891932742942	0	0.00189135776282498	0.00228565775524052	0.0027795264802819	0	0	0	0.0109597331466403	0.00698741013935321	0	0	0	0.566701015956192	0.91028241357282
BCRF1_3&EN_13950_570_DCIS_Ep	0.440098489643442	0	0.0292762532326849	0	0	0.0932060792297723	0	0	0.00995157042361773	0	0	0.0304277655131228	0.0241346219803029	0.0234423423747996	0.084621865449011	0.0183704402493161	0	0	0.0510777319782062	0	0	0	0	0	0	0	0	0.128017653429503	0.00513444833402771	0.017141224643519	0.00521870176345268	0.00248486436069445	0.00747218754762146	0	0	0.0221189708194642	0.00156303491266996	0.00624175411477109	0	0	0.538389479247307	0.919088484197347
BCRF1_3&EN_13952_570_ADH_Ep_1	0.399465699951997	0.00542316501599933	0.114951272124174	0	0	0.132401988956735	0	0	0	0	0	0.0482173123133807	0.00704378419164652	0.00328425358281637	0.0871489148942216	0.0110825691605545	0	0	0.0138873738813401	0	0.00188503223654746	0	0	0	0	0	0	0.1251799653605	0.00160300470275497	0	0	0.015653699899918	0	0	0	0.0325536123450846	0.000218351382329499	0	0	0	0.598326632521453	0.910913366920058
BCRF1_3&EN_13954_570_NL_Ep	0.0939364015763264	0.113699039471662	0.0972126073616627	0	0.0230271725991875	0.0932853089315893	0.0109438718814165	0.00996719441122303	0.0104238379851779	0	0	0.0598254192235856	0	0.0237618040560758	0.124454073512361	0.00941323487212565	0	0	0	0	0.00955332487644224	0	0	0	0	0	0	0.132574179769984	0	0	0.00286900599697364	0.0796086192398011	0.00518874110308982	0	0.00971809361139256	0.082560123709975	0.00703184631745146	0.000946099492497324	0	0	0.802036100179597	0.833401191420484
BCRF1_3&EN_13956_570_CCC_Ep_2	0.461257502416303	0	0.0602409619495171	0	0	0.0871419064453746	0	0	0.0159692013738571	0	0.000388683651044203	0.0441239733102685	0	0.0175411921661778	0.0829781060542194	0.0335733012145428	0	0	0.00363883234254767	0.0221351822398284	0	0	0	0	0	0	0	0.114539116728866	0.00734899742885522	0.00833701625840097	0.000125705243235034	0.0019363710273069	0.000139927661156845	0	0	0.035366747740777	0.00238008416072176	0.000837190586999184	0	0	0.575859183071576	0.912519581467965
BCRF1_3&EN_13958_570_CCH_Ep	0.463089798342579	0	0.0394127882751527	0	0.00666119213805439	0.0870466174732246	0	0	0.0131493230760889	0	0	0.034222429735003	0.00191817987707115	0.00144187502986214	0.140848469736626	0.0167714021110935	0	0	0.0479382273578065	0	0	0	0	0	0	0.0140135335700015	0	0.074959704648567	0.00652027745930698	0	3.86000780490512e-06	0.0104672847321412	0	0	0	0.0394428274464015	0.00209220898321545	0	0	0	0.556470314474025	0.915716385318368
BCRF1_3&EN_13960_570_ADH_Ep_2	0.473167561219182	0	0.0237983688322735	0	0.000805128609832283	0.10884322971945	0.00365103343452721	0.000406112242945826	0.00122916755531083	0	0	0.052336659711923	0.000917150149404578	0.0114733696754974	0.0981273098369288	0.0273024703645032	0.000145646207350446	0	0.0386475384667658	0	0	0	0	0	0	0	0	0.12334100502188	0	0	0	0.0079070055912987	0	0	0	0.0215109033700808	0.00446597414143215	0.00192436584941278	0	0	0.577602231278479	0.912662566171819
BCRF1_3&EN_13962_569_IBC_Ep	0.217847699335139	0.0444074459401559	0.0334942756227063	0	0	0.114258802401934	0.0668827593051341	0	0	0.0114677445448023	0	0	0	0.00540335425202591	0.0555428881783462	0.00168889834754145	0.169211790269536	0	0	0.0513861703231144	0	0	0	0	0.00207939005598076	0	0	0.164793536081928	0	0.0125874871074058	0	0.0111948740817474	0.000537970460298009	0.00868914618498412	0.00359424504505635	0.00116614470006185	0.0237653777621019	0	0	0	0.505334798255138	0.928831062056788
BCRF1_3&EN_13966_567_ADH_Ep	0.296919836651588	0.0390002299790796	0.121454824437233	0	0	0.169337389272631	0	0	0	0	0	0.0439834022595534	0.0141236429138175	0	0.0858433662068431	0	0	0	0.0107555380395683	0.00839097114355842	0.00109745668192073	0	0	0	0	0	0	0.12574112277874	0	0	0	0.0319802762881255	0.00496477873094229	0	0	0.0237771833335986	0.0226299812828002	0	0	0	0.627747913596606	0.906540142238594
BCRF1_3&EN_13968_567_DCIS_Ep	0.219488250079161	0.0805514697681418	0.0535001162460803	0	0	0.154117450753745	0.0125125786881699	0	0.0140422185699037	0	0	0.034215452615126	0	0.0138108063874934	0.0564006223648594	0.00972052447244831	0.00487632512158112	0	0.0304570822392014	0	0	0	0	0	0	0	0	0.253267429660405	0	0	0.000112167736183156	0.0252163706445887	0.00621606958806116	0	0	0.0246348133067079	0.00686025175814327	0	0	0	0.637300109892091	0.895543026811361
BCRF1_3&EN_13970_567_IBC_Ep	0.149880818585421	0.0102358827071581	0.0911074789699689	0	0.00164793789988935	0.146325225500141	0.0440926657760419	0	0.00295905029703242	0	0	0.0315810564611881	0	0.0111621675813716	0.0610933811085553	0	0.0956482394264968	0	0.00818330918822566	0.0141794514390709	0	0	0	0	0	0	0	0.238851115124644	0	0	0.00372468219935471	0.0219417445376358	0.0138506279969401	0.00140343942827073	0	0.0196093287197086	0.0325223970528843	0	0	0	0.539676748882103	0.921253691364409
BCRF1_3&EN_13972_567_NL_Ep	0.127700104657513	0.0891936336909756	0.0970949637948099	0	0.064346994451573	0.102195467202776	0.00423903741266431	0.00594057791162191	0.0185864733917334	0	0	0.0502536704814342	0.0251036251288693	0	0.0956893208893241	0.00405348635453865	0	0	0.00299481331107313	0	0.0204174892257217	0	0	0	0	0	0	0.146986552224144	0.00459249831542437	0.0147589357481879	0.000978991047122076	0.075300302678196	0.00532941877221838	0	0	0.0373920384698504	0.00310045113701705	0.00375115370321182	0	0	0.902940621243312	0.687500743510705
BCRF1_3&EN_13974_569_NL_Ep	0.480935143706051	0	0.0806531686970866	0	0	0.082621662347719	0	0	0.014231031286889	0	0	0.0666589527612261	0	0.00682938149963585	0.106059929590611	0	0	0	0	0.000934132663167402	0	0	0	0	0	0	0	0.114387097152574	0.00246371115212712	0.0291357887282119	0	0.00499827043930868	0.0014604082708825	0	0	0.00775961824510738	0.000871703459401137	0	0	0	0.455252454209053	0.933941818484863
BCRF1_3&EN_13976_565_EN_Ep	0.359034603709945	0	0.0909077401347518	0	0	0.123502210712915	0	0	0.0180218371894155	0	0	0.0605207006093147	0.00426640141658192	0	0.124942377165187	0.00214089503782466	0	0	0	0	0	0	0	0	0	0	0	0.146534361174981	0	0	0.00314030626771433	0.0179438797339685	0	0	0	0.0279180061943959	0.0211266806530033	0	0	0	0.435602194046299	0.940159665353383
BCRF1_3&EN_13978_565_DCIS_Ep	0.140432829078979	0.0781729302030173	0.038496583031696	0	0.00968482195872809	0.108407982201095	0.0431703447664505	0	0.0153022157860423	0	0	0.0301139801659253	0.0292008524637664	0.0282308122486313	0.104209359707374	0	0.00985776389368838	0	0.0378802450106254	0	0	0	0	0.0331006395946341	0	0	0.00350137896429837	0.231315637016988	0	0	0.00157097817904407	0	0.000509272006990765	0.00293027006368962	0.0448811511170029	0	0.00902995254133421	0	0	0	0.602225788607893	0.897480005739192
BCRF1_3&EN_13980_565_NL_Ep	0.148498368775677	0.0883346886898465	0.0543207444703527	0.0166294793868299	0.0397372689800407	0.0959259101879833	0.015034002729217	0.00136266189305542	0.0244810876521697	0	0.0115269084259917	0.0465906880588277	0	0.0256335752046379	0.103476537589214	0.0154097280926009	0	0	0.0227117160256329	0	0.0173161836563243	0	0	0	0	0.0132687746523841	0.00166337301140047	0.132502253989384	0.010091543797817	0	0	0.0532300990895103	0.0107719154523499	0	0	0.0318584568678446	0.00413625830017351	0.0154877750207344	0	0	0.842323573136498	0.794779606191902
BCRF1_3&EN_13982_561_DCIS_Ep	0.153480241269665	0.0228023537015208	0.129125575108735	0	0.00189682915092324	0.0918109795288636	0.0168948568628725	0	0.0314216296220791	0	0	0.0652542425499909	0.0253773771138766	0	0.0580042515669882	0	0.0426474243807732	0	0.0529198097871207	0	0	0	0	0	0	0	0	0.214826804388959	0	0.0149477104269286	0.00133281359885202	0.0282428926666318	0.0139796661688423	0.00368912991744313	0.00263531761759345	0.00649419294350639	0.0222159016278345	0	0	0	0.472325538604617	0.933095371214726
BCRF1_3&EN_13984_561_IBC_Ep	0.12173166112962	0.113275247511077	0.0884538477667538	0	0.00205746632312381	0.0818595420471717	0.0296590403792848	0	0.00144322521014832	0	0	0.0433108892125939	0.0265612054405613	0	0.0675232251198949	0	0.0551086092935998	0	0.041370454982332	0	0	0	0	0	0	0	0	0.211824246675846	0	0	0	0.0533030698067334	0.0218520919088515	0.00318218685855897	0	0.00460167050483984	0.0328823198290098	0	0	0	0.485461333002255	0.926935916050166
BCRF1_3&EN_13986_561_NL_Ep	0.325556003547635	0.00460032858945657	0.0513065064137984	0	0.00766527384667455	0.0900072669871319	0	0.000981201558526326	0.0283241784542412	0	0	0.0512310121105011	0.011904738390976	0	0.0885019801325414	0.0165037404498816	0	0	0	0.00162159985430114	0.0119064590686104	0	0.00070895820699979	0	0	0	0	0.189952957105178	0.0158262141688991	0.0160919517660936	0	0.0473502046907566	0.00433193303268744	0	0	0.0154531273961751	0	0.0201743642289345	0	0	0.439734308371729	0.93502344498092
BCRF1_3&EN_13987_562_DCIS_Ep_1	0.204318215015952	0.259118382045686	0.0340464346614053	0	0.00102453076498286	0.0913335839794176	0.00913639060884819	0	0.00479906422692631	0	0	0.0339906841925226	0.0238962362073722	0	0.0423501335979944	0.0302387926069693	0.00340752237702171	0	0.0286580536821203	0.000181142462163212	0	0	0	0	0	0	0.00287422492995687	0.164064424373378	0	0	0	0.0120653696153676	0.00646657580062975	0	0.00240870511176865	0.0318721002669786	0.0137494334725381	0	0	0	0.691555442604167	0.87002827641009
BCRF1_3&EN_13989_562_NL_Ep_1	0.142172232343645	0.105769459151055	0.144409188444725	0.0312618623299378	0.0134673565459341	0.100464697868151	0	0.00282125116059704	0.0205457229056164	0	0.00097689882088785	0.0408688043513847	0.00538547314358764	0	0.104650098369702	0.0108562840124524	0	0	0.00547782802464382	0	0.0126991185035159	0	0	0	0	0	0.00724708113999506	0.159130699241731	0	0	0	0.0471382539099029	0.00592143792238343	0	0.0101881765818602	0.0235220169399578	0.00502605828833399	0	0	0	0.650334405359268	0.888995956928055
BCRF1_3&EN_13991_562_DCIS_Ep_2	0.153000663016558	0.149483884306855	0.0705340798765939	0	0	0.0951765592906031	0.0470683940680588	0	0.00722314267511697	0	0	0.0504809199297158	0.014809417683104	0.0266493242103213	0.0700074213884883	0.0202038663698858	0.0146837186120611	0	0.0411727569880261	0	0	0	0	0	0	0	0	0.21271037631193	0	0	0.00514496943276715	0	0.000428233598897509	0	0	0.0141906077471943	0.00703166449382303	0	0	0	0.623218790909371	0.897821336750543
BCRF1_3&EN_13993_562_NL_Ep_2	0.154452346755209	0.176898878059594	0.11841321140404	0	0	0.0987639134545924	0	0	0.00484838037006795	0	0	0.0461238412965459	0.0087502600376651	0	0.101524629351886	0.0179603505395584	0	0	0.0254901134021848	0.0192251207242903	0.00584059031194798	0	0	0.0264601851795742	0	0	0	0.139023856775351	0	0	0	0.0060882638952741	0.000467963621298455	0	0.0105905285404656	0.0237708238244398	0.0153067424560149	0	0	0	0.590311791045195	0.901881388145722
BCRF1_3&EN_13995_563_NL_Ep	0.123558300644729	0.194420645351129	0.104070316671017	0.0124839240043802	0.0171764434394127	0.0834570951533923	0.031875580800538	0.00123537636650712	0	0	0	0.0275549854429125	0.0168677762877007	0	0.131119892137116	0.0163512295885871	0	0.0227689803399884	0	0.00725170506572933	0.04775820373367	0	0	0	0	0	0.009314873743746	0.110206365054198	0	0.00514892348169716	0	0.00620635860125387	0	0	0.0049778544465525	0.0113152081187705	0.0148799615269717	0	0	0	0.709439703553095	0.870425758223078
BCRF1_3&EN_13999_563_EN_Ep	0.133077562806366	0.116595158003701	0.0779940822286681	0	0.0451390578434344	0.0704961152915632	0	0	0.00306280718730292	0	0.0194819486852025	0.0595666958822643	0.0306524610906407	0	0.117663842660921	0.00776464393450486	0	0	0.0144970704651712	0	0.0373095995109883	0	0	0	0	0.0204283586035409	0	0.2002586078326	0	0.000680588537584923	0.00355188217616093	0.00928172523725532	0.00105441862895649	0	0.0107232374209335	0.00927838650732192	0	0.0114417494649172	0	0	0.806804121564526	0.792026467500229
BCRF1_3&EN_14001_553_DCIS_Ep	0.38928338552123	0	0.00730409123769237	0	0	0.0877502262563726	0.0492346902752952	0	0	0.0165257972973444	0	0.00823474835889243	0	0.0348448892425587	0.0783122076714877	0.00137707207279989	0.0904723882574413	0	0.0559966127640211	0	0	0	0	0	0	0	0	0.127855678097956	0.000506482549199322	0	0.00694155664544021	0	0.00192719382471991	0.000903303711362546	0	0.0351070835124799	0.00742259270370634	0	0	0	0.46725647869735	0.934564271573341
BCRF1_3&EN_14003_553_IBC_Ep	0.303102873921831	0.0680471216749385	0.028658275743621	0	0.00132574299381167	0.0887953532179599	0.0380664294130697	0	0.0177728451908769	0	0	0.00785535589946721	0	0.0303241999187501	0.0767429066202837	0	0.0698945250128172	0	0.025286615107901	0	0	0	0	0	0	0	0	0.136060116494654	0.00761300701921822	0	0.0199316913533288	0.00686048955965656	0.0021716984803904	0	0	0.0577883016040903	0.0137024507733344	0	0	0	0.616792741543802	0.90027383619292
BCRF1_3&EN_14005_553_NL_Ep_1	0.444978902842052	0.00154831803280208	0.141062241575406	0	0.00358939944624316	0.0793096351840095	0	0	0.00538422032975509	0	0	0.0305924486619594	0.0139702274719726	0	0.043540478259509	0.0180751444014573	0	0	0.0213110735960282	0	0.000671661005369988	0	0	0	0	0	0	0.104046212461252	0	0.0293597915364361	0	0.0279976299187534	0.000408094395163037	0	0	0.0214661951735943	0.0126883257082369	0	0	0	0.597651922890902	0.906872949342778
BCRF1_3&EN_14007_553_EN_Ep	0.325459109237739	0.0603627587160883	0.081315398967646	0	0	0.0840525191161415	0.00415288481430508	0	0.0170627599340035	0	0.000489582115145994	0.0482016692754123	0	0	0.0993375411905687	0.0114044033240066	0	0	0.0298300187406251	0	0.0109266016947271	0	0	0	0	0	0	0.158392858790857	0	0.0199534570429341	0	0.0163475915063022	0	0	0	0.0197581487231859	0	0.0129526968103115	0	0	0.54706888921758	0.916518776482771
BCRF1_3&EN_14009_553_AM_Ep	0.466114940616441	0.0122295538390921	0.0703497104194231	0	0	0.106081144195462	0	0	0	0	0	0.048449951947691	0.00978512274470821	0	0.0556452650620275	0	0	0	0.0335165782405449	0.0053860410410456	0	0	0	0.00336998972563399	0	0	0	0.136068274430803	0	0	0	0.0198806583208879	9.46814706514773e-05	0	0	0.0330280879455886	0	0	0	0	0.535147164550152	0.917681673311049
BCRF1_3&EN_14011_553_NL_Ep_2	0.51375187055193	0.00578720621327906	0.145538974128648	0.0060402382220868	0	0.0498506017195649	0.00211415993059531	0	0.0127528948837362	0	0.00368244582688178	0.0180836245874286	0	0.0147049410255132	0.0179212781885399	0.00730490305611774	0	0	0.055102160668218	0	0	0	0	0	0.00123969159415886	0.00380759111290128	0	0.112289738971521	0	0.00338825578932632	1.95402515830512e-05	0	0.000164882966337325	0	0	0.0169438357434242	0.00769722843953607	0.00181393612867186	0	0	0.646659132735446	0.893463326516471
BCRF1_3&EN_14012_560_CCC_Ep	0.388171886470098	0	0.0898352814125333	0	0.00268868018174518	0.0662601321827791	0	0	0.0275734821974997	0	0	0.069438238901138	0.0032935337313423	0	0.091773464291862	0.00542719450250848	0	0	0	0.00327276446168553	0.00439929353458168	0	0	0	0	0	0	0.148223101651757	0.000143047511634832	0.0149602395412682	0.000214259478590886	0.0417998707790288	0.00199147845425914	0	0	0.0386000418502366	0.00193400886545205	0	0	0	0.531562969487428	0.92072922457872
BCRF1_3&EN_14014_560_AM_Ep	0.402443195900926	0	0.0590037216920787	0	0	0.0679449446304267	0.0203574914911388	0	0.0111079878231939	0	0	0.0167081905613065	0	0	0.103461275081645	0.0124588932118287	0.0464249546390086	0	0.00711615310607842	0.00188200972357109	0	0	0	0	0	0	0	0.174134727453008	0	5.87064103346462e-05	0.00357132009765985	0.0175988439905104	0.00439563787032091	0	0	0.0435717236209401	0.0077602226960233	0	0	0	0.258050277004532	0.969903856900549
BCRF1_3&EN_14016_560_NL_Ep_1	0.317845427839128	0	0.117110850331473	0	0.0140082827986807	0.0990528883488114	0	0.000927150548679915	0.027958451226	0	0	0.0572973439918728	0	0	0.112046343894419	0.00231870254467666	0	0	0	0	0.0109229528506126	0	0	0	0	0	0	0.161650277930762	0.00528730129074073	0.00965288273091966	0	0.0297861199685668	0.00458595147293398	0	0.00045494364231348	0.0208572828158925	0.00823684577351667	0	0	0	0.538505886068292	0.915547209588769
BCRF1_3&EN_14018_560_NL_Ep_2	0.403245077315786	0	0.128352441561254	0	0	0.0938784314504359	0	0	0.0179454329847944	0	0	0.0436784986425277	0.00048893175636647	0	0.0976075072028884	0	0	0	0	0.00202366262719393	0.00708219673455298	0	0	0	0	0	0	0.14902512078011	0	0.0147166538662032	0.000798808404682385	0.0143222459639777	7.50714461628484e-05	0	0	0.0207520093220917	0	0.00600790994097157	0	0	0.595210899809474	0.909228238475206
BCRF1_3&EN_14020_560_IBC_Ep_1	0.0386584981281281	0.1276750354645	0.0125697270691637	0	0.00384463566929003	0.0670797726760961	0.119567013721488	0	0.00101917425009999	0	0	0.0175159049466819	0.0026778197059695	0.00189792210534487	0.0368338253731251	0.0255900163876829	0.0949398590340644	0	0	0.0118550087259362	0	0.0532085348375785	0	0	0.00439537949838719	0	0	0.300916702054995	0	0	0.00296436825811651	0.0114175465378552	0.00807900963626289	0	0	0.0277443986163085	0.0284402021326815	0	0.00110964517024477	0	0.575213247956919	0.897482582971257
BCRF1_3&EN_14022_560_SA_Ep	0.228866159742727	0.0425627023187696	0.182466161824647	0	0.0171757418659824	0.100524322158471	0	0.00222080477449766	0.0144789916048329	0	0	0.0595840457064962	0.0162794799403574	0	0.0695811240235085	0.00862120500211742	0	0.00506073460005244	0.00601599051517322	0	0	0	0	0	0	0	0	0.175946692383843	0	0.0102176481364449	0.00137370344819204	0.0290620547148508	0.00221832725799408	0	0	0.0277441099810424	0	0	0	0	0.719518145117999	0.871949301158702
BCRF1_3&EN_14024_560_NL_Ep	0.148226234905161	0.116468613635832	0.0948850319464036	0	0.0165609677291376	0.0821464785514759	0.00609549395976654	3.33223408921778e-05	0	0	0	0.0480613373864917	0.0249061365630707	0	0.0468416641358677	0.0553046018784953	0	0.0305255013175547	0.0239120321240934	0	0.0180525014284169	0	0	0	0	0	0.0246406914962099	0.151212500268698	0	0	0.00126463008288483	0.0349185207512637	0.00140140843758431	0	0.0165263477565481	0.0465160702975218	0	0.0114999130066293	0	0	0.738755482526773	0.864704171592097
BCRF1_3&EN_14025_560_IBC_Ep_2	0.0501235868286657	0.21403065698215	0.027282609567419	0	0.00617201466775542	0.0595755211620935	0.0660144483137828	0	0.024185281410225	0	0	0.0365058519674398	0.0107306244000695	0	0.0703071154679758	0	0.0894738043680704	0	0.00539736239121778	0	0	0.00536474076684794	0	0	0	0	0	0.221403430234574	0	0.0245827226630865	0.00239999563338172	0.00934893374808878	0.0249279740913663	0.00125097806167257	0	0.0127475177473704	0.0381748295267467	0	0	0	0.596732541114408	0.896948236354839
BCRF1_3&EN_14027_572_IP_Ep	0.296307960660433	0.0680602782035633	0.173402434958941	0	0	0.124556536931132	0	0	0.0109402240479664	0	0	0.0423344854794998	0.0138507495562912	0	0.077577906316839	0.00657161117701403	0	0	0.00100341082797911	0.00119652973654957	0.00131934106587324	0	0	0	0	0	0	0.123850978961846	0	0	0.000300272897405348	0.00123410896330846	9.04530029716481e-05	0	0.014784071328164	0.0215848838541017	0.00137974294613651	0.0196540190839846	0	0	0.628248231674442	0.90326722519451
BCRF1_3&EN_14028_572_UDH_Ep	0.318697414426559	0.125979505181833	0.0511084727288701	0	0.000485487162735591	0.0637049643250017	0.00411015546186843	0	0.017424813957838	0	0	0.0397373375156037	0.0310045911951228	0	0.0366541637178358	0.0228146821465151	0	0	0.0349777111786493	0	0	0	0	0	0	0	0.0112178239433604	0.129862682406901	0.0165658218439576	0.0135856971549676	0.00185109332000774	0.0221732468272695	0.00546516307455977	0	0.0100656517698276	0.0359959002550714	0.00651762040564534	0	0	0	0.537242868870921	0.910284810536564
BCRF1_3&EN_14034_572_IBC_Ep	0.0955442919569126	0.179248747336946	0.0116651914693531	0	0.0065127894102374	0.0502287338584576	0.0406050380024905	0	0.00713243375395701	0	0	0.0452617374728679	0	0	0.0582283773166123	0	0.0441265844985076	0	0.0550647640644611	0	0.00820508118242481	0.00631542146690692	0	0	0	0	0	0.309579905038369	0	0.0306379776079786	0.00910708300030302	0.00866251964702433	0	0.00227960367545356	0.0104954586118215	0.00971290037094718	0.0113853602579671	0	0	0	0.522914993221739	0.907196044952052
BCRF1_3&EN_14036_571_NL_Ep	0.176071470365363	0.163003806199224	0.101729308053923	0.0216616261814889	0.00414154213674517	0.0351458362870915	0.0139575387652853	0.00264459161267849	0.011641293556513	0	0	0.0437020293553849	0.0535837072168378	0	0.0680938998817146	0.0519606127008546	0	0	0.0288107835120846	0	0.00406375824585488	0	0	0	0	0	0.00430197345341545	0.155211221912289	0	0	0.00875346768040984	0.0050798081522934	0	0.000220872820654651	0	0.0186671464914006	0.0275537054184931	0	0	0	0.670055627389896	0.885607321216899
BCRF1_3&EN_14038_571_EN_Ep	0.062120941169294	0.182301237786561	0.0103301368577245	0.0281106293690824	0.0132589245799333	0.0646882196548837	0.0347341618626789	0.00147397523120861	0.005304676453457	0	0.0106292414176825	0.0457164175640683	0.0375123264991823	0	0.0701047044135853	0.043961235550748	0	0	0.00217106437469828	0.0118269558757654	0.0167384392010963	0.0167463030758497	0	0.0416918447187437	0	0	0.0192208743699238	0.187708049185916	0	0.0243326378078639	0.00438527454079623	0.0100898647492092	0	0	0	0.037305526227257	0.0175363374627904	0	0	0	0.684593148970536	0.865110066086231
BCRF1_3&EN_14040_571_DCISw_Ep	0.156393275806217	0.192953217033397	0.0435479079027229	0	0.00402091372761039	0.0815550248426604	0.0411797913545686	0	0.00908916875363465	0	0	0.0216697504371454	0.00897041090337295	0.0107996755096091	0.0516145807754479	0.0277436721633062	0.0582627959216959	0	0.0200133766684439	0	0	0	0	0.00784249144019121	0	0	0	0.211629909499209	0	0	0	0.015160519160754	0	0	0.00190619911335929	0.030200155240904	0.00544716374574999	0	0	0	0.677736638823853	0.880362542349056
BCRF1_3&EN_14042_571_DCIS_Ep	0.124766268234079	0.291897749654329	0.0293727263629488	0	0.00124792595342928	0.105214344095995	0.0142744462417919	0	0.0170281604157868	0	0	0.0398803665307206	0.0086983152130023	0.00589136763885043	0.0702743110807475	0.0233018035449789	0.0117756758625551	0	0.0261827934261675	0	0	0	0	0	0	0	0	0.198648264837775	0	0	0	0	2.47062787154901e-05	0	0.0144709477527353	0.0120429014740146	0.00500692540137828	0	0	0	0.653325301970695	0.87808750002897
BCRF1_3&EN_14044_571_IBC_Ep_1	0.0683180713527136	0.249757023249841	0.023903798851516	0	0.00587490099847066	0.0428485946814392	0.0726024887445331	6.98728538327206e-05	0.0178405100247863	0	0	0.0338589049599196	0.00799414533608644	0.0310151788289755	0.0215615681750842	0.0520317584558547	0.0338998283549466	0	0.00900499339901758	0.00906050705356467	0	0.00175001934043783	0	0	0	0	0	0.253034303660628	0	0.00100189663590788	0.001200591200627	0.00990418336571728	0	0	0	0.0290220154949488	0.0244448449811514	0	0	0	0.68321696209047	0.872997749026298
BCRF1_3&EN_14046_571_IBC_Ep_2	0.11068920171495	0.202174379467247	0.0517572835313816	0	0	0.102435829270878	0.0432032672453862	0	0.034207267227326	0	0.00319342874308752	0.0195801181736043	0	0.0484665390900911	0.0464400190836574	0.010858737579712	0.039200348927177	0	0.0307753377185367	0.00486859143640951	0	0.0146596247476371	0	0	0	0	0	0.187731275640296	0	0	0.00231379123810079	0.00533932820977038	6.33170764012856e-05	0	0	0.0256799330774983	0.0163623808008517	0	0	0	0.618441391338645	0.895301096199433
BCRF1_3&EN_14048_566_IBC_Ep	0.0967351112131299	0.00547054565535362	0.0486459229521221	0.0138943320594695	0.0050486815944491	0.085357831438399	0.0753443945062172	0	0.0159381392183801	0	0	0.0498460610130275	0	0	0.0929193077531353	0.0486545148465464	0.123906758655479	0	0.000930008439519392	0.0246266032180873	0	0.0158493612221936	0	0	0	0	0.000347116440225848	0.212023906878933	0	0.0141162481394782	0.00593827048014249	0	0.00161785200294958	0.0150569863457809	0	0.0196527604706652	0.0280792854563163	0	0	0	0.618497951184345	0.906954862456724
BCRF1_3&EN_14050_566_DCIS_Ep	0.133381994044734	0.126067151546356	0.0569487713005902	0	0.00712051928532191	0.0997483503974018	0.0463044090459096	4.33807866579027e-05	0.0269051579262034	0	0	0.0300966934532905	0.00884717863327046	0.0137521273007716	0.0635767960350501	0.0649177645587765	0.0358955935373675	0	0	0	0	0.00357866504984176	0	0	0	0	0.0114889050276742	0.226667247741593	0	0.00354893344764558	0.00108853650312155	0.000612225471654554	0	0.000660668577836337	0.0175728229711992	0.00457069022290863	0.0166054171348232	0	0	0	0.638490203182757	0.892429082118758
BCRF1_3&EN_14052_566_UDH_Ep	0.341415808581768	0.0286817109168316	0.0579492134561795	0	0.00361981898950427	0.0911067525722691	0.00195571799410875	0	0.00933793310649426	0	0	0.0308280190636123	0.030340116341473	0	0.0394494716838615	0.0550851092013123	0	0	0.0224737541812203	0.0260993595066995	0.00661687510586492	0	0	0.0124504634741083	0	0	0	0.189636491760589	0.000891374410940607	0.0260524343537029	0.000959870691003511	0	0	0	0.000928642035460389	0.00819200530827686	0.0159290572647189	0	0	0	0.460068217741129	0.931183465319255
BCRF1_3&EN_14054_566_CCC_Ep_1	0.391361832509956	0	0.0906571979338636	0	0	0.149962117718704	0	0	0.00926570936789661	0	0	0.0557852754564456	0.0174693214987449	0	0.0551103320980026	0.025067785641522	0	0	0.00871080695478603	0.0186721709770353	0	0	0	0	0	0	0	0.117714005210653	0.00166387980470256	0.00532467903578341	0	0.0116499447470506	0.0017871628389561	0	0	0.0238103165561022	0.0159874616497955	0	0	0	0.556570523681113	0.919694965256065
BCRF1_3&EN_14056_566_CCC_Ep_2	0.408234112603876	0	0.0965404497272195	0	0	0.18576562686469	0	0	0	0	0	0.0356810113936511	0.00220887737296938	0	0.101389571892415	0.00488888442894357	0	0	0.0101317186782077	0	0.0100827846779903	0	0	0.003599863026964	0	0	0	0.0933215735283893	0	0	0	0.0259700315478365	0.0067062717490225	0	0	0.0143024692449592	0	0.00117675326286604	0	0	0.617527067158563	0.909799562491067
BCRF1_3&EN_14058_566_AM_Ep	0.511941564074587	0	0.0138231392296863	0	0	0.132262930881188	0.0106525858180705	0	0.00441447243627909	0	0	0.0163738442052526	0.0107774405984311	0.0191235234293445	0.0886611098517606	0	0.0110243224573234	0	0.0256637792772144	0.0198149840400224	0	0	0	0.00200944668436778	0	0	0	0.0919124947186519	0.00112663923414473	0	0.00218176173877698	0	0.000116650062847359	0	0	0.0365604052184588	0.00155890604359321	0	0	0	0.34206091985444	0.955098333759541
BCRF1_3&EN_14060_566_NL_Ep	0.360442694886864	0	0.169128192268221	0	0.00508329664840532	0.0878948502504548	0	0.00471385734737453	0	0	0	0.0581684773779645	0.027573160422627	0	0.157334203331576	0	0	0.00187018047626756	0	0	0.0120097636049222	0	0	0	0	0	0	0.0572313324453525	0.00380649945616106	0.0227617255458998	0.00165817052733793	0.0116425201267874	0	0	0.0064608320502343	0.00386977171251618	0.00835047152103343	0	0	0	0.548865974906234	0.921180637262611
BCRF1_3&EN_14062_564_DCIS_Ep	0.244689159190482	0.0424548316334248	0.0485723942838314	0	0.000916289733556714	0.109532888357129	0.0399346550639729	0	0	0	0	0.058291929381167	0.00471793522555098	0.0119581737464984	0.0794105576361603	0.0226667094276014	0.029955434542575	0	0.0295266940908174	0	0	0.0082607251983612	0	0	0	0	0	0.211811866368926	0	0.00280585033833739	0	0.00919553551712878	6.79729186486021e-05	0.00314100239324667	0.0121650416329055	0.0160497241206634	0.0138746291990161	0	0	0	0.655769965441969	0.896889631392508
BCRF1_3&EN_14064_564_HP_Ep	0.104036509702638	0.0631278945754398	0.0889235090907336	0.0138242745582362	0.00696721327622403	0.097596964620366	0.01162530895068	0	0.032721156892734	0	0	0.0476278240291928	0.0314914979242657	0	0.109249664132309	0.0389668497985761	0	0	0.0313951078711409	0	0.00732232254040327	8.87202630433146e-05	0	0	0	0	0.00565825788135964	0.183692625445053	0	0.00776159262960254	0.000125202783990741	0.0262596704888719	0	0.00887941331513446	0.0145153029865956	0.00981879399093134	0.0583243222524777	0	0	0	0.651417900150934	0.899277572974689
BCRF1_3&EN_14066_564_NL_Ep	0.106565615469596	0.165517996992963	0.103428496424172	0.0617099899147232	0.0578173287475572	0.0418511706982772	0.00201302835665517	0.00687793512838464	0.021561908038795	0	0.00202895269151342	0.043597892543337	0.00793213818145766	0	0.0645998400662408	0.0111521522552274	0	0	0.0567967506965526	0	0.0134005470670133	0	0.000130380826964529	0	0	0	0.0136637136856752	0.125117266009564	0.0041317699404769	0	0.00465863274535466	0.0309977184214068	0	0	0	0.0292268112867245	0.0237697111250793	0.00145225268628961	0	0	0.894213794686636	0.705685804099206
BCRF1_3&EN_14068_564_IBC_Ep	0.204284230372706	0.0324232223756056	0.0409022967904852	0	0.00629331152936735	0.0780605694786528	0.049770586677429	0	0.0130671765872303	0	0	0.0610259456383047	0.00945241698191672	0.0654140013033903	0.0258198491698527	0.0217109198910812	0.0674294437101621	0	0.0453993259094022	0	0	0.00184501308437076	0	0	0	0	0.0143415116205806	0.199533492433271	0.00414140410893728	0	0.000913715728035458	0.019189301901517	6.24081062296249e-05	0	0.0253271974946016	0.00146354240927361	0.012129116697597	0	0	0	0.742495856217729	0.877511473238772
BCRF1_3&EN_14070_559_DCIS_Ep	0.15380558745554	0.13345699183719	0.0102441570901008	0	0	0.103056554347069	0.0451811510206804	0	0.0257341815820665	0	0	0.0259746286307907	0	0.0598874332065578	0.0654701784979365	0.00386469096097606	0.0804009265307301	0	0.0473799208714857	0	0	0	0	0	0	0	0	0.196898646215353	0	0	0.00558328253755583	0.00790301041563781	0.000423851923754564	0	0	0.0263877833557474	0.008347023520829	0	0	0	0.545450729625245	0.915675414177162
BCRF1_3&EN_14072_559_IBC_Ep	0.260680631340869	0.146079902342735	0.0231779532883259	0	0	0.0746000934687197	0.023624856715284	0	0	0	0	0.0124111491733412	0	0.028175427973338	0.058897360710256	0.0128138553194632	0.131082347449388	0	0.0172917665776927	0	0	0	0	0	0	0	0	0.170130694248645	0	0	0	0.00407948319294669	0	0	0	0.0271348364003384	0.00961491533596239	0.000204726462694984	0	0	0.616362297576945	0.899312331319113
BCRF1_3&EN_14074_559_CCH_Ep	0.356858600869573	0.0222504762797587	0.102629883239244	0	0	0.0684659762629238	0	0	0.019878598189417	0	0	0.0829258468000107	0.0128078996098652	0	0.115246171447071	0.00513446837950331	0	0	0.0105585650483792	0	0.00288175094033265	0	0	0.0202552048110032	0	0	0	0.12795308193798	0	0	0	0.0100827927833684	0	0	0.00422982399916657	0.02242271031528	0.0154181490871234	0	0	0	0.627392965537866	0.902557928002362
BCRF1_3&EN_14076_559_AM_Ep	0.439672565584352	0	0.0428563899580488	0	0	0.0926513344069296	0.00893540852111485	0	0.0154267998418878	0	0	0.0278472936127282	0	0.019473374987167	0.101552853764464	0.00847690427602442	0.00594320970706879	0	0.0513968909112874	0	0	0	0	0	0	0	0	0.102512736458767	0.00158901587025758	0	0.00517343465177009	0.00228200550103958	0.00904658091454092	0	0	0.0630368438425563	0	0.00212635718999458	0	0	0.255555001470214	0.970812435942242
BCRF1_3&EN_14080_558_IBC_Ep	0.167601309236242	0.261234419174662	0.00738199949958312	0	0.00293590828961064	0.103336203473245	0.00683411710123706	0	0.0314639097892218	0	0	0.0362073895722615	0	0.00375360474962413	0.0571648391298332	0	0.0256851659713081	0	0	0.00540069969520375	0	0	0	0	0	0	0.015932727289572	0.166954240124635	0	0.00811181557811439	0	0.0196519874227955	0.00113694898354227	0.000860129223208323	0.0172766545554822	0.0116877257389805	0.049388205401638	0	0	0	0.619059099932563	0.884338633229464
BCRF1_3&EN_14082_558_NL_Ep_1	0.395182529416367	0.0300286252497933	0.176048360115287	0	0.0185495966899296	0.0232151367982768	0.00924391724719954	0	0.00734355078742109	0	0	0.028212793250993	0.0173310305133873	0	0.0135489673625016	0.0109537627782829	0	0.0210553641956669	0.0464623169190402	0	0.00321781125559806	0	0	0	0.00137572036594407	0	0	0.0881335092791075	0	0.00553746027022671	0.00172276361374093	0.0585336750467239	0.000789575107552344	0	0	0.0211280150414339	0.0223855186955261	0	0	0	0.696400712068492	0.872986381318097
BCRF1_3&EN_14084_558_DCIS_Ep_1	0.130618736861234	0.288613017251129	0.0120133263198811	0	0.00721780590648299	0.100710125605093	0.0068092316697146	0	0.0147690588900437	0	0	0.0216625697308843	0	0.00365164199551228	0.0826678320320646	0	0.0607688658987549	0	0.0055472203480179	0.000546780165514387	0	0.0084233922617135	0	0	0	0	0	0.189646006358138	0	0	0.0030294375867742	0.0087750069770648	0.00441702634077711	0.00243805387690909	0.0128667864431327	0.0076842392433052	0.0271238382378587	0	0	0	0.602655947544577	0.8869077532433
BCRF1_3&EN_14086_558_DCIS_Ep_2	0.231903532731052	0.193248880481294	0.0377099421788982	0	0	0.102463805783614	0	0	0.00538085438270191	0	0	0.0589623073120431	0.00177919248571575	0	0.080398665549619	0	0	0	0	0	0.00582663494545126	0	0	0	0	0	0.0297108617521491	0.191555827183402	0	0.0123121836154636	0	0.00475837496270158	0	0	0.0179052736987327	0.0165341666550591	0.0095494962821041	0	0	0	0.625575720197822	0.884702073512356
BCRF1_3&EN_14088_558_IN_Ep	0.20528840403908	0.135766166690395	0.107392914389701	0	0.00487141565467579	0.0616824549424507	0.0149553560295689	0	0.0267575743784125	0	0	0.0762138205988869	0.01078828907994	0.00797906911670941	0.114880106483899	0.00399068376608388	0	0	0	0.00347128216689157	0	0	0	0	0	0	0	0.14665514464243	0	0.0370557113525723	0	0.0148698597255753	0	0	0	0.0199996374188988	0.00738210952383008	0	0	0	0.638338352496611	0.895639351735491
BCRF1_3&EN_14092_557_IBC_Ep	0.104604548576626	0.126408310003337	0.0437404144712417	0	0.0288756419814318	0.0820078125264665	0.0387433021975636	0	0.0305038483696838	0	0	0.062271336122113	0.0158543795107936	0.0114929651875157	0.043701631749801	0	0.0254413873674237	0	0.0401482348760347	0	0	0	0	0.0068194588218455	0	0	0	0.196517942758122	0	0	0.00341644495530136	0.0207268646690169	0.00636718279985494	0	0	0.0620785823110382	0.0346227606349733	0.0156569501098163	0	0	0.768927879976687	0.838274069868838
BCRF1_3&EN_14094_557_DCIS_Ep	0.144882896929591	0.111601025857012	0.0513821718910193	0	0	0.0744024793029414	0.0423251093538929	0	0.0440081914815404	0	0	0.0350991537876939	0.0299426260676731	0.101411604816962	0.0541861445557183	0.00939511284834098	0.00904264780664697	0	0.0312956761640753	0	0	0	0	0	0	0	0	0.248843942222788	0	0	0.00314070132766479	0.00262719290053323	0.000850974930167773	0.00255512670110968	0	0	0	0.00300722105462875	0	0	0.544861122980454	0.914790787147138
BCRF1_3&EN_14096_556_IBC_Ep_1	0.412744536465424	0	0.00951560185785697	0	0.00282225907383219	0.0972860237106896	0.021092435797361	0	0.0306452782743945	0	0	0.0251433421375635	0.0132102581209115	0.0979370451693222	0.034481640294816	0.00630611680643765	0.00713953379224939	0	0.0697628108811884	0.00169019529820515	0	0	0	0	0	0	0	0.100362197415981	0	0.00548723407342189	0.00794985822509978	0.0148261224184448	0.00903835056528624	0	0	0.012709163202415	0.0198499964190995	0	0	0	0.430743204587192	0.939929056347503
BCRF1_3&EN_14098_556_ADH_Ep_1	0.448592630625264	0	0.022075800138142	0	0	0.0971386001781778	0	0	0.0368643098925431	0	0	0.0463505844996429	0	0.0706588884039398	0.0539895598697408	0.00307195244102342	0	0	0	0.0100693069024058	0	0	0	0	0	0	0	0.15752110363011	0.0067104244456628	0.00950136872768735	0.000439031840632454	0.00680498817530902	0	0	0	0.0172941456735189	0.0129173045562	0	0	0	0.44423397442149	0.93538252958353
BCRF1_3&EN_14100_556_ADH_Ep_2	0.433513354256186	0	0.0209667669391386	0	0	0.122032473594648	0.00126864996844602	0	0.0265884354386265	0	0	0.0490201656547333	0.00672213912113549	0.00843717199471431	0.0988854952839437	0.0129169565098536	0	0	0.0190705995825355	0	0	0	0	0	0	0	0	0.145781194702077	0.00263082805741002	0.0134095676893444	0.000558892275751897	0.00179475382693197	0	0	0	0.0217207813961358	0.0146817737083876	0	0	0	0.452734939405513	0.935531583315426
BCRF1_3&EN_14102_556_AM_Ep	0.338291654545218	0	0.0357738671891122	0	0.000323030328640116	0.0734732169854182	0.0108641529095112	0	0.0362446681639883	0	0.00655493384548353	0.0157239579697159	0.00122278847447066	0.127374816500675	0.0208720255258532	0.0143381379200034	0	0	0.0595078467206504	0	0	0	0	0	0	0	0	0.0961829051272161	0.0129142550756321	0.0199329245220151	0.00731100145694073	0.0220740041008691	0.0144218243672766	0	0	0.0684063086223569	0.0167220943376926	0	0.00146958531125991	0	0.32581450058119	0.958546211773369
BCRF1_3&EN_14104_556_IBC_Ep_2	0.440423272307417	0	0.0114634368099052	0	0	0.0929587167775582	0.00934964513378275	0	0.0253495741548665	0	0	0.0214886185326181	0.0188202787811571	0.047472058597988	0.0468092857196306	0	0.0315387996365459	0	0.0452072809900714	0.0233071382657214	0	0	0	0	0	0	0	0.114131602976362	0.00285310043304567	0.00190778843022948	0.00879808394948871	0.00909967118967212	0.0074811768702202	0	0	0.0257685565544212	0.0157719138892985	0	0	0	0.426012496120664	0.939833098744342
BCRF1_3&EN_14108_556_NL_Ep	0.305717084133938	0.0880099674837101	0.177477408303937	0	0.00886844580891253	0.0781931882035978	0	0	0.0256033140729215	0	0	0.0370634993890816	0.0135002835984022	0	0.0677245044338706	0	0	0	0.0215179596729631	0	0.00797357672401988	0	0	0	0	0	0.00394613668608082	0.0984441680802338	0.00788851618623282	0	0.00114789247534143	0.0265239613971104	0	0	0	0.0165190864515714	0.0138810068980746	0	0	0	0.672976327641158	0.886963997620806
BCRF1_3&EN_14110_555_IN_Ep	0.0991940213677619	0.04717936353326	0.0506313641727471	0.0205405763511082	0.0518576211091281	0.0698374589327941	0.0159273040871139	0.000627394975311259	0.047950568485416	0	0.00952508736623936	0.0589715809588517	0	0	0.153296397960815	0.0438389533962102	0	0.00741538366338321	0	0	0.0251767873819307	0.00290623896828841	0	0	0	0	0.00128492140639706	0.186204233901282	0	0.02506143053428	0	0.0194171560110404	0	0	0	0.0315172644289094	0.0316388910077316	0	0	0	0.876929132431537	0.751695172854493
BCRF1_3&EN_14112_555_iIBC_Ep	0.100339738938168	0.0990545599090153	0.0326449244505634	0	0.0329550402655703	0.07972804871878	0.0414955641189484	0	0.00677981015513053	0	0.00418540983619657	0.053988258069279	0.022423359659999	0.00526206014999881	0.0892889854747869	0.0457062533946817	0	0	0.0226549770619417	0.00469320143754498	0	0	0	0	0.00635330984435591	0	0	0.285203717220466	0	0.0150858881958552	0.00411381966848363	0.000242789265093296	0.00304297202537455	0.0055528388170184	0	0.00640938677552358	0.0327950865472253	0	0	0	0.768275016037788	0.826129662830151
BCRF1_3&EN_14114_555_IBC_Ep	0.188405900694599	0.111329069477763	0.0261902003442771	0	0.0033395866361758	0.0648931209871578	0.0423239453503991	0	0.0220730667169743	0	0	0.0753990550864394	0	0.00846007718472511	0.0231333133721052	0.012517670533442	0.0627690669406537	0.0138444526114982	0.0370925719566613	0	0	0	0	0	0	0	0	0.26911788455305	0	0	0.00599754150054068	0	0.000726504503757773	0.00324474595969804	0	0.0116118018531921	0.0175304237368894	0	0	0	0.547658614435468	0.910006775671048
BCRF1_3&EN_14116_555_CCC_Ep	0.380327465335156	0	0.091701513488175	0	0	0.0630927287848031	0	0	0.0241458538792024	0	0.00430401939313202	0.0325808641007404	0	0	0.0936880921446353	0.0375307523133187	0	0	0.0353025082959061	0	0.00441295555390893	0	0	0	0	0	0	0.171107926426782	0	0.014653405375308	0.000644009563181994	0.0105730027989397	0	0	0	0.0257303759022123	0.0102045266445987	0	0	0	0.553348205435463	0.917016374082033
BCRF1_3&EN_14118_555_NL_Ep	0.308215748694622	0.0307146024287558	0.0972980734047725	0.00996666825033653	0.000189588818491856	0.0680154404988118	0	0	0	0.00184911019411314	0.00796317690066337	0.019192815161792	0	0.10869576533169	0.0262779641110644	0	0	0	0.0431882087786557	0.0190574273656708	0	0	0	0	0.00273285406089865	0	0	0.164704639501407	0.018495831820576	0.0169930241992128	0	0.005721474740827	0	0	0.0154920790308319	0.0150602714284466	0.0201752352783595	0	0	0	0.675994782311762	0.888739492288848
BCRF1_3&EN_14120_554_RS_Ep_1	0.387252678829839	0.0572176411865245	0.107991167687461	0	0	0.0474918464601962	0	0	0.0260395729532584	0	0	0.080210675778291	0.0153941092557316	0	0.0862641595846738	0	0	0	0.000427349510861318	0.0015295844899405	0	0	0	0	0	0	0	0.160038350495194	0	0.0139355674510163	0	0.0026709172615511	0.00214656607899556	0	0	0.00955199593657822	0.0018378170398878	0	0	0	0.572981533514184	0.908923808220788
BCRF1_3&EN_14124_554_EN_Ep	0.285443882095466	0.23417837961427	0.21639228270154	0.00148868576125398	0	0.0266347068480885	0	0	0.00830530638181214	0	0.00134710634336207	0.02285045600287	0.00253624196978023	0.00847996324629369	0.0350068449855182	0.00585595921170911	0	0	0.0148668463427648	0	0	0	0	0	0	0.034777399852209	0.0120854492353384	0.0499013564598072	0.00344876279580568	0.00930004475351269	0.00271073462142597	0.0015165672590694	0	0	0	0.0226349138387294	0.000238109679374999	0	0	0	0.656602363764296	0.872836335401984
BCRF1_3&EN_14126_554_IBC_Ep	0.0605147990036746	0.00302452008614553	0.00609852112614473	0.0284180463176917	0.0407447059075031	0.0400901127764164	0.0387614486360961	0	0	0	0	0.0563309205766656	0.0911433457107939	0.00493150891014979	0.0900561606775691	0.0494569375011326	0	0	0.012013305334486	0.0244717602151217	0	0.0232811705208805	0	0.00046729782633556	0	0	0.0566617378089343	0.296853250729159	0	0.00806434346008565	0.00855233201925665	0.00155473377774849	0	0.0240244974884634	0.012832415066755	0	0.021652128522791	0	0	0	0.770039517105653	0.801936415993808
BCRF1_3&EN_14128_554_UDH_Ep	0.259816324329972	0.198166121715488	0.0508785394622366	0	0.00472054070739684	0.0894632793644414	0	0.000542069395142585	0.0451693819385888	0	0	0.0561333988320298	0.0293158324865147	0.00366012700929435	0.084602931652815	0	0	0	0	0	0	0	0	0.00227601140491365	0	0	0	0.134153158129291	0	0.0172120830396443	0	0.00118090018202408	0.00015512656412628	0	0	0.0143041259213136	0	0.00825004786476667	0	0	0.609633280054832	0.894835002942532
BCRF1_3&EN_14130_554_DCIS_Ep	0.0637153951646965	0.0837368764986572	0.00128300343869665	0.0687798337247872	0.0153299613821084	0.088670606523253	0.0103534510336335	0	0.0373050463894809	0	0	0.050515035360989	0.0579415070914909	0	0.102890614567024	0.023446666601144	0	0	0	0	0.00443088884992548	0	0	0	0	0	0.0287440935467172	0.27665134817974	0	0.0267377855035892	0.014355448305707	0.000761843963317549	0.00345380267567753	0	0.0015856698715652	0.0192516462039667	0.0200594751238326	0	0	0	0.616054189576878	0.885772466121397
BCRF1_3&EN_14134_554_NL_Ep	0.227446009620501	0.0629538379318152	0.152356384589175	0	0.015570544860185	0.0260150059807888	0	0.0045015348596485	0.0158098566236192	0	0	0.0304554204411725	0.0156605339542805	0	0.0776581934336772	0.00232623946195222	0	0	0.0117716681315829	0	0.0235926341404132	0	0	0	0	0.0198037771483183	0	0.128327744493841	0.00641641494061097	0.0243455796632013	0.00301381180564319	0.0776155890240832	0.0127904080495506	0	0	0.0549155785410844	0.00362577920108876	0.0030274531037667	0	0	0.622150848928688	0.888940143895452
BCRF4_10_14731_656_IBC_Ep	0.115251004270938	0.00150324340792529	0.0324934608659047	0	0	0.0941153977355722	0.0805738926439171	0	0	0	0	0.0329194517902721	0.0152500629828833	0.0781701160671607	0.0899130019772187	0.00434266269080316	0.143643948602705	0	0.0495008810792281	0	0	0.00932092973339056	0	0	0	0	0	0.193486984621327	0.000567592286401764	0	0.000765615140827359	0.0063479165538548	0.00128477818577605	0.00265826129110297	0.00490350520071415	0.0251808922590001	0.0157214714258163	0.00208492918726055	0	0	0.646083705586862	0.908516307957659
BCRF4_10_14733_656_BBD_Ep	0.335268713667895	0.0464632713450909	0.0710448301160292	0	0	0.109287678976683	0	0	0.0206276344336642	0	0	0.0710549985623076	0.0179398341016938	0	0.0999845721323367	0.00129701044462228	0	0	0	0.00160579099613196	0.0104567701990544	0	0	0	0	0	0	0.15221051387881	0	0.0188687408737656	0	0.0118221255001499	0	0	0	0.0247340239516459	0.00733349082011964	0	0	0	0.665535982206169	0.896158249899732
BCRF4_10_14735_656_NL_Ep	0.249014905085504	0.113840249850395	0.112143613889814	0	0.00364049444337112	0.0828331529501124	0	0.00259495030248031	0.00487045845742797	0	0	0.0510249552528408	0.0311375168585172	0	0.0723021803878996	0.0138254327958436	0	0	0	0	0.016760892390216	0	0	0.0064114120174562	0	0	0.00151207217363957	0.153991862213859	0	0.0176923069279132	0.000933115978947545	0.0248820078661205	0	0	0	0.034158934586486	0.000741003410762319	0.00568848216039339	0	0	0.70938553301567	0.879998333598925
BCRF4_10_14737_657_CCC_Ep	0.260158240508442	0.117914587617151	0.0901409262770267	0	0.000458678655125139	0.074737352180276	6.57396307937211e-05	0.000992050157368112	0.0152783872502724	0	0.00530762520763364	0.0342242274297371	0.0166809720066388	0	0.0814317394721132	0.00887695936541172	0	0	0.0251085157548868	0	0.000785271507502107	0	0	0.00144614478160585	0	0	0.0191724456216931	0.156206444708405	0.00155813355780135	0.0137125520639271	0	0.0219993779493049	0.0028138258842808	0	0	0.0351375628862209	0.0145625447948247	0.00122969473155758	0	0	0.581482844805299	0.903610508525312
BCRF4_10_14739_657_NL_Ep	0.377384693124831	0.0412295073059576	0.0899781541471089	0	0.000519779737664403	0.110854556425085	0	0.00044597214454038	0.00525582490229866	0	0	0.0395533024177472	0.00700275124944625	0	0.095326846677649	0.0123213513069623	0	0	0.00141428748376322	0.00900850778884542	0.00152280334929101	0	0	0	0	0	0	0.152272940479637	0.00098857746849954	0.00436309218025729	0	0.0183041641086371	0.00452197003558154	0	4.27983172041565e-05	0.0206904330497348	0	0.006997686299258	0	0	0.614857856186241	0.903488756896253
BCRF4_10_14741_657_DCIS_Ep	0.415067602103577	0	0.00692370261535443	0	0	0.0506458258675927	0.0211858199917545	0	0.0286487216006264	0	0	0.025866565329263	0.00909018723067363	0.0988097199839849	0.0290870178607022	0	0.0589090659507921	0	0.0379430947229652	0.0209274070044137	0	0	0	0	0	0	0	0.127475812797557	0.00937871812603506	0.000977953871437098	0.00889906874242309	0.00404708941944771	0.000840175276517503	0.00632767960068199	0	0.0364924497246806	0.00113288603005815	0.00132343614946161	0	0	0.538353256582004	0.91868338759568
BCRF4_10_14744_657_IBC_Ep	0.395071013847611	0	0.0164554208257885	0	0.00011887848052491	0.0613965170449512	0.0138538722457889	0.000204059886829702	0.0273730877718729	0	0	0.0215419326542547	0.0042554436734108	0.0444633134818739	0.0557277884306859	0.00581486477969825	0.0294395997192253	0	0.041807915654733	0.00469273083950145	0	0.000702446122119087	0	0	0	0	0	0.1520015332912	0.00969082010475586	0	0.00766803844704689	0.0284756545751767	0	0	0	0.0619499374819733	0	0.0172951306409781	0	0	0.596721566419885	0.906541511409792
BCRF4_10_14745_658_DCIS_Ep	0.178484063124165	0.165811494492633	0.0326032371929841	0	0.0125339325829577	0.0975842530113542	0.0298896946816047	0.00390545892471294	0.0247036217086705	0	0	0.0401324525108636	0.0192862696610574	0	0.0571902956815479	0.0111599043016826	0	0.000124566478361136	0	0	0.0165981689741278	0	0	0.00714446434316537	0	0	0.0130246054232083	0.229222235376404	0	0.0083522663960163	0.000891951899499124	0.00207882110322643	0	0	0	0.0270370346066073	0.0222412075251505	0	0	0	0.808221848707892	0.838794856295219
BCRF4_10_14746_658_IBC_Ep	0.108514658403195	0.258905275499464	0.00553710224676329	0	0.00997521766243249	0.0721921733867406	0.0268135590905042	0	0.0156359586307051	0	0	0.0536162251483615	0.0138630135161402	0	0.0575039272616887	0.0278279078390758	0.0493675481755191	0	0	0	0	0	0	0.029264804122338	0	0	0	0.206881372135749	0	0	0.00547996997299743	0.0114976233662533	0.00661347673679175	0	0	0.0369056045234707	0.00242751169664547	0.00117707058516448	0	0	0.808125967677302	0.834430695122003
BCRF4_10_14747_658_NL_Ep	0.140358118520545	0.134518134789917	0.116120608453527	0	0.0149681433739906	0.109614502032869	0	0.041511239885406	0.0103517804877884	0	0	0.0342045948241383	0.00940902404419178	0	0.113720821518592	0	0	0	0	0	0.0148968067679291	0	0	0.00141600733902966	0	0	0	0.110191073207267	0	0.0020310688739214	0	0.0812688510628896	0.000334951584214484	0	0.00803067075686333	0.042214274190505	0	0.0148393282864168	0	0	0.875011998601802	0.772589487266855
BCRF4_10_14751_659_DCIS_Ep	0.459440791962438	0	0.0209455452196435	0	0	0.0848377901017104	0.00496777265860749	0	0.00199907879205396	0	0	0.0445307896535628	0	0	0.0812581331032425	0.0134418291735825	0.0227049314541389	0	0.0183342700346472	0	0	0	0	0	0	0	0	0.173069137882507	0.0076875437904729	0	0.00156062523888129	0.00747711223186606	0.00411832591141401	0	0	0.0368277007089466	0.0167986220822846	0	0	0	0.704345553689282	0.883184794568796
BCRF4_10_14752_659_IBC_Ep	0.385667043928159	0	0.0334829326111152	0	0	0.10691227171496	0.0154549007397008	0	0	0	0	0.0257507276196178	0	0	0.053602509004216	0.011710735160477	0.0613216095488181	0	0.0488633130416499	0.00477609102187301	0	0.0035789279002567	0	0.00131747508833265	0	0	0	0.171800640325256	0	0	0.00217336837582297	0.0180718537559587	0	0	0	0.030067875245908	0.025447724917878	0	0	0	0.663799047874283	0.895613297186568
BCRF4_10_14755_659_DCIS_Ep	0.469155368204434	0	0.0181092911488897	0	0.000364164075807196	0.099473787325031	0.00685870853825906	0	0.00687480729638771	0	0	0.0334889926863713	6.07164640617389e-05	0.0184910133307252	0.0557555725542267	0.00490347939113882	0.0411135673997174	0	0.0574195057042496	0	0	0	0	0	0	0	0	0.155757164807709	0.00178359471132479	0	0.000968779164283243	0.00627440317754451	0.00413233283296589	0	0	0.0161511154187367	0.00286363576813677	0	0	0	0.708841345789372	0.884919764660247
BCRF4_10_14757_659_NL_Ep	0.1763032849322	0.124470163857027	0.116090804991989	0.00552955715026019	0.00437097818277513	0.0604050349163902	0	0.00616439310982605	0.0118529258660594	0	0	0.04694816804042	0.0256552190411901	0	0.0803725734692624	0.00907217832198893	0	0	0.0202872373123709	0	0.00199369147539551	0	0	0.00283659929302361	0	0	0.0142033923899987	0.1317323141483	0.00149641385425337	0.00687764765354193	0.00222567843778954	0.0579469142937088	3.39404099777349e-05	0	0.00960315189350308	0.0439791995027296	0.0189765647209375	0.0205719727350815	0	0	0.690805491021659	0.88072027817601
BCRF4_10_14791_663_DCIS_Ep	0.294970783154922	0	0.0388734525810828	0	0	0.0786795929481272	0.012059427354882	6.54740634893899e-05	0.000736501016107753	0	0	0.0570998143901854	0.0231686970981974	0	0.0975037408341302	0.0266717114426613	0	0	0.0570865739445615	0	0	0	0	0.030291503152247	0	0	0	0.211510841657207	0.008500186503837	0.00642769585194154	0	0.0108549415171761	0.0160914749879749	0	0	0.0135670746635543	0.0133430169124244	0.00249749592529066	0	0	0.621907332481907	0.899584535915153
BCRF4_10_14793_663_IBC_Ep	0.311728953114895	0	0.0542326556287374	0	0.00314908691239345	0.104333234530337	0	0.000311634015515774	0.0100646692589481	0	0	0.0379343871658933	0.0175006731838733	0	0.0944158294583599	0.00405883080108459	0.0113074544679898	0	0.0280538803477098	0	0	0	0	0.0119262762999078	0	0	0	0.155866675714553	0	0	0	0.0746680286648852	0.0144894065159388	0	0	0.0423239438366234	0.0108492467812135	0.0127851333011407	0	0	0.604007936963209	0.907680177239935
BCRF4_10_14795_663_NL_Ep	0.200040432284148	0.0809806629246271	0.159434343186673	0.00088319100032952	0.0179716144339771	0.0943974868912087	0	0.0221770689388236	0.0286658281141885	0	0	0.0328666858014676	0.0227556939055716	0	0.0804127386382789	0.00647397986457756	0	0	0.0371244070783944	0	0.00929806764132771	0	0	0	0	0	0.00529409146752341	0.106315622481124	0	0	0.00102895138524971	0.0275645427376338	0.00216896716937977	0	0.0371550692950671	0.00601670177109644	0.0166347648960128	0.00433908809332019	0	0	0.77632689333934	0.833186242277132
BCRF4_10_14759_660_IBC_Ep	0.304507162047797	0.0264055054995981	0.0039233967700765	0	0.0257848066760055	0.0777737682558912	0.0297531273584115	0	0.0117441769858536	0	0	0.0283972521297195	0.0107813616531452	0	0.066221921775641	0.0277386242517174	0.0476571649242589	0	0.0675486968765111	0	0	0	0	0	0	0	0.00293795550410384	0.233812559807569	0	0.00439845637245123	0.00407722987825346	0.00104796352366875	0	0.000818992177820503	0	0.0140309736549558	0.0106389038765508	0	0	0	0.708653101384324	0.859737724657953
BCRF4_10_14761_660_DCIS_Ep	0.196583312733847	0.0150162843641388	0.0339391560914317	0	0.0338470903155862	0.104912386303034	0.0250160354643829	0	0.00337510077221428	0	0	0.0320449883319362	0.0268195357165654	0	0.057735897973748	0.0446370597141936	0.060643239354139	0	0.0588387981824812	0.0045011324742554	0	0.00015166675644487	0	0	0	0	0.00286718946990127	0.198135039255633	0	0.00214978873285403	0.00572950916378513	0	0	0	0.00840125418027493	0.0382914571371436	0.0463640775120097	0	0	0	0.770416156620858	0.834132626593196
BCRF4_10_14763_660_NL_Ep	0.131669148786823	0.252120404309269	0.0828894001470081	0	0.00146976726192534	0.0979917045446226	0.0118411487320969	0	0.00432647541572277	0	0	0.0607207089574396	0.0454966448724692	0	0.0780967952546278	0.00313562368078495	0	0	0.0224448940629191	0	0.0033516855414249	0	0	0.0483784630334792	0	0	0	0.123077551102663	0	0.00512034234887244	0	0.00342021592996272	0.0019762480241183	0	0.00579346488561876	0.00383380972029652	0	0.0128455033878555	0	0	0.753254492366205	0.856487188457151
BCRF4_10_14765_660_LVI_Ep	0.349099665052131	0.0374629618423756	0	0	0.00144833786766734	0.139534667087346	0.0303623772148264	0	0	0	0	0.0114133843535845	0	0	0.0737304211708426	0.0106135298992732	0.0902315416197773	0	0.0386971523774548	0	0	0	0	0	0	0	0	0.193899601827499	0	0	0.00902301453829154	0	0	0	0.000279908229296255	0.0078958804475604	0.0063075564720742	0	0	0	0.496403637631646	0.925252781496596
BCRF4_10_14767_661_IBC_Ep	0.0920995719211763	0.0931861517245042	0.0173428313059846	0.0076855577103787	0.00119845528596167	0.106817418947311	0.0248118912296073	0	0	0	0	0.0244934023254062	0.0204726366065204	0	0.0870874353061445	0.0324133436932777	0.0708668072083263	0	0.00695839509123202	0	0	0.0022111681591968	0	0.0587731999941061	0	0.00318764826012656	0	0.286320672876408	0	0.0158202824856717	0.00265619869818541	0.00681924101107552	4.38451531474529e-05	0.00719511356973973	0	0.0189177662101113	0.0126209652264004	0	0	0	0.614308256874394	0.890466897593739
BCRF4_10_14769_661_AM_Ep	0.431462051662796	0	0.0179936518706995	0	0	0.112617797067143	0.0179717085827488	0	0.0054582496826047	0	0	0.0306924204073045	0.0174637577807634	0	0.0976247013090638	0.0248825709801675	0	0	0.0375099797530831	0	0	0	0	0.00810087191585254	0	0	0	0.154607254430238	0	0.0109536591494369	0.00266817016504845	0	0.000502703528063725	0	0	0.0252974115075085	0.00316013587400921	0.00103290433346885	0	0	0.252096094896202	0.970937176886442
BCRF4_10_14771_661_ADH_Ep	0.375243763595357	0.0731635922673094	0.0507106593442285	0	0.000616771973582024	0.102625432353758	0	0	0.0208124988131052	0	0	0.0351469673589114	0.0056311572916243	0	0.113674381792784	0.00749906778017768	0	0	0.0153463718712217	0	0.00602467106595896	0	0	0	0	0	0	0.113708202207136	0.00486337666607961	0.016576800160942	0	0.0193081716038597	0.0111785101533696	0	0.00128041356329522	0.0175190179823259	0	0.00907017215497328	0	0	0.680574265337659	0.889277728493687
BCRF4_10_14773_661_DCIS_Ep	0.469277518040855	0	0.0167731262399778	0	0	0.119605190665434	0	0	0.00732691733818968	0	0	0.0451116001518901	0.0105258735242591	0	0.121167491678813	0.0071429112883636	0	0	0	0.00644747562652797	0	0	0	0.00286842445258548	0	0	0.0108245575646693	0.143441972814492	0.00969887300512932	0.00293404982405667	0.000876131345973912	0.00280522474057983	0	0	0.000672882693491303	0.0199011542346424	0.00259862477006907	0	0	0	0.46204779559442	0.93096996898584
BCRF4_10_14775_661_ADH_Ep	0.383285779335102	0.0615418312986769	0.053947227421952	0	0	0.109954975156295	0	0	0.0179531376589305	0	0	0.048750195626105	0.00692320483208563	0	0.116137139500354	0.00703839978254323	0	0	0.0146882431579335	0	0.000641970008622459	0	0	0.00116790106054603	0	0	0	0.116902441939111	0.00613022464558937	0.00506403503080783	0	0.0116454400903752	0.00543154802808395	0	0.0116805839459142	0.0177927089368601	0	0.00332301254411276	0	0	0.654821390659359	0.895082489197242
BCRF4_10_14777_661_NL_Ep	0.351311041759791	0	0.0994443783599812	0.00569302330529221	0.000728909918340996	0.0910900973037731	0	0	0.026568221639093	0	0	0.0576694356606172	0	0	0.155301275440539	0	0	0	0	0	0.0146213729302338	0	0	0.00134380420270709	0	0	0	0.123183581650915	0	0.0209760630440268	0.00119994944860634	0.026520496817105	0	0	0.00283586338400554	0.0213486886706667	0	0.000163796464305579	0	0	0.529993677807547	0.924733556382873
BCRF4_10_14779_662_DCIS-1_Ep	0.13505296201237	0.211657637515572	0.0303636256591311	0	0	0.0868370608146837	0.0591752753545835	0	0	0.00704690139813152	0	0.00226486818706631	0	0	0.0351433441787146	0	0.168376940908083	0	0.00210971900966997	0.0282704921930923	0	0	0	0	0	0	0	0.191681120671973	0	0.00331504964704122	0.00411250365585497	0.00166932914951113	0.00431714846809874	0	0.00616869522990049	0.0107902682708333	0.0116470576756883	0	0	0	0.679431165746848	0.881503436743915
BCRF4_10_14781_662_MIV-1_Ep	0.118286671932883	0.181509014589624	0.0437017614444127	0	0	0.0755196289544856	0.0673513477121705	0	0	0	0	0.00944115574585107	0	0.00596146388990706	0.0388705961149063	0.00499723928374053	0.160783085252149	0	0.000565477455883842	0.026295096205076	0	0	0	0	0	0	0	0.205830813887648	0	0	0.00403408732468025	0.00585293675943847	3.13756837397103e-05	0	0	0.0302985002559623	0.0206697475074422	0	0	0	0.666104963610882	0.88802176827733
BCRF4_10_14783_662_DCIS-2_Ep	0.132923688724608	0.142850791387928	0.0427158482690062	0	1.54661873270542e-05	0.106114152518961	0.0581458212999358	0	0	0	0	0.0226865534240831	0	0.00145271607878339	0.0484823974001299	0	0.138231652825141	0	0.0288529578561866	0.00681679990967873	0	0	0	0	0	0	0	0.229341491340867	0	0	0.000897810684194527	0.0121387610964191	0.00478648051640175	0	0	0.0149140915065001	0.00781400918368638	0.000818509790162389	0	0	0.630630648192319	0.897756163384814
BCRF4_10_14785_662_MIV-2_Ep	0.123252508600055	0.150517372556428	0.0408002962637708	0	0.0015239567369986	0.0893710473981518	0.0445385234790646	0	0.0078499465478253	0	0	0.0185407930238007	0	0	0.042352102959758	0.00686420655912924	0.103684163060102	0	0.0208321661374506	0.00693673937303202	0	0	0	0.0224380920475862	0	0	0	0.251204814624073	0	0	0.00109487349729008	0.0189383869466241	0.00448200603246794	0	0	0.0238492518311056	0.018585761602693	0.00234299072259289	0	0	0.67220984099658	0.881683945970017
BCRF4_10_14787_662_DCIS-3_Ep	0.114407840890252	0.214920156716613	0.0330843772812534	0	0	0.0982320655435013	0.0482383843897806	0	0	0	0	0.0177044505313617	0	0.00184123495333534	0.0480065089313416	0	0.125821155366296	0	0.030088905939274	0.00921422529331151	0	0	0	0	0	0	0	0.226182751222649	0	0.000966540253710119	0.00319543347355488	0.00275667760073294	0.0040464556555805	0	0.00428789723980041	0.010778005487431	0.00622693323021998	0	0	0	0.634673511846108	0.889892500458078
BCRF4_10_14789_662_IBC_Ep	0.108929965659966	0.207060153966468	0.0344784687526201	0	0	0.0865257946667633	0.0570592459002611	0	0.0134075164021187	0	0	0.0339588449200555	0	0.01692639005003	0.036926132249363	0.00664208939557771	0.0990689177953346	0	0.0114315638776487	0.0223190850520648	0	0	0	0	0	0	0	0.220299814479332	0	0	0.00314177621643215	0.0107468866559706	0.00223434924202733	0	0	0.0192189687663286	0.00962403595163759	0	0	0	0.662693235740402	0.885046640417527
BCRF4_10_14909_676_DCIS-2_Ep	0.417999900554798	0	0.0204369567607041	0	0.000547894498247324	0.0903571206373709	0.0309660712590586	0	0.00499271108239285	0	0	0.0166598207924032	0.00573678430611664	0.0451283527992739	0.0608263863597675	0.0255305513071664	0.012758707200679	0	0.0735230672467273	0	0	0	0	0	0	0	0	0.113157541003839	0.00463883160535799	0.0249689171593666	0.00690314562248497	0.00118718509134354	0.00303294516056776	0	0	0.0288670796895779	0.0117800298627571	0	0	0	0.392452153373285	0.946457672094427
BCRF4_10_14797_664_AM_Ep	0.379794469094355	0	0.0337093065422215	0	0	0.126741095438956	0.00741430888470407	0	0.0159238003343392	0	0	0.0239019234996614	0.0212936018185827	0.0215740801747957	0.0909360535156824	0.00677970650213753	0	0	0.0228160287106545	0	0	0	0	0.00358981968142967	0	0	0	0.119852563914469	0.00902657855531664	0.0138313686043565	0.00814058271357529	0.00791922639990388	0.0129886719841198	0	0	0.0737668136307394	0	0	0	0	0.232937076743168	0.974605763899038
BCRF4_10_14798_664_BBD_Ep	0.358102917756305	0.0490769505386756	0.0933125731900556	0	0	0.120303351291947	0	0	0.000565650688084467	0	0	0.0512316177065838	0.0209378980785737	0	0.100891352596429	0.0039047583511194	0	0	0	0.00709418671379453	0	0	0	0.00308078846527686	0	0	0	0.133197899193446	0	0.00311897204308941	0	0.0135841314102877	0.00094554521444679	0	0	0.0294419243485047	0	0.0112094824133802	0	0	0.602251663554149	0.907625388484915
BCRF4_10_14800_664_IBC_Ep	0.232275680203055	0.05187635046509	0.0394671247553401	0	4.29205630262272e-05	0.0649489688454691	0.0267493388752466	0	0.0164970641636758	0	0	0.0345400641897821	0.011695866474765	0.0282380786026705	0.0316095469129895	0.0138905957270303	0.0766269235339629	0	0.0258515809430718	0.0095916428977158	0	0.00891094111677137	0	0.0395208963201371	0.00793984850423666	0	0	0.215679586683632	0	0	0.00111910636600987	0.00996190597437051	0	0.0074857901525821	0.00712957513597717	0.00817620426351105	0.0301743983298815	0	0	0	0.760598002874528	0.863892874925315
BCRF4_10_14802_664_ADH_Ep	0.339026260722692	0.0658910700421607	0.0957325181156945	0	0.00103185785533959	0.111594288155832	0	0.00569473957200735	0.013792491653246	0	0	0.0462538882779671	0.00984782243858055	0.0127246949489937	0.0820435026510868	0	0	0	0	0.0015301671214594	0	0	0	0	0	0	0	0.135226246523132	0	0.00599937842375402	0	0.0266295226896155	0.00620608705498301	0	0	0.0353554567204155	0	0.00542000703303998	0	0	0.620359149661129	0.901611269027683
BCRF4_10_14804_664_NL_Ep	0.124885250254163	0.111919904787079	0.0747632652194957	0.00120624627216404	0.0069234130204378	0.0725727975141593	0	0.00665648663447004	0.00642225418716605	0	0	0.0459399516278915	0.0123323676697425	0.0599497941943182	0.0713819399193321	0.0185268269550107	0	0	0	0	0	0	0	0.00440708024908735	0	0	0	0.173994716624291	0.0187931421339103	0.0117082976927092	0	0.0810763886482318	0.0126435433927236	0	0	0.0614304851842712	0	0.022465847819346	0	0	0.569726046716925	0.904976393161618
BCRF4_10_14805_665_IBC_Ep	0.0563264870619607	0.319810680735168	0.0308059544616396	0	0.00877890248363556	0.131766802381092	9.38875803426818e-05	0.000567908726762545	0.00953620013999968	0	0	0.0201695362354882	0.0160982194104782	0	0.0750818354922002	0.0164991150328599	0	0	0.012486010010446	0	0.00184210615219399	0	0	0.0150970418923569	0	0	0.00754182289292493	0.163642924414927	0	0	0.00308450166421668	0.0732020330377668	0.00683854516768262	0	0.00126126121855363	0.0237621170433553	0.00330403279099651	0.0024020739729521	0	0	0.670033417607705	0.866359806629414
BCRF4_10_14807_665_inf_NL_Ep	0.0606369140282053	0.235488033627998	0.0422857537610282	0	0.0129306413909114	0.10427748190868	0.0106105451573515	0.00472480049767212	0	0	0	0.0346903047327774	0.0462615878739558	0	0.107192954466652	0.00955735029671798	0.00645350363898369	0	0	0	0.0153136163791391	3.68299451195722e-05	0	0.00648726570931531	0	0	0	0.167857871027041	0	0.0152952983726465	0.00339195993802217	0.0359561134045163	0.00375123944972965	0	0	0.0410110474866793	0.0234666498080052	0.0123222370988528	0	0	0.798077437182063	0.84387072596259
BCRF4_10_14809_665_DCIS_Ep	0.122572438050781	0.143711083190082	0.0867639225735549	0.00122102462171484	0.001773262080339	0.0880408377608077	0.0270755553068742	0.00327743848262161	0.010256320632644	0	0	0.0293480752688881	0.0220426280564557	0	0.121035832724373	0.022279888904038	0.00443751584430167	0	0	0	0.0251680233359294	0.0135748386156515	0	0	0	0	0.00759899380252506	0.197751696476956	0	0.0140461888542012	0	0.0183260515658389	0.000350122024000737	0.000515110206959601	0.00328992654645135	0.0212761598782951	0.0142670651957155	0	0	0	0.780942633871988	0.863925365635093
BCRF4_10_14810_665_NL_Ep	0.176690962848838	0.0923091393713025	0.0993435823508663	0.00543270492991264	0.00705133209112464	0.0865375376891829	0.00287920243369889	0.00721240582809379	0.036311418476548	0	0	0.0499468233714914	0.016089734389926	0.0651174216492766	0.0791886313995927	0.00222089763770915	0	0	0.005676139417233	0	0	0	0	0	0	0	0	0.155948335428011	0	0.0170192000094587	0.00190374892209197	0.0507108852654303	0.00084206305573575	0	0	0.0276980777595069	0	0.0138697556749692	0	0	0.783963351471925	0.865565856558222
BCRF4_10_14812_666_IBC_Ep	0.0884820946165012	0.230090679175126	0.0396760329598806	0	0.0050566680142898	0.121835183536395	0.0178580959657701	0	0.0089711169587979	0	0	0.0382884006805938	0.0226098808478491	0.00186308073219237	0.0241226722388184	0.00747767736145806	0	0	0.0378523671883349	0	0	0	0	0.00712495036919952	0	0	0	0.232472543521627	0	0	0.00531350878993538	0.0294820539301017	0.00112279736170702	0	0	0.0509396314877379	0.0293605642636853	0	0	0	0.762094052976874	0.85369250348069
BCRF4_10_14813_666_DCIS_Ep	0.237319616126893	0.123676240419313	0.0597885209311579	0	0	0.111664061927184	0.00668340848691904	0.00972441258168459	0.0111694972856369	0	0	0.0292906701792464	0.0036068664334271	0.0356608916031894	0.0577808628196436	0	0.0355041756418246	0	0.0346616741454326	0	0	0	0	0.0120906566987326	0	0	0	0.188264863222489	0	0.00086511729102386	0	0.00869861998396583	0	0	0	0.0287132592967801	0.00483658492545676	0	0	0	0.757789322213292	0.866671038397244
BCRF4_10_14816_666_NL_Ep	0.194852639892638	0.0838630320143175	0.162527277592214	0	0.00504294157301583	0.112214070163889	0	0.0123112083677254	0.013110480197032	0	0	0.0376914655502567	0.0168853170548759	0	0.0971307765121718	0	0	0	0	0	0.000933258040863135	0	0	0	0	0	0	0.142947949261581	0.000956028686996315	0.00278971059569158	0	0.0554472873315119	0.0117456350414031	0	0	0.0362051077162361	2.00161990375455e-05	0.0133257982085434	0	0	0.725281158312746	0.87668471720103
BCRF4_10_14818_666_BBD_Ep	0.360332385287188	0.0191379346632497	0.1049484567557	0	0	0.119837744742567	0	0	0.00881808616794383	0	0	0.0473065737201117	0.00360291660661563	0	0.0939800664886013	2.00131658005686e-05	0	0	0	0	0.00515023692003732	0	0	0	0	0	0	0.135204849002141	0.00415857221114395	0.00485867752966018	0	0.0412256718340038	0.00502067412400647	0	0	0.024309909840266	0	0.0220872309409632	0	0	0.582441860281993	0.912141086145011
BCRF4_10_14853_671_UDH_Ep	0.314443737525007	0.134092022360239	0.100440273162822	0	3.06675687641073e-05	0.103448814952529	0	0.000179648257613024	0.00830459987640979	0	0	0.0454775488910618	0.0192304021560328	0	0.0686282525935124	0.00903803644150693	0	0	0.0104378754876098	0	0.00198691918910031	0	0	0	0	0	0	0.126038358722953	0	0	0	0.0260807181395353	0.00173637412715765	0	0	0.0235354293837786	0	0.00687032116436734	0	0	0.626911880830208	0.896022521504769
BCRF4_10_14855_671_AM_Ep	0.508527756931751	0	0.0412046795517483	0	8.87330627890951e-05	0.0672077405366397	0.00551240225452981	7.02945480026301e-05	0	0	0	0.00634911671072985	0.00433422519005011	0.0213325493480423	0.0864429673864228	0.00531746175292078	0.016686248342598	0	0.0118382479374817	0.0200876032315215	0	0	0	0.000327580021007504	0	0	0	0.106480199673351	0.00691849928476709	0	0.00355110171045897	0.00809964242095813	0.00969008957630187	0	0	0.0649283535187581	0.00500450700916926	0	0	0	0.334910930342546	0.955200142658274
BCRF4_10_14856_671_DCIS_Ep	0.0711133616469602	0.292184250229563	0.0232651133203451	0	0.00391115579052041	0.0975803390383268	0.0187398355477938	0.00418788231559763	0.00318212242806803	0	0	0.0230563208585992	0	0.0278926944519816	0.0516531044955901	0	0.115867346264732	0	0	0.013482436275798	0	0	0	0	0	0	0	0.169888783767767	0	0.00655622608773453	0.00633577057126418	0.01005684530533	0.00285301465965959	0	0	0.0431835791732397	0.0150098177711285	0	0	0	0.80290820738594	0.843997405184272
BCRF4_10_14857_671_IBC_Ep	0.093495197163513	0.246716186657493	0.0272747115760577	0	0.00150665369600243	0.0763893108565256	0.0143459947772819	0.00441033226209569	0.0214641198328567	0	0	0.0397721060131367	0.0238997985504886	0	0.0741490664832826	0.00549990586113814	0.000325974929719314	0	0.0188914100214103	0.00693258722129911	0	0	0	0	0	0	0	0.233749433786567	0	0	0.0065187161270947	0.0408069014047705	0.00291384149807342	0	0	0.0391535743761686	0.0143580114749597	0.00742616543006554	0	0	0.731741549428613	0.859570580258245
BCRF4_10_14862_671_CCC_Ep	0.354733163928754	0	0.114512830270754	0	0	0.102040847119689	0	0	0.00349656909560085	0	0	0.0349195501814522	0.00972801569504125	0	0.0866686218312032	0.0193481905066169	0	0	0	0.024927018878055	0.00469692207165719	0	0	0.00830469971829618	0	0	0	0.140501788396098	0.000334510153417751	0.0113234666419556	0	0.0311394867258196	0.00487892269718435	0	0	0.0322574729952047	0.0010547951340534	0.0151331279591469	0	0	0.653921532545212	0.899600050585569
BCRF4_10_14820_667_IBC_Ep	0.192784393442981	0	0.0389966302818293	0	0	0.0664607266255699	0.0641770341930636	0	0	0.0277212839897544	0	0	0	0.113871718421999	0.034472632557359	0.00285882418658967	0.130254838737914	0	0	0.00699175874934312	0	0.00416024849413928	0	0.00226574178905466	0	0	0	0.266784719018967	0	0.00299141102837398	0.00852853677059575	0	0.000269831988776058	0	0	0.0277652532581392	0.00864441646555133	0	0	0	0.545475421115247	0.916248642478379
BCRF4_10_14821_667_DCIS_Ep	0.161220924064949	0.0675411308954352	0.0708255947248988	0	0	0.0749074526974521	0.0507656270548622	0	0.020724172031304	0	0	0.0304701864658093	0.0131131259025729	0.049465217540064	0.0659972509398735	0.0184614807965424	0.0239261054865608	0	0.00430300800378995	0	0	0	0	0.0158896048509342	0	0	0	0.304095955341863	0	0.00439554872942683	0.00514078832351883	0.00473361962755376	0	0	0	0.0105479537153868	0.00347525280720234	0	0	0	0.743876992759823	0.86894892293725
BCRF4_10_14822_667_NL_Ep	0.288525368805706	0.135947257269843	0.116592836573095	0	0.00235719595053742	0.0997762803885249	0	0.00153279783161481	0.00173473105073608	0	0	0.0336203748807957	0.0165291964734896	0	0.0817320437590619	0.0112735739398013	0	0	0.000171500431150997	0.00400022881312492	0.00975244839424169	0	0	0	0	0	0.00856021852584314	0.146333931933899	0	0	0.000870346510175384	0.0120484798480143	0.000353540674830722	0	0.00262623344728739	0.0214500724707156	0.00341035579427331	0.000800986233237203	0	0	0.760942904993128	0.865573667679895
BCRF4_10_14826_668_IBC_Ep	0.212675534811128	0.201134932279403	0.0879619664151839	0	0.000373360649634142	0.0575569997400497	0.0358981069339357	0	0.0229136627867735	0	0	0.0278436203344523	0	0.0292897561486785	0.0196880347400054	0.00725143918620823	0.0665385101769616	0	0	0.000142448901029893	0	0	0	0	0	0	0	0.184355443668294	0	0	0	0	0.00220258740824958	0	0	0.0310370864871048	0.0131365093329083	0	0	0	0.766287765888326	0.860125457923347
BCRF4_10_14828_668_DCIS_Ep	0.397934891931786	0	0.0276781004794031	0	0	0.0994033882512041	0.00714941902367018	0.00102764591126461	0.00854438627936843	0	0	0.0396236144807832	0.00836399847825577	0	0.10100361971925	0.0342310768411864	0	0	0.0189208732881502	0.00995776389292639	0	0	0	0.00170738293034224	0	0	0	0.18263964472542	0	0.00353525253519257	0	0.0128417695835274	0.000598667729013215	0	0	0.0294746298518347	0.000260951846905607	0.0151029222205155	0	0	0.489041893896639	0.928555785975501
BCRF4_10_14829_668_NL_Ep	0.193472095349479	0.0409641536324473	0.103022894587962	0.017729745488232	0.011413290356488	0.0658844567320286	0.0137727857569302	0.0101769181884829	0.0116993421384161	0	0	0.0510913383798618	0.0179512338938702	0.0661451725942641	0.0686135452597852	0.0167349092123876	0	0	0.0219604614980822	0	0	0	0	0	0	0	0	0.165114130469606	0.00316121079341976	0	0	0.0660969364950438	0	0	0.0127556426057926	0.0298139721959486	0	0.0124257643714724	0	0	0.786719854693504	0.859747572342311
BCRF4_10_14830_668_EN_Ep	0.214479935711411	0.0685792332070506	0.154410832540647	0	0.00113033067122563	0.0780543518664725	0	0	0.0290178330085036	0	0	0.0503098877719744	0.0243870810409938	0.00850572305608124	0.0884196671301548	0.00489594993515125	0	0	0	0	0	0	0	0.000511614794296613	0	0	0.02427462465026	0.136353185268007	0.0014143708160258	0.011472163941936	0	0.0437878602752457	0.000713388846793713	0	0.00531979659558816	0.0413544801791041	0	0.0126076886930766	0	0	0.515444674525678	0.921801399924838
BCRF4_10_14833_669_IBC_Ep	0.208354681357655	0.0390086219627492	0.163023447740863	0	0	0.0835318436159173	0.0338063995896397	0	0.000125050711328373	0	0	0.0188687857332285	0.0115256902264522	0	0.0658601720228486	0	0.105745909821516	0	0	0.0163002443986441	0	0	0	0	0	0	0	0.169648883528111	0	0	0	0.0132682740547105	0.0109142037907582	0	0.00145191481917512	0.0365515054553364	0.0220143711710677	0	0	0	0.579011631706153	0.915930109092947
BCRF4_10_14834_669_NL_Ep	0.166374555092673	0.196847968686185	0.185079174703077	0	0.00342361732169467	0.0694640581795972	0.0108637772376223	0.00984171302427465	0.0154009124627867	0	0	0.0382073412461793	0.0274099201598765	0	0.0656325006759311	0.0105084099716496	0	0	0.00791598313841525	0	0.00301201208569326	0	0	0	0	0	0.0104138206056604	0.0981729680046333	0.00439928489889453	0.00622267624779511	0.00440608985052725	0.0277105064578149	0	0	0	0.025764701485511	0.0129280084635071	0	0	0	0.754853385511209	0.860410001133143
BCRF4_10_14837_669_DCIS_Ep	0.225456125875185	0.0832042171318415	0.11145525028002	0	0.000119178243198747	0.0694484842889382	0.0331222188816217	0	0.0218129955491133	0	0	0.0260403973118521	0.0194070404046299	0.0402989574853039	0.0542100202166684	0	0.0441172021393939	0	0.0388608957881247	0	0	0	0.00241564244535229	0	0	0	0	0.144626951002799	0.000205653527605737	0	0	0.0389344799319533	0.0140465178945286	0	0.00983545538484765	0.011187570367118	0.00952925397963511	0.00166549187026833	0	0	0.692017795302705	0.890964338829378
BCRF4_10_14839_670_EN_Ep	0.335640538983571	0.0748952004114102	0.0693771620207467	0	0	0.134962147864967	0	0	0.000372814733059074	0	0	0.0445963169729599	0.0123616520549158	0	0.0860615736552759	0	0	0	0	0.012928762344463	0.00105319748239099	0	0	0.00541666238405053	0	0	0	0.135517997979442	0	0.0127872150656386	0	0.0251218486440929	0.00814968976418337	0	0	0.0293047897545282	0	0.011452429884305	0	0	0.592438648922348	0.906672548512672
BCRF4_10_14840_670_DCIS_Ep	0.396449831721005	0	0.0638584545045247	0	0.00110619076304873	0.0835984358599259	0.00533501175324263	0.0060729448828614	0.0102974040084308	0	0	0.0185758996497376	0.0107689055622698	0.0309828783774276	0.0731497934788304	0.0105021214486216	0.002297192331147	0	0.0108628853662584	0.00397790077049379	0	0	0	0.0456641630835676	0	0	0	0.176028896080389	0	0	0.00211646754881922	0.00833900710107198	0	0	0	0.0332731084742807	0.00674250723404642	0	0	0	0.434431736148125	0.933839239104509
BCRF4_10_14843_670_DCIS_Ep	0.443102844863893	0	0.0148763495474007	0	0.00102230550267384	0.0762182588377879	0.0271377165784218	0.0013452627309462	0.0144649824701819	0	0	0.0431442769162665	0.00567924899827249	0.0694245602210753	0.0597114190576801	0.0106692490325468	0	0	0.0282875480475906	0	0	0	0	0.00534286876367963	0	0	0	0.161599752000824	0	0.000793219007354466	0.00165088993975275	0	0.00433642434219108	0	0	0.0250746879713526	0.00492122492876518	0.00119691024134421	0	0	0.391078630287903	0.945525906379834
BCRF4_10_14844_670_IBC_Ep	0.34476663554057	0	0.00899270541965075	0	0.00371804399365704	0.0796089326574034	0.0119126097547265	0.00511147025033962	0.025175441387557	0	0	0.0213184919176134	0.0159391500714474	0.0376137168749898	0.0652537665986378	0.00405062549599854	0	0	0.0416297705052551	0	0	0	0	0.00505279071231733	0	0	0	0.179732970615203	3.65570323602574e-05	0.0191549332290684	0.00659377327419815	0.0570718259388612	0.00523552804325107	0	0	0.0481743468100844	0.01385591387681	0	0	0	0.420047329989777	0.938498399114123
BCRF4_10_14847_670_BBD_Ep	0.339445469104379	0.0687549509710714	0.0867828595103492	0	3.60751694403157e-05	0.115099953090557	0	0.00157686629189001	0.00683720109304523	0	0	0.050177045568292	0.0114220043964224	0	0.0813553439981492	0	0	0	0	0.0118614668663784	0.00164306666330823	0	0	0.011677653815431	0	0	0	0.124039717384381	0	0	0	0.0333702696106359	0.00637437788844037	0	0	0.0334019528179056	0	0.016143725759923	0	0	0.617650365106264	0.901631127888235
BCRF4_10_14848_670_CCC_Ep	0.360217915025533	0.0294424789663605	0.113290951653006	0	0.000400679045937141	0.113334140445512	0	0	0	0	0	0.0438780975728461	0.00597657650934688	0	0.08628114115071	0.00604910401074813	0	0	0	0.0184415244493253	0.00015693087376866	0	0	0.00892345057939023	0	0	0	0.132138303176232	0.0033196766014953	0.00581084685839777	0.000343471193277235	0.0314241510706782	0.00484091874592052	0	0	0.0314851709190017	0	0.00424447115251356	0	0	0.544812702995066	0.917170532410375
BCRF4_10_14849_670_AM_Ep	0.361292518922243	0.0152776981355751	0.0651108194062909	0	0	0.112711626150505	0	0	0.000129523328282235	0	0	0.0311361270466349	0.0181383290799208	0.00150206364222748	0.0707793803339715	0.00737998753666533	0	0	0	0.0155735075126684	0	0	0	0.0815708607030281	0	0	0	0.155079611721205	0	0	0.00218336384461106	0.0241410669155139	0	0	0	0.0321537847241483	0.00583973099650846	0	0	0	0.507055735493633	0.916390794405581
BCRF4_10_14864_672_inf_NL_Ep_S1_R1_001	0.25906309384726	0.0413044345485978	0.141313482697714	0.0107249653601021	0	0.100364367361739	0	0.0010593669181569	0.0107134870566465	0	0	0.0496796920826479	0.0234362539494003	0	0.0957792753672833	0.0129087805447692	0	0	0	0.02392524813448	0.0191082455181083	0	0	0	0	0	0.00249885689486887	0.141819808738274	0	0.00635077126710361	0	0.029177474878224	0.000951339179341491	0	0.0021189132303464	0.0241913509697342	0.00179207271462489	0.00171871874057716	0	0	0.651733280723073	0.902190630744089
BCRF4_10_14866_672_IBC_Ep_2_S3_R1_001	0.202025738189492	0.115648586957956	0.0386602034072097	0	0.00447343226588815	0.0774471494934304	0.0187645471152135	0.000887717669962805	0.0238739866389973	0	0	0.036622676380065	0.0097642568953212	0	0.05907533984484	0.00661460406147243	0.0474705097993944	0	0.0402374785602174	0	0	0	0	0.0066464845832287	0	0	0	0.202405873272243	0	0.00986364210797743	0.00271573519120871	0.0238427902645478	0.0149614473710584	0	0	0.0369166494902115	0.0210811504400641	0	0	0	0.714909952627971	0.876813483391114
BCRF4_10_14868_672_IBC_Ep_1_S5_R1_001	0.215892525609025	0.128181349043706	0.0408689717801922	0	0	0.0903050388606291	0.012001637439128	0	0.0200091445592382	0	0	0.0394668977935198	0.0156526927462676	0.00523840689352301	0.0606987054976595	0.00405972345905894	0.0615049439838797	0	0.0179879464023023	0.00121507146933856	0	0	0	0	0	0	0	0.189494235635495	0	0.00565436270505578	0.000403677503461471	0.0202456072744762	0.00830596015194509	0	0	0.0376406541094895	0.0250949916478123	7.74554347970402e-05	0	0	0.67190481943433	0.888769436259431
BCRF4_10_14869_672_DCIS_Ep_S6_R1_001	0.252147977166031	0.234485434164869	0.0640680443953654	0	7.26610099598178e-07	0.0893797160768173	0	0	0.0013737417515384	0	0	0.0357716874874728	0	0	0.0521365398750648	0.00947762043203047	0.0667410842900494	0	0	0.0150435522388598	0	0	0	0	0	0	0	0.150464274417967	0.00576131915678853	0	0.00238710069907877	0.000405430995897636	0.00203041804798231	0	0.00372259695221025	0.0133575936243119	0.000777492984441617	0.000467648633124798	0	0	0.672621267586099	0.875337859945612
BCRF4_10_14870_672_CaLob_Ep_S7_R1_001	0.197221134645169	0.103984605437784	0.106652834713976	0	0.003369989305831	0.0908691984643539	0.00630279317698082	0	0.0066780939167983	0	0	0.0566241421416587	0.0220990900539195	0	0.0670314898096758	0.00823846205850052	0.01937163925125	0	0	0.00831152821421857	0.00252270843582271	0	0	0	0	0	0	0.196348701273454	0	0.0116128305508015	0.000287034114462486	0.0357889199378226	0.00648752986894556	0	0.00623282380540518	0.0229174140871726	0.0210470367359972	0	0	0	0.648014685279149	0.893820135895893
BCRF4_10_14873_672_NL_Ep_S10_R1_001	0.172235292092678	0.0909091603965708	0.139951190022777	0.00730251751072515	0.00273472760917177	0.0853232159512554	0	0.00430297040942274	0.0200706834153254	0	0	0.0461015384750479	0.0473525901920143	0	0.0932852613125587	0.0210000934405777	0	0	0.00686595412812406	0	0.00317068302190978	0	0	0	0	0	0.000923546422850397	0.129581098285144	0.00138793237372988	0.00900466407507045	0.00220951546911322	0.0506915992244556	0.000860667747290176	0	0.0127529201644608	0.0484960578715157	0	0.00348612038821102	0	0	0.703167331374602	0.888796270624359
BCRF4_10_14875_672_ADH_Ep_S12_R1_001	0.243350235932683	0.167901603215228	0.0976046458653885	0	0	0.0993705855820903	0	0	0.0232182321395379	0	0	0.0416772490665549	0.015850930058919	0	0.116357772509862	0	0	0	0.0063846727758481	0	0.00330790604197995	0	0	0.0435429252853901	0	0.00113186964660018	0.0219384760594566	0.085400999217887	0	0.00286901683416098	0	0.00386553027021165	0	0	0	0.0169348634048202	0	0.00929248609338216	0	0	0.634069200094975	0.887793102211311
BCRF4_10_14876_672_CCC_Ep_S13_R1_001	0.177299663155769	0.0448526202199142	0.115059621606835	0.00295801494508181	0	0.0930578049149574	0	0	0.00447908692565077	0	0	0.0313354134603194	0.0183938051880848	0	0.0786642660721479	0.000838290713292776	0	0	0	0.00919194290347882	0.0317129385588579	0	0	0.19484774950669	0	0	0.0185030220592679	0.111603298630984	0	0.0231675899188338	0	0.0148590860489668	0	0	0	0.0255120224559023	0.00302555568573946	0.000638207029225965	0	0	0.661986810307823	0.866149705347828
BCRF4_10_14878_673_IBC_Ep_S15_R1_001	0.0917451547440899	0.0986940853293848	0.146705356398499	0.0110975014840027	0.00110305835507147	0.0534802620787976	0	0.00454851525271198	0	0	0	0.0256075019984753	0.0393591706098044	0	0.0761053023982409	0.0219364123296617	0.0622093594648634	0	0.0163702226832644	0	0	0.00910775396573248	0	0.0164649350732699	0	0	0	0.218976080813583	0	0.00689640853097146	0.0012566136507226	0.041250175727611	0.00712827680489659	0.000133584286142067	0	0.0290476688165126	0.0207765992036913	0	0	0	0.794034567260765	0.861687895799863
BCRF4_10_14880_673_DCIS_Ep_S17_R1_001	0.135974801283226	0.0927784078896369	0.119797368469187	0.00319343856094087	0.000744605700781646	0.0781310472621809	0.0224318069113954	0.00851745017665476	0.00484124067881319	0	0	0.0159123422940688	0.0276505903646243	0	0.086203087696886	0.0286411886283874	0.0192509170171109	0	0.00511084552306704	0.0208211025818195	0	0.00548362018728925	0	0	0	0	0	0.254043944957621	0	0.0184893806567561	0.000337512699898578	0.0150251683157934	0	0	0.000983737390840799	0.0201794373212667	0.0154569574317536	0	0	0	0.719026754925807	0.876637687367102
BCRF4_10_14882_673_NL_Ep_S19_R1_001	0.288747871553773	0	0.147621109506526	0	0.00100324940152432	0.0902662072361708	0.0210852389827489	0.00765034870512328	0	0	0	0.0501144434587692	0.00903933533840207	0	0.107660780879166	0.0258469541330829	0	0	0.0132967586151599	0.0119377929273154	0	0	0	0	0	0	0	0.145791095704837	0.000914836450480256	0	0	0.0474165678866985	0	0	0.00208367123380324	0.0295237379864193	0	0	0	0	0.660138487759204	0.900280752750609
BCRF4_10_14884_673_AM_Ep_S21_R1_001	0.413348288789243	0	0.0601697193526267	0	0	0.0648827743517449	0.00322491617820332	0	0.00515974084036827	0	0	0.0258770901230836	0.00160201362139567	0.000569858910206753	0.139107693758223	0.000313650395842062	0.0109264121224612	0	0.0183479723930959	0.00819139918579154	0	0	0	0	0	0	0	0.155365512617446	0.00565241719224055	0.000517199308403817	0.00357968479733015	0.0213342812410768	0.000613270518788239	0	0	0.0612161043024285	0	0	0	0	0.229344775318285	0.974888218932941
BCRF4_10_14886_673_CCC_Ep_S23_R1_001	0.400600301841919	0	0.072315448020488	0	0	0.103906761507196	0	0	0.0163732073198135	0	0	0.0373442731161565	0.00763926828384926	0	0.0951167542612615	0.0152810000845494	0	0	0	0.00841663135325785	0.00624372319568762	0	0	0.0124095730547223	0	0	0	0.162148199130146	0	0.0106416929634193	0	0.0160312740838903	0.00354897545526702	0	0	0.0256443252451329	0	0.0063385910832439	0	0	0.556999425583248	0.915083963220643
BCRF4_10_14888_673_EN_Ep_S25_R1_001	0.253688108392932	0.138139125611669	0.0919030672797341	0.00480035694854744	7.17520268042282e-05	0.0932335106723038	0	0.00261524875068411	0.010713081577037	0	0	0.0491655667400312	0.0278467610661186	0	0.10532927274392	0	0	0	0	0	0.00361250077230975	0	0	0	0	0	0	0.159490358169109	0	0.00715539806424046	0	0.0137887048056368	0.00686165250940258	0	0.00731023425451123	0.0240925345908791	0.000182765024129737	0	0	0	0.627105111463436	0.896834484441381
BCRF4_10_14890_674_DCIS_Ep_S27_R1_001	0.432967667567776	0	0.00536885612434344	0	0.00069517955787711	0.103393912674165	0.0310702094299627	0	0.0207921330820966	0	0	0.0115029264899233	0.0238788675007204	0.0362178396628246	0.0832779127515575	0.00711080975286913	0.00506919451146716	0	0.0601619071968501	0.00736311096707326	0	0	0	0	0	0	0	0.145240725111816	0	0.00117851841862619	0.00948209811896607	0.00398657039530696	0.000818947948945656	0	0	0.0104226127368322	0	0	0	0	0.470172094672118	0.93162094831829
BCRF4_10_14892_674_IBC_Ep_S29_R1_001	0.396699466980341	0	0.00630030995866753	0	0.000485793372866043	0.0959090022345431	0.0589706657517236	0	0	0.00337718150745166	0	0.00687623119150942	0.0174893541617575	0.0111704819768824	0.0697028902620236	0	0.0710382594058561	0	0.0331726810320947	0.0122841042261597	0	0	0	0	0	0	0	0.140803281152456	0.00339690001899002	0.0191208266842956	0.0123715852157681	0.0102244543673369	0.000235644981409462	0	0	0.0230990764557575	0.00298923919016506	0.00428256987194493	0	0	0.546737806614828	0.917478476520528
BCRF4_10_14894_674_BBD_Ep_S31_R1_001	0.170312728876077	0.245105266680166	0.201329390992716	0	0	0.0979287998306508	0.00528316324043077	0.000452063709684157	0.0110397190606014	0	0	0.0222616107587317	0.00399378611650925	0	0.0888495519580863	0	0	0	0.0111053508659625	0	0.00691792587569627	0	0	0	0	0.0031869240647986	0.00931578654847163	0.08427199995245	0	0.00541424461791637	0	0.0129947958439265	5.89906394230104e-05	0	0	0.0179626600605235	0.00135317371840352	0.000862066588775006	0	0	0.710332117541951	0.870800986864453
BCRF4_10_14899_675_EN1_Ep_S33_R1_001	0.313554511692083	0	0.159979511676216	0	0.00450617885483886	0.0981610669831081	0.0112307869112368	0.000352411706335477	0.0028094415199284	0	0	0.0287475973126285	0.0230531115191403	0	0.0824859366035547	0.0120310013719868	0	0	0.00123008355852995	0	0.00688445275311832	0	0	0	0	0	0	0.179264608627395	0.00115301055700646	0.0150997885833762	0.00395857561262043	0.0250211350901095	0.00569122837869505	0	0	0.0247855606880927	0	0	0	0	0.712792794162572	0.88624034848704
BCRF4_10_14901_675_EN2_Ep	0.305704377567609	0	0.178044519361343	0	0	0.0975347849268249	0	0	0.00616592451096492	0	0	0.0432550271388215	0.0204489251117103	0	0.0854733479731961	0.0124637847836307	0	0	0	0	0.00652985145608801	0	0	0	0	0	0	0.157003225958028	0	0.012479249512654	0.00160486075813712	0.0326697988466093	0.00438442272335595	0	0	0.0284193177696502	0	0.0078185816013771	0	0	0.623252930296417	0.906553443944852
BCRF4_10_14904_675_EN3_Ep	0.33511866434872	0	0.133820614007628	0	5.52675626892602e-05	0.128556802326308	0	0	0	0	0	0.0518334971965441	0.0165649488690734	0	0.0795321946111062	0.0207995035170512	0.00398528918886191	0	0.00560489961137768	0	0.00760572041860651	0	0	0	0	0	0	0.137499432360297	0.000394500045153648	0.011657968119138	0.000907417496145002	0.022578450897982	0.00174083681172786	0	0	0.0375004172784971	0.00424357533309348	0	0	0	0.64850632433763	0.903919095988187
BCRF4_10_14905_675_NL_Ep	0.0883879611100509	0.11718279576739	0.190937722527035	0	0.00383733601529702	0.123321348987637	0	0.00587304261431886	0	0	0	0.0538919426865078	0.0333056539599839	0	0.112217242060165	0	0	0	0.0262191706429263	0	0.0161673090199331	0	0	0	0	0	0	0.124185344094221	0	0.0086362328215673	0.00184864036243951	0.04853488493284	0.00041781138393882	0	0.00329043254600433	0.027050778035635	0	0.0146943504321094	0	0	0.711064240762388	0.887433451788304
BCRF4_10_14907_675_IBC_Ep	0.14412353743014	0.0971800913564166	0.0854804110180192	0	0	0.124059997599877	0.00543536600566914	0	0	0	0	0.0378221941134233	0.00822622184116576	0	0.0915752022438784	0.0174329529809514	0.0185673786913569	0	0.0115179526096671	0	0	0	0	0	0	0	0	0.216943975659945	0	0.00502152879204924	0	0.0697359422153226	0.0219881784041257	0	0	0.0235964453264943	0.00518150636159001	0.0161111173499088	0	0	0.581005945321789	0.908543295271443
BCRF4_10_14908_675_CCC_Ep	0.239413719432771	0	0.113173638289649	0	0.000114277816870175	0.0985787190963783	0.00251789514705808	0	0.00326671089798864	0	0	0.0483712330371206	0.0317889008115721	0	0.101322504569305	0.0134053207655449	0	0	0.043077354175039	0	0	0	0	0	0	0	0	0.127586592591978	0.00503951334647513	0.00543952952300079	0.00250179019834189	0.0592150467915453	0.00377633779774821	0	0	0.0832198071835155	0.0181911085280991	0	0	0	0.498850216781955	0.931286867883801
BCRF4_10_14922_677_IBC_Ep	0.342367224360386	0	0.0378193307914732	0	0	0.0923308072622162	0.0170526744570202	0	0.0078572408213551	0	0	0.0165204382105793	0	0.0203198979191253	0.0391311495245881	0.0114581381447313	0.0795407598429023	0	0.026532942901914	0.00646529674704939	0	0.00335087659050034	0	0	0	0	0	0.215029370800629	0.0105493233984578	0	0.00411731585940922	0.0179971218751109	0	0	0	0.0401397800167575	0.0114203104757949	0	0	0	0.596084678717757	0.905832652426909
BCRF4_10_14924_677_DCIS_Ep	0.375657972491504	0	0.0285346839851992	0	0.00108346474517623	0.0720348614131647	0.0267002230077048	0	0.0122310647249771	0	0	0.0195222103280577	0.00890497568919685	0.0136473444331617	0.0543378629541199	0.0104151894258829	0.0718425384410715	0	0.0324975614466897	0.012597322499466	0	0.0106136101513263	0	0	0	0	0	0.189709105547843	0.00860678243801057	0	0.0065820224877473	0.00920293486746836	0	0	0	0.0230618236038588	0.012216445318373	0	0	0	0.648841808210234	0.894793223818149
BCRF4_10_14926_677_NL_Ep	0.0782244475375081	0.0709131083358612	0.083237043853645	0.0302679882707296	0.0110065661911909	0.070040274012451	0	0.047180486992094	0.0201706320098309	0	0	0.0520386149341087	0.0632585244281718	0	0.127171686155373	0.0320379635953836	0	0	0	0.0113668348181176	0.0233350245362727	0	0	0	0	0	0.000163292415769081	0.151714174376112	0.00324051239264745	0.0124770320317611	0.000574645465029639	0.0490938688737248	0.000121583376009048	0	0.00454764332989468	0.0409287720445695	0.0110858746703316	0.00580340535341245	0	0	0.884310536677994	0.774379921187012
BCRF4_10_14928_677_LVI_Ep	0.292766328094086	0.0333903400067374	0.0513029945285928	0	0	0.0933112355957319	0.0174350824353861	0	0.00945912446586301	0	0	0.0253150731415223	0	0	0.0412284415591215	0.00123118836559468	0.0566272521884742	0	0.0543329660726682	0	0	0.00481818307628197	0	0	0	0	0	0.222381478896383	0.00145602039453388	0	0.00730081479373173	0.01752269416688	0.00281014350044428	0	0.000863758449119035	0.0291090161762249	0.0201946913906054	0.0171431727020176	0	0	0.649972620338799	0.893352470028959
BCRF4_10_14930_678_IBC_Ep	0.283406154775954	0.0995586077139621	0.0586503665826618	0	0	0.0689389177089008	0.0264335255275688	0	0.005550898486607	0	0	0.0206591927427641	0.0189125280468133	0.00966527785312593	0.0306580583430118	0.0124366229279142	0.0828723469014794	0	0.0512307210745357	0	0	0	0	0	0.0103197999188003	0	0	0.195231217568003	0	0	0.00225943510961805	0.0070476889470557	0.000226459829707031	0.00686492676871445	0.00144473327859839	0.00389973877606889	0.00342265381997774	0.000310127298158299	0	0	0.679909091937794	0.884811348365501
BCRF4_10_14932_678_PLC_Ep	0.180898354026813	0.0339198651397042	0.0468027131955308	0	0.000556619112236547	0.0849706183381191	0	0.0192575743370194	0	0	0.0106182969468664	0	0.0218067416826515	0.0433658779577655	0.161180484711657	0	0	0	0.0188901604211276	0.0352255908656217	0	0	0	0.0632875074255913	0.00056659131135639	0	0	0.116696928593406	0	0.0358799423171388	0.00374739178341137	0.0354112479041533	0.000788392829240652	0	0	0.0833176728455869	0	0.00244160170968601	0.000369826545317203	0	0.450868152831678	0.929417564597944
BCRF4_10_14934_678_EN_Ep	0.380447687525195	0	0.0684522505774657	0	0.000646605972226441	0.106963112642171	0	0.00123069838913935	0	0	0	0.03610673156784	0.00903369072711722	0.00532177468787767	0.0867845903382003	0.00362534012837054	0	0	0	0.0278592938797034	0.000334541385202595	0	0	0.0268628860181294	0	0	0	0.119203218092086	0	0.0109055026780796	0.000227784400572113	0.0457240181945099	0.00640398647949661	0	0	0.0479794238125851	0	0.0158868625040322	0	0	0.626989714925993	0.90122082305524
BCRF4_10_14936_678_NL_Ep	0.193008166211985	0.0643408754047146	0.0928277978046474	0	0.00181881719210627	0.121999400216217	0.000269516284715626	0.0194064341176923	0.00296675915080154	0	0	0.0297407990880849	0.0207445543873989	0.0560444003152072	0.102902053465608	0.00929137974659717	0	0	0	0.0269485606545593	0	0.0083129115782331	0	0.00288845962508298	0	0	0	0.111832109401562	0.0028733645856113	0.0106424803059419	0	0.050624973792884	0.00426442021185839	0	0.00347027198328819	0.0538917628651169	0.00888973161008677	0	0	0	0.905726600973528	0.839170537208679
BCRF4_10_14938_679_IBC_Ep	0.231155126219953	0.141901745968954	0.0549487501921937	0	0	0.0911262372300746	0.0365448470301092	0	0.0104786948264866	0	0	0.0104105125239194	0	0.0279747971851115	0.0431287444096843	0.00578484387370947	0.108971080840314	0	0.0174517913480043	0.0177263234759808	0	0	0	0	0	0	0	0.17035276279024	0	0	0.00513988204514011	0.0145110190362647	0	0	0.00334591478900663	0.00904692621485374	0	0	0	0	0.635595125862765	0.895162421895996
BCRF4_10_14940_679_DCIS_Ep	0.181617483366733	0.0855541258711135	0.0594093773852607	0	0	0.0893970307997754	0.032556065667564	0	0.0133088750103624	0	0	0.0120284159313794	0	0.103129657584185	0.0509480496043629	0.00334405101978698	0.0994638111007376	0	0.00659744519126486	0.0535695979616991	0	0	0	0	0	0	0	0.162623592393599	0	0	0.00280720869476314	0.0205882168066423	5.47281095431637e-05	0	0.00380956168177327	0.00865825914468747	0.0105344466747666	0	0	0	0.474481439805609	0.932373188346679
BCRF4_10_14942_679_NL_Ep	0.1871736927046	0.075411394523814	0.0912265244007914	0	0.0254341048325676	0.117261181388383	0	0.0267523848589941	0.026631320574734	0	0	0.0554127702560647	0.0270458756814587	0.0239442548422382	0.0611881387212036	0	0	0	0	0.0049533276775481	0	0	0	0	0	0	0.00453665632753448	0.109837320282803	0.00694308329072175	0.00901398977636408	0	0.0703360692869155	0.00499447423305232	0	0	0.0378213266771172	0	0.0340821096630946	0	0	0.881899926153841	0.774271477324884
BCRF4_10_14954_680_DCIS_2_Ep	0.536484329658907	0	0.0162622070508847	0	0	0.0997424114702407	0.00357447317651027	0	0.00526272095854142	0	0	0.0402570847089615	0.0101293640235415	0.000672044905578004	0.0661439830533258	0.0176706091376553	0	0	0.0254895905295035	0	0	0	0	0	0	0	0	0.150189861251407	0.00657993013162557	0	0	0.00161069875881018	0	0	0.000500022395500075	0.00702643578165025	0	0.012404233007357	0	0	0.587154113570361	0.90523661249145
BCRF4_10_14956_680_ADH_2_Ep	0.45729565012637	0	0.00889462969993208	0	0	0.085002094085065	0	0	0.015530902750782	0	0	0.05178930687029	0.0222060344785637	0.00605862906701813	0.0651159433396598	0.0163847425276173	0	0	0.000335475746337317	0.00856529776228942	0	0	0	0.0504011476512857	0	0	0	0.16607406078175	0	0.0117964796894565	0.00242644879065849	0.00608565706783459	0	0	0	0.0144559383097676	0	0.0115815612553223	0	0	0.485276628689718	0.922319399452424
BCRF4_10_14944_680_ADH_1_Ep	0.380880608689807	0	0.0956695115749241	0	0	0.11031841144036	0.000640079361460662	0	0.0067102930335846	0	0	0.0339607085035417	0.022722232987093	0	0.0698528291327703	0.0169893431045976	0	0	0.0116787022297649	0	0	0	0	0	0	0	0	0.172547557278622	0.00572579300605904	0.00688532375499857	0	0.0275448122606113	0.000174941686369588	0	0.000389404261066028	0.0258722925611622	0	0.0114371551332068	0	0	0.435424668380071	0.938190518959783
BCRF4_10_14946_680_UDH_Ep	0.352817806854265	0.0637212578027172	0.0833172236975434	0	0.00762372645643514	0.0909956829322466	0	0.00470799710820219	0.0119240119182703	0	0	0.0595453199963398	0.023260997333957	0	0.07843573105668	0	0	0	0.00174753458157106	0	0	0	0	0	0	0	0	0.135137703336097	0	0.010346879812632	5.18293240896508e-05	0.0325477069994236	0.0037402825645402	0	0.000749514848252794	0.034489890893812	0	0.00483890248292432	0	0	0.688311637640588	0.883848257846463
BCRF4_10_14948_680_NL_Ep	0.294895140157506	0.0639656919632565	0.145624589259637	0.016034088219457	0.000797916213478582	0.0708202203977256	0	0.00133393800407264	0.00766553793631001	0	0	0.0544115331873239	0.00652267734885436	0	0.119125610153987	0	0	0	0.00861970066986499	0	0.00605161966564751	0	0	0.00632238079864322	0	0	0	0.110963908137177	0.0015964921110708	0.000321655516335608	0.00152400114689074	0.0228677755012594	0.00668064158062079	0	0.0105173379742093	0.0158452049601002	0	0.0274923390965722	0	0	0.657465805531928	0.896770220834666
BCRF4_10_14950_680_DCIS_1_Ep	0.515691689725722	0	0.0145575103968203	0	0.00430591986011673	0.0775319304757389	0.00868924912551788	0	0.0146331462109956	0	0	0.0441114103245172	0.0108803579381157	0.00352559215162395	0.056449101290985	0.0269484493945515	0	0	0.0126594795850434	0.00490701875476112	0	0.000696182304380257	0	0.00602828101095509	0	0	0	0.170211015173256	0	0.00126657673465787	0.0022177596352078	0.00232327960606763	0	0	0	0.0128671158000009	0.00432131636051738	0.00517761814044736	0	0	0.577463217768947	0.90566669394099
BCRF4_10_14952_680_IBC_Ep	0.444224171562434	0	0.015682807429606	0	0.00614879099401059	0.0598891642253635	0.0210696309048691	0	0.0142523568150534	0	0	0.0222261043061798	0.00864518746480411	0.0199338953196901	0.0663996127147635	0.00658399637421985	0.0305929988425588	0	0.0508035348354869	0.00344286776270195	0	0	0	0.00308167275943916	0	0	0	0.159019607365921	0.00822295841882181	0	0.00994242091186823	0.0190107220683834	0.00646584272131572	0	0	0.0157346491658247	0.0086270070366844	0	0	0	0.481416811570291	0.925422470218017
BCRF4_10_14958_680_LG_DCIS_Ep	0.496420143902951	0	0.0275385181981003	0	0	0.0946977518140787	0.014507304251363	0	0.0212304519504568	0	0	0.0325126916997084	0.00161831365764647	0.0354447235751688	0.0514798658302902	0.0220431836286802	0	0	0.0365939927955333	0.0137298643164742	0	0	0	0	0	0	0	0.114352943778128	0.00080097445313917	0	0.00267034617000399	0.00555097742392916	0	0	0.000429337060767131	0.0157172391526021	0.0126613763409785	0	0	0	0.425699049745929	0.939316862406967
BCRF4_10_14960_680_AM_Ep	0.529504419370061	0	0.0350130145290259	0	0	0.0677734228958226	0.00731650211280547	0	0.0161934194828204	0	0	0.0373176537882056	0.00311620787214277	0.0231147017222976	0.0436063334387204	0.018913327594502	0	0	0.00209535290215233	0.00712478271850518	0	0	0	0	0	0	0	0.147596022899405	0.000533716885068081	0.00334010176945869	0.00141627536621415	0.00434894626371324	6.00268314123757e-05	0	0	0.0381913884230695	0	0.0134243831345977	0	0	0.494625607625888	0.923751698811515
BCRF4_10_14962_680_atip_AM_Ep	0.511351901060911	0	0.0459917489522369	0	0	0.0852484926733711	0	0	0.00523364636975134	0	0	0.0491540747742126	0.00881592350442197	0.00388117083510331	0.0585061034438449	0.031696172803296	0	0	0	0.0130424459585285	0	0	0	0	0	0	0	0.136007566453611	0.0069967652352527	0.00344020764185058	0.000612266860309164	0.0105350713990992	0.00236014023903745	0	0	0.0202920722503138	0.000321285487037135	0.00651294405781115	0	0	0.50313860854884	0.922851609956072
BCRF4_10_14963_680_ADH_AM_Ep	0.441528521541946	0	0.0529149877347967	0	0.000180196733497168	0.0817549717132826	0.0018840615243495	0	0.010990250926391	0	0	0.0527364765489433	0.015480120824489	0	0.06236997123705	0.0342614382320984	0	0	0	0.0156829496433612	0	0	0	0	0	0	0.00247460494080371	0.175479896557477	0.00569442685736384	0.0110460664544004	0	0.00458091703375821	0	0	0.000989107293908211	0.0232342392363433	0	0.00671679496574061	0	0	0.492265469094054	0.925730742114493
BCRF4_10_14966_681_DCIS_Ep	0.146215261287814	0.388026198581078	0.0158500525372094	0	0.000984447417763797	0.0970061306775435	0.00672315404186631	0.00369476691213899	0.00510815859608749	0	0	0.0225312219390459	0.0129781986922408	0.00619591454979996	0.0486325457573464	0.0147028173127143	0.00584914078419251	0	0.0187527749025589	0.0047481647374805	0	0	0	0	0	0	0.0319944202325277	0.132543136084584	0	0	0	0.00770985641254634	0	0	0.0127177067787001	0.0117770259809464	0.000425388023153267	0.00483351776066056	0	0	0.749459649262098	0.835549503731783
BCRF4_10_14968_681_AM_Ep	0.458575965784324	0	0.0530882768104477	0	0.0015972888919507	0.0607039789679097	0.000567503448204835	0.00211834558132821	0	0.0397547486099206	0.000605629728487817	0	0	0.0258899394503881	0.0747051843050022	0	0.0271922932553975	0	0	0.0245453488806511	0	0.00589351023960252	0.00527929749028068	0.0244191755669325	0	0	0	0.0604147189988344	0.00469632393854293	0.00384764471386223	0.000917588778489124	0.0309619384321721	0.0116944493679531	0	0	0.0821168330358053	0	0	0.000414015723512619	0	0.438157269044413	0.93460777294595
BCRF4_10_14970_681_EN_Ep	0.241187726127559	0.241485882495308	0.174984705973204	0	0	0.0700797575166392	0	0.00393769605547182	0.0214837110468841	0	0	0.035905939795155	0.017356415258323	0	0.0476908588012586	0	0	0	0.0133221584272242	0	0	0	0	0	0	0.000542455313214984	0.00070139875482718	0.0894943976695197	0.00857714652111949	0	8.94404404104949e-05	0.00777830382504521	0	0	0.000954155320087469	0.0172911967399078	0.00713665391884107	0	0	0	0.790199123367062	0.847628688883254
BCRF4_10_14972_681_ADH_1_Ep	0.178152831751377	0.174665906055054	0.172389332186415	0	0.00039862451249325	0.0850508311173544	0	0.00179434484445361	0.0159385946870128	0	0	0.0483613672843566	0.0204173710037573	0	0.0702601637424633	0	0	0	0	0.00852825665777752	0.0145145918060073	0	0	0.000440438683528673	0	0.00385688047656828	0.00201545626566708	0.145220328678021	0	0.00887793828280587	0	0.0147081815110266	0.000993042648018539	0	0	0.0256065265885392	0	0.00780899121730202	0	0	0.785726344638353	0.861642411099153
BCRF4_10_14974_681_IBC_Ep	0.17676880437314	0.325391841939551	0.0237126199575133	0	0	0.0900840594781464	0.01113610871713	0.000181249688711869	0.00499814010598764	0	0	0.0214100236796915	0.0162138442799953	0	0.0522318974145823	0.0069595268918072	0.0118965808349869	0	0.00188060524042773	0.00419562454295163	0	0	0	0	0	0	0	0.179113566296905	0	0	0	0.0368441290254319	0.000334940893862592	0	0.0131182667269254	0.00955978877389854	0.0139683811383531	0	0	0	0.726401473146112	0.850880276554481
BCRF4_10_14976_681_NL_Ep	0.240182869270796	0.0229127642151106	0.106381931218304	0	0.0011469141331547	0.0803317435884127	0.00194322153861852	0.0275602632411442	0.0146570939173279	0	0	0.0630450450575443	0.0328590171826254	0.00154730337375496	0.0963994826578773	0.0103900432692444	0	0	0.0160670077941081	0	0	0	0	0.00398634943366723	0	0	0	0.112589947186375	0	0.0228931435073341	0	0.0810481884214315	0.0008198285851137	0	0.00658135058486169	0.0357317807140368	0	0.0209247111091562	0	0	0.799624591703941	0.854438233456385
BCRF4_10_14978_682_NL_Ep	0.192853739978929	0	0.155515310004365	0	0.00595193368760501	0.14911527144376	0.00614446874051554	0.00120625301205901	0.00333964245026067	0	0	0.0442793580637188	0.0273375739075111	0	0.110032646707556	0.0248207427238425	0	0	0	0.000174249158025117	0.0110584255177056	0	0	0.00315625479919241	0	0	0	0.192027825756466	0	0	0	0.0382149119935441	0.00159440780885693	0	0	0.0313766794451576	0.00180030480092905	0	0	0	0.752690010000361	0.884573432835329
BCRF4_10_14980_682_EN_Ep	0.134167076552553	0.0544654748637204	0.0445559342325195	0.0147241906957487	0.00966235677902843	0.0792360589365337	0	0.000102151827497545	0.00795302064556399	0	0	0.0425429757977548	0.0276460809835414	0	0.0758052791551472	0.0188746168460739	0	0.00881867763723666	0	0	0.0283193636966527	0	0.0116022988280801	0.00709295407752544	0	0.0159398385645954	0	0.157024195963817	0.0100216748639745	0.00232688426616686	0.00150416696150491	0.160160254731733	0.0147067687910003	0	0	0.0607722426463842	0	0.0119754616556463	0	0	0.710147227776478	0.876041454619794
BCRF4_10_14982_682_IBC_Ep	0.239537975032229	0.0153831131088052	0.0954254549633565	0	0.00191899248133665	0.0737267267994797	0.0323591411542522	0	0.00157708285060005	0	0	0.0204747814475232	0	0.0160739181785919	0.0578336852201154	0	0.155789368386989	0	0.0102358492229438	0	0	0	0	0	0	0	0	0.205417374546819	0.000552042725440457	0	0.000206921807830186	0.0247858890723632	0.00560243312765941	0	0	0.0238544245389666	0.0192448253346988	0	0	0	0.617997336833999	0.907847358744859
BCRF4_10_14984_682_Inf_NL_Ep	0.0851008726389591	0.0780475544398704	0.0847555796711151	0.0250504200259283	0.0728275975683104	0.0940424119558984	0	0.0104498232909741	0	0	0	0.0576991981077894	0.0402698771249951	0	0.105479739482358	0.0332743404369096	0	0	0	0	0.0238732334293159	0	0	0	0	0	0.0063785156817176	0.17068476643001	0	0.00100794834514744	0	0.065109682354694	0	0	0	0.038213353084845	0.00773508593116185	0	0	0	0.91604554804151	0.643345289457441
BCRF4_10_14987_683_DCIS_Ep	0.40269194535449	0.00769834126804558	0.000727805964125874	0	8.20003084963755e-05	0.117247431775776	0.0129575318689567	0	0.00982106410036817	0	0	0.0503137695778085	0.0148103234911568	0.0306839796669607	0.0538614601687571	0.0144790946045568	0.0100284895703066	0	0.0140681838976176	0.00525603781818136	0	0	0	0.0341211966656246	0	0	0	0.209921077969631	0	0	0.000291738448954608	0.00198863138732314	0	0	0	0.00736797781631482	0.0015819182765483	0	0	0	0.676296122967145	0.885214162144585
BCRF4_10_14990_684_ADH_DCIS_Ep	0.151355476346381	0.262782844971602	0.024869315320531	0	0.00206368031217388	0.0903488639397249	0.0133324640780662	0.00119331988328668	0.00672752111030715	0	0	0.0195015388623424	0	0	0.0595493721390867	0.019201562074285	0.0494835506608439	0	0.0426684448172908	0	0.0108795704500282	0	0	0	0	0	0	0.20764992319394	0	0	0.00491293081052057	0.00999461024687586	0	0	0	0.0173121401567572	0.00617287062595709	0	0	0	0.677141306950633	0.872702085381515
BCRF4_10_14992_684_DCIS_Ep	0.103442678110872	0.317813726630178	0	0	0	0.111092442133302	0	7.33553586036212e-05	0.00297644668621115	0	0	0.0221233500255442	0.00238115813920138	0.00332683500929131	0.0587617514998499	0.0180799097943747	0.0392123207426914	0	0.0187773279589181	0	0.000391847083150726	0	0	0.0162264323893729	0	0	0.00394336685964388	0.24294674956126	0	0	0.00578869416748159	0.00777738387492981	0	0	0.00535686845666501	0.0127894908611954	0.00671786465726182	0	0	0	0.695684688460242	0.857190994987365
BCRF4_10_14994_684_NL_Ep	0.165314247581331	0.0820696208082626	0.102216495199492	0.012407898892267	0.0144014884645525	0.102615557494506	0	0.0107073033452229	0.0165800660377717	0	0	0.0584369742253279	0.0299733257722336	0	0.0878039538002147	0.0169532592615943	0	0	0.0038650745024312	0	0.00163990686925311	0	0	0	0	0	0	0.15842224067097	0.0032360829492029	0.0066953563499334	0.00242311530557693	0.0690301621725366	0.00181276134425661	0	0	0.0526843880224128	0	0.000710720930650452	0	0	0.823089474551447	0.843222375558331
BCRF4_10_14996_684_IBC_Ep	0.118117296408237	0.286050835456207	0.0184970784844933	0	0.00992011276176124	0.0972514734262932	0.0015517001273899	0.00442310105505525	0.00793887145580484	0	0	0.031644236904706	0.00141652737206027	0.00624487742203807	0.0563317004504785	0.0123878848886667	0.0483583543848089	0	0.0200418775138396	0	0	0	0	0	0	0	0	0.223268799830306	0	0	0.00522623354273192	0.0197291683888614	0.000100561172148335	0	0.000508374461918067	0.0183917892599256	0.0125991452322686	0	0	0	0.736943745432706	0.849250713080451
BCRF4_10_14998_685_DCIS_Ep	0.152117136777956	0.305871833295089	0.0199384051429196	0	0	0.107289685252177	0.00115290920661147	0	0.0101983733811447	0	0	0.0288633507687432	0.00686463542101137	0	0.0622392545655102	0.00148434749036349	0.0187887380742633	0	0.0161769225057724	0.00270843319155004	0	0	0	0.00720965509768687	0	0	0	0.19697145888885	0	0	0.00272485522308384	0.0241722217741124	0.00337104081493807	0	0	0.0279648557718326	0.00389188735638433	0	0	0	0.720443397432927	0.85526112052068
BCRF4_10_15000_685_IBC_Ep	0.232857691602503	0.0615830706395369	0.0290499883603927	0	0	0.105647336660606	0.0346521274165711	0	0	0	0	0.0207437723195711	0	0.0158408311894764	0.0347292433095975	0	0.109104061268315	0	0.0557779705773578	0	0	0	0	0	0	0	0	0.247460759155331	0	0.0032544184531657	0.00835526854313315	0.00609810180063233	3.31695130493369e-05	0.000183001297327986	0	0.0197158762492544	0.0149133116441785	0	0	0	0.536686301984231	0.915942268603516
BCRF4_10_15002_685_NL_Ep	0.210809276158632	0.00459301711705239	0.194056283579707	0	0.00115003282629576	0.115182459439708	0	0	0.00190044836258771	0	0	0.0395938854650904	0.0178388348557843	0	0.134423444048877	0	0	0.00332872047247258	0	0.0108750657182981	0.0262373891226518	0	0	0.00433429410887305	0	0	0	0.141987533992441	0.000569309270493245	0.00373865569483706	0	0.0447310257929864	0.00602886851491308	0	0	0.0261910537131654	0	0.0124304017451323	0	0	0.597334216668793	0.915191905028852
BCRF4_10_15004_685_EN_Ep	0.0929801493752029	0.152554284861807	0.110443120232619	0	0.0200721463775234	0.127153924808956	0	0.00467029269316487	0.00258752885905679	0	0	0.053722755457507	0.00663070314270867	0.0115152981395982	0.0934491067758083	0.00645796512990322	0	0	0.0406328851505146	0	0	0	0	0	0	0	0.00628878480766131	0.157513379870361	0	0	0	0.0519356168812409	0.000825967168092594	0	0.02531796468772	0.0315496484280662	0	0.00369847715248716	0	0	0.773356620628755	0.847341628049002
BCRF4_10_15013_687_DCIS_1_Ep	0.357907248659114	0.00715487949561616	0.0395120316790146	0	0.00683031043784527	0.0802680863300666	0.0205590107566576	0.000760615790274504	0.0100135145288085	0	0	0.0181316369825456	0.0184135506361716	0.00317961244393164	0.0353318825058935	0.0280295559038284	0.0241448061690826	0	0.0450196236293072	0	0	0.00540789255681601	0	0.0351979722482514	0	0	0	0.222828003142476	0	0	0.00365049401108101	0.00352084536276049	0	0	0	0.0208617233317771	0.0132767033986806	0	0	0	0.611124877356914	0.895378680665731
BCRF4_10_15015_687_DCIS_2_Ep	0.23497899881833	0.00474897665261442	0.000545503761760402	0	0.00401460855361406	0.0852864006390892	0.0280320590696117	0	0	0	0	0.0384109971405842	0.052462660736011	0.00724500500568034	0.0746744732798283	0.0381837714130353	0.0528009727679881	0	0.0345964163207019	0	0	0	0	0.0467129070170105	0	0.0207609996321965	0.00494604187896096	0.210306720156851	0	0.025105679371492	0.00880463607585974	0	0	0.000111094212653947	0	0.0188502609364415	0.00842081655968479	0	0	0	0.557536861664641	0.907254450060943
BCRF4_10_15017_687_UDH_Ep	0.225444083751028	0.0975936199797067	0.105945422820308	0	0.0151924387088753	0.0974377791266342	0	0.0180945819081574	0.00300642131904488	0	0	0.0565303922914309	0.0052935093000896	0	0.108778014407386	0.000184254461959333	0	0	0	0.0117086999563504	0.010979920643236	0	0	0	0	0	0	0.128416217058988	0.00372039193274237	0.010113421166738	0	0.0428698271074209	0.00105784853500007	0	0.00353982583861788	0.0269117876644674	0	0.027181542021819	0	0	0.778530805291483	0.841784737670315
BCRF4_10_15019_687_EN_Ep	0.108887098456394	0.0970406356434481	0.192418424207846	0.00847635130788957	0.00583709566705786	0.0739459245228958	0	0.0178539066151215	0.0141157687695292	0	0	0.059067533376226	0.0320314226222892	0	0.0981634485556685	0.00426791606407771	0	0	0	0	0.00832981601432805	0	0	0	0	0.00920918127765215	0	0.134005632163269	0.000659225432447607	0.00845075939107741	0.00118002761998146	0.0420453093901927	0.0057308610281132	0	0.0169577413121032	0.0194879242607975	0	0.0418379963015947	0	0	0.727739325841714	0.87081270741133
BCRF4_10_15021_687_NL_Ep	0.0695642342191693	0.0910605640287022	0.145798840610374	0.0142390654649	0.0118849143355054	0.0867795979447879	0	0.0180915099999239	0.0132135137685704	0	0	0.0523937433409343	0.0377444237096805	0	0.094661963435067	0.00640200512059267	0	0	0	0	0.0244988110669239	0	0	0	0	0	0	0.135835570694638	0	0.0139371507349422	0.000261186586694812	0.0383202261906662	0.0071513730559839	0	0.0190744554323345	0.0252294438544654	0	0.0938574064051441	0	0	0.801711127574241	0.848056357835113
BCRF4_10_15025_688_EN_1_Ep	0.0902979734334842	0.0769365504313512	0.157862396165677	0.0122067500790757	0.00337500368362639	0.0648986653541168	0.00413003708716403	0.000635037865614998	0.00998583707067523	0	0	0.0422920141618436	0.0517611519228792	0	0.120324257445461	0.0313456363986408	0	0.00815491418073194	0	0	0.0373443815725451	0.0109554191638154	0	0.0184517840525277	0	0	0	0.139698447732315	0	0.0110935617239066	0.00694939895428628	0.0450018702809899	0.0010394090727941	0	0.00421829172159911	0.0393861555345812	0.0116550549102968	0	0	0	0.718483701414711	0.885433506510828
BCRF4_10_14911_676_EN_Ep	0.413213376262662	0	0.10366083951965	0	0	0.12091594603798	0	0	0.00163275053544071	0	0	0.037031514366436	0.0107042292815664	0	0.0634027729614438	0.0203998512936143	0.00855729985382543	0	0.00990370146695934	0.000599876048791795	0	0	0	0.00101519452381929	0	0	0	0.151686635951433	0	0.0156703738684646	0	0.00890982957220744	0.0013541690826793	0	0	0.0313416393730256	0	0	0	0	0.688852320572353	0.89166860870309
BCRF4_10_14913_676_BBD_2_Ep	0.322889205112925	0.0229239526599691	0.124479704105209	0	0.000643646807176267	0.12217597787699	0	0	0	0	0	0.055548198635149	0.0140444470139215	0	0.0972164598420264	0.00654602795907569	0	0	0.00926855853644873	0.00503416619372777	0.00905454476688769	0	0	0.00499936193071193	0	0	0	0.119215525706962	0.000145962228495539	0.00784628218485775	0	0.0374026287693159	2.75300745770991e-05	0	0.000261219263020614	0.0388215886480181	0.00145501168453463	0	0	0	0.578445639740764	0.915129100351268
BCRF4_10_14915_676_IBC_Ep	0.336302496122874	0	0.0178124645875503	0	0.00854147671662358	0.0965549072332765	0.0159453687452713	0.000160158169457667	0.0107373674963054	0	0	0.039051791723333	0.014195937080777	0.00606912019084016	0.087228576126888	0.0233899061803466	0	0	0.0213549172958264	0	0	0	0	0.0394865100821777	0	0	0	0.171097156958062	0	0.0198645432813205	0.00399834111353185	0.028894636485053	0.00435719137586914	0	0	0.0421717455472652	0.0127853874873509	0	0	0	0.492224806151587	0.922439129089745
BCRF4_10_14916_676_DCIS_1_Ep	0.37210530544295	0	0.0368070678648688	0	0.00874465950194428	0.102097179037428	0.00705830140730602	0	0.00713157765420359	0	0	0.0251279677546502	0.0146751274508493	0.0192832886627655	0.0843606280579099	0.00474294976070732	0.0197432688544314	0	0.0883783890649255	0	0	0	0	0	0	0	0	0.111803059880382	0.00765014608198845	0.0131973051419498	0.00299482818732691	0.012385720855542	0.00868573742237661	0	0	0.0450024843902683	0.00802500752522583	0	0	0	0.364937296233	0.951231135541429
BCRF4_10_14918_676_BBD_1_Ep	0.114817262894669	0.159138243570858	0.103671501433192	0.0107486167541352	0.00196459379256457	0.102053161770193	0	9.23776327147581e-05	0.0230321944355194	0	0	0.048540796108077	0.0196453359985837	0	0.105424513430527	0.0202509306871443	0	0	0	0	0.0318094312290323	0	0.00611735615698702	0	0	0	0.0375342485230265	0.150792816091327	0.0156781121011383	0.00863772786793808	0	0.0119465165939297	0	0	0.0184348467685174	0.00239923724068235	0	0.00727017891924337	0	0	0.690156496131171	0.878462353833032
BCRF4_10_14920_676_NL_Ep	0.2650216388987	0	0.183823907850864	0	0	0.123235264320035	0.00376333166891262	0	0.00484611625892782	0	0	0.037300897182965	0.00286139543324141	0	0.104394536963342	0.0181306356463569	0	0	0	0.00311172661771936	0.0200597607305421	0	0	0	0	0	0	0.165953618789986	0.00245309420280122	0.00119860267622377	0.000359905258092964	0.0228517029290264	0	0	0	0.0354063397967118	0	0.00522752477555229	0	0	0.669830921762649	0.900688593932015
BCRF4_10_15006_686_IBC_Ep	0.230731316924998	0	0.0133930513117386	0	0.00266847333923238	0.0885050321137207	0.0198806056652898	0.00177654348751512	0.00857105790237479	0	0	0	0.00450130018164646	0.0505336991969377	0.0563110353747736	0.0134336573475708	0.0740156202104363	0	0.0374221294639443	0.0118353062345728	0	0.000718783402563418	0	0.0501394712946535	0	0	0.00763178670673186	0.234411979089647	0	0.0132861805450086	0.00518068716767504	0.00767854403377149	0	0	0	0.0350743096422981	0.0322994293628993	0	0	0	0.619132298598135	0.894541994192066
BCRF4_10_15007_686_DCIS_Ep	0.200254029734252	0.00697183364341986	0.0790600047805623	0	0.00752327198844794	0.0616148971330471	0.0486540234281434	0.000654242841187555	0.0157989238352272	0	0	0.0319828418516093	0.0310203484394496	0	0.0768049849038992	0.0240610869675815	0.0637387656710645	0	0.0239454845074251	0.00212836593628963	0.0161720389451432	0.000484938016125166	0	0.0530590959869839	0	0	0	0.194553405281299	0	0.0132891881660421	0.000565962707488271	0.000742135978327818	0	0	0.00188175320495674	0.014846248549675	0.0301921275023526	0	0	0	0.722466099097698	0.878812692168563
BCRF4_10_15009_686_EN_Ep	0.039156665984348	0.250798682140872	0.127981899349482	0	0.00644349298138873	0.0936231861325808	0	0.0154838522356852	0.0190948136177319	0	0	0.057469525836055	0.0215195958691083	0.0127918349271898	0.0828816949571653	0.00751501482145254	0	0	0	0.00236095385711625	0.0120543691442482	0	0	0	0	0	0.0149215568151563	0.146062881039756	0	0.00527741068191888	0	0.0339076318505583	0.0037513338786728	0	0.00309772109489596	0.0218273110196821	0	0.0219785717649362	0	0	0.751780206393463	0.853197305511546
BCRF4_10_15011_686_NL_Ep	0.102908261299801	0.15795659470847	0.131470941044615	0.000228922256033636	0.00956405999650908	0.066539602223715	0	0.0171047434414453	0.0380906906382372	0	0.00416866878168091	0.0459886993626371	0.00190816456361736	0.126014549572789	0.0452490880882843	0	0	0	0.0157171362019303	0	0	0	0	0	0	0	0.00705645284186344	0.114123175923343	0.00452485622872761	0	0.00196811138179511	0.0482881353366055	0.00114437451084856	0	0.00848765714377589	0.0287984273879035	0.00435332894091705	0.0183453581244545	0	0	0.793914082128645	0.845437969192931
BCRF4_10_15032_689_IBC_Ep	0.143884986095775	0.297709548486059	0.0186622905107722	0	0	0.104136029397323	0.0150371493292353	0	0.0166866381664027	0	0	0.0287271071834834	0.0144202784388085	0.0123611369960447	0.0156857017471908	0.0291113870420428	0.0214343822499096	0	0.0300571279642676	0	0	0	0	0	0	0	0	0.221035313624834	0	0.00304822093966405	0.000434572608855961	0.01034787865969	0.000278588215791322	0.000847789942823574	0.00312593050379171	0.00609385386155235	0.00687408803568124	0	0	0	0.722172947899134	0.857478063130145
BCRF4_10_15034_689_DCIS_1_Ep	0.114665427975407	0.0894403289916183	0.0380385273250894	0	0.00479270483017311	0.0692148362854451	0.0481770088154854	0.000267914690561621	0.023127682060463	0	0	0.0430435609256835	0.0197131551973532	0.00274891366404206	0.0418969049265782	0.0572516536968512	0.00297141345868662	0	0	0.00775574209125818	0.00137137394231092	0.00404552749484833	0	0.0343004807802335	0	0	0.0144189752049098	0.291766454181585	0	0.0273955856045648	0.00658929507826429	0.00353728341370381	0	0.00522903512469442	0	0.0317137924570843	0.0165264217831048	0	0	0	0.685569411316104	0.871036200430317
BCRF4_10_15036_689_NL_Ep	0.19104440890938	0.0626491291213571	0.16627732312901	0	0.00612794109735703	0.115775003657275	0	0.00775541471333887	0.00160364666812555	0	0	0.060348148289123	0.0254451226527279	0.0197702684589219	0.0960658276814409	0.00139814170889286	0	0	0.00191647718919202	0.00461001811084565	0	0	0	0	0	0	0	0.105467460991253	0.0033515268196388	0.0163345402655454	0.000278341683932139	0.0537080608339324	0.00133587697215249	0	0.00784771430221026	0.0353669820984305	0	0.0155226246459178	0	0	0.734668435385785	0.881421365166169
BCRF4_10_15038_689_DCIS_2_Ep	0.104779429345662	0.382730780687083	0.0185968336604876	0	0.000673309249273667	0.0851076078829195	0.0038226884266689	0.00343904846078322	0.0176195444099317	0	0	0.029659682337199	0.0204527419085689	0.0259932166086829	0.0630605436660567	0.0188414115505081	0	0	0.00852190220314906	0	0	0	0	0.00700390304879115	0	0	0.00274852549149957	0.155126717762982	0	0	0.00553749069928086	0.00792366202749231	0	0.000843741911938094	0	0.0334177784021551	0	0.00409944025888657	0	0	0.810607093674647	0.824581315913645
BCRF4_10_15040_689_EN_1_Ep	0.409018298118045	0.0219295398650436	0.187267906864454	0	0	0.0802592329002639	0.00825435381667652	0	0.0164968724561689	0	0	0.0411459950010796	0.00367186782738484	0.0174039338829558	0.044566211586252	0.0116741574480924	0	0	0	0.00338434133484175	0	0	0	0.00779723180183696	0	0	0	0.0813816118537409	0	0	0	0.00840422481173314	0	0	0	0.0497925994538255	0.00755162097760528	0	0	0	0.702734793630915	0.888440365725597
BCRF4_10_15042_689_EN_2_Ep	0.374364997053066	0.052929882284421	0.126977567397652	0	0	0.0988486777749457	0.00822008595233735	0	0.00895623852497579	0	0	0.0369071947766883	0.0127452151522007	0.0113069055823466	0.0390498091356495	0.0107290365788491	0	0	0	0.00313719765760087	0	0	0	0.0704817021446243	0	0	0.0115708996589088	0.0810888291412827	0	0	0	0.0112695023945713	0	0	0	0.0384590820696283	0.00295717672025184	0	0	0	0.65700821632249	0.884932738963721
BCRF4_10_15052_690_EN_2_Ep	0.45262421532126	0	0.056344135122258	0	0.000153926933167942	0.10509236001055	0	0	0.00236326200621981	0	0	0.0516050753750811	0.0159291694170778	0	0.0791196369671968	0.00928749866309683	0	0	0	0.0183672452279197	0	0	0	0.00321501076306745	0	0	0	0.112114238537787	0.00290071927921257	0.0113347680217213	0	0.0241453130164976	0.00753680627236102	0	0	0.038041079961298	0	0.00982553910422626	0	0	0.500233175660784	0.926438201305497
BCRF4_10_15062_691_EN_2_Ep	0.313830027252334	0.104395480551308	0.0915979472366287	0	0	0.0942254528737236	0.000672112243301179	0.000641551116851399	0.00790616958185392	0	0	0.0289754237478293	0.0164664036713857	0	0.0917058856305602	0.00731063797904837	0	0	0.0136056063825646	0.000472851697694119	0	0	0	0	0	0	0	0.14365654227118	0.000572557827802091	0.00497901801703244	0	0.0320706385760066	0	0	0	0.0257580769314188	0	0.0211576164114757	0	0	0.611296121165345	0.900871835536058
BCRF4_10_14964_681_ADH_2_Ep	0.126222774549897	0.349913664514627	0.0915595362539046	0	0.00296838758191553	0.0972863552814544	0	0.0118235427948845	0.00540351777433111	0	0	0.025355723031139	0.00805461025809941	0	0.0634286548078549	0.00792384112038928	0	0	0.00745216228878868	0.0048097565492851	0.00127838484165973	0	0.000652879352855365	0	0	0	0.0199820007458092	0.0978322712471565	0.00394568716851303	0	0	0.0193497390871262	0.00145405846915314	0	0.0118913657803834	0.0254583130230923	0.00342380452179822	0.0125289689558826	0	0	0.76569387680986	0.83705887497444
BCRF4_10_15023_688_IBC_Ep	0.122717898297369	0.19918562625239	0.0130177730546454	0	0.00388812993270295	0.0466157103057114	0.0565442423003847	0.00135649829692458	0.00860441898509098	0	0	0.0297031904124445	0	0	0.054347455916017	0.0471673112885033	0.0516061949331323	0	0.00539208592652768	0.0302130458274181	0.00550967637260967	0.00603830928625054	0	0.0197244859097496	0	0	0.0110588241288121	0.224559903307491	0	0.00364847087879016	6.06481378194535e-06	0.00877042513853623	0.00028182613664638	0	0	0.0310158933469395	0.0190265389511304	0	0	0	0.612382200034694	0.889408934592789
BCRF4_10_15027_688_NL_Ep	0.229850606871161	0	0.162429967940664	0	0.00254848900002417	0.110695102973811	0	0.00528642322489531	0	0	0	0.0403711491522607	0.0192123730864411	0	0.129032388717759	0.00572644775529166	0	0	0.0118093864084295	0.0160694831083543	0.00954798962374908	0.00148949461179009	0	0	0	0	0	0.148279966589884	0.00453653336222766	0	0	0.0591800921217656	0	0	0.00302887069795366	0.040905234753538	0	0	0	0	0.680389215903433	0.897647629574926
BCRF4_10_15029_688_EN_4_Ep	0.400152799554532	0	0.126021537219705	0	0	0.0925450885652193	0	0	0.000491542256902789	0	0	0.0414518984072995	0.0152359425426354	0	0.0635720603866451	0.0213820741136831	0	0	0	0.00446649252515275	0	0	0	0	0	0	0	0.132020998816505	0.00268634676168098	0.00549160666417338	0.00110433327925278	0.0288295286276285	0	0	0	0.0602207103367142	0.00432703994226981	0	0	0	0.686097475993232	0.89238729360406
BCRF4_10_15031_688_EN_5_Ep	0.455739962840959	0	0.0925782048932581	0	0.000264529139654729	0.0895423639037454	0.0018839016179127	0	0.00725116967138933	0	0	0.0308546793899246	0.00572348750692887	0.00429687795192248	0.0620509432601432	0.0249175724536337	0	0	0.0372797461852031	0	0	0	0	0.00436789779908815	0	0	0	0.109672753147364	0	0.00035531822866702	0.00310011561897151	0.0115434861338225	3.57164111246413e-06	0	0	0.0585734186162996	0	0	0	0	0.401245727582445	0.944349427333367
BCRF4_10_15044_690_NL_Ep	0.194884985072245	0.103434488882218	0.125380826107832	0.00401022950655807	0.0138106801825176	0.0945523135417563	0	0.00408057717865685	0.010529917558744	0	0	0.0547886121001591	0.0356576981304912	0	0.0687631206337809	0.0125283448549754	0	0	0	0.0131830424081989	0.00494175929244957	0	0	0	0	0	0.00197133615418877	0.152477272650489	0	0.00186321574088938	0.00103068654724113	0.0476013032626833	0.00652767971069175	0	0.00046877830481778	0.037537431484738	0.00475356742135272	0.0052221332723258	0	0	0.795499875193733	0.855799083361422
BCRF4_10_15046_690_EN_1_Ep	0.390423486933125	0.0264319536292873	0.0893072096617803	0.00109703004672506	0.00134381387445788	0.10840000096094	0	0	0	0	0	0.0433796404318971	0.0121782943232156	0	0.0747624207404861	0.0136661160608116	0	0	0	0.0118567983354549	0.00454008435944	0	0	0.0232714571399685	0	0	0	0.134985586971839	0	0.000448715733837629	0	0.0210484218917714	0	0	0	0.0309579378411542	0.0119010310638086	0	0	0	0.684835323487183	0.887846309045594
BCRF4_10_15048_690_IBC_Ep	0.137382250201957	0.213456752165964	0.0624304349619301	0	0.000490662575797885	0.10565459415377	0.0206650346452005	0	0.00349465220569611	0	0	0.0300369441012759	0.00432760715469558	0.021221917244682	0.0497799391930085	0.00552758580973563	0.0750110260788967	0	0.014792552461442	0	0	0	0	0	0	0	0	0.214346916283334	0	0	0.00203214873184152	0.0186973660447232	0.000258393451599378	0.00147720101388596	0.00977449142341525	0.00678684295670702	0.00235468714044276	0	0	0	0.695248019268312	0.875610374523966
BCRF4_10_15050_690_DCIS_Ep	0.170600282319159	0.25183028998882	0.0493211823440491	0	0.000611095023781525	0.103436783510506	0.0154468352411296	0	0.0103000473328029	0	0	0.0299066004614923	0.00415264737811052	0	0.0558260985979635	0.0230468661276352	0	0	0.000146755699962956	0.0163208308525279	0	0	0	0	0	0	0.00455898712286958	0.205148244624992	0	0.0031810216183625	0.00117880293240383	0.0184134306133365	0.00132610879337107	0	0	0.0314714634027998	0.0037756260139247	0	0	0	0.715524773303543	0.863141788173505
BCRF4_10_15054_690_i_DCIS_Ep	0.133663021467729	0.101150023853337	0.0531007188846587	0.0235967764309068	0.00741573517140992	0.0863023957574465	0.0421065854678225	0.00435425895423394	0.00895688398854215	0	0	0.0265600111642021	0.0161700917303599	0	0.0860688626463358	0.0383927524429638	0.016350136665576	0	0	0.0113955509245804	0.0168460010504361	0.00533656934590354	0	0.0174938221904708	0	0	0	0.225141430424428	0	0.0121363621430481	0.00379123137564956	0.0109864784456365	0	0	0	0.0376784545244014	0.0150058449499218	0	0	0	0.766735991866009	0.862908117949623
BCRF4_10_15056_691_IBC_Ep	0.187162146874305	0.00912918962930015	0.11439974539096	0	0	0.108280853922345	0.042141285110629	0	0	0	0	0.0229474109004992	0.00171223544750875	0.00951666971863914	0.0531990690408373	0	0.116002784178926	0	0	0	0	0.000170643132713431	0	0	0	0	0	0.291188976658265	0	0	0	0.0214166569384813	0.00139419861835538	0.00735700346630959	0.000698747622659	0.0130763721075302	0.000206011241736022	0	0	0	0.629150216385227	0.901518845699249
BCRF4_10_15058_691_EN_1_Ep	0.358998162685314	0.0625314067901804	0.0849234812511387	0	0.000838434281300652	0.100538668012458	0	0	0.00217660199704306	0	0	0.0474509582548764	0.00714794100140319	0	0.0802336426111052	0.0055980530549049	0.00809474979895826	0	0.00559285977361821	0.0123299295886728	0.00181518159717837	0	0	0.0238169413041286	0	0	0.00964598121747232	0.12565541886151	0	0	0	0.0124306708464846	0	0	0.00163178606973813	0.0314783989473364	0	0.0170707320551782	0	0	0.684650615756732	0.884750613302516
BCRF4_10_15060_691_DCIS_Ep	0.467518261887208	0.0398256857491133	0.0155058998528232	0	0.000149432959988051	0.0789581470268084	0.00543185439393833	0.000218838997719328	0.0131192265654992	0	0.00064355928361692	0.0328405635271887	0.00256845329189237	0.000561925480309528	0.0795175915354857	0.0311439446477071	0	0	0.0083419092711877	0.00235358835330221	0	0	0	0.00367653930690297	0	0	0	0.154428663397343	0	0.00324401442190037	0	0.0142980951829155	0	0	0	0.0344696498253098	0.0111841550418412	0	0	0	0.616825269849281	0.898219285274023
BCRF4_10_15064_692_IBC_Ep	0.183127366917865	0.0947077436170651	0.00626267304528446	0	0.014746799782203	0.102880033601658	0.0510201690032384	0	0.022720380341125	0	0	0.0277164318762358	0	0.022260595814851	0.0224682558361717	0.00714084454611471	0.114331891977363	0	0.0162639535526868	0.00588292194353731	0	0	0	0.00513370547211381	0	0	0	0.257509495949329	0	0	0.00516376869646411	0.00646512127096403	0.000305564547455152	0.00294125689386014	0.00744035630011171	0.00826127795142383	0.0152493910628788	0	0	0	0.694191784893977	0.873675260128471
BCRF4_10_15066_692_DCIS_Ep	0.186327535629035	0.00278386416353803	0.0350831033766174	0.00727978476616418	0.0630180601598291	0.0957153602400846	0.0481439778889292	0	0.0325183271243181	0	0	0.0258355563723843	0.0136975591753237	0	0.0874492673893469	0.000216932221819576	0.0789978408458004	0	0	0.0414392553625096	0	0	0	0.0157804547463318	0	0	0	0.218783541268088	0	0	0.000862569678169552	0.00897263428452282	0.000368078471532111	0.0184423697281754	0	0.00817736264493941	0.0101065644625412	0	0	0	0.905669721673633	0.702329810826343
BCRF4_10_15068_692_NL_Ep	0.0850813098352788	0.0794576908166566	0.06930394526659	0.0244193647248876	0.0830476389495936	0.0603048110983273	0.00523533113210255	1.77821798599812e-05	0.0248594880483384	0	0.000494700619948833	0.0465256871647049	0.0320047798879299	0	0.105970453458307	0.0111231330861109	0	0.0186784666502159	0	0	0.0320995926763295	0	0	0.0150892384633583	0	0	0.0052256439835167	0.159906072986124	0.00150523934699441	0.0166696408029732	0	0.0209016767339186	0.0144422137229181	0	0	0.050908786571321	0.0367273117936937	0	0	0	0.912861676631985	0.632320435340945
BCRF4_10_15585_744_IBC_Ep	0.21160128093107	0.166100338172027	0.0625231073589152	0	0.00569819060522689	0.0799230694357227	0.029980395181067	0	0.0105282027995381	0	0	0.0195009632109201	0.00500358300603137	0.00354509327585004	0.0260691714818617	0.00718166253820828	0.0790972244008133	0	0.043176040995494	0.00767080336662278	0	0	0	0.012367456185814	0	0	0	0.182163609109231	0	0	0.00291853116343171	0.0210157338023736	0	0	0	0.012246373908814	0.0116891690709674	0	0	0	0.63580026154496	0.888874552784333
BCRF4_10_15587_744_inF-NL_Ep	0.136347695641966	0.161470745504692	0.130633481379309	0	0.0145129503174317	0.115873001232741	0	0.013480637831037	0.0257286714212677	0	0	0.0510749186114235	0.0226040392588438	0	0.0835498608063358	0.0268493860971921	0	0	0	0	0.00127132009405285	0	0	0	0	0	0.00390809413280493	0.12411654912637	0	0.00311054655707171	0	0.0467413850937928	0.000279134809228139	0	0.00267278044354385	0.0219815804090391	0	0.0137932212318565	0	0	0.832180169566623	0.833404992537092
BCRF4_10_15589_744_DCIS_Ep	0.190533857395859	0.105302081996449	0.0323182984468191	0	0	0.0863375448511691	0.044031765137439	0	0.00250490816661139	0	0	0.0352380998742589	0.0227400613151073	0	0.048087546257447	0.0319255594909404	0.0178907958764247	0	0.00222325611346043	0	0.00550950351253738	0	0	0.00700384446667678	0	0	0.0052665549497317	0.326910384934489	0	0	0.00498557912023397	0.000283260805219297	0.000384082356256215	0.000310779492788854	0	0.0195294662726459	0.0106827691674356	0	0	0	0.671259420152499	0.878815718351371
BCRF4_10_15591_745_CCC_Ep	0.313773675836098	0.0885444778971207	0.123030041624179	0	0.00324536133896211	0.120964436375758	0	0.00186306996912987	0.00818097792748981	0	0	0.050192647886004	0.0155543770295271	0	0.0928340773995684	0	0	0	0	0	0.0022494999439722	0	0	0.00289159949489953	0	0	0	0.120514380430101	0	0	0	0.0126791270542187	0.00395872820702064	0	0	0.0324342947862803	0	0.00708922679966956	0	0	0.648730518260951	0.89644880958298
BCRF4_10_15593_745_BBD_Ep	0.337315362638584	0.0899645598066491	0.121015489887428	0	0.00108812689512973	0.0946340007686083	0	0.00448550233226659	0.0162662464059961	0	0	0.0435314399982264	0.00864209429468303	0.00500587330307988	0.0734575063866556	0	0	0	0.000935554841423017	0	0	0	0	0.00111375751781134	0	0.00438442809174338	0	0.0977312487408308	0.00524101479014455	0.00801115532798722	0	0.034554717271804	0.00102898917852082	0	0	0.0394851576533942	0.00627908354543061	0.0058286903236037	0	0	0.702056608605476	0.882587071468839
BCRF4_10_15595_745_IP_Ep	0.47001706859255	0	0.0995347160163728	0	0	0.115330827185196	0	0	0.00834790897816303	0	0	0.0431616185081111	0.0067026496124317	0.0141795644504693	0.0494373015989632	0.0125752162195072	0	0	0	0.00712286461229264	0	0	0	0.00125533684985232	0	0	0	0.134672506562888	0	0	0	0	0.00207740594056077	0	0	0.0213278704891162	0.014257144383526	0	0	0	0.630503021462444	0.90109854834546
BCRF4_10_15597_746_IBC_Ep	0.226371548322578	0.0504993788118347	0.0578011913976805	0	0.00427812770423735	0.0479735751066578	0.0241231453537029	0	0	0	0	9.54454687244443e-05	0.00667162507825536	0.00614419351963591	0.0568850406401942	0.00231612666828181	0.108642268114129	0	0.0227401487715257	0.00994007711473049	0	0.000766078904032307	0	0.0464897957544833	0.00909303677700461	0	0	0.207513675700643	0	0	0.00526920381498667	0.0270165078498393	0.00710019820099715	0.00292183682617776	0	0.0514671039229811	0.0178806701766867	0	0	0	0.878780578626553	0.834600962457331
BCRF4_10_15598_746_DCIS_Ep	0.30583621269133	0.137473135840856	0	0	0	0.104904726869001	0.0138027145444422	0	0.0180617962810975	0	0	0.0288653327467092	0.0126052973510007	0.0234083536257647	0.0522459762457665	0.0138483835303339	0.0201048991588873	0	0.0414066658443833	0.00421324822887074	0	0	0	0	0	0	0	0.178713018521843	0	0.00750846033929646	0.00106708520846916	0.00147356325030257	0.000152180069131759	0	0	0.0266238072214513	0.00458245764810989	0.00310268478295251	0	0	0.560066028137171	0.908057154470675
BCRF4_10_15600_746_NL_Ep	0.391821608688908	0.0186779269650026	0.0599215524169329	0	0.00718664968856782	0.0989006863520221	0	0.00134464997364394	0.0101324752297124	0	0	0.0360276289114561	0.010002741428818	0	0.0588425721987676	0.0240787469610221	0	0	0	0.0101548855080804	0.00304261734499628	0	0	0.0196594692793077	0	0	0	0.17629965426235	0	0.0200768068908163	0	0.0151766235738668	0	0	0.000316842478324324	0.0200471381974477	0.0182887236499573	0	0	0	0.703757647961592	0.878576401971329
BCRF4_10_15602_747_IBC_Ep	0.190312538625437	0.196150697777408	0.0371782366986474	0	0	0.100639636179657	0.00178002068337255	0	0.0274933718972469	0	0	0.0303042331721047	0.0158604989879396	0	0.0551326787584188	0	0.0345013931329095	0	0	0.000872282171121196	0	0	0	0.0212039389407999	0	0	0	0.213013508393092	0	0.00731630351940853	0.000122516915774642	0.0195205478034757	0	0	0	0.0366852229445918	0.0119123733985949	0	0	0	0.707617402177533	0.868372142587543
BCRF4_10_15604_747_NL_Ep	0.168972543365015	0.145684005155587	0.141946832646481	0	0	0.100627792438685	0	0.00195308003231853	0.00490363355687316	0	0	0.0381139200822556	0.0123529061707609	0	0.105625737214834	0	9.53566391014023e-05	0	0	0	0.0192854867980801	0	0	0.010867317650493	0	0	0.00229439443157356	0.171429054701639	0	0.000515373902895698	0	0.0290867184087579	0.00172822902434993	0	0	0.0311774838396697	0	0.0133401339406299	0	0	0.697427825898295	0.882072240989542
BCRF4_10_15606_747_ADH_Ep	0.22090066519939	0.173012403292827	0.087891456670599	0	0.000324479515340705	0.103742835513005	0	0	0.0224629931107104	0	0	0.061767280245047	0.0150417299186934	0	0.0952422547773316	0	0	0	0.00107424215260043	0.00428915510477608	0	0	0	0	0	0	0	0.107256896722478	0	0.0126532666817674	0.00393608980091843	0.0232304574039434	0.00275524168291533	0	0.010777869898638	0.034538404996758	0	0.0191022773122608	0	0	0.69958809350285	0.881053434920725
BCRF4_10_15608_747_AM_Ep	0.531167073362295	0	0.0280333495840814	0	0	0.0942794968671276	0.00472887789248459	0	0	0.01270367737062	0	7.99087949311367e-05	0	0.0158638517825122	0.102210225307281	0.00454738682711059	0.0277931916800851	0	0.0107146981038369	0.0266381199833085	0	0	0	0.0121064238840707	0	0	0	0.0563357324044704	0.00503394041484034	0.00256170310438552	0.000523067871503286	0.00423020137363432	0.004306601741142	0	0	0.0561424716502795	0	0	0	0	0.374849877344906	0.948271202922937
BCRF4_10_15610_748_AM_Ep	0.327731205132137	0	0.0523291605951726	0	0.00642599536240425	0.0973059814551196	0.00753599827767738	0.0011597548142902	0.00670251503462536	0	0	0.0297731001349367	0.0115086727740461	0.0195859362320353	0.0831107725335652	0.012493576150144	0	0	0.0243034489986847	0	0	0	0	0.00510510206763578	0	0	0	0.16110095533249	0.0108697598106327	0.000523048276952306	0.000562798360337113	0.0647426634709656	0.0167794314041419	0	0	0.0603501237820059	0	0	0	0	0.288544144497023	0.96408729358955
BCRF4_10_15612_748_DCIS_Ep	0.482993871343428	0	0.00827064913797853	0	1.35387081141949e-05	0.0620455836467187	0.0152444429105682	0	0.0212791457952438	0	0	0.0198005205698006	0.00322775699647621	0.0452168818049011	0.0421189752074193	0.0108257647719073	0.0607509228543533	0	0.0429276160920956	0.00256673078243679	0	0	0	0	0	0	0	0.162222394117931	0.00463908027585921	0	0.00449638869496881	0	0	0	0	0.0113281539718812	3.1582317917285e-05	0	0	0	0.373399389326614	0.947848216182264
BCRF4_10_15614_748_IBC_Ep	0.451839115578886	0	0.00893602785074549	0	0	0.092931207382681	0.0129539250799835	0	0.0153133314358814	0	0	0.0138034881875986	0.019634694741802	0.0551852566238677	0.0786866483708507	0	0	0	0.0419878966793584	0	0	0	0	0	0	0	0	0.158645505745645	0	0.000685287341768861	0.00911561164413506	0.0115230527046913	0.000342108732693233	0	0	0.0229704227268005	0.00544641917261197	0	0	0	0.377068630528846	0.947543847369952
BCRF4_10_15616_749_IBC_Ep	0.254555761623799	0.0206738693745892	0.117820511683124	0	0	0.114128096168092	0.00649214933608738	0	0.00570505942238827	0	0	0.0239874650766975	0.00678474617611805	0.00767408018657871	0.0618287139373525	0.00512473967071413	0.0910519637698745	0	0.00385119759899598	0.0017525688566662	0	0	0	0.0135521224452767	0	0	0	0.172645441557024	0	0	0	0.0285121380776896	0	0	0	0.0463605000583809	0.0174988749805515	0	0	0	0.591550356907591	0.911730307526981
BCRF4_10_15617_749_DCIS_Ep	0.227632047155622	0.0603952959057746	0.0538252798389854	0	3.84948870819761e-05	0.0926566680799424	0.0194335677640115	0	0	0	0	0.0345641893075097	0	0.0236351053503213	0.0432573084800721	0.00542727459722048	0.0759553873326944	0	0.0743264882672691	0	0	0	0	0	0	0	0	0.23225831750187	0	0	0.00173077128676607	0.013938366703709	0.00364262073110396	0.01481298172068	0.00166086968413289	0.00967772592511161	0.00510141912309253	0.00602982035702941	0	0	0.486248623170219	0.927479326758792
BCRF4_10_15618_749_LVI_Ep	0.264029321526116	0.0477252820381003	0.026689201961049	0	0	0.124848024433696	0.0291227637952827	0	0.0099609750881463	0	0	0.0342444390767249	0.00542533211319148	0.0374967942736289	0.0451573541058542	0.0287967490657546	0.0210429479700892	0	0.0329369352170531	0	0	0	0	0	0	0	0	0.26313989667978	0.000169116935472922	0	0.0082154159596897	0	0.00137585914281534	0.000878270987512755	0	0.0144558962976062	0.00320089338182187	0.00108852995061464	0	0	0.438787782631651	0.934613581834141
BCRF4_10_15622_750_NL_Ep	0.292274519095814	0.111644619834043	0.0929257409920314	0	0.00585125057282273	0.0848776883588656	0	0.00117068004516809	0.01522011281713	0	0	0.0556856366852503	0.0160870671590729	0	0.060442407028353	0.00179268980309588	0.00798465033486492	0	0	0	0.00152142585223093	0	0	0	0	0	0	0.134959092714206	0	0.012270256317294	0	0.0428229630295491	0.00543623956641757	0	0.00849858331149999	0.0339771050399973	0.0011773039626807	0.0133799674796124	0	0	0.690045822036429	0.882543203037376
BCRF4_10_15624_750_IBC_Ep	0.19528743171103	0.111946981791134	0.106328456277447	0	0.000257778632007667	0.114735590112472	0.019797141441512	0	0.0278821424209933	0	0	0.0161829220021106	0	0	0.0357027287335767	0	0.0689708180069451	0	0.00744344709010779	0	0	0.00909406573883607	0	0	0.0136266706456522	0	0	0.2412763844815	0	0	0	0.0136538912950878	0	0.00555680279122198	0.00661734492165109	0.00174861705175172	0.00151983397074442	0.00237095088421862	0	0	0.598684486691277	0.898706763128057
BCRF4_10_15626_750_DCIS_Ep	0.330533579747599	0.0855128955987593	0.0691249619362194	0	0	0.0856168668278959	0.021492579048567	0	0.00230031447871051	0	0	0.0291947974554611	0	0.00757231477039166	0.056195920680869	0	0.0964023811934793	0	0.0223587458016874	0	0	0	0	0	0	0	0	0.184939227967551	0	0	0	0.00248360792684424	6.44133110105753e-05	0	0.00122992423300665	0.00200151083000359	0.00297595819194448	0	0	0	0.6423128088375	0.895423103129101
BCRF4_10_15628_751_NL_Ep	0.307155965816902	0.0519311925140537	0.162762877207154	0	0	0.105787854046912	0	0	0	0	0	0.049035107516304	0.0179308018325769	0	0.0904853557529314	0.00215376345338983	0	0	0.00359477895419674	0.00185039395811708	0.0100427306745654	0	0	0.0018252392308773	0	0	0.00593737326892479	0.122515314547638	0.000889953612029165	0	0.00100759033744002	0.0231242230241206	0	0	0	0.0337699058870697	0	0.00819957836479636	0	0	0.675961184617127	0.894003924290495
BCRF4_10_15630_751_IBC_Ep	0.27312202296707	0	0.0293040340357191	0	0	0.110747304202588	0.0380357792341885	0	0	0	0	0.0210716328561023	0	0	0.0947147842784473	0	0.123831233453737	0	0.0262379906947108	0.00666858629759766	0	0	0	0	0	0	0	0.214773779097767	0.00332121571709645	0	0.00330025154555069	0.000885303228375206	0.0143657464217816	0	0	0.0271484513923416	0.0124718845769263	0	0	0	0.500514091917896	0.928594424990492
BCRF4_10_15632_751_ADH_Ep	0.360413275366246	0.0354337777319637	0.115772496746022	0	0	0.100293995891933	0	0	0.0105606277585041	0	0	0.0516825612388054	0.017241435993934	0	0.0906686836463682	0.00427284582819788	0	0	0	0.00769327483476641	0.00328710635095102	0	0	0.0330343370625446	0	0.0153659883268331	0	0.0982816614069722	0	0.000193395064626153	1.32939057609985e-05	0.0150294017096109	0.00138193339979449	0	0.00140595324345568	0.0299856696204897	0	0.00798828487222018	0	0	0.685344313904935	0.887682150767795
BCRF4_10_15634_751_CCC_Ep	0.36532884323973	0.0813880944159525	0.143061300546518	0	0	0.0980054994556285	0	0	0.0172334411087331	0	0	0.0536505456680786	0.0123206857096639	0	0.0747404789059064	0	0	0	0	0	0.00662721567854752	0	0	0	0	0.00033961162134714	0.00323539550206134	0.0817119085302209	0.00196413328126486	0	0.00089166900579454	0.018338915596327	0	0	0.0123166447093589	0.0183308150596205	0.00559519339743974	0.00491960856780689	0	0	0.71937658814852	0.881346405768072
BCRF4_10_15636_752_IBC_Ep	0.115207099522259	0.107159294180015	0.0110496568935821	0	0.0130123532091025	0.086517561475557	0.0439946878047792	0	0	0	0	0.00916474301243535	0.0030182468275151	0.037205715708835	0.0214486522159705	0.0312479706555205	0.133159353172892	0	0	0.0391052557893111	0	0.000725866526334625	0	0.0335102208898328	0	0	0.00352524237149916	0.249256780129231	0	0.00140826402302449	0.0028414523048316	0.00141479829377077	0	0	0.00151393682014918	0.024124288345469	0.0303885598280826	0	0	0	0.72261982854363	0.865805580202001
BCRF4_10_15638_752_DCIS_Ep	0.202326374158403	0.125290409651759	0.0688001219104092	0.000926820298350404	0.0196942049754733	0.085880163957596	0.0125572503620619	0.00343836628507403	0.00677815822631799	0	0	0.0362858919775822	0.0257039037289542	0	0.0870846138031501	0.0182820609042365	0	0	0.047313967312519	0	0	0	0	0	0	0	0	0.213978408517543	0	0.00551804014453335	0.00628042379278748	0	0	0	0	0.0242366910509766	0.00962412894227299	0	0	0	0.754944736751343	0.85061969446129
BCRF4_10_15639_752_NL_Ep	0.199874041399011	0.191295679404482	0.0845041348115315	0	0.0294637023728524	0.111949132055389	0	0.0144076446911224	0.00615363808775444	0	0	0.0361013567628169	0.0210968985699367	0	0.0623654774277915	0.0130374892213397	0	0	0.0196904168237595	0	0.0137943706628157	0	0.00147757316012033	0	0	0	0	0.0980123650520441	0.00889154027211621	0	0	0.0455715452816086	0	0	0.00411744971583637	0.0278534085097553	0	0.0103421357179159	0	0	0.864993138476691	0.782778440041487
BCRF4_10_15640_752_BBD_Ep	0.107715810664228	0.308447106626025	0.0993721862297234	0.00221853359818622	0.0103007329646608	0.0927128617781283	0	0.0103967719971072	0	0	0	0.0347691720333447	0.0346388144091348	0	0.075693920450351	0.000186883531853991	0	0	0.0289480791824751	0.0034391394568297	0.0212415201043898	0	0.00365673315233189	0	0	0	0	0.103783438929897	0.00243785131972179	0	0	0.0236781993844908	0.0049869414743629	0	0.00852574957001141	0.0228495531427469	0	0	0	0	0.838148115656742	0.824134933723588
BCRF4_10_15644_753_DCIS_Ep	0.156750534680295	0.186803484198754	0.034283498142827	0	0	0.100632791222028	0.0391376981233506	0	0.00530759591434841	0	0	0.0197065006539315	0	0.0058124205242979	0.046583941575749	0.00231159401671317	0.0847004681588885	0	0.0163878209352167	0.0265963215191937	0	0	0	0	0	0	0	0.247361441833111	0	0	0.00714615754612949	0.00496730589238121	0.00141359769397815	0.000826591505375561	0.00200983139340322	0.00751364111974072	0.00373054619058674	1.62171597000331e-05	0	0	0.576963495228036	0.900669271670325
BCRF4_10_15646_753_IBC_Ep	0.126607335853117	0.0948523977931379	0.036936965085964	0	0	0.092069456132883	0.0382136159434627	0	0	0	0	0.0146131340729988	0	0.0123002513340379	0.0499989340847389	0	0.133378970941627	0	0.00205284360094457	0.0220995149804256	0	0	0	0.00270511534419259	0	0	0	0.264542771401158	0	0	0.00712041722354721	0.00357122135760041	0.0133942900447895	0.00258456559020704	0	0.0522816470182691	0.0306765521968993	0	0	0	0.68249442247427	0.885934905999763
BCRF4_10_15647_753_NL_Ep	0.206987666801068	0.0194456415383244	0.16142656386989	0	0.000376121393329529	0.120356223474705	0	0	0.00313747786477784	0	0	0.0392356318883651	0.0234880844815077	0	0.0914536966586585	0.00577134608550658	0	0	0	0.0173822386725799	0.00948274134002616	0	0	0.104367750076661	0	0	0	0.136180561506403	0	0	0	0.0165513708511541	0.00572568990562025	0	0	0.0282430090331347	0	0.0103881845582884	0	0	0.691881296864604	0.880204071649366
BCRF4_10_15649_754_IBC_Ep	0.256646465975623	0.331834053156236	0.0225462090400675	0	4.83604455119917e-06	0.097134384190435	0	0	0	0	0	0.0280106499660356	0.00283825219128872	0.00424158964988272	0.033526713296609	0.0173780312285097	0.0108440717370348	0	0.0121264462907026	0	0	0	0	0	0	0	0.00126784573943886	0.150325832539385	0	0	0	0.0122860457377684	0.00330382745876341	0	0.00359390974740832	0.00966601971999297	0.00242481629026804	0	0	0	0.68403927682131	0.859159023799897
BCRF4_10_15651_754_ADH_Ep	0.292361793618508	0.243260282103127	0.0140989033228741	0	0	0.0913685259915189	0.00599389053413526	0	0.00304047871094965	0	0	0.0276416937348034	0.0258062533695887	0	0.0457436069970433	0.0232226020911228	0	0	0.00206869447997212	0.0157101236020134	0	0	0	0.0134541338335249	0	0	0	0.175353090831541	0	0	0	0	0	0	0	0.0154908268857278	0	0.00538509989355035	0	0	0.638767101473436	0.878232946923959
BCRF4_10_15653_754_EN_1_Ep	0.282853764345935	0.143032148994521	0.0644647477697496	0	0	0.087478072552872	0.00446752666723302	0.000636065183824768	0.00762326336155419	0	0	0.0277905939418081	0.011541429384199	0	0.062934247008382	0.0189858398870601	0	0	0	0.0231380150607172	0	0	0	0	0	0	0	0.180633172310422	0.00675588197202965	0.00822218062403695	0.000249007298727208	0.019768648310857	0	0	0	0.0385970299223734	0	0.0108283654036979	0	0	0.647244068992773	0.887514295731841
BCRF4_10_15655_754_DCIS_Ep	0.301539319113555	0.258939763934527	0.0265185145363803	0	0.000385536691974935	0.0746084795311232	0.0127961043920719	0	0.0134736044786837	0	0.00252260261347478	0.016518500268362	0.00177095610784302	0.00401863570370796	0.0466813448502527	0.010602906277335	0	0	0.0213476906958484	0.00332553899643263	0	0	0	0	0	0	0.0104527725373375	0.173836876204375	0	0	0	0.000437199228343185	0	0	0.00777096574960452	0.0079519777621365	0	0.00450071032663031	0	0	0.618669044350564	0.880320476009311
BCRF4_10_15657_754_EN_2_Ep	0.24019162930222	0.237523290112246	0.0872315273601276	0	6.6749897442968e-05	0.0952389070431391	0	0.000100810100685623	0.0140949185897332	0	0	0.0286701877818402	0.0217489170160972	0	0.0621867219266999	0.00114607102672813	0	0	0.00800473277487286	0	0.000346609705425057	0	0	0	0	0	0.00781000166551506	0.137243397476948	0	0.00151573360939923	0	0.0116576708825496	0	0	0.0317124504030691	0	0.0128976799520614	0.000611993373199163	0	0	0.797008261568082	0.844148548199678
BCRF4_10_15659_755_EN_Ep	0.50013936527655	0	0.0550649277466506	0	0.000116768007100907	0.110805489465549	0	0	0.000300963346384865	0	0	0.0602882795880612	0.00740612374758549	0	0.0628231834339276	0.0185833224020236	0.00293820866054911	0	0.00487398695008376	0.0103350200065637	0	0	0	0.000244390624989693	0	0	0	0.124176862074574	0	0.00825031236702001	0	0.00946767205757357	0	0	0	0.0241416235519767	4.35006928359355e-05	0	0	0	0.625742643891847	0.901305314316865
BCRF4_10_15661_755_DCIS_inf_1_Ep	0.0998190743111478	0.0617259544453809	0.0291625389998871	0.0219136601071407	0.0119959211399068	0.0311152698711047	0.0510716686694771	0	0.0175669401206569	0	0	0.0492263657694523	0.0339375069250198	0	0.0574527840646549	0.0523562819826194	0.0223726205057249	0	0.0424091621075022	0.0003530987883161	0	0.00172074408138245	0	0.111603898657934	0	0	0.00808316567667713	0.242791406834533	0	0.00487884601399015	0.00234286320703833	0.000588280771320754	0	0.00174655265314028	0	0.011768336162516	0.031997058133476	0	0	0	0.65403020427212	0.872258118889146
BCRF4_10_15663_755_IBC_Ep	0.128131372549328	0.035766755137281	0.0181640045674436	0.0042852012735776	0.0086403332305982	0.0566427424707555	0.074401229011262	0	0.00666856367148104	0	0	0.00830222887807847	0.0392522710300257	0.0624094828127393	0.0198132764220876	0.0437148404347987	0.114564562381906	0	0.0272589955646672	0	0	0	0	0.0483890827783697	0	0	0	0.223656292830449	0	0.0260470712479925	0.00293689438288841	0	0	0	0	0.0246213617859761	0.0263334375382941	0	0	0	0.771780016759303	0.864529544612201
BCRF4_10_15665_755_DCIS_inf_2_Ep	0.111944226929602	0.0837165484371668	0.106180680537553	0	0.00632607658711739	0.0816706268967888	0.0856158735050684	0	0	0	0	0.0138749158272004	0.0314617364610268	0	0.0731522757031233	0.058096789463035	0.0403460442689958	0	0.025972850311632	0.0125020747057778	0.00628761039483558	0.0159040788744206	0	0.00757770467505667	0	0	0.000641997048639291	0.197562795287839	0	0.00269294020720066	0.00109128535615112	0	0	0.0169596629317033	0.00331251697414056	0.00338373427368374	0.0137249543422421	0	0	0	0.747417817924042	0.877504767281826
BCRF4_10_15667_755_NL_Ep	0.29991030669493	0.0552098165997571	0.143960834417314	0	0.00750749723672939	0.114115026206922	0	0.0017327011980525	0.000507312537200653	0	0	0.0486598973990798	0.00645226919021039	0	0.116534327084469	0.00371391496886691	0	0	0	0.00159609515008922	0.0137659992242534	0	0	3.22666434584514e-05	0	0	0	0.0980317740134926	0	0	0	0.0429481718630288	0.00312753328011102	0	0	0.0276000905699065	0	0.014594165722128	0	0	0.639468096346766	0.900815689419529
BCRF4_10_15669_756_NL_Ep	0.164396271035533	0.0407426362293127	0.150659749823819	0.0107260362803018	0.0249174758719058	0.0882692835375679	0.0029676729345397	0.00432955775574621	0.0187091971921694	0	0	0.0753257444540855	0.0476776947496717	0	0.0866138242760914	0.0167390870766446	0	0.00558620116923569	0	0.00228823491161538	0.0228912573569139	0	0	0.000776611369599103	0	0	0	0.143302703356415	0	0.00217700195044347	0	0.0579827374906458	0.000505074331246993	0	0.0178388193864838	0.0144499560594395	0.000127171400572499	0	0	0	0.788817869697632	0.845839720526706
BCRF4_10_15671_756_EN_1_Ep	0.298616243249332	0.0106565391773046	0.158579076654934	0	0.000651359205884806	0.143201310153384	0	0.000955278305201025	0	0	0	0.0503412601350904	0.00213757341753046	0	0.112157569097359	0.0137212261217439	0	0	0	0.0132760491817655	0.0187732628805639	0	0	0.00224983603860301	0	0	0	0.130818308957771	0	0.00522549010123926	0	0.0117090590185407	0.00167462052198557	0	0.00617281359564709	0.0127820944210698	0	0.0063010297650485	0	0	0.558391863701556	0.920887443168666
BCRF4_10_15673_756_IBC_Ep	0.133477452079331	0.117501094138459	0.0266102732204244	0.00606124423353723	0.00907983255825091	0.10200685191168	0.0451461420624534	0	0.0214774192429822	0	0	0.0278118458784678	0.0824993586512021	0	0.0239777912450234	0.0419390126937299	0.0170637485021566	0	0.0353657889147118	0.0218317198859729	0	0.00608614550689505	0	0.0100122291033173	0	0	0.00983834360607646	0.221511744021475	0	0.0105094302440929	0.00542434268910618	0.00379862103430868	0	0.00197979646823161	0.000538466627535359	0.00680623471188182	0.0116450707686978	0	0	0	0.536058076048281	0.911766885668406
BCRF4_10_15675_756_UDH_1_Ep	0.235418295290458	0.201950390256977	0.0670048239580434	0	0.0012843792951865	0.120894200371599	0	0.000415294445057096	0.0225341150869859	0	0	0.0504808467206295	0.0159212592696023	0	0.0676548788420016	0.00320379821904298	0	0	0.0069623578870208	0	0.00627561449889999	0	0	0.0163352532915902	0	0	0	0.140562347697052	0	0.00697904728634393	0	0.00459582460308169	0.00100778121723259	0	0.00998681852261311	0.0137127721083379	0.000530950443337381	0.00628895068890673	0	0	0.643558005991307	0.886237170351857
BCRF4_10_15677_756_EN_2_Ep	0.261259858388004	0	0.194058787211737	0	0.00100841778496569	0.114385330185018	0	0.00254382927184666	0.00108982874641667	0	0	0.0404615356413825	0.00446105719879749	0	0.118877431338294	0.0150408422796205	0	0	0	0	0.0180178018641704	0	0	0.0215651489026714	0	0	0	0.132033448740075	0	0	0	0.0271318543381601	0	0	0	0.0363236295412014	0.0117411985676395	0	0	0	0.652263265405842	0.90210390577059
BCRF4_10_15679_756_UDH_2_Ep	0.249556890299826	0.0980443806524061	0.0780507603542991	0	0.00323533528135323	0.125240096375925	0	0.00251067192682485	0.0209443808785718	0	0	0.0731950807320218	0.0207578599851498	0	0.125934726430514	0	0	0	0	0	0.00943240602971065	0	0	0.00930051049190024	0	0	0	0.137599397356575	0	0.00741415223127787	0	0.00662304497824075	0.00670954598250637	0	0.00920211930592651	0.00187396935461791	0.0102212564076297	0.00415341494472285	0	0	0.594039939155091	0.907611991921065
BCRF4_10_15681_757_DCIS_Ep	0.180415891138395	0.135718086981487	0.0225483098065877	0	0.00098260859763008	0.0684783605646469	0.0554934301803775	0.000273195402651076	0.0252663332335119	0	0	0.0202952069223239	0	0.0567222872649579	0.0337451934063286	0	0.0831895887939866	0	0.0357881867198206	0.000854809810808005	0	0	0	0	0	0	0	0.23470178325603	0	0.00208173667789696	0.00493163135056895	0.00205819887444063	0	0	0	0.0246583890334002	0.0117967719841506	0	0	0	0.689504571076954	0.882252133872546
BCRF4_10_15683_757_IBC_Ep	0.0911171452796648	0.148385256492891	0.0446326780947274	0	0.00657139660600699	0.110339467662737	0.0375353880738134	0.00152088105436864	0.0143330251945827	0	0	0.0291115556901099	0	0.0453351190621031	0.0422379086422964	0	0.106944505060311	0	0.0254954590572676	0.0200151604175294	0	0	0	0	0	0	0	0.223299981044337	0	0.00781996415756447	0.00447568957544977	0.0138264801127883	3.98982363614057e-05	0	0.0020447764202468	0.00859822144234485	0.0163200426224977	0	0	0	0.69884007415422	0.880496954584948
BCRF4_10_15685_757_NL_Ep	0.265035924998104	0.0471479082531866	0.136801796389837	0	0.00188467447598507	0.0913122845136297	0	0.00184825284750602	0.00786114152258527	0	0	0.0613506266643319	0.02601974532881	0	0.0786089958651734	0.0178145224568402	0	0	0.0328507435033556	0	0	0	0	0	0	0	0	0.155087741756077	0	0.00544283650158924	0.00238350789068186	0.0311576556779692	0	0	0	0.0358670474571504	0	0.00152459389718777	0	0	0.764117987584974	0.877930710848108
BCRF4_10_15687_757_UDH_Ep	0.393890461980328	0.0680673902854513	0.0859895396064894	0	0.000680459147984107	0.093569690748735	0	0.000988093723111383	0.00339378932835945	0	0	0.051019384293813	0.0172747649553641	0	0.0829141194624753	0	0	0	0.00485284673136648	0.00398695917232138	0.00289205337435155	0	0	0.00475058266375689	0	0	0	0.141408003243503	0	0.00323876986824042	0	0.0082037001819452	0.00177689130843948	0	0.00182679998769754	0.0292756999362668	0	0	0	0	0.694323194016214	0.884165622681368
BCRF4_10_15689_757_CCC_Ep	0.488687791991823	0	0.0611144806973984	0	2.01735023692867e-05	0.0970279952055618	0	0.000440950150901776	0.01139991541906	0	0	0.0364090776888674	0.00788768844270439	0	0.0767706544038895	0.0185074071564805	0	0	0.0110513191081805	0	0	0	0	0	0	0	0	0.143240958614466	0.00312386594797094	0.00219126755453292	0.000604156093403824	0.0139404861152435	0	0	0	0.0247994036404701	0	0.00278240826667616	0	0	0.662435175964757	0.89294192852231
BCRF4_10_15691_757_EN_Ep	0.377118376378442	0.0344257583617446	0.100559374256062	0	0.000341342102164492	0.107207649220783	0	0.00167573443298965	0.0102107085722569	0	0	0.0495161075256032	0.0165519392896084	0	0.0691109723521471	0.00927939857360385	0	0	0	0	0.000771119990151567	0	0	0	0	0	0	0.148583606554715	0.00138041766529574	0.00477449000615684	0.000453583579088866	0.0173664665252376	0	0	0	0.0439480780822148	0.000513985175328271	0.0062108913564074	0	0	0.674049808973943	0.892690605148237
BCRF4_10_15693_758_DCIS_1_Ep	0.173316533649796	0.0893795981657455	0.0208902254161144	0	0.00247898504150721	0.118054996553947	0.049306995894031	0	0.00685450733527536	0	0	0.0341185284815941	0	0.0101896072487375	0.0349754425090073	0	0.138835172303283	0	0.0211894455273569	0.00109724287307586	0	0	0	0	0	0	0	0.242673486312768	0	0	0.00102719085577157	0.00639053879861943	0.00909931360682427	0.000716736887484523	0.0212441683986158	0.00302750420853586	0.0151337799319105	0	0	0	0.63735841971178	0.8974210911312
BCRF4_10_15695_758_IBC_1_Ep	0.212073022032994	0.0178223488697424	0.0744504394248637	0	0.00261401896649223	0.103286663715803	0.0301541388338143	0	0	0	0	0.0217098659608113	0.00423739093932646	0.020798284854309	0.0270922721285999	0.00486709394468574	0.12801878715437	0	0.0207841687601863	0.0098265896400932	0	0	0	0	0	0	0	0.238627140175864	0	0.00739355600694806	0.00200346739892734	0.00688703692899874	0	0.00080065826964821	0	0.0387525614898149	0.0278004945037072	0	0	0	0.645718280014279	0.900106443581245
BCRF4_10_15697_758_NL_Ep	0.157420444383662	0.0246118775525398	0.14112706379654	0.0117424753890551	0.0126703636227859	0.115301185874254	0	0.00172298721224449	0.011580033688507	0	0	0.048907421268421	0.0439062769744275	0	0.0969389129436183	0.0259284114466761	0	0	0	0	0.0177372040465374	0	0	0	0	0	0	0.201741500821263	0	0.0297982357412232	0.00385803602723932	0.0219254501714353	0.00197840379476709	0	0.00299742515331348	0.026516178168019	0.00159011192347039	0	0	0	0.765654811322271	0.871052798753646
BCRF4_10_15703_758_EN_Ep	0.268145535766594	0.049961054153749	0.100437834928028	0	0.00157955944996556	0.132367514333295	0	0.000358873461991278	0	0	0	0.0415866337087283	0.0140397928303356	0	0.0737989930458454	0.018462756167107	0	0	0	0.0078381322975481	0.0194607376431587	0.000826962249294924	0	0.0391071683560571	0	0	0.0103216513490946	0.151073846337792	0	0.0111725235183908	0	0.0183176618011503	0.00318911669805928	0	0	0.0329858388538946	0.00496781304992106	0	0	0	0.695602399912725	0.883490368030155
BCRF4_10_15709_760_UDH_Ep	0.318838652542035	0.0904588275379324	0.0813346688711517	0	0.00132017503923549	0.125416079062055	0	0.00370359262747572	0.0107001672609734	0	0	0.0688832706298058	0.0166956943399803	0	0.0831710384360938	0	0	0	0	0.000874132421188233	0.00531027284527591	0	0	0.00695510947576852	0	0	0	0.124358778675806	0	0	0	0.019930107341848	0	0	0.00597914206595669	0.023537299183813	0.0125329916436051	0	0	0	0.665259838658354	0.891940974838208
BCRF4_10_15713_760_IBC_Ep	0.403058500014877	0	0.0135933837991865	0	0.00353239438092218	0.0573424689244588	0.0119191091324938	0.000844396011979798	0.00824971569405876	0	0	0.0431808319622372	0.0462648469704062	0.0128865917579728	0.0321537934223071	0.0359479068121888	0.0154593072069098	0	0.0118862357711391	0.000358074040296093	0	0.00951977939425912	0	0.0613004160543399	0	0	0	0.18505909897637	0	0.0178280721456236	0.000433115306951545	0.00435452961361153	0.00179708242200421	0	0	0.0230303501854064	0	0	0	0	0.520013587035789	0.91369637415309
BCRF4_10_15715_760_EN_1_Ep	0.204178542792353	0.103561959959582	0.0823914513849355	0	0.00167488777347571	0.126208135506646	0	0.00618117979596846	0.0175473184517174	0	0	0.0440254258051244	0.026009487043454	0	0.0725603450009668	0.0255909487009804	0	0	0	0.00220643593230867	0.00928878055056387	0	0	0.0100355248727165	0	0	0.00445263057008392	0.154023478038813	0	0.021168557165701	0	0.0341018056611177	0.00037847159431125	0	0.0245012298647199	0.00551086116190272	0	0.024402542372558	0	0	0.718165193528333	0.879290916560505
BCRF4_10_15717_760_NL_Ep	0.240046139802455	0.059334361207555	0.127212170381078	0	0.00232763079734333	0.0932938158944255	0	0.00288015743748926	0.0110804259772995	0	0	0.0466699907268346	0.0249552290809405	0	0.099834796129799	0.0110092894023967	0	0	0	0	0.0137511184546863	0	0	0	0	0	0	0.132952514429357	0	0.00861853899304462	0	0.0693611730505233	0.00340939974465141	0	0	0.0321501165581165	0	0.0211131319320037	0	0	0.634580508307522	0.90289502055346
BCRF4_10_15733_762_DCIS_2_Ep	0.22901697047599	0.124553305810479	0.0891206287459809	0	0.00142032453148352	0.102817295040123	0.0352730273660334	0.00392867560864691	0	0	0	0.02121341652691	0	0	0.0611119483227134	0.0134392509663536	0.0782671820355086	0	0	0.024812512311811	0.00453767867444071	0	0	0	0	0	0	0.170746373628105	0	0	0	0.00830920006562962	0.00560257032866508	0	0	0.0172658562167845	0.00856378334434221	0	0	0	0.676899628231273	0.889108848167152
BCRF4_10_15699_758_DCIS_2_Ep	0.268756012138294	0.0589715822426844	0.0713936977387651	0	0.000957869661367704	0.11594738362022	0.0191024138335017	0.000341618643738121	0.00243585221895565	0	0	0.0165243387530765	0.00658324919977482	0	0.0694065957417665	0	0.0893310186918141	0	0.0270997899329941	0.00588046721313179	0	0	0	0.00180368352430447	0	0	0	0.215153221720087	0	0	0.00183562765006888	0.00211787543594789	0.00162477965996604	0	0.00220753615866189	0.0188094218376561	0.00371596438322341	0	0	0	0.696033515502071	0.887612017233786
BCRF4_10_15701_758_IBC_2_Ep	0.0549976932739401	0.00728428044845513	0.0851328124682159	0	0.000633436530454035	0.124171483186519	0.0273812209854451	0.00161362296650187	0	0	0	0.0106308427544068	0.0120374499140462	0	0.0678545615694497	0.00955074037936791	0.133261606966093	0	0.0347932949951455	0.0158784823029107	0	0.00614901424357283	0	0	0	0	0	0.261635546258778	0	0	0.00109717971865323	0.0561380198916607	0	0.000875862461668406	0.0272383149419517	0.0253463967216704	0.0362981370210937	0	0	0	0.670577797058282	0.894945018730163
BCRF4_10_15705_759_DCIS_Ep	0.379459242207639	0.0810738262067615	0.0281068068800155	0	0.000857510813951436	0.101679218304981	0.0041478809982503	0.000670502163913786	0.00380207894767175	0	0	0.0223731596451431	0.00498104746762303	0.00614768738500563	0.0544339476957549	0.0116461226948268	0.0322830623090275	0	0.0457873286076761	0.00512540403514448	0	0.00131327231301042	0	0	0	0	0	0.166659924938788	0.00350116655727298	0	0.00405768019503465	0.00408410102973647	0	0	0	0.0249023746707837	0.0129066539319879	0	0	0	0.57414157546413	0.906010833034023
BCRF4_10_15707_759_IBC_Ep	0.411232140396809	0.051578590160406	0.00892919835208577	0	0.00121337496684153	0.0992304208139783	0.010100135856523	0.000862384543081174	0.00635219035456253	0	0	0.00704879768169992	0	0	0.0579139981806421	0	0.0694848584943605	0	0.06626996740922	0	0	0	0	0	0	0	0	0.158031254032693	0	0	0.00514756619742083	0.0189914225109395	0.0017890993833232	0	0	0.0183181177800533	0.00750648288536038	0	0	0	0.536663279813567	0.915309104460829
BCRF4_10_15711_760_EN_2_Ep	0.200661629394644	0.177844302332163	0.0945666799304537	0	0.0050017247042134	0.104064840834875	0.000340703914242909	0.00420123003147583	0.0267695492729713	0	0	0.0493257072660886	0.0394426782920886	0	0.0674900335907454	0.0030434150413074	0	0	0.00903201095877701	0	0	0	0	0.0314500176556175	0	0.00226118477184782	0	0.109606754170181	0	0.00533920190137049	0	0.0248885693108489	0.000347663106726906	0	0.0017152038231613	0.0244908300826371	0	0.0181160696135628	0	0	0.715143630997	0.871819701844931
BCRF4_10_15719_761_IBC_Ep	0.103909630294009	0.0180559795344164	0.0840261800754169	0	0.00558712321745106	0.0609274811586877	0.052411494943697	0	0.012930460072483	0	0	0.0305296991592058	0.00336429015953761	0.00567188974682704	0.0431675150002761	0.00191100253979495	0.112458862768133	0	0.0480949910858915	0.00182442528155826	0	0	0	0.0493675710688123	0	0	0	0.259003190175314	0	0.00077430497519804	0.000283949203093863	0.0227847362186276	0.00668721892413504	0.0178208499515215	0	0.0187456060100683	0.0335313976156125	0.00613015082023076	0	0	0.73629357708913	0.872022166732467
BCRF4_10_15721_761_DCIS_Ep	0.161186955283322	0.0778205379936624	0.0558028970510335	0	0.00184131675684926	0.0731861941217097	0.0598283727801674	0.000341270405519854	0.00624174400636666	0	0	0.0467919824709339	0	0.0220503802567547	0.0312396155814016	0.00480219446694645	0.0951700980193131	0	0.0318259322103372	0	0	0	0	0	0	0	0	0.28332841816343	0	0	0	0.00810532550514751	0.00968432624060243	0.00883905898271165	0.0165637954919926	0.00228528815268708	0.00306429605911119	0	0	0	0.674675181231253	0.887861916516268
BCRF4_10_15723_761_EN_1_Ep	0.352947365371225	0.0708095588087011	0.103207326575773	0	0.00154954053340671	0.0921890780223378	0	0.00252995066525754	0.0139288136729726	0	0	0.0416434186677541	0.0116418508620898	0.0451696832860929	0.0630038127505438	0	0	0	0.0254976656593923	0	0	0	0	0.00357047370619665	0	0	0.00122356620338246	0.0949333413413295	0.00162089860045584	0	0	0.0233749935060968	0	0	0.0102731873714846	0.0238436936409874	0	0.0170417807545205	0	0	0.724094197670784	0.881677866467293
BCRF4_10_15725_761_ADH_Ep	0.362357818455254	0.0545117530775459	0.0988118763523145	0	0.000457058920282644	0.140426110057276	0	0.00055264127330705	0.00284739224030287	0	0	0.0524787443994746	0.00209541395928027	0	0.0790532348565217	0.00351722691559085	0	0	0	0	0.00454180976512724	0	0	0.00351210461363945	0	0	0	0.124426650534481	0	0.000369875048450301	0	0.0270870437982031	0	0	0	0.0395471138859274	0	0.00340613184702124	0	0	0.638904573877393	0.899638848856332
BCRF4_10_15729_762_IBC_Ep	0.19323337356536	0.128160665422782	0.0249691678751448	0	0.000270307833152572	0.0892135998410291	0.0390825786028228	0.000627427746578155	0.0109104582625186	0	0	0.0205647826281134	0	0	0.0637083821431882	0.000842293948208575	0.109737116788071	0	0	0.02100050166954	0	0.00546675854359751	0	0.013929659763841	0	0	0	0.233955681978785	0	0	0.00094807414959997	0.00818418935324047	0	0.0135944602296486	0.0154432714461171	0	0.00615724820866168	0	0	0	0.599514703481996	0.898814115218304
BCRF4_10_15731_762_DCIS_1_Ep	0.17959230753671	0.169429047329443	0.0496884886798394	0	1.15641033049023e-05	0.0858767041818671	0.0425933213331973	0	0.0060810113576633	0	0	0.0319007446389312	0	0	0.0419516049351467	0.0112576629524498	0.0904716350926231	0	0.0255093297442844	0.0235453287944598	0	0	0	0	0	0	0	0.217913904857479	0	0	0	0.00789601578987975	0	0.000318502865559632	0.00595939835696017	0.0022496981505174	0.0077537292996848	0	0	0	0.581363384156513	0.903603404941747
BCRF4_10_15735_763_IBC_Ep	0.0790029645840665	0.186956104036885	0.0271999943148591	0	0.00179653956332248	0.0523497416085603	0.0589135805970212	0.00108118839003733	0.00941375871356467	0	0	0.0263939861873252	0.0216043205802858	0.0385592229000072	0.0343392951408476	0.0558026272891509	0.0711156782925351	0	0	0.00890651014964813	0	0.0004757311471841	0	0.0267709635095527	0	0	0.00536715051518932	0.246968461024766	0	0.00335411514546858	0	0.0025042155245141	0	0.00120398234252725	0.0132667447557448	0.0108930443988035	0.0157600792881331	0	0	0	0.689184859426303	0.875254266700911
BCRF4_10_15737_763_ADH_Ep	0.136043683628484	0.155781640013826	0.079676648879532	0	0.0105543748589811	0.118154698930153	0.0143740311474798	0.00408938094516677	0.0106267542271181	0	0	0.0474460516527372	0.0155555434341234	0	0.071909631102386	0.0237609743086481	0	0	0	0.00236606255660673	0.00452154217545258	0	0	0	0	0	0	0.219895543812397	0	0.0209380028019044	0.000458410762828339	0.0273430042556895	7.82236321370375e-05	0	0.00942305694093961	0.0179463126868271	0	0.00905642724658176	0	0	0.720253080642151	0.868135933526879
BCRF4_10_15739_763_NL_1_Ep	0.195195815531837	0.101660524906964	0.114087935238077	0	0.017654111186393	0.089827549813785	0	0.0115475347615817	0.026377576205547	0	0	0.0511478109887234	0.0516683450257196	0	0.088862995558573	0.00644936975480062	0	0	0.00449437550633707	0	0	0	0	0.0035255644838665	0	0	0	0.131291614604874	0	0.00645187599695727	0	0.0380957654080587	0.000221333437319894	0	0.00380383397221769	0.0485587874097717	0	0.00907728020859577	0	0	0.838148313538511	0.833186613685798
BCRF4_10_15741_763_EN_Ep	0.165862511987683	0.0951908994841338	0.113373118194729	0.0202394334728758	0.0305133563465947	0.0474184427152562	0.0259962112900217	0.0106717810758851	0.0310056172331393	0	0	0.0421179612148005	0.029407761534167	0	0.0860092233805326	0.0182038875453808	0	0	0	0	0.0178470788601139	0	0	0	0	0	0.0184668289752125	0.142921881426292	0.00173040582801272	0.00553022163652447	0.00016449090922846	0.0428945438973397	0	0	0.00670255895014097	0.0251464876970575	0.0225852963448784	0	0	0	0.874677631948097	0.790020324674098
BCRF4_10_15745_764_IBC_Ep	0.0894466919968428	0.259072018316825	0.00876358900155863	0.00687328805232154	0.0113245671782333	0.051347828437842	0.0365007747709227	0.00475726453441647	0	0	0	0.0619892302264184	0.0140386996469452	0.00751921827534833	0.0264602707948844	0.0243113777929888	0.00127993630178041	0.0134149011934989	0	0	0.0216191899112082	0	0	0.0311617013671105	0	0	0.0181178116083184	0.267134250277584	0	0.0106217699863039	0.00421207041805562	0.00282691423194292	0.000927641461648239	0	0	0.0201577609768804	0.00612123324012058	0	0	0	0.65659854326229	0.862678975590134
BCRF4_10_15747_764_DCIS_1_Ep	0.195267877493991	0.168469203341025	0.0128697734600219	0	0.00466383078255971	0.0607915394468916	0.0516256065911141	0.000711137592678412	0	0	0	0.0586946370739095	0	0.0262072489416832	0.0197281967509628	0.00912092698655819	0.075725245890233	0	0.0062546141673384	0	0.00387654988463569	0	0	0.00145844049425583	0	0	0	0.254702198949882	0	0.0107620717060757	0.00687798866550919	0	2.05937093609582e-05	0.00150318495657358	0	0.0180912358494923	0.0125778972652476	0	0	0	0.564150779370411	0.901970774629302
BCRF4_10_15749_764_LVI_Ep	0.159404957296656	0.192558603967081	0.0234585797172146	0	0.00653591494341574	0.0527614744940974	0.0678224525292606	1.82653369370095e-05	0	0	0	0.0548848728718804	0	0.0066990212728188	0.0495603052058629	0	0.0605122288931035	0	0.0356070565784135	0	0.00940414807380801	0	0	0.010135280378757	0	0	0	0.230800111910011	0	0.00950711897410215	0.00592903522894358	0	0.00141051241735402	0.000835933214712616	0	0.0124421387684983	0.00971198792707253	0	0	0	0.528314490795153	0.909378988978159
BCRF4_10_15751_764_DCIS_2_Ep	0.189294921368807	0.15924161957288	0.0223776675098002	0	0	0.0960456908488915	0.0508586174137655	0	0	0	0	0.0417311691437744	0	0.0278599003901182	0.0383470992373826	0.00446187464621007	0.0699277164225655	0	0.0189743191959292	0	0	0	0	0.0142482333127428	0	0	0	0.222213768285419	0	0.0025936507502262	0.00735143718527228	0	0.00175398531194349	0.000169800112853835	0	0.0250933860092312	0.00745514328218713	0	0	0	0.601735477108028	0.896537204498602
BCRF4_10_15753_764_EN_Ep	0.218509292600597	0.132157126811364	0.144434267743204	0	0.000918939978853591	0.110736076297073	0	0.000526908794202888	0	0	0	0.0457721194777859	0	0	0.110726740944541	0.0179793868827849	0	0	0.00119062415258168	0.000233149729746279	0.0153200463512033	0	0	0.00354830559168373	0	0	0	0.118974915886115	0	0.00352636114837438	0	0.0154876165268982	0.00694728589507205	0	0	0.0381251757853927	0	0.0148856594025271	0	0	0.702017889522101	0.886399857726588
BCRF4_10_15755_764_NL_Ep	0.217927520798002	0.00799993012653165	0.240445832576968	0	0.00471838405329067	0.102162324182279	0	0.00106888353776011	0	0	0	0.0627460283274782	0.0360790061868826	0	0.0848325144931747	0.0020436735863537	0	0	0	0.00533432389023437	0.0100060976520778	0	0	0.00524913532850945	0	0	0	0.133582729415703	0	0.0113923634883599	0.00107581216294691	0.0257606585604244	0.000514422951897634	0	0.0111311781412577	0.0237697672860507	0	0.0121594132538171	0	0	0.585027523779469	0.914312365583658
BCRF4_10_15757_765_IBC_Ep	0.3155695495271	0	0.0155163756909575	0	0.0152439670052917	0.0635085541085382	0.0117704246101846	0.00160466977453321	0.0214562796928681	0	0	0.0306389721551696	0.0213367047044752	0.0336526419774137	0.0908008458019856	0.00865670167631933	0	0	0.0374089344167387	0	0	0	0	0.00215294547755206	0	0	0	0.189718163827337	0.0015845031570837	0.0139419940074814	0.00834714949014717	0.0417063004086349	0.015013454215964	0	0	0.0433040928562914	0.00800224725947644	0.00906452815845673	0	0	0.548940423114283	0.908959319974572
BCRF4_10_15759_765_DCIS_Ep	0.427280358570492	0	0.0123531689082001	0	0	0.0949638556183382	0.0195797359683376	0.000177488676332079	0.0163214248737167	0	0	0.0321059558423557	0.00643167890819975	0.0332198097760135	0.0532919371505328	0.00222120671353807	0.00818140933188687	0	0.0289579828648769	0	0	0	0	0.0438049869194128	0	0	0	0.182843407000513	0	0	0.00488320102642655	0	0.00364965486157146	0	0	0.0264215242387395	0.00331121275051672	0	0	0	0.391157695907549	0.942218546055308
BCRF4_10_15761_765_EN_1_Ep	0.489578541196631	0	0.1369875352806	0	0.000123824328279494	0.0408833038387455	0.0135747580758046	0	0.013530515407321	0	0	0.0334228365711094	0.0119196275653384	0	0.045448324088322	0.00980652439469245	0	0	0.0351888662447068	0	0	0	0	0	0.00594117898640259	0	0	0.0752611928548449	0	0.00047186412304158	0.00394214732203864	0.0208525466927894	0	0.002414273700124	0	0.0355016452829828	0.0251504940462253	0	0	0	0.639990248477062	0.896967638902191
BCRF4_10_15765_765_NL_Ep	0.237708010307696	0.0979977177948809	0.141728876884273	0	0.0146447914379838	0.0860246287789776	0	0.0182156592031996	0.00408744226593125	0	0	0.0329252237216948	0.0216248828550957	0	0.0803915155987711	0.00839431935919056	0	0	0	0.00676831102900705	0.0137208752571936	0	0.000842712151792965	0.00119024636681718	0	0	0.00233792625855927	0.125100178138743	0.00739060647343591	0.00388821511122374	0	0.0421957957967792	0	0	0.00068317059863866	0.030437794201222	0.00597249713078292	0.0157286032781104	0	0	0.777593655596177	0.841270579145623
BCRF4_10_15767_766_NL_Ep	0.142507168343113	0.0783306318838527	0.155212981771036	0	0.00597335811088186	0.159114202105048	0	0.0052085796177929	0.00453195767985846	0	0	0.0599186476832615	0.0336213225298859	0	0.104974527330206	0.0198529600275394	0	0	0.00447236616271839	0	0.0179020822582054	0	0	0	0	0	0.00334341089190232	0.141653655642712	0	0.00567440914798764	0	0.028245831782618	4.79635425398509e-05	0	0	0.0277166798045536	0	0.00169726368428643	0	0	0.7793850776707	0.876565523922545
BCRF4_10_15769_766_inf_NL_Ep	0.171344750713339	0.0458576985891081	0.120355492386679	0.0156974723519953	0.00790376621879234	0.108886902784831	0.0141899284261263	0.0063901641803674	0.00093617070711135	0	0	0.0422908139592144	0.0302247774143824	0	0.122865951882479	0.026967183895632	0	0	0	0.00726897611124764	0.0507063195671277	0	0	0	0	0	0.00659198191935849	0.138449006757845	0	0.00736846608024288	0	0.0148789248093144	0	0	0	0.04023286883561	0.0205923824091956	0	0	0	0.777863638392829	0.876760152331994
BCRF4_10_15771_766_IBC_Ep	0.159081321388453	0.133353136230897	0.0164174897855857	0	0.011632299047912	0.0521388478192643	0.0512011469233644	0.00400126453523683	0.00414281381226337	0	0	0.0119561932142168	0.0342199532440384	0.0150452829006473	0.0527526658412706	0.0201628627182134	0.0693270312059615	0	0.0250407833177784	0.000211202409449833	0	0.00866555695341833	0	0	0	0.027098610799403	0.017681074097998	0.248251789962124	0	0.00296657541926322	0.00495465205002395	0.00359141722333194	0	0	0	0.0177738065091068	0.00833222259077668	0	0	0	0.781481302590301	0.843040490413127
BCRF4_10_15773_766_AM_Ep	0.455162444585583	0	0.078192803345034	0	0	0.0936268097094767	0.0201638424775561	1.5494463001713e-05	0.00995060653440457	0	0	0.0231611872082029	0	0.00304998481536675	0.066984061915632	0.00179179146476757	0	0	0.0608194564286101	0	0	0	0	0	0	0	0	0.12466896281561	0.00323949534520386	0	0.001130324390131	0.00510014322451679	0.00179060596113225	0	0	0.0507606371259533	0	0.000391348189816853	0	0	0.285437087866756	0.965146136749421
BCRF4_10_15775_766_EN_Ep	0.30251864749001	0	0.0921477242230591	0	0.00465433729458928	0.111788012208706	0.00709426042700958	0.0040804543433698	0.00321532920771528	0	0.000753730945248059	0.0433595843320518	0.009960694437114	0	0.118064165334649	0.0129737853045336	0	0	0	0.00604589888392143	0.0211778034476819	0	0	0	0	0	0.00421012071138231	0.163063959814484	0.00494330687743471	0.00571624569674334	0	0.0331835724089493	0.000275663274533482	0	0	0.0424761231092436	0.00669540631725029	0.00160117391032038	0	0	0.595833006492474	0.910021946733837
BCRF4_10_15777_767_IBC_Ep	0.17504937693069	0.188736534684126	0.102504527176353	0	0.00143805625848026	0.118516693180666	0.0167551952168148	0	0.000857412241373609	0	0	0.027558089364875	0	0.00427644850068746	0.0409275410538337	0	0.0847215304392199	0	0	0.011014109169973	0	0	0	0	0	0	0	0.188093868829043	0	0	0.00103871879358967	0.0179139740918601	0.000417982949588923	0	0.00168279836135348	0.0184971427574721	0	0	0	0	0.715954750962445	0.87425928594376
BCRF4_10_15779_767_DCIS_Ep	0.197939883079912	0.113295693797534	0.0733801684530959	0	0	0.110626870187054	0.0304615522583259	0	0.00249189212283604	0	0	0.0115856274543565	0.00467863345694303	0.0149194683878763	0.0320985944749327	0	0.128041066859319	0	0.0128739967991513	0.00744927941050991	0	0	0	0	0	0	0.0135007751711176	0.210177140312783	0	0	0.00114197112865623	0.00147225098570572	0	0.00729301744538872	0.00665018762818007	0.0122560563754273	0	0.00766587421089475	0	0	0.817092065777415	0.858201316376108
BCRF4_10_15781_767_AM_2_Ep	0.378018105784756	0	0.0641242499720127	0	0	0.113915510791768	0.00810581867091557	0.000902420447652819	0	0	0.000704476865657853	0.0305755571145569	0.00178547657309771	0.0110932302069225	0.109749810929876	0.00186903612889084	0.00309228131495268	0	0.015389829166868	0.00582111727313897	0	0	0	0	0	0	0	0.167926011019779	0	0.00466169488227493	0.005041336273391	0.00615861560589998	0.010888137114928	0	0	0.0543843397035953	0.00579294415906534	0	0	0	0.3243080125958	0.958450527165701
BCRF4_10_15783_767_ADH_Ep	0.190210401581057	0.244434430260889	0.0771315535717576	0	0	0.103584078329179	0.00198564104097804	0.00167876872226167	0.00887327672168448	0	0	0.0369393125039154	0.0197505114998106	0	0.0646515466648447	0	0	0	0.0251768029705043	0	0.00533989819057528	0	0	0.0263937777082229	0	0	0	0.124495121544542	0	0	0	0.0091699416429577	0.00097456870163277	0	0	0.0383278705828458	0.000659352032951823	0.0202231457293897	0	0	0.760806852343489	0.855550415460885
BCRF4_10_15787_767_NL_Ep	0.206772633533806	0.151529260552971	0.149124485043607	0	0.0032186181518628	0.10547972477408	0.0143291182100124	0	0.0130320753237241	0	0	0.0408613703099597	0.00823536062514667	0.0389837675777682	0.0629901914623397	0	0	0	0.0202608163799976	0	0	0	0	0	0	0	0.0060979732356366	0.0995504423461439	0.00757212810395778	0	0	0.0189177671570054	0	0	0.00733675308503017	0.0270851836128606	0	0.0186223305140908	0	0	0.723662297520108	0.878195542675425
BCRF4_10_15789_768_IBC_Ep	0.0423302522091339	0.0192115174522775	0.0693908939637864	0.0214393032510147	0.0221052116470696	0.0120978613274744	0.0925457715373717	0.00127103913924533	0.00904193380478248	0	0	0.0227562262837101	0.0514206946114395	0	0.0492667188798166	0.0611158508195051	0.042161388193296	0	0	0	0.0265822575816965	0.0146774571615391	0	0.0528169586067356	0	0	0.0274415052495418	0.273867669174812	0	0.00856046045982815	0.00516045965376497	0.00327468461053833	0	0.0089921710567184	0	0.0274150690046893	0.0350566443202126	0	0	0	0.814727408594306	0.822731965611773
BCRF4_10_15791_768_NL_Ep	0.330006168783519	0.0100066580439046	0.149143708809441	0	0.00133282649172171	0.0721061408382593	0.017254966497578	0.00309242878870116	0.0148410432826509	0	0	0.0525767973706224	0.0226012092191904	0	0.0725976547802292	0.0168434458207567	0	0	0	0.0135460706004422	2.00073671796911e-05	0	0	0	0	0	0	0.150675676624028	0	0	0	0.030422116664692	0	0	0	0.0424464025142446	0.000486677502839342	0	0	0	0.732480257118231	0.885466693213305
BCRF4_10_15795_768_EN_2_Ep	0.419352304588675	0.0277538982944579	0.136462487848738	0	0	0.0967909891827255	0	0	0.0124646330488279	0	0	0.0406515787387927	0.0163566768825905	0	0.0640415444948371	0.00369872479859015	0	0	0	0	0.00124324471198981	0	0	0.00275179976392805	0	0	0	0.109212544227077	0	0.00117106199073408	0	0.0268858960718186	0	0	0	0.0371524016810622	0.00401021367515498	0	0	0	0.62238569075712	0.902470274666375
BCRF4_10_15797_768_EN_3_Ep	0.340361198861226	0.021482713367395	0.152993361178521	0	0.000373454288743546	0.0851493302324554	0	0.00337516935495922	0.0135811478633857	0	0	0.0488205344432841	0.0122901579255094	0	0.0622707641048117	0.0182620036744849	0	0	0	0.00368809490354436	0.00594140235406371	0	0	0	0	0	0.000871935416828674	0.166725708131891	0	0.0214879907343189	0	0.0116855106058617	0	0	0.00792197239216567	0.0148194020839479	0.0078081651058296	8.99829767714885e-05	0	0	0.711374846426497	0.885224980614929
BCRF4_10_15799_769_IBC_Ep	0.190090450649517	0.185903481027026	0.0491626011140775	0	0.00087984478830521	0.0684903584400701	0.0112217536378485	0	0.00263420207491779	0	0	0.0170553521300098	0.00407224641195929	0.00264757278139943	0.0280391641528964	0.0195011648795488	0.126669761041737	0	0.0174761345081578	0.000514613235769832	0	0	0	0.0301462160217842	0	0	0	0.203398110550181	0	0	0	0	0	0	0	0.0297875864099535	0.0100292044511911	0.00228018169365014	0	0	0.722566082675363	0.867123231725275
BCRF4_10_15801_769_DCIS_1_Ep	0.192707077519832	0.186836435882074	0.0688255380491601	0	0.00290876107892871	0.0769819132553283	0.0181444047198431	1.47575566360535e-05	0	0	0	0.0224565845193097	0.00657151507142586	0	0.0756799682276758	0.00303629494179276	0.0466709970029242	0	0	0.0147663088788698	0.00630130948400862	0	0	0.0270327429908541	0	0	0	0.207741811430715	0	2.57714721243973e-05	0	0.00566955003665437	0	0	0	0.0290819423159663	0.00778670360723244	0.000759611958643872	0	0	0.587044725280173	0.896675678753085
BCRF4_10_15805_769_EN_1_Ep	0.360110744906843	0.0346815680215248	0.100832463400595	0	0.00101609413120776	0.103207408621354	0	0.00170188733074595	0	0	0	0.0493214330670244	0.0219365816530273	0	0.099542583700721	0.00695565933752517	0	0	0	0.0122621506233196	0.00782409596606786	0	0	0	0	0	0	0.12231559333991	0.000834792175921329	0.0161918679415083	0	0.0295111467233267	0	0	0	0.028393687352888	0	0.00336024170648924	0	0	0.576350041952141	0.913253288883418
BCRF4_10_15809_769_NL_Ep	0.194657869215801	0.0895880092887981	0.150697885092371	0.00172870908418635	0.0361287507892041	0.0864035773917785	0	0.0126728416955847	0.0150290156775817	0	0	0.0565840703279468	0.0161912183253649	0	0.0801065593596356	0.00302887619932282	0	0	0.0329781469428726	0	0.0135097763853432	0	0	0	0	0	0	0.105064173754116	1.9599700779545e-05	0.00469147249388857	0	0.042455741855746	0	0	0.0142118675761828	0.0339009460303011	0.0103508928131946	0	0	0	0.869566049600799	0.776970046569469
BCRF4_10_15811_769_EN_4_Ep	0.378384783897679	0.0966276642497906	0.0762035196369588	0	0	0.114226715312252	0	0	0.00103794857882156	0	0	0.0485495131555146	0.0211989507785273	0	0.0843097317321638	0.00203209371263363	0	0	0	0.0123327776170402	0	0	0	0.00574640505597147	0	0	0	0.125346242370201	0	0	0	0.00600626864252432	0	0	0	0.0234752339882849	0	0.00452215127163731	0	0	0.623132057510996	0.897898057943006
BCRF4_10_15817_769_AM_Ep	0.456429779326427	0	0.0531109739816001	0	4.96244895801998e-05	0.0836262679681924	0.013574075697661	0	0.0237836441833102	0	0	0.019790147418433	0.0181904671318914	0.0633886360116744	0.0513724549045657	0.0050057794344892	0	0	0.0353933884156004	0	0	0	0	0	0	0	0	0.0902151383619031	0.00617451971374238	0.0048127927014327	0.00650030075907743	0	0.0046816966648404	0	0	0.0639003128355789	0	0	0	0	0.245114344855742	0.972391727668525
BCRF4_10_15785_767_AM_1_Ep	0.38767970893555	0	0.0381186618648727	0	0.000782342928077948	0.0977092712448844	0.00765345094136383	0.000206063330163236	0.00914586706703593	0	0.000258352061101226	0.0341595900999549	0.00506496763115949	0.0112213034973375	0.0761692817046048	0.0203088498265094	0	0	0.0402006433958556	0	0	0	0	0	0	0	0	0.189848336010263	0	0.000448625416337295	0.00175549239918679	0.015156756165545	0.00225556037063464	0	0	0.0557778226360618	0	0.00607905247350066	0	0	0.310256701770641	0.960606011833436
BCRF4_10_15793_768_EN_1_Ep	0.289592052846932	0.232463368016836	0.0587517562342975	0	0	0.0745416288692434	0	0	0.0285468810404987	0	0	0.0539569308964187	0.0172404246421225	0	0.0688549214171499	0	0	0	0	0	0.0054624626215397	0	2.16594074319911e-05	0.00853712707777708	0	0.000912743101705211	0.00102783353865339	0.126111640702465	0	0.00979680892713553	0	0.00475934316634396	0	0	0	0.0122984378791486	0	0.00712397961430123	0	0	0.696973749121144	0.868583724876308
BCRF4_10_15803_769_DCIS_2_Ep	0.122637863271454	0.34253518959858	0.0230268615785308	0	0.00126611217197368	0.0724101088345604	0.00893635728616624	0.000907071141835262	0.0191418847039327	0	0	0.0209149209790973	0.0211560031735743	0	0.0634368714386664	0.0153478861477811	0.0252658713493144	0	0.00243648402942943	0.0018183397001138	0	0.00418274366232411	0	0.0228489564791126	0	0	0	0.183635297692847	0	0.00435286478363122	0.00275016470502475	0.000831345773207362	0	0	0	0.0274855879034191	0.012675213595424	0	0	0	0.651739635770685	0.868498432390028
BCRF4_10_15807_769_EN_3_Ep	0.372717338499198	0	0.0868474940333371	0	9.49088659857273e-05	0.100403764916082	0	0	0.00622398953004529	0	0.00507361638501554	0.0414815283982356	0.0071622662489022	0	0.0936036328346609	0.0125790441452604	0	0	0	0.0235481327282477	0.00682251610077948	0	0	0.0259631221323101	0	0	0	0.120678837082248	0	0.00486669125593342	0.00287381296219546	0.0436875651397144	0	0	0	0.0335426532258335	0	0.0118290855160156	0	0	0.502667710662592	0.925288409784945
BCRF4_10_15815_769_EN_6_Ep	0.450329981829633	0.00107769908202701	0.0725956577846119	0	0.000686710604495473	0.117881461960925	0	0	0.000335988667349493	0	0	0.0489540703369889	0.0134878649270653	0	0.0872345102515903	0	0	0	0.00559271422942307	0.00150492795258186	0.00727265005977363	0	0	0.00958945241117993	0	0	0	0.144549079150677	0	0.0076813449105091	0	0.00485636254043712	0	0	0	0.0206240333922177	0	0.00574548990851374	0	0	0.567241608129752	0.912819212693513
BCRF4_10_15819_770_DCIS_Ep	0.428801849663254	0	0.00430975184949987	0	0.000183932978514486	0.088080143385068	0.00324667252821447	0	0.0191474462453324	0	0	0.0229544777550284	0.0119896857670903	0.0156072237496785	0.080443544642462	0	0.0342993891846817	0	0.105039813154412	0	0	0.00176342953288544	0	0	0	0	0	0.152521088993659	0.000115121213600669	0	0.0190331586190471	0	0	0	0.00257138564586113	0.00579468508604364	0.00409720000566725	0	0	0	0.419417405680829	0.938936714133337
BCRF4_10_15821_770_IBC_Ep	0.410947853450639	0.0202539124372675	0.0200112180895334	0	0.000582698186587958	0.0871533146515361	0.00967147565744431	0	0.00491727608563732	0	0	0.0104921256110903	0.00213543673606796	0.00625497867643953	0.0478540512406731	0	0.0935878911598169	0	0.0595728091792377	0	0	0.00478894754359906	0	0	0	0	0	0.170527096879733	0	0	0.00721149486203255	0.0117828748758576	0.000229102026970689	0	0.00877599915848155	0.00749749945468814	0.0157519440366661	0	0	0	0.436548676608333	0.93560269509198
BCRF4_10_15823_770_EN_1_Ep	0.366915832375173	0.0642219107701712	0.115660543268439	0	0.00202722732781612	0.100191223691094	0	0.00176232974557423	0.0126047925538721	0	0	0.0426951347674295	0.000631556789335973	0	0.0717561425268191	0.00964603284463016	0	0	0	0.000802433598252695	0.00628208990020411	0	0	0	0	0	0	0.147367729397844	0	0.00912629260773355	0	0.0131415241931124	0.00164161355655329	0	0	0.0335255900859453	0	0	0	0	0.657090670228619	0.892794194617967
BCRF4_10_15825_770_NL_Ep	0.231080857552388	0.0706028033590059	0.101646348412143	0	0.0349996666078019	0.102749609170366	0	0.0163137524856732	0.0117023177540036	0	0	0.0535696909799205	0.0406477519630429	0	0.0823642917327783	0.004444345122574	0	0	0	0	0.00588371761647563	0	0	0	0	0	0.00228704610005054	0.145784572690855	0.00672696631610731	0.0128168735954368	0	0.0388609438188241	0.00876304025017297	0	0.00114125227730269	0.0135941906121837	0	0.0140199615828948	0	0	0.847149222200455	0.778808149757758
BCRF4_10_15829_771_EN_4_Ep	0.35820261772559	0.0573054715084875	0.0917418432385583	0	0.00161810368102966	0.109962350939044	0	7.79146596608242e-05	0.00789519579601092	0	0	0.0557839748700526	0.0215584261463851	0	0.0799316382635267	0.00101074989438725	0	0	0.00988109379180117	0	0.00160408601742496	0	0	0.000968075866461462	0	0	0	0.120666603306306	0	0.0123825687648547	0	0.0225097744145831	0.00183578736577762	0	0.00191656512512867	0.0299462141790583	0	0.0132009444458709	0	0	0.642456258159307	0.899095350161041
BCRF4_10_15835_771_DCIS_3_Ep	0.272546718347251	0.0521330885114466	0.0789733126419637	0	0	0.0909285572111913	0.042616082420389	0	0.00644891504045607	0	0	0.0302124638787926	0.00341591747408856	0	0.0957433101055798	0.000708477959643909	0.0617534792688588	0	0.0206391922678732	0	0	0	0	0	0	0	0.00664197754840329	0.192570528862291	0	0	0	0.00107263581451276	0	0	0.0164443039149219	0.016587041091404	0.0105639976409324	0	0	0	0.621394703196569	0.903222754241299
BCRF4_10_15831_771_NL_Ep	0.159660333845445	0.09131580238604	0.128154758482461	0.0236680494692969	0.0118854549225838	0.0495127129596971	0.00124086103801267	0.0153195709397129	0.0380278293394193	0	0	0.0469222892167602	0.0101231249628948	0.00824302638399779	0.0837943121401667	0	0	0	0.0115307697571716	0	0	0	0	0	0	0	0	0.132395018312973	0.00416996864878775	0.00426416183952315	0	0.0887088681203075	0.00708711229197471	0	0.00767477531998356	0.0481210032241066	0	0.028180196398684	0	0	0.765884571287763	0.854364438208863
BCRF4_10_15833_771_EN_2_Ep	0.432659769259684	0	0.0768468802193165	0	0.00250075107541263	0.0717201698109215	0.0101676424775875	0.000566618619812438	0.00959177577141451	0	0	0.039249617654221	0.00656681323399792	0	0.0516177778732998	0.0254329126105294	0	0	0.00790281628855429	0	0.00311981496968863	0	0	0.00498091053582339	0	0	0	0.164128317805834	0.00115448850842857	0.00607374976286327	0.00311239092305039	0.028397945785251	0	0	0	0.0337306083836618	0.0204782284306475	0	0	0	0.622554168792289	0.899246114756426
BCRF4_10_15839_771_DCIS_1_Ep	0.236396320175689	0.0849193824773869	0.0593425924282021	0	0	0.121457724505524	0.0304564579302949	0	0.010982425812781	0	0	0.0269227043089917	0.00286497027490292	0.0350201382217809	0.0649890888353341	0.00358786130427974	0.0493626993377167	0	0.0245131458887165	0.0129699169494263	0	0	0	0	0	0	0	0.207700377639939	0	0	0.00304158551717843	0.00156414739122959	0.000154483041896935	0	0.0205550413200021	0	0	0.00319893663872715	0	0	0.645907310584269	0.896184415581694
BCRF4_10_15843_771_IBC_Ep	0.189085416107084	0.126173174380611	0.0658850295462542	0	0.000714393092401178	0.0836583451390914	0.0378799775446259	0	0.0134266160073507	0	0	0.0258274754591136	0.0034410699112211	0.0196863507414815	0.031125317953525	0.00398467099201043	0.0849063542409672	0	0.00931579209777607	0.00663038436465572	0	0	0	0	0	0	0	0.22737655570248	0	0	0.00201601914395613	0.0158376824244637	0.00163979211693726	0	0.0050919528929954	0.0248947654760279	0.0167158099991166	0.0046870546658538	0	0	0.667539671997383	0.887878173531289
BCRF4_10_15727_761_EN_2_Ep	0.395539921825884	0.0457289317565009	0.0860330574530941	0	0.00404184607939762	0.096433501746894	0	0.00181156020825908	0.00860935164562939	0	0	0.0504854940303133	0.0189948729154747	0	0.0744102046887664	0.00324726012713517	0	0	0.00190139047073294	0.00120520979687408	0	0	0	0.00293345884875766	0	0	0	0.120509397637941	0	0	0	0.0340050269793175	0.00116412411515856	0	0	0.0444638045481127	0.00406626825807866	0.00441531686767804	0	0	0.65204231274221	0.894786782500233
BCRF4_10_15743_763_NL_2_Ep	0.122791139224017	0.0969504256414513	0.136502444642055	0.0340218406181713	0.040537513282006	0.0332478340355669	0.011629848246712	0.0104142856470224	0.0224453115689503	0	0	0.048893879621091	0.0408525183468953	0	0.0586230242957932	0.0211876154578109	0	0	0	0	0.0126581658811979	0	0	0	0	0	0.0246380532566781	0.145650772079929	0.00160232186613654	0.0012269911476021	0.00334563694602356	0.0458714586196534	0	0	0.014203286291182	0.0462061960848422	0.0226712557370686	0.0038281814621444	0	0	0.871787363992279	0.762459777716725
BCRF4_10_15763_765_EN_2_Ep	0.134487377079019	0.133981458381347	0.121586140525405	0.0138313651803756	0.00671510556053347	0.0380831211397226	0.0209097310858279	0.0140987524940229	0.0131371365868606	0	0	0.0368862801604568	0.0448045345130478	0	0.0606562733172243	0.00886146100469704	0	0.0051248556016989	0	0	0.00420823018621303	0	0	0.0871222129486781	0	0	0.0547592565878045	0.10357163061439	0	0.0027274722105712	0.00206691088042307	0.0330992023907421	0	0.000305249362505975	0.0176791673561226	0.0143583756046531	0.0223918146609256	0.0045468845667315	0	0	0.804087058576126	0.824970573230924
BCRF4_10_15813_769_EN_5_Ep	0.387823061601816	0	0.100846018919341	0	0	0.100913688447727	0	0.000404928003465805	0.0131379878752206	0	0	0.0578867566144627	0.00827571104101679	0	0.108205673095269	0	0	0	0	0.00975636860559567	0.00504106594175721	0	0	0.00327818399670065	0	0	0	0.144846632326638	0	0.000876870995396563	0	0.0238075562231339	0.00160217606445137	0	0.000876677740950802	0.0269368996096686	0	0.00548374289738862	0	0	0.517937409845605	0.92465697367246
BCRF4_10_15827_771_EN_3_Ep	0.434432440710164	0	0.0296996277477521	0	0.000214331619831277	0.122107294879125	0	0.000180851995419275	0.0248641851811085	0	0	0.0545882815358584	0.00331338161944662	0	0.0939581440687737	0.00299860099414642	0	0	0	0.00596569502201672	0	0	0	0.00365992001482983	0	0	0.00267153530665861	0.171904671269049	0.00848895328234734	0.00762457594569006	0.00184851632081497	0.0046665138368444	0.00421382849665033	0	0	0.0198078978075761	0	0.00279075234589749	0	0	0.532009945000619	0.917821596370702
BCRF4_10_15837_771_EN_1_Ep	0.533680854007914	0	0.0353432205483847	0	0	0.115679570970519	0	3.75727138009393e-05	0.00642687128640999	0	0	0.0378046728906792	0.00712579976253953	0	0.0841991420943723	0.0095706159844343	0	0	0.00288732375650305	0.00102764567461143	0	0	0	0	0	0	0	0.133189225816975	0.00411629832653387	0	6.75109399443524e-05	0.00448152823840223	0	0	0	0.0181921643859326	0.00616998260204333	0	0	0	0.64554779173858	0.894917291944625
BCRF4_10_15841_771_DCIS_2_Ep	0.250617492066178	0.0302709974573106	0.0613495619150355	0	0	0.112035751357395	0.0152622987540443	0	0.0064399301253544	0	0	0.00377802452949822	0.0165548057589031	0.0205814591073733	0.0812951937790201	0.0142038745150457	0.0780177540779093	0	0	0.0168079803346214	0	0.00547839728523418	0	0	0	0	0.0106744399070388	0.226916161640301	0	0	0.0069544052313052	0.000771895729662415	3.76524709208216e-06	0	0	0.0328680097648105	0.00911780141686705	0	0	0	0.645797262851365	0.896287063345849
BCRF4_10_15845_772_IBC_Ep	0.262108255502323	0.0171810830193448	0.0297708273032214	0	0.000532486229660115	0.099935138370626	0.0573815324138496	0.000212201966354211	0.00607174156630609	0	0	0.00820984241975267	0	0.0420420143068121	0.0641698106582913	0	0.0755683036414454	0	0.0280323264507476	0	0	0	0	0	0	0	0	0.275790021789647	0.00703870162898871	0.00340246935850312	0.00570576825824933	0	0.000162473557410335	0	0	0.0105594526242	0.00485794553645332	0.00126760339781435	0	0	0.497156062163015	0.923927009969756
BCRF4_10_15847_772_DCIS_1_Ep	0.219401714377652	0.0181044959217575	0.0693342331431734	0	0.00195005295507156	0.109035159273969	0.0478897635662146	0.00197155148256864	0.00903985126565007	0.00953375979426143	0	0.00400654146801977	0	0.0396118279524615	0.0683114121766034	0	0.0430816374408861	0	0.0395345578041597	0.00901819175455461	0	0	0	0	0	0	0	0.22308409040765	0	0.015459633254321	0.0101414183400159	0.0109968209112566	0.000872231339653205	0	0	0.03851121645046	0.0111098389196405	0	0	0	0.548299462140213	0.916162632895604
BCRF4_10_15849_772_DCIS_2_Ep	0.293641203574731	0.0365320384896944	0.0227657867636406	0	0.000222694214313518	0.114685939594497	0.0293982156468521	0	0.0190148434977392	0	0	0.033981011596403	0	0	0.0755949662744317	0	0.0568793340741323	0	0.0389948681732982	0	0	0	0	0	0	0	0	0.255862580420665	0	0.00325902073554852	0.00586534719541049	0	0	0	0	0.0120919666229795	0.00121018312566393	0	0	0	0.563372368343842	0.910833726146732
BCRF4_10_15851_772_EN_1_Ep	0.285188545287429	0	0.073331686271627	0	0.00422967523684236	0.111372623632116	0.0469994185785712	0	0.00886713457410233	0	0	0.0229454549762671	0.000467017858017139	0	0.0786605621468039	0.00201846282683094	0.0229619086850855	0	0.017358289787024	0.0289461236296668	0	0	0	0	0	0	0	0.206935196632079	0	0.0151613802654918	0.00538204884175649	0.0145132183874116	0	0	0	0.0367323998028848	0.0179288525799936	0	0	0	0.604152637478542	0.906495343123754
BCRF4_10_15853_772_EN_2_Ep	0.207297890074258	0.054901696262706	0.128150815752685	0	0.00969651202942514	0.101456460658628	0.00114778723666363	0.00673368085533885	0.0205308190959363	0	0	0.0674917415006832	0.03281652651743	0	0.0905820808331921	0.0109077282690765	0	0	0	0	0.00754835104473095	0	0	0	0	0	0	0.153459921001678	0	0.0144579926778448	0.000493969400392695	0.0473854615869098	0.000159190565989077	0	0	0.0376539710793296	0	0.00712740355710233	0	0	0.79467254588489	0.864893138203408
BCRF4_10_15855_772_EN_3_Ep	0.32448410583176	0.0538831849229841	0.0231157296855623	0	0.00437076982447257	0.0934925236750125	0.0308040206570465	0.000262081942575715	0.0278497233940058	0	0	0.0407402062582961	0.0135996375737937	0.0108153352695698	0.0785035201079054	0	0.023403520747291	0	0.0556923966945501	0	0	0	0	0	0	0	0	0.18119318086585	0	0.00402434533441415	0.00166560067641182	0.0115099058072702	0	0	0	0.0191419501124405	0.0014482606187884	0	0	0	0.605882530350862	0.904562756057061
BCRF4_10_15857_772_EN_4_Ep	0.327394370428345	0.0205363891172063	0.0273668698499067	0	0.00247844003153487	0.13796951202123	0.024839425229309	0	0.0135048066286873	0	0	0.0438975570389221	0.0116771939383477	0.00269339119707587	0.0754039029745776	0.000930100675407872	0	0	0.069842327207763	0	0	0	0	0	0	0	0	0.200623766529584	0	0.0170843307521858	0.00286978308484976	0.0107370483907293	0.000286256886144291	0	0	0.009864528018194	0	0	0	0	0.545449731966588	0.916943640133759
BCRF4_10_15859_772_NL_Ep	0.145338210701091	0.0537240502663276	0.0751584155531043	0.0224650093019712	0.0210803325275844	0.124730544417962	0	0.000868426475463718	0.0248125355428291	0	0	0.0724423022204511	0.0667580390458141	0	0.0817351094145236	0.0068139162320259	0	0	0	0.00488093220061294	0.00871498974292168	0	0	0	0	0	0.0128432047411619	0.180888025724225	0	0.0114061453633434	0.00382431136079359	0.0466603117723114	0.000296806401814993	0	0.00698615254228132	0.0200034866108897	0	0.00756874184049577	0	0	0.78498390617803	0.852493182687357
