ID,Description,setSize,enrichmentScore,NES,pvalue,p.adjust,qvalue,rank,leading_edge,core_enrichment,log2err
GO:1902412,regulation of mitotic cytokinesis,19,0.7287618195090143,2.101260381799313,0.0010186902814985277,0.42055503512029624,0.4205550351202963,1876,"tags=42%, list=14%, signal=36%",RAB11A/RBX1/MAP9/WNK1/DCDC1/CUL4B/POLDIP2/ECT2,0.45505986738722953
GO:0070286,axonemal dynein complex assembly,14,0.7376091319422996,1.9589615129483537,0.002869329804414951,0.4548169046841268,0.4548169046841268,1530,"tags=50%, list=12%, signal=44%",DNAH2/DNAL1/DNAH5/ZMYND10/DNAAF4/DNAAF5/DNAAF1,0.4317076958033464
GO:0099638,endosome to plasma membrane protein transport,15,0.7379166793719933,1.9396257044237502,0.002358133827816265,0.43698342634984644,0.4369834263498465,1131,"tags=33%, list=9%, signal=31%",NSG1/RAB11A/SORL1/ATP6AP1/AKAP5,0.4317076958033464
GO:0006167,AMP biosynthetic process,12,0.7746387725469177,1.9393628541973642,0.0034784630423376852,0.4638729844790846,0.46387298447908465,2313,"tags=58%, list=18%, signal=48%",PPAT/PFAS/ADSL/ADK/GART/ADSS2/APRT,0.4317076958033464
GO:0098887,"neurotransmitter receptor transport, endosome to postsynaptic membrane",9,0.8326245534051313,1.8951097735022249,0.0017327573566176258,0.42055503512029624,0.4205550351202963,358,"tags=22%, list=3%, signal=22%",NSG1/RAB11A,0.45505986738722953
GO:0099639,"neurotransmitter receptor transport, endosome to plasma membrane",9,0.8326245534051313,1.8951097735022249,0.0017327573566176258,0.42055503512029624,0.4205550351202963,358,"tags=22%, list=3%, signal=22%",NSG1/RAB11A,0.45505986738722953
GO:0006858,extracellular transport,16,0.6899758206515273,1.8809253754619126,0.003919719324538288,0.46442804668108034,0.4644280466810804,1548,"tags=38%, list=12%, signal=33%",CABYR/DNAAF4/CFAP53/TSG101/DNAAF1/SPA17,0.40701791892395395
GO:0006335,DNA replication-dependent chromatin assembly,9,0.8253205174309899,1.8784852938324883,0.0021565906922726623,0.43584697890830504,0.4358469789083051,867,"tags=33%, list=7%, signal=31%",CHAF1B/ASF1B/UBN1,0.4317076958033464
GO:0039535,regulation of RIG-I signaling pathway,18,0.6613099651140697,1.8722551480681415,0.004072072741342395,0.46442804668108034,0.4644280466810804,3247,"tags=56%, list=25%, signal=42%",DHX58/ZCCHC3/UFD1/DDX60/NOP53/C1QBP/RNF125/ANKRD17/NPLOC4/PUM2,0.40701791892395395
GO:0071732,cellular response to nitric oxide,13,0.7231259882112069,1.8552339148503507,0.0070322076320081224,0.5037025690944181,0.5037025690944181,1303,"tags=31%, list=10%, signal=28%",GUCY1B1/AIFM1/CFLAR/PTPN1,0.40701791892395395
GO:1902170,cellular response to reactive nitrogen species,13,0.7231259882112069,1.8552339148503507,0.0070322076320081224,0.5037025690944181,0.5037025690944181,1303,"tags=31%, list=10%, signal=28%",GUCY1B1/AIFM1/CFLAR/PTPN1,0.40701791892395395
GO:0098877,neurotransmitter receptor transport to plasma membrane,13,0.7097411629482971,1.820894142560431,0.00868680948598403,0.5037025690944181,0.5037025690944181,358,"tags=15%, list=3%, signal=15%",NSG1/RAB11A,0.3807304007227924
GO:0098969,neurotransmitter receptor transport to postsynaptic membrane,13,0.7097411629482971,1.820894142560431,0.00868680948598403,0.5037025690944181,0.5037025690944181,358,"tags=15%, list=3%, signal=15%",NSG1/RAB11A,0.3807304007227924
GO:1903540,establishment of protein localization to postsynaptic membrane,13,0.7097411629482971,1.820894142560431,0.00868680948598403,0.5037025690944181,0.5037025690944181,358,"tags=15%, list=3%, signal=15%",NSG1/RAB11A,0.3807304007227924
GO:0003351,epithelial cilium movement involved in extracellular fluid movement,13,0.7078322382699772,1.815996653240659,0.009632298690922438,0.5037025690944181,0.5037025690944181,1548,"tags=38%, list=12%, signal=34%",CABYR/DNAAF4/CFAP53/DNAAF1/SPA17,0.3807304007227924
GO:0072350,tricarboxylic acid metabolic process,11,0.7383100386758753,1.7585327642171837,0.012034810935427069,0.530401367660255,0.530401367660255,2339,"tags=64%, list=18%, signal=52%",ACLY/IDH3A/ACO2/IDH3G/GLUD1/IDH3B/CS,0.3807304007227924
GO:0001109,promoter clearance during DNA-templated transcription,8,0.8213800173536754,1.7482103035484637,0.008324064565329758,0.5037025690944181,0.5037025690944181,471,"tags=25%, list=4%, signal=24%",SUB1/RPRD1B,0.3807304007227924
GO:0001111,RNA polymerase II promoter clearance,8,0.8213800173536754,1.7482103035484637,0.008324064565329758,0.5037025690944181,0.5037025690944181,471,"tags=25%, list=4%, signal=24%",SUB1/RPRD1B,0.3807304007227924
GO:0036158,outer dynein arm assembly,6,0.8840094375523251,1.7413762082043363,0.003157154679753165,0.45953231044189957,0.45953231044189957,1530,"tags=100%, list=12%, signal=88%",DNAL1/DNAH5/ZMYND10/DNAAF4/DNAAF5/DNAAF1,0.4317076958033464
GO:0044208,'de novo' AMP biosynthetic process,8,0.817398905940018,1.7397369783568508,0.009151864049714057,0.5037025690944181,0.5037025690944181,499,"tags=38%, list=4%, signal=36%",PPAT/PFAS/ADSL,0.3807304007227924
GO:0099637,neurotransmitter receptor transport,16,0.6349799262050106,1.7310024791595477,0.012945498410408858,0.530401367660255,0.530401367660255,1960,"tags=25%, list=15%, signal=21%",NSG1/RAB11A/AKAP5/SACM1L,0.3807304007227924
GO:1903490,positive regulation of mitotic cytokinesis,12,0.6888846493847833,1.7246713528823607,0.022220789151712415,0.5993373308100957,0.5993373308100958,1876,"tags=33%, list=14%, signal=29%",RAB11A/WNK1/POLDIP2/ECT2,0.35248785758361917
GO:0006177,GMP biosynthetic process,11,0.7230755159352376,1.722246643233822,0.01454636581813953,0.5346848531074662,0.5346848531074662,499,"tags=27%, list=4%, signal=26%",PPAT/PFAS/ADSL,0.3807304007227924
GO:0034310,primary alcohol catabolic process,10,0.7355953605222736,1.7214621765816946,0.017733530379063504,0.5683282302611007,0.5683282302611007,2272,"tags=50%, list=17%, signal=41%",ALDH1B1/ACSS1/ALDH2/ALDH3B1/SULT1A1,0.35248785758361917
GO:0010842,retina layer formation,12,0.6859126306375293,1.717230694133184,0.023987827191784317,0.6170182677030657,0.6170182677030657,566,"tags=25%, list=4%, signal=24%",TSPAN12/ATP8A2/HIPK2,0.35248785758361917
GO:0120261,regulation of heterochromatin organization,12,0.6838579841444584,1.7120867415860281,0.024427958573981168,0.6170182677030657,0.6170182677030657,2746,"tags=50%, list=21%, signal=40%",ERI2/TPR/ERI1/KMT2A/ERI3/PHF8,0.35248785758361917
GO:1901679,nucleotide transmembrane transport,19,0.5929398338289369,1.70964085694668,0.024416309964487015,0.6170182677030657,0.6170182677030657,1995,"tags=32%, list=15%, signal=27%",SLC19A1/SLC25A51/SLC17A9/LRRC8A/SLC35B2/SLC25A23,0.35248785758361917
GO:0033625,positive regulation of integrin activation,9,0.7508119579877988,1.7088987753555844,0.01708188276860374,0.5610355728100082,0.5610355728100083,483,"tags=22%, list=4%, signal=21%",CXCL13/FERMT1,0.35248785758361917
GO:0006189,'de novo' IMP biosynthetic process,6,0.8666368985227719,1.7071547114000394,0.006222280817492066,0.5037025690944181,0.5037025690944181,499,"tags=50%, list=4%, signal=48%",PPAT/PFAS/ADSL,0.40701791892395395
GO:0070417,cellular response to cold,7,0.808720085087268,1.690753306411014,0.017422171014173427,0.5641171042028299,0.5641171042028298,1292,"tags=43%, list=10%, signal=39%",SLC9A1/EIF2AK4/RNF34,0.35248785758361917
GO:0051775,response to redox state,9,0.7407891081029541,1.686086091418467,0.02012446269170569,0.5902197071908778,0.5902197071908778,779,"tags=33%, list=6%, signal=31%",ADH5/SELENOS/ARHGDIB,0.35248785758361917
GO:0006067,ethanol metabolic process,9,0.7406912365156224,1.6858633290690481,0.02012446269170569,0.5902197071908778,0.5902197071908778,2272,"tags=56%, list=17%, signal=46%",ALDH1B1/ACSS1/ALDH2/ALDH3B1/SULT1A1,0.35248785758361917
GO:0006068,ethanol catabolic process,9,0.7406912365156224,1.6858633290690481,0.02012446269170569,0.5902197071908778,0.5902197071908778,2272,"tags=56%, list=17%, signal=46%",ALDH1B1/ACSS1/ALDH2/ALDH3B1/SULT1A1,0.35248785758361917
GO:0055010,ventricular cardiac muscle tissue morphogenesis,20,0.56584144408763,1.6747017524793062,0.01568865676205265,0.5501818834628966,0.5501818834628966,1230,"tags=25%, list=9%, signal=23%",EDNRA/FGFR2/LRP2/PKP2/DSP,0.35248785758361917
GO:0010820,positive regulation of T cell chemotaxis,8,0.7863756806256433,1.6737077093241928,0.016224215014531588,0.5534031821834319,0.553403182183432,949,"tags=38%, list=7%, signal=35%",CXCL13/STK39/WNK1,0.35248785758361917
GO:0001675,acrosome assembly,10,0.7126586382794735,1.6677849758884953,0.029927432583827254,0.6720371250212764,0.6720371250212764,3496,"tags=50%, list=27%, signal=37%",RFX2/VPS13B/PAFAH1B1/AGFG2/SLC9A8,0.35248785758361917
GO:0034242,negative regulation of syncytium formation by plasma membrane fusion,46,0.46695177718445857,1.6602493128348852,0.0037437678455275506,0.46442804668108034,0.4644280466810804,2068,"tags=43%, list=16%, signal=37%",RAPGEF3/RPL36/RPL27/RPL30/RPLP2/RPL31/RPL8/RPL11/RPL37/RPL39/RPL12/CFLAR/RPL37A/RPL7A/RPL23/RPL35A/RPL32/RPL14/RPLP0/RPL7,0.4317076958033464
GO:0086036,regulation of cardiac muscle cell membrane potential,4,0.9429056969568731,1.6466402299618235,0.00237843527454147,0.43698342634984644,0.4369834263498465,57,"tags=25%, list=0%, signal=25%",SLC9A1,0.4317076958033464
GO:0010819,regulation of T cell chemotaxis,9,0.720185285816887,1.6391903989648364,0.029528187046989816,0.6686438769968226,0.6686438769968226,949,"tags=33%, list=7%, signal=31%",CXCL13/STK39/WNK1,0.35248785758361917
GO:0003162,atrioventricular node development,4,0.9380234661783708,1.6381141624687692,0.0032969908468122432,0.45953231044189957,0.45953231044189957,603,"tags=50%, list=5%, signal=48%",NOTCH2/MAML1,0.4317076958033464
GO:1905550,regulation of protein localization to endoplasmic reticulum,5,0.8598173515981735,1.6370208540482898,0.011602519404864557,0.5262365704988667,0.5262365704988666,1847,"tags=100%, list=14%, signal=86%",BTF3/AKT1/DDRGK1/RTN4/NACA,0.3807304007227924
GO:0031445,regulation of heterochromatin formation,10,0.6988460106719608,1.6354602532737974,0.03746150095983062,0.7017747420039213,0.7017747420039213,2746,"tags=60%, list=21%, signal=48%",ERI2/TPR/ERI1/KMT2A/ERI3/PHF8,0.3217759180753611
GO:0036376,sodium ion export across plasma membrane,8,0.7679897722914478,1.634575476118064,0.024115700998967746,0.6170182677030657,0.6170182677030657,351,"tags=25%, list=3%, signal=24%",SLC9A1/ATP1A2,0.35248785758361917
GO:0014856,skeletal muscle cell proliferation,13,-0.8567527224514647,-1.6343038996231372,9.910146977256124e-4,0.42055503512029624,0.4205550351202963,686,"tags=31%, list=5%, signal=29%",JAK2/PPARD/FGF2/MEGF10,0.45505986738722953
GO:0002098,tRNA wobble uridine modification,19,-0.796051618941149,-1.6320741539424597,8.643128463197327e-4,0.42055503512029624,0.4205550351202963,441,"tags=21%, list=3%, signal=20%",MPST/MTO1/DPH3/TRMT9B,0.47727081536286214
GO:0097292,XMP metabolic process,8,0.7632689458657734,1.6245277549363173,0.02661654492099082,0.6328474974743817,0.6328474974743817,499,"tags=38%, list=4%, signal=36%",PPAT/PFAS/ADSL,0.35248785758361917
GO:0097293,XMP biosynthetic process,8,0.7632689458657734,1.6245277549363173,0.02661654492099082,0.6328474974743817,0.6328474974743817,499,"tags=38%, list=4%, signal=36%",PPAT/PFAS/ADSL,0.35248785758361917
GO:0097294,'de novo' XMP biosynthetic process,8,0.7632689458657734,1.6245277549363173,0.02661654492099082,0.6328474974743817,0.6328474974743817,499,"tags=38%, list=4%, signal=36%",PPAT/PFAS/ADSL,0.35248785758361917
GO:0097499,protein localization to non-motile cilium,10,0.6940894939824265,1.624328911217073,0.0424842228754807,0.7095918548045164,0.7095918548045165,1763,"tags=50%, list=13%, signal=43%",ARL13B/BBIP1/IFT140/WDR19/ZDHHC3,0.3217759180753611
GO:0097152,mesenchymal cell apoptotic process,4,0.9299121879029479,1.623949058611795,0.004881505259186602,0.4871862779662283,0.48718627796622826,97,"tags=25%, list=1%, signal=25%",EDNRA,0.40701791892395395
GO:0097401,synaptic vesicle lumen acidification,14,0.6108364663679582,1.6222753711972855,0.03433423120520621,0.6991383502843502,0.6991383502843502,3587,"tags=50%, list=27%, signal=36%",ATP6V1G1/ATP6AP1/ATP6V1F/ATP6V1E1/ATP6V1B2/ATP6V1A/ATP6V1D,0.3217759180753611
GO:0099550,"trans-synaptic signaling, modulating synaptic transmission",14,-0.8267406671495887,-1.6211926362815081,9.414062786310824e-4,0.42055503512029624,0.4205550351202963,1774,"tags=57%, list=13%, signal=49%",NTRK2/C1QL1/NRXN1/F2R/NRXN3/EFNB3/C1QTNF3/IGSF21,0.47727081536286214
GO:0014841,skeletal muscle satellite cell proliferation,11,-0.8626860007523521,-1.618777634831139,0.0018111771962670985,0.42055503512029624,0.4205550351202963,686,"tags=36%, list=5%, signal=34%",JAK2/PPARD/FGF2/MEGF10,0.45505986738722953
GO:0060982,coronary artery morphogenesis,6,0.8206653428305375,1.6165971110668877,0.01838003119260478,0.5786731013944569,0.5786731013944569,1489,"tags=33%, list=11%, signal=30%",LRP2/VEGFA,0.35248785758361917
GO:2001027,negative regulation of endothelial cell chemotaxis,3,0.9961254837528333,1.6156659823188242,1.0292655421201046e-5,0.08320582642498925,0.08320582642498925,2,"tags=33%, list=0%, signal=33%",CXCL13,0.5933254763964051
GO:1990564,protein polyufmylation,5,0.8468161261783469,1.61226760023121,0.015993659402991182,0.5501818834628966,0.5501818834628966,1077,"tags=80%, list=8%, signal=73%",DDRGK1/UBA5/UFC1/UFL1,0.35248785758361917
GO:1990592,protein K69-linked ufmylation,5,0.8468161261783469,1.61226760023121,0.015993659402991182,0.5501818834628966,0.5501818834628966,1077,"tags=80%, list=8%, signal=73%",DDRGK1/UBA5/UFC1/UFL1,0.35248785758361917
GO:0090494,dopamine uptake,4,0.9213109756809182,1.6089283602355489,0.007709348903725591,0.5037025690944181,0.5037025690944181,49,"tags=25%, list=0%, signal=25%",MAPK15,0.40701791892395395
GO:0070885,negative regulation of calcineurin-NFAT signaling cascade,9,-0.8865818502112506,-1.6062727966046293,0.0016877298316819494,0.42055503512029624,0.4205550351202963,905,"tags=44%, list=7%, signal=41%",RCAN1/DYRK2/HOMER2/PRNP,0.45505986738722953
GO:0106057,negative regulation of calcineurin-mediated signaling,9,-0.8865818502112506,-1.6062727966046293,0.0016877298316819494,0.42055503512029624,0.4205550351202963,905,"tags=44%, list=7%, signal=41%",RCAN1/DYRK2/HOMER2/PRNP,0.45505986738722953
GO:0002923,regulation of humoral immune response mediated by circulating immunoglobulin,3,0.987190570836758,1.6011739980367856,4.033593969606558e-4,0.4075946706287427,0.4075946706287427,134,"tags=67%, list=1%, signal=66%",SUSD4/CD46,0.49849310876659025
GO:0030450,"regulation of complement activation, classical pathway",3,0.987190570836758,1.6011739980367856,4.033593969606558e-4,0.4075946706287427,0.4075946706287427,134,"tags=67%, list=1%, signal=66%",SUSD4/CD46,0.49849310876659025
GO:0044070,regulation of monoatomic anion transport,9,0.7030153476341421,1.6001104588796244,0.03705120062359858,0.7017747420039213,0.7017747420039213,2898,"tags=56%, list=22%, signal=43%",TCAF1/ATP8B1/STC1/RAB11B/GOPC,0.3217759180753611
GO:0035176,social behavior,25,-0.7545744737794543,-1.5968174708636365,0.002277062448054935,0.43698342634984644,0.4369834263498465,1663,"tags=36%, list=13%, signal=32%",KCNQ1/PTCHD1/NRXN2/NRXN1/NRXN3/NLGN4X/NLGN2/MKKS/ATXN1L,0.4317076958033464
GO:0051703,biological process involved in intraspecies interaction between organisms,26,-0.753083390255014,-1.5956420950666121,0.0012593223528698178,0.42055503512029624,0.4205550351202963,1663,"tags=35%, list=13%, signal=30%",KCNQ1/PTCHD1/NRXN2/NRXN1/NRXN3/NLGN4X/NLGN2/MKKS/ATXN1L,0.45505986738722953
GO:0003400,regulation of COPII vesicle coating,5,0.8357308535792018,1.5911621615192786,0.019694595158256365,0.5896707676272017,0.5896707676272017,1669,"tags=80%, list=13%, signal=70%",MAPK15/PREB/SAR1B/SEC16A,0.35248785758361917
GO:0032494,response to peptidoglycan,5,0.8343002959908874,1.5884384986382785,0.020752007615067146,0.5902197071908778,0.5902197071908778,370,"tags=20%, list=3%, signal=19%",IRF5,0.35248785758361917
GO:0021575,hindbrain morphogenesis,14,-0.8096218061896067,-1.5876234985426623,0.001932144107244988,0.42055503512029624,0.4205550351202963,1331,"tags=36%, list=10%, signal=32%",TUBA1A/AGTPBP1/NRXN1/DLL1/OPHN1,0.45505986738722953
GO:0034085,establishment of sister chromatid cohesion,9,0.6966282321660581,1.5855729522704916,0.04114497425615924,0.7017747420039213,0.7017747420039213,545,"tags=22%, list=4%, signal=21%",RAD21/SMC3,0.3217759180753611
GO:0002097,tRNA wobble base modification,26,-0.7472648029777462,-1.5833136027461487,0.0016994618174869152,0.42055503512029624,0.4205550351202963,441,"tags=19%, list=3%, signal=19%",MPST/MTO1/DPH3/TRMT9B/ADAT2,0.45505986738722953
GO:1900246,positive regulation of RIG-I signaling pathway,8,0.7426240213157561,1.580587472665267,0.03767090011722138,0.7017747420039213,0.7017747420039213,527,"tags=25%, list=4%, signal=24%",DHX58/ZCCHC3,0.3217759180753611
GO:0140331,aminophospholipid translocation,5,0.8301268675550743,1.580492637381111,0.021809420802311873,0.5976520602233532,0.5976520602233532,1072,"tags=40%, list=8%, signal=37%",ATP8A2/ATP8B1,0.35248785758361917
GO:0001951,intestinal D-glucose absorption,4,0.9021125114332905,1.5754011860062966,0.012933771425738585,0.530401367660255,0.530401367660255,56,"tags=25%, list=0%, signal=25%",PLS1,0.3807304007227924
GO:0106001,intestinal hexose absorption,4,0.9021125114332905,1.5754011860062966,0.012933771425738585,0.530401367660255,0.530401367660255,56,"tags=25%, list=0%, signal=25%",PLS1,0.3807304007227924
GO:0044771,meiotic cell cycle phase transition,7,0.7509806314262338,1.5700401276636053,0.04762134633005512,0.7309080814721365,0.7309080814721365,49,"tags=14%, list=0%, signal=14%",MAPK15,0.3217759180753611
GO:1901993,regulation of meiotic cell cycle phase transition,7,0.7509806314262338,1.5700401276636053,0.04762134633005512,0.7309080814721365,0.7309080814721365,49,"tags=14%, list=0%, signal=14%",MAPK15,0.3217759180753611
GO:0006270,DNA replication initiation,30,0.48619017897108496,1.569918854812248,0.016412029412416675,0.5547677407718575,0.5547677407718576,592,"tags=17%, list=5%, signal=16%",MCM5/PRIM2/MCM2/RBX1/NOC3L,0.35248785758361917
GO:0050849,negative regulation of calcium-mediated signaling,14,-0.7998462320455526,-1.5684541393379132,0.0026479452691107173,0.4459581157393966,0.44595811573939664,905,"tags=29%, list=7%, signal=27%",RCAN1/DYRK2/HOMER2/PRNP,0.4317076958033464
GO:0072239,metanephric glomerulus vasculature development,7,-0.9095991122658462,-1.5653605548755274,0.0023358638285678928,0.43698342634984644,0.4369834263498465,866,"tags=43%, list=7%, signal=40%",CD34/OSR1/PDGFRA,0.4317076958033464
GO:0043652,engulfment of apoptotic cell,9,-0.8636945768418632,-1.5648065692135085,0.004779728049606273,0.4871862779662283,0.48718627796622826,999,"tags=22%, list=8%, signal=21%",XKR6/MEGF10,0.40701791892395395
GO:0002544,chronic inflammatory response,8,0.7346345271224424,1.5635827784022,0.039783227178095716,0.7017747420039213,0.7017747420039213,2,"tags=12%, list=0%, signal=13%",CXCL13,0.3217759180753611
GO:0050655,dermatan sulfate proteoglycan metabolic process,17,-0.7885678910458803,-1.5592601603551677,0.0038862190168599533,0.46442804668108034,0.4644280466810804,1236,"tags=35%, list=9%, signal=32%",CHST14/DSEL/CSGALNACT2/B4GALT7/CSGALNACT1/HEXA,0.4317076958033464
GO:0051541,elastin metabolic process,3,0.957464502336414,1.5529597936544772,0.007090596747316021,0.5037025690944181,0.5037025690944181,241,"tags=67%, list=2%, signal=65%",CST3/CTSL,0.40701791892395395
GO:0015986,proton motive force-driven ATP synthesis,72,0.4331736294664938,1.5528957381104513,8.564892703997903e-4,0.42055503512029624,0.4205550351202963,2798,"tags=40%, list=21%, signal=32%",ATP5PD/ATP5MC3/ATP5PO/NDUFB9/NDUFB1/MT-ND6/ATP5F1C/NDUFS3/NDUFS5/NDUFS6/ATP5MC2/NDUFB5/DNAJC30/NDUFA5/ATP5MC1/MT-ATP8/NDUFS7/ATP5PB/ATP5ME/NDUFA8/MT-ND4/NDUFA6/NDUFB4/SDHB/NDUFC2/NDUFV3/NDUFV2/NDUFB11/MT-ATP6,0.47727081536286214
GO:0021587,cerebellum morphogenesis,13,-0.8138341196288421,-1.5524342561177296,0.005335977559207429,0.5037025690944181,0.5037025690944181,1331,"tags=38%, list=10%, signal=35%",TUBA1A/AGTPBP1/NRXN1/DLL1/OPHN1,0.40701791892395395
GO:0044785,metaphase/anaphase transition of meiotic cell cycle,4,0.8867487686450596,1.5485707648522669,0.021221221255562486,0.5902197071908778,0.5902197071908778,49,"tags=25%, list=0%, signal=25%",MAPK15,0.35248785758361917
GO:1902102,regulation of metaphase/anaphase transition of meiotic cell cycle,4,0.8867487686450596,1.5485707648522669,0.021221221255562486,0.5902197071908778,0.5902197071908778,49,"tags=25%, list=0%, signal=25%",MAPK15,0.35248785758361917
GO:1905132,regulation of meiotic chromosome separation,4,0.8867487686450596,1.5485707648522669,0.021221221255562486,0.5902197071908778,0.5902197071908778,49,"tags=25%, list=0%, signal=25%",MAPK15,0.35248785758361917
GO:0070254,mucus secretion,6,0.786072363150591,1.54845373020848,0.040217450530211286,0.7017747420039213,0.7017747420039213,957,"tags=33%, list=7%, signal=31%",AGR2/ANO1,0.3217759180753611
GO:0006878,intracellular copper ion homeostasis,13,-0.8105403134001268,-1.5461511358858038,0.0063308235136840104,0.5037025690944181,0.5037025690944181,201,"tags=15%, list=2%, signal=15%",PRNP/CP,0.40701791892395395
GO:1903670,regulation of sprouting angiogenesis,35,-0.7112588323341656,-1.5448830184993119,0.002096366102332784,0.43453906592969804,0.43453906592969804,1561,"tags=31%, list=12%, signal=28%",FUT1/CREB3L1/DLL1/FGF1/ADGRG6/RHOJ/CEACAM1/FGF2/S100A1/SYNJ2BP/TGM2,0.4317076958033464
GO:0034089,establishment of meiotic sister chromatid cohesion,3,0.9519469058653393,1.5440105266515967,0.009435476069316811,0.5037025690944181,0.5037025690944181,545,"tags=67%, list=4%, signal=64%",RAD21/SMC3,0.3807304007227924
GO:0009124,nucleoside monophosphate biosynthetic process,37,0.46037749768972164,1.5430233125430441,0.01751526387369004,0.5641171042028299,0.5641171042028298,637,"tags=19%, list=5%, signal=18%",TYMS/UCK1/PPAT/PFAS/PRPS2/ADSL/ADK,0.35248785758361917
GO:0072170,metanephric tubule development,15,-0.7829343193678777,-1.5396612199268143,0.009570966764767576,0.5037025690944181,0.5037025690944181,1065,"tags=20%, list=8%, signal=18%",LIF/OSR1/LGR4,0.3807304007227924
GO:0072207,metanephric epithelium development,15,-0.7829343193678777,-1.5396612199268143,0.009570966764767576,0.5037025690944181,0.5037025690944181,1065,"tags=20%, list=8%, signal=18%",LIF/OSR1/LGR4,0.3807304007227924
GO:0072234,metanephric nephron tubule development,15,-0.7829343193678777,-1.5396612199268143,0.009570966764767576,0.5037025690944181,0.5037025690944181,1065,"tags=20%, list=8%, signal=18%",LIF/OSR1/LGR4,0.3807304007227924
GO:0072243,metanephric nephron epithelium development,15,-0.7829343193678777,-1.5396612199268143,0.009570966764767576,0.5037025690944181,0.5037025690944181,1065,"tags=20%, list=8%, signal=18%",LIF/OSR1/LGR4,0.3807304007227924
GO:0061072,iris morphogenesis,4,0.8782323135018291,1.533698081718876,0.026480426847105616,0.6328474974743817,0.6328474974743817,566,"tags=25%, list=4%, signal=24%",HIPK2,0.35248785758361917
GO:0046622,positive regulation of organ growth,21,-0.7422803468088601,-1.5323998753698715,0.003909940227314716,0.46442804668108034,0.4644280466810804,1642,"tags=43%, list=12%, signal=38%",PIM1/AKAP6/BASP1/TBX2/EDN1/MEF2C/ACACB/IGF1/FGF2,0.40701791892395395
GO:0050651,dermatan sulfate proteoglycan biosynthetic process,13,-0.8021980004772311,-1.5302377058090908,0.007795777250143144,0.5037025690944181,0.5037025690944181,1236,"tags=38%, list=9%, signal=35%",CHST14/DSEL/CSGALNACT2/B4GALT7/CSGALNACT1,0.40701791892395395
GO:0002691,regulation of cellular extravasation,23,-0.7319306086843502,-1.5292013401744649,0.004067738572105469,0.46442804668108034,0.4644280466810804,2622,"tags=57%, list=20%, signal=45%",LYVE1/CCL28/RIPK3/PLVAP/FUT4/ADAM8/JAM3/THY1/AGER/CHST2/RIPOR2/ICAM1/IL27RA,0.40701791892395395
GO:0006231,dTMP biosynthetic process,5,0.8031140998456405,1.5290625703049916,0.034647109559018424,0.7015789473684211,0.7015789473684211,25,"tags=20%, list=0%, signal=20%",TYMS,0.3217759180753611
GO:0009177,pyrimidine deoxyribonucleoside monophosphate biosynthetic process,5,0.8031140998456405,1.5290625703049916,0.034647109559018424,0.7015789473684211,0.7015789473684211,25,"tags=20%, list=0%, signal=20%",TYMS,0.3217759180753611
GO:0070874,negative regulation of glycogen metabolic process,8,0.7180407720133077,1.5282649315548764,0.04752844853898102,0.7309080814721365,0.7309080814721365,1088,"tags=50%, list=8%, signal=46%",PPP1R3B/SELENOS/PASK/ENPP1,0.3217759180753611
GO:0010714,positive regulation of collagen metabolic process,21,-0.7400590238519034,-1.5278140675453336,0.004298500945033861,0.4707323403854819,0.4707323403854819,1558,"tags=38%, list=12%, signal=34%",WNT4/CREB3L1/RGCC/F2R/LARP6/INHBA/VSIR/DDR2,0.40701791892395395
GO:0090493,catecholamine uptake,5,0.802216436087971,1.5273534930358519,0.036210108241960956,0.7017747420039213,0.7017747420039213,49,"tags=20%, list=0%, signal=20%",MAPK15,0.3217759180753611
GO:0000079,regulation of cyclin-dependent protein serine/threonine kinase activity,23,-0.730969105551765,-1.527192499634821,0.004452845616160672,0.4736421573821431,0.47364215738214316,899,"tags=17%, list=7%, signal=16%",SERTAD1/LATS2/TFAP4/DIRAS3,0.40701791892395395
GO:0003229,ventricular cardiac muscle tissue development,27,0.5219245354941318,1.5266202822469135,0.010822057873323852,0.517665774248225,0.517665774248225,1230,"tags=26%, list=9%, signal=24%",EDNRA/FGFR2/MBD2/LRP2/PKP2/DSG2/DSP,0.3807304007227924
GO:0001656,metanephros development,47,-0.6792034426130684,-1.5266023944148954,0.0014193576564643033,0.42055503512029624,0.4205550351202963,2134,"tags=32%, list=16%, signal=27%",KIF26B/BMP7/PTCH1/ID3/WNT4/FBN1/BASP1/LIF/SIX4/CD34/OSR1/FGF10/PDGFRA/LGR4/IRX1,0.45505986738722953
GO:0045671,negative regulation of osteoclast differentiation,19,-0.7445644057537506,-1.5265144792903935,0.00738928316299511,0.5037025690944181,0.5037025690944181,2403,"tags=53%, list=18%, signal=43%",TNFAIP6/LRRC17/LILRB1/TLR3/LILRB4/FBN1/DUSP18/TMEM178A/FBXW7/CCL3,0.40701791892395395
GO:0071295,cellular response to vitamin,18,-0.748594468533645,-1.5255179579971199,0.007237035535969063,0.5037025690944181,0.5037025690944181,1642,"tags=50%, list=12%, signal=44%",PIM1/PHEX/MN1/FOLR1/FES/COL1A1/VDR/GDAP1/SNAI2,0.40701791892395395
GO:0070099,regulation of chemokine-mediated signaling pathway,10,-0.8345919958756433,-1.5252263392165248,0.00839962212990813,0.5037025690944181,0.5037025690944181,1686,"tags=40%, list=13%, signal=35%",RNF113A/EDN1/SH2B3/PADI2,0.3807304007227924
GO:0001782,B cell homeostasis,10,-0.8345668242403864,-1.5251803377675717,0.008506622247881204,0.5037025690944181,0.5037025690944181,638,"tags=30%, list=5%, signal=29%",PPP2R3C/MEF2C/DOCK10,0.3807304007227924
GO:0045745,positive regulation of G protein-coupled receptor signaling pathway,21,-0.7386521117590029,-1.5249095693660597,0.004589921735796811,0.4796271920463413,0.4796271920463413,2405,"tags=38%, list=18%, signal=31%",PRKCA/APP/ITGB3/KLK6/NRXN1/EDN1/KLK5/CAV2,0.40701791892395395
GO:0072210,metanephric nephron development,25,-0.7204161791215005,-1.5245322775790953,0.0071235769721352815,0.5037025690944181,0.5037025690944181,1065,"tags=24%, list=8%, signal=22%",LIF/CD34/OSR1/PDGFRA/LGR4/IRX1,0.40701791892395395
GO:0060421,positive regulation of heart growth,20,-0.752171316204269,-1.5237697864109523,0.003500278581546779,0.4638729844790846,0.46387298447908465,1642,"tags=45%, list=12%, signal=39%",PIM1/AKAP6/BASP1/TBX2/EDN1/MEF2C/ACACB/IGF1/FGF2,0.4317076958033464
GO:0032536,regulation of cell projection size,4,0.8723145812304021,1.5233636696353303,0.031429906596877014,0.6867009862950102,0.6867009862950102,56,"tags=25%, list=0%, signal=25%",PLS1,0.3217759180753611
GO:0120040,regulation of macrophage proliferation,6,-0.9219174566769839,-1.5233484979990817,0.0041364200100244665,0.46442804668108034,0.4644280466810804,583,"tags=50%, list=4%, signal=48%",IL34/IL33/MAPK3,0.40701791892395395
GO:0043922,host-mediated suppression of viral transcription,11,-0.8112255678935897,-1.5222152729545753,0.010042378807604372,0.504239691184309,0.5042396911843089,400,"tags=27%, list=3%, signal=26%",TFAP4/ZNF639/CCL3,0.3807304007227924
GO:0002034,maintenance of blood vessel diameter homeostasis by renin-angiotensin,3,0.9376048970827616,1.520748501850434,0.017055444278953388,0.5610355728100082,0.5610355728100083,528,"tags=33%, list=4%, signal=32%",AGTR1,0.35248785758361917
GO:0021696,cerebellar cortex morphogenesis,12,-0.8171459264688704,-1.5205955140064422,0.008189990569596428,0.5037025690944181,0.5037025690944181,1331,"tags=42%, list=10%, signal=37%",TUBA1A/AGTPBP1/NRXN1/DLL1/OPHN1,0.3807304007227924
GO:0009155,purine deoxyribonucleotide catabolic process,10,-0.8320526015789266,-1.5205855673349962,0.009469624036043366,0.5037025690944181,0.5037025690944181,1099,"tags=40%, list=8%, signal=37%",PNP/NUDT15/XDH/NT5C2,0.3807304007227924
GO:0072224,metanephric glomerulus development,10,-0.8318575543469695,-1.5202291163061794,0.009469624036043366,0.5037025690944181,0.5037025690944181,866,"tags=40%, list=7%, signal=37%",CD34/OSR1/PDGFRA/LGR4,0.3807304007227924
GO:0016553,base conversion or substitution editing,7,-0.8827980546065499,-1.5192376883037915,0.006735269865927187,0.5037025690944181,0.5037025690944181,13,"tags=14%, list=0%, signal=14%",ADAT2,0.40701791892395395
GO:0051966,"regulation of synaptic transmission, glutamatergic",35,-0.6991385311846926,-1.5185572330416186,0.0035837910508555995,0.46442804668108034,0.4644280466810804,2082,"tags=34%, list=16%, signal=29%",CDK5/TSHZ3/CACNG8/PRKN/CLN3/NRXN1/OPHN1/STXBP1/NLGN2/GRIK3/MEF2C/HOMER2,0.4317076958033464
GO:1904646,cellular response to amyloid-beta,33,-0.7050467987449325,-1.5178779403563247,0.003167314119642114,0.45953231044189957,0.45953231044189957,2363,"tags=42%, list=18%, signal=35%",APP/CDK5/LCN2/CACNB1/CD36/CACNA2D1/AGER/ICAM1/LGMN/BACE1/NGFR/GJA1/IGF1/PRNP,0.4317076958033464
GO:0032693,negative regulation of interleukin-10 production,10,-0.8300878789300368,-1.5169950144083557,0.010004625503816386,0.504239691184309,0.5042396911843089,1935,"tags=70%, list=15%, signal=60%",LILRB1/LILRB4/JAK3/AGER/DLL1/TNFRSF21/VSIR,0.3807304007227924
GO:0042415,norepinephrine metabolic process,4,0.8676013545924085,1.5151327419613374,0.034894552665918614,0.7017103575902638,0.7017103575902639,1208,"tags=75%, list=9%, signal=68%",EDNRA/GATA3/RNF180,0.3217759180753611
GO:0006469,negative regulation of protein kinase activity,55,-0.6670144044211526,-1.5149895080539901,0.0016970468181221317,0.42055503512029624,0.4205550351202963,1674,"tags=29%, list=13%, signal=25%",CHMP6/CD300A/THY1/SRCIN1/PAQR3/YWHAG/ZFYVE28/LATS2/ERRFI1/CEACAM1/TFAP4/PTPRJ/RGS14/TARBP2/SFN/STK38,0.45505986738722953
GO:0035845,photoreceptor cell outer segment organization,4,-0.9786141924536063,-1.5129238679980401,9.18276372453377e-4,0.42055503512029624,0.4205550351202963,4,"tags=25%, list=0%, signal=25%",RP1,0.47727081536286214
GO:0009128,purine nucleoside monophosphate catabolic process,9,-0.834847072999263,-1.512541839610398,0.01041171279173917,0.5162733318745953,0.5162733318745953,1589,"tags=56%, list=12%, signal=49%",NT5E/PNP/AMPD3/XDH/NT5C2,0.3807304007227924
GO:0002674,negative regulation of acute inflammatory response,3,0.932535292860432,1.5125258559896138,0.020576523587746073,0.5902197071908778,0.5902197071908778,772,"tags=67%, list=6%, signal=63%",SELENOS/GSTP1,0.35248785758361917
GO:0071224,cellular response to peptidoglycan,4,0.865034782723449,1.510650617708449,0.035884452686297454,0.7017747420039213,0.7017747420039213,370,"tags=25%, list=3%, signal=24%",IRF5,0.3217759180753611
GO:0050650,chondroitin sulfate proteoglycan biosynthetic process,18,-0.7412823372955564,-1.510616982924747,0.00966553907025221,0.5037025690944181,0.5037025690944181,790,"tags=22%, list=6%, signal=21%",CSGALNACT2/B4GALT7/CSGALNACT1/CHST3,0.3807304007227924
GO:0036017,response to erythropoietin,8,-0.8650818329667502,-1.5106149513018257,0.0043438646941393825,0.4707323403854819,0.4707323403854819,1325,"tags=62%, list=10%, signal=56%",CD40/EPOR/KIT/JAK2/MT1X,0.40701791892395395
GO:0051450,myoblast proliferation,11,-0.8047853887845953,-1.5101306698697274,0.014288426667693666,0.5346848531074662,0.5346848531074662,891,"tags=36%, list=7%, signal=34%",FES/PPARD/IGF1/MEGF10,0.3807304007227924
GO:0048634,regulation of muscle organ development,15,-0.7677481448664603,-1.5097972027538902,0.015307663791197381,0.5432880756673137,0.5432880756673137,1934,"tags=40%, list=15%, signal=34%",SHOX2/JPH2/DLL1/MEF2C/MRTFB/MEGF10,0.3807304007227924
GO:0051988,regulation of attachment of spindle microtubules to kinetochore,20,0.5096959682487694,1.5085298897364936,0.041234269171984674,0.7017747420039213,0.7017747420039213,3790,"tags=55%, list=29%, signal=39%",BECN1/ECT2/ZW10/ZWILCH/RCC2/APC/CCNB1/SIRT1/HNRNPU/SIRT2/CDC42,0.3217759180753611
GO:0050818,regulation of coagulation,47,-0.6711270845491728,-1.508449677887045,0.0019416716305792447,0.42055503512029624,0.4205550351202963,2615,"tags=38%, list=20%, signal=31%",F7/KLKB1/TFPI/SERPINE1/F2RL1/EMILIN2/FAP/PRKCD/ADTRP/CD36/F2R/SERPINE2/EDN1/CEACAM1/PLAUR/ENPP4/SH2B3/PDGFRA,0.45505986738722953
GO:0009158,ribonucleoside monophosphate catabolic process,11,-0.8035252370482354,-1.5077660720374524,0.015135133195840929,0.5413823750229118,0.5413823750229119,1589,"tags=45%, list=12%, signal=40%",NT5E/PNP/AMPD3/XDH/NT5C2,0.3807304007227924
GO:0009169,purine ribonucleoside monophosphate catabolic process,8,-0.8631946043733939,-1.5073194529790006,0.004627773500694535,0.4796271920463413,0.4796271920463413,1589,"tags=62%, list=12%, signal=55%",NT5E/PNP/AMPD3/XDH/NT5C2,0.40701791892395395
GO:0060159,regulation of dopamine receptor signaling pathway,7,-0.8758634899544474,-1.5073037562833491,0.007848514066037572,0.5037025690944181,0.5037025690944181,118,"tags=14%, list=1%, signal=14%",CAV2,0.3807304007227924
GO:0060603,mammary gland duct morphogenesis,5,0.7916463765438287,1.5072289772068441,0.04506711923776361,0.7271908022316987,0.7271908022316986,1278,"tags=40%, list=10%, signal=36%",FGFR2/PERP,0.3217759180753611
GO:0030193,regulation of blood coagulation,43,-0.6739115960234584,-1.5064505779469526,0.005641356695532183,0.5037025690944181,0.5037025690944181,2615,"tags=42%, list=20%, signal=34%",F7/KLKB1/TFPI/SERPINE1/F2RL1/EMILIN2/FAP/PRKCD/ADTRP/CD36/F2R/SERPINE2/EDN1/CEACAM1/PLAUR/ENPP4/SH2B3/PDGFRA,0.40701791892395395
GO:0016202,regulation of striated muscle tissue development,14,-0.7679767457357684,-1.5059598426612648,0.008200748450694685,0.5037025690944181,0.5037025690944181,1934,"tags=43%, list=15%, signal=37%",SHOX2/JPH2/DLL1/MEF2C/MRTFB/MEGF10,0.3807304007227924
GO:0070875,positive regulation of glycogen metabolic process,14,-0.7675579889687257,-1.505138683845571,0.008200748450694685,0.5037025690944181,0.5037025690944181,629,"tags=36%, list=5%, signal=34%",AKT2/DYRK2/IGF1/PHKA1/PHKG2,0.3807304007227924
GO:0071715,icosanoid transport,23,-0.7202436516343007,-1.5047841206027603,0.007352791533593238,0.5037025690944181,0.5037025690944181,2429,"tags=43%, list=18%, signal=36%",PLA2R1/IL1B/SLCO2A1/TNFRSF11A/ACE/ABCC10/EDN1/ACSL4/SLCO3A1/ABCC3,0.40701791892395395
GO:0150078,positive regulation of neuroinflammatory response,13,-0.7888396332068667,-1.5047558705601909,0.011652195215153035,0.5262365704988667,0.5262365704988666,2165,"tags=38%, list=16%, signal=32%",IL18/IL1B/IL33/MAPK3/CCL3,0.3807304007227924
GO:0044793,host-mediated suppression of viral proces,12,-0.8084026852050892,-1.5043255516742147,0.010726214686383743,0.5162733318745953,0.5162733318745953,400,"tags=25%, list=3%, signal=24%",TFAP4/ZNF639/CCL3,0.3807304007227924
GO:1903055,positive regulation of extracellular matrix organization,24,-0.7307429285655656,-1.5024979390392064,0.004876508026507023,0.4871862779662283,0.48718627796622826,1313,"tags=29%, list=10%, signal=26%",FSCN1/RGCC/COLGALT1/EFEMP2/PLAUR/MELTF/DDR2,0.40701791892395395
GO:1902742,apoptotic process involved in development,16,-0.757133692530642,-1.5023570925774306,0.00901144020223949,0.5037025690944181,0.5037025690944181,999,"tags=12%, list=8%, signal=12%",XKR6/MEGF10,0.3807304007227924
GO:0071625,vocalization behavior,10,-0.8220488466340312,-1.502303591700886,0.012758547108058753,0.530401367660255,0.530401367660255,1244,"tags=50%, list=9%, signal=45%",NRXN2/NRXN1/NRXN3/SRPX2/NLGN4X,0.3807304007227924
GO:0052651,monoacylglycerol catabolic process,4,0.859679442054962,1.501298336331487,0.04033900767840458,0.7017747420039213,0.7017747420039213,171,"tags=25%, list=1%, signal=25%",ABHD6,0.3217759180753611
GO:0140367,antibacterial innate immune response,12,-0.8065165057137562,-1.5008156326007318,0.011559293510084341,0.5262365704988667,0.5262365704988666,1430,"tags=50%, list=11%, signal=45%",TLR2/TFEB/SLC15A2/MPEG1/IL33/MARCHF2,0.3807304007227924
GO:0031670,cellular response to nutrient,34,-0.6893499612661217,-1.5001104195298125,0.0037316816808456955,0.46442804668108034,0.4644280466810804,1755,"tags=38%, list=13%, signal=33%",CDKN2B/PIM1/PHEX/MN1/LPL/FOLR1/FES/PLD1/COL1A1/VDR/GDAP1/SNAI2/SRF,0.4317076958033464
GO:0036018,cellular response to erythropoietin,7,-0.871543197730805,-1.4998688160539344,0.008850436184888136,0.5037025690944181,0.5037025690944181,1325,"tags=71%, list=10%, signal=64%",CD40/EPOR/KIT/JAK2/MT1X,0.3807304007227924
GO:1900046,regulation of hemostasis,44,-0.6792547997906594,-1.4988425782877983,0.0016936546796572638,0.42055503512029624,0.4205550351202963,2615,"tags=43%, list=20%, signal=35%",F7/KLKB1/TFPI/SERPINE1/F2RL1/EMILIN2/FAP/PRKCD/ADTRP/TPH1/CD36/F2R/SERPINE2/EDN1/CEACAM1/PLAUR/ENPP4/SH2B3/PDGFRA,0.45505986738722953
GO:0014816,skeletal muscle satellite cell differentiation,7,-0.8703898871921483,-1.4978840440808854,0.00929573541969729,0.5037025690944181,0.5037025690944181,1201,"tags=43%, list=9%, signal=39%",MCUB/SIX4/MEGF10,0.3807304007227924
GO:0045654,positive regulation of megakaryocyte differentiation,7,-0.8697010719247892,-1.4966986380766578,0.009518385135160604,0.5037025690944181,0.5037025690944181,723,"tags=43%, list=6%, signal=41%",ZNF16/TESC/HMGB2,0.3807304007227924
GO:2000627,positive regulation of miRNA catabolic process,4,0.8565415103145263,1.4958184196660647,0.043308714595940385,0.7145054057011879,0.7145054057011879,29,"tags=25%, list=0%, signal=25%",ZSWIM8,0.3217759180753611
GO:0060221,retinal rod cell differentiation,6,-0.9031195110613298,-1.4922873416974192,0.00851458315226424,0.5037025690944181,0.5037025690944181,476,"tags=33%, list=4%, signal=32%",RPGRIP1L/RP1,0.3807304007227924
GO:0031054,pre-miRNA processing,15,-0.7587762486139941,-1.4921537294925804,0.01807288375631512,0.5729458521021624,0.5729458521021624,294,"tags=20%, list=2%, signal=20%",DICER1/TARBP2/TUT4,0.35248785758361917
GO:1902275,regulation of chromatin organization,28,0.4754171766702645,1.4910803630194969,0.04154107271799918,0.7017747420039213,0.7017747420039213,3275,"tags=54%, list=25%, signal=40%",SETD5/UBN1/UBN2/ERI2/TPR/SAMD1/ERI1/KMT2A/MKI67/HIRA/TLK2/ERI3/PHF8/SSRP1/HNRNPU,0.3217759180753611
GO:0002115,store-operated calcium entry,15,-0.7579752187897029,-1.490578482979614,0.018467915577053975,0.5786731013944569,0.5786731013944569,569,"tags=13%, list=4%, signal=13%",ORAI1/HOMER2,0.35248785758361917
GO:0042776,proton motive force-driven mitochondrial ATP synthesis,67,0.4341765860326938,1.4899269899914744,0.0015825149809333494,0.42055503512029624,0.4205550351202963,2798,"tags=39%, list=21%, signal=31%",ATP5PD/ATP5PO/NDUFB9/NDUFB1/MT-ND6/ATP5F1C/NDUFS3/NDUFS5/NDUFS6/NDUFB5/DNAJC30/NDUFA5/MT-ATP8/NDUFS7/ATP5PB/ATP5ME/NDUFA8/MT-ND4/NDUFA6/NDUFB4/SDHB/NDUFC2/NDUFV3/NDUFV2/NDUFB11/MT-ATP6,0.45505986738722953
GO:0002924,negative regulation of humoral immune response mediated by circulating immunoglobulin,2,0.9899566309061858,1.4894934440233807,0.003285097612762367,0.45953231044189957,0.45953231044189957,134,"tags=100%, list=1%, signal=99%",SUSD4/CD46,0.4317076958033464
GO:0045959,"negative regulation of complement activation, classical pathway",2,0.9899566309061858,1.4894934440233807,0.003285097612762367,0.45953231044189957,0.45953231044189957,134,"tags=100%, list=1%, signal=99%",SUSD4/CD46,0.4317076958033464
GO:0072189,ureter development,6,-0.9012042608790306,-1.4891226402728315,0.0089976721868696,0.5037025690944181,0.5037025690944181,470,"tags=17%, list=4%, signal=16%",OSR1,0.3807304007227924
GO:0051902,negative regulation of mitochondrial depolarization,6,-0.9011509847321136,-1.489034608380391,0.0089976721868696,0.5037025690944181,0.5037025690944181,34,"tags=17%, list=0%, signal=17%",ALB,0.3807304007227924
GO:1904180,negative regulation of membrane depolarization,6,-0.9011509847321136,-1.489034608380391,0.0089976721868696,0.5037025690944181,0.5037025690944181,34,"tags=17%, list=0%, signal=17%",ALB,0.3807304007227924
GO:0002701,negative regulation of production of molecular mediator of immune response,18,-0.7294559746226712,-1.4865167131610488,0.014454565638497117,0.5346848531074662,0.5346848531074662,1935,"tags=39%, list=15%, signal=33%",LILRB1/TNFRSF14/LILRB4/JAK3/HFE/IL33/PARP3,0.3807304007227924
GO:0098903,regulation of membrane repolarization during action potential,7,-0.8632750880720435,-1.4856399403342009,0.011299584702213901,0.5262365704988667,0.5262365704988666,1302,"tags=43%, list=10%, signal=39%",FLNA/CACNA2D1/CACNB3,0.3807304007227924
GO:2000425,regulation of apoptotic cell clearance,7,-0.8618012307394941,-1.4831035283030372,0.01151898728663479,0.5262365704988667,0.5262365704988666,24,"tags=14%, list=0%, signal=14%",TGM2,0.3807304007227924
GO:0055008,cardiac muscle tissue morphogenesis,22,0.5309291209066956,1.4820149876106639,0.027227278257840923,0.6398410390592617,0.6398410390592617,1230,"tags=23%, list=9%, signal=21%",EDNRA/FGFR2/LRP2/PKP2/DSP,0.35248785758361917
GO:2000651,positive regulation of sodium ion transmembrane transporter activity,7,-0.860400043709789,-1.4806921771080697,0.01173838999741318,0.5271841374393786,0.5271841374393785,274,"tags=29%, list=2%, signal=28%",TESC/WNK2,0.3807304007227924
GO:0061371,determination of heart left/right asymmetry,29,-0.6850492212563866,-1.4790050680432751,0.014757058065526112,0.5346848531074662,0.5346848531074662,1836,"tags=34%, list=14%, signal=30%",STIL/TBX2/MESP1/FOLR1/DLL1/BBS7/MICAL2/MKKS/MEF2C/SRF,0.3807304007227924
GO:0015732,prostaglandin transport,10,-0.8083073646370976,-1.4771908774822418,0.01676528323876129,0.5600435938105217,0.5600435938105218,1985,"tags=60%, list=15%, signal=51%",IL1B/SLCO2A1/TNFRSF11A/EDN1/ACSL4/SLCO3A1,0.35248785758361917
GO:0034728,nucleosome organization,71,0.38306571134307665,1.477089541836615,0.008146194549766766,0.5037025690944181,0.5037025690944181,968,"tags=23%, list=7%, signal=21%",H1-0/CHAF1B/NAP1L5/KAT6B/HP1BP3/ASF1B/H1-3/H2BC4/H4C11/NAP1L4/SMARCD2/POLE3/H3-3B/CHD1/UBN1/UBN2,0.3807304007227924
GO:1903980,positive regulation of microglial cell activation,3,-0.9856592591264377,-1.4766970391373295,0.0012625511586437912,0.42055503512029624,0.4205550351202963,45,"tags=33%, list=0%, signal=33%",CCL3,0.45505986738722953
GO:0002762,negative regulation of myeloid leukocyte differentiation,33,-0.685571460526035,-1.4759499629283506,0.006880192388298104,0.5037025690944181,0.5037025690944181,2403,"tags=42%, list=18%, signal=35%",TNFAIP6/LRRC17/PTPN2/C1QC/LILRB1/TLR3/LILRB4/FBN1/DUSP18/INHBA/CEACAM1/TMEM178A/FBXW7/CCL3,0.40701791892395395
GO:0031102,neuron projection regeneration,30,-0.6842301861796862,-1.4756728335599658,0.006663705301418318,0.5037025690944181,0.5037025690944181,2870,"tags=47%, list=22%, signal=37%",STK24/TSPO/PTPRS/PTN/DAG1/RTN4R/THY1/MAP1B/RTN4RL2/KREMEN1/FOLR1/RGMA/JAK2/SPP1,0.40701791892395395
GO:0061588,calcium activated phospholipid scrambling,4,-0.9545137167669238,-1.4756648693265928,0.006053717605052273,0.5037025690944181,0.5037025690944181,224,"tags=25%, list=2%, signal=25%",PLSCR4,0.40701791892395395
GO:0048678,response to axon injury,48,-0.6595709873981134,-1.4750382772799393,0.0033958696328159313,0.4638729844790846,0.46387298447908465,2870,"tags=42%, list=22%, signal=33%",STK24/KCNB1/TSPO/PTPRS/ARF4/NPPC/PTN/DAG1/KCNK2/RTN4R/MAP1B/RTN4RL2/KREMEN1/FOLR1/RGMA/NTRK3/MORN4/JAK2/DPYSL3/SPP1,0.4317076958033464
GO:0071280,cellular response to copper ion,14,-0.7519645670774919,-1.4745608475917207,0.012244337176147781,0.530401367660255,0.530401367660255,438,"tags=29%, list=3%, signal=28%",BACE1/PRNP/MAP1LC3A/MT1X,0.3807304007227924
GO:0032964,collagen biosynthetic process,44,-0.6682014068104993,-1.474452178634653,0.0032925272220704262,0.45953231044189957,0.45953231044189957,2506,"tags=36%, list=19%, signal=30%",NPPC/VIM/TMEM131/RCN3/WNT4/CREB3L1/RGCC/F2R/PCOLCE/LARP6/COL5A1/ERRFI1/COL1A1/INHBA/DDR2/PPARD,0.4317076958033464
GO:0055070,copper ion homeostasis,16,-0.741906707263933,-1.472142654176796,0.012713648929638966,0.530401367660255,0.530401367660255,566,"tags=19%, list=4%, signal=18%",CUTC/PRNP/CP,0.3807304007227924
GO:0043153,entrainment of circadian clock by photoperiod,18,-0.7223969233054158,-1.4721314752204184,0.017134846328057868,0.5610355728100082,0.5610355728100083,384,"tags=17%, list=3%, signal=16%",CRY1/PDE6B/PER1,0.35248785758361917
GO:0010759,positive regulation of macrophage chemotaxis,17,-0.7441883587365175,-1.4715071115042877,0.014315968718506154,0.5346848531074662,0.5346848531074662,1217,"tags=35%, list=9%, signal=32%",C5AR1/CSF1/RARRES2/IL34/PTPRJ/MAPK3,0.3807304007227924
GO:0048146,positive regulation of fibroblast proliferation,31,-0.6819761185964535,-1.4706672320428633,0.010563042707807037,0.5162733318745953,0.5162733318745953,530,"tags=19%, list=4%, signal=19%",SPHK1/S100A6/FBLN1/DDR2/IGF1/PDGFRA,0.3807304007227924
GO:0033673,negative regulation of kinase activity,61,-0.6491099657200248,-1.4705437238034975,0.0018337846023659915,0.42055503512029624,0.4205550351202963,1674,"tags=28%, list=13%, signal=24%",CHMP6/CD300A/PRKN/THY1/SRCIN1/PAQR3/YWHAG/ZFYVE28/LATS2/ERRFI1/CEACAM1/TFAP4/PTPRJ/RGS14/TARBP2/SFN/STK38,0.45505986738722953
GO:0051930,regulation of sensory perception of pain,7,-0.8544712207239327,-1.4704890606870564,0.014371230276397631,0.5346848531074662,0.5346848531074662,1023,"tags=29%, list=8%, signal=26%",ZFHX2/CCL3,0.3807304007227924
GO:0051931,regulation of sensory perception,7,-0.8544712207239327,-1.4704890606870564,0.014371230276397631,0.5346848531074662,0.5346848531074662,1023,"tags=29%, list=8%, signal=26%",ZFHX2/CCL3,0.3807304007227924
GO:0003143,embryonic heart tube morphogenesis,30,-0.6815021154978669,-1.4697892290734853,0.00804238296661501,0.5037025690944181,0.5037025690944181,1836,"tags=33%, list=14%, signal=29%",STIL/TBX2/MESP1/FOLR1/DLL1/BBS7/MICAL2/MKKS/MEF2C/SRF,0.3807304007227924
GO:0061045,negative regulation of wound healing,43,-0.6575080283666335,-1.469782320384939,0.010228830351729855,0.5104312627369392,0.5104312627369392,1805,"tags=33%, list=14%, signal=28%",SERPINE1/FAP/WNT4/PRKCD/ADTRP/CD109/SERPINE2/EDN1/CEACAM1/PLAUR/SH2B3/EPPK1/FGF2/PDGFRA,0.3807304007227924
GO:0033280,response to vitamin D,26,-0.6935502202951078,-1.4695025024663637,0.01338423903302952,0.5329960016897076,0.5329960016897075,1888,"tags=38%, list=14%, signal=33%",BMP7/PIM1/PHEX/MN1/CDKN2D/FES/VDR/GDAP1/SNAI2/SPP1,0.3807304007227924
GO:1903035,negative regulation of response to wounding,60,-0.6482422675786276,-1.4688543643468541,0.00197687918537497,0.42055503512029624,0.4205550351202963,2544,"tags=38%, list=19%, signal=31%",PTPRS/KLKB1/TFPI/RTN4R/SERPINE1/FAP/WNT4/PRKCD/ADTRP/KREMEN1/CD109/RGMA/EXTL3/SERPINE2/EDN1/CEACAM1/PLAUR/IL33/SH2B3/EPPK1/FGF2/PDGFRA/SPP1,0.4317076958033464
GO:0009648,photoperiodism,19,-0.7157489591747749,-1.4674367204153969,0.02044786038379178,0.5902197071908778,0.5902197071908778,384,"tags=16%, list=3%, signal=15%",CRY1/PDE6B/PER1,0.35248785758361917
GO:0001947,heart looping,27,-0.696882863275523,-1.466799974547024,0.011457391758508654,0.5262365704988667,0.5262365704988666,1836,"tags=37%, list=14%, signal=32%",STIL/TBX2/MESP1/FOLR1/DLL1/BBS7/MICAL2/MKKS/MEF2C/SRF,0.3807304007227924
GO:0032965,regulation of collagen biosynthetic process,31,-0.6800494448724226,-1.4665124004651804,0.01146584575422552,0.5262365704988667,0.5262365704988666,2506,"tags=35%, list=19%, signal=29%",NPPC/VIM/WNT4/CREB3L1/RGCC/F2R/LARP6/ERRFI1/INHBA/DDR2/PPARD,0.3807304007227924
GO:0045760,positive regulation of action potential,2,0.9746326207278463,1.4664368655994444,0.014103299374397554,0.5346848531074662,0.5346848531074662,57,"tags=50%, list=0%, signal=50%",SLC9A1,0.3807304007227924
GO:0006334,nucleosome assembly,58,0.40167428765059654,1.465877695136981,0.009551201371619604,0.5037025690944181,0.5037025690944181,968,"tags=24%, list=7%, signal=22%",H1-0/CHAF1B/NAP1L5/KAT6B/HP1BP3/ASF1B/H1-3/H2BC4/H4C11/NAP1L4/POLE3/H3-3B/UBN1/UBN2,0.3807304007227924
GO:0180064,protein O-linked glycosylation via xylose,42,-0.6605430307531668,-1.4639407276949254,0.0071975609027364745,0.5037025690944181,0.5037025690944181,1236,"tags=24%, list=9%, signal=22%",CHST14/HS3ST1/DSEL/CSGALNACT2/EXTL3/B4GALT7/CSGALNACT1/CHST3/SLC35D2/EXTL2,0.40701791892395395
GO:1905207,regulation of cardiocyte differentiation,16,-0.7376421154318992,-1.4636805558063095,0.014460530643086883,0.5346848531074662,0.5346848531074662,1390,"tags=25%, list=11%, signal=22%",FZD7/DLL1/PRICKLE1/MEF2C,0.3807304007227924
GO:0035269,protein O-linked glycosylation via mannose,17,-0.7399591208979668,-1.463144506146907,0.015484601880244803,0.5466267318772882,0.5466267318772882,827,"tags=29%, list=6%, signal=28%",FKRP/LARGE1/LARGE2/RXYLT1/TMTC1,0.3807304007227924
GO:0043277,apoptotic cell clearance,26,-0.690095342655417,-1.4621822663988437,0.014881753086241945,0.5346848531074662,0.5346848531074662,1853,"tags=23%, list=14%, signal=20%",ITGB3/ANXA1/XKR6/NR1H3/TGM2/MEGF10,0.3807304007227924
GO:0034331,cell junction maintenance,41,-0.6629407619229843,-1.462144462359451,0.007093296294471474,0.5037025690944181,0.5037025690944181,2254,"tags=37%, list=17%, signal=30%",PCLO/CNTNAP1/ERC2/RIMS3/ITGB3/F2RL1/C1QL1/KIFC3/F2R/PRICKLE1/OPHN1/NLGN2/KIRREL1/C1QTNF3/AFDN,0.40701791892395395
GO:2000833,positive regulation of steroid hormone secretion,6,-0.8846242889667626,-1.46172639657824,0.01487678307540445,0.5346848531074662,0.5346848531074662,410,"tags=33%, list=3%, signal=32%",ECRG4/SPP1,0.3807304007227924
GO:0035455,response to interferon-alpha,16,-0.7365858687051738,-1.4615846779223078,0.01484872705594848,0.5346848531074662,0.5346848531074662,368,"tags=19%, list=3%, signal=18%",AXL/IFITM2/MX2,0.3807304007227924
GO:0098698,postsynaptic specialization assembly,25,-0.690289321202917,-1.4607783411045874,0.022098772955518434,0.5993373308100957,0.5993373308100958,2877,"tags=48%, list=22%, signal=38%",CASKIN1/PTPRS/IL1RAP/LRFN1/ARHGEF9/NRXN2/LRFN4/NRXN1/NTRK3/NRXN3/PRICKLE1/NLGN2,0.35248785758361917
GO:0046835,carbohydrate phosphorylation,18,-0.7164500431463328,-1.4600126674305232,0.0232053737055033,0.6110496450660868,0.6110496450660869,532,"tags=17%, list=4%, signal=16%",PFKM/FCSK/PFKFB3,0.35248785758361917
GO:0035338,long-chain fatty-acyl-CoA biosynthetic process,15,-0.7422326412898794,-1.4596202844710342,0.02783348123619885,0.6465685698661825,0.6465685698661825,1082,"tags=33%, list=8%, signal=31%",HACD1/TECR/ACSF3/ACSL4/ELOVL6,0.35248785758361917
GO:0120041,positive regulation of macrophage proliferation,5,-0.9052760674130278,-1.4596021145006288,0.013259713001496184,0.5314984069571119,0.531498406957112,583,"tags=40%, list=4%, signal=38%",IL34/MAPK3,0.3807304007227924
GO:0055090,acylglycerol homeostasis,27,-0.6931857205278122,-1.4590182235899842,0.013840482784574037,0.5346848531074662,0.5346848531074662,1524,"tags=33%, list=12%, signal=30%",FBN1/DGAT2/LDAH/LPL/ANGPTL4/FUNDC2/NR1H3/C1QTNF3/SLC25A27,0.3807304007227924
GO:0070328,triglyceride homeostasis,27,-0.6931857205278122,-1.4590182235899842,0.013840482784574037,0.5346848531074662,0.5346848531074662,1524,"tags=33%, list=12%, signal=30%",FBN1/DGAT2/LDAH/LPL/ANGPTL4/FUNDC2/NR1H3/C1QTNF3/SLC25A27,0.3807304007227924
GO:0085029,extracellular matrix assembly,32,-0.6700076696071058,-1.4582022242020727,0.01937396417928396,0.584399725467655,0.584399725467655,2631,"tags=41%, list=20%, signal=33%",COL3A1/MYH11/HAS2/DAG1/HAS3/FBN1/RGCC/EFEMP2/PRICKLE1/PXDN/GPM6B/ELN/LTBP4,0.35248785758361917
GO:2000323,negative regulation of nuclear receptor-mediated glucocorticoid signaling pathway,4,-0.9431052570515965,-1.4580275500096334,0.012704867887548153,0.530401367660255,0.530401367660255,384,"tags=50%, list=3%, signal=49%",CRY1/PER1,0.3807304007227924
GO:0032967,positive regulation of collagen biosynthetic process,20,-0.7193613868427665,-1.4573025096373218,0.011124017857261196,0.5262365704988667,0.5262365704988666,2335,"tags=40%, list=18%, signal=33%",VIM/WNT4/CREB3L1/RGCC/F2R/LARP6/INHBA/DDR2,0.3807304007227924
GO:0006382,adenosine to inosine editing,3,-0.9725416127945217,-1.4570444164693714,0.0055391167870716025,0.5037025690944181,0.5037025690944181,13,"tags=33%, list=0%, signal=33%",ADAT2,0.40701791892395395
GO:0035774,positive regulation of insulin secretion involved in cellular response to glucose stimulus,23,-0.6969378634953316,-1.4560920150492087,0.016174088348664052,0.5534031821834319,0.553403182183432,1485,"tags=22%, list=11%, signal=19%",PRKN/GPLD1/CACNA2D1/PPARD/OXCT1,0.35248785758361917
GO:0006563,L-serine metabolic process,8,-0.8338368090880135,-1.456054563571644,0.012902694369169278,0.530401367660255,0.530401367660255,1733,"tags=38%, list=13%, signal=33%",SRR/SDSL/PSPH,0.3807304007227924
GO:0010455,positive regulation of cell fate commitment,5,-0.9027869603665213,-1.4555888570655997,0.01598593653363221,0.5501818834628966,0.5501818834628966,215,"tags=20%, list=2%, signal=20%",FGF2,0.35248785758361917
GO:0006152,purine nucleoside catabolic process,5,-0.9027008721756913,-1.4554500546495277,0.01598593653363221,0.5501818834628966,0.5501818834628966,1099,"tags=80%, list=8%, signal=73%",PNP/NUDT1/XDH/ENPP4,0.35248785758361917
GO:0061517,macrophage proliferation,10,-0.7963013444087516,-1.455249739330986,0.02472957925974682,0.6170182677030657,0.6170182677030657,1071,"tags=40%, list=8%, signal=37%",CSF1/IL34/IL33/MAPK3,0.35248785758361917
GO:0048199,"vesicle targeting, to, from or within Golgi",32,0.44950629640519785,1.4547951245838446,0.04991800277421126,0.7309080814721365,0.7309080814721365,1672,"tags=38%, list=13%, signal=33%",MAPK15/AP1AR/KLHL12/CUL3/TRAPPC8/TMED10/PREB/TMED2/WIPI1/SAR1B/SEC16A/TRAPPC3,0.3217759180753611
GO:0007231,osmosensory signaling pathway,7,-0.8450474627746418,-1.454271389876266,0.0191981264180179,0.5838343072629903,0.5838343072629903,19,"tags=14%, list=0%, signal=14%",SCN7A,0.35248785758361917
GO:0055023,positive regulation of cardiac muscle tissue growth,17,-0.7354123419181084,-1.454154016676393,0.018990507518419703,0.5838343072629903,0.5838343072629903,1642,"tags=41%, list=12%, signal=36%",PIM1/AKAP6/TBX2/EDN1/MEF2C/IGF1/FGF2,0.35248785758361917
GO:0046888,negative regulation of hormone secretion,35,-0.669145710027572,-1.4534116095694125,0.012147083308397573,0.530401367660255,0.530401367660255,2833,"tags=43%, list=22%, signal=34%",KCNB1/TSPO/IL11/IL1B/REST/PDE8B/PRKN/GNAO1/GNAZ/LIF/INHBA/EDN1/CRY1/PSMD9/GJA1,0.3807304007227924
GO:0060161,positive regulation of dopamine receptor signaling pathway,4,-0.9400552131916439,-1.453312224818412,0.014362826730460538,0.5346848531074662,0.5346848531074662,118,"tags=25%, list=1%, signal=25%",CAV2,0.3807304007227924
GO:0018126,protein hydroxylation,13,-0.7617209208866492,-1.4530254048887494,0.020726286121099512,0.5902197071908778,0.5902197071908778,1596,"tags=46%, list=12%, signal=41%",VPS33B/P3H1/VIPAS39/P3H2/OGFOD1/JMJD4,0.35248785758361917
GO:0009125,nucleoside monophosphate catabolic process,14,-0.7408661548362283,-1.4527974761804803,0.01714198249431866,0.5610355728100082,0.5610355728100083,1589,"tags=36%, list=12%, signal=31%",NT5E/PNP/AMPD3/XDH/NT5C2,0.35248785758361917
GO:0014842,regulation of skeletal muscle satellite cell proliferation,10,-0.7948639745046374,-1.4526229295271706,0.025976420159519092,0.6304906658680244,0.6304906658680244,686,"tags=30%, list=5%, signal=28%",JAK2/PPARD/FGF2,0.35248785758361917
GO:0014857,regulation of skeletal muscle cell proliferation,10,-0.7948639745046374,-1.4526229295271706,0.025976420159519092,0.6304906658680244,0.6304906658680244,686,"tags=30%, list=5%, signal=28%",JAK2/PPARD/FGF2,0.35248785758361917
GO:0110110,positive regulation of animal organ morphogenesis,12,-0.7805898757326689,-1.4525697612507897,0.023602581109793186,0.615798974951234,0.615798974951234,1101,"tags=33%, list=8%, signal=31%",MESP1/SIX4/CD34/EDN1,0.35248785758361917
GO:0035356,intracellular triglyceride homeostasis,9,-0.8015740067822218,-1.4522590567953393,0.024179646961090106,0.6170182677030657,0.6170182677030657,1355,"tags=56%, list=10%, signal=50%",DGAT2/LDAH/FUNDC2/C1QTNF3/SLC25A27,0.35248785758361917
GO:0032309,icosanoid secretion,14,-0.7403662531243359,-1.451817196624403,0.01714198249431866,0.5610355728100082,0.5610355728100083,2852,"tags=50%, list=22%, signal=39%",SYK/PLA2R1/IL1B/TNFRSF11A/ACE/EDN1/ACSL4,0.35248785758361917
GO:0001937,negative regulation of endothelial cell proliferation,25,-0.6860498701436103,-1.4518068879828496,0.02469857062594219,0.6170182677030657,0.6170182677030657,1003,"tags=24%, list=8%, signal=22%",RGCC/VASH1/MEF2C/NGFR/CAV2/SYNJ2BP,0.35248785758361917
GO:0006911,"phagocytosis, engulfment",34,-0.6668593513927024,-1.451168082388414,0.008372191138432924,0.5037025690944181,0.5037025690944181,1961,"tags=29%, list=15%, signal=25%",CLCN2/ITGAM/F2RL1/ELMO1/CD300A/CD36/ARHGAP25/XKR6/GULP1/MEGF10,0.3807304007227924
GO:0035855,megakaryocyte development,7,-0.8430862566492721,-1.4508962824611031,0.01985634084995004,0.5902197071908778,0.5902197071908778,1596,"tags=57%, list=12%, signal=50%",VPS33B/FLNA/KIT/SH2B3,0.35248785758361917
GO:1902224,ketone body metabolic process,8,-0.8308122788768512,-1.4507730972599806,0.013784909088218802,0.5346848531074662,0.5346848531074662,1661,"tags=38%, list=13%, signal=33%",HMGCLL1/ADHFE1/OXCT1,0.3807304007227924
GO:0097186,amelogenesis,9,-0.8002185010062759,-1.4498032067765017,0.02589143716877587,0.6304906658680244,0.6304906658680244,211,"tags=22%, list=2%, signal=22%",FAM20C/KLK5,0.35248785758361917
GO:0071305,cellular response to vitamin D,13,-0.7596949908322891,-1.4491608296134815,0.021745404317481478,0.5976520602233532,0.5976520602233532,1642,"tags=54%, list=12%, signal=47%",PIM1/PHEX/MN1/FES/VDR/GDAP1/SNAI2,0.35248785758361917
GO:0140353,lipid export from cell,24,-0.704572648377583,-1.4486886026646373,0.012659520800410579,0.530401367660255,0.530401367660255,1985,"tags=38%, list=15%, signal=32%",IL1B/KCNQ1/TNFRSF11A/INHBA/EDN1/ECRG4/ACSL4/CRY1/SPP1,0.3807304007227924
GO:0031103,axon regeneration,28,-0.6821284957855991,-1.4485208525712412,0.011469886187907247,0.5262365704988667,0.5262365704988666,2870,"tags=46%, list=22%, signal=36%",STK24/TSPO/PTPRS/PTN/DAG1/RTN4R/MAP1B/RTN4RL2/KREMEN1/FOLR1/RGMA/JAK2/SPP1,0.3807304007227924
GO:2001032,regulation of double-strand break repair via nonhomologous end joining,22,-0.7009851627109412,-1.4468004355636843,0.03135498320268757,0.6867009862950102,0.6867009862950102,1096,"tags=32%, list=8%, signal=29%",POT1/MRE11/MAD2L2/USP51/RIF1/PARP3/MRNIP,0.27128855468895297
GO:0010907,positive regulation of glucose metabolic process,32,-0.6646871024575999,-1.44662256145586,0.023284205087132658,0.6111347854687675,0.6111347854687675,1355,"tags=25%, list=10%, signal=22%",DGAT2/GPLD1/AKT2/DYRK2/CRY1/IGF1/PHKA1/PHKG2,0.35248785758361917
GO:1903672,positive regulation of sprouting angiogenesis,19,-0.7055553924009874,-1.4465377529714087,0.02907702649442323,0.667196780006225,0.667196780006225,1561,"tags=32%, list=12%, signal=28%",FUT1/DLL1/FGF1/FGF2/S100A1/TGM2,0.35248785758361917
GO:0030195,negative regulation of blood coagulation,29,-0.669891537242411,-1.446279986719406,0.024387237348173222,0.6170182677030657,0.6170182677030657,2478,"tags=41%, list=19%, signal=34%",KLKB1/TFPI/SERPINE1/FAP/PRKCD/ADTRP/SERPINE2/EDN1/CEACAM1/PLAUR/SH2B3/PDGFRA,0.35248785758361917
GO:1900047,negative regulation of hemostasis,29,-0.669891537242411,-1.446279986719406,0.024387237348173222,0.6170182677030657,0.6170182677030657,2478,"tags=41%, list=19%, signal=34%",KLKB1/TFPI/SERPINE1/FAP/PRKCD/ADTRP/SERPINE2/EDN1/CEACAM1/PLAUR/SH2B3/PDGFRA,0.35248785758361917
GO:1903531,negative regulation of secretion by cell,84,-0.627895391057295,-1.4459103192900642,9.594249558191791e-4,0.42055503512029624,0.4205550351202963,2833,"tags=37%, list=22%, signal=29%",KCNB1/SERGEF/FMR1/TSPO/IL11/CDK5/IL1B/LILRB1/REST/ANXA1/CD200/PDE8B/CD300A/PRKN/GNAO1/ADTRP/GNAZ/LIF/VPS4B/F2R/INHBA/EDN1/CEACAM1/NR1H3/RHBDF2/ACSL4/CRY1/PSMD9/GJA1/WDR41/DPH3,0.47727081536286214
GO:1901658,glycosyl compound catabolic process,13,-0.7577230841578381,-1.445399306967219,0.02296473822897651,0.6097657955701751,0.609765795570175,1099,"tags=38%, list=8%, signal=35%",PNP/NUDT1/FUCA2/XDH/ENPP4,0.35248785758361917
GO:1905523,positive regulation of macrophage migration,23,-0.6916829817917758,-1.4451131434892663,0.017482960079611098,0.5641171042028299,0.5641171042028298,1217,"tags=30%, list=9%, signal=28%",C5AR1/CSF1/RARRES2/IL34/PTPRJ/MAPK3/CCL3,0.35248785758361917
GO:0045933,positive regulation of muscle contraction,27,-0.6864298649410402,-1.4447984897940582,0.01860668100506448,0.5786731013944569,0.5786731013944569,1742,"tags=41%, list=13%, signal=35%",CHRM3/KCNQ1/CACNB1/CACNA2D1/F2R/KIT/CACNB3/EDN1/SPHK1/CACNA1C/SRF,0.35248785758361917
GO:1903671,negative regulation of sprouting angiogenesis,11,-0.7699253658148932,-1.4447179641067498,0.03270440251572327,0.6934792955735365,0.6934792955735365,2172,"tags=27%, list=17%, signal=23%",SEMA6A/CREB3L1/SYNJ2BP,0.2820133500117251
GO:0071962,"mitotic sister chromatid cohesion, centromeric",5,-0.8951455668880725,-1.4432684230230342,0.021190568610667974,0.5902197071908778,0.5902197071908778,830,"tags=40%, list=6%, signal=37%",NAA10/SGO2,0.35248785758361917
GO:0005980,glycogen catabolic process,23,-0.6907972482806224,-1.4432626062167129,0.01785692361285497,0.5683282302611007,0.5683282302611007,229,"tags=13%, list=2%, signal=13%",PHKA1/ATG2A/PHKG2,0.35248785758361917
GO:0097116,gephyrin clustering involved in postsynaptic density assembly,5,-0.8951243892368554,-1.443234277699183,0.021190568610667974,0.5902197071908778,0.5902197071908778,1244,"tags=80%, list=9%, signal=72%",NRXN2/NRXN1/NRXN3/NLGN2,0.35248785758361917
GO:0050819,negative regulation of coagulation,31,-0.6691830870827002,-1.4430793272281177,0.01868303803364093,0.5786731013944569,0.5786731013944569,2478,"tags=39%, list=19%, signal=31%",KLKB1/TFPI/SERPINE1/FAP/PRKCD/ADTRP/SERPINE2/EDN1/CEACAM1/PLAUR/SH2B3/PDGFRA,0.35248785758361917
GO:0048566,embryonic digestive tract development,12,-0.7754361068276675,-1.4429793103615145,0.02688634077511729,0.636276236825908,0.636276236825908,1088,"tags=42%, list=8%, signal=38%",STRA6/RARB/RARRES2/PCSK5/PDGFRA,0.35248785758361917
GO:0090091,positive regulation of extracellular matrix disassembly,10,-0.7892964208417327,-1.442448162055606,0.033457487420193,0.6975686513374956,0.6975686513374956,1313,"tags=40%, list=10%, signal=36%",FSCN1/PLAUR/MELTF/DDR2,0.3217759180753611
GO:0042481,regulation of odontogenesis,4,-0.9327084266043546,-1.4419541954063004,0.020972123781069187,0.5902197071908778,0.5902197071908778,866,"tags=75%, list=7%, signal=70%",CD34/EDN1/APCDD1,0.35248785758361917
GO:2000501,regulation of natural killer cell chemotaxis,3,-0.9621527020933239,-1.4414799366247673,0.009804251284447587,0.5037025690944181,0.5037025690944181,45,"tags=33%, list=0%, signal=33%",CCL3,0.3807304007227924
GO:0070528,protein kinase C signaling,9,-0.7955080682876502,-1.441269037106367,0.02760322996384384,0.6431640176093067,0.6431640176093067,2405,"tags=67%, list=18%, signal=55%",PRKCA/PRKCD/CD40/PRKCB/AKAP12/DGKQ,0.35248785758361917
GO:0051560,mitochondrial calcium ion homeostasis,19,-0.7026237834570953,-1.4405273347108982,0.02828054298642534,0.6531997414350356,0.6531997414350356,1201,"tags=21%, list=9%, signal=19%",MCUB/LETM1/SLC25A27/TGM2,0.2878571172551493
GO:0034755,iron ion transmembrane transport,18,-0.7068802928874113,-1.4405110193591333,0.034129692832764506,0.6975686513374956,0.6975686513374956,3461,"tags=56%, list=26%, signal=41%",SLC11A2/TTYH1/MCOLN1/SLC25A37/MCOLN2/LCN2/HEPH/SLC11A1/SLC48A1/ABCC5,0.26166352171157314
GO:0030500,regulation of bone mineralization,52,-0.6378575890786896,-1.4397033411405038,0.009599084435917933,0.5037025690944181,0.5037025690944181,2794,"tags=35%, list=21%, signal=27%",TXLNG/ADGRV1/CCN1/PTN/P2RX7/RFLNB/BMP7/WNT4/RFLNA/SGMS2/ADGRG6/MGP/OSR1/GPM6B/MEF2C/DDR2/VDR/CCL3,0.3807304007227924
GO:2000288,positive regulation of myoblast proliferation,4,-0.931140058567852,-1.4395295203356469,0.02122632824841848,0.5902197071908778,0.5902197071908778,251,"tags=50%, list=2%, signal=49%",PPARD/MEGF10,0.35248785758361917
GO:0051590,positive regulation of neurotransmitter transport,14,-0.7340327008306846,-1.4393974515362935,0.01949285890663647,0.5858002654321532,0.5858002654321531,1485,"tags=29%, list=11%, signal=25%",PRKN/STX1B/STXBP1/SLC4A8,0.35248785758361917
GO:0031424,keratinization,15,-0.7318743903792222,-1.439250507800257,0.03678678058735059,0.7017747420039213,0.7017747420039213,2091,"tags=47%, list=16%, signal=39%",TGM1/CNFN/KRT80/KRT16/KRT5/KRT81/KLK5,0.3217759180753611
GO:0007193,adenylate cyclase-inhibiting G protein-coupled receptor signaling pathway,34,-0.6604931948051757,-1.4373145415660329,0.011577647067105292,0.5262365704988667,0.5262365704988666,2363,"tags=41%, list=18%, signal=34%",APP/NPY2R/ADORA3/ITGB3/CHRM3/GNAI1/GNAO1/GNAZ/FLNA/C5AR1/AKAP12/ADGRG6/LPAR1/GRIK3,0.3807304007227924
GO:0021697,cerebellar cortex formation,7,-0.8351223993597819,-1.4371910051608958,0.03389830508474576,0.6975686513374956,0.6975686513374956,1324,"tags=57%, list=10%, signal=51%",AGTPBP1/NRXN1/DLL1/OPHN1,0.2820133500117251
GO:0035733,hepatic stellate cell activation,8,-0.8230039759458719,-1.4371381569545303,0.02018099208437809,0.5902197071908778,0.5902197071908778,851,"tags=50%, list=6%, signal=47%",AKAP12/RPS6KA1/DDR2/GCLM,0.35248785758361917
GO:0032700,negative regulation of interleukin-17 production,7,-0.8350791483074509,-1.437116572929858,0.03389830508474576,0.6975686513374956,0.6975686513374956,482,"tags=43%, list=4%, signal=41%",VSIR/PRNP/IL27RA,0.2820133500117251
GO:0070100,negative regulation of chemokine-mediated signaling pathway,7,-0.834779081201546,-1.4366001770747334,0.03389830508474576,0.6975686513374956,0.6975686513374956,1686,"tags=43%, list=13%, signal=37%",RNF113A/SH2B3/PADI2,0.2820133500117251
GO:0160025,sensory perception of itch,2,0.9546041966668344,1.4363020037260614,0.0364932918335712,0.7017747420039213,0.7017747420039213,436,"tags=50%, list=3%, signal=48%",GNAQ,0.3217759180753611
GO:0002638,negative regulation of immunoglobulin production,4,-0.9287931749820795,-1.43590127110351,0.023005760471165683,0.6097657955701751,0.609765795570175,375,"tags=50%, list=3%, signal=49%",IL33/PARP3,0.35248785758361917
GO:0010430,fatty acid omega-oxidation,2,0.9542396091391929,1.4357534436020716,0.03687145729419017,0.7017747420039213,0.7017747420039213,300,"tags=50%, list=2%, signal=49%",ADH5,0.3217759180753611
GO:0010544,negative regulation of platelet activation,13,-0.7526399127052525,-1.4357028721503642,0.031862745098039214,0.6894669509594883,0.6894669509594883,1462,"tags=38%, list=11%, signal=34%",PRKCD/SERPINE2/CEACAM1/SH2B3/PDGFRA,0.2820133500117251
GO:0060426,lung vasculature development,5,-0.88929313796417,-1.4338323869454392,0.024660332549043783,0.6170182677030657,0.6170182677030657,1088,"tags=40%, list=8%, signal=37%",STRA6/ERRFI1,0.35248785758361917
GO:0035813,regulation of renal sodium excretion,2,0.952547289468607,1.4332071713959627,0.04062001927926277,0.7017747420039213,0.7017747420039213,528,"tags=50%, list=4%, signal=48%",AGTR1,0.3217759180753611
GO:0050886,endocrine process,48,-0.6407160199342775,-1.43287177927229,0.009914419582721764,0.5040765277152374,0.5040765277152374,2049,"tags=33%, list=16%, signal=28%",EDNRB/IL1B/F2RL1/KCNQ1/NIBAN2/F2R/ACE/PCSK5/INHBA/EDN1/ECRG4/CRY1/GJA1/C1QTNF3/ANPEP/SPP1,0.3807304007227924
GO:0046055,dGMP catabolic process,5,-0.888620477305907,-1.4327478372102984,0.024908173011512814,0.6195620634617526,0.6195620634617526,531,"tags=40%, list=4%, signal=38%",XDH/NT5C2,0.35248785758361917
GO:0060219,camera-type eye photoreceptor cell differentiation,10,-0.7833972826965891,-1.4316674201815962,0.041769810401375715,0.7034732235098359,0.703473223509836,1288,"tags=30%, list=10%, signal=27%",THY1/RPGRIP1L/RP1,0.3217759180753611
GO:0099558,maintenance of synapse structure,22,-0.6935375325606532,-1.431428876908031,0.03471444568868981,0.7015789473684211,0.7015789473684211,2254,"tags=36%, list=17%, signal=30%",PCLO/ERC2/RIMS3/ITGB3/C1QL1/PRICKLE1/OPHN1/C1QTNF3,0.25720646646883816
GO:0051458,corticotropin secretion,3,-0.9552390138309861,-1.4311219727625284,0.013002754319292306,0.530401367660255,0.530401367660255,410,"tags=33%, list=3%, signal=32%",ECRG4,0.3807304007227924
GO:0051459,regulation of corticotropin secretion,3,-0.9552390138309861,-1.4311219727625284,0.013002754319292306,0.530401367660255,0.530401367660255,410,"tags=33%, list=3%, signal=32%",ECRG4,0.3807304007227924
GO:0051461,positive regulation of corticotropin secretion,3,-0.9552390138309861,-1.4311219727625284,0.013002754319292306,0.530401367660255,0.530401367660255,410,"tags=33%, list=3%, signal=32%",ECRG4,0.3807304007227924
GO:0002775,antimicrobial peptide production,3,-0.9547842550657925,-1.4304406613297334,0.013280885478146539,0.5314984069571119,0.531498406957112,571,"tags=67%, list=4%, signal=64%",KLK7/KLK5,0.3807304007227924
GO:0002778,antibacterial peptide production,3,-0.9547842550657925,-1.4304406613297334,0.013280885478146539,0.5314984069571119,0.531498406957112,571,"tags=67%, list=4%, signal=64%",KLK7/KLK5,0.3807304007227924
GO:0043954,cellular component maintenance,59,-0.6273176711427122,-1.430068924247822,0.007404261053416007,0.5037025690944181,0.5037025690944181,2363,"tags=31%, list=18%, signal=25%",APP/PCLO/CNTNAP1/ERC2/RIMS3/ITGB3/F2RL1/C1QL1/KIFC3/F2R/MTMR2/PRICKLE1/OPHN1/NLGN2/KIRREL1/C1QTNF3/PRNP/AFDN,0.40701791892395395
GO:2000831,regulation of steroid hormone secretion,11,-0.761615912453656,-1.4291257819603926,0.03647798742138365,0.7017747420039213,0.7017747420039213,410,"tags=27%, list=3%, signal=26%",ECRG4/CRY1/SPP1,0.2663506570885256
GO:2000027,regulation of animal organ morphogenesis,31,-0.662653995220125,-1.4289994772224477,0.02224161296920197,0.5993373308100957,0.5993373308100958,1807,"tags=26%, list=14%, signal=22%",HGF/MESP1/SIX4/SAPCD2/CD34/EDN1/APCDD1/LGR4,0.35248785758361917
GO:1901569,fatty acid derivative catabolic process,9,-0.78873091778786,-1.4289904725455036,0.03225806451612903,0.6917087362026183,0.6917087362026182,818,"tags=22%, list=6%, signal=21%",ADHFE1/OXCT1,0.2878571172551493
GO:0045050,protein insertion into ER membrane by stop-transfer membrane-anchor sequence,11,-0.7614201729751789,-1.42875848877407,0.03647798742138365,0.7017747420039213,0.7017747420039213,18,"tags=9%, list=0%, signal=9%",EMC9,0.2663506570885256
GO:0007158,neuron cell-cell adhesion,12,-0.7677778255999312,-1.4287283085481448,0.03181199433300759,0.6894669509594883,0.6894669509594883,1378,"tags=67%, list=10%, signal=60%",ASTN2/NRXN2/ITGAL/NRXN1/NCAM2/NRXN3/NLGN4X/NLGN2,0.3217759180753611
GO:0019233,sensory perception of pain,27,-0.6783930640215631,-1.4278826205635822,0.023664665954569467,0.615798974951234,0.615798974951234,1023,"tags=19%, list=8%, signal=17%",ZFHX2/NLGN2/BACE1/MAPK3/CCL3,0.35248785758361917
GO:1903358,regulation of Golgi organization,15,-0.7259522687860239,-1.427604497744011,0.04104609050080176,0.7017747420039213,0.7017747420039213,423,"tags=13%, list=3%, signal=13%",ARMH3/MAPK3,0.3217759180753611
GO:1901740,negative regulation of myoblast fusion,45,0.4209661172664424,1.4273475108471143,0.021378547126664923,0.5902197071908778,0.5902197071908778,2235,"tags=44%, list=17%, signal=37%",RPL36/RPL27/RPL30/RPLP2/RPL31/RPL8/RPL11/RPL37/RPL39/RPL12/CFLAR/RPL37A/RPL7A/RPL23/RPL35A/RPL32/RPL14/RPLP0/RPL7/RPL18,0.35248785758361917
GO:0045123,cellular extravasation,43,-0.6384386821695271,-1.4271550265837778,0.022613639769533803,0.6053267016454015,0.6053267016454016,2694,"tags=44%, list=20%, signal=35%",CX3CL1/LYVE1/CCL28/RIPK3/PLVAP/FUT4/JAM2/ADAM8/PIK3CD/PIK3CG/JAM3/THY1/JAML/AGER/ITGAL/CHST2/RIPOR2/ICAM1/IL27RA,0.35248785758361917
GO:0061178,regulation of insulin secretion involved in cellular response to glucose stimulus,36,-0.6452772788144837,-1.4259584938050065,0.022099342523769973,0.5993373308100957,0.5993373308100958,1744,"tags=22%, list=13%, signal=19%",PDE8B/PRKN/NR1D1/ADCY5/GPLD1/CACNA2D1/PPARD/OXCT1,0.35248785758361917
GO:0032493,response to bacterial lipoprotein,7,-0.8279818100552249,-1.424902518194285,0.03650586701434159,0.7017747420039213,0.7017747420039213,2144,"tags=71%, list=16%, signal=60%",TIRAP/TLR2/SSC5D/CD36/CD14,0.27128855468895297
GO:0071371,cellular response to gonadotropin stimulus,12,-0.7656130021364715,-1.4246998715939552,0.03345388149764224,0.6975686513374956,0.6975686513374956,653,"tags=33%, list=5%, signal=32%",INHBA/EDN1/POR/GCLM,0.3217759180753611
GO:0042447,hormone catabolic process,8,-0.8158500329950857,-1.4246458668955004,0.03800786369593709,0.7017747420039213,0.7017747420039213,1122,"tags=38%, list=9%, signal=34%",HSD17B11/ACE/SPP1,0.2663506570885256
GO:0097107,postsynaptic density assembly,20,-0.7031172950994129,-1.4243947721671948,0.0327683615819209,0.6934792955735365,0.6934792955735365,2877,"tags=55%, list=22%, signal=43%",CASKIN1/PTPRS/IL1RAP/LRFN1/NRXN2/LRFN4/NRXN1/NTRK3/NRXN3/PRICKLE1/NLGN2,0.2663506570885256
GO:0042359,vitamin D metabolic process,8,-0.815645623090903,-1.424288924181314,0.03800786369593709,0.7017747420039213,0.7017747420039213,616,"tags=38%, list=5%, signal=36%",LGMN/VDR/SNAI2,0.2663506570885256
GO:0014904,myotube cell development,15,-0.7241556775710647,-1.4240714532046335,0.029342723004694836,0.667196780006225,0.667196780006225,2352,"tags=53%, list=18%, signal=44%",RYR1/CNTNAP1/HDAC9/COL6A1/SHOX2/MYORG/IGF1/CAV2,0.2878571172551493
GO:0006044,N-acetylglucosamine metabolic process,13,-0.7463693180002469,-1.4237413608405154,0.03676470588235294,0.7017747420039213,0.7017747420039213,1707,"tags=38%, list=13%, signal=34%",NANP/CHST2/LARGE1/CHST3/EXTL2,0.26166352171157314
GO:0002275,myeloid cell activation involved in immune response,64,-0.6198957543543224,-1.422802714836529,0.009349263097620249,0.5037025690944181,0.5037025690944181,3019,"tags=48%, list=23%, signal=37%",SNX4/FER/SPHK2/SYK/GATA2/RAC2/KARS1/HAVCR2/IL1R1/FGR/DNASE1/IL1RAP/ENPP3/ADORA3/DYSF/IL1B/PIK3CD/ITGAM/F2RL1/PIK3CG/LAT2/GNAI1/CD300A/DOCK2/KIT/FES/GAB2/STXBP1/IL33/ANXA3/CCL3,0.3807304007227924
GO:0061298,retina vasculature development in camera-type eye,9,-0.784798616818432,-1.4218660902070324,0.03741935483870968,0.7017747420039213,0.7017747420039213,280,"tags=22%, list=2%, signal=22%",COL4A1/PDGFRA,0.2663506570885256
GO:2000302,positive regulation of synaptic vesicle exocytosis,3,-0.9487554593981536,-1.4214084276957122,0.016307879747011842,0.553919747373293,0.553919747373293,152,"tags=33%, list=1%, signal=33%",SLC4A8,0.35248785758361917
GO:0009172,purine deoxyribonucleoside monophosphate catabolic process,6,-0.8600430775686709,-1.4211091469632338,0.039603960396039604,0.7017747420039213,0.7017747420039213,1099,"tags=50%, list=8%, signal=46%",PNP/XDH/NT5C2,0.27128855468895297
GO:0010712,regulation of collagen metabolic process,36,-0.6430383058763635,-1.421010725483801,0.024574418746978584,0.6170182677030657,0.6170182677030657,2506,"tags=36%, list=19%, signal=29%",NPPC/VIM/FAP/WNT4/CREB3L1/RGCC/F2R/LARP6/ERRFI1/INHBA/VSIR/DDR2/PPARD,0.35248785758361917
GO:0045624,positive regulation of T-helper cell differentiation,14,-0.724215015192091,-1.4201455140242674,0.033760186263096625,0.6975686513374956,0.6975686513374956,2165,"tags=36%, list=16%, signal=30%",IL18/CD86/ANXA1/GPR65/NFKBID,0.2663506570885256
GO:0035050,embryonic heart tube development,36,-0.6422049351195406,-1.419169110804041,0.025988750047390364,0.6304906658680244,0.6304906658680244,1242,"tags=28%, list=9%, signal=25%",TBX2/MESP1/FOLR1/DLL1/EDN1/BBS7/MICAL2/MKKS/MEF2C/SRF,0.35248785758361917
GO:0042939,tripeptide transport,9,-0.78288382041265,-1.4183969402611916,0.03870967741935484,0.7017747420039213,0.7017747420039213,1622,"tags=44%, list=12%, signal=39%",SLC13A3/SLC15A2/ABCC5/GJA1,0.26166352171157314
GO:0042362,fat-soluble vitamin biosynthetic process,5,-0.879698567174183,-1.41836279008223,0.032482803488904824,0.6934792955735365,0.6934792955735365,299,"tags=20%, list=2%, signal=20%",SNAI2,0.3217759180753611
GO:2000725,regulation of cardiac muscle cell differentiation,11,-0.7558367479718957,-1.4182815324850035,0.04150943396226415,0.7017747420039213,0.7017747420039213,1390,"tags=27%, list=11%, signal=24%",FZD7/DLL1/MEF2C,0.24891111443470246
GO:0010883,regulation of lipid storage,35,-0.652814821115971,-1.4179402567937498,0.021144218973447104,0.5902197071908778,0.5902197071908778,2035,"tags=31%, list=15%, signal=27%",PTPN2/ITGB3/IKBKE/CD36/LPL/PLIN2/NR1H3/ACACB/PPARD/FBXW7/FTO,0.35248785758361917
GO:1904707,positive regulation of vascular associated smooth muscle cell proliferation,28,-0.6675088620135936,-1.417475610352888,0.018626971824044925,0.5786731013944569,0.5786731013944569,1003,"tags=29%, list=8%, signal=26%",RGCC/JAK2/EDN1/DDR2/GJA1/IGF1/FGF2/ADAMTS1,0.35248785758361917
GO:2000109,regulation of macrophage apoptotic process,7,-0.8232151271239168,-1.4166993687654326,0.04432855280312908,0.7181403223657223,0.71814032236572245,357,"tags=29%, list=3%, signal=28%",MEF2C/IRF7,0.24504178543099617
GO:0046054,dGMP metabolic process,6,-0.8573071712286854,-1.4165884181458128,0.04101838755304102,0.7017747420039213,0.7017747420039213,531,"tags=33%, list=4%, signal=32%",XDH/NT5C2,0.2663506570885256
GO:0050858,negative regulation of antigen receptor-mediated signaling pathway,29,-0.6555533023516188,-1.415324076673433,0.035948416870594566,0.7017747420039213,0.7017747420039213,2035,"tags=31%, list=15%, signal=26%",PTPN2/CD72/LILRB4/CD300A/THY1/LPXN/CEACAM1/PTPRJ/PRNP,0.3217759180753611
GO:0098693,regulation of synaptic vesicle cycle,13,-0.7418362632877378,-1.415094304578283,0.0392156862745098,0.7017747420039213,0.7017747420039213,1343,"tags=31%, list=10%, signal=28%",PRKAR1B/PLD1/LPAR1/PLS3,0.2529611230696109
GO:0072672,neutrophil extravasation,7,-0.8217897360906643,-1.4142463640640883,0.04563233376792699,0.7279793160860656,0.7279793160860656,2023,"tags=71%, list=15%, signal=60%",ADAM8/PIK3CD/PIK3CG/JAML/RIPOR2,0.24133997681509095
GO:1903412,response to bile acid,3,-0.9436919799117334,-1.413822413466052,0.022885715473050548,0.6097657955701751,0.609765795570175,744,"tags=100%, list=6%, signal=94%",DGKQ/VDR/ALAS1,0.35248785758361917
GO:0050709,negative regulation of protein secretion,38,-0.6423402058693518,-1.4134830572389532,0.015322820540839627,0.5432880756673137,0.5432880756673137,1985,"tags=34%, list=15%, signal=29%",IL1B/REST/CD200/PDE8B/PRKN/GNAO1/ADTRP/GNAZ/F2R/NR1H3/RHBDF2/PSMD9/DPH3,0.3807304007227924
GO:0019915,lipid storage,59,-0.6200007034348818,-1.4133887498799735,0.01066722680964599,0.5162733318745953,0.5162733318745953,2183,"tags=31%, list=17%, signal=26%",CIDEB/PTPN2/ITGB3/PLA2G4C/IKBKE/DGAT2/CD36/LDAH/LPL/PLIN2/RAB40C/NR1H3/CRY1/ACACB/PPARD/MOSPD2/FBXW7/FTO,0.3807304007227924
GO:0006449,regulation of translational termination,6,-0.8540807362260572,-1.4112571546150612,0.042432814710042434,0.7095918548045164,0.7095918548045165,649,"tags=33%, list=5%, signal=32%",OGFOD1/JMJD4,0.26166352171157314
GO:0030854,positive regulation of granulocyte differentiation,7,-0.8199350096055497,-1.4110545011425766,0.04563233376792699,0.7279793160860656,0.7279793160860656,463,"tags=29%, list=4%, signal=28%",EVI2B/TESC,0.24133997681509095
GO:0030534,adult behavior,35,-0.6495740460930024,-1.4109011620617653,0.0273972602739726,0.6419694262457812,0.6419694262457811,1488,"tags=31%, list=11%, signal=28%",NTF4/PRKN/TUBA1A/NRXN2/CHRNB1/NRXN1/NRXN3/NLGN4X/NLGN2/FGF2/MAPRE3,0.2820133500117251
GO:0050687,negative regulation of defense response to virus,13,-0.7396371336428791,-1.4108993413640598,0.0428921568627451,0.7105331886853101,0.7105331886853102,170,"tags=15%, list=1%, signal=15%",TARBP2/NT5C2,0.24133997681509095
GO:0035914,skeletal muscle cell differentiation,21,-0.6827551771888344,-1.4095132020270482,0.043721973094170405,0.7169339360918329,0.7169339360918328,2412,"tags=33%, list=18%, signal=27%",GPC1/KLHL41/MCUB/SIX4/S100B/MEF2C/MEGF10,0.22798720285044224
GO:0048710,regulation of astrocyte differentiation,12,-0.7573630727672738,-1.4093478944460278,0.03712871287128713,0.7017747420039213,0.7017747420039213,1618,"tags=33%, list=12%, signal=29%",CLCF1/NR1D1/NTRK3/SERPINE2,0.26166352171157314
GO:2000987,positive regulation of behavioral fear response,5,-0.8740311135675204,-1.409224994921293,0.03541352981234545,0.7017747420039213,0.7017747420039213,357,"tags=20%, list=3%, signal=19%",MEF2C,0.3217759180753611
GO:0046137,negative regulation of vitamin metabolic process,4,-0.9099407062680895,-1.4067556178848808,0.03632294069876519,0.7017747420039213,0.7017747420039213,1042,"tags=50%, list=8%, signal=46%",PRMT3/SNAI2,0.3217759180753611
GO:0051900,regulation of mitochondrial depolarization,13,-0.7371095500694178,-1.406077833847969,0.0428921568627451,0.7105331886853101,0.7105331886853102,34,"tags=8%, list=0%, signal=8%",ALB,0.24133997681509095
GO:0046148,pigment biosynthetic process,43,-0.6289469825485233,-1.405937441867722,0.030326684381004873,0.6791161122882088,0.6791161122882089,2834,"tags=30%, list=22%, signal=24%",RAPGEF2/TSPO/FECH/CTNS/SLC6A9/ZEB2/TMEM14B/COX10/TMEM14C/GPR143/ALAS1/MFSD12/ALB,0.35248785758361917
GO:0033194,response to hydroperoxide,11,-0.7492178479037639,-1.4058615704268156,0.04779874213836478,0.7309080814721365,0.7309080814721365,2930,"tags=45%, list=22%, signal=35%",SP1/CHUK/PRKCD/CD36/JAK2,0.2311267096738343
GO:0032963,collagen metabolic process,74,-0.6158954843389859,-1.4058473744858924,0.005729835183735581,0.5037025690944181,0.5037025690944181,2527,"tags=39%, list=19%, signal=32%",MMP14/NPPC/MMP17/VIM/CTSS/TMEM131/FAP/RCN3/VPS33B/WNT4/MMP11/P3H1/MMP16/VIPAS39/KLK6/CREB3L1/RGCC/F2R/PCOLCE/LARP6/P3H2/COL5A1/ERRFI1/COL1A1/INHBA/VSIR/DDR2/PEPD/PPARD,0.40701791892395395
GO:0014855,striated muscle cell proliferation,37,-0.6402597518363102,-1.4050670226754847,0.02139217889744275,0.5902197071908778,0.5902197071908778,1642,"tags=22%, list=12%, signal=19%",PIM1/TBX2/FES/JAK2/MEF2C/PPARD/FGF2/MEGF10,0.35248785758361917
GO:0098976,excitatory chemical synaptic transmission,3,-0.9375334340710412,-1.4045957904478685,0.02699687645117348,0.636276236825908,0.636276236825908,446,"tags=33%, list=3%, signal=32%",PDLIM4,0.35248785758361917
GO:0050829,defense response to Gram-negative bacterium,36,-0.635526024321885,-1.4044097974143297,0.029170999562827326,0.667196780006225,0.667196780006225,2605,"tags=42%, list=20%, signal=34%",GSDMD/APP/RNASE6/TNFRSF14/SERPINE1/F2RL1/SSC5D/SLC11A1/TFEB/RARRES2/MPEG1/DEFB1/HMGB2/RPS19/IGHM,0.35248785758361917
GO:0045987,positive regulation of smooth muscle contraction,12,-0.7544734450347584,-1.403970697026469,0.03712871287128713,0.7017747420039213,0.7017747420039213,2373,"tags=58%, list=18%, signal=48%",EDN3/CHRM3/F2R/KIT/EDN1/SPHK1/SRF,0.26166352171157314
GO:0007596,blood coagulation,146,-0.600678820665494,-1.4038618860882626,2.112742218554466e-4,0.3318802384428827,0.3318802384428827,2631,"tags=34%, list=20%, signal=28%",COL3A1/F7/KLKB1/PLEK/PRKCA/TFPI/F13A1/HBB/SAA1/CYP4F11/ITGB3/SERPINE1/F2RL1/PRRG1/EMILIN2/FAP/TLN1/PIK3CG/CD59/VPS33B/VAV1/ANGPTL2/PRKCD/ADTRP/WAS/UBASH3B/CD40/FLNA/CD36/RASA3/ITPK1/F2R/DGKE/ANGPTL4/DGKQ/FUNDC2/JAK2/SERPINE2/EDN1/CEACAM1/PLAUR/ENPP4/STXBP1/FBLN1/SH2B3/AXL/PTPRJ/PLSCR1/PDGFRA/RAP2B,0.5188480777437918
GO:0050817,coagulation,146,-0.600678820665494,-1.4038618860882626,2.112742218554466e-4,0.3318802384428827,0.3318802384428827,2631,"tags=34%, list=20%, signal=28%",COL3A1/F7/KLKB1/PLEK/PRKCA/TFPI/F13A1/HBB/SAA1/CYP4F11/ITGB3/SERPINE1/F2RL1/PRRG1/EMILIN2/FAP/TLN1/PIK3CG/CD59/VPS33B/VAV1/ANGPTL2/PRKCD/ADTRP/WAS/UBASH3B/CD40/FLNA/CD36/RASA3/ITPK1/F2R/DGKE/ANGPTL4/DGKQ/FUNDC2/JAK2/SERPINE2/EDN1/CEACAM1/PLAUR/ENPP4/STXBP1/FBLN1/SH2B3/AXL/PTPRJ/PLSCR1/PDGFRA/RAP2B,0.5188480777437918
GO:0061900,glial cell activation,37,-0.6394248202535681,-1.4032347431518435,0.022452924520964843,0.6030214014201987,0.6030214014201987,2694,"tags=41%, list=20%, signal=32%",CX3CL1/IL1R1/APP/IL1RAP/IFNGR1/IL1B/ITGAM/ZEB2/NR1D1/C5AR1/AGER/JAK2/SPHK1/IL33/CCL3,0.35248785758361917
GO:0000272,polysaccharide catabolic process,24,-0.6818960326037549,-1.4020626728982792,0.030542986425339366,0.6801914662877229,0.680191466287723,229,"tags=12%, list=2%, signal=12%",PHKA1/ATG2A/PHKG2,0.2765005992544716
GO:0009251,glucan catabolic process,24,-0.6818960326037549,-1.4020626728982792,0.030542986425339366,0.6801914662877229,0.680191466287723,229,"tags=12%, list=2%, signal=12%",PHKA1/ATG2A/PHKG2,0.2765005992544716
GO:0090036,regulation of protein kinase C signaling,5,-0.8692971110946625,-1.4015922293283833,0.039809626288799596,0.7017747420039213,0.7017747420039213,1325,"tags=60%, list=10%, signal=54%",CD40/AKAP12/DGKQ,0.3217759180753611
GO:1904645,response to amyloid-beta,37,-0.6383524561581302,-1.4008814116758612,0.023160088855324914,0.6110496450660868,0.6110496450660869,2363,"tags=38%, list=18%, signal=31%",APP/CDK5/LCN2/CACNB1/CD36/CACNA2D1/AGER/ICAM1/LGMN/BACE1/NGFR/GJA1/IGF1/PRNP,0.35248785758361917
GO:0170062,nutrient storage,60,-0.6181804468495284,-1.400737182258301,0.010636796591085181,0.5162733318745953,0.5162733318745953,2183,"tags=30%, list=17%, signal=25%",CIDEB/PTPN2/ITGB3/PLA2G4C/IKBKE/DGAT2/CD36/LDAH/LPL/PLIN2/RAB40C/NR1H3/CRY1/ACACB/PPARD/MOSPD2/FBXW7/FTO,0.3807304007227924
GO:0038162,erythropoietin-mediated signaling pathway,4,-0.9059879105429416,-1.400644650923628,0.04083192787023403,0.7017747420039213,0.7017747420039213,1161,"tags=75%, list=9%, signal=68%",EPOR/KIT/JAK2,0.3217759180753611
GO:0046548,retinal rod cell development,4,-0.905828481812795,-1.4003981763344147,0.04133292687300911,0.7017747420039213,0.7017747420039213,476,"tags=50%, list=4%, signal=48%",RPGRIP1L/RP1,0.3217759180753611
GO:2001015,negative regulation of skeletal muscle cell differentiation,5,-0.8682535176951707,-1.399909614281539,0.04029808187029754,0.7017747420039213,0.7017747420039213,1034,"tags=40%, list=8%, signal=37%",SIX4/S100B,0.3217759180753611
GO:1905208,negative regulation of cardiocyte differentiation,8,-0.8011588727871247,-1.3989920091719972,0.04980340760157274,0.7309080814721365,0.7309080814721365,1390,"tags=38%, list=11%, signal=34%",FZD7/DLL1/PRICKLE1,0.2311267096738343
GO:0039529,RIG-I signaling pathway,22,0.5010574491653588,1.3986323599069046,0.04817741004838859,0.7309080814721365,0.7309080814721365,3247,"tags=50%, list=25%, signal=38%",DHX58/ZCCHC3/UFD1/PHB2/DDX60/NOP53/C1QBP/RNF125/ANKRD17/NPLOC4/PUM2,0.3217759180753611
GO:0007599,hemostasis,150,-0.5962649223763963,-1.3980235051244858,1.9383359682685375e-4,0.3318802384428827,0.3318802384428827,2631,"tags=34%, list=20%, signal=28%",COL3A1/F7/KLKB1/PLEK/PRKCA/TFPI/F13A1/HBB/SAA1/CYP4F11/ITGB3/SERPINE1/F2RL1/PRRG1/EMILIN2/FAP/TLN1/PIK3CG/CD59/VPS33B/VAV1/ANGPTL2/PRKCD/ADTRP/WAS/UBASH3B/TPH1/CD40/FLNA/CD36/RASA3/ITPK1/F2R/DGKE/ANGPTL4/DGKQ/FUNDC2/JAK2/SERPINE2/EDN1/CEACAM1/PLAUR/ENPP4/STXBP1/FBLN1/SH2B3/AXL/PTPRJ/PLSCR1/PDGFRA/RAP2B,0.5188480777437918
GO:0031644,regulation of nervous system process,65,-0.6137555532042543,-1.3973763085311914,0.006191882603550467,0.5037025690944181,0.5037025690944181,3029,"tags=37%, list=23%, signal=29%",SOX10/ROCK2/CUX2/FMR1/NALCN/DAG1/APP/NPY2R/JAM2/FGF12/PRKN/STX1B/PRKAR1B/TPPP/NRXN1/ZFHX2/TNFRSF21/MTMR2/S100B/NLGN4X/NLGN2/DICER1/IGF1/CCL3,0.40701791892395395
GO:0001774,microglial cell activation,33,-0.6485996163809262,-1.396354187524433,0.029882604055496264,0.6720371250212764,0.6720371250212764,2694,"tags=42%, list=20%, signal=34%",CX3CL1/IL1R1/APP/IL1RAP/IFNGR1/IL1B/ITGAM/NR1D1/C5AR1/AGER/JAK2/SPHK1/IL33/CCL3,0.27128855468895297
GO:0002269,leukocyte activation involved in inflammatory response,33,-0.6485996163809262,-1.396354187524433,0.029882604055496264,0.6720371250212764,0.6720371250212764,2694,"tags=42%, list=20%, signal=34%",CX3CL1/IL1R1/APP/IL1RAP/IFNGR1/IL1B/ITGAM/NR1D1/C5AR1/AGER/JAK2/SPHK1/IL33/CCL3,0.27128855468895297
GO:0009151,purine deoxyribonucleotide metabolic process,15,-0.7096637798548596,-1.3955727498462194,0.036384976525821594,0.7017747420039213,0.7017747420039213,1461,"tags=33%, list=11%, signal=30%",DCK/PNP/NUDT15/XDH/NT5C2,0.25720646646883816
GO:0099068,postsynapse assembly,62,-0.6189561562153335,-1.3945803742871616,0.005992867247501528,0.5037025690944181,0.5037025690944181,2544,"tags=37%, list=19%, signal=30%",PTPRS/NECTIN3/IL1RAP/LRFN1/RTN4R/PPP1R9B/CYFIP2/MARK1/SEMA4C/ARHGEF9/ELMO1/NRXN2/MAP1B/LRFN4/NRXN1/NTRK3/LZTS1/NRXN3/PRICKLE1/NUMBL/NLGN2/DOCK10/UBE2M,0.40701791892395395
GO:0002536,respiratory burst involved in inflammatory response,3,-0.9307299676057466,-1.3944029589067994,0.03376088483273002,0.6975686513374956,0.6975686513374956,184,"tags=33%, list=1%, signal=33%",RPS19,0.3217759180753611
GO:0060264,regulation of respiratory burst involved in inflammatory response,3,-0.9307299676057466,-1.3944029589067994,0.03376088483273002,0.6975686513374956,0.6975686513374956,184,"tags=33%, list=1%, signal=33%",RPS19,0.3217759180753611
GO:0071901,negative regulation of protein serine/threonine kinase activity,25,-0.6582484604585087,-1.3929740249024811,0.036954087346024636,0.7017747420039213,0.7017747420039213,1552,"tags=28%, list=12%, signal=25%",CD300A/PAQR3/LATS2/TFAP4/PTPRJ/RGS14/STK38,0.24891111443470246
GO:0007519,skeletal muscle tissue development,55,-0.6132817770357297,-1.3929466163420272,0.01780428573349013,0.5683282302611007,0.5683282302611007,2511,"tags=33%, list=19%, signal=27%",CFL2/GPC1/RYR1/CNTNAP1/HDAC9/COL6A1/SHOX2/KLHL41/MYORG/MCUB/SIX4/RCAN1/DLL1/S100B/MEF2C/MYL6B/CAV2/MEGF10,0.35248785758361917
GO:0001553,luteinization,3,-0.9295837445771027,-1.3926857081054531,0.03538137352816738,0.7017747420039213,0.7017747420039213,653,"tags=67%, list=5%, signal=63%",INHBA/PDGFRA,0.3217759180753611
GO:0060368,regulation of Fc receptor mediated stimulatory signaling pathway,10,-0.7616316458571185,-1.3918904719704506,0.03884711779448621,0.7017747420039213,0.7017747420039213,363,"tags=20%, list=3%, signal=19%",PTPRJ/PLSCR1,0.25720646646883816
GO:0006204,IMP catabolic process,4,-0.9002868746124096,-1.3918309290318673,0.04078549848942598,0.7017747420039213,0.7017747420039213,1099,"tags=75%, list=8%, signal=69%",PNP/XDH/NT5C2,0.2765005992544716
GO:0030318,melanocyte differentiation,10,-0.7613852751471379,-1.391440226703385,0.03884711779448621,0.7017747420039213,0.7017747420039213,2049,"tags=50%, list=16%, signal=42%",EDNRB/ZEB2/MITF/KIT/MEF2C,0.25720646646883816
GO:0045780,positive regulation of bone resorption,10,-0.7613029700136734,-1.3912898131383937,0.03884711779448621,0.7017747420039213,0.7017747420039213,2852,"tags=70%, list=22%, signal=55%",SYK/PRKCA/ADAM8/ITGB3/TNFRSF11A/PLEKHM1/SPP1,0.25720646646883816
GO:0060538,skeletal muscle organ development,62,-0.6174169914320445,-1.3911124566034705,0.006430295309023475,0.5037025690944181,0.5037025690944181,2511,"tags=35%, list=19%, signal=29%",CFL2/DAG1/GPC1/RYR1/CNTNAP1/HDAC9/COL6A1/SHOX2/KLHL41/BASP1/MYORG/MCUB/STRA6/SIX4/RCAN1/DLL1/S100B/LARGE1/MEF2C/MYL6B/CAV2/MEGF10,0.40701791892395395
GO:0051882,mitochondrial depolarization,16,-0.7010135271912932,-1.3909995750531703,0.049596309111880045,0.7309080814721365,0.7309080814721365,34,"tags=6%, list=0%, signal=6%",ALB,0.2165428367353482
GO:0046130,purine ribonucleoside catabolic process,4,-0.8984913827210954,-1.3890551236551278,0.04078549848942598,0.7017747420039213,0.7017747420039213,1099,"tags=75%, list=8%, signal=69%",PNP/XDH/ENPP4,0.2765005992544716
GO:0030282,bone mineralization,70,-0.6059063682863006,-1.3879768668431658,0.007347469681151982,0.5037025690944181,0.5037025690944181,879,"tags=23%, list=7%, signal=21%",RFLNA/SGMS2/ADGRG6/PRICKLE1/MGP/SBDS/OSR1/GPM6B/MEF2C/DDR2/VDR/IGF1/LGR4/ZBTB40/SPP1/CCL3,0.40701791892395395
GO:0035773,insulin secretion involved in cellular response to glucose stimulus,41,-0.6292005546640601,-1.3877289790523204,0.02821316614420063,0.6531997414350356,0.6531997414350356,1744,"tags=20%, list=13%, signal=17%",PDE8B/PRKN/NR1D1/ADCY5/GPLD1/CACNA2D1/PPARD/OXCT1,0.2765005992544716
GO:0048148,behavioral response to cocaine,5,-0.860602413225068,-1.387573522933471,0.049090292636668365,0.7309080814721365,0.7309080814721365,199,"tags=20%, list=2%, signal=20%",MAPRE3,0.3217759180753611
GO:1900451,positive regulation of glutamate receptor signaling pathway,4,-0.8967600951302281,-1.3863785772297947,0.04229607250755287,0.7095918548045164,0.7095918548045165,201,"tags=25%, list=2%, signal=25%",PRNP,0.27128855468895297
GO:0046877,regulation of saliva secretion,3,-0.9250824191129234,-1.3859419029581874,0.03970268329715336,0.7017747420039213,0.7017747420039213,289,"tags=33%, list=2%, signal=33%",FGF10,0.3217759180753611
GO:0051048,negative regulation of secretion,93,-0.5945543958182616,-1.3842343243015791,0.007322569105986141,0.5037025690944181,0.5037025690944181,2833,"tags=37%, list=22%, signal=29%",KCNB1/SERGEF/FMR1/TSPO/EGF/PLA2R1/IL11/NPY2R/CDK5/IL1B/LILRB1/REST/ANXA1/CD200/PDE8B/CD300A/PRKN/GNAO1/ADTRP/GNAZ/LIF/VPS4B/F2R/INHBA/EDN1/CEACAM1/NR1H3/RHBDF2/ACSL4/CRY1/PSMD9/GJA1/WDR41/DPH3,0.40701791892395395
GO:0002761,regulation of myeloid leukocyte differentiation,76,-0.6015715641154354,-1.3841609109019444,0.007554472978751611,0.5037025690944181,0.5037025690944181,2405,"tags=34%, list=18%, signal=28%",PRKCA/TNFAIP6/LRRC17/PTPN2/ZFP36L1/C1QC/LILRB1/TLR3/PPARGC1B/LILRB4/FBN1/UBASH3B/TNFRSF11A/CSF1/LIF/FES/DUSP18/INHBA/IL34/CEACAM1/TMEM178A/EVI2B/TESC/IRF7/FBXW7/CCL3,0.40701791892395395
GO:0099084,postsynaptic specialization organization,38,-0.6287706220207435,-1.383622904179046,0.035789473684210524,0.7017747420039213,0.7017747420039213,2544,"tags=39%, list=19%, signal=32%",PTPRS/CNKSR2/IL1RAP/CNTNAP1/LRFN1/ITGB3/ARHGEF9/NRXN2/LRFN4/NRXN1/NTRK3/NRXN3/PRICKLE1/OPHN1/NLGN2,0.24504178543099617
GO:0051149,positive regulation of muscle cell differentiation,43,-0.6189166669961963,-1.3835158442131428,0.041113289827592304,0.7017747420039213,0.7017747420039213,2191,"tags=30%, list=17%, signal=25%",CAMK1/LAMA1/SHOX2/MAPK11/NID1/AKAP6/MESP1/KIT/EFEMP2/EDN1/MEF2C/IGF1/LAMA2,0.3217759180753611
GO:0015718,monocarboxylic acid transport,93,-0.5940274051955501,-1.3830073911333558,0.007579498476191179,0.5037025690944181,0.5037025690944181,1260,"tags=20%, list=10%, signal=19%",SLC16A7/CD36/TNFRSF11A/ACE/RBP7/AKT2/EDN1/CEACAM1/SLC16A3/SLC16A4/CRABP1/EMB/ACSL4/SLCO3A1/PPARD/SLC43A3/SLC16A2/ABCC3/CRABP2,0.40701791892395395
GO:0061326,renal tubule development,54,-0.6167925076924967,-1.3827353315619788,0.013563052128152453,0.5346848531074662,0.5346848531074662,1065,"tags=20%, list=8%, signal=19%",LIF/SIX4/DLL1/FGF1/PRICKLE1/OSR1/MEF2C/COL4A1/FGF2/LGR4/IRX1,0.3807304007227924
GO:0015727,lactate transport,4,-0.8943349277164857,-1.382629302293425,0.04833836858006042,0.7309080814721365,0.7309080814721365,1260,"tags=75%, list=10%, signal=68%",SLC16A7/SLC16A3/EMB,0.2529611230696109
GO:0035873,lactate transmembrane transport,4,-0.8943349277164857,-1.382629302293425,0.04833836858006042,0.7309080814721365,0.7309080814721365,1260,"tags=75%, list=10%, signal=68%",SLC16A7/SLC16A3/EMB,0.2529611230696109
GO:0048548,regulation of pinocytosis,12,-0.7429291967907955,-1.3824884482337676,0.04579207920792079,0.7279793160860656,0.7279793160860656,1385,"tags=33%, list=11%, signal=30%",STX1B/CLN3/NR1H3/AXL,0.23439264729468612
GO:0032354,response to follicle-stimulating hormone,10,-0.7560921137399133,-1.3817669141914994,0.042606516290726815,0.7101671705035786,0.7101671705035785,653,"tags=40%, list=5%, signal=38%",INHBA/EDN1/POR/GCLM,0.24504178543099617
GO:1900272,negative regulation of long-term synaptic potentiation,12,-0.7423770649449934,-1.3814610072582068,0.04579207920792079,0.7279793160860656,0.7279793160860656,2492,"tags=42%, list=19%, signal=34%",PTN/APP/FAM107A/AGER/PRNP,0.23439264729468612
GO:2000503,positive regulation of natural killer cell chemotaxis,2,-0.9942026705579771,-1.381238705209338,0.0025456073804389482,0.4378444694354991,0.4378444694354991,45,"tags=50%, list=0%, signal=50%",CCL3,0.4317076958033464
GO:0042440,pigment metabolic process,54,-0.615458248655375,-1.3797441682630176,0.013908602981676562,0.5346848531074662,0.5346848531074662,2834,"tags=28%, list=22%, signal=22%",RAPGEF2/TSPO/FECH/CTNS/SLC6A9/ZEB2/TMEM14B/COX10/TMEM14C/GPR143/SLC48A1/ALAS1/BDH2/MFSD12/ALB,0.3807304007227924
GO:0070873,regulation of glycogen metabolic process,23,-0.6596735543312912,-1.3782367773556294,0.04888888888888889,0.7309080814721365,0.7309080814721365,629,"tags=22%, list=5%, signal=21%",AKT2/DYRK2/IGF1/PHKA1/PHKG2,0.21392785549235627
GO:0048814,regulation of dendrite morphogenesis,46,-0.6211912480000584,-1.3780900675431622,0.017507918710990892,0.5641171042028299,0.5641171042028298,1979,"tags=22%, list=15%, signal=19%",ARMCX5-GPRASP2/GORASP1/LRP8/CAMK2B/HECW2/LZTS1/NUMBL/MAPRE3/KCTD12/SDC2,0.35248785758361917
GO:0099557,"trans-synaptic signaling by trans-synaptic complex, modulating synaptic transmission",3,-0.9194947496575864,-1.3775705567105123,0.044024000407320726,0.7181403223657223,0.71814032236572245,1062,"tags=100%, list=8%, signal=92%",NRXN1/NRXN3/EFNB3,0.3217759180753611
GO:0090385,phagosome-lysosome fusion,10,-0.7536267680603607,-1.3772614669977696,0.047619047619047616,0.7309080814721365,0.7309080814721365,1596,"tags=40%, list=12%, signal=35%",VPS33B/VIPAS39/CLN3/TMEM175,0.2311267096738343
GO:0099024,plasma membrane invagination,43,-0.6156711829542767,-1.3762609441052995,0.045950039602449824,0.7279793160860656,0.7279793160860656,2280,"tags=28%, list=17%, signal=23%",SPIRE1/CLCN2/ITGAM/F2RL1/ELMO1/CD300A/CD36/ARHGAP25/XKR6/ALKBH4/GULP1/MEGF10,0.3217759180753611
GO:0086002,cardiac muscle cell action potential involved in contraction,36,-0.6227279418316435,-1.376128103589769,0.03837953091684435,0.7017747420039213,0.7017747420039213,1663,"tags=31%, list=13%, signal=27%",KCNQ1/FGF12/ANK2/FLNA/SCN3A/CACNA2D1/SCN8A/CACNA1C/GJA1/KCNE4/SCN7A,0.2377938344236881
GO:0042454,ribonucleoside catabolic process,5,-0.8534705163042096,-1.3760745645485077,0.041237113402061855,0.7017747420039213,0.7017747420039213,1099,"tags=60%, list=8%, signal=55%",PNP/XDH/ENPP4,0.27128855468895297
GO:0070782,phosphatidylserine exposure on apoptotic cell surface,4,-0.8899968608271579,-1.375922711495492,0.04984894259818731,0.7309080814721365,0.7309080814721365,999,"tags=50%, list=8%, signal=46%",XKR6/PLSCR1,0.24891111443470246
GO:0071711,basement membrane organization,25,-0.6500086278255854,-1.3755370333761952,0.04591265397536394,0.7279793160860656,0.7279793160860656,2631,"tags=44%, list=20%, signal=35%",COL3A1/DAG1/HMCN1/LAMA1/CTSS/NID1/FLRT2/PRICKLE1/PXDN/COL4A1/LAMA2,0.2220560461452484
GO:0001829,trophectodermal cell differentiation,5,-0.8528707993482331,-1.3751076240001436,0.041237113402061855,0.7017747420039213,0.7017747420039213,83,"tags=20%, list=1%, signal=20%",SRF,0.27128855468895297
GO:0045685,regulation of glial cell differentiation,34,-0.6317898184875292,-1.3748524594463762,0.04658721560130011,0.7309080814721365,0.7309080814721365,2492,"tags=35%, list=19%, signal=29%",PTN/DAG1/DAAM2/CLCN2/CLCF1/NR1D1/NTRK3/TNFRSF21/SERPINE2/IL34/PTPRZ1/DICER1,0.2165428367353482
GO:0060986,endocrine hormone secretion,27,-0.653041503984902,-1.3745226233874142,0.03594771241830065,0.7017747420039213,0.7017747420039213,1985,"tags=33%, list=15%, signal=28%",IL1B/KCNQ1/NIBAN2/INHBA/ECRG4/CRY1/GJA1/C1QTNF3/SPP1,0.24891111443470246
GO:0030278,regulation of ossification,72,-0.5985584021909734,-1.3730258314136887,0.009823830977397403,0.5037025690944181,0.5037025690944181,2794,"tags=29%, list=21%, signal=23%",TXLNG/ADGRV1/SFRP1/SETD2/CCN1/PTN/P2RX7/RFLNB/BMP7/WNT4/KREMEN1/RFLNA/SGMS2/ADGRG6/MGP/OSR1/GPM6B/MEF2C/DDR2/VDR/CCL3,0.3807304007227924
GO:0030656,regulation of vitamin metabolic process,5,-0.8513772384902847,-1.3726995137397824,0.044182621502209134,0.7181403223657223,0.71814032236572245,1042,"tags=40%, list=8%, signal=37%",PRMT3/SNAI2,0.26166352171157314
GO:0006688,glycosphingolipid biosynthetic process,37,-0.6254766704804268,-1.3726251581867248,0.031982942430703626,0.6894669509594883,0.6894669509594883,2311,"tags=41%, list=18%, signal=34%",FUT4/A4GALT/ST3GAL2/B4GALT6/FA2H/ST6GALNAC5/ST8SIA2/ST8SIA1/ST3GAL5/FUT1/ST8SIA4/ST6GALNAC4/B3GNT5/LARGE1/B3GALNT1,0.26166352171157314
GO:0050654,chondroitin sulfate proteoglycan metabolic process,24,-0.6674176965242471,-1.3722934212643574,0.04411764705882353,0.7181403223657223,0.71814032236572245,820,"tags=21%, list=6%, signal=20%",DSEL/CSGALNACT2/B4GALT7/CSGALNACT1/CHST3,0.22798720285044224
GO:2000543,positive regulation of gastrulation,3,-0.9151960950030142,-1.3711303893383653,0.04071661237785016,0.7017747420039213,0.7017747420039213,470,"tags=33%, list=4%, signal=32%",OSR1,0.2878571172551493
GO:0043299,leukocyte degranulation,49,-0.6040377293857465,-1.3661748436962087,0.032989690721649485,0.6954141641641641,0.6954141641641641,3019,"tags=47%, list=23%, signal=36%",SNX4/SPHK2/SYK/GATA2/RAC2/CD160/HCK/FGR/ADORA3/PIK3CD/ITGAM/F2RL1/PIK3CG/LAT2/GNAI1/CD300A/KIT/FES/GAB2/CEACAM1/STXBP1/ANXA3/CCL3,0.2529611230696109
GO:0060054,positive regulation of epithelial cell proliferation involved in wound healing,5,-0.8465714393262562,-1.3649509883184416,0.047128129602356406,0.7309080814721365,0.7309080814721365,1390,"tags=60%, list=11%, signal=54%",FZD7/JAML/FGF10,0.2529611230696109
GO:0014003,oligodendrocyte development,25,-0.6445796613060688,-1.3640483481789911,0.04927211646136618,0.7309080814721365,0.7309080814721365,3064,"tags=60%, list=23%, signal=46%",EIF2B5/SOX10/ABCA2/EIF2B1/CNTNAP1/B4GALT6/CFH/PLP1/CNTN1/TPPP/EIF2B3/EIF2B2/LPAR1/NSUN5/GPM6B,0.21392785549235627
GO:0006687,glycosphingolipid metabolic process,55,-0.6001688397000541,-1.36316320784044,0.027607361963190184,0.6431640176093067,0.6431640176093067,2311,"tags=33%, list=18%, signal=27%",FUT4/A4GALT/ST3GAL2/B4GALT6/FA2H/ST6GALNAC5/ST8SIA2/ST8SIA1/ST3GAL5/FUT1/PRKCD/ST8SIA4/ST6GALNAC4/B3GNT5/LARGE1/B3GALNT1/SMPD1/HEXA,0.2765005992544716
GO:0097106,postsynaptic density organization,32,-0.625827815587188,-1.362049352646819,0.04608788853161844,0.7279793160860656,0.7279793160860656,2544,"tags=41%, list=19%, signal=33%",PTPRS/IL1RAP/CNTNAP1/LRFN1/ITGB3/NRXN2/LRFN4/NRXN1/NTRK3/NRXN3/PRICKLE1/OPHN1/NLGN2,0.2165428367353482
GO:0072009,nephron epithelium development,64,-0.5930465732333705,-1.3611776955946762,0.024511505344120853,0.6170182677030657,0.6170182677030657,2134,"tags=28%, list=16%, signal=24%",KIF26B/IQGAP1/KLHL3/BASP1/LIF/SIX4/ASXL1/DLL1/FGF1/CD34/MYO1E/EDN1/OSR1/MEF2C/FGF2/LGR4/IRX1/PODXL,0.35248785758361917
GO:1901568,fatty acid derivative metabolic process,53,-0.6048035402392857,-1.3602064157216884,0.026157144697724,0.6304906658680244,0.6304906658680244,2124,"tags=21%, list=16%, signal=17%",ACOT7/PAM/HMGCLL1/DGAT2/HACD1/TECR/ADHFE1/ACSF3/ACSL4/ELOVL6/OXCT1,0.35248785758361917
GO:0046887,positive regulation of hormone secretion,77,-0.5902384152901456,-1.36001967627203,0.013056639307816767,0.530401367660255,0.530401367660255,1485,"tags=22%, list=11%, signal=20%",PRKN/GPLD1/ILDR1/CACNA2D1/CAPN10/JAK2/INHBA/EDN1/HFE/NLGN2/ECRG4/ACSL4/PSMD9/C1QTNF3/PPARD/SPP1/OXCT1,0.3807304007227924
GO:0007272,ensheathment of neurons,88,-0.5915943602991658,-1.3595284348679022,0.00546033152247574,0.5037025690944181,0.5037025690944181,2492,"tags=34%, list=19%, signal=28%",PTN/DAG1/GPC1/PMP22/CNTNAP1/TMEM163/JAM2/B4GALT6/CFH/ACER3/PLP1/CNTN1/PRX/ANK2/TPPP/KLK6/EIF2B2/TNFRSF21/ADGRG6/S100B/SCN8A/LPAR1/NSUN5/GPM6B/PTPRZ1/DICER1/MAPK3/PPARD/IGF1/NFASC,0.40701791892395395
GO:0008366,axon ensheathment,88,-0.5915943602991658,-1.3595284348679022,0.00546033152247574,0.5037025690944181,0.5037025690944181,2492,"tags=34%, list=19%, signal=28%",PTN/DAG1/GPC1/PMP22/CNTNAP1/TMEM163/JAM2/B4GALT6/CFH/ACER3/PLP1/CNTN1/PRX/ANK2/TPPP/KLK6/EIF2B2/TNFRSF21/ADGRG6/S100B/SCN8A/LPAR1/NSUN5/GPM6B/PTPRZ1/DICER1/MAPK3/PPARD/IGF1/NFASC,0.40701791892395395
GO:0030858,positive regulation of epithelial cell differentiation,37,-0.619381231989949,-1.3592485566009567,0.03731343283582089,0.7017747420039213,0.7017747420039213,2210,"tags=24%, list=17%, signal=20%",TRIM16/SERPINE1/ZEB2/SFRP4/MESP1/LIF/VDR/FGF2/SFN,0.24133997681509095
GO:0070167,regulation of biomineral tissue development,66,-0.5938498663943264,-1.3587895496789826,0.01928299852043771,0.5838343072629903,0.5838343072629903,2957,"tags=32%, list=22%, signal=25%",ROCK2/TXLNG/ADGRV1/ASPN/CCN1/WNT6/PTN/P2RX7/RFLNB/BMP7/WNT4/RFLNA/SGMS2/ADGRG6/MGP/OSR1/GPM6B/MEF2C/DDR2/VDR/CCL3,0.35248785758361917
GO:0098528,skeletal muscle fiber differentiation,3,-0.9062808980833267,-1.3577738010724603,0.04071661237785016,0.7017747420039213,0.7017747420039213,1034,"tags=33%, list=8%, signal=31%",SIX4,0.2878571172551493
GO:0050918,positive chemotaxis,44,-0.6137218668128265,-1.3542377109279677,0.02620545073375262,0.6304906658680244,0.6304906658680244,2797,"tags=36%, list=21%, signal=29%",CXCL10/CX3CL1/F7/APP/IL16/PGF/HGF/F2RL1/ALKBH1/CDH13/NTRK3/PTPRJ/FGF10/HMGB2/FGF2/CCL3,0.2878571172551493
GO:0042168,heme metabolic process,37,-0.6163191491531087,-1.3525287345249863,0.039445628997867806,0.7017747420039213,0.7017747420039213,2607,"tags=27%, list=20%, signal=22%",TSPO/FECH/SLC6A9/TMEM14B/COX10/TMEM14C/SLC48A1/ALAS1/BDH2/ALB,0.23439264729468612
GO:0006518,peptide metabolic process,43,-0.6044195577627817,-1.3511092515500935,0.03276955602536998,0.6934792955735365,0.6934792955735365,1172,"tags=21%, list=9%, signal=19%",CPE/ACE/PCSK5/ERAP2/KLK7/BDH2/KLK5/GCLM/ANPEP,0.25720646646883816
GO:0021782,glial cell development,71,-0.586178170728622,-1.3509607492260371,0.021252112210560066,0.5902197071908778,0.5902197071908778,3152,"tags=42%, list=24%, signal=32%",RAF1/EIF2B5/SOX10/ABCA2/MXRA8/EIF2B1/DAG1/APP/CNTNAP1/IFNGR1/B4GALT6/CFH/PLP1/CNTN1/ZEB2/NR1D1/TLR2/PRX/TPPP/C5AR1/AGER/EIF2B3/DLL1/EIF2B2/ADGRG6/LPAR1/NSUN5/GPM6B/DICER1/MAPK3,0.35248785758361917
GO:0048708,astrocyte differentiation,33,-0.6270020070704327,-1.3498572247764433,0.04695837780149413,0.7309080814721365,0.7309080814721365,2363,"tags=33%, list=18%, signal=27%",APP/IFNGR1/CLCF1/ZEB2/NR1D1/C5AR1/AGER/DLL1/NTRK3/S100B/SERPINE2,0.21392785549235627
GO:0098815,modulation of excitatory postsynaptic potential,28,-0.6354460979373984,-1.349389344140021,0.04362050163576881,0.7167238520803965,0.7167238520803966,1485,"tags=25%, list=11%, signal=22%",PRKN/STX1B/PRKAR1B/NRXN1/MTMR2/NLGN4X/NLGN2,0.22496609354031377
GO:0045682,regulation of epidermis development,37,-0.614648744161947,-1.3488629864268709,0.04157782515991471,0.7017747420039213,0.7017747420039213,2210,"tags=27%, list=17%, signal=23%",TRIM16/ZFP36L1/SFRP4/DLL1/ERRFI1/EXTL3/SGPP1/VDR/PPARD/SFN,0.22798720285044224
GO:0014823,response to activity,48,-0.6030714846719655,-1.3486850404629178,0.0389344262295082,0.7017747420039213,0.7017747420039213,2763,"tags=27%, list=21%, signal=21%",PIK3CA/RBP4/CAPN3/PERM1/ITGB3/PRKN/RARRES2/EDN1/CRY1/PPARD/GCLM/CAB39/OXCT1,0.2311267096738343
GO:1903034,regulation of response to wounding,112,-0.5759163221301582,-1.347992536848767,0.004367259466713402,0.4707323403854819,0.4707323403854819,3173,"tags=36%, list=24%, signal=27%",PROS1/DMTN/SERPING1/SLC12A2/KANK1/STK24/DSC2/F7/PTPRS/DUOX1/PTN/KLKB1/TFPI/RTN4R/SERPINE1/F2RL1/ANXA1/EMILIN2/FAP/WNT4/PRKCD/ADTRP/CD36/KREMEN1/F2R/CD109/RGMA/EXTL3/SERPINE2/EDN1/CEACAM1/PLAUR/ENPP4/IL33/SH2B3/DDR2/EPPK1/FGF2/PDGFRA/SPP1,0.40701791892395395
GO:0061333,renal tubule morphogenesis,38,-0.6125540793739557,-1.3479380629239281,0.04842105263157895,0.7309080814721365,0.7309080814721365,1034,"tags=21%, list=8%, signal=19%",SIX4/FGF1/OSR1/MEF2C/COL4A1/FGF2/LGR4/IRX1,0.2089550275493539
GO:0006909,phagocytosis,154,-0.5750430241032407,-1.3479095011355937,0.0014384474236087345,0.42055503512029624,0.4205550351202963,1961,"tags=25%, list=15%, signal=21%",CLCN2/ITGAM/ITGB3/F2RL1/ANXA1/IL15RA/ELMO1/VPS33B/VAV1/CD300A/DOCK2/PRKCD/TLR2/SLC11A1/VIPAS39/CLN3/CD36/CD93/AGER/ITGAL/ARHGAP25/XKR6/GULP1/SPHK1/CD14/NR1H3/AXL/PTPRJ/SLC48A1/ARAP1/PLD2/PLSCR1/IL2RB/ANXA3/TMEM175/MERTK/TGM2/MEGF10,0.45505986738722953
GO:0006778,porphyrin-containing compound metabolic process,39,-0.6049001635412609,-1.3464336740675311,0.04153686396677051,0.7017747420039213,0.7017747420039213,2607,"tags=26%, list=20%, signal=21%",TSPO/FECH/SLC6A9/TMEM14B/COX10/TMEM14C/SLC48A1/ALAS1/BDH2/ALB,0.22496609354031377
GO:0045445,myoblast differentiation,77,-0.5841292368318681,-1.3459429867616899,0.016470096212920067,0.5547677407718575,0.5547677407718576,3432,"tags=42%, list=26%, signal=31%",SOX4/ARID1B/DDX5/RB1/SRA1/NRG1/KAT5/MBNL1/IFRD1/EPAS1/DDIT3/CAPN3/DPF3/ZFP36L1/KLHL41/REST/EID2B/SOSTDC1/ID3/PLEKHM3/TBX2/IGFBP3/FLOT2/RANBP3L/DLL1/RIPOR2/PRICKLE1/MEF2C/PPARD/IGF1/SRF/MEGF10,0.35248785758361917
GO:0030168,platelet activation,88,-0.585164207271996,-1.3447514585009057,0.007524042070478693,0.5037025690944181,0.5037025690944181,1880,"tags=30%, list=14%, signal=25%",SAA1/ITGB3/EMILIN2/TLN1/PIK3CG/VPS33B/VAV1/PRKCD/UBASH3B/CD40/FLNA/RASA3/F2R/DGKE/DGKQ/FUNDC2/JAK2/SERPINE2/CEACAM1/STXBP1/SH2B3/AXL/PTPRJ/PLSCR1/PDGFRA/RAP2B,0.40701791892395395
GO:0045670,regulation of osteoclast differentiation,39,-0.6041255921647419,-1.3447095730552112,0.04153686396677051,0.7017747420039213,0.7017747420039213,2403,"tags=36%, list=18%, signal=29%",TNFAIP6/LRRC17/LILRB1/TLR3/PPARGC1B/LILRB4/FBN1/UBASH3B/TNFRSF11A/CSF1/DUSP18/TMEM178A/FBXW7/CCL3,0.22496609354031377
GO:0030199,collagen fibril organization,52,-0.5956654212084764,-1.344471731306646,0.03699897225077081,0.7017747420039213,0.7017747420039213,1623,"tags=27%, list=12%, signal=24%",LOXL4/FBN1/COL4A5/COL4A6/LUM/COLGALT1/COL5A1/EFEMP2/COL1A1/PXDN/CRTAP/COL7A1/DDR2/COL4A1,0.2377938344236881
GO:0042552,myelination,87,-0.5819334071867289,-1.3444458281172955,0.01672662173665037,0.5600435938105217,0.5600435938105218,2492,"tags=33%, list=19%, signal=27%",PTN/DAG1/GPC1/PMP22/CNTNAP1/TMEM163/JAM2/B4GALT6/CFH/ACER3/PLP1/CNTN1/PRX/ANK2/TPPP/KLK6/EIF2B2/TNFRSF21/ADGRG6/S100B/SCN8A/LPAR1/NSUN5/GPM6B/PTPRZ1/DICER1/MAPK3/IGF1/NFASC,0.35248785758361917
GO:0060556,regulation of vitamin D biosynthetic process,2,-0.9676412901668286,-1.3443371681822325,0.03126138500422504,0.6867009862950102,0.6867009862950102,299,"tags=50%, list=2%, signal=49%",SNAI2,0.3217759180753611
GO:0015908,fatty acid transport,62,-0.5953995435497719,-1.341504579857794,0.031762295081967214,0.6894669509594883,0.6894669509594883,2948,"tags=31%, list=22%, signal=24%",EPRS1/SYK/RBP5/PLA2R1/SLC27A6/IL1B/SLCO2A1/CD36/TNFRSF11A/ACE/RBP7/AKT2/EDN1/CRABP1/ACSL4/SLCO3A1/PPARD/SLC43A3/CRABP2,0.25720646646883816
GO:2000851,positive regulation of glucocorticoid secretion,2,-0.9642960336556851,-1.3396896270833416,0.034834012251287204,0.7017103575902638,0.7017103575902639,410,"tags=50%, list=3%, signal=48%",ECRG4,0.3217759180753611
GO:0070371,ERK1 and ERK2 cascade,186,-0.5686070620117077,-1.3356808472762225,0.001570211147979514,0.42055503512029624,0.4205550351202963,2852,"tags=33%, list=22%, signal=26%",SYK/ZFP36L2/ACTA2/RAPGEF2/CCN2/KARS1/CX3CL1/HAVCR2/LMO3/SPRED3/CCN1/EGF/PRKCA/FLT4/APP/SEMA6A/SPRED1/TIRAP/PTPN2/IL1B/ZFP36L1/TNFRSF14/RPS6KA6/ITGB3/F2RL1/PDE8B/CNKSR3/SCIMP/NAMPT/C5AR1/CD36/TNFRSF11A/AGER/GLIPR2/NRXN1/F2R/FGF1/AKAP12/MAP2K7/ICAM1/ERRFI1/INHBA/EDN1/CEACAM1/DNAJC27/FBLN1/MAP3K12/DDR2/FGF10/MAPK3/RGS14/WNK2/IGF1/CHI3L1/FGF2/PDGFRA/FBXW7/TRAF7/DENND2B/SYNJ2BP/CCL3,0.45505986738722953
GO:0032835,glomerulus development,44,-0.6050881042884301,-1.3351864640521576,0.03773584905660377,0.7017747420039213,0.7017747420039213,2133,"tags=32%, list=16%, signal=27%",IQGAP1/BMP7/ITGB3/PLCE1/BASP1/ASXL1/CD34/MYO1E/EDN1/OSR1/MEF2C/PDGFRA/LGR4/PODXL,0.2377938344236881
GO:0006906,vesicle fusion,104,-0.5727040002735474,-1.329652102177621,0.006538664981068747,0.5037025690944181,0.5037025690944181,2203,"tags=26%, list=17%, signal=22%",STX10/ERC2/NKD2/STX2/VPS16/ANXA1/ANXA2/CHMP6/VPS33B/TSNARE1/STX1B/VIPAS39/CLN3/RAB4B/VAMP1/PLEKHM1/SNAP47/BET1/RUBCNL/CHMP5/SPHK1/STXBP1/VPS18/VTI1B/CAV2/PIP4K2B/TMEM175,0.40701791892395395
GO:1903305,regulation of regulated secretory pathway,77,-0.5767325926158131,-1.328899735404908,0.026069058236379446,0.6304906658680244,0.6304906658680244,3019,"tags=35%, list=23%, signal=27%",SNX4/FBXL20/SPHK2/SYK/KCNB1/GATA2/RAC2/FMR1/CD160/RAB27A/FGR/ADORA3/CDK5/RIMS3/ITGAM/REST/F2RL1/CD300A/FES/PRKCB/SCAMP5/GAB2/CEACAM1/STXBP1/VPS18/SLC4A8/MICAL1,0.35248785758361917
GO:0048278,vesicle docking,51,-0.5963451211775421,-1.3288755626589854,0.0392156862745098,0.7017747420039213,0.7017747420039213,3028,"tags=31%, list=23%, signal=24%",STX16/RABEPK/KCNB1/PLEK/STX10/STX2/RIMS3/EXOC2/TSNARE1/STX1B/CLN3/SNPH/STXBP1/VPS18/VTI1B/CAV2,0.2311267096738343
GO:0007612,learning,58,-0.5853917447327139,-1.3287731910415312,0.03268641470888662,0.6934792955735365,0.6934792955735365,2599,"tags=31%, list=20%, signal=25%",TSC1/PTN/APP/PPP1R9B/NTRK2/MAP1A/TLR2/CLN3/TUBA1A/NRXN2/STRA6/NRXN1/KIT/NRXN3/LGMN/NLGN4X/RGS14/ATXN1L,0.2529611230696109
GO:0050773,regulation of dendrite development,68,-0.5786800468157752,-1.327955160912119,0.024166619841791515,0.6170182677030657,0.6170182677030657,2937,"tags=31%, list=22%, signal=24%",CUX2/CUX1/RAPGEF2/ANKRD27/BCL11A/PTN/BMP5/ARMCX5-GPRASP2/BMP7/MARK1/RTN4IP1/GORASP1/ZDHHC15/LRP8/CAMK2B/HECW2/LZTS1/NUMBL/MAPRE3/KCTD12/SDC2,0.35248785758361917
GO:0031099,regeneration,100,-0.5662266084634113,-1.3263973230405997,0.020770724736769774,0.5902197071908778,0.5902197071908778,2986,"tags=31%, list=23%, signal=24%",CDKN1A/PCNA/STK24/F7/TSPO/PTPRS/PTN/DAG1/CAPN3/RTN4R/BAK1/CA3/ANXA1/PTCH1/THY1/PTPRU/MAP1B/MCUB/RTN4RL2/KLK6/KREMEN1/FOLR1/RGMA/CAD/JAK2/LARGE1/FGF10/EPPK1/PPARD/IGF1/SPP1,0.35248785758361917
GO:2000406,positive regulation of T cell migration,26,0.4336472321774801,1.3260141836039778,0.04849689969899386,0.7309080814721365,0.7309080814721365,316,"tags=12%, list=2%, signal=11%",CXCL13/STK39/ASCL2,0.3217759180753611
GO:1904848,negative regulation of cell chemotaxis to fibroblast growth factor,1,0.99992391965916,1.325171676822214,2.4632377915107575e-4,0.3318802384428827,0.3318802384428827,2,"tags=100%, list=0%, signal=100%",CXCL13,0.49849310876659025
GO:0035249,"synaptic transmission, glutamatergic",45,-0.5965365298612778,-1.3242938290138615,0.04791666666666667,0.7309080814721365,0.7309080814721365,2323,"tags=29%, list=18%, signal=24%",CNIH3/CDK5/TSHZ3/CACNG8/PRKN/CLN3/NRXN1/OPHN1/STXBP1/NLGN2/GRIK3/MEF2C/HOMER2,0.2089550275493539
GO:0070372,regulation of ERK1 and ERK2 cascade,170,-0.5629072221883876,-1.3229788430631004,0.0029648085215830777,0.45953231044189957,0.45953231044189957,2852,"tags=32%, list=22%, signal=26%",SYK/ACTA2/RAPGEF2/CCN2/CX3CL1/HAVCR2/LMO3/SPRED3/CCN1/PRKCA/FLT4/APP/SEMA6A/SPRED1/TIRAP/PTPN2/IL1B/TNFRSF14/RPS6KA6/ITGB3/F2RL1/PDE8B/CNKSR3/SCIMP/NAMPT/C5AR1/CD36/TNFRSF11A/AGER/GLIPR2/NRXN1/F2R/FGF1/AKAP12/MAP2K7/ICAM1/ERRFI1/INHBA/CEACAM1/DNAJC27/FBLN1/MAP3K12/DDR2/MAPK3/RGS14/WNK2/IGF1/CHI3L1/FGF2/PDGFRA/FBXW7/TRAF7/DENND2B/SYNJ2BP/CCL3,0.4317076958033464
GO:0010001,glial cell differentiation,121,-0.567185819057163,-1.3198755551261931,0.003751365132904156,0.46442804668108034,0.4644280466810804,3064,"tags=37%, list=23%, signal=29%",EIF2B5/SOX10/ABCA2/NFIB/MXRA8/EIF2B1/PTN/DAG1/GPC1/DAAM2/APP/CNTNAP1/IFNGR1/CDK5/B4GALT6/CLCN2/CFH/PLP1/NTRK2/CNTN1/CLCF1/ZEB2/NR1D1/TLR2/PRX/TUBA1A/TPPP/C5AR1/AGER/EIF2B3/DLL1/EIF2B2/NTRK3/TNFRSF21/ADGRG6/S100B/SERPINE2/LPAR1/IL34/NSUN5/GPM6B/PTPRZ1/DICER1/FGF10/MAPK3,0.4317076958033464
GO:0090174,organelle membrane fusion,109,-0.5662720705218469,-1.3195654724360797,0.010729084581263239,0.5162733318745953,0.5162733318745953,2203,"tags=26%, list=17%, signal=22%",STX10/ERC2/NKD2/STX2/VPS16/ANXA1/ANXA2/CHMP6/VPS33B/TSNARE1/STX1B/VIPAS39/CLN3/RAB4B/VAMP1/PLEKHM1/SNAP47/BET1/RUBCNL/CHMP5/SPHK1/STXBP1/VPS18/VTI1B/CAV2/ATL2/PIP4K2B/TMEM175,0.3807304007227924
GO:0045229,external encapsulating structure organization,190,-0.560872129536206,-1.318487045455432,0.0013286444975503082,0.42055503512029624,0.4205550351202963,2638,"tags=34%, list=20%, signal=27%",RIC1/COL3A1/ZNF469/CCDC80/MYH11/MMP14/HAS2/COL16A1/DAG1/MMP17/COL11A2/HAS3/APP/ADAMTS10/HMCN1/CTSV/LAMA1/TGM1/VIT/ADAM8/CTSS/COL9A3/FAP/COLQ/LOXL4/RECK/MMP11/NID1/FBN1/MMP16/ADTRP/COL4A5/FSCN1/SH3PXD2B/CREB3L1/FLRT2/RGCC/PRDM5/COL4A6/LUM/COLGALT1/MYO1E/COL5A1/EFEMP2/COL1A1/PRICKLE1/PAPLN/KLK7/PXDN/CRTAP/PLAUR/COL7A1/GPM6B/FBLN1/MELTF/ELN/DDR2/COL4A1/LTBP4/ADAMTS1/KLK5/COL18A1/TGM2/LAMA2,0.45505986738722953
GO:0090277,positive regulation of peptide hormone secretion,61,-0.5813568493539363,-1.317050594284587,0.0368474923234391,0.7017747420039213,0.7017747420039213,1485,"tags=21%, list=11%, signal=19%",PRKN/GPLD1/ILDR1/CACNA2D1/CAPN10/JAK2/HFE/NLGN2/ECRG4/ACSL4/PSMD9/PPARD/OXCT1,0.2377938344236881
GO:0034198,cellular response to amino acid starvation,51,-0.5910092830280806,-1.316985359031392,0.04231166150670795,0.7095918548045164,0.7095918548045165,1083,"tags=20%, list=8%, signal=18%",KPTN/TFEB/FAS/RRAGD/SESN2/RRAGB/MAPK3/SEH1L/NPRL3/MAP1LC3A,0.2220560461452484
GO:0031214,biomineral tissue development,97,-0.5741597711870361,-1.31691142740018,0.014769270774944563,0.5346848531074662,0.5346848531074662,2794,"tags=32%, list=21%, signal=25%",TXLNG/ADGRV1/ASPN/CCN1/WNT6/PTN/P2RX7/RFLNB/BMP7/NT5E/WNT4/PHEX/HACD1/RFLNA/SGMS2/ADGRG6/COL1A1/PRICKLE1/MGP/SBDS/OSR1/GPM6B/MEF2C/DDR2/VDR/IGF1/FAM20C/LGR4/ZBTB40/SPP1/CCL3,0.3807304007227924
GO:0009611,response to wounding,360,-0.5537630172620175,-1.3162933701115658,7.42245531229152e-5,0.30001564372282324,0.30001564372282324,2988,"tags=34%, list=23%, signal=27%",SLC12A2/CDKN1A/MRTFA/MYL9/KANK1/STK24/ITGB4/SYK/ZFP36L2/KCNB1/CCN2/PIK3CA/GATA2/DDIT3/DSC2/COL3A1/LYVE1/F7/TSPO/PTPRS/DUOX1/ARF4/NPPC/PTN/KLKB1/PLEK/ADAM17/DAG1/PRKCA/TFPI/F13A1/ANKRD22/ADORA3/ANO5/KCNK2/HBB/EREG/RTN4R/ZFP36L1/SAA1/CYP4F11/ITGB3/SERPINE1/F2RL1/ANXA1/TLR3/PRRG1/FER1L5/EMILIN2/FAP/ANXA2/CHMP6/TLN1/PIK3CG/CD59/VPS33B/VAV1/WNT4/ANGPTL2/PRKCD/SLC11A1/ADTRP/FZD7/WAS/UBASH3B/CD40/FLNA/MAP1B/CD36/JAML/RASA3/AGER/RTN4RL2/KLK6/KREMEN1/ITPK1/VPS4B/F2R/DGKE/FOLR1/CD109/FGFR1OP2/ANGPTL4/RGMA/FGF1/NTRK3/CD34/MORN4/DGKQ/COL5A1/FUNDC2/VASH1/ARHGEF19/EXTL3/JAK2/SERPINE2/CHMP5/EDN1/CEACAM1/RIPOR1/PLAUR/ENPP4/DST/STXBP1/ARHGAP24/FBLN1/ECRG4/IL33/SH2B3/AXL/PTPRJ/SMPD1/DDR2/FGF10/EPPK1/IGF1/FGF2/PLSCR1/DPYSL3/PDGFRA/RAP2B/SPP1/SRF,0.5384340963099162
GO:0030216,keratinocyte differentiation,65,-0.5781416292860967,-1.316291822570534,0.03955375253549696,0.7017747420039213,0.7017747420039213,2210,"tags=26%, list=17%, signal=22%",TRIM16/EREG/TGM1/ZFP36L1/ANXA1/CNFN/KRT80/CSTA/KRT16/ERRFI1/EXTL3/KRT5/SGPP1/VDR/KRT81/KLK5/KRT14,0.22798720285044224
GO:0048709,oligodendrocyte differentiation,55,-0.5793289177646144,-1.3158295027936138,0.046012269938650305,0.7279793160860656,0.7279793160860656,3064,"tags=44%, list=23%, signal=34%",EIF2B5/SOX10/ABCA2/EIF2B1/PTN/DAG1/DAAM2/CNTNAP1/CDK5/B4GALT6/CLCN2/CFH/PLP1/NTRK2/CNTN1/TPPP/EIF2B3/EIF2B2/TNFRSF21/LPAR1/IL34/NSUN5/GPM6B/PTPRZ1,0.21140018938492272
GO:0070374,positive regulation of ERK1 and ERK2 cascade,106,-0.5662781371297414,-1.315541428265023,0.012756589554456795,0.530401367660255,0.530401367660255,2842,"tags=36%, list=22%, signal=28%",ACTA2/RAPGEF2/CCN2/CX3CL1/HAVCR2/PRKCA/FLT4/APP/TIRAP/IL1B/ITGB3/F2RL1/PDE8B/SCIMP/NAMPT/C5AR1/CD36/TNFRSF11A/AGER/GLIPR2/NRXN1/F2R/FGF1/AKAP12/MAP2K7/ICAM1/INHBA/DNAJC27/MAP3K12/DDR2/MAPK3/IGF1/CHI3L1/FGF2/PDGFRA/FBXW7/DENND2B/CCL3,0.3807304007227924
GO:0061041,regulation of wound healing,90,-0.571205680863203,-1.314831178805723,0.019244082277207763,0.5838343072629903,0.5838343072629903,3173,"tags=34%, list=24%, signal=26%",PROS1/DMTN/SERPING1/SLC12A2/KANK1/DSC2/F7/DUOX1/KLKB1/TFPI/SERPINE1/F2RL1/ANXA1/EMILIN2/FAP/WNT4/PRKCD/ADTRP/CD36/F2R/CD109/SERPINE2/EDN1/CEACAM1/PLAUR/ENPP4/SH2B3/DDR2/EPPK1/FGF2/PDGFRA,0.35248785758361917
GO:0009822,alkaloid catabolic process,1,-0.9873706634205721,-1.3139697594482111,0.021120252277732822,0.5902197071908778,0.5902197071908778,168,"tags=100%, list=1%, signal=99%",CES2,0.35248785758361917
GO:0150076,neuroinflammatory response,55,-0.5783941367181552,-1.3137063350354266,0.04805725971370143,0.7309080814721365,0.7309080814721365,2694,"tags=35%, list=20%, signal=28%",CX3CL1/IL1R1/APP/IL1RAP/IL18/IFNGR1/IL1B/ITGAM/CD200/ZEB2/NR1D1/C5AR1/AGER/JAK2/SPHK1/IL33/MAPK3/IGF1/CCL3,0.2065879226968911
GO:0072006,nephron development,90,-0.5703597792073095,-1.3128840380320328,0.019913425074952536,0.5902197071908778,0.5902197071908778,2134,"tags=26%, list=16%, signal=22%",KIF26B/IQGAP1/BMP7/KLHL3/ITGB3/PLCE1/BASP1/LIF/SIX4/ASXL1/DLL1/FGF1/CD34/MYO1E/EDN1/OSR1/MEF2C/FGF2/PDGFRA/LGR4/IRX1/NUP160/PODXL,0.35248785758361917
GO:0015849,organic acid transport,194,-0.5545166722666892,-1.3127186268765216,0.002834965251557229,0.4548169046841268,0.4548169046841268,2504,"tags=25%, list=19%, signal=21%",CTNS/PER2/PLA2R1/SLC27A6/SLC13A2/SLC7A7/SLC25A29/KCNK2/SLC16A9/IL1B/SLC6A9/SLCO2A1/SLC13A3/CLN3/TTYH2/SLC7A6/SLC16A7/CD36/SLC1A3/TNFRSF11A/SLC6A14/FOLR1/ACE/ABCC10/SLC38A7/RBP7/AKT2/EDN1/CEACAM1/SLC16A3/SLC16A4/STXBP1/CRABP1/EMB/ACSL4/SLCO3A1/SLC25A15/SLC25A13/ABCC5/PRAF2/GJA1/PPARD/SLC43A3/SLC35D2/MFSD12/SLC16A2/ABCC3/CRABP2/ALB,0.4317076958033464
GO:0046942,carboxylic acid transport,194,-0.5545166722666892,-1.3127186268765216,0.002834965251557229,0.4548169046841268,0.4548169046841268,2504,"tags=25%, list=19%, signal=21%",CTNS/PER2/PLA2R1/SLC27A6/SLC13A2/SLC7A7/SLC25A29/KCNK2/SLC16A9/IL1B/SLC6A9/SLCO2A1/SLC13A3/CLN3/TTYH2/SLC7A6/SLC16A7/CD36/SLC1A3/TNFRSF11A/SLC6A14/FOLR1/ACE/ABCC10/SLC38A7/RBP7/AKT2/EDN1/CEACAM1/SLC16A3/SLC16A4/STXBP1/CRABP1/EMB/ACSL4/SLCO3A1/SLC25A15/SLC25A13/ABCC5/PRAF2/GJA1/PPARD/SLC43A3/SLC35D2/MFSD12/SLC16A2/ABCC3/CRABP2/ALB,0.4317076958033464
GO:0009913,epidermal cell differentiation,97,-0.5721209001627615,-1.3122350068538378,0.015950800053461268,0.5501818834628966,0.5501818834628966,2230,"tags=28%, list=17%, signal=23%",PDZD7/TRIM16/EREG/TGM1/OVOL1/ZFP36L1/REST/ANXA1/KCNQ1/DLX3/SFRP4/CNFN/KRT80/SLC4A7/CSTA/DLL1/KRT16/ERRFI1/EXTL3/RHBDF2/KRT5/SGPP1/VDR/KRT81/KLK5/KRT14/SFN,0.35248785758361917
GO:0030198,extracellular matrix organization,189,-0.5591209426335395,-1.3107007585744097,0.0011309997954345318,0.42055503512029624,0.4205550351202963,2638,"tags=33%, list=20%, signal=27%",RIC1/COL3A1/ZNF469/CCDC80/MYH11/MMP14/HAS2/COL16A1/DAG1/MMP17/COL11A2/HAS3/APP/ADAMTS10/HMCN1/CTSV/LAMA1/VIT/ADAM8/CTSS/COL9A3/FAP/COLQ/LOXL4/RECK/MMP11/NID1/FBN1/MMP16/ADTRP/COL4A5/FSCN1/SH3PXD2B/CREB3L1/FLRT2/RGCC/PRDM5/COL4A6/LUM/COLGALT1/MYO1E/COL5A1/EFEMP2/COL1A1/PRICKLE1/PAPLN/KLK7/PXDN/CRTAP/PLAUR/COL7A1/GPM6B/FBLN1/MELTF/ELN/DDR2/COL4A1/LTBP4/ADAMTS1/KLK5/COL18A1/TGM2/LAMA2,0.45505986738722953
GO:0043062,extracellular structure organization,189,-0.5591209426335395,-1.3107007585744097,0.0011309997954345318,0.42055503512029624,0.4205550351202963,2638,"tags=33%, list=20%, signal=27%",RIC1/COL3A1/ZNF469/CCDC80/MYH11/MMP14/HAS2/COL16A1/DAG1/MMP17/COL11A2/HAS3/APP/ADAMTS10/HMCN1/CTSV/LAMA1/VIT/ADAM8/CTSS/COL9A3/FAP/COLQ/LOXL4/RECK/MMP11/NID1/FBN1/MMP16/ADTRP/COL4A5/FSCN1/SH3PXD2B/CREB3L1/FLRT2/RGCC/PRDM5/COL4A6/LUM/COLGALT1/MYO1E/COL5A1/EFEMP2/COL1A1/PRICKLE1/PAPLN/KLK7/PXDN/CRTAP/PLAUR/COL7A1/GPM6B/FBLN1/MELTF/ELN/DDR2/COL4A1/LTBP4/ADAMTS1/KLK5/COL18A1/TGM2/LAMA2,0.45505986738722953
GO:0050680,negative regulation of epithelial cell proliferation,68,-0.5711166755481465,-1.3105987340506629,0.034170854271356785,0.6975686513374956,0.6975686513374956,1003,"tags=19%, list=8%, signal=18%",RGCC/TINF2/VASH1/RUNX3/CEACAM1/MEF2C/NGFR/VDR/SNAI2/EPPK1/FBXW7/CAV2/SYNJ2BP,0.24504178543099617
GO:0002793,positive regulation of peptide secretion,62,-0.5811784884472686,-1.3094628849033816,0.04610655737704918,0.7279793160860656,0.7279793160860656,1485,"tags=21%, list=11%, signal=19%",PRKN/GPLD1/ILDR1/CACNA2D1/CAPN10/JAK2/HFE/NLGN2/ECRG4/ACSL4/PSMD9/PPARD/OXCT1,0.21140018938492272
GO:1901890,positive regulation of cell junction assembly,65,-0.5740971111902147,-1.3070834109527407,0.04158215010141988,0.7017747420039213,0.7017747420039213,3027,"tags=38%, list=23%, signal=30%",S100A10/CUX2/CLSTN3/SFRP1/TSC1/PPM1F/COL16A1/IRX3/PRKCA/EFNA5/IL1RAP/ARMCX5-GPRASP2/AGRN/ST8SIA2/CRB3/WNT4/ANKRD28/THY1/RTN4RL2/NRXN1/NPHP4/MAP4K4/SRPX2/NLGN2/PTPRJ,0.2220560461452484
GO:0006400,tRNA modification,92,-0.5657273946260657,-1.3067871456348963,0.018612302736319468,0.5786731013944569,0.5786731013944569,1672,"tags=20%, list=13%, signal=17%",ALKBH1/TYW1B/LCMT2/TRMT13/PUSL1/TRMT1/TRMT5/TRDMT1/THG1L/PUS7/MPST/SEPSECS/MTO1/TRMT6/TYW1/DPH3/TRMT9B/ADAT2,0.35248785758361917
GO:0031669,cellular response to nutrient levels,201,-0.5555462944085192,-1.3048846177796218,0.0019215818655043413,0.42055503512029624,0.4205550351202963,1989,"tags=22%, list=15%, signal=19%",LCN2/CASTOR1/FADS1/FAM107A/CDKN2B/PIM1/PAK5/PHEX/MN1/TNFRSF11A/DRAM1/KPTN/NUPR2/TFEB/LPL/FOLR1/YWHAG/FAS/SNAP47/FES/PAK6/PLD1/PLIN2/COL1A1/INHBA/RRAGD/SESN2/RIPOR1/PRKAB1/OTUD3/RRAGB/PAK3/VDR/GDAP1/SNAI2/MAPK3/PPARD/SEH1L/NPRL3/CLEC16A/MAP1LC3A/SRF/ALB/RHEB,0.45505986738722953
GO:0007611,learning or memory,111,-0.5560685951600077,-1.3036802227685234,0.014585851216230105,0.5346848531074662,0.5346848531074662,2599,"tags=29%, list=20%, signal=23%",TSC1/PTN/PRKCA/APP/PLK2/AMFR/KCNK2/LCN2/ARMCX5-GPRASP2/PPP1R9B/NTRK2/MAP1A/NTF4/TLR2/CLN3/TUBA1A/NRXN2/AGER/STRA6/NRXN1/KIT/NRXN3/S100B/LGMN/NLGN4X/PTPRZ1/MEF2C/RGS14/PRNP/SERPINF1/SRF/ATXN1L,0.3807304007227924
GO:0001933,negative regulation of protein phosphorylation,90,-0.5653573624514145,-1.3013692129166887,0.029263370332996974,0.667196780006225,0.667196780006225,2404,"tags=28%, list=18%, signal=23%",HIPK3/SFRP2/SAMSN1/PTPN2/RASSF2/CHMP6/CD300A/CNKSR3/THY1/SRCIN1/PAQR3/IGFBP3/YWHAG/ZFYVE28/LATS2/ERRFI1/CEACAM1/FBLN1/TFAP4/PTPRJ/ZBED3/RGS14/TARBP2/SFN/STK38,0.2663506570885256
GO:0034109,homotypic cell-cell adhesion,66,-0.5682008411004063,-1.3001019427583331,0.047522750252780584,0.7309080814721365,0.7309080814721365,2941,"tags=35%, list=22%, signal=27%",MYL9/SYK/DSC2/PLEK/PRKCA/HBB/ITGB3/EMILIN2/TLN1/PIK3CG/VPS33B/PRKCD/UBASH3B/FLNA/JAK2/SERPINE2/CEACAM1/PLAUR/STXBP1/SH2B3/PDGFRA/RAP2B/MEGF10,0.2065879226968911
GO:0051147,regulation of muscle cell differentiation,90,-0.5635015387231901,-1.2970973805768045,0.03128153380423814,0.6867009862950102,0.6867009862950102,2191,"tags=23%, list=17%, signal=20%",CAMK1/EREG/LAMA1/HDAC9/SHOX2/MAPK11/NID1/AKAP6/FZD7/MESP1/KIT/RCAN1/DLL1/EFEMP2/EDN1/RBM38/MEF2C/IGF1/SRF/MEGF10/LAMA2,0.25720646646883816
GO:1901222,regulation of non-canonical NF-kappaB signal transduction,63,-0.5748707301452037,-1.2957655303196975,0.04485219164118247,0.7251702344546381,0.7251702344546381,3564,"tags=43%, list=27%, signal=31%",NOD1/PPM1B/PYCARD/DDX3X/MAP3K7/LAPTM5/BCL3/NOL3/HAVCR2/APP/IL18/RASSF2/IL1B/TRAF1/BMP7/CD86/TRIM21/TRIM44/NR3C2/TNFRSF11A/UACA/AGER/EDN1/SPHK1/AKIP1/C1QTNF3/TCIM,0.21392785549235627
GO:0071900,regulation of protein serine/threonine kinase activity,83,-0.5624570044982553,-1.2912517178514127,0.03951367781155015,0.7017747420039213,0.7017747420039213,1617,"tags=16%, list=12%, signal=14%",PIK3CG/CD300A/PAQR3/SERTAD1/FGF1/LATS2/KSR1/TFAP4/PTPRJ/RGS14/FGF2/STK38/DIRAS3,0.22798720285044224
GO:0022406,membrane docking,77,-0.5594338066344581,-1.2890400978401513,0.04969574036511156,0.7309080814721365,0.7309080814721365,3285,"tags=31%, list=25%, signal=24%",VMP1/CEP290/STX16/RABEPK/MSN/KCNB1/PLEK/STX10/STX2/RIMS3/EXOC2/TSNARE1/STX1B/CLN3/SNPH/ICAM1/PSEN2/STXBP1/VPS18/ESYT1/VTI1B/PEX16/CAV2/PACS2,0.20207170902115992
GO:0002274,myeloid leukocyte activation,147,-0.5441506448371823,-1.2856914121757934,0.011864147906412329,0.5298882413007584,0.5298882413007584,3123,"tags=37%, list=24%, signal=28%",AIF1/KMT2E/SNX4/FER/SPHK2/SYK/GATA2/RAC2/BATF2/KARS1/CX3CL1/HAVCR2/IL1R1/FGR/APP/DNASE1/IL1RAP/ENPP3/IL16/ADORA3/IFNGR1/DYSF/IL1B/PIK3CD/ITGAM/F2RL1/ANXA1/CD200/CD2/LILRB4/PIK3CG/LAT2/GNAI1/CD300A/DOCK2/NR1D1/PRKCD/SLC11A1/C5AR1/MCUB/CD93/AGER/CSF1/KIT/FES/JAK2/GAB2/SPHK1/STXBP1/NR1H3/IL33/PLSCR1/ANXA3/CCL3,0.3807304007227924
GO:0002040,sprouting angiogenesis,107,-0.5498596050866603,-1.2855953395531643,0.026087928401527814,0.6304906658680244,0.6304906658680244,2371,"tags=27%, list=18%, signal=22%",FLT4/PLK2/CTNND1/SEMA6A/ADGRA2/SPRED1/HDAC9/PGF/ANXA1/CDH13/RECK/FUT1/ADTRP/GPLD1/CLEC14A/CREB3L1/DLL1/FGF1/ADGRG6/SRPX2/RHOJ/CEACAM1/NGFR/FGF2/AKT3/S100A1/SRF/SYNJ2BP/TGM2,0.35248785758361917
GO:0042326,negative regulation of phosphorylation,101,-0.5524883138416408,-1.2843920994680529,0.03303303303303303,0.6954141641641641,0.6954141641641641,2404,"tags=27%, list=18%, signal=22%",HIPK3/SFRP2/SAMSN1/PTPN2/RASSF2/CHMP6/CD300A/CNKSR3/PRKN/THY1/SRCIN1/PAQR3/IGFBP3/YWHAG/ZFYVE28/LATS2/ERRFI1/INHBA/CEACAM1/FBLN1/TFAP4/PTPRJ/ZBED3/RGS14/TARBP2/SFN/STK38,0.24891111443470246
GO:0043588,skin development,130,-0.5485430875593897,-1.2837828408565457,0.019070885536712892,0.5838343072629903,0.5838343072629903,2352,"tags=26%, list=18%, signal=22%",RYR1/TRADD/TRIM16/IL18/EREG/TGM1/FA2H/ZFP36L1/ANXA1/VPS33B/DLX3/FBN1/FST/CNFN/KRT80/CSTA/TP63/DLL1/KRT16/COL5A1/ERRFI1/EXTL3/COL1A1/INHBA/RIPK4/RHBDF2/KRT5/SGPP1/VDR/KRT81/APCDD1/KLK5/KRT14/SFN,0.35248785758361917
GO:0008277,regulation of G protein-coupled receptor signaling pathway,94,-0.5559287890729709,-1.2799127944446875,0.032160804020100506,0.6914572864321609,0.6914572864321609,1853,"tags=20%, list=14%, signal=17%",ITGB3/RAMP1/PPP1R9B/SERPINE1/RNF113A/GRK6/KLK6/NRXN1/DYNLT1/RGS16/EDN1/RPGRIP1L/CRY1/SH2B3/RGS14/KLK5/PADI2/CAV2/KCTD12,0.2529611230696109
GO:0048284,organelle fusion,144,-0.5476582932855936,-1.279114711798836,0.019070885536712892,0.5838343072629903,0.5838343072629903,2203,"tags=24%, list=17%, signal=20%",STX10/CIDEB/PLD6/ERC2/NKD2/STX2/VPS16/BAX/ANXA1/ANXA2/CHMP6/VPS33B/PRKN/TSNARE1/STX1B/VIPAS39/CLN3/RAB4B/LDAH/VAMP1/PLEKHM1/SNAP47/BET1/RUBCNL/THG1L/CHMP5/SPHK1/STXBP1/VPS18/GDAP1/VTI1B/CAV2/ATL2/PIP4K2B/TMEM175,0.35248785758361917
GO:0045859,regulation of protein kinase activity,176,-0.5422759500997887,-1.2773796047868482,0.01356053984399697,0.5346848531074662,0.5346848531074662,2407,"tags=23%, list=18%, signal=19%",FGR/HIPK3/RIPK3/CDC6/EREG/RASSF2/TLR3/CHMP6/PIK3CG/CD300A/TSPYL2/STRADA/PRKAR1B/PILRB/THY1/SRCIN1/PAQR3/YWHAG/SERTAD1/FGF1/ZFYVE28/LATS2/ERRFI1/JAK2/CEACAM1/SESN2/KSR1/TFAP4/PTPRJ/DDR2/RGS14/ALS2/IGF1/FGF2/TARBP2/RAP2B/MRNIP/SFN/STK38/DIRAS3,0.3807304007227924
GO:0035265,organ growth,74,-0.5594145588417871,-1.2769236157673323,0.04641775983854692,0.7300411878109209,0.7300411878109209,1642,"tags=23%, list=12%, signal=20%",PIM1/AKAP6/BASP1/TBX2/MESP1/DLL1/FES/LATS2/EDN1/NLGN4X/POR/MEF2C/ACACB/DDR2/FGF10/IGF1/FGF2,0.2089550275493539
GO:0070661,leukocyte proliferation,152,-0.5412094545507046,-1.2764868993067642,0.009844755803676159,0.5037025690944181,0.5037025690944181,2963,"tags=31%, list=23%, signal=24%",MYC/SLC7A1/PCYT1A/MSN/RAC2/CX3CL1/HAVCR2/HHEX/CSF2RB/RIPK3/HLA-DPA1/ENPP3/IL18/TIRAP/IL1B/LILRB1/TNFRSF14/CD86/F2RL1/ANXA1/LILRB4/CLCF1/PIK3CG/VAV1/CD300A/SLC11A1/CD40/AGER/PNP/CSF1/KIT/ACE/TNFRSF21/RIPOR2/JAK2/CD320/IL34/VSIR/IL33/MEF2C/FGF10/MAPK3/IGF1/PRNP/HLA-DMB/IL27RA/IL2RB,0.3807304007227924
GO:0045667,regulation of osteoblast differentiation,81,-0.5525662049650524,-1.2739412595438604,0.043478260869565216,0.7158416718321085,0.7158416718321083,2542,"tags=25%, list=19%, signal=20%",CCN1/NPPC/TNFAIP6/SCUBE3/WNT3/BMP7/REST/HGF/PTCH1/WNT4/WWTR1/TWIST2/PRMT3/RANBP3L/TP63/CHRD/MEF2C/DDR2/SNAI2/IGF1,0.2165428367353482
GO:0046883,regulation of hormone secretion,136,-0.5429169191978582,-1.2727332419210269,0.029381748352574975,0.667196780006225,0.667196780006225,2607,"tags=26%, list=20%, signal=21%",TSPO/RBP4/PER2/IL11/PRKCA/EDN3/EFNA5/IL1B/REST/SCG5/ANXA1/PDE8B/PRKN/NR1D1/GNAO1/ADCY5/GNAZ/GPLD1/ILDR1/CACNA2D1/LIF/CAPN10/JAK2/INHBA/EDN1/HFE/NLGN2/ECRG4/ACSL4/CRY1/PSMD9/GJA1/C1QTNF3/PPARD/SPP1/OXCT1,0.35248785758361917
GO:0023061,signal release,257,-0.5377793308142129,-1.2723446239823577,0.002531998102339328,0.4378444694354991,0.4378444694354991,2659,"tags=28%, list=20%, signal=23%",FMR1/TSPO/RBP4/PRRT2/PER2/ADAM17/IL11/PRKCA/EDN3/SV2A/KCNMB4/PCLO/EFNA5/ADORA3/ERC2/DYSF/CDK5/STX2/EDNRB/ADAM8/IL1B/RIMS3/LILRB1/REST/SCG5/F2RL1/SYN2/ANXA1/FER1L5/PDE8B/KCNQ1/PRKN/NR1D1/GNAO1/STX1B/ADCY5/FAM3B/GNAZ/MCTP1/SNPH/NRXN2/GPLD1/TNFRSF11A/ILDR1/CACNA2D1/NIBAN2/LIF/NRXN1/VAMP1/F2R/CAPN10/SNAP47/PCSK5/PRKCB/MCTP2/JAK2/INHBA/EDN1/HFE/STXBP1/VPS18/NLGN2/ECRG4/ACSL4/CRY1/MEF2C/PSMD9/GJA1/C1QTNF3/PPARD/SLC4A8/SPP1/OXCT1,0.4317076958033464
GO:0045055,regulated exocytosis,145,-0.5423236098777996,-1.2716427652488562,0.009330578577570577,0.5037025690944181,0.5037025690944181,2903,"tags=32%, list=22%, signal=25%",FBXL20/SPHK2/SYK/KCNB1/GATA2/RAC2/FMR1/CD160/HCK/RAB27A/PRRT2/PLEK/FGR/SV2A/PCLO/ADORA3/ERC2/CDK5/STX2/PIK3CD/RIMS3/ITGAM/REST/F2RL1/SYN2/PIK3CG/LAT2/GNAI1/CD300A/STX1B/TPH1/SNPH/KIT/SNAP47/FES/PRKCB/SCAMP5/GAB2/ORAI1/CEACAM1/STXBP1/VPS18/SLC4A8/ANXA3/CCL3/MICAL1,0.3807304007227924
GO:0008544,epidermis development,158,-0.5385959046391782,-1.2688261004602372,0.022055823568966376,0.5993373308100957,0.5993373308100958,2312,"tags=28%, list=18%, signal=23%",TRADD/LAMB3/PDZD7/TRIM16/IL18/EREG/TGM1/OVOL1/FA2H/ZFP36L1/REST/ANXA1/KCNQ1/DLX3/NTF4/EMP1/FST/SFRP4/WAS/CNFN/EDA2R/KRT80/FLOT2/SLC4A7/CSTA/TP63/DLL1/KRT16/ERRFI1/EXTL3/INHBA/KLK7/COL7A1/RHBDF2/KRT5/SGPP1/VDR/PPARD/KRT81/APCDD1/KLK5/KRT14/SFN/CRABP2,0.35248785758361917
GO:0043086,negative regulation of catalytic activity,110,-0.5454335776792468,-1.2680397076377645,0.03413654618473896,0.6975686513374956,0.6975686513374956,1674,"tags=18%, list=13%, signal=16%",CHMP6/CD300A/PRKN/THY1/SRCIN1/PAQR3/MAD2L1/MAD2L2/YWHAG/ZFYVE28/LATS2/ERRFI1/CEACAM1/TFAP4/PTPRJ/RGS14/TARBP2/NOSIP/SFN/STK38,0.24504178543099617
GO:0050878,regulation of body fluid levels,217,-0.5365004650079133,-1.2674782145679078,0.007037405513633102,0.5037025690944181,0.5037025690944181,2631,"tags=29%, list=20%, signal=24%",COL3A1/F7/HAS2/KLKB1/PLEK/PRKCA/TFPI/F13A1/AQP5/HBB/EDNRB/SAA1/CYP4F11/ITGB3/SERPINE1/F2RL1/PRRG1/CHRM3/EMILIN2/FAP/GUCA1B/TLN1/PIK3CG/CD59/VPS33B/VAV1/ANGPTL2/PRKCD/ADTRP/WAS/ADCY5/UBASH3B/TPH1/PRKAR1B/CD40/FLNA/CD36/RASA3/ITPK1/F2R/CDO1/DGKE/ANGPTL4/CAD/DGKQ/FUNDC2/JAK2/SERPINE2/PRICKLE1/EDN1/CEACAM1/PLAUR/ENPP4/STXBP1/NR1H3/FBLN1/SH2B3/AXL/PTPRJ/FGF10/PLSCR1/PDGFRA/RAP2B/MT-CO2,0.40701791892395395
GO:0042063,gliogenesis,172,-0.5381447627042537,-1.2647971200854669,0.01235664033245686,0.530401367660255,0.530401367660255,2779,"tags=32%, list=21%, signal=26%",MXRA8/EIF2B1/CX3CL1/DISC1/COL3A1/TSPO/PRKCI/MMP14/PTN/DAG1/GPC1/DAAM2/APP/CNTNAP1/IFNGR1/CDK5/B4GALT6/IL1B/CLCN2/CFH/PLP1/GFAP/NTRK2/CNTN1/PLAG1/CLCF1/ZEB2/NR1D1/TLR2/PRX/TUBA1A/LRP8/TPPP/C5AR1/AGER/CSF1/EIF2B3/DLL1/EIF2B2/NTRK3/TNFRSF21/SRGAP2/ADGRG6/S100B/SERPINE2/LPAR1/IL34/NSUN5/GPM6B/PTPRZ1/IL33/DICER1/FGF10/MAPK3/CCL3,0.3807304007227924
GO:0007269,neurotransmitter secretion,91,-0.5448508640188938,-1.2627274325784101,0.0482897384305835,0.7309080814721365,0.7309080814721365,2659,"tags=29%, list=20%, signal=23%",FMR1/PRRT2/SV2A/KCNMB4/PCLO/ERC2/DYSF/CDK5/STX2/RIMS3/SYN2/FER1L5/PRKN/STX1B/MCTP1/SNPH/NRXN2/NRXN1/VAMP1/SNAP47/PRKCB/MCTP2/STXBP1/VPS18/MEF2C/SLC4A8,0.2042947565168861
GO:0099643,signal release from synapse,91,-0.5448508640188938,-1.2627274325784101,0.0482897384305835,0.7309080814721365,0.7309080814721365,2659,"tags=29%, list=20%, signal=23%",FMR1/PRRT2/SV2A/KCNMB4/PCLO/ERC2/DYSF/CDK5/STX2/RIMS3/SYN2/FER1L5/PRKN/STX1B/MCTP1/SNPH/NRXN2/NRXN1/VAMP1/SNAP47/PRKCB/MCTP2/STXBP1/VPS18/MEF2C/SLC4A8,0.2042947565168861
GO:0043410,positive regulation of MAPK cascade,268,-0.5313531126180722,-1.261028825602726,0.0017678570621403901,0.42055503512029624,0.4205550351202963,2842,"tags=30%, list=22%, signal=24%",ACTA2/RAPGEF2/AKAP13/CCN2/DSC2/CX3CL1/HAVCR2/EGF/IL1R1/IL11/PRKCA/EDN3/FLT4/APP/UNC5CL/IL1RAP/TIRAP/IQGAP1/ADAM8/RASSF2/IL1B/ITGB3/TGFA/HGF/F2RL1/TLR3/NTRK2/IL15RA/PDE8B/SEMA4C/PIK3CG/PELI2/WNT4/AVPI1/SCIMP/FZD7/NAMPT/CD40/C5AR1/CD36/TNFRSF11A/EDA2R/AGER/IGFBP6/GLIPR2/LIF/NRXN1/F2R/KIT/FGF1/NTRK3/AKAP12/MAP2K7/RELL1/ICAM1/JAK2/INHBA/LPAR1/IL34/EDN1/SPHK1/DNAJC27/KSR1/MAP3K12/PTPRJ/MEF2C/SLCO3A1/DDR2/FGF10/MAPK3/IGF1/CHI3L1/FGF2/PDGFRA/FBXW7/IL27RA/IL2RB/TRAF7/DENND2B/CAV2/CCL3,0.45505986738722953
GO:0007601,visual perception,87,-0.5457128976463255,-1.260765268894387,0.04641775983854692,0.7300411878109209,0.7300411878109209,3127,"tags=37%, list=24%, signal=28%",CRB2/OAT/DHRS3/MYO9A/CCDC66/PITPNA/TGFBI/ADGRV1/MYO7A/RBP4/ROM1/CNGA1/NDP/VAX2/HMCN1/CEP250/IRX5/RABGGTB/GUCA1B/NXNL2/KIFC3/PDE6D/ZNF513/LUM/COL1A1/RGS16/GPR143/BBS7/MKKS/PDE6B/COL18A1/RP1,0.2089550275493539
GO:1905952,regulation of lipid localization,100,-0.5380298829236227,-1.26034592115403,0.04408817635270541,0.7181403223657223,0.71814032236572245,2950,"tags=32%, list=22%, signal=25%",ABCA2/EPRS1/SYK/CLSTN3/TSPO/EGF/PLA2R1/EEPD1/LIPG/PTPN2/IL1B/ITGB3/ABCA8/ANXA2/IKBKE/PTCH1/PRKN/CD36/TNFRSF11A/OSBPL6/LPL/PLIN2/AKT2/EDN1/NR1H3/ECRG4/ACSL4/CRY1/ACACB/MAPK3/PPARD/SPP1,0.21392785549235627
GO:0042060,wound healing,283,-0.5273893784875849,-1.2586481627668669,0.002445436209607126,0.4378444694354991,0.4378444694354991,3173,"tags=33%, list=24%, signal=25%",PROS1/DMTN/RAF1/SERPING1/S100A10/SLC12A2/CDKN1A/MRTFA/MYL9/KANK1/SYK/PIK3CA/GATA2/DSC2/COL3A1/F7/DUOX1/KLKB1/PLEK/ADAM17/DAG1/PRKCA/TFPI/F13A1/ANO5/HBB/EREG/SAA1/CYP4F11/ITGB3/SERPINE1/F2RL1/ANXA1/PRRG1/FER1L5/EMILIN2/FAP/ANXA2/CHMP6/TLN1/PIK3CG/CD59/VPS33B/VAV1/WNT4/ANGPTL2/PRKCD/SLC11A1/ADTRP/FZD7/WAS/UBASH3B/CD40/FLNA/CD36/JAML/RASA3/ITPK1/VPS4B/F2R/DGKE/CD109/ANGPTL4/FGF1/CD34/DGKQ/COL5A1/FUNDC2/ARHGEF19/JAK2/SERPINE2/CHMP5/EDN1/CEACAM1/PLAUR/ENPP4/DST/STXBP1/ARHGAP24/FBLN1/SH2B3/AXL/PTPRJ/SMPD1/DDR2/FGF10/EPPK1/IGF1/FGF2/PLSCR1/PDGFRA/RAP2B/SRF,0.4317076958033464
GO:0071333,cellular response to glucose stimulus,88,-0.5470083591299727,-1.2570664432493235,0.044310171198388724,0.7181403223657223,0.71814032236572245,2387,"tags=18%, list=18%, signal=15%",SLC12A7/EFNA5/ZBTB20/PDE8B/PRKN/NR1D1/ADCY5/GPLD1/CACNA2D1/AGER/COL1A1/PPARD/SERPINF1/GCLM/SRF/OXCT1,0.21392785549235627
GO:0006006,glucose metabolic process,124,-0.5360317753714574,-1.252506227411762,0.042815084649663895,0.7105331886853101,0.7105331886853102,1663,"tags=18%, list=13%, signal=16%",KCNQ1/GDPGP1/FBN1/PRKN/DGAT2/GPLD1/ENO2/ALDOC/DGKQ/AKT2/PFKM/DYRK2/CRY1/DLAT/ACACB/SLC25A13/PFKFB3/C1QTNF3/PPARD/IGF1/PHKA1/PHKG2,0.3217759180753611
GO:0043549,regulation of kinase activity,195,-0.528078587186487,-1.2521934598019644,0.012524755312244083,0.530401367660255,0.530401367660255,2407,"tags=22%, list=18%, signal=18%",FGR/HIPK3/LDB1/RIPK3/CDC6/EREG/RASSF2/TLR3/CHMP6/PIK3CG/CD300A/TSPYL2/STRADA/PRKN/PRKAR1B/PILRB/THY1/SRCIN1/PAQR3/YWHAG/SERTAD1/FGF1/ZFYVE28/ZNF16/LATS2/ERRFI1/JAK2/CEACAM1/SESN2/KSR1/TFAP4/PTPRJ/DDR2/RGS14/ALS2/IGF1/FGF2/TARBP2/RAP2B/MRNIP/SFN/STK38/DIRAS3,0.3807304007227924
GO:0009749,response to glucose,108,-0.5373685497067003,-1.2517467860156768,0.03815261044176707,0.7017747420039213,0.7017747420039213,1922,"tags=18%, list=15%, signal=15%",ZBTB20/PDE8B/PRKN/NR1D1/ADCY5/GPLD1/CACNA2D1/AGER/EIF2B3/LPL/EIF2B2/COL1A1/RASAL2/ZBED3/PPARD/SERPINF1/GCLM/SRF/OXCT1,0.2311267096738343
GO:0009746,response to hexose,112,-0.5347202640972102,-1.251568843610477,0.04312938816449348,0.7130019916600517,0.7130019916600517,1989,"tags=18%, list=15%, signal=15%",LCN2/ZBTB20/PDE8B/PRKN/NR1D1/ADCY5/GPLD1/CACNA2D1/AGER/EIF2B3/LPL/EIF2B2/COL1A1/RASAL2/ZBED3/PPARD/SERPINF1/GCLM/SRF/OXCT1,0.2165428367353482
GO:0007584,response to nutrient,114,-0.5369644780497467,-1.2501573959064332,0.03707414829659319,0.7017747420039213,0.7017747420039213,2682,"tags=27%, list=20%, signal=22%",SFRP1/F7/TSPO/BRCC3/CCL28/SFRP2/LIPG/ARSB/BMP7/CDKN2B/PIM1/PHEX/MN1/DGAT2/CD40/MAP1B/CDKN2D/LPL/FOLR1/FES/PLD1/COL1A1/POR/VDR/GDAP1/SNAI2/PPARD/GCLM/SPP1/SRF/OXCT1,0.23439264729468612
GO:0099173,postsynapse organization,170,-0.5317696353635026,-1.2497973897621215,0.023690435577663756,0.615798974951234,0.615798974951234,2690,"tags=29%, list=20%, signal=24%",ABHD17A/DISC1/ABI2/PTPRS/ARF4/DAG1/CNKSR2/NECTIN3/APP/IL1RAP/CNTNAP1/FARP1/LAMA1/CDK5/LRFN1/RTN4R/ARMCX5-GPRASP2/ITGB3/PPP1R9B/CYFIP2/MARK1/SEMA4C/ARHGEF9/ELMO1/ZDHHC15/LRP8/NRXN2/MAP1B/SRCIN1/CHRNB1/LRFN4/CAMK2B/NRXN1/NTRK3/GPHN/LZTS1/NRXN3/MTMR2/WASF2/LARGE1/LGMN/PRICKLE1/OPHN1/NUMBL/NLGN2/PAK3/DOCK10/PRNP/MAPRE3/UBE2M,0.35248785758361917
GO:0070663,regulation of leukocyte proliferation,125,-0.5361879096071223,-1.248450480448689,0.036,0.7017747420039213,0.7017747420039213,2481,"tags=26%, list=19%, signal=22%",HHEX/CSF2RB/RIPK3/HLA-DPA1/ENPP3/IL18/TIRAP/IL1B/LILRB1/TNFRSF14/CD86/ANXA1/LILRB4/CLCF1/CD300A/AGER/PNP/CSF1/TNFRSF21/RIPOR2/JAK2/CD320/IL34/VSIR/IL33/MEF2C/FGF10/MAPK3/IGF1/PRNP/HLA-DMB/IL27RA/IL2RB,0.2377938344236881
GO:0015711,organic anion transport,249,-0.5246745713288267,-1.2453209225398179,0.006354999236879926,0.5037025690944181,0.5037025690944181,2504,"tags=24%, list=19%, signal=20%",CTNS/PER2/PLA2R1/SLC27A6/SLC13A2/SLC7A7/SLC25A29/KCNK2/SLC16A9/SLC39A4/IL1B/SLC6A9/SLCO2A1/SLC4A11/SLC13A3/SLC2A3/PLEKHA8P1/CLN3/TTYH2/SLC7A6/SLC16A7/CD36/SLC35B4/SLC1A3/TNFRSF11A/SLC6A14/SLC2A8/SLC4A7/FOLR1/ACE/SLC25A25/ABCC10/SLC38A7/RBP7/AKT2/SLC4A3/EDN1/CEACAM1/SLC16A3/SLC16A4/PANX1/STXBP1/CRABP1/EMB/ACSL4/SLCO3A1/SLC25A15/SLC25A13/ABCC5/PRAF2/GJA1/PPARD/SLC43A3/SLC35D2/MFSD12/SLC4A8/SLC16A2/ABCC3/CRABP2/ALB,0.40701791892395395
GO:0051963,regulation of synapse assembly,117,-0.5331631425970275,-1.2434822150418465,0.038,0.7017747420039213,0.7017747420039213,2937,"tags=35%, list=22%, signal=27%",CUX2/CASKIN1/CLSTN3/NECTIN1/SRGAP3/PTPRS/PRKCA/NECTIN3/APP/EFNA5/IL1RAP/ICAM5/FARP1/LRFN1/RTN4R/ARMCX5-GPRASP2/AGRN/ST8SIA2/PPP1R9B/CYFIP2/MARK1/SEMA4C/ELMO1/TLR2/NRXN2/MAP1B/RTN4RL2/LRFN4/NRXN1/NTRK3/SRGAP2/LZTS1/SRPX2/PRICKLE1/NLGN4X/NUMBL/NLGN2/MEF2C/DOCK10/UBE2M/SDC2,0.2311267096738343
GO:0010876,lipid localization,294,-0.5236238340686958,-1.2429128403327474,0.004090120068262493,0.46442804668108034,0.4644280466810804,2852,"tags=27%, list=22%, signal=22%",SYK/PITPNA/CLSTN3/STOML2/TMEM41B/RBP5/VPS13D/VPS53/TSPO/RBP4/EGF/APOL1/P2RX7/PLA2R1/EEPD1/SLC27A6/LIPG/VPS13C/CIDEB/VPS13A/PRELID3A/OSBP2/ANO5/PTPN2/IL1B/ITGB3/SLCO2A1/ABCA8/SPNS2/PITPNC1/ANXA2/KCNQ1/SLC13A3/IKBKE/PTCH1/PLEKHA8P1/PRKN/ABCA9/APOLD1/APOO/CLN3/CD36/TNFRSF11A/OSBPL6/STRA6/LPL/XKR6/ACE/APOL3/ATP10A/OSBPL3/LCAT/ABCA6/ABCC10/ATP10D/PLIN2/INHBA/RBP7/AKT2/GULP1/EDN1/CEACAM1/CRABP1/NR1H3/ECRG4/ACSL4/CRY1/SLCO3A1/ACACB/SGPP1/MAPK3/ESYT1/PPARD/SLC43A3/PLSCR4/PLSCR1/ATG2A/SPP1/ABCC3/CRABP2,0.40701791892395395
GO:0051897,positive regulation of phosphatidylinositol 3-kinase/protein kinase B signal transduction,141,-0.5286760423731535,-1.2382253550930364,0.03596403596403597,0.7017747420039213,0.7017747420039213,2763,"tags=27%, list=21%, signal=22%",PIK3CA/CX3CL1/RICTOR/EGF/DAG1/IL1R1/FGR/APP/RASD2/EFNA5/IL18/LAMA1/ADAM8/IL1B/HGF/F2RL1/NTRK2/PIK3CG/VAV1/ADTRP/MYORG/NRXN1/F2R/KIT/NTRK3/BTBD10/TSPYL5/EXTL3/JAK2/LARGE1/AXL/PTPRJ/DDR2/IGF1/CHI3L1/FGF2/PDGFRA/CCL3,0.2377938344236881
GO:0006836,neurotransmitter transport,117,-0.5303877329175506,-1.2370092008738494,0.041,0.7017747420039213,0.7017747420039213,2509,"tags=27%, list=19%, signal=22%",PRRT2/PER2/APP/SV2A/KCNMB4/PCLO/ERC2/DYSF/CDK5/STX2/SLC6A9/RIMS3/ITGB3/SYN2/FER1L5/PRKN/STX1B/MCTP1/SNPH/NRXN2/SLC1A3/SLC6A14/NRXN1/VAMP1/SNAP47/PRKCB/MCTP2/STXBP1/VPS18/GPM6B/MEF2C/SLC4A8,0.2220560461452484
GO:0019318,hexose metabolic process,154,-0.5270024521227458,-1.2353016775497332,0.030979695533835633,0.6842619090041728,0.6842619090041728,2569,"tags=23%, list=20%, signal=19%",RBP4/PER2/ENO3/FUT4/GNB3/PTPN2/FUOM/KCNQ1/GDPGP1/FUT1/FBN1/PRKN/GLB1L/DGAT2/GPLD1/GLB1L2/ENO2/ALDOC/MPI/FUCA2/DGKQ/POFUT2/AKT2/PFKM/DYRK2/CRY1/DLAT/ACACB/SLC25A13/PFKFB3/C1QTNF3/PPARD/IGF1/PHKA1/PHKG2,0.35248785758361917
GO:0009743,response to carbohydrate,133,-0.5212711469965481,-1.2326498333792886,0.046,0.7279793160860656,0.7279793160860656,1989,"tags=18%, list=15%, signal=15%",LCN2/PNPLA3/ZFP36L1/ZBTB20/PDE8B/CALCRL/PRKN/NR1D1/ADCY5/MAP1B/GPLD1/CACNA2D1/AGER/EIF2B3/LPL/EIF2B2/COL1A1/RASAL2/ZBED3/PPARD/SERPINF1/GCLM/SRF/OXCT1,0.2089550275493539
GO:0016358,dendrite development,148,-0.5229926658825226,-1.2243373551717585,0.03396603396603397,0.6975686513374956,0.6975686513374956,2937,"tags=30%, list=22%, signal=23%",CUX2/CUX1/RAPGEF2/ANKRD27/PICALM/BCL11A/DISC1/FMR1/ABI2/PTPRS/ARF4/PTN/APP/BMP5/CAMK1/FARP1/CDK5/MEF2A/ARMCX5-GPRASP2/BMP7/MAP1A/MARK1/RTN4IP1/GORASP1/FAT3/ZDHHC15/LRP8/MAP1B/SRCIN1/CAMK2B/HECW2/SRGAP2/LZTS1/LLPH/LPAR1/PRICKLE1/NUMBL/NLGN2/MEF2C/PAK3/DOCK10/MAPRE3/KCTD12/SDC2,0.24504178543099617
GO:0046879,hormone secretion,156,-0.5186332629140649,-1.224152071994138,0.030969030969030968,0.6842619090041728,0.6842619090041728,2607,"tags=25%, list=20%, signal=20%",TSPO/RBP4/PER2/IL11/PRKCA/EDN3/EFNA5/IL1B/REST/SCG5/ANXA1/PDE8B/KCNQ1/PRKN/NR1D1/GNAO1/ADCY5/FAM3B/GNAZ/GPLD1/ILDR1/CACNA2D1/NIBAN2/LIF/CAPN10/JAK2/INHBA/EDN1/HFE/NLGN2/ECRG4/ACSL4/CRY1/PSMD9/GJA1/C1QTNF3/PPARD/SPP1/OXCT1,0.25720646646883816
GO:0050804,modulation of chemical synaptic transmission,286,-0.5149521250585158,-1.223858506226613,0.006354999236879926,0.5037025690944181,0.5037025690944181,2544,"tags=26%, list=19%, signal=22%",PTPRS/PRRT2/NALCN/PTN/APP/PLK2/KCNMB4/ADORA3/KCNK2/DYSF/CDK5/IL1B/SLC6A9/RIMS3/TSHZ3/CACNG8/FAM107A/NTRK2/MAP1A/CYP46A1/FER1L5/GLRA3/COLQ/C1QL1/NTF4/PRKN/PDE9A/GNAO1/STX1B/CLN3/PRKAR1B/MCTP1/LRP8/NRXN2/MAP1B/AGER/CAMK2B/NRXN1/F2R/DLGAP1/DGKE/KIT/YWHAG/ACE/PRKCB/AKAP12/PLCL1/PXK/MCTP2/LZTS1/NRXN3/EFNB3/MTMR2/S100B/JAK2/LGMN/OPHN1/NLGN4X/STXBP1/VPS18/NLGN2/BACE1/GRIK3/MEF2C/AKAP7/NGFR/MAPK3/RGS14/HSPG2/HOMER2/C1QTNF3/IGF1/PRNP/SLC4A8/IGSF21,0.40701791892395395
GO:1901888,regulation of cell junction assembly,200,-0.5175108345554482,-1.221060994010801,0.02501575360064964,0.6203293009437169,0.6203293009437169,3231,"tags=36%, list=25%, signal=28%",PTPN13/EPHB3/CC2D1A/DMTN/MYCBP2/S100A10/PEAK1/ROCK2/CUX2/CASKIN1/RAPGEF2/CLSTN3/NECTIN1/SFRP1/SRGAP3/TSC1/PPM1F/PTPRS/MMP14/COL16A1/IRX3/PRKCA/NECTIN3/APP/LDB1/EFNA5/IL1RAP/ICAM5/FARP1/ARHGAP6/LRFN1/RTN4R/IL1B/ARMCX5-GPRASP2/AGRN/ST8SIA2/PPP1R9B/CRB3/FAM107A/CYFIP2/MARK1/SEMA4C/TLN1/ELMO1/WNT4/ANKRD28/TLR2/THY1/NRXN2/MAP1B/RTN4RL2/LRFN4/NRXN1/NPHP4/ACE/MAP4K4/NTRK3/SRGAP2/LZTS1/SRPX2/PRICKLE1/NLGN4X/RAB40C/NUMBL/NLGN2/GPM6B/PTPRJ/MEF2C/DOCK10/SNAI2/UBE2M/SDC2,0.35248785758361917
GO:0031667,response to nutrient levels,351,-0.5121243301088765,-1.220982143218593,0.0069521046793784525,0.5037025690944181,0.5037025690944181,2986,"tags=26%, list=23%, signal=21%",CDKN1A/DELE1/MYBBP1A/SP1/ADCY3/STK24/KCNB1/MCU/CXCL10/DDIT3/SFRP1/SESN3/F7/TSPO/TSC1/RICTOR/BRCC3/NPPC/CCL28/SH3GLB1/TRIM32/SFRP2/LIPG/CIDEB/ARSB/LCN2/CASTOR1/FADS1/BMP7/SGIP1/FAM107A/CDKN2B/IL15RA/PIM1/PAK5/ZEB2/FBN1/PHEX/MN1/DGAT2/CD40/MAP1B/TNFRSF11A/CDKN2D/DRAM1/SIRT5/KPTN/NUPR2/BCAS3/TFEB/LPL/RARRES2/FOLR1/YWHAG/FAS/SNAP47/FES/PAK6/CAD/PLD1/PLIN2/COL1A1/INHBA/RRAGD/RASAL2/SESN2/RIPOR1/HFE/PRKAB1/OTUD3/MKKS/POR/RRAGB/ACACB/PAK3/VDR/GDAP1/SNAI2/MAPK3/PPARD/ALAS1/SEH1L/NPRL3/CLEC16A/GCLM/MAP1LC3A/SPP1/SRF/AFP/ALB/RHEB/PSPH/OXCT1,0.40701791892395395
GO:0006869,lipid transport,281,-0.5142227918072741,-1.2200050378293639,0.006610901478755159,0.5037025690944181,0.5037025690944181,2852,"tags=26%, list=22%, signal=21%",SYK/PITPNA/TMEM41B/RBP5/VPS13D/VPS53/TSPO/RBP4/EGF/APOL1/P2RX7/PLA2R1/EEPD1/SLC27A6/LIPG/VPS13C/CIDEB/VPS13A/PRELID3A/OSBP2/ANO5/IL1B/ITGB3/SLCO2A1/ABCA8/SPNS2/PITPNC1/ANXA2/KCNQ1/SLC13A3/PTCH1/PLEKHA8P1/PRKN/ABCA9/APOLD1/APOO/CLN3/CD36/TNFRSF11A/OSBPL6/STRA6/XKR6/ACE/APOL3/ATP10A/OSBPL3/LCAT/ABCA6/ABCC10/ATP10D/INHBA/RBP7/AKT2/GULP1/EDN1/CEACAM1/CRABP1/NR1H3/ECRG4/ACSL4/CRY1/SLCO3A1/SGPP1/MAPK3/ESYT1/PPARD/SLC43A3/PLSCR4/PLSCR1/ATG2A/SPP1/ABCC3/CRABP2,0.40701791892395395
GO:0042594,response to starvation,174,-0.5149137499470363,-1.2178135331940358,0.04095904095904096,0.7017747420039213,0.7017747420039213,1202,"tags=14%, list=9%, signal=13%",TNFRSF11A/KPTN/NUPR2/BCAS3/TFEB/YWHAG/FAS/SNAP47/PAK6/CAD/PLIN2/RRAGD/SESN2/RIPOR1/HFE/RRAGB/PAK3/MAPK3/SEH1L/NPRL3/CLEC16A/MAP1LC3A/ALB/OXCT1,0.2220560461452484
GO:0009914,hormone transport,162,-0.5139793558163477,-1.2134693175065492,0.03996003996003996,0.7017747420039213,0.7017747420039213,2607,"tags=25%, list=20%, signal=20%",TSPO/RBP4/PER2/IL11/PRKCA/EDN3/EFNA5/IL1B/REST/SCG5/ANXA1/PDE8B/KCNQ1/PRKN/NR1D1/GNAO1/ADCY5/FAM3B/GNAZ/GPLD1/ILDR1/CACNA2D1/NIBAN2/LIF/CAPN10/JAK2/INHBA/EDN1/HFE/NLGN2/ECRG4/ACSL4/CRY1/PSMD9/GJA1/C1QTNF3/PPARD/SLC16A2/SPP1/OXCT1,0.22496609354031377
GO:0007517,muscle organ development,150,-0.5154320825342702,-1.2085000133938766,0.049,0.7309080814721365,0.7309080814721365,2631,"tags=27%, list=20%, signal=22%",COL3A1/COL6A3/CFL2/SGCE/DAG1/CAPN3/GPC1/RYR1/UTRN/CNTNAP1/DPF3/MEF2A/HDAC9/COL6A1/SHOX2/KLHL41/SGCD/JPH2/EID2B/ID3/ITGA11/BASP1/MYORG/MCUB/STRA6/SIX4/RCAN1/DLL1/RIPOR2/EFEMP2/S100B/LARGE1/MEF2C/MYL6B/IGF1/PRR14/MRTFB/CAV2/MEGF10/LAMA2,0.20207170902115992
GO:0050803,regulation of synapse structure or activity,213,-0.5108062962230147,-1.2075361106304365,0.030969030969030968,0.6842619090041728,0.6842619090041728,2937,"tags=31%, list=22%, signal=24%",CUX2/NRP2/TUBB/CASKIN1/CLSTN3/NECTIN1/ABHD17A/SRGAP3/DISC1/ABI2/PTPRS/ARF4/DAG1/CTTNBP2/PRKCA/NECTIN3/APP/EFNA5/IL1RAP/ICAM5/CAMK1/CNTNAP1/FARP1/CDK5/LRFN1/RTN4R/ARMCX5-GPRASP2/AGRN/ST8SIA2/PPP1R9B/CYFIP2/MARK1/SEMA4C/ELMO1/C1QL1/IL10RA/ZDHHC15/TLR2/STX1B/CLN3/TUBA1A/LRP8/NRXN2/MAP1B/SRCIN1/RTN4RL2/LRFN4/CAMK2B/NRXN1/NTRK3/SRGAP2/LZTS1/SRPX2/PRICKLE1/NLGN4X/NUMBL/NLGN2/MEF2C/PAK3/DOCK10/PRNP/MAPRE3/MRTFB/UBE2M/SDC2,0.25720646646883816
GO:0099177,regulation of trans-synaptic signaling,287,-0.5092628466749275,-1.206014811500495,0.014205906775151515,0.5346848531074662,0.5346848531074662,2544,"tags=26%, list=19%, signal=22%",PTPRS/PRRT2/NALCN/PTN/APP/PLK2/KCNMB4/ADORA3/KCNK2/DYSF/CDK5/IL1B/SLC6A9/RIMS3/TSHZ3/CACNG8/FAM107A/NTRK2/MAP1A/CYP46A1/FER1L5/GLRA3/COLQ/C1QL1/NTF4/PRKN/PDE9A/GNAO1/STX1B/CLN3/PRKAR1B/MCTP1/LRP8/NRXN2/MAP1B/AGER/CAMK2B/NRXN1/F2R/DLGAP1/DGKE/KIT/YWHAG/ACE/PRKCB/AKAP12/PLCL1/PXK/MCTP2/LZTS1/NRXN3/EFNB3/MTMR2/S100B/JAK2/LGMN/OPHN1/NLGN4X/STXBP1/VPS18/NLGN2/BACE1/GRIK3/MEF2C/AKAP7/NGFR/MAPK3/RGS14/HSPG2/HOMER2/C1QTNF3/IGF1/PRNP/SLC4A8/IGSF21,0.3807304007227924
GO:0050807,regulation of synapse organization,211,-0.5087388659016134,-1.2047848569601372,0.03196803196803197,0.6894669509594883,0.6894669509594883,2937,"tags=30%, list=22%, signal=24%",CUX2/NRP2/TUBB/CASKIN1/CLSTN3/NECTIN1/ABHD17A/SRGAP3/DISC1/ABI2/PTPRS/ARF4/DAG1/CTTNBP2/PRKCA/NECTIN3/APP/EFNA5/IL1RAP/ICAM5/CAMK1/CNTNAP1/FARP1/CDK5/LRFN1/RTN4R/ARMCX5-GPRASP2/AGRN/ST8SIA2/PPP1R9B/CYFIP2/MARK1/SEMA4C/ELMO1/C1QL1/IL10RA/ZDHHC15/TLR2/CLN3/TUBA1A/LRP8/NRXN2/MAP1B/SRCIN1/RTN4RL2/LRFN4/CAMK2B/NRXN1/NTRK3/SRGAP2/LZTS1/SRPX2/PRICKLE1/NLGN4X/NUMBL/NLGN2/MEF2C/PAK3/DOCK10/PRNP/MAPRE3/MRTFB/UBE2M/SDC2,0.2529611230696109
GO:0051338,regulation of transferase activity,224,-0.510861214639317,-1.2045419330098563,0.026973026973026972,0.636276236825908,0.636276236825908,2407,"tags=21%, list=18%, signal=17%",FGR/HIPK3/LDB1/RIPK3/CDC6/EREG/RASSF2/TLR3/CHMP6/PIK3CG/CD300A/TSPYL2/STRADA/PRKN/PRKAR1B/PILRB/PUM3/THY1/SRCIN1/PAQR3/MAD2L1/MAD2L2/RFC3/YWHAG/SERTAD1/FGF1/ZFYVE28/ZNF16/LATS2/ERRFI1/JAK2/CEACAM1/SESN2/KSR1/TFAP4/PTPRJ/DDR2/RGS14/ALS2/IGF1/FGF2/TARBP2/RAP2B/MRNIP/SFN/STK38/DIRAS3,0.2765005992544716
GO:0043491,phosphatidylinositol 3-kinase/protein kinase B signal transduction,215,-0.507035592920477,-1.2012571362366793,0.04095904095904096,0.7017747420039213,0.7017747420039213,2763,"tags=27%, list=21%, signal=22%",PIK3CA/DDIT3/CX3CL1/CD160/PIP5KL1/PIK3R1/RICTOR/EGF/ADAM17/DAG1/IL1R1/PHLPP1/FGR/APP/RASD2/EFNA5/IL18/LAMA1/PIP5K1B/ADAM8/IL1B/ZFP36L1/PIK3CD/RNF41/HGF/F2RL1/NTRK2/RCN3/PIK3CG/VAV1/ADTRP/MYORG/NRXN1/RGCC/F2R/KIT/NTRK3/INPP5E/WDR91/BTBD10/TSPYL5/EXTL3/JAK2/LARGE1/GAB2/EDN1/CEACAM1/OTUD3/SH2B3/AXL/PTPRJ/DDR2/IGF1/CHI3L1/FGF2/PDGFRA/PIK3C2G/CCL3,0.2220560461452484
GO:0051960,regulation of nervous system development,247,-0.5024505195469288,-1.1882473418840689,0.028971028971028972,0.667196780006225,0.667196780006225,3231,"tags=34%, list=25%, signal=26%",PTPN13/EPHB3/CDK18/RUFY3/FBXW8/MEST/SOX10/S100A10/DOCK7/CUX2/CUX1/PLXND1/RAPGEF2/CLSTN3/ANKRD27/BCL11A/PRTG/CX3CL1/WDR62/DISC1/FMR1/TSPO/PRKCI/SRRT/PTPRS/PTN/PER2/DAG1/PRKCA/DAAM2/TRIM32/VIM/EFNA5/IL1RAP/JAM2/RTN4R/IL1B/ARMCX5-GPRASP2/CLCN2/AGRN/WNT3/SHOX2/REST/ST8SIA2/GFAP/NTRK2/ANXA2/PLAG1/GORASP1/CLCF1/NR1D1/TLR2/THY1/LRP8/TPPP/MAP1B/SEMA6C/RTN4RL2/CAMK2B/NRXN1/KIT/DYNLT1/DLL1/TIAM2/RGMA/NTRK3/TNFRSF21/EFNB3/SRPX2/S100B/SERPINE2/IL34/NSUN5/NUMBL/NLGN2/PTPRZ1/DICER1/RGS14/HMGB2/IGF1/MAPRE3/SERPINF1/SPP1/TGM2,0.2663506570885256
GO:0007610,behavior,226,-0.5019205252863685,-1.1855215010545028,0.04795204795204795,0.7309080814721365,0.7309080814721365,2607,"tags=25%, list=20%, signal=20%",TSPO/TSC1/PTN/PRKCA/APP/RASD2/PLK2/NPY2R/AMFR/KCNK2/LPAR5/EDNRB/LCN2/ARMCX5-GPRASP2/SGIP1/PPP1R9B/NTRK2/MAP1A/CNTN1/KCNQ1/PTCHD1/GNAI1/C1QL1/NTF4/PRKN/NR1D1/TLR2/CLN3/TUBA1A/SCN3A/NRXN2/CHRNB1/AGER/STRA6/NRXN1/NPHP4/KIT/NRXN3/SRPX2/S100B/CFAP20/LGMN/NLGN4X/NLGN2/BACE1/PTPRZ1/MKKS/MEF2C/RGS14/FGF2/PRNP/MAPRE3/SERPINF1/SRF/CCL3/ATXN1L,0.2042947565168861
GO:0042391,regulation of membrane potential,219,-0.49943027847646354,-1.1803943756838264,0.048,0.7309080814721365,0.7309080814721365,2937,"tags=27%, list=22%, signal=21%",CUX2/DMD/KCNB1/CAMK2D/DSC2/FMR1/TSPO/PIP5KL1/NALCN/P2RX7/APP/KCNMB4/NPY2R/CCN6/CNTNAP1/KCNK2/KCNS3/CLCN2/BAK1/RIMS3/BAX/SLC4A11/RNF122/GLRA3/KCNQ1/FGF12/AKAP6/PRKN/STX1B/ANK2/CLN3/PRKAR1B/FLNA/SCN3A/CD36/CACNA2D1/CHRNB1/NRXN1/KCNH8/CACNB3/KCNC3/MTMR2/SCN8A/KCNN4/SLC4A3/EDN1/NLGN4X/NLGN2/GRIK3/CACNA1C/MEF2C/AKAP7/GJA1/KCNC4/SLC25A27/SLC4A8/KCNE4/ALB/SCN7A,0.2042947565168861
GO:0006935,chemotaxis,277,-0.49195647973898454,-1.1680048337519917,0.025974025974025976,0.6304906658680244,0.6304906658680244,2852,"tags=31%, list=22%, signal=25%",SYK/MCU/CXCL10/CMKLR1/FPR1/DNM1L/RAC2/PDE4B/CX3CL1/CCL3L3/F7/MTUS1/PPM1F/CCN1/PTN/SEMA3B/CCL28/PLP2/ADAM17/TNFAIP6/EDN3/APP/EFNA5/IL16/SEMA6A/ADGRA2/TIRAP/EDNRB/PTPN2/ADAM8/PGF/PIK3CD/SAA1/ITGB3/HGF/SERPINE1/F2RL1/ANXA1/SEMA4C/ALKBH1/S100A8/PIK3CG/CDH13/PRKCD/LGR6/JAM3/ANOS1/C5AR1/JAML/TNFRSF11A/SEMA6C/CSF1/UNC5C/FLRT2/RARRES2/KIT/SEMA4F/DEFB1/MPP1/FES/FGF1/NTRK3/RIPOR2/PLD1/LGMN/LPAR1/IL34/EDN1/SBDS/CXCL2/PLAUR/CYP7B1/PTPRJ/CMTM3/CMTM7/FGF10/MAPK3/HMGB2/MOSPD2/FGF2/RPS19/PDGFRA/PIK3C2G/PADI2/CCL3,0.2820133500117251
GO:0042330,taxis,277,-0.49195647973898454,-1.1680048337519917,0.025974025974025976,0.6304906658680244,0.6304906658680244,2852,"tags=31%, list=22%, signal=25%",SYK/MCU/CXCL10/CMKLR1/FPR1/DNM1L/RAC2/PDE4B/CX3CL1/CCL3L3/F7/MTUS1/PPM1F/CCN1/PTN/SEMA3B/CCL28/PLP2/ADAM17/TNFAIP6/EDN3/APP/EFNA5/IL16/SEMA6A/ADGRA2/TIRAP/EDNRB/PTPN2/ADAM8/PGF/PIK3CD/SAA1/ITGB3/HGF/SERPINE1/F2RL1/ANXA1/SEMA4C/ALKBH1/S100A8/PIK3CG/CDH13/PRKCD/LGR6/JAM3/ANOS1/C5AR1/JAML/TNFRSF11A/SEMA6C/CSF1/UNC5C/FLRT2/RARRES2/KIT/SEMA4F/DEFB1/MPP1/FES/FGF1/NTRK3/RIPOR2/PLD1/LGMN/LPAR1/IL34/EDN1/SBDS/CXCL2/PLAUR/CYP7B1/PTPRJ/CMTM3/CMTM7/FGF10/MAPK3/HMGB2/MOSPD2/FGF2/RPS19/PDGFRA/PIK3C2G/PADI2/CCL3,0.2820133500117251
GO:0010817,regulation of hormone levels,269,-0.49389668796989455,-1.1667697395386796,0.04095904095904096,0.7017747420039213,0.7017747420039213,2611,"tags=24%, list=20%, signal=20%",DUOXA1/TSPO/RBP4/DUOX1/PER2/IL11/PRKCA/EDN3/CYP27C1/CHST8/EFNA5/BMP5/GNB3/EDNRB/IL1B/CLCN2/REST/SCG5/PLB1/ANXA1/CYP46A1/PDE8B/KCNQ1/UGT2B15/WNT4/PRKN/NR1D1/GNAO1/LIPE/ADCY5/DGAT2/FAM3B/GNAZ/GPLD1/ILDR1/CACNA2D1/PCSK4/HSD17B11/KLK6/NIBAN2/LIF/PRMT3/CAPN10/ACE/PCSK5/DGKQ/JAK2/INHBA/EDN1/HFE/NLGN2/ECRG4/ACSL4/CRY1/POR/PSMD9/GJA1/C1QTNF3/PPARD/CES2/BACE2/SLC16A2/ANPEP/SPP1/OXCT1,0.2220560461452484
GO:0001932,regulation of protein phosphorylation,289,-0.48988430951162976,-1.1562003459828427,0.04595404595404595,0.7279793160860656,0.7279793160860656,2413,"tags=21%, list=18%, signal=18%",IL11/FGR/HIPK3/FLT4/RIPK3/ARL2BP/SFRP2/SAMSN1/CDC6/IL18/EREG/PTPN2/RASSF2/TLR3/CHMP6/PIK3CG/PELI2/NSD1/CD300A/TSPYL2/CNKSR3/STRADA/IL10RA/PRKAR1B/PILRB/THY1/SRCIN1/PAQR3/IGFBP3/LIF/MAD2L2/RARRES2/KIT/YWHAG/SERTAD1/FGF1/ZFYVE28/LATS2/ERRFI1/JAK2/IL34/CEACAM1/SESN2/PLAUR/TRIM6/KSR1/FBLN1/TFAP4/PTPRJ/ZBED3/DDR2/FGF10/RGS14/ALS2/IGF1/FGF2/TARBP2/RAP2B/MRNIP/SFN/STK38/DIRAS3,0.2089550275493539
NA,NA,NA,NA,NA,NA,NA,NA,NA,NA,,NA
NA,NA,NA,NA,NA,NA,NA,NA,NA,NA,,NA
NA,NA,NA,NA,NA,NA,NA,NA,NA,NA,,NA
NA,NA,NA,NA,NA,NA,NA,NA,NA,NA,,NA
NA,NA,NA,NA,NA,NA,NA,NA,NA,NA,,NA
NA,NA,NA,NA,NA,NA,NA,NA,NA,NA,,NA
NA,NA,NA,NA,NA,NA,NA,NA,NA,NA,,NA
NA,NA,NA,NA,NA,NA,NA,NA,NA,NA,,NA
NA,NA,NA,NA,NA,NA,NA,NA,NA,NA,,NA
NA,NA,NA,NA,NA,NA,NA,NA,NA,NA,,NA
NA,NA,NA,NA,NA,NA,NA,NA,NA,NA,,NA
NA,NA,NA,NA,NA,NA,NA,NA,NA,NA,,NA
NA,NA,NA,NA,NA,NA,NA,NA,NA,NA,,NA
NA,NA,NA,NA,NA,NA,NA,NA,NA,NA,,NA
NA,NA,NA,NA,NA,NA,NA,NA,NA,NA,,NA
NA,NA,NA,NA,NA,NA,NA,NA,NA,NA,,NA
NA,NA,NA,NA,NA,NA,NA,NA,NA,NA,,NA
NA,NA,NA,NA,NA,NA,NA,NA,NA,NA,,NA
NA,NA,NA,NA,NA,NA,NA,NA,NA,NA,,NA
NA,NA,NA,NA,NA,NA,NA,NA,NA,NA,,NA
NA,NA,NA,NA,NA,NA,NA,NA,NA,NA,,NA
NA,NA,NA,NA,NA,NA,NA,NA,NA,NA,,NA
NA,NA,NA,NA,NA,NA,NA,NA,NA,NA,,NA
NA,NA,NA,NA,NA,NA,NA,NA,NA,NA,,NA
NA,NA,NA,NA,NA,NA,NA,NA,NA,NA,,NA
NA,NA,NA,NA,NA,NA,NA,NA,NA,NA,,NA
NA,NA,NA,NA,NA,NA,NA,NA,NA,NA,,NA
NA,NA,NA,NA,NA,NA,NA,NA,NA,NA,,NA
NA,NA,NA,NA,NA,NA,NA,NA,NA,NA,,NA
NA,NA,NA,NA,NA,NA,NA,NA,NA,NA,,NA
NA,NA,NA,NA,NA,NA,NA,NA,NA,NA,,NA
NA,NA,NA,NA,NA,NA,NA,NA,NA,NA,,NA
NA,NA,NA,NA,NA,NA,NA,NA,NA,NA,,NA
NA,NA,NA,NA,NA,NA,NA,NA,NA,NA,,NA
NA,NA,NA,NA,NA,NA,NA,NA,NA,NA,,NA
NA,NA,NA,NA,NA,NA,NA,NA,NA,NA,,NA
NA,NA,NA,NA,NA,NA,NA,NA,NA,NA,,NA
NA,NA,NA,NA,NA,NA,NA,NA,NA,NA,,NA
NA,NA,NA,NA,NA,NA,NA,NA,NA,NA,,NA
NA,NA,NA,NA,NA,NA,NA,NA,NA,NA,,NA
NA,NA,NA,NA,NA,NA,NA,NA,NA,NA,,NA
NA,NA,NA,NA,NA,NA,NA,NA,NA,NA,,NA
NA,NA,NA,NA,NA,NA,NA,NA,NA,NA,,NA
NA,NA,NA,NA,NA,NA,NA,NA,NA,NA,,NA
NA,NA,NA,NA,NA,NA,NA,NA,NA,NA,,NA
NA,NA,NA,NA,NA,NA,NA,NA,NA,NA,,NA
NA,NA,NA,NA,NA,NA,NA,NA,NA,NA,,NA
NA,NA,NA,NA,NA,NA,NA,NA,NA,NA,,NA
NA,NA,NA,NA,NA,NA,NA,NA,NA,NA,,NA
NA,NA,NA,NA,NA,NA,NA,NA,NA,NA,,NA
NA,NA,NA,NA,NA,NA,NA,NA,NA,NA,,NA
NA,NA,NA,NA,NA,NA,NA,NA,NA,NA,,NA
NA,NA,NA,NA,NA,NA,NA,NA,NA,NA,,NA
NA,NA,NA,NA,NA,NA,NA,NA,NA,NA,,NA
NA,NA,NA,NA,NA,NA,NA,NA,NA,NA,,NA
NA,NA,NA,NA,NA,NA,NA,NA,NA,NA,,NA
NA,NA,NA,NA,NA,NA,NA,NA,NA,NA,,NA
NA,NA,NA,NA,NA,NA,NA,NA,NA,NA,,NA
NA,NA,NA,NA,NA,NA,NA,NA,NA,NA,,NA
NA,NA,NA,NA,NA,NA,NA,NA,NA,NA,,NA
NA,NA,NA,NA,NA,NA,NA,NA,NA,NA,,NA
NA,NA,NA,NA,NA,NA,NA,NA,NA,NA,,NA
