"","Sample","Cluster","Max_Coefficient","Rank"
"set1_3_11770_354_EN_E_S1_R1_001","set1_3_11770_354_EN_E_S1_R1_001",1,0.0882558607970794,4
"set1_3_11772_354_IDC_E_S3_R1_001","set1_3_11772_354_IDC_E_S3_R1_001",1,0.0787667237537495,4
"set1_3_11774_354_RS1_E_center_S5_R1_001","set1_3_11774_354_RS1_E_center_S5_R1_001",3,0.0652998259657729,4
"set1_3_11776_354_RS1_E_peripheral_S7_R1_001","set1_3_11776_354_RS1_E_peripheral_S7_R1_001",1,0.08538962139241,4
"set1_3_11778_354_RS2_E_center_S9_R1_001","set1_3_11778_354_RS2_E_center_S9_R1_001",1,0.0651118761729058,4
"set1_3_11780_354_RS2_E_peripheral_S11_R1_001","set1_3_11780_354_RS2_E_peripheral_S11_R1_001",1,0.0660431817177482,4
"set1_3_11782_354_NL_E_S13_R1_001","set1_3_11782_354_NL_E_S13_R1_001",1,0.0804088410450417,4
"set1_3_11784_355_RS1_E_center_S15_R1_001","set1_3_11784_355_RS1_E_center_S15_R1_001",3,0.0528443235178673,4
"set1_3_11786_355_RS1_E_peripheral_S17_R1_001","set1_3_11786_355_RS1_E_peripheral_S17_R1_001",1,0.0886732350073464,4
"set1_3_11789_355_RS2_E_center_S20_R1_001","set1_3_11789_355_RS2_E_center_S20_R1_001",3,0.0516785332179837,4
"set1_3_11791_355_RS2_E_peripheral_S22_R1_001","set1_3_11791_355_RS2_E_peripheral_S22_R1_001",1,0.0855514467603656,4
"set1_3_11794_355_NL_E_S25_R1_001","set1_3_11794_355_NL_E_S25_R1_001",1,0.0713112121049476,4
"set1_3_11796_355_RS3_E_center_S27_R1_001","set1_3_11796_355_RS3_E_center_S27_R1_001",1,0.0643267795166012,4
"set1_3_11798_355_RS3_E_peripheral_S29_R1_001","set1_3_11798_355_RS3_E_peripheral_S29_R1_001",1,0.0831370452226058,4
"set1_3_11800_356_NL_E_S31_R1_001","set1_3_11800_356_NL_E_S31_R1_001",1,0.0771363008988428,4
"set1_3_11802_356_RS1_E_center_S32_R1_001","set1_3_11802_356_RS1_E_center_S32_R1_001",1,0.061097239909372,4
"set1_3_11804_356_RS1_E_peripheral_S34_R1_001","set1_3_11804_356_RS1_E_peripheral_S34_R1_001",1,0.0932750747186336,4
"set1_3_11806_357_NL_E_S50_R1_001","set1_3_11806_357_NL_E_S50_R1_001",1,0.0337245442172585,4
"set1_3_11808_357_RS1_E_center_S32_R1_001","set1_3_11808_357_RS1_E_center_S32_R1_001",1,0.0332387688030234,4
"set1_3_11810_357_RS1_E_peripheral_S5_R1_001","set1_3_11810_357_RS1_E_peripheral_S5_R1_001",1,0.0404485373259876,4
"set1_3_11813_358_NL_E_S36_R1_001","set1_3_11813_358_NL_E_S36_R1_001",1,0.0892893545520734,4
"set1_3_11815_358_EN_E_S38_R1_001","set1_3_11815_358_EN_E_S38_R1_001",1,0.0924525727830716,4
"set1_3_11817_358_RS1_E_center_S40_R1_001","set1_3_11817_358_RS1_E_center_S40_R1_001",1,0.0791306299428277,4
"set1_3_11819_358_RS1_E_peripheral_S42_R1_001","set1_3_11819_358_RS1_E_peripheral_S42_R1_001",1,0.0945337506866111,4
"set1_3_11821_358_IBC_E_S44_R1_001","set1_3_11821_358_IBC_E_S44_R1_001",2,0.0768903811650462,4
"set1_3_11823_358_RS2_E_center_S46_R1_001","set1_3_11823_358_RS2_E_center_S46_R1_001",3,0.0711350896541841,4
"set1_3_11825_358_RS2_E_peripheral_S48_R1_001","set1_3_11825_358_RS2_E_peripheral_S48_R1_001",1,0.0900214348439475,4
"set1_3_11827_359_RS1_E_center_S50_R1_001","set1_3_11827_359_RS1_E_center_S50_R1_001",1,0.072435034518454,4
"set1_3_11829_359_RS1_E_peripheral_S52_R1_001","set1_3_11829_359_RS1_E_peripheral_S52_R1_001",3,0.0922477908447863,4
"set1_3_11831_359_NL_E_S54_R1_001","set1_3_11831_359_NL_E_S54_R1_001",1,0.0545929156744907,4
"set1_3_11833_359_RS2_E_center_S55_R1_001","set1_3_11833_359_RS2_E_center_S55_R1_001",3,0.0514191828806674,4
"set1_3_11835_359_RS2_E_peripheral_S57_R1_001","set1_3_11835_359_RS2_E_peripheral_S57_R1_001",1,0.0830493870842841,4
"set1_3_11837_359_IDC_E_S59_R1_001","set1_3_11837_359_IDC_E_S59_R1_001",1,0.0775793793339511,4
"set1_3_11838_360_RS1_E_center_S4_R1_001","set1_3_11838_360_RS1_E_center_S4_R1_001",1,0.0545722493113687,4
"set1_3_11840_360_RS1_E_peripheral_S8_R1_001","set1_3_11840_360_RS1_E_peripheral_S8_R1_001",1,0.0469616033054917,4
"set1_3_11842_360_NL_E_S3_R1_001","set1_3_11842_360_NL_E_S3_R1_001",3,0.0449899669259467,4
"set1_3_11844_361_RS1_E_center_S34_R1_001","set1_3_11844_361_RS1_E_center_S34_R1_001",1,0.0341651667075092,4
"set1_3_11846_361_RS1_E_peripheral_S7_R1_001","set1_3_11846_361_RS1_E_peripheral_S7_R1_001",1,0.0463450000848099,4
"set1_3_11848_361_RS2_E_center_S18_R1_001","set1_3_11848_361_RS2_E_center_S18_R1_001",1,0.0355513085864674,4
"set1_3_11850_361_RS2_E_peripheral_S10_R1_001","set1_3_11850_361_RS2_E_peripheral_S10_R1_001",1,0.0467974955499182,4
"set1_3_11852_361_RS4_E_center_S9_R1_001","set1_3_11852_361_RS4_E_center_S9_R1_001",3,0.0323255423821109,4
"set1_3_11854_361_RS4_E_peripheral_S11_R1_001","set1_3_11854_361_RS4_E_peripheral_S11_R1_001",1,0.0469172639696457,4
"set1_3_11856_361_RS3_E_center_S21_R1_001","set1_3_11856_361_RS3_E_center_S21_R1_001",3,0.0345675811364483,4
"set1_3_11858_361_RS3_E_peripheral_S13_R1_001","set1_3_11858_361_RS3_E_peripheral_S13_R1_001",1,0.0370811920638201,4
"set1_3_11860_361_NL_E_S49_R1_001","set1_3_11860_361_NL_E_S49_R1_001",3,0.0393671471282925,4
"set1_3_11862_362_RS1_E_center_S55_R1_001","set1_3_11862_362_RS1_E_center_S55_R1_001",3,0.0425655719066387,4
"set1_3_11864_362_RS1_E_peripheral_S39_R1_001","set1_3_11864_362_RS1_E_peripheral_S39_R1_001",1,0.0431489283823858,4
"set1_3_11867_363_RS1_E_center_S15_R1_001","set1_3_11867_363_RS1_E_center_S15_R1_001",3,0.0345929866246329,4
"set1_3_11869_363_RS1_E_peripheral_S14_R1_001","set1_3_11869_363_RS1_E_peripheral_S14_R1_001",1,0.0420219475129077,4
"set1_3_11871_363_NL_E_S47_R1_001","set1_3_11871_363_NL_E_S47_R1_001",3,0.0374249551460489,4
"set1_3_11873_363_IDC_E_S30_R1_001","set1_3_11873_363_IDC_E_S30_R1_001",1,0.0341767939246862,4
"set1_3_11874_364_RS1_E_center_S38_R1_001","set1_3_11874_364_RS1_E_center_S38_R1_001",3,0.0326139402769592,4
"set1_3_11876_364_RS1_E_peripheral_S16_R1_001","set1_3_11876_364_RS1_E_peripheral_S16_R1_001",1,0.0433701882406792,4
"set1_3_11878_364_NL_E_S19_R1_001","set1_3_11878_364_NL_E_S19_R1_001",3,0.0422829078196321,4
"set1_3_11880_364_RS2_E_center_S12_R1_001","set1_3_11880_364_RS2_E_center_S12_R1_001",1,0.0456004907584932,4
"set1_3_11882_364_RS2_E_peripheral_S6_R1_001","set1_3_11882_364_RS2_E_peripheral_S6_R1_001",1,0.0395394110116429,4
"set1_3_11885_364_NL_E_S22_R1_001","set1_3_11885_364_NL_E_S22_R1_001",3,0.0484172429531416,4
"set1_3_13813_552_IBC_Ep_1","set1_3_13813_552_IBC_Ep_1",2,0.0793006969791599,4
"set1_3_13815_552_EN_Ep_1","set1_3_13815_552_EN_Ep_1",1,0.0711860073013908,4
"set1_3_13819_552_NL_Ep","set1_3_13819_552_NL_Ep",3,0.0590165420712309,4
"set1_3_13821_551_IBC_Ep_2","set1_3_13821_551_IBC_Ep_2",4,0.138019215502529,4
"set1_3_13823_551_AM_Ep","set1_3_13823_551_AM_Ep",1,0.0630866638779568,4
"set1_3_13825_551_UDH_Ep","set1_3_13825_551_UDH_Ep",4,0.110190483873411,4
"set1_3_13826_551_NL_Ep","set1_3_13826_551_NL_Ep",3,0.0651738909193867,4
"set1_3_13828_551_DCIS_Ep","set1_3_13828_551_DCIS_Ep",4,0.0992719030784828,4
"set1_3_13830_550_ADH_Ep_1","set1_3_13830_550_ADH_Ep_1",4,0.0873177515056132,4
"set1_3_13832_550_IBC_Ep_1","set1_3_13832_550_IBC_Ep_1",4,0.101220546965929,4
"set1_3_13834_550_AM_Ep_2","set1_3_13834_550_AM_Ep_2",4,0.115197126280557,4
"set1_3_13836_550_DCIS_Ep_1","set1_3_13836_550_DCIS_Ep_1",4,0.0848405954315581,4
"set1_3_13838_550_CCC_Ep","set1_3_13838_550_CCC_Ep",1,0.0537728382855032,4
"set1_3_13840_549_DCIS_Ep","set1_3_13840_549_DCIS_Ep",2,0.0937480483407724,4
"set1_3_13842_549_IBC_Ep","set1_3_13842_549_IBC_Ep",2,0.110758536558441,4
"set1_3_13844_549_IN_Ep","set1_3_13844_549_IN_Ep",3,0.0460053708120324,4
"set1_3_13846_550_IBC_Ep_2","set1_3_13846_550_IBC_Ep_2",4,0.0713994708907857,4
"set1_3_13848_550_DCIS_Ep_2","set1_3_13848_550_DCIS_Ep_2",4,0.087893467544938,4
"set1_3_13850_549_IP_Ep","set1_3_13850_549_IP_Ep",3,0.0540467208547006,4
"set1_3_13852_549_MC_Ep","set1_3_13852_549_MC_Ep",3,0.0492241316612799,4
"set1_3_13854_549_NL_Ep","set1_3_13854_549_NL_Ep",3,0.0680062762092339,4
"set1_3_13856_549_AM_Ep","set1_3_13856_549_AM_Ep",4,0.138799291500647,4
"set1_3_13858_548_DCIS_Ep","set1_3_13858_548_DCIS_Ep",2,0.0909593463904004,4
"set1_3_13860_548_IBC_Ep","set1_3_13860_548_IBC_Ep",2,0.0877447526896659,4
"set1_3_13862_547_NL_Ep","set1_3_13862_547_NL_Ep",3,0.0788223872944124,4
"set1_3_13864_547_CCC_Ep_1","set1_3_13864_547_CCC_Ep_1",1,0.0567209578714645,4
"set1_3_13866_547_CCH_Ep_1","set1_3_13866_547_CCH_Ep_1",1,0.0730514187449466,4
"set1_3_13868_547_IBC_Ep_1","set1_3_13868_547_IBC_Ep_1",2,0.0942121020324082,4
"set1_3_13870_547_DCIS_Ep","set1_3_13870_547_DCIS_Ep",2,0.104257485366856,4
"set1_3_13872_547_CCC_Ep_2","set1_3_13872_547_CCC_Ep_2",3,0.0663531277118907,4
"set1_3_13876_547_CCC_Ep_3","set1_3_13876_547_CCC_Ep_3",1,0.0512892471165763,4
"set1_3_13878_547_IBC_Ep_2","set1_3_13878_547_IBC_Ep_2",2,0.101560622423495,4
"set1_3_13880_547_NL_Ep","set1_3_13880_547_NL_Ep",3,0.0777608927168574,4
"set1_3_13882_546_NL_Ep","set1_3_13882_546_NL_Ep",3,0.0784255194161285,4
"set1_3_13884_546_ALH_Ep","set1_3_13884_546_ALH_Ep",1,0.0875247446626602,4
"set1_3_13886_546_IBC_Ep","set1_3_13886_546_IBC_Ep",2,0.0954893402394976,4
"set1_3_13888_546_LIN_Ep","set1_3_13888_546_LIN_Ep",3,0.0670517741788952,4
"set1_3_13890_546_CCH_Ep","set1_3_13890_546_CCH_Ep",1,0.0871854561921693,4
"set1_3_13892_546_HIN_Ep","set1_3_13892_546_HIN_Ep",3,0.0654359770169992,4
"set1_3_13894_546_MIN_Ep","set1_3_13894_546_MIN_Ep",3,0.0773270246693894,4
"set1_3_13896_545_CCC_Ep_1","set1_3_13896_545_CCC_Ep_1",4,0.0723482613468835,4
"set1_3_13898_545_ADH_Ep","set1_3_13898_545_ADH_Ep",1,0.0837725533871301,4
"set1_3_13900_545_UDH_Ep_1","set1_3_13900_545_UDH_Ep_1",1,0.0641211016571431,4
"set1_3_13902_545_AM_Ep_1","set1_3_13902_545_AM_Ep_1",4,0.140538456484832,4
"set1_3_13904_545_IBC_Ep","set1_3_13904_545_IBC_Ep",4,0.139733081075911,4
"set1_3_13906_545_DCIS_Ep_1","set1_3_13906_545_DCIS_Ep_1",4,0.140048710049179,4
"set1_3_13908_545_CCC_Ep_2","set1_3_13908_545_CCC_Ep_2",1,0.0655179790962176,4
"set1_3_13910_545_AM_Ep_2","set1_3_13910_545_AM_Ep_2",4,0.177909559396597,4
"set1_3_13912_545_UDH_Ep_2","set1_3_13912_545_UDH_Ep_2",1,0.0613985030547385,4
"set1_3_13914_545_NL_Ep","set1_3_13914_545_NL_Ep",1,0.0703390319780528,4
"set1_3_13916_545_DCIS_Ep_2","set1_3_13916_545_DCIS_Ep_2",4,0.149880727250223,4
"set1_3_13918_545_LVI_Ep","set1_3_13918_545_LVI_Ep",4,0.138465768409884,4
"set1_3_13920_544_MC_Ep","set1_3_13920_544_MC_Ep",3,0.0525980504908866,4
"set1_3_13922_544_NL_Ep","set1_3_13922_544_NL_Ep",3,0.0502635175325821,4
"set1_3_13924_544_DCIS_Ep_1","set1_3_13924_544_DCIS_Ep_1",4,0.0906993068821246,4
"set1_3_13926_544_DCIS_Ep_2","set1_3_13926_544_DCIS_Ep_2",4,0.0988003572948984,4
"set1_3_13928_544_IBC_Ep","set1_3_13928_544_IBC_Ep",4,0.0846800850391608,4
"set1_3_13930_544_DCIS_Ep_3","set1_3_13930_544_DCIS_Ep_3",4,0.0979355621747587,4
"set1_3_13932_543_CCH_Ep_1","set1_3_13932_543_CCH_Ep_1",1,0.0697945853654714,4
"set1_3_13934_543_CCH_Ep_2","set1_3_13934_543_CCH_Ep_2",1,0.0786987130823525,4
"set1_3_13936_568_AM_Ep","set1_3_13936_568_AM_Ep",4,0.153876477506557,4
"set1_3_13938_568_NL_Ep","set1_3_13938_568_NL_Ep",3,0.0663580408722519,4
"set1_3_13940_568_IBC_Ep","set1_3_13940_568_IBC_Ep",2,0.111657031378636,4
"set1_3_13942_568_DCIS_Ep","set1_3_13942_568_DCIS_Ep",2,0.0982183824014156,4
"set1_3_13944_569_CCC_Ep","set1_3_13944_569_CCC_Ep",1,0.0674294016106704,4
"set1_3_13946_570_CCC_Ep_1","set1_3_13946_570_CCC_Ep_1",1,0.0904177954284825,4
"set1_3_13948_570_IBC_Ep","set1_3_13948_570_IBC_Ep",1,0.0700052417972989,4
"set1_3_13950_570_DCIS_Ep","set1_3_13950_570_DCIS_Ep",1,0.080911076220301,4
"set1_3_13952_570_ADH_Ep_1","set1_3_13952_570_ADH_Ep_1",1,0.0824867697096536,4
"set1_3_13954_570_NL_Ep","set1_3_13954_570_NL_Ep",3,0.0926616863008232,4
"set1_3_13956_570_CCC_Ep_2","set1_3_13956_570_CCC_Ep_2",1,0.0780655184667762,4
"set1_3_13958_570_CCH_Ep","set1_3_13958_570_CCH_Ep",1,0.0741053477769481,4
"set1_3_13960_570_ADH_Ep_2","set1_3_13960_570_ADH_Ep_2",1,0.0769753755155437,4
"set1_3_13962_569_IBC_Ep","set1_3_13962_569_IBC_Ep",2,0.107003211004663,4
"set1_3_13966_567_ADH_Ep","set1_3_13966_567_ADH_Ep",1,0.0556133931008428,4
"set1_3_13968_567_DCIS_Ep","set1_3_13968_567_DCIS_Ep",2,0.0845909639946555,4
"set1_3_13970_567_IBC_Ep","set1_3_13970_567_IBC_Ep",2,0.115381726246869,4
"set1_3_13972_567_NL_Ep","set1_3_13972_567_NL_Ep",3,0.0790268191703404,4
"set1_3_13974_569_NL_Ep","set1_3_13974_569_NL_Ep",1,0.0616999409816206,4
"set1_3_13976_565_EN_Ep","set1_3_13976_565_EN_Ep",1,0.0795467871371011,4
"set1_3_13978_565_DCIS_Ep","set1_3_13978_565_DCIS_Ep",2,0.0751309872810769,4
"set1_3_13980_565_NL_Ep","set1_3_13980_565_NL_Ep",3,0.0737097044517523,4
"set1_3_13982_561_DCIS_Ep","set1_3_13982_561_DCIS_Ep",2,0.0892679336755381,4
"set1_3_13984_561_IBC_Ep","set1_3_13984_561_IBC_Ep",2,0.103667659936737,4
"set1_3_13986_561_NL_Ep","set1_3_13986_561_NL_Ep",1,0.0731513836450591,4
"set1_3_13987_562_DCIS_Ep_1","set1_3_13987_562_DCIS_Ep_1",2,0.0888265959436736,4
"set1_3_13989_562_NL_Ep_1","set1_3_13989_562_NL_Ep_1",3,0.0730376161358723,4
"set1_3_13991_562_DCIS_Ep_2","set1_3_13991_562_DCIS_Ep_2",2,0.120433031296142,4
"set1_3_13993_562_NL_Ep_2","set1_3_13993_562_NL_Ep_2",3,0.0588807453261829,4
"set1_3_13995_563_NL_Ep","set1_3_13995_563_NL_Ep",3,0.0660680523836744,4
"set1_3_13999_563_EN_Ep","set1_3_13999_563_EN_Ep",1,0.0618002022988182,4
"set1_3_14001_553_DCIS_Ep","set1_3_14001_553_DCIS_Ep",2,0.0889963776914451,4
"set1_3_14003_553_IBC_Ep","set1_3_14003_553_IBC_Ep",2,0.0755304654342454,4
"set1_3_14005_553_NL_Ep_1","set1_3_14005_553_NL_Ep_1",1,0.0577811032295776,4
"set1_3_14007_553_EN_Ep","set1_3_14007_553_EN_Ep",1,0.0605703051018809,4
"set1_3_14009_553_AM_Ep","set1_3_14009_553_AM_Ep",1,0.0558750413072246,4
"set1_3_14011_553_NL_Ep_2","set1_3_14011_553_NL_Ep_2",3,0.03498633197546,4
"set1_3_14012_560_CCC_Ep","set1_3_14012_560_CCC_Ep",1,0.08741654310509,4
"set1_3_14014_560_AM_Ep","set1_3_14014_560_AM_Ep",4,0.160505054485923,4
"set1_3_14016_560_NL_Ep_1","set1_3_14016_560_NL_Ep_1",1,0.0797484902508962,4
"set1_3_14018_560_NL_Ep_2","set1_3_14018_560_NL_Ep_2",1,0.0709647989888107,4
"set1_3_14020_560_IBC_Ep_1","set1_3_14020_560_IBC_Ep_1",2,0.102788213062538,4
"set1_3_14022_560_SA_Ep","set1_3_14022_560_SA_Ep",1,0.0538192084347485,4
"set1_3_14024_560_NL_Ep","set1_3_14024_560_NL_Ep",3,0.0634211315298638,4
"set1_3_14025_560_IBC_Ep_2","set1_3_14025_560_IBC_Ep_2",2,0.102789582400534,4
"set1_3_14027_572_IP_Ep","set1_3_14027_572_IP_Ep",1,0.073557687833485,4
"set1_3_14028_572_UDH_Ep","set1_3_14028_572_UDH_Ep",4,0.0787054677817092,4
"set1_3_14034_572_IBC_Ep","set1_3_14034_572_IBC_Ep",2,0.0997060736914438,4
"set1_3_14036_571_NL_Ep","set1_3_14036_571_NL_Ep",3,0.0591078819361251,4
"set1_3_14038_571_EN_Ep","set1_3_14038_571_EN_Ep",3,0.0882662974291736,4
"set1_3_14040_571_DCISw_Ep","set1_3_14040_571_DCISw_Ep",2,0.11443653255652,4
"set1_3_14042_571_DCIS_Ep","set1_3_14042_571_DCIS_Ep",2,0.101982974675472,4
"set1_3_14044_571_IBC_Ep_1","set1_3_14044_571_IBC_Ep_1",2,0.114781985263772,4
"set1_3_14046_571_IBC_Ep_2","set1_3_14046_571_IBC_Ep_2",2,0.109103248687444,4
"set1_3_14048_566_IBC_Ep","set1_3_14048_566_IBC_Ep",2,0.102824499191062,4
"set1_3_14050_566_DCIS_Ep","set1_3_14050_566_DCIS_Ep",2,0.0842062388825429,4
"set1_3_14052_566_UDH_Ep","set1_3_14052_566_UDH_Ep",1,0.0644828422797196,4
"set1_3_14054_566_CCC_Ep_1","set1_3_14054_566_CCC_Ep_1",1,0.0726907969735321,4
"set1_3_14056_566_CCC_Ep_2","set1_3_14056_566_CCC_Ep_2",1,0.0687480872116407,4
"set1_3_14058_566_AM_Ep","set1_3_14058_566_AM_Ep",4,0.143953606266544,4
"set1_3_14060_566_NL_Ep","set1_3_14060_566_NL_Ep",1,0.0569682336834603,4
"set1_3_14062_564_DCIS_Ep","set1_3_14062_564_DCIS_Ep",2,0.0792876812636123,4
"set1_3_14064_564_HP_Ep","set1_3_14064_564_HP_Ep",3,0.0642796355451186,4
"set1_3_14066_564_NL_Ep","set1_3_14066_564_NL_Ep",3,0.0741401244905354,4
"set1_3_14068_564_IBC_Ep","set1_3_14068_564_IBC_Ep",2,0.0716905388413044,4
"set1_3_14070_559_DCIS_Ep","set1_3_14070_559_DCIS_Ep",2,0.10090783652626,4
"set1_3_14072_559_IBC_Ep","set1_3_14072_559_IBC_Ep",2,0.125563685842641,4
"set1_3_14074_559_CCH_Ep","set1_3_14074_559_CCH_Ep",1,0.0796751888521979,4
"set1_3_14076_559_AM_Ep","set1_3_14076_559_AM_Ep",4,0.147196747772229,4
"set1_3_14080_558_IBC_Ep","set1_3_14080_558_IBC_Ep",2,0.0825439245866619,4
"set1_3_14082_558_NL_Ep_1","set1_3_14082_558_NL_Ep_1",3,0.0442428244015629,4
"set1_3_14084_558_DCIS_Ep_1","set1_3_14084_558_DCIS_Ep_1",2,0.0905828432736021,4
"set1_3_14086_558_DCIS_Ep_2","set1_3_14086_558_DCIS_Ep_2",2,0.068524305179729,4
"set1_3_14088_558_IN_Ep","set1_3_14088_558_IN_Ep",3,0.0539243286109589,4
"set1_3_14092_557_IBC_Ep","set1_3_14092_557_IBC_Ep",2,0.113391941892626,4
"set1_3_14094_557_DCIS_Ep","set1_3_14094_557_DCIS_Ep",2,0.0908899383158245,4
"set1_3_14096_556_IBC_Ep_1","set1_3_14096_556_IBC_Ep_1",4,0.106934632680163,4
"set1_3_14098_556_ADH_Ep_1","set1_3_14098_556_ADH_Ep_1",1,0.0802775506183342,4
"set1_3_14100_556_ADH_Ep_2","set1_3_14100_556_ADH_Ep_2",1,0.087988159758965,4
"set1_3_14102_556_AM_Ep","set1_3_14102_556_AM_Ep",4,0.144346763170067,4
"set1_3_14104_556_IBC_Ep_2","set1_3_14104_556_IBC_Ep_2",4,0.109728351744726,4
"set1_3_14108_556_NL_Ep","set1_3_14108_556_NL_Ep",3,0.0668947728547506,4
"set1_3_14110_555_IN_Ep","set1_3_14110_555_IN_Ep",3,0.0766287577450087,4
"set1_3_14112_555_iIBC_Ep","set1_3_14112_555_iIBC_Ep",2,0.078330944187272,4
"set1_3_14114_555_IBC_Ep","set1_3_14114_555_IBC_Ep",2,0.0922122442302706,4
"set1_3_14116_555_CCC_Ep","set1_3_14116_555_CCC_Ep",1,0.064413989385296,4
"set1_3_14118_555_NL_Ep","set1_3_14118_555_NL_Ep",3,0.0414217347781667,4
"set1_3_14120_554_RS_Ep_1","set1_3_14120_554_RS_Ep_1",1,0.0632639327067651,4
"set1_3_14124_554_EN_Ep","set1_3_14124_554_EN_Ep",1,0.0471176047217307,4
"set1_3_14126_554_IBC_Ep","set1_3_14126_554_IBC_Ep",2,0.0813827832467945,4
"set1_3_14128_554_UDH_Ep","set1_3_14128_554_UDH_Ep",1,0.05169293662136,4
"set1_3_14130_554_DCIS_Ep","set1_3_14130_554_DCIS_Ep",2,0.0619877379258238,4
"set1_3_14134_554_NL_Ep","set1_3_14134_554_NL_Ep",1,0.0460776725883127,4
"set4_10_14731_656_IBC_Ep","set4_10_14731_656_IBC_Ep",2,0.107159263312045,4
"set4_10_14733_656_BBD_Ep","set4_10_14733_656_BBD_Ep",1,0.101539362419806,4
"set4_10_14735_656_NL_Ep","set4_10_14735_656_NL_Ep",1,0.076455747561758,4
"set4_10_14737_657_CCC_Ep","set4_10_14737_657_CCC_Ep",4,0.0842778468454794,4
"set4_10_14739_657_NL_Ep","set4_10_14739_657_NL_Ep",1,0.099424877685132,4
"set4_10_14741_657_DCIS_Ep","set4_10_14741_657_DCIS_Ep",4,0.109189752926689,4
"set4_10_14744_657_IBC_Ep","set4_10_14744_657_IBC_Ep",4,0.0884714477236371,4
"set4_10_14745_658_DCIS_Ep","set4_10_14745_658_DCIS_Ep",2,0.077561563922538,4
"set4_10_14746_658_IBC_Ep","set4_10_14746_658_IBC_Ep",2,0.0948246082011937,4
"set4_10_14747_658_NL_Ep","set4_10_14747_658_NL_Ep",3,0.0998137482898324,4
"set4_10_14751_659_DCIS_Ep","set4_10_14751_659_DCIS_Ep",1,0.0864044059022337,4
"set4_10_14752_659_IBC_Ep","set4_10_14752_659_IBC_Ep",2,0.0665705681970474,4
"set4_10_14755_659_DCIS_Ep","set4_10_14755_659_DCIS_Ep",1,0.0804550419863548,4
"set4_10_14757_659_NL_Ep","set4_10_14757_659_NL_Ep",3,0.0729721192319171,4
"set4_10_14791_663_DCIS_Ep","set4_10_14791_663_DCIS_Ep",1,0.0834034170538982,4
"set4_10_14793_663_IBC_Ep","set4_10_14793_663_IBC_Ep",1,0.0812612918920276,4
"set4_10_14795_663_NL_Ep","set4_10_14795_663_NL_Ep",3,0.0817771268105794,4
"set4_10_14759_660_IBC_Ep","set4_10_14759_660_IBC_Ep",2,0.094082464247004,4
"set4_10_14761_660_DCIS_Ep","set4_10_14761_660_DCIS_Ep",2,0.0869765633736277,4
"set4_10_14763_660_NL_Ep","set4_10_14763_660_NL_Ep",3,0.0722092480280084,4
"set4_10_14765_660_LVI_Ep","set4_10_14765_660_LVI_Ep",2,0.0938966034023421,4
"set4_10_14767_661_IBC_Ep","set4_10_14767_661_IBC_Ep",2,0.0977003567953521,4
"set4_10_14769_661_AM_Ep","set4_10_14769_661_AM_Ep",4,0.165451197249888,4
"set4_10_14771_661_ADH_Ep","set4_10_14771_661_ADH_Ep",1,0.107252774044357,4
"set4_10_14773_661_DCIS_Ep","set4_10_14773_661_DCIS_Ep",1,0.107764426756162,4
"set4_10_14775_661_ADH_Ep","set4_10_14775_661_ADH_Ep",1,0.105306322928769,4
"set4_10_14777_661_NL_Ep","set4_10_14777_661_NL_Ep",1,0.112506468418154,4
"set4_10_14779_662_DCIS.1_Ep","set4_10_14779_662_DCIS.1_Ep",2,0.109490857495274,4
"set4_10_14781_662_MIV.1_Ep","set4_10_14781_662_MIV.1_Ep",2,0.111032363500366,4
"set4_10_14783_662_DCIS.2_Ep","set4_10_14783_662_DCIS.2_Ep",2,0.109377953941289,4
"set4_10_14785_662_MIV.2_Ep","set4_10_14785_662_MIV.2_Ep",2,0.110002690500751,4
"set4_10_14787_662_DCIS.3_Ep","set4_10_14787_662_DCIS.3_Ep",2,0.106670308116754,4
"set4_10_14789_662_IBC_Ep","set4_10_14789_662_IBC_Ep",2,0.112027463030817,4
"set4_10_14909_676_DCIS.2_Ep","set4_10_14909_676_DCIS.2_Ep",4,0.138903130327234,4
"set4_10_14797_664_AM_Ep","set4_10_14797_664_AM_Ep",4,0.17434347901616,4
"set4_10_14798_664_BBD_Ep","set4_10_14798_664_BBD_Ep",1,0.0933221884283023,4
"set4_10_14800_664_IBC_Ep","set4_10_14800_664_IBC_Ep",2,0.103679475786602,4
"set4_10_14802_664_ADH_Ep","set4_10_14802_664_ADH_Ep",1,0.0795369251768504,4
"set4_10_14804_664_NL_Ep","set4_10_14804_664_NL_Ep",3,0.102825582993452,4
"set4_10_14805_665_IBC_Ep","set4_10_14805_665_IBC_Ep",2,0.0817918817858318,4
"set4_10_14807_665_inf_NL_Ep","set4_10_14807_665_inf_NL_Ep",3,0.0840122353498284,4
"set4_10_14809_665_DCIS_Ep","set4_10_14809_665_DCIS_Ep",3,0.0772303184911849,4
"set4_10_14810_665_NL_Ep","set4_10_14810_665_NL_Ep",3,0.0707597523757098,4
"set4_10_14812_666_IBC_Ep","set4_10_14812_666_IBC_Ep",2,0.0922371458914326,4
"set4_10_14813_666_DCIS_Ep","set4_10_14813_666_DCIS_Ep",2,0.0684394315693713,4
"set4_10_14816_666_NL_Ep","set4_10_14816_666_NL_Ep",3,0.0740547021527007,4
"set4_10_14818_666_BBD_Ep","set4_10_14818_666_BBD_Ep",1,0.0943709779314468,4
"set4_10_14853_671_UDH_Ep","set4_10_14853_671_UDH_Ep",1,0.0804217920639851,4
"set4_10_14855_671_AM_Ep","set4_10_14855_671_AM_Ep",4,0.157520911327131,4
"set4_10_14856_671_DCIS_Ep","set4_10_14856_671_DCIS_Ep",2,0.0803877350938636,4
"set4_10_14857_671_IBC_Ep","set4_10_14857_671_IBC_Ep",2,0.0764985355322717,4
"set4_10_14862_671_CCC_Ep","set4_10_14862_671_CCC_Ep",1,0.0972743447748524,4
"set4_10_14820_667_IBC_Ep","set4_10_14820_667_IBC_Ep",2,0.0983455856758597,4
"set4_10_14821_667_DCIS_Ep","set4_10_14821_667_DCIS_Ep",2,0.081064512854901,4
"set4_10_14822_667_NL_Ep","set4_10_14822_667_NL_Ep",1,0.0630327525500633,4
"set4_10_14826_668_IBC_Ep","set4_10_14826_668_IBC_Ep",2,0.0971494451129384,4
"set4_10_14828_668_DCIS_Ep","set4_10_14828_668_DCIS_Ep",1,0.0810003844017723,4
"set4_10_14829_668_NL_Ep","set4_10_14829_668_NL_Ep",3,0.0855954550700775,4
"set4_10_14830_668_EN_Ep","set4_10_14830_668_EN_Ep",4,0.0696229918359575,4
"set4_10_14833_669_IBC_Ep","set4_10_14833_669_IBC_Ep",2,0.0930298707074941,4
"set4_10_14834_669_NL_Ep","set4_10_14834_669_NL_Ep",3,0.0783327347943936,4
"set4_10_14837_669_DCIS_Ep","set4_10_14837_669_DCIS_Ep",2,0.0635180500994023,4
"set4_10_14839_670_EN_Ep","set4_10_14839_670_EN_Ep",1,0.0926535558238587,4
"set4_10_14840_670_DCIS_Ep","set4_10_14840_670_DCIS_Ep",4,0.138437250703532,4
"set4_10_14843_670_DCIS_Ep","set4_10_14843_670_DCIS_Ep",4,0.154821411440314,4
"set4_10_14844_670_IBC_Ep","set4_10_14844_670_IBC_Ep",4,0.160620373230506,4
"set4_10_14847_670_BBD_Ep","set4_10_14847_670_BBD_Ep",1,0.0808454224416956,4
"set4_10_14848_670_CCC_Ep","set4_10_14848_670_CCC_Ep",1,0.0811685429875579,4
"set4_10_14849_670_AM_Ep","set4_10_14849_670_AM_Ep",4,0.10271573373873,4
"set4_10_14864_672_inf_NL_Ep_S1_R1_001","set4_10_14864_672_inf_NL_Ep_S1_R1_001",1,0.069639787880075,4
"set4_10_14866_672_IBC_Ep_2_S3_R1_001","set4_10_14866_672_IBC_Ep_2_S3_R1_001",2,0.0887103830476664,4
"set4_10_14868_672_IBC_Ep_1_S5_R1_001","set4_10_14868_672_IBC_Ep_1_S5_R1_001",2,0.0898775776878326,4
"set4_10_14869_672_DCIS_Ep_S6_R1_001","set4_10_14869_672_DCIS_Ep_S6_R1_001",2,0.0907043719931128,4
"set4_10_14870_672_CaLob_Ep_S7_R1_001","set4_10_14870_672_CaLob_Ep_S7_R1_001",2,0.0773830109711939,4
"set4_10_14873_672_NL_Ep_S10_R1_001","set4_10_14873_672_NL_Ep_S10_R1_001",3,0.0849476664825133,4
"set4_10_14875_672_ADH_Ep_S12_R1_001","set4_10_14875_672_ADH_Ep_S12_R1_001",1,0.0885748217313125,4
"set4_10_14876_672_CCC_Ep_S13_R1_001","set4_10_14876_672_CCC_Ep_S13_R1_001",3,0.0672058118946009,4
"set4_10_14878_673_IBC_Ep_S15_R1_001","set4_10_14878_673_IBC_Ep_S15_R1_001",2,0.0919810514875434,4
"set4_10_14880_673_DCIS_Ep_S17_R1_001","set4_10_14880_673_DCIS_Ep_S17_R1_001",2,0.0849309975075682,4
"set4_10_14882_673_NL_Ep_S19_R1_001","set4_10_14882_673_NL_Ep_S19_R1_001",3,0.0753558922026922,4
"set4_10_14884_673_AM_Ep_S21_R1_001","set4_10_14884_673_AM_Ep_S21_R1_001",4,0.153133708777969,4
"set4_10_14886_673_CCC_Ep_S23_R1_001","set4_10_14886_673_CCC_Ep_S23_R1_001",1,0.106096207562188,4
"set4_10_14888_673_EN_Ep_S25_R1_001","set4_10_14888_673_EN_Ep_S25_R1_001",1,0.0733325015059819,4
"set4_10_14890_674_DCIS_Ep_S27_R1_001","set4_10_14890_674_DCIS_Ep_S27_R1_001",4,0.153971487380719,4
"set4_10_14892_674_IBC_Ep_S29_R1_001","set4_10_14892_674_IBC_Ep_S29_R1_001",4,0.127108521683974,4
"set4_10_14894_674_BBD_Ep_S31_R1_001","set4_10_14894_674_BBD_Ep_S31_R1_001",3,0.0589828115525396,4
"set4_10_14899_675_EN1_Ep_S33_R1_001","set4_10_14899_675_EN1_Ep_S33_R1_001",1,0.0730775287001761,4
"set4_10_14901_675_EN2_Ep","set4_10_14901_675_EN2_Ep",1,0.0901944694478616,4
"set4_10_14904_675_EN3_Ep","set4_10_14904_675_EN3_Ep",1,0.0948377377561635,4
"set4_10_14905_675_NL_Ep","set4_10_14905_675_NL_Ep",3,0.0792229545538305,4
"set4_10_14907_675_IBC_Ep","set4_10_14907_675_IBC_Ep",2,0.0893304425652852,4
"set4_10_14908_675_CCC_Ep","set4_10_14908_675_CCC_Ep",4,0.102876514330573,4
"set4_10_14922_677_IBC_Ep","set4_10_14922_677_IBC_Ep",2,0.0886000253194862,4
"set4_10_14924_677_DCIS_Ep","set4_10_14924_677_DCIS_Ep",2,0.086966916512526,4
"set4_10_14926_677_NL_Ep","set4_10_14926_677_NL_Ep",3,0.109182414361186,4
"set4_10_14928_677_LVI_Ep","set4_10_14928_677_LVI_Ep",2,0.0865839609999481,4
"set4_10_14930_678_IBC_Ep","set4_10_14930_678_IBC_Ep",2,0.100440282763443,4
"set4_10_14932_678_PLC_Ep","set4_10_14932_678_PLC_Ep",3,0.0887231928785432,4
"set4_10_14934_678_EN_Ep","set4_10_14934_678_EN_Ep",1,0.0877577370880005,4
"set4_10_14936_678_NL_Ep","set4_10_14936_678_NL_Ep",3,0.0793581883145189,4
"set4_10_14938_679_IBC_Ep","set4_10_14938_679_IBC_Ep",2,0.105890902131885,4
"set4_10_14940_679_DCIS_Ep","set4_10_14940_679_DCIS_Ep",2,0.0943307785042704,4
"set4_10_14942_679_NL_Ep","set4_10_14942_679_NL_Ep",3,0.0743910218260606,4
"set4_10_14954_680_DCIS_2_Ep","set4_10_14954_680_DCIS_2_Ep",1,0.0940050160241578,4
"set4_10_14956_680_ADH_2_Ep","set4_10_14956_680_ADH_2_Ep",1,0.0943057898780753,4
"set4_10_14944_680_ADH_1_Ep","set4_10_14944_680_ADH_1_Ep",1,0.0950014538103526,4
"set4_10_14946_680_UDH_Ep","set4_10_14946_680_UDH_Ep",1,0.0913645029198902,4
"set4_10_14948_680_NL_Ep","set4_10_14948_680_NL_Ep",1,0.0826663147755271,4
"set4_10_14950_680_DCIS_1_Ep","set4_10_14950_680_DCIS_1_Ep",1,0.0824939193727656,4
"set4_10_14952_680_IBC_Ep","set4_10_14952_680_IBC_Ep",4,0.109437857196777,4
"set4_10_14958_680_LG_DCIS_Ep","set4_10_14958_680_LG_DCIS_Ep",4,0.0813414599500849,4
"set4_10_14960_680_AM_Ep","set4_10_14960_680_AM_Ep",4,0.153312129783246,4
"set4_10_14962_680_atip_AM_Ep","set4_10_14962_680_atip_AM_Ep",1,0.0964304584893434,4
"set4_10_14963_680_ADH_AM_Ep","set4_10_14963_680_ADH_AM_Ep",1,0.101684719348568,4
"set4_10_14966_681_DCIS_Ep","set4_10_14966_681_DCIS_Ep",2,0.0641587052067154,4
"set4_10_14968_681_AM_Ep","set4_10_14968_681_AM_Ep",4,0.170720617705457,4
"set4_10_14970_681_EN_Ep","set4_10_14970_681_EN_Ep",1,0.0667119822091633,4
"set4_10_14972_681_ADH_1_Ep","set4_10_14972_681_ADH_1_Ep",3,0.0642780534700619,4
"set4_10_14974_681_IBC_Ep","set4_10_14974_681_IBC_Ep",2,0.0840772439763285,4
"set4_10_14976_681_NL_Ep","set4_10_14976_681_NL_Ep",3,0.0745120881839935,4
"set4_10_14978_682_NL_Ep","set4_10_14978_682_NL_Ep",3,0.0817449991670162,4
"set4_10_14980_682_EN_Ep","set4_10_14980_682_EN_Ep",3,0.100922140859184,4
"set4_10_14982_682_IBC_Ep","set4_10_14982_682_IBC_Ep",2,0.111469678771608,4
"set4_10_14984_682_Inf_NL_Ep","set4_10_14984_682_Inf_NL_Ep",3,0.0992932015554891,4
"set4_10_14987_683_DCIS_Ep","set4_10_14987_683_DCIS_Ep",1,0.0688801637676653,4
"set4_10_14990_684_ADH_DCIS_Ep","set4_10_14990_684_ADH_DCIS_Ep",2,0.0910335024855362,4
"set4_10_14992_684_DCIS_Ep","set4_10_14992_684_DCIS_Ep",2,0.087843522667751,4
"set4_10_14994_684_NL_Ep","set4_10_14994_684_NL_Ep",3,0.0813916079770702,4
"set4_10_14996_684_IBC_Ep","set4_10_14996_684_IBC_Ep",2,0.0880240595430325,4
"set4_10_14998_685_DCIS_Ep","set4_10_14998_685_DCIS_Ep",2,0.0858812604108855,4
"set4_10_15000_685_IBC_Ep","set4_10_15000_685_IBC_Ep",2,0.104413296306946,4
"set4_10_15002_685_NL_Ep","set4_10_15002_685_NL_Ep",1,0.0800944495429262,4
"set4_10_15004_685_EN_Ep","set4_10_15004_685_EN_Ep",3,0.0909996815371768,4
"set4_10_15013_687_DCIS_1_Ep","set4_10_15013_687_DCIS_1_Ep",4,0.078351064210328,4
"set4_10_15015_687_DCIS_2_Ep","set4_10_15015_687_DCIS_2_Ep",2,0.0746236024438509,4
"set4_10_15017_687_UDH_Ep","set4_10_15017_687_UDH_Ep",1,0.0651038153033316,4
"set4_10_15019_687_EN_Ep","set4_10_15019_687_EN_Ep",3,0.0741567347698852,4
"set4_10_15021_687_NL_Ep","set4_10_15021_687_NL_Ep",3,0.0909924025171098,4
"set4_10_15025_688_EN_1_Ep","set4_10_15025_688_EN_1_Ep",3,0.0913930637481314,4
"set4_10_14911_676_EN_Ep","set4_10_14911_676_EN_Ep",1,0.0841147199274954,4
"set4_10_14913_676_BBD_2_Ep","set4_10_14913_676_BBD_2_Ep",1,0.0891140551631607,4
"set4_10_14915_676_IBC_Ep","set4_10_14915_676_IBC_Ep",4,0.138838345222321,4
"set4_10_14916_676_DCIS_1_Ep","set4_10_14916_676_DCIS_1_Ep",4,0.131548501364068,4
"set4_10_14918_676_BBD_1_Ep","set4_10_14918_676_BBD_1_Ep",3,0.0847975228371324,4
"set4_10_14920_676_NL_Ep","set4_10_14920_676_NL_Ep",1,0.0702820388318531,4
"set4_10_15006_686_IBC_Ep","set4_10_15006_686_IBC_Ep",2,0.0798887489403481,4
"set4_10_15007_686_DCIS_Ep","set4_10_15007_686_DCIS_Ep",2,0.0748065259512282,4
"set4_10_15009_686_EN_Ep","set4_10_15009_686_EN_Ep",3,0.0833674100592293,4
"set4_10_15011_686_NL_Ep","set4_10_15011_686_NL_Ep",3,0.0860476841600822,4
"set4_10_15032_689_IBC_Ep","set4_10_15032_689_IBC_Ep",2,0.0943852192631852,4
"set4_10_15034_689_DCIS_1_Ep","set4_10_15034_689_DCIS_1_Ep",2,0.0878019094937278,4
"set4_10_15036_689_NL_Ep","set4_10_15036_689_NL_Ep",3,0.0750482435456122,4
"set4_10_15038_689_DCIS_2_Ep","set4_10_15038_689_DCIS_2_Ep",3,0.0661470606763696,4
"set4_10_15040_689_EN_1_Ep","set4_10_15040_689_EN_1_Ep",1,0.0754688066933879,4
"set4_10_15042_689_EN_2_Ep","set4_10_15042_689_EN_2_Ep",1,0.076626995428997,4
"set4_10_15052_690_EN_2_Ep","set4_10_15052_690_EN_2_Ep",1,0.097339458207738,4
"set4_10_15062_691_EN_2_Ep","set4_10_15062_691_EN_2_Ep",4,0.0839644778046734,4
"set4_10_14964_681_ADH_2_Ep","set4_10_14964_681_ADH_2_Ep",3,0.0701221102752616,4
"set4_10_15023_688_IBC_Ep","set4_10_15023_688_IBC_Ep",2,0.0912153014289285,4
"set4_10_15027_688_NL_Ep","set4_10_15027_688_NL_Ep",3,0.0829817550147498,4
"set4_10_15029_688_EN_4_Ep","set4_10_15029_688_EN_4_Ep",1,0.0950350430158636,4
"set4_10_15031_688_EN_5_Ep","set4_10_15031_688_EN_5_Ep",4,0.131398031917857,4
"set4_10_15044_690_NL_Ep","set4_10_15044_690_NL_Ep",3,0.0723824271963429,4
"set4_10_15046_690_EN_1_Ep","set4_10_15046_690_EN_1_Ep",1,0.0800957007624708,4
"set4_10_15048_690_IBC_Ep","set4_10_15048_690_IBC_Ep",2,0.113627720628924,4
"set4_10_15050_690_DCIS_Ep","set4_10_15050_690_DCIS_Ep",2,0.0673706309885999,4
"set4_10_15054_690_i_DCIS_Ep","set4_10_15054_690_i_DCIS_Ep",3,0.0691952812199609,4
"set4_10_15056_691_IBC_Ep","set4_10_15056_691_IBC_Ep",2,0.103506697532778,4
"set4_10_15058_691_EN_1_Ep","set4_10_15058_691_EN_1_Ep",1,0.0866781948123655,4
"set4_10_15060_691_DCIS_Ep","set4_10_15060_691_DCIS_Ep",1,0.0840318305778148,4
"set4_10_15064_692_IBC_Ep","set4_10_15064_692_IBC_Ep",2,0.0929916236763696,4
"set4_10_15066_692_DCIS_Ep","set4_10_15066_692_DCIS_Ep",2,0.0798909645548551,4
"set4_10_15068_692_NL_Ep","set4_10_15068_692_NL_Ep",3,0.107459611935186,4
"set4_10_15585_744_IBC_Ep","set4_10_15585_744_IBC_Ep",2,0.105778019817065,4
"set4_10_15587_744_inF.NL_Ep","set4_10_15587_744_inF.NL_Ep",3,0.0858138346808466,4
"set4_10_15589_744_DCIS_Ep","set4_10_15589_744_DCIS_Ep",2,0.0859986124191488,4
"set4_10_15591_745_CCC_Ep","set4_10_15591_745_CCC_Ep",1,0.0877032549073231,4
"set4_10_15593_745_BBD_Ep","set4_10_15593_745_BBD_Ep",1,0.0826017370831415,4
"set4_10_15595_745_IP_Ep","set4_10_15595_745_IP_Ep",1,0.0920443735097557,4
"set4_10_15597_746_IBC_Ep","set4_10_15597_746_IBC_Ep",2,0.118624061345106,4
"set4_10_15598_746_DCIS_Ep","set4_10_15598_746_DCIS_Ep",2,0.104526028894164,4
"set4_10_15600_746_NL_Ep","set4_10_15600_746_NL_Ep",1,0.095922643850825,4
"set4_10_15602_747_IBC_Ep","set4_10_15602_747_IBC_Ep",2,0.107379658738281,4
"set4_10_15604_747_NL_Ep","set4_10_15604_747_NL_Ep",3,0.0722477875538506,4
"set4_10_15606_747_ADH_Ep","set4_10_15606_747_ADH_Ep",1,0.085440884088421,4
"set4_10_15608_747_AM_Ep","set4_10_15608_747_AM_Ep",4,0.169620154123733,4
"set4_10_15610_748_AM_Ep","set4_10_15610_748_AM_Ep",4,0.173024619319299,4
"set4_10_15612_748_DCIS_Ep","set4_10_15612_748_DCIS_Ep",4,0.149692082605827,4
"set4_10_15614_748_IBC_Ep","set4_10_15614_748_IBC_Ep",4,0.124573655248962,4
"set4_10_15616_749_IBC_Ep","set4_10_15616_749_IBC_Ep",2,0.113396760089159,4
"set4_10_15617_749_DCIS_Ep","set4_10_15617_749_DCIS_Ep",2,0.125284077044443,4
"set4_10_15618_749_LVI_Ep","set4_10_15618_749_LVI_Ep",2,0.123097145299435,4
"set4_10_15622_750_NL_Ep","set4_10_15622_750_NL_Ep",1,0.0696216042248322,4
"set4_10_15624_750_IBC_Ep","set4_10_15624_750_IBC_Ep",2,0.127631506152445,4
"set4_10_15626_750_DCIS_Ep","set4_10_15626_750_DCIS_Ep",2,0.107612319888399,4
"set4_10_15628_751_NL_Ep","set4_10_15628_751_NL_Ep",1,0.0908150234118632,4
"set4_10_15630_751_IBC_Ep","set4_10_15630_751_IBC_Ep",2,0.0919525879468861,4
"set4_10_15632_751_ADH_Ep","set4_10_15632_751_ADH_Ep",1,0.0950245064662256,4
"set4_10_15634_751_CCC_Ep","set4_10_15634_751_CCC_Ep",1,0.100569198837589,4
"set4_10_15636_752_IBC_Ep","set4_10_15636_752_IBC_Ep",2,0.0896348481645812,4
"set4_10_15638_752_DCIS_Ep","set4_10_15638_752_DCIS_Ep",2,0.0669483309055461,4
"set4_10_15639_752_NL_Ep","set4_10_15639_752_NL_Ep",3,0.0899049607063233,4
"set4_10_15640_752_BBD_Ep","set4_10_15640_752_BBD_Ep",3,0.0820532968412705,4
"set4_10_15644_753_DCIS_Ep","set4_10_15644_753_DCIS_Ep",2,0.102546650504494,4
"set4_10_15646_753_IBC_Ep","set4_10_15646_753_IBC_Ep",2,0.105441050802377,4
"set4_10_15647_753_NL_Ep","set4_10_15647_753_NL_Ep",1,0.0723497642182921,4
"set4_10_15649_754_IBC_Ep","set4_10_15649_754_IBC_Ep",2,0.092950714047392,4
"set4_10_15651_754_ADH_Ep","set4_10_15651_754_ADH_Ep",2,0.0806873062900078,4
"set4_10_15653_754_EN_1_Ep","set4_10_15653_754_EN_1_Ep",2,0.0619712108085124,4
"set4_10_15655_754_DCIS_Ep","set4_10_15655_754_DCIS_Ep",2,0.0864216563242351,4
"set4_10_15657_754_EN_2_Ep","set4_10_15657_754_EN_2_Ep",3,0.0534790990084568,4
"set4_10_15659_755_EN_Ep","set4_10_15659_755_EN_Ep",1,0.0984892535741229,4
"set4_10_15661_755_DCIS_inf_1_Ep","set4_10_15661_755_DCIS_inf_1_Ep",2,0.097460336397947,4
"set4_10_15663_755_IBC_Ep","set4_10_15663_755_IBC_Ep",2,0.100430121238736,4
"set4_10_15665_755_DCIS_inf_2_Ep","set4_10_15665_755_DCIS_inf_2_Ep",2,0.0766974336011246,4
"set4_10_15667_755_NL_Ep","set4_10_15667_755_NL_Ep",1,0.0918706822739631,4
"set4_10_15669_756_NL_Ep","set4_10_15669_756_NL_Ep",3,0.0934761940060847,4
"set4_10_15671_756_EN_1_Ep","set4_10_15671_756_EN_1_Ep",1,0.114202598972768,4
"set4_10_15673_756_IBC_Ep","set4_10_15673_756_IBC_Ep",2,0.0838417168290974,4
"set4_10_15675_756_UDH_1_Ep","set4_10_15675_756_UDH_1_Ep",1,0.0847073466563826,4
"set4_10_15677_756_EN_2_Ep","set4_10_15677_756_EN_2_Ep",1,0.101828612060375,4
"set4_10_15679_756_UDH_2_Ep","set4_10_15679_756_UDH_2_Ep",1,0.0996418662813822,4
"set4_10_15681_757_DCIS_Ep","set4_10_15681_757_DCIS_Ep",2,0.114752215986622,4
"set4_10_15683_757_IBC_Ep","set4_10_15683_757_IBC_Ep",2,0.114542082089951,4
"set4_10_15685_757_NL_Ep","set4_10_15685_757_NL_Ep",3,0.0623916553501474,4
"set4_10_15687_757_UDH_Ep","set4_10_15687_757_UDH_Ep",1,0.0863890235495577,4
"set4_10_15689_757_CCC_Ep","set4_10_15689_757_CCC_Ep",1,0.0990076088140582,4
"set4_10_15691_757_EN_Ep","set4_10_15691_757_EN_Ep",1,0.0827967584587582,4
"set4_10_15693_758_DCIS_1_Ep","set4_10_15693_758_DCIS_1_Ep",2,0.109224976898515,4
"set4_10_15695_758_IBC_1_Ep","set4_10_15695_758_IBC_1_Ep",2,0.113509014918061,4
"set4_10_15697_758_NL_Ep","set4_10_15697_758_NL_Ep",3,0.0864233160863243,4
"set4_10_15703_758_EN_Ep","set4_10_15703_758_EN_Ep",3,0.0743920870304905,4
"set4_10_15709_760_UDH_Ep","set4_10_15709_760_UDH_Ep",1,0.0889902119360549,4
"set4_10_15713_760_IBC_Ep","set4_10_15713_760_IBC_Ep",4,0.0976750276771431,4
"set4_10_15715_760_EN_1_Ep","set4_10_15715_760_EN_1_Ep",1,0.068495252118277,4
"set4_10_15717_760_NL_Ep","set4_10_15717_760_NL_Ep",1,0.0811306560781823,4
"set4_10_15733_762_DCIS_2_Ep","set4_10_15733_762_DCIS_2_Ep",2,0.10439062269659,4
"set4_10_15699_758_DCIS_2_Ep","set4_10_15699_758_DCIS_2_Ep",2,0.0983704329069626,4
"set4_10_15701_758_IBC_2_Ep","set4_10_15701_758_IBC_2_Ep",2,0.100177177464207,4
"set4_10_15705_759_DCIS_Ep","set4_10_15705_759_DCIS_Ep",2,0.0705735143393647,4
"set4_10_15707_759_IBC_Ep","set4_10_15707_759_IBC_Ep",2,0.0836561806428369,4
"set4_10_15711_760_EN_2_Ep","set4_10_15711_760_EN_2_Ep",1,0.0656708315841494,4
"set4_10_15719_761_IBC_Ep","set4_10_15719_761_IBC_Ep",2,0.107639066661312,4
"set4_10_15721_761_DCIS_Ep","set4_10_15721_761_DCIS_Ep",2,0.107745801367844,4
"set4_10_15723_761_EN_1_Ep","set4_10_15723_761_EN_1_Ep",1,0.088382430298641,4
"set4_10_15725_761_ADH_Ep","set4_10_15725_761_ADH_Ep",1,0.0951552436085108,4
"set4_10_15729_762_IBC_Ep","set4_10_15729_762_IBC_Ep",2,0.113368476503587,4
"set4_10_15731_762_DCIS_1_Ep","set4_10_15731_762_DCIS_1_Ep",2,0.111563396699602,4
"set4_10_15735_763_IBC_Ep","set4_10_15735_763_IBC_Ep",2,0.101036162856433,4
"set4_10_15737_763_ADH_Ep","set4_10_15737_763_ADH_Ep",3,0.0730241086340028,4
"set4_10_15739_763_NL_1_Ep","set4_10_15739_763_NL_1_Ep",3,0.0784402780603433,4
"set4_10_15741_763_EN_Ep","set4_10_15741_763_EN_Ep",3,0.0995570983103096,4
"set4_10_15745_764_IBC_Ep","set4_10_15745_764_IBC_Ep",2,0.0884397310422112,4
"set4_10_15747_764_DCIS_1_Ep","set4_10_15747_764_DCIS_1_Ep",2,0.0993232078209398,4
"set4_10_15749_764_LVI_Ep","set4_10_15749_764_LVI_Ep",2,0.0958681764419541,4
"set4_10_15751_764_DCIS_2_Ep","set4_10_15751_764_DCIS_2_Ep",2,0.104988126414481,4
"set4_10_15753_764_EN_Ep","set4_10_15753_764_EN_Ep",1,0.0870051201792118,4
"set4_10_15755_764_NL_Ep","set4_10_15755_764_NL_Ep",1,0.0906309945801904,4
"set4_10_15757_765_IBC_Ep","set4_10_15757_765_IBC_Ep",4,0.128474963189166,4
"set4_10_15759_765_DCIS_Ep","set4_10_15759_765_DCIS_Ep",4,0.145260360447066,4
"set4_10_15761_765_EN_1_Ep","set4_10_15761_765_EN_1_Ep",1,0.0760416595691037,4
"set4_10_15765_765_NL_Ep","set4_10_15765_765_NL_Ep",3,0.0774499503612064,4
"set4_10_15767_766_NL_Ep","set4_10_15767_766_NL_Ep",3,0.0835866392662785,4
"set4_10_15769_766_inf_NL_Ep","set4_10_15769_766_inf_NL_Ep",3,0.101348640709067,4
"set4_10_15771_766_IBC_Ep","set4_10_15771_766_IBC_Ep",2,0.103797517451107,4
"set4_10_15773_766_AM_Ep","set4_10_15773_766_AM_Ep",4,0.157994762034527,4
"set4_10_15775_766_EN_Ep","set4_10_15775_766_EN_Ep",1,0.086733394070555,4
"set4_10_15777_767_IBC_Ep","set4_10_15777_767_IBC_Ep",2,0.108400120650458,4
"set4_10_15779_767_DCIS_Ep","set4_10_15779_767_DCIS_Ep",2,0.104998347166029,4
"set4_10_15781_767_AM_2_Ep","set4_10_15781_767_AM_2_Ep",4,0.163984886736293,4
"set4_10_15783_767_ADH_Ep","set4_10_15783_767_ADH_Ep",1,0.0708799836835191,4
"set4_10_15787_767_NL_Ep","set4_10_15787_767_NL_Ep",3,0.0830950995759164,4
"set4_10_15789_768_IBC_Ep","set4_10_15789_768_IBC_Ep",2,0.086491389295954,4
"set4_10_15791_768_NL_Ep","set4_10_15791_768_NL_Ep",3,0.0648642441419145,4
"set4_10_15795_768_EN_2_Ep","set4_10_15795_768_EN_2_Ep",4,0.0798689819414969,4
"set4_10_15797_768_EN_3_Ep","set4_10_15797_768_EN_3_Ep",1,0.0694817378324076,4
"set4_10_15799_769_IBC_Ep","set4_10_15799_769_IBC_Ep",2,0.13227072329246,4
"set4_10_15801_769_DCIS_1_Ep","set4_10_15801_769_DCIS_1_Ep",2,0.0920219891876087,4
"set4_10_15805_769_EN_1_Ep","set4_10_15805_769_EN_1_Ep",1,0.100590333538972,4
"set4_10_15809_769_NL_Ep","set4_10_15809_769_NL_Ep",3,0.101058963893542,4
"set4_10_15811_769_EN_4_Ep","set4_10_15811_769_EN_4_Ep",1,0.0887956068278293,4
"set4_10_15817_769_AM_Ep","set4_10_15817_769_AM_Ep",4,0.159633515222849,4
"set4_10_15785_767_AM_1_Ep","set4_10_15785_767_AM_1_Ep",4,0.165399260071949,4
"set4_10_15793_768_EN_1_Ep","set4_10_15793_768_EN_1_Ep",1,0.0736120259734401,4
"set4_10_15803_769_DCIS_2_Ep","set4_10_15803_769_DCIS_2_Ep",2,0.0941323363801409,4
"set4_10_15807_769_EN_3_Ep","set4_10_15807_769_EN_3_Ep",1,0.113166346410338,4
"set4_10_15815_769_EN_6_Ep","set4_10_15815_769_EN_6_Ep",1,0.101227016355314,4
"set4_10_15819_770_DCIS_Ep","set4_10_15819_770_DCIS_Ep",2,0.0815427412905349,4
"set4_10_15821_770_IBC_Ep","set4_10_15821_770_IBC_Ep",2,0.0922935133959454,4
"set4_10_15823_770_EN_1_Ep","set4_10_15823_770_EN_1_Ep",1,0.103651108446298,4
"set4_10_15825_770_NL_Ep","set4_10_15825_770_NL_Ep",3,0.0748331584580756,4
"set4_10_15829_771_EN_4_Ep","set4_10_15829_771_EN_4_Ep",1,0.0894673331011234,4
"set4_10_15835_771_DCIS_3_Ep","set4_10_15835_771_DCIS_3_Ep",2,0.101691342556176,4
"set4_10_15831_771_NL_Ep","set4_10_15831_771_NL_Ep",3,0.0930410393506777,4
"set4_10_15833_771_EN_2_Ep","set4_10_15833_771_EN_2_Ep",1,0.0945276042426066,4
"set4_10_15839_771_DCIS_1_Ep","set4_10_15839_771_DCIS_1_Ep",2,0.12195960440439,4
"set4_10_15843_771_IBC_Ep","set4_10_15843_771_IBC_Ep",2,0.128714486578983,4
"set4_10_15727_761_EN_2_Ep","set4_10_15727_761_EN_2_Ep",1,0.0848203481529076,4
"set4_10_15743_763_NL_2_Ep","set4_10_15743_763_NL_2_Ep",3,0.103058352716842,4
"set4_10_15763_765_EN_2_Ep","set4_10_15763_765_EN_2_Ep",3,0.0947358436927659,4
"set4_10_15813_769_EN_5_Ep","set4_10_15813_769_EN_5_Ep",1,0.105401454356717,4
"set4_10_15827_771_EN_3_Ep","set4_10_15827_771_EN_3_Ep",1,0.102653740611083,4
"set4_10_15837_771_EN_1_Ep","set4_10_15837_771_EN_1_Ep",1,0.111082435411953,4
"set4_10_15841_771_DCIS_2_Ep","set4_10_15841_771_DCIS_2_Ep",2,0.121331099070818,4
"set4_10_15845_772_IBC_Ep","set4_10_15845_772_IBC_Ep",2,0.0959810995156974,4
"set4_10_15847_772_DCIS_1_Ep","set4_10_15847_772_DCIS_1_Ep",2,0.0898079421032576,4
"set4_10_15849_772_DCIS_2_Ep","set4_10_15849_772_DCIS_2_Ep",2,0.0894882715108227,4
"set4_10_15851_772_EN_1_Ep","set4_10_15851_772_EN_1_Ep",2,0.0724512630421113,4
"set4_10_15853_772_EN_2_Ep","set4_10_15853_772_EN_2_Ep",3,0.0795686270944432,4
"set4_10_15855_772_EN_3_Ep","set4_10_15855_772_EN_3_Ep",2,0.0703781672733967,4
"set4_10_15857_772_EN_4_Ep","set4_10_15857_772_EN_4_Ep",2,0.0607367805242648,4
"set4_10_15859_772_NL_Ep","set4_10_15859_772_NL_Ep",3,0.0893196906461549,4
"set1_3_11770_354_EN_E_S1_R1_0011","set1_3_11770_354_EN_E_S1_R1_001",4,0.0764461986182294,5
"set1_3_11772_354_IDC_E_S3_R1_0011","set1_3_11772_354_IDC_E_S3_R1_001",4,0.0789769738711594,5
"set1_3_11774_354_RS1_E_center_S5_R1_0011","set1_3_11774_354_RS1_E_center_S5_R1_001",1,0.0577694908315862,5
"set1_3_11776_354_RS1_E_peripheral_S7_R1_0011","set1_3_11776_354_RS1_E_peripheral_S7_R1_001",4,0.0733898328892499,5
"set1_3_11778_354_RS2_E_center_S9_R1_0011","set1_3_11778_354_RS2_E_center_S9_R1_001",4,0.0529442157410099,5
"set1_3_11780_354_RS2_E_peripheral_S11_R1_0011","set1_3_11780_354_RS2_E_peripheral_S11_R1_001",4,0.0549048500539415,5
"set1_3_11782_354_NL_E_S13_R1_0011","set1_3_11782_354_NL_E_S13_R1_001",1,0.0686956148839572,5
"set1_3_11784_355_RS1_E_center_S15_R1_0011","set1_3_11784_355_RS1_E_center_S15_R1_001",1,0.0536048490662155,5
"set1_3_11786_355_RS1_E_peripheral_S17_R1_0011","set1_3_11786_355_RS1_E_peripheral_S17_R1_001",4,0.0796050046164645,5
"set1_3_11789_355_RS2_E_center_S20_R1_0011","set1_3_11789_355_RS2_E_center_S20_R1_001",1,0.0492412594308757,5
"set1_3_11791_355_RS2_E_peripheral_S22_R1_0011","set1_3_11791_355_RS2_E_peripheral_S22_R1_001",4,0.0745210118518013,5
"set1_3_11794_355_NL_E_S25_R1_0011","set1_3_11794_355_NL_E_S25_R1_001",4,0.0573233604067777,5
"set1_3_11796_355_RS3_E_center_S27_R1_0011","set1_3_11796_355_RS3_E_center_S27_R1_001",4,0.0526184523178022,5
"set1_3_11798_355_RS3_E_peripheral_S29_R1_0011","set1_3_11798_355_RS3_E_peripheral_S29_R1_001",4,0.0716591816762465,5
"set1_3_11800_356_NL_E_S31_R1_0011","set1_3_11800_356_NL_E_S31_R1_001",4,0.0636129347075621,5
"set1_3_11802_356_RS1_E_center_S32_R1_0011","set1_3_11802_356_RS1_E_center_S32_R1_001",4,0.05141256358789,5
"set1_3_11804_356_RS1_E_peripheral_S34_R1_0011","set1_3_11804_356_RS1_E_peripheral_S34_R1_001",4,0.0800204080473015,5
"set1_3_11806_357_NL_E_S50_R1_0011","set1_3_11806_357_NL_E_S50_R1_001",1,0.0314952898830952,5
"set1_3_11808_357_RS1_E_center_S32_R1_0011","set1_3_11808_357_RS1_E_center_S32_R1_001",1,0.0300034245115045,5
"set1_3_11810_357_RS1_E_peripheral_S5_R1_0011","set1_3_11810_357_RS1_E_peripheral_S5_R1_001",4,0.0352484051795502,5
"set1_3_11813_358_NL_E_S36_R1_0011","set1_3_11813_358_NL_E_S36_R1_001",4,0.0793660049503695,5
"set1_3_11815_358_EN_E_S38_R1_0011","set1_3_11815_358_EN_E_S38_R1_001",4,0.086025278348467,5
"set1_3_11817_358_RS1_E_center_S40_R1_0011","set1_3_11817_358_RS1_E_center_S40_R1_001",4,0.07014560000234,5
"set1_3_11819_358_RS1_E_peripheral_S42_R1_0011","set1_3_11819_358_RS1_E_peripheral_S42_R1_001",4,0.0832598308741234,5
"set1_3_11821_358_IBC_E_S44_R1_0011","set1_3_11821_358_IBC_E_S44_R1_001",2,0.0570644710397487,5
"set1_3_11823_358_RS2_E_center_S46_R1_0011","set1_3_11823_358_RS2_E_center_S46_R1_001",1,0.0617696156184869,5
"set1_3_11825_358_RS2_E_peripheral_S48_R1_0011","set1_3_11825_358_RS2_E_peripheral_S48_R1_001",4,0.0798902645724535,5
"set1_3_11827_359_RS1_E_center_S50_R1_0011","set1_3_11827_359_RS1_E_center_S50_R1_001",4,0.0600709129215928,5
"set1_3_11829_359_RS1_E_peripheral_S52_R1_0011","set1_3_11829_359_RS1_E_peripheral_S52_R1_001",1,0.0703058608785306,5
"set1_3_11831_359_NL_E_S54_R1_0011","set1_3_11831_359_NL_E_S54_R1_001",1,0.0516727235196729,5
"set1_3_11833_359_RS2_E_center_S55_R1_0011","set1_3_11833_359_RS2_E_center_S55_R1_001",1,0.0431440159716041,5
"set1_3_11835_359_RS2_E_peripheral_S57_R1_0011","set1_3_11835_359_RS2_E_peripheral_S57_R1_001",4,0.0695264791449357,5
"set1_3_11837_359_IDC_E_S59_R1_0011","set1_3_11837_359_IDC_E_S59_R1_001",4,0.077414142620211,5
"set1_3_11838_360_RS1_E_center_S4_R1_0011","set1_3_11838_360_RS1_E_center_S4_R1_001",4,0.0491805331526628,5
"set1_3_11840_360_RS1_E_peripheral_S8_R1_0011","set1_3_11840_360_RS1_E_peripheral_S8_R1_001",4,0.0407395009537259,5
"set1_3_11842_360_NL_E_S3_R1_0011","set1_3_11842_360_NL_E_S3_R1_001",1,0.0412214340692686,5
"set1_3_11844_361_RS1_E_center_S34_R1_0011","set1_3_11844_361_RS1_E_center_S34_R1_001",1,0.0292415332843203,5
"set1_3_11846_361_RS1_E_peripheral_S7_R1_0011","set1_3_11846_361_RS1_E_peripheral_S7_R1_001",4,0.0396559928525399,5
"set1_3_11848_361_RS2_E_center_S18_R1_0011","set1_3_11848_361_RS2_E_center_S18_R1_001",1,0.0325312482787165,5
"set1_3_11850_361_RS2_E_peripheral_S10_R1_0011","set1_3_11850_361_RS2_E_peripheral_S10_R1_001",4,0.0392056184215742,5
"set1_3_11852_361_RS4_E_center_S9_R1_0011","set1_3_11852_361_RS4_E_center_S9_R1_001",1,0.0304586358354832,5
"set1_3_11854_361_RS4_E_peripheral_S11_R1_0011","set1_3_11854_361_RS4_E_peripheral_S11_R1_001",4,0.0392828187997775,5
"set1_3_11856_361_RS3_E_center_S21_R1_0011","set1_3_11856_361_RS3_E_center_S21_R1_001",1,0.0314202656517844,5
"set1_3_11858_361_RS3_E_peripheral_S13_R1_0011","set1_3_11858_361_RS3_E_peripheral_S13_R1_001",4,0.0306733157655445,5
"set1_3_11860_361_NL_E_S49_R1_0011","set1_3_11860_361_NL_E_S49_R1_001",1,0.0345386318134065,5
"set1_3_11862_362_RS1_E_center_S55_R1_0011","set1_3_11862_362_RS1_E_center_S55_R1_001",1,0.037336020455752,5
"set1_3_11864_362_RS1_E_peripheral_S39_R1_0011","set1_3_11864_362_RS1_E_peripheral_S39_R1_001",4,0.0366040546928237,5
"set1_3_11867_363_RS1_E_center_S15_R1_0011","set1_3_11867_363_RS1_E_center_S15_R1_001",1,0.0296399899273369,5
"set1_3_11869_363_RS1_E_peripheral_S14_R1_0011","set1_3_11869_363_RS1_E_peripheral_S14_R1_001",4,0.0338881747678479,5
"set1_3_11871_363_NL_E_S47_R1_0011","set1_3_11871_363_NL_E_S47_R1_001",1,0.036825398608828,5
"set1_3_11873_363_IDC_E_S30_R1_0011","set1_3_11873_363_IDC_E_S30_R1_001",4,0.0298046884659659,5
"set1_3_11874_364_RS1_E_center_S38_R1_0011","set1_3_11874_364_RS1_E_center_S38_R1_001",1,0.02915876115379,5
"set1_3_11876_364_RS1_E_peripheral_S16_R1_0011","set1_3_11876_364_RS1_E_peripheral_S16_R1_001",4,0.0375996976010008,5
"set1_3_11878_364_NL_E_S19_R1_0011","set1_3_11878_364_NL_E_S19_R1_001",1,0.0372492987966143,5
"set1_3_11880_364_RS2_E_center_S12_R1_0011","set1_3_11880_364_RS2_E_center_S12_R1_001",4,0.0412669156196823,5
"set1_3_11882_364_RS2_E_peripheral_S6_R1_0011","set1_3_11882_364_RS2_E_peripheral_S6_R1_001",4,0.034287647090398,5
"set1_3_11885_364_NL_E_S22_R1_0011","set1_3_11885_364_NL_E_S22_R1_001",1,0.0393493826109371,5
"set1_3_13813_552_IBC_Ep_11","set1_3_13813_552_IBC_Ep_1",3,0.0694345211680924,5
"set1_3_13815_552_EN_Ep_11","set1_3_13815_552_EN_Ep_1",4,0.0604265123137831,5
"set1_3_13819_552_NL_Ep1","set1_3_13819_552_NL_Ep",1,0.0471564556443618,5
"set1_3_13821_551_IBC_Ep_21","set1_3_13821_551_IBC_Ep_2",5,0.130326120347145,5
"set1_3_13823_551_AM_Ep1","set1_3_13823_551_AM_Ep",4,0.0527509330859694,5
"set1_3_13825_551_UDH_Ep1","set1_3_13825_551_UDH_Ep",5,0.104121388971485,5
"set1_3_13826_551_NL_Ep1","set1_3_13826_551_NL_Ep",1,0.0607431442388718,5
"set1_3_13828_551_DCIS_Ep1","set1_3_13828_551_DCIS_Ep",5,0.089068876450038,5
"set1_3_13830_550_ADH_Ep_11","set1_3_13830_550_ADH_Ep_1",5,0.0758266501155328,5
"set1_3_13832_550_IBC_Ep_11","set1_3_13832_550_IBC_Ep_1",5,0.0916454167375313,5
"set1_3_13834_550_AM_Ep_21","set1_3_13834_550_AM_Ep_2",5,0.109615661494137,5
"set1_3_13836_550_DCIS_Ep_11","set1_3_13836_550_DCIS_Ep_1",5,0.0775480369234779,5
"set1_3_13838_550_CCC_Ep1","set1_3_13838_550_CCC_Ep",4,0.0450824039551883,5
"set1_3_13840_549_DCIS_Ep1","set1_3_13840_549_DCIS_Ep",3,0.077209157390396,5
"set1_3_13842_549_IBC_Ep1","set1_3_13842_549_IBC_Ep",3,0.0921247425167017,5
"set1_3_13844_549_IN_Ep1","set1_3_13844_549_IN_Ep",1,0.0363346771116159,5
"set1_3_13846_550_IBC_Ep_21","set1_3_13846_550_IBC_Ep_2",5,0.0630172059580811,5
"set1_3_13848_550_DCIS_Ep_21","set1_3_13848_550_DCIS_Ep_2",5,0.0763420927838339,5
"set1_3_13850_549_IP_Ep1","set1_3_13850_549_IP_Ep",1,0.0464822474801191,5
"set1_3_13852_549_MC_Ep1","set1_3_13852_549_MC_Ep",1,0.0436700068573883,5
"set1_3_13854_549_NL_Ep1","set1_3_13854_549_NL_Ep",1,0.054828956471638,5
"set1_3_13856_549_AM_Ep1","set1_3_13856_549_AM_Ep",5,0.132805067751386,5
"set1_3_13858_548_DCIS_Ep1","set1_3_13858_548_DCIS_Ep",3,0.0795574351592871,5
"set1_3_13860_548_IBC_Ep1","set1_3_13860_548_IBC_Ep",3,0.0779067853855225,5
"set1_3_13862_547_NL_Ep1","set1_3_13862_547_NL_Ep",1,0.0687617225948645,5
"set1_3_13864_547_CCC_Ep_11","set1_3_13864_547_CCC_Ep_1",4,0.0466343676998068,5
"set1_3_13866_547_CCH_Ep_11","set1_3_13866_547_CCH_Ep_1",4,0.0611104834433443,5
"set1_3_13868_547_IBC_Ep_11","set1_3_13868_547_IBC_Ep_1",3,0.0877922748189311,5
"set1_3_13870_547_DCIS_Ep1","set1_3_13870_547_DCIS_Ep",3,0.0971308610120266,5
"set1_3_13872_547_CCC_Ep_21","set1_3_13872_547_CCC_Ep_2",1,0.0574688203005975,5
"set1_3_13876_547_CCC_Ep_31","set1_3_13876_547_CCC_Ep_3",4,0.0439947646018225,5
"set1_3_13878_547_IBC_Ep_21","set1_3_13878_547_IBC_Ep_2",3,0.0868991478129983,5
"set1_3_13880_547_NL_Ep1","set1_3_13880_547_NL_Ep",1,0.0606147789871313,5
"set1_3_13882_546_NL_Ep1","set1_3_13882_546_NL_Ep",1,0.0734189715231282,5
"set1_3_13884_546_ALH_Ep1","set1_3_13884_546_ALH_Ep",4,0.0777629238085127,5
"set1_3_13886_546_IBC_Ep1","set1_3_13886_546_IBC_Ep",2,0.110343905175859,5
"set1_3_13888_546_LIN_Ep1","set1_3_13888_546_LIN_Ep",1,0.0588432348110824,5
"set1_3_13890_546_CCH_Ep1","set1_3_13890_546_CCH_Ep",4,0.0818365291175329,5
"set1_3_13892_546_HIN_Ep1","set1_3_13892_546_HIN_Ep",1,0.0479783687953682,5
"set1_3_13894_546_MIN_Ep1","set1_3_13894_546_MIN_Ep",1,0.0607844526855263,5
"set1_3_13896_545_CCC_Ep_11","set1_3_13896_545_CCC_Ep_1",5,0.0672978687155934,5
"set1_3_13898_545_ADH_Ep1","set1_3_13898_545_ADH_Ep",4,0.0741350231131777,5
"set1_3_13900_545_UDH_Ep_11","set1_3_13900_545_UDH_Ep_1",5,0.0573162567243811,5
"set1_3_13902_545_AM_Ep_11","set1_3_13902_545_AM_Ep_1",5,0.130448782523473,5
"set1_3_13904_545_IBC_Ep1","set1_3_13904_545_IBC_Ep",5,0.131655549492331,5
"set1_3_13906_545_DCIS_Ep_11","set1_3_13906_545_DCIS_Ep_1",5,0.129862134100997,5
"set1_3_13908_545_CCC_Ep_21","set1_3_13908_545_CCC_Ep_2",4,0.0590196485804649,5
"set1_3_13910_545_AM_Ep_21","set1_3_13910_545_AM_Ep_2",5,0.170782902055166,5
"set1_3_13912_545_UDH_Ep_21","set1_3_13912_545_UDH_Ep_2",4,0.0515915178615042,5
"set1_3_13914_545_NL_Ep1","set1_3_13914_545_NL_Ep",4,0.0582513320320247,5
"set1_3_13916_545_DCIS_Ep_21","set1_3_13916_545_DCIS_Ep_2",5,0.141731202249061,5
"set1_3_13918_545_LVI_Ep1","set1_3_13918_545_LVI_Ep",5,0.131160384594641,5
"set1_3_13920_544_MC_Ep1","set1_3_13920_544_MC_Ep",1,0.04717356171051,5
"set1_3_13922_544_NL_Ep1","set1_3_13922_544_NL_Ep",1,0.0461743975369468,5
"set1_3_13924_544_DCIS_Ep_11","set1_3_13924_544_DCIS_Ep_1",5,0.0814143889286438,5
"set1_3_13926_544_DCIS_Ep_21","set1_3_13926_544_DCIS_Ep_2",5,0.0877922986927451,5
"set1_3_13928_544_IBC_Ep1","set1_3_13928_544_IBC_Ep",5,0.0706191793930227,5
"set1_3_13930_544_DCIS_Ep_31","set1_3_13930_544_DCIS_Ep_3",5,0.0857689973832255,5
"set1_3_13932_543_CCH_Ep_11","set1_3_13932_543_CCH_Ep_1",4,0.0607607340323831,5
"set1_3_13934_543_CCH_Ep_21","set1_3_13934_543_CCH_Ep_2",4,0.0679160047230391,5
"set1_3_13936_568_AM_Ep1","set1_3_13936_568_AM_Ep",5,0.147500969579318,5
"set1_3_13938_568_NL_Ep1","set1_3_13938_568_NL_Ep",1,0.0588714218595882,5
"set1_3_13940_568_IBC_Ep1","set1_3_13940_568_IBC_Ep",3,0.0753274814577325,5
"set1_3_13942_568_DCIS_Ep1","set1_3_13942_568_DCIS_Ep",2,0.0645056457175761,5
"set1_3_13944_569_CCC_Ep1","set1_3_13944_569_CCC_Ep",4,0.0536080490147154,5
"set1_3_13946_570_CCC_Ep_11","set1_3_13946_570_CCC_Ep_1",4,0.0817277300048001,5
"set1_3_13948_570_IBC_Ep1","set1_3_13948_570_IBC_Ep",4,0.0660184878149101,5
"set1_3_13950_570_DCIS_Ep1","set1_3_13950_570_DCIS_Ep",4,0.0738055032323865,5
"set1_3_13952_570_ADH_Ep_11","set1_3_13952_570_ADH_Ep_1",4,0.0724393660572113,5
"set1_3_13954_570_NL_Ep1","set1_3_13954_570_NL_Ep",1,0.0843256707645392,5
"set1_3_13956_570_CCC_Ep_21","set1_3_13956_570_CCC_Ep_2",4,0.0702416613397605,5
"set1_3_13958_570_CCH_Ep1","set1_3_13958_570_CCH_Ep",4,0.063939778445742,5
"set1_3_13960_570_ADH_Ep_21","set1_3_13960_570_ADH_Ep_2",4,0.0707834902618563,5
"set1_3_13962_569_IBC_Ep1","set1_3_13962_569_IBC_Ep",3,0.10263531217791,5
"set1_3_13966_567_ADH_Ep1","set1_3_13966_567_ADH_Ep",1,0.0436186877222317,5
"set1_3_13968_567_DCIS_Ep1","set1_3_13968_567_DCIS_Ep",3,0.0767707643132499,5
"set1_3_13970_567_IBC_Ep1","set1_3_13970_567_IBC_Ep",3,0.107669645231818,5
"set1_3_13972_567_NL_Ep1","set1_3_13972_567_NL_Ep",1,0.0698692495178738,5
"set1_3_13974_569_NL_Ep1","set1_3_13974_569_NL_Ep",4,0.0525452302286465,5
"set1_3_13976_565_EN_Ep1","set1_3_13976_565_EN_Ep",4,0.0677040881710053,5
"set1_3_13978_565_DCIS_Ep1","set1_3_13978_565_DCIS_Ep",2,0.0757787689112328,5
"set1_3_13980_565_NL_Ep1","set1_3_13980_565_NL_Ep",1,0.058205781968191,5
"set1_3_13982_561_DCIS_Ep1","set1_3_13982_561_DCIS_Ep",3,0.0895001884408659,5
"set1_3_13984_561_IBC_Ep1","set1_3_13984_561_IBC_Ep",3,0.103354848292909,5
"set1_3_13986_561_NL_Ep1","set1_3_13986_561_NL_Ep",4,0.0657231423529117,5
"set1_3_13987_562_DCIS_Ep_11","set1_3_13987_562_DCIS_Ep_1",3,0.0779991909226875,5
"set1_3_13989_562_NL_Ep_11","set1_3_13989_562_NL_Ep_1",1,0.0642890110884081,5
"set1_3_13991_562_DCIS_Ep_21","set1_3_13991_562_DCIS_Ep_2",3,0.104159177309527,5
"set1_3_13993_562_NL_Ep_21","set1_3_13993_562_NL_Ep_2",1,0.0514255337614136,5
"set1_3_13995_563_NL_Ep1","set1_3_13995_563_NL_Ep",1,0.0501906238598048,5
"set1_3_13999_563_EN_Ep1","set1_3_13999_563_EN_Ep",4,0.0541527830247651,5
"set1_3_14001_553_DCIS_Ep1","set1_3_14001_553_DCIS_Ep",3,0.0761897053178412,5
"set1_3_14003_553_IBC_Ep1","set1_3_14003_553_IBC_Ep",3,0.0626008177340743,5
"set1_3_14005_553_NL_Ep_11","set1_3_14005_553_NL_Ep_1",4,0.0480001058610852,5
"set1_3_14007_553_EN_Ep1","set1_3_14007_553_EN_Ep",4,0.0462166290421987,5
"set1_3_14009_553_AM_Ep1","set1_3_14009_553_AM_Ep",4,0.0458711673214143,5
"set1_3_14011_553_NL_Ep_21","set1_3_14011_553_NL_Ep_2",1,0.0323946326244013,5
"set1_3_14012_560_CCC_Ep1","set1_3_14012_560_CCC_Ep",4,0.0749994118726255,5
"set1_3_14014_560_AM_Ep1","set1_3_14014_560_AM_Ep",5,0.153613850225662,5
"set1_3_14016_560_NL_Ep_11","set1_3_14016_560_NL_Ep_1",4,0.0657043774666426,5
"set1_3_14018_560_NL_Ep_21","set1_3_14018_560_NL_Ep_2",4,0.0617372625195166,5
"set1_3_14020_560_IBC_Ep_11","set1_3_14020_560_IBC_Ep_1",3,0.0759308895103257,5
"set1_3_14022_560_SA_Ep1","set1_3_14022_560_SA_Ep",1,0.053822944109619,5
"set1_3_14024_560_NL_Ep1","set1_3_14024_560_NL_Ep",1,0.0565411436348249,5
"set1_3_14025_560_IBC_Ep_21","set1_3_14025_560_IBC_Ep_2",3,0.0876882720590754,5
"set1_3_14027_572_IP_Ep1","set1_3_14027_572_IP_Ep",4,0.0625608244784536,5
"set1_3_14028_572_UDH_Ep1","set1_3_14028_572_UDH_Ep",5,0.074132023584641,5
"set1_3_14034_572_IBC_Ep1","set1_3_14034_572_IBC_Ep",3,0.0818314989937031,5
"set1_3_14036_571_NL_Ep1","set1_3_14036_571_NL_Ep",2,0.0449829387119775,5
"set1_3_14038_571_EN_Ep1","set1_3_14038_571_EN_Ep",2,0.121497339519481,5
"set1_3_14040_571_DCISw_Ep1","set1_3_14040_571_DCISw_Ep",2,0.0854781572156081,5
"set1_3_14042_571_DCIS_Ep1","set1_3_14042_571_DCIS_Ep",2,0.086096518478891,5
"set1_3_14044_571_IBC_Ep_11","set1_3_14044_571_IBC_Ep_1",2,0.0876728847974322,5
"set1_3_14046_571_IBC_Ep_21","set1_3_14046_571_IBC_Ep_2",3,0.0818346613007866,5
"set1_3_14048_566_IBC_Ep1","set1_3_14048_566_IBC_Ep",2,0.0793218095973468,5
"set1_3_14050_566_DCIS_Ep1","set1_3_14050_566_DCIS_Ep",3,0.0616347809075292,5
"set1_3_14052_566_UDH_Ep1","set1_3_14052_566_UDH_Ep",4,0.0570939870023865,5
"set1_3_14054_566_CCC_Ep_11","set1_3_14054_566_CCC_Ep_1",4,0.0625028740345354,5
"set1_3_14056_566_CCC_Ep_21","set1_3_14056_566_CCC_Ep_2",4,0.0581872703334562,5
"set1_3_14058_566_AM_Ep1","set1_3_14058_566_AM_Ep",5,0.138675785393597,5
"set1_3_14060_566_NL_Ep1","set1_3_14060_566_NL_Ep",4,0.0468855590900248,5
"set1_3_14062_564_DCIS_Ep1","set1_3_14062_564_DCIS_Ep",3,0.0641489091583396,5
"set1_3_14064_564_HP_Ep1","set1_3_14064_564_HP_Ep",2,0.0535237344480502,5
"set1_3_14066_564_NL_Ep1","set1_3_14066_564_NL_Ep",1,0.0573698964436007,5
"set1_3_14068_564_IBC_Ep1","set1_3_14068_564_IBC_Ep",3,0.0591015152911824,5
"set1_3_14070_559_DCIS_Ep1","set1_3_14070_559_DCIS_Ep",3,0.0954425601180033,5
"set1_3_14072_559_IBC_Ep1","set1_3_14072_559_IBC_Ep",3,0.118500874021512,5
"set1_3_14074_559_CCH_Ep1","set1_3_14074_559_CCH_Ep",4,0.0701963091536416,5
"set1_3_14076_559_AM_Ep1","set1_3_14076_559_AM_Ep",5,0.14231018175584,5
"set1_3_14080_558_IBC_Ep1","set1_3_14080_558_IBC_Ep",3,0.0661957676078409,5
"set1_3_14082_558_NL_Ep_11","set1_3_14082_558_NL_Ep_1",1,0.0398843528620048,5
"set1_3_14084_558_DCIS_Ep_11","set1_3_14084_558_DCIS_Ep_1",3,0.0745898685237019,5
"set1_3_14086_558_DCIS_Ep_21","set1_3_14086_558_DCIS_Ep_2",3,0.0584795915677997,5
"set1_3_14088_558_IN_Ep1","set1_3_14088_558_IN_Ep",1,0.0484515411191716,5
"set1_3_14092_557_IBC_Ep1","set1_3_14092_557_IBC_Ep",3,0.0968602845419336,5
"set1_3_14094_557_DCIS_Ep1","set1_3_14094_557_DCIS_Ep",3,0.0848279442175373,5
"set1_3_14096_556_IBC_Ep_11","set1_3_14096_556_IBC_Ep_1",5,0.0997169457074357,5
"set1_3_14098_556_ADH_Ep_11","set1_3_14098_556_ADH_Ep_1",4,0.0740637186603939,5
"set1_3_14100_556_ADH_Ep_21","set1_3_14100_556_ADH_Ep_2",4,0.0812651408534764,5
"set1_3_14102_556_AM_Ep1","set1_3_14102_556_AM_Ep",5,0.138319915671069,5
"set1_3_14104_556_IBC_Ep_21","set1_3_14104_556_IBC_Ep_2",5,0.102985741051915,5
"set1_3_14108_556_NL_Ep1","set1_3_14108_556_NL_Ep",1,0.057382832646052,5
"set1_3_14110_555_IN_Ep1","set1_3_14110_555_IN_Ep",2,0.0608264782975933,5
"set1_3_14112_555_iIBC_Ep1","set1_3_14112_555_iIBC_Ep",2,0.0596261920900319,5
"set1_3_14114_555_IBC_Ep1","set1_3_14114_555_IBC_Ep",3,0.0836406954798897,5
"set1_3_14116_555_CCC_Ep1","set1_3_14116_555_CCC_Ep",4,0.0561676484111118,5
"set1_3_14118_555_NL_Ep1","set1_3_14118_555_NL_Ep",1,0.0398341096757117,5
"set1_3_14120_554_RS_Ep_11","set1_3_14120_554_RS_Ep_1",4,0.0535115073742957,5
"set1_3_14124_554_EN_Ep1","set1_3_14124_554_EN_Ep",4,0.0398435870366083,5
"set1_3_14126_554_IBC_Ep1","set1_3_14126_554_IBC_Ep",2,0.0996203650317254,5
"set1_3_14128_554_UDH_Ep1","set1_3_14128_554_UDH_Ep",4,0.0431170419036219,5
"set1_3_14130_554_DCIS_Ep1","set1_3_14130_554_DCIS_Ep",2,0.0725933075890592,5
"set1_3_14134_554_NL_Ep1","set1_3_14134_554_NL_Ep",1,0.0411814336488293,5
"set4_10_14731_656_IBC_Ep1","set4_10_14731_656_IBC_Ep",3,0.0847194392045012,5
"set4_10_14733_656_BBD_Ep1","set4_10_14733_656_BBD_Ep",4,0.0869982826427473,5
"set4_10_14735_656_NL_Ep1","set4_10_14735_656_NL_Ep",4,0.0637243262071228,5
"set4_10_14737_657_CCC_Ep1","set4_10_14737_657_CCC_Ep",5,0.0779057031301212,5
"set4_10_14739_657_NL_Ep1","set4_10_14739_657_NL_Ep",4,0.0862553883354334,5
"set4_10_14741_657_DCIS_Ep1","set4_10_14741_657_DCIS_Ep",5,0.101982171414249,5
"set4_10_14744_657_IBC_Ep1","set4_10_14744_657_IBC_Ep",5,0.080071242316666,5
"set4_10_14745_658_DCIS_Ep1","set4_10_14745_658_DCIS_Ep",2,0.0635842745214548,5
"set4_10_14746_658_IBC_Ep1","set4_10_14746_658_IBC_Ep",3,0.0757978753629858,5
"set4_10_14747_658_NL_Ep1","set4_10_14747_658_NL_Ep",1,0.0904704848700033,5
"set4_10_14751_659_DCIS_Ep1","set4_10_14751_659_DCIS_Ep",4,0.0832527796343086,5
"set4_10_14752_659_IBC_Ep1","set4_10_14752_659_IBC_Ep",4,0.0552833246032559,5
"set4_10_14755_659_DCIS_Ep1","set4_10_14755_659_DCIS_Ep",4,0.0779939624062961,5
"set4_10_14757_659_NL_Ep1","set4_10_14757_659_NL_Ep",1,0.0614164192716816,5
"set4_10_14791_663_DCIS_Ep1","set4_10_14791_663_DCIS_Ep",4,0.0816622276513291,5
"set4_10_14793_663_IBC_Ep1","set4_10_14793_663_IBC_Ep",4,0.0741284168975295,5
"set4_10_14795_663_NL_Ep1","set4_10_14795_663_NL_Ep",1,0.0746826249156086,5
"set4_10_14759_660_IBC_Ep1","set4_10_14759_660_IBC_Ep",3,0.0640506755526697,5
"set4_10_14761_660_DCIS_Ep1","set4_10_14761_660_DCIS_Ep",2,0.0666882319419639,5
"set4_10_14763_660_NL_Ep1","set4_10_14763_660_NL_Ep",1,0.0617351538115371,5
"set4_10_14765_660_LVI_Ep1","set4_10_14765_660_LVI_Ep",3,0.0740773931320977,5
"set4_10_14767_661_IBC_Ep1","set4_10_14767_661_IBC_Ep",2,0.0796432008458375,5
"set4_10_14769_661_AM_Ep1","set4_10_14769_661_AM_Ep",5,0.157393289827007,5
"set4_10_14771_661_ADH_Ep1","set4_10_14771_661_ADH_Ep",4,0.0918546582185228,5
"set4_10_14773_661_DCIS_Ep1","set4_10_14773_661_DCIS_Ep",4,0.10160356539618,5
"set4_10_14775_661_ADH_Ep1","set4_10_14775_661_ADH_Ep",4,0.0887766147095511,5
"set4_10_14777_661_NL_Ep1","set4_10_14777_661_NL_Ep",4,0.0892859230665945,5
"set4_10_14779_662_DCIS.1_Ep1","set4_10_14779_662_DCIS.1_Ep",3,0.107484569626526,5
"set4_10_14781_662_MIV.1_Ep1","set4_10_14781_662_MIV.1_Ep",3,0.104485996718035,5
"set4_10_14783_662_DCIS.2_Ep1","set4_10_14783_662_DCIS.2_Ep",3,0.104827208483367,5
"set4_10_14785_662_MIV.2_Ep1","set4_10_14785_662_MIV.2_Ep",3,0.0968441012059098,5
"set4_10_14787_662_DCIS.3_Ep1","set4_10_14787_662_DCIS.3_Ep",3,0.105079806983509,5
"set4_10_14789_662_IBC_Ep1","set4_10_14789_662_IBC_Ep",3,0.107838432681056,5
"set4_10_14909_676_DCIS.2_Ep1","set4_10_14909_676_DCIS.2_Ep",5,0.132148991806663,5
"set4_10_14797_664_AM_Ep1","set4_10_14797_664_AM_Ep",5,0.169037964868577,5
"set4_10_14798_664_BBD_Ep1","set4_10_14798_664_BBD_Ep",4,0.0760637899872012,5
"set4_10_14800_664_IBC_Ep1","set4_10_14800_664_IBC_Ep",3,0.072913092418415,5
"set4_10_14802_664_ADH_Ep1","set4_10_14802_664_ADH_Ep",4,0.0629365856726127,5
"set4_10_14804_664_NL_Ep1","set4_10_14804_664_NL_Ep",1,0.0899154474707751,5
"set4_10_14805_665_IBC_Ep1","set4_10_14805_665_IBC_Ep",3,0.0687957403475359,5
"set4_10_14807_665_inf_NL_Ep1","set4_10_14807_665_inf_NL_Ep",1,0.0630883566434276,5
"set4_10_14809_665_DCIS_Ep1","set4_10_14809_665_DCIS_Ep",2,0.0695877966991293,5
"set4_10_14810_665_NL_Ep1","set4_10_14810_665_NL_Ep",1,0.0635322334896636,5
"set4_10_14812_666_IBC_Ep1","set4_10_14812_666_IBC_Ep",2,0.0695140175368413,5
"set4_10_14813_666_DCIS_Ep1","set4_10_14813_666_DCIS_Ep",3,0.0515455422246953,5
"set4_10_14816_666_NL_Ep1","set4_10_14816_666_NL_Ep",1,0.0654549470710492,5
"set4_10_14818_666_BBD_Ep1","set4_10_14818_666_BBD_Ep",4,0.0800897447613138,5
"set4_10_14853_671_UDH_Ep1","set4_10_14853_671_UDH_Ep",4,0.0673809177297692,5
"set4_10_14855_671_AM_Ep1","set4_10_14855_671_AM_Ep",5,0.150600411717853,5
"set4_10_14856_671_DCIS_Ep1","set4_10_14856_671_DCIS_Ep",3,0.0746081630223281,5
"set4_10_14857_671_IBC_Ep1","set4_10_14857_671_IBC_Ep",3,0.0659833392975594,5
"set4_10_14862_671_CCC_Ep1","set4_10_14862_671_CCC_Ep",4,0.0841057100576089,5
"set4_10_14820_667_IBC_Ep1","set4_10_14820_667_IBC_Ep",3,0.0851823722583592,5
"set4_10_14821_667_DCIS_Ep1","set4_10_14821_667_DCIS_Ep",3,0.0621618630848519,5
"set4_10_14822_667_NL_Ep1","set4_10_14822_667_NL_Ep",4,0.0540212960953236,5
"set4_10_14826_668_IBC_Ep1","set4_10_14826_668_IBC_Ep",3,0.0864049278759561,5
"set4_10_14828_668_DCIS_Ep1","set4_10_14828_668_DCIS_Ep",4,0.0746559511760137,5
"set4_10_14829_668_NL_Ep1","set4_10_14829_668_NL_Ep",1,0.0723075030697815,5
"set4_10_14830_668_EN_Ep1","set4_10_14830_668_EN_Ep",5,0.0657075762397831,5
"set4_10_14833_669_IBC_Ep1","set4_10_14833_669_IBC_Ep",3,0.0932867321655839,5
"set4_10_14834_669_NL_Ep1","set4_10_14834_669_NL_Ep",1,0.0692379584012201,5
"set4_10_14837_669_DCIS_Ep1","set4_10_14837_669_DCIS_Ep",3,0.0608655266638801,5
"set4_10_14839_670_EN_Ep1","set4_10_14839_670_EN_Ep",4,0.0807653481035717,5
"set4_10_14840_670_DCIS_Ep1","set4_10_14840_670_DCIS_Ep",5,0.129135049005526,5
"set4_10_14843_670_DCIS_Ep1","set4_10_14843_670_DCIS_Ep",5,0.146703113468133,5
"set4_10_14844_670_IBC_Ep1","set4_10_14844_670_IBC_Ep",5,0.151033116901531,5
"set4_10_14847_670_BBD_Ep1","set4_10_14847_670_BBD_Ep",4,0.0670169451092624,5
"set4_10_14848_670_CCC_Ep1","set4_10_14848_670_CCC_Ep",4,0.0662758724619325,5
"set4_10_14849_670_AM_Ep1","set4_10_14849_670_AM_Ep",5,0.096418016764997,5
"set4_10_14864_672_inf_NL_Ep_S1_R1_0011","set4_10_14864_672_inf_NL_Ep_S1_R1_001",1,0.0621267364757287,5
"set4_10_14866_672_IBC_Ep_2_S3_R1_0011","set4_10_14866_672_IBC_Ep_2_S3_R1_001",3,0.0770119342593343,5
"set4_10_14868_672_IBC_Ep_1_S5_R1_0011","set4_10_14868_672_IBC_Ep_1_S5_R1_001",3,0.0798145139259122,5
"set4_10_14869_672_DCIS_Ep_S6_R1_0011","set4_10_14869_672_DCIS_Ep_S6_R1_001",3,0.0756291383978539,5
"set4_10_14870_672_CaLob_Ep_S7_R1_0011","set4_10_14870_672_CaLob_Ep_S7_R1_001",3,0.0691491529974189,5
"set4_10_14873_672_NL_Ep_S10_R1_0011","set4_10_14873_672_NL_Ep_S10_R1_001",1,0.0779025010980363,5
"set4_10_14875_672_ADH_Ep_S12_R1_0011","set4_10_14875_672_ADH_Ep_S12_R1_001",4,0.076352701554289,5
"set4_10_14876_672_CCC_Ep_S13_R1_0011","set4_10_14876_672_CCC_Ep_S13_R1_001",2,0.0622371237048261,5
"set4_10_14878_673_IBC_Ep_S15_R1_0011","set4_10_14878_673_IBC_Ep_S15_R1_001",2,0.0664529024772649,5
"set4_10_14880_673_DCIS_Ep_S17_R1_0011","set4_10_14880_673_DCIS_Ep_S17_R1_001",3,0.0654258816633642,5
"set4_10_14882_673_NL_Ep_S19_R1_0011","set4_10_14882_673_NL_Ep_S19_R1_001",1,0.0729230537569752,5
"set4_10_14884_673_AM_Ep_S21_R1_0011","set4_10_14884_673_AM_Ep_S21_R1_001",5,0.147312845989782,5
"set4_10_14886_673_CCC_Ep_S23_R1_0011","set4_10_14886_673_CCC_Ep_S23_R1_001",4,0.0942408368839332,5
"set4_10_14888_673_EN_Ep_S25_R1_0011","set4_10_14888_673_EN_Ep_S25_R1_001",4,0.0593371133812696,5
"set4_10_14890_674_DCIS_Ep_S27_R1_0011","set4_10_14890_674_DCIS_Ep_S27_R1_001",5,0.146487396307918,5
"set4_10_14892_674_IBC_Ep_S29_R1_0011","set4_10_14892_674_IBC_Ep_S29_R1_001",5,0.118044556417473,5
"set4_10_14894_674_BBD_Ep_S31_R1_0011","set4_10_14894_674_BBD_Ep_S31_R1_001",1,0.0552539226062794,5
"set4_10_14899_675_EN1_Ep_S33_R1_0011","set4_10_14899_675_EN1_Ep_S33_R1_001",4,0.0597935014548983,5
"set4_10_14901_675_EN2_Ep1","set4_10_14901_675_EN2_Ep",4,0.0725872378825346,5
"set4_10_14904_675_EN3_Ep1","set4_10_14904_675_EN3_Ep",4,0.0766089724563914,5
"set4_10_14905_675_NL_Ep1","set4_10_14905_675_NL_Ep",1,0.0767707490172165,5
"set4_10_14907_675_IBC_Ep1","set4_10_14907_675_IBC_Ep",3,0.0919500165767453,5
"set4_10_14908_675_CCC_Ep1","set4_10_14908_675_CCC_Ep",5,0.0993009110451486,5
"set4_10_14922_677_IBC_Ep1","set4_10_14922_677_IBC_Ep",3,0.0630404192018165,5
"set4_10_14924_677_DCIS_Ep1","set4_10_14924_677_DCIS_Ep",3,0.0572887468993288,5
"set4_10_14926_677_NL_Ep1","set4_10_14926_677_NL_Ep",1,0.0833361471905989,5
"set4_10_14928_677_LVI_Ep1","set4_10_14928_677_LVI_Ep",3,0.059443767226736,5
"set4_10_14930_678_IBC_Ep1","set4_10_14930_678_IBC_Ep",3,0.0823185487332226,5
"set4_10_14932_678_PLC_Ep1","set4_10_14932_678_PLC_Ep",1,0.0711134093524029,5
"set4_10_14934_678_EN_Ep1","set4_10_14934_678_EN_Ep",4,0.0743958486237971,5
"set4_10_14936_678_NL_Ep1","set4_10_14936_678_NL_Ep",1,0.0683393835897206,5
"set4_10_14938_679_IBC_Ep1","set4_10_14938_679_IBC_Ep",3,0.106397989621512,5
"set4_10_14940_679_DCIS_Ep1","set4_10_14940_679_DCIS_Ep",3,0.096046307657198,5
"set4_10_14942_679_NL_Ep1","set4_10_14942_679_NL_Ep",1,0.0670385764817999,5
"set4_10_14954_680_DCIS_2_Ep1","set4_10_14954_680_DCIS_2_Ep",4,0.0908005626627235,5
"set4_10_14956_680_ADH_2_Ep1","set4_10_14956_680_ADH_2_Ep",4,0.0913422594323547,5
"set4_10_14944_680_ADH_1_Ep1","set4_10_14944_680_ADH_1_Ep",4,0.087505983812869,5
"set4_10_14946_680_UDH_Ep1","set4_10_14946_680_UDH_Ep",4,0.0789171523073561,5
"set4_10_14948_680_NL_Ep1","set4_10_14948_680_NL_Ep",4,0.0687150256529149,5
"set4_10_14950_680_DCIS_1_Ep1","set4_10_14950_680_DCIS_1_Ep",4,0.0814141808351643,5
"set4_10_14952_680_IBC_Ep1","set4_10_14952_680_IBC_Ep",5,0.0989122018192413,5
"set4_10_14958_680_LG_DCIS_Ep1","set4_10_14958_680_LG_DCIS_Ep",5,0.0731369647882301,5
"set4_10_14960_680_AM_Ep1","set4_10_14960_680_AM_Ep",5,0.147683367581756,5
"set4_10_14962_680_atip_AM_Ep1","set4_10_14962_680_atip_AM_Ep",4,0.0900209741896714,5
"set4_10_14963_680_ADH_AM_Ep1","set4_10_14963_680_ADH_AM_Ep",4,0.0958761912323034,5
"set4_10_14966_681_DCIS_Ep1","set4_10_14966_681_DCIS_Ep",3,0.0492975444082687,5
"set4_10_14968_681_AM_Ep1","set4_10_14968_681_AM_Ep",5,0.164606704194518,5
"set4_10_14970_681_EN_Ep1","set4_10_14970_681_EN_Ep",4,0.05658341828921,5
"set4_10_14972_681_ADH_1_Ep1","set4_10_14972_681_ADH_1_Ep",1,0.0526484196515232,5
"set4_10_14974_681_IBC_Ep1","set4_10_14974_681_IBC_Ep",3,0.0770301970806618,5
"set4_10_14976_681_NL_Ep1","set4_10_14976_681_NL_Ep",1,0.0718978244581945,5
"set4_10_14978_682_NL_Ep1","set4_10_14978_682_NL_Ep",1,0.0775490653682708,5
"set4_10_14980_682_EN_Ep1","set4_10_14980_682_EN_Ep",1,0.0815294213125876,5
"set4_10_14982_682_IBC_Ep1","set4_10_14982_682_IBC_Ep",3,0.102576426398581,5
"set4_10_14984_682_Inf_NL_Ep1","set4_10_14984_682_Inf_NL_Ep",1,0.0849841436849903,5
"set4_10_14987_683_DCIS_Ep1","set4_10_14987_683_DCIS_Ep",4,0.069189477222293,5
"set4_10_14990_684_ADH_DCIS_Ep1","set4_10_14990_684_ADH_DCIS_Ep",3,0.0689186947634868,5
"set4_10_14992_684_DCIS_Ep1","set4_10_14992_684_DCIS_Ep",2,0.0671256945985569,5
"set4_10_14994_684_NL_Ep1","set4_10_14994_684_NL_Ep",1,0.0743432836772322,5
"set4_10_14996_684_IBC_Ep1","set4_10_14996_684_IBC_Ep",2,0.0651301822051531,5
"set4_10_14998_685_DCIS_Ep1","set4_10_14998_685_DCIS_Ep",3,0.06588338996757,5
"set4_10_15000_685_IBC_Ep1","set4_10_15000_685_IBC_Ep",3,0.0930172931152826,5
"set4_10_15002_685_NL_Ep1","set4_10_15002_685_NL_Ep",4,0.0668647050843074,5
"set4_10_15004_685_EN_Ep1","set4_10_15004_685_EN_Ep",1,0.0807903081466135,5
"set4_10_15013_687_DCIS_1_Ep1","set4_10_15013_687_DCIS_1_Ep",2,0.0899560551226297,5
"set4_10_15015_687_DCIS_2_Ep1","set4_10_15015_687_DCIS_2_Ep",2,0.100716363740009,5
"set4_10_15017_687_UDH_Ep1","set4_10_15017_687_UDH_Ep",1,0.0611452935721708,5
"set4_10_15019_687_EN_Ep1","set4_10_15019_687_EN_Ep",1,0.0713300333554104,5
"set4_10_15021_687_NL_Ep1","set4_10_15021_687_NL_Ep",1,0.0803790315110389,5
"set4_10_15025_688_EN_1_Ep1","set4_10_15025_688_EN_1_Ep",2,0.0717177237710433,5
"set4_10_14911_676_EN_Ep1","set4_10_14911_676_EN_Ep",4,0.0725198238125923,5
"set4_10_14913_676_BBD_2_Ep1","set4_10_14913_676_BBD_2_Ep",4,0.070457276390694,5
"set4_10_14915_676_IBC_Ep1","set4_10_14915_676_IBC_Ep",5,0.129830977426852,5
"set4_10_14916_676_DCIS_1_Ep1","set4_10_14916_676_DCIS_1_Ep",5,0.124553406590546,5
"set4_10_14918_676_BBD_1_Ep1","set4_10_14918_676_BBD_1_Ep",1,0.0664059552553045,5
"set4_10_14920_676_NL_Ep1","set4_10_14920_676_NL_Ep",1,0.0652890015408186,5
"set4_10_15006_686_IBC_Ep1","set4_10_15006_686_IBC_Ep",2,0.0561573289053452,5
"set4_10_15007_686_DCIS_Ep1","set4_10_15007_686_DCIS_Ep",2,0.0869137457813492,5
"set4_10_15009_686_EN_Ep1","set4_10_15009_686_EN_Ep",1,0.0702376006676907,5
"set4_10_15011_686_NL_Ep1","set4_10_15011_686_NL_Ep",1,0.0724825902198697,5
"set4_10_15032_689_IBC_Ep1","set4_10_15032_689_IBC_Ep",3,0.0707220896237244,5
"set4_10_15034_689_DCIS_1_Ep1","set4_10_15034_689_DCIS_1_Ep",2,0.101585708255041,5
"set4_10_15036_689_NL_Ep1","set4_10_15036_689_NL_Ep",1,0.0693256901424222,5
"set4_10_15038_689_DCIS_2_Ep1","set4_10_15038_689_DCIS_2_Ep",2,0.0686265191363438,5
"set4_10_15040_689_EN_1_Ep1","set4_10_15040_689_EN_1_Ep",4,0.0658779930969185,5
"set4_10_15042_689_EN_2_Ep1","set4_10_15042_689_EN_2_Ep",4,0.0684175471030537,5
"set4_10_15052_690_EN_2_Ep1","set4_10_15052_690_EN_2_Ep",4,0.0867557368386871,5
"set4_10_15062_691_EN_2_Ep1","set4_10_15062_691_EN_2_Ep",5,0.0796931842549867,5
"set4_10_14964_681_ADH_2_Ep1","set4_10_14964_681_ADH_2_Ep",1,0.0559506531763642,5
"set4_10_15023_688_IBC_Ep1","set4_10_15023_688_IBC_Ep",2,0.112072168062176,5
"set4_10_15027_688_NL_Ep1","set4_10_15027_688_NL_Ep",1,0.0754667809838878,5
"set4_10_15029_688_EN_4_Ep1","set4_10_15029_688_EN_4_Ep",4,0.0817341752233284,5
"set4_10_15031_688_EN_5_Ep1","set4_10_15031_688_EN_5_Ep",5,0.126904877251221,5
"set4_10_15044_690_NL_Ep1","set4_10_15044_690_NL_Ep",1,0.0639851913383932,5
"set4_10_15046_690_EN_1_Ep1","set4_10_15046_690_EN_1_Ep",4,0.0697555849212036,5
"set4_10_15048_690_IBC_Ep1","set4_10_15048_690_IBC_Ep",3,0.106469021016605,5
"set4_10_15050_690_DCIS_Ep1","set4_10_15050_690_DCIS_Ep",3,0.0556166709855727,5
"set4_10_15054_690_i_DCIS_Ep1","set4_10_15054_690_i_DCIS_Ep",2,0.080564351039938,5
"set4_10_15056_691_IBC_Ep1","set4_10_15056_691_IBC_Ep",3,0.0997779741996124,5
"set4_10_15058_691_EN_1_Ep1","set4_10_15058_691_EN_1_Ep",4,0.0782196500934741,5
"set4_10_15060_691_DCIS_Ep1","set4_10_15060_691_DCIS_Ep",4,0.0769541625134075,5
"set4_10_15064_692_IBC_Ep1","set4_10_15064_692_IBC_Ep",3,0.0806457147581694,5
"set4_10_15066_692_DCIS_Ep1","set4_10_15066_692_DCIS_Ep",2,0.0667484517609879,5
"set4_10_15068_692_NL_Ep1","set4_10_15068_692_NL_Ep",2,0.0843672819212153,5
"set4_10_15585_744_IBC_Ep1","set4_10_15585_744_IBC_Ep",3,0.0871419418155649,5
"set4_10_15587_744_inF.NL_Ep1","set4_10_15587_744_inF.NL_Ep",1,0.0740959558892554,5
"set4_10_15589_744_DCIS_Ep1","set4_10_15589_744_DCIS_Ep",2,0.0633377039121536,5
"set4_10_15591_745_CCC_Ep1","set4_10_15591_745_CCC_Ep",4,0.0750767756304919,5
"set4_10_15593_745_BBD_Ep1","set4_10_15593_745_BBD_Ep",4,0.0713676361746425,5
"set4_10_15595_745_IP_Ep1","set4_10_15595_745_IP_Ep",4,0.0851201520041599,5
"set4_10_15597_746_IBC_Ep1","set4_10_15597_746_IBC_Ep",3,0.0952752479532243,5
"set4_10_15598_746_DCIS_Ep1","set4_10_15598_746_DCIS_Ep",3,0.0909147372692692,5
"set4_10_15600_746_NL_Ep1","set4_10_15600_746_NL_Ep",4,0.0879722787727001,5
"set4_10_15602_747_IBC_Ep1","set4_10_15602_747_IBC_Ep",3,0.0895735523037472,5
"set4_10_15604_747_NL_Ep1","set4_10_15604_747_NL_Ep",1,0.0609666720365628,5
"set4_10_15606_747_ADH_Ep1","set4_10_15606_747_ADH_Ep",4,0.0699690960906637,5
"set4_10_15608_747_AM_Ep1","set4_10_15608_747_AM_Ep",5,0.163539875967009,5
"set4_10_15610_748_AM_Ep1","set4_10_15610_748_AM_Ep",5,0.16504074053441,5
"set4_10_15612_748_DCIS_Ep1","set4_10_15612_748_DCIS_Ep",5,0.142407262830715,5
"set4_10_15614_748_IBC_Ep1","set4_10_15614_748_IBC_Ep",5,0.11720868060649,5
"set4_10_15616_749_IBC_Ep1","set4_10_15616_749_IBC_Ep",3,0.0980079834679054,5
"set4_10_15617_749_DCIS_Ep1","set4_10_15617_749_DCIS_Ep",3,0.116650949495998,5
"set4_10_15618_749_LVI_Ep1","set4_10_15618_749_LVI_Ep",3,0.1132080826317,5
"set4_10_15622_750_NL_Ep1","set4_10_15622_750_NL_Ep",4,0.0573455612298829,5
"set4_10_15624_750_IBC_Ep1","set4_10_15624_750_IBC_Ep",3,0.113828507933987,5
"set4_10_15626_750_DCIS_Ep1","set4_10_15626_750_DCIS_Ep",3,0.107943466096864,5
"set4_10_15628_751_NL_Ep1","set4_10_15628_751_NL_Ep",4,0.0764747253653883,5
"set4_10_15630_751_IBC_Ep1","set4_10_15630_751_IBC_Ep",3,0.0886021478387771,5
"set4_10_15632_751_ADH_Ep1","set4_10_15632_751_ADH_Ep",4,0.0833315464308198,5
"set4_10_15634_751_CCC_Ep1","set4_10_15634_751_CCC_Ep",4,0.0865600809478089,5
"set4_10_15636_752_IBC_Ep1","set4_10_15636_752_IBC_Ep",3,0.0664983437134344,5
"set4_10_15638_752_DCIS_Ep1","set4_10_15638_752_DCIS_Ep",2,0.0571590635099934,5
"set4_10_15639_752_NL_Ep1","set4_10_15639_752_NL_Ep",1,0.08042343993004,5
"set4_10_15640_752_BBD_Ep1","set4_10_15640_752_BBD_Ep",1,0.0696293418334589,5
"set4_10_15644_753_DCIS_Ep1","set4_10_15644_753_DCIS_Ep",3,0.0956007653876511,5
"set4_10_15646_753_IBC_Ep1","set4_10_15646_753_IBC_Ep",3,0.0929293910159082,5
"set4_10_15647_753_NL_Ep1","set4_10_15647_753_NL_Ep",1,0.0635899969250662,5
"set4_10_15649_754_IBC_Ep1","set4_10_15649_754_IBC_Ep",3,0.0874843008337448,5
"set4_10_15651_754_ADH_Ep1","set4_10_15651_754_ADH_Ep",3,0.0759923439111501,5
"set4_10_15653_754_EN_1_Ep1","set4_10_15653_754_EN_1_Ep",3,0.0587248391888283,5
"set4_10_15655_754_DCIS_Ep1","set4_10_15655_754_DCIS_Ep",3,0.0827545102541099,5
"set4_10_15657_754_EN_2_Ep1","set4_10_15657_754_EN_2_Ep",1,0.0438416853503444,5
"set4_10_15659_755_EN_Ep1","set4_10_15659_755_EN_Ep",4,0.0850166563447283,5
"set4_10_15661_755_DCIS_inf_1_Ep1","set4_10_15661_755_DCIS_inf_1_Ep",2,0.129291737170795,5
"set4_10_15663_755_IBC_Ep1","set4_10_15663_755_IBC_Ep",2,0.0851757775872097,5
"set4_10_15665_755_DCIS_inf_2_Ep1","set4_10_15665_755_DCIS_inf_2_Ep",2,0.0618712472048688,5
"set4_10_15667_755_NL_Ep1","set4_10_15667_755_NL_Ep",4,0.0747729586855789,5
"set4_10_15669_756_NL_Ep1","set4_10_15669_756_NL_Ep",1,0.0824917782938795,5
"set4_10_15671_756_EN_1_Ep1","set4_10_15671_756_EN_1_Ep",4,0.0927660067774442,5
"set4_10_15673_756_IBC_Ep1","set4_10_15673_756_IBC_Ep",2,0.0833694050562904,5
"set4_10_15675_756_UDH_1_Ep1","set4_10_15675_756_UDH_1_Ep",4,0.0698037285187786,5
"set4_10_15677_756_EN_2_Ep1","set4_10_15677_756_EN_2_Ep",1,0.0810151966036213,5
"set4_10_15679_756_UDH_2_Ep1","set4_10_15679_756_UDH_2_Ep",1,0.0757618391681565,5
"set4_10_15681_757_DCIS_Ep1","set4_10_15681_757_DCIS_Ep",3,0.102521188974213,5
"set4_10_15683_757_IBC_Ep1","set4_10_15683_757_IBC_Ep",3,0.102050845683429,5
"set4_10_15685_757_NL_Ep1","set4_10_15685_757_NL_Ep",1,0.0602328178902226,5
"set4_10_15687_757_UDH_Ep1","set4_10_15687_757_UDH_Ep",4,0.0756375572694623,5
"set4_10_15689_757_CCC_Ep1","set4_10_15689_757_CCC_Ep",4,0.0895758116781414,5
"set4_10_15691_757_EN_Ep1","set4_10_15691_757_EN_Ep",4,0.0715280045952083,5
"set4_10_15693_758_DCIS_1_Ep1","set4_10_15693_758_DCIS_1_Ep",3,0.1040772977549,5
"set4_10_15695_758_IBC_1_Ep1","set4_10_15695_758_IBC_1_Ep",3,0.107311246379983,5
"set4_10_15697_758_NL_Ep1","set4_10_15697_758_NL_Ep",1,0.0743707317141899,5
"set4_10_15703_758_EN_Ep1","set4_10_15703_758_EN_Ep",1,0.0678469928934204,5
"set4_10_15709_760_UDH_Ep1","set4_10_15709_760_UDH_Ep",4,0.0749735934686378,5
"set4_10_15713_760_IBC_Ep1","set4_10_15713_760_IBC_Ep",2,0.0953747964234346,5
"set4_10_15715_760_EN_1_Ep1","set4_10_15715_760_EN_1_Ep",4,0.0562451769034737,5
"set4_10_15717_760_NL_Ep1","set4_10_15717_760_NL_Ep",4,0.0680040096167881,5
"set4_10_15733_762_DCIS_2_Ep1","set4_10_15733_762_DCIS_2_Ep",3,0.100491314565345,5
"set4_10_15699_758_DCIS_2_Ep1","set4_10_15699_758_DCIS_2_Ep",3,0.0934493990941666,5
"set4_10_15701_758_IBC_2_Ep1","set4_10_15701_758_IBC_2_Ep",3,0.0861824917486474,5
"set4_10_15705_759_DCIS_Ep1","set4_10_15705_759_DCIS_Ep",3,0.0547426924539347,5
"set4_10_15707_759_IBC_Ep1","set4_10_15707_759_IBC_Ep",3,0.0644141994110583,5
"set4_10_15711_760_EN_2_Ep1","set4_10_15711_760_EN_2_Ep",1,0.0570813956320721,5
"set4_10_15719_761_IBC_Ep1","set4_10_15719_761_IBC_Ep",3,0.0849468804227107,5
"set4_10_15721_761_DCIS_Ep1","set4_10_15721_761_DCIS_Ep",3,0.0890349566260649,5
"set4_10_15723_761_EN_1_Ep1","set4_10_15723_761_EN_1_Ep",4,0.0753104726120392,5
"set4_10_15725_761_ADH_Ep1","set4_10_15725_761_ADH_Ep",4,0.0822885613094521,5
"set4_10_15729_762_IBC_Ep1","set4_10_15729_762_IBC_Ep",3,0.0987216956129627,5
"set4_10_15731_762_DCIS_1_Ep1","set4_10_15731_762_DCIS_1_Ep",3,0.0985662568534528,5
"set4_10_15735_763_IBC_Ep1","set4_10_15735_763_IBC_Ep",2,0.0879580015050285,5
"set4_10_15737_763_ADH_Ep1","set4_10_15737_763_ADH_Ep",1,0.0650265839209973,5
"set4_10_15739_763_NL_1_Ep1","set4_10_15739_763_NL_1_Ep",1,0.0742643495971401,5
"set4_10_15741_763_EN_Ep1","set4_10_15741_763_EN_Ep",1,0.0782531303282871,5
"set4_10_15745_764_IBC_Ep1","set4_10_15745_764_IBC_Ep",2,0.0784965158091199,5
"set4_10_15747_764_DCIS_1_Ep1","set4_10_15747_764_DCIS_1_Ep",3,0.0749790157571902,5
"set4_10_15749_764_LVI_Ep1","set4_10_15749_764_LVI_Ep",3,0.0734572312754702,5
"set4_10_15751_764_DCIS_2_Ep1","set4_10_15751_764_DCIS_2_Ep",3,0.0840612389858261,5
"set4_10_15753_764_EN_Ep1","set4_10_15753_764_EN_Ep",1,0.0736717583982662,5
"set4_10_15755_764_NL_Ep1","set4_10_15755_764_NL_Ep",4,0.0719517039243436,5
"set4_10_15757_765_IBC_Ep1","set4_10_15757_765_IBC_Ep",5,0.119003862794675,5
"set4_10_15759_765_DCIS_Ep1","set4_10_15759_765_DCIS_Ep",5,0.136146303655918,5
"set4_10_15761_765_EN_1_Ep1","set4_10_15761_765_EN_1_Ep",4,0.0675085876647813,5
"set4_10_15765_765_NL_Ep1","set4_10_15765_765_NL_Ep",1,0.0625366676836484,5
"set4_10_15767_766_NL_Ep1","set4_10_15767_766_NL_Ep",1,0.0761546474837531,5
"set4_10_15769_766_inf_NL_Ep1","set4_10_15769_766_inf_NL_Ep",1,0.0766650134820811,5
"set4_10_15771_766_IBC_Ep1","set4_10_15771_766_IBC_Ep",2,0.0831437975116737,5
"set4_10_15773_766_AM_Ep1","set4_10_15773_766_AM_Ep",5,0.151894169481662,5
"set4_10_15775_766_EN_Ep1","set4_10_15775_766_EN_Ep",1,0.075020622723615,5
"set4_10_15777_767_IBC_Ep1","set4_10_15777_767_IBC_Ep",3,0.100136270889446,5
"set4_10_15779_767_DCIS_Ep1","set4_10_15779_767_DCIS_Ep",3,0.090552337370717,5
"set4_10_15781_767_AM_2_Ep1","set4_10_15781_767_AM_2_Ep",5,0.15721255401085,5
"set4_10_15783_767_ADH_Ep1","set4_10_15783_767_ADH_Ep",4,0.0589701516868582,5
"set4_10_15787_767_NL_Ep1","set4_10_15787_767_NL_Ep",1,0.0795309105662153,5
"set4_10_15789_768_IBC_Ep1","set4_10_15789_768_IBC_Ep",2,0.103701978476746,5
"set4_10_15791_768_NL_Ep1","set4_10_15791_768_NL_Ep",1,0.0612911695720286,5
"set4_10_15795_768_EN_2_Ep1","set4_10_15795_768_EN_2_Ep",5,0.0763906190845414,5
"set4_10_15797_768_EN_3_Ep1","set4_10_15797_768_EN_3_Ep",4,0.0576856277427361,5
"set4_10_15799_769_IBC_Ep1","set4_10_15799_769_IBC_Ep",3,0.100353880736712,5
"set4_10_15801_769_DCIS_1_Ep1","set4_10_15801_769_DCIS_1_Ep",3,0.0731655548613669,5
"set4_10_15805_769_EN_1_Ep1","set4_10_15805_769_EN_1_Ep",4,0.0858859349858936,5
"set4_10_15809_769_NL_Ep1","set4_10_15809_769_NL_Ep",1,0.0927207265411136,5
"set4_10_15811_769_EN_4_Ep1","set4_10_15811_769_EN_4_Ep",4,0.0750150045602432,5
"set4_10_15817_769_AM_Ep1","set4_10_15817_769_AM_Ep",5,0.154271734671684,5
"set4_10_15785_767_AM_1_Ep1","set4_10_15785_767_AM_1_Ep",5,0.159420322134705,5
"set4_10_15793_768_EN_1_Ep1","set4_10_15793_768_EN_1_Ep",4,0.0634898156135033,5
"set4_10_15803_769_DCIS_2_Ep1","set4_10_15803_769_DCIS_2_Ep",2,0.0793038952348023,5
"set4_10_15807_769_EN_3_Ep1","set4_10_15807_769_EN_3_Ep",4,0.0976328976556851,5
"set4_10_15815_769_EN_6_Ep1","set4_10_15815_769_EN_6_Ep",4,0.0867631285634918,5
"set4_10_15819_770_DCIS_Ep1","set4_10_15819_770_DCIS_Ep",5,0.0582858929189622,5
"set4_10_15821_770_IBC_Ep1","set4_10_15821_770_IBC_Ep",2,0.0643595619657145,5
"set4_10_15823_770_EN_1_Ep1","set4_10_15823_770_EN_1_Ep",4,0.0899526392972785,5
"set4_10_15825_770_NL_Ep1","set4_10_15825_770_NL_Ep",1,0.0680995364367637,5
"set4_10_15829_771_EN_4_Ep1","set4_10_15829_771_EN_4_Ep",4,0.072635945036533,5
"set4_10_15835_771_DCIS_3_Ep1","set4_10_15835_771_DCIS_3_Ep",3,0.094547605460094,5
"set4_10_15831_771_NL_Ep1","set4_10_15831_771_NL_Ep",1,0.0811802765852903,5
"set4_10_15833_771_EN_2_Ep1","set4_10_15833_771_EN_2_Ep",4,0.0850378534489022,5
"set4_10_15839_771_DCIS_1_Ep1","set4_10_15839_771_DCIS_1_Ep",3,0.121591823424768,5
"set4_10_15843_771_IBC_Ep1","set4_10_15843_771_IBC_Ep",3,0.124134079456979,5
"set4_10_15727_761_EN_2_Ep1","set4_10_15727_761_EN_2_Ep",4,0.0710869336143489,5
"set4_10_15743_763_NL_2_Ep1","set4_10_15743_763_NL_2_Ep",1,0.0837141127220938,5
"set4_10_15763_765_EN_2_Ep1","set4_10_15763_765_EN_2_Ep",2,0.0821199123819733,5
"set4_10_15813_769_EN_5_Ep1","set4_10_15813_769_EN_5_Ep",4,0.0908024402031104,5
"set4_10_15827_771_EN_3_Ep1","set4_10_15827_771_EN_3_Ep",4,0.0957919973879745,5
"set4_10_15837_771_EN_1_Ep1","set4_10_15837_771_EN_1_Ep",4,0.101407836511828,5
"set4_10_15841_771_DCIS_2_Ep1","set4_10_15841_771_DCIS_2_Ep",3,0.111710836520121,5
"set4_10_15845_772_IBC_Ep1","set4_10_15845_772_IBC_Ep",3,0.0922188964449599,5
"set4_10_15847_772_DCIS_1_Ep1","set4_10_15847_772_DCIS_1_Ep",3,0.086610690989217,5
"set4_10_15849_772_DCIS_2_Ep1","set4_10_15849_772_DCIS_2_Ep",3,0.086797980174205,5
"set4_10_15851_772_EN_1_Ep1","set4_10_15851_772_EN_1_Ep",3,0.070152214151125,5
"set4_10_15853_772_EN_2_Ep1","set4_10_15853_772_EN_2_Ep",1,0.0737870678594751,5
"set4_10_15855_772_EN_3_Ep1","set4_10_15855_772_EN_3_Ep",3,0.0687788244840408,5
"set4_10_15857_772_EN_4_Ep1","set4_10_15857_772_EN_4_Ep",3,0.0649602757012546,5
"set4_10_15859_772_NL_Ep1","set4_10_15859_772_NL_Ep",1,0.0819784226149418,5
"set1_3_11770_354_EN_E_S1_R1_0012","set1_3_11770_354_EN_E_S1_R1_001",6,0.0730505515935218,6
"set1_3_11772_354_IDC_E_S3_R1_0012","set1_3_11772_354_IDC_E_S3_R1_001",6,0.0690441775462953,6
"set1_3_11774_354_RS1_E_center_S5_R1_0012","set1_3_11774_354_RS1_E_center_S5_R1_001",4,0.0623348577841742,6
"set1_3_11776_354_RS1_E_peripheral_S7_R1_0012","set1_3_11776_354_RS1_E_peripheral_S7_R1_001",6,0.0686208997103195,6
"set1_3_11778_354_RS2_E_center_S9_R1_0012","set1_3_11778_354_RS2_E_center_S9_R1_001",6,0.050577144275251,6
"set1_3_11780_354_RS2_E_peripheral_S11_R1_0012","set1_3_11780_354_RS2_E_peripheral_S11_R1_001",6,0.050148016357363,6
"set1_3_11782_354_NL_E_S13_R1_0012","set1_3_11782_354_NL_E_S13_R1_001",4,0.0666768764626221,6
"set1_3_11784_355_RS1_E_center_S15_R1_0012","set1_3_11784_355_RS1_E_center_S15_R1_001",4,0.054339253381831,6
"set1_3_11786_355_RS1_E_peripheral_S17_R1_0012","set1_3_11786_355_RS1_E_peripheral_S17_R1_001",6,0.0728514679251664,6
"set1_3_11789_355_RS2_E_center_S20_R1_0012","set1_3_11789_355_RS2_E_center_S20_R1_001",4,0.0530336942216689,6
"set1_3_11791_355_RS2_E_peripheral_S22_R1_0012","set1_3_11791_355_RS2_E_peripheral_S22_R1_001",6,0.0686876737070223,6
"set1_3_11794_355_NL_E_S25_R1_0012","set1_3_11794_355_NL_E_S25_R1_001",6,0.0492401450623591,6
"set1_3_11796_355_RS3_E_center_S27_R1_0012","set1_3_11796_355_RS3_E_center_S27_R1_001",4,0.053578105606973,6
"set1_3_11798_355_RS3_E_peripheral_S29_R1_0012","set1_3_11798_355_RS3_E_peripheral_S29_R1_001",6,0.0677236061548576,6
"set1_3_11800_356_NL_E_S31_R1_0012","set1_3_11800_356_NL_E_S31_R1_001",6,0.0570828689325621,6
"set1_3_11802_356_RS1_E_center_S32_R1_0012","set1_3_11802_356_RS1_E_center_S32_R1_001",4,0.0559351109561955,6
"set1_3_11804_356_RS1_E_peripheral_S34_R1_0012","set1_3_11804_356_RS1_E_peripheral_S34_R1_001",6,0.075864849671734,6
"set1_3_11806_357_NL_E_S50_R1_0012","set1_3_11806_357_NL_E_S50_R1_001",4,0.0263589032917143,6
"set1_3_11808_357_RS1_E_center_S32_R1_0012","set1_3_11808_357_RS1_E_center_S32_R1_001",4,0.0301883456520494,6
"set1_3_11810_357_RS1_E_peripheral_S5_R1_0012","set1_3_11810_357_RS1_E_peripheral_S5_R1_001",6,0.0303323861949943,6
"set1_3_11813_358_NL_E_S36_R1_0012","set1_3_11813_358_NL_E_S36_R1_001",6,0.0709521936004268,6
"set1_3_11815_358_EN_E_S38_R1_0012","set1_3_11815_358_EN_E_S38_R1_001",6,0.0804345755718289,6
"set1_3_11817_358_RS1_E_center_S40_R1_0012","set1_3_11817_358_RS1_E_center_S40_R1_001",6,0.0667745732179984,6
"set1_3_11819_358_RS1_E_peripheral_S42_R1_0012","set1_3_11819_358_RS1_E_peripheral_S42_R1_001",6,0.0766580150667495,6
"set1_3_11821_358_IBC_E_S44_R1_0012","set1_3_11821_358_IBC_E_S44_R1_001",3,0.0607128962219755,6
"set1_3_11823_358_RS2_E_center_S46_R1_0012","set1_3_11823_358_RS2_E_center_S46_R1_001",4,0.0664295807141521,6
"set1_3_11825_358_RS2_E_peripheral_S48_R1_0012","set1_3_11825_358_RS2_E_peripheral_S48_R1_001",6,0.0764443145459351,6
"set1_3_11827_359_RS1_E_center_S50_R1_0012","set1_3_11827_359_RS1_E_center_S50_R1_001",6,0.0580023778014777,6
"set1_3_11829_359_RS1_E_peripheral_S52_R1_0012","set1_3_11829_359_RS1_E_peripheral_S52_R1_001",4,0.0728162960067676,6
"set1_3_11831_359_NL_E_S54_R1_0012","set1_3_11831_359_NL_E_S54_R1_001",4,0.0504471084040457,6
"set1_3_11833_359_RS2_E_center_S55_R1_0012","set1_3_11833_359_RS2_E_center_S55_R1_001",4,0.0521051450041479,6
"set1_3_11835_359_RS2_E_peripheral_S57_R1_0012","set1_3_11835_359_RS2_E_peripheral_S57_R1_001",6,0.0636778187131226,6
"set1_3_11837_359_IDC_E_S59_R1_0012","set1_3_11837_359_IDC_E_S59_R1_001",6,0.0690858211280308,6
"set1_3_11838_360_RS1_E_center_S4_R1_0012","set1_3_11838_360_RS1_E_center_S4_R1_001",6,0.0435236419137194,6
"set1_3_11840_360_RS1_E_peripheral_S8_R1_0012","set1_3_11840_360_RS1_E_peripheral_S8_R1_001",6,0.0346113383755721,6
"set1_3_11842_360_NL_E_S3_R1_0012","set1_3_11842_360_NL_E_S3_R1_001",4,0.0388525678571921,6
"set1_3_11844_361_RS1_E_center_S34_R1_0012","set1_3_11844_361_RS1_E_center_S34_R1_001",4,0.0261697615311379,6
"set1_3_11846_361_RS1_E_peripheral_S7_R1_0012","set1_3_11846_361_RS1_E_peripheral_S7_R1_001",6,0.0335396250049475,6
"set1_3_11848_361_RS2_E_center_S18_R1_0012","set1_3_11848_361_RS2_E_center_S18_R1_001",4,0.0317921503140404,6
"set1_3_11850_361_RS2_E_peripheral_S10_R1_0012","set1_3_11850_361_RS2_E_peripheral_S10_R1_001",6,0.0335805871017612,6
"set1_3_11852_361_RS4_E_center_S9_R1_0012","set1_3_11852_361_RS4_E_center_S9_R1_001",4,0.0291029523661047,6
"set1_3_11854_361_RS4_E_peripheral_S11_R1_0012","set1_3_11854_361_RS4_E_peripheral_S11_R1_001",6,0.033950232393389,6
"set1_3_11856_361_RS3_E_center_S21_R1_0012","set1_3_11856_361_RS3_E_center_S21_R1_001",4,0.0302981562125166,6
"set1_3_11858_361_RS3_E_peripheral_S13_R1_0012","set1_3_11858_361_RS3_E_peripheral_S13_R1_001",4,0.027984444273723,6
"set1_3_11860_361_NL_E_S49_R1_0012","set1_3_11860_361_NL_E_S49_R1_001",4,0.0310599468808496,6
"set1_3_11862_362_RS1_E_center_S55_R1_0012","set1_3_11862_362_RS1_E_center_S55_R1_001",4,0.0362895313390428,6
"set1_3_11864_362_RS1_E_peripheral_S39_R1_0012","set1_3_11864_362_RS1_E_peripheral_S39_R1_001",6,0.0319349964816279,6
"set1_3_11867_363_RS1_E_center_S15_R1_0012","set1_3_11867_363_RS1_E_center_S15_R1_001",4,0.0296920029419111,6
"set1_3_11869_363_RS1_E_peripheral_S14_R1_0012","set1_3_11869_363_RS1_E_peripheral_S14_R1_001",6,0.0287905726727168,6
"set1_3_11871_363_NL_E_S47_R1_0012","set1_3_11871_363_NL_E_S47_R1_001",4,0.0324307541313558,6
"set1_3_11873_363_IDC_E_S30_R1_0012","set1_3_11873_363_IDC_E_S30_R1_001",6,0.0234966738471569,6
"set1_3_11874_364_RS1_E_center_S38_R1_0012","set1_3_11874_364_RS1_E_center_S38_R1_001",4,0.028217795414402,6
"set1_3_11876_364_RS1_E_peripheral_S16_R1_0012","set1_3_11876_364_RS1_E_peripheral_S16_R1_001",6,0.0325365544296843,6
"set1_3_11878_364_NL_E_S19_R1_0012","set1_3_11878_364_NL_E_S19_R1_001",4,0.0324329724973451,6
"set1_3_11880_364_RS2_E_center_S12_R1_0012","set1_3_11880_364_RS2_E_center_S12_R1_001",6,0.0377318440523627,6
"set1_3_11882_364_RS2_E_peripheral_S6_R1_0012","set1_3_11882_364_RS2_E_peripheral_S6_R1_001",6,0.0313821405437979,6
"set1_3_11885_364_NL_E_S22_R1_0012","set1_3_11885_364_NL_E_S22_R1_001",4,0.0378527372194385,6
"set1_3_13813_552_IBC_Ep_12","set1_3_13813_552_IBC_Ep_1",5,0.0621745974559898,6
"set1_3_13815_552_EN_Ep_12","set1_3_13815_552_EN_Ep_1",6,0.0517786533804558,6
"set1_3_13819_552_NL_Ep2","set1_3_13819_552_NL_Ep",4,0.0419976262638814,6
"set1_3_13821_551_IBC_Ep_22","set1_3_13821_551_IBC_Ep_2",2,0.118890979169833,6
"set1_3_13823_551_AM_Ep2","set1_3_13823_551_AM_Ep",4,0.0548075275869785,6
"set1_3_13825_551_UDH_Ep2","set1_3_13825_551_UDH_Ep",2,0.0960241138897143,6
"set1_3_13826_551_NL_Ep2","set1_3_13826_551_NL_Ep",4,0.0518509088123864,6
"set1_3_13828_551_DCIS_Ep2","set1_3_13828_551_DCIS_Ep",2,0.0804883939574239,6
"set1_3_13830_550_ADH_Ep_12","set1_3_13830_550_ADH_Ep_1",2,0.0690829928731301,6
"set1_3_13832_550_IBC_Ep_12","set1_3_13832_550_IBC_Ep_1",2,0.0822308680700495,6
"set1_3_13834_550_AM_Ep_22","set1_3_13834_550_AM_Ep_2",2,0.0999609802215665,6
"set1_3_13836_550_DCIS_Ep_12","set1_3_13836_550_DCIS_Ep_1",2,0.0690392876743136,6
"set1_3_13838_550_CCC_Ep2","set1_3_13838_550_CCC_Ep",6,0.0393109045252739,6
"set1_3_13840_549_DCIS_Ep2","set1_3_13840_549_DCIS_Ep",5,0.0684041466705595,6
"set1_3_13842_549_IBC_Ep2","set1_3_13842_549_IBC_Ep",5,0.081745366920461,6
"set1_3_13844_549_IN_Ep2","set1_3_13844_549_IN_Ep",4,0.034921318295587,6
"set1_3_13846_550_IBC_Ep_22","set1_3_13846_550_IBC_Ep_2",2,0.0569873730204754,6
"set1_3_13848_550_DCIS_Ep_22","set1_3_13848_550_DCIS_Ep_2",2,0.0687691309760367,6
"set1_3_13850_549_IP_Ep2","set1_3_13850_549_IP_Ep",4,0.0471585842223694,6
"set1_3_13852_549_MC_Ep2","set1_3_13852_549_MC_Ep",4,0.042956666078453,6
"set1_3_13854_549_NL_Ep2","set1_3_13854_549_NL_Ep",4,0.051694237086523,6
"set1_3_13856_549_AM_Ep2","set1_3_13856_549_AM_Ep",2,0.12227812160945,6
"set1_3_13858_548_DCIS_Ep2","set1_3_13858_548_DCIS_Ep",5,0.0751041627575266,6
"set1_3_13860_548_IBC_Ep2","set1_3_13860_548_IBC_Ep",5,0.072242991382917,6
"set1_3_13862_547_NL_Ep2","set1_3_13862_547_NL_Ep",4,0.0625059123559962,6
"set1_3_13864_547_CCC_Ep_12","set1_3_13864_547_CCC_Ep_1",6,0.0385614508874309,6
"set1_3_13866_547_CCH_Ep_12","set1_3_13866_547_CCH_Ep_1",6,0.0530726567740735,6
"set1_3_13868_547_IBC_Ep_12","set1_3_13868_547_IBC_Ep_1",5,0.0808332558619477,6
"set1_3_13870_547_DCIS_Ep2","set1_3_13870_547_DCIS_Ep",5,0.0906901371798331,6
"set1_3_13872_547_CCC_Ep_22","set1_3_13872_547_CCC_Ep_2",4,0.0603514797567549,6
"set1_3_13876_547_CCC_Ep_32","set1_3_13876_547_CCC_Ep_3",6,0.0406543264495535,6
"set1_3_13878_547_IBC_Ep_22","set1_3_13878_547_IBC_Ep_2",5,0.0781648023935084,6
"set1_3_13880_547_NL_Ep2","set1_3_13880_547_NL_Ep",4,0.0651951421615591,6
"set1_3_13882_546_NL_Ep2","set1_3_13882_546_NL_Ep",4,0.0607749836933201,6
"set1_3_13884_546_ALH_Ep2","set1_3_13884_546_ALH_Ep",6,0.0618448728189855,6
"set1_3_13886_546_IBC_Ep2","set1_3_13886_546_IBC_Ep",3,0.108113738203748,6
"set1_3_13888_546_LIN_Ep2","set1_3_13888_546_LIN_Ep",4,0.0499173330501658,6
"set1_3_13890_546_CCH_Ep2","set1_3_13890_546_CCH_Ep",6,0.0696687058959836,6
"set1_3_13892_546_HIN_Ep2","set1_3_13892_546_HIN_Ep",4,0.0404082350812109,6
"set1_3_13894_546_MIN_Ep2","set1_3_13894_546_MIN_Ep",4,0.0526327190488878,6
"set1_3_13896_545_CCC_Ep_12","set1_3_13896_545_CCC_Ep_1",2,0.0597269763958613,6
"set1_3_13898_545_ADH_Ep2","set1_3_13898_545_ADH_Ep",6,0.0681445132575577,6
"set1_3_13900_545_UDH_Ep_12","set1_3_13900_545_UDH_Ep_1",4,0.0613540264946266,6
"set1_3_13902_545_AM_Ep_12","set1_3_13902_545_AM_Ep_1",2,0.119883219651868,6
"set1_3_13904_545_IBC_Ep2","set1_3_13904_545_IBC_Ep",2,0.119795696644861,6
"set1_3_13906_545_DCIS_Ep_12","set1_3_13906_545_DCIS_Ep_1",2,0.119560794530681,6
"set1_3_13908_545_CCC_Ep_22","set1_3_13908_545_CCC_Ep_2",6,0.0526016908326315,6
"set1_3_13910_545_AM_Ep_22","set1_3_13910_545_AM_Ep_2",2,0.156767767361367,6
"set1_3_13912_545_UDH_Ep_22","set1_3_13912_545_UDH_Ep_2",6,0.0478517252351415,6
"set1_3_13914_545_NL_Ep2","set1_3_13914_545_NL_Ep",6,0.0481924134324009,6
"set1_3_13916_545_DCIS_Ep_22","set1_3_13916_545_DCIS_Ep_2",2,0.130580062053679,6
"set1_3_13918_545_LVI_Ep2","set1_3_13918_545_LVI_Ep",2,0.120810506057731,6
"set1_3_13920_544_MC_Ep2","set1_3_13920_544_MC_Ep",4,0.0433938586296193,6
"set1_3_13922_544_NL_Ep2","set1_3_13922_544_NL_Ep",4,0.0404879121746512,6
"set1_3_13924_544_DCIS_Ep_12","set1_3_13924_544_DCIS_Ep_1",2,0.073848102768696,6
"set1_3_13926_544_DCIS_Ep_22","set1_3_13926_544_DCIS_Ep_2",2,0.0794089695599506,6
"set1_3_13928_544_IBC_Ep2","set1_3_13928_544_IBC_Ep",3,0.0689266874726234,6
"set1_3_13930_544_DCIS_Ep_32","set1_3_13930_544_DCIS_Ep_3",2,0.0778273463507695,6
"set1_3_13932_543_CCH_Ep_12","set1_3_13932_543_CCH_Ep_1",6,0.0519240075462231,6
"set1_3_13934_543_CCH_Ep_22","set1_3_13934_543_CCH_Ep_2",6,0.0587806532838091,6
"set1_3_13936_568_AM_Ep2","set1_3_13936_568_AM_Ep",2,0.135589724149199,6
"set1_3_13938_568_NL_Ep2","set1_3_13938_568_NL_Ep",4,0.0552725579338551,6
"set1_3_13940_568_IBC_Ep2","set1_3_13940_568_IBC_Ep",3,0.0734300575995342,6
"set1_3_13942_568_DCIS_Ep2","set1_3_13942_568_DCIS_Ep",3,0.0675128921028456,6
"set1_3_13944_569_CCC_Ep2","set1_3_13944_569_CCC_Ep",1,0.0416270811950188,6
"set1_3_13946_570_CCC_Ep_12","set1_3_13946_570_CCC_Ep_1",6,0.0626059623532376,6
"set1_3_13948_570_IBC_Ep2","set1_3_13948_570_IBC_Ep",6,0.0512730962924718,6
"set1_3_13950_570_DCIS_Ep2","set1_3_13950_570_DCIS_Ep",6,0.0544548038426287,6
"set1_3_13952_570_ADH_Ep_12","set1_3_13952_570_ADH_Ep_1",6,0.0586586443416632,6
"set1_3_13954_570_NL_Ep2","set1_3_13954_570_NL_Ep",1,0.0714571709634005,6
"set1_3_13956_570_CCC_Ep_22","set1_3_13956_570_CCC_Ep_2",6,0.0580865379906691,6
"set1_3_13958_570_CCH_Ep2","set1_3_13958_570_CCH_Ep",6,0.0505357700461009,6
"set1_3_13960_570_ADH_Ep_22","set1_3_13960_570_ADH_Ep_2",6,0.0571689246936238,6
"set1_3_13962_569_IBC_Ep2","set1_3_13962_569_IBC_Ep",5,0.0940150715250671,6
"set1_3_13966_567_ADH_Ep2","set1_3_13966_567_ADH_Ep",4,0.0340936590044751,6
"set1_3_13968_567_DCIS_Ep2","set1_3_13968_567_DCIS_Ep",5,0.0694750085489255,6
"set1_3_13970_567_IBC_Ep2","set1_3_13970_567_IBC_Ep",5,0.098402445074897,6
"set1_3_13972_567_NL_Ep2","set1_3_13972_567_NL_Ep",4,0.0563036002172591,6
"set1_3_13974_569_NL_Ep2","set1_3_13974_569_NL_Ep",6,0.0421019834800803,6
"set1_3_13976_565_EN_Ep2","set1_3_13976_565_EN_Ep",6,0.0564306886629436,6
"set1_3_13978_565_DCIS_Ep2","set1_3_13978_565_DCIS_Ep",3,0.0651506139775975,6
"set1_3_13980_565_NL_Ep2","set1_3_13980_565_NL_Ep",4,0.0533514418874212,6
"set1_3_13982_561_DCIS_Ep2","set1_3_13982_561_DCIS_Ep",5,0.0835355832507313,6
"set1_3_13984_561_IBC_Ep2","set1_3_13984_561_IBC_Ep",5,0.0946898652721741,6
"set1_3_13986_561_NL_Ep2","set1_3_13986_561_NL_Ep",6,0.057170336986838,6
"set1_3_13987_562_DCIS_Ep_12","set1_3_13987_562_DCIS_Ep_1",5,0.0749502496012734,6
"set1_3_13989_562_NL_Ep_12","set1_3_13989_562_NL_Ep_1",4,0.0614254040269782,6
"set1_3_13991_562_DCIS_Ep_22","set1_3_13991_562_DCIS_Ep_2",5,0.0948586669923041,6
"set1_3_13993_562_NL_Ep_22","set1_3_13993_562_NL_Ep_2",4,0.0516951524159542,6
"set1_3_13995_563_NL_Ep2","set1_3_13995_563_NL_Ep",4,0.0444282198017002,6
"set1_3_13999_563_EN_Ep2","set1_3_13999_563_EN_Ep",6,0.0481594505186895,6
"set1_3_14001_553_DCIS_Ep2","set1_3_14001_553_DCIS_Ep",5,0.0663102126097939,6
"set1_3_14003_553_IBC_Ep2","set1_3_14003_553_IBC_Ep",5,0.0541530310121889,6
"set1_3_14005_553_NL_Ep_12","set1_3_14005_553_NL_Ep_1",6,0.0376107698680528,6
"set1_3_14007_553_EN_Ep2","set1_3_14007_553_EN_Ep",1,0.0404707099581198,6
"set1_3_14009_553_AM_Ep2","set1_3_14009_553_AM_Ep",6,0.0398159913699381,6
"set1_3_14011_553_NL_Ep_22","set1_3_14011_553_NL_Ep_2",1,0.0281483663142506,6
"set1_3_14012_560_CCC_Ep2","set1_3_14012_560_CCC_Ep",6,0.0660622059971843,6
"set1_3_14014_560_AM_Ep2","set1_3_14014_560_AM_Ep",2,0.141841892688083,6
"set1_3_14016_560_NL_Ep_12","set1_3_14016_560_NL_Ep_1",6,0.0559992472880115,6
"set1_3_14018_560_NL_Ep_22","set1_3_14018_560_NL_Ep_2",6,0.0534591663421995,6
"set1_3_14020_560_IBC_Ep_12","set1_3_14020_560_IBC_Ep_1",5,0.0661403930578944,6
"set1_3_14022_560_SA_Ep2","set1_3_14022_560_SA_Ep",4,0.0489285213317017,6
"set1_3_14024_560_NL_Ep2","set1_3_14024_560_NL_Ep",4,0.0506844718782502,6
"set1_3_14025_560_IBC_Ep_22","set1_3_14025_560_IBC_Ep_2",5,0.0776940721680878,6
"set1_3_14027_572_IP_Ep2","set1_3_14027_572_IP_Ep",6,0.0573753764976742,6
"set1_3_14028_572_UDH_Ep2","set1_3_14028_572_UDH_Ep",2,0.068541981293584,6
"set1_3_14034_572_IBC_Ep2","set1_3_14034_572_IBC_Ep",5,0.0746251116844027,6
"set1_3_14036_571_NL_Ep2","set1_3_14036_571_NL_Ep",4,0.0466558210711619,6
"set1_3_14038_571_EN_Ep2","set1_3_14038_571_EN_Ep",3,0.105866079481705,6
"set1_3_14040_571_DCISw_Ep2","set1_3_14040_571_DCISw_Ep",3,0.075122718755717,6
"set1_3_14042_571_DCIS_Ep2","set1_3_14042_571_DCIS_Ep",3,0.0754743627179634,6
"set1_3_14044_571_IBC_Ep_12","set1_3_14044_571_IBC_Ep_1",3,0.0827459372911356,6
"set1_3_14046_571_IBC_Ep_22","set1_3_14046_571_IBC_Ep_2",5,0.0741252725509391,6
"set1_3_14048_566_IBC_Ep2","set1_3_14048_566_IBC_Ep",3,0.0795816050381508,6
"set1_3_14050_566_DCIS_Ep2","set1_3_14050_566_DCIS_Ep",5,0.0538852882363453,6
"set1_3_14052_566_UDH_Ep2","set1_3_14052_566_UDH_Ep",6,0.0426261384931495,6
"set1_3_14054_566_CCC_Ep_12","set1_3_14054_566_CCC_Ep_1",6,0.0533632679975809,6
"set1_3_14056_566_CCC_Ep_22","set1_3_14056_566_CCC_Ep_2",6,0.0466995406975812,6
"set1_3_14058_566_AM_Ep2","set1_3_14058_566_AM_Ep",2,0.126763157942611,6
"set1_3_14060_566_NL_Ep2","set1_3_14060_566_NL_Ep",6,0.0360917486168239,6
"set1_3_14062_564_DCIS_Ep2","set1_3_14062_564_DCIS_Ep",5,0.0564234860329865,6
"set1_3_14064_564_HP_Ep2","set1_3_14064_564_HP_Ep",3,0.0467239635744546,6
"set1_3_14066_564_NL_Ep2","set1_3_14066_564_NL_Ep",4,0.0527695611631572,6
"set1_3_14068_564_IBC_Ep2","set1_3_14068_564_IBC_Ep",5,0.0511217260900862,6
"set1_3_14070_559_DCIS_Ep2","set1_3_14070_559_DCIS_Ep",5,0.0878814838500423,6
"set1_3_14072_559_IBC_Ep2","set1_3_14072_559_IBC_Ep",5,0.108860415409687,6
"set1_3_14074_559_CCH_Ep2","set1_3_14074_559_CCH_Ep",6,0.062897903308713,6
"set1_3_14076_559_AM_Ep2","set1_3_14076_559_AM_Ep",2,0.130368824474615,6
"set1_3_14080_558_IBC_Ep2","set1_3_14080_558_IBC_Ep",5,0.0608576685708325,6
"set1_3_14082_558_NL_Ep_12","set1_3_14082_558_NL_Ep_1",4,0.0335971421033302,6
"set1_3_14084_558_DCIS_Ep_12","set1_3_14084_558_DCIS_Ep_1",5,0.0678525862360161,6
"set1_3_14086_558_DCIS_Ep_22","set1_3_14086_558_DCIS_Ep_2",5,0.0551420643014418,6
"set1_3_14088_558_IN_Ep2","set1_3_14088_558_IN_Ep",4,0.0460569603012274,6
"set1_3_14092_557_IBC_Ep2","set1_3_14092_557_IBC_Ep",5,0.0886747159860133,6
"set1_3_14094_557_DCIS_Ep2","set1_3_14094_557_DCIS_Ep",5,0.0768332738764347,6
"set1_3_14096_556_IBC_Ep_12","set1_3_14096_556_IBC_Ep_1",2,0.0903089695680755,6
"set1_3_14098_556_ADH_Ep_12","set1_3_14098_556_ADH_Ep_1",6,0.0644854334723007,6
"set1_3_14100_556_ADH_Ep_22","set1_3_14100_556_ADH_Ep_2",6,0.0684459019080949,6
"set1_3_14102_556_AM_Ep2","set1_3_14102_556_AM_Ep",2,0.12700109724171,6
"set1_3_14104_556_IBC_Ep_22","set1_3_14104_556_IBC_Ep_2",2,0.092975412020374,6
"set1_3_14108_556_NL_Ep2","set1_3_14108_556_NL_Ep",4,0.0579718853554023,6
"set1_3_14110_555_IN_Ep2","set1_3_14110_555_IN_Ep",3,0.0523099146228119,6
"set1_3_14112_555_iIBC_Ep2","set1_3_14112_555_iIBC_Ep",3,0.0547268119122233,6
"set1_3_14114_555_IBC_Ep2","set1_3_14114_555_IBC_Ep",5,0.0761865709914533,6
"set1_3_14116_555_CCC_Ep2","set1_3_14116_555_CCC_Ep",6,0.0479730654794147,6
"set1_3_14118_555_NL_Ep2","set1_3_14118_555_NL_Ep",4,0.0307271883580511,6
"set1_3_14120_554_RS_Ep_12","set1_3_14120_554_RS_Ep_1",6,0.0477142710016021,6
"set1_3_14124_554_EN_Ep2","set1_3_14124_554_EN_Ep",6,0.0327119918836408,6
"set1_3_14126_554_IBC_Ep2","set1_3_14126_554_IBC_Ep",3,0.0962372420971713,6
"set1_3_14128_554_UDH_Ep2","set1_3_14128_554_UDH_Ep",6,0.0399994469242479,6
"set1_3_14130_554_DCIS_Ep2","set1_3_14130_554_DCIS_Ep",3,0.0688295867684049,6
"set1_3_14134_554_NL_Ep2","set1_3_14134_554_NL_Ep",4,0.037006119078712,6
"set4_10_14731_656_IBC_Ep2","set4_10_14731_656_IBC_Ep",5,0.0724910846052793,6
"set4_10_14733_656_BBD_Ep2","set4_10_14733_656_BBD_Ep",6,0.0710309558079977,6
"set4_10_14735_656_NL_Ep2","set4_10_14735_656_NL_Ep",4,0.0542024129260497,6
"set4_10_14737_657_CCC_Ep2","set4_10_14737_657_CCC_Ep",2,0.0714885962461349,6
"set4_10_14739_657_NL_Ep2","set4_10_14739_657_NL_Ep",6,0.0709730843336493,6
"set4_10_14741_657_DCIS_Ep2","set4_10_14741_657_DCIS_Ep",2,0.0924221073607881,6
"set4_10_14744_657_IBC_Ep2","set4_10_14744_657_IBC_Ep",2,0.0711316549884687,6
"set4_10_14745_658_DCIS_Ep2","set4_10_14745_658_DCIS_Ep",3,0.055322729456538,6
"set4_10_14746_658_IBC_Ep2","set4_10_14746_658_IBC_Ep",5,0.0672598680104047,6
"set4_10_14747_658_NL_Ep2","set4_10_14747_658_NL_Ep",4,0.0676007604128215,6
"set4_10_14751_659_DCIS_Ep2","set4_10_14751_659_DCIS_Ep",6,0.0760491211175605,6
"set4_10_14752_659_IBC_Ep2","set4_10_14752_659_IBC_Ep",6,0.0476553293780193,6
"set4_10_14755_659_DCIS_Ep2","set4_10_14755_659_DCIS_Ep",6,0.0729248670265755,6
"set4_10_14757_659_NL_Ep2","set4_10_14757_659_NL_Ep",4,0.0589254239776279,6
"set4_10_14791_663_DCIS_Ep2","set4_10_14791_663_DCIS_Ep",6,0.0658853331355573,6
"set4_10_14793_663_IBC_Ep2","set4_10_14793_663_IBC_Ep",6,0.05648296835563,6
"set4_10_14795_663_NL_Ep2","set4_10_14795_663_NL_Ep",1,0.0719635851142137,6
"set4_10_14759_660_IBC_Ep2","set4_10_14759_660_IBC_Ep",3,0.0639560213272295,6
"set4_10_14761_660_DCIS_Ep2","set4_10_14761_660_DCIS_Ep",3,0.0675715749920568,6
"set4_10_14763_660_NL_Ep2","set4_10_14763_660_NL_Ep",1,0.0514326607973637,6
"set4_10_14765_660_LVI_Ep2","set4_10_14765_660_LVI_Ep",5,0.0583767014642572,6
"set4_10_14767_661_IBC_Ep2","set4_10_14767_661_IBC_Ep",3,0.0760851894044209,6
"set4_10_14769_661_AM_Ep2","set4_10_14769_661_AM_Ep",2,0.142111645110768,6
"set4_10_14771_661_ADH_Ep2","set4_10_14771_661_ADH_Ep",1,0.0967709029753536,6
"set4_10_14773_661_DCIS_Ep2","set4_10_14773_661_DCIS_Ep",6,0.0824212569529047,6
"set4_10_14775_661_ADH_Ep2","set4_10_14775_661_ADH_Ep",1,0.0906959070095189,6
"set4_10_14777_661_NL_Ep2","set4_10_14777_661_NL_Ep",1,0.112602591229809,6
"set4_10_14779_662_DCIS.1_Ep2","set4_10_14779_662_DCIS.1_Ep",5,0.098882245726228,6
"set4_10_14781_662_MIV.1_Ep2","set4_10_14781_662_MIV.1_Ep",5,0.0950967319902565,6
"set4_10_14783_662_DCIS.2_Ep2","set4_10_14783_662_DCIS.2_Ep",5,0.096216246698645,6
"set4_10_14785_662_MIV.2_Ep2","set4_10_14785_662_MIV.2_Ep",5,0.0882827077173173,6
"set4_10_14787_662_DCIS.3_Ep2","set4_10_14787_662_DCIS.3_Ep",5,0.0964687228187159,6
"set4_10_14789_662_IBC_Ep2","set4_10_14789_662_IBC_Ep",5,0.0986893127624061,6
"set4_10_14909_676_DCIS.2_Ep2","set4_10_14909_676_DCIS.2_Ep",2,0.118152496802535,6
"set4_10_14797_664_AM_Ep2","set4_10_14797_664_AM_Ep",2,0.151438968590956,6
"set4_10_14798_664_BBD_Ep2","set4_10_14798_664_BBD_Ep",6,0.0629431806212287,6
"set4_10_14800_664_IBC_Ep2","set4_10_14800_664_IBC_Ep",3,0.0649360954508976,6
"set4_10_14802_664_ADH_Ep2","set4_10_14802_664_ADH_Ep",6,0.0525644628154394,6
"set4_10_14804_664_NL_Ep2","set4_10_14804_664_NL_Ep",4,0.0783345803611439,6
"set4_10_14805_665_IBC_Ep2","set4_10_14805_665_IBC_Ep",5,0.063691835027694,6
"set4_10_14807_665_inf_NL_Ep2","set4_10_14807_665_inf_NL_Ep",4,0.050457743972069,6
"set4_10_14809_665_DCIS_Ep2","set4_10_14809_665_DCIS_Ep",3,0.0578542751229396,6
"set4_10_14810_665_NL_Ep2","set4_10_14810_665_NL_Ep",4,0.0553706189210142,6
"set4_10_14812_666_IBC_Ep2","set4_10_14812_666_IBC_Ep",3,0.061388938680538,6
"set4_10_14813_666_DCIS_Ep2","set4_10_14813_666_DCIS_Ep",5,0.0464965583600829,6
"set4_10_14816_666_NL_Ep2","set4_10_14816_666_NL_Ep",4,0.0597784566060346,6
"set4_10_14818_666_BBD_Ep2","set4_10_14818_666_BBD_Ep",6,0.0662111913328189,6
"set4_10_14853_671_UDH_Ep2","set4_10_14853_671_UDH_Ep",6,0.0598451501043888,6
"set4_10_14855_671_AM_Ep2","set4_10_14855_671_AM_Ep",2,0.13888433749694,6
"set4_10_14856_671_DCIS_Ep2","set4_10_14856_671_DCIS_Ep",5,0.070556017466515,6
"set4_10_14857_671_IBC_Ep2","set4_10_14857_671_IBC_Ep",5,0.0623538498941719,6
"set4_10_14862_671_CCC_Ep2","set4_10_14862_671_CCC_Ep",6,0.0724516362062738,6
"set4_10_14820_667_IBC_Ep2","set4_10_14820_667_IBC_Ep",5,0.0773325624048595,6
"set4_10_14821_667_DCIS_Ep2","set4_10_14821_667_DCIS_Ep",5,0.0562425555941146,6
"set4_10_14822_667_NL_Ep2","set4_10_14822_667_NL_Ep",4,0.0492169181086677,6
"set4_10_14826_668_IBC_Ep2","set4_10_14826_668_IBC_Ep",5,0.0791707807712064,6
"set4_10_14828_668_DCIS_Ep2","set4_10_14828_668_DCIS_Ep",6,0.0639738698755791,6
"set4_10_14829_668_NL_Ep2","set4_10_14829_668_NL_Ep",4,0.0683108370624636,6
"set4_10_14830_668_EN_Ep2","set4_10_14830_668_EN_Ep",2,0.0594451523042034,6
"set4_10_14833_669_IBC_Ep2","set4_10_14833_669_IBC_Ep",5,0.0834511865356419,6
"set4_10_14834_669_NL_Ep2","set4_10_14834_669_NL_Ep",4,0.0529995310652393,6
"set4_10_14837_669_DCIS_Ep2","set4_10_14837_669_DCIS_Ep",1,0.0555969739062717,6
"set4_10_14839_670_EN_Ep2","set4_10_14839_670_EN_Ep",6,0.072085887067806,6
"set4_10_14840_670_DCIS_Ep2","set4_10_14840_670_DCIS_Ep",2,0.118789520415829,6
"set4_10_14843_670_DCIS_Ep2","set4_10_14843_670_DCIS_Ep",2,0.134706746637241,6
"set4_10_14844_670_IBC_Ep2","set4_10_14844_670_IBC_Ep",2,0.139460271547577,6
"set4_10_14847_670_BBD_Ep2","set4_10_14847_670_BBD_Ep",6,0.0617271071465915,6
"set4_10_14848_670_CCC_Ep2","set4_10_14848_670_CCC_Ep",6,0.0591471956289904,6
"set4_10_14849_670_AM_Ep2","set4_10_14849_670_AM_Ep",2,0.088394671866779,6
"set4_10_14864_672_inf_NL_Ep_S1_R1_0012","set4_10_14864_672_inf_NL_Ep_S1_R1_001",4,0.0524351113515565,6
"set4_10_14866_672_IBC_Ep_2_S3_R1_0012","set4_10_14866_672_IBC_Ep_2_S3_R1_001",5,0.0709498144057176,6
"set4_10_14868_672_IBC_Ep_1_S5_R1_0012","set4_10_14868_672_IBC_Ep_1_S5_R1_001",5,0.0736628241332019,6
"set4_10_14869_672_DCIS_Ep_S6_R1_0012","set4_10_14869_672_DCIS_Ep_S6_R1_001",5,0.0692671665273931,6
"set4_10_14870_672_CaLob_Ep_S7_R1_0012","set4_10_14870_672_CaLob_Ep_S7_R1_001",5,0.0649808340779185,6
"set4_10_14873_672_NL_Ep_S10_R1_0012","set4_10_14873_672_NL_Ep_S10_R1_001",4,0.0640217715642007,6
"set4_10_14875_672_ADH_Ep_S12_R1_0012","set4_10_14875_672_ADH_Ep_S12_R1_001",6,0.0649723043097932,6
"set4_10_14876_672_CCC_Ep_S13_R1_0012","set4_10_14876_672_CCC_Ep_S13_R1_001",6,0.0534523595466713,6
"set4_10_14878_673_IBC_Ep_S15_R1_0012","set4_10_14878_673_IBC_Ep_S15_R1_001",3,0.060528032386892,6
"set4_10_14880_673_DCIS_Ep_S17_R1_0012","set4_10_14880_673_DCIS_Ep_S17_R1_001",5,0.0595470978990904,6
"set4_10_14882_673_NL_Ep_S19_R1_0012","set4_10_14882_673_NL_Ep_S19_R1_001",4,0.0599176086109408,6
"set4_10_14884_673_AM_Ep_S21_R1_0012","set4_10_14884_673_AM_Ep_S21_R1_001",2,0.13537775124912,6
"set4_10_14886_673_CCC_Ep_S23_R1_0012","set4_10_14886_673_CCC_Ep_S23_R1_001",6,0.0819054202244109,6
"set4_10_14888_673_EN_Ep_S25_R1_0012","set4_10_14888_673_EN_Ep_S25_R1_001",4,0.0542908559571069,6
"set4_10_14890_674_DCIS_Ep_S27_R1_0012","set4_10_14890_674_DCIS_Ep_S27_R1_001",2,0.122028900328468,6
"set4_10_14892_674_IBC_Ep_S29_R1_0012","set4_10_14892_674_IBC_Ep_S29_R1_001",2,0.0999602032915537,6
"set4_10_14894_674_BBD_Ep_S31_R1_0012","set4_10_14894_674_BBD_Ep_S31_R1_001",4,0.0482702285005116,6
"set4_10_14899_675_EN1_Ep_S33_R1_0012","set4_10_14899_675_EN1_Ep_S33_R1_001",1,0.0481827136646284,6
"set4_10_14901_675_EN2_Ep2","set4_10_14901_675_EN2_Ep",6,0.0578182138221153,6
"set4_10_14904_675_EN3_Ep2","set4_10_14904_675_EN3_Ep",1,0.0663315077453136,6
"set4_10_14905_675_NL_Ep2","set4_10_14905_675_NL_Ep",1,0.0595827166116829,6
"set4_10_14907_675_IBC_Ep2","set4_10_14907_675_IBC_Ep",5,0.0817727462730575,6
"set4_10_14908_675_CCC_Ep2","set4_10_14908_675_CCC_Ep",1,0.116307550454902,6
"set4_10_14922_677_IBC_Ep2","set4_10_14922_677_IBC_Ep",5,0.0540476143035366,6
"set4_10_14924_677_DCIS_Ep2","set4_10_14924_677_DCIS_Ep",3,0.0540182556374331,6
"set4_10_14926_677_NL_Ep2","set4_10_14926_677_NL_Ep",4,0.0703624822487534,6
"set4_10_14928_677_LVI_Ep2","set4_10_14928_677_LVI_Ep",3,0.0558820235173352,6
"set4_10_14930_678_IBC_Ep2","set4_10_14930_678_IBC_Ep",5,0.0770362685536833,6
"set4_10_14932_678_PLC_Ep2","set4_10_14932_678_PLC_Ep",4,0.0639037528150707,6
"set4_10_14934_678_EN_Ep2","set4_10_14934_678_EN_Ep",6,0.061575282632997,6
"set4_10_14936_678_NL_Ep2","set4_10_14936_678_NL_Ep",4,0.059015924779425,6
"set4_10_14938_679_IBC_Ep2","set4_10_14938_679_IBC_Ep",5,0.0984701737578493,6
"set4_10_14940_679_DCIS_Ep2","set4_10_14940_679_DCIS_Ep",5,0.0878079898392577,6
"set4_10_14942_679_NL_Ep2","set4_10_14942_679_NL_Ep",4,0.06583201440334,6
"set4_10_14954_680_DCIS_2_Ep2","set4_10_14954_680_DCIS_2_Ep",6,0.0828980522643862,6
"set4_10_14956_680_ADH_2_Ep2","set4_10_14956_680_ADH_2_Ep",6,0.081883470901478,6
"set4_10_14944_680_ADH_1_Ep2","set4_10_14944_680_ADH_1_Ep",6,0.0784700608518163,6
"set4_10_14946_680_UDH_Ep2","set4_10_14946_680_UDH_Ep",6,0.0713388326750536,6
"set4_10_14948_680_NL_Ep2","set4_10_14948_680_NL_Ep",6,0.0582898053658844,6
"set4_10_14950_680_DCIS_1_Ep2","set4_10_14950_680_DCIS_1_Ep",6,0.0751875435919567,6
"set4_10_14952_680_IBC_Ep2","set4_10_14952_680_IBC_Ep",2,0.0897641588019709,6
"set4_10_14958_680_LG_DCIS_Ep2","set4_10_14958_680_LG_DCIS_Ep",2,0.0652451462836493,6
"set4_10_14960_680_AM_Ep2","set4_10_14960_680_AM_Ep",2,0.136538598870998,6
"set4_10_14962_680_atip_AM_Ep2","set4_10_14962_680_atip_AM_Ep",6,0.0823310586714781,6
"set4_10_14963_680_ADH_AM_Ep2","set4_10_14963_680_ADH_AM_Ep",6,0.0856917676775401,6
"set4_10_14966_681_DCIS_Ep2","set4_10_14966_681_DCIS_Ep",5,0.0469443197900533,6
"set4_10_14968_681_AM_Ep2","set4_10_14968_681_AM_Ep",2,0.151550239157783,6
"set4_10_14970_681_EN_Ep2","set4_10_14970_681_EN_Ep",6,0.051946808952615,6
"set4_10_14972_681_ADH_1_Ep2","set4_10_14972_681_ADH_1_Ep",4,0.0558013225832447,6
"set4_10_14974_681_IBC_Ep2","set4_10_14974_681_IBC_Ep",5,0.0733337991677864,6
"set4_10_14976_681_NL_Ep2","set4_10_14976_681_NL_Ep",4,0.0590917309134568,6
"set4_10_14978_682_NL_Ep2","set4_10_14978_682_NL_Ep",1,0.0621674547201174,6
"set4_10_14980_682_EN_Ep2","set4_10_14980_682_EN_Ep",4,0.0716943223084288,6
"set4_10_14982_682_IBC_Ep2","set4_10_14982_682_IBC_Ep",5,0.0934206361027395,6
"set4_10_14984_682_Inf_NL_Ep2","set4_10_14984_682_Inf_NL_Ep",4,0.069283215692447,6
"set4_10_14987_683_DCIS_Ep2","set4_10_14987_683_DCIS_Ep",6,0.0597194218795004,6
"set4_10_14990_684_ADH_DCIS_Ep2","set4_10_14990_684_ADH_DCIS_Ep",5,0.0624910537618589,6
"set4_10_14992_684_DCIS_Ep2","set4_10_14992_684_DCIS_Ep",3,0.0611764360619655,6
"set4_10_14994_684_NL_Ep2","set4_10_14994_684_NL_Ep",4,0.0618442427066961,6
"set4_10_14996_684_IBC_Ep2","set4_10_14996_684_IBC_Ep",3,0.0575564101208652,6
"set4_10_14998_685_DCIS_Ep2","set4_10_14998_685_DCIS_Ep",5,0.0619842093384864,6
"set4_10_15000_685_IBC_Ep2","set4_10_15000_685_IBC_Ep",5,0.0855067244981764,6
"set4_10_15002_685_NL_Ep2","set4_10_15002_685_NL_Ep",4,0.0544017091175049,6
"set4_10_15004_685_EN_Ep2","set4_10_15004_685_EN_Ep",4,0.0691032493995763,6
"set4_10_15013_687_DCIS_1_Ep2","set4_10_15013_687_DCIS_1_Ep",3,0.0856470145718983,6
"set4_10_15015_687_DCIS_2_Ep2","set4_10_15015_687_DCIS_2_Ep",3,0.101524221255481,6
"set4_10_15017_687_UDH_Ep2","set4_10_15017_687_UDH_Ep",4,0.0584709801540651,6
"set4_10_15019_687_EN_Ep2","set4_10_15019_687_EN_Ep",4,0.0654394337014632,6
"set4_10_15021_687_NL_Ep2","set4_10_15021_687_NL_Ep",4,0.0721395480211609,6
"set4_10_15025_688_EN_1_Ep2","set4_10_15025_688_EN_1_Ep",3,0.0582995577924819,6
"set4_10_14911_676_EN_Ep2","set4_10_14911_676_EN_Ep",6,0.0624584988216136,6
"set4_10_14913_676_BBD_2_Ep2","set4_10_14913_676_BBD_2_Ep",1,0.0715719222745693,6
"set4_10_14915_676_IBC_Ep2","set4_10_14915_676_IBC_Ep",2,0.116069039050152,6
"set4_10_14916_676_DCIS_1_Ep2","set4_10_14916_676_DCIS_1_Ep",2,0.111591611840085,6
"set4_10_14918_676_BBD_1_Ep2","set4_10_14918_676_BBD_1_Ep",4,0.0555611788984307,6
"set4_10_14920_676_NL_Ep2","set4_10_14920_676_NL_Ep",1,0.060670397095069,6
"set4_10_15006_686_IBC_Ep2","set4_10_15006_686_IBC_Ep",3,0.0597567063370653,6
"set4_10_15007_686_DCIS_Ep2","set4_10_15007_686_DCIS_Ep",3,0.0834181559450588,6
"set4_10_15009_686_EN_Ep2","set4_10_15009_686_EN_Ep",4,0.0710191271460136,6
"set4_10_15011_686_NL_Ep2","set4_10_15011_686_NL_Ep",4,0.068721627329855,6
"set4_10_15032_689_IBC_Ep2","set4_10_15032_689_IBC_Ep",5,0.0643329247820939,6
"set4_10_15034_689_DCIS_1_Ep2","set4_10_15034_689_DCIS_1_Ep",3,0.0921770752033815,6
"set4_10_15036_689_NL_Ep2","set4_10_15036_689_NL_Ep",4,0.0591270013750578,6
"set4_10_15038_689_DCIS_2_Ep2","set4_10_15038_689_DCIS_2_Ep",3,0.0557405473868589,6
"set4_10_15040_689_EN_1_Ep2","set4_10_15040_689_EN_1_Ep",6,0.0586515588272303,6
"set4_10_15042_689_EN_2_Ep2","set4_10_15042_689_EN_2_Ep",6,0.0609679369048317,6
"set4_10_15052_690_EN_2_Ep2","set4_10_15052_690_EN_2_Ep",6,0.0744876064772424,6
"set4_10_15062_691_EN_2_Ep2","set4_10_15062_691_EN_2_Ep",2,0.0731887903853186,6
"set4_10_14964_681_ADH_2_Ep2","set4_10_14964_681_ADH_2_Ep",4,0.0548486143501685,6
"set4_10_15023_688_IBC_Ep2","set4_10_15023_688_IBC_Ep",3,0.103927452618116,6
"set4_10_15027_688_NL_Ep2","set4_10_15027_688_NL_Ep",4,0.0642962592949741,6
"set4_10_15029_688_EN_4_Ep2","set4_10_15029_688_EN_4_Ep",6,0.0732607718456239,6
"set4_10_15031_688_EN_5_Ep2","set4_10_15031_688_EN_5_Ep",2,0.116348205985694,6
"set4_10_15044_690_NL_Ep2","set4_10_15044_690_NL_Ep",4,0.0635718385714771,6
"set4_10_15046_690_EN_1_Ep2","set4_10_15046_690_EN_1_Ep",6,0.0666906390490572,6
"set4_10_15048_690_IBC_Ep2","set4_10_15048_690_IBC_Ep",5,0.100302589220311,6
"set4_10_15050_690_DCIS_Ep2","set4_10_15050_690_DCIS_Ep",5,0.0536948846833927,6
"set4_10_15054_690_i_DCIS_Ep2","set4_10_15054_690_i_DCIS_Ep",3,0.0691308147643991,6
"set4_10_15056_691_IBC_Ep2","set4_10_15056_691_IBC_Ep",5,0.092346042421928,6
"set4_10_15058_691_EN_1_Ep2","set4_10_15058_691_EN_1_Ep",6,0.072733266580454,6
"set4_10_15060_691_DCIS_Ep2","set4_10_15060_691_DCIS_Ep",6,0.0699627670696833,6
"set4_10_15064_692_IBC_Ep2","set4_10_15064_692_IBC_Ep",5,0.0736254992682259,6
"set4_10_15066_692_DCIS_Ep2","set4_10_15066_692_DCIS_Ep",3,0.0605460949132322,6
"set4_10_15068_692_NL_Ep2","set4_10_15068_692_NL_Ep",4,0.0694067725060189,6
"set4_10_15585_744_IBC_Ep2","set4_10_15585_744_IBC_Ep",5,0.0817707943066735,6
"set4_10_15587_744_inF.NL_Ep2","set4_10_15587_744_inF.NL_Ep",4,0.0696175616897979,6
"set4_10_15589_744_DCIS_Ep2","set4_10_15589_744_DCIS_Ep",5,0.0561666466268167,6
"set4_10_15591_745_CCC_Ep2","set4_10_15591_745_CCC_Ep",6,0.0672015687837271,6
"set4_10_15593_745_BBD_Ep2","set4_10_15593_745_BBD_Ep",6,0.0642506906068584,6
"set4_10_15595_745_IP_Ep2","set4_10_15595_745_IP_Ep",6,0.0799245495393496,6
"set4_10_15597_746_IBC_Ep2","set4_10_15597_746_IBC_Ep",5,0.0867717047011277,6
"set4_10_15598_746_DCIS_Ep2","set4_10_15598_746_DCIS_Ep",5,0.0827084085531151,6
"set4_10_15600_746_NL_Ep2","set4_10_15600_746_NL_Ep",6,0.0762270910261696,6
"set4_10_15602_747_IBC_Ep2","set4_10_15602_747_IBC_Ep",5,0.0826900336047272,6
"set4_10_15604_747_NL_Ep2","set4_10_15604_747_NL_Ep",4,0.0587525380679645,6
"set4_10_15606_747_ADH_Ep2","set4_10_15606_747_ADH_Ep",6,0.0585889855382315,6
"set4_10_15608_747_AM_Ep2","set4_10_15608_747_AM_Ep",2,0.147570364865412,6
"set4_10_15610_748_AM_Ep2","set4_10_15610_748_AM_Ep",2,0.150776883663798,6
"set4_10_15612_748_DCIS_Ep2","set4_10_15612_748_DCIS_Ep",2,0.130730399791187,6
"set4_10_15614_748_IBC_Ep2","set4_10_15614_748_IBC_Ep",2,0.106012449360718,6
"set4_10_15616_749_IBC_Ep2","set4_10_15616_749_IBC_Ep",5,0.0891447810948347,6
"set4_10_15617_749_DCIS_Ep2","set4_10_15617_749_DCIS_Ep",5,0.105062531240234,6
"set4_10_15618_749_LVI_Ep2","set4_10_15618_749_LVI_Ep",5,0.0995970246620244,6
"set4_10_15622_750_NL_Ep2","set4_10_15622_750_NL_Ep",4,0.0518504575837928,6
"set4_10_15624_750_IBC_Ep2","set4_10_15624_750_IBC_Ep",5,0.105584802577716,6
"set4_10_15626_750_DCIS_Ep2","set4_10_15626_750_DCIS_Ep",5,0.0994460825262336,6
"set4_10_15628_751_NL_Ep2","set4_10_15628_751_NL_Ep",6,0.0645716129688542,6
"set4_10_15630_751_IBC_Ep2","set4_10_15630_751_IBC_Ep",5,0.0751136647347679,6
"set4_10_15632_751_ADH_Ep2","set4_10_15632_751_ADH_Ep",6,0.0695326655080031,6
"set4_10_15634_751_CCC_Ep2","set4_10_15634_751_CCC_Ep",6,0.0698659396290486,6
"set4_10_15636_752_IBC_Ep2","set4_10_15636_752_IBC_Ep",5,0.0567184996365262,6
"set4_10_15638_752_DCIS_Ep2","set4_10_15638_752_DCIS_Ep",3,0.0527026509559121,6
"set4_10_15639_752_NL_Ep2","set4_10_15639_752_NL_Ep",1,0.0622266766545136,6
"set4_10_15640_752_BBD_Ep2","set4_10_15640_752_BBD_Ep",4,0.0657497442759005,6
"set4_10_15644_753_DCIS_Ep2","set4_10_15644_753_DCIS_Ep",5,0.0883218082206665,6
"set4_10_15646_753_IBC_Ep2","set4_10_15646_753_IBC_Ep",5,0.0848543508498928,6
"set4_10_15647_753_NL_Ep2","set4_10_15647_753_NL_Ep",4,0.0501461013876658,6
"set4_10_15649_754_IBC_Ep2","set4_10_15649_754_IBC_Ep",5,0.0825899971087799,6
"set4_10_15651_754_ADH_Ep2","set4_10_15651_754_ADH_Ep",5,0.0717063637763699,6
"set4_10_15653_754_EN_1_Ep2","set4_10_15653_754_EN_1_Ep",5,0.0556782277093435,6
"set4_10_15655_754_DCIS_Ep2","set4_10_15655_754_DCIS_Ep",5,0.0783242473721687,6
"set4_10_15657_754_EN_2_Ep2","set4_10_15657_754_EN_2_Ep",4,0.0485415740952474,6
"set4_10_15659_755_EN_Ep2","set4_10_15659_755_EN_Ep",6,0.0728494272442805,6
"set4_10_15661_755_DCIS_inf_1_Ep2","set4_10_15661_755_DCIS_inf_1_Ep",3,0.122750325930386,6
"set4_10_15663_755_IBC_Ep2","set4_10_15663_755_IBC_Ep",3,0.082998225244734,6
"set4_10_15665_755_DCIS_inf_2_Ep2","set4_10_15665_755_DCIS_inf_2_Ep",3,0.0586094298830648,6
"set4_10_15667_755_NL_Ep2","set4_10_15667_755_NL_Ep",1,0.0760779318891296,6
"set4_10_15669_756_NL_Ep2","set4_10_15669_756_NL_Ep",1,0.0672685158326652,6
"set4_10_15671_756_EN_1_Ep2","set4_10_15671_756_EN_1_Ep",1,0.121017689463035,6
"set4_10_15673_756_IBC_Ep2","set4_10_15673_756_IBC_Ep",3,0.0787391076202511,6
"set4_10_15675_756_UDH_1_Ep2","set4_10_15675_756_UDH_1_Ep",6,0.0541973778516971,6
"set4_10_15677_756_EN_2_Ep2","set4_10_15677_756_EN_2_Ep",1,0.125306755264705,6
"set4_10_15679_756_UDH_2_Ep2","set4_10_15679_756_UDH_2_Ep",1,0.135834213765306,6
"set4_10_15681_757_DCIS_Ep2","set4_10_15681_757_DCIS_Ep",5,0.0942141805691991,6
"set4_10_15683_757_IBC_Ep2","set4_10_15683_757_IBC_Ep",5,0.0917740517070026,6
"set4_10_15685_757_NL_Ep2","set4_10_15685_757_NL_Ep",4,0.0541135534438552,6
"set4_10_15687_757_UDH_Ep2","set4_10_15687_757_UDH_Ep",6,0.0680400775525637,6
"set4_10_15689_757_CCC_Ep2","set4_10_15689_757_CCC_Ep",6,0.0757104453089499,6
"set4_10_15691_757_EN_Ep2","set4_10_15691_757_EN_Ep",6,0.0630373213066066,6
"set4_10_15693_758_DCIS_1_Ep2","set4_10_15693_758_DCIS_1_Ep",5,0.0904231435647499,6
"set4_10_15695_758_IBC_1_Ep2","set4_10_15695_758_IBC_1_Ep",5,0.0947932849288903,6
"set4_10_15697_758_NL_Ep2","set4_10_15697_758_NL_Ep",1,0.0640326964296122,6
"set4_10_15703_758_EN_Ep2","set4_10_15703_758_EN_Ep",1,0.0669766474416068,6
"set4_10_15709_760_UDH_Ep2","set4_10_15709_760_UDH_Ep",6,0.0627643521727018,6
"set4_10_15713_760_IBC_Ep2","set4_10_15713_760_IBC_Ep",3,0.0920750779732599,6
"set4_10_15715_760_EN_1_Ep2","set4_10_15715_760_EN_1_Ep",4,0.0448110735712493,6
"set4_10_15717_760_NL_Ep2","set4_10_15717_760_NL_Ep",6,0.0538396787650127,6
"set4_10_15733_762_DCIS_2_Ep2","set4_10_15733_762_DCIS_2_Ep",5,0.0937413737169573,6
"set4_10_15699_758_DCIS_2_Ep2","set4_10_15699_758_DCIS_2_Ep",5,0.0825488299680208,6
"set4_10_15701_758_IBC_2_Ep2","set4_10_15701_758_IBC_2_Ep",1,0.0804111569656878,6
"set4_10_15705_759_DCIS_Ep2","set4_10_15705_759_DCIS_Ep",5,0.0481885107174792,6
"set4_10_15707_759_IBC_Ep2","set4_10_15707_759_IBC_Ep",5,0.057139606143274,6
"set4_10_15711_760_EN_2_Ep2","set4_10_15711_760_EN_2_Ep",4,0.0572872441585574,6
"set4_10_15719_761_IBC_Ep2","set4_10_15719_761_IBC_Ep",5,0.0767652708783551,6
"set4_10_15721_761_DCIS_Ep2","set4_10_15721_761_DCIS_Ep",5,0.0807624982390279,6
"set4_10_15723_761_EN_1_Ep2","set4_10_15723_761_EN_1_Ep",6,0.0627906711121208,6
"set4_10_15725_761_ADH_Ep2","set4_10_15725_761_ADH_Ep",6,0.0739968650783606,6
"set4_10_15729_762_IBC_Ep2","set4_10_15729_762_IBC_Ep",5,0.0912387024347824,6
"set4_10_15731_762_DCIS_1_Ep2","set4_10_15731_762_DCIS_1_Ep",5,0.0907331374962464,6
"set4_10_15735_763_IBC_Ep2","set4_10_15735_763_IBC_Ep",3,0.0835824853930283,6
"set4_10_15737_763_ADH_Ep2","set4_10_15737_763_ADH_Ep",4,0.0494088378376448,6
"set4_10_15739_763_NL_1_Ep2","set4_10_15739_763_NL_1_Ep",4,0.0635633378050104,6
"set4_10_15741_763_EN_Ep2","set4_10_15741_763_EN_Ep",4,0.0681243547154371,6
"set4_10_15745_764_IBC_Ep2","set4_10_15745_764_IBC_Ep",3,0.0731189248789801,6
"set4_10_15747_764_DCIS_1_Ep2","set4_10_15747_764_DCIS_1_Ep",5,0.0660969192508513,6
"set4_10_15749_764_LVI_Ep2","set4_10_15749_764_LVI_Ep",5,0.0653470905906929,6
"set4_10_15751_764_DCIS_2_Ep2","set4_10_15751_764_DCIS_2_Ep",5,0.0748158770931115,6
"set4_10_15753_764_EN_Ep2","set4_10_15753_764_EN_Ep",1,0.100860929494109,6
"set4_10_15755_764_NL_Ep2","set4_10_15755_764_NL_Ep",1,0.0638202338118661,6
"set4_10_15757_765_IBC_Ep2","set4_10_15757_765_IBC_Ep",2,0.109062713714463,6
"set4_10_15759_765_DCIS_Ep2","set4_10_15759_765_DCIS_Ep",2,0.125503709743983,6
"set4_10_15761_765_EN_1_Ep2","set4_10_15761_765_EN_1_Ep",6,0.0589309513168395,6
"set4_10_15765_765_NL_Ep2","set4_10_15765_765_NL_Ep",4,0.0639119784654869,6
"set4_10_15767_766_NL_Ep2","set4_10_15767_766_NL_Ep",1,0.0571199326656825,6
"set4_10_15769_766_inf_NL_Ep2","set4_10_15769_766_inf_NL_Ep",4,0.0634641970600204,6
"set4_10_15771_766_IBC_Ep2","set4_10_15771_766_IBC_Ep",3,0.080848775704474,6
"set4_10_15773_766_AM_Ep2","set4_10_15773_766_AM_Ep",2,0.138232592189463,6
"set4_10_15775_766_EN_Ep2","set4_10_15775_766_EN_Ep",1,0.120150267337673,6
"set4_10_15777_767_IBC_Ep2","set4_10_15777_767_IBC_Ep",5,0.0869342190710085,6
"set4_10_15779_767_DCIS_Ep2","set4_10_15779_767_DCIS_Ep",5,0.0800789169139389,6
"set4_10_15781_767_AM_2_Ep2","set4_10_15781_767_AM_2_Ep",2,0.140356018598549,6
"set4_10_15783_767_ADH_Ep2","set4_10_15783_767_ADH_Ep",6,0.0486427413710086,6
"set4_10_15787_767_NL_Ep2","set4_10_15787_767_NL_Ep",1,0.078985453199196,6
"set4_10_15789_768_IBC_Ep2","set4_10_15789_768_IBC_Ep",3,0.0992403645588972,6
"set4_10_15791_768_NL_Ep2","set4_10_15791_768_NL_Ep",4,0.0599907589665106,6
"set4_10_15795_768_EN_2_Ep2","set4_10_15795_768_EN_2_Ep",2,0.0679114287732399,6
"set4_10_15797_768_EN_3_Ep2","set4_10_15797_768_EN_3_Ep",6,0.0498932222952912,6
"set4_10_15799_769_IBC_Ep2","set4_10_15799_769_IBC_Ep",5,0.0887480009138976,6
"set4_10_15801_769_DCIS_1_Ep2","set4_10_15801_769_DCIS_1_Ep",5,0.0668589428810124,6
"set4_10_15805_769_EN_1_Ep2","set4_10_15805_769_EN_1_Ep",6,0.0735466488454164,6
"set4_10_15809_769_NL_Ep2","set4_10_15809_769_NL_Ep",1,0.102293984401287,6
"set4_10_15811_769_EN_4_Ep2","set4_10_15811_769_EN_4_Ep",6,0.0654158442486158,6
"set4_10_15817_769_AM_Ep2","set4_10_15817_769_AM_Ep",2,0.141476160858462,6
"set4_10_15785_767_AM_1_Ep2","set4_10_15785_767_AM_1_Ep",2,0.143609737942556,6
"set4_10_15793_768_EN_1_Ep2","set4_10_15793_768_EN_1_Ep",6,0.0597187645402283,6
"set4_10_15803_769_DCIS_2_Ep2","set4_10_15803_769_DCIS_2_Ep",3,0.0729867293059297,6
"set4_10_15807_769_EN_3_Ep2","set4_10_15807_769_EN_3_Ep",6,0.0733111489629901,6
"set4_10_15815_769_EN_6_Ep2","set4_10_15815_769_EN_6_Ep",6,0.0705292843631443,6
"set4_10_15819_770_DCIS_Ep2","set4_10_15819_770_DCIS_Ep",2,0.0529796368301922,6
"set4_10_15821_770_IBC_Ep2","set4_10_15821_770_IBC_Ep",3,0.066251949000121,6
"set4_10_15823_770_EN_1_Ep2","set4_10_15823_770_EN_1_Ep",6,0.0796877297614986,6
"set4_10_15825_770_NL_Ep2","set4_10_15825_770_NL_Ep",4,0.0610754476312137,6
"set4_10_15829_771_EN_4_Ep2","set4_10_15829_771_EN_4_Ep",6,0.0605609776108088,6
"set4_10_15835_771_DCIS_3_Ep2","set4_10_15835_771_DCIS_3_Ep",5,0.0866626226697048,6
"set4_10_15831_771_NL_Ep2","set4_10_15831_771_NL_Ep",4,0.0764242493163349,6
"set4_10_15833_771_EN_2_Ep2","set4_10_15833_771_EN_2_Ep",6,0.0649204855431953,6
"set4_10_15839_771_DCIS_1_Ep2","set4_10_15839_771_DCIS_1_Ep",5,0.111088498413308,6
"set4_10_15843_771_IBC_Ep2","set4_10_15843_771_IBC_Ep",5,0.113755552560279,6
"set4_10_15727_761_EN_2_Ep2","set4_10_15727_761_EN_2_Ep",6,0.0654523140126697,6
"set4_10_15743_763_NL_2_Ep2","set4_10_15743_763_NL_2_Ep",4,0.0671382197981084,6
"set4_10_15763_765_EN_2_Ep2","set4_10_15763_765_EN_2_Ep",4,0.071630866436423,6
"set4_10_15813_769_EN_5_Ep2","set4_10_15813_769_EN_5_Ep",6,0.0787209839424021,6
"set4_10_15827_771_EN_3_Ep2","set4_10_15827_771_EN_3_Ep",6,0.0843322295029354,6
"set4_10_15837_771_EN_1_Ep2","set4_10_15837_771_EN_1_Ep",6,0.0852143855788277,6
"set4_10_15841_771_DCIS_2_Ep2","set4_10_15841_771_DCIS_2_Ep",5,0.10231993275741,6
"set4_10_15845_772_IBC_Ep2","set4_10_15845_772_IBC_Ep",5,0.0847230496508628,6
"set4_10_15847_772_DCIS_1_Ep2","set4_10_15847_772_DCIS_1_Ep",5,0.0798714342490648,6
"set4_10_15849_772_DCIS_2_Ep2","set4_10_15849_772_DCIS_2_Ep",5,0.0800499558673987,6
"set4_10_15851_772_EN_1_Ep2","set4_10_15851_772_EN_1_Ep",5,0.0651047523061697,6
"set4_10_15853_772_EN_2_Ep2","set4_10_15853_772_EN_2_Ep",4,0.0620316768950464,6
"set4_10_15855_772_EN_3_Ep2","set4_10_15855_772_EN_3_Ep",5,0.0633402282712235,6
"set4_10_15857_772_EN_4_Ep2","set4_10_15857_772_EN_4_Ep",1,0.0642355746231102,6
"set4_10_15859_772_NL_Ep2","set4_10_15859_772_NL_Ep",4,0.0695745950865769,6
"set1_3_11770_354_EN_E_S1_R1_0013","set1_3_11770_354_EN_E_S1_R1_001",7,0.0638421918757462,7
"set1_3_11772_354_IDC_E_S3_R1_0013","set1_3_11772_354_IDC_E_S3_R1_001",7,0.060306285476075,7
"set1_3_11774_354_RS1_E_center_S5_R1_0013","set1_3_11774_354_RS1_E_center_S5_R1_001",5,0.0622118647420543,7
"set1_3_11776_354_RS1_E_peripheral_S7_R1_0013","set1_3_11776_354_RS1_E_peripheral_S7_R1_001",7,0.0614489632664462,7
"set1_3_11778_354_RS2_E_center_S9_R1_0013","set1_3_11778_354_RS2_E_center_S9_R1_001",5,0.0529200831989601,7
"set1_3_11780_354_RS2_E_peripheral_S11_R1_0013","set1_3_11780_354_RS2_E_peripheral_S11_R1_001",5,0.0481418454931875,7
"set1_3_11782_354_NL_E_S13_R1_0013","set1_3_11782_354_NL_E_S13_R1_001",5,0.0633382586281244,7
"set1_3_11784_355_RS1_E_center_S15_R1_0013","set1_3_11784_355_RS1_E_center_S15_R1_001",5,0.0554374767007714,7
"set1_3_11786_355_RS1_E_peripheral_S17_R1_0013","set1_3_11786_355_RS1_E_peripheral_S17_R1_001",7,0.0639634503055991,7
"set1_3_11789_355_RS2_E_center_S20_R1_0013","set1_3_11789_355_RS2_E_center_S20_R1_001",5,0.0568350048080649,7
"set1_3_11791_355_RS2_E_peripheral_S22_R1_0013","set1_3_11791_355_RS2_E_peripheral_S22_R1_001",7,0.0553709382708543,7
"set1_3_11794_355_NL_E_S25_R1_0013","set1_3_11794_355_NL_E_S25_R1_001",5,0.0432683510023939,7
"set1_3_11796_355_RS3_E_center_S27_R1_0013","set1_3_11796_355_RS3_E_center_S27_R1_001",5,0.0584590704890568,7
"set1_3_11798_355_RS3_E_peripheral_S29_R1_0013","set1_3_11798_355_RS3_E_peripheral_S29_R1_001",7,0.0537488638929134,7
"set1_3_11800_356_NL_E_S31_R1_0013","set1_3_11800_356_NL_E_S31_R1_001",7,0.050887608637232,7
"set1_3_11802_356_RS1_E_center_S32_R1_0013","set1_3_11802_356_RS1_E_center_S32_R1_001",5,0.0585014166161878,7
"set1_3_11804_356_RS1_E_peripheral_S34_R1_0013","set1_3_11804_356_RS1_E_peripheral_S34_R1_001",7,0.064648122443567,7
"set1_3_11806_357_NL_E_S50_R1_0013","set1_3_11806_357_NL_E_S50_R1_001",5,0.0228767995782252,7
"set1_3_11808_357_RS1_E_center_S32_R1_0013","set1_3_11808_357_RS1_E_center_S32_R1_001",5,0.0288074089112461,7
"set1_3_11810_357_RS1_E_peripheral_S5_R1_0013","set1_3_11810_357_RS1_E_peripheral_S5_R1_001",7,0.0287004072551545,7
"set1_3_11813_358_NL_E_S36_R1_0013","set1_3_11813_358_NL_E_S36_R1_001",7,0.0647923661021744,7
"set1_3_11815_358_EN_E_S38_R1_0013","set1_3_11815_358_EN_E_S38_R1_001",7,0.0706155326252693,7
"set1_3_11817_358_RS1_E_center_S40_R1_0013","set1_3_11817_358_RS1_E_center_S40_R1_001",7,0.0562217161410877,7
"set1_3_11819_358_RS1_E_peripheral_S42_R1_0013","set1_3_11819_358_RS1_E_peripheral_S42_R1_001",7,0.0677706094516619,7
"set1_3_11821_358_IBC_E_S44_R1_0013","set1_3_11821_358_IBC_E_S44_R1_001",1,0.0729154293312143,7
"set1_3_11823_358_RS2_E_center_S46_R1_0013","set1_3_11823_358_RS2_E_center_S46_R1_001",5,0.0664079761087443,7
"set1_3_11825_358_RS2_E_peripheral_S48_R1_0013","set1_3_11825_358_RS2_E_peripheral_S48_R1_001",7,0.0672863202556962,7
"set1_3_11827_359_RS1_E_center_S50_R1_0013","set1_3_11827_359_RS1_E_center_S50_R1_001",5,0.0568089628224222,7
"set1_3_11829_359_RS1_E_peripheral_S52_R1_0013","set1_3_11829_359_RS1_E_peripheral_S52_R1_001",5,0.0704934048494296,7
"set1_3_11831_359_NL_E_S54_R1_0013","set1_3_11831_359_NL_E_S54_R1_001",5,0.049465034369069,7
"set1_3_11833_359_RS2_E_center_S55_R1_0013","set1_3_11833_359_RS2_E_center_S55_R1_001",5,0.0557126845438318,7
"set1_3_11835_359_RS2_E_peripheral_S57_R1_0013","set1_3_11835_359_RS2_E_peripheral_S57_R1_001",5,0.0558938114084508,7
"set1_3_11837_359_IDC_E_S59_R1_0013","set1_3_11837_359_IDC_E_S59_R1_001",7,0.0586753336171711,7
"set1_3_11838_360_RS1_E_center_S4_R1_0013","set1_3_11838_360_RS1_E_center_S4_R1_001",7,0.0407529001274434,7
"set1_3_11840_360_RS1_E_peripheral_S8_R1_0013","set1_3_11840_360_RS1_E_peripheral_S8_R1_001",7,0.0331494925802001,7
"set1_3_11842_360_NL_E_S3_R1_0013","set1_3_11842_360_NL_E_S3_R1_001",5,0.0369882001423405,7
"set1_3_11844_361_RS1_E_center_S34_R1_0013","set1_3_11844_361_RS1_E_center_S34_R1_001",5,0.0241426969785786,7
"set1_3_11846_361_RS1_E_peripheral_S7_R1_0013","set1_3_11846_361_RS1_E_peripheral_S7_R1_001",7,0.0331594241990803,7
"set1_3_11848_361_RS2_E_center_S18_R1_0013","set1_3_11848_361_RS2_E_center_S18_R1_001",5,0.0316189260430604,7
"set1_3_11850_361_RS2_E_peripheral_S10_R1_0013","set1_3_11850_361_RS2_E_peripheral_S10_R1_001",7,0.0325804022547944,7
"set1_3_11852_361_RS4_E_center_S9_R1_0013","set1_3_11852_361_RS4_E_center_S9_R1_001",5,0.0282220737593189,7
"set1_3_11854_361_RS4_E_peripheral_S11_R1_0013","set1_3_11854_361_RS4_E_peripheral_S11_R1_001",7,0.0328614061077527,7
"set1_3_11856_361_RS3_E_center_S21_R1_0013","set1_3_11856_361_RS3_E_center_S21_R1_001",5,0.0286207862332886,7
"set1_3_11858_361_RS3_E_peripheral_S13_R1_0013","set1_3_11858_361_RS3_E_peripheral_S13_R1_001",5,0.0274831959009213,7
"set1_3_11860_361_NL_E_S49_R1_0013","set1_3_11860_361_NL_E_S49_R1_001",5,0.0276733581067797,7
"set1_3_11862_362_RS1_E_center_S55_R1_0013","set1_3_11862_362_RS1_E_center_S55_R1_001",5,0.0340193123730647,7
"set1_3_11864_362_RS1_E_peripheral_S39_R1_0013","set1_3_11864_362_RS1_E_peripheral_S39_R1_001",7,0.0303185806979572,7
"set1_3_11867_363_RS1_E_center_S15_R1_0013","set1_3_11867_363_RS1_E_center_S15_R1_001",5,0.0274845349096051,7
"set1_3_11869_363_RS1_E_peripheral_S14_R1_0013","set1_3_11869_363_RS1_E_peripheral_S14_R1_001",7,0.0261002881499864,7
"set1_3_11871_363_NL_E_S47_R1_0013","set1_3_11871_363_NL_E_S47_R1_001",5,0.0293457611233584,7
"set1_3_11873_363_IDC_E_S30_R1_0013","set1_3_11873_363_IDC_E_S30_R1_001",7,0.0233802725517705,7
"set1_3_11874_364_RS1_E_center_S38_R1_0013","set1_3_11874_364_RS1_E_center_S38_R1_001",5,0.0256403073616263,7
"set1_3_11876_364_RS1_E_peripheral_S16_R1_0013","set1_3_11876_364_RS1_E_peripheral_S16_R1_001",7,0.0304061011521289,7
"set1_3_11878_364_NL_E_S19_R1_0013","set1_3_11878_364_NL_E_S19_R1_001",5,0.0287018859938746,7
"set1_3_11880_364_RS2_E_center_S12_R1_0013","set1_3_11880_364_RS2_E_center_S12_R1_001",7,0.0328470132917177,7
"set1_3_11882_364_RS2_E_peripheral_S6_R1_0013","set1_3_11882_364_RS2_E_peripheral_S6_R1_001",7,0.0269014711526946,7
"set1_3_11885_364_NL_E_S22_R1_0013","set1_3_11885_364_NL_E_S22_R1_001",5,0.0346237050188298,7
"set1_3_13813_552_IBC_Ep_13","set1_3_13813_552_IBC_Ep_1",2,0.0664956940129442,7
"set1_3_13815_552_EN_Ep_13","set1_3_13815_552_EN_Ep_1",7,0.0498077610363959,7
"set1_3_13819_552_NL_Ep3","set1_3_13819_552_NL_Ep",5,0.0362822937463805,7
"set1_3_13821_551_IBC_Ep_23","set1_3_13821_551_IBC_Ep_2",6,0.106166902826444,7
"set1_3_13823_551_AM_Ep3","set1_3_13823_551_AM_Ep",5,0.0560851168971748,7
"set1_3_13825_551_UDH_Ep3","set1_3_13825_551_UDH_Ep",6,0.0884652032375447,7
"set1_3_13826_551_NL_Ep3","set1_3_13826_551_NL_Ep",5,0.0467750954562272,7
"set1_3_13828_551_DCIS_Ep3","set1_3_13828_551_DCIS_Ep",1,0.103195994355921,7
"set1_3_13830_550_ADH_Ep_13","set1_3_13830_550_ADH_Ep_1",1,0.0549404342718082,7
"set1_3_13832_550_IBC_Ep_13","set1_3_13832_550_IBC_Ep_1",6,0.0678942385505468,7
"set1_3_13834_550_AM_Ep_23","set1_3_13834_550_AM_Ep_2",6,0.103052682817879,7
"set1_3_13836_550_DCIS_Ep_13","set1_3_13836_550_DCIS_Ep_1",1,0.058615975673355,7
"set1_3_13838_550_CCC_Ep3","set1_3_13838_550_CCC_Ep",7,0.0351279037837788,7
"set1_3_13840_549_DCIS_Ep3","set1_3_13840_549_DCIS_Ep",2,0.0687513458967081,7
"set1_3_13842_549_IBC_Ep3","set1_3_13842_549_IBC_Ep",2,0.0821067156875274,7
"set1_3_13844_549_IN_Ep3","set1_3_13844_549_IN_Ep",5,0.0279110339218123,7
"set1_3_13846_550_IBC_Ep_23","set1_3_13846_550_IBC_Ep_2",1,0.0568755152667981,7
"set1_3_13848_550_DCIS_Ep_23","set1_3_13848_550_DCIS_Ep_2",1,0.0698570973057806,7
"set1_3_13850_549_IP_Ep3","set1_3_13850_549_IP_Ep",5,0.0425479254119964,7
"set1_3_13852_549_MC_Ep3","set1_3_13852_549_MC_Ep",5,0.0378852923133236,7
"set1_3_13854_549_NL_Ep3","set1_3_13854_549_NL_Ep",5,0.0411657729352486,7
"set1_3_13856_549_AM_Ep3","set1_3_13856_549_AM_Ep",6,0.125459138036589,7
"set1_3_13858_548_DCIS_Ep3","set1_3_13858_548_DCIS_Ep",2,0.0715875789922404,7
"set1_3_13860_548_IBC_Ep3","set1_3_13860_548_IBC_Ep",2,0.0689597366371103,7
"set1_3_13862_547_NL_Ep3","set1_3_13862_547_NL_Ep",5,0.0579933663058946,7
"set1_3_13864_547_CCC_Ep_13","set1_3_13864_547_CCC_Ep_1",7,0.037701910278295,7
"set1_3_13866_547_CCH_Ep_13","set1_3_13866_547_CCH_Ep_1",7,0.0499037824863504,7
"set1_3_13868_547_IBC_Ep_13","set1_3_13868_547_IBC_Ep_1",2,0.0815177135601808,7
"set1_3_13870_547_DCIS_Ep3","set1_3_13870_547_DCIS_Ep",2,0.0909530087518976,7
"set1_3_13872_547_CCC_Ep_23","set1_3_13872_547_CCC_Ep_2",5,0.0553340511355265,7
"set1_3_13876_547_CCC_Ep_33","set1_3_13876_547_CCC_Ep_3",7,0.0364685652960909,7
"set1_3_13878_547_IBC_Ep_23","set1_3_13878_547_IBC_Ep_2",2,0.0815228320251141,7
"set1_3_13880_547_NL_Ep3","set1_3_13880_547_NL_Ep",5,0.0599224017425267,7
"set1_3_13882_546_NL_Ep3","set1_3_13882_546_NL_Ep",5,0.0518425099865746,7
"set1_3_13884_546_ALH_Ep3","set1_3_13884_546_ALH_Ep",7,0.0628997081197352,7
"set1_3_13886_546_IBC_Ep3","set1_3_13886_546_IBC_Ep",4,0.0969913206331096,7
"set1_3_13888_546_LIN_Ep3","set1_3_13888_546_LIN_Ep",5,0.0432371035566095,7
"set1_3_13890_546_CCH_Ep3","set1_3_13890_546_CCH_Ep",7,0.0709230282674381,7
"set1_3_13892_546_HIN_Ep3","set1_3_13892_546_HIN_Ep",4,0.0402457947537611,7
"set1_3_13894_546_MIN_Ep3","set1_3_13894_546_MIN_Ep",5,0.0434234780325822,7
"set1_3_13896_545_CCC_Ep_13","set1_3_13896_545_CCC_Ep_1",6,0.0580792263371104,7
"set1_3_13898_545_ADH_Ep3","set1_3_13898_545_ADH_Ep",7,0.0674612332390597,7
"set1_3_13900_545_UDH_Ep_13","set1_3_13900_545_UDH_Ep_1",6,0.0537650248133888,7
"set1_3_13902_545_AM_Ep_13","set1_3_13902_545_AM_Ep_1",6,0.121516183337549,7
"set1_3_13904_545_IBC_Ep3","set1_3_13904_545_IBC_Ep",6,0.101082872968435,7
"set1_3_13906_545_DCIS_Ep_13","set1_3_13906_545_DCIS_Ep_1",6,0.10721919386826,7
"set1_3_13908_545_CCC_Ep_23","set1_3_13908_545_CCC_Ep_2",7,0.0530876046484541,7
"set1_3_13910_545_AM_Ep_23","set1_3_13910_545_AM_Ep_2",6,0.159838459541464,7
"set1_3_13912_545_UDH_Ep_23","set1_3_13912_545_UDH_Ep_2",7,0.0447522994662529,7
"set1_3_13914_545_NL_Ep3","set1_3_13914_545_NL_Ep",7,0.0462747253165938,7
"set1_3_13916_545_DCIS_Ep_23","set1_3_13916_545_DCIS_Ep_2",6,0.122971874901694,7
"set1_3_13918_545_LVI_Ep3","set1_3_13918_545_LVI_Ep",6,0.114589580963403,7
"set1_3_13920_544_MC_Ep3","set1_3_13920_544_MC_Ep",5,0.0420664375565405,7
"set1_3_13922_544_NL_Ep3","set1_3_13922_544_NL_Ep",5,0.0357262372563527,7
"set1_3_13924_544_DCIS_Ep_13","set1_3_13924_544_DCIS_Ep_1",1,0.0959044555760739,7
"set1_3_13926_544_DCIS_Ep_23","set1_3_13926_544_DCIS_Ep_2",1,0.0737078600928783,7
"set1_3_13928_544_IBC_Ep3","set1_3_13928_544_IBC_Ep",1,0.11497563336507,7
"set1_3_13930_544_DCIS_Ep_33","set1_3_13930_544_DCIS_Ep_3",1,0.0872856521455719,7
"set1_3_13932_543_CCH_Ep_13","set1_3_13932_543_CCH_Ep_1",7,0.0530668184276709,7
"set1_3_13934_543_CCH_Ep_23","set1_3_13934_543_CCH_Ep_2",7,0.0555940148204977,7
"set1_3_13936_568_AM_Ep3","set1_3_13936_568_AM_Ep",6,0.143058514202431,7
"set1_3_13938_568_NL_Ep3","set1_3_13938_568_NL_Ep",5,0.0534228870813482,7
"set1_3_13940_568_IBC_Ep3","set1_3_13940_568_IBC_Ep",1,0.107682837602891,7
"set1_3_13942_568_DCIS_Ep3","set1_3_13942_568_DCIS_Ep",1,0.117366533569463,7
"set1_3_13944_569_CCC_Ep3","set1_3_13944_569_CCC_Ep",7,0.0415158299725692,7
"set1_3_13946_570_CCC_Ep_13","set1_3_13946_570_CCC_Ep_1",7,0.0631761583897803,7
"set1_3_13948_570_IBC_Ep3","set1_3_13948_570_IBC_Ep",7,0.0493142180507014,7
"set1_3_13950_570_DCIS_Ep3","set1_3_13950_570_DCIS_Ep",7,0.054613239209638,7
"set1_3_13952_570_ADH_Ep_13","set1_3_13952_570_ADH_Ep_1",7,0.0584091866558332,7
"set1_3_13954_570_NL_Ep3","set1_3_13954_570_NL_Ep",3,0.076155014028252,7
"set1_3_13956_570_CCC_Ep_23","set1_3_13956_570_CCC_Ep_2",7,0.0595866494116842,7
"set1_3_13958_570_CCH_Ep3","set1_3_13958_570_CCH_Ep",7,0.0554963730375913,7
"set1_3_13960_570_ADH_Ep_23","set1_3_13960_570_ADH_Ep_2",7,0.0560572958312437,7
"set1_3_13962_569_IBC_Ep3","set1_3_13962_569_IBC_Ep",2,0.0923717711199231,7
"set1_3_13966_567_ADH_Ep3","set1_3_13966_567_ADH_Ep",7,0.0318136679337313,7
"set1_3_13968_567_DCIS_Ep3","set1_3_13968_567_DCIS_Ep",2,0.0667684089891888,7
"set1_3_13970_567_IBC_Ep3","set1_3_13970_567_IBC_Ep",2,0.0965427587937704,7
"set1_3_13972_567_NL_Ep3","set1_3_13972_567_NL_Ep",3,0.0503121713960461,7
"set1_3_13974_569_NL_Ep3","set1_3_13974_569_NL_Ep",7,0.0453583785711654,7
"set1_3_13976_565_EN_Ep3","set1_3_13976_565_EN_Ep",7,0.0596608605772916,7
"set1_3_13978_565_DCIS_Ep3","set1_3_13978_565_DCIS_Ep",4,0.0689984663911603,7
"set1_3_13980_565_NL_Ep3","set1_3_13980_565_NL_Ep",5,0.0463249585205387,7
"set1_3_13982_561_DCIS_Ep3","set1_3_13982_561_DCIS_Ep",2,0.0800767542006434,7
"set1_3_13984_561_IBC_Ep3","set1_3_13984_561_IBC_Ep",2,0.0924709450460363,7
"set1_3_13986_561_NL_Ep3","set1_3_13986_561_NL_Ep",7,0.0551384517881307,7
"set1_3_13987_562_DCIS_Ep_13","set1_3_13987_562_DCIS_Ep_1",2,0.0686892635537745,7
"set1_3_13989_562_NL_Ep_13","set1_3_13989_562_NL_Ep_1",5,0.0597790034132224,7
"set1_3_13991_562_DCIS_Ep_23","set1_3_13991_562_DCIS_Ep_2",2,0.0959251938377286,7
"set1_3_13993_562_NL_Ep_23","set1_3_13993_562_NL_Ep_2",5,0.0525527845697782,7
"set1_3_13995_563_NL_Ep3","set1_3_13995_563_NL_Ep",4,0.0397558394682149,7
"set1_3_13999_563_EN_Ep3","set1_3_13999_563_EN_Ep",7,0.0443691177606631,7
"set1_3_14001_553_DCIS_Ep3","set1_3_14001_553_DCIS_Ep",1,0.0861456029488532,7
"set1_3_14003_553_IBC_Ep3","set1_3_14003_553_IBC_Ep",1,0.0736874948576471,7
"set1_3_14005_553_NL_Ep_13","set1_3_14005_553_NL_Ep_1",7,0.0395595200667563,7
"set1_3_14007_553_EN_Ep3","set1_3_14007_553_EN_Ep",3,0.0367912928766728,7
"set1_3_14009_553_AM_Ep3","set1_3_14009_553_AM_Ep",7,0.0377164718178621,7
"set1_3_14011_553_NL_Ep_23","set1_3_14011_553_NL_Ep_2",3,0.0271480774052028,7
"set1_3_14012_560_CCC_Ep3","set1_3_14012_560_CCC_Ep",7,0.0581625495851334,7
"set1_3_14014_560_AM_Ep3","set1_3_14014_560_AM_Ep",6,0.139275877277363,7
"set1_3_14016_560_NL_Ep_13","set1_3_14016_560_NL_Ep_1",7,0.0528159609170831,7
"set1_3_14018_560_NL_Ep_23","set1_3_14018_560_NL_Ep_2",7,0.0538035484958204,7
"set1_3_14020_560_IBC_Ep_13","set1_3_14020_560_IBC_Ep_1",2,0.0763556821207604,7
"set1_3_14022_560_SA_Ep3","set1_3_14022_560_SA_Ep",5,0.047881592461913,7
"set1_3_14024_560_NL_Ep3","set1_3_14024_560_NL_Ep",5,0.0452580405617099,7
"set1_3_14025_560_IBC_Ep_23","set1_3_14025_560_IBC_Ep_2",2,0.0824027326399098,7
"set1_3_14027_572_IP_Ep3","set1_3_14027_572_IP_Ep",7,0.0528547026224187,7
"set1_3_14028_572_UDH_Ep3","set1_3_14028_572_UDH_Ep",6,0.0675205354725521,7
"set1_3_14034_572_IBC_Ep3","set1_3_14034_572_IBC_Ep",2,0.0765462462542236,7
"set1_3_14036_571_NL_Ep3","set1_3_14036_571_NL_Ep",5,0.0413582166861852,7
"set1_3_14038_571_EN_Ep3","set1_3_14038_571_EN_Ep",4,0.11545490049608,7
"set1_3_14040_571_DCISw_Ep3","set1_3_14040_571_DCISw_Ep",2,0.0769511536866152,7
"set1_3_14042_571_DCIS_Ep3","set1_3_14042_571_DCIS_Ep",4,0.0781538874377072,7
"set1_3_14044_571_IBC_Ep_13","set1_3_14044_571_IBC_Ep_1",4,0.077009764750807,7
"set1_3_14046_571_IBC_Ep_23","set1_3_14046_571_IBC_Ep_2",2,0.0772295340796449,7
"set1_3_14048_566_IBC_Ep3","set1_3_14048_566_IBC_Ep",4,0.0750433574556332,7
"set1_3_14050_566_DCIS_Ep3","set1_3_14050_566_DCIS_Ep",2,0.06208817494995,7
"set1_3_14052_566_UDH_Ep3","set1_3_14052_566_UDH_Ep",7,0.0471585925490656,7
"set1_3_14054_566_CCC_Ep_13","set1_3_14054_566_CCC_Ep_1",7,0.0512876645496157,7
"set1_3_14056_566_CCC_Ep_23","set1_3_14056_566_CCC_Ep_2",7,0.0500407851940381,7
"set1_3_14058_566_AM_Ep3","set1_3_14058_566_AM_Ep",6,0.13266734029824,7
"set1_3_14060_566_NL_Ep3","set1_3_14060_566_NL_Ep",7,0.038411479095398,7
"set1_3_14062_564_DCIS_Ep3","set1_3_14062_564_DCIS_Ep",2,0.0619117420469252,7
"set1_3_14064_564_HP_Ep3","set1_3_14064_564_HP_Ep",4,0.0512594756667984,7
"set1_3_14066_564_NL_Ep3","set1_3_14066_564_NL_Ep",5,0.0479424675958605,7
"set1_3_14068_564_IBC_Ep3","set1_3_14068_564_IBC_Ep",2,0.0544096808237081,7
"set1_3_14070_559_DCIS_Ep3","set1_3_14070_559_DCIS_Ep",2,0.0762789848797039,7
"set1_3_14072_559_IBC_Ep3","set1_3_14072_559_IBC_Ep",2,0.102260600993528,7
"set1_3_14074_559_CCH_Ep3","set1_3_14074_559_CCH_Ep",7,0.0589569531966464,7
"set1_3_14076_559_AM_Ep3","set1_3_14076_559_AM_Ep",6,0.136555044404326,7
"set1_3_14080_558_IBC_Ep3","set1_3_14080_558_IBC_Ep",2,0.0638803202176987,7
"set1_3_14082_558_NL_Ep_13","set1_3_14082_558_NL_Ep_1",5,0.0294469959879379,7
"set1_3_14084_558_DCIS_Ep_13","set1_3_14084_558_DCIS_Ep_1",2,0.0724345081522285,7
"set1_3_14086_558_DCIS_Ep_23","set1_3_14086_558_DCIS_Ep_2",2,0.0548039429552876,7
"set1_3_14088_558_IN_Ep3","set1_3_14088_558_IN_Ep",5,0.0449958834751542,7
"set1_3_14092_557_IBC_Ep3","set1_3_14092_557_IBC_Ep",2,0.0813893567653436,7
"set1_3_14094_557_DCIS_Ep3","set1_3_14094_557_DCIS_Ep",2,0.0667891087954695,7
"set1_3_14096_556_IBC_Ep_13","set1_3_14096_556_IBC_Ep_1",1,0.0770840277423905,7
"set1_3_14098_556_ADH_Ep_13","set1_3_14098_556_ADH_Ep_1",7,0.0626966631476445,7
"set1_3_14100_556_ADH_Ep_23","set1_3_14100_556_ADH_Ep_2",7,0.0694520100122958,7
"set1_3_14102_556_AM_Ep3","set1_3_14102_556_AM_Ep",6,0.128369953358597,7
"set1_3_14104_556_IBC_Ep_23","set1_3_14104_556_IBC_Ep_2",1,0.0826286010527494,7
"set1_3_14108_556_NL_Ep3","set1_3_14108_556_NL_Ep",5,0.0539306913717497,7
"set1_3_14110_555_IN_Ep3","set1_3_14110_555_IN_Ep",4,0.0527637403508892,7
"set1_3_14112_555_iIBC_Ep3","set1_3_14112_555_iIBC_Ep",4,0.0521131116658954,7
"set1_3_14114_555_IBC_Ep3","set1_3_14114_555_IBC_Ep",2,0.0764191830719401,7
"set1_3_14116_555_CCC_Ep3","set1_3_14116_555_CCC_Ep",7,0.046534741471798,7
"set1_3_14118_555_NL_Ep3","set1_3_14118_555_NL_Ep",3,0.0283933979024062,7
"set1_3_14120_554_RS_Ep_13","set1_3_14120_554_RS_Ep_1",7,0.0452949266164119,7
"set1_3_14124_554_EN_Ep3","set1_3_14124_554_EN_Ep",7,0.0325719496839183,7
"set1_3_14126_554_IBC_Ep3","set1_3_14126_554_IBC_Ep",4,0.0917776204328381,7
"set1_3_14128_554_UDH_Ep3","set1_3_14128_554_UDH_Ep",7,0.0359479002290561,7
"set1_3_14130_554_DCIS_Ep3","set1_3_14130_554_DCIS_Ep",4,0.0687983400805536,7
"set1_3_14134_554_NL_Ep3","set1_3_14134_554_NL_Ep",5,0.0305873676282608,7
"set4_10_14731_656_IBC_Ep3","set4_10_14731_656_IBC_Ep",2,0.0755264144703395,7
"set4_10_14733_656_BBD_Ep3","set4_10_14733_656_BBD_Ep",7,0.0679285144496116,7
"set4_10_14735_656_NL_Ep3","set4_10_14735_656_NL_Ep",5,0.0483310385744354,7
"set4_10_14737_657_CCC_Ep3","set4_10_14737_657_CCC_Ep",6,0.0694632349854749,7
"set4_10_14739_657_NL_Ep3","set4_10_14739_657_NL_Ep",7,0.0702524042063311,7
"set4_10_14741_657_DCIS_Ep3","set4_10_14741_657_DCIS_Ep",1,0.0904050849125085,7
"set4_10_14744_657_IBC_Ep3","set4_10_14744_657_IBC_Ep",1,0.0950192369667003,7
"set4_10_14745_658_DCIS_Ep3","set4_10_14745_658_DCIS_Ep",4,0.0505738577418445,7
"set4_10_14746_658_IBC_Ep3","set4_10_14746_658_IBC_Ep",2,0.0737764038680822,7
"set4_10_14747_658_NL_Ep3","set4_10_14747_658_NL_Ep",3,0.0716997688906572,7
"set4_10_14751_659_DCIS_Ep3","set4_10_14751_659_DCIS_Ep",7,0.062059542743113,7
"set4_10_14752_659_IBC_Ep3","set4_10_14752_659_IBC_Ep",1,0.0600013773407644,7
"set4_10_14755_659_DCIS_Ep3","set4_10_14755_659_DCIS_Ep",1,0.0643847667599251,7
"set4_10_14757_659_NL_Ep3","set4_10_14757_659_NL_Ep",5,0.0587230458780355,7
"set4_10_14791_663_DCIS_Ep3","set4_10_14791_663_DCIS_Ep",1,0.0613718478903391,7
"set4_10_14793_663_IBC_Ep3","set4_10_14793_663_IBC_Ep",1,0.0479884426297133,7
"set4_10_14795_663_NL_Ep3","set4_10_14795_663_NL_Ep",3,0.0716888043269459,7
"set4_10_14759_660_IBC_Ep3","set4_10_14759_660_IBC_Ep",1,0.0743676523138207,7
"set4_10_14761_660_DCIS_Ep3","set4_10_14761_660_DCIS_Ep",1,0.0599913946329392,7
"set4_10_14763_660_NL_Ep3","set4_10_14763_660_NL_Ep",3,0.0497379263376926,7
"set4_10_14765_660_LVI_Ep3","set4_10_14765_660_LVI_Ep",1,0.0819320633436283,7
"set4_10_14767_661_IBC_Ep3","set4_10_14767_661_IBC_Ep",4,0.0713541532695001,7
"set4_10_14769_661_AM_Ep3","set4_10_14769_661_AM_Ep",6,0.142307671165359,7
"set4_10_14771_661_ADH_Ep3","set4_10_14771_661_ADH_Ep",3,0.0787710100780999,7
"set4_10_14773_661_DCIS_Ep3","set4_10_14773_661_DCIS_Ep",7,0.0842938491979177,7
"set4_10_14775_661_ADH_Ep3","set4_10_14775_661_ADH_Ep",3,0.0735667078287079,7
"set4_10_14777_661_NL_Ep3","set4_10_14777_661_NL_Ep",3,0.093924704887729,7
"set4_10_14779_662_DCIS.1_Ep3","set4_10_14779_662_DCIS.1_Ep",2,0.0977813739734661,7
"set4_10_14781_662_MIV.1_Ep3","set4_10_14781_662_MIV.1_Ep",2,0.0961172958300385,7
"set4_10_14783_662_DCIS.2_Ep3","set4_10_14783_662_DCIS.2_Ep",2,0.0951096105963344,7
"set4_10_14785_662_MIV.2_Ep3","set4_10_14785_662_MIV.2_Ep",2,0.0889739701685718,7
"set4_10_14787_662_DCIS.3_Ep3","set4_10_14787_662_DCIS.3_Ep",2,0.0952290212793363,7
"set4_10_14789_662_IBC_Ep3","set4_10_14789_662_IBC_Ep",2,0.0981934154622751,7
"set4_10_14909_676_DCIS.2_Ep3","set4_10_14909_676_DCIS.2_Ep",6,0.100252770978784,7
"set4_10_14797_664_AM_Ep3","set4_10_14797_664_AM_Ep",6,0.157434182164447,7
"set4_10_14798_664_BBD_Ep3","set4_10_14798_664_BBD_Ep",7,0.0622771361888965,7
"set4_10_14800_664_IBC_Ep3","set4_10_14800_664_IBC_Ep",2,0.067189919671337,7
"set4_10_14802_664_ADH_Ep3","set4_10_14802_664_ADH_Ep",7,0.0524234542906813,7
"set4_10_14804_664_NL_Ep3","set4_10_14804_664_NL_Ep",5,0.0728734929060526,7
"set4_10_14805_665_IBC_Ep3","set4_10_14805_665_IBC_Ep",2,0.0617239211826776,7
"set4_10_14807_665_inf_NL_Ep3","set4_10_14807_665_inf_NL_Ep",4,0.055136529574957,7
"set4_10_14809_665_DCIS_Ep3","set4_10_14809_665_DCIS_Ep",4,0.0654528848484138,7
"set4_10_14810_665_NL_Ep3","set4_10_14810_665_NL_Ep",5,0.0471536268522583,7
"set4_10_14812_666_IBC_Ep3","set4_10_14812_666_IBC_Ep",2,0.0514914999034319,7
"set4_10_14813_666_DCIS_Ep3","set4_10_14813_666_DCIS_Ep",1,0.0379281945729578,7
"set4_10_14816_666_NL_Ep3","set4_10_14816_666_NL_Ep",5,0.0540104733160938,7
"set4_10_14818_666_BBD_Ep3","set4_10_14818_666_BBD_Ep",7,0.0633116812974275,7
"set4_10_14853_671_UDH_Ep3","set4_10_14853_671_UDH_Ep",7,0.0546579149591184,7
"set4_10_14855_671_AM_Ep3","set4_10_14855_671_AM_Ep",6,0.139420831299418,7
"set4_10_14856_671_DCIS_Ep3","set4_10_14856_671_DCIS_Ep",2,0.0634808205923291,7
"set4_10_14857_671_IBC_Ep3","set4_10_14857_671_IBC_Ep",2,0.0596381745793157,7
"set4_10_14862_671_CCC_Ep3","set4_10_14862_671_CCC_Ep",7,0.0703915079052373,7
"set4_10_14820_667_IBC_Ep3","set4_10_14820_667_IBC_Ep",2,0.068208901853858,7
"set4_10_14821_667_DCIS_Ep3","set4_10_14821_667_DCIS_Ep",2,0.0522973583493683,7
"set4_10_14822_667_NL_Ep3","set4_10_14822_667_NL_Ep",5,0.0440999392442917,7
"set4_10_14826_668_IBC_Ep3","set4_10_14826_668_IBC_Ep",2,0.0804423968941617,7
"set4_10_14828_668_DCIS_Ep3","set4_10_14828_668_DCIS_Ep",7,0.0614620995532366,7
"set4_10_14829_668_NL_Ep3","set4_10_14829_668_NL_Ep",5,0.0625990458701975,7
"set4_10_14830_668_EN_Ep3","set4_10_14830_668_EN_Ep",6,0.0594592420847259,7
"set4_10_14833_669_IBC_Ep3","set4_10_14833_669_IBC_Ep",2,0.0827399859641628,7
"set4_10_14834_669_NL_Ep3","set4_10_14834_669_NL_Ep",3,0.0542898127069823,7
"set4_10_14837_669_DCIS_Ep3","set4_10_14837_669_DCIS_Ep",2,0.0549199749793469,7
"set4_10_14839_670_EN_Ep3","set4_10_14839_670_EN_Ep",7,0.0672017294389542,7
"set4_10_14840_670_DCIS_Ep3","set4_10_14840_670_DCIS_Ep",6,0.110010751102506,7
"set4_10_14843_670_DCIS_Ep3","set4_10_14843_670_DCIS_Ep",6,0.121041425815147,7
"set4_10_14844_670_IBC_Ep3","set4_10_14844_670_IBC_Ep",6,0.127906042777197,7
"set4_10_14847_670_BBD_Ep3","set4_10_14847_670_BBD_Ep",7,0.0574207841336989,7
"set4_10_14848_670_CCC_Ep3","set4_10_14848_670_CCC_Ep",7,0.0571289501826027,7
"set4_10_14849_670_AM_Ep3","set4_10_14849_670_AM_Ep",6,0.0842716385079984,7
"set4_10_14864_672_inf_NL_Ep_S1_R1_0013","set4_10_14864_672_inf_NL_Ep_S1_R1_001",5,0.0433983262621542,7
"set4_10_14866_672_IBC_Ep_2_S3_R1_0013","set4_10_14866_672_IBC_Ep_2_S3_R1_001",2,0.062645544068548,7
"set4_10_14868_672_IBC_Ep_1_S5_R1_0013","set4_10_14868_672_IBC_Ep_1_S5_R1_001",2,0.0647459822805154,7
"set4_10_14869_672_DCIS_Ep_S6_R1_0013","set4_10_14869_672_DCIS_Ep_S6_R1_001",2,0.0615074447215496,7
"set4_10_14870_672_CaLob_Ep_S7_R1_0013","set4_10_14870_672_CaLob_Ep_S7_R1_001",2,0.0573015205964641,7
"set4_10_14873_672_NL_Ep_S10_R1_0013","set4_10_14873_672_NL_Ep_S10_R1_001",5,0.0593232016524034,7
"set4_10_14875_672_ADH_Ep_S12_R1_0013","set4_10_14875_672_ADH_Ep_S12_R1_001",7,0.0591176141444747,7
"set4_10_14876_672_CCC_Ep_S13_R1_0013","set4_10_14876_672_CCC_Ep_S13_R1_001",4,0.0499260670805986,7
"set4_10_14878_673_IBC_Ep_S15_R1_0013","set4_10_14878_673_IBC_Ep_S15_R1_001",2,0.057248112631174,7
"set4_10_14880_673_DCIS_Ep_S17_R1_0013","set4_10_14880_673_DCIS_Ep_S17_R1_001",2,0.062026226648834,7
"set4_10_14882_673_NL_Ep_S19_R1_0013","set4_10_14882_673_NL_Ep_S19_R1_001",5,0.05812384460494,7
"set4_10_14884_673_AM_Ep_S21_R1_0013","set4_10_14884_673_AM_Ep_S21_R1_001",6,0.139505487317651,7
"set4_10_14886_673_CCC_Ep_S23_R1_0013","set4_10_14886_673_CCC_Ep_S23_R1_001",7,0.0792432232195087,7
"set4_10_14888_673_EN_Ep_S25_R1_0013","set4_10_14888_673_EN_Ep_S25_R1_001",5,0.053026891880732,7
"set4_10_14890_674_DCIS_Ep_S27_R1_0013","set4_10_14890_674_DCIS_Ep_S27_R1_001",6,0.104593752840282,7
"set4_10_14892_674_IBC_Ep_S29_R1_0013","set4_10_14892_674_IBC_Ep_S29_R1_001",1,0.0835998707452945,7
"set4_10_14894_674_BBD_Ep_S31_R1_0013","set4_10_14894_674_BBD_Ep_S31_R1_001",5,0.0465465515982076,7
"set4_10_14899_675_EN1_Ep_S33_R1_0013","set4_10_14899_675_EN1_Ep_S33_R1_001",3,0.0464129633854399,7
"set4_10_14901_675_EN2_Ep3","set4_10_14901_675_EN2_Ep",7,0.0511670457723854,7
"set4_10_14904_675_EN3_Ep3","set4_10_14904_675_EN3_Ep",3,0.0605457738327256,7
"set4_10_14905_675_NL_Ep3","set4_10_14905_675_NL_Ep",3,0.0647982181592261,7
"set4_10_14907_675_IBC_Ep3","set4_10_14907_675_IBC_Ep",2,0.0823918510183408,7
"set4_10_14908_675_CCC_Ep3","set4_10_14908_675_CCC_Ep",3,0.104559892576505,7
"set4_10_14922_677_IBC_Ep3","set4_10_14922_677_IBC_Ep",1,0.115108311343616,7
"set4_10_14924_677_DCIS_Ep3","set4_10_14924_677_DCIS_Ep",1,0.116720094418009,7
"set4_10_14926_677_NL_Ep3","set4_10_14926_677_NL_Ep",5,0.0575575956762338,7
"set4_10_14928_677_LVI_Ep3","set4_10_14928_677_LVI_Ep",1,0.111021391648814,7
"set4_10_14930_678_IBC_Ep3","set4_10_14930_678_IBC_Ep",2,0.0739492617990398,7
"set4_10_14932_678_PLC_Ep3","set4_10_14932_678_PLC_Ep",5,0.0600313831174978,7
"set4_10_14934_678_EN_Ep3","set4_10_14934_678_EN_Ep",7,0.0571029362899231,7
"set4_10_14936_678_NL_Ep3","set4_10_14936_678_NL_Ep",5,0.0532633051909932,7
"set4_10_14938_679_IBC_Ep3","set4_10_14938_679_IBC_Ep",2,0.0975706832745593,7
"set4_10_14940_679_DCIS_Ep3","set4_10_14940_679_DCIS_Ep",2,0.0862253993153185,7
"set4_10_14942_679_NL_Ep3","set4_10_14942_679_NL_Ep",5,0.0638622723888059,7
"set4_10_14954_680_DCIS_2_Ep3","set4_10_14954_680_DCIS_2_Ep",7,0.0727243037588994,7
"set4_10_14956_680_ADH_2_Ep3","set4_10_14956_680_ADH_2_Ep",7,0.0783622880898154,7
"set4_10_14944_680_ADH_1_Ep3","set4_10_14944_680_ADH_1_Ep",7,0.0743403532594401,7
"set4_10_14946_680_UDH_Ep3","set4_10_14946_680_UDH_Ep",7,0.0630259523732239,7
"set4_10_14948_680_NL_Ep3","set4_10_14948_680_NL_Ep",7,0.0527319026300454,7
"set4_10_14950_680_DCIS_1_Ep3","set4_10_14950_680_DCIS_1_Ep",7,0.0652011786884714,7
"set4_10_14952_680_IBC_Ep3","set4_10_14952_680_IBC_Ep",1,0.0795368869462892,7
"set4_10_14958_680_LG_DCIS_Ep3","set4_10_14958_680_LG_DCIS_Ep",1,0.0729926112941814,7
"set4_10_14960_680_AM_Ep3","set4_10_14960_680_AM_Ep",6,0.139542149312655,7
"set4_10_14962_680_atip_AM_Ep3","set4_10_14962_680_atip_AM_Ep",7,0.0787361544379736,7
"set4_10_14963_680_ADH_AM_Ep3","set4_10_14963_680_ADH_AM_Ep",7,0.081544313473506,7
"set4_10_14966_681_DCIS_Ep3","set4_10_14966_681_DCIS_Ep",2,0.0460986871996548,7
"set4_10_14968_681_AM_Ep3","set4_10_14968_681_AM_Ep",6,0.152167287979242,7
"set4_10_14970_681_EN_Ep3","set4_10_14970_681_EN_Ep",5,0.050815365203282,7
"set4_10_14972_681_ADH_1_Ep3","set4_10_14972_681_ADH_1_Ep",5,0.051604630691983,7
"set4_10_14974_681_IBC_Ep3","set4_10_14974_681_IBC_Ep",2,0.0708656699775043,7
"set4_10_14976_681_NL_Ep3","set4_10_14976_681_NL_Ep",5,0.052916938412513,7
"set4_10_14978_682_NL_Ep3","set4_10_14978_682_NL_Ep",3,0.0650198080037163,7
"set4_10_14980_682_EN_Ep3","set4_10_14980_682_EN_Ep",5,0.0593315152641241,7
"set4_10_14982_682_IBC_Ep3","set4_10_14982_682_IBC_Ep",2,0.0906189960706469,7
"set4_10_14984_682_Inf_NL_Ep3","set4_10_14984_682_Inf_NL_Ep",3,0.0603848391729628,7
"set4_10_14987_683_DCIS_Ep3","set4_10_14987_683_DCIS_Ep",7,0.0529409781553249,7
"set4_10_14990_684_ADH_DCIS_Ep3","set4_10_14990_684_ADH_DCIS_Ep",2,0.0568669252757861,7
"set4_10_14992_684_DCIS_Ep3","set4_10_14992_684_DCIS_Ep",4,0.0509282770194772,7
"set4_10_14994_684_NL_Ep3","set4_10_14994_684_NL_Ep",5,0.0575946658800548,7
"set4_10_14996_684_IBC_Ep3","set4_10_14996_684_IBC_Ep",2,0.0498993707907458,7
"set4_10_14998_685_DCIS_Ep3","set4_10_14998_685_DCIS_Ep",2,0.0572345244217578,7
"set4_10_15000_685_IBC_Ep3","set4_10_15000_685_IBC_Ep",2,0.0790836138398007,7
"set4_10_15002_685_NL_Ep3","set4_10_15002_685_NL_Ep",7,0.0511860548955124,7
"set4_10_15004_685_EN_Ep3","set4_10_15004_685_EN_Ep",5,0.0649311758128821,7
"set4_10_15013_687_DCIS_1_Ep3","set4_10_15013_687_DCIS_1_Ep",1,0.100678224284702,7
"set4_10_15015_687_DCIS_2_Ep3","set4_10_15015_687_DCIS_2_Ep",1,0.103481292991464,7
"set4_10_15017_687_UDH_Ep3","set4_10_15017_687_UDH_Ep",5,0.0543029304830681,7
"set4_10_15019_687_EN_Ep3","set4_10_15019_687_EN_Ep",5,0.0606434250921194,7
"set4_10_15021_687_NL_Ep3","set4_10_15021_687_NL_Ep",5,0.0659346930250988,7
"set4_10_15025_688_EN_1_Ep3","set4_10_15025_688_EN_1_Ep",4,0.0641725361122833,7
"set4_10_14911_676_EN_Ep3","set4_10_14911_676_EN_Ep",7,0.0529306404523612,7
"set4_10_14913_676_BBD_2_Ep3","set4_10_14913_676_BBD_2_Ep",3,0.0659712434607527,7
"set4_10_14915_676_IBC_Ep3","set4_10_14915_676_IBC_Ep",6,0.103323109497515,7
"set4_10_14916_676_DCIS_1_Ep3","set4_10_14916_676_DCIS_1_Ep",6,0.0966653834667228,7
"set4_10_14918_676_BBD_1_Ep3","set4_10_14918_676_BBD_1_Ep",4,0.0487323584456837,7
"set4_10_14920_676_NL_Ep3","set4_10_14920_676_NL_Ep",3,0.0624919371736232,7
"set4_10_15006_686_IBC_Ep3","set4_10_15006_686_IBC_Ep",1,0.0938897578375719,7
"set4_10_15007_686_DCIS_Ep3","set4_10_15007_686_DCIS_Ep",1,0.0650064353101344,7
"set4_10_15009_686_EN_Ep3","set4_10_15009_686_EN_Ep",5,0.0671779880313438,7
"set4_10_15011_686_NL_Ep3","set4_10_15011_686_NL_Ep",5,0.0633794608826662,7
"set4_10_15032_689_IBC_Ep3","set4_10_15032_689_IBC_Ep",2,0.0667546615313351,7
"set4_10_15034_689_DCIS_1_Ep3","set4_10_15034_689_DCIS_1_Ep",4,0.0886763778007806,7
"set4_10_15036_689_NL_Ep3","set4_10_15036_689_NL_Ep",5,0.0546227358559915,7
"set4_10_15038_689_DCIS_2_Ep3","set4_10_15038_689_DCIS_2_Ep",4,0.0519137102074586,7
"set4_10_15040_689_EN_1_Ep3","set4_10_15040_689_EN_1_Ep",7,0.054959776400551,7
"set4_10_15042_689_EN_2_Ep3","set4_10_15042_689_EN_2_Ep",7,0.058219832060554,7
"set4_10_15052_690_EN_2_Ep3","set4_10_15052_690_EN_2_Ep",7,0.0749765337047497,7
"set4_10_15062_691_EN_2_Ep3","set4_10_15062_691_EN_2_Ep",6,0.0713476645624696,7
"set4_10_14964_681_ADH_2_Ep3","set4_10_14964_681_ADH_2_Ep",5,0.0510529620033971,7
"set4_10_15023_688_IBC_Ep3","set4_10_15023_688_IBC_Ep",4,0.0994807071129865,7
"set4_10_15027_688_NL_Ep3","set4_10_15027_688_NL_Ep",5,0.0583202207697162,7
"set4_10_15029_688_EN_4_Ep3","set4_10_15029_688_EN_4_Ep",7,0.0665823459221623,7
"set4_10_15031_688_EN_5_Ep3","set4_10_15031_688_EN_5_Ep",6,0.115747240356104,7
"set4_10_15044_690_NL_Ep3","set4_10_15044_690_NL_Ep",5,0.0603641472450223,7
"set4_10_15046_690_EN_1_Ep3","set4_10_15046_690_EN_1_Ep",7,0.0646843889309638,7
"set4_10_15048_690_IBC_Ep3","set4_10_15048_690_IBC_Ep",2,0.101028142173167,7
"set4_10_15050_690_DCIS_Ep3","set4_10_15050_690_DCIS_Ep",2,0.051335111209746,7
"set4_10_15054_690_i_DCIS_Ep3","set4_10_15054_690_i_DCIS_Ep",4,0.0681669360124328,7
"set4_10_15056_691_IBC_Ep3","set4_10_15056_691_IBC_Ep",2,0.0880581439575788,7
"set4_10_15058_691_EN_1_Ep3","set4_10_15058_691_EN_1_Ep",7,0.0647871972590257,7
"set4_10_15060_691_DCIS_Ep3","set4_10_15060_691_DCIS_Ep",7,0.0663930439242897,7
"set4_10_15064_692_IBC_Ep3","set4_10_15064_692_IBC_Ep",2,0.0644440535769555,7
"set4_10_15066_692_DCIS_Ep3","set4_10_15066_692_DCIS_Ep",4,0.0527905989356413,7
"set4_10_15068_692_NL_Ep3","set4_10_15068_692_NL_Ep",4,0.0800599599569843,7
"set4_10_15585_744_IBC_Ep3","set4_10_15585_744_IBC_Ep",2,0.0819289457042043,7
"set4_10_15587_744_inF.NL_Ep3","set4_10_15587_744_inF.NL_Ep",5,0.0658979029010598,7
"set4_10_15589_744_DCIS_Ep3","set4_10_15589_744_DCIS_Ep",2,0.0569378410861712,7
"set4_10_15591_745_CCC_Ep3","set4_10_15591_745_CCC_Ep",7,0.0619379454047847,7
"set4_10_15593_745_BBD_Ep3","set4_10_15593_745_BBD_Ep",7,0.0577742398776947,7
"set4_10_15595_745_IP_Ep3","set4_10_15595_745_IP_Ep",7,0.0716057684790867,7
"set4_10_15597_746_IBC_Ep3","set4_10_15597_746_IBC_Ep",2,0.0887139705044736,7
"set4_10_15598_746_DCIS_Ep3","set4_10_15598_746_DCIS_Ep",2,0.0733421601493182,7
"set4_10_15600_746_NL_Ep3","set4_10_15600_746_NL_Ep",7,0.0721436014000507,7
"set4_10_15602_747_IBC_Ep3","set4_10_15602_747_IBC_Ep",2,0.0751912497406761,7
"set4_10_15604_747_NL_Ep3","set4_10_15604_747_NL_Ep",5,0.0548307146371621,7
"set4_10_15606_747_ADH_Ep3","set4_10_15606_747_ADH_Ep",7,0.055890326855689,7
"set4_10_15608_747_AM_Ep3","set4_10_15608_747_AM_Ep",6,0.150521236814922,7
"set4_10_15610_748_AM_Ep3","set4_10_15610_748_AM_Ep",6,0.155186851471593,7
"set4_10_15612_748_DCIS_Ep3","set4_10_15612_748_DCIS_Ep",6,0.116219491317783,7
"set4_10_15614_748_IBC_Ep3","set4_10_15614_748_IBC_Ep",6,0.0879240063230238,7
"set4_10_15616_749_IBC_Ep3","set4_10_15616_749_IBC_Ep",2,0.0857401969333415,7
"set4_10_15617_749_DCIS_Ep3","set4_10_15617_749_DCIS_Ep",2,0.100552214464955,7
"set4_10_15618_749_LVI_Ep3","set4_10_15618_749_LVI_Ep",2,0.0969529219158159,7
"set4_10_15622_750_NL_Ep3","set4_10_15622_750_NL_Ep",5,0.0509449178453725,7
"set4_10_15624_750_IBC_Ep3","set4_10_15624_750_IBC_Ep",2,0.102828696063436,7
"set4_10_15626_750_DCIS_Ep3","set4_10_15626_750_DCIS_Ep",2,0.0936900477844064,7
"set4_10_15628_751_NL_Ep3","set4_10_15628_751_NL_Ep",7,0.060142148337756,7
"set4_10_15630_751_IBC_Ep3","set4_10_15630_751_IBC_Ep",2,0.067636248265654,7
"set4_10_15632_751_ADH_Ep3","set4_10_15632_751_ADH_Ep",7,0.0687476443518163,7
"set4_10_15634_751_CCC_Ep3","set4_10_15634_751_CCC_Ep",7,0.0675503096005916,7
"set4_10_15636_752_IBC_Ep3","set4_10_15636_752_IBC_Ep",2,0.0539092361269882,7
"set4_10_15638_752_DCIS_Ep3","set4_10_15638_752_DCIS_Ep",4,0.0401119018506534,7
"set4_10_15639_752_NL_Ep3","set4_10_15639_752_NL_Ep",3,0.0656002843581315,7
"set4_10_15640_752_BBD_Ep3","set4_10_15640_752_BBD_Ep",5,0.0612898588996778,7
"set4_10_15644_753_DCIS_Ep3","set4_10_15644_753_DCIS_Ep",2,0.0868037336953216,7
"set4_10_15646_753_IBC_Ep3","set4_10_15646_753_IBC_Ep",2,0.0865840922655854,7
"set4_10_15647_753_NL_Ep3","set4_10_15647_753_NL_Ep",3,0.0460628094835383,7
"set4_10_15649_754_IBC_Ep3","set4_10_15649_754_IBC_Ep",2,0.0762048338539016,7
"set4_10_15651_754_ADH_Ep3","set4_10_15651_754_ADH_Ep",2,0.066840333653527,7
"set4_10_15653_754_EN_1_Ep3","set4_10_15653_754_EN_1_Ep",2,0.0509597925605401,7
"set4_10_15655_754_DCIS_Ep3","set4_10_15655_754_DCIS_Ep",2,0.0722425241263341,7
"set4_10_15657_754_EN_2_Ep3","set4_10_15657_754_EN_2_Ep",5,0.0497953273310726,7
"set4_10_15659_755_EN_Ep3","set4_10_15659_755_EN_Ep",7,0.0748720230593125,7
"set4_10_15661_755_DCIS_inf_1_Ep3","set4_10_15661_755_DCIS_inf_1_Ep",4,0.114335686286524,7
"set4_10_15663_755_IBC_Ep3","set4_10_15663_755_IBC_Ep",4,0.0737128421963809,7
"set4_10_15665_755_DCIS_inf_2_Ep3","set4_10_15665_755_DCIS_inf_2_Ep",4,0.0599943499059423,7
"set4_10_15667_755_NL_Ep3","set4_10_15667_755_NL_Ep",3,0.0690892228154743,7
"set4_10_15669_756_NL_Ep3","set4_10_15669_756_NL_Ep",3,0.0714242563735996,7
"set4_10_15671_756_EN_1_Ep3","set4_10_15671_756_EN_1_Ep",3,0.101820718021289,7
"set4_10_15673_756_IBC_Ep3","set4_10_15673_756_IBC_Ep",4,0.074091527053171,7
"set4_10_15675_756_UDH_1_Ep3","set4_10_15675_756_UDH_1_Ep",7,0.0489160526900067,7
"set4_10_15677_756_EN_2_Ep3","set4_10_15677_756_EN_2_Ep",3,0.112318985044545,7
"set4_10_15679_756_UDH_2_Ep3","set4_10_15679_756_UDH_2_Ep",3,0.117021725054708,7
"set4_10_15681_757_DCIS_Ep3","set4_10_15681_757_DCIS_Ep",2,0.0869824332611656,7
"set4_10_15683_757_IBC_Ep3","set4_10_15683_757_IBC_Ep",2,0.0867973084630466,7
"set4_10_15685_757_NL_Ep3","set4_10_15685_757_NL_Ep",5,0.0534738017822432,7
"set4_10_15687_757_UDH_Ep3","set4_10_15687_757_UDH_Ep",7,0.0612901632134841,7
"set4_10_15689_757_CCC_Ep3","set4_10_15689_757_CCC_Ep",7,0.0735635990691265,7
"set4_10_15691_757_EN_Ep3","set4_10_15691_757_EN_Ep",7,0.0555666934304464,7
"set4_10_15693_758_DCIS_1_Ep3","set4_10_15693_758_DCIS_1_Ep",2,0.0871541429857197,7
"set4_10_15695_758_IBC_1_Ep3","set4_10_15695_758_IBC_1_Ep",2,0.0943324666578353,7
"set4_10_15697_758_NL_Ep3","set4_10_15697_758_NL_Ep",3,0.0661061679406227,7
"set4_10_15703_758_EN_Ep3","set4_10_15703_758_EN_Ep",3,0.0648818991638273,7
"set4_10_15709_760_UDH_Ep3","set4_10_15709_760_UDH_Ep",7,0.0562719622473112,7
"set4_10_15713_760_IBC_Ep3","set4_10_15713_760_IBC_Ep",1,0.0937123896870089,7
"set4_10_15715_760_EN_1_Ep3","set4_10_15715_760_EN_1_Ep",3,0.043746080178481,7
"set4_10_15717_760_NL_Ep3","set4_10_15717_760_NL_Ep",7,0.0471830169494414,7
"set4_10_15733_762_DCIS_2_Ep3","set4_10_15733_762_DCIS_2_Ep",2,0.095094706664896,7
"set4_10_15699_758_DCIS_2_Ep3","set4_10_15699_758_DCIS_2_Ep",2,0.0759755969489238,7
"set4_10_15701_758_IBC_2_Ep3","set4_10_15701_758_IBC_2_Ep",2,0.0725180973496442,7
"set4_10_15705_759_DCIS_Ep3","set4_10_15705_759_DCIS_Ep",1,0.0801413520756211,7
"set4_10_15707_759_IBC_Ep3","set4_10_15707_759_IBC_Ep",1,0.0889390419242288,7
"set4_10_15711_760_EN_2_Ep3","set4_10_15711_760_EN_2_Ep",5,0.0574938822120062,7
"set4_10_15719_761_IBC_Ep3","set4_10_15719_761_IBC_Ep",2,0.0780850234808235,7
"set4_10_15721_761_DCIS_Ep3","set4_10_15721_761_DCIS_Ep",2,0.0793817161517861,7
"set4_10_15723_761_EN_1_Ep3","set4_10_15723_761_EN_1_Ep",7,0.057776908595484,7
"set4_10_15725_761_ADH_Ep3","set4_10_15725_761_ADH_Ep",7,0.0672269998284207,7
"set4_10_15729_762_IBC_Ep3","set4_10_15729_762_IBC_Ep",2,0.0953885390792041,7
"set4_10_15731_762_DCIS_1_Ep3","set4_10_15731_762_DCIS_1_Ep",2,0.0955109413068583,7
"set4_10_15735_763_IBC_Ep3","set4_10_15735_763_IBC_Ep",4,0.0831673134692269,7
"set4_10_15737_763_ADH_Ep3","set4_10_15737_763_ADH_Ep",2,0.0491913989459824,7
"set4_10_15739_763_NL_1_Ep3","set4_10_15739_763_NL_1_Ep",5,0.0594176895861592,7
"set4_10_15741_763_EN_Ep3","set4_10_15741_763_EN_Ep",5,0.0583707027155267,7
"set4_10_15745_764_IBC_Ep3","set4_10_15745_764_IBC_Ep",4,0.0681056542169101,7
"set4_10_15747_764_DCIS_1_Ep3","set4_10_15747_764_DCIS_1_Ep",2,0.0649704237943746,7
"set4_10_15749_764_LVI_Ep3","set4_10_15749_764_LVI_Ep",2,0.0651013694536682,7
"set4_10_15751_764_DCIS_2_Ep3","set4_10_15751_764_DCIS_2_Ep",2,0.0738388315452157,7
"set4_10_15753_764_EN_Ep3","set4_10_15753_764_EN_Ep",3,0.0897902342641427,7
"set4_10_15755_764_NL_Ep3","set4_10_15755_764_NL_Ep",3,0.0583708628884616,7
"set4_10_15757_765_IBC_Ep3","set4_10_15757_765_IBC_Ep",6,0.0925328211263219,7
"set4_10_15759_765_DCIS_Ep3","set4_10_15759_765_DCIS_Ep",6,0.111278976158901,7
"set4_10_15761_765_EN_1_Ep3","set4_10_15761_765_EN_1_Ep",7,0.0533983527151187,7
"set4_10_15765_765_NL_Ep3","set4_10_15765_765_NL_Ep",5,0.0572263075536824,7
"set4_10_15767_766_NL_Ep3","set4_10_15767_766_NL_Ep",3,0.0605474638187331,7
"set4_10_15769_766_inf_NL_Ep3","set4_10_15769_766_inf_NL_Ep",4,0.0578567291764025,7
"set4_10_15771_766_IBC_Ep3","set4_10_15771_766_IBC_Ep",4,0.0666554156745539,7
"set4_10_15773_766_AM_Ep3","set4_10_15773_766_AM_Ep",6,0.140394475036207,7
"set4_10_15775_766_EN_Ep3","set4_10_15775_766_EN_Ep",3,0.105401782650353,7
"set4_10_15777_767_IBC_Ep3","set4_10_15777_767_IBC_Ep",2,0.0860909953063029,7
"set4_10_15779_767_DCIS_Ep3","set4_10_15779_767_DCIS_Ep",2,0.0771212685540633,7
"set4_10_15781_767_AM_2_Ep3","set4_10_15781_767_AM_2_Ep",6,0.141377429504101,7
"set4_10_15783_767_ADH_Ep3","set4_10_15783_767_ADH_Ep",7,0.0442229428419414,7
"set4_10_15787_767_NL_Ep3","set4_10_15787_767_NL_Ep",3,0.0757059948679921,7
"set4_10_15789_768_IBC_Ep3","set4_10_15789_768_IBC_Ep",4,0.0992573784823366,7
"set4_10_15791_768_NL_Ep3","set4_10_15791_768_NL_Ep",5,0.0600136073482441,7
"set4_10_15795_768_EN_2_Ep3","set4_10_15795_768_EN_2_Ep",6,0.065446745035044,7
"set4_10_15797_768_EN_3_Ep3","set4_10_15797_768_EN_3_Ep",7,0.0428761458344613,7
"set4_10_15799_769_IBC_Ep3","set4_10_15799_769_IBC_Ep",2,0.0949327792782859,7
"set4_10_15801_769_DCIS_1_Ep3","set4_10_15801_769_DCIS_1_Ep",2,0.0656757167876104,7
"set4_10_15805_769_EN_1_Ep3","set4_10_15805_769_EN_1_Ep",7,0.0703285014312414,7
"set4_10_15809_769_NL_Ep3","set4_10_15809_769_NL_Ep",3,0.100806730885013,7
"set4_10_15811_769_EN_4_Ep3","set4_10_15811_769_EN_4_Ep",7,0.0619510742500392,7
"set4_10_15817_769_AM_Ep3","set4_10_15817_769_AM_Ep",6,0.145087589863001,7
"set4_10_15785_767_AM_1_Ep3","set4_10_15785_767_AM_1_Ep",6,0.147009764052429,7
"set4_10_15793_768_EN_1_Ep3","set4_10_15793_768_EN_1_Ep",5,0.0498899487102658,7
"set4_10_15803_769_DCIS_2_Ep3","set4_10_15803_769_DCIS_2_Ep",4,0.063526999775995,7
"set4_10_15807_769_EN_3_Ep3","set4_10_15807_769_EN_3_Ep",7,0.0776508312963896,7
"set4_10_15815_769_EN_6_Ep3","set4_10_15815_769_EN_6_Ep",7,0.0702024979220992,7
"set4_10_15819_770_DCIS_Ep3","set4_10_15819_770_DCIS_Ep",1,0.120623354737098,7
"set4_10_15821_770_IBC_Ep3","set4_10_15821_770_IBC_Ep",1,0.118604325505484,7
"set4_10_15823_770_EN_1_Ep3","set4_10_15823_770_EN_1_Ep",7,0.0735445112714645,7
"set4_10_15825_770_NL_Ep3","set4_10_15825_770_NL_Ep",5,0.0536253038616307,7
"set4_10_15829_771_EN_4_Ep3","set4_10_15829_771_EN_4_Ep",7,0.0586467420579724,7
"set4_10_15835_771_DCIS_3_Ep3","set4_10_15835_771_DCIS_3_Ep",2,0.0825038737054524,7
"set4_10_15831_771_NL_Ep3","set4_10_15831_771_NL_Ep",5,0.074716383038252,7
"set4_10_15833_771_EN_2_Ep3","set4_10_15833_771_EN_2_Ep",7,0.0632650824021036,7
"set4_10_15839_771_DCIS_1_Ep3","set4_10_15839_771_DCIS_1_Ep",2,0.10673415251465,7
"set4_10_15843_771_IBC_Ep3","set4_10_15843_771_IBC_Ep",2,0.108520719178558,7
"set4_10_15727_761_EN_2_Ep3","set4_10_15727_761_EN_2_Ep",7,0.0612915048446572,7
"set4_10_15743_763_NL_2_Ep3","set4_10_15743_763_NL_2_Ep",3,0.0606448438089363,7
"set4_10_15763_765_EN_2_Ep3","set4_10_15763_765_EN_2_Ep",4,0.0657755561482842,7
"set4_10_15813_769_EN_5_Ep3","set4_10_15813_769_EN_5_Ep",7,0.0773923666378178,7
"set4_10_15827_771_EN_3_Ep3","set4_10_15827_771_EN_3_Ep",7,0.0829044850532143,7
"set4_10_15837_771_EN_1_Ep3","set4_10_15837_771_EN_1_Ep",7,0.0838696163222969,7
"set4_10_15841_771_DCIS_2_Ep3","set4_10_15841_771_DCIS_2_Ep",2,0.0959797476488878,7
"set4_10_15845_772_IBC_Ep3","set4_10_15845_772_IBC_Ep",2,0.0698420429378181,7
"set4_10_15847_772_DCIS_1_Ep3","set4_10_15847_772_DCIS_1_Ep",2,0.065268041430135,7
"set4_10_15849_772_DCIS_2_Ep3","set4_10_15849_772_DCIS_2_Ep",2,0.0646252016183867,7
"set4_10_15851_772_EN_1_Ep3","set4_10_15851_772_EN_1_Ep",2,0.0541750897989338,7
"set4_10_15853_772_EN_2_Ep3","set4_10_15853_772_EN_2_Ep",5,0.0571981354172197,7
"set4_10_15855_772_EN_3_Ep3","set4_10_15855_772_EN_3_Ep",2,0.0490924189003397,7
"set4_10_15857_772_EN_4_Ep3","set4_10_15857_772_EN_4_Ep",3,0.0587135962056897,7
"set4_10_15859_772_NL_Ep3","set4_10_15859_772_NL_Ep",5,0.0665818233834023,7
"set1_3_11770_354_EN_E_S1_R1_0014","set1_3_11770_354_EN_E_S1_R1_001",2,0.0776235844075067,8
"set1_3_11772_354_IDC_E_S3_R1_0014","set1_3_11772_354_IDC_E_S3_R1_001",6,0.0746231406948983,8
"set1_3_11774_354_RS1_E_center_S5_R1_0014","set1_3_11774_354_RS1_E_center_S5_R1_001",2,0.0718474143629496,8
"set1_3_11776_354_RS1_E_peripheral_S7_R1_0014","set1_3_11776_354_RS1_E_peripheral_S7_R1_001",2,0.0717045011595805,8
"set1_3_11778_354_RS2_E_center_S9_R1_0014","set1_3_11778_354_RS2_E_center_S9_R1_001",2,0.0750331154012995,8
"set1_3_11780_354_RS2_E_peripheral_S11_R1_0014","set1_3_11780_354_RS2_E_peripheral_S11_R1_001",2,0.0611983352204678,8
"set1_3_11782_354_NL_E_S13_R1_0014","set1_3_11782_354_NL_E_S13_R1_001",2,0.0598842815699836,8
"set1_3_11784_355_RS1_E_center_S15_R1_0014","set1_3_11784_355_RS1_E_center_S15_R1_001",2,0.0741244164451904,8
"set1_3_11786_355_RS1_E_peripheral_S17_R1_0014","set1_3_11786_355_RS1_E_peripheral_S17_R1_001",2,0.0474200300382584,8
"set1_3_11789_355_RS2_E_center_S20_R1_0014","set1_3_11789_355_RS2_E_center_S20_R1_001",2,0.0677121193792905,8
"set1_3_11791_355_RS2_E_peripheral_S22_R1_0014","set1_3_11791_355_RS2_E_peripheral_S22_R1_001",2,0.0546922824622388,8
"set1_3_11794_355_NL_E_S25_R1_0014","set1_3_11794_355_NL_E_S25_R1_001",2,0.054657172848245,8
"set1_3_11796_355_RS3_E_center_S27_R1_0014","set1_3_11796_355_RS3_E_center_S27_R1_001",2,0.0830571436041153,8
"set1_3_11798_355_RS3_E_peripheral_S29_R1_0014","set1_3_11798_355_RS3_E_peripheral_S29_R1_001",2,0.0748188910466009,8
"set1_3_11800_356_NL_E_S31_R1_0014","set1_3_11800_356_NL_E_S31_R1_001",2,0.0553022207794343,8
"set1_3_11802_356_RS1_E_center_S32_R1_0014","set1_3_11802_356_RS1_E_center_S32_R1_001",2,0.0756425481372211,8
"set1_3_11804_356_RS1_E_peripheral_S34_R1_0014","set1_3_11804_356_RS1_E_peripheral_S34_R1_001",2,0.0718045903410382,8
"set1_3_11806_357_NL_E_S50_R1_0014","set1_3_11806_357_NL_E_S50_R1_001",8,0.0212506172954749,8
"set1_3_11808_357_RS1_E_center_S32_R1_0014","set1_3_11808_357_RS1_E_center_S32_R1_001",2,0.032069440825828,8
"set1_3_11810_357_RS1_E_peripheral_S5_R1_0014","set1_3_11810_357_RS1_E_peripheral_S5_R1_001",6,0.0258981149382974,8
"set1_3_11813_358_NL_E_S36_R1_0014","set1_3_11813_358_NL_E_S36_R1_001",6,0.0661220742310448,8
"set1_3_11815_358_EN_E_S38_R1_0014","set1_3_11815_358_EN_E_S38_R1_001",6,0.0608271939226753,8
"set1_3_11817_358_RS1_E_center_S40_R1_0014","set1_3_11817_358_RS1_E_center_S40_R1_001",2,0.0678562766385401,8
"set1_3_11819_358_RS1_E_peripheral_S42_R1_0014","set1_3_11819_358_RS1_E_peripheral_S42_R1_001",6,0.059104836053358,8
"set1_3_11821_358_IBC_E_S44_R1_0014","set1_3_11821_358_IBC_E_S44_R1_001",3,0.0655139063339106,8
"set1_3_11823_358_RS2_E_center_S46_R1_0014","set1_3_11823_358_RS2_E_center_S46_R1_001",2,0.0471276768991712,8
"set1_3_11825_358_RS2_E_peripheral_S48_R1_0014","set1_3_11825_358_RS2_E_peripheral_S48_R1_001",2,0.0663255765377629,8
"set1_3_11827_359_RS1_E_center_S50_R1_0014","set1_3_11827_359_RS1_E_center_S50_R1_001",2,0.0791898915173815,8
"set1_3_11829_359_RS1_E_peripheral_S52_R1_0014","set1_3_11829_359_RS1_E_peripheral_S52_R1_001",8,0.071085750864253,8
"set1_3_11831_359_NL_E_S54_R1_0014","set1_3_11831_359_NL_E_S54_R1_001",2,0.0518587795148715,8
"set1_3_11833_359_RS2_E_center_S55_R1_0014","set1_3_11833_359_RS2_E_center_S55_R1_001",2,0.0666789949529316,8
"set1_3_11835_359_RS2_E_peripheral_S57_R1_0014","set1_3_11835_359_RS2_E_peripheral_S57_R1_001",2,0.0559679497676027,8
"set1_3_11837_359_IDC_E_S59_R1_0014","set1_3_11837_359_IDC_E_S59_R1_001",6,0.0684804108517574,8
"set1_3_11838_360_RS1_E_center_S4_R1_0014","set1_3_11838_360_RS1_E_center_S4_R1_001",6,0.0418740418281252,8
"set1_3_11840_360_RS1_E_peripheral_S8_R1_0014","set1_3_11840_360_RS1_E_peripheral_S8_R1_001",6,0.0375427881222403,8
"set1_3_11842_360_NL_E_S3_R1_0014","set1_3_11842_360_NL_E_S3_R1_001",8,0.0375556089144497,8
"set1_3_11844_361_RS1_E_center_S34_R1_0014","set1_3_11844_361_RS1_E_center_S34_R1_001",2,0.0247347617997313,8
"set1_3_11846_361_RS1_E_peripheral_S7_R1_0014","set1_3_11846_361_RS1_E_peripheral_S7_R1_001",6,0.0316111410861569,8
"set1_3_11848_361_RS2_E_center_S18_R1_0014","set1_3_11848_361_RS2_E_center_S18_R1_001",2,0.0347149755204871,8
"set1_3_11850_361_RS2_E_peripheral_S10_R1_0014","set1_3_11850_361_RS2_E_peripheral_S10_R1_001",6,0.0257320272875407,8
"set1_3_11852_361_RS4_E_center_S9_R1_0014","set1_3_11852_361_RS4_E_center_S9_R1_001",2,0.0305171892411193,8
"set1_3_11854_361_RS4_E_peripheral_S11_R1_0014","set1_3_11854_361_RS4_E_peripheral_S11_R1_001",6,0.0298298062062015,8
"set1_3_11856_361_RS3_E_center_S21_R1_0014","set1_3_11856_361_RS3_E_center_S21_R1_001",2,0.0313379123001992,8
"set1_3_11858_361_RS3_E_peripheral_S13_R1_0014","set1_3_11858_361_RS3_E_peripheral_S13_R1_001",2,0.0332421821371126,8
"set1_3_11860_361_NL_E_S49_R1_0014","set1_3_11860_361_NL_E_S49_R1_001",8,0.0269246316481432,8
"set1_3_11862_362_RS1_E_center_S55_R1_0014","set1_3_11862_362_RS1_E_center_S55_R1_001",2,0.0277775615284261,8
"set1_3_11864_362_RS1_E_peripheral_S39_R1_0014","set1_3_11864_362_RS1_E_peripheral_S39_R1_001",2,0.0260504444774439,8
"set1_3_11867_363_RS1_E_center_S15_R1_0014","set1_3_11867_363_RS1_E_center_S15_R1_001",2,0.0308115725199641,8
"set1_3_11869_363_RS1_E_peripheral_S14_R1_0014","set1_3_11869_363_RS1_E_peripheral_S14_R1_001",2,0.030574079931279,8
"set1_3_11871_363_NL_E_S47_R1_0014","set1_3_11871_363_NL_E_S47_R1_001",8,0.0256001430924879,8
"set1_3_11873_363_IDC_E_S30_R1_0014","set1_3_11873_363_IDC_E_S30_R1_001",6,0.0262415393499641,8
"set1_3_11874_364_RS1_E_center_S38_R1_0014","set1_3_11874_364_RS1_E_center_S38_R1_001",2,0.0246953477202303,8
"set1_3_11876_364_RS1_E_peripheral_S16_R1_0014","set1_3_11876_364_RS1_E_peripheral_S16_R1_001",6,0.0242225484015235,8
"set1_3_11878_364_NL_E_S19_R1_0014","set1_3_11878_364_NL_E_S19_R1_001",8,0.0285295864221247,8
"set1_3_11880_364_RS2_E_center_S12_R1_0014","set1_3_11880_364_RS2_E_center_S12_R1_001",6,0.0284204428528776,8
"set1_3_11882_364_RS2_E_peripheral_S6_R1_0014","set1_3_11882_364_RS2_E_peripheral_S6_R1_001",2,0.0256722791362851,8
"set1_3_11885_364_NL_E_S22_R1_0014","set1_3_11885_364_NL_E_S22_R1_001",8,0.0293835917407304,8
"set1_3_13813_552_IBC_Ep_14","set1_3_13813_552_IBC_Ep_1",5,0.0575846272560447,8
"set1_3_13815_552_EN_Ep_14","set1_3_13815_552_EN_Ep_1",6,0.0423147412321022,8
"set1_3_13819_552_NL_Ep4","set1_3_13819_552_NL_Ep",8,0.0310086545553684,8
"set1_3_13821_551_IBC_Ep_24","set1_3_13821_551_IBC_Ep_2",1,0.0972886738130568,8
"set1_3_13823_551_AM_Ep4","set1_3_13823_551_AM_Ep",2,0.0708040887282925,8
"set1_3_13825_551_UDH_Ep4","set1_3_13825_551_UDH_Ep",1,0.0828352697908187,8
"set1_3_13826_551_NL_Ep4","set1_3_13826_551_NL_Ep",8,0.0578111173677033,8
"set1_3_13828_551_DCIS_Ep4","set1_3_13828_551_DCIS_Ep",3,0.0979601818777491,8
"set1_3_13830_550_ADH_Ep_14","set1_3_13830_550_ADH_Ep_1",3,0.0574003324872355,8
"set1_3_13832_550_IBC_Ep_14","set1_3_13832_550_IBC_Ep_1",1,0.0612893151720789,8
"set1_3_13834_550_AM_Ep_24","set1_3_13834_550_AM_Ep_2",1,0.0938627110007025,8
"set1_3_13836_550_DCIS_Ep_14","set1_3_13836_550_DCIS_Ep_1",3,0.0561992126243282,8
"set1_3_13838_550_CCC_Ep4","set1_3_13838_550_CCC_Ep",2,0.0296470980567164,8
"set1_3_13840_549_DCIS_Ep4","set1_3_13840_549_DCIS_Ep",5,0.0586158425343209,8
"set1_3_13842_549_IBC_Ep4","set1_3_13842_549_IBC_Ep",5,0.0701329111860002,8
"set1_3_13844_549_IN_Ep4","set1_3_13844_549_IN_Ep",4,0.0269424834934485,8
"set1_3_13846_550_IBC_Ep_24","set1_3_13846_550_IBC_Ep_2",3,0.0542086925698848,8
"set1_3_13848_550_DCIS_Ep_24","set1_3_13848_550_DCIS_Ep_2",3,0.0691352415523722,8
"set1_3_13850_549_IP_Ep4","set1_3_13850_549_IP_Ep",2,0.0495738471163086,8
"set1_3_13852_549_MC_Ep4","set1_3_13852_549_MC_Ep",2,0.0368926917824361,8
"set1_3_13854_549_NL_Ep4","set1_3_13854_549_NL_Ep",8,0.0459694092840396,8
"set1_3_13856_549_AM_Ep4","set1_3_13856_549_AM_Ep",1,0.114638992290391,8
"set1_3_13858_548_DCIS_Ep4","set1_3_13858_548_DCIS_Ep",5,0.0645658407258326,8
"set1_3_13860_548_IBC_Ep4","set1_3_13860_548_IBC_Ep",5,0.0631480392136368,8
"set1_3_13862_547_NL_Ep4","set1_3_13862_547_NL_Ep",8,0.0692382557782207,8
"set1_3_13864_547_CCC_Ep_14","set1_3_13864_547_CCC_Ep_1",6,0.0442089804864226,8
"set1_3_13866_547_CCH_Ep_14","set1_3_13866_547_CCH_Ep_1",6,0.0455411383446303,8
"set1_3_13868_547_IBC_Ep_14","set1_3_13868_547_IBC_Ep_1",5,0.0726949499017445,8
"set1_3_13870_547_DCIS_Ep4","set1_3_13870_547_DCIS_Ep",5,0.0809966562231909,8
"set1_3_13872_547_CCC_Ep_24","set1_3_13872_547_CCC_Ep_2",2,0.0423836358787526,8
"set1_3_13876_547_CCC_Ep_34","set1_3_13876_547_CCC_Ep_3",2,0.0453311745225846,8
"set1_3_13878_547_IBC_Ep_24","set1_3_13878_547_IBC_Ep_2",5,0.0697222091755774,8
"set1_3_13880_547_NL_Ep4","set1_3_13880_547_NL_Ep",8,0.046113692039372,8
"set1_3_13882_546_NL_Ep4","set1_3_13882_546_NL_Ep",8,0.0660679553804736,8
"set1_3_13884_546_ALH_Ep4","set1_3_13884_546_ALH_Ep",6,0.0774403902570256,8
"set1_3_13886_546_IBC_Ep4","set1_3_13886_546_IBC_Ep",4,0.0947910281903356,8
"set1_3_13888_546_LIN_Ep4","set1_3_13888_546_LIN_Ep",8,0.0526821173430176,8
"set1_3_13890_546_CCH_Ep4","set1_3_13890_546_CCH_Ep",6,0.0848916043226575,8
"set1_3_13892_546_HIN_Ep4","set1_3_13892_546_HIN_Ep",8,0.0454348212560724,8
"set1_3_13894_546_MIN_Ep4","set1_3_13894_546_MIN_Ep",8,0.0630665060517716,8
"set1_3_13896_545_CCC_Ep_14","set1_3_13896_545_CCC_Ep_1",1,0.0543075846441505,8
"set1_3_13898_545_ADH_Ep4","set1_3_13898_545_ADH_Ep",6,0.0643037686145363,8
"set1_3_13900_545_UDH_Ep_14","set1_3_13900_545_UDH_Ep_1",2,0.057310127136909,8
"set1_3_13902_545_AM_Ep_14","set1_3_13902_545_AM_Ep_1",1,0.109937441264738,8
"set1_3_13904_545_IBC_Ep4","set1_3_13904_545_IBC_Ep",1,0.0920666081321587,8
"set1_3_13906_545_DCIS_Ep_14","set1_3_13906_545_DCIS_Ep_1",1,0.0986184380567841,8
"set1_3_13908_545_CCC_Ep_24","set1_3_13908_545_CCC_Ep_2",6,0.0541229425764994,8
"set1_3_13910_545_AM_Ep_24","set1_3_13910_545_AM_Ep_2",1,0.145897443668744,8
"set1_3_13912_545_UDH_Ep_24","set1_3_13912_545_UDH_Ep_2",2,0.0340521331225194,8
"set1_3_13914_545_NL_Ep4","set1_3_13914_545_NL_Ep",6,0.0501772399655587,8
"set1_3_13916_545_DCIS_Ep_24","set1_3_13916_545_DCIS_Ep_2",1,0.112281155129435,8
"set1_3_13918_545_LVI_Ep4","set1_3_13918_545_LVI_Ep",1,0.104751176378378,8
"set1_3_13920_544_MC_Ep4","set1_3_13920_544_MC_Ep",8,0.0427869234603478,8
"set1_3_13922_544_NL_Ep4","set1_3_13922_544_NL_Ep",8,0.0295767174314034,8
"set1_3_13924_544_DCIS_Ep_14","set1_3_13924_544_DCIS_Ep_1",3,0.0905249921775283,8
"set1_3_13926_544_DCIS_Ep_24","set1_3_13926_544_DCIS_Ep_2",3,0.0709033848851226,8
"set1_3_13928_544_IBC_Ep4","set1_3_13928_544_IBC_Ep",3,0.111603169903723,8
"set1_3_13930_544_DCIS_Ep_34","set1_3_13930_544_DCIS_Ep_3",3,0.0836616803974011,8
"set1_3_13932_543_CCH_Ep_14","set1_3_13932_543_CCH_Ep_1",6,0.0555660476934457,8
"set1_3_13934_543_CCH_Ep_24","set1_3_13934_543_CCH_Ep_2",6,0.04995212339776,8
"set1_3_13936_568_AM_Ep4","set1_3_13936_568_AM_Ep",1,0.130002326838606,8
"set1_3_13938_568_NL_Ep4","set1_3_13938_568_NL_Ep",8,0.0473950470311359,8
"set1_3_13940_568_IBC_Ep4","set1_3_13940_568_IBC_Ep",3,0.103286987879062,8
"set1_3_13942_568_DCIS_Ep4","set1_3_13942_568_DCIS_Ep",3,0.110132773919462,8
"set1_3_13944_569_CCC_Ep4","set1_3_13944_569_CCC_Ep",7,0.0413410490509322,8
"set1_3_13946_570_CCC_Ep_14","set1_3_13946_570_CCC_Ep_1",6,0.0727925725885318,8
"set1_3_13948_570_IBC_Ep4","set1_3_13948_570_IBC_Ep",6,0.0574120598060956,8
"set1_3_13950_570_DCIS_Ep4","set1_3_13950_570_DCIS_Ep",6,0.0620272338375514,8
"set1_3_13952_570_ADH_Ep_14","set1_3_13952_570_ADH_Ep_1",6,0.0582825858472952,8
"set1_3_13954_570_NL_Ep4","set1_3_13954_570_NL_Ep",8,0.0761778414136821,8
"set1_3_13956_570_CCC_Ep_24","set1_3_13956_570_CCC_Ep_2",6,0.0638223243067349,8
"set1_3_13958_570_CCH_Ep4","set1_3_13958_570_CCH_Ep",6,0.0591352164588387,8
"set1_3_13960_570_ADH_Ep_24","set1_3_13960_570_ADH_Ep_2",6,0.0613452165451989,8
"set1_3_13962_569_IBC_Ep4","set1_3_13962_569_IBC_Ep",5,0.085438130702398,8
"set1_3_13966_567_ADH_Ep4","set1_3_13966_567_ADH_Ep",2,0.0302341941127283,8
"set1_3_13968_567_DCIS_Ep4","set1_3_13968_567_DCIS_Ep",5,0.0609062603848117,8
"set1_3_13970_567_IBC_Ep4","set1_3_13970_567_IBC_Ep",5,0.0864488523644823,8
"set1_3_13972_567_NL_Ep4","set1_3_13972_567_NL_Ep",8,0.0677733277437316,8
"set1_3_13974_569_NL_Ep4","set1_3_13974_569_NL_Ep",6,0.0442008585306771,8
"set1_3_13976_565_EN_Ep4","set1_3_13976_565_EN_Ep",6,0.0541561546324857,8
"set1_3_13978_565_DCIS_Ep4","set1_3_13978_565_DCIS_Ep",4,0.0729203560856938,8
"set1_3_13980_565_NL_Ep4","set1_3_13980_565_NL_Ep",8,0.0598412401210266,8
"set1_3_13982_561_DCIS_Ep4","set1_3_13982_561_DCIS_Ep",5,0.0755614768031433,8
"set1_3_13984_561_IBC_Ep4","set1_3_13984_561_IBC_Ep",5,0.0861209146778386,8
"set1_3_13986_561_NL_Ep4","set1_3_13986_561_NL_Ep",6,0.0677396103598005,8
"set1_3_13987_562_DCIS_Ep_14","set1_3_13987_562_DCIS_Ep_1",5,0.0652435561121912,8
"set1_3_13989_562_NL_Ep_14","set1_3_13989_562_NL_Ep_1",8,0.0566820081269807,8
"set1_3_13991_562_DCIS_Ep_24","set1_3_13991_562_DCIS_Ep_2",5,0.080246807849827,8
"set1_3_13993_562_NL_Ep_24","set1_3_13993_562_NL_Ep_2",2,0.0451627506305864,8
"set1_3_13995_563_NL_Ep4","set1_3_13995_563_NL_Ep",4,0.0351645995024372,8
"set1_3_13999_563_EN_Ep4","set1_3_13999_563_EN_Ep",6,0.0370981747566581,8
"set1_3_14001_553_DCIS_Ep4","set1_3_14001_553_DCIS_Ep",3,0.0811115968330129,8
"set1_3_14003_553_IBC_Ep4","set1_3_14003_553_IBC_Ep",3,0.0700551022277636,8
"set1_3_14005_553_NL_Ep_14","set1_3_14005_553_NL_Ep_1",6,0.0404287488877441,8
"set1_3_14007_553_EN_Ep4","set1_3_14007_553_EN_Ep",7,0.0375935738116654,8
"set1_3_14009_553_AM_Ep4","set1_3_14009_553_AM_Ep",2,0.0302159984668811,8
"set1_3_14011_553_NL_Ep_24","set1_3_14011_553_NL_Ep_2",8,0.0229361833257427,8
"set1_3_14012_560_CCC_Ep4","set1_3_14012_560_CCC_Ep",6,0.0569124611437637,8
"set1_3_14014_560_AM_Ep4","set1_3_14014_560_AM_Ep",1,0.126310487962673,8
"set1_3_14016_560_NL_Ep_14","set1_3_14016_560_NL_Ep_1",6,0.0529313531491479,8
"set1_3_14018_560_NL_Ep_24","set1_3_14018_560_NL_Ep_2",6,0.042884067621416,8
"set1_3_14020_560_IBC_Ep_14","set1_3_14020_560_IBC_Ep_1",5,0.0641111939811364,8
"set1_3_14022_560_SA_Ep4","set1_3_14022_560_SA_Ep",8,0.0372570254921932,8
"set1_3_14024_560_NL_Ep4","set1_3_14024_560_NL_Ep",8,0.0513420523856756,8
"set1_3_14025_560_IBC_Ep_24","set1_3_14025_560_IBC_Ep_2",5,0.0698452004450314,8
"set1_3_14027_572_IP_Ep4","set1_3_14027_572_IP_Ep",2,0.0564985542138187,8
"set1_3_14028_572_UDH_Ep4","set1_3_14028_572_UDH_Ep",1,0.0645672138969115,8
"set1_3_14034_572_IBC_Ep4","set1_3_14034_572_IBC_Ep",5,0.0655213860042059,8
"set1_3_14036_571_NL_Ep4","set1_3_14036_571_NL_Ep",4,0.0321887271277656,8
"set1_3_14038_571_EN_Ep4","set1_3_14038_571_EN_Ep",4,0.111418256220014,8
"set1_3_14040_571_DCISw_Ep4","set1_3_14040_571_DCISw_Ep",4,0.0783209949969891,8
"set1_3_14042_571_DCIS_Ep4","set1_3_14042_571_DCIS_Ep",4,0.086533713717389,8
"set1_3_14044_571_IBC_Ep_14","set1_3_14044_571_IBC_Ep_1",4,0.0829610076021759,8
"set1_3_14046_571_IBC_Ep_24","set1_3_14046_571_IBC_Ep_2",5,0.0575193986405268,8
"set1_3_14048_566_IBC_Ep4","set1_3_14048_566_IBC_Ep",4,0.0759479145193114,8
"set1_3_14050_566_DCIS_Ep4","set1_3_14050_566_DCIS_Ep",4,0.0590813297457124,8
"set1_3_14052_566_UDH_Ep4","set1_3_14052_566_UDH_Ep",6,0.0507026124732397,8
"set1_3_14054_566_CCC_Ep_14","set1_3_14054_566_CCC_Ep_1",6,0.0418639718676488,8
"set1_3_14056_566_CCC_Ep_24","set1_3_14056_566_CCC_Ep_2",6,0.0461671545741203,8
"set1_3_14058_566_AM_Ep4","set1_3_14058_566_AM_Ep",1,0.120980913303845,8
"set1_3_14060_566_NL_Ep4","set1_3_14060_566_NL_Ep",6,0.0359705503619864,8
"set1_3_14062_564_DCIS_Ep4","set1_3_14062_564_DCIS_Ep",5,0.0536571060721381,8
"set1_3_14064_564_HP_Ep4","set1_3_14064_564_HP_Ep",4,0.0441059886477891,8
"set1_3_14066_564_NL_Ep4","set1_3_14066_564_NL_Ep",8,0.0501766195566605,8
"set1_3_14068_564_IBC_Ep4","set1_3_14068_564_IBC_Ep",5,0.0460790732929447,8
"set1_3_14070_559_DCIS_Ep4","set1_3_14070_559_DCIS_Ep",5,0.0730451372359818,8
"set1_3_14072_559_IBC_Ep4","set1_3_14072_559_IBC_Ep",5,0.0951401781235774,8
"set1_3_14074_559_CCH_Ep4","set1_3_14074_559_CCH_Ep",6,0.0443017424934859,8
"set1_3_14076_559_AM_Ep4","set1_3_14076_559_AM_Ep",1,0.12451899952799,8
"set1_3_14080_558_IBC_Ep4","set1_3_14080_558_IBC_Ep",5,0.0500112391478104,8
"set1_3_14082_558_NL_Ep_14","set1_3_14082_558_NL_Ep_1",8,0.0339102870370482,8
"set1_3_14084_558_DCIS_Ep_14","set1_3_14084_558_DCIS_Ep_1",5,0.0553584636204777,8
"set1_3_14086_558_DCIS_Ep_24","set1_3_14086_558_DCIS_Ep_2",5,0.0432593909187545,8
"set1_3_14088_558_IN_Ep4","set1_3_14088_558_IN_Ep",8,0.0350304644824512,8
"set1_3_14092_557_IBC_Ep4","set1_3_14092_557_IBC_Ep",5,0.0780830876827919,8
"set1_3_14094_557_DCIS_Ep4","set1_3_14094_557_DCIS_Ep",5,0.0640650638681465,8
"set1_3_14096_556_IBC_Ep_14","set1_3_14096_556_IBC_Ep_1",3,0.0731707262654642,8
"set1_3_14098_556_ADH_Ep_14","set1_3_14098_556_ADH_Ep_1",6,0.073723346078629,8
"set1_3_14100_556_ADH_Ep_24","set1_3_14100_556_ADH_Ep_2",6,0.0836037361544456,8
"set1_3_14102_556_AM_Ep4","set1_3_14102_556_AM_Ep",1,0.117240022060176,8
"set1_3_14104_556_IBC_Ep_24","set1_3_14104_556_IBC_Ep_2",3,0.0778434396471629,8
"set1_3_14108_556_NL_Ep4","set1_3_14108_556_NL_Ep",8,0.0412507119607308,8
"set1_3_14110_555_IN_Ep4","set1_3_14110_555_IN_Ep",8,0.0555157725967001,8
"set1_3_14112_555_iIBC_Ep4","set1_3_14112_555_iIBC_Ep",4,0.0504341191714733,8
"set1_3_14114_555_IBC_Ep4","set1_3_14114_555_IBC_Ep",5,0.0664419804794556,8
"set1_3_14116_555_CCC_Ep4","set1_3_14116_555_CCC_Ep",6,0.0381363665384285,8
"set1_3_14118_555_NL_Ep4","set1_3_14118_555_NL_Ep",5,0.0266657488968363,8
"set1_3_14120_554_RS_Ep_14","set1_3_14120_554_RS_Ep_1",6,0.039017448561242,8
"set1_3_14124_554_EN_Ep4","set1_3_14124_554_EN_Ep",6,0.0268639009143984,8
"set1_3_14126_554_IBC_Ep4","set1_3_14126_554_IBC_Ep",4,0.0859677029742715,8
"set1_3_14128_554_UDH_Ep4","set1_3_14128_554_UDH_Ep",2,0.0328734111419944,8
"set1_3_14130_554_DCIS_Ep4","set1_3_14130_554_DCIS_Ep",4,0.0648223364081997,8
"set1_3_14134_554_NL_Ep4","set1_3_14134_554_NL_Ep",8,0.0299510101119514,8
"set4_10_14731_656_IBC_Ep4","set4_10_14731_656_IBC_Ep",5,0.0633995412441545,8
"set4_10_14733_656_BBD_Ep4","set4_10_14733_656_BBD_Ep",6,0.0492053310745136,8
"set4_10_14735_656_NL_Ep4","set4_10_14735_656_NL_Ep",2,0.05041188365185,8
"set4_10_14737_657_CCC_Ep4","set4_10_14737_657_CCC_Ep",1,0.06601165913997,8
"set4_10_14739_657_NL_Ep4","set4_10_14739_657_NL_Ep",6,0.058274047691741,8
"set4_10_14741_657_DCIS_Ep4","set4_10_14741_657_DCIS_Ep",3,0.0850589300801843,8
"set4_10_14744_657_IBC_Ep4","set4_10_14744_657_IBC_Ep",3,0.0889678071063009,8
"set4_10_14745_658_DCIS_Ep4","set4_10_14745_658_DCIS_Ep",4,0.0500242719518121,8
"set4_10_14746_658_IBC_Ep4","set4_10_14746_658_IBC_Ep",5,0.0584289836934495,8
"set4_10_14747_658_NL_Ep4","set4_10_14747_658_NL_Ep",8,0.0763715780259772,8
"set4_10_14751_659_DCIS_Ep4","set4_10_14751_659_DCIS_Ep",6,0.0711368291984008,8
"set4_10_14752_659_IBC_Ep4","set4_10_14752_659_IBC_Ep",3,0.0546149604373115,8
"set4_10_14755_659_DCIS_Ep4","set4_10_14755_659_DCIS_Ep",6,0.0659808730414697,8
"set4_10_14757_659_NL_Ep4","set4_10_14757_659_NL_Ep",8,0.0578298159637952,8
"set4_10_14791_663_DCIS_Ep4","set4_10_14791_663_DCIS_Ep",6,0.0619186392904514,8
"set4_10_14793_663_IBC_Ep4","set4_10_14793_663_IBC_Ep",6,0.053574942575763,8
"set4_10_14795_663_NL_Ep4","set4_10_14795_663_NL_Ep",7,0.0573126560010423,8
"set4_10_14759_660_IBC_Ep4","set4_10_14759_660_IBC_Ep",3,0.0706200623313969,8
"set4_10_14761_660_DCIS_Ep4","set4_10_14761_660_DCIS_Ep",3,0.0573209351290333,8
"set4_10_14763_660_NL_Ep4","set4_10_14763_660_NL_Ep",7,0.0572391113973924,8
"set4_10_14765_660_LVI_Ep4","set4_10_14765_660_LVI_Ep",3,0.0768660731212661,8
"set4_10_14767_661_IBC_Ep4","set4_10_14767_661_IBC_Ep",4,0.0706065568752899,8
"set4_10_14769_661_AM_Ep4","set4_10_14769_661_AM_Ep",1,0.129956834228515,8
"set4_10_14771_661_ADH_Ep4","set4_10_14771_661_ADH_Ep",7,0.0897032351075801,8
"set4_10_14773_661_DCIS_Ep4","set4_10_14773_661_DCIS_Ep",6,0.0989482182699138,8
"set4_10_14775_661_ADH_Ep4","set4_10_14775_661_ADH_Ep",7,0.0801578269839034,8
"set4_10_14777_661_NL_Ep4","set4_10_14777_661_NL_Ep",7,0.0964498815180882,8
"set4_10_14779_662_DCIS.1_Ep4","set4_10_14779_662_DCIS.1_Ep",5,0.0889902860636146,8
"set4_10_14781_662_MIV.1_Ep4","set4_10_14781_662_MIV.1_Ep",5,0.0859036744457513,8
"set4_10_14783_662_DCIS.2_Ep4","set4_10_14783_662_DCIS.2_Ep",5,0.0854115060452208,8
"set4_10_14785_662_MIV.2_Ep4","set4_10_14785_662_MIV.2_Ep",5,0.0787915031825233,8
"set4_10_14787_662_DCIS.3_Ep4","set4_10_14787_662_DCIS.3_Ep",5,0.0866866089990635,8
"set4_10_14789_662_IBC_Ep4","set4_10_14789_662_IBC_Ep",5,0.0883161429024306,8
"set4_10_14909_676_DCIS.2_Ep4","set4_10_14909_676_DCIS.2_Ep",1,0.0921643160218606,8
"set4_10_14797_664_AM_Ep4","set4_10_14797_664_AM_Ep",1,0.14404709289723,8
"set4_10_14798_664_BBD_Ep4","set4_10_14798_664_BBD_Ep",2,0.0461923426370775,8
"set4_10_14800_664_IBC_Ep4","set4_10_14800_664_IBC_Ep",4,0.0621653452257323,8
"set4_10_14802_664_ADH_Ep4","set4_10_14802_664_ADH_Ep",2,0.0429498048757562,8
"set4_10_14804_664_NL_Ep4","set4_10_14804_664_NL_Ep",8,0.0908246866752033,8
"set4_10_14805_665_IBC_Ep4","set4_10_14805_665_IBC_Ep",5,0.0500524348914198,8
"set4_10_14807_665_inf_NL_Ep4","set4_10_14807_665_inf_NL_Ep",4,0.0518939531526032,8
"set4_10_14809_665_DCIS_Ep4","set4_10_14809_665_DCIS_Ep",4,0.0619062667062606,8
"set4_10_14810_665_NL_Ep4","set4_10_14810_665_NL_Ep",8,0.0461207741181179,8
"set4_10_14812_666_IBC_Ep4","set4_10_14812_666_IBC_Ep",4,0.0522199297013449,8
"set4_10_14813_666_DCIS_Ep4","set4_10_14813_666_DCIS_Ep",3,0.0346525126922959,8
"set4_10_14816_666_NL_Ep4","set4_10_14816_666_NL_Ep",8,0.0546083412697336,8
"set4_10_14818_666_BBD_Ep4","set4_10_14818_666_BBD_Ep",6,0.0567818563610266,8
"set4_10_14853_671_UDH_Ep4","set4_10_14853_671_UDH_Ep",2,0.0518889956471339,8
"set4_10_14855_671_AM_Ep4","set4_10_14855_671_AM_Ep",1,0.128123825422999,8
"set4_10_14856_671_DCIS_Ep4","set4_10_14856_671_DCIS_Ep",5,0.056173737761017,8
"set4_10_14857_671_IBC_Ep4","set4_10_14857_671_IBC_Ep",5,0.0515745484413147,8
"set4_10_14862_671_CCC_Ep4","set4_10_14862_671_CCC_Ep",6,0.0578180115580206,8
"set4_10_14820_667_IBC_Ep4","set4_10_14820_667_IBC_Ep",5,0.0608522486208461,8
"set4_10_14821_667_DCIS_Ep4","set4_10_14821_667_DCIS_Ep",5,0.0422822461913026,8
"set4_10_14822_667_NL_Ep4","set4_10_14822_667_NL_Ep",2,0.042614334677813,8
"set4_10_14826_668_IBC_Ep4","set4_10_14826_668_IBC_Ep",5,0.0685932267509301,8
"set4_10_14828_668_DCIS_Ep4","set4_10_14828_668_DCIS_Ep",6,0.0721447385352888,8
"set4_10_14829_668_NL_Ep4","set4_10_14829_668_NL_Ep",8,0.0720721726888263,8
"set4_10_14830_668_EN_Ep4","set4_10_14830_668_EN_Ep",1,0.0555268677444337,8
"set4_10_14833_669_IBC_Ep4","set4_10_14833_669_IBC_Ep",5,0.0729874179007402,8
"set4_10_14834_669_NL_Ep4","set4_10_14834_669_NL_Ep",7,0.0479451900744392,8
"set4_10_14837_669_DCIS_Ep4","set4_10_14837_669_DCIS_Ep",7,0.048379798915307,8
"set4_10_14839_670_EN_Ep4","set4_10_14839_670_EN_Ep",6,0.0591337973415682,8
"set4_10_14840_670_DCIS_Ep4","set4_10_14840_670_DCIS_Ep",1,0.101667190669373,8
"set4_10_14843_670_DCIS_Ep4","set4_10_14843_670_DCIS_Ep",1,0.112068373690128,8
"set4_10_14844_670_IBC_Ep4","set4_10_14844_670_IBC_Ep",1,0.116627912994173,8
"set4_10_14847_670_BBD_Ep4","set4_10_14847_670_BBD_Ep",2,0.0457608025314028,8
"set4_10_14848_670_CCC_Ep4","set4_10_14848_670_CCC_Ep",6,0.0497289508444648,8
"set4_10_14849_670_AM_Ep4","set4_10_14849_670_AM_Ep",1,0.079135955439513,8
"set4_10_14864_672_inf_NL_Ep_S1_R1_0014","set4_10_14864_672_inf_NL_Ep_S1_R1_001",8,0.0427382914168845,8
"set4_10_14866_672_IBC_Ep_2_S3_R1_0014","set4_10_14866_672_IBC_Ep_2_S3_R1_001",5,0.0583276129131455,8
"set4_10_14868_672_IBC_Ep_1_S5_R1_0014","set4_10_14868_672_IBC_Ep_1_S5_R1_001",5,0.0612778320883111,8
"set4_10_14869_672_DCIS_Ep_S6_R1_0014","set4_10_14869_672_DCIS_Ep_S6_R1_001",5,0.0509310750137178,8
"set4_10_14870_672_CaLob_Ep_S7_R1_0014","set4_10_14870_672_CaLob_Ep_S7_R1_001",5,0.05484622066651,8
"set4_10_14873_672_NL_Ep_S10_R1_0014","set4_10_14873_672_NL_Ep_S10_R1_001",8,0.0673587088094652,8
"set4_10_14875_672_ADH_Ep_S12_R1_0014","set4_10_14875_672_ADH_Ep_S12_R1_001",2,0.0604281227814368,8
"set4_10_14876_672_CCC_Ep_S13_R1_0014","set4_10_14876_672_CCC_Ep_S13_R1_001",2,0.0462483106027925,8
"set4_10_14878_673_IBC_Ep_S15_R1_0014","set4_10_14878_673_IBC_Ep_S15_R1_001",4,0.0526866451962503,8
"set4_10_14880_673_DCIS_Ep_S17_R1_0014","set4_10_14880_673_DCIS_Ep_S17_R1_001",5,0.0550015069372493,8
"set4_10_14882_673_NL_Ep_S19_R1_0014","set4_10_14882_673_NL_Ep_S19_R1_001",8,0.062462722341853,8
"set4_10_14884_673_AM_Ep_S21_R1_0014","set4_10_14884_673_AM_Ep_S21_R1_001",1,0.127926898831488,8
"set4_10_14886_673_CCC_Ep_S23_R1_0014","set4_10_14886_673_CCC_Ep_S23_R1_001",6,0.0790384296542494,8
"set4_10_14888_673_EN_Ep_S25_R1_0014","set4_10_14888_673_EN_Ep_S25_R1_001",2,0.0535573492858165,8
"set4_10_14890_674_DCIS_Ep_S27_R1_0014","set4_10_14890_674_DCIS_Ep_S27_R1_001",1,0.0945182288180233,8
"set4_10_14892_674_IBC_Ep_S29_R1_0014","set4_10_14892_674_IBC_Ep_S29_R1_001",3,0.076138803084446,8
"set4_10_14894_674_BBD_Ep_S31_R1_0014","set4_10_14894_674_BBD_Ep_S31_R1_001",2,0.0545559507430184,8
"set4_10_14899_675_EN1_Ep_S33_R1_0014","set4_10_14899_675_EN1_Ep_S33_R1_001",7,0.0382117715740817,8
"set4_10_14901_675_EN2_Ep4","set4_10_14901_675_EN2_Ep",7,0.0421206115512369,8
"set4_10_14904_675_EN3_Ep4","set4_10_14904_675_EN3_Ep",7,0.0574181716916298,8
"set4_10_14905_675_NL_Ep4","set4_10_14905_675_NL_Ep",8,0.059413021594802,8
"set4_10_14907_675_IBC_Ep4","set4_10_14907_675_IBC_Ep",5,0.0794246840484763,8
"set4_10_14908_675_CCC_Ep4","set4_10_14908_675_CCC_Ep",7,0.10073469463445,8
"set4_10_14922_677_IBC_Ep4","set4_10_14922_677_IBC_Ep",3,0.10746342420515,8
"set4_10_14924_677_DCIS_Ep4","set4_10_14924_677_DCIS_Ep",3,0.109750854543605,8
"set4_10_14926_677_NL_Ep4","set4_10_14926_677_NL_Ep",8,0.087762323161145,8
"set4_10_14928_677_LVI_Ep4","set4_10_14928_677_LVI_Ep",3,0.104321642157712,8
"set4_10_14930_678_IBC_Ep4","set4_10_14930_678_IBC_Ep",5,0.0609260540804318,8
"set4_10_14932_678_PLC_Ep4","set4_10_14932_678_PLC_Ep",8,0.0694627034647125,8
"set4_10_14934_678_EN_Ep4","set4_10_14934_678_EN_Ep",6,0.0594886545882948,8
"set4_10_14936_678_NL_Ep4","set4_10_14936_678_NL_Ep",8,0.0598018953583778,8
"set4_10_14938_679_IBC_Ep4","set4_10_14938_679_IBC_Ep",5,0.0887390375191081,8
"set4_10_14940_679_DCIS_Ep4","set4_10_14940_679_DCIS_Ep",5,0.0816886499424602,8
"set4_10_14942_679_NL_Ep4","set4_10_14942_679_NL_Ep",8,0.0680502454891567,8
"set4_10_14954_680_DCIS_2_Ep4","set4_10_14954_680_DCIS_2_Ep",6,0.0812088629491792,8
"set4_10_14956_680_ADH_2_Ep4","set4_10_14956_680_ADH_2_Ep",6,0.0906486162146919,8
"set4_10_14944_680_ADH_1_Ep4","set4_10_14944_680_ADH_1_Ep",6,0.0879636018516284,8
"set4_10_14946_680_UDH_Ep4","set4_10_14946_680_UDH_Ep",6,0.0521143529585071,8
"set4_10_14948_680_NL_Ep4","set4_10_14948_680_NL_Ep",2,0.0477105426978854,8
"set4_10_14950_680_DCIS_1_Ep4","set4_10_14950_680_DCIS_1_Ep",6,0.0776102558656645,8
"set4_10_14952_680_IBC_Ep4","set4_10_14952_680_IBC_Ep",3,0.0745368960797313,8
"set4_10_14958_680_LG_DCIS_Ep4","set4_10_14958_680_LG_DCIS_Ep",3,0.066516513626195,8
"set4_10_14960_680_AM_Ep4","set4_10_14960_680_AM_Ep",1,0.129997131190766,8
"set4_10_14962_680_atip_AM_Ep4","set4_10_14962_680_atip_AM_Ep",6,0.0877167262034319,8
"set4_10_14963_680_ADH_AM_Ep4","set4_10_14963_680_ADH_AM_Ep",6,0.0930798067585612,8
"set4_10_14966_681_DCIS_Ep4","set4_10_14966_681_DCIS_Ep",4,0.0410925814440525,8
"set4_10_14968_681_AM_Ep4","set4_10_14968_681_AM_Ep",1,0.139748877777983,8
"set4_10_14970_681_EN_Ep4","set4_10_14970_681_EN_Ep",2,0.0588100944097888,8
"set4_10_14972_681_ADH_1_Ep4","set4_10_14972_681_ADH_1_Ep",2,0.053339116482343,8
"set4_10_14974_681_IBC_Ep4","set4_10_14974_681_IBC_Ep",5,0.0597678110266245,8
"set4_10_14976_681_NL_Ep4","set4_10_14976_681_NL_Ep",8,0.0642605644390792,8
"set4_10_14978_682_NL_Ep4","set4_10_14978_682_NL_Ep",8,0.0575023984854767,8
"set4_10_14980_682_EN_Ep4","set4_10_14980_682_EN_Ep",8,0.0805451126623278,8
"set4_10_14982_682_IBC_Ep4","set4_10_14982_682_IBC_Ep",5,0.0810684950405586,8
"set4_10_14984_682_Inf_NL_Ep4","set4_10_14984_682_Inf_NL_Ep",8,0.0832579920703364,8
"set4_10_14987_683_DCIS_Ep4","set4_10_14987_683_DCIS_Ep",6,0.0636541357986563,8
"set4_10_14990_684_ADH_DCIS_Ep4","set4_10_14990_684_ADH_DCIS_Ep",4,0.0451864250699975,8
"set4_10_14992_684_DCIS_Ep4","set4_10_14992_684_DCIS_Ep",4,0.057867295649323,8
"set4_10_14994_684_NL_Ep4","set4_10_14994_684_NL_Ep",8,0.073133346578966,8
"set4_10_14996_684_IBC_Ep4","set4_10_14996_684_IBC_Ep",4,0.0531571083161232,8
"set4_10_14998_685_DCIS_Ep4","set4_10_14998_685_DCIS_Ep",4,0.0423327573180773,8
"set4_10_15000_685_IBC_Ep4","set4_10_15000_685_IBC_Ep",5,0.0682724031498263,8
"set4_10_15002_685_NL_Ep4","set4_10_15002_685_NL_Ep",6,0.0487695661879587,8
"set4_10_15004_685_EN_Ep4","set4_10_15004_685_EN_Ep",8,0.0718699065984511,8
"set4_10_15013_687_DCIS_1_Ep4","set4_10_15013_687_DCIS_1_Ep",3,0.0948494921452399,8
"set4_10_15015_687_DCIS_2_Ep4","set4_10_15015_687_DCIS_2_Ep",3,0.0977611694326507,8
"set4_10_15017_687_UDH_Ep4","set4_10_15017_687_UDH_Ep",2,0.0447341376483259,8
"set4_10_15019_687_EN_Ep4","set4_10_15019_687_EN_Ep",8,0.0556983036811311,8
"set4_10_15021_687_NL_Ep4","set4_10_15021_687_NL_Ep",8,0.0709973904404472,8
"set4_10_15025_688_EN_1_Ep4","set4_10_15025_688_EN_1_Ep",8,0.0501973292540794,8
"set4_10_14911_676_EN_Ep4","set4_10_14911_676_EN_Ep",2,0.0417615141858388,8
"set4_10_14913_676_BBD_2_Ep4","set4_10_14913_676_BBD_2_Ep",7,0.0609345036383329,8
"set4_10_14915_676_IBC_Ep4","set4_10_14915_676_IBC_Ep",1,0.0938576472528261,8
"set4_10_14916_676_DCIS_1_Ep4","set4_10_14916_676_DCIS_1_Ep",1,0.0887017107749265,8
"set4_10_14918_676_BBD_1_Ep4","set4_10_14918_676_BBD_1_Ep",4,0.0457383610088352,8
"set4_10_14920_676_NL_Ep4","set4_10_14920_676_NL_Ep",7,0.0473408497833498,8
"set4_10_15006_686_IBC_Ep4","set4_10_15006_686_IBC_Ep",3,0.0891795207014828,8
"set4_10_15007_686_DCIS_Ep4","set4_10_15007_686_DCIS_Ep",3,0.0624398734453943,8
"set4_10_15009_686_EN_Ep4","set4_10_15009_686_EN_Ep",8,0.0523534032053611,8
"set4_10_15011_686_NL_Ep4","set4_10_15011_686_NL_Ep",8,0.0646990193797905,8
"set4_10_15032_689_IBC_Ep4","set4_10_15032_689_IBC_Ep",4,0.0527107802916507,8
"set4_10_15034_689_DCIS_1_Ep4","set4_10_15034_689_DCIS_1_Ep",4,0.0886882338250757,8
"set4_10_15036_689_NL_Ep4","set4_10_15036_689_NL_Ep",8,0.0639604372420683,8
"set4_10_15038_689_DCIS_2_Ep4","set4_10_15038_689_DCIS_2_Ep",4,0.0535589366806392,8
"set4_10_15040_689_EN_1_Ep4","set4_10_15040_689_EN_1_Ep",2,0.0425213491792146,8
"set4_10_15042_689_EN_2_Ep4","set4_10_15042_689_EN_2_Ep",6,0.0437999730156397,8
"set4_10_15052_690_EN_2_Ep4","set4_10_15052_690_EN_2_Ep",6,0.08229929025923,8
"set4_10_15062_691_EN_2_Ep4","set4_10_15062_691_EN_2_Ep",1,0.067575648934004,8
"set4_10_14964_681_ADH_2_Ep4","set4_10_14964_681_ADH_2_Ep",2,0.0374075664084497,8
"set4_10_15023_688_IBC_Ep4","set4_10_15023_688_IBC_Ep",4,0.0967863037223561,8
"set4_10_15027_688_NL_Ep4","set4_10_15027_688_NL_Ep",8,0.0670256557069301,8
"set4_10_15029_688_EN_4_Ep4","set4_10_15029_688_EN_4_Ep",6,0.0540113995284124,8
"set4_10_15031_688_EN_5_Ep4","set4_10_15031_688_EN_5_Ep",1,0.107254440324127,8
"set4_10_15044_690_NL_Ep4","set4_10_15044_690_NL_Ep",8,0.0569351133507831,8
"set4_10_15046_690_EN_1_Ep4","set4_10_15046_690_EN_1_Ep",6,0.0497319065765974,8
"set4_10_15048_690_IBC_Ep4","set4_10_15048_690_IBC_Ep",5,0.086792872770103,8
"set4_10_15050_690_DCIS_Ep4","set4_10_15050_690_DCIS_Ep",5,0.0417872675409447,8
"set4_10_15054_690_i_DCIS_Ep4","set4_10_15054_690_i_DCIS_Ep",4,0.0660067018069048,8
"set4_10_15056_691_IBC_Ep4","set4_10_15056_691_IBC_Ep",5,0.0812044481632118,8
"set4_10_15058_691_EN_1_Ep4","set4_10_15058_691_EN_1_Ep",2,0.0533118103607896,8
"set4_10_15060_691_DCIS_Ep4","set4_10_15060_691_DCIS_Ep",6,0.0692895848046465,8
"set4_10_15064_692_IBC_Ep4","set4_10_15064_692_IBC_Ep",5,0.0598979594288332,8
"set4_10_15066_692_DCIS_Ep4","set4_10_15066_692_DCIS_Ep",4,0.0450806948988049,8
"set4_10_15068_692_NL_Ep4","set4_10_15068_692_NL_Ep",8,0.0793094798314535,8
"set4_10_15585_744_IBC_Ep4","set4_10_15585_744_IBC_Ep",5,0.0648609913990918,8
"set4_10_15587_744_inF.NL_Ep4","set4_10_15587_744_inF.NL_Ep",8,0.0630630885253758,8
"set4_10_15589_744_DCIS_Ep4","set4_10_15589_744_DCIS_Ep",4,0.0571238931668804,8
"set4_10_15591_745_CCC_Ep4","set4_10_15591_745_CCC_Ep",2,0.0551703156577853,8
"set4_10_15593_745_BBD_Ep4","set4_10_15593_745_BBD_Ep",6,0.0486386271553517,8
"set4_10_15595_745_IP_Ep4","set4_10_15595_745_IP_Ep",6,0.0634920628035307,8
"set4_10_15597_746_IBC_Ep4","set4_10_15597_746_IBC_Ep",5,0.0753697261754816,8
"set4_10_15598_746_DCIS_Ep4","set4_10_15598_746_DCIS_Ep",5,0.0672867470159568,8
"set4_10_15600_746_NL_Ep4","set4_10_15600_746_NL_Ep",6,0.0672202268928141,8
"set4_10_15602_747_IBC_Ep4","set4_10_15602_747_IBC_Ep",5,0.0654885988296307,8
"set4_10_15604_747_NL_Ep4","set4_10_15604_747_NL_Ep",2,0.0443066373548962,8
"set4_10_15606_747_ADH_Ep4","set4_10_15606_747_ADH_Ep",2,0.0497174897002724,8
"set4_10_15608_747_AM_Ep4","set4_10_15608_747_AM_Ep",1,0.13782743615684,8
"set4_10_15610_748_AM_Ep4","set4_10_15610_748_AM_Ep",1,0.141150563746185,8
"set4_10_15612_748_DCIS_Ep4","set4_10_15612_748_DCIS_Ep",1,0.106492048121248,8
"set4_10_15614_748_IBC_Ep4","set4_10_15614_748_IBC_Ep",1,0.0810579558047028,8
"set4_10_15616_749_IBC_Ep4","set4_10_15616_749_IBC_Ep",5,0.0807818220293326,8
"set4_10_15617_749_DCIS_Ep4","set4_10_15617_749_DCIS_Ep",5,0.0913123885781101,8
"set4_10_15618_749_LVI_Ep4","set4_10_15618_749_LVI_Ep",5,0.0868413309705983,8
"set4_10_15622_750_NL_Ep4","set4_10_15622_750_NL_Ep",8,0.0460190561827742,8
"set4_10_15624_750_IBC_Ep4","set4_10_15624_750_IBC_Ep",5,0.091527882734354,8
"set4_10_15626_750_DCIS_Ep4","set4_10_15626_750_DCIS_Ep",5,0.0865151628181476,8
"set4_10_15628_751_NL_Ep4","set4_10_15628_751_NL_Ep",2,0.0483514155728939,8
"set4_10_15630_751_IBC_Ep4","set4_10_15630_751_IBC_Ep",5,0.0591546123792383,8
"set4_10_15632_751_ADH_Ep4","set4_10_15632_751_ADH_Ep",6,0.058124961711098,8
"set4_10_15634_751_CCC_Ep4","set4_10_15634_751_CCC_Ep",6,0.0555228954488172,8
"set4_10_15636_752_IBC_Ep4","set4_10_15636_752_IBC_Ep",5,0.045547468110865,8
"set4_10_15638_752_DCIS_Ep4","set4_10_15638_752_DCIS_Ep",4,0.0391588002420397,8
"set4_10_15639_752_NL_Ep4","set4_10_15639_752_NL_Ep",8,0.0574843695670989,8
"set4_10_15640_752_BBD_Ep4","set4_10_15640_752_BBD_Ep",2,0.0479547001159402,8
"set4_10_15644_753_DCIS_Ep4","set4_10_15644_753_DCIS_Ep",5,0.0756537382976705,8
"set4_10_15646_753_IBC_Ep4","set4_10_15646_753_IBC_Ep",5,0.0742508214969345,8
"set4_10_15647_753_NL_Ep4","set4_10_15647_753_NL_Ep",2,0.0481719604897944,8
"set4_10_15649_754_IBC_Ep4","set4_10_15649_754_IBC_Ep",5,0.0667469963404784,8
"set4_10_15651_754_ADH_Ep4","set4_10_15651_754_ADH_Ep",5,0.0590665363459015,8
"set4_10_15653_754_EN_1_Ep4","set4_10_15653_754_EN_1_Ep",5,0.044296317415759,8
"set4_10_15655_754_DCIS_Ep4","set4_10_15655_754_DCIS_Ep",5,0.0648363993421062,8
"set4_10_15657_754_EN_2_Ep4","set4_10_15657_754_EN_2_Ep",2,0.0552866244575352,8
"set4_10_15659_755_EN_Ep4","set4_10_15659_755_EN_Ep",6,0.0692480458225814,8
"set4_10_15661_755_DCIS_inf_1_Ep4","set4_10_15661_755_DCIS_inf_1_Ep",4,0.107598842199262,8
"set4_10_15663_755_IBC_Ep4","set4_10_15663_755_IBC_Ep",4,0.0701319399456531,8
"set4_10_15665_755_DCIS_inf_2_Ep4","set4_10_15665_755_DCIS_inf_2_Ep",4,0.0605300541245036,8
"set4_10_15667_755_NL_Ep4","set4_10_15667_755_NL_Ep",6,0.0550155817677532,8
"set4_10_15669_756_NL_Ep4","set4_10_15669_756_NL_Ep",8,0.0724144499490222,8
"set4_10_15671_756_EN_1_Ep4","set4_10_15671_756_EN_1_Ep",7,0.104911361699953,8
"set4_10_15673_756_IBC_Ep4","set4_10_15673_756_IBC_Ep",4,0.0752693916419168,8
"set4_10_15675_756_UDH_1_Ep4","set4_10_15675_756_UDH_1_Ep",2,0.0607667126827567,8
"set4_10_15677_756_EN_2_Ep4","set4_10_15677_756_EN_2_Ep",7,0.110224272551446,8
"set4_10_15679_756_UDH_2_Ep4","set4_10_15679_756_UDH_2_Ep",7,0.1384953035313,8
"set4_10_15681_757_DCIS_Ep4","set4_10_15681_757_DCIS_Ep",5,0.0762375497996021,8
"set4_10_15683_757_IBC_Ep4","set4_10_15683_757_IBC_Ep",5,0.0737542221873416,8
"set4_10_15685_757_NL_Ep4","set4_10_15685_757_NL_Ep",8,0.0473056568968956,8
"set4_10_15687_757_UDH_Ep4","set4_10_15687_757_UDH_Ep",6,0.0502285227587154,8
"set4_10_15689_757_CCC_Ep4","set4_10_15689_757_CCC_Ep",6,0.0762410425862303,8
"set4_10_15691_757_EN_Ep4","set4_10_15691_757_EN_Ep",6,0.0483645960067504,8
"set4_10_15693_758_DCIS_1_Ep4","set4_10_15693_758_DCIS_1_Ep",5,0.0787238996477332,8
"set4_10_15695_758_IBC_1_Ep4","set4_10_15695_758_IBC_1_Ep",5,0.0807454426541257,8
"set4_10_15697_758_NL_Ep4","set4_10_15697_758_NL_Ep",8,0.0569198951396065,8
"set4_10_15703_758_EN_Ep4","set4_10_15703_758_EN_Ep",7,0.0560237366205118,8
"set4_10_15709_760_UDH_Ep4","set4_10_15709_760_UDH_Ep",2,0.048704896558072,8
"set4_10_15713_760_IBC_Ep4","set4_10_15713_760_IBC_Ep",3,0.0890023912811696,8
"set4_10_15715_760_EN_1_Ep4","set4_10_15715_760_EN_1_Ep",8,0.0408209347204612,8
"set4_10_15717_760_NL_Ep4","set4_10_15717_760_NL_Ep",6,0.0454770734987087,8
"set4_10_15733_762_DCIS_2_Ep4","set4_10_15733_762_DCIS_2_Ep",5,0.0862467684947678,8
"set4_10_15699_758_DCIS_2_Ep4","set4_10_15699_758_DCIS_2_Ep",5,0.0686225963268861,8
"set4_10_15701_758_IBC_2_Ep4","set4_10_15701_758_IBC_2_Ep",5,0.0638335878757642,8
"set4_10_15705_759_DCIS_Ep4","set4_10_15705_759_DCIS_Ep",3,0.0748975277762798,8
"set4_10_15707_759_IBC_Ep4","set4_10_15707_759_IBC_Ep",3,0.0837646741157117,8
"set4_10_15711_760_EN_2_Ep4","set4_10_15711_760_EN_2_Ep",2,0.0628958358634158,8
"set4_10_15719_761_IBC_Ep4","set4_10_15719_761_IBC_Ep",5,0.0677548536124433,8
"set4_10_15721_761_DCIS_Ep4","set4_10_15721_761_DCIS_Ep",5,0.0677569553957311,8
"set4_10_15723_761_EN_1_Ep4","set4_10_15723_761_EN_1_Ep",2,0.0524081301583224,8
"set4_10_15725_761_ADH_Ep4","set4_10_15725_761_ADH_Ep",6,0.052108587294194,8
"set4_10_15729_762_IBC_Ep4","set4_10_15729_762_IBC_Ep",5,0.0807707131258967,8
"set4_10_15731_762_DCIS_1_Ep4","set4_10_15731_762_DCIS_1_Ep",5,0.0801104537742125,8
"set4_10_15735_763_IBC_Ep4","set4_10_15735_763_IBC_Ep",4,0.082904226929773,8
"set4_10_15737_763_ADH_Ep4","set4_10_15737_763_ADH_Ep",5,0.0457817024498092,8
"set4_10_15739_763_NL_1_Ep4","set4_10_15739_763_NL_1_Ep",8,0.0685511736199046,8
"set4_10_15741_763_EN_Ep4","set4_10_15741_763_EN_Ep",8,0.073651803338611,8
"set4_10_15745_764_IBC_Ep4","set4_10_15745_764_IBC_Ep",4,0.0722235199921099,8
"set4_10_15747_764_DCIS_1_Ep4","set4_10_15747_764_DCIS_1_Ep",4,0.052708359675901,8
"set4_10_15749_764_LVI_Ep4","set4_10_15749_764_LVI_Ep",5,0.050744822826895,8
"set4_10_15751_764_DCIS_2_Ep4","set4_10_15751_764_DCIS_2_Ep",5,0.0587553802759517,8
"set4_10_15753_764_EN_Ep4","set4_10_15753_764_EN_Ep",7,0.0942936279835004,8
"set4_10_15755_764_NL_Ep4","set4_10_15755_764_NL_Ep",6,0.0546094339421357,8
"set4_10_15757_765_IBC_Ep4","set4_10_15757_765_IBC_Ep",1,0.0846052990015606,8
"set4_10_15759_765_DCIS_Ep4","set4_10_15759_765_DCIS_Ep",1,0.102830018224784,8
"set4_10_15761_765_EN_1_Ep4","set4_10_15761_765_EN_1_Ep",6,0.0490185541609851,8
"set4_10_15765_765_NL_Ep4","set4_10_15765_765_NL_Ep",8,0.0529329509470597,8
"set4_10_15767_766_NL_Ep4","set4_10_15767_766_NL_Ep",8,0.0577462144667414,8
"set4_10_15769_766_inf_NL_Ep4","set4_10_15769_766_inf_NL_Ep",8,0.0628519827400567,8
"set4_10_15771_766_IBC_Ep4","set4_10_15771_766_IBC_Ep",4,0.0699002027468406,8
"set4_10_15773_766_AM_Ep4","set4_10_15773_766_AM_Ep",1,0.129311148092299,8
"set4_10_15775_766_EN_Ep4","set4_10_15775_766_EN_Ep",7,0.0964130200390764,8
"set4_10_15777_767_IBC_Ep4","set4_10_15777_767_IBC_Ep",5,0.0702971521366508,8
"set4_10_15779_767_DCIS_Ep4","set4_10_15779_767_DCIS_Ep",5,0.0638215434175247,8
"set4_10_15781_767_AM_2_Ep4","set4_10_15781_767_AM_2_Ep",1,0.128410660307567,8
"set4_10_15783_767_ADH_Ep4","set4_10_15783_767_ADH_Ep",2,0.0574388732290827,8
"set4_10_15787_767_NL_Ep4","set4_10_15787_767_NL_Ep",7,0.0733546088770105,8
"set4_10_15789_768_IBC_Ep4","set4_10_15789_768_IBC_Ep",4,0.0930362460026499,8
"set4_10_15791_768_NL_Ep4","set4_10_15791_768_NL_Ep",8,0.0534599440179133,8
"set4_10_15795_768_EN_2_Ep4","set4_10_15795_768_EN_2_Ep",1,0.0615006552414622,8
"set4_10_15797_768_EN_3_Ep4","set4_10_15797_768_EN_3_Ep",2,0.0361010929902007,8
"set4_10_15799_769_IBC_Ep4","set4_10_15799_769_IBC_Ep",5,0.0761978858571011,8
"set4_10_15801_769_DCIS_1_Ep4","set4_10_15801_769_DCIS_1_Ep",5,0.0515201951571747,8
"set4_10_15805_769_EN_1_Ep4","set4_10_15805_769_EN_1_Ep",6,0.0624408621888674,8
"set4_10_15809_769_NL_Ep4","set4_10_15809_769_NL_Ep",7,0.0787430236669368,8
"set4_10_15811_769_EN_4_Ep4","set4_10_15811_769_EN_4_Ep",2,0.0520273653570253,8
"set4_10_15817_769_AM_Ep4","set4_10_15817_769_AM_Ep",1,0.133298380306454,8
"set4_10_15785_767_AM_1_Ep4","set4_10_15785_767_AM_1_Ep",1,0.134869347313716,8
"set4_10_15793_768_EN_1_Ep4","set4_10_15793_768_EN_1_Ep",2,0.0739119198084401,8
"set4_10_15803_769_DCIS_2_Ep4","set4_10_15803_769_DCIS_2_Ep",4,0.0693286613862642,8
"set4_10_15807_769_EN_3_Ep4","set4_10_15807_769_EN_3_Ep",6,0.0752960263617284,8
"set4_10_15815_769_EN_6_Ep4","set4_10_15815_769_EN_6_Ep",6,0.0568565565701003,8
"set4_10_15819_770_DCIS_Ep4","set4_10_15819_770_DCIS_Ep",3,0.113700880591748,8
"set4_10_15821_770_IBC_Ep4","set4_10_15821_770_IBC_Ep",3,0.112818772211508,8
"set4_10_15823_770_EN_1_Ep4","set4_10_15823_770_EN_1_Ep",6,0.0595909500814329,8
"set4_10_15825_770_NL_Ep4","set4_10_15825_770_NL_Ep",8,0.0624049606514353,8
"set4_10_15829_771_EN_4_Ep4","set4_10_15829_771_EN_4_Ep",2,0.048211144469019,8
"set4_10_15835_771_DCIS_3_Ep4","set4_10_15835_771_DCIS_3_Ep",5,0.0768722182042983,8
"set4_10_15831_771_NL_Ep4","set4_10_15831_771_NL_Ep",8,0.0836526469082196,8
"set4_10_15833_771_EN_2_Ep4","set4_10_15833_771_EN_2_Ep",6,0.0652628088374591,8
"set4_10_15839_771_DCIS_1_Ep4","set4_10_15839_771_DCIS_1_Ep",5,0.0991957874716702,8
"set4_10_15843_771_IBC_Ep4","set4_10_15843_771_IBC_Ep",5,0.102331507013328,8
"set4_10_15727_761_EN_2_Ep4","set4_10_15727_761_EN_2_Ep",6,0.0491829602533974,8
"set4_10_15743_763_NL_2_Ep4","set4_10_15743_763_NL_2_Ep",8,0.0764299246241926,8
"set4_10_15763_765_EN_2_Ep4","set4_10_15763_765_EN_2_Ep",8,0.0553203699749799,8
"set4_10_15813_769_EN_5_Ep4","set4_10_15813_769_EN_5_Ep",6,0.0687677528080875,8
"set4_10_15827_771_EN_3_Ep4","set4_10_15827_771_EN_3_Ep",6,0.0897575714575005,8
"set4_10_15837_771_EN_1_Ep4","set4_10_15837_771_EN_1_Ep",6,0.0832886961621832,8
"set4_10_15841_771_DCIS_2_Ep4","set4_10_15841_771_DCIS_2_Ep",5,0.0896601490599914,8
"set4_10_15845_772_IBC_Ep4","set4_10_15845_772_IBC_Ep",5,0.0667630968758094,8
"set4_10_15847_772_DCIS_1_Ep4","set4_10_15847_772_DCIS_1_Ep",5,0.0630158401992215,8
"set4_10_15849_772_DCIS_2_Ep4","set4_10_15849_772_DCIS_2_Ep",5,0.0605560633878776,8
"set4_10_15851_772_EN_1_Ep4","set4_10_15851_772_EN_1_Ep",5,0.0531358260625805,8
"set4_10_15853_772_EN_2_Ep4","set4_10_15853_772_EN_2_Ep",8,0.0669886378870572,8
"set4_10_15855_772_EN_3_Ep4","set4_10_15855_772_EN_3_Ep",5,0.049456084683461,8
"set4_10_15857_772_EN_4_Ep4","set4_10_15857_772_EN_4_Ep",7,0.0511542041533645,8
"set4_10_15859_772_NL_Ep4","set4_10_15859_772_NL_Ep",8,0.0771489399555091,8
"set1_3_11770_354_EN_E_S1_R1_0015","set1_3_11770_354_EN_E_S1_R1_001",3,0.0554365935687229,9
"set1_3_11772_354_IDC_E_S3_R1_0015","set1_3_11772_354_IDC_E_S3_R1_001",1,0.0759593137104498,9
"set1_3_11774_354_RS1_E_center_S5_R1_0015","set1_3_11774_354_RS1_E_center_S5_R1_001",3,0.0591812546057486,9
"set1_3_11776_354_RS1_E_peripheral_S7_R1_0015","set1_3_11776_354_RS1_E_peripheral_S7_R1_001",3,0.0584319646445642,9
"set1_3_11778_354_RS2_E_center_S9_R1_0015","set1_3_11778_354_RS2_E_center_S9_R1_001",3,0.057170428251847,9
"set1_3_11780_354_RS2_E_peripheral_S11_R1_0015","set1_3_11780_354_RS2_E_peripheral_S11_R1_001",3,0.0528726610088719,9
"set1_3_11782_354_NL_E_S13_R1_0015","set1_3_11782_354_NL_E_S13_R1_001",5,0.044555130481938,9
"set1_3_11784_355_RS1_E_center_S15_R1_0015","set1_3_11784_355_RS1_E_center_S15_R1_001",3,0.0579437254585512,9
"set1_3_11786_355_RS1_E_peripheral_S17_R1_0015","set1_3_11786_355_RS1_E_peripheral_S17_R1_001",5,0.0690317757483875,9
"set1_3_11789_355_RS2_E_center_S20_R1_0015","set1_3_11789_355_RS2_E_center_S20_R1_001",3,0.0613194325588705,9
"set1_3_11791_355_RS2_E_peripheral_S22_R1_0015","set1_3_11791_355_RS2_E_peripheral_S22_R1_001",5,0.0845904022408097,9
"set1_3_11794_355_NL_E_S25_R1_0015","set1_3_11794_355_NL_E_S25_R1_001",5,0.0748837016337044,9
"set1_3_11796_355_RS3_E_center_S27_R1_0015","set1_3_11796_355_RS3_E_center_S27_R1_001",3,0.0589657060845305,9
"set1_3_11798_355_RS3_E_peripheral_S29_R1_0015","set1_3_11798_355_RS3_E_peripheral_S29_R1_001",5,0.0713922791369847,9
"set1_3_11800_356_NL_E_S31_R1_0015","set1_3_11800_356_NL_E_S31_R1_001",5,0.0461237600305,9
"set1_3_11802_356_RS1_E_center_S32_R1_0015","set1_3_11802_356_RS1_E_center_S32_R1_001",3,0.0676093704596826,9
"set1_3_11804_356_RS1_E_peripheral_S34_R1_0015","set1_3_11804_356_RS1_E_peripheral_S34_R1_001",5,0.0594853431248171,9
"set1_3_11806_357_NL_E_S50_R1_0015","set1_3_11806_357_NL_E_S50_R1_001",5,0.019989088076957,9
"set1_3_11808_357_RS1_E_center_S32_R1_0015","set1_3_11808_357_RS1_E_center_S32_R1_001",3,0.0288128604661106,9
"set1_3_11810_357_RS1_E_peripheral_S5_R1_0015","set1_3_11810_357_RS1_E_peripheral_S5_R1_001",1,0.0201558885734199,9
"set1_3_11813_358_NL_E_S36_R1_0015","set1_3_11813_358_NL_E_S36_R1_001",1,0.0572329290702325,9
"set1_3_11815_358_EN_E_S38_R1_0015","set1_3_11815_358_EN_E_S38_R1_001",1,0.0492595444122613,9
"set1_3_11817_358_RS1_E_center_S40_R1_0015","set1_3_11817_358_RS1_E_center_S40_R1_001",5,0.0488746461916995,9
"set1_3_11819_358_RS1_E_peripheral_S42_R1_0015","set1_3_11819_358_RS1_E_peripheral_S42_R1_001",5,0.0563801617369631,9
"set1_3_11821_358_IBC_E_S44_R1_0015","set1_3_11821_358_IBC_E_S44_R1_001",6,0.0627316128928554,9
"set1_3_11823_358_RS2_E_center_S46_R1_0015","set1_3_11823_358_RS2_E_center_S46_R1_001",8,0.0435973918701866,9
"set1_3_11825_358_RS2_E_peripheral_S48_R1_0015","set1_3_11825_358_RS2_E_peripheral_S48_R1_001",5,0.0597830016931686,9
"set1_3_11827_359_RS1_E_center_S50_R1_0015","set1_3_11827_359_RS1_E_center_S50_R1_001",3,0.0597068832866947,9
"set1_3_11829_359_RS1_E_peripheral_S52_R1_0015","set1_3_11829_359_RS1_E_peripheral_S52_R1_001",8,0.0670635511746838,9
"set1_3_11831_359_NL_E_S54_R1_0015","set1_3_11831_359_NL_E_S54_R1_001",5,0.0516919485876494,9
"set1_3_11833_359_RS2_E_center_S55_R1_0015","set1_3_11833_359_RS2_E_center_S55_R1_001",3,0.0635954393222127,9
"set1_3_11835_359_RS2_E_peripheral_S57_R1_0015","set1_3_11835_359_RS2_E_peripheral_S57_R1_001",5,0.0669393870515487,9
"set1_3_11837_359_IDC_E_S59_R1_0015","set1_3_11837_359_IDC_E_S59_R1_001",1,0.0620275545286388,9
"set1_3_11838_360_RS1_E_center_S4_R1_0015","set1_3_11838_360_RS1_E_center_S4_R1_001",1,0.0412611928070622,9
"set1_3_11840_360_RS1_E_peripheral_S8_R1_0015","set1_3_11840_360_RS1_E_peripheral_S8_R1_001",1,0.0363585667973013,9
"set1_3_11842_360_NL_E_S3_R1_0015","set1_3_11842_360_NL_E_S3_R1_001",8,0.0351305948494124,9
"set1_3_11844_361_RS1_E_center_S34_R1_0015","set1_3_11844_361_RS1_E_center_S34_R1_001",3,0.0197929085711509,9
"set1_3_11846_361_RS1_E_peripheral_S7_R1_0015","set1_3_11846_361_RS1_E_peripheral_S7_R1_001",1,0.0277211536472832,9
"set1_3_11848_361_RS2_E_center_S18_R1_0015","set1_3_11848_361_RS2_E_center_S18_R1_001",3,0.0318622197874866,9
"set1_3_11850_361_RS2_E_peripheral_S10_R1_0015","set1_3_11850_361_RS2_E_peripheral_S10_R1_001",5,0.0225253113186478,9
"set1_3_11852_361_RS4_E_center_S9_R1_0015","set1_3_11852_361_RS4_E_center_S9_R1_001",3,0.0298122504959338,9
"set1_3_11854_361_RS4_E_peripheral_S11_R1_0015","set1_3_11854_361_RS4_E_peripheral_S11_R1_001",1,0.0260377137561022,9
"set1_3_11856_361_RS3_E_center_S21_R1_0015","set1_3_11856_361_RS3_E_center_S21_R1_001",3,0.0316254437792184,9
"set1_3_11858_361_RS3_E_peripheral_S13_R1_0015","set1_3_11858_361_RS3_E_peripheral_S13_R1_001",3,0.0317633401825441,9
"set1_3_11860_361_NL_E_S49_R1_0015","set1_3_11860_361_NL_E_S49_R1_001",8,0.0248141989720316,9
"set1_3_11862_362_RS1_E_center_S55_R1_0015","set1_3_11862_362_RS1_E_center_S55_R1_001",3,0.0300136465603963,9
"set1_3_11864_362_RS1_E_peripheral_S39_R1_0015","set1_3_11864_362_RS1_E_peripheral_S39_R1_001",5,0.0270215647576251,9
"set1_3_11867_363_RS1_E_center_S15_R1_0015","set1_3_11867_363_RS1_E_center_S15_R1_001",3,0.0308976411734495,9
"set1_3_11869_363_RS1_E_peripheral_S14_R1_0015","set1_3_11869_363_RS1_E_peripheral_S14_R1_001",5,0.0258067871918747,9
"set1_3_11871_363_NL_E_S47_R1_0015","set1_3_11871_363_NL_E_S47_R1_001",8,0.0237684590998359,9
"set1_3_11873_363_IDC_E_S30_R1_0015","set1_3_11873_363_IDC_E_S30_R1_001",1,0.0254218766185386,9
"set1_3_11874_364_RS1_E_center_S38_R1_0015","set1_3_11874_364_RS1_E_center_S38_R1_001",3,0.0244629021296863,9
"set1_3_11876_364_RS1_E_peripheral_S16_R1_0015","set1_3_11876_364_RS1_E_peripheral_S16_R1_001",1,0.0230018012639514,9
"set1_3_11878_364_NL_E_S19_R1_0015","set1_3_11878_364_NL_E_S19_R1_001",8,0.0263820498398405,9
"set1_3_11880_364_RS2_E_center_S12_R1_0015","set1_3_11880_364_RS2_E_center_S12_R1_001",1,0.0291651752312602,9
"set1_3_11882_364_RS2_E_peripheral_S6_R1_0015","set1_3_11882_364_RS2_E_peripheral_S6_R1_001",3,0.0244183846279579,9
"set1_3_11885_364_NL_E_S22_R1_0015","set1_3_11885_364_NL_E_S22_R1_001",3,0.0267360116112785,9
"set1_3_13813_552_IBC_Ep_15","set1_3_13813_552_IBC_Ep_1",4,0.0518873425112512,9
"set1_3_13815_552_EN_Ep_15","set1_3_13815_552_EN_Ep_1",5,0.0351249442834594,9
"set1_3_13819_552_NL_Ep5","set1_3_13819_552_NL_Ep",8,0.0284764864134961,9
"set1_3_13821_551_IBC_Ep_25","set1_3_13821_551_IBC_Ep_2",9,0.0938639341973527,9
"set1_3_13823_551_AM_Ep5","set1_3_13823_551_AM_Ep",3,0.0563563758383172,9
"set1_3_13825_551_UDH_Ep5","set1_3_13825_551_UDH_Ep",9,0.0790850920236847,9
"set1_3_13826_551_NL_Ep5","set1_3_13826_551_NL_Ep",8,0.0536053858380358,9
"set1_3_13828_551_DCIS_Ep5","set1_3_13828_551_DCIS_Ep",6,0.0994269072149443,9
"set1_3_13830_550_ADH_Ep_15","set1_3_13830_550_ADH_Ep_1",6,0.0598758106944143,9
"set1_3_13832_550_IBC_Ep_15","set1_3_13832_550_IBC_Ep_1",9,0.0588456133555938,9
"set1_3_13834_550_AM_Ep_25","set1_3_13834_550_AM_Ep_2",9,0.0912867623749747,9
"set1_3_13836_550_DCIS_Ep_15","set1_3_13836_550_DCIS_Ep_1",6,0.0572515569536403,9
"set1_3_13838_550_CCC_Ep5","set1_3_13838_550_CCC_Ep",5,0.0298327994322086,9
"set1_3_13840_549_DCIS_Ep5","set1_3_13840_549_DCIS_Ep",4,0.0533745575725329,9
"set1_3_13842_549_IBC_Ep5","set1_3_13842_549_IBC_Ep",4,0.0643550552225012,9
"set1_3_13844_549_IN_Ep5","set1_3_13844_549_IN_Ep",3,0.0255503822923575,9
"set1_3_13846_550_IBC_Ep_25","set1_3_13846_550_IBC_Ep_2",6,0.0548881739340844,9
"set1_3_13848_550_DCIS_Ep_25","set1_3_13848_550_DCIS_Ep_2",6,0.0693238451319891,9
"set1_3_13850_549_IP_Ep5","set1_3_13850_549_IP_Ep",3,0.05081255361448,9
"set1_3_13852_549_MC_Ep5","set1_3_13852_549_MC_Ep",3,0.0365322160405979,9
"set1_3_13854_549_NL_Ep5","set1_3_13854_549_NL_Ep",8,0.0443013419920788,9
"set1_3_13856_549_AM_Ep5","set1_3_13856_549_AM_Ep",9,0.111228620006084,9
"set1_3_13858_548_DCIS_Ep5","set1_3_13858_548_DCIS_Ep",4,0.0571721320668611,9
"set1_3_13860_548_IBC_Ep5","set1_3_13860_548_IBC_Ep",4,0.0533361024728434,9
"set1_3_13862_547_NL_Ep5","set1_3_13862_547_NL_Ep",8,0.0648296871491175,9
"set1_3_13864_547_CCC_Ep_15","set1_3_13864_547_CCC_Ep_1",8,0.0334371613496113,9
"set1_3_13866_547_CCH_Ep_15","set1_3_13866_547_CCH_Ep_1",5,0.0405098439243253,9
"set1_3_13868_547_IBC_Ep_15","set1_3_13868_547_IBC_Ep_1",4,0.0681278524418138,9
"set1_3_13870_547_DCIS_Ep5","set1_3_13870_547_DCIS_Ep",4,0.0742834034665409,9
"set1_3_13872_547_CCC_Ep_25","set1_3_13872_547_CCC_Ep_2",8,0.037128437669375,9
"set1_3_13876_547_CCC_Ep_35","set1_3_13876_547_CCC_Ep_3",3,0.0346347138201118,9
"set1_3_13878_547_IBC_Ep_25","set1_3_13878_547_IBC_Ep_2",4,0.0649364937365559,9
"set1_3_13880_547_NL_Ep5","set1_3_13880_547_NL_Ep",8,0.0437590994985315,9
"set1_3_13882_546_NL_Ep5","set1_3_13882_546_NL_Ep",8,0.06149830739073,9
"set1_3_13884_546_ALH_Ep5","set1_3_13884_546_ALH_Ep",1,0.0683219130362021,9
"set1_3_13886_546_IBC_Ep5","set1_3_13886_546_IBC_Ep",2,0.0970289415090817,9
"set1_3_13888_546_LIN_Ep5","set1_3_13888_546_LIN_Ep",8,0.0488180322077253,9
"set1_3_13890_546_CCH_Ep5","set1_3_13890_546_CCH_Ep",1,0.0787537144867399,9
"set1_3_13892_546_HIN_Ep5","set1_3_13892_546_HIN_Ep",8,0.0420236558877298,9
"set1_3_13894_546_MIN_Ep5","set1_3_13894_546_MIN_Ep",8,0.0586692482955828,9
"set1_3_13896_545_CCC_Ep_15","set1_3_13896_545_CCC_Ep_1",9,0.0520257641118938,9
"set1_3_13898_545_ADH_Ep5","set1_3_13898_545_ADH_Ep",1,0.0548774943765023,9
"set1_3_13900_545_UDH_Ep_15","set1_3_13900_545_UDH_Ep_1",9,0.0470950587274417,9
"set1_3_13902_545_AM_Ep_15","set1_3_13902_545_AM_Ep_1",9,0.106768504766044,9
"set1_3_13904_545_IBC_Ep5","set1_3_13904_545_IBC_Ep",9,0.0886965378402094,9
"set1_3_13906_545_DCIS_Ep_15","set1_3_13906_545_DCIS_Ep_1",9,0.095521477657165,9
"set1_3_13908_545_CCC_Ep_25","set1_3_13908_545_CCC_Ep_2",1,0.0429355471630654,9
"set1_3_13910_545_AM_Ep_25","set1_3_13910_545_AM_Ep_2",9,0.141242665613042,9
"set1_3_13912_545_UDH_Ep_25","set1_3_13912_545_UDH_Ep_2",5,0.0410109491566269,9
"set1_3_13914_545_NL_Ep5","set1_3_13914_545_NL_Ep",1,0.0439059351693476,9
"set1_3_13916_545_DCIS_Ep_25","set1_3_13916_545_DCIS_Ep_2",9,0.108809137792426,9
"set1_3_13918_545_LVI_Ep5","set1_3_13918_545_LVI_Ep",9,0.101707345278833,9
"set1_3_13920_544_MC_Ep5","set1_3_13920_544_MC_Ep",8,0.039710511245271,9
"set1_3_13922_544_NL_Ep5","set1_3_13922_544_NL_Ep",8,0.0273607082826423,9
"set1_3_13924_544_DCIS_Ep_15","set1_3_13924_544_DCIS_Ep_1",6,0.0902196603688138,9
"set1_3_13926_544_DCIS_Ep_25","set1_3_13926_544_DCIS_Ep_2",6,0.0710087881140832,9
"set1_3_13928_544_IBC_Ep5","set1_3_13928_544_IBC_Ep",6,0.11062489238928,9
"set1_3_13930_544_DCIS_Ep_35","set1_3_13930_544_DCIS_Ep_3",6,0.084291807935015,9
"set1_3_13932_543_CCH_Ep_15","set1_3_13932_543_CCH_Ep_1",1,0.0389384325614578,9
"set1_3_13934_543_CCH_Ep_25","set1_3_13934_543_CCH_Ep_2",5,0.0442686360206618,9
"set1_3_13936_568_AM_Ep5","set1_3_13936_568_AM_Ep",9,0.127189666816139,9
"set1_3_13938_568_NL_Ep5","set1_3_13938_568_NL_Ep",8,0.0431368351904169,9
"set1_3_13940_568_IBC_Ep5","set1_3_13940_568_IBC_Ep",6,0.101510952089303,9
"set1_3_13942_568_DCIS_Ep5","set1_3_13942_568_DCIS_Ep",6,0.107994944280191,9
"set1_3_13944_569_CCC_Ep5","set1_3_13944_569_CCC_Ep",5,0.0458107365430919,9
"set1_3_13946_570_CCC_Ep_15","set1_3_13946_570_CCC_Ep_1",1,0.0692113200619198,9
"set1_3_13948_570_IBC_Ep5","set1_3_13948_570_IBC_Ep",1,0.0540364071525708,9
"set1_3_13950_570_DCIS_Ep5","set1_3_13950_570_DCIS_Ep",1,0.0560369296296332,9
"set1_3_13952_570_ADH_Ep_15","set1_3_13952_570_ADH_Ep_1",1,0.0503643649711717,9
"set1_3_13954_570_NL_Ep5","set1_3_13954_570_NL_Ep",8,0.0695788636192328,9
"set1_3_13956_570_CCC_Ep_25","set1_3_13956_570_CCC_Ep_2",1,0.0579234598316103,9
"set1_3_13958_570_CCH_Ep5","set1_3_13958_570_CCH_Ep",1,0.052392649899509,9
"set1_3_13960_570_ADH_Ep_25","set1_3_13960_570_ADH_Ep_2",1,0.059667841554812,9
"set1_3_13962_569_IBC_Ep5","set1_3_13962_569_IBC_Ep",4,0.0812717661679152,9
"set1_3_13966_567_ADH_Ep5","set1_3_13966_567_ADH_Ep",5,0.049489087661572,9
"set1_3_13968_567_DCIS_Ep5","set1_3_13968_567_DCIS_Ep",4,0.0543456266407981,9
"set1_3_13970_567_IBC_Ep5","set1_3_13970_567_IBC_Ep",4,0.0817334418479403,9
"set1_3_13972_567_NL_Ep5","set1_3_13972_567_NL_Ep",8,0.0634328874009886,9
"set1_3_13974_569_NL_Ep5","set1_3_13974_569_NL_Ep",1,0.0357803789127701,9
"set1_3_13976_565_EN_Ep5","set1_3_13976_565_EN_Ep",5,0.0448015672792409,9
"set1_3_13978_565_DCIS_Ep5","set1_3_13978_565_DCIS_Ep",2,0.0628138879296511,9
"set1_3_13980_565_NL_Ep5","set1_3_13980_565_NL_Ep",8,0.0556086765167421,9
"set1_3_13982_561_DCIS_Ep5","set1_3_13982_561_DCIS_Ep",4,0.0715104328913129,9
"set1_3_13984_561_IBC_Ep5","set1_3_13984_561_IBC_Ep",4,0.0816314091304826,9
"set1_3_13986_561_NL_Ep5","set1_3_13986_561_NL_Ep",1,0.0641271101553818,9
"set1_3_13987_562_DCIS_Ep_15","set1_3_13987_562_DCIS_Ep_1",4,0.0582890392366846,9
"set1_3_13989_562_NL_Ep_15","set1_3_13989_562_NL_Ep_1",8,0.0530053314888467,9
"set1_3_13991_562_DCIS_Ep_25","set1_3_13991_562_DCIS_Ep_2",4,0.0734112847700537,9
"set1_3_13993_562_NL_Ep_25","set1_3_13993_562_NL_Ep_2",3,0.0427182912412017,9
"set1_3_13995_563_NL_Ep5","set1_3_13995_563_NL_Ep",8,0.0325155448175266,9
"set1_3_13999_563_EN_Ep5","set1_3_13999_563_EN_Ep",5,0.0347773930120365,9
"set1_3_14001_553_DCIS_Ep5","set1_3_14001_553_DCIS_Ep",6,0.0815330661025433,9
"set1_3_14003_553_IBC_Ep5","set1_3_14003_553_IBC_Ep",6,0.0695749490036744,9
"set1_3_14005_553_NL_Ep_15","set1_3_14005_553_NL_Ep_1",1,0.0307207910477437,9
"set1_3_14007_553_EN_Ep5","set1_3_14007_553_EN_Ep",5,0.0425214474371886,9
"set1_3_14009_553_AM_Ep5","set1_3_14009_553_AM_Ep",5,0.0377764917923178,9
"set1_3_14011_553_NL_Ep_25","set1_3_14011_553_NL_Ep_2",8,0.0204684770070473,9
"set1_3_14012_560_CCC_Ep5","set1_3_14012_560_CCC_Ep",5,0.0555926938496422,9
"set1_3_14014_560_AM_Ep5","set1_3_14014_560_AM_Ep",9,0.122770945001245,9
"set1_3_14016_560_NL_Ep_15","set1_3_14016_560_NL_Ep_1",5,0.0416612545219755,9
"set1_3_14018_560_NL_Ep_25","set1_3_14018_560_NL_Ep_2",5,0.0457771742710667,9
"set1_3_14020_560_IBC_Ep_15","set1_3_14020_560_IBC_Ep_1",2,0.073788166050502,9
"set1_3_14022_560_SA_Ep5","set1_3_14022_560_SA_Ep",5,0.0358739577462194,9
"set1_3_14024_560_NL_Ep5","set1_3_14024_560_NL_Ep",8,0.0467992133928837,9
"set1_3_14025_560_IBC_Ep_25","set1_3_14025_560_IBC_Ep_2",4,0.0649666213369172,9
"set1_3_14027_572_IP_Ep5","set1_3_14027_572_IP_Ep",5,0.0487939553635878,9
"set1_3_14028_572_UDH_Ep5","set1_3_14028_572_UDH_Ep",9,0.0608959131335419,9
"set1_3_14034_572_IBC_Ep5","set1_3_14034_572_IBC_Ep",4,0.0594686570890107,9
"set1_3_14036_571_NL_Ep5","set1_3_14036_571_NL_Ep",3,0.0322800189806214,9
"set1_3_14038_571_EN_Ep5","set1_3_14038_571_EN_Ep",2,0.0979565625535441,9
"set1_3_14040_571_DCISw_Ep5","set1_3_14040_571_DCISw_Ep",2,0.0705157815632447,9
"set1_3_14042_571_DCIS_Ep5","set1_3_14042_571_DCIS_Ep",2,0.0740501376145399,9
"set1_3_14044_571_IBC_Ep_15","set1_3_14044_571_IBC_Ep_1",2,0.0800219528078115,9
"set1_3_14046_571_IBC_Ep_25","set1_3_14046_571_IBC_Ep_2",2,0.0535474688354357,9
"set1_3_14048_566_IBC_Ep5","set1_3_14048_566_IBC_Ep",2,0.0836619695863523,9
"set1_3_14050_566_DCIS_Ep5","set1_3_14050_566_DCIS_Ep",2,0.0593550594086354,9
"set1_3_14052_566_UDH_Ep5","set1_3_14052_566_UDH_Ep",1,0.0515095139490808,9
"set1_3_14054_566_CCC_Ep_15","set1_3_14054_566_CCC_Ep_1",5,0.0431654094974914,9
"set1_3_14056_566_CCC_Ep_25","set1_3_14056_566_CCC_Ep_2",1,0.0315845715959696,9
"set1_3_14058_566_AM_Ep5","set1_3_14058_566_AM_Ep",9,0.11813883796781,9
"set1_3_14060_566_NL_Ep5","set1_3_14060_566_NL_Ep",7,0.0259345475380637,9
"set1_3_14062_564_DCIS_Ep5","set1_3_14062_564_DCIS_Ep",4,0.0497482956004687,9
"set1_3_14064_564_HP_Ep5","set1_3_14064_564_HP_Ep",2,0.0460085681499069,9
"set1_3_14066_564_NL_Ep5","set1_3_14066_564_NL_Ep",8,0.0461597947251985,9
"set1_3_14068_564_IBC_Ep5","set1_3_14068_564_IBC_Ep",4,0.0428121175067779,9
"set1_3_14070_559_DCIS_Ep5","set1_3_14070_559_DCIS_Ep",4,0.0700309486718851,9
"set1_3_14072_559_IBC_Ep5","set1_3_14072_559_IBC_Ep",4,0.0884729930948164,9
"set1_3_14074_559_CCH_Ep5","set1_3_14074_559_CCH_Ep",5,0.055170038439379,9
"set1_3_14076_559_AM_Ep5","set1_3_14076_559_AM_Ep",9,0.121251571849714,9
"set1_3_14080_558_IBC_Ep5","set1_3_14080_558_IBC_Ep",4,0.0448908480229436,9
"set1_3_14082_558_NL_Ep_15","set1_3_14082_558_NL_Ep_1",8,0.0324382045624146,9
"set1_3_14084_558_DCIS_Ep_15","set1_3_14084_558_DCIS_Ep_1",4,0.0499989094869516,9
"set1_3_14086_558_DCIS_Ep_25","set1_3_14086_558_DCIS_Ep_2",3,0.0421378026738547,9
"set1_3_14088_558_IN_Ep5","set1_3_14088_558_IN_Ep",3,0.0317139401178212,9
"set1_3_14092_557_IBC_Ep5","set1_3_14092_557_IBC_Ep",4,0.0714097397010986,9
"set1_3_14094_557_DCIS_Ep5","set1_3_14094_557_DCIS_Ep",4,0.0574983228321482,9
"set1_3_14096_556_IBC_Ep_15","set1_3_14096_556_IBC_Ep_1",6,0.0733876836672032,9
"set1_3_14098_556_ADH_Ep_15","set1_3_14098_556_ADH_Ep_1",1,0.0717256091092858,9
"set1_3_14100_556_ADH_Ep_25","set1_3_14100_556_ADH_Ep_2",1,0.0843623932950639,9
"set1_3_14102_556_AM_Ep5","set1_3_14102_556_AM_Ep",9,0.113706693739264,9
"set1_3_14104_556_IBC_Ep_25","set1_3_14104_556_IBC_Ep_2",6,0.0780888157998497,9
"set1_3_14108_556_NL_Ep5","set1_3_14108_556_NL_Ep",8,0.0397397865227423,9
"set1_3_14110_555_IN_Ep5","set1_3_14110_555_IN_Ep",8,0.0514374271810743,9
"set1_3_14112_555_iIBC_Ep5","set1_3_14112_555_iIBC_Ep",2,0.0490910308557912,9
"set1_3_14114_555_IBC_Ep5","set1_3_14114_555_IBC_Ep",4,0.0615830086059994,9
"set1_3_14116_555_CCC_Ep5","set1_3_14116_555_CCC_Ep",5,0.0457767333056213,9
"set1_3_14118_555_NL_Ep5","set1_3_14118_555_NL_Ep",4,0.0259374550371024,9
"set1_3_14120_554_RS_Ep_15","set1_3_14120_554_RS_Ep_1",1,0.0304090944977027,9
"set1_3_14124_554_EN_Ep5","set1_3_14124_554_EN_Ep",1,0.023641865169675,9
"set1_3_14126_554_IBC_Ep5","set1_3_14126_554_IBC_Ep",2,0.0917625315146322,9
"set1_3_14128_554_UDH_Ep5","set1_3_14128_554_UDH_Ep",5,0.0335579142117589,9
"set1_3_14130_554_DCIS_Ep5","set1_3_14130_554_DCIS_Ep",2,0.0652994884325755,9
"set1_3_14134_554_NL_Ep5","set1_3_14134_554_NL_Ep",8,0.028087007123076,9
"set4_10_14731_656_IBC_Ep5","set4_10_14731_656_IBC_Ep",4,0.058440087093685,9
"set4_10_14733_656_BBD_Ep5","set4_10_14733_656_BBD_Ep",5,0.0707203972651846,9
"set4_10_14735_656_NL_Ep5","set4_10_14735_656_NL_Ep",5,0.0518234020557289,9
"set4_10_14737_657_CCC_Ep5","set4_10_14737_657_CCC_Ep",9,0.0625391930651974,9
"set4_10_14739_657_NL_Ep5","set4_10_14739_657_NL_Ep",1,0.0477696634864645,9
"set4_10_14741_657_DCIS_Ep5","set4_10_14741_657_DCIS_Ep",6,0.0854944857366299,9
"set4_10_14744_657_IBC_Ep5","set4_10_14744_657_IBC_Ep",6,0.0897556522424874,9
"set4_10_14745_658_DCIS_Ep5","set4_10_14745_658_DCIS_Ep",2,0.0419123725656014,9
"set4_10_14746_658_IBC_Ep5","set4_10_14746_658_IBC_Ep",4,0.0529659150322928,9
"set4_10_14747_658_NL_Ep5","set4_10_14747_658_NL_Ep",8,0.070530375486148,9
"set4_10_14751_659_DCIS_Ep5","set4_10_14751_659_DCIS_Ep",1,0.062225407192582,9
"set4_10_14752_659_IBC_Ep5","set4_10_14752_659_IBC_Ep",6,0.052177904240763,9
"set4_10_14755_659_DCIS_Ep5","set4_10_14755_659_DCIS_Ep",1,0.0588842406983397,9
"set4_10_14757_659_NL_Ep5","set4_10_14757_659_NL_Ep",8,0.0542688955227857,9
"set4_10_14791_663_DCIS_Ep5","set4_10_14791_663_DCIS_Ep",6,0.0525676836586257,9
"set4_10_14793_663_IBC_Ep5","set4_10_14793_663_IBC_Ep",6,0.0420757735275815,9
"set4_10_14795_663_NL_Ep5","set4_10_14795_663_NL_Ep",7,0.058546460140171,9
"set4_10_14759_660_IBC_Ep5","set4_10_14759_660_IBC_Ep",6,0.0694528537405023,9
"set4_10_14761_660_DCIS_Ep5","set4_10_14761_660_DCIS_Ep",6,0.0576930460007332,9
"set4_10_14763_660_NL_Ep5","set4_10_14763_660_NL_Ep",7,0.0471219513323183,9
"set4_10_14765_660_LVI_Ep5","set4_10_14765_660_LVI_Ep",6,0.0760199209884917,9
"set4_10_14767_661_IBC_Ep5","set4_10_14767_661_IBC_Ep",2,0.0694831074173251,9
"set4_10_14769_661_AM_Ep5","set4_10_14769_661_AM_Ep",9,0.126373351862982,9
"set4_10_14771_661_ADH_Ep5","set4_10_14771_661_ADH_Ep",7,0.0927408846726149,9
"set4_10_14773_661_DCIS_Ep5","set4_10_14773_661_DCIS_Ep",1,0.0998889451866311,9
"set4_10_14775_661_ADH_Ep5","set4_10_14775_661_ADH_Ep",7,0.0838701760378238,9
"set4_10_14777_661_NL_Ep5","set4_10_14777_661_NL_Ep",7,0.0907591564407627,9
"set4_10_14779_662_DCIS.1_Ep5","set4_10_14779_662_DCIS.1_Ep",4,0.0849264631531607,9
"set4_10_14781_662_MIV.1_Ep5","set4_10_14781_662_MIV.1_Ep",4,0.081446737190787,9
"set4_10_14783_662_DCIS.2_Ep5","set4_10_14783_662_DCIS.2_Ep",4,0.0813549555566553,9
"set4_10_14785_662_MIV.2_Ep5","set4_10_14785_662_MIV.2_Ep",4,0.0741728068419746,9
"set4_10_14787_662_DCIS.3_Ep5","set4_10_14787_662_DCIS.3_Ep",4,0.0825469859281128,9
"set4_10_14789_662_IBC_Ep5","set4_10_14789_662_IBC_Ep",4,0.0838584175358364,9
"set4_10_14909_676_DCIS.2_Ep5","set4_10_14909_676_DCIS.2_Ep",9,0.0884412156723056,9
"set4_10_14797_664_AM_Ep5","set4_10_14797_664_AM_Ep",9,0.139529808964778,9
"set4_10_14798_664_BBD_Ep5","set4_10_14798_664_BBD_Ep",5,0.0558502319937757,9
"set4_10_14800_664_IBC_Ep5","set4_10_14800_664_IBC_Ep",2,0.0595403154688607,9
"set4_10_14802_664_ADH_Ep5","set4_10_14802_664_ADH_Ep",5,0.0478419118756992,9
"set4_10_14804_664_NL_Ep5","set4_10_14804_664_NL_Ep",8,0.084493223204875,9
"set4_10_14805_665_IBC_Ep5","set4_10_14805_665_IBC_Ep",3,0.0445143515400357,9
"set4_10_14807_665_inf_NL_Ep5","set4_10_14807_665_inf_NL_Ep",2,0.0437491149530698,9
"set4_10_14809_665_DCIS_Ep5","set4_10_14809_665_DCIS_Ep",2,0.0569574719098228,9
"set4_10_14810_665_NL_Ep5","set4_10_14810_665_NL_Ep",8,0.0427356624437387,9
"set4_10_14812_666_IBC_Ep5","set4_10_14812_666_IBC_Ep",2,0.0403081260660461,9
"set4_10_14813_666_DCIS_Ep5","set4_10_14813_666_DCIS_Ep",6,0.0351544874720623,9
"set4_10_14816_666_NL_Ep5","set4_10_14816_666_NL_Ep",8,0.051264702643331,9
"set4_10_14818_666_BBD_Ep5","set4_10_14818_666_BBD_Ep",5,0.0425645691697891,9
"set4_10_14853_671_UDH_Ep5","set4_10_14853_671_UDH_Ep",5,0.0491492233618399,9
"set4_10_14855_671_AM_Ep5","set4_10_14855_671_AM_Ep",9,0.124143912118911,9
"set4_10_14856_671_DCIS_Ep5","set4_10_14856_671_DCIS_Ep",4,0.053547434430558,9
"set4_10_14857_671_IBC_Ep5","set4_10_14857_671_IBC_Ep",4,0.0469426540087167,9
"set4_10_14862_671_CCC_Ep5","set4_10_14862_671_CCC_Ep",5,0.0589057594091689,9
"set4_10_14820_667_IBC_Ep5","set4_10_14820_667_IBC_Ep",4,0.0579225945928709,9
"set4_10_14821_667_DCIS_Ep5","set4_10_14821_667_DCIS_Ep",4,0.0400949037253461,9
"set4_10_14822_667_NL_Ep5","set4_10_14822_667_NL_Ep",3,0.0341581866052068,9
"set4_10_14826_668_IBC_Ep5","set4_10_14826_668_IBC_Ep",4,0.0633210591788929,9
"set4_10_14828_668_DCIS_Ep5","set4_10_14828_668_DCIS_Ep",1,0.0677082396309893,9
"set4_10_14829_668_NL_Ep5","set4_10_14829_668_NL_Ep",8,0.0673448584013753,9
"set4_10_14830_668_EN_Ep5","set4_10_14830_668_EN_Ep",9,0.0520533440216396,9
"set4_10_14833_669_IBC_Ep5","set4_10_14833_669_IBC_Ep",4,0.068435891070839,9
"set4_10_14834_669_NL_Ep5","set4_10_14834_669_NL_Ep",7,0.0445855238845907,9
"set4_10_14837_669_DCIS_Ep5","set4_10_14837_669_DCIS_Ep",7,0.0438600155863435,9
"set4_10_14839_670_EN_Ep5","set4_10_14839_670_EN_Ep",1,0.0466106013731356,9
"set4_10_14840_670_DCIS_Ep5","set4_10_14840_670_DCIS_Ep",9,0.0981348707850541,9
"set4_10_14843_670_DCIS_Ep5","set4_10_14843_670_DCIS_Ep",9,0.107984831954505,9
"set4_10_14844_670_IBC_Ep5","set4_10_14844_670_IBC_Ep",9,0.112848212077277,9
"set4_10_14847_670_BBD_Ep5","set4_10_14847_670_BBD_Ep",5,0.0482498907202724,9
"set4_10_14848_670_CCC_Ep5","set4_10_14848_670_CCC_Ep",5,0.0467905331822291,9
"set4_10_14849_670_AM_Ep5","set4_10_14849_670_AM_Ep",9,0.0753676153282147,9
"set4_10_14864_672_inf_NL_Ep_S1_R1_0015","set4_10_14864_672_inf_NL_Ep_S1_R1_001",5,0.0527464189531657,9
"set4_10_14866_672_IBC_Ep_2_S3_R1_0015","set4_10_14866_672_IBC_Ep_2_S3_R1_001",4,0.0542128306982861,9
"set4_10_14868_672_IBC_Ep_1_S5_R1_0015","set4_10_14868_672_IBC_Ep_1_S5_R1_001",4,0.0574298405594647,9
"set4_10_14869_672_DCIS_Ep_S6_R1_0015","set4_10_14869_672_DCIS_Ep_S6_R1_001",4,0.0457099288350416,9
"set4_10_14870_672_CaLob_Ep_S7_R1_0015","set4_10_14870_672_CaLob_Ep_S7_R1_001",4,0.0504540182557975,9
"set4_10_14873_672_NL_Ep_S10_R1_0015","set4_10_14873_672_NL_Ep_S10_R1_001",8,0.0618350281438343,9
"set4_10_14875_672_ADH_Ep_S12_R1_0015","set4_10_14875_672_ADH_Ep_S12_R1_001",5,0.0548255578040917,9
"set4_10_14876_672_CCC_Ep_S13_R1_0015","set4_10_14876_672_CCC_Ep_S13_R1_001",5,0.0505495247110947,9
"set4_10_14878_673_IBC_Ep_S15_R1_0015","set4_10_14878_673_IBC_Ep_S15_R1_001",2,0.0507674427343954,9
"set4_10_14880_673_DCIS_Ep_S17_R1_0015","set4_10_14880_673_DCIS_Ep_S17_R1_001",4,0.0501165060409803,9
"set4_10_14882_673_NL_Ep_S19_R1_0015","set4_10_14882_673_NL_Ep_S19_R1_001",8,0.0567496433090492,9
"set4_10_14884_673_AM_Ep_S21_R1_0015","set4_10_14884_673_AM_Ep_S21_R1_001",9,0.123816521339535,9
"set4_10_14886_673_CCC_Ep_S23_R1_0015","set4_10_14886_673_CCC_Ep_S23_R1_001",1,0.0589619969860347,9
"set4_10_14888_673_EN_Ep_S25_R1_0015","set4_10_14888_673_EN_Ep_S25_R1_001",5,0.0395920027221907,9
"set4_10_14890_674_DCIS_Ep_S27_R1_0015","set4_10_14890_674_DCIS_Ep_S27_R1_001",9,0.0908882538631304,9
"set4_10_14892_674_IBC_Ep_S29_R1_0015","set4_10_14892_674_IBC_Ep_S29_R1_001",6,0.0787967551320584,9
"set4_10_14894_674_BBD_Ep_S31_R1_0015","set4_10_14894_674_BBD_Ep_S31_R1_001",3,0.0540354348237976,9
"set4_10_14899_675_EN1_Ep_S33_R1_0015","set4_10_14899_675_EN1_Ep_S33_R1_001",5,0.0653409007534223,9
"set4_10_14901_675_EN2_Ep5","set4_10_14901_675_EN2_Ep",5,0.0820377931075485,9
"set4_10_14904_675_EN3_Ep5","set4_10_14904_675_EN3_Ep",5,0.0819927737462826,9
"set4_10_14905_675_NL_Ep5","set4_10_14905_675_NL_Ep",8,0.052494440841897,9
"set4_10_14907_675_IBC_Ep5","set4_10_14907_675_IBC_Ep",4,0.0746290439837105,9
"set4_10_14908_675_CCC_Ep5","set4_10_14908_675_CCC_Ep",7,0.0906430566225398,9
"set4_10_14922_677_IBC_Ep5","set4_10_14922_677_IBC_Ep",6,0.106954718023177,9
"set4_10_14924_677_DCIS_Ep5","set4_10_14924_677_DCIS_Ep",6,0.108371511936408,9
"set4_10_14926_677_NL_Ep5","set4_10_14926_677_NL_Ep",8,0.0818142290215862,9
"set4_10_14928_677_LVI_Ep5","set4_10_14928_677_LVI_Ep",6,0.103980030750313,9
"set4_10_14930_678_IBC_Ep5","set4_10_14930_678_IBC_Ep",4,0.0541938906200177,9
"set4_10_14932_678_PLC_Ep5","set4_10_14932_678_PLC_Ep",8,0.0594797927018883,9
"set4_10_14934_678_EN_Ep5","set4_10_14934_678_EN_Ep",1,0.0470174666212475,9
"set4_10_14936_678_NL_Ep5","set4_10_14936_678_NL_Ep",8,0.0555899881259265,9
"set4_10_14938_679_IBC_Ep5","set4_10_14938_679_IBC_Ep",4,0.0841927095505634,9
"set4_10_14940_679_DCIS_Ep5","set4_10_14940_679_DCIS_Ep",4,0.077562219311997,9
"set4_10_14942_679_NL_Ep5","set4_10_14942_679_NL_Ep",8,0.0637269868200796,9
"set4_10_14954_680_DCIS_2_Ep5","set4_10_14954_680_DCIS_2_Ep",1,0.0824989268745831,9
"set4_10_14956_680_ADH_2_Ep5","set4_10_14956_680_ADH_2_Ep",1,0.0872274276735775,9
"set4_10_14944_680_ADH_1_Ep5","set4_10_14944_680_ADH_1_Ep",1,0.0858157149992239,9
"set4_10_14946_680_UDH_Ep5","set4_10_14946_680_UDH_Ep",5,0.0467736800886322,9
"set4_10_14948_680_NL_Ep5","set4_10_14948_680_NL_Ep",5,0.0419062221371058,9
"set4_10_14950_680_DCIS_1_Ep5","set4_10_14950_680_DCIS_1_Ep",1,0.0776692253953043,9
"set4_10_14952_680_IBC_Ep5","set4_10_14952_680_IBC_Ep",6,0.074769628617689,9
"set4_10_14958_680_LG_DCIS_Ep5","set4_10_14958_680_LG_DCIS_Ep",6,0.0650300931951108,9
"set4_10_14960_680_AM_Ep5","set4_10_14960_680_AM_Ep",9,0.125385408742129,9
"set4_10_14962_680_atip_AM_Ep5","set4_10_14962_680_atip_AM_Ep",1,0.0836803333580466,9
"set4_10_14963_680_ADH_AM_Ep5","set4_10_14963_680_ADH_AM_Ep",1,0.0877811049916939,9
"set4_10_14966_681_DCIS_Ep5","set4_10_14966_681_DCIS_Ep",3,0.0582526354023314,9
"set4_10_14968_681_AM_Ep5","set4_10_14968_681_AM_Ep",9,0.135374119697455,9
"set4_10_14970_681_EN_Ep5","set4_10_14970_681_EN_Ep",3,0.0484462610056104,9
"set4_10_14972_681_ADH_1_Ep5","set4_10_14972_681_ADH_1_Ep",3,0.0425451733097411,9
"set4_10_14974_681_IBC_Ep5","set4_10_14974_681_IBC_Ep",4,0.0529840241660098,9
"set4_10_14976_681_NL_Ep5","set4_10_14976_681_NL_Ep",8,0.0594234021428492,9
"set4_10_14978_682_NL_Ep5","set4_10_14978_682_NL_Ep",8,0.0514450488382985,9
"set4_10_14980_682_EN_Ep5","set4_10_14980_682_EN_Ep",8,0.0752772502040772,9
"set4_10_14982_682_IBC_Ep5","set4_10_14982_682_IBC_Ep",4,0.0755272689969276,9
"set4_10_14984_682_Inf_NL_Ep5","set4_10_14984_682_Inf_NL_Ep",8,0.0764034228097383,9
"set4_10_14987_683_DCIS_Ep5","set4_10_14987_683_DCIS_Ep",1,0.0605281658885517,9
"set4_10_14990_684_ADH_DCIS_Ep5","set4_10_14990_684_ADH_DCIS_Ep",3,0.0408213763495342,9
"set4_10_14992_684_DCIS_Ep5","set4_10_14992_684_DCIS_Ep",2,0.0435004540370877,9
"set4_10_14994_684_NL_Ep5","set4_10_14994_684_NL_Ep",8,0.0672465069495527,9
"set4_10_14996_684_IBC_Ep5","set4_10_14996_684_IBC_Ep",3,0.0417599380018864,9
"set4_10_14998_685_DCIS_Ep5","set4_10_14998_685_DCIS_Ep",3,0.0510670858211221,9
"set4_10_15000_685_IBC_Ep5","set4_10_15000_685_IBC_Ep",4,0.0639322918920339,9
"set4_10_15002_685_NL_Ep5","set4_10_15002_685_NL_Ep",5,0.0476908993441015,9
"set4_10_15004_685_EN_Ep5","set4_10_15004_685_EN_Ep",8,0.0659148491168392,9
"set4_10_15013_687_DCIS_1_Ep5","set4_10_15013_687_DCIS_1_Ep",6,0.0917336522178122,9
"set4_10_15015_687_DCIS_2_Ep5","set4_10_15015_687_DCIS_2_Ep",6,0.0937451440129457,9
"set4_10_15017_687_UDH_Ep5","set4_10_15017_687_UDH_Ep",5,0.0404329195498674,9
"set4_10_15019_687_EN_Ep5","set4_10_15019_687_EN_Ep",8,0.0518220316241084,9
"set4_10_15021_687_NL_Ep5","set4_10_15021_687_NL_Ep",8,0.0657666129802449,9
"set4_10_15025_688_EN_1_Ep5","set4_10_15025_688_EN_1_Ep",2,0.0526147525691414,9
"set4_10_14911_676_EN_Ep5","set4_10_14911_676_EN_Ep",5,0.0713834866700306,9
"set4_10_14913_676_BBD_2_Ep5","set4_10_14913_676_BBD_2_Ep",5,0.0582181651034682,9
"set4_10_14915_676_IBC_Ep5","set4_10_14915_676_IBC_Ep",9,0.0905297546540959,9
"set4_10_14916_676_DCIS_1_Ep5","set4_10_14916_676_DCIS_1_Ep",9,0.0850664159299501,9
"set4_10_14918_676_BBD_1_Ep5","set4_10_14918_676_BBD_1_Ep",2,0.0411070803941956,9
"set4_10_14920_676_NL_Ep5","set4_10_14920_676_NL_Ep",5,0.0628543894321765,9
"set4_10_15006_686_IBC_Ep5","set4_10_15006_686_IBC_Ep",6,0.0876676683589876,9
"set4_10_15007_686_DCIS_Ep5","set4_10_15007_686_DCIS_Ep",6,0.0593838077482389,9
"set4_10_15009_686_EN_Ep5","set4_10_15009_686_EN_Ep",8,0.0493468862813846,9
"set4_10_15011_686_NL_Ep5","set4_10_15011_686_NL_Ep",8,0.0608530634425482,9
"set4_10_15032_689_IBC_Ep5","set4_10_15032_689_IBC_Ep",2,0.044537794172757,9
"set4_10_15034_689_DCIS_1_Ep5","set4_10_15034_689_DCIS_1_Ep",2,0.0827054922852214,9
"set4_10_15036_689_NL_Ep5","set4_10_15036_689_NL_Ep",8,0.0592097843366656,9
"set4_10_15038_689_DCIS_2_Ep5","set4_10_15038_689_DCIS_2_Ep",3,0.0501559307900826,9
"set4_10_15040_689_EN_1_Ep5","set4_10_15040_689_EN_1_Ep",5,0.0469052399830041,9
"set4_10_15042_689_EN_2_Ep5","set4_10_15042_689_EN_2_Ep",5,0.0473969893039667,9
"set4_10_15052_690_EN_2_Ep5","set4_10_15052_690_EN_2_Ep",1,0.0702517492233661,9
"set4_10_15062_691_EN_2_Ep5","set4_10_15062_691_EN_2_Ep",9,0.0639404557265133,9
"set4_10_14964_681_ADH_2_Ep5","set4_10_14964_681_ADH_2_Ep",3,0.0584311305659887,9
"set4_10_15023_688_IBC_Ep5","set4_10_15023_688_IBC_Ep",2,0.0931538094551787,9
"set4_10_15027_688_NL_Ep5","set4_10_15027_688_NL_Ep",8,0.0617823229370281,9
"set4_10_15029_688_EN_4_Ep5","set4_10_15029_688_EN_4_Ep",5,0.0740475802123778,9
"set4_10_15031_688_EN_5_Ep5","set4_10_15031_688_EN_5_Ep",9,0.102984641401678,9
"set4_10_15044_690_NL_Ep5","set4_10_15044_690_NL_Ep",8,0.0532050869282224,9
"set4_10_15046_690_EN_1_Ep5","set4_10_15046_690_EN_1_Ep",5,0.0497837619160761,9
"set4_10_15048_690_IBC_Ep5","set4_10_15048_690_IBC_Ep",4,0.0803205383931533,9
"set4_10_15050_690_DCIS_Ep5","set4_10_15050_690_DCIS_Ep",3,0.0456613668842371,9
"set4_10_15054_690_i_DCIS_Ep5","set4_10_15054_690_i_DCIS_Ep",2,0.0567707308368768,9
"set4_10_15056_691_IBC_Ep5","set4_10_15056_691_IBC_Ep",4,0.0757354206631956,9
"set4_10_15058_691_EN_1_Ep5","set4_10_15058_691_EN_1_Ep",5,0.0593882888383946,9
"set4_10_15060_691_DCIS_Ep5","set4_10_15060_691_DCIS_Ep",1,0.0682580655306263,9
"set4_10_15064_692_IBC_Ep5","set4_10_15064_692_IBC_Ep",4,0.0556289592556417,9
"set4_10_15066_692_DCIS_Ep5","set4_10_15066_692_DCIS_Ep",2,0.0448654463151111,9
"set4_10_15068_692_NL_Ep5","set4_10_15068_692_NL_Ep",8,0.074798179555802,9
"set4_10_15585_744_IBC_Ep5","set4_10_15585_744_IBC_Ep",4,0.058462297487256,9
"set4_10_15587_744_inF.NL_Ep5","set4_10_15587_744_inF.NL_Ep",8,0.0585743537963074,9
"set4_10_15589_744_DCIS_Ep5","set4_10_15589_744_DCIS_Ep",2,0.0497603138705234,9
"set4_10_15591_745_CCC_Ep5","set4_10_15591_745_CCC_Ep",5,0.0543600635354952,9
"set4_10_15593_745_BBD_Ep5","set4_10_15593_745_BBD_Ep",5,0.042932323285277,9
"set4_10_15595_745_IP_Ep5","set4_10_15595_745_IP_Ep",1,0.0523513466448839,9
"set4_10_15597_746_IBC_Ep5","set4_10_15597_746_IBC_Ep",4,0.0695512583154932,9
"set4_10_15598_746_DCIS_Ep5","set4_10_15598_746_DCIS_Ep",4,0.0595244807219046,9
"set4_10_15600_746_NL_Ep5","set4_10_15600_746_NL_Ep",1,0.0603282005519996,9
"set4_10_15602_747_IBC_Ep5","set4_10_15602_747_IBC_Ep",4,0.0598439273590512,9
"set4_10_15604_747_NL_Ep5","set4_10_15604_747_NL_Ep",8,0.0359022134273261,9
"set4_10_15606_747_ADH_Ep5","set4_10_15606_747_ADH_Ep",5,0.0476565961101604,9
"set4_10_15608_747_AM_Ep5","set4_10_15608_747_AM_Ep",9,0.133737841339079,9
"set4_10_15610_748_AM_Ep5","set4_10_15610_748_AM_Ep",9,0.136881135570303,9
"set4_10_15612_748_DCIS_Ep5","set4_10_15612_748_DCIS_Ep",9,0.103062131814555,9
"set4_10_15614_748_IBC_Ep5","set4_10_15614_748_IBC_Ep",9,0.0776173349217731,9
"set4_10_15616_749_IBC_Ep5","set4_10_15616_749_IBC_Ep",4,0.0734419156587824,9
"set4_10_15617_749_DCIS_Ep5","set4_10_15617_749_DCIS_Ep",4,0.0827250510862816,9
"set4_10_15618_749_LVI_Ep5","set4_10_15618_749_LVI_Ep",4,0.076529104952409,9
"set4_10_15622_750_NL_Ep5","set4_10_15622_750_NL_Ep",8,0.042829715125165,9
"set4_10_15624_750_IBC_Ep5","set4_10_15624_750_IBC_Ep",4,0.0850159610093697,9
"set4_10_15626_750_DCIS_Ep5","set4_10_15626_750_DCIS_Ep",4,0.0801434556129886,9
"set4_10_15628_751_NL_Ep5","set4_10_15628_751_NL_Ep",5,0.0501448511444169,9
"set4_10_15630_751_IBC_Ep5","set4_10_15630_751_IBC_Ep",4,0.0549865442212977,9
"set4_10_15632_751_ADH_Ep5","set4_10_15632_751_ADH_Ep",5,0.0449487979579331,9
"set4_10_15634_751_CCC_Ep5","set4_10_15634_751_CCC_Ep",1,0.0455376857969082,9
"set4_10_15636_752_IBC_Ep5","set4_10_15636_752_IBC_Ep",2,0.0427086447034405,9
"set4_10_15638_752_DCIS_Ep5","set4_10_15638_752_DCIS_Ep",6,0.0351580219428397,9
"set4_10_15639_752_NL_Ep5","set4_10_15639_752_NL_Ep",8,0.0527878283161911,9
"set4_10_15640_752_BBD_Ep5","set4_10_15640_752_BBD_Ep",3,0.0454426365170623,9
"set4_10_15644_753_DCIS_Ep5","set4_10_15644_753_DCIS_Ep",4,0.071302383990663,9
"set4_10_15646_753_IBC_Ep5","set4_10_15646_753_IBC_Ep",4,0.0698973338282649,9
"set4_10_15647_753_NL_Ep5","set4_10_15647_753_NL_Ep",5,0.0627773079944291,9
"set4_10_15649_754_IBC_Ep5","set4_10_15649_754_IBC_Ep",4,0.0568850552023083,9
"set4_10_15651_754_ADH_Ep5","set4_10_15651_754_ADH_Ep",4,0.0515594109210786,9
"set4_10_15653_754_EN_1_Ep5","set4_10_15653_754_EN_1_Ep",3,0.0409748762117927,9
"set4_10_15655_754_DCIS_Ep5","set4_10_15655_754_DCIS_Ep",4,0.0569608819664951,9
"set4_10_15657_754_EN_2_Ep5","set4_10_15657_754_EN_2_Ep",3,0.0521298106199617,9
"set4_10_15659_755_EN_Ep5","set4_10_15659_755_EN_Ep",1,0.052208330060585,9
"set4_10_15661_755_DCIS_inf_1_Ep5","set4_10_15661_755_DCIS_inf_1_Ep",2,0.109271861986201,9
"set4_10_15663_755_IBC_Ep5","set4_10_15663_755_IBC_Ep",2,0.0749541388065839,9
"set4_10_15665_755_DCIS_inf_2_Ep5","set4_10_15665_755_DCIS_inf_2_Ep",2,0.0589376979414093,9
"set4_10_15667_755_NL_Ep5","set4_10_15667_755_NL_Ep",7,0.0588991466075498,9
"set4_10_15669_756_NL_Ep5","set4_10_15669_756_NL_Ep",8,0.0670434828118283,9
"set4_10_15671_756_EN_1_Ep5","set4_10_15671_756_EN_1_Ep",7,0.102255719981641,9
"set4_10_15673_756_IBC_Ep5","set4_10_15673_756_IBC_Ep",2,0.0696472764968774,9
"set4_10_15675_756_UDH_1_Ep5","set4_10_15675_756_UDH_1_Ep",3,0.0473495364563547,9
"set4_10_15677_756_EN_2_Ep5","set4_10_15677_756_EN_2_Ep",7,0.0919674092565739,9
"set4_10_15679_756_UDH_2_Ep5","set4_10_15679_756_UDH_2_Ep",7,0.124829303640297,9
"set4_10_15681_757_DCIS_Ep5","set4_10_15681_757_DCIS_Ep",4,0.0722894157586151,9
"set4_10_15683_757_IBC_Ep5","set4_10_15683_757_IBC_Ep",4,0.0700191010986028,9
"set4_10_15685_757_NL_Ep5","set4_10_15685_757_NL_Ep",8,0.0428986350841394,9
"set4_10_15687_757_UDH_Ep5","set4_10_15687_757_UDH_Ep",5,0.0447758483678733,9
"set4_10_15689_757_CCC_Ep5","set4_10_15689_757_CCC_Ep",1,0.064274958172171,9
"set4_10_15691_757_EN_Ep5","set4_10_15691_757_EN_Ep",5,0.0413221782292387,9
"set4_10_15693_758_DCIS_1_Ep5","set4_10_15693_758_DCIS_1_Ep",4,0.0740426781029979,9
"set4_10_15695_758_IBC_1_Ep5","set4_10_15695_758_IBC_1_Ep",4,0.076233622711154,9
"set4_10_15697_758_NL_Ep5","set4_10_15697_758_NL_Ep",8,0.0505481403650639,9
"set4_10_15703_758_EN_Ep5","set4_10_15703_758_EN_Ep",7,0.0479694015357935,9
"set4_10_15709_760_UDH_Ep5","set4_10_15709_760_UDH_Ep",5,0.0551166601793361,9
"set4_10_15713_760_IBC_Ep5","set4_10_15713_760_IBC_Ep",6,0.0863863742821154,9
"set4_10_15715_760_EN_1_Ep5","set4_10_15715_760_EN_1_Ep",8,0.0374833232103049,9
"set4_10_15717_760_NL_Ep5","set4_10_15717_760_NL_Ep",8,0.0402912069040384,9
"set4_10_15733_762_DCIS_2_Ep5","set4_10_15733_762_DCIS_2_Ep",4,0.0817887745985509,9
"set4_10_15699_758_DCIS_2_Ep5","set4_10_15699_758_DCIS_2_Ep",4,0.0635422888501213,9
"set4_10_15701_758_IBC_2_Ep5","set4_10_15701_758_IBC_2_Ep",4,0.0589108319091891,9
"set4_10_15705_759_DCIS_Ep5","set4_10_15705_759_DCIS_Ep",6,0.0744390763702931,9
"set4_10_15707_759_IBC_Ep5","set4_10_15707_759_IBC_Ep",6,0.0834823771716151,9
"set4_10_15711_760_EN_2_Ep5","set4_10_15711_760_EN_2_Ep",3,0.0476026987086248,9
"set4_10_15719_761_IBC_Ep5","set4_10_15719_761_IBC_Ep",4,0.062904688009303,9
"set4_10_15721_761_DCIS_Ep5","set4_10_15721_761_DCIS_Ep",4,0.0628576391061257,9
"set4_10_15723_761_EN_1_Ep5","set4_10_15723_761_EN_1_Ep",5,0.0466197895719751,9
"set4_10_15725_761_ADH_Ep5","set4_10_15725_761_ADH_Ep",5,0.0584760233459512,9
"set4_10_15729_762_IBC_Ep5","set4_10_15729_762_IBC_Ep",4,0.0763429156632135,9
"set4_10_15731_762_DCIS_1_Ep5","set4_10_15731_762_DCIS_1_Ep",4,0.0753049682441247,9
"set4_10_15735_763_IBC_Ep5","set4_10_15735_763_IBC_Ep",2,0.085395306768267,9
"set4_10_15737_763_ADH_Ep5","set4_10_15737_763_ADH_Ep",4,0.0426829977249017,9
"set4_10_15739_763_NL_1_Ep5","set4_10_15739_763_NL_1_Ep",8,0.0630344989524294,9
"set4_10_15741_763_EN_Ep5","set4_10_15741_763_EN_Ep",8,0.068697506511927,9
"set4_10_15745_764_IBC_Ep5","set4_10_15745_764_IBC_Ep",2,0.0616266400714397,9
"set4_10_15747_764_DCIS_1_Ep5","set4_10_15747_764_DCIS_1_Ep",4,0.0443508598225368,9
"set4_10_15749_764_LVI_Ep5","set4_10_15749_764_LVI_Ep",4,0.0449304326105502,9
"set4_10_15751_764_DCIS_2_Ep5","set4_10_15751_764_DCIS_2_Ep",4,0.0520724108940198,9
"set4_10_15753_764_EN_Ep5","set4_10_15753_764_EN_Ep",7,0.0854542940220892,9
"set4_10_15755_764_NL_Ep5","set4_10_15755_764_NL_Ep",7,0.0420302368419169,9
"set4_10_15757_765_IBC_Ep5","set4_10_15757_765_IBC_Ep",9,0.0812957271043036,9
"set4_10_15759_765_DCIS_Ep5","set4_10_15759_765_DCIS_Ep",9,0.0991008919616087,9
"set4_10_15761_765_EN_1_Ep5","set4_10_15761_765_EN_1_Ep",1,0.0413333115925226,9
"set4_10_15765_765_NL_Ep5","set4_10_15765_765_NL_Ep",8,0.0507339092730259,9
"set4_10_15767_766_NL_Ep5","set4_10_15767_766_NL_Ep",8,0.052455832107108,9
"set4_10_15769_766_inf_NL_Ep5","set4_10_15769_766_inf_NL_Ep",8,0.0582343540130029,9
"set4_10_15771_766_IBC_Ep5","set4_10_15771_766_IBC_Ep",2,0.0633450609013933,9
"set4_10_15773_766_AM_Ep5","set4_10_15773_766_AM_Ep",9,0.124993138855601,9
"set4_10_15775_766_EN_Ep5","set4_10_15775_766_EN_Ep",7,0.0993689812156467,9
"set4_10_15777_767_IBC_Ep5","set4_10_15777_767_IBC_Ep",4,0.0632986717692423,9
"set4_10_15779_767_DCIS_Ep5","set4_10_15779_767_DCIS_Ep",4,0.0575324837078391,9
"set4_10_15781_767_AM_2_Ep5","set4_10_15781_767_AM_2_Ep",9,0.12465510070414,9
"set4_10_15783_767_ADH_Ep5","set4_10_15783_767_ADH_Ep",3,0.0464000246306228,9
"set4_10_15787_767_NL_Ep5","set4_10_15787_767_NL_Ep",7,0.0652801645770358,9
"set4_10_15789_768_IBC_Ep5","set4_10_15789_768_IBC_Ep",2,0.0976803602258284,9
"set4_10_15791_768_NL_Ep5","set4_10_15791_768_NL_Ep",8,0.0484521031982089,9
"set4_10_15795_768_EN_2_Ep5","set4_10_15795_768_EN_2_Ep",9,0.0578703469548402,9
"set4_10_15797_768_EN_3_Ep5","set4_10_15797_768_EN_3_Ep",5,0.0524342639243787,9
"set4_10_15799_769_IBC_Ep5","set4_10_15799_769_IBC_Ep",4,0.069597347516532,9
"set4_10_15801_769_DCIS_1_Ep5","set4_10_15801_769_DCIS_1_Ep",4,0.0467820633338509,9
"set4_10_15805_769_EN_1_Ep5","set4_10_15805_769_EN_1_Ep",5,0.0471392554871535,9
"set4_10_15809_769_NL_Ep5","set4_10_15809_769_NL_Ep",7,0.0776103794181404,9
"set4_10_15811_769_EN_4_Ep5","set4_10_15811_769_EN_4_Ep",5,0.0510036395263664,9
"set4_10_15817_769_AM_Ep5","set4_10_15817_769_AM_Ep",9,0.12938024863684,9
"set4_10_15785_767_AM_1_Ep5","set4_10_15785_767_AM_1_Ep",9,0.130529586400948,9
"set4_10_15793_768_EN_1_Ep5","set4_10_15793_768_EN_1_Ep",5,0.0543033057302072,9
"set4_10_15803_769_DCIS_2_Ep5","set4_10_15803_769_DCIS_2_Ep",2,0.0580184606070263,9
"set4_10_15807_769_EN_3_Ep5","set4_10_15807_769_EN_3_Ep",7,0.0568291070851176,9
"set4_10_15815_769_EN_6_Ep5","set4_10_15815_769_EN_6_Ep",5,0.0529532998264297,9
"set4_10_15819_770_DCIS_Ep5","set4_10_15819_770_DCIS_Ep",6,0.112405950377355,9
"set4_10_15821_770_IBC_Ep5","set4_10_15821_770_IBC_Ep",6,0.110653049336268,9
"set4_10_15823_770_EN_1_Ep5","set4_10_15823_770_EN_1_Ep",5,0.0576182906604742,9
"set4_10_15825_770_NL_Ep5","set4_10_15825_770_NL_Ep",8,0.059372724584463,9
"set4_10_15829_771_EN_4_Ep5","set4_10_15829_771_EN_4_Ep",5,0.0564884235726532,9
"set4_10_15835_771_DCIS_3_Ep5","set4_10_15835_771_DCIS_3_Ep",4,0.0710793783927112,9
"set4_10_15831_771_NL_Ep5","set4_10_15831_771_NL_Ep",8,0.0783819303284083,9
"set4_10_15833_771_EN_2_Ep5","set4_10_15833_771_EN_2_Ep",1,0.0562855426979996,9
"set4_10_15839_771_DCIS_1_Ep5","set4_10_15839_771_DCIS_1_Ep",4,0.0941020560015257,9
"set4_10_15843_771_IBC_Ep5","set4_10_15843_771_IBC_Ep",4,0.0974030662961231,9
"set4_10_15727_761_EN_2_Ep5","set4_10_15727_761_EN_2_Ep",5,0.0527777152783111,9
"set4_10_15743_763_NL_2_Ep5","set4_10_15743_763_NL_2_Ep",8,0.0707028390202122,9
"set4_10_15763_765_EN_2_Ep5","set4_10_15763_765_EN_2_Ep",8,0.0538463023477505,9
"set4_10_15813_769_EN_5_Ep5","set4_10_15813_769_EN_5_Ep",5,0.0545356776595795,9
"set4_10_15827_771_EN_3_Ep5","set4_10_15827_771_EN_3_Ep",1,0.086880220676812,9
"set4_10_15837_771_EN_1_Ep5","set4_10_15837_771_EN_1_Ep",1,0.0731841195606889,9
"set4_10_15841_771_DCIS_2_Ep5","set4_10_15841_771_DCIS_2_Ep",4,0.0845182639923257,9
"set4_10_15845_772_IBC_Ep5","set4_10_15845_772_IBC_Ep",4,0.0630555353002498,9
"set4_10_15847_772_DCIS_1_Ep5","set4_10_15847_772_DCIS_1_Ep",4,0.0592722944434982,9
"set4_10_15849_772_DCIS_2_Ep5","set4_10_15849_772_DCIS_2_Ep",4,0.0574366831366149,9
"set4_10_15851_772_EN_1_Ep5","set4_10_15851_772_EN_1_Ep",4,0.0515311515185089,9
"set4_10_15853_772_EN_2_Ep5","set4_10_15853_772_EN_2_Ep",8,0.0607138564047561,9
"set4_10_15855_772_EN_3_Ep5","set4_10_15855_772_EN_3_Ep",4,0.0439977679401485,9
"set4_10_15857_772_EN_4_Ep5","set4_10_15857_772_EN_4_Ep",7,0.0499336436027012,9
"set4_10_15859_772_NL_Ep5","set4_10_15859_772_NL_Ep",8,0.0701329881806583,9
"set1_3_11770_354_EN_E_S1_R1_0016","set1_3_11770_354_EN_E_S1_R1_001",2,0.0548825956645572,10
"set1_3_11772_354_IDC_E_S3_R1_0016","set1_3_11772_354_IDC_E_S3_R1_001",8,0.0696091348040216,10
"set1_3_11774_354_RS1_E_center_S5_R1_0016","set1_3_11774_354_RS1_E_center_S5_R1_001",2,0.0611371256286817,10
"set1_3_11776_354_RS1_E_peripheral_S7_R1_0016","set1_3_11776_354_RS1_E_peripheral_S7_R1_001",2,0.0560906692606679,10
"set1_3_11778_354_RS2_E_center_S9_R1_0016","set1_3_11778_354_RS2_E_center_S9_R1_001",2,0.0579821149537752,10
"set1_3_11780_354_RS2_E_peripheral_S11_R1_0016","set1_3_11780_354_RS2_E_peripheral_S11_R1_001",2,0.0514583796912709,10
"set1_3_11782_354_NL_E_S13_R1_0016","set1_3_11782_354_NL_E_S13_R1_001",7,0.0410264078395606,10
"set1_3_11784_355_RS1_E_center_S15_R1_0016","set1_3_11784_355_RS1_E_center_S15_R1_001",2,0.0572340997106176,10
"set1_3_11786_355_RS1_E_peripheral_S17_R1_0016","set1_3_11786_355_RS1_E_peripheral_S17_R1_001",7,0.0630315631477915,10
"set1_3_11789_355_RS2_E_center_S20_R1_0016","set1_3_11789_355_RS2_E_center_S20_R1_001",2,0.0599113361822539,10
"set1_3_11791_355_RS2_E_peripheral_S22_R1_0016","set1_3_11791_355_RS2_E_peripheral_S22_R1_001",7,0.0785654976595121,10
"set1_3_11794_355_NL_E_S25_R1_0016","set1_3_11794_355_NL_E_S25_R1_001",7,0.0710154852081181,10
"set1_3_11796_355_RS3_E_center_S27_R1_0016","set1_3_11796_355_RS3_E_center_S27_R1_001",2,0.058280541009179,10
"set1_3_11798_355_RS3_E_peripheral_S29_R1_0016","set1_3_11798_355_RS3_E_peripheral_S29_R1_001",7,0.0637526124449544,10
"set1_3_11800_356_NL_E_S31_R1_0016","set1_3_11800_356_NL_E_S31_R1_001",7,0.0419621054712225,10
"set1_3_11802_356_RS1_E_center_S32_R1_0016","set1_3_11802_356_RS1_E_center_S32_R1_001",2,0.0694120539210981,10
"set1_3_11804_356_RS1_E_peripheral_S34_R1_0016","set1_3_11804_356_RS1_E_peripheral_S34_R1_001",7,0.0515885852315153,10
"set1_3_11806_357_NL_E_S50_R1_0016","set1_3_11806_357_NL_E_S50_R1_001",7,0.0194887764941284,10
"set1_3_11808_357_RS1_E_center_S32_R1_0016","set1_3_11808_357_RS1_E_center_S32_R1_001",2,0.028703390637204,10
"set1_3_11810_357_RS1_E_peripheral_S5_R1_0016","set1_3_11810_357_RS1_E_peripheral_S5_R1_001",8,0.019167262938039,10
"set1_3_11813_358_NL_E_S36_R1_0016","set1_3_11813_358_NL_E_S36_R1_001",8,0.0532142628765965,10
"set1_3_11815_358_EN_E_S38_R1_0016","set1_3_11815_358_EN_E_S38_R1_001",8,0.0457573298031011,10
"set1_3_11817_358_RS1_E_center_S40_R1_0016","set1_3_11817_358_RS1_E_center_S40_R1_001",2,0.0507258424669537,10
"set1_3_11819_358_RS1_E_peripheral_S42_R1_0016","set1_3_11819_358_RS1_E_peripheral_S42_R1_001",7,0.0523559107342675,10
"set1_3_11821_358_IBC_E_S44_R1_0016","set1_3_11821_358_IBC_E_S44_R1_001",10,0.0581500021058354,10
"set1_3_11823_358_RS2_E_center_S46_R1_0016","set1_3_11823_358_RS2_E_center_S46_R1_001",2,0.0405898602215841,10
"set1_3_11825_358_RS2_E_peripheral_S48_R1_0016","set1_3_11825_358_RS2_E_peripheral_S48_R1_001",7,0.0526956146268384,10
"set1_3_11827_359_RS1_E_center_S50_R1_0016","set1_3_11827_359_RS1_E_center_S50_R1_001",2,0.0606499467080079,10
"set1_3_11829_359_RS1_E_peripheral_S52_R1_0016","set1_3_11829_359_RS1_E_peripheral_S52_R1_001",5,0.0614099079278635,10
"set1_3_11831_359_NL_E_S54_R1_0016","set1_3_11831_359_NL_E_S54_R1_001",7,0.0483486547125623,10
"set1_3_11833_359_RS2_E_center_S55_R1_0016","set1_3_11833_359_RS2_E_center_S55_R1_001",2,0.0639668722456466,10
"set1_3_11835_359_RS2_E_peripheral_S57_R1_0016","set1_3_11835_359_RS2_E_peripheral_S57_R1_001",7,0.0623102218877899,10
"set1_3_11837_359_IDC_E_S59_R1_0016","set1_3_11837_359_IDC_E_S59_R1_001",8,0.05717700994522,10
"set1_3_11838_360_RS1_E_center_S4_R1_0016","set1_3_11838_360_RS1_E_center_S4_R1_001",8,0.0392869577514243,10
"set1_3_11840_360_RS1_E_peripheral_S8_R1_0016","set1_3_11840_360_RS1_E_peripheral_S8_R1_001",8,0.034456533998102,10
"set1_3_11842_360_NL_E_S3_R1_0016","set1_3_11842_360_NL_E_S3_R1_001",5,0.0320525795821872,10
"set1_3_11844_361_RS1_E_center_S34_R1_0016","set1_3_11844_361_RS1_E_center_S34_R1_001",2,0.0198111241752487,10
"set1_3_11846_361_RS1_E_peripheral_S7_R1_0016","set1_3_11846_361_RS1_E_peripheral_S7_R1_001",8,0.0264405586887708,10
"set1_3_11848_361_RS2_E_center_S18_R1_0016","set1_3_11848_361_RS2_E_center_S18_R1_001",2,0.031731513455768,10
"set1_3_11850_361_RS2_E_peripheral_S10_R1_0016","set1_3_11850_361_RS2_E_peripheral_S10_R1_001",7,0.0205426566212867,10
"set1_3_11852_361_RS4_E_center_S9_R1_0016","set1_3_11852_361_RS4_E_center_S9_R1_001",2,0.0293372900106821,10
"set1_3_11854_361_RS4_E_peripheral_S11_R1_0016","set1_3_11854_361_RS4_E_peripheral_S11_R1_001",8,0.0250883299935223,10
"set1_3_11856_361_RS3_E_center_S21_R1_0016","set1_3_11856_361_RS3_E_center_S21_R1_001",2,0.0312917555375991,10
"set1_3_11858_361_RS3_E_peripheral_S13_R1_0016","set1_3_11858_361_RS3_E_peripheral_S13_R1_001",2,0.0316787775031221,10
"set1_3_11860_361_NL_E_S49_R1_0016","set1_3_11860_361_NL_E_S49_R1_001",5,0.0225878535661857,10
"set1_3_11862_362_RS1_E_center_S55_R1_0016","set1_3_11862_362_RS1_E_center_S55_R1_001",2,0.0299374046227588,10
"set1_3_11864_362_RS1_E_peripheral_S39_R1_0016","set1_3_11864_362_RS1_E_peripheral_S39_R1_001",7,0.0247543912915774,10
"set1_3_11867_363_RS1_E_center_S15_R1_0016","set1_3_11867_363_RS1_E_center_S15_R1_001",2,0.031350717335055,10
"set1_3_11869_363_RS1_E_peripheral_S14_R1_0016","set1_3_11869_363_RS1_E_peripheral_S14_R1_001",7,0.0233349296204418,10
"set1_3_11871_363_NL_E_S47_R1_0016","set1_3_11871_363_NL_E_S47_R1_001",5,0.0213561634409464,10
"set1_3_11873_363_IDC_E_S30_R1_0016","set1_3_11873_363_IDC_E_S30_R1_001",8,0.0229299426927481,10
"set1_3_11874_364_RS1_E_center_S38_R1_0016","set1_3_11874_364_RS1_E_center_S38_R1_001",2,0.0245355287435278,10
"set1_3_11876_364_RS1_E_peripheral_S16_R1_0016","set1_3_11876_364_RS1_E_peripheral_S16_R1_001",8,0.021553061553679,10
"set1_3_11878_364_NL_E_S19_R1_0016","set1_3_11878_364_NL_E_S19_R1_001",5,0.0243061450463624,10
"set1_3_11880_364_RS2_E_center_S12_R1_0016","set1_3_11880_364_RS2_E_center_S12_R1_001",8,0.0258095512098109,10
"set1_3_11882_364_RS2_E_peripheral_S6_R1_0016","set1_3_11882_364_RS2_E_peripheral_S6_R1_001",2,0.0244057992969364,10
"set1_3_11885_364_NL_E_S22_R1_0016","set1_3_11885_364_NL_E_S22_R1_001",2,0.025860389402242,10
"set1_3_13813_552_IBC_Ep_16","set1_3_13813_552_IBC_Ep_1",9,0.0474549783597381,10
"set1_3_13815_552_EN_Ep_16","set1_3_13815_552_EN_Ep_1",7,0.0320890100015181,10
"set1_3_13819_552_NL_Ep6","set1_3_13819_552_NL_Ep",2,0.0289048627798893,10
"set1_3_13821_551_IBC_Ep_26","set1_3_13821_551_IBC_Ep_2",4,0.0832111219607285,10
"set1_3_13823_551_AM_Ep6","set1_3_13823_551_AM_Ep",2,0.0584646243294773,10
"set1_3_13825_551_UDH_Ep6","set1_3_13825_551_UDH_Ep",4,0.070533615151742,10
"set1_3_13826_551_NL_Ep6","set1_3_13826_551_NL_Ep",5,0.0492651381824485,10
"set1_3_13828_551_DCIS_Ep6","set1_3_13828_551_DCIS_Ep",10,0.0914443101461827,10
"set1_3_13830_550_ADH_Ep_16","set1_3_13830_550_ADH_Ep_1",10,0.0562815228798605,10
"set1_3_13832_550_IBC_Ep_16","set1_3_13832_550_IBC_Ep_1",4,0.0502422196280145,10
"set1_3_13834_550_AM_Ep_26","set1_3_13834_550_AM_Ep_2",4,0.0814423770630135,10
"set1_3_13836_550_DCIS_Ep_16","set1_3_13836_550_DCIS_Ep_1",10,0.0540225357329707,10
"set1_3_13838_550_CCC_Ep6","set1_3_13838_550_CCC_Ep",7,0.0270344084083758,10
"set1_3_13840_549_DCIS_Ep6","set1_3_13840_549_DCIS_Ep",9,0.046362282608973,10
"set1_3_13842_549_IBC_Ep6","set1_3_13842_549_IBC_Ep",9,0.0574614241941968,10
"set1_3_13844_549_IN_Ep6","set1_3_13844_549_IN_Ep",2,0.0256294639698335,10
"set1_3_13846_550_IBC_Ep_26","set1_3_13846_550_IBC_Ep_2",10,0.0515876711175892,10
"set1_3_13848_550_DCIS_Ep_26","set1_3_13848_550_DCIS_Ep_2",10,0.0661038767204552,10
"set1_3_13850_549_IP_Ep6","set1_3_13850_549_IP_Ep",2,0.0511085511002182,10
"set1_3_13852_549_MC_Ep6","set1_3_13852_549_MC_Ep",2,0.0367689605485364,10
"set1_3_13854_549_NL_Ep6","set1_3_13854_549_NL_Ep",5,0.0416685231927374,10
"set1_3_13856_549_AM_Ep6","set1_3_13856_549_AM_Ep",4,0.098862597744655,10
"set1_3_13858_548_DCIS_Ep6","set1_3_13858_548_DCIS_Ep",3,0.0488778979756411,10
"set1_3_13860_548_IBC_Ep6","set1_3_13860_548_IBC_Ep",9,0.0401910410424351,10
"set1_3_13862_547_NL_Ep6","set1_3_13862_547_NL_Ep",5,0.0597569513049134,10
"set1_3_13864_547_CCC_Ep_16","set1_3_13864_547_CCC_Ep_1",5,0.0315085526870994,10
"set1_3_13866_547_CCH_Ep_16","set1_3_13866_547_CCH_Ep_1",7,0.037492010198965,10
"set1_3_13868_547_IBC_Ep_16","set1_3_13868_547_IBC_Ep_1",9,0.0569911418483889,10
"set1_3_13870_547_DCIS_Ep6","set1_3_13870_547_DCIS_Ep",9,0.0572676208069172,10
"set1_3_13872_547_CCC_Ep_26","set1_3_13872_547_CCC_Ep_2",2,0.036038273359251,10
"set1_3_13876_547_CCC_Ep_36","set1_3_13876_547_CCC_Ep_3",2,0.0359842087038546,10
"set1_3_13878_547_IBC_Ep_26","set1_3_13878_547_IBC_Ep_2",9,0.06229126015333,10
"set1_3_13880_547_NL_Ep6","set1_3_13880_547_NL_Ep",5,0.0390670634501606,10
"set1_3_13882_546_NL_Ep6","set1_3_13882_546_NL_Ep",5,0.0565389313903588,10
"set1_3_13884_546_ALH_Ep6","set1_3_13884_546_ALH_Ep",8,0.0646793889516292,10
"set1_3_13886_546_IBC_Ep6","set1_3_13886_546_IBC_Ep",6,0.0983122083601546,10
"set1_3_13888_546_LIN_Ep6","set1_3_13888_546_LIN_Ep",5,0.044313217344983,10
"set1_3_13890_546_CCH_Ep6","set1_3_13890_546_CCH_Ep",8,0.0752569517527293,10
"set1_3_13892_546_HIN_Ep6","set1_3_13892_546_HIN_Ep",5,0.038300512347225,10
"set1_3_13894_546_MIN_Ep6","set1_3_13894_546_MIN_Ep",5,0.0539364723323648,10
"set1_3_13896_545_CCC_Ep_16","set1_3_13896_545_CCC_Ep_1",4,0.0461241107722552,10
"set1_3_13898_545_ADH_Ep6","set1_3_13898_545_ADH_Ep",8,0.0518899461648737,10
"set1_3_13900_545_UDH_Ep_16","set1_3_13900_545_UDH_Ep_1",4,0.0428094786998081,10
"set1_3_13902_545_AM_Ep_16","set1_3_13902_545_AM_Ep_1",4,0.0941512874052678,10
"set1_3_13904_545_IBC_Ep6","set1_3_13904_545_IBC_Ep",4,0.0786111534252045,10
"set1_3_13906_545_DCIS_Ep_16","set1_3_13906_545_DCIS_Ep_1",4,0.0846044887196335,10
"set1_3_13908_545_CCC_Ep_26","set1_3_13908_545_CCC_Ep_2",8,0.0401441732041519,10
"set1_3_13910_545_AM_Ep_26","set1_3_13910_545_AM_Ep_2",4,0.125884052559986,10
"set1_3_13912_545_UDH_Ep_26","set1_3_13912_545_UDH_Ep_2",7,0.0362381954715766,10
"set1_3_13914_545_NL_Ep6","set1_3_13914_545_NL_Ep",8,0.0415854728698384,10
"set1_3_13916_545_DCIS_Ep_26","set1_3_13916_545_DCIS_Ep_2",4,0.09643725368627,10
"set1_3_13918_545_LVI_Ep6","set1_3_13918_545_LVI_Ep",4,0.0904965263945368,10
"set1_3_13920_544_MC_Ep6","set1_3_13920_544_MC_Ep",5,0.036926841776875,10
"set1_3_13922_544_NL_Ep6","set1_3_13922_544_NL_Ep",5,0.0245772444206253,10
"set1_3_13924_544_DCIS_Ep_16","set1_3_13924_544_DCIS_Ep_1",10,0.0840812000265102,10
"set1_3_13926_544_DCIS_Ep_26","set1_3_13926_544_DCIS_Ep_2",10,0.066561590041666,10
"set1_3_13928_544_IBC_Ep6","set1_3_13928_544_IBC_Ep",10,0.103972053853849,10
"set1_3_13930_544_DCIS_Ep_36","set1_3_13930_544_DCIS_Ep_3",10,0.0796230502611606,10
"set1_3_13932_543_CCH_Ep_16","set1_3_13932_543_CCH_Ep_1",8,0.0371068278259837,10
"set1_3_13934_543_CCH_Ep_26","set1_3_13934_543_CCH_Ep_2",7,0.0416413892560301,10
"set1_3_13936_568_AM_Ep6","set1_3_13936_568_AM_Ep",4,0.113530104409068,10
"set1_3_13938_568_NL_Ep6","set1_3_13938_568_NL_Ep",3,0.0420992554122969,10
"set1_3_13940_568_IBC_Ep6","set1_3_13940_568_IBC_Ep",10,0.0919068398654736,10
"set1_3_13942_568_DCIS_Ep6","set1_3_13942_568_DCIS_Ep",10,0.0985623321651484,10
"set1_3_13944_569_CCC_Ep6","set1_3_13944_569_CCC_Ep",7,0.0420544901044743,10
"set1_3_13946_570_CCC_Ep_16","set1_3_13946_570_CCC_Ep_1",8,0.0675548003646074,10
"set1_3_13948_570_IBC_Ep6","set1_3_13948_570_IBC_Ep",8,0.0523066646408257,10
"set1_3_13950_570_DCIS_Ep6","set1_3_13950_570_DCIS_Ep",8,0.0552455109975748,10
"set1_3_13952_570_ADH_Ep_16","set1_3_13952_570_ADH_Ep_1",8,0.0486527135382829,10
"set1_3_13954_570_NL_Ep6","set1_3_13954_570_NL_Ep",5,0.0652614106170999,10
"set1_3_13956_570_CCC_Ep_26","set1_3_13956_570_CCC_Ep_2",8,0.0561773345488404,10
"set1_3_13958_570_CCH_Ep6","set1_3_13958_570_CCH_Ep",8,0.0507944982548384,10
"set1_3_13960_570_ADH_Ep_26","set1_3_13960_570_ADH_Ep_2",8,0.0577122749293677,10
"set1_3_13962_569_IBC_Ep6","set1_3_13962_569_IBC_Ep",9,0.0586975801333924,10
"set1_3_13966_567_ADH_Ep6","set1_3_13966_567_ADH_Ep",7,0.0474382431010901,10
"set1_3_13968_567_DCIS_Ep6","set1_3_13968_567_DCIS_Ep",3,0.0406501230962427,10
"set1_3_13970_567_IBC_Ep6","set1_3_13970_567_IBC_Ep",9,0.0849514699477833,10
"set1_3_13972_567_NL_Ep6","set1_3_13972_567_NL_Ep",5,0.0596329285244855,10
"set1_3_13974_569_NL_Ep6","set1_3_13974_569_NL_Ep",8,0.0344809127092952,10
"set1_3_13976_565_EN_Ep6","set1_3_13976_565_EN_Ep",7,0.0433319220189515,10
"set1_3_13978_565_DCIS_Ep6","set1_3_13978_565_DCIS_Ep",6,0.0635141765265763,10
"set1_3_13980_565_NL_Ep6","set1_3_13980_565_NL_Ep",5,0.0518315434908671,10
"set1_3_13982_561_DCIS_Ep6","set1_3_13982_561_DCIS_Ep",9,0.0719147823608396,10
"set1_3_13984_561_IBC_Ep6","set1_3_13984_561_IBC_Ep",9,0.0959354375260382,10
"set1_3_13986_561_NL_Ep6","set1_3_13986_561_NL_Ep",8,0.0591653705359626,10
"set1_3_13987_562_DCIS_Ep_16","set1_3_13987_562_DCIS_Ep_1",3,0.0481305535888819,10
"set1_3_13989_562_NL_Ep_16","set1_3_13989_562_NL_Ep_1",5,0.0479268439767543,10
"set1_3_13991_562_DCIS_Ep_26","set1_3_13991_562_DCIS_Ep_2",3,0.0528699277078901,10
"set1_3_13993_562_NL_Ep_26","set1_3_13993_562_NL_Ep_2",2,0.0432672531674241,10
"set1_3_13995_563_NL_Ep6","set1_3_13995_563_NL_Ep",5,0.0295876643853201,10
"set1_3_13999_563_EN_Ep6","set1_3_13999_563_EN_Ep",7,0.031394754296616,10
"set1_3_14001_553_DCIS_Ep6","set1_3_14001_553_DCIS_Ep",10,0.0692522420080269,10
"set1_3_14003_553_IBC_Ep6","set1_3_14003_553_IBC_Ep",10,0.0621436801325258,10
"set1_3_14005_553_NL_Ep_16","set1_3_14005_553_NL_Ep_1",8,0.0295660362512747,10
"set1_3_14007_553_EN_Ep6","set1_3_14007_553_EN_Ep",7,0.0394456552551438,10
"set1_3_14009_553_AM_Ep6","set1_3_14009_553_AM_Ep",7,0.0343082399510347,10
"set1_3_14011_553_NL_Ep_26","set1_3_14011_553_NL_Ep_2",3,0.0233881178110314,10
"set1_3_14012_560_CCC_Ep6","set1_3_14012_560_CCC_Ep",7,0.0533168101563391,10
"set1_3_14014_560_AM_Ep6","set1_3_14014_560_AM_Ep",4,0.109519768798118,10
"set1_3_14016_560_NL_Ep_16","set1_3_14016_560_NL_Ep_1",7,0.0405180188783328,10
"set1_3_14018_560_NL_Ep_26","set1_3_14018_560_NL_Ep_2",7,0.0426172772224301,10
"set1_3_14020_560_IBC_Ep_16","set1_3_14020_560_IBC_Ep_1",6,0.0677644503647135,10
"set1_3_14022_560_SA_Ep6","set1_3_14022_560_SA_Ep",7,0.0347960978852101,10
"set1_3_14024_560_NL_Ep6","set1_3_14024_560_NL_Ep",5,0.0417230634262433,10
"set1_3_14025_560_IBC_Ep_26","set1_3_14025_560_IBC_Ep_2",9,0.0709415580817681,10
"set1_3_14027_572_IP_Ep6","set1_3_14027_572_IP_Ep",7,0.0426911108572829,10
"set1_3_14028_572_UDH_Ep6","set1_3_14028_572_UDH_Ep",4,0.054475786062273,10
"set1_3_14034_572_IBC_Ep6","set1_3_14034_572_IBC_Ep",3,0.0541603125623946,10
"set1_3_14036_571_NL_Ep6","set1_3_14036_571_NL_Ep",2,0.0336119858136252,10
"set1_3_14038_571_EN_Ep6","set1_3_14038_571_EN_Ep",6,0.0993239839778882,10
"set1_3_14040_571_DCISw_Ep6","set1_3_14040_571_DCISw_Ep",6,0.0702196591241931,10
"set1_3_14042_571_DCIS_Ep6","set1_3_14042_571_DCIS_Ep",6,0.0751780042391636,10
"set1_3_14044_571_IBC_Ep_16","set1_3_14044_571_IBC_Ep_1",6,0.0773050250567643,10
"set1_3_14046_571_IBC_Ep_26","set1_3_14046_571_IBC_Ep_2",9,0.0519424244345261,10
"set1_3_14048_566_IBC_Ep6","set1_3_14048_566_IBC_Ep",6,0.0818012540065403,10
"set1_3_14050_566_DCIS_Ep6","set1_3_14050_566_DCIS_Ep",6,0.0575057952904309,10
"set1_3_14052_566_UDH_Ep6","set1_3_14052_566_UDH_Ep",8,0.0506640981204712,10
"set1_3_14054_566_CCC_Ep_16","set1_3_14054_566_CCC_Ep_1",7,0.0396776893668071,10
"set1_3_14056_566_CCC_Ep_26","set1_3_14056_566_CCC_Ep_2",8,0.0306924199347409,10
"set1_3_14058_566_AM_Ep6","set1_3_14058_566_AM_Ep",4,0.105826705682107,10
"set1_3_14060_566_NL_Ep6","set1_3_14060_566_NL_Ep",8,0.0247074138625287,10
"set1_3_14062_564_DCIS_Ep6","set1_3_14062_564_DCIS_Ep",9,0.0464584932535936,10
"set1_3_14064_564_HP_Ep6","set1_3_14064_564_HP_Ep",6,0.0429834347657423,10
"set1_3_14066_564_NL_Ep6","set1_3_14066_564_NL_Ep",5,0.0434427215331704,10
"set1_3_14068_564_IBC_Ep6","set1_3_14068_564_IBC_Ep",9,0.0447969992422167,10
"set1_3_14070_559_DCIS_Ep6","set1_3_14070_559_DCIS_Ep",3,0.0709161105857426,10
"set1_3_14072_559_IBC_Ep6","set1_3_14072_559_IBC_Ep",3,0.0632712821383982,10
"set1_3_14074_559_CCH_Ep6","set1_3_14074_559_CCH_Ep",7,0.051031112668764,10
"set1_3_14076_559_AM_Ep6","set1_3_14076_559_AM_Ep",4,0.108551546115944,10
"set1_3_14080_558_IBC_Ep6","set1_3_14080_558_IBC_Ep",9,0.048548325346968,10
"set1_3_14082_558_NL_Ep_16","set1_3_14082_558_NL_Ep_1",5,0.0302225208885489,10
"set1_3_14084_558_DCIS_Ep_16","set1_3_14084_558_DCIS_Ep_1",9,0.0457022427943687,10
"set1_3_14086_558_DCIS_Ep_26","set1_3_14086_558_DCIS_Ep_2",9,0.0388751258678217,10
"set1_3_14088_558_IN_Ep6","set1_3_14088_558_IN_Ep",2,0.0300863223976532,10
"set1_3_14092_557_IBC_Ep6","set1_3_14092_557_IBC_Ep",9,0.0695408689957811,10
"set1_3_14094_557_DCIS_Ep6","set1_3_14094_557_DCIS_Ep",3,0.0492076449224494,10
"set1_3_14096_556_IBC_Ep_16","set1_3_14096_556_IBC_Ep_1",10,0.0682991666852001,10
"set1_3_14098_556_ADH_Ep_16","set1_3_14098_556_ADH_Ep_1",8,0.069528610561243,10
"set1_3_14100_556_ADH_Ep_26","set1_3_14100_556_ADH_Ep_2",8,0.0820504249165412,10
"set1_3_14102_556_AM_Ep6","set1_3_14102_556_AM_Ep",4,0.101155357507464,10
"set1_3_14104_556_IBC_Ep_26","set1_3_14104_556_IBC_Ep_2",10,0.0726128172468398,10
"set1_3_14108_556_NL_Ep6","set1_3_14108_556_NL_Ep",2,0.0389681848020477,10
"set1_3_14110_555_IN_Ep6","set1_3_14110_555_IN_Ep",5,0.0482765548124979,10
"set1_3_14112_555_iIBC_Ep6","set1_3_14112_555_iIBC_Ep",6,0.0483754961220075,10
"set1_3_14114_555_IBC_Ep6","set1_3_14114_555_IBC_Ep",3,0.0452691168794732,10
"set1_3_14116_555_CCC_Ep6","set1_3_14116_555_CCC_Ep",7,0.04342315685347,10
"set1_3_14118_555_NL_Ep6","set1_3_14118_555_NL_Ep",3,0.0321959775452402,10
"set1_3_14120_554_RS_Ep_16","set1_3_14120_554_RS_Ep_1",8,0.029392437871942,10
"set1_3_14124_554_EN_Ep6","set1_3_14124_554_EN_Ep",8,0.0223508375166055,10
"set1_3_14126_554_IBC_Ep6","set1_3_14126_554_IBC_Ep",6,0.0923544310927092,10
"set1_3_14128_554_UDH_Ep6","set1_3_14128_554_UDH_Ep",7,0.0291839980314548,10
"set1_3_14130_554_DCIS_Ep6","set1_3_14130_554_DCIS_Ep",6,0.0653889984267907,10
"set1_3_14134_554_NL_Ep6","set1_3_14134_554_NL_Ep",5,0.0259738688587569,10
"set4_10_14731_656_IBC_Ep6","set4_10_14731_656_IBC_Ep",9,0.0642637767878176,10
"set4_10_14733_656_BBD_Ep6","set4_10_14733_656_BBD_Ep",7,0.0660200016418113,10
"set4_10_14735_656_NL_Ep6","set4_10_14735_656_NL_Ep",7,0.0476041035499567,10
"set4_10_14737_657_CCC_Ep6","set4_10_14737_657_CCC_Ep",4,0.0555192195547557,10
"set4_10_14739_657_NL_Ep6","set4_10_14739_657_NL_Ep",8,0.0452312483010816,10
"set4_10_14741_657_DCIS_Ep6","set4_10_14741_657_DCIS_Ep",10,0.0789320206860736,10
"set4_10_14744_657_IBC_Ep6","set4_10_14744_657_IBC_Ep",10,0.082655426349972,10
"set4_10_14745_658_DCIS_Ep6","set4_10_14745_658_DCIS_Ep",3,0.0443637800284629,10
"set4_10_14746_658_IBC_Ep6","set4_10_14746_658_IBC_Ep",9,0.0524162289781666,10
"set4_10_14747_658_NL_Ep6","set4_10_14747_658_NL_Ep",5,0.0660227204595434,10
"set4_10_14751_659_DCIS_Ep6","set4_10_14751_659_DCIS_Ep",8,0.0588671423458413,10
"set4_10_14752_659_IBC_Ep6","set4_10_14752_659_IBC_Ep",10,0.048445434555923,10
"set4_10_14755_659_DCIS_Ep6","set4_10_14755_659_DCIS_Ep",8,0.0558419790304763,10
"set4_10_14757_659_NL_Ep6","set4_10_14757_659_NL_Ep",5,0.0504684534242224,10
"set4_10_14791_663_DCIS_Ep6","set4_10_14791_663_DCIS_Ep",10,0.0488158733436408,10
"set4_10_14793_663_IBC_Ep6","set4_10_14793_663_IBC_Ep",9,0.0350622616911788,10
"set4_10_14795_663_NL_Ep6","set4_10_14795_663_NL_Ep",1,0.0540597164694224,10
"set4_10_14759_660_IBC_Ep6","set4_10_14759_660_IBC_Ep",10,0.0617069722512193,10
"set4_10_14761_660_DCIS_Ep6","set4_10_14761_660_DCIS_Ep",10,0.0499969810596611,10
"set4_10_14763_660_NL_Ep6","set4_10_14763_660_NL_Ep",1,0.0488875651023528,10
"set4_10_14765_660_LVI_Ep6","set4_10_14765_660_LVI_Ep",10,0.0666647847606783,10
"set4_10_14767_661_IBC_Ep6","set4_10_14767_661_IBC_Ep",6,0.0681195268698439,10
"set4_10_14769_661_AM_Ep6","set4_10_14769_661_AM_Ep",4,0.112851331263119,10
"set4_10_14771_661_ADH_Ep6","set4_10_14771_661_ADH_Ep",1,0.0892623873790167,10
"set4_10_14773_661_DCIS_Ep6","set4_10_14773_661_DCIS_Ep",8,0.0978344958046611,10
"set4_10_14775_661_ADH_Ep6","set4_10_14775_661_ADH_Ep",1,0.0793968530550536,10
"set4_10_14777_661_NL_Ep6","set4_10_14777_661_NL_Ep",1,0.0845223462863978,10
"set4_10_14779_662_DCIS.1_Ep6","set4_10_14779_662_DCIS.1_Ep",3,0.0611196062062194,10
"set4_10_14781_662_MIV.1_Ep6","set4_10_14781_662_MIV.1_Ep",9,0.059604075391168,10
"set4_10_14783_662_DCIS.2_Ep6","set4_10_14783_662_DCIS.2_Ep",9,0.0601226867071702,10
"set4_10_14785_662_MIV.2_Ep6","set4_10_14785_662_MIV.2_Ep",9,0.0610096342285826,10
"set4_10_14787_662_DCIS.3_Ep6","set4_10_14787_662_DCIS.3_Ep",3,0.0568946723142157,10
"set4_10_14789_662_IBC_Ep6","set4_10_14789_662_IBC_Ep",9,0.0635947097657161,10
"set4_10_14909_676_DCIS.2_Ep6","set4_10_14909_676_DCIS.2_Ep",4,0.0784215504137529,10
"set4_10_14797_664_AM_Ep6","set4_10_14797_664_AM_Ep",4,0.124710782945915,10
"set4_10_14798_664_BBD_Ep6","set4_10_14798_664_BBD_Ep",7,0.0508137445558032,10
"set4_10_14800_664_IBC_Ep6","set4_10_14800_664_IBC_Ep",6,0.0560134731447063,10
"set4_10_14802_664_ADH_Ep6","set4_10_14802_664_ADH_Ep",7,0.0435253224808025,10
"set4_10_14804_664_NL_Ep6","set4_10_14804_664_NL_Ep",5,0.0777245597834699,10
"set4_10_14805_665_IBC_Ep6","set4_10_14805_665_IBC_Ep",9,0.0598576874507117,10
"set4_10_14807_665_inf_NL_Ep6","set4_10_14807_665_inf_NL_Ep",6,0.0398847383979708,10
"set4_10_14809_665_DCIS_Ep6","set4_10_14809_665_DCIS_Ep",6,0.0557065146900706,10
"set4_10_14810_665_NL_Ep6","set4_10_14810_665_NL_Ep",5,0.0389360842403354,10
"set4_10_14812_666_IBC_Ep6","set4_10_14812_666_IBC_Ep",6,0.0386207200073318,10
"set4_10_14813_666_DCIS_Ep6","set4_10_14813_666_DCIS_Ep",3,0.0343384837215789,10
"set4_10_14816_666_NL_Ep6","set4_10_14816_666_NL_Ep",5,0.0471204956249154,10
"set4_10_14818_666_BBD_Ep6","set4_10_14818_666_BBD_Ep",7,0.0396160859454125,10
"set4_10_14853_671_UDH_Ep6","set4_10_14853_671_UDH_Ep",7,0.0436014137163663,10
"set4_10_14855_671_AM_Ep6","set4_10_14855_671_AM_Ep",4,0.110790645918318,10
"set4_10_14856_671_DCIS_Ep6","set4_10_14856_671_DCIS_Ep",3,0.047514964864412,10
"set4_10_14857_671_IBC_Ep6","set4_10_14857_671_IBC_Ep",9,0.0474951117273736,10
"set4_10_14862_671_CCC_Ep6","set4_10_14862_671_CCC_Ep",7,0.0546995782686876,10
"set4_10_14820_667_IBC_Ep6","set4_10_14820_667_IBC_Ep",3,0.0611247995882826,10
"set4_10_14821_667_DCIS_Ep6","set4_10_14821_667_DCIS_Ep",3,0.048740780776076,10
"set4_10_14822_667_NL_Ep6","set4_10_14822_667_NL_Ep",2,0.0358230005772787,10
"set4_10_14826_668_IBC_Ep6","set4_10_14826_668_IBC_Ep",9,0.0578033034775318,10
"set4_10_14828_668_DCIS_Ep6","set4_10_14828_668_DCIS_Ep",8,0.0642368929499594,10
"set4_10_14829_668_NL_Ep6","set4_10_14829_668_NL_Ep",5,0.0617986240019938,10
"set4_10_14830_668_EN_Ep6","set4_10_14830_668_EN_Ep",4,0.0463132819667984,10
"set4_10_14833_669_IBC_Ep6","set4_10_14833_669_IBC_Ep",9,0.0818484079637986,10
"set4_10_14834_669_NL_Ep6","set4_10_14834_669_NL_Ep",1,0.042766082842972,10
"set4_10_14837_669_DCIS_Ep6","set4_10_14837_669_DCIS_Ep",1,0.0453485785120222,10
"set4_10_14839_670_EN_Ep6","set4_10_14839_670_EN_Ep",8,0.0439029677167775,10
"set4_10_14840_670_DCIS_Ep6","set4_10_14840_670_DCIS_Ep",4,0.0870837693783033,10
"set4_10_14843_670_DCIS_Ep6","set4_10_14843_670_DCIS_Ep",4,0.0962714499888313,10
"set4_10_14844_670_IBC_Ep6","set4_10_14844_670_IBC_Ep",4,0.0995173152630151,10
"set4_10_14847_670_BBD_Ep6","set4_10_14847_670_BBD_Ep",7,0.0435698687119843,10
"set4_10_14848_670_CCC_Ep6","set4_10_14848_670_CCC_Ep",7,0.0432599951928673,10
"set4_10_14849_670_AM_Ep6","set4_10_14849_670_AM_Ep",4,0.0672534439419735,10
"set4_10_14864_672_inf_NL_Ep_S1_R1_0016","set4_10_14864_672_inf_NL_Ep_S1_R1_001",7,0.051373397958489,10
"set4_10_14866_672_IBC_Ep_2_S3_R1_0016","set4_10_14866_672_IBC_Ep_2_S3_R1_001",9,0.0443949967123445,10
"set4_10_14868_672_IBC_Ep_1_S5_R1_0016","set4_10_14868_672_IBC_Ep_1_S5_R1_001",9,0.0471594984284087,10
"set4_10_14869_672_DCIS_Ep_S6_R1_0016","set4_10_14869_672_DCIS_Ep_S6_R1_001",3,0.0483598113587285,10
"set4_10_14870_672_CaLob_Ep_S7_R1_0016","set4_10_14870_672_CaLob_Ep_S7_R1_001",3,0.041663868194923,10
"set4_10_14873_672_NL_Ep_S10_R1_0016","set4_10_14873_672_NL_Ep_S10_R1_001",5,0.0564810123349363,10
"set4_10_14875_672_ADH_Ep_S12_R1_0016","set4_10_14875_672_ADH_Ep_S12_R1_001",7,0.0468693253545843,10
"set4_10_14876_672_CCC_Ep_S13_R1_0016","set4_10_14876_672_CCC_Ep_S13_R1_001",7,0.0453277978796371,10
"set4_10_14878_673_IBC_Ep_S15_R1_0016","set4_10_14878_673_IBC_Ep_S15_R1_001",9,0.0601139332911501,10
"set4_10_14880_673_DCIS_Ep_S17_R1_0016","set4_10_14880_673_DCIS_Ep_S17_R1_001",6,0.04084941506566,10
"set4_10_14882_673_NL_Ep_S19_R1_0016","set4_10_14882_673_NL_Ep_S19_R1_001",5,0.050899372474368,10
"set4_10_14884_673_AM_Ep_S21_R1_0016","set4_10_14884_673_AM_Ep_S21_R1_001",4,0.11047941630505,10
"set4_10_14886_673_CCC_Ep_S23_R1_0016","set4_10_14886_673_CCC_Ep_S23_R1_001",8,0.0568768943629286,10
"set4_10_14888_673_EN_Ep_S25_R1_0016","set4_10_14888_673_EN_Ep_S25_R1_001",2,0.0373574734163245,10
"set4_10_14890_674_DCIS_Ep_S27_R1_0016","set4_10_14890_674_DCIS_Ep_S27_R1_001",4,0.0816634675464224,10
"set4_10_14892_674_IBC_Ep_S29_R1_0016","set4_10_14892_674_IBC_Ep_S29_R1_001",10,0.0704390339829031,10
"set4_10_14894_674_BBD_Ep_S31_R1_0016","set4_10_14894_674_BBD_Ep_S31_R1_001",2,0.0543910271591736,10
"set4_10_14899_675_EN1_Ep_S33_R1_0016","set4_10_14899_675_EN1_Ep_S33_R1_001",7,0.0626727145923732,10
"set4_10_14901_675_EN2_Ep6","set4_10_14901_675_EN2_Ep",7,0.0786941524169282,10
"set4_10_14904_675_EN3_Ep6","set4_10_14904_675_EN3_Ep",7,0.0788599780410525,10
"set4_10_14905_675_NL_Ep6","set4_10_14905_675_NL_Ep",5,0.0467004987145694,10
"set4_10_14907_675_IBC_Ep6","set4_10_14907_675_IBC_Ep",9,0.101742944446445,10
"set4_10_14908_675_CCC_Ep6","set4_10_14908_675_CCC_Ep",1,0.0874406297075983,10
"set4_10_14922_677_IBC_Ep6","set4_10_14922_677_IBC_Ep",10,0.0975870056439563,10
"set4_10_14924_677_DCIS_Ep6","set4_10_14924_677_DCIS_Ep",10,0.100000192770853,10
"set4_10_14926_677_NL_Ep6","set4_10_14926_677_NL_Ep",5,0.0765765108426108,10
"set4_10_14928_677_LVI_Ep6","set4_10_14928_677_LVI_Ep",10,0.0947412572766938,10
"set4_10_14930_678_IBC_Ep6","set4_10_14930_678_IBC_Ep",3,0.0431938985526652,10
"set4_10_14932_678_PLC_Ep6","set4_10_14932_678_PLC_Ep",5,0.0562681194350061,10
"set4_10_14934_678_EN_Ep6","set4_10_14934_678_EN_Ep",8,0.0447202383323753,10
"set4_10_14936_678_NL_Ep6","set4_10_14936_678_NL_Ep",5,0.0512168374902715,10
"set4_10_14938_679_IBC_Ep6","set4_10_14938_679_IBC_Ep",9,0.0736918902789434,10
"set4_10_14940_679_DCIS_Ep6","set4_10_14940_679_DCIS_Ep",9,0.0571334821894535,10
"set4_10_14942_679_NL_Ep6","set4_10_14942_679_NL_Ep",5,0.0582333704350482,10
"set4_10_14954_680_DCIS_2_Ep6","set4_10_14954_680_DCIS_2_Ep",8,0.0790776194548071,10
"set4_10_14956_680_ADH_2_Ep6","set4_10_14956_680_ADH_2_Ep",8,0.0833526995617571,10
"set4_10_14944_680_ADH_1_Ep6","set4_10_14944_680_ADH_1_Ep",8,0.080766967990196,10
"set4_10_14946_680_UDH_Ep6","set4_10_14946_680_UDH_Ep",7,0.0410726829126696,10
"set4_10_14948_680_NL_Ep6","set4_10_14948_680_NL_Ep",7,0.0373788114023046,10
"set4_10_14950_680_DCIS_1_Ep6","set4_10_14950_680_DCIS_1_Ep",8,0.0738243239418296,10
"set4_10_14952_680_IBC_Ep6","set4_10_14952_680_IBC_Ep",10,0.0698562562758168,10
"set4_10_14958_680_LG_DCIS_Ep6","set4_10_14958_680_LG_DCIS_Ep",10,0.063834587498146,10
"set4_10_14960_680_AM_Ep6","set4_10_14960_680_AM_Ep",4,0.112305931683237,10
"set4_10_14962_680_atip_AM_Ep6","set4_10_14962_680_atip_AM_Ep",8,0.0799991346231765,10
"set4_10_14963_680_ADH_AM_Ep6","set4_10_14963_680_ADH_AM_Ep",8,0.0838641379889492,10
"set4_10_14966_681_DCIS_Ep6","set4_10_14966_681_DCIS_Ep",2,0.0527663045575697,10
"set4_10_14968_681_AM_Ep6","set4_10_14968_681_AM_Ep",4,0.120774998178281,10
"set4_10_14970_681_EN_Ep6","set4_10_14970_681_EN_Ep",2,0.0501406464567299,10
"set4_10_14972_681_ADH_1_Ep6","set4_10_14972_681_ADH_1_Ep",2,0.0444209139239346,10
"set4_10_14974_681_IBC_Ep6","set4_10_14974_681_IBC_Ep",9,0.054451885947842,10
"set4_10_14976_681_NL_Ep6","set4_10_14976_681_NL_Ep",5,0.0540731716673482,10
"set4_10_14978_682_NL_Ep6","set4_10_14978_682_NL_Ep",5,0.0461925031417001,10
"set4_10_14980_682_EN_Ep6","set4_10_14980_682_EN_Ep",5,0.0702381147776266,10
"set4_10_14982_682_IBC_Ep6","set4_10_14982_682_IBC_Ep",9,0.0712718509484441,10
"set4_10_14984_682_Inf_NL_Ep6","set4_10_14984_682_Inf_NL_Ep",5,0.0706874852482591,10
"set4_10_14987_683_DCIS_Ep6","set4_10_14987_683_DCIS_Ep",8,0.0580255964392745,10
"set4_10_14990_684_ADH_DCIS_Ep6","set4_10_14990_684_ADH_DCIS_Ep",3,0.0489125607448068,10
"set4_10_14992_684_DCIS_Ep6","set4_10_14992_684_DCIS_Ep",6,0.0457425535775866,10
"set4_10_14994_684_NL_Ep6","set4_10_14994_684_NL_Ep",5,0.0615996109404913,10
"set4_10_14996_684_IBC_Ep6","set4_10_14996_684_IBC_Ep",6,0.0404981997124707,10
"set4_10_14998_685_DCIS_Ep6","set4_10_14998_685_DCIS_Ep",2,0.0446738462811456,10
"set4_10_15000_685_IBC_Ep6","set4_10_15000_685_IBC_Ep",3,0.051803816210862,10
"set4_10_15002_685_NL_Ep6","set4_10_15002_685_NL_Ep",7,0.0465943287638712,10
"set4_10_15004_685_EN_Ep6","set4_10_15004_685_EN_Ep",5,0.0600073201230063,10
"set4_10_15013_687_DCIS_1_Ep6","set4_10_15013_687_DCIS_1_Ep",10,0.0893206158368811,10
"set4_10_15015_687_DCIS_2_Ep6","set4_10_15015_687_DCIS_2_Ep",10,0.0868553217505852,10
"set4_10_15017_687_UDH_Ep6","set4_10_15017_687_UDH_Ep",7,0.0367307069964948,10
"set4_10_15019_687_EN_Ep6","set4_10_15019_687_EN_Ep",5,0.0460278168329285,10
"set4_10_15021_687_NL_Ep6","set4_10_15021_687_NL_Ep",5,0.0597025380163263,10
"set4_10_15025_688_EN_1_Ep6","set4_10_15025_688_EN_1_Ep",6,0.0504395660839284,10
"set4_10_14911_676_EN_Ep6","set4_10_14911_676_EN_Ep",7,0.0665170034832985,10
"set4_10_14913_676_BBD_2_Ep6","set4_10_14913_676_BBD_2_Ep",7,0.054973073289054,10
"set4_10_14915_676_IBC_Ep6","set4_10_14915_676_IBC_Ep",4,0.0795660961392268,10
"set4_10_14916_676_DCIS_1_Ep6","set4_10_14916_676_DCIS_1_Ep",4,0.0749740557830682,10
"set4_10_14918_676_BBD_1_Ep6","set4_10_14918_676_BBD_1_Ep",6,0.038603322006678,10
"set4_10_14920_676_NL_Ep6","set4_10_14920_676_NL_Ep",7,0.0617981660483175,10
"set4_10_15006_686_IBC_Ep6","set4_10_15006_686_IBC_Ep",10,0.0806751402575414,10
"set4_10_15007_686_DCIS_Ep6","set4_10_15007_686_DCIS_Ep",10,0.0554927132944137,10
"set4_10_15009_686_EN_Ep6","set4_10_15009_686_EN_Ep",2,0.0443693166585113,10
"set4_10_15011_686_NL_Ep6","set4_10_15011_686_NL_Ep",5,0.0559067231045002,10
"set4_10_15032_689_IBC_Ep6","set4_10_15032_689_IBC_Ep",6,0.043207059319552,10
"set4_10_15034_689_DCIS_1_Ep6","set4_10_15034_689_DCIS_1_Ep",6,0.0827139687607247,10
"set4_10_15036_689_NL_Ep6","set4_10_15036_689_NL_Ep",5,0.0538187985508107,10
"set4_10_15038_689_DCIS_2_Ep6","set4_10_15038_689_DCIS_2_Ep",2,0.0467373199063701,10
"set4_10_15040_689_EN_1_Ep6","set4_10_15040_689_EN_1_Ep",7,0.0425549502532903,10
"set4_10_15042_689_EN_2_Ep6","set4_10_15042_689_EN_2_Ep",7,0.042639371396652,10
"set4_10_15052_690_EN_2_Ep6","set4_10_15052_690_EN_2_Ep",8,0.067317714407292,10
"set4_10_15062_691_EN_2_Ep6","set4_10_15062_691_EN_2_Ep",4,0.0572662687143279,10
"set4_10_14964_681_ADH_2_Ep6","set4_10_14964_681_ADH_2_Ep",2,0.0541908786264759,10
"set4_10_15023_688_IBC_Ep6","set4_10_15023_688_IBC_Ep",6,0.0927328720291842,10
"set4_10_15027_688_NL_Ep6","set4_10_15027_688_NL_Ep",5,0.0559607254772555,10
"set4_10_15029_688_EN_4_Ep6","set4_10_15029_688_EN_4_Ep",7,0.0702960588147298,10
"set4_10_15031_688_EN_5_Ep6","set4_10_15031_688_EN_5_Ep",4,0.0922902333835304,10
"set4_10_15044_690_NL_Ep6","set4_10_15044_690_NL_Ep",5,0.0483688453319434,10
"set4_10_15046_690_EN_1_Ep6","set4_10_15046_690_EN_1_Ep",7,0.0437827520204402,10
"set4_10_15048_690_IBC_Ep6","set4_10_15048_690_IBC_Ep",9,0.0777337576240248,10
"set4_10_15050_690_DCIS_Ep6","set4_10_15050_690_DCIS_Ep",3,0.0421579376526092,10
"set4_10_15054_690_i_DCIS_Ep6","set4_10_15054_690_i_DCIS_Ep",6,0.0576496490078129,10
"set4_10_15056_691_IBC_Ep6","set4_10_15056_691_IBC_Ep",9,0.0764851909663713,10
"set4_10_15058_691_EN_1_Ep6","set4_10_15058_691_EN_1_Ep",7,0.0525517568839929,10
"set4_10_15060_691_DCIS_Ep6","set4_10_15060_691_DCIS_Ep",8,0.0651005126460705,10
"set4_10_15064_692_IBC_Ep6","set4_10_15064_692_IBC_Ep",3,0.0542461080194024,10
"set4_10_15066_692_DCIS_Ep6","set4_10_15066_692_DCIS_Ep",6,0.0461584882319997,10
"set4_10_15068_692_NL_Ep6","set4_10_15068_692_NL_Ep",5,0.070676626273962,10
"set4_10_15585_744_IBC_Ep6","set4_10_15585_744_IBC_Ep",9,0.0479404439301917,10
"set4_10_15587_744_inF.NL_Ep6","set4_10_15587_744_inF.NL_Ep",5,0.0529858971756837,10
"set4_10_15589_744_DCIS_Ep6","set4_10_15589_744_DCIS_Ep",6,0.0510119482819723,10
"set4_10_15591_745_CCC_Ep6","set4_10_15591_745_CCC_Ep",7,0.0485592227429684,10
"set4_10_15593_745_BBD_Ep6","set4_10_15593_745_BBD_Ep",7,0.0387755755537242,10
"set4_10_15595_745_IP_Ep6","set4_10_15595_745_IP_Ep",8,0.0489016205461218,10
"set4_10_15597_746_IBC_Ep6","set4_10_15597_746_IBC_Ep",9,0.0807913929905371,10
"set4_10_15598_746_DCIS_Ep6","set4_10_15598_746_DCIS_Ep",3,0.047694118663161,10
"set4_10_15600_746_NL_Ep6","set4_10_15600_746_NL_Ep",8,0.0567208888236115,10
"set4_10_15602_747_IBC_Ep6","set4_10_15602_747_IBC_Ep",9,0.0467867085874504,10
"set4_10_15604_747_NL_Ep6","set4_10_15604_747_NL_Ep",2,0.0378105858817106,10
"set4_10_15606_747_ADH_Ep6","set4_10_15606_747_ADH_Ep",7,0.0437692611836939,10
"set4_10_15608_747_AM_Ep6","set4_10_15608_747_AM_Ep",4,0.119724007969536,10
"set4_10_15610_748_AM_Ep6","set4_10_15610_748_AM_Ep",4,0.121216982440029,10
"set4_10_15612_748_DCIS_Ep6","set4_10_15612_748_DCIS_Ep",4,0.0922176338847366,10
"set4_10_15614_748_IBC_Ep6","set4_10_15614_748_IBC_Ep",4,0.0688151747782039,10
"set4_10_15616_749_IBC_Ep6","set4_10_15616_749_IBC_Ep",9,0.0862038535032963,10
"set4_10_15617_749_DCIS_Ep6","set4_10_15617_749_DCIS_Ep",9,0.0855207706050492,10
"set4_10_15618_749_LVI_Ep6","set4_10_15618_749_LVI_Ep",9,0.0673685010365122,10
"set4_10_15622_750_NL_Ep6","set4_10_15622_750_NL_Ep",5,0.0389217201875883,10
"set4_10_15624_750_IBC_Ep6","set4_10_15624_750_IBC_Ep",9,0.0788353089463311,10
"set4_10_15626_750_DCIS_Ep6","set4_10_15626_750_DCIS_Ep",9,0.0575550692170781,10
"set4_10_15628_751_NL_Ep6","set4_10_15628_751_NL_Ep",7,0.0462055725324429,10
"set4_10_15630_751_IBC_Ep6","set4_10_15630_751_IBC_Ep",3,0.0459342039546706,10
"set4_10_15632_751_ADH_Ep6","set4_10_15632_751_ADH_Ep",7,0.041268244201807,10
"set4_10_15634_751_CCC_Ep6","set4_10_15634_751_CCC_Ep",8,0.0430463378306113,10
"set4_10_15636_752_IBC_Ep6","set4_10_15636_752_IBC_Ep",6,0.0430575138338533,10
"set4_10_15638_752_DCIS_Ep6","set4_10_15638_752_DCIS_Ep",6,0.0328603609284962,10
"set4_10_15639_752_NL_Ep6","set4_10_15639_752_NL_Ep",5,0.0493715644885777,10
"set4_10_15640_752_BBD_Ep6","set4_10_15640_752_BBD_Ep",2,0.0481222782904374,10
"set4_10_15644_753_DCIS_Ep6","set4_10_15644_753_DCIS_Ep",3,0.0580050896264974,10
"set4_10_15646_753_IBC_Ep6","set4_10_15646_753_IBC_Ep",9,0.0574701910092906,10
"set4_10_15647_753_NL_Ep6","set4_10_15647_753_NL_Ep",7,0.0595450228542244,10
"set4_10_15649_754_IBC_Ep6","set4_10_15649_754_IBC_Ep",9,0.0414975882202121,10
"set4_10_15651_754_ADH_Ep6","set4_10_15651_754_ADH_Ep",3,0.0499171670967712,10
"set4_10_15653_754_EN_1_Ep6","set4_10_15653_754_EN_1_Ep",3,0.0407730481875192,10
"set4_10_15655_754_DCIS_Ep6","set4_10_15655_754_DCIS_Ep",3,0.0534675132185395,10
"set4_10_15657_754_EN_2_Ep6","set4_10_15657_754_EN_2_Ep",2,0.0516097430803018,10
"set4_10_15659_755_EN_Ep6","set4_10_15659_755_EN_Ep",8,0.0507213869707694,10
"set4_10_15661_755_DCIS_inf_1_Ep6","set4_10_15661_755_DCIS_inf_1_Ep",6,0.108553357971146,10
"set4_10_15663_755_IBC_Ep6","set4_10_15663_755_IBC_Ep",6,0.0757014528021573,10
"set4_10_15665_755_DCIS_inf_2_Ep6","set4_10_15665_755_DCIS_inf_2_Ep",6,0.0574457908064225,10
"set4_10_15667_755_NL_Ep6","set4_10_15667_755_NL_Ep",1,0.0518399340283911,10
"set4_10_15669_756_NL_Ep6","set4_10_15669_756_NL_Ep",5,0.0625116115495852,10
"set4_10_15671_756_EN_1_Ep6","set4_10_15671_756_EN_1_Ep",1,0.0962749847217842,10
"set4_10_15673_756_IBC_Ep6","set4_10_15673_756_IBC_Ep",6,0.0689965993122717,10
"set4_10_15675_756_UDH_1_Ep6","set4_10_15675_756_UDH_1_Ep",1,0.0484419166492183,10
"set4_10_15677_756_EN_2_Ep6","set4_10_15677_756_EN_2_Ep",1,0.0870607180173894,10
"set4_10_15679_756_UDH_2_Ep6","set4_10_15679_756_UDH_2_Ep",1,0.123617813181084,10
"set4_10_15681_757_DCIS_Ep6","set4_10_15681_757_DCIS_Ep",3,0.0776205928720868,10
"set4_10_15683_757_IBC_Ep6","set4_10_15683_757_IBC_Ep",3,0.0705418406028362,10
"set4_10_15685_757_NL_Ep6","set4_10_15685_757_NL_Ep",3,0.0375945670552184,10
"set4_10_15687_757_UDH_Ep6","set4_10_15687_757_UDH_Ep",7,0.0408335485499837,10
"set4_10_15689_757_CCC_Ep6","set4_10_15689_757_CCC_Ep",8,0.0625828885548173,10
"set4_10_15691_757_EN_Ep6","set4_10_15691_757_EN_Ep",7,0.0384770130797609,10
"set4_10_15693_758_DCIS_1_Ep6","set4_10_15693_758_DCIS_1_Ep",9,0.0525098028413375,10
"set4_10_15695_758_IBC_1_Ep6","set4_10_15695_758_IBC_1_Ep",9,0.0763818523010334,10
"set4_10_15697_758_NL_Ep6","set4_10_15697_758_NL_Ep",5,0.0450597420229261,10
"set4_10_15703_758_EN_Ep6","set4_10_15703_758_EN_Ep",1,0.0436785195554212,10
"set4_10_15709_760_UDH_Ep6","set4_10_15709_760_UDH_Ep",7,0.0487044858101092,10
"set4_10_15713_760_IBC_Ep6","set4_10_15713_760_IBC_Ep",10,0.0816763768394996,10
"set4_10_15715_760_EN_1_Ep6","set4_10_15715_760_EN_1_Ep",5,0.0347050520546873,10
"set4_10_15717_760_NL_Ep6","set4_10_15717_760_NL_Ep",5,0.0379391147881593,10
"set4_10_15733_762_DCIS_2_Ep6","set4_10_15733_762_DCIS_2_Ep",3,0.0592131339518102,10
"set4_10_15699_758_DCIS_2_Ep6","set4_10_15699_758_DCIS_2_Ep",3,0.0514127275141885,10
"set4_10_15701_758_IBC_2_Ep6","set4_10_15701_758_IBC_2_Ep",9,0.0798286153948012,10
"set4_10_15705_759_DCIS_Ep6","set4_10_15705_759_DCIS_Ep",10,0.0671420988154079,10
"set4_10_15707_759_IBC_Ep6","set4_10_15707_759_IBC_Ep",10,0.0749914656485282,10
"set4_10_15711_760_EN_2_Ep6","set4_10_15711_760_EN_2_Ep",2,0.0506834541462882,10
"set4_10_15719_761_IBC_Ep6","set4_10_15719_761_IBC_Ep",9,0.0605185326808707,10
"set4_10_15721_761_DCIS_Ep6","set4_10_15721_761_DCIS_Ep",3,0.0454831542179337,10
"set4_10_15723_761_EN_1_Ep6","set4_10_15723_761_EN_1_Ep",7,0.0405210949575756,10
"set4_10_15725_761_ADH_Ep6","set4_10_15725_761_ADH_Ep",7,0.053117850329034,10
"set4_10_15729_762_IBC_Ep6","set4_10_15729_762_IBC_Ep",3,0.0610800718504668,10
"set4_10_15731_762_DCIS_1_Ep6","set4_10_15731_762_DCIS_1_Ep",3,0.0565036089381456,10
"set4_10_15735_763_IBC_Ep6","set4_10_15735_763_IBC_Ep",6,0.0840368013687968,10
"set4_10_15737_763_ADH_Ep6","set4_10_15737_763_ADH_Ep",3,0.0456041213135209,10
"set4_10_15739_763_NL_1_Ep6","set4_10_15739_763_NL_1_Ep",5,0.0568293020753545,10
"set4_10_15741_763_EN_Ep6","set4_10_15741_763_EN_Ep",5,0.0639231995773544,10
"set4_10_15745_764_IBC_Ep6","set4_10_15745_764_IBC_Ep",6,0.0624047613367723,10
"set4_10_15747_764_DCIS_1_Ep6","set4_10_15747_764_DCIS_1_Ep",3,0.0490041252983519,10
"set4_10_15749_764_LVI_Ep6","set4_10_15749_764_LVI_Ep",3,0.0444486534562731,10
"set4_10_15751_764_DCIS_2_Ep6","set4_10_15751_764_DCIS_2_Ep",3,0.051656574186239,10
"set4_10_15753_764_EN_Ep6","set4_10_15753_764_EN_Ep",1,0.0826339022794615,10
"set4_10_15755_764_NL_Ep6","set4_10_15755_764_NL_Ep",8,0.0375465050281294,10
"set4_10_15757_765_IBC_Ep6","set4_10_15757_765_IBC_Ep",4,0.0714558990840528,10
"set4_10_15759_765_DCIS_Ep6","set4_10_15759_765_DCIS_Ep",4,0.0881728545676566,10
"set4_10_15761_765_EN_1_Ep6","set4_10_15761_765_EN_1_Ep",8,0.0369697849847412,10
"set4_10_15765_765_NL_Ep6","set4_10_15765_765_NL_Ep",5,0.0468066194346063,10
"set4_10_15767_766_NL_Ep6","set4_10_15767_766_NL_Ep",5,0.047012794212846,10
"set4_10_15769_766_inf_NL_Ep6","set4_10_15769_766_inf_NL_Ep",5,0.0525261889061076,10
"set4_10_15771_766_IBC_Ep6","set4_10_15771_766_IBC_Ep",6,0.0638158651878574,10
"set4_10_15773_766_AM_Ep6","set4_10_15773_766_AM_Ep",4,0.111728158970801,10
"set4_10_15775_766_EN_Ep6","set4_10_15775_766_EN_Ep",1,0.0929097539340163,10
"set4_10_15777_767_IBC_Ep6","set4_10_15777_767_IBC_Ep",9,0.0492915638391326,10
"set4_10_15779_767_DCIS_Ep6","set4_10_15779_767_DCIS_Ep",3,0.0493646471214015,10
"set4_10_15781_767_AM_2_Ep6","set4_10_15781_767_AM_2_Ep",4,0.11103304576446,10
"set4_10_15783_767_ADH_Ep6","set4_10_15783_767_ADH_Ep",2,0.0480196221652271,10
"set4_10_15787_767_NL_Ep6","set4_10_15787_767_NL_Ep",1,0.0628731084676375,10
"set4_10_15789_768_IBC_Ep6","set4_10_15789_768_IBC_Ep",6,0.0932390953363129,10
"set4_10_15791_768_NL_Ep6","set4_10_15791_768_NL_Ep",5,0.0415492634131416,10
"set4_10_15795_768_EN_2_Ep6","set4_10_15795_768_EN_2_Ep",4,0.052066838857781,10
"set4_10_15797_768_EN_3_Ep6","set4_10_15797_768_EN_3_Ep",7,0.0500711243072616,10
"set4_10_15799_769_IBC_Ep6","set4_10_15799_769_IBC_Ep",9,0.0720386822926065,10
"set4_10_15801_769_DCIS_1_Ep6","set4_10_15801_769_DCIS_1_Ep",3,0.0495825593602164,10
"set4_10_15805_769_EN_1_Ep6","set4_10_15805_769_EN_1_Ep",8,0.0446316022372644,10
"set4_10_15809_769_NL_Ep6","set4_10_15809_769_NL_Ep",1,0.0707571866371816,10
"set4_10_15811_769_EN_4_Ep6","set4_10_15811_769_EN_4_Ep",7,0.0461421053864614,10
"set4_10_15817_769_AM_Ep6","set4_10_15817_769_AM_Ep",4,0.115930298921168,10
"set4_10_15785_767_AM_1_Ep6","set4_10_15785_767_AM_1_Ep",4,0.11667516109847,10
"set4_10_15793_768_EN_1_Ep6","set4_10_15793_768_EN_1_Ep",2,0.0520708552470824,10
"set4_10_15803_769_DCIS_2_Ep6","set4_10_15803_769_DCIS_2_Ep",6,0.0596900686114307,10
"set4_10_15807_769_EN_3_Ep6","set4_10_15807_769_EN_3_Ep",8,0.0511098818775252,10
"set4_10_15815_769_EN_6_Ep6","set4_10_15815_769_EN_6_Ep",7,0.0491429764340682,10
"set4_10_15819_770_DCIS_Ep6","set4_10_15819_770_DCIS_Ep",10,0.103893131213397,10
"set4_10_15821_770_IBC_Ep6","set4_10_15821_770_IBC_Ep",10,0.102927553730757,10
"set4_10_15823_770_EN_1_Ep6","set4_10_15823_770_EN_1_Ep",7,0.0524251693555716,10
"set4_10_15825_770_NL_Ep6","set4_10_15825_770_NL_Ep",5,0.0553248576481795,10
"set4_10_15829_771_EN_4_Ep6","set4_10_15829_771_EN_4_Ep",7,0.0512300247362535,10
"set4_10_15835_771_DCIS_3_Ep6","set4_10_15835_771_DCIS_3_Ep",3,0.0593042123638242,10
"set4_10_15831_771_NL_Ep6","set4_10_15831_771_NL_Ep",5,0.0712128525037615,10
"set4_10_15833_771_EN_2_Ep6","set4_10_15833_771_EN_2_Ep",8,0.0533522740195061,10
"set4_10_15839_771_DCIS_1_Ep6","set4_10_15839_771_DCIS_1_Ep",9,0.0716973913572404,10
"set4_10_15843_771_IBC_Ep6","set4_10_15843_771_IBC_Ep",9,0.0935872116483575,10
"set4_10_15727_761_EN_2_Ep6","set4_10_15727_761_EN_2_Ep",7,0.0475977503551172,10
"set4_10_15743_763_NL_2_Ep6","set4_10_15743_763_NL_2_Ep",5,0.0657195645151439,10
"set4_10_15763_765_EN_2_Ep6","set4_10_15763_765_EN_2_Ep",5,0.0506982243226694,10
"set4_10_15813_769_EN_5_Ep6","set4_10_15813_769_EN_5_Ep",7,0.0516577373468768,10
"set4_10_15827_771_EN_3_Ep6","set4_10_15827_771_EN_3_Ep",8,0.0836693662544624,10
"set4_10_15837_771_EN_1_Ep6","set4_10_15837_771_EN_1_Ep",8,0.0713099671117782,10
"set4_10_15841_771_DCIS_2_Ep6","set4_10_15841_771_DCIS_2_Ep",9,0.0638926227637019,10
"set4_10_15845_772_IBC_Ep6","set4_10_15845_772_IBC_Ep",3,0.0791961615812643,10
"set4_10_15847_772_DCIS_1_Ep6","set4_10_15847_772_DCIS_1_Ep",3,0.0734402278392012,10
"set4_10_15849_772_DCIS_2_Ep6","set4_10_15849_772_DCIS_2_Ep",3,0.071591093766132,10
"set4_10_15851_772_EN_1_Ep6","set4_10_15851_772_EN_1_Ep",3,0.0646597482263887,10
"set4_10_15853_772_EN_2_Ep6","set4_10_15853_772_EN_2_Ep",5,0.0539828017573836,10
"set4_10_15855_772_EN_3_Ep6","set4_10_15855_772_EN_3_Ep",3,0.0593610967878995,10
"set4_10_15857_772_EN_4_Ep6","set4_10_15857_772_EN_4_Ep",3,0.0543061718112809,10
"set4_10_15859_772_NL_Ep6","set4_10_15859_772_NL_Ep",5,0.0622272888950982,10
