"","Sample","Cluster","Max_Coefficient","Rank"
"set1_3_11771_354_EN_S_S2_R1_001","set1_3_11771_354_EN_S_S2_R1_001",4,0.25215646701721,4
"set1_3_11773_354_IDC_S_S4_R1_001","set1_3_11773_354_IDC_S_S4_R1_001",2,0.219606786192776,4
"set1_3_11775_354_RS1_S_center_S6_R1_001","set1_3_11775_354_RS1_S_center_S6_R1_001",2,0.187301243328697,4
"set1_3_11777_354_RS1_S_peripheral_S8_R1_001","set1_3_11777_354_RS1_S_peripheral_S8_R1_001",4,0.280979853659064,4
"set1_3_11779_354_RS2_S_center_S10_R1_001","set1_3_11779_354_RS2_S_center_S10_R1_001",3,0.208155430111547,4
"set1_3_11781_354_RS2_S_peripheral_S12_R1_001","set1_3_11781_354_RS2_S_peripheral_S12_R1_001",4,0.212024451033812,4
"set1_3_11783_354_NL_S_S14_R1_001","set1_3_11783_354_NL_S_S14_R1_001",4,0.236443808809105,4
"set1_3_11785_355_RS1_S_center_S16_R1_001","set1_3_11785_355_RS1_S_center_S16_R1_001",2,0.233987923147421,4
"set1_3_11787_355_RS1_S_peripheral_S18_R1_001","set1_3_11787_355_RS1_S_peripheral_S18_R1_001",4,0.226556358408305,4
"set1_3_11790_355_RS2_S_center_S21_R1_001","set1_3_11790_355_RS2_S_center_S21_R1_001",3,0.24425938030435,4
"set1_3_11792_355_RS2_S_peripheral_S23_R1_001","set1_3_11792_355_RS2_S_peripheral_S23_R1_001",4,0.211364828916422,4
"set1_3_11795_355_NL_S_S26_R1_001","set1_3_11795_355_NL_S_S26_R1_001",4,0.272722753286131,4
"set1_3_11797_355_RS3_S_center_S28_R1_001","set1_3_11797_355_RS3_S_center_S28_R1_001",3,0.218828686713498,4
"set1_3_11799_355_RS3_S_peripheral_S30_R1_001","set1_3_11799_355_RS3_S_peripheral_S30_R1_001",4,0.234950548966497,4
"set1_3_11803_356_RS1_S_center_S33_R1_001","set1_3_11803_356_RS1_S_center_S33_R1_001",2,0.1937694596728,4
"set1_3_11805_356_RS1_S_peripheral_S35_R1_001","set1_3_11805_356_RS1_S_peripheral_S35_R1_001",4,0.233546275607955,4
"set1_3_11807_357_NL_S_S41_R1_001","set1_3_11807_357_NL_S_S41_R1_001",4,0.170772167980214,4
"set1_3_11809_357_RS1_S_center_S33_R1_001","set1_3_11809_357_RS1_S_center_S33_R1_001",2,0.133068991567657,4
"set1_3_11811_357_RS1_S_peripheral_S42_R1_001","set1_3_11811_357_RS1_S_peripheral_S42_R1_001",4,0.15114009762127,4
"set1_3_11814_358_NL_S_S37_R1_001","set1_3_11814_358_NL_S_S37_R1_001",4,0.195208736037226,4
"set1_3_11816_358_EN_S_S39_R1_001","set1_3_11816_358_EN_S_S39_R1_001",3,0.227066672213955,4
"set1_3_11818_358_RS1_S_center_S41_R1_001","set1_3_11818_358_RS1_S_center_S41_R1_001",2,0.193612515232618,4
"set1_3_11820_358_RS1_S_peripheral_S43_R1_001","set1_3_11820_358_RS1_S_peripheral_S43_R1_001",4,0.192576948439777,4
"set1_3_11822_358_IBC_S_S45_R1_001","set1_3_11822_358_IBC_S_S45_R1_001",3,0.262733252681778,4
"set1_3_11824_358_RS2_S_center_S47_R1_001","set1_3_11824_358_RS2_S_center_S47_R1_001",2,0.206357235735558,4
"set1_3_11826_358_RS2_S_peripheral_S49_R1_001","set1_3_11826_358_RS2_S_peripheral_S49_R1_001",4,0.238548770734469,4
"set1_3_11828_359_RS1_S_center_S51_R1_001","set1_3_11828_359_RS1_S_center_S51_R1_001",4,0.152294919415174,4
"set1_3_11830_359_RS1_S_peripheral_S53_R1_001","set1_3_11830_359_RS1_S_peripheral_S53_R1_001",4,0.162057124969591,4
"set1_3_11834_359_RS2_S_center_S56_R1_001","set1_3_11834_359_RS2_S_center_S56_R1_001",2,0.227537237631366,4
"set1_3_11836_359_RS2_S_peripheral_S58_R1_001","set1_3_11836_359_RS2_S_peripheral_S58_R1_001",4,0.251483489714358,4
"set1_3_11839_360_RS1_S_center_S43_R1_001","set1_3_11839_360_RS1_S_center_S43_R1_001",2,0.122801263914158,4
"set1_3_11841_360_RS1_S_peripheral_S36_R1_001","set1_3_11841_360_RS1_S_peripheral_S36_R1_001",4,0.157289780224972,4
"set1_3_11843_360_NL_S_S53_R1_001","set1_3_11843_360_NL_S_S53_R1_001",4,0.164126933040388,4
"set1_3_11845_361_RS1_S_center_S31_R1_001","set1_3_11845_361_RS1_S_center_S31_R1_001",3,0.13197544108197,4
"set1_3_11847_361_RS1_S_peripheral_S35_R1_001","set1_3_11847_361_RS1_S_peripheral_S35_R1_001",3,0.149207620162458,4
"set1_3_11849_361_RS2_S_center_S20_R1_001","set1_3_11849_361_RS2_S_center_S20_R1_001",2,0.126141477664191,4
"set1_3_11851_361_RS2_S_peripheral_S45_R1_001","set1_3_11851_361_RS2_S_peripheral_S45_R1_001",4,0.138241517499189,4
"set1_3_11853_361_RS4_S_center_S29_R1_001","set1_3_11853_361_RS4_S_center_S29_R1_001",3,0.197167794306143,4
"set1_3_11855_361_RS4_S_peripheral_S25_R1_001","set1_3_11855_361_RS4_S_peripheral_S25_R1_001",4,0.153347151092036,4
"set1_3_11857_361_RS3_S_center_S26_R1_001","set1_3_11857_361_RS3_S_center_S26_R1_001",2,0.137151300751523,4
"set1_3_11859_361_RS3_S_peripheral_S54_R1_001","set1_3_11859_361_RS3_S_peripheral_S54_R1_001",4,0.147408308518732,4
"set1_3_11863_362_RS1_S_center_S28_R1_001","set1_3_11863_362_RS1_S_center_S28_R1_001",2,0.129712608499724,4
"set1_3_11865_362_RS1_S_peripheral_S40_R1_001","set1_3_11865_362_RS1_S_peripheral_S40_R1_001",4,0.139349147653799,4
"set1_3_11868_363_RS1_S_center_S27_R1_001","set1_3_11868_363_RS1_S_center_S27_R1_001",2,0.148085492568613,4
"set1_3_11870_363_RS1_S_peripheral_S46_R1_001","set1_3_11870_363_RS1_S_peripheral_S46_R1_001",4,0.14240390014254,4
"set1_3_11872_363_NL_S_S57_R1_001","set1_3_11872_363_NL_S_S57_R1_001",4,0.146120803173873,4
"set1_3_11875_364_RS1_S_center_S52_R1_001","set1_3_11875_364_RS1_S_center_S52_R1_001",2,0.11166806044331,4
"set1_3_11877_364_RS1_S_peripheral_S56_R1_001","set1_3_11877_364_RS1_S_peripheral_S56_R1_001",4,0.149024491145685,4
"set1_3_11881_364_RS2_S_center_S37_R1_001","set1_3_11881_364_RS2_S_center_S37_R1_001",2,0.151336382288522,4
"set1_3_13814_552_IBC_Str_1","set1_3_13814_552_IBC_Str_1",2,0.197430376947256,4
"set1_3_13829_551_DCIS_Str","set1_3_13829_551_DCIS_Str",4,0.132004846918991,4
"set1_3_13831_550_ADH_Str_1","set1_3_13831_550_ADH_Str_1",4,0.124715971902525,4
"set1_3_13837_550_DCIS_Str_1","set1_3_13837_550_DCIS_Str_1",4,0.130829172166738,4
"set1_3_13841_549_DCIS_Str","set1_3_13841_549_DCIS_Str",2,0.221607828671631,4
"set1_3_13843_549_IBC_Str","set1_3_13843_549_IBC_Str",2,0.192515587745871,4
"set1_3_13845_549_IN_Str","set1_3_13845_549_IN_Str",1,0.181404042865792,4
"set1_3_13849_550_DCIS_Str_2","set1_3_13849_550_DCIS_Str_2",1,0.141155277079844,4
"set1_3_13855_549_NL_Str","set1_3_13855_549_NL_Str",4,0.159790369143208,4
"set1_3_13859_548_DCIS_Str","set1_3_13859_548_DCIS_Str",1,0.163592987313233,4
"set1_3_13861_548_IBC_Str","set1_3_13861_548_IBC_Str",1,0.189577650636664,4
"set1_3_13863_547_NL_Str","set1_3_13863_547_NL_Str",4,0.17582608964325,4
"set1_3_13865_547_CCC_Str_1","set1_3_13865_547_CCC_Str_1",1,0.186587406961547,4
"set1_3_13867_547_CCH_Str_1","set1_3_13867_547_CCH_Str_1",4,0.241821950639932,4
"set1_3_13869_547_IBC_Str_1","set1_3_13869_547_IBC_Str_1",2,0.223203219967994,4
"set1_3_13871_547_DCIS_Str","set1_3_13871_547_DCIS_Str",2,0.223111355983148,4
"set1_3_13873_547_CCC_Str_2","set1_3_13873_547_CCC_Str_2",4,0.249214208493657,4
"set1_3_13877_547_CCC_Str_3","set1_3_13877_547_CCC_Str_3",2,0.195711531971045,4
"set1_3_13879_547_IBC_Str_2","set1_3_13879_547_IBC_Str_2",2,0.281359206291581,4
"set1_3_13881_547_NL_Str","set1_3_13881_547_NL_Str",3,0.161577218049245,4
"set1_3_13883_546_NL_Str","set1_3_13883_546_NL_Str",3,0.21526492000678,4
"set1_3_13885_546_ALH_Str","set1_3_13885_546_ALH_Str",3,0.200885315468396,4
"set1_3_13887_546_IBC_Str","set1_3_13887_546_IBC_Str",1,0.215524134891172,4
"set1_3_13889_546_LIN_Str","set1_3_13889_546_LIN_Str",1,0.1665252249037,4
"set1_3_13891_546_CCH_Str","set1_3_13891_546_CCH_Str",4,0.169165734618024,4
"set1_3_13893_546_HIN_Str","set1_3_13893_546_HIN_Str",1,0.248497841670687,4
"set1_3_13895_546_MIN_Str","set1_3_13895_546_MIN_Str",1,0.220419716058865,4
"set1_3_13897_545_CCC_Str_1","set1_3_13897_545_CCC_Str_1",3,0.194425003755984,4
"set1_3_13899_545_ADH_Str","set1_3_13899_545_ADH_Str",1,0.191341242038614,4
"set1_3_13901_545_UDH_Str_1","set1_3_13901_545_UDH_Str_1",3,0.233732379318008,4
"set1_3_13903_545_AM_Str_1","set1_3_13903_545_AM_Str_1",1,0.174072713489649,4
"set1_3_13905_545_IBC_Str","set1_3_13905_545_IBC_Str",3,0.153910192098572,4
"set1_3_13907_545_DCIS_Str_1","set1_3_13907_545_DCIS_Str_1",3,0.211414929053341,4
"set1_3_13909_545_CCC_Str_2","set1_3_13909_545_CCC_Str_2",3,0.169802048907512,4
"set1_3_13917_545_DCIS_Str_2","set1_3_13917_545_DCIS_Str_2",3,0.260403894044954,4
"set1_3_13925_544_DCIS_Str_1","set1_3_13925_544_DCIS_Str_1",3,0.142769070157102,4
"set1_3_13927_544_DCIS_Str_2","set1_3_13927_544_DCIS_Str_2",1,0.202237720158721,4
"set1_3_13929_544_IBC_Str","set1_3_13929_544_IBC_Str",1,0.199155631045588,4
"set1_3_13931_544_DCIS_Str_3","set1_3_13931_544_DCIS_Str_3",1,0.193409990240997,4
"set1_3_13939_568_NL_Str","set1_3_13939_568_NL_Str",4,0.181557411520953,4
"set1_3_13941_568_IBC_Str","set1_3_13941_568_IBC_Str",2,0.188526751441813,4
"set1_3_13943_568_DCIS_Str","set1_3_13943_568_DCIS_Str",1,0.150785116635061,4
"set1_3_13947_570_CCC_Str_1","set1_3_13947_570_CCC_Str_1",4,0.224062539052614,4
"set1_3_13949_570_IBC_Str","set1_3_13949_570_IBC_Str",3,0.153677299427009,4
"set1_3_13951_570_DCIS_Str","set1_3_13951_570_DCIS_Str",4,0.204642238432192,4
"set1_3_13953_570_ADH_Str_1","set1_3_13953_570_ADH_Str_1",4,0.192731375664203,4
"set1_3_13955_570_NL_Str","set1_3_13955_570_NL_Str",4,0.205369625155649,4
"set1_3_13957_570_CCC_Str_2","set1_3_13957_570_CCC_Str_2",4,0.216494193817446,4
"set1_3_13959_570_CCH_Str","set1_3_13959_570_CCH_Str",4,0.214731214426689,4
"set1_3_13961_570_ADH_Str_2","set1_3_13961_570_ADH_Str_2",4,0.157161700958311,4
"set1_3_13963_569_IBC_Str","set1_3_13963_569_IBC_Str",2,0.184301124363587,4
"set1_3_13965_567_EN_Str","set1_3_13965_567_EN_Str",4,0.187655154370257,4
"set1_3_13969_567_DCIS_Str","set1_3_13969_567_DCIS_Str",1,0.21829243582671,4
"set1_3_13971_567_IBC_Str","set1_3_13971_567_IBC_Str",2,0.169138013003697,4
"set1_3_13977_565_EN_Str","set1_3_13977_565_EN_Str",4,0.247646056980911,4
"set1_3_13983_561_DCIS_Str","set1_3_13983_561_DCIS_Str",2,0.159681819298701,4
"set1_3_13985_561_IBC_Str","set1_3_13985_561_IBC_Str",2,0.248244554884503,4
"set1_3_13988_562_DCIS_Str_1","set1_3_13988_562_DCIS_Str_1",1,0.161125792408307,4
"set1_3_13992_562_DCIS_Str_2","set1_3_13992_562_DCIS_Str_2",1,0.15492726024711,4
"set1_3_13994_562_NL_Str_2","set1_3_13994_562_NL_Str_2",4,0.22214124321392,4
"set1_3_13996_563_NL_Str","set1_3_13996_563_NL_Str",1,0.189285095415355,4
"set1_3_13998_563_IBC_Str","set1_3_13998_563_IBC_Str",1,0.196289370628021,4
"set1_3_14002_553_DCIS_Str","set1_3_14002_553_DCIS_Str",2,0.178714177646384,4
"set1_3_14004_553_IBC_Str","set1_3_14004_553_IBC_Str",2,0.23703850317728,4
"set1_3_14008_553_EN_Str","set1_3_14008_553_EN_Str",4,0.192452973949694,4
"set1_3_14013_560_CCC_Str","set1_3_14013_560_CCC_Str",4,0.227880816439871,4
"set1_3_14015_560_AM_Str","set1_3_14015_560_AM_Str",4,0.188087423477486,4
"set1_3_14017_560_NL_Str_1","set1_3_14017_560_NL_Str_1",4,0.200703628818557,4
"set1_3_14019_560_NL_Str_2","set1_3_14019_560_NL_Str_2",4,0.172153857893223,4
"set1_3_14021_560_IBC_Str_1","set1_3_14021_560_IBC_Str_1",1,0.186964275780043,4
"set1_3_14023_560_SA_Str","set1_3_14023_560_SA_Str",4,0.189539986837724,4
"set1_3_14026_560_IBC_Str_2","set1_3_14026_560_IBC_Str_2",1,0.110532696846926,4
"set1_3_14035_572_IBC_Str","set1_3_14035_572_IBC_Str",1,0.234848363068216,4
"set1_3_14037_571_NL_Str","set1_3_14037_571_NL_Str",4,0.169644607262887,4
"set1_3_14039_571_EN_Str","set1_3_14039_571_EN_Str",1,0.293876875516361,4
"set1_3_14041_571_DCISw_Str","set1_3_14041_571_DCISw_Str",1,0.294039419569808,4
"set1_3_14043_571_DCIS_Str","set1_3_14043_571_DCIS_Str",1,0.203433012980671,4
"set1_3_14045_571_IBC_Str_1","set1_3_14045_571_IBC_Str_1",1,0.253269833057854,4
"set1_3_14047_571_IBC_Str_2","set1_3_14047_571_IBC_Str_2",2,0.207937174655398,4
"set1_3_14049_566_IBC_Str","set1_3_14049_566_IBC_Str",1,0.204195628940774,4
"set1_3_14051_566_DCIS_Str","set1_3_14051_566_DCIS_Str",1,0.231107769378174,4
"set1_3_14053_566_UDH_Str","set1_3_14053_566_UDH_Str",4,0.1427378463608,4
"set1_3_14063_564_DCIS_Str","set1_3_14063_564_DCIS_Str",1,0.197614534881769,4
"set1_3_14065_564_HP_Str","set1_3_14065_564_HP_Str",4,0.143098843344328,4
"set1_3_14067_564_NL_Str","set1_3_14067_564_NL_Str",4,0.150644815920482,4
"set1_3_14069_564_IBC_Str","set1_3_14069_564_IBC_Str",2,0.16356406710463,4
"set1_3_14071_559_DCIS_Str","set1_3_14071_559_DCIS_Str",1,0.168321744587177,4
"set1_3_14073_559_IBC_Str","set1_3_14073_559_IBC_Str",1,0.160051970564624,4
"set1_3_14075_559_CCH_Str","set1_3_14075_559_CCH_Str",4,0.247843243437053,4
"set1_3_14081_558_IBC_Str","set1_3_14081_558_IBC_Str",2,0.209484145848335,4
"set1_3_14085_558_DCIS_Str_1","set1_3_14085_558_DCIS_Str_1",2,0.166863679816303,4
"set1_3_14093_557_IBC_Str","set1_3_14093_557_IBC_Str",1,0.129574547982697,4
"set1_3_14095_557_DCIS_Str","set1_3_14095_557_DCIS_Str",1,0.12421035427483,4
"set1_3_14097_556_IBC_Str_1","set1_3_14097_556_IBC_Str_1",2,0.149624072717681,4
"set1_3_14099_556_ADH_Str_1","set1_3_14099_556_ADH_Str_1",4,0.202898909421313,4
"set1_3_14101_556_ADH_Str_2","set1_3_14101_556_ADH_Str_2",4,0.183229651325782,4
"set1_3_14105_556_IBC_Str_2","set1_3_14105_556_IBC_Str_2",2,0.18374286351923,4
"set1_3_14111_555_IN_Str","set1_3_14111_555_IN_Str",1,0.177576965177755,4
"set1_3_14113_555_iIBC_Str","set1_3_14113_555_iIBC_Str",1,0.18041842931056,4
"set1_3_14115_555_IBC_Str","set1_3_14115_555_IBC_Str",2,0.151321187104818,4
"set4_10_14732_656_IBC_Str","set4_10_14732_656_IBC_Str",2,0.20920739543826,4
"set4_10_14734_656_BBD_Str","set4_10_14734_656_BBD_Str",4,0.2619652059796,4
"set4_10_14736_656_NL_Str","set4_10_14736_656_NL_Str",4,0.230806680162202,4
"set4_10_14738_657_CCC_Str","set4_10_14738_657_CCC_Str",4,0.167826783435976,4
"set4_10_14740_657_NL_Str","set4_10_14740_657_NL_Str",4,0.190827501813759,4
"set4_10_14742_657_DCIS_Str","set4_10_14742_657_DCIS_Str",2,0.244020289205795,4
"set4_10_14743_657_IBC_Str","set4_10_14743_657_IBC_Str",2,0.269243751185366,4
"set4_10_14748_658_DCIS_Str","set4_10_14748_658_DCIS_Str",1,0.260479435246638,4
"set4_10_14749_658_IBC_Str","set4_10_14749_658_IBC_Str",1,0.191902926578995,4
"set4_10_14750_658_NL_Str","set4_10_14750_658_NL_Str",4,0.2467504017754,4
"set4_10_14753_659_DCIS_Str","set4_10_14753_659_DCIS_Str",4,0.205146166960817,4
"set4_10_14754_659_IBC_Str","set4_10_14754_659_IBC_Str",1,0.185020245114807,4
"set4_10_14756_659_DCIS_Str","set4_10_14756_659_DCIS_Str",4,0.206184350686413,4
"set4_10_14758_659_NL_Str","set4_10_14758_659_NL_Str",4,0.190850266147205,4
"set4_10_14792_663_DCIS_Str","set4_10_14792_663_DCIS_Str",4,0.187170149539619,4
"set4_10_14794_663_IBC_Str","set4_10_14794_663_IBC_Str",2,0.165521902553942,4
"set4_10_14796_663_NL_Str","set4_10_14796_663_NL_Str",4,0.249096828551412,4
"set4_10_14760_660_IBC_Str","set4_10_14760_660_IBC_Str",1,0.199688146892545,4
"set4_10_14762_660_DCIS_Str","set4_10_14762_660_DCIS_Str",1,0.184705171177949,4
"set4_10_14764_660_NL_Str","set4_10_14764_660_NL_Str",4,0.174040547890425,4
"set4_10_14766_660_LVI_Str","set4_10_14766_660_LVI_Str",1,0.203678433843072,4
"set4_10_14768_661_IBC_Str","set4_10_14768_661_IBC_Str",1,0.200308839439617,4
"set4_10_14770_661_AM_Str","set4_10_14770_661_AM_Str",3,0.276398009893045,4
"set4_10_14772_661_ADH_Str","set4_10_14772_661_ADH_Str",4,0.241771897966453,4
"set4_10_14774_661_DCIS_Str","set4_10_14774_661_DCIS_Str",4,0.208825707689012,4
"set4_10_14776_661_ADH_Str","set4_10_14776_661_ADH_Str",4,0.2026547115244,4
"set4_10_14778_661_NL_Str","set4_10_14778_661_NL_Str",4,0.228278993724384,4
"set4_10_14780_662_DCIS.1_Str","set4_10_14780_662_DCIS.1_Str",2,0.262613585284011,4
"set4_10_14782_662_MIV.1_Str","set4_10_14782_662_MIV.1_Str",2,0.204585836509572,4
"set4_10_14784_662_DCIS.2_Str","set4_10_14784_662_DCIS.2_Str",2,0.205140721575294,4
"set4_10_14786_662_MIV.2_Str","set4_10_14786_662_MIV.2_Str",1,0.217634837680687,4
"set4_10_14788_662_DCIS.3_Str","set4_10_14788_662_DCIS.3_Str",2,0.280986344617372,4
"set4_10_14790_662_IBC_Str","set4_10_14790_662_IBC_Str",2,0.277692298294383,4
"set4_10_14910_676_DCIS.2_Str","set4_10_14910_676_DCIS.2_Str",3,0.177395313953777,4
"set4_10_14799_664_BBD_Str","set4_10_14799_664_BBD_Str",4,0.245069146090881,4
"set4_10_14801_664_IBC_Str","set4_10_14801_664_IBC_Str",2,0.212837394324883,4
"set4_10_14803_664_ADH_Str","set4_10_14803_664_ADH_Str",4,0.237856893129799,4
"set4_10_14806_665_IBC_Str","set4_10_14806_665_IBC_Str",2,0.262229730464224,4
"set4_10_14808_665_inf_NL_Str","set4_10_14808_665_inf_NL_Str",1,0.284748566894422,4
"set4_10_14860_665_DCIS_Str","set4_10_14860_665_DCIS_Str",4,0.168825497343672,4
"set4_10_14811_665_NL_Str","set4_10_14811_665_NL_Str",4,0.252992393538355,4
"set4_10_14814_666_DCIS_Str","set4_10_14814_666_DCIS_Str",4,0.148943959653932,4
"set4_10_14815_666_IBC_Str","set4_10_14815_666_IBC_Str",2,0.266704236090632,4
"set4_10_14817_666_NL_Str","set4_10_14817_666_NL_Str",4,0.222517104207292,4
"set4_10_14819_666_BBD_Str","set4_10_14819_666_BBD_Str",4,0.240392564625108,4
"set4_10_14854_671_UDH_Str","set4_10_14854_671_UDH_Str",4,0.241087104921424,4
"set4_10_14858_671_IBC_Str","set4_10_14858_671_IBC_Str",2,0.249377239157723,4
"set4_10_14859_671_DCIS_Str","set4_10_14859_671_DCIS_Str",2,0.228437090217411,4
"set4_10_14861_671_AM_Str","set4_10_14861_671_AM_Str",3,0.180231104577423,4
"set4_10_14863_671_CCC_Str","set4_10_14863_671_CCC_Str",4,0.20374840149535,4
"set4_10_14823_667_IBC_Str","set4_10_14823_667_IBC_Str",1,0.212264050809318,4
"set4_10_14824_667_DCIS_Str","set4_10_14824_667_DCIS_Str",4,0.174855422891325,4
"set4_10_14825_667_NL_Str","set4_10_14825_667_NL_Str",4,0.199998566584827,4
"set4_10_14827_668_IBC_Str","set4_10_14827_668_IBC_Str",2,0.276865392173495,4
"set4_10_14831_668_DCIS_Str","set4_10_14831_668_DCIS_Str",3,0.194789754973404,4
"set4_10_14832_668_NL_Str","set4_10_14832_668_NL_Str",4,0.194139604282496,4
"set4_10_14835_669_IBC_Str","set4_10_14835_669_IBC_Str",2,0.254457906775625,4
"set4_10_14836_669_NL_Str","set4_10_14836_669_NL_Str",4,0.197439890859511,4
"set4_10_14838_669_DCIS_Str","set4_10_14838_669_DCIS_Str",4,0.204881335509584,4
"set4_10_14841_670_EN_Str","set4_10_14841_670_EN_Str",4,0.203390158042354,4
"set4_10_14842_670_DCIS_Str","set4_10_14842_670_DCIS_Str",3,0.309501482382151,4
"set4_10_14845_670_DCIS_Str","set4_10_14845_670_DCIS_Str",1,0.141470724630568,4
"set4_10_14846_670_IBC_Str","set4_10_14846_670_IBC_Str",3,0.352188985936146,4
"set4_10_14850_670_BBD_Str","set4_10_14850_670_BBD_Str",3,0.197864731371727,4
"set4_10_14851_670_CCC_Str","set4_10_14851_670_CCC_Str",4,0.237885692603736,4
"set4_10_14852_670_AM_Str","set4_10_14852_670_AM_Str",4,0.234019263829515,4
"set4_10_14865_672_inf_NL_Str_S2_R1_001","set4_10_14865_672_inf_NL_Str_S2_R1_001",4,0.230844720695989,4
"set4_10_14867_672_IBC_Str_1_S4_R1_001","set4_10_14867_672_IBC_Str_1_S4_R1_001",2,0.291935097330641,4
"set4_10_14871_672_DCIS_Str_S8_R1_001","set4_10_14871_672_DCIS_Str_S8_R1_001",1,0.157597244366625,4
"set4_10_14872_672_CaLob_Str_S9_R1_001","set4_10_14872_672_CaLob_Str_S9_R1_001",1,0.251879255465574,4
"set4_10_14874_672_NL_Str_S11_R1_001","set4_10_14874_672_NL_Str_S11_R1_001",4,0.243324315914889,4
"set4_10_14877_672_CCC_Str_S14_R1_001","set4_10_14877_672_CCC_Str_S14_R1_001",4,0.251812151931716,4
"set4_10_14879_673_IBC_Str_S16_R1_001","set4_10_14879_673_IBC_Str_S16_R1_001",2,0.284608669517543,4
"set4_10_14881_673_DCIS_Str_S18_R1_001","set4_10_14881_673_DCIS_Str_S18_R1_001",1,0.284816427759828,4
"set4_10_14883_673_NL_Str_S20_R1_001","set4_10_14883_673_NL_Str_S20_R1_001",4,0.181410810316795,4
"set4_10_14885_673_AM_Str_S22_R1_001","set4_10_14885_673_AM_Str_S22_R1_001",4,0.216586660755647,4
"set4_10_14887_673_CCC_Str_S24_R1_001","set4_10_14887_673_CCC_Str_S24_R1_001",4,0.249074419811284,4
"set4_10_14889_673_EN_Str_S26_R1_001","set4_10_14889_673_EN_Str_S26_R1_001",4,0.204514881661956,4
"set4_10_14891_674_DCIS_Str_S28_R1_001","set4_10_14891_674_DCIS_Str_S28_R1_001",1,0.129225893651725,4
"set4_10_14893_674_IBC_Str_S30_R1_001","set4_10_14893_674_IBC_Str_S30_R1_001",2,0.20439066601972,4
"set4_10_14895_674_BBD_Str_S32_R1_001","set4_10_14895_674_BBD_Str_S32_R1_001",4,0.18602263724309,4
"set4_10_14900_675_EN1_Str_S34_R1_001","set4_10_14900_675_EN1_Str_S34_R1_001",4,0.253367669484711,4
"set4_10_14902_675_EN2_Str","set4_10_14902_675_EN2_Str",4,0.263779973488516,4
"set4_10_14903_675_EN3_Str","set4_10_14903_675_EN3_Str",4,0.269822649397152,4
"set4_10_14906_675_NL_Str","set4_10_14906_675_NL_Str",4,0.216743164953465,4
"set4_10_14923_677_IBC_Str","set4_10_14923_677_IBC_Str",2,0.20901306736473,4
"set4_10_14925_677_DCIS_Str","set4_10_14925_677_DCIS_Str",1,0.187374933317643,4
"set4_10_14927_677_NL_Str","set4_10_14927_677_NL_Str",1,0.17784576186258,4
"set4_10_14929_677_LVI_Str","set4_10_14929_677_LVI_Str",2,0.189540310051652,4
"set4_10_14931_678_IBC_Str","set4_10_14931_678_IBC_Str",2,0.275911323865105,4
"set4_10_14933_678_PLC_Str","set4_10_14933_678_PLC_Str",4,0.227220742825434,4
"set4_10_14935_678_EN_Str","set4_10_14935_678_EN_Str",4,0.265252351631424,4
"set4_10_14937_678_NL_Str","set4_10_14937_678_NL_Str",4,0.197876387874118,4
"set4_10_14939_679_IBC_Str","set4_10_14939_679_IBC_Str",2,0.315271553448986,4
"set4_10_14941_679_DCIS_Str","set4_10_14941_679_DCIS_Str",4,0.20256207111851,4
"set4_10_14943_679_NL_Str","set4_10_14943_679_NL_Str",4,0.225011148047912,4
"set4_10_14955_680_DCIS_2_Str","set4_10_14955_680_DCIS_2_Str",2,0.162240608227326,4
"set4_10_14957_680_ADH_2_Str","set4_10_14957_680_ADH_2_Str",4,0.144580910490698,4
"set4_10_14945_680_ADH_1_Str","set4_10_14945_680_ADH_1_Str",4,0.198375660788913,4
"set4_10_14947_680_UDH_Str","set4_10_14947_680_UDH_Str",4,0.257859279866213,4
"set4_10_14949_680_NL_Str","set4_10_14949_680_NL_Str",4,0.20573421636687,4
"set4_10_14951_680_DCIS_1_Str","set4_10_14951_680_DCIS_1_Str",2,0.1633280980614,4
"set4_10_14953_680_IBC_Str","set4_10_14953_680_IBC_Str",2,0.20460949807236,4
"set4_10_14959_680_LG_DCIS_Str","set4_10_14959_680_LG_DCIS_Str",1,0.235188285627487,4
"set4_10_14961_680_AM_Str","set4_10_14961_680_AM_Str",3,0.469210359646014,4
"set4_10_14967_681_DCIS_Str","set4_10_14967_681_DCIS_Str",4,0.136292645639653,4
"set4_10_14969_681_AM_Str","set4_10_14969_681_AM_Str",4,0.206255161366418,4
"set4_10_14971_681_EN_Str","set4_10_14971_681_EN_Str",4,0.170181763850248,4
"set4_10_14973_681_ADH_1_Str","set4_10_14973_681_ADH_1_Str",4,0.161053365167346,4
"set4_10_14975_681_IBC_Str","set4_10_14975_681_IBC_Str",2,0.311793302889732,4
"set4_10_14977_681_NL_Str","set4_10_14977_681_NL_Str",4,0.239773934885985,4
"set4_10_14979_682_NL_Str","set4_10_14979_682_NL_Str",4,0.200525604772902,4
"set4_10_14981_682_EN_Str","set4_10_14981_682_EN_Str",4,0.185141648301424,4
"set4_10_14983_682_IBC_Str","set4_10_14983_682_IBC_Str",2,0.202519201238811,4
"set4_10_14985_682_Inf_NL_Str","set4_10_14985_682_Inf_NL_Str",1,0.223135674795459,4
"set4_10_14988_683_DCIS_Str","set4_10_14988_683_DCIS_Str",1,0.16890995410679,4
"set4_10_14991_684_ADH_DCIS_Str","set4_10_14991_684_ADH_DCIS_Str",1,0.179206071615778,4
"set4_10_14993_684_DCIS_Str","set4_10_14993_684_DCIS_Str",1,0.219233470938167,4
"set4_10_14995_684_NL_Str","set4_10_14995_684_NL_Str",4,0.190419597356993,4
"set4_10_14997_684_IBC_Str","set4_10_14997_684_IBC_Str",2,0.244604451187505,4
"set4_10_14999_685_DCIS_Str","set4_10_14999_685_DCIS_Str",1,0.179619752043494,4
"set4_10_15001_685_IBC_Str","set4_10_15001_685_IBC_Str",2,0.194950479219191,4
"set4_10_15003_685_NL_Str","set4_10_15003_685_NL_Str",4,0.245836276398946,4
"set4_10_15005_685_EN_Str","set4_10_15005_685_EN_Str",4,0.234730934781365,4
"set4_10_15014_687_DCIS_1_Str","set4_10_15014_687_DCIS_1_Str",1,0.209042241827214,4
"set4_10_15016_687_DCIS_2_Str","set4_10_15016_687_DCIS_2_Str",1,0.288028937898956,4
"set4_10_15018_687_UDH_Str","set4_10_15018_687_UDH_Str",4,0.204146464044391,4
"set4_10_15020_687_EN_Str","set4_10_15020_687_EN_Str",3,0.214231449199598,4
"set4_10_15022_687_NL_Str","set4_10_15022_687_NL_Str",4,0.265315056078756,4
"set4_10_15026_688_EN_1_Str","set4_10_15026_688_EN_1_Str",1,0.180018169356906,4
"set4_10_14912_676_EN_Str","set4_10_14912_676_EN_Str",4,0.186396626649273,4
"set4_10_14914_676_BBD_2_Str","set4_10_14914_676_BBD_2_Str",4,0.242635479505734,4
"set4_10_14917_676_DCIS_1_Str","set4_10_14917_676_DCIS_1_Str",1,0.188316780244531,4
"set4_10_14919_676_BBD_1_Str","set4_10_14919_676_BBD_1_Str",4,0.21779927931793,4
"set4_10_14921_676_NL_Str","set4_10_14921_676_NL_Str",4,0.243648989163521,4
"set4_10_15008_686_DCIS_Str","set4_10_15008_686_DCIS_Str",1,0.220227549194557,4
"set4_10_15010_686_EN_Str","set4_10_15010_686_EN_Str",4,0.24705204085995,4
"set4_10_15012_686_NL_Str","set4_10_15012_686_NL_Str",4,0.249173848521631,4
"set4_10_15033_689_IBC_Str","set4_10_15033_689_IBC_Str",2,0.305778477131448,4
"set4_10_15035_689_DCIS_1_Str","set4_10_15035_689_DCIS_1_Str",1,0.249983192039285,4
"set4_10_15037_689_NL_Str","set4_10_15037_689_NL_Str",4,0.249500472328007,4
"set4_10_15039_689_DCIS_2_Str","set4_10_15039_689_DCIS_2_Str",1,0.208299149086596,4
"set4_10_15041_689_EN_1_Str","set4_10_15041_689_EN_1_Str",4,0.218102950368832,4
"set4_10_15043_689_EN_2_Str","set4_10_15043_689_EN_2_Str",4,0.203567671268852,4
"set4_10_15053_690_EN_2_Str","set4_10_15053_690_EN_2_Str",4,0.280136974706178,4
"set4_10_15063_691_EN_2_Str","set4_10_15063_691_EN_2_Str",4,0.219881346165724,4
"set4_10_14965_681_ADH_2_Str","set4_10_14965_681_ADH_2_Str",4,0.203870495301066,4
"set4_10_15024_688_IBC_Str","set4_10_15024_688_IBC_Str",1,0.306995728190942,4
"set4_10_15028_688_NL_Str","set4_10_15028_688_NL_Str",4,0.199215903840264,4
"set4_10_15030_688_EN_4_Str","set4_10_15030_688_EN_4_Str",3,0.244611625505454,4
"set4_10_15107_688_EN_5_Str","set4_10_15107_688_EN_5_Str",4,0.251276142583649,4
"set4_10_15045_690_NL_Str","set4_10_15045_690_NL_Str",4,0.172468032319466,4
"set4_10_15047_690_EN_1_Str","set4_10_15047_690_EN_1_Str",4,0.211840934939235,4
"set4_10_15049_690_IBC_Str","set4_10_15049_690_IBC_Str",2,0.297710174050635,4
"set4_10_15051_690_DCIS_Str","set4_10_15051_690_DCIS_Str",1,0.204091204056464,4
"set4_10_15055_690_i_DCIS_Str","set4_10_15055_690_i_DCIS_Str",1,0.27653036768283,4
"set4_10_15057_691_IBC_Str","set4_10_15057_691_IBC_Str",2,0.275742253798379,4
"set4_10_15059_691_EN_1_Str","set4_10_15059_691_EN_1_Str",4,0.184127000482732,4
"set4_10_15061_691_DCIS_Str","set4_10_15061_691_DCIS_Str",3,0.204468041281824,4
"set4_10_15065_692_IBC_Str","set4_10_15065_692_IBC_Str",2,0.201600934382379,4
"set4_10_15067_692_DCIS_Str","set4_10_15067_692_DCIS_Str",1,0.257257157358978,4
"set4_10_15069_692_NL_Str","set4_10_15069_692_NL_Str",1,0.201359127065153,4
"set4_10_15586_744_IBC_Str","set4_10_15586_744_IBC_Str",2,0.267008069329504,4
"set4_10_15588_744_inF.NL_Str","set4_10_15588_744_inF.NL_Str",1,0.245557916746085,4
"set4_10_15590_744_DCIS_Str","set4_10_15590_744_DCIS_Str",2,0.169091543081396,4
"set4_10_15592_745_CCC_Str","set4_10_15592_745_CCC_Str",4,0.223369618424382,4
"set4_10_15594_745_BBD_Str","set4_10_15594_745_BBD_Str",4,0.258579814751294,4
"set4_10_15596_745_IP_Str","set4_10_15596_745_IP_Str",1,0.179847198063373,4
"set4_10_15599_746_DCIS_Str","set4_10_15599_746_DCIS_Str",1,0.270327657021163,4
"set4_10_15601_746_NL_Str","set4_10_15601_746_NL_Str",1,0.193542554013863,4
"set4_10_15603_747_IBC_Str","set4_10_15603_747_IBC_Str",2,0.299694883679883,4
"set4_10_15605_747_NL_Str","set4_10_15605_747_NL_Str",4,0.20807750242835,4
"set4_10_15607_747_ADH_Str","set4_10_15607_747_ADH_Str",4,0.271907492645643,4
"set4_10_15609_747_AM_Str","set4_10_15609_747_AM_Str",4,0.199605639782664,4
"set4_10_15611_748_AM_Str","set4_10_15611_748_AM_Str",4,0.229205408215691,4
"set4_10_15613_748_DCIS_Str","set4_10_15613_748_DCIS_Str",1,0.20718589332707,4
"set4_10_15615_748_IBC_Str","set4_10_15615_748_IBC_Str",2,0.25251199508646,4
"set4_10_15619_749_IBC_Str","set4_10_15619_749_IBC_Str",2,0.267381504278999,4
"set4_10_15620_749_DCIS_Str","set4_10_15620_749_DCIS_Str",2,0.204912862072292,4
"set4_10_15621_749_LVI_Str","set4_10_15621_749_LVI_Str",2,0.218879233408755,4
"set4_10_15623_750_NL_Str","set4_10_15623_750_NL_Str",4,0.232706895493103,4
"set4_10_15625_750_IBC_Str","set4_10_15625_750_IBC_Str",2,0.283180905390528,4
"set4_10_15627_750_DCIS_Str","set4_10_15627_750_DCIS_Str",2,0.241722243548365,4
"set4_10_15629_751_NL_Str","set4_10_15629_751_NL_Str",4,0.271194024418015,4
"set4_10_15631_751_IBC_Str","set4_10_15631_751_IBC_Str",2,0.249597281241873,4
"set4_10_15633_751_ADH_Str","set4_10_15633_751_ADH_Str",4,0.257583126687677,4
"set4_10_15635_751_CCC_Str","set4_10_15635_751_CCC_Str",4,0.281154414915102,4
"set4_10_15637_752_IBC_Str","set4_10_15637_752_IBC_Str",1,0.215014120961004,4
"set4_10_15641_752_DCIS_Str","set4_10_15641_752_DCIS_Str",4,0.225153920386742,4
"set4_10_15642_752_NL_Str","set4_10_15642_752_NL_Str",3,0.25129228112122,4
"set4_10_15643_752_BBD_Str","set4_10_15643_752_BBD_Str",3,0.203399380238516,4
"set4_10_15645_753_DCIS_Str","set4_10_15645_753_DCIS_Str",2,0.224356703000333,4
"set4_10_15648_753_NL_Str","set4_10_15648_753_NL_Str",4,0.273154343119301,4
"set4_10_15650_754_IBC_Str","set4_10_15650_754_IBC_Str",2,0.301390752213562,4
"set4_10_15652_754_ADH_Str","set4_10_15652_754_ADH_Str",2,0.187108550801502,4
"set4_10_15654_754_EN_1_Str","set4_10_15654_754_EN_1_Str",4,0.15123544036728,4
"set4_10_15656_754_DCIS_Str","set4_10_15656_754_DCIS_Str",2,0.232074601092235,4
"set4_10_15658_754_EN_2_Str","set4_10_15658_754_EN_2_Str",4,0.172719599600494,4
"set4_10_15660_755_EN_Str","set4_10_15660_755_EN_Str",3,0.246167412066677,4
"set4_10_15662_755_DCIS_inf_1_Str","set4_10_15662_755_DCIS_inf_1_Str",1,0.283841473944429,4
"set4_10_15664_755_IBC_Str","set4_10_15664_755_IBC_Str",1,0.27316878756987,4
"set4_10_15666_755_DCIS_inf_2_Str","set4_10_15666_755_DCIS_inf_2_Str",1,0.265036602359187,4
"set4_10_15668_755_NL_Str","set4_10_15668_755_NL_Str",4,0.211286805047751,4
"set4_10_15670_756_NL_Str","set4_10_15670_756_NL_Str",4,0.168286539399428,4
"set4_10_15672_756_EN_1_Str","set4_10_15672_756_EN_1_Str",4,0.26798908905709,4
"set4_10_15674_756_IBC_Str","set4_10_15674_756_IBC_Str",1,0.236686246608556,4
"set4_10_15676_756_UDH_1_Str","set4_10_15676_756_UDH_1_Str",4,0.16890677597092,4
"set4_10_15678_756_EN_2_Str","set4_10_15678_756_EN_2_Str",3,0.196515858596188,4
"set4_10_15680_756_UDH_2_Str","set4_10_15680_756_UDH_2_Str",3,0.278011268977105,4
"set4_10_15682_757_DCIS_Str","set4_10_15682_757_DCIS_Str",1,0.169987426185196,4
"set4_10_15684_757_IBC_Str","set4_10_15684_757_IBC_Str",2,0.186081068218111,4
"set4_10_15686_757_NL_Str","set4_10_15686_757_NL_Str",4,0.216201062107725,4
"set4_10_15688_757_UDH_Str","set4_10_15688_757_UDH_Str",4,0.224442185629129,4
"set4_10_15690_757_CCC_Str","set4_10_15690_757_CCC_Str",4,0.216298884920264,4
"set4_10_15692_757_EN_Str","set4_10_15692_757_EN_Str",3,0.240914441917931,4
"set4_10_15694_758_DCIS_1_Str","set4_10_15694_758_DCIS_1_Str",1,0.181659277683416,4
"set4_10_15696_758_IBC_1_Str","set4_10_15696_758_IBC_1_Str",1,0.240870433184143,4
"set4_10_15698_758_NL_Str","set4_10_15698_758_NL_Str",4,0.171634253362035,4
"set4_10_15704_758_EN_Str","set4_10_15704_758_EN_Str",4,0.194609214732614,4
"set4_10_15710_760_UDH_Str","set4_10_15710_760_UDH_Str",3,0.203864021002176,4
"set4_10_15714_760_IBC_Str","set4_10_15714_760_IBC_Str",1,0.243345471694076,4
"set4_10_15716_760_EN_1_Str","set4_10_15716_760_EN_1_Str",3,0.203218180204677,4
"set4_10_15718_760_NL_Str","set4_10_15718_760_NL_Str",3,0.275204271699876,4
"set4_10_15734_762_DCIS_2_Str","set4_10_15734_762_DCIS_2_Str",1,0.248495087167314,4
"set4_10_15700_758_DCIS_2_Str","set4_10_15700_758_DCIS_2_Str",1,0.182137004292793,4
"set4_10_15702_758_IBC_2_Str","set4_10_15702_758_IBC_2_Str",2,0.206186320756216,4
"set4_10_15706_759_DCIS_Str","set4_10_15706_759_DCIS_Str",1,0.165657427759277,4
"set4_10_15708_759_IBC_Str","set4_10_15708_759_IBC_Str",2,0.236023564548624,4
"set4_10_15712_760_EN_2_Str","set4_10_15712_760_EN_2_Str",3,0.227033179006579,4
"set4_10_15720_761_IBC_Str","set4_10_15720_761_IBC_Str",1,0.224646733307193,4
"set4_10_15722_761_DCIS_Str","set4_10_15722_761_DCIS_Str",1,0.216236834498353,4
"set4_10_15724_761_EN_1_Str","set4_10_15724_761_EN_1_Str",4,0.213403396889636,4
"set4_10_15726_761_ADH_Str","set4_10_15726_761_ADH_Str",4,0.212549781824312,4
"set4_10_15730_762_IBC_Str","set4_10_15730_762_IBC_Str",2,0.23424659126465,4
"set4_10_15732_762_DCIS_1_Str","set4_10_15732_762_DCIS_1_Str",2,0.201553311349824,4
"set4_10_15736_763_IBC_Str","set4_10_15736_763_IBC_Str",1,0.217660219100924,4
"set4_10_15738_763_ADH_Str","set4_10_15738_763_ADH_Str",3,0.266728943148935,4
"set4_10_15740_763_NL_1_Str","set4_10_15740_763_NL_1_Str",3,0.286469860941826,4
"set4_10_15742_763_EN_Str","set4_10_15742_763_EN_Str",3,0.200075150613588,4
"set4_10_15746_764_IBC_Str","set4_10_15746_764_IBC_Str",1,0.230575214316456,4
"set4_10_15748_764_DCIS_1_Str","set4_10_15748_764_DCIS_1_Str",1,0.233150592375104,4
"set4_10_15750_764_LVI_Str","set4_10_15750_764_LVI_Str",1,0.190318513964869,4
"set4_10_15752_764_DCIS_2_Str","set4_10_15752_764_DCIS_2_Str",1,0.215604603488243,4
"set4_10_15754_764_EN_Str","set4_10_15754_764_EN_Str",4,0.238964993542953,4
"set4_10_15756_764_NL_Str","set4_10_15756_764_NL_Str",4,0.179030639441268,4
"set4_10_15758_765_IBC_Str","set4_10_15758_765_IBC_Str",2,0.224515191444419,4
"set4_10_15760_765_DCIS_Str","set4_10_15760_765_DCIS_Str",3,0.177299283957007,4
"set4_10_15762_765_EN_1_Str","set4_10_15762_765_EN_1_Str",4,0.197638055370304,4
"set4_10_15766_765_NL_Str","set4_10_15766_765_NL_Str",4,0.197038526022095,4
"set4_10_15768_766_NL_Str","set4_10_15768_766_NL_Str",4,0.200350439716565,4
"set4_10_15770_766_inf_NL_Str","set4_10_15770_766_inf_NL_Str",1,0.276212464510471,4
"set4_10_15772_766_IBC_Str","set4_10_15772_766_IBC_Str",1,0.232440318321509,4
"set4_10_15774_766_AM_Str","set4_10_15774_766_AM_Str",3,0.25303503846278,4
"set4_10_15776_766_EN_Str","set4_10_15776_766_EN_Str",4,0.217083816901438,4
"set4_10_15778_767_IBC_Str","set4_10_15778_767_IBC_Str",2,0.223642386394663,4
"set4_10_15780_767_DCIS_Str","set4_10_15780_767_DCIS_Str",2,0.166575836841708,4
"set4_10_15782_767_AM_2_Str","set4_10_15782_767_AM_2_Str",4,0.235022786473175,4
"set4_10_15784_767_ADH_Str","set4_10_15784_767_ADH_Str",4,0.249155725548204,4
"set4_10_15788_767_NL_Str","set4_10_15788_767_NL_Str",4,0.23729427652162,4
"set4_10_15790_768_IBC_Str","set4_10_15790_768_IBC_Str",1,0.285582541083375,4
"set4_10_15792_768_NL_Str","set4_10_15792_768_NL_Str",4,0.213158927184152,4
"set4_10_15796_768_EN_2_Str","set4_10_15796_768_EN_2_Str",4,0.287283120359347,4
"set4_10_15798_768_EN_3_Str","set4_10_15798_768_EN_3_Str",3,0.195505319285616,4
"set4_10_15800_769_IBC_Str","set4_10_15800_769_IBC_Str",1,0.232890880621464,4
"set4_10_15802_769_DCIS_1_Str","set4_10_15802_769_DCIS_1_Str",1,0.23757553330744,4
"set4_10_15806_769_EN_1_Str","set4_10_15806_769_EN_1_Str",4,0.213204842118291,4
"set4_10_15810_769_NL_Str","set4_10_15810_769_NL_Str",4,0.220618588612368,4
"set4_10_15812_769_EN_4_Str","set4_10_15812_769_EN_4_Str",4,0.229590492221419,4
"set4_10_15818_769_AM_Str","set4_10_15818_769_AM_Str",3,0.390236771553055,4
"set4_10_15786_767_AM_1_Str","set4_10_15786_767_AM_1_Str",4,0.223391716764016,4
"set4_10_15794_768_EN_1_Str","set4_10_15794_768_EN_1_Str",4,0.20630356891523,4
"set4_10_15804_769_DCIS_2_Str","set4_10_15804_769_DCIS_2_Str",1,0.273158232345581,4
"set4_10_15808_769_EN_3_Str","set4_10_15808_769_EN_3_Str",3,0.217965397911303,4
"set4_10_15816_769_EN_6_Str","set4_10_15816_769_EN_6_Str",3,0.23400740224008,4
"set4_10_15820_770_DCIS_Str","set4_10_15820_770_DCIS_Str",1,0.250201952856409,4
"set4_10_15822_770_IBC_Str","set4_10_15822_770_IBC_Str",2,0.288199880170311,4
"set4_10_15824_770_EN_1_Str","set4_10_15824_770_EN_1_Str",4,0.25753254364258,4
"set4_10_15826_770_NL_Str","set4_10_15826_770_NL_Str",4,0.198249176479196,4
"set4_10_15830_771_EN_4_Str","set4_10_15830_771_EN_4_Str",4,0.283841479467954,4
"set4_10_15836_771_DCIS_3_Str","set4_10_15836_771_DCIS_3_Str",1,0.202412322710773,4
"set4_10_15832_771_NL_Str","set4_10_15832_771_NL_Str",4,0.235471484869075,4
"set4_10_15834_771_EN_2_Str","set4_10_15834_771_EN_2_Str",4,0.187041266796046,4
"set4_10_15840_771_DCIS_1_Str","set4_10_15840_771_DCIS_1_Str",2,0.24060147473535,4
"set4_10_15844_771_IBC_Str","set4_10_15844_771_IBC_Str",2,0.251556094469077,4
"set4_10_15728_761_EN_2_Str","set4_10_15728_761_EN_2_Str",3,0.316035926345122,4
"set4_10_15744_763_NL_2_Str","set4_10_15744_763_NL_2_Str",1,0.169430280522068,4
"set4_10_15764_765_EN_2_Str","set4_10_15764_765_EN_2_Str",4,0.154774425398998,4
"set4_10_15814_769_EN_5_Str","set4_10_15814_769_EN_5_Str",4,0.263711541747031,4
"set4_10_15828_771_EN_3_Str","set4_10_15828_771_EN_3_Str",3,0.272217851360597,4
"set4_10_15838_771_EN_1_Str","set4_10_15838_771_EN_1_Str",3,0.206976579834398,4
"set4_10_15842_771_DCIS_2_Str","set4_10_15842_771_DCIS_2_Str",1,0.223036806627726,4
"set4_10_15846_772_IBC_Str","set4_10_15846_772_IBC_Str",2,0.218240080506879,4
"set4_10_15848_772_DCIS_1_Str","set4_10_15848_772_DCIS_1_Str",2,0.144813466372515,4
"set4_10_15850_772_DCIS_2_Str","set4_10_15850_772_DCIS_2_Str",2,0.135493474380675,4
"set4_10_15852_772_EN_1_Str","set4_10_15852_772_EN_1_Str",4,0.189684386514071,4
"set4_10_15854_772_EN_2_Str","set4_10_15854_772_EN_2_Str",3,0.168203554791603,4
"set4_10_15856_772_EN_3_Str","set4_10_15856_772_EN_3_Str",3,0.187781461250374,4
"set4_10_15858_772_EN_4_Str","set4_10_15858_772_EN_4_Str",3,0.24626973537601,4
"set4_10_15860_772_NL_Str","set4_10_15860_772_NL_Str",4,0.219218828822862,4
"set1_3_11771_354_EN_S_S2_R1_0011","set1_3_11771_354_EN_S_S2_R1_001",5,0.18770717475849,5
"set1_3_11773_354_IDC_S_S4_R1_0011","set1_3_11773_354_IDC_S_S4_R1_001",1,0.199140874461657,5
"set1_3_11775_354_RS1_S_center_S6_R1_0011","set1_3_11775_354_RS1_S_center_S6_R1_001",1,0.164404962437714,5
"set1_3_11777_354_RS1_S_peripheral_S8_R1_0011","set1_3_11777_354_RS1_S_peripheral_S8_R1_001",5,0.198091039674522,5
"set1_3_11779_354_RS2_S_center_S10_R1_0011","set1_3_11779_354_RS2_S_center_S10_R1_001",4,0.172940767381424,5
"set1_3_11781_354_RS2_S_peripheral_S12_R1_0011","set1_3_11781_354_RS2_S_peripheral_S12_R1_001",5,0.191040308753029,5
"set1_3_11783_354_NL_S_S14_R1_0011","set1_3_11783_354_NL_S_S14_R1_001",5,0.179916368622914,5
"set1_3_11785_355_RS1_S_center_S16_R1_0011","set1_3_11785_355_RS1_S_center_S16_R1_001",1,0.213221135765289,5
"set1_3_11787_355_RS1_S_peripheral_S18_R1_0011","set1_3_11787_355_RS1_S_peripheral_S18_R1_001",5,0.202634371769128,5
"set1_3_11790_355_RS2_S_center_S21_R1_0011","set1_3_11790_355_RS2_S_center_S21_R1_001",4,0.215215971450226,5
"set1_3_11792_355_RS2_S_peripheral_S23_R1_0011","set1_3_11792_355_RS2_S_peripheral_S23_R1_001",5,0.196936462359704,5
"set1_3_11795_355_NL_S_S26_R1_0011","set1_3_11795_355_NL_S_S26_R1_001",5,0.227648747471862,5
"set1_3_11797_355_RS3_S_center_S28_R1_0011","set1_3_11797_355_RS3_S_center_S28_R1_001",4,0.184597176578537,5
"set1_3_11799_355_RS3_S_peripheral_S30_R1_0011","set1_3_11799_355_RS3_S_peripheral_S30_R1_001",5,0.186768530253709,5
"set1_3_11803_356_RS1_S_center_S33_R1_0011","set1_3_11803_356_RS1_S_center_S33_R1_001",1,0.173927545737398,5
"set1_3_11805_356_RS1_S_peripheral_S35_R1_0011","set1_3_11805_356_RS1_S_peripheral_S35_R1_001",5,0.171636597403755,5
"set1_3_11807_357_NL_S_S41_R1_0011","set1_3_11807_357_NL_S_S41_R1_001",5,0.131022274457775,5
"set1_3_11809_357_RS1_S_center_S33_R1_0011","set1_3_11809_357_RS1_S_center_S33_R1_001",1,0.118624088209934,5
"set1_3_11811_357_RS1_S_peripheral_S42_R1_0011","set1_3_11811_357_RS1_S_peripheral_S42_R1_001",5,0.113454678580789,5
"set1_3_11814_358_NL_S_S37_R1_0011","set1_3_11814_358_NL_S_S37_R1_001",2,0.171446592955676,5
"set1_3_11816_358_EN_S_S39_R1_0011","set1_3_11816_358_EN_S_S39_R1_001",4,0.190319921905797,5
"set1_3_11818_358_RS1_S_center_S41_R1_0011","set1_3_11818_358_RS1_S_center_S41_R1_001",1,0.167479652612043,5
"set1_3_11820_358_RS1_S_peripheral_S43_R1_0011","set1_3_11820_358_RS1_S_peripheral_S43_R1_001",2,0.145638746995499,5
"set1_3_11822_358_IBC_S_S45_R1_0011","set1_3_11822_358_IBC_S_S45_R1_001",4,0.233913763816975,5
"set1_3_11824_358_RS2_S_center_S47_R1_0011","set1_3_11824_358_RS2_S_center_S47_R1_001",1,0.188504997899552,5
"set1_3_11826_358_RS2_S_peripheral_S49_R1_0011","set1_3_11826_358_RS2_S_peripheral_S49_R1_001",5,0.176918671632104,5
"set1_3_11828_359_RS1_S_center_S51_R1_0011","set1_3_11828_359_RS1_S_center_S51_R1_001",2,0.178013412556736,5
"set1_3_11830_359_RS1_S_peripheral_S53_R1_0011","set1_3_11830_359_RS1_S_peripheral_S53_R1_001",2,0.17284332357675,5
"set1_3_11834_359_RS2_S_center_S56_R1_0011","set1_3_11834_359_RS2_S_center_S56_R1_001",1,0.198231351560659,5
"set1_3_11836_359_RS2_S_peripheral_S58_R1_0011","set1_3_11836_359_RS2_S_peripheral_S58_R1_001",5,0.181898230422018,5
"set1_3_11839_360_RS1_S_center_S43_R1_0011","set1_3_11839_360_RS1_S_center_S43_R1_001",1,0.102781171047513,5
"set1_3_11841_360_RS1_S_peripheral_S36_R1_0011","set1_3_11841_360_RS1_S_peripheral_S36_R1_001",2,0.122303058564474,5
"set1_3_11843_360_NL_S_S53_R1_0011","set1_3_11843_360_NL_S_S53_R1_001",2,0.128822715507385,5
"set1_3_11845_361_RS1_S_center_S31_R1_0011","set1_3_11845_361_RS1_S_center_S31_R1_001",4,0.111157684581108,5
"set1_3_11847_361_RS1_S_peripheral_S35_R1_0011","set1_3_11847_361_RS1_S_peripheral_S35_R1_001",4,0.11812817133667,5
"set1_3_11849_361_RS2_S_center_S20_R1_0011","set1_3_11849_361_RS2_S_center_S20_R1_001",1,0.107250755960573,5
"set1_3_11851_361_RS2_S_peripheral_S45_R1_0011","set1_3_11851_361_RS2_S_peripheral_S45_R1_001",5,0.102772449160186,5
"set1_3_11853_361_RS4_S_center_S29_R1_0011","set1_3_11853_361_RS4_S_center_S29_R1_001",4,0.170261265762947,5
"set1_3_11855_361_RS4_S_peripheral_S25_R1_0011","set1_3_11855_361_RS4_S_peripheral_S25_R1_001",5,0.114626303149465,5
"set1_3_11857_361_RS3_S_center_S26_R1_0011","set1_3_11857_361_RS3_S_center_S26_R1_001",1,0.116483877706535,5
"set1_3_11859_361_RS3_S_peripheral_S54_R1_0011","set1_3_11859_361_RS3_S_peripheral_S54_R1_001",2,0.111589214451277,5
"set1_3_11863_362_RS1_S_center_S28_R1_0011","set1_3_11863_362_RS1_S_center_S28_R1_001",1,0.114140501044139,5
"set1_3_11865_362_RS1_S_peripheral_S40_R1_0011","set1_3_11865_362_RS1_S_peripheral_S40_R1_001",5,0.114254899788827,5
"set1_3_11868_363_RS1_S_center_S27_R1_0011","set1_3_11868_363_RS1_S_center_S27_R1_001",1,0.131049196504648,5
"set1_3_11870_363_RS1_S_peripheral_S46_R1_0011","set1_3_11870_363_RS1_S_peripheral_S46_R1_001",2,0.104918278337682,5
"set1_3_11872_363_NL_S_S57_R1_0011","set1_3_11872_363_NL_S_S57_R1_001",5,0.104698190106826,5
"set1_3_11875_364_RS1_S_center_S52_R1_0011","set1_3_11875_364_RS1_S_center_S52_R1_001",1,0.0951281608448172,5
"set1_3_11877_364_RS1_S_peripheral_S56_R1_0011","set1_3_11877_364_RS1_S_peripheral_S56_R1_001",2,0.124403994388513,5
"set1_3_11881_364_RS2_S_center_S37_R1_0011","set1_3_11881_364_RS2_S_center_S37_R1_001",1,0.132279647749851,5
"set1_3_13814_552_IBC_Str_11","set1_3_13814_552_IBC_Str_1",1,0.185859331932858,5
"set1_3_13829_551_DCIS_Str1","set1_3_13829_551_DCIS_Str",5,0.0969385916420424,5
"set1_3_13831_550_ADH_Str_11","set1_3_13831_550_ADH_Str_1",2,0.159546439269179,5
"set1_3_13837_550_DCIS_Str_11","set1_3_13837_550_DCIS_Str_1",2,0.103410436615339,5
"set1_3_13841_549_DCIS_Str1","set1_3_13841_549_DCIS_Str",1,0.207525637688259,5
"set1_3_13843_549_IBC_Str1","set1_3_13843_549_IBC_Str",1,0.179670151003233,5
"set1_3_13845_549_IN_Str1","set1_3_13845_549_IN_Str",3,0.158232513668861,5
"set1_3_13849_550_DCIS_Str_21","set1_3_13849_550_DCIS_Str_2",2,0.112441489735397,5
"set1_3_13855_549_NL_Str1","set1_3_13855_549_NL_Str",5,0.12508783141136,5
"set1_3_13859_548_DCIS_Str1","set1_3_13859_548_DCIS_Str",3,0.13177981871467,5
"set1_3_13861_548_IBC_Str1","set1_3_13861_548_IBC_Str",3,0.157793656034525,5
"set1_3_13863_547_NL_Str1","set1_3_13863_547_NL_Str",5,0.132153055517288,5
"set1_3_13865_547_CCC_Str_11","set1_3_13865_547_CCC_Str_1",3,0.167850455354665,5
"set1_3_13867_547_CCH_Str_11","set1_3_13867_547_CCH_Str_1",5,0.203464123545564,5
"set1_3_13869_547_IBC_Str_11","set1_3_13869_547_IBC_Str_1",1,0.206714809280891,5
"set1_3_13871_547_DCIS_Str1","set1_3_13871_547_DCIS_Str",1,0.207127314584542,5
"set1_3_13873_547_CCC_Str_21","set1_3_13873_547_CCC_Str_2",5,0.192592530742271,5
"set1_3_13877_547_CCC_Str_31","set1_3_13877_547_CCC_Str_3",1,0.176811930439228,5
"set1_3_13879_547_IBC_Str_21","set1_3_13879_547_IBC_Str_2",1,0.258949751189183,5
"set1_3_13881_547_NL_Str1","set1_3_13881_547_NL_Str",4,0.130174970696404,5
"set1_3_13883_546_NL_Str1","set1_3_13883_546_NL_Str",5,0.181530623264443,5
"set1_3_13885_546_ALH_Str1","set1_3_13885_546_ALH_Str",4,0.166469296762465,5
"set1_3_13887_546_IBC_Str1","set1_3_13887_546_IBC_Str",3,0.19248537983614,5
"set1_3_13889_546_LIN_Str1","set1_3_13889_546_LIN_Str",3,0.151475392053477,5
"set1_3_13891_546_CCH_Str1","set1_3_13891_546_CCH_Str",3,0.138970583516733,5
"set1_3_13893_546_HIN_Str1","set1_3_13893_546_HIN_Str",3,0.229232542538962,5
"set1_3_13895_546_MIN_Str1","set1_3_13895_546_MIN_Str",3,0.20240925480752,5
"set1_3_13897_545_CCC_Str_11","set1_3_13897_545_CCC_Str_1",3,0.168243049751834,5
"set1_3_13899_545_ADH_Str1","set1_3_13899_545_ADH_Str",3,0.163263753348703,5
"set1_3_13901_545_UDH_Str_11","set1_3_13901_545_UDH_Str_1",4,0.187663394618748,5
"set1_3_13903_545_AM_Str_11","set1_3_13903_545_AM_Str_1",2,0.14211168799725,5
"set1_3_13905_545_IBC_Str1","set1_3_13905_545_IBC_Str",1,0.125229059622041,5
"set1_3_13907_545_DCIS_Str_11","set1_3_13907_545_DCIS_Str_1",4,0.166993742547372,5
"set1_3_13909_545_CCC_Str_21","set1_3_13909_545_CCC_Str_2",4,0.128321269742692,5
"set1_3_13917_545_DCIS_Str_21","set1_3_13917_545_DCIS_Str_2",4,0.208309874132067,5
"set1_3_13925_544_DCIS_Str_11","set1_3_13925_544_DCIS_Str_1",2,0.135430703809059,5
"set1_3_13927_544_DCIS_Str_21","set1_3_13927_544_DCIS_Str_2",3,0.176504024570999,5
"set1_3_13929_544_IBC_Str1","set1_3_13929_544_IBC_Str",3,0.165731833654052,5
"set1_3_13931_544_DCIS_Str_31","set1_3_13931_544_DCIS_Str_3",3,0.170358337582601,5
"set1_3_13939_568_NL_Str1","set1_3_13939_568_NL_Str",5,0.144960237198165,5
"set1_3_13941_568_IBC_Str1","set1_3_13941_568_IBC_Str",1,0.177256694573839,5
"set1_3_13943_568_DCIS_Str1","set1_3_13943_568_DCIS_Str",3,0.124978664582205,5
"set1_3_13947_570_CCC_Str_11","set1_3_13947_570_CCC_Str_1",5,0.205445431012453,5
"set1_3_13949_570_IBC_Str1","set1_3_13949_570_IBC_Str",4,0.132969218163768,5
"set1_3_13951_570_DCIS_Str1","set1_3_13951_570_DCIS_Str",5,0.174478942077931,5
"set1_3_13953_570_ADH_Str_11","set1_3_13953_570_ADH_Str_1",5,0.163848170237201,5
"set1_3_13955_570_NL_Str1","set1_3_13955_570_NL_Str",5,0.16930780725463,5
"set1_3_13957_570_CCC_Str_21","set1_3_13957_570_CCC_Str_2",5,0.172141168010605,5
"set1_3_13959_570_CCH_Str1","set1_3_13959_570_CCH_Str",5,0.178713957335743,5
"set1_3_13961_570_ADH_Str_21","set1_3_13961_570_ADH_Str_2",2,0.127272495674607,5
"set1_3_13963_569_IBC_Str1","set1_3_13963_569_IBC_Str",1,0.173383134593556,5
"set1_3_13965_567_EN_Str1","set1_3_13965_567_EN_Str",5,0.174777976051922,5
"set1_3_13969_567_DCIS_Str1","set1_3_13969_567_DCIS_Str",3,0.195823385973097,5
"set1_3_13971_567_IBC_Str1","set1_3_13971_567_IBC_Str",1,0.157964368966932,5
"set1_3_13977_565_EN_Str1","set1_3_13977_565_EN_Str",5,0.226490201145493,5
"set1_3_13983_561_DCIS_Str1","set1_3_13983_561_DCIS_Str",1,0.149982573922835,5
"set1_3_13985_561_IBC_Str1","set1_3_13985_561_IBC_Str",1,0.235612533227389,5
"set1_3_13988_562_DCIS_Str_11","set1_3_13988_562_DCIS_Str_1",3,0.140012854606982,5
"set1_3_13992_562_DCIS_Str_21","set1_3_13992_562_DCIS_Str_2",1,0.130390022201327,5
"set1_3_13994_562_NL_Str_21","set1_3_13994_562_NL_Str_2",5,0.161338496188602,5
"set1_3_13996_563_NL_Str1","set1_3_13996_563_NL_Str",3,0.174676049927193,5
"set1_3_13998_563_IBC_Str1","set1_3_13998_563_IBC_Str",3,0.176981394665992,5
"set1_3_14002_553_DCIS_Str1","set1_3_14002_553_DCIS_Str",1,0.156923827444535,5
"set1_3_14004_553_IBC_Str1","set1_3_14004_553_IBC_Str",1,0.21233688875361,5
"set1_3_14008_553_EN_Str1","set1_3_14008_553_EN_Str",5,0.169929883800914,5
"set1_3_14013_560_CCC_Str1","set1_3_14013_560_CCC_Str",5,0.213546213571,5
"set1_3_14015_560_AM_Str1","set1_3_14015_560_AM_Str",2,0.152747172685041,5
"set1_3_14017_560_NL_Str_11","set1_3_14017_560_NL_Str_1",2,0.190932461374469,5
"set1_3_14019_560_NL_Str_21","set1_3_14019_560_NL_Str_2",5,0.139382014452831,5
"set1_3_14021_560_IBC_Str_11","set1_3_14021_560_IBC_Str_1",3,0.164597070568572,5
"set1_3_14023_560_SA_Str1","set1_3_14023_560_SA_Str",5,0.160131799584275,5
"set1_3_14026_560_IBC_Str_21","set1_3_14026_560_IBC_Str_2",3,0.0957928866130101,5
"set1_3_14035_572_IBC_Str1","set1_3_14035_572_IBC_Str",3,0.206513567868862,5
"set1_3_14037_571_NL_Str1","set1_3_14037_571_NL_Str",2,0.164229206091423,5
"set1_3_14039_571_EN_Str1","set1_3_14039_571_EN_Str",3,0.26810978079366,5
"set1_3_14041_571_DCISw_Str1","set1_3_14041_571_DCISw_Str",3,0.266599125091673,5
"set1_3_14043_571_DCIS_Str1","set1_3_14043_571_DCIS_Str",3,0.165446516962558,5
"set1_3_14045_571_IBC_Str_11","set1_3_14045_571_IBC_Str_1",3,0.215294054796071,5
"set1_3_14047_571_IBC_Str_21","set1_3_14047_571_IBC_Str_2",1,0.200979405286155,5
"set1_3_14049_566_IBC_Str1","set1_3_14049_566_IBC_Str",1,0.189668159466389,5
"set1_3_14051_566_DCIS_Str1","set1_3_14051_566_DCIS_Str",3,0.218386878924438,5
"set1_3_14053_566_UDH_Str1","set1_3_14053_566_UDH_Str",3,0.122123243349624,5
"set1_3_14063_564_DCIS_Str1","set1_3_14063_564_DCIS_Str",3,0.177244904044929,5
"set1_3_14065_564_HP_Str1","set1_3_14065_564_HP_Str",2,0.124654724773322,5
"set1_3_14067_564_NL_Str1","set1_3_14067_564_NL_Str",2,0.152883224778694,5
"set1_3_14069_564_IBC_Str1","set1_3_14069_564_IBC_Str",1,0.155911735916186,5
"set1_3_14071_559_DCIS_Str1","set1_3_14071_559_DCIS_Str",3,0.150039947808053,5
"set1_3_14073_559_IBC_Str1","set1_3_14073_559_IBC_Str",3,0.135028866706987,5
"set1_3_14075_559_CCH_Str1","set1_3_14075_559_CCH_Str",5,0.235383778172087,5
"set1_3_14081_558_IBC_Str1","set1_3_14081_558_IBC_Str",1,0.197054163342098,5
"set1_3_14085_558_DCIS_Str_11","set1_3_14085_558_DCIS_Str_1",1,0.156538340460948,5
"set1_3_14093_557_IBC_Str1","set1_3_14093_557_IBC_Str",1,0.115687363816714,5
"set1_3_14095_557_DCIS_Str1","set1_3_14095_557_DCIS_Str",3,0.103454531152695,5
"set1_3_14097_556_IBC_Str_11","set1_3_14097_556_IBC_Str_1",1,0.131193466257544,5
"set1_3_14099_556_ADH_Str_11","set1_3_14099_556_ADH_Str_1",2,0.143369988924606,5
"set1_3_14101_556_ADH_Str_21","set1_3_14101_556_ADH_Str_2",2,0.138370728296771,5
"set1_3_14105_556_IBC_Str_21","set1_3_14105_556_IBC_Str_2",1,0.158970074474111,5
"set1_3_14111_555_IN_Str1","set1_3_14111_555_IN_Str",3,0.155482352973183,5
"set1_3_14113_555_iIBC_Str1","set1_3_14113_555_iIBC_Str",3,0.154883278551851,5
"set1_3_14115_555_IBC_Str1","set1_3_14115_555_IBC_Str",1,0.141798096111876,5
"set4_10_14732_656_IBC_Str1","set4_10_14732_656_IBC_Str",1,0.201277054056487,5
"set4_10_14734_656_BBD_Str1","set4_10_14734_656_BBD_Str",5,0.240043437658597,5
"set4_10_14736_656_NL_Str1","set4_10_14736_656_NL_Str",5,0.164952218669391,5
"set4_10_14738_657_CCC_Str1","set4_10_14738_657_CCC_Str",2,0.16818206418764,5
"set4_10_14740_657_NL_Str1","set4_10_14740_657_NL_Str",2,0.140887856528386,5
"set4_10_14742_657_DCIS_Str1","set4_10_14742_657_DCIS_Str",1,0.222232938026974,5
"set4_10_14743_657_IBC_Str1","set4_10_14743_657_IBC_Str",1,0.239662851641587,5
"set4_10_14748_658_DCIS_Str1","set4_10_14748_658_DCIS_Str",3,0.242194628671018,5
"set4_10_14749_658_IBC_Str1","set4_10_14749_658_IBC_Str",3,0.162574726951385,5
"set4_10_14750_658_NL_Str1","set4_10_14750_658_NL_Str",5,0.174486005334687,5
"set4_10_14753_659_DCIS_Str1","set4_10_14753_659_DCIS_Str",5,0.172353560070013,5
"set4_10_14754_659_IBC_Str1","set4_10_14754_659_IBC_Str",3,0.154103656103272,5
"set4_10_14756_659_DCIS_Str1","set4_10_14756_659_DCIS_Str",5,0.203509031810237,5
"set4_10_14758_659_NL_Str1","set4_10_14758_659_NL_Str",5,0.138327169018673,5
"set4_10_14792_663_DCIS_Str1","set4_10_14792_663_DCIS_Str",2,0.135826195931816,5
"set4_10_14794_663_IBC_Str1","set4_10_14794_663_IBC_Str",1,0.139012729866838,5
"set4_10_14796_663_NL_Str1","set4_10_14796_663_NL_Str",5,0.183398899330572,5
"set4_10_14760_660_IBC_Str1","set4_10_14760_660_IBC_Str",3,0.165381728210583,5
"set4_10_14762_660_DCIS_Str1","set4_10_14762_660_DCIS_Str",3,0.162526825039621,5
"set4_10_14764_660_NL_Str1","set4_10_14764_660_NL_Str",5,0.145828111735212,5
"set4_10_14766_660_LVI_Str1","set4_10_14766_660_LVI_Str",3,0.18332328041709,5
"set4_10_14768_661_IBC_Str1","set4_10_14768_661_IBC_Str",1,0.178237911698916,5
"set4_10_14770_661_AM_Str1","set4_10_14770_661_AM_Str",4,0.224683240694841,5
"set4_10_14772_661_ADH_Str1","set4_10_14772_661_ADH_Str",5,0.214106236284983,5
"set4_10_14774_661_DCIS_Str1","set4_10_14774_661_DCIS_Str",5,0.165619187074762,5
"set4_10_14776_661_ADH_Str1","set4_10_14776_661_ADH_Str",5,0.201633351199857,5
"set4_10_14778_661_NL_Str1","set4_10_14778_661_NL_Str",5,0.236040006583681,5
"set4_10_14780_662_DCIS.1_Str1","set4_10_14780_662_DCIS.1_Str",1,0.248965669850947,5
"set4_10_14782_662_MIV.1_Str1","set4_10_14782_662_MIV.1_Str",1,0.196753986203612,5
"set4_10_14784_662_DCIS.2_Str1","set4_10_14784_662_DCIS.2_Str",1,0.198595598260267,5
"set4_10_14786_662_MIV.2_Str1","set4_10_14786_662_MIV.2_Str",1,0.186969210563251,5
"set4_10_14788_662_DCIS.3_Str1","set4_10_14788_662_DCIS.3_Str",1,0.266640196412175,5
"set4_10_14790_662_IBC_Str1","set4_10_14790_662_IBC_Str",1,0.265488509602541,5
"set4_10_14910_676_DCIS.2_Str1","set4_10_14910_676_DCIS.2_Str",3,0.149280845377778,5
"set4_10_14799_664_BBD_Str1","set4_10_14799_664_BBD_Str",5,0.198115297202259,5
"set4_10_14801_664_IBC_Str1","set4_10_14801_664_IBC_Str",1,0.20524668964284,5
"set4_10_14803_664_ADH_Str1","set4_10_14803_664_ADH_Str",5,0.213292633157335,5
"set4_10_14806_665_IBC_Str1","set4_10_14806_665_IBC_Str",1,0.244842359691616,5
"set4_10_14808_665_inf_NL_Str1","set4_10_14808_665_inf_NL_Str",3,0.263476181181424,5
"set4_10_14860_665_DCIS_Str1","set4_10_14860_665_DCIS_Str",3,0.14241369082991,5
"set4_10_14811_665_NL_Str1","set4_10_14811_665_NL_Str",5,0.183443770012439,5
"set4_10_14814_666_DCIS_Str1","set4_10_14814_666_DCIS_Str",2,0.122038864144495,5
"set4_10_14815_666_IBC_Str1","set4_10_14815_666_IBC_Str",1,0.24866001525615,5
"set4_10_14817_666_NL_Str1","set4_10_14817_666_NL_Str",2,0.159720461727828,5
"set4_10_14819_666_BBD_Str1","set4_10_14819_666_BBD_Str",5,0.17572490712303,5
"set4_10_14854_671_UDH_Str1","set4_10_14854_671_UDH_Str",5,0.170224238870613,5
"set4_10_14858_671_IBC_Str1","set4_10_14858_671_IBC_Str",1,0.231366648221017,5
"set4_10_14859_671_DCIS_Str1","set4_10_14859_671_DCIS_Str",1,0.207685146342192,5
"set4_10_14861_671_AM_Str1","set4_10_14861_671_AM_Str",2,0.238893335856944,5
"set4_10_14863_671_CCC_Str1","set4_10_14863_671_CCC_Str",5,0.141484534994451,5
"set4_10_14823_667_IBC_Str1","set4_10_14823_667_IBC_Str",1,0.189546581554286,5
"set4_10_14824_667_DCIS_Str1","set4_10_14824_667_DCIS_Str",2,0.144085856866633,5
"set4_10_14825_667_NL_Str1","set4_10_14825_667_NL_Str",2,0.174257518044621,5
"set4_10_14827_668_IBC_Str1","set4_10_14827_668_IBC_Str",1,0.2651431008887,5
"set4_10_14831_668_DCIS_Str1","set4_10_14831_668_DCIS_Str",2,0.153569974515797,5
"set4_10_14832_668_NL_Str1","set4_10_14832_668_NL_Str",2,0.155642820112893,5
"set4_10_14835_669_IBC_Str1","set4_10_14835_669_IBC_Str",1,0.240076781857494,5
"set4_10_14836_669_NL_Str1","set4_10_14836_669_NL_Str",2,0.157862741361544,5
"set4_10_14838_669_DCIS_Str1","set4_10_14838_669_DCIS_Str",2,0.150296009218405,5
"set4_10_14841_670_EN_Str1","set4_10_14841_670_EN_Str",5,0.184138382003551,5
"set4_10_14842_670_DCIS_Str1","set4_10_14842_670_DCIS_Str",4,0.248152546624549,5
"set4_10_14845_670_DCIS_Str1","set4_10_14845_670_DCIS_Str",2,0.166720949685205,5
"set4_10_14846_670_IBC_Str1","set4_10_14846_670_IBC_Str",4,0.283892782231227,5
"set4_10_14850_670_BBD_Str1","set4_10_14850_670_BBD_Str",5,0.164128185977147,5
"set4_10_14851_670_CCC_Str1","set4_10_14851_670_CCC_Str",5,0.194342516318189,5
"set4_10_14852_670_AM_Str1","set4_10_14852_670_AM_Str",2,0.17369309353403,5
"set4_10_14865_672_inf_NL_Str_S2_R1_0011","set4_10_14865_672_inf_NL_Str_S2_R1_001",5,0.188804410457237,5
"set4_10_14867_672_IBC_Str_1_S4_R1_0011","set4_10_14867_672_IBC_Str_1_S4_R1_001",1,0.274105521335701,5
"set4_10_14871_672_DCIS_Str_S8_R1_0011","set4_10_14871_672_DCIS_Str_S8_R1_001",1,0.135235472999635,5
"set4_10_14872_672_CaLob_Str_S9_R1_0011","set4_10_14872_672_CaLob_Str_S9_R1_001",3,0.230374603933459,5
"set4_10_14874_672_NL_Str_S11_R1_0011","set4_10_14874_672_NL_Str_S11_R1_001",5,0.211655644966825,5
"set4_10_14877_672_CCC_Str_S14_R1_0011","set4_10_14877_672_CCC_Str_S14_R1_001",5,0.191781046665318,5
"set4_10_14879_673_IBC_Str_S16_R1_0011","set4_10_14879_673_IBC_Str_S16_R1_001",1,0.268751949237824,5
"set4_10_14881_673_DCIS_Str_S18_R1_0011","set4_10_14881_673_DCIS_Str_S18_R1_001",3,0.257734081345955,5
"set4_10_14883_673_NL_Str_S20_R1_0011","set4_10_14883_673_NL_Str_S20_R1_001",5,0.150153126503188,5
"set4_10_14885_673_AM_Str_S22_R1_0011","set4_10_14885_673_AM_Str_S22_R1_001",2,0.210635733613924,5
"set4_10_14887_673_CCC_Str_S24_R1_0011","set4_10_14887_673_CCC_Str_S24_R1_001",5,0.234000798622059,5
"set4_10_14889_673_EN_Str_S26_R1_0011","set4_10_14889_673_EN_Str_S26_R1_001",5,0.187802223665809,5
"set4_10_14891_674_DCIS_Str_S28_R1_0011","set4_10_14891_674_DCIS_Str_S28_R1_001",1,0.109018614096505,5
"set4_10_14893_674_IBC_Str_S30_R1_0011","set4_10_14893_674_IBC_Str_S30_R1_001",1,0.193511254833727,5
"set4_10_14895_674_BBD_Str_S32_R1_0011","set4_10_14895_674_BBD_Str_S32_R1_001",5,0.138118294003352,5
"set4_10_14900_675_EN1_Str_S34_R1_0011","set4_10_14900_675_EN1_Str_S34_R1_001",5,0.246167983608835,5
"set4_10_14902_675_EN2_Str1","set4_10_14902_675_EN2_Str",5,0.260862924643902,5
"set4_10_14903_675_EN3_Str1","set4_10_14903_675_EN3_Str",5,0.277644364788727,5
"set4_10_14906_675_NL_Str1","set4_10_14906_675_NL_Str",5,0.226434398317453,5
"set4_10_14923_677_IBC_Str1","set4_10_14923_677_IBC_Str",1,0.198919011233812,5
"set4_10_14925_677_DCIS_Str1","set4_10_14925_677_DCIS_Str",1,0.167465533613834,5
"set4_10_14927_677_NL_Str1","set4_10_14927_677_NL_Str",3,0.155005728524502,5
"set4_10_14929_677_LVI_Str1","set4_10_14929_677_LVI_Str",1,0.181053167725074,5
"set4_10_14931_678_IBC_Str1","set4_10_14931_678_IBC_Str",1,0.264843497877338,5
"set4_10_14933_678_PLC_Str1","set4_10_14933_678_PLC_Str",5,0.163043600409721,5
"set4_10_14935_678_EN_Str1","set4_10_14935_678_EN_Str",5,0.210629110800821,5
"set4_10_14937_678_NL_Str1","set4_10_14937_678_NL_Str",2,0.152479476759071,5
"set4_10_14939_679_IBC_Str1","set4_10_14939_679_IBC_Str",1,0.297698005624956,5
"set4_10_14941_679_DCIS_Str1","set4_10_14941_679_DCIS_Str",2,0.167808187564551,5
"set4_10_14943_679_NL_Str1","set4_10_14943_679_NL_Str",2,0.177076183013929,5
"set4_10_14955_680_DCIS_2_Str1","set4_10_14955_680_DCIS_2_Str",2,0.165829377552899,5
"set4_10_14957_680_ADH_2_Str1","set4_10_14957_680_ADH_2_Str",2,0.188405093507496,5
"set4_10_14945_680_ADH_1_Str1","set4_10_14945_680_ADH_1_Str",2,0.196175421437241,5
"set4_10_14947_680_UDH_Str1","set4_10_14947_680_UDH_Str",5,0.182023753355443,5
"set4_10_14949_680_NL_Str1","set4_10_14949_680_NL_Str",5,0.153943262217732,5
"set4_10_14951_680_DCIS_1_Str1","set4_10_14951_680_DCIS_1_Str",2,0.173041538199112,5
"set4_10_14953_680_IBC_Str1","set4_10_14953_680_IBC_Str",1,0.190364339418249,5
"set4_10_14959_680_LG_DCIS_Str1","set4_10_14959_680_LG_DCIS_Str",3,0.202682700386651,5
"set4_10_14961_680_AM_Str1","set4_10_14961_680_AM_Str",4,0.41065146904108,5
"set4_10_14967_681_DCIS_Str1","set4_10_14967_681_DCIS_Str",2,0.136028552264197,5
"set4_10_14969_681_AM_Str1","set4_10_14969_681_AM_Str",2,0.250758321583596,5
"set4_10_14971_681_EN_Str1","set4_10_14971_681_EN_Str",2,0.191103832931178,5
"set4_10_14973_681_ADH_1_Str1","set4_10_14973_681_ADH_1_Str",2,0.152911358643466,5
"set4_10_14975_681_IBC_Str1","set4_10_14975_681_IBC_Str",1,0.293403804387487,5
"set4_10_14977_681_NL_Str1","set4_10_14977_681_NL_Str",5,0.173978954836077,5
"set4_10_14979_682_NL_Str1","set4_10_14979_682_NL_Str",5,0.183508451229804,5
"set4_10_14981_682_EN_Str1","set4_10_14981_682_EN_Str",5,0.177447403381795,5
"set4_10_14983_682_IBC_Str1","set4_10_14983_682_IBC_Str",1,0.194990270392917,5
"set4_10_14985_682_Inf_NL_Str1","set4_10_14985_682_Inf_NL_Str",3,0.207695965081583,5
"set4_10_14988_683_DCIS_Str1","set4_10_14988_683_DCIS_Str",3,0.137734616925418,5
"set4_10_14991_684_ADH_DCIS_Str1","set4_10_14991_684_ADH_DCIS_Str",3,0.151798224605896,5
"set4_10_14993_684_DCIS_Str1","set4_10_14993_684_DCIS_Str",3,0.187360345345723,5
"set4_10_14995_684_NL_Str1","set4_10_14995_684_NL_Str",5,0.161398367892619,5
"set4_10_14997_684_IBC_Str1","set4_10_14997_684_IBC_Str",1,0.232206084943465,5
"set4_10_14999_685_DCIS_Str1","set4_10_14999_685_DCIS_Str",3,0.146254338963891,5
"set4_10_15001_685_IBC_Str1","set4_10_15001_685_IBC_Str",1,0.184019946227621,5
"set4_10_15003_685_NL_Str1","set4_10_15003_685_NL_Str",5,0.191707699747105,5
"set4_10_15005_685_EN_Str1","set4_10_15005_685_EN_Str",5,0.183395138566268,5
"set4_10_15014_687_DCIS_1_Str1","set4_10_15014_687_DCIS_1_Str",3,0.166743345482798,5
"set4_10_15016_687_DCIS_2_Str1","set4_10_15016_687_DCIS_2_Str",3,0.250991232759421,5
"set4_10_15018_687_UDH_Str1","set4_10_15018_687_UDH_Str",5,0.152729720485845,5
"set4_10_15020_687_EN_Str1","set4_10_15020_687_EN_Str",5,0.179281414748875,5
"set4_10_15022_687_NL_Str1","set4_10_15022_687_NL_Str",2,0.184414314721601,5
"set4_10_15026_688_EN_1_Str1","set4_10_15026_688_EN_1_Str",3,0.162646606745774,5
"set4_10_14912_676_EN_Str1","set4_10_14912_676_EN_Str",5,0.208780619770955,5
"set4_10_14914_676_BBD_2_Str1","set4_10_14914_676_BBD_2_Str",5,0.211205333988209,5
"set4_10_14917_676_DCIS_1_Str1","set4_10_14917_676_DCIS_1_Str",3,0.160459516912897,5
"set4_10_14919_676_BBD_1_Str1","set4_10_14919_676_BBD_1_Str",5,0.162754138565633,5
"set4_10_14921_676_NL_Str1","set4_10_14921_676_NL_Str",5,0.227570587688161,5
"set4_10_15008_686_DCIS_Str1","set4_10_15008_686_DCIS_Str",3,0.186837201111825,5
"set4_10_15010_686_EN_Str1","set4_10_15010_686_EN_Str",5,0.168671587505635,5
"set4_10_15012_686_NL_Str1","set4_10_15012_686_NL_Str",2,0.211584731015145,5
"set4_10_15033_689_IBC_Str1","set4_10_15033_689_IBC_Str",1,0.291887584634866,5
"set4_10_15035_689_DCIS_1_Str1","set4_10_15035_689_DCIS_1_Str",3,0.214501221307217,5
"set4_10_15037_689_NL_Str1","set4_10_15037_689_NL_Str",5,0.218119182230561,5
"set4_10_15039_689_DCIS_2_Str1","set4_10_15039_689_DCIS_2_Str",3,0.175599288347882,5
"set4_10_15041_689_EN_1_Str1","set4_10_15041_689_EN_1_Str",5,0.172897431182228,5
"set4_10_15043_689_EN_2_Str1","set4_10_15043_689_EN_2_Str",5,0.16059542063581,5
"set4_10_15053_690_EN_2_Str1","set4_10_15053_690_EN_2_Str",5,0.22123556673911,5
"set4_10_15063_691_EN_2_Str1","set4_10_15063_691_EN_2_Str",2,0.182731512339491,5
"set4_10_14965_681_ADH_2_Str1","set4_10_14965_681_ADH_2_Str",2,0.168946703381186,5
"set4_10_15024_688_IBC_Str1","set4_10_15024_688_IBC_Str",3,0.279844817466609,5
"set4_10_15028_688_NL_Str1","set4_10_15028_688_NL_Str",5,0.182614290571398,5
"set4_10_15030_688_EN_4_Str1","set4_10_15030_688_EN_4_Str",4,0.20212641528007,5
"set4_10_15107_688_EN_5_Str1","set4_10_15107_688_EN_5_Str",5,0.186736591285828,5
"set4_10_15045_690_NL_Str1","set4_10_15045_690_NL_Str",5,0.126305570271624,5
"set4_10_15047_690_EN_1_Str1","set4_10_15047_690_EN_1_Str",5,0.153453983700593,5
"set4_10_15049_690_IBC_Str1","set4_10_15049_690_IBC_Str",1,0.281955729735429,5
"set4_10_15051_690_DCIS_Str1","set4_10_15051_690_DCIS_Str",3,0.17555463392696,5
"set4_10_15055_690_i_DCIS_Str1","set4_10_15055_690_i_DCIS_Str",3,0.251150336324081,5
"set4_10_15057_691_IBC_Str1","set4_10_15057_691_IBC_Str",1,0.260851800448432,5
"set4_10_15059_691_EN_1_Str1","set4_10_15059_691_EN_1_Str",5,0.158329421094769,5
"set4_10_15061_691_DCIS_Str1","set4_10_15061_691_DCIS_Str",2,0.184659143737862,5
"set4_10_15065_692_IBC_Str1","set4_10_15065_692_IBC_Str",1,0.193056715476008,5
"set4_10_15067_692_DCIS_Str1","set4_10_15067_692_DCIS_Str",3,0.229458734268677,5
"set4_10_15069_692_NL_Str1","set4_10_15069_692_NL_Str",3,0.175371740605213,5
"set4_10_15586_744_IBC_Str1","set4_10_15586_744_IBC_Str",1,0.256024371697403,5
"set4_10_15588_744_inF.NL_Str1","set4_10_15588_744_inF.NL_Str",3,0.221358787886711,5
"set4_10_15590_744_DCIS_Str1","set4_10_15590_744_DCIS_Str",1,0.154845981374183,5
"set4_10_15592_745_CCC_Str1","set4_10_15592_745_CCC_Str",5,0.166137944267087,5
"set4_10_15594_745_BBD_Str1","set4_10_15594_745_BBD_Str",5,0.201298992636147,5
"set4_10_15596_745_IP_Str1","set4_10_15596_745_IP_Str",3,0.148905349208174,5
"set4_10_15599_746_DCIS_Str1","set4_10_15599_746_DCIS_Str",3,0.235155555098967,5
"set4_10_15601_746_NL_Str1","set4_10_15601_746_NL_Str",3,0.165049489883769,5
"set4_10_15603_747_IBC_Str1","set4_10_15603_747_IBC_Str",1,0.278858860744212,5
"set4_10_15605_747_NL_Str1","set4_10_15605_747_NL_Str",2,0.163066141623546,5
"set4_10_15607_747_ADH_Str1","set4_10_15607_747_ADH_Str",5,0.238502298983259,5
"set4_10_15609_747_AM_Str1","set4_10_15609_747_AM_Str",2,0.174065954990777,5
"set4_10_15611_748_AM_Str1","set4_10_15611_748_AM_Str",2,0.210276488155444,5
"set4_10_15613_748_DCIS_Str1","set4_10_15613_748_DCIS_Str",3,0.170916171769147,5
"set4_10_15615_748_IBC_Str1","set4_10_15615_748_IBC_Str",1,0.230814852404025,5
"set4_10_15619_749_IBC_Str1","set4_10_15619_749_IBC_Str",1,0.254740116748224,5
"set4_10_15620_749_DCIS_Str1","set4_10_15620_749_DCIS_Str",1,0.190531917813152,5
"set4_10_15621_749_LVI_Str1","set4_10_15621_749_LVI_Str",1,0.194943328599189,5
"set4_10_15623_750_NL_Str1","set4_10_15623_750_NL_Str",5,0.186101285261251,5
"set4_10_15625_750_IBC_Str1","set4_10_15625_750_IBC_Str",1,0.272408587326192,5
"set4_10_15627_750_DCIS_Str1","set4_10_15627_750_DCIS_Str",1,0.226144847236564,5
"set4_10_15629_751_NL_Str1","set4_10_15629_751_NL_Str",5,0.229303122574755,5
"set4_10_15631_751_IBC_Str1","set4_10_15631_751_IBC_Str",1,0.235261824517052,5
"set4_10_15633_751_ADH_Str1","set4_10_15633_751_ADH_Str",5,0.25056278204672,5
"set4_10_15635_751_CCC_Str1","set4_10_15635_751_CCC_Str",5,0.248993674249678,5
"set4_10_15637_752_IBC_Str1","set4_10_15637_752_IBC_Str",1,0.190619584159983,5
"set4_10_15641_752_DCIS_Str1","set4_10_15641_752_DCIS_Str",5,0.175317414434241,5
"set4_10_15642_752_NL_Str1","set4_10_15642_752_NL_Str",4,0.211398580192286,5
"set4_10_15643_752_BBD_Str1","set4_10_15643_752_BBD_Str",4,0.158730305799617,5
"set4_10_15645_753_DCIS_Str1","set4_10_15645_753_DCIS_Str",1,0.20588257038196,5
"set4_10_15648_753_NL_Str1","set4_10_15648_753_NL_Str",5,0.23422084393422,5
"set4_10_15650_754_IBC_Str1","set4_10_15650_754_IBC_Str",1,0.283391143260307,5
"set4_10_15652_754_ADH_Str1","set4_10_15652_754_ADH_Str",1,0.166838282068504,5
"set4_10_15654_754_EN_1_Str1","set4_10_15654_754_EN_1_Str",1,0.124065476876644,5
"set4_10_15656_754_DCIS_Str1","set4_10_15656_754_DCIS_Str",1,0.207267853446119,5
"set4_10_15658_754_EN_2_Str1","set4_10_15658_754_EN_2_Str",1,0.138325534851614,5
"set4_10_15660_755_EN_Str1","set4_10_15660_755_EN_Str",4,0.207589669988541,5
"set4_10_15662_755_DCIS_inf_1_Str1","set4_10_15662_755_DCIS_inf_1_Str",3,0.251084306071955,5
"set4_10_15664_755_IBC_Str1","set4_10_15664_755_IBC_Str",3,0.238400839689349,5
"set4_10_15666_755_DCIS_inf_2_Str1","set4_10_15666_755_DCIS_inf_2_Str",3,0.246687095092462,5
"set4_10_15668_755_NL_Str1","set4_10_15668_755_NL_Str",5,0.185824457620093,5
"set4_10_15670_756_NL_Str1","set4_10_15670_756_NL_Str",3,0.144433372520132,5
"set4_10_15672_756_EN_1_Str1","set4_10_15672_756_EN_1_Str",5,0.262736220473953,5
"set4_10_15674_756_IBC_Str1","set4_10_15674_756_IBC_Str",3,0.212509167885227,5
"set4_10_15676_756_UDH_1_Str1","set4_10_15676_756_UDH_1_Str",5,0.162586106783969,5
"set4_10_15678_756_EN_2_Str1","set4_10_15678_756_EN_2_Str",5,0.212013616717341,5
"set4_10_15680_756_UDH_2_Str1","set4_10_15680_756_UDH_2_Str",4,0.241960247444129,5
"set4_10_15682_757_DCIS_Str1","set4_10_15682_757_DCIS_Str",3,0.144883139030677,5
"set4_10_15684_757_IBC_Str1","set4_10_15684_757_IBC_Str",1,0.173564266952056,5
"set4_10_15686_757_NL_Str1","set4_10_15686_757_NL_Str",5,0.204073163363702,5
"set4_10_15688_757_UDH_Str1","set4_10_15688_757_UDH_Str",5,0.217212078769937,5
"set4_10_15690_757_CCC_Str1","set4_10_15690_757_CCC_Str",5,0.221428953060787,5
"set4_10_15692_757_EN_Str1","set4_10_15692_757_EN_Str",4,0.204549741651657,5
"set4_10_15694_758_DCIS_1_Str1","set4_10_15694_758_DCIS_1_Str",3,0.157567470040368,5
"set4_10_15696_758_IBC_1_Str1","set4_10_15696_758_IBC_1_Str",3,0.210730943375438,5
"set4_10_15698_758_NL_Str1","set4_10_15698_758_NL_Str",3,0.155088452412884,5
"set4_10_15704_758_EN_Str1","set4_10_15704_758_EN_Str",5,0.177791538806205,5
"set4_10_15710_760_UDH_Str1","set4_10_15710_760_UDH_Str",4,0.169874112663873,5
"set4_10_15714_760_IBC_Str1","set4_10_15714_760_IBC_Str",3,0.206800783246777,5
"set4_10_15716_760_EN_1_Str1","set4_10_15716_760_EN_1_Str",4,0.165517402921468,5
"set4_10_15718_760_NL_Str1","set4_10_15718_760_NL_Str",4,0.237587582806538,5
"set4_10_15734_762_DCIS_2_Str1","set4_10_15734_762_DCIS_2_Str",3,0.222071086927463,5
"set4_10_15700_758_DCIS_2_Str1","set4_10_15700_758_DCIS_2_Str",3,0.168998739494804,5
"set4_10_15702_758_IBC_2_Str1","set4_10_15702_758_IBC_2_Str",1,0.195767134685729,5
"set4_10_15706_759_DCIS_Str1","set4_10_15706_759_DCIS_Str",1,0.149652845577092,5
"set4_10_15708_759_IBC_Str1","set4_10_15708_759_IBC_Str",1,0.210406144393448,5
"set4_10_15712_760_EN_2_Str1","set4_10_15712_760_EN_2_Str",4,0.1867757528573,5
"set4_10_15720_761_IBC_Str1","set4_10_15720_761_IBC_Str",3,0.188685270835767,5
"set4_10_15722_761_DCIS_Str1","set4_10_15722_761_DCIS_Str",3,0.179468774606686,5
"set4_10_15724_761_EN_1_Str1","set4_10_15724_761_EN_1_Str",5,0.178111672360574,5
"set4_10_15726_761_ADH_Str1","set4_10_15726_761_ADH_Str",5,0.198873172599983,5
"set4_10_15730_762_IBC_Str1","set4_10_15730_762_IBC_Str",1,0.221636069803663,5
"set4_10_15732_762_DCIS_1_Str1","set4_10_15732_762_DCIS_1_Str",1,0.190385164116296,5
"set4_10_15736_763_IBC_Str1","set4_10_15736_763_IBC_Str",3,0.186267898022644,5
"set4_10_15738_763_ADH_Str1","set4_10_15738_763_ADH_Str",4,0.237707523607467,5
"set4_10_15740_763_NL_1_Str1","set4_10_15740_763_NL_1_Str",4,0.251284016670977,5
"set4_10_15742_763_EN_Str1","set4_10_15742_763_EN_Str",4,0.167634406977245,5
"set4_10_15746_764_IBC_Str1","set4_10_15746_764_IBC_Str",3,0.199292964324457,5
"set4_10_15748_764_DCIS_1_Str1","set4_10_15748_764_DCIS_1_Str",3,0.2017717999509,5
"set4_10_15750_764_LVI_Str1","set4_10_15750_764_LVI_Str",3,0.158896220603838,5
"set4_10_15752_764_DCIS_2_Str1","set4_10_15752_764_DCIS_2_Str",3,0.183077199355378,5
"set4_10_15754_764_EN_Str1","set4_10_15754_764_EN_Str",5,0.221207964627838,5
"set4_10_15756_764_NL_Str1","set4_10_15756_764_NL_Str",5,0.184577098852275,5
"set4_10_15758_765_IBC_Str1","set4_10_15758_765_IBC_Str",1,0.187633503393146,5
"set4_10_15760_765_DCIS_Str1","set4_10_15760_765_DCIS_Str",2,0.144717181101867,5
"set4_10_15762_765_EN_1_Str1","set4_10_15762_765_EN_1_Str",2,0.192674395882111,5
"set4_10_15766_765_NL_Str1","set4_10_15766_765_NL_Str",2,0.206024931453843,5
"set4_10_15768_766_NL_Str1","set4_10_15768_766_NL_Str",5,0.189294169057883,5
"set4_10_15770_766_inf_NL_Str1","set4_10_15770_766_inf_NL_Str",3,0.258058412440604,5
"set4_10_15772_766_IBC_Str1","set4_10_15772_766_IBC_Str",3,0.194863192460638,5
"set4_10_15774_766_AM_Str1","set4_10_15774_766_AM_Str",4,0.193691275162962,5
"set4_10_15776_766_EN_Str1","set4_10_15776_766_EN_Str",5,0.198173801982145,5
"set4_10_15778_767_IBC_Str1","set4_10_15778_767_IBC_Str",1,0.21273870126256,5
"set4_10_15780_767_DCIS_Str1","set4_10_15780_767_DCIS_Str",1,0.156302796783617,5
"set4_10_15782_767_AM_2_Str1","set4_10_15782_767_AM_2_Str",5,0.182461656788714,5
"set4_10_15784_767_ADH_Str1","set4_10_15784_767_ADH_Str",5,0.198337484466713,5
"set4_10_15788_767_NL_Str1","set4_10_15788_767_NL_Str",5,0.17810106630904,5
"set4_10_15790_768_IBC_Str1","set4_10_15790_768_IBC_Str",3,0.242585717647794,5
"set4_10_15792_768_NL_Str1","set4_10_15792_768_NL_Str",5,0.191725387816474,5
"set4_10_15796_768_EN_2_Str1","set4_10_15796_768_EN_2_Str",5,0.251877574109622,5
"set4_10_15798_768_EN_3_Str1","set4_10_15798_768_EN_3_Str",5,0.187221698746353,5
"set4_10_15800_769_IBC_Str1","set4_10_15800_769_IBC_Str",1,0.2099851485103,5
"set4_10_15802_769_DCIS_1_Str1","set4_10_15802_769_DCIS_1_Str",3,0.218279220651358,5
"set4_10_15806_769_EN_1_Str1","set4_10_15806_769_EN_1_Str",5,0.204648948583661,5
"set4_10_15810_769_NL_Str1","set4_10_15810_769_NL_Str",5,0.19857044869674,5
"set4_10_15812_769_EN_4_Str1","set4_10_15812_769_EN_4_Str",5,0.219006476681885,5
"set4_10_15818_769_AM_Str1","set4_10_15818_769_AM_Str",4,0.307703929368536,5
"set4_10_15786_767_AM_1_Str1","set4_10_15786_767_AM_1_Str",2,0.18068982456664,5
"set4_10_15794_768_EN_1_Str1","set4_10_15794_768_EN_1_Str",5,0.160613058937239,5
"set4_10_15804_769_DCIS_2_Str1","set4_10_15804_769_DCIS_2_Str",3,0.243623226195603,5
"set4_10_15808_769_EN_3_Str1","set4_10_15808_769_EN_3_Str",5,0.182816736938134,5
"set4_10_15816_769_EN_6_Str1","set4_10_15816_769_EN_6_Str",5,0.233787088927212,5
"set4_10_15820_770_DCIS_Str1","set4_10_15820_770_DCIS_Str",3,0.211399753798898,5
"set4_10_15822_770_IBC_Str1","set4_10_15822_770_IBC_Str",1,0.268798797342558,5
"set4_10_15824_770_EN_1_Str1","set4_10_15824_770_EN_1_Str",5,0.225923705339181,5
"set4_10_15826_770_NL_Str1","set4_10_15826_770_NL_Str",5,0.160880381732138,5
"set4_10_15830_771_EN_4_Str1","set4_10_15830_771_EN_4_Str",5,0.261459203066893,5
"set4_10_15836_771_DCIS_3_Str1","set4_10_15836_771_DCIS_3_Str",3,0.1739087046115,5
"set4_10_15832_771_NL_Str1","set4_10_15832_771_NL_Str",5,0.167770693997994,5
"set4_10_15834_771_EN_2_Str1","set4_10_15834_771_EN_2_Str",2,0.156963678406893,5
"set4_10_15840_771_DCIS_1_Str1","set4_10_15840_771_DCIS_1_Str",1,0.229622857195952,5
"set4_10_15844_771_IBC_Str1","set4_10_15844_771_IBC_Str",1,0.241189312314323,5
"set4_10_15728_761_EN_2_Str1","set4_10_15728_761_EN_2_Str",4,0.270967599675826,5
"set4_10_15744_763_NL_2_Str1","set4_10_15744_763_NL_2_Str",3,0.149633059118751,5
"set4_10_15764_765_EN_2_Str1","set4_10_15764_765_EN_2_Str",2,0.156798994080008,5
"set4_10_15814_769_EN_5_Str1","set4_10_15814_769_EN_5_Str",5,0.259853605998128,5
"set4_10_15828_771_EN_3_Str1","set4_10_15828_771_EN_3_Str",4,0.226469243094038,5
"set4_10_15838_771_EN_1_Str1","set4_10_15838_771_EN_1_Str",4,0.170540215845414,5
"set4_10_15842_771_DCIS_2_Str1","set4_10_15842_771_DCIS_2_Str",3,0.186295638274396,5
"set4_10_15846_772_IBC_Str1","set4_10_15846_772_IBC_Str",1,0.202060901353202,5
"set4_10_15848_772_DCIS_1_Str1","set4_10_15848_772_DCIS_1_Str",1,0.128068912559239,5
"set4_10_15850_772_DCIS_2_Str1","set4_10_15850_772_DCIS_2_Str",5,0.12169304823191,5
"set4_10_15852_772_EN_1_Str1","set4_10_15852_772_EN_1_Str",5,0.178853572014817,5
"set4_10_15854_772_EN_2_Str1","set4_10_15854_772_EN_2_Str",5,0.160250072044777,5
"set4_10_15856_772_EN_3_Str1","set4_10_15856_772_EN_3_Str",4,0.157052387467124,5
"set4_10_15858_772_EN_4_Str1","set4_10_15858_772_EN_4_Str",4,0.215418969684758,5
"set4_10_15860_772_NL_Str1","set4_10_15860_772_NL_Str",5,0.191229469554967,5
"set1_3_11771_354_EN_S_S2_R1_0012","set1_3_11771_354_EN_S_S2_R1_001",2,0.174139701497489,6
"set1_3_11773_354_IDC_S_S4_R1_0012","set1_3_11773_354_IDC_S_S4_R1_001",3,0.176622166260114,6
"set1_3_11775_354_RS1_S_center_S6_R1_0012","set1_3_11775_354_RS1_S_center_S6_R1_001",3,0.144186403783624,6
"set1_3_11777_354_RS1_S_peripheral_S8_R1_0012","set1_3_11777_354_RS1_S_peripheral_S8_R1_001",2,0.20698715352247,6
"set1_3_11779_354_RS2_S_center_S10_R1_0012","set1_3_11779_354_RS2_S_center_S10_R1_001",4,0.184381849137286,6
"set1_3_11781_354_RS2_S_peripheral_S12_R1_0012","set1_3_11781_354_RS2_S_peripheral_S12_R1_001",4,0.156212311073255,6
"set1_3_11783_354_NL_S_S14_R1_0012","set1_3_11783_354_NL_S_S14_R1_001",2,0.185028748661734,6
"set1_3_11785_355_RS1_S_center_S16_R1_0012","set1_3_11785_355_RS1_S_center_S16_R1_001",3,0.184095805282124,6
"set1_3_11787_355_RS1_S_peripheral_S18_R1_0012","set1_3_11787_355_RS1_S_peripheral_S18_R1_001",5,0.150423665283028,6
"set1_3_11790_355_RS2_S_center_S21_R1_0012","set1_3_11790_355_RS2_S_center_S21_R1_001",4,0.20229451353322,6
"set1_3_11792_355_RS2_S_peripheral_S23_R1_0012","set1_3_11792_355_RS2_S_peripheral_S23_R1_001",5,0.154677594160793,6
"set1_3_11795_355_NL_S_S26_R1_0012","set1_3_11795_355_NL_S_S26_R1_001",5,0.200412343142846,6
"set1_3_11797_355_RS3_S_center_S28_R1_0012","set1_3_11797_355_RS3_S_center_S28_R1_001",4,0.180778501074659,6
"set1_3_11799_355_RS3_S_peripheral_S30_R1_0012","set1_3_11799_355_RS3_S_peripheral_S30_R1_001",2,0.149252784387756,6
"set1_3_11803_356_RS1_S_center_S33_R1_0012","set1_3_11803_356_RS1_S_center_S33_R1_001",3,0.156432580440424,6
"set1_3_11805_356_RS1_S_peripheral_S35_R1_0012","set1_3_11805_356_RS1_S_peripheral_S35_R1_001",2,0.173828419308409,6
"set1_3_11807_357_NL_S_S41_R1_0012","set1_3_11807_357_NL_S_S41_R1_001",5,0.105008682165418,6
"set1_3_11809_357_RS1_S_center_S33_R1_0012","set1_3_11809_357_RS1_S_center_S33_R1_001",3,0.104085309368879,6
"set1_3_11811_357_RS1_S_peripheral_S42_R1_0012","set1_3_11811_357_RS1_S_peripheral_S42_R1_001",2,0.11030940311235,6
"set1_3_11814_358_NL_S_S37_R1_0012","set1_3_11814_358_NL_S_S37_R1_001",2,0.175989670597097,6
"set1_3_11816_358_EN_S_S39_R1_0012","set1_3_11816_358_EN_S_S39_R1_001",4,0.16423751647211,6
"set1_3_11818_358_RS1_S_center_S41_R1_0012","set1_3_11818_358_RS1_S_center_S41_R1_001",3,0.144404113815262,6
"set1_3_11820_358_RS1_S_peripheral_S43_R1_0012","set1_3_11820_358_RS1_S_peripheral_S43_R1_001",2,0.173718175379499,6
"set1_3_11822_358_IBC_S_S45_R1_0012","set1_3_11822_358_IBC_S_S45_R1_001",4,0.174637766642401,6
"set1_3_11824_358_RS2_S_center_S47_R1_0012","set1_3_11824_358_RS2_S_center_S47_R1_001",3,0.153016582450914,6
"set1_3_11826_358_RS2_S_peripheral_S49_R1_0012","set1_3_11826_358_RS2_S_peripheral_S49_R1_001",2,0.164110744193063,6
"set1_3_11828_359_RS1_S_center_S51_R1_0012","set1_3_11828_359_RS1_S_center_S51_R1_001",2,0.140966142288427,6
"set1_3_11830_359_RS1_S_peripheral_S53_R1_0012","set1_3_11830_359_RS1_S_peripheral_S53_R1_001",2,0.200496555302591,6
"set1_3_11834_359_RS2_S_center_S56_R1_0012","set1_3_11834_359_RS2_S_center_S56_R1_001",3,0.17985017887542,6
"set1_3_11836_359_RS2_S_peripheral_S58_R1_0012","set1_3_11836_359_RS2_S_peripheral_S58_R1_001",2,0.173897093685328,6
"set1_3_11839_360_RS1_S_center_S43_R1_0012","set1_3_11839_360_RS1_S_center_S43_R1_001",3,0.0914548402971897,6
"set1_3_11841_360_RS1_S_peripheral_S36_R1_0012","set1_3_11841_360_RS1_S_peripheral_S36_R1_001",2,0.130433030739911,6
"set1_3_11843_360_NL_S_S53_R1_0012","set1_3_11843_360_NL_S_S53_R1_001",2,0.132584933901111,6
"set1_3_11845_361_RS1_S_center_S31_R1_0012","set1_3_11845_361_RS1_S_center_S31_R1_001",4,0.116691802454979,6
"set1_3_11847_361_RS1_S_peripheral_S35_R1_0012","set1_3_11847_361_RS1_S_peripheral_S35_R1_001",4,0.111285452038912,6
"set1_3_11849_361_RS2_S_center_S20_R1_0012","set1_3_11849_361_RS2_S_center_S20_R1_001",3,0.0966774922446171,6
"set1_3_11851_361_RS2_S_peripheral_S45_R1_0012","set1_3_11851_361_RS2_S_peripheral_S45_R1_001",2,0.105318608741865,6
"set1_3_11853_361_RS4_S_center_S29_R1_0012","set1_3_11853_361_RS4_S_center_S29_R1_001",4,0.153254246544123,6
"set1_3_11855_361_RS4_S_peripheral_S25_R1_0012","set1_3_11855_361_RS4_S_peripheral_S25_R1_001",2,0.113306212844448,6
"set1_3_11857_361_RS3_S_center_S26_R1_0012","set1_3_11857_361_RS3_S_center_S26_R1_001",3,0.107084411527144,6
"set1_3_11859_361_RS3_S_peripheral_S54_R1_0012","set1_3_11859_361_RS3_S_peripheral_S54_R1_001",2,0.119888005899998,6
"set1_3_11863_362_RS1_S_center_S28_R1_0012","set1_3_11863_362_RS1_S_center_S28_R1_001",4,0.107862524900674,6
"set1_3_11865_362_RS1_S_peripheral_S40_R1_0012","set1_3_11865_362_RS1_S_peripheral_S40_R1_001",5,0.0896551995973192,6
"set1_3_11868_363_RS1_S_center_S27_R1_0012","set1_3_11868_363_RS1_S_center_S27_R1_001",3,0.113570914743853,6
"set1_3_11870_363_RS1_S_peripheral_S46_R1_0012","set1_3_11870_363_RS1_S_peripheral_S46_R1_001",2,0.0995749937183217,6
"set1_3_11872_363_NL_S_S57_R1_0012","set1_3_11872_363_NL_S_S57_R1_001",2,0.112235965580634,6
"set1_3_11875_364_RS1_S_center_S52_R1_0012","set1_3_11875_364_RS1_S_center_S52_R1_001",3,0.0846530598179928,6
"set1_3_11877_364_RS1_S_peripheral_S56_R1_0012","set1_3_11877_364_RS1_S_peripheral_S56_R1_001",2,0.126361859428329,6
"set1_3_11881_364_RS2_S_center_S37_R1_0012","set1_3_11881_364_RS2_S_center_S37_R1_001",3,0.117304196752872,6
"set1_3_13814_552_IBC_Str_12","set1_3_13814_552_IBC_Str_1",3,0.163344934419343,6
"set1_3_13829_551_DCIS_Str2","set1_3_13829_551_DCIS_Str",5,0.088568578759529,6
"set1_3_13831_550_ADH_Str_12","set1_3_13831_550_ADH_Str_1",2,0.128678403785895,6
"set1_3_13837_550_DCIS_Str_12","set1_3_13837_550_DCIS_Str_1",2,0.0907453380237069,6
"set1_3_13841_549_DCIS_Str2","set1_3_13841_549_DCIS_Str",3,0.186817375649588,6
"set1_3_13843_549_IBC_Str2","set1_3_13843_549_IBC_Str",3,0.164835386072985,6
"set1_3_13845_549_IN_Str2","set1_3_13845_549_IN_Str",4,0.152806611402798,6
"set1_3_13849_550_DCIS_Str_22","set1_3_13849_550_DCIS_Str_2",1,0.109288186430944,6
"set1_3_13855_549_NL_Str2","set1_3_13855_549_NL_Str",2,0.112495105292981,6
"set1_3_13859_548_DCIS_Str2","set1_3_13859_548_DCIS_Str",1,0.121352308326076,6
"set1_3_13861_548_IBC_Str2","set1_3_13861_548_IBC_Str",1,0.141019362052133,6
"set1_3_13863_547_NL_Str2","set1_3_13863_547_NL_Str",2,0.135628941408563,6
"set1_3_13865_547_CCC_Str_12","set1_3_13865_547_CCC_Str_1",1,0.15027462901999,6
"set1_3_13867_547_CCH_Str_12","set1_3_13867_547_CCH_Str_1",5,0.170614791661438,6
"set1_3_13869_547_IBC_Str_12","set1_3_13869_547_IBC_Str_1",3,0.174779550311835,6
"set1_3_13871_547_DCIS_Str2","set1_3_13871_547_DCIS_Str",3,0.170537237389029,6
"set1_3_13873_547_CCC_Str_22","set1_3_13873_547_CCC_Str_2",5,0.159323660196816,6
"set1_3_13877_547_CCC_Str_32","set1_3_13877_547_CCC_Str_3",3,0.160684700335929,6
"set1_3_13879_547_IBC_Str_22","set1_3_13879_547_IBC_Str_2",3,0.233566864090508,6
"set1_3_13881_547_NL_Str2","set1_3_13881_547_NL_Str",4,0.143254797010359,6
"set1_3_13883_546_NL_Str2","set1_3_13883_546_NL_Str",4,0.18373792588432,6
"set1_3_13885_546_ALH_Str2","set1_3_13885_546_ALH_Str",4,0.149723703756401,6
"set1_3_13887_546_IBC_Str2","set1_3_13887_546_IBC_Str",1,0.170882910889921,6
"set1_3_13889_546_LIN_Str2","set1_3_13889_546_LIN_Str",1,0.132903879641609,6
"set1_3_13891_546_CCH_Str2","set1_3_13891_546_CCH_Str",1,0.119118678176869,6
"set1_3_13893_546_HIN_Str2","set1_3_13893_546_HIN_Str",1,0.205620575461049,6
"set1_3_13895_546_MIN_Str2","set1_3_13895_546_MIN_Str",1,0.17934548315934,6
"set1_3_13897_545_CCC_Str_12","set1_3_13897_545_CCC_Str_1",1,0.161994502721149,6
"set1_3_13899_545_ADH_Str2","set1_3_13899_545_ADH_Str",1,0.157735467066895,6
"set1_3_13901_545_UDH_Str_12","set1_3_13901_545_UDH_Str_1",6,0.161125436730295,6
"set1_3_13903_545_AM_Str_12","set1_3_13903_545_AM_Str_1",1,0.142526936635819,6
"set1_3_13905_545_IBC_Str2","set1_3_13905_545_IBC_Str",6,0.194416915136894,6
"set1_3_13907_545_DCIS_Str_12","set1_3_13907_545_DCIS_Str_1",6,0.167969356215077,6
"set1_3_13909_545_CCC_Str_22","set1_3_13909_545_CCC_Str_2",6,0.15611231893846,6
"set1_3_13917_545_DCIS_Str_22","set1_3_13917_545_DCIS_Str_2",6,0.313765737064439,6
"set1_3_13925_544_DCIS_Str_12","set1_3_13925_544_DCIS_Str_1",6,0.126317106977437,6
"set1_3_13927_544_DCIS_Str_22","set1_3_13927_544_DCIS_Str_2",1,0.163152581852374,6
"set1_3_13929_544_IBC_Str2","set1_3_13929_544_IBC_Str",1,0.157254264430315,6
"set1_3_13931_544_DCIS_Str_32","set1_3_13931_544_DCIS_Str_3",1,0.154205171208541,6
"set1_3_13939_568_NL_Str2","set1_3_13939_568_NL_Str",2,0.121156802401332,6
"set1_3_13941_568_IBC_Str2","set1_3_13941_568_IBC_Str",3,0.162186574706424,6
"set1_3_13943_568_DCIS_Str2","set1_3_13943_568_DCIS_Str",1,0.114956756734969,6
"set1_3_13947_570_CCC_Str_12","set1_3_13947_570_CCC_Str_1",5,0.161727099788082,6
"set1_3_13949_570_IBC_Str2","set1_3_13949_570_IBC_Str",4,0.113602244793544,6
"set1_3_13951_570_DCIS_Str2","set1_3_13951_570_DCIS_Str",5,0.159690257068733,6
"set1_3_13953_570_ADH_Str_12","set1_3_13953_570_ADH_Str_1",5,0.119069673883555,6
"set1_3_13955_570_NL_Str2","set1_3_13955_570_NL_Str",5,0.125389488179265,6
"set1_3_13957_570_CCC_Str_22","set1_3_13957_570_CCC_Str_2",5,0.140613278809297,6
"set1_3_13959_570_CCH_Str2","set1_3_13959_570_CCH_Str",5,0.133868899238676,6
"set1_3_13961_570_ADH_Str_22","set1_3_13961_570_ADH_Str_2",6,0.130225185507659,6
"set1_3_13963_569_IBC_Str2","set1_3_13963_569_IBC_Str",3,0.157164877064427,6
"set1_3_13965_567_EN_Str2","set1_3_13965_567_EN_Str",5,0.175507848926364,6
"set1_3_13969_567_DCIS_Str2","set1_3_13969_567_DCIS_Str",1,0.175727729704357,6
"set1_3_13971_567_IBC_Str2","set1_3_13971_567_IBC_Str",3,0.140505731295619,6
"set1_3_13977_565_EN_Str2","set1_3_13977_565_EN_Str",5,0.194649451381519,6
"set1_3_13983_561_DCIS_Str2","set1_3_13983_561_DCIS_Str",3,0.130497743444774,6
"set1_3_13985_561_IBC_Str2","set1_3_13985_561_IBC_Str",3,0.196711547433022,6
"set1_3_13988_562_DCIS_Str_12","set1_3_13988_562_DCIS_Str_1",1,0.118300073357713,6
"set1_3_13992_562_DCIS_Str_22","set1_3_13992_562_DCIS_Str_2",3,0.116874725454278,6
"set1_3_13994_562_NL_Str_22","set1_3_13994_562_NL_Str_2",2,0.164449326948863,6
"set1_3_13996_563_NL_Str2","set1_3_13996_563_NL_Str",1,0.152883845651996,6
"set1_3_13998_563_IBC_Str2","set1_3_13998_563_IBC_Str",1,0.155093524981212,6
"set1_3_14002_553_DCIS_Str2","set1_3_14002_553_DCIS_Str",3,0.133093713927033,6
"set1_3_14004_553_IBC_Str2","set1_3_14004_553_IBC_Str",3,0.187637510906187,6
"set1_3_14008_553_EN_Str2","set1_3_14008_553_EN_Str",5,0.17470210545907,6
"set1_3_14013_560_CCC_Str2","set1_3_14013_560_CCC_Str",5,0.186685084479742,6
"set1_3_14015_560_AM_Str2","set1_3_14015_560_AM_Str",6,0.176752467245786,6
"set1_3_14017_560_NL_Str_12","set1_3_14017_560_NL_Str_1",6,0.196062212568969,6
"set1_3_14019_560_NL_Str_22","set1_3_14019_560_NL_Str_2",2,0.107329690922482,6
"set1_3_14021_560_IBC_Str_12","set1_3_14021_560_IBC_Str_1",1,0.146669644456999,6
"set1_3_14023_560_SA_Str2","set1_3_14023_560_SA_Str",2,0.118366258064043,6
"set1_3_14026_560_IBC_Str_22","set1_3_14026_560_IBC_Str_2",1,0.084538481578938,6
"set1_3_14035_572_IBC_Str2","set1_3_14035_572_IBC_Str",1,0.184113378437694,6
"set1_3_14037_571_NL_Str2","set1_3_14037_571_NL_Str",2,0.17929096429558,6
"set1_3_14039_571_EN_Str2","set1_3_14039_571_EN_Str",1,0.238462042946436,6
"set1_3_14041_571_DCISw_Str2","set1_3_14041_571_DCISw_Str",1,0.236829225225595,6
"set1_3_14043_571_DCIS_Str2","set1_3_14043_571_DCIS_Str",1,0.152591992699314,6
"set1_3_14045_571_IBC_Str_12","set1_3_14045_571_IBC_Str_1",1,0.191974498309119,6
"set1_3_14047_571_IBC_Str_22","set1_3_14047_571_IBC_Str_2",3,0.185343069443987,6
"set1_3_14049_566_IBC_Str2","set1_3_14049_566_IBC_Str",3,0.18108172953013,6
"set1_3_14051_566_DCIS_Str2","set1_3_14051_566_DCIS_Str",1,0.193185872326582,6
"set1_3_14053_566_UDH_Str2","set1_3_14053_566_UDH_Str",1,0.105475833642272,6
"set1_3_14063_564_DCIS_Str2","set1_3_14063_564_DCIS_Str",1,0.157388540681855,6
"set1_3_14065_564_HP_Str2","set1_3_14065_564_HP_Str",2,0.133347556253353,6
"set1_3_14067_564_NL_Str2","set1_3_14067_564_NL_Str",2,0.16250944156709,6
"set1_3_14069_564_IBC_Str2","set1_3_14069_564_IBC_Str",3,0.142121600659495,6
"set1_3_14071_559_DCIS_Str2","set1_3_14071_559_DCIS_Str",1,0.132451766341791,6
"set1_3_14073_559_IBC_Str2","set1_3_14073_559_IBC_Str",1,0.117797286585483,6
"set1_3_14075_559_CCH_Str2","set1_3_14075_559_CCH_Str",5,0.184398486959381,6
"set1_3_14081_558_IBC_Str2","set1_3_14081_558_IBC_Str",3,0.172472827442726,6
"set1_3_14085_558_DCIS_Str_12","set1_3_14085_558_DCIS_Str_1",3,0.146847879114454,6
"set1_3_14093_557_IBC_Str2","set1_3_14093_557_IBC_Str",3,0.111997848707724,6
"set1_3_14095_557_DCIS_Str2","set1_3_14095_557_DCIS_Str",4,0.0987895927909873,6
"set1_3_14097_556_IBC_Str_12","set1_3_14097_556_IBC_Str_1",3,0.11723306170096,6
"set1_3_14099_556_ADH_Str_12","set1_3_14099_556_ADH_Str_1",2,0.146226200416212,6
"set1_3_14101_556_ADH_Str_22","set1_3_14101_556_ADH_Str_2",2,0.142197960292736,6
"set1_3_14105_556_IBC_Str_22","set1_3_14105_556_IBC_Str_2",6,0.135438809113307,6
"set1_3_14111_555_IN_Str2","set1_3_14111_555_IN_Str",1,0.136723382758508,6
"set1_3_14113_555_iIBC_Str2","set1_3_14113_555_iIBC_Str",1,0.134820802598037,6
"set1_3_14115_555_IBC_Str2","set1_3_14115_555_IBC_Str",3,0.130648613066894,6
"set4_10_14732_656_IBC_Str2","set4_10_14732_656_IBC_Str",3,0.186198662963562,6
"set4_10_14734_656_BBD_Str2","set4_10_14734_656_BBD_Str",5,0.248980008655165,6
"set4_10_14736_656_NL_Str2","set4_10_14736_656_NL_Str",2,0.156724754658802,6
"set4_10_14738_657_CCC_Str2","set4_10_14738_657_CCC_Str",2,0.164229498647387,6
"set4_10_14740_657_NL_Str2","set4_10_14740_657_NL_Str",2,0.148018276215236,6
"set4_10_14742_657_DCIS_Str2","set4_10_14742_657_DCIS_Str",3,0.194165287114508,6
"set4_10_14743_657_IBC_Str2","set4_10_14743_657_IBC_Str",3,0.211527371521546,6
"set4_10_14748_658_DCIS_Str2","set4_10_14748_658_DCIS_Str",1,0.215210710963162,6
"set4_10_14749_658_IBC_Str2","set4_10_14749_658_IBC_Str",1,0.141960568060068,6
"set4_10_14750_658_NL_Str2","set4_10_14750_658_NL_Str",2,0.176746659581612,6
"set4_10_14753_659_DCIS_Str2","set4_10_14753_659_DCIS_Str",5,0.152077570502145,6
"set4_10_14754_659_IBC_Str2","set4_10_14754_659_IBC_Str",1,0.140008381136888,6
"set4_10_14756_659_DCIS_Str2","set4_10_14756_659_DCIS_Str",5,0.196371414414822,6
"set4_10_14758_659_NL_Str2","set4_10_14758_659_NL_Str",2,0.136764704343498,6
"set4_10_14792_663_DCIS_Str2","set4_10_14792_663_DCIS_Str",2,0.126109989212075,6
"set4_10_14794_663_IBC_Str2","set4_10_14794_663_IBC_Str",3,0.121762649136008,6
"set4_10_14796_663_NL_Str2","set4_10_14796_663_NL_Str",2,0.157343057799532,6
"set4_10_14760_660_IBC_Str2","set4_10_14760_660_IBC_Str",1,0.150155348763016,6
"set4_10_14762_660_DCIS_Str2","set4_10_14762_660_DCIS_Str",1,0.143497313684113,6
"set4_10_14764_660_NL_Str2","set4_10_14764_660_NL_Str",2,0.114652104841912,6
"set4_10_14766_660_LVI_Str2","set4_10_14766_660_LVI_Str",1,0.162295065318766,6
"set4_10_14768_661_IBC_Str2","set4_10_14768_661_IBC_Str",3,0.162769615452828,6
"set4_10_14770_661_AM_Str2","set4_10_14770_661_AM_Str",6,0.27362233936386,6
"set4_10_14772_661_ADH_Str2","set4_10_14772_661_ADH_Str",5,0.178222490330334,6
"set4_10_14774_661_DCIS_Str2","set4_10_14774_661_DCIS_Str",2,0.135508570800287,6
"set4_10_14776_661_ADH_Str2","set4_10_14776_661_ADH_Str",5,0.155199387354724,6
"set4_10_14778_661_NL_Str2","set4_10_14778_661_NL_Str",5,0.205847443430357,6
"set4_10_14780_662_DCIS.1_Str2","set4_10_14780_662_DCIS.1_Str",3,0.217627786692793,6
"set4_10_14782_662_MIV.1_Str2","set4_10_14782_662_MIV.1_Str",3,0.188425011250067,6
"set4_10_14784_662_DCIS.2_Str2","set4_10_14784_662_DCIS.2_Str",3,0.182167223672184,6
"set4_10_14786_662_MIV.2_Str2","set4_10_14786_662_MIV.2_Str",3,0.180542949305191,6
"set4_10_14788_662_DCIS.3_Str2","set4_10_14788_662_DCIS.3_Str",3,0.232695039614918,6
"set4_10_14790_662_IBC_Str2","set4_10_14790_662_IBC_Str",3,0.235260424302322,6
"set4_10_14910_676_DCIS.2_Str2","set4_10_14910_676_DCIS.2_Str",6,0.154424611480935,6
"set4_10_14799_664_BBD_Str2","set4_10_14799_664_BBD_Str",5,0.148516950485034,6
"set4_10_14801_664_IBC_Str2","set4_10_14801_664_IBC_Str",3,0.192511372375599,6
"set4_10_14803_664_ADH_Str2","set4_10_14803_664_ADH_Str",5,0.177187670908937,6
"set4_10_14806_665_IBC_Str2","set4_10_14806_665_IBC_Str",3,0.21222473343905,6
"set4_10_14808_665_inf_NL_Str2","set4_10_14808_665_inf_NL_Str",1,0.235662647793414,6
"set4_10_14860_665_DCIS_Str2","set4_10_14860_665_DCIS_Str",2,0.140628190435121,6
"set4_10_14811_665_NL_Str2","set4_10_14811_665_NL_Str",2,0.170963187358676,6
"set4_10_14814_666_DCIS_Str2","set4_10_14814_666_DCIS_Str",2,0.123573564370725,6
"set4_10_14815_666_IBC_Str2","set4_10_14815_666_IBC_Str",3,0.226877196023491,6
"set4_10_14817_666_NL_Str2","set4_10_14817_666_NL_Str",2,0.16731139667502,6
"set4_10_14819_666_BBD_Str2","set4_10_14819_666_BBD_Str",2,0.169649656441444,6
"set4_10_14854_671_UDH_Str2","set4_10_14854_671_UDH_Str",2,0.184696958090819,6
"set4_10_14858_671_IBC_Str2","set4_10_14858_671_IBC_Str",3,0.20504865482985,6
"set4_10_14859_671_DCIS_Str2","set4_10_14859_671_DCIS_Str",3,0.183940327199333,6
"set4_10_14861_671_AM_Str2","set4_10_14861_671_AM_Str",6,0.206852729580092,6
"set4_10_14863_671_CCC_Str2","set4_10_14863_671_CCC_Str",2,0.14885171776725,6
"set4_10_14823_667_IBC_Str2","set4_10_14823_667_IBC_Str",3,0.179042603149909,6
"set4_10_14824_667_DCIS_Str2","set4_10_14824_667_DCIS_Str",2,0.159130315249277,6
"set4_10_14825_667_NL_Str2","set4_10_14825_667_NL_Str",2,0.203998618448523,6
"set4_10_14827_668_IBC_Str2","set4_10_14827_668_IBC_Str",3,0.243731127794994,6
"set4_10_14831_668_DCIS_Str2","set4_10_14831_668_DCIS_Str",2,0.147301644295377,6
"set4_10_14832_668_NL_Str2","set4_10_14832_668_NL_Str",2,0.170854701333887,6
"set4_10_14835_669_IBC_Str2","set4_10_14835_669_IBC_Str",3,0.209224063118323,6
"set4_10_14836_669_NL_Str2","set4_10_14836_669_NL_Str",2,0.190746469374242,6
"set4_10_14838_669_DCIS_Str2","set4_10_14838_669_DCIS_Str",2,0.164081242643318,6
"set4_10_14841_670_EN_Str2","set4_10_14841_670_EN_Str",4,0.146154519981456,6
"set4_10_14842_670_DCIS_Str2","set4_10_14842_670_DCIS_Str",6,0.314915446161089,6
"set4_10_14845_670_DCIS_Str2","set4_10_14845_670_DCIS_Str",6,0.137090561869479,6
"set4_10_14846_670_IBC_Str2","set4_10_14846_670_IBC_Str",6,0.401192672688275,6
"set4_10_14850_670_BBD_Str2","set4_10_14850_670_BBD_Str",4,0.148283937022027,6
"set4_10_14851_670_CCC_Str2","set4_10_14851_670_CCC_Str",2,0.155141944362109,6
"set4_10_14852_670_AM_Str2","set4_10_14852_670_AM_Str",2,0.178257162440726,6
"set4_10_14865_672_inf_NL_Str_S2_R1_0012","set4_10_14865_672_inf_NL_Str_S2_R1_001",5,0.155208564441231,6
"set4_10_14867_672_IBC_Str_1_S4_R1_0012","set4_10_14867_672_IBC_Str_1_S4_R1_001",3,0.250424193355212,6
"set4_10_14871_672_DCIS_Str_S8_R1_0012","set4_10_14871_672_DCIS_Str_S8_R1_001",3,0.116918907857882,6
"set4_10_14872_672_CaLob_Str_S9_R1_0012","set4_10_14872_672_CaLob_Str_S9_R1_001",1,0.208167173582629,6
"set4_10_14874_672_NL_Str_S11_R1_0012","set4_10_14874_672_NL_Str_S11_R1_001",5,0.154685708119318,6
"set4_10_14877_672_CCC_Str_S14_R1_0012","set4_10_14877_672_CCC_Str_S14_R1_001",2,0.159456486024279,6
"set4_10_14879_673_IBC_Str_S16_R1_0012","set4_10_14879_673_IBC_Str_S16_R1_001",3,0.228451950691732,6
"set4_10_14881_673_DCIS_Str_S18_R1_0012","set4_10_14881_673_DCIS_Str_S18_R1_001",1,0.231667650507158,6
"set4_10_14883_673_NL_Str_S20_R1_0012","set4_10_14883_673_NL_Str_S20_R1_001",2,0.121500201836041,6
"set4_10_14885_673_AM_Str_S22_R1_0012","set4_10_14885_673_AM_Str_S22_R1_001",6,0.185835920430708,6
"set4_10_14887_673_CCC_Str_S24_R1_0012","set4_10_14887_673_CCC_Str_S24_R1_001",5,0.185769692941939,6
"set4_10_14889_673_EN_Str_S26_R1_0012","set4_10_14889_673_EN_Str_S26_R1_001",4,0.151057993529176,6
"set4_10_14891_674_DCIS_Str_S28_R1_0012","set4_10_14891_674_DCIS_Str_S28_R1_001",5,0.122968018726326,6
"set4_10_14893_674_IBC_Str_S30_R1_0012","set4_10_14893_674_IBC_Str_S30_R1_001",3,0.179392767995736,6
"set4_10_14895_674_BBD_Str_S32_R1_0012","set4_10_14895_674_BBD_Str_S32_R1_001",2,0.176611392119598,6
"set4_10_14900_675_EN1_Str_S34_R1_0012","set4_10_14900_675_EN1_Str_S34_R1_001",5,0.237781511036887,6
"set4_10_14902_675_EN2_Str2","set4_10_14902_675_EN2_Str",5,0.264071835371596,6
"set4_10_14903_675_EN3_Str2","set4_10_14903_675_EN3_Str",5,0.301584545016763,6
"set4_10_14906_675_NL_Str2","set4_10_14906_675_NL_Str",5,0.189743771996178,6
"set4_10_14923_677_IBC_Str2","set4_10_14923_677_IBC_Str",3,0.184321015687395,6
"set4_10_14925_677_DCIS_Str2","set4_10_14925_677_DCIS_Str",3,0.152072610775379,6
"set4_10_14927_677_NL_Str2","set4_10_14927_677_NL_Str",1,0.138184494523244,6
"set4_10_14929_677_LVI_Str2","set4_10_14929_677_LVI_Str",3,0.166484739505055,6
"set4_10_14931_678_IBC_Str2","set4_10_14931_678_IBC_Str",3,0.24811924604514,6
"set4_10_14933_678_PLC_Str2","set4_10_14933_678_PLC_Str",2,0.17063588098295,6
"set4_10_14935_678_EN_Str2","set4_10_14935_678_EN_Str",2,0.171442314008766,6
"set4_10_14937_678_NL_Str2","set4_10_14937_678_NL_Str",2,0.173777342873983,6
"set4_10_14939_679_IBC_Str2","set4_10_14939_679_IBC_Str",3,0.251562523778883,6
"set4_10_14941_679_DCIS_Str2","set4_10_14941_679_DCIS_Str",2,0.1920832250925,6
"set4_10_14943_679_NL_Str2","set4_10_14943_679_NL_Str",2,0.190281333159692,6
"set4_10_14955_680_DCIS_2_Str2","set4_10_14955_680_DCIS_2_Str",2,0.153497591473262,6
"set4_10_14957_680_ADH_2_Str2","set4_10_14957_680_ADH_2_Str",2,0.169219302312436,6
"set4_10_14945_680_ADH_1_Str2","set4_10_14945_680_ADH_1_Str",2,0.190663662421877,6
"set4_10_14947_680_UDH_Str2","set4_10_14947_680_UDH_Str",2,0.181251501408199,6
"set4_10_14949_680_NL_Str2","set4_10_14949_680_NL_Str",2,0.154463358000827,6
"set4_10_14951_680_DCIS_1_Str2","set4_10_14951_680_DCIS_1_Str",2,0.153731650115051,6
"set4_10_14953_680_IBC_Str2","set4_10_14953_680_IBC_Str",3,0.172522684006452,6
"set4_10_14959_680_LG_DCIS_Str2","set4_10_14959_680_LG_DCIS_Str",1,0.186254517708462,6
"set4_10_14961_680_AM_Str2","set4_10_14961_680_AM_Str",6,0.380510039596219,6
"set4_10_14967_681_DCIS_Str2","set4_10_14967_681_DCIS_Str",2,0.153940756697406,6
"set4_10_14969_681_AM_Str2","set4_10_14969_681_AM_Str",6,0.241836751785493,6
"set4_10_14971_681_EN_Str2","set4_10_14971_681_EN_Str",2,0.20975043826228,6
"set4_10_14973_681_ADH_1_Str2","set4_10_14973_681_ADH_1_Str",2,0.169133230951019,6
"set4_10_14975_681_IBC_Str2","set4_10_14975_681_IBC_Str",3,0.25454618907046,6
"set4_10_14977_681_NL_Str2","set4_10_14977_681_NL_Str",2,0.191118250286669,6
"set4_10_14979_682_NL_Str2","set4_10_14979_682_NL_Str",5,0.151903718414409,6
"set4_10_14981_682_EN_Str2","set4_10_14981_682_EN_Str",4,0.143424084836327,6
"set4_10_14983_682_IBC_Str2","set4_10_14983_682_IBC_Str",3,0.180385177420648,6
"set4_10_14985_682_Inf_NL_Str2","set4_10_14985_682_Inf_NL_Str",1,0.18381947460591,6
"set4_10_14988_683_DCIS_Str2","set4_10_14988_683_DCIS_Str",1,0.125708948694908,6
"set4_10_14991_684_ADH_DCIS_Str2","set4_10_14991_684_ADH_DCIS_Str",3,0.132844576775984,6
"set4_10_14993_684_DCIS_Str2","set4_10_14993_684_DCIS_Str",1,0.165738076365037,6
"set4_10_14995_684_NL_Str2","set4_10_14995_684_NL_Str",2,0.123536860270203,6
"set4_10_14997_684_IBC_Str2","set4_10_14997_684_IBC_Str",3,0.203092694429087,6
"set4_10_14999_685_DCIS_Str2","set4_10_14999_685_DCIS_Str",1,0.133007091840826,6
"set4_10_15001_685_IBC_Str2","set4_10_15001_685_IBC_Str",3,0.172569006529956,6
"set4_10_15003_685_NL_Str2","set4_10_15003_685_NL_Str",5,0.165550233231834,6
"set4_10_15005_685_EN_Str2","set4_10_15005_685_EN_Str",2,0.141220963146832,6
"set4_10_15014_687_DCIS_1_Str2","set4_10_15014_687_DCIS_1_Str",1,0.160085372859787,6
"set4_10_15016_687_DCIS_2_Str2","set4_10_15016_687_DCIS_2_Str",1,0.231984722047322,6
"set4_10_15018_687_UDH_Str2","set4_10_15018_687_UDH_Str",2,0.141240458628056,6
"set4_10_15020_687_EN_Str2","set4_10_15020_687_EN_Str",4,0.189863295476334,6
"set4_10_15022_687_NL_Str2","set4_10_15022_687_NL_Str",2,0.202803950006205,6
"set4_10_15026_688_EN_1_Str2","set4_10_15026_688_EN_1_Str",1,0.142463544912795,6
"set4_10_14912_676_EN_Str2","set4_10_14912_676_EN_Str",5,0.203495024743288,6
"set4_10_14914_676_BBD_2_Str2","set4_10_14914_676_BBD_2_Str",5,0.207392972135991,6
"set4_10_14917_676_DCIS_1_Str2","set4_10_14917_676_DCIS_1_Str",1,0.161936132294436,6
"set4_10_14919_676_BBD_1_Str2","set4_10_14919_676_BBD_1_Str",5,0.137852612662682,6
"set4_10_14921_676_NL_Str2","set4_10_14921_676_NL_Str",5,0.239497048332601,6
"set4_10_15008_686_DCIS_Str2","set4_10_15008_686_DCIS_Str",1,0.16961025445496,6
"set4_10_15010_686_EN_Str2","set4_10_15010_686_EN_Str",2,0.18009240371967,6
"set4_10_15012_686_NL_Str2","set4_10_15012_686_NL_Str",2,0.22773106376966,6
"set4_10_15033_689_IBC_Str2","set4_10_15033_689_IBC_Str",3,0.248170508621362,6
"set4_10_15035_689_DCIS_1_Str2","set4_10_15035_689_DCIS_1_Str",1,0.19538566724581,6
"set4_10_15037_689_NL_Str2","set4_10_15037_689_NL_Str",5,0.165792970217594,6
"set4_10_15039_689_DCIS_2_Str2","set4_10_15039_689_DCIS_2_Str",1,0.156514558037092,6
"set4_10_15041_689_EN_1_Str2","set4_10_15041_689_EN_1_Str",2,0.158805966839137,6
"set4_10_15043_689_EN_2_Str2","set4_10_15043_689_EN_2_Str",2,0.147082964088643,6
"set4_10_15053_690_EN_2_Str2","set4_10_15053_690_EN_2_Str",5,0.167141791257912,6
"set4_10_15063_691_EN_2_Str2","set4_10_15063_691_EN_2_Str",2,0.177094069648672,6
"set4_10_14965_681_ADH_2_Str2","set4_10_14965_681_ADH_2_Str",2,0.197165044646907,6
"set4_10_15024_688_IBC_Str2","set4_10_15024_688_IBC_Str",1,0.252032318407231,6
"set4_10_15028_688_NL_Str2","set4_10_15028_688_NL_Str",4,0.168811744911465,6
"set4_10_15030_688_EN_4_Str2","set4_10_15030_688_EN_4_Str",4,0.169875744869459,6
"set4_10_15107_688_EN_5_Str2","set4_10_15107_688_EN_5_Str",6,0.155815531351561,6
"set4_10_15045_690_NL_Str2","set4_10_15045_690_NL_Str",2,0.125820512456764,6
"set4_10_15047_690_EN_1_Str2","set4_10_15047_690_EN_1_Str",2,0.142541728354111,6
"set4_10_15049_690_IBC_Str2","set4_10_15049_690_IBC_Str",3,0.245649519162115,6
"set4_10_15051_690_DCIS_Str2","set4_10_15051_690_DCIS_Str",1,0.15437457584362,6
"set4_10_15055_690_i_DCIS_Str2","set4_10_15055_690_i_DCIS_Str",1,0.225892811920881,6
"set4_10_15057_691_IBC_Str2","set4_10_15057_691_IBC_Str",3,0.221252430494072,6
"set4_10_15059_691_EN_1_Str2","set4_10_15059_691_EN_1_Str",2,0.124988641205828,6
"set4_10_15061_691_DCIS_Str2","set4_10_15061_691_DCIS_Str",2,0.162794284587366,6
"set4_10_15065_692_IBC_Str2","set4_10_15065_692_IBC_Str",3,0.174958089043461,6
"set4_10_15067_692_DCIS_Str2","set4_10_15067_692_DCIS_Str",1,0.205824367286232,6
"set4_10_15069_692_NL_Str2","set4_10_15069_692_NL_Str",1,0.158649816928991,6
"set4_10_15586_744_IBC_Str2","set4_10_15586_744_IBC_Str",3,0.228075869963085,6
"set4_10_15588_744_inF.NL_Str2","set4_10_15588_744_inF.NL_Str",1,0.196013044819086,6
"set4_10_15590_744_DCIS_Str2","set4_10_15590_744_DCIS_Str",3,0.13575403404023,6
"set4_10_15592_745_CCC_Str2","set4_10_15592_745_CCC_Str",2,0.165248601916509,6
"set4_10_15594_745_BBD_Str2","set4_10_15594_745_BBD_Str",2,0.173828778830673,6
"set4_10_15596_745_IP_Str2","set4_10_15596_745_IP_Str",1,0.13461057524985,6
"set4_10_15599_746_DCIS_Str2","set4_10_15599_746_DCIS_Str",1,0.214593441997004,6
"set4_10_15601_746_NL_Str2","set4_10_15601_746_NL_Str",1,0.149881972671678,6
"set4_10_15603_747_IBC_Str2","set4_10_15603_747_IBC_Str",3,0.251512067105307,6
"set4_10_15605_747_NL_Str2","set4_10_15605_747_NL_Str",2,0.168504057072309,6
"set4_10_15607_747_ADH_Str2","set4_10_15607_747_ADH_Str",5,0.209380292573717,6
"set4_10_15609_747_AM_Str2","set4_10_15609_747_AM_Str",6,0.195647371728644,6
"set4_10_15611_748_AM_Str2","set4_10_15611_748_AM_Str",2,0.186655510844476,6
"set4_10_15613_748_DCIS_Str2","set4_10_15613_748_DCIS_Str",1,0.168153325505343,6
"set4_10_15615_748_IBC_Str2","set4_10_15615_748_IBC_Str",3,0.198828306324377,6
"set4_10_15619_749_IBC_Str2","set4_10_15619_749_IBC_Str",3,0.225675962124287,6
"set4_10_15620_749_DCIS_Str2","set4_10_15620_749_DCIS_Str",3,0.172170449403401,6
"set4_10_15621_749_LVI_Str2","set4_10_15621_749_LVI_Str",3,0.176210478897754,6
"set4_10_15623_750_NL_Str2","set4_10_15623_750_NL_Str",5,0.165159826087986,6
"set4_10_15625_750_IBC_Str2","set4_10_15625_750_IBC_Str",3,0.239966952115153,6
"set4_10_15627_750_DCIS_Str2","set4_10_15627_750_DCIS_Str",3,0.18889904695097,6
"set4_10_15629_751_NL_Str2","set4_10_15629_751_NL_Str",5,0.199011454407404,6
"set4_10_15631_751_IBC_Str2","set4_10_15631_751_IBC_Str",3,0.195671383357643,6
"set4_10_15633_751_ADH_Str2","set4_10_15633_751_ADH_Str",5,0.221111349887039,6
"set4_10_15635_751_CCC_Str2","set4_10_15635_751_CCC_Str",5,0.201621655820238,6
"set4_10_15637_752_IBC_Str2","set4_10_15637_752_IBC_Str",3,0.181969775036318,6
"set4_10_15641_752_DCIS_Str2","set4_10_15641_752_DCIS_Str",2,0.147582039147575,6
"set4_10_15642_752_NL_Str2","set4_10_15642_752_NL_Str",4,0.204163597033488,6
"set4_10_15643_752_BBD_Str2","set4_10_15643_752_BBD_Str",4,0.172418192136049,6
"set4_10_15645_753_DCIS_Str2","set4_10_15645_753_DCIS_Str",3,0.176419311766014,6
"set4_10_15648_753_NL_Str2","set4_10_15648_753_NL_Str",5,0.20727514184407,6
"set4_10_15650_754_IBC_Str2","set4_10_15650_754_IBC_Str",3,0.243497471324215,6
"set4_10_15652_754_ADH_Str2","set4_10_15652_754_ADH_Str",3,0.13822529080032,6
"set4_10_15654_754_EN_1_Str2","set4_10_15654_754_EN_1_Str",2,0.123717140371653,6
"set4_10_15656_754_DCIS_Str2","set4_10_15656_754_DCIS_Str",3,0.170224596095118,6
"set4_10_15658_754_EN_2_Str2","set4_10_15658_754_EN_2_Str",2,0.126574586156221,6
"set4_10_15660_755_EN_Str2","set4_10_15660_755_EN_Str",4,0.169252458210888,6
"set4_10_15662_755_DCIS_inf_1_Str2","set4_10_15662_755_DCIS_inf_1_Str",1,0.224199244195303,6
"set4_10_15664_755_IBC_Str2","set4_10_15664_755_IBC_Str",1,0.213548850134569,6
"set4_10_15666_755_DCIS_inf_2_Str2","set4_10_15666_755_DCIS_inf_2_Str",1,0.213913729180995,6
"set4_10_15668_755_NL_Str2","set4_10_15668_755_NL_Str",4,0.145650036323333,6
"set4_10_15670_756_NL_Str2","set4_10_15670_756_NL_Str",1,0.122721822432792,6
"set4_10_15672_756_EN_1_Str2","set4_10_15672_756_EN_1_Str",5,0.220792751452479,6
"set4_10_15674_756_IBC_Str2","set4_10_15674_756_IBC_Str",1,0.186210540932515,6
"set4_10_15676_756_UDH_1_Str2","set4_10_15676_756_UDH_1_Str",5,0.130446089017757,6
"set4_10_15678_756_EN_2_Str2","set4_10_15678_756_EN_2_Str",4,0.194346480645301,6
"set4_10_15680_756_UDH_2_Str2","set4_10_15680_756_UDH_2_Str",4,0.278667400630542,6
"set4_10_15682_757_DCIS_Str2","set4_10_15682_757_DCIS_Str",3,0.127686093456229,6
"set4_10_15684_757_IBC_Str2","set4_10_15684_757_IBC_Str",3,0.161917988965061,6
"set4_10_15686_757_NL_Str2","set4_10_15686_757_NL_Str",5,0.157924404001792,6
"set4_10_15688_757_UDH_Str2","set4_10_15688_757_UDH_Str",4,0.16802134235418,6
"set4_10_15690_757_CCC_Str2","set4_10_15690_757_CCC_Str",4,0.165778285989985,6
"set4_10_15692_757_EN_Str2","set4_10_15692_757_EN_Str",4,0.206015872153853,6
"set4_10_15694_758_DCIS_1_Str2","set4_10_15694_758_DCIS_1_Str",1,0.133549840980194,6
"set4_10_15696_758_IBC_1_Str2","set4_10_15696_758_IBC_1_Str",1,0.183233272876614,6
"set4_10_15698_758_NL_Str2","set4_10_15698_758_NL_Str",1,0.13144313994406,6
"set4_10_15704_758_EN_Str2","set4_10_15704_758_EN_Str",5,0.154193573800624,6
"set4_10_15710_760_UDH_Str2","set4_10_15710_760_UDH_Str",4,0.194950267093123,6
"set4_10_15714_760_IBC_Str2","set4_10_15714_760_IBC_Str",1,0.187523457967263,6
"set4_10_15716_760_EN_1_Str2","set4_10_15716_760_EN_1_Str",4,0.145677313847508,6
"set4_10_15718_760_NL_Str2","set4_10_15718_760_NL_Str",4,0.227161704673332,6
"set4_10_15734_762_DCIS_2_Str2","set4_10_15734_762_DCIS_2_Str",1,0.194563655214213,6
"set4_10_15700_758_DCIS_2_Str2","set4_10_15700_758_DCIS_2_Str",1,0.140876174368754,6
"set4_10_15702_758_IBC_2_Str2","set4_10_15702_758_IBC_2_Str",3,0.171008281116164,6
"set4_10_15706_759_DCIS_Str2","set4_10_15706_759_DCIS_Str",3,0.142757145842714,6
"set4_10_15708_759_IBC_Str2","set4_10_15708_759_IBC_Str",3,0.193687319514934,6
"set4_10_15712_760_EN_2_Str2","set4_10_15712_760_EN_2_Str",4,0.207508105372375,6
"set4_10_15720_761_IBC_Str2","set4_10_15720_761_IBC_Str",1,0.167865551312307,6
"set4_10_15722_761_DCIS_Str2","set4_10_15722_761_DCIS_Str",1,0.158242952440315,6
"set4_10_15724_761_EN_1_Str2","set4_10_15724_761_EN_1_Str",2,0.153552513134731,6
"set4_10_15726_761_ADH_Str2","set4_10_15726_761_ADH_Str",4,0.148203091610307,6
"set4_10_15730_762_IBC_Str2","set4_10_15730_762_IBC_Str",3,0.204826532929303,6
"set4_10_15732_762_DCIS_1_Str2","set4_10_15732_762_DCIS_1_Str",3,0.178683734530213,6
"set4_10_15736_763_IBC_Str2","set4_10_15736_763_IBC_Str",4,0.192018501856123,6
"set4_10_15738_763_ADH_Str2","set4_10_15738_763_ADH_Str",4,0.242934886169757,6
"set4_10_15740_763_NL_1_Str2","set4_10_15740_763_NL_1_Str",4,0.271691415199295,6
"set4_10_15742_763_EN_Str2","set4_10_15742_763_EN_Str",4,0.185815729113407,6
"set4_10_15746_764_IBC_Str2","set4_10_15746_764_IBC_Str",1,0.176748687384,6
"set4_10_15748_764_DCIS_1_Str2","set4_10_15748_764_DCIS_1_Str",1,0.179339810893142,6
"set4_10_15750_764_LVI_Str2","set4_10_15750_764_LVI_Str",1,0.139933143696652,6
"set4_10_15752_764_DCIS_2_Str2","set4_10_15752_764_DCIS_2_Str",1,0.161071792969096,6
"set4_10_15754_764_EN_Str2","set4_10_15754_764_EN_Str",4,0.152896462292133,6
"set4_10_15756_764_NL_Str2","set4_10_15756_764_NL_Str",4,0.152291931513904,6
"set4_10_15758_765_IBC_Str2","set4_10_15758_765_IBC_Str",6,0.243193826157602,6
"set4_10_15760_765_DCIS_Str2","set4_10_15760_765_DCIS_Str",6,0.184764515497736,6
"set4_10_15762_765_EN_1_Str2","set4_10_15762_765_EN_1_Str",2,0.206597465384626,6
"set4_10_15766_765_NL_Str2","set4_10_15766_765_NL_Str",2,0.219720739004483,6
"set4_10_15768_766_NL_Str2","set4_10_15768_766_NL_Str",5,0.136523158767956,6
"set4_10_15770_766_inf_NL_Str2","set4_10_15770_766_inf_NL_Str",1,0.22554834537345,6
"set4_10_15772_766_IBC_Str2","set4_10_15772_766_IBC_Str",3,0.177695650904579,6
"set4_10_15774_766_AM_Str2","set4_10_15774_766_AM_Str",6,0.204720483320942,6
"set4_10_15776_766_EN_Str2","set4_10_15776_766_EN_Str",5,0.1482759209639,6
"set4_10_15778_767_IBC_Str2","set4_10_15778_767_IBC_Str",3,0.178933301050443,6
"set4_10_15780_767_DCIS_Str2","set4_10_15780_767_DCIS_Str",3,0.137422221827027,6
"set4_10_15782_767_AM_2_Str2","set4_10_15782_767_AM_2_Str",5,0.144138385841571,6
"set4_10_15784_767_ADH_Str2","set4_10_15784_767_ADH_Str",2,0.164468426999842,6
"set4_10_15788_767_NL_Str2","set4_10_15788_767_NL_Str",2,0.159281447017098,6
"set4_10_15790_768_IBC_Str2","set4_10_15790_768_IBC_Str",1,0.222771081531906,6
"set4_10_15792_768_NL_Str2","set4_10_15792_768_NL_Str",5,0.136311913130096,6
"set4_10_15796_768_EN_2_Str2","set4_10_15796_768_EN_2_Str",5,0.211383734136703,6
"set4_10_15798_768_EN_3_Str2","set4_10_15798_768_EN_3_Str",4,0.161381064574787,6
"set4_10_15800_769_IBC_Str2","set4_10_15800_769_IBC_Str",3,0.197480996046681,6
"set4_10_15802_769_DCIS_1_Str2","set4_10_15802_769_DCIS_1_Str",1,0.194390334789545,6
"set4_10_15806_769_EN_1_Str2","set4_10_15806_769_EN_1_Str",5,0.157097757854892,6
"set4_10_15810_769_NL_Str2","set4_10_15810_769_NL_Str",4,0.144998860950466,6
"set4_10_15812_769_EN_4_Str2","set4_10_15812_769_EN_4_Str",5,0.158097153453947,6
"set4_10_15818_769_AM_Str2","set4_10_15818_769_AM_Str",6,0.428823496575068,6
"set4_10_15786_767_AM_1_Str2","set4_10_15786_767_AM_1_Str",2,0.154529619212168,6
"set4_10_15794_768_EN_1_Str2","set4_10_15794_768_EN_1_Str",2,0.135176675975262,6
"set4_10_15804_769_DCIS_2_Str2","set4_10_15804_769_DCIS_2_Str",1,0.217020077782719,6
"set4_10_15808_769_EN_3_Str2","set4_10_15808_769_EN_3_Str",4,0.155495475254389,6
"set4_10_15816_769_EN_6_Str2","set4_10_15816_769_EN_6_Str",4,0.198103821776327,6
"set4_10_15820_770_DCIS_Str2","set4_10_15820_770_DCIS_Str",1,0.196869069452457,6
"set4_10_15822_770_IBC_Str2","set4_10_15822_770_IBC_Str",3,0.249633489567104,6
"set4_10_15824_770_EN_1_Str2","set4_10_15824_770_EN_1_Str",5,0.181864386076609,6
"set4_10_15826_770_NL_Str2","set4_10_15826_770_NL_Str",2,0.12719022384655,6
"set4_10_15830_771_EN_4_Str2","set4_10_15830_771_EN_4_Str",5,0.248517432769422,6
"set4_10_15836_771_DCIS_3_Str2","set4_10_15836_771_DCIS_3_Str",1,0.154826792358407,6
"set4_10_15832_771_NL_Str2","set4_10_15832_771_NL_Str",2,0.190598886913746,6
"set4_10_15834_771_EN_2_Str2","set4_10_15834_771_EN_2_Str",2,0.170215716646651,6
"set4_10_15840_771_DCIS_1_Str2","set4_10_15840_771_DCIS_1_Str",3,0.203501867043358,6
"set4_10_15844_771_IBC_Str2","set4_10_15844_771_IBC_Str",3,0.22036015574853,6
"set4_10_15728_761_EN_2_Str2","set4_10_15728_761_EN_2_Str",4,0.202839099252429,6
"set4_10_15744_763_NL_2_Str2","set4_10_15744_763_NL_2_Str",2,0.130413823438526,6
"set4_10_15764_765_EN_2_Str2","set4_10_15764_765_EN_2_Str",2,0.17075562162621,6
"set4_10_15814_769_EN_5_Str2","set4_10_15814_769_EN_5_Str",5,0.20311734708096,6
"set4_10_15828_771_EN_3_Str2","set4_10_15828_771_EN_3_Str",4,0.188727082904609,6
"set4_10_15838_771_EN_1_Str2","set4_10_15838_771_EN_1_Str",4,0.158018415780508,6
"set4_10_15842_771_DCIS_2_Str2","set4_10_15842_771_DCIS_2_Str",1,0.166373626929141,6
"set4_10_15846_772_IBC_Str2","set4_10_15846_772_IBC_Str",3,0.184617212674635,6
"set4_10_15848_772_DCIS_1_Str2","set4_10_15848_772_DCIS_1_Str",4,0.138924634793203,6
"set4_10_15850_772_DCIS_2_Str2","set4_10_15850_772_DCIS_2_Str",4,0.116624157739745,6
"set4_10_15852_772_EN_1_Str2","set4_10_15852_772_EN_1_Str",5,0.146260512872121,6
"set4_10_15854_772_EN_2_Str2","set4_10_15854_772_EN_2_Str",4,0.154751746761513,6
"set4_10_15856_772_EN_3_Str2","set4_10_15856_772_EN_3_Str",4,0.156128877000279,6
"set4_10_15858_772_EN_4_Str2","set4_10_15858_772_EN_4_Str",4,0.227279096867433,6
"set4_10_15860_772_NL_Str2","set4_10_15860_772_NL_Str",2,0.144006473165103,6
"set1_3_11771_354_EN_S_S2_R1_0013","set1_3_11771_354_EN_S_S2_R1_001",1,0.14965530038275,7
"set1_3_11773_354_IDC_S_S4_R1_0013","set1_3_11773_354_IDC_S_S4_R1_001",6,0.156163730162338,7
"set1_3_11775_354_RS1_S_center_S6_R1_0013","set1_3_11775_354_RS1_S_center_S6_R1_001",3,0.131310549398204,7
"set1_3_11777_354_RS1_S_peripheral_S8_R1_0013","set1_3_11777_354_RS1_S_peripheral_S8_R1_001",5,0.171532061799538,7
"set1_3_11779_354_RS2_S_center_S10_R1_0013","set1_3_11779_354_RS2_S_center_S10_R1_001",3,0.176609336734181,7
"set1_3_11781_354_RS2_S_peripheral_S12_R1_0013","set1_3_11781_354_RS2_S_peripheral_S12_R1_001",3,0.1515717175523,7
"set1_3_11783_354_NL_S_S14_R1_0013","set1_3_11783_354_NL_S_S14_R1_001",5,0.137448930920401,7
"set1_3_11785_355_RS1_S_center_S16_R1_0013","set1_3_11785_355_RS1_S_center_S16_R1_001",6,0.162017824973694,7
"set1_3_11787_355_RS1_S_peripheral_S18_R1_0013","set1_3_11787_355_RS1_S_peripheral_S18_R1_001",1,0.159199606222773,7
"set1_3_11790_355_RS2_S_center_S21_R1_0013","set1_3_11790_355_RS2_S_center_S21_R1_001",3,0.185363207825482,7
"set1_3_11792_355_RS2_S_peripheral_S23_R1_0013","set1_3_11792_355_RS2_S_peripheral_S23_R1_001",1,0.153059516880019,7
"set1_3_11795_355_NL_S_S26_R1_0013","set1_3_11795_355_NL_S_S26_R1_001",1,0.197635808645104,7
"set1_3_11797_355_RS3_S_center_S28_R1_0013","set1_3_11797_355_RS3_S_center_S28_R1_001",3,0.177021944060651,7
"set1_3_11799_355_RS3_S_peripheral_S30_R1_0013","set1_3_11799_355_RS3_S_peripheral_S30_R1_001",1,0.151469904074771,7
"set1_3_11803_356_RS1_S_center_S33_R1_0013","set1_3_11803_356_RS1_S_center_S33_R1_001",6,0.125217667136117,7
"set1_3_11805_356_RS1_S_peripheral_S35_R1_0013","set1_3_11805_356_RS1_S_peripheral_S35_R1_001",5,0.137484281882914,7
"set1_3_11807_357_NL_S_S41_R1_0013","set1_3_11807_357_NL_S_S41_R1_001",1,0.11230501433384,7
"set1_3_11809_357_RS1_S_center_S33_R1_0013","set1_3_11809_357_RS1_S_center_S33_R1_001",6,0.0885229123828944,7
"set1_3_11811_357_RS1_S_peripheral_S42_R1_0013","set1_3_11811_357_RS1_S_peripheral_S42_R1_001",1,0.0876736889015539,7
"set1_3_11814_358_NL_S_S37_R1_0013","set1_3_11814_358_NL_S_S37_R1_001",5,0.134147582777032,7
"set1_3_11816_358_EN_S_S39_R1_0013","set1_3_11816_358_EN_S_S39_R1_001",3,0.167696856948255,7
"set1_3_11818_358_RS1_S_center_S41_R1_0013","set1_3_11818_358_RS1_S_center_S41_R1_001",5,0.124690775748846,7
"set1_3_11820_358_RS1_S_peripheral_S43_R1_0013","set1_3_11820_358_RS1_S_peripheral_S43_R1_001",5,0.143255800509376,7
"set1_3_11822_358_IBC_S_S45_R1_0013","set1_3_11822_358_IBC_S_S45_R1_001",3,0.174663879107086,7
"set1_3_11824_358_RS2_S_center_S47_R1_0013","set1_3_11824_358_RS2_S_center_S47_R1_001",6,0.150306167729177,7
"set1_3_11826_358_RS2_S_peripheral_S49_R1_0013","set1_3_11826_358_RS2_S_peripheral_S49_R1_001",1,0.142433123427511,7
"set1_3_11828_359_RS1_S_center_S51_R1_0013","set1_3_11828_359_RS1_S_center_S51_R1_001",5,0.130903514154697,7
"set1_3_11830_359_RS1_S_peripheral_S53_R1_0013","set1_3_11830_359_RS1_S_peripheral_S53_R1_001",5,0.170971446102719,7
"set1_3_11834_359_RS2_S_center_S56_R1_0013","set1_3_11834_359_RS2_S_center_S56_R1_001",6,0.135542398988313,7
"set1_3_11836_359_RS2_S_peripheral_S58_R1_0013","set1_3_11836_359_RS2_S_peripheral_S58_R1_001",1,0.149375509879919,7
"set1_3_11839_360_RS1_S_center_S43_R1_0013","set1_3_11839_360_RS1_S_center_S43_R1_001",6,0.0738406876579339,7
"set1_3_11841_360_RS1_S_peripheral_S36_R1_0013","set1_3_11841_360_RS1_S_peripheral_S36_R1_001",5,0.0964702557227416,7
"set1_3_11843_360_NL_S_S53_R1_0013","set1_3_11843_360_NL_S_S53_R1_001",5,0.109353561280597,7
"set1_3_11845_361_RS1_S_center_S31_R1_0013","set1_3_11845_361_RS1_S_center_S31_R1_001",3,0.105439964570564,7
"set1_3_11847_361_RS1_S_peripheral_S35_R1_0013","set1_3_11847_361_RS1_S_peripheral_S35_R1_001",3,0.111219283460541,7
"set1_3_11849_361_RS2_S_center_S20_R1_0013","set1_3_11849_361_RS2_S_center_S20_R1_001",3,0.0788981343079134,7
"set1_3_11851_361_RS2_S_peripheral_S45_R1_0013","set1_3_11851_361_RS2_S_peripheral_S45_R1_001",5,0.0874979366386859,7
"set1_3_11853_361_RS4_S_center_S29_R1_0013","set1_3_11853_361_RS4_S_center_S29_R1_001",3,0.132292215914768,7
"set1_3_11855_361_RS4_S_peripheral_S25_R1_0013","set1_3_11855_361_RS4_S_peripheral_S25_R1_001",5,0.0900212985165572,7
"set1_3_11857_361_RS3_S_center_S26_R1_0013","set1_3_11857_361_RS3_S_center_S26_R1_001",3,0.0966012317402526,7
"set1_3_11859_361_RS3_S_peripheral_S54_R1_0013","set1_3_11859_361_RS3_S_peripheral_S54_R1_001",5,0.102168951173178,7
"set1_3_11863_362_RS1_S_center_S28_R1_0013","set1_3_11863_362_RS1_S_center_S28_R1_001",3,0.101014112170572,7
"set1_3_11865_362_RS1_S_peripheral_S40_R1_0013","set1_3_11865_362_RS1_S_peripheral_S40_R1_001",1,0.0900777502488419,7
"set1_3_11868_363_RS1_S_center_S27_R1_0013","set1_3_11868_363_RS1_S_center_S27_R1_001",6,0.0960066490377535,7
"set1_3_11870_363_RS1_S_peripheral_S46_R1_0013","set1_3_11870_363_RS1_S_peripheral_S46_R1_001",1,0.0833202578906629,7
"set1_3_11872_363_NL_S_S57_R1_0013","set1_3_11872_363_NL_S_S57_R1_001",5,0.0914879048202934,7
"set1_3_11875_364_RS1_S_center_S52_R1_0013","set1_3_11875_364_RS1_S_center_S52_R1_001",5,0.0683848889589744,7
"set1_3_11877_364_RS1_S_peripheral_S56_R1_0013","set1_3_11877_364_RS1_S_peripheral_S56_R1_001",5,0.106281753395922,7
"set1_3_11881_364_RS2_S_center_S37_R1_0013","set1_3_11881_364_RS2_S_center_S37_R1_001",6,0.0966172209749441,7
"set1_3_13814_552_IBC_Str_13","set1_3_13814_552_IBC_Str_1",6,0.14916987151922,7
"set1_3_13829_551_DCIS_Str3","set1_3_13829_551_DCIS_Str",1,0.0744059693019566,7
"set1_3_13831_550_ADH_Str_13","set1_3_13831_550_ADH_Str_1",4,0.1251638098337,7
"set1_3_13837_550_DCIS_Str_13","set1_3_13837_550_DCIS_Str_1",5,0.0765480398650376,7
"set1_3_13841_549_DCIS_Str3","set1_3_13841_549_DCIS_Str",6,0.162742518374523,7
"set1_3_13843_549_IBC_Str3","set1_3_13843_549_IBC_Str",6,0.136851009790444,7
"set1_3_13845_549_IN_Str3","set1_3_13845_549_IN_Str",2,0.135120498237414,7
"set1_3_13849_550_DCIS_Str_23","set1_3_13849_550_DCIS_Str_2",7,0.0916096675762102,7
"set1_3_13855_549_NL_Str3","set1_3_13855_549_NL_Str",4,0.0923324878056835,7
"set1_3_13859_548_DCIS_Str3","set1_3_13859_548_DCIS_Str",6,0.102282857515043,7
"set1_3_13861_548_IBC_Str3","set1_3_13861_548_IBC_Str",2,0.128908623982301,7
"set1_3_13863_547_NL_Str3","set1_3_13863_547_NL_Str",5,0.101465624481664,7
"set1_3_13865_547_CCC_Str_13","set1_3_13865_547_CCC_Str_1",2,0.136110761823864,7
"set1_3_13867_547_CCH_Str_13","set1_3_13867_547_CCH_Str_1",1,0.172627314473492,7
"set1_3_13869_547_IBC_Str_13","set1_3_13869_547_IBC_Str_1",6,0.164463768390713,7
"set1_3_13871_547_DCIS_Str3","set1_3_13871_547_DCIS_Str",6,0.166964110613963,7
"set1_3_13873_547_CCC_Str_23","set1_3_13873_547_CCC_Str_2",1,0.155824878156377,7
"set1_3_13877_547_CCC_Str_33","set1_3_13877_547_CCC_Str_3",6,0.127174014057904,7
"set1_3_13879_547_IBC_Str_23","set1_3_13879_547_IBC_Str_2",6,0.190398990399832,7
"set1_3_13881_547_NL_Str3","set1_3_13881_547_NL_Str",4,0.125192230590283,7
"set1_3_13883_546_NL_Str3","set1_3_13883_546_NL_Str",3,0.148519593879921,7
"set1_3_13885_546_ALH_Str3","set1_3_13885_546_ALH_Str",3,0.129690195037804,7
"set1_3_13887_546_IBC_Str3","set1_3_13887_546_IBC_Str",2,0.161222701216597,7
"set1_3_13889_546_LIN_Str3","set1_3_13889_546_LIN_Str",2,0.118965944359771,7
"set1_3_13891_546_CCH_Str3","set1_3_13891_546_CCH_Str",2,0.107176109654046,7
"set1_3_13893_546_HIN_Str3","set1_3_13893_546_HIN_Str",2,0.193964818137601,7
"set1_3_13895_546_MIN_Str3","set1_3_13895_546_MIN_Str",2,0.163603879004775,7
"set1_3_13897_545_CCC_Str_13","set1_3_13897_545_CCC_Str_1",7,0.145767979024066,7
"set1_3_13899_545_ADH_Str3","set1_3_13899_545_ADH_Str",2,0.132367386471932,7
"set1_3_13901_545_UDH_Str_13","set1_3_13901_545_UDH_Str_1",7,0.162205349710943,7
"set1_3_13903_545_AM_Str_13","set1_3_13903_545_AM_Str_1",7,0.147408640938959,7
"set1_3_13905_545_IBC_Str3","set1_3_13905_545_IBC_Str",7,0.179114403196847,7
"set1_3_13907_545_DCIS_Str_13","set1_3_13907_545_DCIS_Str_1",7,0.166602513005701,7
"set1_3_13909_545_CCC_Str_23","set1_3_13909_545_CCC_Str_2",7,0.146388843589719,7
"set1_3_13917_545_DCIS_Str_23","set1_3_13917_545_DCIS_Str_2",7,0.315157846398875,7
"set1_3_13925_544_DCIS_Str_13","set1_3_13925_544_DCIS_Str_1",7,0.118903256321147,7
"set1_3_13927_544_DCIS_Str_23","set1_3_13927_544_DCIS_Str_2",2,0.144285399851544,7
"set1_3_13929_544_IBC_Str3","set1_3_13929_544_IBC_Str",2,0.141985616700251,7
"set1_3_13931_544_DCIS_Str_33","set1_3_13931_544_DCIS_Str_3",2,0.14381933414534,7
"set1_3_13939_568_NL_Str3","set1_3_13939_568_NL_Str",1,0.114456850662638,7
"set1_3_13941_568_IBC_Str3","set1_3_13941_568_IBC_Str",6,0.139514179205313,7
"set1_3_13943_568_DCIS_Str3","set1_3_13943_568_DCIS_Str",2,0.0994870837827871,7
"set1_3_13947_570_CCC_Str_13","set1_3_13947_570_CCC_Str_1",1,0.151875719978092,7
"set1_3_13949_570_IBC_Str3","set1_3_13949_570_IBC_Str",2,0.10144085142606,7
"set1_3_13951_570_DCIS_Str3","set1_3_13951_570_DCIS_Str",1,0.137950302635863,7
"set1_3_13953_570_ADH_Str_13","set1_3_13953_570_ADH_Str_1",1,0.109401133163545,7
"set1_3_13955_570_NL_Str3","set1_3_13955_570_NL_Str",1,0.114369436335737,7
"set1_3_13957_570_CCC_Str_23","set1_3_13957_570_CCC_Str_2",1,0.134627161071376,7
"set1_3_13959_570_CCH_Str3","set1_3_13959_570_CCH_Str",1,0.128280087386025,7
"set1_3_13961_570_ADH_Str_23","set1_3_13961_570_ADH_Str_2",7,0.126423721267501,7
"set1_3_13963_569_IBC_Str3","set1_3_13963_569_IBC_Str",6,0.134817227444345,7
"set1_3_13965_567_EN_Str3","set1_3_13965_567_EN_Str",1,0.147632065643523,7
"set1_3_13969_567_DCIS_Str3","set1_3_13969_567_DCIS_Str",2,0.15938125279708,7
"set1_3_13971_567_IBC_Str3","set1_3_13971_567_IBC_Str",6,0.122003307226566,7
"set1_3_13977_565_EN_Str3","set1_3_13977_565_EN_Str",1,0.187303595497954,7
"set1_3_13983_561_DCIS_Str3","set1_3_13983_561_DCIS_Str",6,0.118053101178684,7
"set1_3_13985_561_IBC_Str3","set1_3_13985_561_IBC_Str",6,0.194507261008638,7
"set1_3_13988_562_DCIS_Str_13","set1_3_13988_562_DCIS_Str_1",2,0.106240734407003,7
"set1_3_13992_562_DCIS_Str_23","set1_3_13992_562_DCIS_Str_2",2,0.0959942876086837,7
"set1_3_13994_562_NL_Str_23","set1_3_13994_562_NL_Str_2",5,0.124356327225029,7
"set1_3_13996_563_NL_Str3","set1_3_13996_563_NL_Str",2,0.137821796012142,7
"set1_3_13998_563_IBC_Str3","set1_3_13998_563_IBC_Str",2,0.149382177841844,7
"set1_3_14002_553_DCIS_Str3","set1_3_14002_553_DCIS_Str",6,0.137515753774101,7
"set1_3_14004_553_IBC_Str3","set1_3_14004_553_IBC_Str",6,0.1798171445143,7
"set1_3_14008_553_EN_Str3","set1_3_14008_553_EN_Str",1,0.148221419825407,7
"set1_3_14013_560_CCC_Str3","set1_3_14013_560_CCC_Str",1,0.177476441737878,7
"set1_3_14015_560_AM_Str3","set1_3_14015_560_AM_Str",7,0.158387243959734,7
"set1_3_14017_560_NL_Str_13","set1_3_14017_560_NL_Str_1",7,0.184187257601022,7
"set1_3_14019_560_NL_Str_23","set1_3_14019_560_NL_Str_2",1,0.106442568844535,7
"set1_3_14021_560_IBC_Str_13","set1_3_14021_560_IBC_Str_1",2,0.138507343836562,7
"set1_3_14023_560_SA_Str3","set1_3_14023_560_SA_Str",1,0.112773421904858,7
"set1_3_14026_560_IBC_Str_23","set1_3_14026_560_IBC_Str_2",2,0.0790403587927383,7
"set1_3_14035_572_IBC_Str3","set1_3_14035_572_IBC_Str",2,0.176682948803621,7
"set1_3_14037_571_NL_Str3","set1_3_14037_571_NL_Str",5,0.15440539828558,7
"set1_3_14039_571_EN_Str3","set1_3_14039_571_EN_Str",2,0.229253326454424,7
"set1_3_14041_571_DCISw_Str3","set1_3_14041_571_DCISw_Str",2,0.227632370746554,7
"set1_3_14043_571_DCIS_Str3","set1_3_14043_571_DCIS_Str",5,0.134261596819187,7
"set1_3_14045_571_IBC_Str_13","set1_3_14045_571_IBC_Str_1",2,0.180814917318613,7
"set1_3_14047_571_IBC_Str_23","set1_3_14047_571_IBC_Str_2",6,0.156006393936763,7
"set1_3_14049_566_IBC_Str3","set1_3_14049_566_IBC_Str",2,0.143577804191775,7
"set1_3_14051_566_DCIS_Str3","set1_3_14051_566_DCIS_Str",2,0.182388022189226,7
"set1_3_14053_566_UDH_Str3","set1_3_14053_566_UDH_Str",4,0.10817776532582,7
"set1_3_14063_564_DCIS_Str3","set1_3_14063_564_DCIS_Str",2,0.14331289130249,7
"set1_3_14065_564_HP_Str3","set1_3_14065_564_HP_Str",5,0.122978047237906,7
"set1_3_14067_564_NL_Str3","set1_3_14067_564_NL_Str",5,0.146878198146969,7
"set1_3_14069_564_IBC_Str3","set1_3_14069_564_IBC_Str",6,0.119524877947092,7
"set1_3_14071_559_DCIS_Str3","set1_3_14071_559_DCIS_Str",2,0.119272807955073,7
"set1_3_14073_559_IBC_Str3","set1_3_14073_559_IBC_Str",2,0.105084031221535,7
"set1_3_14075_559_CCH_Str3","set1_3_14075_559_CCH_Str",1,0.185185522258678,7
"set1_3_14081_558_IBC_Str3","set1_3_14081_558_IBC_Str",6,0.156977680991726,7
"set1_3_14085_558_DCIS_Str_13","set1_3_14085_558_DCIS_Str_1",6,0.118084332679239,7
"set1_3_14093_557_IBC_Str3","set1_3_14093_557_IBC_Str",4,0.11016872876474,7
"set1_3_14095_557_DCIS_Str3","set1_3_14095_557_DCIS_Str",4,0.087689474707563,7
"set1_3_14097_556_IBC_Str_13","set1_3_14097_556_IBC_Str_1",6,0.110737387490841,7
"set1_3_14099_556_ADH_Str_13","set1_3_14099_556_ADH_Str_1",5,0.120038461643352,7
"set1_3_14101_556_ADH_Str_23","set1_3_14101_556_ADH_Str_2",5,0.114282908091712,7
"set1_3_14105_556_IBC_Str_23","set1_3_14105_556_IBC_Str_2",6,0.138483035450838,7
"set1_3_14111_555_IN_Str3","set1_3_14111_555_IN_Str",2,0.12750503400486,7
"set1_3_14113_555_iIBC_Str3","set1_3_14113_555_iIBC_Str",2,0.13376211455633,7
"set1_3_14115_555_IBC_Str3","set1_3_14115_555_IBC_Str",6,0.11302583266331,7
"set4_10_14732_656_IBC_Str3","set4_10_14732_656_IBC_Str",6,0.158216975540247,7
"set4_10_14734_656_BBD_Str3","set4_10_14734_656_BBD_Str",1,0.201930290301248,7
"set4_10_14736_656_NL_Str3","set4_10_14736_656_NL_Str",5,0.1338590563368,7
"set4_10_14738_657_CCC_Str3","set4_10_14738_657_CCC_Str",5,0.138760355633448,7
"set4_10_14740_657_NL_Str3","set4_10_14740_657_NL_Str",5,0.127910049126365,7
"set4_10_14742_657_DCIS_Str3","set4_10_14742_657_DCIS_Str",6,0.184677270767859,7
"set4_10_14743_657_IBC_Str3","set4_10_14743_657_IBC_Str",6,0.212699734660266,7
"set4_10_14748_658_DCIS_Str3","set4_10_14748_658_DCIS_Str",2,0.202852790506915,7
"set4_10_14749_658_IBC_Str3","set4_10_14749_658_IBC_Str",2,0.140350642747407,7
"set4_10_14750_658_NL_Str3","set4_10_14750_658_NL_Str",5,0.136598550189316,7
"set4_10_14753_659_DCIS_Str3","set4_10_14753_659_DCIS_Str",1,0.145399740706158,7
"set4_10_14754_659_IBC_Str3","set4_10_14754_659_IBC_Str",2,0.124416295717167,7
"set4_10_14756_659_DCIS_Str3","set4_10_14756_659_DCIS_Str",1,0.172315422452489,7
"set4_10_14758_659_NL_Str3","set4_10_14758_659_NL_Str",5,0.116229447860559,7
"set4_10_14792_663_DCIS_Str3","set4_10_14792_663_DCIS_Str",5,0.10892085238036,7
"set4_10_14794_663_IBC_Str3","set4_10_14794_663_IBC_Str",6,0.108531156013116,7
"set4_10_14796_663_NL_Str3","set4_10_14796_663_NL_Str",4,0.129002360346556,7
"set4_10_14760_660_IBC_Str3","set4_10_14760_660_IBC_Str",2,0.13831861137159,7
"set4_10_14762_660_DCIS_Str3","set4_10_14762_660_DCIS_Str",2,0.128112161129231,7
"set4_10_14764_660_NL_Str3","set4_10_14764_660_NL_Str",4,0.108614113042041,7
"set4_10_14766_660_LVI_Str3","set4_10_14766_660_LVI_Str",2,0.144298569883724,7
"set4_10_14768_661_IBC_Str3","set4_10_14768_661_IBC_Str",6,0.142956386886179,7
"set4_10_14770_661_AM_Str3","set4_10_14770_661_AM_Str",7,0.290885120432213,7
"set4_10_14772_661_ADH_Str3","set4_10_14772_661_ADH_Str",1,0.149898599358914,7
"set4_10_14774_661_DCIS_Str3","set4_10_14774_661_DCIS_Str",1,0.118137583616205,7
"set4_10_14776_661_ADH_Str3","set4_10_14776_661_ADH_Str",4,0.154501943738543,7
"set4_10_14778_661_NL_Str3","set4_10_14778_661_NL_Str",1,0.16686113742576,7
"set4_10_14780_662_DCIS.1_Str3","set4_10_14780_662_DCIS.1_Str",6,0.198518133294931,7
"set4_10_14782_662_MIV.1_Str3","set4_10_14782_662_MIV.1_Str",6,0.151321626760672,7
"set4_10_14784_662_DCIS.2_Str3","set4_10_14784_662_DCIS.2_Str",6,0.156557990656502,7
"set4_10_14786_662_MIV.2_Str3","set4_10_14786_662_MIV.2_Str",2,0.155195185550485,7
"set4_10_14788_662_DCIS.3_Str3","set4_10_14788_662_DCIS.3_Str",6,0.21133207511288,7
"set4_10_14790_662_IBC_Str3","set4_10_14790_662_IBC_Str",6,0.211765468945206,7
"set4_10_14910_676_DCIS.2_Str3","set4_10_14910_676_DCIS.2_Str",7,0.168048846062239,7
"set4_10_14799_664_BBD_Str3","set4_10_14799_664_BBD_Str",1,0.142507772018626,7
"set4_10_14801_664_IBC_Str3","set4_10_14801_664_IBC_Str",6,0.159574085458368,7
"set4_10_14803_664_ADH_Str3","set4_10_14803_664_ADH_Str",1,0.17072769982811,7
"set4_10_14806_665_IBC_Str3","set4_10_14806_665_IBC_Str",6,0.196503983346663,7
"set4_10_14808_665_inf_NL_Str3","set4_10_14808_665_inf_NL_Str",2,0.2232857991325,7
"set4_10_14860_665_DCIS_Str3","set4_10_14860_665_DCIS_Str",5,0.129296700427108,7
"set4_10_14811_665_NL_Str3","set4_10_14811_665_NL_Str",1,0.142036490365999,7
"set4_10_14814_666_DCIS_Str3","set4_10_14814_666_DCIS_Str",5,0.106572202224295,7
"set4_10_14815_666_IBC_Str3","set4_10_14815_666_IBC_Str",6,0.188337573692153,7
"set4_10_14817_666_NL_Str3","set4_10_14817_666_NL_Str",5,0.146247002213929,7
"set4_10_14819_666_BBD_Str3","set4_10_14819_666_BBD_Str",1,0.136050245745437,7
"set4_10_14854_671_UDH_Str3","set4_10_14854_671_UDH_Str",5,0.142609543214684,7
"set4_10_14858_671_IBC_Str3","set4_10_14858_671_IBC_Str",6,0.179271245921746,7
"set4_10_14859_671_DCIS_Str3","set4_10_14859_671_DCIS_Str",6,0.159216556198032,7
"set4_10_14861_671_AM_Str3","set4_10_14861_671_AM_Str",7,0.198093832868237,7
"set4_10_14863_671_CCC_Str3","set4_10_14863_671_CCC_Str",5,0.133091788622645,7
"set4_10_14823_667_IBC_Str3","set4_10_14823_667_IBC_Str",6,0.149083457003898,7
"set4_10_14824_667_DCIS_Str3","set4_10_14824_667_DCIS_Str",5,0.150310579534785,7
"set4_10_14825_667_NL_Str3","set4_10_14825_667_NL_Str",5,0.182275199448509,7
"set4_10_14827_668_IBC_Str3","set4_10_14827_668_IBC_Str",6,0.203872894613361,7
"set4_10_14831_668_DCIS_Str3","set4_10_14831_668_DCIS_Str",3,0.143568829115739,7
"set4_10_14832_668_NL_Str3","set4_10_14832_668_NL_Str",5,0.146563591473052,7
"set4_10_14835_669_IBC_Str3","set4_10_14835_669_IBC_Str",6,0.177932714927385,7
"set4_10_14836_669_NL_Str3","set4_10_14836_669_NL_Str",4,0.229639641553942,7
"set4_10_14838_669_DCIS_Str3","set4_10_14838_669_DCIS_Str",5,0.146984547050782,7
"set4_10_14841_670_EN_Str3","set4_10_14841_670_EN_Str",3,0.143050076927686,7
"set4_10_14842_670_DCIS_Str3","set4_10_14842_670_DCIS_Str",7,0.316286515742497,7
"set4_10_14845_670_DCIS_Str3","set4_10_14845_670_DCIS_Str",7,0.124441674563781,7
"set4_10_14846_670_IBC_Str3","set4_10_14846_670_IBC_Str",7,0.396886039891002,7
"set4_10_14850_670_BBD_Str3","set4_10_14850_670_BBD_Str",3,0.153687928267771,7
"set4_10_14851_670_CCC_Str3","set4_10_14851_670_CCC_Str",1,0.146607614307918,7
"set4_10_14852_670_AM_Str3","set4_10_14852_670_AM_Str",5,0.143426386317468,7
"set4_10_14865_672_inf_NL_Str_S2_R1_0013","set4_10_14865_672_inf_NL_Str_S2_R1_001",1,0.164115342283047,7
"set4_10_14867_672_IBC_Str_1_S4_R1_0013","set4_10_14867_672_IBC_Str_1_S4_R1_001",6,0.210827904135414,7
"set4_10_14871_672_DCIS_Str_S8_R1_0013","set4_10_14871_672_DCIS_Str_S8_R1_001",6,0.10523621353744,7
"set4_10_14872_672_CaLob_Str_S9_R1_0013","set4_10_14872_672_CaLob_Str_S9_R1_001",2,0.188376572061151,7
"set4_10_14874_672_NL_Str_S11_R1_0013","set4_10_14874_672_NL_Str_S11_R1_001",1,0.160794192526235,7
"set4_10_14877_672_CCC_Str_S14_R1_0013","set4_10_14877_672_CCC_Str_S14_R1_001",1,0.157396987656128,7
"set4_10_14879_673_IBC_Str_S16_R1_0013","set4_10_14879_673_IBC_Str_S16_R1_001",6,0.2142066845539,7
"set4_10_14881_673_DCIS_Str_S18_R1_0013","set4_10_14881_673_DCIS_Str_S18_R1_001",2,0.216987811008705,7
"set4_10_14883_673_NL_Str_S20_R1_0013","set4_10_14883_673_NL_Str_S20_R1_001",3,0.121189325717303,7
"set4_10_14885_673_AM_Str_S22_R1_0013","set4_10_14885_673_AM_Str_S22_R1_001",7,0.163746744560121,7
"set4_10_14887_673_CCC_Str_S24_R1_0013","set4_10_14887_673_CCC_Str_S24_R1_001",1,0.195493514440086,7
"set4_10_14889_673_EN_Str_S26_R1_0013","set4_10_14889_673_EN_Str_S26_R1_001",3,0.160386262346168,7
"set4_10_14891_674_DCIS_Str_S28_R1_0013","set4_10_14891_674_DCIS_Str_S28_R1_001",4,0.172248161541441,7
"set4_10_14893_674_IBC_Str_S30_R1_0013","set4_10_14893_674_IBC_Str_S30_R1_001",6,0.158928747823719,7
"set4_10_14895_674_BBD_Str_S32_R1_0013","set4_10_14895_674_BBD_Str_S32_R1_001",4,0.151616475554359,7
"set4_10_14900_675_EN1_Str_S34_R1_0013","set4_10_14900_675_EN1_Str_S34_R1_001",1,0.205007305031134,7
"set4_10_14902_675_EN2_Str3","set4_10_14902_675_EN2_Str",1,0.229523326666046,7
"set4_10_14903_675_EN3_Str3","set4_10_14903_675_EN3_Str",1,0.245079146267373,7
"set4_10_14906_675_NL_Str3","set4_10_14906_675_NL_Str",1,0.170039304769913,7
"set4_10_14923_677_IBC_Str3","set4_10_14923_677_IBC_Str",6,0.163701588169003,7
"set4_10_14925_677_DCIS_Str3","set4_10_14925_677_DCIS_Str",6,0.135894260972034,7
"set4_10_14927_677_NL_Str3","set4_10_14927_677_NL_Str",5,0.120624481362009,7
"set4_10_14929_677_LVI_Str3","set4_10_14929_677_LVI_Str",6,0.14301348376669,7
"set4_10_14931_678_IBC_Str3","set4_10_14931_678_IBC_Str",6,0.201254404578037,7
"set4_10_14933_678_PLC_Str3","set4_10_14933_678_PLC_Str",5,0.12589817438035,7
"set4_10_14935_678_EN_Str3","set4_10_14935_678_EN_Str",1,0.176279860160754,7
"set4_10_14937_678_NL_Str3","set4_10_14937_678_NL_Str",5,0.143315353483696,7
"set4_10_14939_679_IBC_Str3","set4_10_14939_679_IBC_Str",6,0.240490704482784,7
"set4_10_14941_679_DCIS_Str3","set4_10_14941_679_DCIS_Str",5,0.166016438674064,7
"set4_10_14943_679_NL_Str3","set4_10_14943_679_NL_Str",5,0.15537104845174,7
"set4_10_14955_680_DCIS_2_Str3","set4_10_14955_680_DCIS_2_Str",5,0.161303109993822,7
"set4_10_14957_680_ADH_2_Str3","set4_10_14957_680_ADH_2_Str",5,0.159433816144974,7
"set4_10_14945_680_ADH_1_Str3","set4_10_14945_680_ADH_1_Str",5,0.145860823500452,7
"set4_10_14947_680_UDH_Str3","set4_10_14947_680_UDH_Str",5,0.141683877158132,7
"set4_10_14949_680_NL_Str3","set4_10_14949_680_NL_Str",5,0.110702077767104,7
"set4_10_14951_680_DCIS_1_Str3","set4_10_14951_680_DCIS_1_Str",5,0.16248219453017,7
"set4_10_14953_680_IBC_Str3","set4_10_14953_680_IBC_Str",6,0.159180503530628,7
"set4_10_14959_680_LG_DCIS_Str3","set4_10_14959_680_LG_DCIS_Str",2,0.167661699197042,7
"set4_10_14961_680_AM_Str3","set4_10_14961_680_AM_Str",7,0.376008574817103,7
"set4_10_14967_681_DCIS_Str3","set4_10_14967_681_DCIS_Str",5,0.13451488859128,7
"set4_10_14969_681_AM_Str3","set4_10_14969_681_AM_Str",7,0.224990561105877,7
"set4_10_14971_681_EN_Str3","set4_10_14971_681_EN_Str",5,0.189769558640064,7
"set4_10_14973_681_ADH_1_Str3","set4_10_14973_681_ADH_1_Str",5,0.161152804490466,7
"set4_10_14975_681_IBC_Str3","set4_10_14975_681_IBC_Str",6,0.233109491874317,7
"set4_10_14977_681_NL_Str3","set4_10_14977_681_NL_Str",5,0.142217819930323,7
"set4_10_14979_682_NL_Str3","set4_10_14979_682_NL_Str",1,0.143085076941527,7
"set4_10_14981_682_EN_Str3","set4_10_14981_682_EN_Str",1,0.118636187861745,7
"set4_10_14983_682_IBC_Str3","set4_10_14983_682_IBC_Str",6,0.153908857124607,7
"set4_10_14985_682_Inf_NL_Str3","set4_10_14985_682_Inf_NL_Str",2,0.168019660183899,7
"set4_10_14988_683_DCIS_Str3","set4_10_14988_683_DCIS_Str",5,0.109380469179325,7
"set4_10_14991_684_ADH_DCIS_Str3","set4_10_14991_684_ADH_DCIS_Str",2,0.129237557908524,7
"set4_10_14993_684_DCIS_Str3","set4_10_14993_684_DCIS_Str",2,0.158584199506474,7
"set4_10_14995_684_NL_Str3","set4_10_14995_684_NL_Str",1,0.116074965892786,7
"set4_10_14997_684_IBC_Str3","set4_10_14997_684_IBC_Str",6,0.186737694265542,7
"set4_10_14999_685_DCIS_Str3","set4_10_14999_685_DCIS_Str",2,0.117200052854014,7
"set4_10_15001_685_IBC_Str3","set4_10_15001_685_IBC_Str",6,0.141773239660493,7
"set4_10_15003_685_NL_Str3","set4_10_15003_685_NL_Str",1,0.163978263658145,7
"set4_10_15005_685_EN_Str3","set4_10_15005_685_EN_Str",1,0.138377910268587,7
"set4_10_15014_687_DCIS_1_Str3","set4_10_15014_687_DCIS_1_Str",2,0.147298269320646,7
"set4_10_15016_687_DCIS_2_Str3","set4_10_15016_687_DCIS_2_Str",2,0.217597123036484,7
"set4_10_15018_687_UDH_Str3","set4_10_15018_687_UDH_Str",1,0.122319536701367,7
"set4_10_15020_687_EN_Str3","set4_10_15020_687_EN_Str",3,0.188685255657633,7
"set4_10_15022_687_NL_Str3","set4_10_15022_687_NL_Str",5,0.163524671378343,7
"set4_10_15026_688_EN_1_Str3","set4_10_15026_688_EN_1_Str",2,0.12509869419661,7
"set4_10_14912_676_EN_Str3","set4_10_14912_676_EN_Str",1,0.165024306697252,7
"set4_10_14914_676_BBD_2_Str3","set4_10_14914_676_BBD_2_Str",1,0.177586697343025,7
"set4_10_14917_676_DCIS_1_Str3","set4_10_14917_676_DCIS_1_Str",7,0.154464429964035,7
"set4_10_14919_676_BBD_1_Str3","set4_10_14919_676_BBD_1_Str",1,0.126025933298494,7
"set4_10_14921_676_NL_Str3","set4_10_14921_676_NL_Str",1,0.19579011595455,7
"set4_10_15008_686_DCIS_Str3","set4_10_15008_686_DCIS_Str",2,0.153106934485823,7
"set4_10_15010_686_EN_Str3","set4_10_15010_686_EN_Str",5,0.144342929347854,7
"set4_10_15012_686_NL_Str3","set4_10_15012_686_NL_Str",5,0.194012505331616,7
"set4_10_15033_689_IBC_Str3","set4_10_15033_689_IBC_Str",6,0.238061322340295,7
"set4_10_15035_689_DCIS_1_Str3","set4_10_15035_689_DCIS_1_Str",2,0.168434391556674,7
"set4_10_15037_689_NL_Str3","set4_10_15037_689_NL_Str",1,0.174532273408093,7
"set4_10_15039_689_DCIS_2_Str3","set4_10_15039_689_DCIS_2_Str",2,0.133849989913644,7
"set4_10_15041_689_EN_1_Str3","set4_10_15041_689_EN_1_Str",5,0.123037290616538,7
"set4_10_15043_689_EN_2_Str3","set4_10_15043_689_EN_2_Str",5,0.117575075801995,7
"set4_10_15053_690_EN_2_Str3","set4_10_15053_690_EN_2_Str",1,0.187816188337446,7
"set4_10_15063_691_EN_2_Str3","set4_10_15063_691_EN_2_Str",5,0.142059645216293,7
"set4_10_14965_681_ADH_2_Str3","set4_10_14965_681_ADH_2_Str",5,0.171838637131824,7
"set4_10_15024_688_IBC_Str3","set4_10_15024_688_IBC_Str",2,0.235272452315356,7
"set4_10_15028_688_NL_Str3","set4_10_15028_688_NL_Str",3,0.160306571192379,7
"set4_10_15030_688_EN_4_Str3","set4_10_15030_688_EN_4_Str",3,0.175599155457273,7
"set4_10_15107_688_EN_5_Str3","set4_10_15107_688_EN_5_Str",1,0.167790552923693,7
"set4_10_15045_690_NL_Str3","set4_10_15045_690_NL_Str",5,0.107253025802074,7
"set4_10_15047_690_EN_1_Str3","set4_10_15047_690_EN_1_Str",1,0.127729984183425,7
"set4_10_15049_690_IBC_Str3","set4_10_15049_690_IBC_Str",6,0.217746646475559,7
"set4_10_15051_690_DCIS_Str3","set4_10_15051_690_DCIS_Str",2,0.140464856028752,7
"set4_10_15055_690_i_DCIS_Str3","set4_10_15055_690_i_DCIS_Str",2,0.211665149329521,7
"set4_10_15057_691_IBC_Str3","set4_10_15057_691_IBC_Str",6,0.213155220228442,7
"set4_10_15059_691_EN_1_Str3","set4_10_15059_691_EN_1_Str",3,0.121383982154748,7
"set4_10_15061_691_DCIS_Str3","set4_10_15061_691_DCIS_Str",3,0.141154263966109,7
"set4_10_15065_692_IBC_Str3","set4_10_15065_692_IBC_Str",6,0.156906642415295,7
"set4_10_15067_692_DCIS_Str3","set4_10_15067_692_DCIS_Str",2,0.198954269966148,7
"set4_10_15069_692_NL_Str3","set4_10_15069_692_NL_Str",2,0.138109249691848,7
"set4_10_15586_744_IBC_Str3","set4_10_15586_744_IBC_Str",6,0.201145811221306,7
"set4_10_15588_744_inF.NL_Str3","set4_10_15588_744_inF.NL_Str",2,0.177850996994152,7
"set4_10_15590_744_DCIS_Str3","set4_10_15590_744_DCIS_Str",6,0.117517998743726,7
"set4_10_15592_745_CCC_Str3","set4_10_15592_745_CCC_Str",1,0.133930445453565,7
"set4_10_15594_745_BBD_Str3","set4_10_15594_745_BBD_Str",1,0.151850152351032,7
"set4_10_15596_745_IP_Str3","set4_10_15596_745_IP_Str",2,0.118439167012995,7
"set4_10_15599_746_DCIS_Str3","set4_10_15599_746_DCIS_Str",2,0.197806926926823,7
"set4_10_15601_746_NL_Str3","set4_10_15601_746_NL_Str",2,0.126755031698956,7
"set4_10_15603_747_IBC_Str3","set4_10_15603_747_IBC_Str",6,0.211937803454898,7
"set4_10_15605_747_NL_Str3","set4_10_15605_747_NL_Str",5,0.152311526850374,7
"set4_10_15607_747_ADH_Str3","set4_10_15607_747_ADH_Str",1,0.205239812434694,7
"set4_10_15609_747_AM_Str3","set4_10_15609_747_AM_Str",7,0.182167617379168,7
"set4_10_15611_748_AM_Str3","set4_10_15611_748_AM_Str",5,0.165487614949954,7
"set4_10_15613_748_DCIS_Str3","set4_10_15613_748_DCIS_Str",2,0.13951272713551,7
"set4_10_15615_748_IBC_Str3","set4_10_15615_748_IBC_Str",6,0.206009918090278,7
"set4_10_15619_749_IBC_Str3","set4_10_15619_749_IBC_Str",6,0.204184650229843,7
"set4_10_15620_749_DCIS_Str3","set4_10_15620_749_DCIS_Str",6,0.146429191380936,7
"set4_10_15621_749_LVI_Str3","set4_10_15621_749_LVI_Str",4,0.149968789922129,7
"set4_10_15623_750_NL_Str3","set4_10_15623_750_NL_Str",1,0.156614432255899,7
"set4_10_15625_750_IBC_Str3","set4_10_15625_750_IBC_Str",6,0.218237402596916,7
"set4_10_15627_750_DCIS_Str3","set4_10_15627_750_DCIS_Str",6,0.182227332217336,7
"set4_10_15629_751_NL_Str3","set4_10_15629_751_NL_Str",1,0.187683148721702,7
"set4_10_15631_751_IBC_Str3","set4_10_15631_751_IBC_Str",6,0.192649764934084,7
"set4_10_15633_751_ADH_Str3","set4_10_15633_751_ADH_Str",1,0.194055401253028,7
"set4_10_15635_751_CCC_Str3","set4_10_15635_751_CCC_Str",1,0.18647045022082,7
"set4_10_15637_752_IBC_Str3","set4_10_15637_752_IBC_Str",2,0.149176495518835,7
"set4_10_15641_752_DCIS_Str3","set4_10_15641_752_DCIS_Str",1,0.112771306227334,7
"set4_10_15642_752_NL_Str3","set4_10_15642_752_NL_Str",3,0.149418255896274,7
"set4_10_15643_752_BBD_Str3","set4_10_15643_752_BBD_Str",3,0.149397205936648,7
"set4_10_15645_753_DCIS_Str3","set4_10_15645_753_DCIS_Str",6,0.159788566034944,7
"set4_10_15648_753_NL_Str3","set4_10_15648_753_NL_Str",1,0.19678369508659,7
"set4_10_15650_754_IBC_Str3","set4_10_15650_754_IBC_Str",6,0.224822110817076,7
"set4_10_15652_754_ADH_Str3","set4_10_15652_754_ADH_Str",6,0.12676942552764,7
"set4_10_15654_754_EN_1_Str3","set4_10_15654_754_EN_1_Str",3,0.111908435167337,7
"set4_10_15656_754_DCIS_Str3","set4_10_15656_754_DCIS_Str",6,0.153297538260461,7
"set4_10_15658_754_EN_2_Str3","set4_10_15658_754_EN_2_Str",5,0.103904612921649,7
"set4_10_15660_755_EN_Str3","set4_10_15660_755_EN_Str",1,0.138144434611733,7
"set4_10_15662_755_DCIS_inf_1_Str3","set4_10_15662_755_DCIS_inf_1_Str",2,0.21687421865337,7
"set4_10_15664_755_IBC_Str3","set4_10_15664_755_IBC_Str",2,0.208892994839533,7
"set4_10_15666_755_DCIS_inf_2_Str3","set4_10_15666_755_DCIS_inf_2_Str",2,0.208430731003491,7
"set4_10_15668_755_NL_Str3","set4_10_15668_755_NL_Str",1,0.118577141245209,7
"set4_10_15670_756_NL_Str3","set4_10_15670_756_NL_Str",2,0.110133548353635,7
"set4_10_15672_756_EN_1_Str3","set4_10_15672_756_EN_1_Str",4,0.176656019890745,7
"set4_10_15674_756_IBC_Str3","set4_10_15674_756_IBC_Str",2,0.179804861707283,7
"set4_10_15676_756_UDH_1_Str3","set4_10_15676_756_UDH_1_Str",4,0.1497557259429,7
"set4_10_15678_756_EN_2_Str3","set4_10_15678_756_EN_2_Str",4,0.15950020714878,7
"set4_10_15680_756_UDH_2_Str3","set4_10_15680_756_UDH_2_Str",4,0.21840128387076,7
"set4_10_15682_757_DCIS_Str3","set4_10_15682_757_DCIS_Str",2,0.120447266289144,7
"set4_10_15684_757_IBC_Str3","set4_10_15684_757_IBC_Str",6,0.131678374361775,7
"set4_10_15686_757_NL_Str3","set4_10_15686_757_NL_Str",1,0.148390236909897,7
"set4_10_15688_757_UDH_Str3","set4_10_15688_757_UDH_Str",3,0.166044464312061,7
"set4_10_15690_757_CCC_Str3","set4_10_15690_757_CCC_Str",1,0.152374533914993,7
"set4_10_15692_757_EN_Str3","set4_10_15692_757_EN_Str",3,0.190819216607243,7
"set4_10_15694_758_DCIS_1_Str3","set4_10_15694_758_DCIS_1_Str",2,0.132413936954219,7
"set4_10_15696_758_IBC_1_Str3","set4_10_15696_758_IBC_1_Str",2,0.182031528213995,7
"set4_10_15698_758_NL_Str3","set4_10_15698_758_NL_Str",2,0.122379130924607,7
"set4_10_15704_758_EN_Str3","set4_10_15704_758_EN_Str",1,0.132771460755077,7
"set4_10_15710_760_UDH_Str3","set4_10_15710_760_UDH_Str",4,0.149953155491282,7
"set4_10_15714_760_IBC_Str3","set4_10_15714_760_IBC_Str",2,0.179985516537714,7
"set4_10_15716_760_EN_1_Str3","set4_10_15716_760_EN_1_Str",3,0.124181497368422,7
"set4_10_15718_760_NL_Str3","set4_10_15718_760_NL_Str",3,0.177915618006753,7
"set4_10_15734_762_DCIS_2_Str3","set4_10_15734_762_DCIS_2_Str",2,0.188752175861987,7
"set4_10_15700_758_DCIS_2_Str3","set4_10_15700_758_DCIS_2_Str",2,0.13456852050749,7
"set4_10_15702_758_IBC_2_Str3","set4_10_15702_758_IBC_2_Str",6,0.156022199485583,7
"set4_10_15706_759_DCIS_Str3","set4_10_15706_759_DCIS_Str",6,0.113479552570132,7
"set4_10_15708_759_IBC_Str3","set4_10_15708_759_IBC_Str",6,0.175525899186616,7
"set4_10_15712_760_EN_2_Str3","set4_10_15712_760_EN_2_Str",3,0.152847548583373,7
"set4_10_15720_761_IBC_Str3","set4_10_15720_761_IBC_Str",2,0.161194089717197,7
"set4_10_15722_761_DCIS_Str3","set4_10_15722_761_DCIS_Str",2,0.15071049816453,7
"set4_10_15724_761_EN_1_Str3","set4_10_15724_761_EN_1_Str",4,0.118268253918868,7
"set4_10_15726_761_ADH_Str3","set4_10_15726_761_ADH_Str",3,0.138384863763484,7
"set4_10_15730_762_IBC_Str3","set4_10_15730_762_IBC_Str",6,0.169256887843371,7
"set4_10_15732_762_DCIS_1_Str3","set4_10_15732_762_DCIS_1_Str",6,0.141975136823281,7
"set4_10_15736_763_IBC_Str3","set4_10_15736_763_IBC_Str",2,0.161447203549456,7
"set4_10_15738_763_ADH_Str3","set4_10_15738_763_ADH_Str",3,0.178499253836276,7
"set4_10_15740_763_NL_1_Str3","set4_10_15740_763_NL_1_Str",3,0.221350956227665,7
"set4_10_15742_763_EN_Str3","set4_10_15742_763_EN_Str",3,0.139014015226944,7
"set4_10_15746_764_IBC_Str3","set4_10_15746_764_IBC_Str",2,0.168805269223097,7
"set4_10_15748_764_DCIS_1_Str3","set4_10_15748_764_DCIS_1_Str",2,0.170833213465719,7
"set4_10_15750_764_LVI_Str3","set4_10_15750_764_LVI_Str",2,0.129724845962684,7
"set4_10_15752_764_DCIS_2_Str3","set4_10_15752_764_DCIS_2_Str",2,0.154824039780016,7
"set4_10_15754_764_EN_Str3","set4_10_15754_764_EN_Str",4,0.137979094476338,7
"set4_10_15756_764_NL_Str3","set4_10_15756_764_NL_Str",1,0.117933332252166,7
"set4_10_15758_765_IBC_Str3","set4_10_15758_765_IBC_Str",7,0.216334346793951,7
"set4_10_15760_765_DCIS_Str3","set4_10_15760_765_DCIS_Str",7,0.180497562132678,7
"set4_10_15762_765_EN_1_Str3","set4_10_15762_765_EN_1_Str",4,0.225884430550365,7
"set4_10_15766_765_NL_Str3","set4_10_15766_765_NL_Str",5,0.19860334653402,7
"set4_10_15768_766_NL_Str3","set4_10_15768_766_NL_Str",1,0.134061155017269,7
"set4_10_15770_766_inf_NL_Str3","set4_10_15770_766_inf_NL_Str",2,0.217234942183817,7
"set4_10_15772_766_IBC_Str3","set4_10_15772_766_IBC_Str",2,0.169852801085796,7
"set4_10_15774_766_AM_Str3","set4_10_15774_766_AM_Str",7,0.203158658872777,7
"set4_10_15776_766_EN_Str3","set4_10_15776_766_EN_Str",4,0.172671383306195,7
"set4_10_15778_767_IBC_Str3","set4_10_15778_767_IBC_Str",6,0.175356871495823,7
"set4_10_15780_767_DCIS_Str3","set4_10_15780_767_DCIS_Str",6,0.122221354035685,7
"set4_10_15782_767_AM_2_Str3","set4_10_15782_767_AM_2_Str",4,0.145636728765414,7
"set4_10_15784_767_ADH_Str3","set4_10_15784_767_ADH_Str",1,0.129364523881656,7
"set4_10_15788_767_NL_Str3","set4_10_15788_767_NL_Str",4,0.133400638384023,7
"set4_10_15790_768_IBC_Str3","set4_10_15790_768_IBC_Str",2,0.207169753549794,7
"set4_10_15792_768_NL_Str3","set4_10_15792_768_NL_Str",1,0.143343748220208,7
"set4_10_15796_768_EN_2_Str3","set4_10_15796_768_EN_2_Str",1,0.205747264332684,7
"set4_10_15798_768_EN_3_Str3","set4_10_15798_768_EN_3_Str",3,0.149836116125407,7
"set4_10_15800_769_IBC_Str3","set4_10_15800_769_IBC_Str",6,0.16618140031332,7
"set4_10_15802_769_DCIS_1_Str3","set4_10_15802_769_DCIS_1_Str",2,0.176672435317097,7
"set4_10_15806_769_EN_1_Str3","set4_10_15806_769_EN_1_Str",1,0.155641415861219,7
"set4_10_15810_769_NL_Str3","set4_10_15810_769_NL_Str",4,0.215065074371809,7
"set4_10_15812_769_EN_4_Str3","set4_10_15812_769_EN_4_Str",1,0.165166969967717,7
"set4_10_15818_769_AM_Str3","set4_10_15818_769_AM_Str",7,0.43342254547533,7
"set4_10_15786_767_AM_1_Str3","set4_10_15786_767_AM_1_Str",4,0.148471511018013,7
"set4_10_15794_768_EN_1_Str3","set4_10_15794_768_EN_1_Str",1,0.128057899275086,7
"set4_10_15804_769_DCIS_2_Str3","set4_10_15804_769_DCIS_2_Str",2,0.205196501230334,7
"set4_10_15808_769_EN_3_Str3","set4_10_15808_769_EN_3_Str",1,0.125497747067497,7
"set4_10_15816_769_EN_6_Str3","set4_10_15816_769_EN_6_Str",1,0.158525758137497,7
"set4_10_15820_770_DCIS_Str3","set4_10_15820_770_DCIS_Str",2,0.179309910489856,7
"set4_10_15822_770_IBC_Str3","set4_10_15822_770_IBC_Str",6,0.213671946683104,7
"set4_10_15824_770_EN_1_Str3","set4_10_15824_770_EN_1_Str",1,0.18546645808663,7
"set4_10_15826_770_NL_Str3","set4_10_15826_770_NL_Str",1,0.119644750185058,7
"set4_10_15830_771_EN_4_Str3","set4_10_15830_771_EN_4_Str",1,0.219874481140127,7
"set4_10_15836_771_DCIS_3_Str3","set4_10_15836_771_DCIS_3_Str",2,0.135167133841552,7
"set4_10_15832_771_NL_Str3","set4_10_15832_771_NL_Str",5,0.143034269770323,7
"set4_10_15834_771_EN_2_Str3","set4_10_15834_771_EN_2_Str",5,0.151221429957774,7
"set4_10_15840_771_DCIS_1_Str3","set4_10_15840_771_DCIS_1_Str",6,0.180943720985559,7
"set4_10_15844_771_IBC_Str3","set4_10_15844_771_IBC_Str",6,0.188179151989438,7
"set4_10_15728_761_EN_2_Str3","set4_10_15728_761_EN_2_Str",7,0.168287334181043,7
"set4_10_15744_763_NL_2_Str3","set4_10_15744_763_NL_2_Str",4,0.130701433685345,7
"set4_10_15764_765_EN_2_Str3","set4_10_15764_765_EN_2_Str",5,0.158393538194574,7
"set4_10_15814_769_EN_5_Str3","set4_10_15814_769_EN_5_Str",1,0.204920174091302,7
"set4_10_15828_771_EN_3_Str3","set4_10_15828_771_EN_3_Str",3,0.15926947368717,7
"set4_10_15838_771_EN_1_Str3","set4_10_15838_771_EN_1_Str",3,0.13152114151221,7
"set4_10_15842_771_DCIS_2_Str3","set4_10_15842_771_DCIS_2_Str",2,0.161133672424999,7
"set4_10_15846_772_IBC_Str3","set4_10_15846_772_IBC_Str",6,0.156932396351318,7
"set4_10_15848_772_DCIS_1_Str3","set4_10_15848_772_DCIS_1_Str",3,0.124508479332042,7
"set4_10_15850_772_DCIS_2_Str3","set4_10_15850_772_DCIS_2_Str",3,0.11016107182006,7
"set4_10_15852_772_EN_1_Str3","set4_10_15852_772_EN_1_Str",1,0.139895391422212,7
"set4_10_15854_772_EN_2_Str3","set4_10_15854_772_EN_2_Str",3,0.146532784494098,7
"set4_10_15856_772_EN_3_Str3","set4_10_15856_772_EN_3_Str",3,0.139723603581738,7
"set4_10_15858_772_EN_4_Str3","set4_10_15858_772_EN_4_Str",3,0.172457844150929,7
"set4_10_15860_772_NL_Str3","set4_10_15860_772_NL_Str",1,0.129060404136634,7
"set1_3_11771_354_EN_S_S2_R1_0014","set1_3_11771_354_EN_S_S2_R1_001",4,0.176958931002337,8
"set1_3_11773_354_IDC_S_S4_R1_0014","set1_3_11773_354_IDC_S_S4_R1_001",8,0.134096545147739,8
"set1_3_11775_354_RS1_S_center_S6_R1_0014","set1_3_11775_354_RS1_S_center_S6_R1_001",5,0.120301602466425,8
"set1_3_11777_354_RS1_S_peripheral_S8_R1_0014","set1_3_11777_354_RS1_S_peripheral_S8_R1_001",4,0.152376746578501,8
"set1_3_11779_354_RS2_S_center_S10_R1_0014","set1_3_11779_354_RS2_S_center_S10_R1_001",5,0.156691131020548,8
"set1_3_11781_354_RS2_S_peripheral_S12_R1_0014","set1_3_11781_354_RS2_S_peripheral_S12_R1_001",5,0.117992762962047,8
"set1_3_11783_354_NL_S_S14_R1_0014","set1_3_11783_354_NL_S_S14_R1_001",4,0.142267297804359,8
"set1_3_11785_355_RS1_S_center_S16_R1_0014","set1_3_11785_355_RS1_S_center_S16_R1_001",8,0.149592986963705,8
"set1_3_11787_355_RS1_S_peripheral_S18_R1_0014","set1_3_11787_355_RS1_S_peripheral_S18_R1_001",2,0.178923248537389,8
"set1_3_11790_355_RS2_S_center_S21_R1_0014","set1_3_11790_355_RS2_S_center_S21_R1_001",5,0.176459584538387,8
"set1_3_11792_355_RS2_S_peripheral_S23_R1_0014","set1_3_11792_355_RS2_S_peripheral_S23_R1_001",2,0.180970064804348,8
"set1_3_11795_355_NL_S_S26_R1_0014","set1_3_11795_355_NL_S_S26_R1_001",2,0.197637364192165,8
"set1_3_11797_355_RS3_S_center_S28_R1_0014","set1_3_11797_355_RS3_S_center_S28_R1_001",5,0.171263407702839,8
"set1_3_11799_355_RS3_S_peripheral_S30_R1_0014","set1_3_11799_355_RS3_S_peripheral_S30_R1_001",2,0.163092366018072,8
"set1_3_11803_356_RS1_S_center_S33_R1_0014","set1_3_11803_356_RS1_S_center_S33_R1_001",8,0.119792552928704,8
"set1_3_11805_356_RS1_S_peripheral_S35_R1_0014","set1_3_11805_356_RS1_S_peripheral_S35_R1_001",4,0.152088802855729,8
"set1_3_11807_357_NL_S_S41_R1_0014","set1_3_11807_357_NL_S_S41_R1_001",4,0.104218475725939,8
"set1_3_11809_357_RS1_S_center_S33_R1_0014","set1_3_11809_357_RS1_S_center_S33_R1_001",8,0.0810089295203182,8
"set1_3_11811_357_RS1_S_peripheral_S42_R1_0014","set1_3_11811_357_RS1_S_peripheral_S42_R1_001",4,0.104767596081024,8
"set1_3_11814_358_NL_S_S37_R1_0014","set1_3_11814_358_NL_S_S37_R1_001",4,0.128792882626739,8
"set1_3_11816_358_EN_S_S39_R1_0014","set1_3_11816_358_EN_S_S39_R1_001",5,0.152107201228376,8
"set1_3_11818_358_RS1_S_center_S41_R1_0014","set1_3_11818_358_RS1_S_center_S41_R1_001",7,0.101132318299441,8
"set1_3_11820_358_RS1_S_peripheral_S43_R1_0014","set1_3_11820_358_RS1_S_peripheral_S43_R1_001",7,0.134437428740782,8
"set1_3_11822_358_IBC_S_S45_R1_0014","set1_3_11822_358_IBC_S_S45_R1_001",5,0.164377974033849,8
"set1_3_11824_358_RS2_S_center_S47_R1_0014","set1_3_11824_358_RS2_S_center_S47_R1_001",8,0.123627230172291,8
"set1_3_11826_358_RS2_S_peripheral_S49_R1_0014","set1_3_11826_358_RS2_S_peripheral_S49_R1_001",4,0.130916965226402,8
"set1_3_11828_359_RS1_S_center_S51_R1_0014","set1_3_11828_359_RS1_S_center_S51_R1_001",7,0.09817927981585,8
"set1_3_11830_359_RS1_S_peripheral_S53_R1_0014","set1_3_11830_359_RS1_S_peripheral_S53_R1_001",7,0.204825438945234,8
"set1_3_11834_359_RS2_S_center_S56_R1_0014","set1_3_11834_359_RS2_S_center_S56_R1_001",5,0.156939696554973,8
"set1_3_11836_359_RS2_S_peripheral_S58_R1_0014","set1_3_11836_359_RS2_S_peripheral_S58_R1_001",4,0.150921865981184,8
"set1_3_11839_360_RS1_S_center_S43_R1_0014","set1_3_11839_360_RS1_S_center_S43_R1_001",4,0.097383285816421,8
"set1_3_11841_360_RS1_S_peripheral_S36_R1_0014","set1_3_11841_360_RS1_S_peripheral_S36_R1_001",4,0.132729173829254,8
"set1_3_11843_360_NL_S_S53_R1_0014","set1_3_11843_360_NL_S_S53_R1_001",4,0.139046625051348,8
"set1_3_11845_361_RS1_S_center_S31_R1_0014","set1_3_11845_361_RS1_S_center_S31_R1_001",5,0.0906034062533852,8
"set1_3_11847_361_RS1_S_peripheral_S35_R1_0014","set1_3_11847_361_RS1_S_peripheral_S35_R1_001",4,0.0969502510906963,8
"set1_3_11849_361_RS2_S_center_S20_R1_0014","set1_3_11849_361_RS2_S_center_S20_R1_001",5,0.0779968027451459,8
"set1_3_11851_361_RS2_S_peripheral_S45_R1_0014","set1_3_11851_361_RS2_S_peripheral_S45_R1_001",4,0.0768942769513427,8
"set1_3_11853_361_RS4_S_center_S29_R1_0014","set1_3_11853_361_RS4_S_center_S29_R1_001",5,0.128693091231072,8
"set1_3_11855_361_RS4_S_peripheral_S25_R1_0014","set1_3_11855_361_RS4_S_peripheral_S25_R1_001",4,0.0927341670679844,8
"set1_3_11857_361_RS3_S_center_S26_R1_0014","set1_3_11857_361_RS3_S_center_S26_R1_001",5,0.0910572278686193,8
"set1_3_11859_361_RS3_S_peripheral_S54_R1_0014","set1_3_11859_361_RS3_S_peripheral_S54_R1_001",7,0.0797633358314429,8
"set1_3_11863_362_RS1_S_center_S28_R1_0014","set1_3_11863_362_RS1_S_center_S28_R1_001",5,0.0920705793441532,8
"set1_3_11865_362_RS1_S_peripheral_S40_R1_0014","set1_3_11865_362_RS1_S_peripheral_S40_R1_001",4,0.0722581077049166,8
"set1_3_11868_363_RS1_S_center_S27_R1_0014","set1_3_11868_363_RS1_S_center_S27_R1_001",8,0.0914993591257503,8
"set1_3_11870_363_RS1_S_peripheral_S46_R1_0014","set1_3_11870_363_RS1_S_peripheral_S46_R1_001",4,0.0983772800549117,8
"set1_3_11872_363_NL_S_S57_R1_0014","set1_3_11872_363_NL_S_S57_R1_001",4,0.122629815828768,8
"set1_3_11875_364_RS1_S_center_S52_R1_0014","set1_3_11875_364_RS1_S_center_S52_R1_001",5,0.062752968848455,8
"set1_3_11877_364_RS1_S_peripheral_S56_R1_0014","set1_3_11877_364_RS1_S_peripheral_S56_R1_001",4,0.0924823777992236,8
"set1_3_11881_364_RS2_S_center_S37_R1_0014","set1_3_11881_364_RS2_S_center_S37_R1_001",8,0.0906600237541306,8
"set1_3_13814_552_IBC_Str_14","set1_3_13814_552_IBC_Str_1",8,0.148778940518362,8
"set1_3_13829_551_DCIS_Str4","set1_3_13829_551_DCIS_Str",7,0.0746997468555377,8
"set1_3_13831_550_ADH_Str_14","set1_3_13831_550_ADH_Str_1",7,0.168781275333947,8
"set1_3_13837_550_DCIS_Str_14","set1_3_13837_550_DCIS_Str_1",1,0.0811716011812589,8
"set1_3_13841_549_DCIS_Str4","set1_3_13841_549_DCIS_Str",8,0.172121486639461,8
"set1_3_13843_549_IBC_Str4","set1_3_13843_549_IBC_Str",8,0.147646568008302,8
"set1_3_13845_549_IN_Str4","set1_3_13845_549_IN_Str",6,0.111382570293003,8
"set1_3_13849_550_DCIS_Str_24","set1_3_13849_550_DCIS_Str_2",6,0.0837692327737344,8
"set1_3_13855_549_NL_Str4","set1_3_13855_549_NL_Str",1,0.106402330215006,8
"set1_3_13859_548_DCIS_Str4","set1_3_13859_548_DCIS_Str",6,0.107739261713819,8
"set1_3_13861_548_IBC_Str4","set1_3_13861_548_IBC_Str",6,0.124181855463892,8
"set1_3_13863_547_NL_Str4","set1_3_13863_547_NL_Str",4,0.130083653654626,8
"set1_3_13865_547_CCC_Str_14","set1_3_13865_547_CCC_Str_1",6,0.124735933123048,8
"set1_3_13867_547_CCH_Str_14","set1_3_13867_547_CCH_Str_1",2,0.150467368416029,8
"set1_3_13869_547_IBC_Str_14","set1_3_13869_547_IBC_Str_1",8,0.166783638942188,8
"set1_3_13871_547_DCIS_Str4","set1_3_13871_547_DCIS_Str",8,0.155809489558364,8
"set1_3_13873_547_CCC_Str_24","set1_3_13873_547_CCC_Str_2",2,0.144019730031065,8
"set1_3_13877_547_CCC_Str_34","set1_3_13877_547_CCC_Str_3",8,0.126198813858977,8
"set1_3_13879_547_IBC_Str_24","set1_3_13879_547_IBC_Str_2",8,0.205638334572042,8
"set1_3_13881_547_NL_Str4","set1_3_13881_547_NL_Str",5,0.12477025035483,8
"set1_3_13883_546_NL_Str4","set1_3_13883_546_NL_Str",5,0.125049440752591,8
"set1_3_13885_546_ALH_Str4","set1_3_13885_546_ALH_Str",5,0.106128679223785,8
"set1_3_13887_546_IBC_Str4","set1_3_13887_546_IBC_Str",6,0.133134828445141,8
"set1_3_13889_546_LIN_Str4","set1_3_13889_546_LIN_Str",6,0.0972744179901287,8
"set1_3_13891_546_CCH_Str4","set1_3_13891_546_CCH_Str",1,0.0899836003141177,8
"set1_3_13893_546_HIN_Str4","set1_3_13893_546_HIN_Str",6,0.161899314436726,8
"set1_3_13895_546_MIN_Str4","set1_3_13895_546_MIN_Str",6,0.13710568308725,8
"set1_3_13897_545_CCC_Str_14","set1_3_13897_545_CCC_Str_1",3,0.141863810662266,8
"set1_3_13899_545_ADH_Str4","set1_3_13899_545_ADH_Str",6,0.120143008759312,8
"set1_3_13901_545_UDH_Str_14","set1_3_13901_545_UDH_Str_1",3,0.151408420479227,8
"set1_3_13903_545_AM_Str_14","set1_3_13903_545_AM_Str_1",3,0.133013315485969,8
"set1_3_13905_545_IBC_Str4","set1_3_13905_545_IBC_Str",3,0.160166145675655,8
"set1_3_13907_545_DCIS_Str_14","set1_3_13907_545_DCIS_Str_1",3,0.157229481698428,8
"set1_3_13909_545_CCC_Str_24","set1_3_13909_545_CCC_Str_2",3,0.138693690769725,8
"set1_3_13917_545_DCIS_Str_24","set1_3_13917_545_DCIS_Str_2",3,0.28712955405243,8
"set1_3_13925_544_DCIS_Str_14","set1_3_13925_544_DCIS_Str_1",3,0.0991784144902056,8
"set1_3_13927_544_DCIS_Str_24","set1_3_13927_544_DCIS_Str_2",6,0.127870490960806,8
"set1_3_13929_544_IBC_Str4","set1_3_13929_544_IBC_Str",6,0.133466069120607,8
"set1_3_13931_544_DCIS_Str_34","set1_3_13931_544_DCIS_Str_3",6,0.129467734320148,8
"set1_3_13939_568_NL_Str4","set1_3_13939_568_NL_Str",4,0.101357184239511,8
"set1_3_13941_568_IBC_Str4","set1_3_13941_568_IBC_Str",6,0.125378006269323,8
"set1_3_13943_568_DCIS_Str4","set1_3_13943_568_DCIS_Str",6,0.0946631721874381,8
"set1_3_13947_570_CCC_Str_14","set1_3_13947_570_CCC_Str_1",2,0.127079740307516,8
"set1_3_13949_570_IBC_Str4","set1_3_13949_570_IBC_Str",1,0.0915846278949704,8
"set1_3_13951_570_DCIS_Str4","set1_3_13951_570_DCIS_Str",1,0.113952850643659,8
"set1_3_13953_570_ADH_Str_14","set1_3_13953_570_ADH_Str_1",1,0.106656569668353,8
"set1_3_13955_570_NL_Str4","set1_3_13955_570_NL_Str",1,0.125971897329556,8
"set1_3_13957_570_CCC_Str_24","set1_3_13957_570_CCC_Str_2",4,0.112391146084727,8
"set1_3_13959_570_CCH_Str4","set1_3_13959_570_CCH_Str",1,0.117935280496744,8
"set1_3_13961_570_ADH_Str_24","set1_3_13961_570_ADH_Str_2",3,0.114138795471738,8
"set1_3_13963_569_IBC_Str4","set1_3_13963_569_IBC_Str",8,0.134870998728962,8
"set1_3_13965_567_EN_Str4","set1_3_13965_567_EN_Str",2,0.128372519687029,8
"set1_3_13969_567_DCIS_Str4","set1_3_13969_567_DCIS_Str",6,0.147959650725111,8
"set1_3_13971_567_IBC_Str4","set1_3_13971_567_IBC_Str",8,0.114850245365192,8
"set1_3_13977_565_EN_Str4","set1_3_13977_565_EN_Str",2,0.151105289166229,8
"set1_3_13983_561_DCIS_Str4","set1_3_13983_561_DCIS_Str",8,0.104501908542113,8
"set1_3_13985_561_IBC_Str4","set1_3_13985_561_IBC_Str",8,0.185616398002349,8
"set1_3_13988_562_DCIS_Str_14","set1_3_13988_562_DCIS_Str_1",6,0.0918241624565303,8
"set1_3_13992_562_DCIS_Str_24","set1_3_13992_562_DCIS_Str_2",6,0.0940211993523139,8
"set1_3_13994_562_NL_Str_24","set1_3_13994_562_NL_Str_2",4,0.141273002540337,8
"set1_3_13996_563_NL_Str4","set1_3_13996_563_NL_Str",1,0.124816184762108,8
"set1_3_13998_563_IBC_Str4","set1_3_13998_563_IBC_Str",6,0.12158745992416,8
"set1_3_14002_553_DCIS_Str4","set1_3_14002_553_DCIS_Str",8,0.13127141189228,8
"set1_3_14004_553_IBC_Str4","set1_3_14004_553_IBC_Str",8,0.185032737209656,8
"set1_3_14008_553_EN_Str4","set1_3_14008_553_EN_Str",2,0.141545599820999,8
"set1_3_14013_560_CCC_Str4","set1_3_14013_560_CCC_Str",2,0.197260050921272,8
"set1_3_14015_560_AM_Str4","set1_3_14015_560_AM_Str",3,0.152188513340129,8
"set1_3_14017_560_NL_Str_14","set1_3_14017_560_NL_Str_1",3,0.168642633495224,8
"set1_3_14019_560_NL_Str_24","set1_3_14019_560_NL_Str_2",2,0.109683172743613,8
"set1_3_14021_560_IBC_Str_14","set1_3_14021_560_IBC_Str_1",6,0.118350373158094,8
"set1_3_14023_560_SA_Str4","set1_3_14023_560_SA_Str",2,0.111382676072234,8
"set1_3_14026_560_IBC_Str_24","set1_3_14026_560_IBC_Str_2",1,0.0865022156607901,8
"set1_3_14035_572_IBC_Str4","set1_3_14035_572_IBC_Str",6,0.163737019699767,8
"set1_3_14037_571_NL_Str4","set1_3_14037_571_NL_Str",7,0.161379848474357,8
"set1_3_14039_571_EN_Str4","set1_3_14039_571_EN_Str",6,0.210456037595057,8
"set1_3_14041_571_DCISw_Str4","set1_3_14041_571_DCISw_Str",6,0.210016243905668,8
"set1_3_14043_571_DCIS_Str4","set1_3_14043_571_DCIS_Str",6,0.142630340034323,8
"set1_3_14045_571_IBC_Str_14","set1_3_14045_571_IBC_Str_1",6,0.186180450219426,8
"set1_3_14047_571_IBC_Str_24","set1_3_14047_571_IBC_Str_2",8,0.146547380950681,8
"set1_3_14049_566_IBC_Str4","set1_3_14049_566_IBC_Str",8,0.14805535752304,8
"set1_3_14051_566_DCIS_Str4","set1_3_14051_566_DCIS_Str",6,0.140911798410423,8
"set1_3_14053_566_UDH_Str4","set1_3_14053_566_UDH_Str",1,0.118835601158096,8
"set1_3_14063_564_DCIS_Str4","set1_3_14063_564_DCIS_Str",6,0.125656592011076,8
"set1_3_14065_564_HP_Str4","set1_3_14065_564_HP_Str",7,0.149305055865187,8
"set1_3_14067_564_NL_Str4","set1_3_14067_564_NL_Str",7,0.185258139076088,8
"set1_3_14069_564_IBC_Str4","set1_3_14069_564_IBC_Str",8,0.115239948609493,8
"set1_3_14071_559_DCIS_Str4","set1_3_14071_559_DCIS_Str",6,0.0979073792746048,8
"set1_3_14073_559_IBC_Str4","set1_3_14073_559_IBC_Str",6,0.100692652450554,8
"set1_3_14075_559_CCH_Str4","set1_3_14075_559_CCH_Str",2,0.196413978179568,8
"set1_3_14081_558_IBC_Str4","set1_3_14081_558_IBC_Str",8,0.153487158718864,8
"set1_3_14085_558_DCIS_Str_14","set1_3_14085_558_DCIS_Str_1",8,0.10770758636975,8
"set1_3_14093_557_IBC_Str4","set1_3_14093_557_IBC_Str",1,0.0886642532102362,8
"set1_3_14095_557_DCIS_Str4","set1_3_14095_557_DCIS_Str",1,0.0788050219437614,8
"set1_3_14097_556_IBC_Str_14","set1_3_14097_556_IBC_Str_1",8,0.0913543148885829,8
"set1_3_14099_556_ADH_Str_14","set1_3_14099_556_ADH_Str_1",4,0.105140075494464,8
"set1_3_14101_556_ADH_Str_24","set1_3_14101_556_ADH_Str_2",4,0.120780901312705,8
"set1_3_14105_556_IBC_Str_24","set1_3_14105_556_IBC_Str_2",8,0.12938187819234,8
"set1_3_14111_555_IN_Str4","set1_3_14111_555_IN_Str",6,0.111167818481043,8
"set1_3_14113_555_iIBC_Str4","set1_3_14113_555_iIBC_Str",6,0.111266298014128,8
"set1_3_14115_555_IBC_Str4","set1_3_14115_555_IBC_Str",8,0.117089237336276,8
"set4_10_14732_656_IBC_Str4","set4_10_14732_656_IBC_Str",8,0.15865312539193,8
"set4_10_14734_656_BBD_Str4","set4_10_14734_656_BBD_Str",2,0.235373688850352,8
"set4_10_14736_656_NL_Str4","set4_10_14736_656_NL_Str",7,0.118046009010709,8
"set4_10_14738_657_CCC_Str4","set4_10_14738_657_CCC_Str",7,0.149631261432923,8
"set4_10_14740_657_NL_Str4","set4_10_14740_657_NL_Str",7,0.10831950929785,8
"set4_10_14742_657_DCIS_Str4","set4_10_14742_657_DCIS_Str",8,0.175396129260693,8
"set4_10_14743_657_IBC_Str4","set4_10_14743_657_IBC_Str",8,0.215873287915503,8
"set4_10_14748_658_DCIS_Str4","set4_10_14748_658_DCIS_Str",6,0.166235465403473,8
"set4_10_14749_658_IBC_Str4","set4_10_14749_658_IBC_Str",6,0.122748264764997,8
"set4_10_14750_658_NL_Str4","set4_10_14750_658_NL_Str",4,0.175735795712713,8
"set4_10_14753_659_DCIS_Str4","set4_10_14753_659_DCIS_Str",2,0.140972021322806,8
"set4_10_14754_659_IBC_Str4","set4_10_14754_659_IBC_Str",6,0.122500948088875,8
"set4_10_14756_659_DCIS_Str4","set4_10_14756_659_DCIS_Str",2,0.201506856027509,8
"set4_10_14758_659_NL_Str4","set4_10_14758_659_NL_Str",7,0.102900628882287,8
"set4_10_14792_663_DCIS_Str4","set4_10_14792_663_DCIS_Str",7,0.124835946972782,8
"set4_10_14794_663_IBC_Str4","set4_10_14794_663_IBC_Str",7,0.126121370348317,8
"set4_10_14796_663_NL_Str4","set4_10_14796_663_NL_Str",1,0.135250048563359,8
"set4_10_14760_660_IBC_Str4","set4_10_14760_660_IBC_Str",6,0.128681871404739,8
"set4_10_14762_660_DCIS_Str4","set4_10_14762_660_DCIS_Str",1,0.105881544277619,8
"set4_10_14764_660_NL_Str4","set4_10_14764_660_NL_Str",1,0.115852006912231,8
"set4_10_14766_660_LVI_Str4","set4_10_14766_660_LVI_Str",1,0.136431499065699,8
"set4_10_14768_661_IBC_Str4","set4_10_14768_661_IBC_Str",6,0.133518412550639,8
"set4_10_14770_661_AM_Str4","set4_10_14770_661_AM_Str",3,0.263747062087736,8
"set4_10_14772_661_ADH_Str4","set4_10_14772_661_ADH_Str",1,0.1493248367455,8
"set4_10_14774_661_DCIS_Str4","set4_10_14774_661_DCIS_Str",1,0.0920652902037465,8
"set4_10_14776_661_ADH_Str4","set4_10_14776_661_ADH_Str",1,0.18517460664383,8
"set4_10_14778_661_NL_Str4","set4_10_14778_661_NL_Str",1,0.210870444028599,8
"set4_10_14780_662_DCIS.1_Str4","set4_10_14780_662_DCIS.1_Str",8,0.195880978925972,8
"set4_10_14782_662_MIV.1_Str4","set4_10_14782_662_MIV.1_Str",6,0.144987419180725,8
"set4_10_14784_662_DCIS.2_Str4","set4_10_14784_662_DCIS.2_Str",8,0.144241576516138,8
"set4_10_14786_662_MIV.2_Str4","set4_10_14786_662_MIV.2_Str",6,0.156635892227031,8
"set4_10_14788_662_DCIS.3_Str4","set4_10_14788_662_DCIS.3_Str",8,0.206540189170918,8
"set4_10_14790_662_IBC_Str4","set4_10_14790_662_IBC_Str",8,0.208163353667444,8
"set4_10_14910_676_DCIS.2_Str4","set4_10_14910_676_DCIS.2_Str",3,0.148750650098122,8
"set4_10_14799_664_BBD_Str4","set4_10_14799_664_BBD_Str",1,0.126463111100356,8
"set4_10_14801_664_IBC_Str4","set4_10_14801_664_IBC_Str",8,0.146063012310897,8
"set4_10_14803_664_ADH_Str4","set4_10_14803_664_ADH_Str",2,0.164392094146315,8
"set4_10_14806_665_IBC_Str4","set4_10_14806_665_IBC_Str",8,0.201023513144852,8
"set4_10_14808_665_inf_NL_Str4","set4_10_14808_665_inf_NL_Str",6,0.187908012203613,8
"set4_10_14860_665_DCIS_Str4","set4_10_14860_665_DCIS_Str",4,0.120137904560508,8
"set4_10_14811_665_NL_Str4","set4_10_14811_665_NL_Str",4,0.157082372239895,8
"set4_10_14814_666_DCIS_Str4","set4_10_14814_666_DCIS_Str",4,0.104326147733848,8
"set4_10_14815_666_IBC_Str4","set4_10_14815_666_IBC_Str",8,0.180817119558302,8
"set4_10_14817_666_NL_Str4","set4_10_14817_666_NL_Str",4,0.135762791744921,8
"set4_10_14819_666_BBD_Str4","set4_10_14819_666_BBD_Str",4,0.125963601230398,8
"set4_10_14854_671_UDH_Str4","set4_10_14854_671_UDH_Str",4,0.139880965178992,8
"set4_10_14858_671_IBC_Str4","set4_10_14858_671_IBC_Str",8,0.182278733168198,8
"set4_10_14859_671_DCIS_Str4","set4_10_14859_671_DCIS_Str",8,0.162850719010614,8
"set4_10_14861_671_AM_Str4","set4_10_14861_671_AM_Str",3,0.172399363596189,8
"set4_10_14863_671_CCC_Str4","set4_10_14863_671_CCC_Str",2,0.0999254876187758,8
"set4_10_14823_667_IBC_Str4","set4_10_14823_667_IBC_Str",6,0.159011422546787,8
"set4_10_14824_667_DCIS_Str4","set4_10_14824_667_DCIS_Str",7,0.10996283325993,8
"set4_10_14825_667_NL_Str4","set4_10_14825_667_NL_Str",7,0.142843032112011,8
"set4_10_14827_668_IBC_Str4","set4_10_14827_668_IBC_Str",8,0.197272722592478,8
"set4_10_14831_668_DCIS_Str4","set4_10_14831_668_DCIS_Str",5,0.124471362922886,8
"set4_10_14832_668_NL_Str4","set4_10_14832_668_NL_Str",4,0.159392150136822,8
"set4_10_14835_669_IBC_Str4","set4_10_14835_669_IBC_Str",8,0.198108253513339,8
"set4_10_14836_669_NL_Str4","set4_10_14836_669_NL_Str",7,0.241469330574126,8
"set4_10_14838_669_DCIS_Str4","set4_10_14838_669_DCIS_Str",7,0.170227999828321,8
"set4_10_14841_670_EN_Str4","set4_10_14841_670_EN_Str",5,0.113090387020292,8
"set4_10_14842_670_DCIS_Str4","set4_10_14842_670_DCIS_Str",3,0.28330946822474,8
"set4_10_14845_670_DCIS_Str4","set4_10_14845_670_DCIS_Str",3,0.108092201390007,8
"set4_10_14846_670_IBC_Str4","set4_10_14846_670_IBC_Str",3,0.357262909798177,8
"set4_10_14850_670_BBD_Str4","set4_10_14850_670_BBD_Str",5,0.12569536263616,8
"set4_10_14851_670_CCC_Str4","set4_10_14851_670_CCC_Str",4,0.118644739218056,8
"set4_10_14852_670_AM_Str4","set4_10_14852_670_AM_Str",4,0.155021961498459,8
"set4_10_14865_672_inf_NL_Str_S2_R1_0014","set4_10_14865_672_inf_NL_Str_S2_R1_001",4,0.133173192085611,8
"set4_10_14867_672_IBC_Str_1_S4_R1_0014","set4_10_14867_672_IBC_Str_1_S4_R1_001",8,0.205554265935389,8
"set4_10_14871_672_DCIS_Str_S8_R1_0014","set4_10_14871_672_DCIS_Str_S8_R1_001",6,0.110027678133546,8
"set4_10_14872_672_CaLob_Str_S9_R1_0014","set4_10_14872_672_CaLob_Str_S9_R1_001",6,0.171720367730735,8
"set4_10_14874_672_NL_Str_S11_R1_0014","set4_10_14874_672_NL_Str_S11_R1_001",4,0.144729735457381,8
"set4_10_14877_672_CCC_Str_S14_R1_0014","set4_10_14877_672_CCC_Str_S14_R1_001",4,0.14691600500701,8
"set4_10_14879_673_IBC_Str_S16_R1_0014","set4_10_14879_673_IBC_Str_S16_R1_001",8,0.209378455932428,8
"set4_10_14881_673_DCIS_Str_S18_R1_0014","set4_10_14881_673_DCIS_Str_S18_R1_001",6,0.205500900548747,8
"set4_10_14883_673_NL_Str_S20_R1_0014","set4_10_14883_673_NL_Str_S20_R1_001",4,0.128926994930485,8
"set4_10_14885_673_AM_Str_S22_R1_0014","set4_10_14885_673_AM_Str_S22_R1_001",4,0.158057236537859,8
"set4_10_14887_673_CCC_Str_S24_R1_0014","set4_10_14887_673_CCC_Str_S24_R1_001",2,0.213692278071699,8
"set4_10_14889_673_EN_Str_S26_R1_0014","set4_10_14889_673_EN_Str_S26_R1_001",2,0.128584475002804,8
"set4_10_14891_674_DCIS_Str_S28_R1_0014","set4_10_14891_674_DCIS_Str_S28_R1_001",1,0.141523686614144,8
"set4_10_14893_674_IBC_Str_S30_R1_0014","set4_10_14893_674_IBC_Str_S30_R1_001",8,0.166571790847264,8
"set4_10_14895_674_BBD_Str_S32_R1_0014","set4_10_14895_674_BBD_Str_S32_R1_001",7,0.133238150701396,8
"set4_10_14900_675_EN1_Str_S34_R1_0014","set4_10_14900_675_EN1_Str_S34_R1_001",2,0.228234766502685,8
"set4_10_14902_675_EN2_Str4","set4_10_14902_675_EN2_Str",2,0.266412024482771,8
"set4_10_14903_675_EN3_Str4","set4_10_14903_675_EN3_Str",2,0.281062545999707,8
"set4_10_14906_675_NL_Str4","set4_10_14906_675_NL_Str",2,0.172903706052301,8
"set4_10_14923_677_IBC_Str4","set4_10_14923_677_IBC_Str",8,0.144629252729556,8
"set4_10_14925_677_DCIS_Str4","set4_10_14925_677_DCIS_Str",6,0.140276744690949,8
"set4_10_14927_677_NL_Str4","set4_10_14927_677_NL_Str",4,0.125533449586802,8
"set4_10_14929_677_LVI_Str4","set4_10_14929_677_LVI_Str",6,0.136402701895904,8
"set4_10_14931_678_IBC_Str4","set4_10_14931_678_IBC_Str",8,0.1851029096839,8
"set4_10_14933_678_PLC_Str4","set4_10_14933_678_PLC_Str",4,0.189310807222849,8
"set4_10_14935_678_EN_Str4","set4_10_14935_678_EN_Str",4,0.185671329172701,8
"set4_10_14937_678_NL_Str4","set4_10_14937_678_NL_Str",4,0.139423378549217,8
"set4_10_14939_679_IBC_Str4","set4_10_14939_679_IBC_Str",8,0.233458313155661,8
"set4_10_14941_679_DCIS_Str4","set4_10_14941_679_DCIS_Str",7,0.126292069503327,8
"set4_10_14943_679_NL_Str4","set4_10_14943_679_NL_Str",4,0.17432339513586,8
"set4_10_14955_680_DCIS_2_Str4","set4_10_14955_680_DCIS_2_Str",7,0.166323923612288,8
"set4_10_14957_680_ADH_2_Str4","set4_10_14957_680_ADH_2_Str",7,0.148126062362328,8
"set4_10_14945_680_ADH_1_Str4","set4_10_14945_680_ADH_1_Str",7,0.137423354027501,8
"set4_10_14947_680_UDH_Str4","set4_10_14947_680_UDH_Str",4,0.12718658521987,8
"set4_10_14949_680_NL_Str4","set4_10_14949_680_NL_Str",4,0.102025149973966,8
"set4_10_14951_680_DCIS_1_Str4","set4_10_14951_680_DCIS_1_Str",7,0.16791177257426,8
"set4_10_14953_680_IBC_Str4","set4_10_14953_680_IBC_Str",8,0.151312043334499,8
"set4_10_14959_680_LG_DCIS_Str4","set4_10_14959_680_LG_DCIS_Str",6,0.160307124932924,8
"set4_10_14961_680_AM_Str4","set4_10_14961_680_AM_Str",3,0.350388414697333,8
"set4_10_14967_681_DCIS_Str4","set4_10_14967_681_DCIS_Str",5,0.119855632033271,8
"set4_10_14969_681_AM_Str4","set4_10_14969_681_AM_Str",3,0.202404642780298,8
"set4_10_14971_681_EN_Str4","set4_10_14971_681_EN_Str",7,0.181410553190102,8
"set4_10_14973_681_ADH_1_Str4","set4_10_14973_681_ADH_1_Str",7,0.116500567901972,8
"set4_10_14975_681_IBC_Str4","set4_10_14975_681_IBC_Str",8,0.231461434082331,8
"set4_10_14977_681_NL_Str4","set4_10_14977_681_NL_Str",4,0.182701359690155,8
"set4_10_14979_682_NL_Str4","set4_10_14979_682_NL_Str",1,0.122957861933286,8
"set4_10_14981_682_EN_Str4","set4_10_14981_682_EN_Str",1,0.12793412772314,8
"set4_10_14983_682_IBC_Str4","set4_10_14983_682_IBC_Str",8,0.152756511042532,8
"set4_10_14985_682_Inf_NL_Str4","set4_10_14985_682_Inf_NL_Str",6,0.134282707703169,8
"set4_10_14988_683_DCIS_Str4","set4_10_14988_683_DCIS_Str",6,0.109493046373287,8
"set4_10_14991_684_ADH_DCIS_Str4","set4_10_14991_684_ADH_DCIS_Str",1,0.111689744194959,8
"set4_10_14993_684_DCIS_Str4","set4_10_14993_684_DCIS_Str",6,0.149614500323088,8
"set4_10_14995_684_NL_Str4","set4_10_14995_684_NL_Str",4,0.120672096959478,8
"set4_10_14997_684_IBC_Str4","set4_10_14997_684_IBC_Str",8,0.18821236611497,8
"set4_10_14999_685_DCIS_Str4","set4_10_14999_685_DCIS_Str",6,0.127753631461077,8
"set4_10_15001_685_IBC_Str4","set4_10_15001_685_IBC_Str",8,0.124092487838942,8
"set4_10_15003_685_NL_Str4","set4_10_15003_685_NL_Str",2,0.122747655972553,8
"set4_10_15005_685_EN_Str4","set4_10_15005_685_EN_Str",4,0.116699516521694,8
"set4_10_15014_687_DCIS_1_Str4","set4_10_15014_687_DCIS_1_Str",6,0.151453822651898,8
"set4_10_15016_687_DCIS_2_Str4","set4_10_15016_687_DCIS_2_Str",6,0.209999565198157,8
"set4_10_15018_687_UDH_Str4","set4_10_15018_687_UDH_Str",4,0.148309252153715,8
"set4_10_15020_687_EN_Str4","set4_10_15020_687_EN_Str",5,0.147786628168438,8
"set4_10_15022_687_NL_Str4","set4_10_15022_687_NL_Str",4,0.207649805461604,8
"set4_10_15026_688_EN_1_Str4","set4_10_15026_688_EN_1_Str",6,0.111086521011727,8
"set4_10_14912_676_EN_Str4","set4_10_14912_676_EN_Str",2,0.203615265953328,8
"set4_10_14914_676_BBD_2_Str4","set4_10_14914_676_BBD_2_Str",2,0.161911198657574,8
"set4_10_14917_676_DCIS_1_Str4","set4_10_14917_676_DCIS_1_Str",3,0.137712190197984,8
"set4_10_14919_676_BBD_1_Str4","set4_10_14919_676_BBD_1_Str",1,0.120304792149506,8
"set4_10_14921_676_NL_Str4","set4_10_14921_676_NL_Str",2,0.199210205667886,8
"set4_10_15008_686_DCIS_Str4","set4_10_15008_686_DCIS_Str",6,0.156942224582771,8
"set4_10_15010_686_EN_Str4","set4_10_15010_686_EN_Str",4,0.185530449385434,8
"set4_10_15012_686_NL_Str4","set4_10_15012_686_NL_Str",4,0.163904493017217,8
"set4_10_15033_689_IBC_Str4","set4_10_15033_689_IBC_Str",8,0.229576895880082,8
"set4_10_15035_689_DCIS_1_Str4","set4_10_15035_689_DCIS_1_Str",6,0.167689201859533,8
"set4_10_15037_689_NL_Str4","set4_10_15037_689_NL_Str",2,0.135335633632234,8
"set4_10_15039_689_DCIS_2_Str4","set4_10_15039_689_DCIS_2_Str",6,0.138167166165502,8
"set4_10_15041_689_EN_1_Str4","set4_10_15041_689_EN_1_Str",2,0.14759108296103,8
"set4_10_15043_689_EN_2_Str4","set4_10_15043_689_EN_2_Str",2,0.139350780208477,8
"set4_10_15053_690_EN_2_Str4","set4_10_15053_690_EN_2_Str",4,0.170905094153828,8
"set4_10_15063_691_EN_2_Str4","set4_10_15063_691_EN_2_Str",4,0.148310475553422,8
"set4_10_14965_681_ADH_2_Str4","set4_10_14965_681_ADH_2_Str",7,0.143559749887906,8
"set4_10_15024_688_IBC_Str4","set4_10_15024_688_IBC_Str",6,0.210455807432653,8
"set4_10_15028_688_NL_Str4","set4_10_15028_688_NL_Str",4,0.144035145739894,8
"set4_10_15030_688_EN_4_Str4","set4_10_15030_688_EN_4_Str",2,0.145731804082537,8
"set4_10_15107_688_EN_5_Str4","set4_10_15107_688_EN_5_Str",4,0.160553724974217,8
"set4_10_15045_690_NL_Str4","set4_10_15045_690_NL_Str",4,0.0967927179098079,8
"set4_10_15047_690_EN_1_Str4","set4_10_15047_690_EN_1_Str",2,0.113568654088412,8
"set4_10_15049_690_IBC_Str4","set4_10_15049_690_IBC_Str",8,0.215806410089164,8
"set4_10_15051_690_DCIS_Str4","set4_10_15051_690_DCIS_Str",6,0.142222339705463,8
"set4_10_15055_690_i_DCIS_Str4","set4_10_15055_690_i_DCIS_Str",6,0.195073713830242,8
"set4_10_15057_691_IBC_Str4","set4_10_15057_691_IBC_Str",8,0.204717484753023,8
"set4_10_15059_691_EN_1_Str4","set4_10_15059_691_EN_1_Str",2,0.133226194433295,8
"set4_10_15061_691_DCIS_Str4","set4_10_15061_691_DCIS_Str",5,0.144559798136759,8
"set4_10_15065_692_IBC_Str4","set4_10_15065_692_IBC_Str",8,0.146866119519338,8
"set4_10_15067_692_DCIS_Str4","set4_10_15067_692_DCIS_Str",6,0.177390692577094,8
"set4_10_15069_692_NL_Str4","set4_10_15069_692_NL_Str",6,0.135400798600519,8
"set4_10_15586_744_IBC_Str4","set4_10_15586_744_IBC_Str",8,0.198169339707202,8
"set4_10_15588_744_inF.NL_Str4","set4_10_15588_744_inF.NL_Str",6,0.17150526981973,8
"set4_10_15590_744_DCIS_Str4","set4_10_15590_744_DCIS_Str",8,0.0988408794189924,8
"set4_10_15592_745_CCC_Str4","set4_10_15592_745_CCC_Str",2,0.122256919977622,8
"set4_10_15594_745_BBD_Str4","set4_10_15594_745_BBD_Str",2,0.139531472161212,8
"set4_10_15596_745_IP_Str4","set4_10_15596_745_IP_Str",6,0.118240747374711,8
"set4_10_15599_746_DCIS_Str4","set4_10_15599_746_DCIS_Str",6,0.194127018600649,8
"set4_10_15601_746_NL_Str4","set4_10_15601_746_NL_Str",6,0.131025178764731,8
"set4_10_15603_747_IBC_Str4","set4_10_15603_747_IBC_Str",8,0.227295250518158,8
"set4_10_15605_747_NL_Str4","set4_10_15605_747_NL_Str",7,0.125244112760801,8
"set4_10_15607_747_ADH_Str4","set4_10_15607_747_ADH_Str",2,0.166793931014006,8
"set4_10_15609_747_AM_Str4","set4_10_15609_747_AM_Str",3,0.15951766037697,8
"set4_10_15611_748_AM_Str4","set4_10_15611_748_AM_Str",4,0.154191804444587,8
"set4_10_15613_748_DCIS_Str4","set4_10_15613_748_DCIS_Str",6,0.134571042885588,8
"set4_10_15615_748_IBC_Str4","set4_10_15615_748_IBC_Str",8,0.204722775358506,8
"set4_10_15619_749_IBC_Str4","set4_10_15619_749_IBC_Str",8,0.192488953421216,8
"set4_10_15620_749_DCIS_Str4","set4_10_15620_749_DCIS_Str",8,0.142370065359127,8
"set4_10_15621_749_LVI_Str4","set4_10_15621_749_LVI_Str",8,0.174980506578217,8
"set4_10_15623_750_NL_Str4","set4_10_15623_750_NL_Str",2,0.114519065611156,8
"set4_10_15625_750_IBC_Str4","set4_10_15625_750_IBC_Str",8,0.20564113053288,8
"set4_10_15627_750_DCIS_Str4","set4_10_15627_750_DCIS_Str",8,0.179670820322863,8
"set4_10_15629_751_NL_Str4","set4_10_15629_751_NL_Str",2,0.162304834146428,8
"set4_10_15631_751_IBC_Str4","set4_10_15631_751_IBC_Str",8,0.196016125665053,8
"set4_10_15633_751_ADH_Str4","set4_10_15633_751_ADH_Str",2,0.17550294717816,8
"set4_10_15635_751_CCC_Str4","set4_10_15635_751_CCC_Str",2,0.136337763032107,8
"set4_10_15637_752_IBC_Str4","set4_10_15637_752_IBC_Str",6,0.146544882447842,8
"set4_10_15641_752_DCIS_Str4","set4_10_15641_752_DCIS_Str",4,0.133972471138546,8
"set4_10_15642_752_NL_Str4","set4_10_15642_752_NL_Str",1,0.151537093981298,8
"set4_10_15643_752_BBD_Str4","set4_10_15643_752_BBD_Str",4,0.136312025342603,8
"set4_10_15645_753_DCIS_Str4","set4_10_15645_753_DCIS_Str",8,0.150135748010674,8
"set4_10_15648_753_NL_Str4","set4_10_15648_753_NL_Str",2,0.169473190149729,8
"set4_10_15650_754_IBC_Str4","set4_10_15650_754_IBC_Str",8,0.223449699604969,8
"set4_10_15652_754_ADH_Str4","set4_10_15652_754_ADH_Str",8,0.111563422791866,8
"set4_10_15654_754_EN_1_Str4","set4_10_15654_754_EN_1_Str",5,0.102232636335325,8
"set4_10_15656_754_DCIS_Str4","set4_10_15656_754_DCIS_Str",8,0.154282752703649,8
"set4_10_15658_754_EN_2_Str4","set4_10_15658_754_EN_2_Str",4,0.0958060680582307,8
"set4_10_15660_755_EN_Str4","set4_10_15660_755_EN_Str",1,0.130290103096959,8
"set4_10_15662_755_DCIS_inf_1_Str4","set4_10_15662_755_DCIS_inf_1_Str",6,0.199579451138276,8
"set4_10_15664_755_IBC_Str4","set4_10_15664_755_IBC_Str",6,0.192158787629883,8
"set4_10_15666_755_DCIS_inf_2_Str4","set4_10_15666_755_DCIS_inf_2_Str",6,0.166648222271745,8
"set4_10_15668_755_NL_Str4","set4_10_15668_755_NL_Str",1,0.153959887068697,8
"set4_10_15670_756_NL_Str4","set4_10_15670_756_NL_Str",1,0.136146635480451,8
"set4_10_15672_756_EN_1_Str4","set4_10_15672_756_EN_1_Str",1,0.242736968127754,8
"set4_10_15674_756_IBC_Str4","set4_10_15674_756_IBC_Str",1,0.150178722272161,8
"set4_10_15676_756_UDH_1_Str4","set4_10_15676_756_UDH_1_Str",1,0.145465924297122,8
"set4_10_15678_756_EN_2_Str4","set4_10_15678_756_EN_2_Str",1,0.223560399329121,8
"set4_10_15680_756_UDH_2_Str4","set4_10_15680_756_UDH_2_Str",1,0.238799730502261,8
"set4_10_15682_757_DCIS_Str4","set4_10_15682_757_DCIS_Str",1,0.111488122973402,8
"set4_10_15684_757_IBC_Str4","set4_10_15684_757_IBC_Str",8,0.139211283768635,8
"set4_10_15686_757_NL_Str4","set4_10_15686_757_NL_Str",2,0.134792037702634,8
"set4_10_15688_757_UDH_Str4","set4_10_15688_757_UDH_Str",2,0.139303862666276,8
"set4_10_15690_757_CCC_Str4","set4_10_15690_757_CCC_Str",2,0.145434217643727,8
"set4_10_15692_757_EN_Str4","set4_10_15692_757_EN_Str",5,0.168084110503114,8
"set4_10_15694_758_DCIS_1_Str4","set4_10_15694_758_DCIS_1_Str",1,0.114622547350139,8
"set4_10_15696_758_IBC_1_Str4","set4_10_15696_758_IBC_1_Str",6,0.155357218687858,8
"set4_10_15698_758_NL_Str4","set4_10_15698_758_NL_Str",1,0.106265972978537,8
"set4_10_15704_758_EN_Str4","set4_10_15704_758_EN_Str",2,0.121809933644028,8
"set4_10_15710_760_UDH_Str4","set4_10_15710_760_UDH_Str",5,0.140906544744825,8
"set4_10_15714_760_IBC_Str4","set4_10_15714_760_IBC_Str",6,0.17289065731017,8
"set4_10_15716_760_EN_1_Str4","set4_10_15716_760_EN_1_Str",5,0.103756941441851,8
"set4_10_15718_760_NL_Str4","set4_10_15718_760_NL_Str",5,0.158672680760761,8
"set4_10_15734_762_DCIS_2_Str4","set4_10_15734_762_DCIS_2_Str",6,0.169029413529667,8
"set4_10_15700_758_DCIS_2_Str4","set4_10_15700_758_DCIS_2_Str",1,0.164620041517905,8
"set4_10_15702_758_IBC_2_Str4","set4_10_15702_758_IBC_2_Str",8,0.162210656347079,8
"set4_10_15706_759_DCIS_Str4","set4_10_15706_759_DCIS_Str",8,0.105907316857501,8
"set4_10_15708_759_IBC_Str4","set4_10_15708_759_IBC_Str",8,0.183807554212148,8
"set4_10_15712_760_EN_2_Str4","set4_10_15712_760_EN_2_Str",5,0.160183210503395,8
"set4_10_15720_761_IBC_Str4","set4_10_15720_761_IBC_Str",6,0.154837499932832,8
"set4_10_15722_761_DCIS_Str4","set4_10_15722_761_DCIS_Str",6,0.147952849341095,8
"set4_10_15724_761_EN_1_Str4","set4_10_15724_761_EN_1_Str",1,0.0975040243855077,8
"set4_10_15726_761_ADH_Str4","set4_10_15726_761_ADH_Str",2,0.141737026109558,8
"set4_10_15730_762_IBC_Str4","set4_10_15730_762_IBC_Str",8,0.162334518782138,8
"set4_10_15732_762_DCIS_1_Str4","set4_10_15732_762_DCIS_1_Str",8,0.127768214569254,8
"set4_10_15736_763_IBC_Str4","set4_10_15736_763_IBC_Str",5,0.137381341883611,8
"set4_10_15738_763_ADH_Str4","set4_10_15738_763_ADH_Str",1,0.159990219578748,8
"set4_10_15740_763_NL_1_Str4","set4_10_15740_763_NL_1_Str",5,0.19222621842623,8
"set4_10_15742_763_EN_Str4","set4_10_15742_763_EN_Str",5,0.139526108875829,8
"set4_10_15746_764_IBC_Str4","set4_10_15746_764_IBC_Str",6,0.143603239721121,8
"set4_10_15748_764_DCIS_1_Str4","set4_10_15748_764_DCIS_1_Str",6,0.144012639481841,8
"set4_10_15750_764_LVI_Str4","set4_10_15750_764_LVI_Str",6,0.108413146556811,8
"set4_10_15752_764_DCIS_2_Str4","set4_10_15752_764_DCIS_2_Str",6,0.130410856710344,8
"set4_10_15754_764_EN_Str4","set4_10_15754_764_EN_Str",1,0.156521442718554,8
"set4_10_15756_764_NL_Str4","set4_10_15756_764_NL_Str",1,0.17594676479921,8
"set4_10_15758_765_IBC_Str4","set4_10_15758_765_IBC_Str",3,0.187322597943851,8
"set4_10_15760_765_DCIS_Str4","set4_10_15760_765_DCIS_Str",3,0.162628907839944,8
"set4_10_15762_765_EN_1_Str4","set4_10_15762_765_EN_1_Str",7,0.255708857978689,8
"set4_10_15766_765_NL_Str4","set4_10_15766_765_NL_Str",7,0.177467781718802,8
"set4_10_15768_766_NL_Str4","set4_10_15768_766_NL_Str",1,0.136266303255379,8
"set4_10_15770_766_inf_NL_Str4","set4_10_15770_766_inf_NL_Str",6,0.178951763502223,8
"set4_10_15772_766_IBC_Str4","set4_10_15772_766_IBC_Str",6,0.153665332163157,8
"set4_10_15774_766_AM_Str4","set4_10_15774_766_AM_Str",3,0.182737373233301,8
"set4_10_15776_766_EN_Str4","set4_10_15776_766_EN_Str",1,0.223913131863596,8
"set4_10_15778_767_IBC_Str4","set4_10_15778_767_IBC_Str",8,0.176220935418545,8
"set4_10_15780_767_DCIS_Str4","set4_10_15780_767_DCIS_Str",8,0.123348443107933,8
"set4_10_15782_767_AM_2_Str4","set4_10_15782_767_AM_2_Str",1,0.163570750643564,8
"set4_10_15784_767_ADH_Str4","set4_10_15784_767_ADH_Str",4,0.110229164577984,8
"set4_10_15788_767_NL_Str4","set4_10_15788_767_NL_Str",7,0.128116080689321,8
"set4_10_15790_768_IBC_Str4","set4_10_15790_768_IBC_Str",6,0.208449820915195,8
"set4_10_15792_768_NL_Str4","set4_10_15792_768_NL_Str",2,0.137632703890639,8
"set4_10_15796_768_EN_2_Str4","set4_10_15796_768_EN_2_Str",2,0.178854217135189,8
"set4_10_15798_768_EN_3_Str4","set4_10_15798_768_EN_3_Str",2,0.16429766801849,8
"set4_10_15800_769_IBC_Str4","set4_10_15800_769_IBC_Str",6,0.166746521257075,8
"set4_10_15802_769_DCIS_1_Str4","set4_10_15802_769_DCIS_1_Str",6,0.153057425648478,8
"set4_10_15806_769_EN_1_Str4","set4_10_15806_769_EN_1_Str",2,0.145984288354123,8
"set4_10_15810_769_NL_Str4","set4_10_15810_769_NL_Str",1,0.223198097930205,8
"set4_10_15812_769_EN_4_Str4","set4_10_15812_769_EN_4_Str",2,0.182567681033756,8
"set4_10_15818_769_AM_Str4","set4_10_15818_769_AM_Str",3,0.395494220925256,8
"set4_10_15786_767_AM_1_Str4","set4_10_15786_767_AM_1_Str",7,0.13830453236024,8
"set4_10_15794_768_EN_1_Str4","set4_10_15794_768_EN_1_Str",2,0.122402386548264,8
"set4_10_15804_769_DCIS_2_Str4","set4_10_15804_769_DCIS_2_Str",6,0.186987721572603,8
"set4_10_15808_769_EN_3_Str4","set4_10_15808_769_EN_3_Str",1,0.120509623144615,8
"set4_10_15816_769_EN_6_Str4","set4_10_15816_769_EN_6_Str",2,0.193869034653184,8
"set4_10_15820_770_DCIS_Str4","set4_10_15820_770_DCIS_Str",6,0.173434761778609,8
"set4_10_15822_770_IBC_Str4","set4_10_15822_770_IBC_Str",8,0.208854784067629,8
"set4_10_15824_770_EN_1_Str4","set4_10_15824_770_EN_1_Str",2,0.175573232369236,8
"set4_10_15826_770_NL_Str4","set4_10_15826_770_NL_Str",4,0.113413631632209,8
"set4_10_15830_771_EN_4_Str4","set4_10_15830_771_EN_4_Str",2,0.215059682306219,8
"set4_10_15836_771_DCIS_3_Str4","set4_10_15836_771_DCIS_3_Str",6,0.122862181065437,8
"set4_10_15832_771_NL_Str4","set4_10_15832_771_NL_Str",4,0.148185270927024,8
"set4_10_15834_771_EN_2_Str4","set4_10_15834_771_EN_2_Str",7,0.191219683669148,8
"set4_10_15840_771_DCIS_1_Str4","set4_10_15840_771_DCIS_1_Str",8,0.170963255466144,8
"set4_10_15844_771_IBC_Str4","set4_10_15844_771_IBC_Str",8,0.175700742725004,8
"set4_10_15728_761_EN_2_Str4","set4_10_15728_761_EN_2_Str",3,0.159166156688106,8
"set4_10_15744_763_NL_2_Str4","set4_10_15744_763_NL_2_Str",1,0.135945372970779,8
"set4_10_15764_765_EN_2_Str4","set4_10_15764_765_EN_2_Str",7,0.175993383661471,8
"set4_10_15814_769_EN_5_Str4","set4_10_15814_769_EN_5_Str",2,0.20391078337799,8
"set4_10_15828_771_EN_3_Str4","set4_10_15828_771_EN_3_Str",5,0.134044115706234,8
"set4_10_15838_771_EN_1_Str4","set4_10_15838_771_EN_1_Str",5,0.141689065129333,8
"set4_10_15842_771_DCIS_2_Str4","set4_10_15842_771_DCIS_2_Str",6,0.15754241922503,8
"set4_10_15846_772_IBC_Str4","set4_10_15846_772_IBC_Str",8,0.158711269273504,8
"set4_10_15848_772_DCIS_1_Str4","set4_10_15848_772_DCIS_1_Str",5,0.109155573907787,8
"set4_10_15850_772_DCIS_2_Str4","set4_10_15850_772_DCIS_2_Str",5,0.0958272802114269,8
"set4_10_15852_772_EN_1_Str4","set4_10_15852_772_EN_1_Str",2,0.133265343219933,8
"set4_10_15854_772_EN_2_Str4","set4_10_15854_772_EN_2_Str",5,0.118525402561754,8
"set4_10_15856_772_EN_3_Str4","set4_10_15856_772_EN_3_Str",5,0.123300092350747,8
"set4_10_15858_772_EN_4_Str4","set4_10_15858_772_EN_4_Str",5,0.151504138649624,8
"set4_10_15860_772_NL_Str4","set4_10_15860_772_NL_Str",2,0.106557252850987,8
"set1_3_11771_354_EN_S_S2_R1_0015","set1_3_11771_354_EN_S_S2_R1_001",9,0.140075484424367,9
"set1_3_11773_354_IDC_S_S4_R1_0015","set1_3_11773_354_IDC_S_S4_R1_001",1,0.146718889890301,9
"set1_3_11775_354_RS1_S_center_S6_R1_0015","set1_3_11775_354_RS1_S_center_S6_R1_001",7,0.137978701735173,9
"set1_3_11777_354_RS1_S_peripheral_S8_R1_0015","set1_3_11777_354_RS1_S_peripheral_S8_R1_001",9,0.136556971566741,9
"set1_3_11779_354_RS2_S_center_S10_R1_0015","set1_3_11779_354_RS2_S_center_S10_R1_001",7,0.129877653484773,9
"set1_3_11781_354_RS2_S_peripheral_S12_R1_0015","set1_3_11781_354_RS2_S_peripheral_S12_R1_001",7,0.148562895027219,9
"set1_3_11783_354_NL_S_S14_R1_0015","set1_3_11783_354_NL_S_S14_R1_001",9,0.130353383308298,9
"set1_3_11785_355_RS1_S_center_S16_R1_0015","set1_3_11785_355_RS1_S_center_S16_R1_001",1,0.158622946207714,9
"set1_3_11787_355_RS1_S_peripheral_S18_R1_0015","set1_3_11787_355_RS1_S_peripheral_S18_R1_001",6,0.1421035149996,9
"set1_3_11790_355_RS2_S_center_S21_R1_0015","set1_3_11790_355_RS2_S_center_S21_R1_001",7,0.18126794182956,9
"set1_3_11792_355_RS2_S_peripheral_S23_R1_0015","set1_3_11792_355_RS2_S_peripheral_S23_R1_001",7,0.146503066324572,9
"set1_3_11795_355_NL_S_S26_R1_0015","set1_3_11795_355_NL_S_S26_R1_001",6,0.195502002279389,9
"set1_3_11797_355_RS3_S_center_S28_R1_0015","set1_3_11797_355_RS3_S_center_S28_R1_001",7,0.147189991558685,9
"set1_3_11799_355_RS3_S_peripheral_S30_R1_0015","set1_3_11799_355_RS3_S_peripheral_S30_R1_001",6,0.13425675062767,9
"set1_3_11803_356_RS1_S_center_S33_R1_0015","set1_3_11803_356_RS1_S_center_S33_R1_001",1,0.121306788536552,9
"set1_3_11805_356_RS1_S_peripheral_S35_R1_0015","set1_3_11805_356_RS1_S_peripheral_S35_R1_001",9,0.124491816976182,9
"set1_3_11807_357_NL_S_S41_R1_0015","set1_3_11807_357_NL_S_S41_R1_001",6,0.093788157627094,9
"set1_3_11809_357_RS1_S_center_S33_R1_0015","set1_3_11809_357_RS1_S_center_S33_R1_001",1,0.0845962937415475,9
"set1_3_11811_357_RS1_S_peripheral_S42_R1_0015","set1_3_11811_357_RS1_S_peripheral_S42_R1_001",9,0.0880552447072513,9
"set1_3_11814_358_NL_S_S37_R1_0015","set1_3_11814_358_NL_S_S37_R1_001",9,0.120626881891477,9
"set1_3_11816_358_EN_S_S39_R1_0015","set1_3_11816_358_EN_S_S39_R1_001",7,0.143246201231482,9
"set1_3_11818_358_RS1_S_center_S41_R1_0015","set1_3_11818_358_RS1_S_center_S41_R1_001",7,0.118231593225459,9
"set1_3_11820_358_RS1_S_peripheral_S43_R1_0015","set1_3_11820_358_RS1_S_peripheral_S43_R1_001",4,0.125718543993818,9
"set1_3_11822_358_IBC_S_S45_R1_0015","set1_3_11822_358_IBC_S_S45_R1_001",2,0.12443007545913,9
"set1_3_11824_358_RS2_S_center_S47_R1_0015","set1_3_11824_358_RS2_S_center_S47_R1_001",1,0.140101967089231,9
"set1_3_11826_358_RS2_S_peripheral_S49_R1_0015","set1_3_11826_358_RS2_S_peripheral_S49_R1_001",9,0.11175777871348,9
"set1_3_11828_359_RS1_S_center_S51_R1_0015","set1_3_11828_359_RS1_S_center_S51_R1_001",9,0.100850923470256,9
"set1_3_11830_359_RS1_S_peripheral_S53_R1_0015","set1_3_11830_359_RS1_S_peripheral_S53_R1_001",4,0.193208549267797,9
"set1_3_11834_359_RS2_S_center_S56_R1_0015","set1_3_11834_359_RS2_S_center_S56_R1_001",4,0.147439802084094,9
"set1_3_11836_359_RS2_S_peripheral_S58_R1_0015","set1_3_11836_359_RS2_S_peripheral_S58_R1_001",9,0.128329577310505,9
"set1_3_11839_360_RS1_S_center_S43_R1_0015","set1_3_11839_360_RS1_S_center_S43_R1_001",1,0.0874201684316638,9
"set1_3_11841_360_RS1_S_peripheral_S36_R1_0015","set1_3_11841_360_RS1_S_peripheral_S36_R1_001",9,0.110572630195917,9
"set1_3_11843_360_NL_S_S53_R1_0015","set1_3_11843_360_NL_S_S53_R1_001",9,0.105676897436179,9
"set1_3_11845_361_RS1_S_center_S31_R1_0015","set1_3_11845_361_RS1_S_center_S31_R1_001",2,0.074312221699751,9
"set1_3_11847_361_RS1_S_peripheral_S35_R1_0015","set1_3_11847_361_RS1_S_peripheral_S35_R1_001",7,0.0850324197500486,9
"set1_3_11849_361_RS2_S_center_S20_R1_0015","set1_3_11849_361_RS2_S_center_S20_R1_001",7,0.0709649549109655,9
"set1_3_11851_361_RS2_S_peripheral_S45_R1_0015","set1_3_11851_361_RS2_S_peripheral_S45_R1_001",9,0.0691417330164462,9
"set1_3_11853_361_RS4_S_center_S29_R1_0015","set1_3_11853_361_RS4_S_center_S29_R1_001",7,0.125343523584453,9
"set1_3_11855_361_RS4_S_peripheral_S25_R1_0015","set1_3_11855_361_RS4_S_peripheral_S25_R1_001",9,0.0810779280159149,9
"set1_3_11857_361_RS3_S_center_S26_R1_0015","set1_3_11857_361_RS3_S_center_S26_R1_001",1,0.0885862647175643,9
"set1_3_11859_361_RS3_S_peripheral_S54_R1_0015","set1_3_11859_361_RS3_S_peripheral_S54_R1_001",9,0.0740960128892363,9
"set1_3_11863_362_RS1_S_center_S28_R1_0015","set1_3_11863_362_RS1_S_center_S28_R1_001",7,0.0996268621218279,9
"set1_3_11865_362_RS1_S_peripheral_S40_R1_0015","set1_3_11865_362_RS1_S_peripheral_S40_R1_001",6,0.0678265466572389,9
"set1_3_11868_363_RS1_S_center_S27_R1_0015","set1_3_11868_363_RS1_S_center_S27_R1_001",7,0.102246563262026,9
"set1_3_11870_363_RS1_S_peripheral_S46_R1_0015","set1_3_11870_363_RS1_S_peripheral_S46_R1_001",9,0.0820808597828265,9
"set1_3_11872_363_NL_S_S57_R1_0015","set1_3_11872_363_NL_S_S57_R1_001",9,0.0980530120744058,9
"set1_3_11875_364_RS1_S_center_S52_R1_0015","set1_3_11875_364_RS1_S_center_S52_R1_001",1,0.0632676941868239,9
"set1_3_11877_364_RS1_S_peripheral_S56_R1_0015","set1_3_11877_364_RS1_S_peripheral_S56_R1_001",9,0.0806283602848683,9
"set1_3_11881_364_RS2_S_center_S37_R1_0015","set1_3_11881_364_RS2_S_center_S37_R1_001",4,0.0858189137408542,9
"set1_3_13814_552_IBC_Str_15","set1_3_13814_552_IBC_Str_1",1,0.139004445503301,9
"set1_3_13829_551_DCIS_Str5","set1_3_13829_551_DCIS_Str",5,0.0730058423465287,9
"set1_3_13831_550_ADH_Str_15","set1_3_13831_550_ADH_Str_1",4,0.149932354143023,9
"set1_3_13837_550_DCIS_Str_15","set1_3_13837_550_DCIS_Str_1",3,0.0845889918521547,9
"set1_3_13841_549_DCIS_Str5","set1_3_13841_549_DCIS_Str",1,0.146346610596719,9
"set1_3_13843_549_IBC_Str5","set1_3_13843_549_IBC_Str",2,0.136562198375861,9
"set1_3_13845_549_IN_Str5","set1_3_13845_549_IN_Str",2,0.138968969513689,9
"set1_3_13849_550_DCIS_Str_25","set1_3_13849_550_DCIS_Str_2",5,0.0882170318436885,9
"set1_3_13855_549_NL_Str5","set1_3_13855_549_NL_Str",3,0.109881021263601,9
"set1_3_13859_548_DCIS_Str5","set1_3_13859_548_DCIS_Str",5,0.0967900120963043,9
"set1_3_13861_548_IBC_Str5","set1_3_13861_548_IBC_Str",5,0.115039801682718,9
"set1_3_13863_547_NL_Str5","set1_3_13863_547_NL_Str",3,0.106195383911062,9
"set1_3_13865_547_CCC_Str_15","set1_3_13865_547_CCC_Str_1",5,0.116215629548182,9
"set1_3_13867_547_CCH_Str_15","set1_3_13867_547_CCH_Str_1",6,0.151856869252815,9
"set1_3_13869_547_IBC_Str_15","set1_3_13869_547_IBC_Str_1",1,0.158186163581008,9
"set1_3_13871_547_DCIS_Str5","set1_3_13871_547_DCIS_Str",1,0.148661883805393,9
"set1_3_13873_547_CCC_Str_25","set1_3_13873_547_CCC_Str_2",6,0.151569028587765,9
"set1_3_13877_547_CCC_Str_35","set1_3_13877_547_CCC_Str_3",2,0.139808104824278,9
"set1_3_13879_547_IBC_Str_25","set1_3_13879_547_IBC_Str_2",2,0.181528462954814,9
"set1_3_13881_547_NL_Str5","set1_3_13881_547_NL_Str",2,0.110459626587876,9
"set1_3_13883_546_NL_Str5","set1_3_13883_546_NL_Str",2,0.119364120157036,9
"set1_3_13885_546_ALH_Str5","set1_3_13885_546_ALH_Str",7,0.114507140802893,9
"set1_3_13887_546_IBC_Str5","set1_3_13887_546_IBC_Str",5,0.138552007638476,9
"set1_3_13889_546_LIN_Str5","set1_3_13889_546_LIN_Str",5,0.09323452995914,9
"set1_3_13891_546_CCH_Str5","set1_3_13891_546_CCH_Str",5,0.0886712139868383,9
"set1_3_13893_546_HIN_Str5","set1_3_13893_546_HIN_Str",5,0.153255167060566,9
"set1_3_13895_546_MIN_Str5","set1_3_13895_546_MIN_Str",5,0.128803796946671,9
"set1_3_13897_545_CCC_Str_15","set1_3_13897_545_CCC_Str_1",5,0.123024497064573,9
"set1_3_13899_545_ADH_Str5","set1_3_13899_545_ADH_Str",5,0.116561114603121,9
"set1_3_13901_545_UDH_Str_15","set1_3_13901_545_UDH_Str_1",8,0.123645846283612,9
"set1_3_13903_545_AM_Str_15","set1_3_13903_545_AM_Str_1",8,0.11581878808604,9
"set1_3_13905_545_IBC_Str5","set1_3_13905_545_IBC_Str",8,0.148174541418277,9
"set1_3_13907_545_DCIS_Str_15","set1_3_13907_545_DCIS_Str_1",8,0.129319969362114,9
"set1_3_13909_545_CCC_Str_25","set1_3_13909_545_CCC_Str_2",8,0.116347483498621,9
"set1_3_13917_545_DCIS_Str_25","set1_3_13917_545_DCIS_Str_2",8,0.26466074810592,9
"set1_3_13925_544_DCIS_Str_15","set1_3_13925_544_DCIS_Str_1",8,0.0926675676027925,9
"set1_3_13927_544_DCIS_Str_25","set1_3_13927_544_DCIS_Str_2",5,0.130284351726708,9
"set1_3_13929_544_IBC_Str5","set1_3_13929_544_IBC_Str",5,0.126165540592169,9
"set1_3_13931_544_DCIS_Str_35","set1_3_13931_544_DCIS_Str_3",5,0.119302568015419,9
"set1_3_13939_568_NL_Str5","set1_3_13939_568_NL_Str",9,0.0956472906950712,9
"set1_3_13941_568_IBC_Str5","set1_3_13941_568_IBC_Str",5,0.109094905996925,9
"set1_3_13943_568_DCIS_Str5","set1_3_13943_568_DCIS_Str",5,0.0868390400793411,9
"set1_3_13947_570_CCC_Str_15","set1_3_13947_570_CCC_Str_1",6,0.132259498359935,9
"set1_3_13949_570_IBC_Str5","set1_3_13949_570_IBC_Str",5,0.0965936162649765,9
"set1_3_13951_570_DCIS_Str5","set1_3_13951_570_DCIS_Str",3,0.100978966962813,9
"set1_3_13953_570_ADH_Str_15","set1_3_13953_570_ADH_Str_1",3,0.102227121678678,9
"set1_3_13955_570_NL_Str5","set1_3_13955_570_NL_Str",3,0.133420154189469,9
"set1_3_13957_570_CCC_Str_25","set1_3_13957_570_CCC_Str_2",3,0.107418320509391,9
"set1_3_13959_570_CCH_Str5","set1_3_13959_570_CCH_Str",3,0.119060787561787,9
"set1_3_13961_570_ADH_Str_25","set1_3_13961_570_ADH_Str_2",3,0.100457000241252,9
"set1_3_13963_569_IBC_Str5","set1_3_13963_569_IBC_Str",1,0.114653072160718,9
"set1_3_13965_567_EN_Str5","set1_3_13965_567_EN_Str",6,0.139598488766689,9
"set1_3_13969_567_DCIS_Str5","set1_3_13969_567_DCIS_Str",5,0.130435883246827,9
"set1_3_13971_567_IBC_Str5","set1_3_13971_567_IBC_Str",1,0.0933135589452663,9
"set1_3_13977_565_EN_Str5","set1_3_13977_565_EN_Str",6,0.133048981783143,9
"set1_3_13983_561_DCIS_Str5","set1_3_13983_561_DCIS_Str",1,0.104792743177069,9
"set1_3_13985_561_IBC_Str5","set1_3_13985_561_IBC_Str",1,0.186543335306474,9
"set1_3_13988_562_DCIS_Str_15","set1_3_13988_562_DCIS_Str_1",5,0.0862786764277252,9
"set1_3_13992_562_DCIS_Str_25","set1_3_13992_562_DCIS_Str_2",5,0.0963080082256223,9
"set1_3_13994_562_NL_Str_25","set1_3_13994_562_NL_Str_2",9,0.110753367894053,9
"set1_3_13996_563_NL_Str5","set1_3_13996_563_NL_Str",5,0.109627422601393,9
"set1_3_13998_563_IBC_Str5","set1_3_13998_563_IBC_Str",5,0.122673198610385,9
"set1_3_14002_553_DCIS_Str5","set1_3_14002_553_DCIS_Str",1,0.107392439177845,9
"set1_3_14004_553_IBC_Str5","set1_3_14004_553_IBC_Str",1,0.161786303415231,9
"set1_3_14008_553_EN_Str5","set1_3_14008_553_EN_Str",6,0.148297276138184,9
"set1_3_14013_560_CCC_Str5","set1_3_14013_560_CCC_Str",6,0.180473435664203,9
"set1_3_14015_560_AM_Str5","set1_3_14015_560_AM_Str",8,0.14515187019589,9
"set1_3_14017_560_NL_Str_15","set1_3_14017_560_NL_Str_1",8,0.160562304838041,9
"set1_3_14019_560_NL_Str_25","set1_3_14019_560_NL_Str_2",7,0.102500118797093,9
"set1_3_14021_560_IBC_Str_15","set1_3_14021_560_IBC_Str_1",5,0.11348859227948,9
"set1_3_14023_560_SA_Str5","set1_3_14023_560_SA_Str",7,0.111780623858299,9
"set1_3_14026_560_IBC_Str_25","set1_3_14026_560_IBC_Str_2",5,0.0689811839942488,9
"set1_3_14035_572_IBC_Str5","set1_3_14035_572_IBC_Str",5,0.142589073041376,9
"set1_3_14037_571_NL_Str5","set1_3_14037_571_NL_Str",4,0.151631185258546,9
"set1_3_14039_571_EN_Str5","set1_3_14039_571_EN_Str",5,0.181410024119088,9
"set1_3_14041_571_DCISw_Str5","set1_3_14041_571_DCISw_Str",5,0.182386264632882,9
"set1_3_14043_571_DCIS_Str5","set1_3_14043_571_DCIS_Str",9,0.129130262431423,9
"set1_3_14045_571_IBC_Str_15","set1_3_14045_571_IBC_Str_1",5,0.158492448970945,9
"set1_3_14047_571_IBC_Str_25","set1_3_14047_571_IBC_Str_2",1,0.125536620257577,9
"set1_3_14049_566_IBC_Str5","set1_3_14049_566_IBC_Str",2,0.120065000777075,9
"set1_3_14051_566_DCIS_Str5","set1_3_14051_566_DCIS_Str",5,0.151560433876189,9
"set1_3_14053_566_UDH_Str5","set1_3_14053_566_UDH_Str",3,0.112274026414497,9
"set1_3_14063_564_DCIS_Str5","set1_3_14063_564_DCIS_Str",5,0.131861652512968,9
"set1_3_14065_564_HP_Str5","set1_3_14065_564_HP_Str",4,0.130237311881673,9
"set1_3_14067_564_NL_Str5","set1_3_14067_564_NL_Str",4,0.16833302051302,9
"set1_3_14069_564_IBC_Str5","set1_3_14069_564_IBC_Str",1,0.104385276160921,9
"set1_3_14071_559_DCIS_Str5","set1_3_14071_559_DCIS_Str",5,0.107129677426421,9
"set1_3_14073_559_IBC_Str5","set1_3_14073_559_IBC_Str",5,0.0916831713781219,9
"set1_3_14075_559_CCH_Str5","set1_3_14075_559_CCH_Str",6,0.158729211178501,9
"set1_3_14081_558_IBC_Str5","set1_3_14081_558_IBC_Str",1,0.144436967772793,9
"set1_3_14085_558_DCIS_Str_15","set1_3_14085_558_DCIS_Str_1",5,0.0868839175158116,9
"set1_3_14093_557_IBC_Str5","set1_3_14093_557_IBC_Str",2,0.110969388488175,9
"set1_3_14095_557_DCIS_Str5","set1_3_14095_557_DCIS_Str",5,0.0743774463814563,9
"set1_3_14097_556_IBC_Str_15","set1_3_14097_556_IBC_Str_1",5,0.0790263183725481,9
"set1_3_14099_556_ADH_Str_15","set1_3_14099_556_ADH_Str_1",3,0.100630335323057,9
"set1_3_14101_556_ADH_Str_25","set1_3_14101_556_ADH_Str_2",3,0.102984189117369,9
"set1_3_14105_556_IBC_Str_25","set1_3_14105_556_IBC_Str_2",1,0.113099019847032,9
"set1_3_14111_555_IN_Str5","set1_3_14111_555_IN_Str",5,0.102494599123646,9
"set1_3_14113_555_iIBC_Str5","set1_3_14113_555_iIBC_Str",2,0.122819262694317,9
"set1_3_14115_555_IBC_Str5","set1_3_14115_555_IBC_Str",2,0.0936105325988204,9
"set4_10_14732_656_IBC_Str5","set4_10_14732_656_IBC_Str",1,0.130079003963603,9
"set4_10_14734_656_BBD_Str5","set4_10_14734_656_BBD_Str",6,0.226051661657476,9
"set4_10_14736_656_NL_Str5","set4_10_14736_656_NL_Str",6,0.119254595645818,9
"set4_10_14738_657_CCC_Str5","set4_10_14738_657_CCC_Str",4,0.125722232217325,9
"set4_10_14740_657_NL_Str5","set4_10_14740_657_NL_Str",9,0.0858019092131069,9
"set4_10_14742_657_DCIS_Str5","set4_10_14742_657_DCIS_Str",1,0.160676818856985,9
"set4_10_14743_657_IBC_Str5","set4_10_14743_657_IBC_Str",1,0.179897961126471,9
"set4_10_14748_658_DCIS_Str5","set4_10_14748_658_DCIS_Str",5,0.165994676903006,9
"set4_10_14749_658_IBC_Str5","set4_10_14749_658_IBC_Str",5,0.106451185192366,9
"set4_10_14750_658_NL_Str5","set4_10_14750_658_NL_Str",3,0.140714736388005,9
"set4_10_14753_659_DCIS_Str5","set4_10_14753_659_DCIS_Str",6,0.10498046749552,9
"set4_10_14754_659_IBC_Str5","set4_10_14754_659_IBC_Str",5,0.114385236265514,9
"set4_10_14756_659_DCIS_Str5","set4_10_14756_659_DCIS_Str",6,0.147609734863518,9
"set4_10_14758_659_NL_Str5","set4_10_14758_659_NL_Str",4,0.0802413559867705,9
"set4_10_14792_663_DCIS_Str5","set4_10_14792_663_DCIS_Str",3,0.104149467310829,9
"set4_10_14794_663_IBC_Str5","set4_10_14794_663_IBC_Str",4,0.112075935700715,9
"set4_10_14796_663_NL_Str5","set4_10_14796_663_NL_Str",3,0.173896373149327,9
"set4_10_14760_660_IBC_Str5","set4_10_14760_660_IBC_Str",5,0.124624803849806,9
"set4_10_14762_660_DCIS_Str5","set4_10_14762_660_DCIS_Str",5,0.124660264789234,9
"set4_10_14764_660_NL_Str5","set4_10_14764_660_NL_Str",3,0.111290343317573,9
"set4_10_14766_660_LVI_Str5","set4_10_14766_660_LVI_Str",5,0.127683577671436,9
"set4_10_14768_661_IBC_Str5","set4_10_14768_661_IBC_Str",5,0.131451191614793,9
"set4_10_14770_661_AM_Str5","set4_10_14770_661_AM_Str",8,0.231586654663998,9
"set4_10_14772_661_ADH_Str5","set4_10_14772_661_ADH_Str",3,0.156100461171251,9
"set4_10_14774_661_DCIS_Str5","set4_10_14774_661_DCIS_Str",7,0.145356905115255,9
"set4_10_14776_661_ADH_Str5","set4_10_14776_661_ADH_Str",3,0.161671778007472,9
"set4_10_14778_661_NL_Str5","set4_10_14778_661_NL_Str",3,0.171466957110096,9
"set4_10_14780_662_DCIS.1_Str5","set4_10_14780_662_DCIS.1_Str",1,0.178147223471689,9
"set4_10_14782_662_MIV.1_Str5","set4_10_14782_662_MIV.1_Str",5,0.11629681542537,9
"set4_10_14784_662_DCIS.2_Str5","set4_10_14784_662_DCIS.2_Str",1,0.129141197349942,9
"set4_10_14786_662_MIV.2_Str5","set4_10_14786_662_MIV.2_Str",5,0.133641505941524,9
"set4_10_14788_662_DCIS.3_Str5","set4_10_14788_662_DCIS.3_Str",1,0.186480856379472,9
"set4_10_14790_662_IBC_Str5","set4_10_14790_662_IBC_Str",1,0.183725537097077,9
"set4_10_14910_676_DCIS.2_Str5","set4_10_14910_676_DCIS.2_Str",8,0.126438742095162,9
"set4_10_14799_664_BBD_Str5","set4_10_14799_664_BBD_Str",3,0.157877168842291,9
"set4_10_14801_664_IBC_Str5","set4_10_14801_664_IBC_Str",1,0.12276090171598,9
"set4_10_14803_664_ADH_Str5","set4_10_14803_664_ADH_Str",6,0.142622790389092,9
"set4_10_14806_665_IBC_Str5","set4_10_14806_665_IBC_Str",1,0.187992870095655,9
"set4_10_14808_665_inf_NL_Str5","set4_10_14808_665_inf_NL_Str",5,0.190688030478433,9
"set4_10_14860_665_DCIS_Str5","set4_10_14860_665_DCIS_Str",9,0.132212270453288,9
"set4_10_14811_665_NL_Str5","set4_10_14811_665_NL_Str",9,0.118675990360989,9
"set4_10_14814_666_DCIS_Str5","set4_10_14814_666_DCIS_Str",9,0.106543086666702,9
"set4_10_14815_666_IBC_Str5","set4_10_14815_666_IBC_Str",1,0.140012659269995,9
"set4_10_14817_666_NL_Str5","set4_10_14817_666_NL_Str",9,0.114538335255875,9
"set4_10_14819_666_BBD_Str5","set4_10_14819_666_BBD_Str",9,0.104338198632426,9
"set4_10_14854_671_UDH_Str5","set4_10_14854_671_UDH_Str",9,0.120183833813466,9
"set4_10_14858_671_IBC_Str5","set4_10_14858_671_IBC_Str",1,0.163589329408827,9
"set4_10_14859_671_DCIS_Str5","set4_10_14859_671_DCIS_Str",1,0.140455434799762,9
"set4_10_14861_671_AM_Str5","set4_10_14861_671_AM_Str",8,0.168406245828187,9
"set4_10_14863_671_CCC_Str5","set4_10_14863_671_CCC_Str",9,0.109262891651422,9
"set4_10_14823_667_IBC_Str5","set4_10_14823_667_IBC_Str",5,0.125494381274964,9
"set4_10_14824_667_DCIS_Str5","set4_10_14824_667_DCIS_Str",9,0.117697027937539,9
"set4_10_14825_667_NL_Str5","set4_10_14825_667_NL_Str",9,0.126310170595211,9
"set4_10_14827_668_IBC_Str5","set4_10_14827_668_IBC_Str",1,0.163080796663515,9
"set4_10_14831_668_DCIS_Str5","set4_10_14831_668_DCIS_Str",9,0.121066631788036,9
"set4_10_14832_668_NL_Str5","set4_10_14832_668_NL_Str",9,0.151411999166659,9
"set4_10_14835_669_IBC_Str5","set4_10_14835_669_IBC_Str",1,0.170717755903369,9
"set4_10_14836_669_NL_Str5","set4_10_14836_669_NL_Str",4,0.202277957367099,9
"set4_10_14838_669_DCIS_Str5","set4_10_14838_669_DCIS_Str",3,0.139093842663327,9
"set4_10_14841_670_EN_Str5","set4_10_14841_670_EN_Str",7,0.154000045009309,9
"set4_10_14842_670_DCIS_Str5","set4_10_14842_670_DCIS_Str",8,0.26533820359364,9
"set4_10_14845_670_DCIS_Str5","set4_10_14845_670_DCIS_Str",8,0.108681487314311,9
"set4_10_14846_670_IBC_Str5","set4_10_14846_670_IBC_Str",8,0.337703611522869,9
"set4_10_14850_670_BBD_Str5","set4_10_14850_670_BBD_Str",7,0.167797142417088,9
"set4_10_14851_670_CCC_Str5","set4_10_14851_670_CCC_Str",7,0.137954131439982,9
"set4_10_14852_670_AM_Str5","set4_10_14852_670_AM_Str",9,0.134867062269476,9
"set4_10_14865_672_inf_NL_Str_S2_R1_0015","set4_10_14865_672_inf_NL_Str_S2_R1_001",6,0.126223818444846,9
"set4_10_14867_672_IBC_Str_1_S4_R1_0015","set4_10_14867_672_IBC_Str_1_S4_R1_001",1,0.170296240758148,9
"set4_10_14871_672_DCIS_Str_S8_R1_0015","set4_10_14871_672_DCIS_Str_S8_R1_001",5,0.0962345634981859,9
"set4_10_14872_672_CaLob_Str_S9_R1_0015","set4_10_14872_672_CaLob_Str_S9_R1_001",5,0.161345408621374,9
"set4_10_14874_672_NL_Str_S11_R1_0015","set4_10_14874_672_NL_Str_S11_R1_001",6,0.10732579719298,9
"set4_10_14877_672_CCC_Str_S14_R1_0015","set4_10_14877_672_CCC_Str_S14_R1_001",9,0.119350256953754,9
"set4_10_14879_673_IBC_Str_S16_R1_0015","set4_10_14879_673_IBC_Str_S16_R1_001",1,0.209823599509169,9
"set4_10_14881_673_DCIS_Str_S18_R1_0015","set4_10_14881_673_DCIS_Str_S18_R1_001",5,0.177860734651006,9
"set4_10_14883_673_NL_Str_S20_R1_0015","set4_10_14883_673_NL_Str_S20_R1_001",9,0.116780033729263,9
"set4_10_14885_673_AM_Str_S22_R1_0015","set4_10_14885_673_AM_Str_S22_R1_001",8,0.144408589452385,9
"set4_10_14887_673_CCC_Str_S24_R1_0015","set4_10_14887_673_CCC_Str_S24_R1_001",6,0.174227534674579,9
"set4_10_14889_673_EN_Str_S26_R1_0015","set4_10_14889_673_EN_Str_S26_R1_001",7,0.142385363712811,9
"set4_10_14891_674_DCIS_Str_S28_R1_0015","set4_10_14891_674_DCIS_Str_S28_R1_001",3,0.136685647909714,9
"set4_10_14893_674_IBC_Str_S30_R1_0015","set4_10_14893_674_IBC_Str_S30_R1_001",1,0.132840793148094,9
"set4_10_14895_674_BBD_Str_S32_R1_0015","set4_10_14895_674_BBD_Str_S32_R1_001",3,0.121566738408966,9
"set4_10_14900_675_EN1_Str_S34_R1_0015","set4_10_14900_675_EN1_Str_S34_R1_001",6,0.207282291277621,9
"set4_10_14902_675_EN2_Str5","set4_10_14902_675_EN2_Str",6,0.226708412238057,9
"set4_10_14903_675_EN3_Str5","set4_10_14903_675_EN3_Str",6,0.243852974082695,9
"set4_10_14906_675_NL_Str5","set4_10_14906_675_NL_Str",6,0.164480189799843,9
"set4_10_14923_677_IBC_Str5","set4_10_14923_677_IBC_Str",1,0.128256131609535,9
"set4_10_14925_677_DCIS_Str5","set4_10_14925_677_DCIS_Str",5,0.117705724717015,9
"set4_10_14927_677_NL_Str5","set4_10_14927_677_NL_Str",9,0.135937186009847,9
"set4_10_14929_677_LVI_Str5","set4_10_14929_677_LVI_Str",5,0.113178203133554,9
"set4_10_14931_678_IBC_Str5","set4_10_14931_678_IBC_Str",1,0.143233579317326,9
"set4_10_14933_678_PLC_Str5","set4_10_14933_678_PLC_Str",9,0.138203462329906,9
"set4_10_14935_678_EN_Str5","set4_10_14935_678_EN_Str",9,0.152611647221048,9
"set4_10_14937_678_NL_Str5","set4_10_14937_678_NL_Str",9,0.136662389456888,9
"set4_10_14939_679_IBC_Str5","set4_10_14939_679_IBC_Str",1,0.233746688374318,9
"set4_10_14941_679_DCIS_Str5","set4_10_14941_679_DCIS_Str",9,0.120693716852435,9
"set4_10_14943_679_NL_Str5","set4_10_14943_679_NL_Str",9,0.152521998734385,9
"set4_10_14955_680_DCIS_2_Str5","set4_10_14955_680_DCIS_2_Str",4,0.153747436673981,9
"set4_10_14957_680_ADH_2_Str5","set4_10_14957_680_ADH_2_Str",4,0.122641665355174,9
"set4_10_14945_680_ADH_1_Str5","set4_10_14945_680_ADH_1_Str",7,0.150014357713157,9
"set4_10_14947_680_UDH_Str5","set4_10_14947_680_UDH_Str",3,0.107264561929135,9
"set4_10_14949_680_NL_Str5","set4_10_14949_680_NL_Str",3,0.11193937592559,9
"set4_10_14951_680_DCIS_1_Str5","set4_10_14951_680_DCIS_1_Str",4,0.157081031343998,9
"set4_10_14953_680_IBC_Str5","set4_10_14953_680_IBC_Str",1,0.136910823943075,9
"set4_10_14959_680_LG_DCIS_Str5","set4_10_14959_680_LG_DCIS_Str",5,0.147326274398648,9
"set4_10_14961_680_AM_Str5","set4_10_14961_680_AM_Str",8,0.299353303447924,9
"set4_10_14967_681_DCIS_Str5","set4_10_14967_681_DCIS_Str",4,0.108922697226036,9
"set4_10_14969_681_AM_Str5","set4_10_14969_681_AM_Str",8,0.199297687764354,9
"set4_10_14971_681_EN_Str5","set4_10_14971_681_EN_Str",4,0.175793651143648,9
"set4_10_14973_681_ADH_1_Str5","set4_10_14973_681_ADH_1_Str",9,0.127343499543629,9
"set4_10_14975_681_IBC_Str5","set4_10_14975_681_IBC_Str",1,0.219289524921108,9
"set4_10_14977_681_NL_Str5","set4_10_14977_681_NL_Str",9,0.155707311002326,9
"set4_10_14979_682_NL_Str5","set4_10_14979_682_NL_Str",6,0.112708473213493,9
"set4_10_14981_682_EN_Str5","set4_10_14981_682_EN_Str",7,0.108341365003179,9
"set4_10_14983_682_IBC_Str5","set4_10_14983_682_IBC_Str",1,0.128643613295455,9
"set4_10_14985_682_Inf_NL_Str5","set4_10_14985_682_Inf_NL_Str",5,0.139917131074594,9
"set4_10_14988_683_DCIS_Str5","set4_10_14988_683_DCIS_Str",9,0.102818371357306,9
"set4_10_14991_684_ADH_DCIS_Str5","set4_10_14991_684_ADH_DCIS_Str",2,0.113232412240516,9
"set4_10_14993_684_DCIS_Str5","set4_10_14993_684_DCIS_Str",5,0.128590569221335,9
"set4_10_14995_684_NL_Str5","set4_10_14995_684_NL_Str",9,0.100410990148952,9
"set4_10_14997_684_IBC_Str5","set4_10_14997_684_IBC_Str",1,0.175558234120425,9
"set4_10_14999_685_DCIS_Str5","set4_10_14999_685_DCIS_Str",5,0.107874105083634,9
"set4_10_15001_685_IBC_Str5","set4_10_15001_685_IBC_Str",1,0.099733123592454,9
"set4_10_15003_685_NL_Str5","set4_10_15003_685_NL_Str",6,0.117194108102294,9
"set4_10_15005_685_EN_Str5","set4_10_15005_685_EN_Str",3,0.108888183948099,9
"set4_10_15014_687_DCIS_1_Str5","set4_10_15014_687_DCIS_1_Str",5,0.132487957355239,9
"set4_10_15016_687_DCIS_2_Str5","set4_10_15016_687_DCIS_2_Str",5,0.186024224636359,9
"set4_10_15018_687_UDH_Str5","set4_10_15018_687_UDH_Str",9,0.117964039132377,9
"set4_10_15020_687_EN_Str5","set4_10_15020_687_EN_Str",7,0.167859861996923,9
"set4_10_15022_687_NL_Str5","set4_10_15022_687_NL_Str",9,0.157747145437658,9
"set4_10_15026_688_EN_1_Str5","set4_10_15026_688_EN_1_Str",5,0.105948754274158,9
"set4_10_14912_676_EN_Str5","set4_10_14912_676_EN_Str",7,0.159423495326538,9
"set4_10_14914_676_BBD_2_Str5","set4_10_14914_676_BBD_2_Str",6,0.146096151533834,9
"set4_10_14917_676_DCIS_1_Str5","set4_10_14917_676_DCIS_1_Str",8,0.12356199432515,9
"set4_10_14919_676_BBD_1_Str5","set4_10_14919_676_BBD_1_Str",3,0.121208434735153,9
"set4_10_14921_676_NL_Str5","set4_10_14921_676_NL_Str",6,0.182952351012965,9
"set4_10_15008_686_DCIS_Str5","set4_10_15008_686_DCIS_Str",5,0.138786171672088,9
"set4_10_15010_686_EN_Str5","set4_10_15010_686_EN_Str",9,0.139399699045431,9
"set4_10_15012_686_NL_Str5","set4_10_15012_686_NL_Str",9,0.131186782709214,9
"set4_10_15033_689_IBC_Str5","set4_10_15033_689_IBC_Str",1,0.224853660150407,9
"set4_10_15035_689_DCIS_1_Str5","set4_10_15035_689_DCIS_1_Str",5,0.151641232471434,9
"set4_10_15037_689_NL_Str5","set4_10_15037_689_NL_Str",6,0.144613626351043,9
"set4_10_15039_689_DCIS_2_Str5","set4_10_15039_689_DCIS_2_Str",5,0.120919407225482,9
"set4_10_15041_689_EN_1_Str5","set4_10_15041_689_EN_1_Str",4,0.13808782763062,9
"set4_10_15043_689_EN_2_Str5","set4_10_15043_689_EN_2_Str",4,0.12253735997235,9
"set4_10_15053_690_EN_2_Str5","set4_10_15053_690_EN_2_Str",6,0.130676549909046,9
"set4_10_15063_691_EN_2_Str5","set4_10_15063_691_EN_2_Str",9,0.124753124821917,9
"set4_10_14965_681_ADH_2_Str5","set4_10_14965_681_ADH_2_Str",4,0.117381799323505,9
"set4_10_15024_688_IBC_Str5","set4_10_15024_688_IBC_Str",5,0.194387492913521,9
"set4_10_15028_688_NL_Str5","set4_10_15028_688_NL_Str",2,0.119391741120615,9
"set4_10_15030_688_EN_4_Str5","set4_10_15030_688_EN_4_Str",7,0.197747372755964,9
"set4_10_15107_688_EN_5_Str5","set4_10_15107_688_EN_5_Str",9,0.118499966460762,9
"set4_10_15045_690_NL_Str5","set4_10_15045_690_NL_Str",9,0.105533667025928,9
"set4_10_15047_690_EN_1_Str5","set4_10_15047_690_EN_1_Str",6,0.120332513154694,9
"set4_10_15049_690_IBC_Str5","set4_10_15049_690_IBC_Str",1,0.18541838187436,9
"set4_10_15051_690_DCIS_Str5","set4_10_15051_690_DCIS_Str",9,0.118187147987863,9
"set4_10_15055_690_i_DCIS_Str5","set4_10_15055_690_i_DCIS_Str",5,0.17156378946441,9
"set4_10_15057_691_IBC_Str5","set4_10_15057_691_IBC_Str",1,0.201548395805423,9
"set4_10_15059_691_EN_1_Str5","set4_10_15059_691_EN_1_Str",7,0.145627722707261,9
"set4_10_15061_691_DCIS_Str5","set4_10_15061_691_DCIS_Str",7,0.130421073973338,9
"set4_10_15065_692_IBC_Str5","set4_10_15065_692_IBC_Str",1,0.127620014364864,9
"set4_10_15067_692_DCIS_Str5","set4_10_15067_692_DCIS_Str",5,0.168435253590027,9
"set4_10_15069_692_NL_Str5","set4_10_15069_692_NL_Str",5,0.116733887543088,9
"set4_10_15586_744_IBC_Str5","set4_10_15586_744_IBC_Str",1,0.177222029441332,9
"set4_10_15588_744_inF.NL_Str5","set4_10_15588_744_inF.NL_Str",9,0.147380249869109,9
"set4_10_15590_744_DCIS_Str5","set4_10_15590_744_DCIS_Str",1,0.0850120753978612,9
"set4_10_15592_745_CCC_Str5","set4_10_15592_745_CCC_Str",7,0.11640700411972,9
"set4_10_15594_745_BBD_Str5","set4_10_15594_745_BBD_Str",6,0.114909369564533,9
"set4_10_15596_745_IP_Str5","set4_10_15596_745_IP_Str",5,0.106354196612098,9
"set4_10_15599_746_DCIS_Str5","set4_10_15599_746_DCIS_Str",5,0.170023699338082,9
"set4_10_15601_746_NL_Str5","set4_10_15601_746_NL_Str",9,0.111796373852291,9
"set4_10_15603_747_IBC_Str5","set4_10_15603_747_IBC_Str",1,0.196062804125593,9
"set4_10_15605_747_NL_Str5","set4_10_15605_747_NL_Str",9,0.104859903484548,9
"set4_10_15607_747_ADH_Str5","set4_10_15607_747_ADH_Str",6,0.152142176867114,9
"set4_10_15609_747_AM_Str5","set4_10_15609_747_AM_Str",8,0.152238164330201,9
"set4_10_15611_748_AM_Str5","set4_10_15611_748_AM_Str",3,0.142342841763897,9
"set4_10_15613_748_DCIS_Str5","set4_10_15613_748_DCIS_Str",5,0.128574373026155,9
"set4_10_15615_748_IBC_Str5","set4_10_15615_748_IBC_Str",1,0.192705888406946,9
"set4_10_15619_749_IBC_Str5","set4_10_15619_749_IBC_Str",1,0.181886349814784,9
"set4_10_15620_749_DCIS_Str5","set4_10_15620_749_DCIS_Str",1,0.121107079723681,9
"set4_10_15621_749_LVI_Str5","set4_10_15621_749_LVI_Str",2,0.178702075123797,9
"set4_10_15623_750_NL_Str5","set4_10_15623_750_NL_Str",6,0.116779372207052,9
"set4_10_15625_750_IBC_Str5","set4_10_15625_750_IBC_Str",1,0.188757370047625,9
"set4_10_15627_750_DCIS_Str5","set4_10_15627_750_DCIS_Str",1,0.165227363827003,9
"set4_10_15629_751_NL_Str5","set4_10_15629_751_NL_Str",6,0.166303859547356,9
"set4_10_15631_751_IBC_Str5","set4_10_15631_751_IBC_Str",1,0.183967784661629,9
"set4_10_15633_751_ADH_Str5","set4_10_15633_751_ADH_Str",6,0.167899268549582,9
"set4_10_15635_751_CCC_Str5","set4_10_15635_751_CCC_Str",6,0.139156595733238,9
"set4_10_15637_752_IBC_Str5","set4_10_15637_752_IBC_Str",5,0.134298677941484,9
"set4_10_15641_752_DCIS_Str5","set4_10_15641_752_DCIS_Str",3,0.156085826945527,9
"set4_10_15642_752_NL_Str5","set4_10_15642_752_NL_Str",2,0.123197350110322,9
"set4_10_15643_752_BBD_Str5","set4_10_15643_752_BBD_Str",3,0.118607459507875,9
"set4_10_15645_753_DCIS_Str5","set4_10_15645_753_DCIS_Str",1,0.128264849047118,9
"set4_10_15648_753_NL_Str5","set4_10_15648_753_NL_Str",6,0.169121874299914,9
"set4_10_15650_754_IBC_Str5","set4_10_15650_754_IBC_Str",1,0.212745939154236,9
"set4_10_15652_754_ADH_Str5","set4_10_15652_754_ADH_Str",1,0.106286067186605,9
"set4_10_15654_754_EN_1_Str5","set4_10_15654_754_EN_1_Str",9,0.10381717905092,9
"set4_10_15656_754_DCIS_Str5","set4_10_15656_754_DCIS_Str",1,0.144706496923338,9
"set4_10_15658_754_EN_2_Str5","set4_10_15658_754_EN_2_Str",1,0.0927035931487905,9
"set4_10_15660_755_EN_Str5","set4_10_15660_755_EN_Str",7,0.155117149999383,9
"set4_10_15662_755_DCIS_inf_1_Str5","set4_10_15662_755_DCIS_inf_1_Str",5,0.18449141068968,9
"set4_10_15664_755_IBC_Str5","set4_10_15664_755_IBC_Str",5,0.166755311668579,9
"set4_10_15666_755_DCIS_inf_2_Str5","set4_10_15666_755_DCIS_inf_2_Str",5,0.170185007912798,9
"set4_10_15668_755_NL_Str5","set4_10_15668_755_NL_Str",3,0.136277158558963,9
"set4_10_15670_756_NL_Str5","set4_10_15670_756_NL_Str",3,0.105983663485768,9
"set4_10_15672_756_EN_1_Str5","set4_10_15672_756_EN_1_Str",3,0.193915978850218,9
"set4_10_15674_756_IBC_Str5","set4_10_15674_756_IBC_Str",5,0.154403747897592,9
"set4_10_15676_756_UDH_1_Str5","set4_10_15676_756_UDH_1_Str",3,0.119622563000342,9
"set4_10_15678_756_EN_2_Str5","set4_10_15678_756_EN_2_Str",2,0.13464423168524,9
"set4_10_15680_756_UDH_2_Str5","set4_10_15680_756_UDH_2_Str",2,0.168473876218731,9
"set4_10_15682_757_DCIS_Str5","set4_10_15682_757_DCIS_Str",2,0.114750805080909,9
"set4_10_15684_757_IBC_Str5","set4_10_15684_757_IBC_Str",2,0.121263591019194,9
"set4_10_15686_757_NL_Str5","set4_10_15686_757_NL_Str",6,0.149142076305159,9
"set4_10_15688_757_UDH_Str5","set4_10_15688_757_UDH_Str",6,0.13171844220972,9
"set4_10_15690_757_CCC_Str5","set4_10_15690_757_CCC_Str",6,0.132297528236021,9
"set4_10_15692_757_EN_Str5","set4_10_15692_757_EN_Str",7,0.18481803554047,9
"set4_10_15694_758_DCIS_1_Str5","set4_10_15694_758_DCIS_1_Str",5,0.114827793559554,9
"set4_10_15696_758_IBC_1_Str5","set4_10_15696_758_IBC_1_Str",5,0.157024586234357,9
"set4_10_15698_758_NL_Str5","set4_10_15698_758_NL_Str",6,0.109610932303182,9
"set4_10_15704_758_EN_Str5","set4_10_15704_758_EN_Str",6,0.118592538273284,9
"set4_10_15710_760_UDH_Str5","set4_10_15710_760_UDH_Str",2,0.127158250087854,9
"set4_10_15714_760_IBC_Str5","set4_10_15714_760_IBC_Str",5,0.151623995922648,9
"set4_10_15716_760_EN_1_Str5","set4_10_15716_760_EN_1_Str",7,0.0933374154323092,9
"set4_10_15718_760_NL_Str5","set4_10_15718_760_NL_Str",7,0.152305616927331,9
"set4_10_15734_762_DCIS_2_Str5","set4_10_15734_762_DCIS_2_Str",5,0.159258303068624,9
"set4_10_15700_758_DCIS_2_Str5","set4_10_15700_758_DCIS_2_Str",5,0.113926630464159,9
"set4_10_15702_758_IBC_2_Str5","set4_10_15702_758_IBC_2_Str",1,0.154334779313449,9
"set4_10_15706_759_DCIS_Str5","set4_10_15706_759_DCIS_Str",5,0.0976002706276248,9
"set4_10_15708_759_IBC_Str5","set4_10_15708_759_IBC_Str",1,0.147622615808345,9
"set4_10_15712_760_EN_2_Str5","set4_10_15712_760_EN_2_Str",2,0.1280159455337,9
"set4_10_15720_761_IBC_Str5","set4_10_15720_761_IBC_Str",5,0.141133945668144,9
"set4_10_15722_761_DCIS_Str5","set4_10_15722_761_DCIS_Str",5,0.131254354289636,9
"set4_10_15724_761_EN_1_Str5","set4_10_15724_761_EN_1_Str",3,0.102011885151296,9
"set4_10_15726_761_ADH_Str5","set4_10_15726_761_ADH_Str",7,0.141595232611729,9
"set4_10_15730_762_IBC_Str5","set4_10_15730_762_IBC_Str",1,0.138170283158254,9
"set4_10_15732_762_DCIS_1_Str5","set4_10_15732_762_DCIS_1_Str",1,0.104744748658857,9
"set4_10_15736_763_IBC_Str5","set4_10_15736_763_IBC_Str",2,0.185218503592893,9
"set4_10_15738_763_ADH_Str5","set4_10_15738_763_ADH_Str",2,0.185533867118803,9
"set4_10_15740_763_NL_1_Str5","set4_10_15740_763_NL_1_Str",2,0.204399043904875,9
"set4_10_15742_763_EN_Str5","set4_10_15742_763_EN_Str",2,0.133967337128859,9
"set4_10_15746_764_IBC_Str5","set4_10_15746_764_IBC_Str",5,0.147479862285642,9
"set4_10_15748_764_DCIS_1_Str5","set4_10_15748_764_DCIS_1_Str",5,0.152281053524874,9
"set4_10_15750_764_LVI_Str5","set4_10_15750_764_LVI_Str",5,0.114961109252056,9
"set4_10_15752_764_DCIS_2_Str5","set4_10_15752_764_DCIS_2_Str",5,0.136766328620781,9
"set4_10_15754_764_EN_Str5","set4_10_15754_764_EN_Str",3,0.15289313089169,9
"set4_10_15756_764_NL_Str5","set4_10_15756_764_NL_Str",2,0.132548137964922,9
"set4_10_15758_765_IBC_Str5","set4_10_15758_765_IBC_Str",8,0.183439590560736,9
"set4_10_15760_765_DCIS_Str5","set4_10_15760_765_DCIS_Str",8,0.153774596600909,9
"set4_10_15762_765_EN_1_Str5","set4_10_15762_765_EN_1_Str",4,0.21728449184088,9
"set4_10_15766_765_NL_Str5","set4_10_15766_765_NL_Str",4,0.146767946759029,9
"set4_10_15768_766_NL_Str5","set4_10_15768_766_NL_Str",6,0.103656921991453,9
"set4_10_15770_766_inf_NL_Str5","set4_10_15770_766_inf_NL_Str",5,0.177186059910108,9
"set4_10_15772_766_IBC_Str5","set4_10_15772_766_IBC_Str",5,0.146872198723432,9
"set4_10_15774_766_AM_Str5","set4_10_15774_766_AM_Str",8,0.152653412095181,9
"set4_10_15776_766_EN_Str5","set4_10_15776_766_EN_Str",3,0.190421060290933,9
"set4_10_15778_767_IBC_Str5","set4_10_15778_767_IBC_Str",1,0.173485930591749,9
"set4_10_15780_767_DCIS_Str5","set4_10_15780_767_DCIS_Str",1,0.110497297171122,9
"set4_10_15782_767_AM_2_Str5","set4_10_15782_767_AM_2_Str",3,0.181121076444191,9
"set4_10_15784_767_ADH_Str5","set4_10_15784_767_ADH_Str",3,0.134453519585353,9
"set4_10_15788_767_NL_Str5","set4_10_15788_767_NL_Str",3,0.147682901088642,9
"set4_10_15790_768_IBC_Str5","set4_10_15790_768_IBC_Str",5,0.179256113412647,9
"set4_10_15792_768_NL_Str5","set4_10_15792_768_NL_Str",6,0.137571044127087,9
"set4_10_15796_768_EN_2_Str5","set4_10_15796_768_EN_2_Str",6,0.151300077678182,9
"set4_10_15798_768_EN_3_Str5","set4_10_15798_768_EN_3_Str",7,0.171927210925634,9
"set4_10_15800_769_IBC_Str5","set4_10_15800_769_IBC_Str",5,0.149585785794886,9
"set4_10_15802_769_DCIS_1_Str5","set4_10_15802_769_DCIS_1_Str",5,0.147233096214283,9
"set4_10_15806_769_EN_1_Str5","set4_10_15806_769_EN_1_Str",7,0.162745332283541,9
"set4_10_15810_769_NL_Str5","set4_10_15810_769_NL_Str",3,0.204197796303999,9
"set4_10_15812_769_EN_4_Str5","set4_10_15812_769_EN_4_Str",7,0.176773308497547,9
"set4_10_15818_769_AM_Str5","set4_10_15818_769_AM_Str",8,0.359709884946604,9
"set4_10_15786_767_AM_1_Str5","set4_10_15786_767_AM_1_Str",3,0.182000752407571,9
"set4_10_15794_768_EN_1_Str5","set4_10_15794_768_EN_1_Str",6,0.105073986088668,9
"set4_10_15804_769_DCIS_2_Str5","set4_10_15804_769_DCIS_2_Str",5,0.177854241939064,9
"set4_10_15808_769_EN_3_Str5","set4_10_15808_769_EN_3_Str",7,0.185992160420278,9
"set4_10_15816_769_EN_6_Str5","set4_10_15816_769_EN_6_Str",7,0.252062194004176,9
"set4_10_15820_770_DCIS_Str5","set4_10_15820_770_DCIS_Str",5,0.160276150790748,9
"set4_10_15822_770_IBC_Str5","set4_10_15822_770_IBC_Str",1,0.166217540431459,9
"set4_10_15824_770_EN_1_Str5","set4_10_15824_770_EN_1_Str",6,0.139929095801054,9
"set4_10_15826_770_NL_Str5","set4_10_15826_770_NL_Str",9,0.0906448378889731,9
"set4_10_15830_771_EN_4_Str5","set4_10_15830_771_EN_4_Str",6,0.174516980632314,9
"set4_10_15836_771_DCIS_3_Str5","set4_10_15836_771_DCIS_3_Str",5,0.122616719430955,9
"set4_10_15832_771_NL_Str5","set4_10_15832_771_NL_Str",9,0.116053898532183,9
"set4_10_15834_771_EN_2_Str5","set4_10_15834_771_EN_2_Str",4,0.169774101661234,9
"set4_10_15840_771_DCIS_1_Str5","set4_10_15840_771_DCIS_1_Str",1,0.143245017334228,9
"set4_10_15844_771_IBC_Str5","set4_10_15844_771_IBC_Str",1,0.14273577319878,9
"set4_10_15728_761_EN_2_Str5","set4_10_15728_761_EN_2_Str",7,0.192976645575874,9
"set4_10_15744_763_NL_2_Str5","set4_10_15744_763_NL_2_Str",3,0.121621727466934,9
"set4_10_15764_765_EN_2_Str5","set4_10_15764_765_EN_2_Str",4,0.160517405507571,9
"set4_10_15814_769_EN_5_Str5","set4_10_15814_769_EN_5_Str",7,0.163018088648653,9
"set4_10_15828_771_EN_3_Str5","set4_10_15828_771_EN_3_Str",7,0.193692959012317,9
"set4_10_15838_771_EN_1_Str5","set4_10_15838_771_EN_1_Str",7,0.174137893973647,9
"set4_10_15842_771_DCIS_2_Str5","set4_10_15842_771_DCIS_2_Str",5,0.141207816493167,9
"set4_10_15846_772_IBC_Str5","set4_10_15846_772_IBC_Str",2,0.137873030687084,9
"set4_10_15848_772_DCIS_1_Str5","set4_10_15848_772_DCIS_1_Str",2,0.139129441454826,9
"set4_10_15850_772_DCIS_2_Str5","set4_10_15850_772_DCIS_2_Str",2,0.125501492195057,9
"set4_10_15852_772_EN_1_Str5","set4_10_15852_772_EN_1_Str",6,0.15652437899831,9
"set4_10_15854_772_EN_2_Str5","set4_10_15854_772_EN_2_Str",2,0.135855131633375,9
"set4_10_15856_772_EN_3_Str5","set4_10_15856_772_EN_3_Str",2,0.164656426585754,9
"set4_10_15858_772_EN_4_Str5","set4_10_15858_772_EN_4_Str",2,0.223881641696999,9
"set4_10_15860_772_NL_Str5","set4_10_15860_772_NL_Str",6,0.149041208217764,9
"set1_3_11771_354_EN_S_S2_R1_0016","set1_3_11771_354_EN_S_S2_R1_001",6,0.147296130240611,10
"set1_3_11773_354_IDC_S_S4_R1_0016","set1_3_11773_354_IDC_S_S4_R1_001",10,0.122455083309248,10
"set1_3_11775_354_RS1_S_center_S6_R1_0016","set1_3_11775_354_RS1_S_center_S6_R1_001",8,0.110823637984488,10
"set1_3_11777_354_RS1_S_peripheral_S8_R1_0016","set1_3_11777_354_RS1_S_peripheral_S8_R1_001",6,0.137875428775219,10
"set1_3_11779_354_RS2_S_center_S10_R1_0016","set1_3_11779_354_RS2_S_center_S10_R1_001",1,0.134721289926844,10
"set1_3_11781_354_RS2_S_peripheral_S12_R1_0016","set1_3_11781_354_RS2_S_peripheral_S12_R1_001",9,0.120640686129485,10
"set1_3_11783_354_NL_S_S14_R1_0016","set1_3_11783_354_NL_S_S14_R1_001",6,0.122036460945024,10
"set1_3_11785_355_RS1_S_center_S16_R1_0016","set1_3_11785_355_RS1_S_center_S16_R1_001",10,0.136088994044231,10
"set1_3_11787_355_RS1_S_peripheral_S18_R1_0016","set1_3_11787_355_RS1_S_peripheral_S18_R1_001",7,0.135211920924189,10
"set1_3_11790_355_RS2_S_center_S21_R1_0016","set1_3_11790_355_RS2_S_center_S21_R1_001",1,0.132910494082642,10
"set1_3_11792_355_RS2_S_peripheral_S23_R1_0016","set1_3_11792_355_RS2_S_peripheral_S23_R1_001",7,0.123558382523179,10
"set1_3_11795_355_NL_S_S26_R1_0016","set1_3_11795_355_NL_S_S26_R1_001",7,0.174784987437599,10
"set1_3_11797_355_RS3_S_center_S28_R1_0016","set1_3_11797_355_RS3_S_center_S28_R1_001",1,0.122677103034392,10
"set1_3_11799_355_RS3_S_peripheral_S30_R1_0016","set1_3_11799_355_RS3_S_peripheral_S30_R1_001",7,0.127195327594951,10
"set1_3_11803_356_RS1_S_center_S33_R1_0016","set1_3_11803_356_RS1_S_center_S33_R1_001",10,0.104244277429446,10
"set1_3_11805_356_RS1_S_peripheral_S35_R1_0016","set1_3_11805_356_RS1_S_peripheral_S35_R1_001",6,0.136579960881343,10
"set1_3_11807_357_NL_S_S41_R1_0016","set1_3_11807_357_NL_S_S41_R1_001",6,0.0792154331846889,10
"set1_3_11809_357_RS1_S_center_S33_R1_0016","set1_3_11809_357_RS1_S_center_S33_R1_001",10,0.0699916916237446,10
"set1_3_11811_357_RS1_S_peripheral_S42_R1_0016","set1_3_11811_357_RS1_S_peripheral_S42_R1_001",6,0.0851001804657549,10
"set1_3_11814_358_NL_S_S37_R1_0016","set1_3_11814_358_NL_S_S37_R1_001",6,0.120785421287141,10
"set1_3_11816_358_EN_S_S39_R1_0016","set1_3_11816_358_EN_S_S39_R1_001",1,0.0963368064752461,10
"set1_3_11818_358_RS1_S_center_S41_R1_0016","set1_3_11818_358_RS1_S_center_S41_R1_001",8,0.141586442833048,10
"set1_3_11820_358_RS1_S_peripheral_S43_R1_0016","set1_3_11820_358_RS1_S_peripheral_S43_R1_001",8,0.135427716687171,10
"set1_3_11822_358_IBC_S_S45_R1_0016","set1_3_11822_358_IBC_S_S45_R1_001",1,0.122299497362731,10
"set1_3_11824_358_RS2_S_center_S47_R1_0016","set1_3_11824_358_RS2_S_center_S47_R1_001",10,0.11958753302537,10
"set1_3_11826_358_RS2_S_peripheral_S49_R1_0016","set1_3_11826_358_RS2_S_peripheral_S49_R1_001",6,0.119949775182573,10
"set1_3_11828_359_RS1_S_center_S51_R1_0016","set1_3_11828_359_RS1_S_center_S51_R1_001",6,0.0968431883732841,10
"set1_3_11830_359_RS1_S_peripheral_S53_R1_0016","set1_3_11830_359_RS1_S_peripheral_S53_R1_001",8,0.145386470836386,10
"set1_3_11834_359_RS2_S_center_S56_R1_0016","set1_3_11834_359_RS2_S_center_S56_R1_001",8,0.161893365908146,10
"set1_3_11836_359_RS2_S_peripheral_S58_R1_0016","set1_3_11836_359_RS2_S_peripheral_S58_R1_001",6,0.126097787518324,10
"set1_3_11839_360_RS1_S_center_S43_R1_0016","set1_3_11839_360_RS1_S_center_S43_R1_001",6,0.0831357132546611,10
"set1_3_11841_360_RS1_S_peripheral_S36_R1_0016","set1_3_11841_360_RS1_S_peripheral_S36_R1_001",6,0.111378344628737,10
"set1_3_11843_360_NL_S_S53_R1_0016","set1_3_11843_360_NL_S_S53_R1_001",6,0.112687062085218,10
"set1_3_11845_361_RS1_S_center_S31_R1_0016","set1_3_11845_361_RS1_S_center_S31_R1_001",1,0.0704458462364744,10
"set1_3_11847_361_RS1_S_peripheral_S35_R1_0016","set1_3_11847_361_RS1_S_peripheral_S35_R1_001",9,0.0959794562431948,10
"set1_3_11849_361_RS2_S_center_S20_R1_0016","set1_3_11849_361_RS2_S_center_S20_R1_001",9,0.0705292135779331,10
"set1_3_11851_361_RS2_S_peripheral_S45_R1_0016","set1_3_11851_361_RS2_S_peripheral_S45_R1_001",6,0.0642603354790489,10
"set1_3_11853_361_RS4_S_center_S29_R1_0016","set1_3_11853_361_RS4_S_center_S29_R1_001",9,0.10563104651761,10
"set1_3_11855_361_RS4_S_peripheral_S25_R1_0016","set1_3_11855_361_RS4_S_peripheral_S25_R1_001",6,0.0778420310064624,10
"set1_3_11857_361_RS3_S_center_S26_R1_0016","set1_3_11857_361_RS3_S_center_S26_R1_001",10,0.0713303481314502,10
"set1_3_11859_361_RS3_S_peripheral_S54_R1_0016","set1_3_11859_361_RS3_S_peripheral_S54_R1_001",2,0.0658879818109308,10
"set1_3_11863_362_RS1_S_center_S28_R1_0016","set1_3_11863_362_RS1_S_center_S28_R1_001",9,0.0725958662798467,10
"set1_3_11865_362_RS1_S_peripheral_S40_R1_0016","set1_3_11865_362_RS1_S_peripheral_S40_R1_001",4,0.0581024716528911,10
"set1_3_11868_363_RS1_S_center_S27_R1_0016","set1_3_11868_363_RS1_S_center_S27_R1_001",10,0.0810409036847329,10
"set1_3_11870_363_RS1_S_peripheral_S46_R1_0016","set1_3_11870_363_RS1_S_peripheral_S46_R1_001",6,0.0803646312500574,10
"set1_3_11872_363_NL_S_S57_R1_0016","set1_3_11872_363_NL_S_S57_R1_001",6,0.0977138768323243,10
"set1_3_11875_364_RS1_S_center_S52_R1_0016","set1_3_11875_364_RS1_S_center_S52_R1_001",8,0.0625922729837687,10
"set1_3_11877_364_RS1_S_peripheral_S56_R1_0016","set1_3_11877_364_RS1_S_peripheral_S56_R1_001",6,0.0744025443261965,10
"set1_3_11881_364_RS2_S_center_S37_R1_0016","set1_3_11881_364_RS2_S_center_S37_R1_001",8,0.0853877071960743,10
"set1_3_13814_552_IBC_Str_16","set1_3_13814_552_IBC_Str_1",10,0.132804324769629,10
"set1_3_13829_551_DCIS_Str6","set1_3_13829_551_DCIS_Str",5,0.0755071060987059,10
"set1_3_13831_550_ADH_Str_16","set1_3_13831_550_ADH_Str_1",2,0.119715560006793,10
"set1_3_13837_550_DCIS_Str_16","set1_3_13837_550_DCIS_Str_1",2,0.0788172253218379,10
"set1_3_13841_549_DCIS_Str6","set1_3_13841_549_DCIS_Str",10,0.14066841869334,10
"set1_3_13843_549_IBC_Str6","set1_3_13843_549_IBC_Str",4,0.115410371572927,10
"set1_3_13845_549_IN_Str6","set1_3_13845_549_IN_Str",1,0.108111241139979,10
"set1_3_13849_550_DCIS_Str_26","set1_3_13849_550_DCIS_Str_2",5,0.0737542570864592,10
"set1_3_13855_549_NL_Str6","set1_3_13855_549_NL_Str",2,0.0814945969316939,10
"set1_3_13859_548_DCIS_Str6","set1_3_13859_548_DCIS_Str",5,0.102606567744301,10
"set1_3_13861_548_IBC_Str6","set1_3_13861_548_IBC_Str",5,0.118841651226029,10
"set1_3_13863_547_NL_Str6","set1_3_13863_547_NL_Str",6,0.105923308098983,10
"set1_3_13865_547_CCC_Str_16","set1_3_13865_547_CCC_Str_1",5,0.122131499026935,10
"set1_3_13867_547_CCH_Str_16","set1_3_13867_547_CCH_Str_1",7,0.130595687133991,10
"set1_3_13869_547_IBC_Str_16","set1_3_13869_547_IBC_Str_1",10,0.151738705518187,10
"set1_3_13871_547_DCIS_Str6","set1_3_13871_547_DCIS_Str",10,0.143959759674342,10
"set1_3_13873_547_CCC_Str_26","set1_3_13873_547_CCC_Str_2",7,0.123975514645838,10
"set1_3_13877_547_CCC_Str_36","set1_3_13877_547_CCC_Str_3",1,0.141529363482756,10
"set1_3_13879_547_IBC_Str_26","set1_3_13879_547_IBC_Str_2",1,0.17219710701282,10
"set1_3_13881_547_NL_Str6","set1_3_13881_547_NL_Str",1,0.121860649207035,10
"set1_3_13883_546_NL_Str6","set1_3_13883_546_NL_Str",1,0.106564907512336,10
"set1_3_13885_546_ALH_Str6","set1_3_13885_546_ALH_Str",9,0.116565907827736,10
"set1_3_13887_546_IBC_Str6","set1_3_13887_546_IBC_Str",4,0.100787374692218,10
"set1_3_13889_546_LIN_Str6","set1_3_13889_546_LIN_Str",5,0.0838283075459831,10
"set1_3_13891_546_CCH_Str6","set1_3_13891_546_CCH_Str",5,0.0833205634297525,10
"set1_3_13893_546_HIN_Str6","set1_3_13893_546_HIN_Str",5,0.139817633825638,10
"set1_3_13895_546_MIN_Str6","set1_3_13895_546_MIN_Str",5,0.121951838592025,10
"set1_3_13897_545_CCC_Str_16","set1_3_13897_545_CCC_Str_1",5,0.131708868744442,10
"set1_3_13899_545_ADH_Str6","set1_3_13899_545_ADH_Str",5,0.12754241090494,10
"set1_3_13901_545_UDH_Str_16","set1_3_13901_545_UDH_Str_1",3,0.12219816433316,10
"set1_3_13903_545_AM_Str_16","set1_3_13903_545_AM_Str_1",3,0.113976688901968,10
"set1_3_13905_545_IBC_Str6","set1_3_13905_545_IBC_Str",3,0.134912648034324,10
"set1_3_13907_545_DCIS_Str_16","set1_3_13907_545_DCIS_Str_1",3,0.121379161710971,10
"set1_3_13909_545_CCC_Str_26","set1_3_13909_545_CCC_Str_2",3,0.106745614609976,10
"set1_3_13917_545_DCIS_Str_26","set1_3_13917_545_DCIS_Str_2",3,0.250359626228241,10
"set1_3_13925_544_DCIS_Str_16","set1_3_13925_544_DCIS_Str_1",3,0.0889936246279221,10
"set1_3_13927_544_DCIS_Str_26","set1_3_13927_544_DCIS_Str_2",5,0.123207621198983,10
"set1_3_13929_544_IBC_Str6","set1_3_13929_544_IBC_Str",5,0.104534469067113,10
"set1_3_13931_544_DCIS_Str_36","set1_3_13931_544_DCIS_Str_3",5,0.110108101221301,10
"set1_3_13939_568_NL_Str6","set1_3_13939_568_NL_Str",6,0.0869351385134211,10
"set1_3_13941_568_IBC_Str6","set1_3_13941_568_IBC_Str",10,0.100410825168431,10
"set1_3_13943_568_DCIS_Str6","set1_3_13943_568_DCIS_Str",5,0.0808050460962999,10
"set1_3_13947_570_CCC_Str_16","set1_3_13947_570_CCC_Str_1",7,0.108375042260308,10
"set1_3_13949_570_IBC_Str6","set1_3_13949_570_IBC_Str",9,0.0913056209415937,10
"set1_3_13951_570_DCIS_Str6","set1_3_13951_570_DCIS_Str",2,0.08776751032981,10
"set1_3_13953_570_ADH_Str_16","set1_3_13953_570_ADH_Str_1",2,0.090467093626778,10
"set1_3_13955_570_NL_Str6","set1_3_13955_570_NL_Str",2,0.113869107629225,10
"set1_3_13957_570_CCC_Str_26","set1_3_13957_570_CCC_Str_2",5,0.0977032897214248,10
"set1_3_13959_570_CCH_Str6","set1_3_13959_570_CCH_Str",2,0.100427072558365,10
"set1_3_13961_570_ADH_Str_26","set1_3_13961_570_ADH_Str_2",2,0.0855282208597099,10
"set1_3_13963_569_IBC_Str6","set1_3_13963_569_IBC_Str",10,0.114024704696481,10
"set1_3_13965_567_EN_Str6","set1_3_13965_567_EN_Str",7,0.117770715546654,10
"set1_3_13969_567_DCIS_Str6","set1_3_13969_567_DCIS_Str",5,0.126480407733492,10
"set1_3_13971_567_IBC_Str6","set1_3_13971_567_IBC_Str",10,0.0982010410949623,10
"set1_3_13977_565_EN_Str6","set1_3_13977_565_EN_Str",7,0.114527351945079,10
"set1_3_13983_561_DCIS_Str6","set1_3_13983_561_DCIS_Str",10,0.101670871978832,10
"set1_3_13985_561_IBC_Str6","set1_3_13985_561_IBC_Str",10,0.17950116636261,10
"set1_3_13988_562_DCIS_Str_16","set1_3_13988_562_DCIS_Str_1",5,0.106584301651873,10
"set1_3_13992_562_DCIS_Str_26","set1_3_13992_562_DCIS_Str_2",5,0.0997596090812887,10
"set1_3_13994_562_NL_Str_26","set1_3_13994_562_NL_Str_2",6,0.117966653860343,10
"set1_3_13996_563_NL_Str6","set1_3_13996_563_NL_Str",5,0.0932303689604189,10
"set1_3_13998_563_IBC_Str6","set1_3_13998_563_IBC_Str",4,0.0999445076458412,10
"set1_3_14002_553_DCIS_Str6","set1_3_14002_553_DCIS_Str",10,0.113068827376217,10
"set1_3_14004_553_IBC_Str6","set1_3_14004_553_IBC_Str",10,0.152323428724065,10
"set1_3_14008_553_EN_Str6","set1_3_14008_553_EN_Str",7,0.131711712879416,10
"set1_3_14013_560_CCC_Str6","set1_3_14013_560_CCC_Str",7,0.169751584340234,10
"set1_3_14015_560_AM_Str6","set1_3_14015_560_AM_Str",3,0.124430730310064,10
"set1_3_14017_560_NL_Str_16","set1_3_14017_560_NL_Str_1",3,0.13688362184303,10
"set1_3_14019_560_NL_Str_26","set1_3_14019_560_NL_Str_2",9,0.0897756862905162,10
"set1_3_14021_560_IBC_Str_16","set1_3_14021_560_IBC_Str_1",4,0.113367225221363,10
"set1_3_14023_560_SA_Str6","set1_3_14023_560_SA_Str",9,0.0906766236549063,10
"set1_3_14026_560_IBC_Str_26","set1_3_14026_560_IBC_Str_2",4,0.0661992721474333,10
"set1_3_14035_572_IBC_Str6","set1_3_14035_572_IBC_Str",5,0.115252445689564,10
"set1_3_14037_571_NL_Str6","set1_3_14037_571_NL_Str",8,0.110772130729247,10
"set1_3_14039_571_EN_Str6","set1_3_14039_571_EN_Str",5,0.166096473759126,10
"set1_3_14041_571_DCISw_Str6","set1_3_14041_571_DCISw_Str",5,0.177775269681262,10
"set1_3_14043_571_DCIS_Str6","set1_3_14043_571_DCIS_Str",5,0.0953998187101702,10
"set1_3_14045_571_IBC_Str_16","set1_3_14045_571_IBC_Str_1",4,0.140696826237308,10
"set1_3_14047_571_IBC_Str_26","set1_3_14047_571_IBC_Str_2",4,0.126478772426891,10
"set1_3_14049_566_IBC_Str6","set1_3_14049_566_IBC_Str",4,0.144302603530591,10
"set1_3_14051_566_DCIS_Str6","set1_3_14051_566_DCIS_Str",5,0.145955696002986,10
"set1_3_14053_566_UDH_Str6","set1_3_14053_566_UDH_Str",2,0.0844912034658867,10
"set1_3_14063_564_DCIS_Str6","set1_3_14063_564_DCIS_Str",5,0.119940299940622,10
"set1_3_14065_564_HP_Str6","set1_3_14065_564_HP_Str",2,0.103798054456664,10
"set1_3_14067_564_NL_Str6","set1_3_14067_564_NL_Str",2,0.127998110267332,10
"set1_3_14069_564_IBC_Str6","set1_3_14069_564_IBC_Str",10,0.102933115945171,10
"set1_3_14071_559_DCIS_Str6","set1_3_14071_559_DCIS_Str",5,0.0952683548636867,10
"set1_3_14073_559_IBC_Str6","set1_3_14073_559_IBC_Str",5,0.0953831469057695,10
"set1_3_14075_559_CCH_Str6","set1_3_14075_559_CCH_Str",7,0.152846794049162,10
"set1_3_14081_558_IBC_Str6","set1_3_14081_558_IBC_Str",10,0.135493349306831,10
"set1_3_14085_558_DCIS_Str_16","set1_3_14085_558_DCIS_Str_1",10,0.0804919640968187,10
"set1_3_14093_557_IBC_Str6","set1_3_14093_557_IBC_Str",4,0.0895516867625874,10
"set1_3_14095_557_DCIS_Str6","set1_3_14095_557_DCIS_Str",1,0.0684591484036617,10
"set1_3_14097_556_IBC_Str_16","set1_3_14097_556_IBC_Str_1",10,0.0726354231052576,10
"set1_3_14099_556_ADH_Str_16","set1_3_14099_556_ADH_Str_1",2,0.109347669493636,10
"set1_3_14101_556_ADH_Str_26","set1_3_14101_556_ADH_Str_2",6,0.100549165638272,10
"set1_3_14105_556_IBC_Str_26","set1_3_14105_556_IBC_Str_2",10,0.114444514403294,10
"set1_3_14111_555_IN_Str6","set1_3_14111_555_IN_Str",4,0.0943234455702405,10
"set1_3_14113_555_iIBC_Str6","set1_3_14113_555_iIBC_Str",4,0.114235261428921,10
"set1_3_14115_555_IBC_Str6","set1_3_14115_555_IBC_Str",10,0.0928972869937083,10
"set4_10_14732_656_IBC_Str6","set4_10_14732_656_IBC_Str",10,0.133405626162394,10
"set4_10_14734_656_BBD_Str6","set4_10_14734_656_BBD_Str",7,0.193006896479157,10
"set4_10_14736_656_NL_Str6","set4_10_14736_656_NL_Str",2,0.100995332917963,10
"set4_10_14738_657_CCC_Str6","set4_10_14738_657_CCC_Str",8,0.127246777371357,10
"set4_10_14740_657_NL_Str6","set4_10_14740_657_NL_Str",8,0.0849983093018364,10
"set4_10_14742_657_DCIS_Str6","set4_10_14742_657_DCIS_Str",10,0.150019325086132,10
"set4_10_14743_657_IBC_Str6","set4_10_14743_657_IBC_Str",10,0.173219865767408,10
"set4_10_14748_658_DCIS_Str6","set4_10_14748_658_DCIS_Str",5,0.151340948357595,10
"set4_10_14749_658_IBC_Str6","set4_10_14749_658_IBC_Str",4,0.132092430285656,10
"set4_10_14750_658_NL_Str6","set4_10_14750_658_NL_Str",6,0.138161817056772,10
"set4_10_14753_659_DCIS_Str6","set4_10_14753_659_DCIS_Str",7,0.098159726877023,10
"set4_10_14754_659_IBC_Str6","set4_10_14754_659_IBC_Str",5,0.107420902996328,10
"set4_10_14756_659_DCIS_Str6","set4_10_14756_659_DCIS_Str",7,0.146922055066873,10
"set4_10_14758_659_NL_Str6","set4_10_14758_659_NL_Str",8,0.0854326068670867,10
"set4_10_14792_663_DCIS_Str6","set4_10_14792_663_DCIS_Str",2,0.104009608618966,10
"set4_10_14794_663_IBC_Str6","set4_10_14794_663_IBC_Str",8,0.115619465870584,10
"set4_10_14796_663_NL_Str6","set4_10_14796_663_NL_Str",2,0.147417504400315,10
"set4_10_14760_660_IBC_Str6","set4_10_14760_660_IBC_Str",4,0.11845996602003,10
"set4_10_14762_660_DCIS_Str6","set4_10_14762_660_DCIS_Str",5,0.101253137328817,10
"set4_10_14764_660_NL_Str6","set4_10_14764_660_NL_Str",9,0.0880684824190491,10
"set4_10_14766_660_LVI_Str6","set4_10_14766_660_LVI_Str",5,0.107442876374444,10
"set4_10_14768_661_IBC_Str6","set4_10_14768_661_IBC_Str",10,0.115042833977602,10
"set4_10_14770_661_AM_Str6","set4_10_14770_661_AM_Str",3,0.221690356697204,10
"set4_10_14772_661_ADH_Str6","set4_10_14772_661_ADH_Str",9,0.136529871914845,10
"set4_10_14774_661_DCIS_Str6","set4_10_14774_661_DCIS_Str",9,0.137655169733885,10
"set4_10_14776_661_ADH_Str6","set4_10_14776_661_ADH_Str",9,0.169180641633653,10
"set4_10_14778_661_NL_Str6","set4_10_14778_661_NL_Str",9,0.182935673794287,10
"set4_10_14780_662_DCIS.1_Str6","set4_10_14780_662_DCIS.1_Str",10,0.166705934373928,10
"set4_10_14782_662_MIV.1_Str6","set4_10_14782_662_MIV.1_Str",4,0.124229622328322,10
"set4_10_14784_662_DCIS.2_Str6","set4_10_14784_662_DCIS.2_Str",10,0.122393162105544,10
"set4_10_14786_662_MIV.2_Str6","set4_10_14786_662_MIV.2_Str",4,0.118578810381566,10
"set4_10_14788_662_DCIS.3_Str6","set4_10_14788_662_DCIS.3_Str",10,0.173530739298644,10
"set4_10_14790_662_IBC_Str6","set4_10_14790_662_IBC_Str",10,0.170709622548311,10
"set4_10_14910_676_DCIS.2_Str6","set4_10_14910_676_DCIS.2_Str",5,0.115392700544916,10
"set4_10_14799_664_BBD_Str6","set4_10_14799_664_BBD_Str",9,0.118459161888081,10
"set4_10_14801_664_IBC_Str6","set4_10_14801_664_IBC_Str",10,0.117491931226122,10
"set4_10_14803_664_ADH_Str6","set4_10_14803_664_ADH_Str",7,0.129012835953485,10
"set4_10_14806_665_IBC_Str6","set4_10_14806_665_IBC_Str",10,0.178122529115364,10
"set4_10_14808_665_inf_NL_Str6","set4_10_14808_665_inf_NL_Str",5,0.178930113317002,10
"set4_10_14860_665_DCIS_Str6","set4_10_14860_665_DCIS_Str",6,0.106836803906687,10
"set4_10_14811_665_NL_Str6","set4_10_14811_665_NL_Str",6,0.128601392580733,10
"set4_10_14814_666_DCIS_Str6","set4_10_14814_666_DCIS_Str",6,0.0832373131736788,10
"set4_10_14815_666_IBC_Str6","set4_10_14815_666_IBC_Str",10,0.131940987128898,10
"set4_10_14817_666_NL_Str6","set4_10_14817_666_NL_Str",6,0.115575286570328,10
"set4_10_14819_666_BBD_Str6","set4_10_14819_666_BBD_Str",6,0.111691229678096,10
"set4_10_14854_671_UDH_Str6","set4_10_14854_671_UDH_Str",6,0.117173733175817,10
"set4_10_14858_671_IBC_Str6","set4_10_14858_671_IBC_Str",10,0.151537522710811,10
"set4_10_14859_671_DCIS_Str6","set4_10_14859_671_DCIS_Str",10,0.132355366473015,10
"set4_10_14861_671_AM_Str6","set4_10_14861_671_AM_Str",3,0.153077848483859,10
"set4_10_14863_671_CCC_Str6","set4_10_14863_671_CCC_Str",6,0.083561380330725,10
"set4_10_14823_667_IBC_Str6","set4_10_14823_667_IBC_Str",4,0.110226136302165,10
"set4_10_14824_667_DCIS_Str6","set4_10_14824_667_DCIS_Str",6,0.0804730195418051,10
"set4_10_14825_667_NL_Str6","set4_10_14825_667_NL_Str",8,0.108147726750699,10
"set4_10_14827_668_IBC_Str6","set4_10_14827_668_IBC_Str",10,0.151723409763613,10
"set4_10_14831_668_DCIS_Str6","set4_10_14831_668_DCIS_Str",6,0.108164273258223,10
"set4_10_14832_668_NL_Str6","set4_10_14832_668_NL_Str",6,0.131034610586629,10
"set4_10_14835_669_IBC_Str6","set4_10_14835_669_IBC_Str",10,0.16903865646215,10
"set4_10_14836_669_NL_Str6","set4_10_14836_669_NL_Str",2,0.182358105240408,10
"set4_10_14838_669_DCIS_Str6","set4_10_14838_669_DCIS_Str",2,0.136191261882936,10
"set4_10_14841_670_EN_Str6","set4_10_14841_670_EN_Str",9,0.128634389040715,10
"set4_10_14842_670_DCIS_Str6","set4_10_14842_670_DCIS_Str",3,0.260766049759154,10
"set4_10_14845_670_DCIS_Str6","set4_10_14845_670_DCIS_Str",3,0.102520472811456,10
"set4_10_14846_670_IBC_Str6","set4_10_14846_670_IBC_Str",3,0.325992500978721,10
"set4_10_14850_670_BBD_Str6","set4_10_14850_670_BBD_Str",9,0.116249613015587,10
"set4_10_14851_670_CCC_Str6","set4_10_14851_670_CCC_Str",9,0.120031554121509,10
"set4_10_14852_670_AM_Str6","set4_10_14852_670_AM_Str",6,0.143068577639107,10
"set4_10_14865_672_inf_NL_Str_S2_R1_0016","set4_10_14865_672_inf_NL_Str_S2_R1_001",7,0.108117070849225,10
"set4_10_14867_672_IBC_Str_1_S4_R1_0016","set4_10_14867_672_IBC_Str_1_S4_R1_001",10,0.155399089099718,10
"set4_10_14871_672_DCIS_Str_S8_R1_0016","set4_10_14871_672_DCIS_Str_S8_R1_001",5,0.10200966666897,10
"set4_10_14872_672_CaLob_Str_S9_R1_0016","set4_10_14872_672_CaLob_Str_S9_R1_001",5,0.166572862721352,10
"set4_10_14874_672_NL_Str_S11_R1_0016","set4_10_14874_672_NL_Str_S11_R1_001",6,0.105253312654405,10
"set4_10_14877_672_CCC_Str_S14_R1_0016","set4_10_14877_672_CCC_Str_S14_R1_001",6,0.127315230227706,10
"set4_10_14879_673_IBC_Str_S16_R1_0016","set4_10_14879_673_IBC_Str_S16_R1_001",10,0.185731453649947,10
"set4_10_14881_673_DCIS_Str_S18_R1_0016","set4_10_14881_673_DCIS_Str_S18_R1_001",5,0.174172237603098,10
"set4_10_14883_673_NL_Str_S20_R1_0016","set4_10_14883_673_NL_Str_S20_R1_001",6,0.0990444191651447,10
"set4_10_14885_673_AM_Str_S22_R1_0016","set4_10_14885_673_AM_Str_S22_R1_001",6,0.134847643465392,10
"set4_10_14887_673_CCC_Str_S24_R1_0016","set4_10_14887_673_CCC_Str_S24_R1_001",7,0.174317957861364,10
"set4_10_14889_673_EN_Str_S26_R1_0016","set4_10_14889_673_EN_Str_S26_R1_001",9,0.125126511582299,10
"set4_10_14891_674_DCIS_Str_S28_R1_0016","set4_10_14891_674_DCIS_Str_S28_R1_001",10,0.104280746646083,10
"set4_10_14893_674_IBC_Str_S30_R1_0016","set4_10_14893_674_IBC_Str_S30_R1_001",10,0.141903762064473,10
"set4_10_14895_674_BBD_Str_S32_R1_0016","set4_10_14895_674_BBD_Str_S32_R1_001",2,0.137343063955534,10
"set4_10_14900_675_EN1_Str_S34_R1_0016","set4_10_14900_675_EN1_Str_S34_R1_001",7,0.192142175302732,10
"set4_10_14902_675_EN2_Str6","set4_10_14902_675_EN2_Str",7,0.222141892033799,10
"set4_10_14903_675_EN3_Str6","set4_10_14903_675_EN3_Str",7,0.229911144932562,10
"set4_10_14906_675_NL_Str6","set4_10_14906_675_NL_Str",7,0.15009667839821,10
"set4_10_14923_677_IBC_Str6","set4_10_14923_677_IBC_Str",10,0.120674927633502,10
"set4_10_14925_677_DCIS_Str6","set4_10_14925_677_DCIS_Str",5,0.103940843091084,10
"set4_10_14927_677_NL_Str6","set4_10_14927_677_NL_Str",6,0.109050337476939,10
"set4_10_14929_677_LVI_Str6","set4_10_14929_677_LVI_Str",10,0.0940574156496501,10
"set4_10_14931_678_IBC_Str6","set4_10_14931_678_IBC_Str",4,0.142325265058793,10
"set4_10_14933_678_PLC_Str6","set4_10_14933_678_PLC_Str",6,0.155884799045603,10
"set4_10_14935_678_EN_Str6","set4_10_14935_678_EN_Str",6,0.15432356347209,10
"set4_10_14937_678_NL_Str6","set4_10_14937_678_NL_Str",6,0.110240671823504,10
"set4_10_14939_679_IBC_Str6","set4_10_14939_679_IBC_Str",10,0.208224325586871,10
"set4_10_14941_679_DCIS_Str6","set4_10_14941_679_DCIS_Str",6,0.103098661514371,10
"set4_10_14943_679_NL_Str6","set4_10_14943_679_NL_Str",6,0.146274235044467,10
"set4_10_14955_680_DCIS_2_Str6","set4_10_14955_680_DCIS_2_Str",8,0.134627001056968,10
"set4_10_14957_680_ADH_2_Str6","set4_10_14957_680_ADH_2_Str",8,0.128718546581874,10
"set4_10_14945_680_ADH_1_Str6","set4_10_14945_680_ADH_1_Str",8,0.126212929419875,10
"set4_10_14947_680_UDH_Str6","set4_10_14947_680_UDH_Str",6,0.113518449899608,10
"set4_10_14949_680_NL_Str6","set4_10_14949_680_NL_Str",9,0.0996954616106719,10
"set4_10_14951_680_DCIS_1_Str6","set4_10_14951_680_DCIS_1_Str",8,0.144806778572346,10
"set4_10_14953_680_IBC_Str6","set4_10_14953_680_IBC_Str",10,0.128090539550156,10
"set4_10_14959_680_LG_DCIS_Str6","set4_10_14959_680_LG_DCIS_Str",5,0.14474692022639,10
"set4_10_14961_680_AM_Str6","set4_10_14961_680_AM_Str",3,0.319258256160677,10
"set4_10_14967_681_DCIS_Str6","set4_10_14967_681_DCIS_Str",2,0.0891001965207373,10
"set4_10_14969_681_AM_Str6","set4_10_14969_681_AM_Str",3,0.169816315948165,10
"set4_10_14971_681_EN_Str6","set4_10_14971_681_EN_Str",8,0.146381212041703,10
"set4_10_14973_681_ADH_1_Str6","set4_10_14973_681_ADH_1_Str",8,0.0833266337547682,10
"set4_10_14975_681_IBC_Str6","set4_10_14975_681_IBC_Str",10,0.19822342117064,10
"set4_10_14977_681_NL_Str6","set4_10_14977_681_NL_Str",6,0.149313016931457,10
"set4_10_14979_682_NL_Str6","set4_10_14979_682_NL_Str",9,0.0962739567293263,10
"set4_10_14981_682_EN_Str6","set4_10_14981_682_EN_Str",9,0.120463329937767,10
"set4_10_14983_682_IBC_Str6","set4_10_14983_682_IBC_Str",10,0.129126564926228,10
"set4_10_14985_682_Inf_NL_Str6","set4_10_14985_682_Inf_NL_Str",5,0.132132479279886,10
"set4_10_14988_683_DCIS_Str6","set4_10_14988_683_DCIS_Str",5,0.0810622971248641,10
"set4_10_14991_684_ADH_DCIS_Str6","set4_10_14991_684_ADH_DCIS_Str",10,0.0874105876247582,10
"set4_10_14993_684_DCIS_Str6","set4_10_14993_684_DCIS_Str",5,0.108613664433184,10
"set4_10_14995_684_NL_Str6","set4_10_14995_684_NL_Str",6,0.0887368278020852,10
"set4_10_14997_684_IBC_Str6","set4_10_14997_684_IBC_Str",10,0.165675939174829,10
"set4_10_14999_685_DCIS_Str6","set4_10_14999_685_DCIS_Str",5,0.107747650914374,10
"set4_10_15001_685_IBC_Str6","set4_10_15001_685_IBC_Str",10,0.0957996189023949,10
"set4_10_15003_685_NL_Str6","set4_10_15003_685_NL_Str",7,0.0919705864991633,10
"set4_10_15005_685_EN_Str6","set4_10_15005_685_EN_Str",2,0.105893413011042,10
"set4_10_15014_687_DCIS_1_Str6","set4_10_15014_687_DCIS_1_Str",4,0.100475729388924,10
"set4_10_15016_687_DCIS_2_Str6","set4_10_15016_687_DCIS_2_Str",5,0.149460174628053,10
"set4_10_15018_687_UDH_Str6","set4_10_15018_687_UDH_Str",6,0.126971201291499,10
"set4_10_15020_687_EN_Str6","set4_10_15020_687_EN_Str",9,0.141047972756503,10
"set4_10_15022_687_NL_Str6","set4_10_15022_687_NL_Str",6,0.172778622422177,10
"set4_10_15026_688_EN_1_Str6","set4_10_15026_688_EN_1_Str",5,0.103112131694455,10
"set4_10_14912_676_EN_Str6","set4_10_14912_676_EN_Str",7,0.148126027322786,10
"set4_10_14914_676_BBD_2_Str6","set4_10_14914_676_BBD_2_Str",7,0.125525693338866,10
"set4_10_14917_676_DCIS_1_Str6","set4_10_14917_676_DCIS_1_Str",5,0.115152735617221,10
"set4_10_14919_676_BBD_1_Str6","set4_10_14919_676_BBD_1_Str",2,0.103201575164846,10
"set4_10_14921_676_NL_Str6","set4_10_14921_676_NL_Str",7,0.165130906894182,10
"set4_10_15008_686_DCIS_Str6","set4_10_15008_686_DCIS_Str",5,0.122275238353867,10
"set4_10_15010_686_EN_Str6","set4_10_15010_686_EN_Str",6,0.158646344075902,10
"set4_10_15012_686_NL_Str6","set4_10_15012_686_NL_Str",6,0.13740633473812,10
"set4_10_15033_689_IBC_Str6","set4_10_15033_689_IBC_Str",10,0.205608457729256,10
"set4_10_15035_689_DCIS_1_Str6","set4_10_15035_689_DCIS_1_Str",5,0.132407823965801,10
"set4_10_15037_689_NL_Str6","set4_10_15037_689_NL_Str",7,0.119565307650231,10
"set4_10_15039_689_DCIS_2_Str6","set4_10_15039_689_DCIS_2_Str",5,0.0989165276068801,10
"set4_10_15041_689_EN_1_Str6","set4_10_15041_689_EN_1_Str",8,0.125620214985499,10
"set4_10_15043_689_EN_2_Str6","set4_10_15043_689_EN_2_Str",8,0.120932666471601,10
"set4_10_15053_690_EN_2_Str6","set4_10_15053_690_EN_2_Str",6,0.137267454908684,10
"set4_10_15063_691_EN_2_Str6","set4_10_15063_691_EN_2_Str",6,0.133865718917875,10
"set4_10_14965_681_ADH_2_Str6","set4_10_14965_681_ADH_2_Str",2,0.109037039735602,10
"set4_10_15024_688_IBC_Str6","set4_10_15024_688_IBC_Str",5,0.174740662669115,10
"set4_10_15028_688_NL_Str6","set4_10_15028_688_NL_Str",6,0.111383161256558,10
"set4_10_15030_688_EN_4_Str6","set4_10_15030_688_EN_4_Str",9,0.14384887921799,10
"set4_10_15107_688_EN_5_Str6","set4_10_15107_688_EN_5_Str",6,0.140511603738933,10
"set4_10_15045_690_NL_Str6","set4_10_15045_690_NL_Str",4,0.0804610206532108,10
"set4_10_15047_690_EN_1_Str6","set4_10_15047_690_EN_1_Str",7,0.0980800031691239,10
"set4_10_15049_690_IBC_Str6","set4_10_15049_690_IBC_Str",10,0.169910866112503,10
"set4_10_15051_690_DCIS_Str6","set4_10_15051_690_DCIS_Str",5,0.105315019257383,10
"set4_10_15055_690_i_DCIS_Str6","set4_10_15055_690_i_DCIS_Str",5,0.166428652241241,10
"set4_10_15057_691_IBC_Str6","set4_10_15057_691_IBC_Str",10,0.183996224717969,10
"set4_10_15059_691_EN_1_Str6","set4_10_15059_691_EN_1_Str",8,0.108427782589626,10
"set4_10_15061_691_DCIS_Str6","set4_10_15061_691_DCIS_Str",8,0.108735409893409,10
"set4_10_15065_692_IBC_Str6","set4_10_15065_692_IBC_Str",10,0.122265062235317,10
"set4_10_15067_692_DCIS_Str6","set4_10_15067_692_DCIS_Str",5,0.144746752017629,10
"set4_10_15069_692_NL_Str6","set4_10_15069_692_NL_Str",5,0.112116846797102,10
"set4_10_15586_744_IBC_Str6","set4_10_15586_744_IBC_Str",10,0.166200637937995,10
"set4_10_15588_744_inF.NL_Str6","set4_10_15588_744_inF.NL_Str",5,0.141411082535335,10
"set4_10_15590_744_DCIS_Str6","set4_10_15590_744_DCIS_Str",10,0.0825758401601502,10
"set4_10_15592_745_CCC_Str6","set4_10_15592_745_CCC_Str",6,0.110990710496654,10
"set4_10_15594_745_BBD_Str6","set4_10_15594_745_BBD_Str",7,0.0986144793219622,10
"set4_10_15596_745_IP_Str6","set4_10_15596_745_IP_Str",5,0.111201599929201,10
"set4_10_15599_746_DCIS_Str6","set4_10_15599_746_DCIS_Str",5,0.14245683138203,10
"set4_10_15601_746_NL_Str6","set4_10_15601_746_NL_Str",5,0.103733347349344,10
"set4_10_15603_747_IBC_Str6","set4_10_15603_747_IBC_Str",10,0.185374811481998,10
"set4_10_15605_747_NL_Str6","set4_10_15605_747_NL_Str",2,0.103458706411775,10
"set4_10_15607_747_ADH_Str6","set4_10_15607_747_ADH_Str",7,0.128759613849918,10
"set4_10_15609_747_AM_Str6","set4_10_15609_747_AM_Str",3,0.116218705435477,10
"set4_10_15611_748_AM_Str6","set4_10_15611_748_AM_Str",2,0.133310247656003,10
"set4_10_15613_748_DCIS_Str6","set4_10_15613_748_DCIS_Str",5,0.13125292233219,10
"set4_10_15615_748_IBC_Str6","set4_10_15615_748_IBC_Str",10,0.18583289115807,10
"set4_10_15619_749_IBC_Str6","set4_10_15619_749_IBC_Str",10,0.164564471173974,10
"set4_10_15620_749_DCIS_Str6","set4_10_15620_749_DCIS_Str",10,0.116654302135316,10
"set4_10_15621_749_LVI_Str6","set4_10_15621_749_LVI_Str",10,0.143830309548453,10
"set4_10_15623_750_NL_Str6","set4_10_15623_750_NL_Str",7,0.091020866437058,10
"set4_10_15625_750_IBC_Str6","set4_10_15625_750_IBC_Str",10,0.176394936387416,10
"set4_10_15627_750_DCIS_Str6","set4_10_15627_750_DCIS_Str",10,0.161214010056365,10
"set4_10_15629_751_NL_Str6","set4_10_15629_751_NL_Str",7,0.13620048378609,10
"set4_10_15631_751_IBC_Str6","set4_10_15631_751_IBC_Str",10,0.180989635680984,10
"set4_10_15633_751_ADH_Str6","set4_10_15633_751_ADH_Str",7,0.143576188566978,10
"set4_10_15635_751_CCC_Str6","set4_10_15635_751_CCC_Str",2,0.107144568771621,10
"set4_10_15637_752_IBC_Str6","set4_10_15637_752_IBC_Str",4,0.123440258723298,10
"set4_10_15641_752_DCIS_Str6","set4_10_15641_752_DCIS_Str",2,0.112255082394623,10
"set4_10_15642_752_NL_Str6","set4_10_15642_752_NL_Str",9,0.125644096413794,10
"set4_10_15643_752_BBD_Str6","set4_10_15643_752_BBD_Str",6,0.114811589296408,10
"set4_10_15645_753_DCIS_Str6","set4_10_15645_753_DCIS_Str",10,0.12626838078673,10
"set4_10_15648_753_NL_Str6","set4_10_15648_753_NL_Str",7,0.141017962062221,10
"set4_10_15650_754_IBC_Str6","set4_10_15650_754_IBC_Str",10,0.195678834722063,10
"set4_10_15652_754_ADH_Str6","set4_10_15652_754_ADH_Str",10,0.0986544641835095,10
"set4_10_15654_754_EN_1_Str6","set4_10_15654_754_EN_1_Str",1,0.0867380510246839,10
"set4_10_15656_754_DCIS_Str6","set4_10_15656_754_DCIS_Str",10,0.13343897194321,10
"set4_10_15658_754_EN_2_Str6","set4_10_15658_754_EN_2_Str",6,0.0925963114576218,10
"set4_10_15660_755_EN_Str6","set4_10_15660_755_EN_Str",9,0.148240835165125,10
"set4_10_15662_755_DCIS_inf_1_Str6","set4_10_15662_755_DCIS_inf_1_Str",5,0.151097331116343,10
"set4_10_15664_755_IBC_Str6","set4_10_15664_755_IBC_Str",4,0.140486920159933,10
"set4_10_15666_755_DCIS_inf_2_Str6","set4_10_15666_755_DCIS_inf_2_Str",5,0.163902378078307,10
"set4_10_15668_755_NL_Str6","set4_10_15668_755_NL_Str",9,0.104188932477086,10
"set4_10_15670_756_NL_Str6","set4_10_15670_756_NL_Str",2,0.0918663004418419,10
"set4_10_15672_756_EN_1_Str6","set4_10_15672_756_EN_1_Str",9,0.148880549204424,10
"set4_10_15674_756_IBC_Str6","set4_10_15674_756_IBC_Str",4,0.110998913114774,10
"set4_10_15676_756_UDH_1_Str6","set4_10_15676_756_UDH_1_Str",2,0.099264893831169,10
"set4_10_15678_756_EN_2_Str6","set4_10_15678_756_EN_2_Str",1,0.123146593168359,10
"set4_10_15680_756_UDH_2_Str6","set4_10_15680_756_UDH_2_Str",9,0.163448701720025,10
"set4_10_15682_757_DCIS_Str6","set4_10_15682_757_DCIS_Str",1,0.0873134270664252,10
"set4_10_15684_757_IBC_Str6","set4_10_15684_757_IBC_Str",10,0.11799737780671,10
"set4_10_15686_757_NL_Str6","set4_10_15686_757_NL_Str",7,0.124786202085292,10
"set4_10_15688_757_UDH_Str6","set4_10_15688_757_UDH_Str",7,0.115653323580598,10
"set4_10_15690_757_CCC_Str6","set4_10_15690_757_CCC_Str",7,0.118810821176882,10
"set4_10_15692_757_EN_Str6","set4_10_15692_757_EN_Str",1,0.123004893013471,10
"set4_10_15694_758_DCIS_1_Str6","set4_10_15694_758_DCIS_1_Str",5,0.0973169066472365,10
"set4_10_15696_758_IBC_1_Str6","set4_10_15696_758_IBC_1_Str",5,0.115761586511706,10
"set4_10_15698_758_NL_Str6","set4_10_15698_758_NL_Str",7,0.0902361006837612,10
"set4_10_15704_758_EN_Str6","set4_10_15704_758_EN_Str",7,0.0989503636968957,10
"set4_10_15710_760_UDH_Str6","set4_10_15710_760_UDH_Str",1,0.143678610429046,10
"set4_10_15714_760_IBC_Str6","set4_10_15714_760_IBC_Str",5,0.120213621054895,10
"set4_10_15716_760_EN_1_Str6","set4_10_15716_760_EN_1_Str",1,0.105255827541685,10
"set4_10_15718_760_NL_Str6","set4_10_15718_760_NL_Str",1,0.151407511773371,10
"set4_10_15734_762_DCIS_2_Str6","set4_10_15734_762_DCIS_2_Str",5,0.156515125539625,10
"set4_10_15700_758_DCIS_2_Str6","set4_10_15700_758_DCIS_2_Str",5,0.118156735116708,10
"set4_10_15702_758_IBC_2_Str6","set4_10_15702_758_IBC_2_Str",10,0.154638996537442,10
"set4_10_15706_759_DCIS_Str6","set4_10_15706_759_DCIS_Str",10,0.0862671007393028,10
"set4_10_15708_759_IBC_Str6","set4_10_15708_759_IBC_Str",10,0.147785793837888,10
"set4_10_15712_760_EN_2_Str6","set4_10_15712_760_EN_2_Str",1,0.144000277346491,10
"set4_10_15720_761_IBC_Str6","set4_10_15720_761_IBC_Str",5,0.111290195867278,10
"set4_10_15722_761_DCIS_Str6","set4_10_15722_761_DCIS_Str",5,0.114391318269361,10
"set4_10_15724_761_EN_1_Str6","set4_10_15724_761_EN_1_Str",2,0.102031895712892,10
"set4_10_15726_761_ADH_Str6","set4_10_15726_761_ADH_Str",7,0.101094290088231,10
"set4_10_15730_762_IBC_Str6","set4_10_15730_762_IBC_Str",10,0.132213229165109,10
"set4_10_15732_762_DCIS_1_Str6","set4_10_15732_762_DCIS_1_Str",10,0.102806404293351,10
"set4_10_15736_763_IBC_Str6","set4_10_15736_763_IBC_Str",1,0.142580304422192,10
"set4_10_15738_763_ADH_Str6","set4_10_15738_763_ADH_Str",1,0.165352684312204,10
"set4_10_15740_763_NL_1_Str6","set4_10_15740_763_NL_1_Str",1,0.20442802674769,10
"set4_10_15742_763_EN_Str6","set4_10_15742_763_EN_Str",1,0.122848544510119,10
"set4_10_15746_764_IBC_Str6","set4_10_15746_764_IBC_Str",5,0.111113014084192,10
"set4_10_15748_764_DCIS_1_Str6","set4_10_15748_764_DCIS_1_Str",4,0.120258652035124,10
"set4_10_15750_764_LVI_Str6","set4_10_15750_764_LVI_Str",4,0.0872122519109941,10
"set4_10_15752_764_DCIS_2_Str6","set4_10_15752_764_DCIS_2_Str",4,0.106299052333967,10
"set4_10_15754_764_EN_Str6","set4_10_15754_764_EN_Str",9,0.161813164208439,10
"set4_10_15756_764_NL_Str6","set4_10_15756_764_NL_Str",2,0.109261996394174,10
"set4_10_15758_765_IBC_Str6","set4_10_15758_765_IBC_Str",3,0.176503471040958,10
"set4_10_15760_765_DCIS_Str6","set4_10_15760_765_DCIS_Str",3,0.149566578109124,10
"set4_10_15762_765_EN_1_Str6","set4_10_15762_765_EN_1_Str",2,0.183219178806013,10
"set4_10_15766_765_NL_Str6","set4_10_15766_765_NL_Str",8,0.120491963365673,10
"set4_10_15768_766_NL_Str6","set4_10_15768_766_NL_Str",9,0.0849398113354544,10
"set4_10_15770_766_inf_NL_Str6","set4_10_15770_766_inf_NL_Str",5,0.161705031093585,10
"set4_10_15772_766_IBC_Str6","set4_10_15772_766_IBC_Str",4,0.138174167349033,10
"set4_10_15774_766_AM_Str6","set4_10_15774_766_AM_Str",3,0.141413938265437,10
"set4_10_15776_766_EN_Str6","set4_10_15776_766_EN_Str",9,0.148550483033691,10
"set4_10_15778_767_IBC_Str6","set4_10_15778_767_IBC_Str",10,0.168068077235138,10
"set4_10_15780_767_DCIS_Str6","set4_10_15780_767_DCIS_Str",10,0.114954270849715,10
"set4_10_15782_767_AM_2_Str6","set4_10_15782_767_AM_2_Str",2,0.135164112380283,10
"set4_10_15784_767_ADH_Str6","set4_10_15784_767_ADH_Str",2,0.105919300477665,10
"set4_10_15788_767_NL_Str6","set4_10_15788_767_NL_Str",2,0.139769940799788,10
"set4_10_15790_768_IBC_Str6","set4_10_15790_768_IBC_Str",5,0.146048805173197,10
"set4_10_15792_768_NL_Str6","set4_10_15792_768_NL_Str",7,0.122035211226724,10
"set4_10_15796_768_EN_2_Str6","set4_10_15796_768_EN_2_Str",7,0.132196116043622,10
"set4_10_15798_768_EN_3_Str6","set4_10_15798_768_EN_3_Str",7,0.120673622704144,10
"set4_10_15800_769_IBC_Str6","set4_10_15800_769_IBC_Str",10,0.122467257925459,10
"set4_10_15802_769_DCIS_1_Str6","set4_10_15802_769_DCIS_1_Str",5,0.150983884579394,10
"set4_10_15806_769_EN_1_Str6","set4_10_15806_769_EN_1_Str",9,0.133717022251224,10
"set4_10_15810_769_NL_Str6","set4_10_15810_769_NL_Str",9,0.181165182574269,10
"set4_10_15812_769_EN_4_Str6","set4_10_15812_769_EN_4_Str",7,0.126492557738595,10
"set4_10_15818_769_AM_Str6","set4_10_15818_769_AM_Str",3,0.346912082584311,10
"set4_10_15786_767_AM_1_Str6","set4_10_15786_767_AM_1_Str",2,0.166979890894829,10
"set4_10_15794_768_EN_1_Str6","set4_10_15794_768_EN_1_Str",7,0.0956563278418716,10
"set4_10_15804_769_DCIS_2_Str6","set4_10_15804_769_DCIS_2_Str",5,0.158270606572281,10
"set4_10_15808_769_EN_3_Str6","set4_10_15808_769_EN_3_Str",9,0.195614326496576,10
"set4_10_15816_769_EN_6_Str6","set4_10_15816_769_EN_6_Str",9,0.209691168997997,10
"set4_10_15820_770_DCIS_Str6","set4_10_15820_770_DCIS_Str",5,0.154456719445722,10
"set4_10_15822_770_IBC_Str6","set4_10_15822_770_IBC_Str",10,0.161387086843816,10
"set4_10_15824_770_EN_1_Str6","set4_10_15824_770_EN_1_Str",7,0.128227281444453,10
"set4_10_15826_770_NL_Str6","set4_10_15826_770_NL_Str",6,0.0901670383462973,10
"set4_10_15830_771_EN_4_Str6","set4_10_15830_771_EN_4_Str",7,0.157547146473102,10
"set4_10_15836_771_DCIS_3_Str6","set4_10_15836_771_DCIS_3_Str",5,0.118118954193492,10
"set4_10_15832_771_NL_Str6","set4_10_15832_771_NL_Str",6,0.12646538735308,10
"set4_10_15834_771_EN_2_Str6","set4_10_15834_771_EN_2_Str",2,0.124011670535227,10
"set4_10_15840_771_DCIS_1_Str6","set4_10_15840_771_DCIS_1_Str",10,0.142627544460231,10
"set4_10_15844_771_IBC_Str6","set4_10_15844_771_IBC_Str",10,0.140149304253729,10
"set4_10_15728_761_EN_2_Str6","set4_10_15728_761_EN_2_Str",9,0.14187425609019,10
"set4_10_15744_763_NL_2_Str6","set4_10_15744_763_NL_2_Str",2,0.124503833070655,10
"set4_10_15764_765_EN_2_Str6","set4_10_15764_765_EN_2_Str",8,0.139991497299602,10
"set4_10_15814_769_EN_5_Str6","set4_10_15814_769_EN_5_Str",7,0.147445932462079,10
"set4_10_15828_771_EN_3_Str6","set4_10_15828_771_EN_3_Str",9,0.153936034837259,10
"set4_10_15838_771_EN_1_Str6","set4_10_15838_771_EN_1_Str",8,0.131352826550568,10
"set4_10_15842_771_DCIS_2_Str6","set4_10_15842_771_DCIS_2_Str",5,0.111003250891954,10
"set4_10_15846_772_IBC_Str6","set4_10_15846_772_IBC_Str",10,0.12209757467993,10
"set4_10_15848_772_DCIS_1_Str6","set4_10_15848_772_DCIS_1_Str",1,0.137696886609037,10
"set4_10_15850_772_DCIS_2_Str6","set4_10_15850_772_DCIS_2_Str",1,0.114810429783741,10
"set4_10_15852_772_EN_1_Str6","set4_10_15852_772_EN_1_Str",7,0.128807017152685,10
"set4_10_15854_772_EN_2_Str6","set4_10_15854_772_EN_2_Str",1,0.125119642933609,10
"set4_10_15856_772_EN_3_Str6","set4_10_15856_772_EN_3_Str",1,0.139909354045485,10
"set4_10_15858_772_EN_4_Str6","set4_10_15858_772_EN_4_Str",1,0.191737646519086,10
"set4_10_15860_772_NL_Str6","set4_10_15860_772_NL_Str",2,0.122769537231329,10
